会社名,銘柄コード,業種,優先市場,市場タイプ,決算月,都道府県,時価総額,PBR,PER(会予),PER(過去12ヶ月),PER(前年度),配当方向性,配当利回り,EPS(過去12ヶ月),EPS(予想),EPS(前年度),売上高,営業利益,営業利益率,当期純利益,純利益率,ROE,自己資本比率,負債,流動負債,流動資産,総負債,現金及び現金同等物,投資有価証券,ネットキャッシュ,ネットキャッシュ比率
日本製紙,3863,パルプ・紙,プライム（内国株式）,JP,2025-03-31,東京都,152271011840.0,0.31382415,10.927784,8.620577,5.851842936052319,0.09810001,0.011600928,152.89,120.61,197.0899995579403,1182431000000.0,19708000000.0,0.02009,4539000000.0,0.010319999,0.02888,0.2829928586022023,1192875000000.0,479192000000.0,638305000000.0,874926000000.0,185941000000.0,172984000000.0,-433481200000.0,-2.8467742793715978
三菱製紙,3864,パルプ・紙,プライム（内国株式）,JP,2025-03-31,東京都,37456142336.0,0.45425615,15.833333,11.363637,6.1103602899119425,0.19940001,0.018072288,75.24,54.0,95.28000015902849,175942000000.0,4567000000.0,-0.029690001,4343000000.0,-0.00065,-0.00107,0.40944783567143894,122937000000.0,88882000000.0,91512000000.0,72334000000.0,6239000000.0,24813000000.0,-14055900000.0,-0.3752628840928591
北越コーポレーション,3865,パルプ・紙,プライム（内国株式）,JP,2025-03-31,東京都,174458404864.0,0.64759475,10.380381,15.015928,36.130995124201675,0.34759998,0.024169184,69.06,99.9,49.840000050868056,305718000000.0,19728000000.0,0.04586,15529000000.0,0.036340002,0.04042,0.6329395868048758,153014000000.0,82005000000.0,179486000000.0,90630000000.0,27644000000.0,30608000000.0,47897600000.0,0.27455025762352253
みのや,386A,小売業,スタンダード（内国株式）,JP,2024-06-30,埼玉県,5616589824.0,1.5078095,,21.977713,,0.0,0.0,70.89,,,,,0.03603,,0.01017,,0.32541649810982043,5182736000.0,3554514000.0,3233742000.0,2247262000.0,1108145000.0,176398000.0,-1825515400.0,-0.32502202532210406
中越パルプ工業,3877,パルプ・紙,プライム（内国株式）,JP,2025-03-31,,25583439872.0,0.43660396,,35.713036,6.124215845973323,1.3155999,0.03685504,57.01,,285.81357633794113,111009000000.0,4848000000.0,-0.00296,1761000000.0,0.0028600001,-0.01107,0.4666989367288002,65948000000.0,52103000000.0,54612000000.0,37194000000.0,9005000000.0,11651000000.0,-3180300000.0,-0.1243108829739782
巴川コーポレーション,3878,化学,スタンダード（内国株式）,JP,2025-03-31,,9178609664.0,0.5601419,8.587156,16.421053,14.989175597454444,0.26299998,0.016375545,57.0,109.0,57.2748841533509,34432000000.0,1286000000.0,0.029879998,749000000.0,0.0166,0.04081,0.33065723522902335,26460000000.0,18197000000.0,21639000000.0,13882000000.0,4925000000.0,6318000000.0,-398400000.0,-0.04340526665629868
フラー,387A,情報・通信業,グロース（内国株式）,JP,2024-06-30,新潟県,2047209088.0,1.7908852,,12.5,,0.0,0.0,96.48,,,,,0.03656,,0.08274,,0.595837630976246,520762000.0,294523000.0,1137985000.0,228319000.0,886065000.0,19769000.0,631061300.0,0.30825444440387323
大王製紙,3880,パルプ・紙,プライム（内国株式）,JP,2025-03-31,,195404316672.0,0.8162329,22.32788,,42.5066479693306,23.1884,0.012378426,-20.08,52.58,26.889549605636073,668912000000.0,9808000000.0,0.05487,-11197000000.0,0.00592,0.02016,0.2671572997948234,636355000000.0,266702000000.0,360882000000.0,444637000000.0,113189000000.0,21382000000.0,-260505600000.0,-1.3331619507529975
ニッポン高度紙工業,3891,パルプ・紙,スタンダード（内国株式）,JP,2025-03-31,,45139918848.0,1.7915514,19.292315,24.56946,12.656283998928787,0.4305,0.008363202,174.2,221.85,138.95616606902362,16033765000.0,2460651000.0,0.18974,1781054000.0,0.12578,0.091529995,0.6777371261510852,11365995000.0,6768881000.0,17507454000.0,8286943000.0,4126719000.0,302683000.0,6353337100.0,0.14074764115978236
岡山製紙,3892,パルプ・紙,スタンダード（内国株式）,JP,2025-05-31,岡山県,9266623488.0,0.6711601,,12.437656,5.583858622247701,0.3118,0.0,160.4,,250.19680710870952,11522767000.0,1032592000.0,0.09794,798698000.0,0.06651,0.05661,0.7800839845409626,3649183000.0,2906595000.0,10140417000.0,38694000.0,2866006000.0,3656133000.0,9050527100.0,0.9766801372387862
ハビックス,3895,パルプ・紙,スタンダード（内国株式）,JP,2025-03-31,岐阜県,3612366080.0,0.4965601,,5.5216923,7.4751091298902725,0.1912,0.03470716,83.67,,86.88714699356538,13403100000.0,695011000.0,0.04361,672450000.0,0.05014,0.09604,0.590202881925855,5044246000.0,3912547000.0,8335434000.0,1301206000.0,2231282000.0,149601000.0,3395908700.0,0.9400787807198101
阿波製紙,3896,パルプ・紙,スタンダード（内国株式）,JP,2025-03-31,徳島県,4360847360.0,0.89172494,,,99.80769535211805,0.0,0.0,-22.28,,5.199999841384837,17124457000.0,432415000.0,0.00915,35867000.0,-0.01808,-0.007850001,0.1977941571852789,19605176000.0,9256432000.0,9247124000.0,12597418000.0,988726000.0,199818000.0,-10218179400.0,-2.343163737792464
クラウドワークス,3900,情報・通信業,グロース（内国株式）,JP,2025-09-30,東京都,10631896064.0,1.6096618,8.715954,,23.69103101599111,0.0,0.0,-16.26,77.1,57.870001481767275,22657413000.0,1759112000.0,0.00974,-257066000.0,-0.01863,-0.05367,0.42025544921575014,8944728000.0,5593074000.0,11486209000.0,3912133000.0,8090366000.0,,2541481000.0,0.2390430629401608
マークラインズ,3901,情報・通信業,プライム（内国株式）,JP,2024-12-31,東京都,21783801856.0,3.333288,11.555105,14.663235,26.541490631327534,0.4118,0.031026253,116.55,147.9,104.59000392760356,5562104000.0,2216110000.0,0.39715,1577957000.0,0.27282,0.2297,0.7559330185629242,2136433000.0,2125337000.0,6661368000.0,,6060545000.0,567243000.0,4922005100.0,0.22594793748751954
メディカル・データ・ビジョン,3902,情報・通信業,プライム（内国株式）,JP,2024-12-31,東京都,63561527296.0,20.630083,65.45809,,24.615659659745827,0.5556,0.0,-18.8,25.65,25.633659615055148,5906958000.0,3765000.0,0.13439,-791169000.0,0.04282,0.08816,0.6529723055361133,1594569000.0,1438566000.0,3111471000.0,,1347266000.0,438348000.0,1823745600.0,0.028692601917933623
ｇｕｍｉ,3903,情報・通信業,プライム（内国株式）,JP,2025-04-30,東京都,17085112320.0,0.8793067,6.6205535,5.8617673,-2.579484110956036,0.0,0.0,57.15,50.6,-150.02999954768705,8942741000.0,370823000.0,-0.094390005,2063322000.0,0.38571998,0.15724,0.7103686430947271,6004411000.0,5112234000.0,15736683000.0,4031567000.0,6077083000.0,1523345000.0,10798613500.0,0.632048142133607
カヤック,3904,情報・通信業,グロース（内国株式）,JP,2024-12-31,神奈川県,7242011136.0,1.2844759,,15.873015,21.1529764332874,0.1317,0.0,29.61,,31.579999553959173,16727784000.0,358023000.0,0.062329996,149053000.0,0.03399,0.11411,0.4317835681086279,6847753000.0,4772408000.0,8949749000.0,3268060000.0,4780097000.0,638757000.0,2549125900.0,0.3519914360982281
データセクション,3905,情報・通信業,グロース（内国株式）,JP,2025-03-31,東京都,50422448128.0,3.0790107,,,-8.707029752832499,0.0,0.0,-95.23,,-84.0700009968235,2942635000.0,-496002000.0,0.073189996,-654991000.0,-0.048600003,-0.08586001,0.5189904333309897,2193818000.0,1877443000.0,1391803000.0,1370117000.0,526039000.0,62735000.0,-758100500.0,-0.015034980016748146
シリコンスタジオ,3907,情報・通信業,スタンダード（内国株式）,JP,2024-11-30,東京都,1877564928.0,1.0796801,,6.93501,14.668641876011353,0.0,0.0,98.63,,69.28360064101187,4414000000.0,145000000.0,0.118669994,87000000.0,0.019709999,0.04977,0.5908319185059423,1205000000.0,989000000.0,2486000000.0,265000000.0,1242000000.0,138000000.0,1377600000.0,0.7337163042704641
コラボス,3908,情報・通信業,グロース（内国株式）,JP,2025-03-31,東京都,1889810176.0,1.4187769,,13.753387,-1.9403060677422586,0.0,0.0,29.52,,-177.80699949129274,1906946000.0,75494000.0,0.03659,144924000.0,0.06758,0.09264,0.7441778870611199,444044000.0,308276000.0,1513377000.0,285531000.0,1307016000.0,,1069333000.0,0.5658414869282617
ショーケース,3909,情報・通信業,スタンダード（内国株式）,JP,2024-12-31,東京都,2228901888.0,1.3126606,,8.381689,-21.419992371588403,0.0,0.0,31.02,,-14.612516875363827,6211422000.0,-165842000.0,0.01567,-742757000.0,0.27921,0.53895,0.22829970297043903,2191296000.0,1405408000.0,2994395000.0,1858347000.0,1233814000.0,42091000.0,832562700.0,0.373530438680305
エムケイシステム,3910,情報・通信業,スタンダード（内国株式）,JP,2025-03-31,大阪府,1660813184.0,2.4174817,,270.79645,-2.8461883271022996,3.5714002,0.013245033,1.13,,-123.17397310803108,3290195000.0,-23483000.0,0.084,-118568000.0,0.03618,0.18833,0.2734289352204628,1766485000.0,1210080000.0,1512994000.0,1203294000.0,606324000.0,,-253491000.0,-0.15263065252738264
Ａｉｍｉｎｇ,3911,情報・通信業,グロース（内国株式）,JP,2024-12-31,東京都,9940326400.0,1.4456556,,6.7985954,-4.5929463275415525,0.0,0.0,31.33,,-55.51991724155261,17086858000.0,-552563000.0,-0.00596,-341113000.0,0.06862,0.19429001,0.7100707610801795,2089957000.0,1857334000.0,6756540000.0,659000.0,2867502000.0,,4666583000.0,0.4694597352457159
モバイルファクトリー,3912,情報・通信業,スタンダード（内国株式）,JP,2024-12-31,東京都,8650090496.0,2.8062897,11.423186,11.890513,-4822.036607913788,0.5592,0.0,101.93,106.1,-0.12012847747048491,3317532000.0,1058348000.0,0.32771,699120000.0,0.1424,0.15043001,0.8077303913934082,811078000.0,811078000.0,3751165000.0,,3111756000.0,104552000.0,3013273400.0,0.3483516619153761
ＧｒｅｅｎＢｅｅ,3913,情報・通信業,スタンダード（内国株式）,JP,2024-12-31,東京都,2598511616.0,1.869434,,24.447845,-7.549548894781216,0.0,0.0,45.73,,-72.58711846727908,806493000.0,50960000.0,0.12752,63828000.0,0.21124001,0.15736,0.9128034677207982,113777000.0,102094000.0,1229486000.0,,932347000.0,,1115709000.0,0.4293646382529775
ＪＩＧ－ＳＡＷ,3914,情報・通信業,グロース（内国株式）,JP,2024-12-31,東京都,16466817024.0,4.89223,,39.52644,65.1098548058639,0.0,0.0,63.35,,68.72999507283457,3472875000.0,556625000.0,0.16055,478732000.0,0.11531,0.12826,0.6494918974003675,1701863000.0,1332681000.0,3392649000.0,450002000.0,1992757000.0,211773000.0,1839027100.0,0.11168078793367663
テラスカイ,3915,情報・通信業,プライム（内国株式）,JP,2025-02-28,東京都,23056146432.0,1.9234787,24.266304,21.7858,69.06554444675972,0.0,0.0,81.98,73.6,23.250000251848977,24709987000.0,1452172000.0,0.03461,1018427000.0,0.056539997,0.1267,0.5691957253407662,6630547000.0,5724761000.0,12844915000.0,205958000.0,6512437000.0,4269158000.0,9202778600.0,0.399146432693857
デジタル・インフォメーション・テクノロジー,3916,情報・通信業,プライム（内国株式）,JP,2025-06-30,東京都,31014289408.0,0.00211996,7.742647,14.245131,15.818984935642538,0.53470004,0.02,73.92,136.0,56.412708419569746,24159035000.0,3013992000.0,0.13215,2178368000.0,0.0866,0.27299,0.7162376558429586,3088897000.0,2791520000.0,9474059000.0,25100000.0,5354155000.0,563802000.0,6779823400.0,0.21860321578901545
アイリッジ,3917,情報・通信業,グロース（内国株式）,JP,2025-03-31,東京都,4872677376.0,1.5949452,38.109756,7.6979923,-3.3971051049752425,0.0,0.0,81.19,16.4,-161.90255614832037,6708400000.0,219067000.0,0.02316,13901000.0,0.08636,0.2183,0.41898448369026836,3388308000.0,2600608000.0,4555400000.0,1507500000.0,2738928000.0,97988000.0,1235683600.0,0.2535943803885447
ＰＣＩホールディングス,3918,情報・通信業,スタンダード（内国株式）,JP,2025-03-31,東京都,12058377216.0,1.2980696,8.1568365,14.771211,9.732394075958064,0.42509997,0.04194631,82.39,149.2,100.0921983992007,25084943000.0,1054911000.0,0.037550002,817590000.0,0.03683,,0.5675067409101249,6448056000.0,5438517000.0,12123167000.0,511524000.0,4085074000.0,206103000.0,5819383100.0,0.48260085049241835
アイビーシー,3920,情報・通信業,スタンダード（内国株式）,JP,2025-09-30,東京都,5385160192.0,2.4258354,,13.089289,13.596019423286366,0.162,0.012257406,74.03,,41.46000100871094,2404511000.0,565084000.0,-0.106750004,410714000.0,0.159,0.18169,0.6078888153753088,1466219000.0,1420490000.0,3033844000.0,801490000.0,2414134000.0,365723000.0,1823631100.0,0.33864008404227613
ネオジャパン,3921,情報・通信業,プライム（内国株式）,JP,2025-01-31,神奈川県,25274298368.0,3.5917552,62.822296,14.881148,14.881159510570354,0.3877,0.026734926,121.16,28.7,64.30000168087003,7263470000.0,1951179000.0,0.30043,1414109000.0,0.22105,0.27577,0.6825060189747998,2926477000.0,2514779000.0,6570121000.0,2720000.0,5396914000.0,1540928000.0,4722293600.0,0.18684172874919192
ＰＲ　ＴＩＭＥＳ,3922,情報・通信業,プライム（内国株式）,JP,2025-02-28,東京都,32353265664.0,3.6433387,19.551388,18.587158,22.364674144580388,0.0798,0.0043496625,128.96,122.6,85.66999702283213,8003435000.0,1877329000.0,0.43341,1118896000.0,0.23124,0.27369,0.8376801391560269,1337188000.0,1335681000.0,6595773000.0,2002000.0,5605260000.0,70799000.0,5308144300.0,0.16406826918577366
ラクス,3923,情報・通信業,プライム（内国株式）,JP,2025-03-31,東京都,314718650368.0,11.322419,14.612423,29.49645,88.1817705397796,0.0761,0.002637749,29.59,59.73,11.55000001076344,48904000000.0,10193000000.0,0.30884,8003000000.0,0.2083,0.51668,0.6942882416124344,9677000000.0,9462000000.0,19296000000.0,216000000.0,11368000000.0,3877000000.0,12332900000.0,0.039187064336921755
ランドコンピュータ,3924,情報・通信業,プライム（内国株式）,JP,2025-03-31,東京都,16892988416.0,2.8859365,15.949153,15.243804,11.785075250333684,0.5995,0.0,61.73,59.0,68.72835810253981,13730729000.0,1433813000.0,0.111490004,1023309000.0,0.04986,0.11999,0.7155355519769092,2353600000.0,1758309000.0,7225025000.0,,3655710000.0,136850000.0,4967220000.0,0.29404033659878404
ダブルスタンダード,3925,情報・通信業,プライム（内国株式）,JP,2025-03-31,東京都,20557600768.0,3.225622,12.518518,13.889142,14.429853100413753,0.5478,0.04018754,109.51,121.5,122.02569589294356,8000645000.0,2606352000.0,0.23687,1782293000.0,0.18139,0.21395001,0.8480916973821627,1143271000.0,1095535000.0,6402871000.0,,5346541000.0,,5259600000.0,0.25584697647145205
オープンドア,3926,情報・通信業,プライム（内国株式）,JP,2025-03-31,東京都,11319927808.0,3.221024,59.836067,,-148.6338792223972,0.0,0.0,-7.01,6.1,-5.490000020648316,2405078000.0,-102059000.0,-0.03375,-120685000.0,-0.47548,-0.29681,0.9047216537095762,457527000.0,414926000.0,2760741000.0,,2212825000.0,1625579000.0,3441119300.0,0.30398774253384353
フーバーブレイン,3927,情報・通信業,グロース（内国株式）,JP,2025-03-31,東京都,4761853952.0,2.1469154,,11.791954,134.35252182282605,0.0,0.0,75.56,,5.16551524738177,4373104000.0,187401000.0,0.053039998,109457000.0,-0.123009995,-0.10938,0.27440037999962885,3874595000.0,1830860000.0,3326249000.0,363002000.0,1522935000.0,135802000.0,-453284600.0,-0.09519078169325593
マイネット,3928,情報・通信業,スタンダード（内国株式）,JP,2024-12-31,東京都,2565708288.0,1.6880486,3.6014404,20.202019,16.58644098884686,0.0,0.0,14.85,83.3,17.001839043687788,8846312000.0,428355000.0,0.0356,245634000.0,0.03049,0.1542,0.28810631954039706,3323032000.0,1827784000.0,3927392000.0,2390000000.0,2389452000.0,245759000.0,776391300.0,0.30260310715416766
ソーシャルワイヤー,3929,情報・通信業,グロース（内国株式）,JP,2025-03-31,,3618002944.0,2.1096182,23.059702,19.458439,-10.605703260528077,0.0,0.0,15.88,13.4,-24.515111691617715,2905402000.0,136976000.0,0.097799994,170042000.0,0.05643,0.11572,0.6119803864720121,945865000.0,781930000.0,1941315000.0,194201000.0,1411601000.0,58606000.0,1036474200.0,0.2864768813189777
はてな,3930,情報・通信業,グロース（内国株式）,JP,2024-07-31,東京都,2806929152.0,0.9953644,,12.150136,36.46278376515103,0.0,0.0,77.53,,21.089996994002544,,,0.00457,,0.04631,0.06322,0.8797925049618827,349705000.0,310228000.0,2278977000.0,,1504887000.0,193940000.0,2065030000.0,0.7356901040871017
バリューゴルフ,3931,情報・通信業,グロース（内国株式）,JP,2025-01-31,東京都,2887280896.0,2.5894897,13.485232,161.25127,75.99801542122935,2.5432,0.015634771,9.91,118.5,12.557497776466688,4127574000.0,90029000.0,0.01232,5519000.0,-0.00045000002,-0.0017499999,0.42486339262144546,1522914000.0,1329577000.0,2193840000.0,943229000.0,885625000.0,67979000.0,718511300.0,0.2488539653330633
アカツキ,3932,情報・通信業,プライム（内国株式）,JP,2025-03-31,東京都,44420587520.0,1.0312792,14.804133,21.231129,23.61579726055946,0.759,0.018092105,145.07,208.05,101.07000015615628,23652000000.0,3916000000.0,0.20358999,1646000000.0,0.15695,0.090579994,0.7584748865133988,13178000000.0,7378000000.0,41252000000.0,6100000000.0,28377000000.0,11375000000.0,36036500000.0,0.8112567170295725
チエル,3933,情報・通信業,スタンダード（内国株式）,JP,2025-03-31,東京都,5064802304.0,1.6660606,12.486188,9.931156,13.167140274644124,0.1758,0.017725259,68.27,54.3,46.760001242723106,6896797000.0,677929000.0,0.0664,423814000.0,0.057940003,0.20952,0.29185714383959965,6773624000.0,4202144000.0,6222115000.0,2670122000.0,3135963000.0,977249000.0,132565300.0,0.026173835037017073
ベネフィットジャパン,3934,情報・通信業,スタンダード（内国株式）,JP,2025-03-31,大阪府,12504270848.0,1.4879007,,13.5873375,9.601695770599537,0.2744,0.02033097,156.69,,123.45000029397016,12745109000.0,1220502000.0,0.08579001,830895000.0,0.058909997,0.11776,0.6694411916209515,3920920000.0,2549537000.0,11045268000.0,1981202000.0,4229774000.0,5524000.0,7128214800.0,0.5700624120070243
エディア,3935,情報・通信業,スタンダード（内国株式）,JP,2025-02-28,東京都,4539810816.0,3.1870465,45.294117,14.663874,17.594893762456493,0.13319999,0.009234829,52.51,17.0,21.350001088276898,3607053000.0,262858000.0,0.06034,234016000.0,0.08731,0.29885998,0.45744545634389117,1626336000.0,1135087000.0,2700488000.0,923304000.0,1767927000.0,5000000.0,1077652000.0,0.23737817360184904
グローバルウェイ,3936,情報・通信業,グロース（内国株式）,JP,2025-03-31,東京都,5081893888.0,6.678198,1.5795455,62.612614,-28.14863504752914,0.0,0.0,2.22,88.0,-5.470957996363592,3071643000.0,-261140000.0,0.0061500003,-320046000.0,0.01765,0.1157,0.4044471499673344,596616000.0,596615000.0,1601276000.0,241640000.0,559007000.0,119968000.0,1088637600.0,0.21421887666144043
Ｕｂｉｃｏｍホールディングス,3937,情報・通信業,プライム（内国株式）,JP,2025-03-31,東京都,12232349696.0,2.1185818,9.748793,12.453715,27.789679119087683,0.3085,0.04032258,81.02,103.5,44.149999047592594,6340989000.0,1315570000.0,0.22555,858398000.0,0.15455,0.16533001,0.7117534978500474,2268617000.0,1771613000.0,6604056000.0,407479000.0,4860452000.0,352449000.0,4582153300.0,0.37459305970449586
カナミックネットワーク,3939,情報・通信業,プライム（内国株式）,JP,2025-09-30,東京都,26243885056.0,5.660879,19.892086,23.582088,27.892802074060125,0.3202,0.014071294,23.45,27.8,19.37999984959255,5500786000.0,1606662000.0,0.31131,1111528000.0,0.20833999,0.28059,0.7106596719134449,1892933000.0,1359996000.0,3756413000.0,657677000.0,3327111000.0,21858000.0,1878780600.0,0.07158927102412622
ノムラシステムコーポレーション,3940,情報・通信業,スタンダード（内国株式）,JP,2024-12-31,,6736264192.0,1.9109697,2.728972,16.898148,13.860961560328256,0.3762,0.0,8.64,53.5,7.790000000649863,3275015000.0,514507000.0,0.18486999,366050000.0,0.12139,0.118999995,0.8782494562668206,450351000.0,431633000.0,3480335000.0,,2854150000.0,,3029984000.0,0.44980183580068234
レンゴー,3941,パルプ・紙,プライム（内国株式）,JP,2025-03-31,大阪府,387073015808.0,0.7900486,9.917381,18.31573,8.191589187183892,0.4106,0.02290576,85.2,157.35,133.32640668503166,993251000000.0,37410000000.0,0.049829997,28979000000.0,0.03241,0.06878,0.3732298514378385,742872000000.0,411479000000.0,469481000000.0,448527000000.0,80563000000.0,156961000000.0,-163518300000.0,-0.4224482031088162
大石産業,3943,パルプ・紙,スタンダード（内国株式）,JP,2025-03-31,福岡県,11657600000.0,0.6157725,,14.620229,7.482446383951709,0.45259997,0.024096385,101.64,,137.51163845569135,23485000000.0,904000000.0,0.03306,944000000.0,0.02609,0.03232,0.699010939607373,7970000000.0,6310000000.0,15506000000.0,641000000.0,7441000000.0,1528000000.0,8605600000.0,0.7381965413121054
古林紙工,3944,パルプ・紙,スタンダード（内国株式）,JP,2024-12-31,大阪府,2994497280.0,0.29951045,,8.333333,5.6313490985653365,0.15439999,0.0,323.88,,396.7201359701328,18101971000.0,189161000.0,0.02384,248316000.0,0.01763,0.028099999,0.45423282634251433,10410398000.0,8025384000.0,9352430000.0,3637525000.0,2078312000.0,4658476000.0,2202965200.0,0.7356711307481969
スーパーバッグ,3945,パルプ・紙,スタンダード（内国株式）,JP,2025-03-31,東京都,3965708288.0,0.7690677,,4.1033998,4.287773650886236,0.1383,0.033860046,650.68,,570.7619606266518,27579000000.0,904000000.0,0.04531,976000000.0,0.02955,0.16635,0.323013698630137,9873000000.0,7356000000.0,10173000000.0,3133000000.0,2834000000.0,1483000000.0,1338100000.0,0.3374176572818056
トーモク,3946,パルプ・紙,プライム（内国株式）,JP,2025-03-31,東京都,61038583808.0,0.6232694,6.6690702,8.257638,7.671673211361527,0.2678,0.033103447,448.07,554.8,322.9900063557472,219613000000.0,9360000000.0,0.060300004,6508000000.0,0.03418,0.080649994,0.44835972440468996,113454000000.0,53497000000.0,89483000000.0,67663000000.0,21002000000.0,11012000000.0,-16262600000.0,-0.2664314763782011
ダイナパック,3947,パルプ・紙,スタンダード（内国株式）,JP,2024-12-31,愛知県,24805855232.0,0.53367937,,10.287932,8.610630597675806,0.283,0.0,247.28,,161.54000429264585,62530539000.0,1734848000.0,0.03241,2987110000.0,0.04737,0.068280004,0.5992186065860675,30490920000.0,23727903000.0,27504632000.0,3566266000.0,3921357000.0,21481996000.0,12051109200.0,0.48581712209840894
光ビジネスフォーム,3948,パルプ・紙,スタンダード（内国株式）,JP,2024-12-31,東京都,6814786048.0,1.185204,,40.164715,6.095995595685056,1.2674,0.011838989,31.57,,132.7014890633604,7915177000.0,178553000.0,0.0196,161246000.0,0.01466,0.01607,0.8411287780247736,1763336000.0,1298949000.0,5260735000.0,186837000.0,3810363000.0,1325061000.0,4424941700.0,0.6493148381816961
ザ・パック,3950,パルプ・紙,プライム（内国株式）,JP,2024-12-31,大阪府,74371489792.0,0.9705188,,12.5,3.457421687610764,0.38599998,0.0,107.04,,333.3400008370444,,,0.09292,,0.05841,0.07954,0.7210819811795686,28810000000.0,27766000000.0,60043000000.0,82000000.0,15167000000.0,8058000000.0,36873600000.0,0.4958028957484515
朝日印刷,3951,パルプ・紙,スタンダード（内国株式）,JP,2025-03-31,富山県,18339917824.0,0.5552644,,13.986445,11.244416162181917,0.5852,0.022222223,64.92,,75.32972322503008,43945035000.0,2076099000.0,0.02175,1704990000.0,0.03198,0.04196,0.4864229464649583,34890843000.0,14419218000.0,29578160000.0,21535819000.0,10271943000.0,4615632000.0,-2081740600.0,-0.11350872015772016
大村紙業,3953,パルプ・紙,スタンダード（内国株式）,JP,2025-03-31,,3109330944.0,0.6336294,,,10.645457884042116,0.50560004,0.0,-26.71,,69.80679584386408,5939115000.0,276249000.0,0.07581,-109789000.0,-0.0111,-0.01316,0.7096138153337362,1997052000.0,1218418000.0,4539299000.0,227050000.0,2758312000.0,237097000.0,2708214900.0,0.8709960273691599
昭和パックス,3954,パルプ・紙,スタンダード（内国株式）,JP,2025-03-31,東京都,13784619008.0,0.5484451,,11.560695,8.514575273160226,0.1472,0.006369427,271.61,,216.74002044086137,23316657000.0,1377754000.0,0.06604,1320253000.0,0.0533,0.050100002,0.7024467595358483,9105317000.0,7075041000.0,19260696000.0,1211650000.0,8943586000.0,5806011000.0,14219586700.0,1.0315545675761921
イムラ,3955,パルプ・紙,スタンダード（内国株式）,JP,2025-01-31,大阪府,9508447232.0,0.54396164,,8.718371,12.322110816222887,0.2751,0.031847134,109.08,,94.09999937596842,20904000000.0,1309000000.0,-0.019550001,771000000.0,0.0463,0.053200003,0.7104620787118324,6595000000.0,5801000000.0,8513000000.0,2190000000.0,2817000000.0,960000000.0,2590000000.0,0.27238937513199213
笹徳印刷,3958,パルプ・紙,スタンダード（内国株式）,JP,2024-06-30,愛知県,3211658240.0,0.33818722,,13.585694,7.860613252273021,0.41830003,0.017271157,43.06,,71.28462670334592,,,0.03085,,0.01947,0.02542,0.6140409685625179,5949291000.0,4447460000.0,6191462000.0,983234000.0,1742918000.0,3863421000.0,2946565700.0,0.9174592935517323
シルバーエッグ・テクノロジー,3961,情報・通信業,グロース（内国株式）,JP,2024-12-31,大阪府,2271341824.0,1.8300302,,,38.461533502538074,0.0,0.0,-5.26,,19.89000256449779,1229202000.0,65781000.0,0.12384,30304000.0,0.0072500003,0.0073400005,0.9334306041635859,101287000.0,101286000.0,1401869000.0,,1179431000.0,,1300582000.0,0.5726051386266376
チェンジホールディングス,3962,情報・通信業,プライム（内国株式）,JP,2025-03-31,東京都,69509365760.0,1.4710366,7.449664,9.940298,21.693017345269148,0.2079,0.020605128,100.5,134.1,57.93122196547506,46387000000.0,12553000000.0,0.41856998,7532000000.0,0.11715,0.12335,0.3936826033018418,55117000000.0,23411000000.0,49820000000.0,34468000000.0,30185000000.0,7460000000.0,-75000000.0,-0.0010789912867131878
シンクロ・フード,3963,情報・通信業,プライム（内国株式）,JP,2025-03-31,東京都,14946699264.0,3.1547234,27.474228,31.650831,22.330363175768014,0.8918,0.027422303,16.84,19.4,26.289999941384302,3951497000.0,1097202000.0,0.06531,659265000.0,0.07081,0.065630004,0.8687640859239526,804565000.0,772575000.0,5683214000.0,,4997759000.0,14952000.0,4889115400.0,0.32710334995337204
オークネット,3964,情報・通信業,プライム（内国株式）,JP,2024-12-31,東京都,110506057728.0,4.1958065,13.7839365,15.873119,13.778776589671736,0.32580003,0.025206432,153.53,176.8,93.95500046846627,,,0.08879,,0.09233,0.22962,0.5880695689017341,17874414000.0,14510828000.0,33537302000.0,,16980692000.0,2491497000.0,17406935900.0,0.15752019624883817
キャピタル・アセット・プランニング,3965,情報・通信業,スタンダード（内国株式）,JP,2025-09-30,大阪府,4918632448.0,1.3218586,5.497752,12.239061,27.394841274953645,0.2573,0.020881671,69.94,155.7,27.34907065849751,9689408000.0,530589000.0,0.07211,401823000.0,0.0507,0.13945,0.5710219050648309,2700410000.0,1956921000.0,4677662000.0,1411294000.0,1768686000.0,920901000.0,2621882700.0,0.5330511534900524
エルテス,3967,情報・通信業,グロース（内国株式）,JP,2025-02-28,東京都,3852169216.0,1.9023074,,,21.426896673947347,0.0,0.0,-124.72,,42.609996860166106,7317064000.0,93326000.0,0.00082,-860379000.0,-0.093310006,-0.34704,0.2496687045708815,5515064000.0,3079285000.0,4067543000.0,4213233000.0,2517438000.0,417970000.0,-1154942000.0,-0.29981600891335297
セグエグループ,3968,情報・通信業,プライム（内国株式）,JP,2024-12-31,東京都,18935681024.0,3.947538,7.5616837,34.733334,15.41887925831116,0.7995,0.024952015,15.0,68.9,19.43999991523641,18717665000.0,720214000.0,0.05807,507691000.0,0.047509998,0.32437,0.22318795931375893,10440082000.0,8312907000.0,10795910000.0,2310874000.0,3909297000.0,323047000.0,581960900.0,0.030733560586619225
エイトレッド,3969,情報・通信業,スタンダード（内国株式）,JP,2025-03-31,東京都,10646819840.0,1.9665331,,15.290322,14.426642064808904,0.35459998,0.0,93.0,,95.3306402981616,2766310000.0,1058199000.0,0.37963,728342000.0,0.25847,0.14345,0.8196248124876149,1130517000.0,1044109000.0,5435933000.0,,4991470000.0,,4305416000.0,0.4043851652138034
イノベーション,3970,情報・通信業,グロース（内国株式）,JP,2025-03-31,東京都,2556472064.0,0.8657256,41.746727,,12.989123179480615,1.5828999,0.04214963,-85.18,22.9,94.18999401768961,5343785000.0,351871000.0,-0.06325,67478000.0,-0.060960002,-0.10776,0.4069606249858803,4254477000.0,3748294000.0,4975920000.0,2600707000.0,3576474000.0,104358000.0,794493600.0,0.31077734475881214
ＳＣＡＴ,3974,情報・通信業,スタンダード（内国株式）,JP,2025-10-31,栃木県,1838707072.0,0.9023411,,13.42328,10.506331710035047,0.3199,0.024013722,43.73,,35.86592502690598,2605272000.0,193040000.0,0.06989,125510000.0,0.04798,0.062750004,0.6715194088827021,997227000.0,482803000.0,1615947000.0,116840000.0,1240234000.0,69750000.0,667545000.0,0.36305130391101254
シャノン,3976,情報・通信業,グロース（内国株式）,JP,2024-10-31,東京都,2400008192.0,2.4333677,,,-3.4732756385372934,0.0,0.0,-36.94,,-145.68380188020225,3206743000.0,-51624000.0,0.08387999,-101613000.0,-0.00863,,-0.024219606339209082,2222026000.0,986827000.0,1376156000.0,1388457000.0,763133000.0,188896000.0,-713642800.0,-0.29735015171148216
うるる,3979,情報・通信業,グロース（内国株式）,JP,2025-03-31,東京都,10600468480.0,3.058739,2.7854545,15.898713,15.383466740039529,0.1037,0.0065104165,24.09,137.5,26.026699062110833,6701255000.0,762924000.0,0.13493,458072000.0,0.09243,0.21598,0.4852073755535968,3212707000.0,3044453000.0,4258667000.0,158329000.0,3405101000.0,515150000.0,1406565000.0,0.13268894697001166
ビーグリー,3981,情報・通信業,スタンダード（内国株式）,JP,2024-12-31,東京都,7298302976.0,0.90516245,,7.1327143,9.9368974830999,0.12560001,0.0,183.1,,114.11000425343731,18446924000.0,1786902000.0,0.09076,1303525000.0,0.04085,0.08785,0.43288330794965824,9808045000.0,8023044000.0,8579904000.0,4805000000.0,5118725000.0,,-1228141000.0,-0.16827761248589743
オロ,3983,情報・通信業,プライム（内国株式）,JP,2024-12-31,東京都,31105708032.0,3.0033057,13.699383,17.482702,22.318885408497778,0.3064,0.025290845,114.17,145.7,113.89705952583112,7899305000.0,2720443000.0,0.34271,2072900000.0,0.2283,0.18371001,0.7567046921513351,3308559000.0,2986612000.0,12455265000.0,335829000.0,9903123000.0,,9146706000.0,0.2940523324719156
ユーザーローカル,3984,情報・通信業,プライム（内国株式）,JP,2025-06-30,東京都,26404218880.0,2.8164492,16.457087,16.00039,27.581526660743116,0.23290001,0.0,103.06,100.2,73.57000207392224,4581996000.0,1971441000.0,0.46019,1429454000.0,0.33226,0.19016,0.8724235638729109,1272107000.0,1272105000.0,9232241000.0,,8545796000.0,60313000.0,8002353100.0,0.30307100302298356
テモナ,3985,情報・通信業,スタンダード（内国株式）,JP,2025-09-30,東京都,2246937600.0,2.903199,-15.909091,30.567686,-5.482734614847095,0.0,0.0,6.87,-13.2,-36.84292860956457,1832558000.0,155918000.0,0.030769998,73467000.0,0.0319,0.07764,0.432937331625668,998526000.0,605548000.0,1502497000.0,714447000.0,1231502000.0,2250000.0,505546000.0,0.22499334204919622
ビーブレイクシステムズ,3986,情報・通信業,グロース（内国株式）,JP,2025-06-30,東京都,2332766208.0,0.44999346,,25.978647,18.993025057634558,0.3052,0.0,19.67,,29.889159054566164,,,0.1185,,0.06622,0.052449998,,,,,,,,,
エコモット,3987,情報・通信業,グロース（内国株式）,JP,2025-08-31,北海道,2681648640.0,3.343706,,,-32.98355944237972,0.0,0.0,-6.7,,-13.127752350574072,3003786000.0,49622000.0,-0.04639,-35039000.0,-0.00361,-0.012209999,0.306451883927598,1774782000.0,1403460000.0,1916190000.0,1079196000.0,333366000.0,163497000.0,255855900.0,0.09540992663378899
ＳＹＳホールディングス,3988,情報・通信業,スタンダード（内国株式）,JP,2025-07-31,愛知県,5772443136.0,1.5389066,,13.604767,13.28260453115213,0.1737,0.012589928,40.28,,45.10727918411773,14051094000.0,705230000.0,0.02555,423426000.0,0.02765,0.111499995,0.47420386785909985,4160629000.0,2558663000.0,6326114000.0,1931650000.0,4225256000.0,122961000.0,2251557700.0,0.39005281593128194
シェアリングテクノロジー,3989,情報・通信業,グロース（内国株式）,JP,2025-09-30,愛知県,29531185152.0,6.4633727,20.430464,20.876331,13.135350520811686,0.6761,0.032706458,59.11,60.4,63.24925597871285,8579864000.0,2074043000.0,0.23506,1413204000.0,0.16313,0.34599,0.6933173030640546,2237269000.0,2024888000.0,6397106000.0,311751000.0,5431008000.0,147227000.0,4262895900.0,0.1443523474611142
ウォンテッドリー,3991,情報・通信業,グロース（内国株式）,JP,2025-08-31,東京都,10736449536.0,2.1870954,10.226244,9.9105425,10.800016630082446,0.1754,0.018034264,114.02,110.5,109.12627194249195,4908830000.0,1644848000.0,0.29659,1083381000.0,0.22066,0.24302,0.6859959861765328,2247723000.0,2247720000.0,6675781000.0,,6237144000.0,320000.0,4428282000.0,0.41245310986203476
ニーズウェル,3992,情報・通信業,プライム（内国株式）,JP,2025-09-30,東京都,20637790208.0,4.485818,,23.250853,14.594735209874951,0.51240003,0.022514071,23.44,,21.151463713994726,10032902000.0,1155859000.0,0.16063,887114000.0,0.09182999,0.21145001,0.731261939880194,1740309000.0,1591329000.0,5084111000.0,30304000.0,2760544000.0,381101000.0,3610572700.0,0.17494957859395252
ＰＫＳＨＡ　Ｔｅｃｈｎｏｌｏｇｙ,3993,情報・通信業,プライム（内国株式）,JP,2025-09-30,東京都,106058260480.0,3.0755792,37.322403,39.525463,52.12527913026319,0.0,0.0,86.4,91.5,67.05000065833418,21771392000.0,5288742000.0,0.16937,2683075000.0,0.08677,,0.6342534115646205,19668760000.0,14429714000.0,24905758000.0,10880383000.0,19358045000.0,4109477000.0,8113631900.0,0.07650164978455434
マネーフォワード,3994,情報・通信業,プライム（内国株式）,JP,2024-11-30,東京都,176509190144.0,4.025028,448.03372,111.111115,-38.73796422190268,0.0,0.0,28.71,7.12,-116.32000004409835,,,-0.04479,,0.031519998,0.0434,0.3525354592706478,61516149000.0,39531157000.0,66330950000.0,35444869000.0,45251551000.0,18759720000.0,17946605000.0,0.10167518748093951
サインポスト,3996,情報・通信業,スタンダード（内国株式）,JP,2025-02-28,東京都,3454211584.0,1.9179405,,22.78481,60.298508188446874,0.0,0.0,11.85,,10.049999879036957,3023515000.0,200016000.0,0.03388,257171000.0,0.0312,0.053579997,0.6222640118554021,1094521000.0,582155000.0,2176703000.0,511634000.0,1718273000.0,7193000.0,1087217100.0,0.31475115914613294
トレードワークス,3997,情報・通信業,スタンダード（内国株式）,JP,2024-12-31,東京都,20685500416.0,11.603214,10.018904,,-56.724419391210034,0.4806,0.0,-0.48,52.9,-1.6211348217484691,4591524000.0,-55268000.0,0.0941,-151690000.0,0.011080001,0.03556,0.4402629088970883,1625631000.0,1117816000.0,1730324000.0,848150000.0,804142000.0,233910000.0,268430000.0,0.01297672256419634
すららネット,3998,情報・通信業,グロース（内国株式）,JP,2024-12-31,東京都,2094735360.0,0.9564526,5.5518394,18.485525,9.890668528564246,0.0,0.0,17.96,59.8,46.30627329965575,1947983000.0,211519000.0,0.02464,72896000.0,-0.00155,-0.00358,0.8504899469856125,373675000.0,362357000.0,1446639000.0,0.0,1061132000.0,,1072964000.0,0.5122193573893745
レゾナック・ホールディングス,4004,化学,プライム（内国株式）,JP,2024-12-31,東京都,2159125987328.0,3.0883908,47.875114,74.07178,-75.64950295154209,0.405,0.005689278,161.06,249.19,-35.91347358252363,1391480000000.0,89036000000.0,0.06985,73503000000.0,0.02155,0.0448,0.3059044676810459,1480620000000.0,495173000000.0,886548000000.0,1023706000000.0,294656000000.0,23640000000.0,-577524000000.0,-0.26748045430860096
住友化学,4005,化学,プライム（内国株式）,JP,2025-03-31,東京都,932822581248.0,0.9057234,14.626444,10.989584,-1.6605942724293707,0.2316,0.021617727,51.84,38.95,-190.68555271281045,2606281000000.0,172394000000.0,0.15158,38591000000.0,0.04044,0.12083,0.261874001390785,2365369000000.0,1038747000000.0,1583134000000.0,1286128000000.0,209838000000.0,177405000000.0,-658051500000.0,-0.7054412202582074
住友精化,4008,化学,プライム（内国株式）,JP,2025-03-31,大阪府,92968280064.0,0.933255,,15.873015,10.346347192139781,0.4443,0.028328612,450.45,,459.009984099912,147571000000.0,10715000000.0,0.10384,5961000000.0,0.027579999,0.040710002,0.6663652036288613,47220000000.0,40520000000.0,80122000000.0,18863000000.0,16863000000.0,1198000000.0,33740600000.0,0.36292593534883877
ヘッドウォータース,4011,情報・通信業,グロース（内国株式）,JP,2024-12-31,東京都,10770845696.0,8.1851015,42.345036,104.15136,235.72691248249225,0.0,0.0,27.22,66.95,16.989998968817176,2905981000.0,307954000.0,0.10935,272787000.0,0.01487,0.057930004,0.7037699651408474,527795000.0,527793000.0,1459812000.0,,843233000.0,95042000.0,998546400.0,0.09270826341619888
アクシス,4012,情報・通信業,スタンダード（内国株式）,JP,2024-12-31,東京都,7036408320.0,1.7330549,11.008011,11.847967,11.690227110594064,0.2587,0.0,139.18,149.8,107.2799894768271,7434787000.0,790053000.0,0.077870004,597778000.0,0.066599995,,0.7466947112236823,1208996000.0,912443000.0,4225955000.0,,3023036000.0,,3016959000.0,0.428764060127767
勤次郎,4013,情報・通信業,グロース（内国株式）,JP,2024-12-31,東京都,14600678400.0,1.4255304,,19.378428,23.41823767753984,0.222,0.013495277,38.29,,19.000927282753466,4376654000.0,729856000.0,0.25108,461849000.0,0.18864,0.103269994,0.7312366828589784,3444017000.0,1200116000.0,5226459000.0,2175989000.0,4231349000.0,50987000.0,1818132900.0,0.12452386458974399
カラダノート,4014,情報・通信業,グロース（内国株式）,JP,2024-07-31,東京都,3002546176.0,5.852298,58.31169,,-12.88048881216137,0.0,0.0,-11.09,7.7,-59.85797676187917,2193966000.0,100677000.0,0.15640001,114890000.0,-0.00483,-0.012,0.34049994061889594,683033000.0,477829000.0,926393000.0,300000000.0,483476000.0,,243360000.0,0.0810512097849582
ペイクラウドホールディングス,4015,情報・通信業,グロース（内国株式）,JP,2025-08-31,東京都,7698812416.0,1.6747463,,54.62754,116.5085391036966,0.0,0.0,8.86,,5.269999990760496,10234033000.0,731431000.0,0.058769997,143755000.0,0.01283,0.029509999,0.48145044963760225,4879390000.0,3873686000.0,6143599000.0,1772490000.0,4373643000.0,32439000.0,1286916300.0,0.16715776803776589
ＭＩＴホールディングス,4016,情報・通信業,スタンダード（内国株式）,JP,2024-11-30,千葉県,1837050624.0,2.5546315,,13.054536,27.611224609559937,0.2684,0.028353326,70.78,,23.429996943313252,5240301000.0,197340000.0,-0.01939,124639000.0,0.01837,0.13574,0.27179353446264215,1778771000.0,1037863000.0,1841058000.0,1113903000.0,988587000.0,19057000.0,75626900.0,0.04116756447099413
クリーマ,4017,情報・通信業,グロース（内国株式）,JP,2025-02-28,東京都,1604133504.0,1.4825612,15.354838,17.208965,26.053310071642468,0.0,0.0,13.83,15.5,11.630000148418688,2507008000.0,103127000.0,-0.06822,103017000.0,0.01607,0.03765,0.3283398777452372,2261305000.0,2076162000.0,3076699000.0,325506000.0,2440590000.0,,815394000.0,0.5083080666084012
スタメン,4019,情報・通信業,グロース（内国株式）,JP,2024-12-31,愛知県,5790754304.0,3.7720537,29.864252,25.384615,56.56335634133339,0.1537,0.0,26.0,22.1,14.290000762963624,2692572000.0,224669000.0,0.1279,137345000.0,0.05449,0.14439,0.6213592950332687,819965000.0,783580000.0,1323302000.0,6680000.0,1137780000.0,33151000.0,526542700.0,0.09092817141909947
ビートレンド,4020,情報・通信業,グロース（内国株式）,JP,2024-12-31,東京都,1539211264.0,1.9780749,,,24.75016246469296,0.0,0.0,-3.07,,30.02000496198429,1155773000.0,80142000.0,-0.1322,60444000.0,-0.087139994,-0.12154,0.8877256952291984,111773000.0,111770000.0,807959000.0,,597895000.0,,696186000.0,0.45230048420435676
日産化学,4021,化学,プライム（内国株式）,JP,2025-03-31,東京都,953582551040.0,3.9530704,22.039944,21.367369,19.94758663916207,0.5226,0.024635425,332.61,322.46,272.8199999519393,251365000000.0,56833000000.0,0.23549,43043000000.0,0.17052999,0.19723,0.7053086348835873,94584000000.0,79218000000.0,210352000000.0,40474000000.0,27454000000.0,24353000000.0,132815100000.0,0.13928012824390365
ラサ工業,4022,化学,プライム（内国株式）,JP,2025-03-31,東京都,80571334656.0,2.6643596,30.29947,19.19393,8.517236245647696,0.2531,0.01328125,537.67,340.6,301.4841830917747,45421000000.0,4737000000.0,0.13151,3131000000.0,0.09228,0.15564999,0.6081417164797766,17962000000.0,11004000000.0,23581000000.0,8338000000.0,5054000000.0,3234000000.0,7882800000.0,0.09783628425240418
クレハ,4023,化学,プライム（内国株式）,JP,2025-03-31,東京都,187465646080.0,1.0291673,26.086264,25.1255,14.881297581036504,0.78339994,0.008975155,195.22,188.03,172.73000013645918,162015000000.0,9453000000.0,0.12072,7800000000.0,0.062989995,0.050380003,0.6063516151266443,134159000000.0,55433000000.0,104774000000.0,80531000000.0,21500000000.0,24696000000.0,-12097800000.0,-0.06453342387243222
多木化学,4025,化学,プライム（内国株式）,JP,2024-12-31,兵庫県,32520286208.0,0.7583221,,12.315271,20.61028436698387,0.1579,0.015686275,316.68,,156.7981539445663,38916000000.0,2669000000.0,0.07034,2299000000.0,0.07807,0.080970004,0.6486250470874285,20444000000.0,10489000000.0,27274000000.0,1216000000.0,7458000000.0,13649000000.0,16384300000.0,0.5038178291299742
神島化学工業,4026,ガラス・土石製品,スタンダード（内国株式）,JP,2025-04-30,大阪府,18081904640.0,4.4859424,9.480705,11.862185,8.218049908557582,0.2682,0.0031496063,167.76,209.9,178.12000274436744,27405000000.0,1793000000.0,0.02612,1433000000.0,0.02259,0.096420005,0.42178907292310697,17769000000.0,13493000000.0,11806000000.0,8927000000.0,1439000000.0,418000000.0,-5670400000.0,-0.31359528284737154
テイカ,4027,化学,プライム（内国株式）,JP,2025-03-31,大阪府,41598021632.0,0.68109,8.486964,17.30094,18.09451558489866,0.36029997,0.02258611,105.37,214.8,80.57342717733927,55737000000.0,3526000000.0,0.00324,2422000000.0,0.02755,0.02624,0.6659346878714132,28948000000.0,16673000000.0,49963000000.0,12534000000.0,14092000000.0,12235000000.0,29579500000.0,0.7110794898295225
石原産業,4028,化学,プライム（内国株式）,JP,2025-03-31,大阪府,149960458240.0,1.2416545,15.971968,11.248529,7.78325698583581,0.32990003,0.03006536,348.49,245.43,209.2578524087706,145196000000.0,10483000000.0,0.117580004,8410000000.0,0.109689996,0.14339,0.5076566991119384,110650000000.0,46667000000.0,154830000000.0,68941000000.0,24948000000.0,11488000000.0,52221600000.0,0.34823579904259433
アクセルスペースホールディングス,402A,輸送用機器,グロース（内国株式）,JP,2025-05-31,東京都,49925279744.0,5.708343,,,,0.0,0.0,-75.12,,,1586835000.0,-2495052000.0,-4.40234,-1950803000.0,0.0,,0.3179567728302803,6495187000.0,1545491000.0,9396800000.0,5337939000.0,5006833000.0,,2901613000.0,0.058119113500785434
片倉コープアグリ,4031,化学,スタンダード（内国株式）,JP,2025-03-31,東京都,9038791680.0,0.40059727,,,-14.895965074440413,0.5116,0.019588638,-88.19,,-70.28624463607177,41369000000.0,651000000.0,0.01676,350000000.0,-0.019340001,-0.03565,0.4753862738052461,26231000000.0,21949000000.0,29878000000.0,14851000000.0,2105000000.0,1100000000.0,4417000000.0,0.48867151234090617
南海化学,4040,化学,スタンダード（内国株式）,JP,2025-03-31,大阪府,7955942912.0,0.74485916,,7.930262,8.273783507565408,0.12109999,0.009234829,495.57,,575.0100055713405,20900000000.0,1306000000.0,0.076290004,1015000000.0,0.12445,0.27906,0.3737261359085043,13969000000.0,9837000000.0,9505000000.0,5639000000.0,1703000000.0,,-4464000000.0,-0.5610899989323603
日本曹達,4041,化学,プライム（内国株式）,JP,2025-03-31,東京都,224394280960.0,1.1427176,16.469246,14.881058,9.418627613405407,0.533,0.03649635,281.23,254.11,298.7150004272495,155199000000.0,16063000000.0,0.11372,15011000000.0,0.09671,0.077259995,0.6483337209342687,99997000000.0,61910000000.0,129643000000.0,50238000000.0,22267000000.0,63328000000.0,73975600000.0,0.32966793843193676
東ソー,4042,化学,プライム（内国株式）,JP,2025-03-31,東京都,844720701440.0,1.0545658,12.360745,21.505672,10.602370072709393,0.7874,0.037160907,126.92,220.82,180.0400000110554,1063382000000.0,98906000000.0,0.09789,58002000000.0,0.0,,0.6231509427423231,424883000000.0,333493000000.0,754383000000.0,179104000000.0,141548000000.0,70132000000.0,378592400000.0,0.4481864826499593
トクヤマ,4043,化学,プライム（内国株式）,JP,2025-03-31,,322032074752.0,1.1622946,10.638905,13.4770565,10.17628232768978,0.3312,0.025148606,332.12,420.72,246.72000068049186,343073000000.0,29968000000.0,0.08635,23388000000.0,0.07427,0.091230005,0.5492590407112873,202351000000.0,91338000000.0,234630000000.0,110689000000.0,75544000000.0,36050000000.0,57514000000.0,0.17859711658937105
セントラル硝子,4044,化学,プライム（内国株式）,JP,2025-03-31,東京都,109332635648.0,0.9156182,10.820759,21.73913,5.247228171632151,0.83730006,0.03912543,202.86,407.55,503.5499911178592,144233000000.0,10629000000.0,0.100600004,5678000000.0,0.03186,0.04385,0.5698614487829169,83772000000.0,49100000000.0,114889000000.0,42321000000.0,25483000000.0,17835000000.0,43601500000.0,0.39879675214614285
東亞合成,4045,化学,プライム（内国株式）,JP,2024-12-31,東京都,204043206656.0,0.96181554,16.292374,16.420397,12.050525156146563,0.5555,0.0,117.08,118.0,102.77810595959426,167594000000.0,14235000000.0,0.08417,11877000000.0,0.07865,0.059770003,0.7646392345874398,64353000000.0,48753000000.0,122750000000.0,12302000000.0,30821000000.0,34023000000.0,82213100000.0,0.4029200547637173
大阪ソーダ,4046,化学,プライム（内国株式）,JP,2025-03-31,大阪府,289193885696.0,2.3641279,21.85498,24.273045,31.29808318767674,0.22700001,0.00914761,96.98,107.71,60.16799990958283,96434000000.0,13246000000.0,0.19416,10332000000.0,0.13272999,0.10943,0.7508948582193783,38342000000.0,31385000000.0,92916000000.0,8310000000.0,16339000000.0,28510000000.0,74531000000.0,0.25771983325521214
関東電化工業,4047,化学,プライム（内国株式）,JP,2025-03-31,東京都,101229715456.0,1.4889791,19.502762,52.62373,-12.185822785931991,0.538,0.010483401,33.54,90.5,-80.23964815419046,62351000000.0,4273000000.0,0.11293,3248000000.0,0.0497,0.046329997,0.5335512105940121,55998000000.0,29180000000.0,57426000000.0,37882000000.0,20294000000.0,8181000000.0,7154700000.0,0.07067786338992355
ＧＭＯフィナンシャルゲート,4051,情報・通信業,プライム（内国株式）,JP,2025-09-30,東京都,43667861504.0,7.1747203,32.014038,26.809242,59.452375359413395,0.5023,0.019186046,197.32,165.24,121.81020048296695,17927780000.0,2230647000.0,0.19315,1632030000.0,0.09154,0.28167,0.45227736770036153,7338136000.0,5286476000.0,10852651000.0,2000000000.0,4257275000.0,275230000.0,3707176000.0,0.08489483735447913
フィーチャ,4052,情報・通信業,グロース（内国株式）,JP,2024-06-30,東京都,1684090112.0,2.5477931,23.414635,,-523.5348193810248,0.0,0.0,-9.82,12.3,-1.3485253967151674,,,0.045450002,,-0.12527001,-0.082550004,0.9502383797985163,38222000.0,38222000.0,698224000.0,,578443000.0,,660002000.0,0.3919042070831896
Ｓｕｎ　Ａｓｔｅｒｉｓｋ,4053,情報・通信業,プライム（内国株式）,JP,2024-12-31,東京都,15875268608.0,1.4907072,10.031273,18.418728,24.85191869343531,0.0,0.0,22.64,41.57,38.82999988467317,13568000000.0,1444000000.0,0.034,1023000000.0,0.03209,0.04543,0.7364052661705781,3684000000.0,3268000000.0,12235000000.0,1250000000.0,9794000000.0,675000000.0,9023500000.0,0.5683998313863364
日本情報クリエイト,4054,情報・通信業,グロース（内国株式）,JP,2024-06-30,宮崎県,8400212992.0,2.1948464,10.251256,17.952478,19.39866989762979,0.1467,0.008156607,34.09,59.7,30.130000493753666,,,0.0729,,0.103760004,,0.6223534590851705,2103458000.0,1767107000.0,2099882000.0,0.0,961024000.0,380773000.0,262965100.0,0.0313045752828454
ティアンドエスグループ,4055,情報・通信業,グロース（内国株式）,JP,2025-09-30,神奈川県,13209966592.0,4.5792966,23.351065,26.24813,44.19072230693077,0.1497,0.005899705,66.9,75.2,62.179998635220755,4103317000.0,756444000.0,0.16307,509237000.0,0.123059995,,0.7952752939018137,749898000.0,683592000.0,3369815000.0,,2599838000.0,93275000.0,2685209500.0,0.2032714830351026
ニューラルグループ,4056,情報・通信業,グロース（内国株式）,JP,2024-12-31,東京都,6841957376.0,3.6500366,0.9320843,133.11037,-25.455190685454905,0.0,0.0,2.99,427.0,-43.645322234212344,3564789000.0,35556000.0,-0.04058,-60931000.0,-0.03243,-0.0793,0.20634363944628703,2362538000.0,1526727000.0,1509907000.0,1876028000.0,670062000.0,157215000.0,-742580500.0,-0.10853334202355604
インターファクトリー,4057,情報・通信業,グロース（内国株式）,JP,2025-05-31,東京都,1626377472.0,1.3496858,26.339869,19.045368,-61.99730529496946,0.0,0.0,21.16,15.3,-7.7584017194216495,2864934000.0,196286000.0,0.00151,137570000.0,0.02934,0.07328,0.559102131352159,931835000.0,918324000.0,1330648000.0,370000000.0,477307000.0,9181000.0,405239700.0,0.24916706421275367
トヨクモ,4058,情報・通信業,グロース（内国株式）,JP,2024-12-31,東京都,20358785024.0,5.0343437,21.858824,19.920662,24.63469270458348,0.15,0.0,93.27,85.0,58.08999990524524,3146000000.0,1162000000.0,0.22734,841000000.0,0.22333999,0.30663002,0.6523697190649796,1609000000.0,1606000000.0,4405000000.0,,4196000000.0,,2796000000.0,0.13733628979842996
まぐまぐ,4059,情報・通信業,スタンダード（内国株式）,JP,2025-09-30,東京都,1487389952.0,1.7226877,182.14285,103.030304,-19.408861524086625,0.0,0.0,4.95,2.8,-30.037825725970077,438853000.0,20234000.0,-0.016390001,14267000.0,0.03333,0.01802,0.8474409754698955,152179000.0,152178000.0,960806000.0,,928339000.0,11182000.0,816454400.0,0.548917517495775
ｒａｋｕｍｏ,4060,情報・通信業,グロース（内国株式）,JP,2024-12-31,東京都,6858692096.0,3.6421375,21.166965,26.107174,35.60625655852791,0.133,0.007785467,45.16,55.7,31.240000636142433,1443455000.0,383469000.0,0.20937,253026000.0,0.1488,0.15465,0.5384685834164347,1400956000.0,820431000.0,2390493000.0,500000000.0,2284300000.0,21525000.0,1004604500.0,0.1464717304609558
デンカ,4061,化学,プライム（内国株式）,JP,2025-03-31,東京都,317132046336.0,1.0704952,20.046862,,15.9143286802019,0.70879996,0.028968714,-136.49,183.52,138.6047631752517,400251000000.0,14413000000.0,0.08991,-12300000000.0,-0.02399,-0.05479,0.4518280990424352,347222000000.0,230501000000.0,270455000000.0,217679000000.0,37002000000.0,48702000000.0,-42675600000.0,-0.1345672898499365
イビデン,4062,電気機器,プライム（内国株式）,JP,2025-03-31,岐阜県,2663167819776.0,4.9100137,30.868074,80.64434,29.60143916448998,0.169,0.0021507689,118.26,308.96,112.37000006044929,369436000000.0,47622000000.0,0.106520005,33704000000.0,0.10033,0.07564,0.4534531341870639,584388000000.0,327717000000.0,549580000000.0,343060000000.0,390656000000.0,58797000000.0,6349900000.0,0.002384340916425647
信越化学工業,4063,化学,プライム（内国株式）,JP,2025-03-31,東京都,11558732169216.0,2.6723962,18.706213,23.866274,24.69812035133838,0.4106,0.017731683,258.44,329.73,259.12999996513645,2561249000000.0,742105000000.0,0.25265,534021000000.0,0.18936001,0.11484,0.8271775845052719,799019000000.0,537094000000.0,3209652000000.0,16841000000.0,1708438000000.0,134632000000.0,2504875400000.0,0.21670849045807586
日本カーバイド工業,4064,化学,プライム（内国株式）,JP,2025-03-31,東京都,29468583936.0,0.79848146,13.673734,10.172874,15.938933318959828,0.2607,0.013050571,310.63,231.1,106.32978325966883,48727000000.0,3494000000.0,0.08479,2211000000.0,0.05145,0.07716,0.5637626262626263,25456000000.0,15030000000.0,38453000000.0,9605000000.0,14538000000.0,387000000.0,13267900000.0,0.45023880444392184
ベイシス,4068,情報・通信業,グロース（内国株式）,JP,2024-06-30,東京都,3310642176.0,1.5820203,,28.819277,134.20478371501272,0.0,0.0,62.25,,9.180000637057644,,,0.05085,,0.01398,0.055999998,0.4943551287665708,2015997000.0,1711622000.0,3265555000.0,988750000.0,970857000.0,,1249558000.0,0.37743674295533414
ＢｌｕｅＭｅｍｅ,4069,情報・通信業,グロース（内国株式）,JP,2025-03-31,東京都,3526160384.0,1.3969233,,30.769232,26.73992855345624,0.0,0.0,34.32,,49.13999666727457,2349515000.0,31254000.0,0.00246,-17143000.0,0.04006,0.04783,0.6458447337770937,1362094000.0,1262876000.0,3466162000.0,69936000.0,1712242000.0,117043000.0,2185998100.0,0.6199372297184766
プラスアルファ・コンサルティング,4071,情報・通信業,プライム（内国株式）,JP,2025-09-30,東京都,94943191040.0,6.453509,17.701912,28.651829,30.484181473930096,0.3709,0.0131459655,78.18,126.54,72.23381646032972,17084345000.0,6378692000.0,0.37761003,3258678000.0,0.2069,0.27903,0.7939265305929639,3819854000.0,3658016000.0,16865546000.0,,14664506000.0,,13045692000.0,0.137405240513812
電算システムホールディングス,4072,情報・通信業,プライム（内国株式）,JP,2024-12-31,岐阜県,33354797056.0,1.3534904,11.431192,16.474508,14.031981016864343,0.42310002,0.0,189.08,272.5,187.70999704665857,61256000000.0,2312000000.0,0.052810002,1850000000.0,0.04251,0.123459995,0.35762061314719745,39454000000.0,37804000000.0,53876000000.0,1074000000.0,19279000000.0,2355000000.0,16070500000.0,0.48180476028737135
ジィ・シィ企画,4073,情報・通信業,グロース（内国株式）,JP,2024-06-30,千葉県,1433937792.0,11.59236,,,34.314757720173,0.0,0.0,-85.32,,28.529998899699777,,,-0.21521999,,-0.12536,-0.96629,0.23540280815475448,1349407000.0,1113797000.0,1516584000.0,956264000.0,769221000.0,,167177000.0,0.116585950194414
ラキール,4074,情報・通信業,グロース（内国株式）,JP,2024-12-31,,5253850624.0,1.5570046,6.065678,11.260728,21.96616003676961,0.0,0.0,67.58,125.46,68.56000309016575,7968676000.0,560125000.0,-0.03817,362218000.0,0.03714,0.07797,0.5955072563271226,2407479000.0,2047614000.0,3492721000.0,1018950000.0,2547558000.0,712643000.0,1584092100.0,0.30151068489913735
ブレインズテクノロジー,4075,情報・通信業,グロース（内国株式）,JP,2024-07-31,東京都,4932687360.0,3.0227044,25.762196,37.455673,54.38081666748202,0.0,0.0,22.56,32.8,20.429998445836915,1004611000.0,73262000.0,-0.10588,48643000.0,0.12156,0.10225,0.8367783363591316,303701000.0,277756000.0,1449170000.0,6000000.0,1309861000.0,,1145469000.0,0.23222006918354543
シイエヌエス,4076,情報・通信業,グロース（内国株式）,JP,2025-05-31,東京都,4969195008.0,1.2376578,,9.225291,10.276967974860078,0.2643,0.028688524,185.36,,158.7500081727376,7004976000.0,555337000.0,0.089940004,427349000.0,0.07277,0.13958,0.7527716057679895,1300386000.0,861986000.0,4505570000.0,7825000.0,3666604000.0,5000000.0,3208684000.0,0.6457150493861238
堺化学工業,4078,化学,プライム（内国株式）,JP,2025-03-31,大阪府,63541682176.0,0.8288423,15.291083,11.947603,-4.07621256088713,0.3957,0.017769609,347.35,271.4,-437.6427028694847,84409000000.0,6094000000.0,0.09906,5013000000.0,0.05093,0.05493,0.6348413464267469,43936000000.0,27910000000.0,71416000000.0,21918000000.0,16183000000.0,5120000000.0,31064000000.0,0.4888759462482884
ＵＮＩＣＯＮホールディングス,407A,建設業,スタンダード（内国株式）,JP,2025-06-30,宮城県,11042708480.0,2.8983474,,11.098955,,0.1492,0.0,100.55,,,17620881000.0,1710530000.0,0.0962,1117118000.0,0.05342,,0.3024079539460413,8694052000.0,8070314000.0,8801743000.0,4204230000.0,2426460000.0,92101000.0,172161700.0,0.015590532006872285
第一稀元素化学工業,4082,化学,プライム（内国株式）,JP,2025-03-31,大阪府,67869057024.0,1.8232392,45.616886,53.189472,19.22470786350151,0.5294,0.0049469965,52.83,61.6,46.87000079021177,33641000000.0,2283000000.0,0.16059,792000000.0,0.02795,0.02641,0.5855700033974736,26272000000.0,8708000000.0,31932000000.0,21263000000.0,8920000000.0,873000000.0,6271100000.0,0.092399987195673
エア・ウォーター,4088,化学,プライム（内国株式）,JP,2025-03-31,大阪府,497286283264.0,1.1181278,10.002305,5.6785765,11.52358961072669,0.21069999,0.020306965,382.05,216.9,194.5187458890594,1075929000000.0,70981000000.0,0.027490001,49074000000.0,0.00714,0.016619999,0.4136618915025329,713291000000.0,327857000000.0,456594000000.0,418228000000.0,70609000000.0,95302000000.0,-189985600000.0,-0.38204472231368625
日本酸素ホールディングス,4091,化学,プライム（内国株式）,JP,2025-03-31,東京都,2594095759360.0,2.2205532,21.656487,24.213163,19.024576858362447,0.22649999,0.009567743,247.51,276.73,244.65472590381626,1308024000000.0,160892000000.0,0.14497,98779000000.0,0.085760005,0.10508,0.40544711617787965,1397268000000.0,395285000000.0,565776000000.0,850566000000.0,144528000000.0,58482000000.0,-790554600000.0,-0.3047515100965436
日本化学工業,4092,化学,プライム（内国株式）,JP,2025-03-31,東京都,31404838912.0,0.6529561,9.327971,12.376067,12.338628201620233,0.3166,0.030070921,290.48,385.4,180.2925501757569,38843000000.0,3343000000.0,0.06311,2559000000.0,0.05331,0.043420002,0.6177218560681712,28711000000.0,20106000000.0,31448000000.0,15075000000.0,7927000000.0,4548000000.0,5920600000.0,0.18852508737873827
東邦アセチレン,4093,化学,スタンダード（内国株式）,JP,2025-03-31,宮城県,16180147200.0,0.8655156,,14.618045,9.148493552276575,0.4403,0.020737328,31.81,,40.73884892086331,34804369000.0,1914690000.0,0.06087,1287422000.0,0.03625,0.06696,0.5440881854667049,13249629000.0,10881207000.0,19489581000.0,3836799000.0,9495192000.0,2210125000.0,7787039500.0,0.48127123960899443
日本化学産業,4094,化学,スタンダード（内国株式）,JP,2025-03-31,東京都,53458378752.0,1.0869346,,22.573753,15.00729768382671,0.73980004,0.033949453,121.69,,88.80988535031847,25441423000.0,2860916000.0,0.12792,2357304000.0,0.09445,0.05292,0.8559027124305363,7825047000.0,5663603000.0,28502318000.0,263800000.0,15418395000.0,8854753000.0,26875598100.0,0.5027387423153854
日本パーカライジング,4095,化学,プライム（内国株式）,JP,2025-03-31,東京都,173290569728.0,0.8975163,,14.204445,10.026587469411172,0.4443,0.015762925,112.5,,114.43000030936169,132281000000.0,15001000000.0,0.11587,13112000000.0,0.094469994,0.06325,0.7304658559401309,43953000000.0,32617000000.0,137868000000.0,450000000.0,77808000000.0,34482000000.0,118052400000.0,0.681239609202608
高圧ガス工業,4097,化学,プライム（内国株式）,JP,2025-03-31,大阪府,62931890176.0,0.7699597,,12.903226,10.547233383273253,0.3396,0.017793594,88.35,,81.57000023856915,98983000000.0,5975000000.0,0.06288,4784000000.0,0.04319,0.053200003,0.6416166642275233,43303000000.0,29468000000.0,64644000000.0,11591000000.0,29985000000.0,13655000000.0,30899500000.0,0.490999077154431
チタン工業,4098,化学,スタンダード（内国株式）,JP,2025-03-31,山口県,3571825152.0,0.6870192,,38.910507,-1.880488909414019,0.32490003,0.008460237,30.84,,-566.4306875962806,7794000000.0,165000000.0,0.01993,200000000.0,0.00525,0.010629999,0.36513722126929676,8342000000.0,4947000000.0,7105000000.0,6529000000.0,825000000.0,534000000.0,-863200000.0,-0.24166916443730782
四国化成ホールディングス,4099,化学,プライム（内国株式）,JP,2024-12-31,香川県,226626486272.0,2.4193132,27.798409,27.09971,10.61166769496611,0.2848,0.0,193.36,188.5,191.37999985407086,,,0.14228,,0.11964,0.09482,0.6138543883027675,51661000000.0,30516000000.0,80288000000.0,30592000000.0,33789000000.0,24023000000.0,45443100000.0,0.20051981014019082
オリオンビール,409A,食料品,プライム（内国株式）,JP,2025-03-31,沖縄県,55089754112.0,3.062473,,11.792577,,0.0,0.0,113.97,,,26009000000.0,2851000000.0,0.18777001,4649000000.0,0.25293,0.33201998,0.37281572481572484,31908000000.0,11938000000.0,18166000000.0,17066000000.0,13203000000.0,2633000000.0,-11898900000.0,-0.2159911619102345
戸田工業,4100,化学,スタンダード（内国株式）,JP,2025-03-31,広島県,9163233280.0,0.8281515,2.9422684,,-2.904433119240436,0.0,0.0,-482.95,538.7,-620.08658008658,31667000000.0,-646000000.0,0.02789,-3563000000.0,-0.09894,-0.23153,0.21958872750236816,38895000000.0,20179000000.0,25807000000.0,27764000000.0,8078000000.0,3374000000.0,-10726200000.0,-1.170569347329767
丸尾カルシウム,4102,化学,スタンダード（内国株式）,JP,2025-03-31,兵庫県,3119750912.0,0.3108288,,19.454788,13.263940825097043,0.3989,0.020449897,75.2,,108.04001584820404,12843448000.0,5725000.0,0.023710001,148628000.0,0.01591,0.02211,0.5810005364032506,6660814000.0,3241613000.0,8564328000.0,2301323000.0,2389815000.0,4551328000.0,5089443600.0,1.631362164339356
伊勢化学工業,4107,化学,スタンダード（内国株式）,JP,2024-12-31,東京都,341945417728.0,8.847177,6.978679,53.474655,32.2242579126405,0.3109,0.0,125.48,961.5,99.5094191522763,,,0.21495001,,0.16552,0.17181998,0.7860157786568253,9683000000.0,8189000000.0,28085000000.0,560000000.0,5688000000.0,,18402000000.0,0.05381560636861011
ステラ　ケミファ,4109,化学,プライム（内国株式）,JP,2025-03-31,大阪府,66290958336.0,1.4763441,19.127174,22.727274,22.437202213977017,0.6888,0.030357143,246.84,293.3,153.48000309455617,36288000000.0,4339000000.0,0.122530006,2892000000.0,0.0,0.05662,0.7369452449567724,15734000000.0,9784000000.0,29839000000.0,5373000000.0,16643000000.0,3163000000.0,16319100000.0,0.2461738434566836
ＧＭＯコマース,410A,サービス業,グロース（内国株式）,JP,2024-12-31,東京都,5841388544.0,2.1857944,,26.737589,,0.0,0.0,42.3,,,1983989000.0,348734000.0,0.17378001,218251000.0,0.13908,0.20583999,0.2940907008703619,1314473000.0,1274243000.0,1605734000.0,,819715000.0,,291261000.0,0.049861603590668456
保土谷化学工業,4112,化学,プライム（内国株式）,JP,2025-03-31,東京都,38030979072.0,0.72511697,4.129534,20.407988,11.017799376379395,0.4052,0.009505703,117.16,579.0,156.27380733783662,48578000000.0,4884000000.0,0.07509,3178000000.0,0.04992,0.05903,0.608567707681134,21330000000.0,13880000000.0,36381000000.0,8787000000.0,10774000000.0,10223000000.0,22207100000.0,0.5839213331310158
田岡化学工業,4113,化学,スタンダード（内国株式）,JP,2025-03-31,大阪府,16248660992.0,0.846637,10.152194,8.590909,13.600186791847042,0.303,0.035906643,132.0,111.7,57.22650354786875,29930000000.0,1887000000.0,0.047220003,1478000000.0,0.0,0.09206,0.6083796494228303,11908000000.0,8282000000.0,16226000000.0,1490000000.0,1182000000.0,88000000.0,4379600000.0,0.26953605605756
日本触媒,4114,化学,プライム（内国株式）,JP,2025-03-31,大阪府,375967875072.0,0.9696791,26.07337,23.923468,19.124715216381606,1.0351,0.04421222,106.36,97.59,70.46427817002835,409346000000.0,19063000000.0,0.062280003,17394000000.0,0.04434,0.04674,0.7045390584907083,151125000000.0,107171000000.0,255451000000.0,41391000000.0,54565000000.0,38479000000.0,131261300000.0,0.3491290312366787
大日精化工業,4116,化学,プライム（内国株式）,JP,2025-03-31,東京都,86197641216.0,0.65823346,,14.367816,13.194640466439669,0.41849998,0.029787235,351.48,,207.94999654837096,124760000000.0,7007000000.0,0.06554,10289000000.0,0.055359997,0.053839996,0.6504847955118302,66290000000.0,50069000000.0,110147000000.0,21042000000.0,24251000000.0,18514000000.0,56816800000.0,0.659145647125361
カネカ,4118,化学,プライム（内国株式）,JP,2025-03-31,東京都,320869859328.0,0.6653641,12.063253,12.706398,9.995581124129421,0.3609,0.029041626,415.46,437.61,356.87000111118437,807200000000.0,40050000000.0,0.03601,25309000000.0,0.032420002,0.05547,0.5128920178711353,427727000000.0,294933000000.0,444524000000.0,223058000000.0,45639000000.0,61184000000.0,59625800000.0,0.18582549362808565
日本ピグメントホールディングス,4119,化学,スタンダード（内国株式）,JP,2025-03-31,東京都,7580897280.0,0.36194652,,,6.15084553674372,0.0312,0.021668473,-811.92,,471.86601950282886,37921166000.0,176568000.0,0.052399997,5026157000.0,-0.0226,-0.04125,0.4453305064701674,22825288000.0,15569276000.0,25205310000.0,6636548000.0,4261463000.0,9069841000.0,8728910700.0,1.151435031711708
スガイ化学工業,4120,化学,スタンダード（内国株式）,JP,2025-03-31,和歌山県,3083073280.0,0.39433718,,6.5919943,7.633385187852685,0.19549999,0.0,358.01,,374.5061255742726,6622426000.0,541314000.0,-0.05949,363122000.0,0.02843,0.022909999,0.6493472829413546,4024450000.0,2786327000.0,5501903000.0,1986835000.0,409418000.0,1763585000.0,2711962500.0,0.8796295947918565
大阪油化工業,4124,化学,スタンダード（内国株式）,JP,2025-09-30,大阪府,2063254400.0,2.105796,,,25230.384431238974,583.33325,0.014784394,-30.71,,0.059571736862029934,1178074000.0,139088000.0,0.16555999,-32110000.0,0.01506,0.01195,0.8875723225437276,208657000.0,201543000.0,1103935000.0,,872761000.0,,895278000.0,0.4339154686886891
三和油化工業,4125,化学,スタンダード（内国株式）,JP,2025-03-31,愛知県,14019419136.0,1.0796639,12.735478,18.975498,10.083006138301474,0.25120002,0.0138263665,171.01,254.8,241.30401101080864,16040490000.0,2737396000.0,0.08209,591472000.0,0.046129998,0.06413,0.5972919736357465,8123370000.0,4174105000.0,6077525000.0,5062006000.0,1626575000.0,660720000.0,-1583341000.0,-0.11293912997680419
オーバーラップホールディングス,414A,情報・通信業,グロース（内国株式）,JP,2025-08-31,東京都,20999999488.0,2.7138796,,10.162601,,0.0,0.0,103.32,,,8535000000.0,3027000000.0,0.26334998,2067000000.0,0.23395,,0.43757738896366083,10447000000.0,2934000000.0,6539000000.0,6638000000.0,2796000000.0,73000000.0,-3856900000.0,-0.18366190923975703
協和キリン,4151,医薬品,プライム（内国株式）,JP,2024-12-31,東京都,1510263488512.0,1.6905957,20.79429,22.523226,14.935417184819404,0.48409998,0.022044444,128.09,138.74,151.00964786816712,495558000000.0,91866000000.0,0.28002,59870000000.0,0.13494,0.076869994,0.79711494589938,216552000000.0,164675000000.0,504026000000.0,,244681000000.0,32800000000.0,310434000000.0,0.20554956294802423
ＧＭＯ　ＴＥＣＨホールディングス,415A,サービス業,グロース（内国株式）,JP,2024-12-31,東京都,5931996160.0,1.701869,,17.093756,,0.9393,0.0,327.02,,,6868000000.0,899000000.0,0.0,669000000.0,0.0,,0.4412721358872425,1546000000.0,1393000000.0,2428000000.0,210000000.0,1264000000.0,20000000.0,896000000.0,0.15104527646895846
プレイド,4165,情報・通信業,グロース（内国株式）,JP,2025-09-30,東京都,23351173120.0,4.6028523,135.79951,21.36688,125.09554257136799,0.0,0.0,26.63,4.19,7.849999926574212,13396474000.0,1431875000.0,0.08112001,1099057000.0,0.07248,0.22508,0.49600118064378457,4836619000.0,3624349000.0,8325908000.0,1821026000.0,6601979000.0,338961000.0,3726561700.0,0.15958777235085653
かっこ,4166,情報・通信業,グロース（内国株式）,JP,2024-12-31,東京都,1992105472.0,2.8377903,,,-7.446597160888196,0.0,0.0,-62.77,,-121.12915208272305,734021000.0,-244514000.0,-0.22368999,-255031000.0,-0.16728,-0.17862,0.8116573602204287,193103000.0,125141000.0,863362000.0,82135000.0,734621000.0,66981000.0,717145700.0,0.3599938407277263
ココペリ,4167,情報・通信業,グロース（内国株式）,JP,2025-03-31,東京都,2200441856.0,1.3516357,16.235956,,92.01877388019429,0.0,0.0,-3.18,17.8,4.260000252887225,2007546000.0,197863000.0,-0.57727003,125877000.0,-0.14861,-0.15001,0.7836976644610879,525887000.0,383596000.0,1570180000.0,175739000.0,1394162000.0,,1044293000.0,0.4745833193240258
ヤプリ,4168,情報・通信業,グロース（内国株式）,JP,2024-12-31,東京都,9635963904.0,3.2742949,,13.003789,-170.04109080325406,0.1033,0.0,58.06,,-5.828490878855133,5511193000.0,550904000.0,0.099309996,748542000.0,0.15192,0.35749,0.5380397476948736,1879003000.0,744195000.0,2811967000.0,1362602000.0,1959803000.0,,932964000.0,0.09682103516522264
ＥＮＥＣＨＡＮＧＥ,4169,情報・通信業,グロース（内国株式）,JP,2025-03-31,東京都,11375975424.0,2.4984736,8.986486,,-21.26717183398476,0.0,0.0,-176.41,29.6,-44.01149373816973,4379001000.0,-2125018000.0,0.12494001,-4985167000.0,-0.28329,-0.5276,0.6141174061057695,2860063000.0,2393447000.0,5475642000.0,1114350000.0,4263507000.0,1419994000.0,3609574800.0,0.31729804834008757
富士ユナイトホールディングス,416A,卸売業,スタンダード（内国株式）,JP,2025-03-31,東京都,8668495872.0,0.9099685,,12.077517,,0.8082,0.04414003,108.88,,,68344000000.0,800000000.0,0.016239999,717000000.0,0.01051,0.08091,0.45955759399933116,11312000000.0,8483000000.0,13844000000.0,2030000000.0,5741000000.0,110000000.0,2609000000.0,0.3009749371199793
Ｋａｉｚｅｎ　Ｐｌａｔｆｏｒｍ,4170,情報・通信業,グロース（内国株式）,JP,2024-12-31,東京都,3011196928.0,1.0098071,14.75,,-200.92324912426253,0.0,0.0,-6.35,12.0,-1.2890494312075327,4523816000.0,-28549000.0,-0.035520002,-171975000.0,0.00666,0.00977,0.6693383884436773,1461028000.0,748727000.0,3677165000.0,914711000.0,2911348000.0,94539000.0,2282314300.0,0.7579425572527683
グローバルインフォメーション,4171,情報・通信業,スタンダード（内国株式）,JP,2024-12-31,神奈川県,4209076224.0,1.6702789,,15.408019,9.479158797705006,0.6082,0.0,92.03,,129.56001912474838,2749260000.0,437789000.0,0.0625,315061000.0,0.09038,0.093,0.7802195753528325,695293000.0,390094000.0,3067076000.0,,2669654000.0,,2371783000.0,0.5634925275233029
Ｈｉクラテス,4172,情報・通信業,スタンダード（内国株式）,JP,2025-09-30,岡山県,5395816448.0,1.2759087,13.127371,12.047953,10.120062705089328,0.4375,0.0,201.03,184.5,180.34936183429775,2406943000.0,549606000.0,0.29747,448093000.0,0.185,0.10939,0.88863668515345,525850000.0,466264000.0,2442113000.0,,1497087000.0,1284780000.0,2815609000.0,0.5218133394888973
アピリッツ,4174,情報・通信業,スタンダード（内国株式）,JP,2025-01-31,東京都,2670216704.0,1.2114259,4.8818316,112.41496,12.137813033554455,3.7225,0.03348554,5.88,135.4,89.84999146436594,9008810000.0,185629000.0,-0.04281,45968000.0,-0.00202,-0.00942,0.4157087041703595,3365550000.0,2184166000.0,4444578000.0,1766007000.0,2293950000.0,,1079028000.0,0.40409753949318417
ｃｏｌｙ,4175,情報・通信業,グロース（内国株式）,JP,2025-01-31,,10207584256.0,1.9455558,,67.57741,-6.279504638000063,0.0,0.0,27.45,,-150.96732220933993,6500875000.0,-516473000.0,-0.13376,-546289000.0,-0.00961,,0.8362176024048812,1029081000.0,997722000.0,4071095000.0,96664000.0,3357555000.0,1740664000.0,4260478800.0,0.4173836525028631
ココナラ,4176,情報・通信業,グロース（内国株式）,JP,2025-08-31,東京都,6818691072.0,2.7021706,50.333332,23.649178,33.6,0.0,0.0,12.77,6.0,10.0,9410783000.0,256122000.0,0.033099998,306904000.0,0.02866,0.0825,0.38145766623021377,3907973000.0,2778232000.0,4248143000.0,1224189000.0,2936000000.0,,340170000.0,0.04988787384676518
ｉ‐ｐｌｕｇ,4177,情報・通信業,グロース（内国株式）,JP,2025-03-31,大阪府,6767487488.0,4.058515,12.196697,11.402684,-23.57906084059959,0.0,0.0,149.0,139.3,-49.15378130770912,5084450000.0,578502000.0,0.29334998,597925000.0,0.07853,0.3032,0.3650643624171605,2427778000.0,2282300000.0,2866785000.0,420818000.0,2509422000.0,15393000.0,449782100.0,0.06646219897673197
Ｓｈａｒｉｎｇ　Ｉｎｎｏｖａｔｉｏｎｓ,4178,情報・通信業,グロース（内国株式）,JP,2024-12-31,東京都,2126364800.0,1.3215449,8.172662,33.216373,85.61485643724458,0.0,0.0,17.1,69.5,8.61999927011443,5169035000.0,239089000.0,0.03907,137018000.0,0.0051599997,0.014400001,0.6466716882148722,866396000.0,699835000.0,1818162000.0,239820000.0,1088929000.0,,951766000.0,0.44760240575840987
ジーネクスト,4179,情報・通信業,グロース（内国株式）,JP,2025-03-31,東京都,1578475904.0,20.237846,,,-9.304377024348904,0.0,0.0,-26.42,,-35.57465471721493,691648000.0,-174244000.0,-0.5,-218573000.0,-0.85051,-0.71055,0.318727530684843,360620000.0,255021000.0,520117000.0,135174000.0,418302000.0,,159497000.0,0.10104493809238409
ブルーゾーンホールディングス,417A,小売業,プライム（内国株式）,JP,2025-03-31,埼玉県,392106246144.0,1.9547453,,18.587503,,0.256,0.013874345,518.09,,,736400000000.0,33411000000.0,0.06807,20176000000.0,0.028180001,0.11476,0.4813905147711626,190277000000.0,90311000000.0,92983000000.0,80848000000.0,50226000000.0,909000000.0,-96657700000.0,-0.2465089524855534
Ａｐｐｉｅｒ　Ｇｒｏｕｐ,4180,情報・通信業,プライム（内国株式）,JP,2024-12-31,東京都,84306944000.0,2.272004,17.891098,33.10676,188.74420292296122,0.09,0.0027506112,25.01,46.28,9.752671093094559,34057000000.0,1981000000.0,0.08409,2927000000.0,0.05849,0.07159,0.76875686090015,10322000000.0,8669000000.0,27999000000.0,3779000000.0,5496000000.0,430000000.0,17978000000.0,0.21324459347026029
三菱瓦斯化学,4182,化学,プライム（内国株式）,JP,2025-03-31,東京都,849858527232.0,1.332699,15.790998,,12.550578291656153,0.415,0.023036167,-37.97,276.36,190.96999993540533,773591000000.0,50851000000.0,0.05953,45544000000.0,-0.02197,-0.01591,0.5967921420967269,422314000000.0,274929000000.0,460268000000.0,202976000000.0,68246000000.0,233519000000.0,201417300000.0,0.2370009755106167
三井化学,4183,化学,プライム（内国株式）,JP,2025-03-31,東京都,896142147584.0,1.0163221,5.222734,50.0,15.849647625243716,1.572,0.016153349,47.6,455.7,131.49499997356898,1809164000000.0,65907000000.0,0.0535,32242000000.0,0.01013,0.0298,0.39382660624442595,1183349000000.0,605927000000.0,1041171000000.0,737977000000.0,170615000000.0,93618000000.0,-76645400000.0,-0.08552817229569669
東京応化工業,4186,化学,プライム（内国株式）,JP,2024-12-31,神奈川県,1105294524416.0,4.8537836,47.236027,33.11306,28.978438587200955,0.2588,0.007842283,278.44,195.19,104.97000002485522,200966000000.0,33091000000.0,0.24112,22683000000.0,0.14068,0.17196,0.7117156741035009,68458000000.0,54104000000.0,151770000000.0,10542000000.0,59047000000.0,22146000000.0,98814200000.0,0.0894007866837213
大阪有機化学工業,4187,化学,プライム（内国株式）,JP,2025-11-30,大阪府,96195297280.0,1.9354913,27.241835,14.044777,13.564503491059934,0.2228,0.016216217,336.78,173.63,191.2516836734332,36265691000.0,6187165000.0,0.16263,6887536000.0,0.18992001,0.14532,0.7800629770116251,13177224000.0,11218505000.0,37806078000.0,1337923000.0,15922597000.0,7544551000.0,29910039700.0,0.3109303733730298
三菱ケミカルグループ,4188,化学,プライム（内国株式）,JP,2025-03-31,東京都,1576603090944.0,0.8520852,12.7275715,44.44657,10.764576376709044,1.2279,0.028082492,26.11,91.18,80.77000000349159,4407405000000.0,188627000000.0,0.03122,45020000000.0,0.021879999,0.03679,0.2952811708441207,3610050000000.0,1500158000000.0,2061560000000.0,2040987000000.0,326144000000.0,203645000000.0,-1405938500000.0,-0.8917517085154174
ＫＨネオケム,4189,化学,プライム（内国株式）,JP,2024-12-31,東京都,109051838464.0,1.5647849,12.220479,14.53502,11.193006020455165,0.4902,0.0,214.31,254.9,184.22894438056377,119758000000.0,12197000000.0,0.09616999,8360000000.0,0.06776,0.11003,0.5255282895437465,59545000000.0,46649000000.0,69366000000.0,19204000000.0,7158000000.0,7370000000.0,14980000000.0,0.13736586389550115
スパイダープラス,4192,情報・通信業,グロース（内国株式）,JP,2024-12-31,東京都,9597584384.0,3.6144419,21.68,,-55.19628811880334,0.0,0.0,-12.95,12.5,-13.316112822985513,4072136000.0,-519193000.0,0.03659,-771659000.0,-0.0035499998,-0.00654,0.6282305898666971,1565692000.0,1217548000.0,3395612000.0,1031903000.0,2740772000.0,,1829920000.0,0.19066464297522973
ファブリカホールディングス,4193,情報・通信業,スタンダード（内国株式）,JP,2025-03-31,東京都,11086031872.0,2.795041,14.212707,35.972733,14.392274277150593,0.98,0.018271605,57.21,144.8,123.28000626716882,9206653000.0,1106417000.0,0.1237,331666000.0,0.02555,0.065,0.6810698352931203,1715548000.0,1477980000.0,3765003000.0,249474000.0,2621009000.0,398409000.0,2328341300.0,0.210024770529543
ビジョナル,4194,情報・通信業,プライム（内国株式）,JP,2024-07-31,東京都,295119618048.0,4.0435824,17.002335,19.047743,29.587601325635106,0.0,0.0,386.03,432.47,262.6100005365411,,,0.30294,,0.20493999,0.27225,0.6856933197054276,23928000000.0,21869000000.0,65652000000.0,46000000.0,58107000000.0,687000000.0,42204900000.0,0.14300946944548953
ネオマーケティング,4196,情報・通信業,スタンダード（内国株式）,JP,2025-09-30,東京都,3314085632.0,4.1836867,16.925,126.54206,19.549519513551644,0.0,0.0,10.7,80.0,58.15999719132925,2306479000.0,10850000.0,0.00693,26630000.0,0.01881,0.05552,0.43946107072056995,1008312000.0,558605000.0,1432157000.0,630624000.0,1018964000.0,,423845000.0,0.1278919880365964
アスマーク,4197,情報・通信業,スタンダード（内国株式）,JP,2024-11-30,東京都,2709634560.0,1.7109588,,12.870316,4.53863255453218,0.4036,0.0,183.29,,228.55991861883882,4363456000.0,360772000.0,0.041360002,256877000.0,0.04506,,0.6194227684450624,890655000.0,799746000.0,1917583000.0,,1344280000.0,28659000.0,1046989300.0,0.38639501999856396
テンダ,4198,情報・通信業,スタンダード（内国株式）,JP,2025-05-31,東京都,3728635648.0,1.4673897,,906.4516,15.723702987997763,34.375,0.039355993,0.62,,51.11000184771778,5574950000.0,428199000.0,-0.00245,257600000.0,0.00096000003,0.01435,0.7064914153818136,1082633000.0,895053000.0,2518171000.0,142122000.0,1628738000.0,579000.0,1435943300.0,0.38511225970020013
ワンダープラネット,4199,情報・通信業,グロース（内国株式）,JP,2025-08-31,愛知県,3120656640.0,0.94469815,,,25.593593750338712,0.0,0.0,-51.65,,36.2200013426302,2316539000.0,-129649000.0,0.09115,-131578000.0,0.06523,,0.29998377559123357,1389297000.0,724907000.0,1730094000.0,1167504000.0,1255186000.0,,340797000.0,0.10920682385614842
ダイセル,4202,化学,プライム（内国株式）,JP,2025-03-31,大阪府,422626754560.0,1.1055726,7.5144377,12.048059,7.063001520605532,0.4407,0.036889024,136.08,218.18,197.5606562945612,586531000000.0,61011000000.0,0.08343001,49480000000.0,0.07108,0.10627,0.4423313931270743,438796000000.0,210353000000.0,395626000000.0,280919000000.0,65142000000.0,56652000000.0,-3513600000.0,-0.008313718812378634
住友ベークライト,4203,化学,プライム（内国株式）,JP,2025-03-31,東京都,528084008960.0,1.6088042,21.702604,26.881336,18.763181941349348,0.4246,0.01581225,223.91,277.34,233.65999923836537,304773000000.0,24792000000.0,0.10293,19281000000.0,0.083859995,0.08133,0.6957570767249592,124210000000.0,82621000000.0,231856000000.0,30680000000.0,103533000000.0,42173000000.0,137167100000.0,0.25974484679082527
積水化学工業,4204,化学,プライム（内国株式）,JP,2025-03-31,大阪府,1233710874624.0,1.5072078,15.775857,17.953247,11.486913543064071,0.4827,0.027374394,169.83,193.27,183.47999996543712,1297754000000.0,107951000000.0,0.083179995,81925000000.0,0.0,,0.606669291681758,495421000000.0,340002000000.0,703104000000.0,110829000000.0,142586000000.0,105102000000.0,281254400000.0,0.22797432184888403
日本ゼオン,4205,化学,プライム（内国株式）,JP,2025-03-31,東京都,409671008256.0,1.1320573,17.872944,11.723156,8.334025327660363,0.38880002,0.033930704,182.63,119.79,147.12000005222356,420647000000.0,29320000000.0,0.06999,26199000000.0,0.08289,0.09689,0.6694424357326719,175795000000.0,152022000000.0,298134000000.0,25960000000.0,27366000000.0,71191000000.0,172172700000.0,0.4202706477398828
アイカ工業,4206,化学,プライム（内国株式）,JP,2025-03-31,愛知県,248737628160.0,1.3907067,15.127746,15.456138,14.780430158119406,0.52919996,0.034791507,257.05,262.63,236.52999941941925,248696000000.0,27411000000.0,0.13454,16896000000.0,0.0,0.10466,0.6019239180998271,98338000000.0,62775000000.0,179554000000.0,28207000000.0,59573000000.0,20750000000.0,95741000000.0,0.38490758599022573
ＵＢＥ,4208,化学,プライム（内国株式）,JP,2025-03-31,東京都,280589205504.0,0.66052043,8.410983,48.78399,8.421800420016226,1.8584,0.03876652,59.21,343.42,298.4499991416512,486802000000.0,18045000000.0,0.05135,-4816000000.0,0.07703,0.08762,0.4564123238789884,453656000000.0,197719000000.0,358377000000.0,330536000000.0,115969000000.0,225502000000.0,62572400000.0,0.22300358949164203
積水樹脂,4212,化学,プライム（内国株式）,JP,2025-03-31,大阪府,74437206016.0,0.7795673,,20.121508,15.650479094179794,0.5756,0.029230136,123.45,,142.69454779437945,74231000000.0,5011000000.0,0.07734,3544000000.0,0.054580003,0.04504,0.686554953532599,41906000000.0,34035000000.0,54941000000.0,14237000000.0,15842000000.0,16062000000.0,24278400000.0,0.3261594745345687
旭有機材,4216,化学,プライム（内国株式）,JP,2025-03-31,東京都,95422373888.0,1.2164998,9.121924,14.084507,8.470135955368768,0.3186,0.022682445,360.68,556.9,594.3199988679619,85162000000.0,11121000000.0,0.077,7624000000.0,0.06827,0.07391,0.7340033279128692,27509000000.0,20165000000.0,69563000000.0,5900000000.0,24059000000.0,2404000000.0,43736800000.0,0.45834952766250764
ニチバン,4218,化学,プライム（内国株式）,JP,2025-03-31,東京都,40511242240.0,0.9256537,17.05227,22.422535,21.583646348332145,0.3948,0.01758794,88.75,116.7,88.96999914097933,49457000000.0,2587000000.0,0.054029997,1959000000.0,0.03119,0.03593,0.638817803943612,24417000000.0,17040000000.0,39756000000.0,2135000000.0,14663000000.0,2889000000.0,17361300000.0,0.42855511310037775
ムービン・ストラテジック・キャリア,421A,サービス業,グロース（内国株式）,JP,2024-12-31,東京都,17415000064.0,4.7960134,,1.3208255,,0.0,0.0,1627.77,,,2387925000.0,861588000.0,0.33471,575761000.0,0.3035,0.41157,0.7601601139942905,591803000.0,591802000.0,2120594000.0,,1859193000.0,2000000.0,1530191000.0,0.08786626439141884
リケンテクノス,4220,化学,プライム（内国株式）,JP,2025-03-31,東京都,87739572224.0,1.3797449,16.362024,11.641415,8.202074993907475,0.29680002,0.025852585,158.4,112.7,114.23712243651667,128141144000.0,10488510000.0,0.08767,7370551000.0,0.062810004,0.13674,0.5569550662415431,40689251000.0,34958052000.0,74322947000.0,11799167000.0,24472764000.0,6194352000.0,37969742400.0,0.4327550435630444
大倉工業,4221,化学,プライム（内国株式）,JP,2024-12-31,香川県,59194482688.0,0.9381243,12.931885,15.625001,7.928296699586221,0.5011,0.033136096,335.36,405.2,363.8876220857998,,,0.0668,,0.04402,0.06099,0.6022773603587862,40940000000.0,34851000000.0,55545000000.0,6119000000.0,8949000000.0,10341000000.0,21843700000.0,0.36901581039457565
児玉化学工業,4222,化学,スタンダード（内国株式）,JP,2025-03-31,東京都,19267563520.0,0.6789543,,0.8476025,-9.298285596539069,0.0,0.0,1462.95,,-31.2960918417384,15842015000.0,162425000.0,0.039219998,-132850000.0,0.36115003,1.33781,0.2879802695917755,8624315000.0,7826225000.0,5454244000.0,3929841000.0,1618115000.0,737390000.0,-2653898000.0,-0.137739159247884
ロンシール工業,4224,化学,スタンダード（内国株式）,JP,2025-03-31,東京都,10598970368.0,0.5450237,,55.555553,9.13655613772455,1.6941,0.030514386,41.4,,181.20659722222223,21433000000.0,870000000.0,0.07558,13000000.0,0.01066,0.01198,0.7340076439022507,6890000000.0,5286000000.0,18051000000.0,494000000.0,7555000000.0,1329000000.0,12091300000.0,1.1407994909114554
積水化成品工業,4228,化学,プライム（内国株式）,JP,2025-03-31,東京都,24850706432.0,0.5397167,8.81877,,20.738869731223264,0.0,0.0,-206.23,61.8,23.88461283990914,137072000000.0,642000000.0,0.03718,-6282000000.0,-0.07063,-0.16943,0.35900409577357273,86569000000.0,56839000000.0,63592000000.0,39180000000.0,9587000000.0,12579000000.0,-14171700000.0,-0.570273526781969
群栄化学工業,4229,化学,プライム（内国株式）,JP,2025-03-31,群馬県,36830453760.0,0.6957938,17.51894,19.30502,11.619444072660558,0.348,0.018621974,287.49,316.8,307.7385380971259,30545000000.0,2293000000.0,0.10406999,1920000000.0,0.07078,0.04603,0.789377638135136,11288000000.0,8438000000.0,25285000000.0,735000000.0,9251000000.0,13211000000.0,23244700000.0,0.6311271686053753
タイガースポリマー,4231,化学,スタンダード（内国株式）,JP,2025-03-31,大阪府,25534189568.0,0.5687694,,6.5661182,6.76382890041649,0.2539,0.028892456,196.92,,151.71213262999245,49336406000.0,2833493000.0,0.06771,3383663000.0,0.078600004,0.095410004,0.722772461711275,14162626000.0,10758460000.0,36702877000.0,2800000000.0,19084283000.0,4916875000.0,25982063500.0,1.0175401663251253
サンエー化研,4234,化学,スタンダード（内国株式）,JP,2025-03-31,東京都,8688340992.0,0.40060848,12.074967,17.034939,15.918688645601755,0.3398,0.020224718,52.95,74.7,32.86053841074583,29430148000.0,-34394000.0,0.02882,237038000.0,0.0135699995,0.01689,0.531551493430973,16792008000.0,13316443000.0,22559598000.0,6083029000.0,6380811000.0,5601274000.0,9688481800.0,1.1151129782913567
ウルトラファブリックス・ホールディングス,4235,化学,スタンダード（内国株式）,JP,2024-12-31,東京都,11371901952.0,0.6465523,7.2060304,19.839514,7.547192839366776,0.96900004,0.0,36.14,99.5,145.21515750311127,20296000000.0,2800000000.0,0.08307,1640000000.0,0.03824,0.04486,0.44695415854784126,21571000000.0,10643000000.0,10892000000.0,16852000000.0,2724000000.0,365000000.0,-10423500000.0,-0.9166012900917421
フジプレアム,4237,化学,スタンダード（内国株式）,JP,2025-03-31,兵庫県,11944283136.0,1.2072238,,57.103825,20.343188714935472,0.8197,0.014888338,7.32,,20.094496420434776,10620871000.0,220113000.0,-0.03677,262848000.0,0.00062,0.0005,0.6274787221314263,5946844000.0,4545678000.0,7157953000.0,4566394000.0,4212977000.0,998838000.0,1910295600.0,0.1599338845411643
ミライアル,4238,化学,スタンダード（内国株式）,JP,2025-01-31,東京都,12312135680.0,0.54324627,10.044215,16.666666,12.351036555634407,0.367,0.02210759,81.78,135.7,113.82156669379872,14003488000.0,1434665000.0,0.042129997,1058189000.0,0.05322,0.031170001,0.7887287535682653,6026008000.0,5492124000.0,12929673000.0,,6474413000.0,330668000.0,7135132600.0,0.5795203030121253
ライオン事務器,423A,卸売業,スタンダード（内国株式）,JP,2025-09-30,大阪府,11011061760.0,0.8583584,,11.260229,,0.0,0.014577259,30.55,,,37022000000.0,1175000000.0,0.013710001,912000000.0,0.01658,,0.4879469987228608,12830000000.0,10395000000.0,18337000000.0,1231000000.0,5945000000.0,255000000.0,5685500000.0,0.5163443929316404
クラスターテクノロジー,4240,化学,グロース（内国株式）,JP,2025-03-31,大阪府,2487662592.0,1.4118408,,13.1389065,32.6295582783797,0.120299995,0.0,33.26,,10.075550821137366,1022740000.0,108734000.0,0.14737001,100655000.0,0.15691,0.120179996,0.8995761117195878,184388000.0,172617000.0,1320313000.0,10797000.0,989050000.0,,1135925000.0,0.4566234197728371
アテクト,4241,化学,スタンダード（内国株式）,JP,2025-03-31,,3969992448.0,2.1811736,,40.161,-13.760323996728724,0.44799998,0.011135858,22.36,,-55.27166587460051,3201630000.0,80638000.0,0.07192,40176000.0,0.040209997,0.07443,0.3658628867235573,2971609000.0,1612023000.0,1521474000.0,2354399000.0,467800000.0,,-1450135000.0,-0.3652739945967776
タカギセイコー,4242,化学,スタンダード（内国株式）,JP,2025-03-31,富山県,5575593984.0,0.48873624,,,5.012415772511039,0.122600004,0.020408163,-716.32,,428.4684684684685,44293000000.0,1164000000.0,0.079629995,-2250000000.0,-0.03728,-0.12177,0.31114686153678356,21039000000.0,15496000000.0,20709000000.0,7469000000.0,5570000000.0,1479000000.0,705300000.0,0.12649773316062177
ニックス,4243,化学,スタンダード（内国株式）,JP,2025-09-30,神奈川県,2132290944.0,0.46648237,,10.988748,9.079038046838983,0.2393,0.021231422,83.54,,78.46985357450474,4403000000.0,213372000.0,0.07785,194094000.0,0.05027,0.04918,0.7466479342067724,1516757000.0,924102000.0,3891068000.0,197027000.0,2110165000.0,55290000.0,2413014000.0,1.131653260916349
ダイキアクシス,4245,化学,スタンダード（内国株式）,JP,2024-12-31,愛媛県,10270052352.0,1.0658001,,39.07118,43.73343630549584,1.2103,0.032697547,19.81,,15.400223641296488,46818000000.0,1049000000.0,0.040409997,352000000.0,0.00954,0.04829,0.2566148335097289,27393000000.0,20742000000.0,20506000000.0,16724000000.0,8213000000.0,1347000000.0,-5944100000.0,-0.5787799123382696
ダイキョーニシカワ,4246,化学,プライム（内国株式）,JP,2025-03-31,広島県,62175731712.0,0.74215704,9.797613,9.310583,8.760125909972627,0.3749,0.041666668,101.39,96.35,81.34000039980678,168561000000.0,10007000000.0,0.07407,6498000000.0,0.0,0.10488,0.5650840482938002,64607000000.0,43031000000.0,73097000000.0,27045000000.0,30922000000.0,1480000000.0,9526000000.0,0.15321090299547643
ポバール興業,4247,化学,スタンダード（内国株式）,JP,2025-03-31,愛知県,3878092800.0,0.6587553,,21.185951,17.68399354825885,0.554,0.013049451,69.48,,70.47704866137751,3378056000.0,238593000.0,0.103870004,80503000.0,0.06058,0.03663,0.7977923859671345,1434715000.0,946955000.0,3013957000.0,220000000.0,1025602000.0,681271000.0,2056131700.0,0.5301914642166377
竹本容器,4248,化学,スタンダード（内国株式）,JP,2024-12-31,東京都,10775827456.0,0.89308125,9.022024,14.641745,29.05180063054269,0.5905,0.0,60.99,98.98,24.299999480658272,15626605000.0,945189000.0,0.06524,639886000.0,0.05321,0.064899996,0.641331680955893,6540801000.0,4457546000.0,11120390000.0,2254873000.0,6026949000.0,7384000.0,4584757800.0,0.42546689047505104
森六,4249,化学,プライム（内国株式）,JP,2025-03-31,東京都,37994942464.0,0.59524477,,,12.060064461607716,3.9882998,0.04238921,-479.43,,200.94421171620453,146174000000.0,4139000000.0,0.00863,-7814000000.0,-0.051409997,-0.09842,0.5107835743055666,59725000000.0,52805000000.0,72793000000.0,21018000000.0,19973000000.0,7553000000.0,18355100000.0,0.48309324372293383
恵和,4251,化学,プライム（内国株式）,JP,2024-12-31,東京都,25803102208.0,1.0641118,9.292725,9.487941,11.318359448984769,0.1727,0.02987304,144.71,147.75,102.92932417618921,21130440000.0,4739982000.0,0.18545,2790706000.0,0.110819995,0.096920006,0.7172038986774238,9052226000.0,7001000000.0,18903150000.0,3092662000.0,9936039000.0,147869000.0,9954432300.0,0.3857843223561594
ＴＨＥＣＯＯ,4255,情報・通信業,グロース（内国株式）,JP,2024-12-31,東京都,4202192128.0,7.7813296,-13.838174,39.059147,-1.3274527111192527,0.0,0.0,51.23,-144.6,-368.37470435213896,4331402000.0,-68334000.0,0.05293,-69325000.0,0.03602,0.38926,0.13268620773315842,2316498000.0,2235643000.0,2236020000.0,4513000.0,1601232000.0,,-80478000.0,-0.019151432763809127
サインド,4256,情報・通信業,グロース（内国株式）,JP,2025-03-31,東京都,8541453312.0,2.4615116,47.508415,61.347828,130.89430757579714,0.0,0.0,23.0,29.7,6.150000064241507,2241255000.0,237080000.0,0.17103,112234000.0,0.08462,0.061869998,0.6816258295111466,1548479000.0,762310000.0,2282370000.0,1153600000.0,2071316000.0,,733891000.0,0.08592109248773237
網屋,4258,情報・通信業,グロース（内国株式）,JP,2024-12-31,東京都,25042341888.0,8.641965,,50.50505,30.499002996762822,0.0,0.0,60.39,,37.989999365394596,4767519000.0,526392000.0,0.14907,384900000.0,0.12652001,0.30264,0.3937156986578619,3283174000.0,2961587000.0,4697042000.0,1066548000.0,3579003000.0,312712000.0,1632766400.0,0.06520022796998881
エクサウィザーズ,4259,情報・通信業,グロース（内国株式）,JP,2025-03-31,東京都,61808656384.0,16.490229,227.8125,,-73.33333303278688,0.0,0.0,-21.58,3.2,-7.500000030737705,9811000000.0,23000000.0,0.15436,-2576000000.0,-0.1245,-0.31689,0.35022779043280183,4486000000.0,2065000000.0,5229000000.0,2550000000.0,3008000000.0,40000000.0,771000000.0,0.012473980913126332
ハイブリッドテクノロジーズ,4260,情報・通信業,グロース（内国株式）,JP,2025-09-30,東京都,3264144896.0,1.5835401,,178.61635,108.1192869942469,0.0,0.0,1.59,,4.458039017827111,3024742000.0,28941000.0,-0.061929997,18732000.0,-0.00825,-0.0108,0.5480009528266033,1719662000.0,697268000.0,1334781000.0,1191584000.0,916620000.0,71593000.0,-334765900.0,-0.10255852931352225
アジアクエスト,4261,情報・通信業,グロース（内国株式）,JP,2024-12-31,東京都,5761357824.0,2.9288213,,19.960182,11.84925641579799,0.0,0.0,195.89,,134.27002878246464,4061428000.0,458783000.0,0.09432,295397000.0,0.05894,0.1586,0.6109014104784081,1075672000.0,930577000.0,2218522000.0,178658000.0,1520790000.0,,1142850000.0,0.19836469716205565
ニフティライフスタイル,4262,情報・通信業,グロース（内国株式）,JP,2025-03-31,東京都,9285332992.0,1.5589762,,12.987474,10.143760394679763,0.4439,0.015731875,112.57,,99.09999279542184,4938823000.0,1004034000.0,0.23497999,617746000.0,0.13619,0.1234,0.8270418628394209,1213645000.0,1035113000.0,5011437000.0,0.0,4182019000.0,18550000.0,3810777000.0,0.4104082215773269
サスメド,4263,情報・通信業,グロース（内国株式）,JP,2024-06-30,東京都,18750455808.0,4.524795,67.57576,,-28.022728760684355,0.0,0.0,-15.28,16.5,-21.411191077215676,,,-3.32609,,-0.53542,-0.060539998,0.933539480049618,327789000.0,321399000.0,4898414000.0,,4846920000.0,,4570625000.0,0.24376074090155792
セキュア,4264,情報・通信業,グロース（内国株式）,JP,2024-12-31,東京都,10605892608.0,3.644263,15.822891,56.18511,46.682320872089576,0.0,0.0,33.71,119.7,34.06000323669917,6247242000.0,305890000.0,0.06237,240561000.0,0.02734,0.0889,0.3387992697287009,2502213000.0,1539204000.0,2942262000.0,1429440000.0,1195606000.0,209923000.0,586995100.0,0.05534612895827655
Ｉｎｓｔｉｔｕｔｉｏｎ　ｆｏｒ　ａ　Ｇｌｏｂａｌ　Ｓｏｃｉｅｔｙ,4265,情報・通信業,グロース（内国株式）,JP,2025-03-31,東京都,1310594944.0,1.9674898,3.4461153,,-86.66657333144396,0.0,0.0,-41.09,79.8,-4.707697377622883,602926000.0,-303136000.0,-0.64035004,-336333000.0,-0.18711,-0.17297001,0.8829037284449682,64029000.0,64029000.0,678886000.0,,321597000.0,82315000.0,672477500.0,0.5131085718578814
ＢｅｅＸ,4270,情報・通信業,グロース（内国株式）,JP,2025-02-28,東京都,4804770304.0,1.6496452,17.326893,11.441939,21.929676118292367,0.0,0.0,188.08,124.2,175.9299875508056,9255650000.0,656652000.0,0.04086,499366000.0,0.042179998,0.15969,0.49857556056674107,2604033000.0,2604032000.0,4885231000.0,200000000.0,2337341000.0,15574000.0,2292099800.0,0.47704669629926183
日本化薬,4272,化学,プライム（内国株式）,JP,2025-03-31,東京都,299649564672.0,1.1027299,19.861319,13.73664,48.85867954804884,0.46220002,0.034351144,145.96,100.95,24.7899999804115,222584000000.0,20402000000.0,0.09345999,17508000000.0,0.09388,0.07911,0.7158690742504843,105190000000.0,55606000000.0,206794000000.0,42096000000.0,55425000000.0,35393000000.0,126379100000.0,0.4217563277234728
細谷火工,4274,化学,スタンダード（内国株式）,JP,2025-03-31,東京都,5903635968.0,1.7185695,,36.098873,38.3192855541328,0.2446,0.0,40.86,,34.64367816091954,2038992000.0,290738000.0,0.23243,219802000.0,0.06562,0.03848,0.7132014590629596,1285604000.0,911370000.0,2126000000.0,635015000.0,725351000.0,486734000.0,1181109800.0,0.2000648086030497
カーリット,4275,化学,プライム（内国株式）,JP,2025-03-31,東京都,68325507072.0,1.7402012,22.312223,25.576096,9.334920747940497,0.3037,0.01280683,118.47,135.8,110.22953880096738,36914000000.0,3047000000.0,0.11806,2570000000.0,0.09206,0.087,0.7069720063381876,15534000000.0,9935000000.0,22906000000.0,1130000000.0,4945000000.0,8631000000.0,13413700000.0,0.1963205334995161
ソルクシーズ,4284,情報・通信業,スタンダード（内国株式）,JP,2024-12-31,東京都,9705468928.0,1.4739785,,15.622983,12.109235168644801,0.38729998,0.0,30.98,,30.999440623100302,16041121000.0,920827000.0,0.072680004,562535000.0,0.04833,0.11309,0.623707988856791,3764366000.0,3034908000.0,8131225000.0,1000386000.0,4727651000.0,1068385000.0,5114728500.0,0.5269944747588811
ＣＬホールディングス,4286,サービス業,スタンダード（内国株式）,JP,2024-12-31,東京都,12386127872.0,1.5787954,16.797672,58.81753,16.569203310227888,0.2546,0.0,19.62,68.7,50.32999854620984,38282882000.0,305335000.0,0.057210002,164436000.0,0.01613,0.07619,0.3291278274447945,14739859000.0,12511199000.0,16082170000.0,7794853000.0,4756730000.0,1414710000.0,2332608000.0,0.1883242304702084
ジャストプランニング,4287,情報・通信業,スタンダード（内国株式）,JP,2025-01-31,東京都,5779435008.0,1.5420033,,14.126074,11.82709731164792,0.2865,0.02008032,34.9,,27.904608280604435,2202970000.0,490291000.0,0.25153,364215000.0,0.17579001,0.11979,0.9147745379668376,342579000.0,324605000.0,3343476000.0,,2870859000.0,10228000.0,3008056600.0,0.5204758935494893
アズジェント,4288,情報・通信業,スタンダード（内国株式）,JP,2025-03-31,東京都,2461008384.0,1.4629798,,,-4.589962737632402,0.0,0.0080256825,-64.05,,-117.43014721684371,2971173000.0,-205464000.0,0.032980002,-440466000.0,0.083979994,0.22186,0.21423268666314363,1234134000.0,1096059000.0,1440907000.0,400000000.0,663993000.0,29518000.0,227435600.0,0.09241561364790539
サイプレス・ホールディングス,428A,小売業,スタンダード（内国株式）,JP,2025-08-31,東京都,10361359360.0,4.222236,,23.695715,,0.0,0.0,34.31,,,11288362000.0,765032000.0,0.06696,436732000.0,0.03971,,0.20291251250882664,9178358000.0,3238008000.0,2002743000.0,6899270000.0,893759000.0,753464000.0,-6648190200.0,-0.6416330105936988
プレステージ・インターナショナル,4290,サービス業,プライム（内国株式）,JP,2025-03-31,東京都,87781711872.0,1.865156,14.6954155,16.834532,14.268856617290064,0.5994,0.036390103,41.7,47.77,45.19999231691385,63719802000.0,7961149000.0,0.13306,4870043000.0,0.07851,0.12312999,0.646619012796748,21948756000.0,19095157000.0,42224013000.0,321459000.0,23407674000.0,9592066000.0,26989703200.0,0.3074638512331062
セプテーニ・ホールディングス,4293,サービス業,スタンダード（内国株式）,JP,2024-12-31,東京都,86288842752.0,1.2966206,16.27543,24.747175,12.948131319725528,1.0702,0.0,16.81,25.56,30.452326322498408,28284209000.0,3129260000.0,0.17808,5525805000.0,0.11517999,0.051119998,0.7157130129277451,27682598000.0,26211042000.0,45977690000.0,,23730478000.0,7252691000.0,23371975700.0,0.2708574475517379
ハイマックス,4299,情報・通信業,スタンダード（内国株式）,JP,2025-03-31,神奈川県,13570866176.0,1.2818431,,12.468876,13.405361675194406,0.4405,0.035825547,104.42,,101.90847723602175,18066000000.0,1806000000.0,0.098409995,1293000000.0,0.06408,0.10637,0.8164934164934164,2648000000.0,2402000000.0,12575000000.0,,9469000000.0,543000000.0,10307100000.0,0.7595019998228298
テクセンドフォトマスク,429A,その他製品,プライム（内国株式）,JP,2025-03-31,東京都,335604318208.0,2.031167,,24.752838,,0.0,0.0,136.55,,,117974000000.0,28200000000.0,0.20396,9945000000.0,0.0,,0.6937681816014116,51371000000.0,33314000000.0,64082000000.0,798000000.0,27715000000.0,4403000000.0,15793100000.0,0.04705869127170108
アミューズ,4301,サービス業,プライム（内国株式）,JP,2025-03-31,,34036580352.0,0.9062142,20.192308,7.2411294,62.56730198741583,0.1379,0.019588638,290.01,104.0,23.573045482533306,68186000000.0,2798000000.0,0.096049994,1648000000.0,0.07516,0.14023,0.5662628819381667,23723000000.0,22116000000.0,47953000000.0,281000000.0,27793000000.0,4071000000.0,27079700000.0,0.7956057782523028
野村総合研究所,4307,情報・通信業,プライム（内国株式）,JP,2025-03-31,東京都,2503662370816.0,4.9923806,25.004295,24.569595,30.547069851042217,0.3884,0.016582552,177.74,174.65,136.83999989326745,764813000000.0,134005000000.0,0.19354999,93762000000.0,0.13164,0.22697,0.4674631475895018,490543000000.0,239482000000.0,419424000000.0,271023000000.0,168597000000.0,80969000000.0,-14440700000.0,-0.005767830426469784
Ｊストリーム,4308,情報・通信業,グロース（内国株式）,JP,2025-03-31,東京都,10095732736.0,0.9521576,21.945946,20.039486,31.925785928118735,0.6907,0.034739453,20.26,18.5,11.99517194691072,11800312000.0,916482000.0,0.091520004,550856000.0,0.0361,0.04356,0.8011770152267509,2127075000.0,1977774000.0,10439180000.0,59375000.0,4432698000.0,8698000.0,8318193600.0,0.823931637011196
ドリームインキュベータ,4310,サービス業,プライム（内国株式）,JP,2025-03-31,東京都,27180269568.0,2.490297,,25.0,-11.830761208728074,0.0,0.0,123.4,,-202.21849122232703,6183000000.0,258000000.0,0.09979,170000000.0,0.13029,0.07447,0.8205839692249479,2702000000.0,1275000000.0,15428000000.0,,5659000000.0,65000000.0,12771500000.0,0.4698812853216217
ビーマップ,4316,情報・通信業,グロース（内国株式）,JP,2025-03-31,東京都,4282401280.0,13.537956,,,8.750266347973948,0.0,0.0,-56.12,,46.96999881554047,1494314000.0,-182806000.0,-0.13437,-179556000.0,-0.13146,-0.53535,0.5251202597114628,424131000.0,329686000.0,835578000.0,82135000.0,155112000.0,38303000.0,438259100.0,0.10233956870104428
レイ,4317,サービス業,スタンダード（内国株式）,JP,2025-02-28,東京都,9130163200.0,1.2193065,,8.340343,7.327182174230217,0.18030001,0.021582734,83.21,,57.303802027090605,10456954000.0,927437000.0,0.1709,745577000.0,0.10183,0.19201,0.7450262072280354,2325605000.0,2153322000.0,5356499000.0,769429000.0,2867336000.0,292438000.0,3235600600.0,0.35438584493210373
クイック,4318,サービス業,プライム（内国株式）,JP,2025-03-31,大阪府,52810252288.0,2.7813575,5.548349,17.212366,11.785426464589632,0.6037,0.035869565,54.67,169.6,62.470715062097966,32501017000.0,4533486000.0,0.047069997,3583562000.0,0.11617,0.21108,0.7098440220840883,7288572000.0,7010182000.0,19406416000.0,120740000.0,15052626000.0,1762665000.0,13351709500.0,0.2528241945746942
ユーソナー,431A,情報・通信業,グロース（内国株式）,JP,2024-12-31,東京都,14429912064.0,3.4414752,,22.779778,,0.0,0.0,80.51,,,6074883000.0,910962000.0,0.11748,634157000.0,0.12349,0.25606,0.5379625833642596,2283327000.0,1989508000.0,3870963000.0,306674000.0,3222573000.0,,1587636000.0,0.1100239553060661
ＣＥホールディングス,4320,情報・通信業,スタンダード（内国株式）,JP,2025-09-30,北海道,21966432256.0,2.8106337,,13.350864,53.3174373432165,0.2226,0.017282011,98.87,,8.19244152679709,15831137000.0,1411603000.0,0.12961,1557814000.0,0.1014,0.25094,0.6515542236617192,3904013000.0,2855292000.0,9076418000.0,1583346000.0,4732751000.0,408208000.0,5458150600.0,0.24847688219870748
日本システム技術,4323,情報・通信業,プライム（内国株式）,JP,2025-03-31,東京都,51637891072.0,3.328882,,17.920563,20.754762167442227,0.32580003,0.018401938,116.57,,85.08000098005894,29324949000.0,3188390000.0,0.11724,2443453000.0,0.08823,0.18988001,0.6443926632272698,8080959000.0,6057990000.0,16647188000.0,68127000.0,7110014000.0,1667447000.0,9733441900.0,0.1884941793309959
電通グループ,4324,サービス業,プライム（内国株式）,JP,2024-12-31,東京都,759423041536.0,2.0259387,9.060081,,-85.57828677670344,0.0,0.0,-1262.06,322.9,-40.52166488505985,1410961000000.0,120970000000.0,0.12949,-192172000000.0,-0.22825001,-0.52415,0.19868444312654324,2738225000000.0,2067395000000.0,2177355000000.0,547273000000.0,371989000000.0,146188000000.0,-458538400000.0,-0.6037983770844847
インテージホールディングス,4326,情報・通信業,プライム（内国株式）,JP,2025-06-30,東京都,64957644800.0,1.9314802,20.14218,23.980816,22.382043804312985,0.65589994,0.013368984,70.89,84.4,64.47005878030859,65571087000.0,4241171000.0,0.10255,3505060000.0,0.04151,0.08194,0.7060323181180401,13601606000.0,12567135000.0,30533345000.0,339574000.0,15269232000.0,2561762000.0,18724972400.0,0.2882643368252169
テイクアンドギヴ・ニーズ,4331,サービス業,プライム（内国株式）,JP,2025-03-31,東京都,10922470400.0,0.61545044,5.1944447,4.1822753,9.872339713147232,0.16780001,0.041152265,178.85,144.0,103.06999989754921,47668000000.0,4105000000.0,0.14518,3547000000.0,0.03839,0.11264,0.3406772975714205,35031000000.0,14049000000.0,14515000000.0,23704000000.0,9074000000.0,15000000.0,-20505500000.0,-1.8773683286887186
東邦システムサイエンス,4333,情報・通信業,プライム（内国株式）,JP,2025-03-31,東京都,20012197888.0,2.2034802,,16.02555,20.0916108834719,0.625,0.004966696,72.01,,59.32051608380269,17342598000.0,1658699000.0,0.10106,1194944000.0,-0.0047299997,-0.00914,0.6798306537205075,4154220000.0,2021500000.0,11420690000.0,,9166329000.0,580984000.0,7673158800.0,0.38342409179359
ユークス,4334,情報・通信業,スタンダード（内国株式）,JP,2025-01-31,大阪府,3350571008.0,1.39607,,15.82505,-3.022364738148585,0.3973,0.025125628,25.15,,-160.6758834028271,3255738000.0,87859000.0,-0.05427,198412000.0,0.04117,0.06427,0.8006608889519499,626591000.0,496854000.0,2799559000.0,0.0,1690278000.0,119709000.0,2256764300.0,0.6735461790278823
ＩＰＳホールディングス,4335,情報・通信業,スタンダード（内国株式）,JP,2024-06-30,大阪府,2802769408.0,1.6409649,,9.84252,11.598314790160844,0.3053,0.03127572,124.46,,99.29002140940813,,,0.123730004,,0.07582,0.17729001,0.5732934666480234,1104727000.0,732924000.0,2224740000.0,,1027332000.0,4945000.0,1123474500.0,0.40084442794089464
ぴあ,4337,サービス業,プライム（内国株式）,JP,2025-03-31,東京都,46391508992.0,4.715187,,16.000212,43.566957057245084,0.0,0.0,189.06,,73.22062901497755,45362000000.0,2769000000.0,0.07143,1591000000.0,0.0,0.38563,0.07083700440528634,94911000000.0,76265000000.0,79662000000.0,17619000000.0,46301000000.0,1125000000.0,-14461500000.0,-0.31172730342731075
西菱電機,4341,サービス業,スタンダード（内国株式）,JP,2025-03-31,大阪府,3186379264.0,0.59421736,,7.800337,10.646605190505337,0.1846,0.02373581,124.61,,81.18535187561032,19296000000.0,280000000.0,0.05126,81000000.0,0.02901,0.11243,0.4475288303130148,6707000000.0,6455000000.0,10513000000.0,900000000.0,905000000.0,118000000.0,3888600000.0,1.2203820317103344
イオンファンタジー,4343,サービス業,プライム（内国株式）,JP,2025-02-28,,51964874752.0,6.905943,24.100918,,37.18132075465092,0.0,0.0,-21.8,109.0,66.45999944290642,87240584000.0,4344861000.0,0.014989999,-1816753000.0,0.015149999,0.18395,0.1230662697678689,46831210000.0,30758292000.0,12185447000.0,34846033000.0,6167459000.0,5323000.0,-34642036900.0,-0.6666433252331992
ソースネクスト,4344,情報・通信業,プライム（内国株式）,JP,2025-03-31,東京都,18118635520.0,2.98256,23.603603,,-15.179655633405591,0.0,0.0,-21.79,5.55,-16.008268294653163,11455896000.0,-3480480000.0,-0.09589,-3896757000.0,-0.33985,-0.51628,0.4583143781171513,7854947000.0,6165215000.0,11342672000.0,5378810000.0,6008174000.0,2152084000.0,4994183800.0,0.27563796371350596
シーティーエス,4345,サービス業,プライム（内国株式）,JP,2025-03-31,長野県,40150966272.0,2.705408,19.003906,16.314554,17.2099329184456,0.4445,0.027207391,59.64,51.2,43.84230879544437,11821000000.0,3078000000.0,0.28829,2190000000.0,0.20917,0.19347,0.7536299765807962,4208000000.0,2393000000.0,7002000000.0,1811000000.0,4529000000.0,6206000000.0,7138200000.0,0.17778401524991325
ＮＥＸＹＺ．Ｇｒｏｕｐ,4346,その他金融業,スタンダード（内国株式）,JP,2025-09-30,東京都,9821177856.0,2.5060077,,10.638298,18.149814471966483,0.28190002,0.0269179,70.97,,46.96634680611547,28433000000.0,1821000000.0,0.05065,922000000.0,0.03227,0.18622999,0.17751260917702055,16359000000.0,11062000000.0,15914000000.0,6954000000.0,8447000000.0,5832000000.0,3637400000.0,0.37036290894353596
ブロードメディア,4347,サービス業,スタンダード（内国株式）,JP,2025-03-31,東京都,15623587840.0,3.2596104,16.61865,27.54807,12.93646207595254,0.6291,0.022893773,79.57,131.9,93.5,15533925000.0,707021000.0,0.07643,335267000.0,0.048130002,0.13813,0.4098254679053405,5519050000.0,4877248000.0,7603869000.0,1154357000.0,5621071000.0,169455000.0,2203437500.0,0.14103274629139217
メディカルシステムネットワーク,4350,小売業,スタンダード（内国株式）,JP,2025-03-31,北海道,15228046336.0,0.89904624,5.8539324,10.100814,10.054301724945397,0.2326,0.022944551,51.58,89.0,61.890000838509685,122387000000.0,3154000000.0,0.03122,1262000000.0,0.0064,0.052020002,0.23034312753237185,54242000000.0,24377000000.0,22627000000.0,29789000000.0,8461000000.0,702000000.0,-31123600000.0,-2.0438340751841535
山田再生系債権回収総合事務所,4351,その他金融業,スタンダード（内国株式）,JP,2024-12-31,神奈川県,3637669376.0,1.079747,,,33.000435062652826,0.85760003,0.0,-33.56,,28.2690771782853,2290206000.0,36036000.0,0.2722,49698000.0,0.031140001,0.021140002,0.5008900698307244,3336204000.0,2236050000.0,5969557000.0,2150977000.0,917158000.0,370028000.0,2892372600.0,0.795116955675743
応用技術,4356,情報・通信業,スタンダード（内国株式）,JP,2024-12-31,大阪府,10317302784.0,9.783591,14.537409,12.886892,12.027666495461567,0.214,0.0,140.22,124.3,125.41077077173851,7837811000.0,937669000.0,-0.19424999,725662000.0,0.027460001,0.06505,0.7730860996593039,1616988000.0,1526176000.0,6546219000.0,,626221000.0,200000.0,4929371000.0,0.47777709961603854
マナック・ケミカル・パートナーズ,4360,化学,スタンダード（内国株式）,JP,2025-03-31,東京都,9081525248.0,0.821134,,,61.754683555068596,1.4563,0.0045045046,-36.44,,10.229377574809185,9304000000.0,-342000000.0,0.06653,-895000000.0,-0.020399999,-0.01935,0.814882176182192,2341000000.0,2190000000.0,9045000000.0,,2767000000.0,1520000000.0,7768000000.0,0.8553629250450772
川口化学工業,4361,化学,スタンダード（内国株式）,JP,2024-11-30,東京都,1984342400.0,0.63355637,,7.1378527,7.093832185013325,0.2627,0.0371517,228.36,,209.88296211238233,8920750000.0,378140000.0,0.08420999,336275000.0,0.03381,0.09912,0.33785209971667457,5649136000.0,4887192000.0,6338634000.0,3091687000.0,744643000.0,55097000.0,728065900.0,0.3669053788297826
日本精化,4362,化学,プライム（内国株式）,JP,2025-03-31,大阪府,60653592576.0,1.2199931,15.731158,13.586904,16.432007549005228,0.4079,0.03042376,205.86,177.8,146.40309591930463,35663736000.0,4895384000.0,0.11626001,3870959000.0,0.0,0.09232,0.8054111655135132,10726874000.0,7416814000.0,32213928000.0,1100000000.0,12300114000.0,10871513000.0,29097113100.0,0.47972612773993256
松本油脂製薬,4365,化学,スタンダード（内国株式）,JP,2025-03-31,大阪府,60926459904.0,0.70670015,,8.920418,,,0.01904762,2354.15,,,43131000000.0,9282000000.0,0.21073,6830000000.0,0.16654,0.081140004,0.8341510048429965,13824000000.0,11018000000.0,66121000000.0,,32037000000.0,20707000000.0,66791900000.0,1.0962708173959557
ダイトーケミックス,4366,化学,スタンダード（内国株式）,JP,2025-03-31,大阪府,14782576640.0,0.9257149,,18.214285,-7.393684700581565,0.1454,0.008240449,25.2,,-31.2063344201211,18644000000.0,848000000.0,0.058319997,820000000.0,0.04427,0.054780003,0.6105219893136046,9476000000.0,6298000000.0,13530000000.0,5448000000.0,2775000000.0,2100000000.0,5524000000.0,0.3736831632621253
広栄化学,4367,化学,スタンダード（内国株式）,JP,2025-03-31,東京都,11493897216.0,0.91990274,,,35.95762422089267,1.6961,0.0064294897,-62.75,,61.258604118445746,20018256000.0,566265000.0,0.08425,288382000.0,0.00377,0.0056,0.613770266196105,13602479000.0,7265787000.0,13039523000.0,7473129000.0,324825000.0,96000.0,-562888800.0,-0.04897284092783034
扶桑化学工業,4368,化学,プライム（内国株式）,JP,2025-03-31,大阪府,338548850688.0,2.992226,33.386658,26.24672,18.884791766490377,0.216,0.008494624,365.76,287.54,236.70000329943952,69501527000.0,16230509000.0,0.23813999,11622785000.0,0.1752,0.12186,0.7353176830888928,37453096000.0,18489603000.0,67052435000.0,20000000000.0,31295730000.0,714487000.0,30099479900.0,0.08890734627759553
トリケミカル研究所,4369,化学,プライム（内国株式）,JP,2025-01-31,山梨県,123325308928.0,3.572622,22.468918,21.598087,47.39657789080613,0.1993,0.009271523,175.71,168.9,76.0299989564676,18905888000.0,5256445000.0,0.24559,4961998000.0,0.24178,0.17899,0.8550016310914064,5356905000.0,4182189000.0,21456391000.0,1778121000.0,9439328000.0,3923209000.0,18845732300.0,0.15281317730979738
サイバーソリューションズ,436A,情報・通信業,グロース（内国株式）,JP,2025-04-30,東京都,19190972416.0,12.217176,,19.15564,,,0.0,63.48,,,3126231000.0,1219830000.0,0.0,902661000.0,0.0,,0.44513049581326125,3016057000.0,1946791000.0,1364370000.0,665248000.0,923689000.0,124863000.0,-1564282900.0,-0.08151139327863437
モビルス,4370,情報・通信業,グロース（内国株式）,JP,2025-08-31,東京都,2360274688.0,1.7897277,-46.0,25.706772,-2.907841290535951,0.0,0.0,15.21,-8.5,-125.17877133965254,1854738000.0,90641000.0,-0.18455,90971000.0,0.04854,0.05572,0.6160424943208122,776347000.0,476346000.0,1404465000.0,305548000.0,1039144000.0,,628118000.0,0.26612072026762335
コアコンセプト・テクノロジー,4371,情報・通信業,グロース（内国株式）,JP,2024-12-31,東京都,17723273216.0,3.5608423,9.462915,13.106624,31.270499440755184,0.0,0.017806936,84.69,117.3,72.66000040254724,19166906000.0,2007379000.0,0.1118,1439468000.0,0.07193,0.32461,0.5237735417481867,3814232000.0,3582568000.0,5828151000.0,906722000.0,2195129000.0,196091000.0,2151182700.0,0.12137615178543779
ユミルリンク,4372,情報・通信業,グロース（内国株式）,JP,2024-12-31,東京都,4341387264.0,1.4469748,,9.717814,10.72766864595701,0.15439999,0.0,116.59,,107.11500105051388,2669470000.0,637593000.0,0.25428,469681000.0,0.11853,0.12385,0.8287211132206302,588381000.0,538339000.0,2969032000.0,59080000.0,2540460000.0,,2380651000.0,0.5483618150679681
シンプレクス・ホールディングス,4373,情報・通信業,プライム（内国株式）,JP,2025-03-31,東京都,193971339264.0,3.7197473,5.650124,20.493944,26.428042194862837,0.29659998,0.015024038,42.11,152.74,25.86749995820649,47394000000.0,10804000000.0,0.25531,7781000000.0,0.18611999,0.20173,0.6176760902027284,30212000000.0,14674000000.0,27559000000.0,18625000000.0,13438000000.0,4459000000.0,468300000.0,0.002414274200389118
ＲＯＢＯＴ　ＰＡＹＭＥＮＴ,4374,情報・通信業,グロース（内国株式）,JP,2024-12-31,東京都,8813841408.0,6.8217425,,21.458763,66.79915059030796,0.1348,0.0,111.19,,39.37999980333653,2762014000.0,479696000.0,0.19976999,320759000.0,0.16645999,0.44499,0.1734600969463768,5461250000.0,5456423000.0,6015823000.0,0.0,3883828000.0,188480000.0,686509000.0,0.077889874371563
セーフィー,4375,情報・通信業,グロース（内国株式）,JP,2024-12-31,東京都,47348629504.0,5.2050486,-265.625,,-30.376428490998038,0.0,0.0,-6.21,-3.2,-26.336210006949223,15049858000.0,-580565000.0,0.0027,-1552485000.0,0.02296,0.04902,0.7753032972254301,2454920000.0,2408521000.0,10246326000.0,2548000.0,6799232000.0,567842000.0,8188895400.0,0.17294894246745207
くふうカンパニーホールディングス,4376,情報・通信業,グロース（内国株式）,JP,2025-09-30,東京都,10403376128.0,1.2822307,15.818182,,55.058365769480524,0.0,0.0,-39.25,11.0,5.139999998998701,14110000000.0,523000000.0,0.044,-2347000000.0,-0.14395,-0.16837999,0.48559296329996965,6849000000.0,5899000000.0,12769000000.0,3395000000.0,7434000000.0,,5920000000.0,0.5690460411276211
ワンキャリア,4377,情報・通信業,グロース（内国株式）,JP,2024-12-31,東京都,35232681984.0,6.463012,9.748444,57.474304,99.32557661686658,0.294,0.0,34.05,200.75,13.360297843808665,5401367000.0,1296146000.0,0.22659001,923371000.0,0.19799,0.31381,0.7053611762362547,1689284000.0,1684925000.0,4683196000.0,105917000.0,4309661000.0,186164000.0,3124226800.0,0.08867411233180562
ＣＩＮＣ,4378,情報・通信業,グロース（内国株式）,JP,2025-10-31,東京都,1399415808.0,1.300076,,,47.34694014328634,0.0,0.0,-49.91,,14.699999575340895,1824903000.0,-112745000.0,-0.06321,-152586000.0,-0.083330005,,0.7649797733660554,324354000.0,290682000.0,1071280000.0,,847798000.0,,746926000.0,0.5337412909944776
Ｐｈｏｔｏｓｙｎｔｈ,4379,情報・通信業,グロース（内国株式）,JP,2024-12-31,東京都,6740036608.0,2.822573,,37.457043,-39.72292782398099,0.0,0.0,11.64,,-11.303295718522937,2961529000.0,76337000.0,0.01597,155244000.0,0.08599,0.098620005,0.6211258189597539,1278245000.0,1212689000.0,1869462000.0,92956000.0,1556437000.0,47918000.0,624759600.0,0.09269379920851611
Ｍマート,4380,情報・通信業,グロース（内国株式）,JP,2025-01-31,,6122735616.0,3.2123485,,15.45679,22.192357403661745,0.2591,0.0,81.0,,66.43429498484902,1294546000.0,521645000.0,0.45171002,345939000.0,0.29389998,0.2245,0.68155439402081,847457000.0,847456000.0,2584130000.0,,2222105000.0,,1736673000.0,0.2836433105917079
ビープラッツ,4381,情報・通信業,グロース（内国株式）,JP,2025-03-31,東京都,1360613632.0,5.039101,,,-23.98202328262577,0.0,0.0,-64.78,,-40.57205634959533,706256000.0,-207489000.0,-0.11236,-298069000.0,-0.19597,-0.46258998,0.261602529739054,803039000.0,644618000.0,195271000.0,696734000.0,68058000.0,,-607768000.0,-0.44668669025947255
ＨＥＲＯＺ,4382,情報・通信業,スタンダード（内国株式）,JP,2025-04-30,東京都,12926612480.0,2.7751389,63.909775,,-18.953036116118056,0.0,0.0,-4.85,13.3,-75.44965309193381,5929797000.0,306429000.0,0.08902001,-177709000.0,-0.011770001,0.03209,0.5692486488158329,2946233000.0,1487282000.0,4538859000.0,2054662000.0,1733938000.0,356294000.0,1842031800.0,0.14249918939319825
ラクスル,4384,情報・通信業,プライム（内国株式）,JP,2024-07-31,東京都,109968875520.0,6.6740746,42.24349,41.495407,32.40576762096788,0.0657,0.0015831135,45.74,44.93,34.519999890474786,,,0.06533,,0.0,,0.357431092264551,28185000000.0,17983000000.0,24981000000.0,18393000000.0,17014000000.0,7524000000.0,2062800000.0,0.01875803485527902
メルカリ,4385,情報・通信業,プライム（内国株式）,JP,2025-06-30,東京都,605966434304.0,5.464619,36.519924,21.141344,25.427632865314614,0.0,0.0,173.83,100.63,79.00853416601124,192633000000.0,27840000000.0,0.19157,26114000000.0,0.1432,0.30584,0.18255931352445826,444123000000.0,319511000000.0,420241000000.0,199375000000.0,153398000000.0,35607000000.0,1042900000.0,0.0017210524229743062
ＳＩＧグループ,4386,情報・通信業,スタンダード（内国株式）,JP,2025-03-31,東京都,5662136832.0,2.138109,,11.573533,11.023469245592562,0.3156,0.013171226,85.54,,42.07000309265862,8769202000.0,583754000.0,0.07467,480567000.0,0.0502,0.21184,0.42150371120073155,3364325000.0,1843481000.0,3727904000.0,1610964000.0,2207245000.0,233094000.0,526744800.0,0.09302933073306555
ＺＵＵ,4387,情報・通信業,グロース（内国株式）,JP,2025-03-31,東京都,3158508032.0,2.4352374,,455.47943,-110.42485663042756,0.0,0.0,1.46,,-9.50872866889168,2993718000.0,14469000.0,0.00463,120104000.0,0.02496,0.04073,0.14461692377871777,3348316000.0,3127543000.0,5380492000.0,297180000.0,2623451000.0,3974970000.0,4814655000.0,1.5243447068112441
エーアイ,4388,情報・通信業,スタンダード（内国株式）,JP,2025-03-31,東京都,2575185920.0,1.19326,,,39.77284248803828,0.0,0.0,-1.52,,22.175935759815566,1486037000.0,109036000.0,0.19386,-18039000.0,0.07195,,0.7963076318131054,442166000.0,356158000.0,2121682000.0,129027000.0,1588951000.0,,1679516000.0,0.6521921337625207
プロパティデータバンク,4389,情報・通信業,グロース（内国株式）,JP,2025-03-31,東京都,9528769536.0,2.2547348,10.293741,15.479163,20.891713853710485,0.2305,0.014869888,52.07,78.3,25.658070966013753,3320014000.0,936585000.0,0.28570998,634460000.0,0.18607001,0.16114001,0.7957916813199468,987715000.0,856353000.0,3258092000.0,204000.0,2669966000.0,265095000.0,2455943500.0,0.25773983626336705
インフキュリオン,438A,情報・通信業,グロース（内国株式）,JP,2025-03-31,東京都,19605436416.0,3.547303,,256.33423,,0.0,0.0,3.71,,,7174418000.0,143190000.0,0.0,74724000.0,0.0,,0.46119688932359165,2819943000.0,1660741000.0,4002119000.0,1379600000.0,1615931000.0,14488000.0,1192317600.0,0.06081566228369951
ＩＰＳ,4390,情報・通信業,プライム（内国株式）,JP,2025-03-31,東京都,42578124800.0,2.6526365,13.878246,13.513514,11.36583049196704,0.1658,0.012678289,241.24,234.9,215.75999269384153,15264000000.0,4414000000.0,0.3472,2544000000.0,0.18076,0.18786,0.36948918655278246,21049000000.0,16747000000.0,23637000000.0,10069000000.0,3918000000.0,,2588000000.0,0.06078238560661084
ロジザード,4391,情報・通信業,グロース（内国株式）,JP,2025-06-30,東京都,3441951232.0,2.093041,12.573791,12.376525,17.60968627601955,0.2092,0.013998128,86.05,84.7,77.03998828539702,2177041000.0,408054000.0,0.20798,283173000.0,0.13121,0.16024,0.8448389220171736,399775000.0,399774000.0,2048400000.0,,1707231000.0,,1648625000.0,0.4789797672531346
ＦＩＧ,4392,情報・通信業,プライム（内国株式）,JP,2024-12-31,大分県,10843658240.0,1.224578,,,44.64652066497047,0.94339997,0.02849003,-45.62,,6.879999958064762,12016000000.0,364000000.0,0.079239994,-1412000000.0,0.058790002,0.092180006,0.5138093740169865,7725000000.0,5080000000.0,10710000000.0,4763000000.0,2614000000.0,829000000.0,3565300000.0,0.3287912548597622
バンク・オブ・イノベーション,4393,情報・通信業,グロース（内国株式）,JP,2025-09-30,東京都,21222457344.0,3.4592438,,15.698495,23.79139448044693,0.0,0.0,340.16,,224.4509040606554,12366000000.0,2154000000.0,0.18691,1351000000.0,0.0933,0.20327,0.7320911494397583,2128000000.0,2027000000.0,7145000000.0,13000000.0,4186000000.0,,5017000000.0,0.23640052227120642
エクスモーション,4394,情報・通信業,グロース（内国株式）,JP,2024-11-30,東京都,2379326464.0,1.430234,,17.82648,382.7351238110469,0.4295,0.02567394,44.26,,2.21000010948807,1284756000.0,155544000.0,0.16111,99225000.0,0.091630004,0.07775,0.9050400272265552,167692000.0,167692000.0,1572021000.0,,1289463000.0,,1404329000.0,0.590221233297727
アクリート,4395,情報・通信業,グロース（内国株式）,JP,2024-12-31,東京都,8225409024.0,2.5661116,,54.952507,181.32722284877389,0.22639999,0.004132231,22.11,,5.85000015751212,6347970000.0,331881000.0,0.13908,73498000.0,0.12495,0.24018,0.4978251728199688,1497308000.0,1198645000.0,2669603000.0,502371000.0,1471151000.0,97553000.0,1240582100.0,0.15082315011694183
システムサポートホールディングス,4396,情報・通信業,プライム（内国株式）,JP,2025-06-30,石川県,26953005056.0,4.4839497,7.8586526,16.077608,15.695170627718303,0.3522,0.009563887,80.92,165.55,59.00999861923486,26938147000.0,2218650000.0,0.12554,1457638000.0,0.05696,0.27657,0.4411475575958484,7616102000.0,6081245000.0,10735179000.0,1985039000.0,5844937000.0,,3119077000.0,0.11572279207901025
チームスピリット,4397,情報・通信業,グロース（内国株式）,JP,2025-08-31,東京都,7022007296.0,4.11825,86.938774,19.346048,-35.29658103831205,0.0,0.0,22.02,4.9,-10.964234739334604,4922684000.0,269832000.0,0.07693,362659000.0,0.07756,0.2707,0.3630630850174062,2848915000.0,2848914000.0,3676953000.0,,2942807000.0,,828038000.0,0.11792041293828927
ブロードバンドセキュリティ,4398,情報・通信業,スタンダード（内国株式）,JP,2025-06-30,東京都,5880532480.0,2.6849422,10.5664835,41.669254,15.379669634253409,0.46580002,0.0,32.23,127.1,102.54001104342841,6103956000.0,257906000.0,0.09008,142725000.0,0.02962,0.08623,0.5549998314835138,1690043000.0,1304247000.0,2561039000.0,383300000.0,1426410000.0,236117000.0,1036277900.0,0.17622177983446832
ＡＤＥＫＡ,4401,化学,プライム（内国株式）,JP,2025-03-31,東京都,472566497280.0,1.534132,17.488512,18.761982,13.460084910041017,0.4072,0.022217475,255.57,274.18,224.86999950880335,407145000000.0,41010000000.0,0.094390005,25019000000.0,0.062979996,0.0817,0.5462717125928436,191343000000.0,122244000000.0,349889000000.0,64037000000.0,110117000000.0,42803000000.0,188508100000.0,0.3989028022194032
日油,4403,化学,プライム（内国株式）,JP,2025-03-31,東京都,715828428800.0,2.534103,18.95958,21.051926,14.206651375904269,0.33540002,0.01639882,149.06,165.51,141.1700002660176,238310000000.0,45308000000.0,0.17347,36497000000.0,0.14310999,0.12353,0.7797595717757198,77647000000.0,58325000000.0,211978000000.0,5041000000.0,87064000000.0,41864000000.0,163635800000.0,0.22859639742768484
ミヨシ油脂,4404,食料品,スタンダード（内国株式）,JP,2024-12-31,東京都,24279044096.0,0.5695932,,2.6482992,5.714069688596458,0.0668,0.0,898.69,,203.2900094950235,57033000000.0,2962000000.0,0.05155,2819000000.0,0.16168,0.26101,0.4267460732264187,41640000000.0,25562000000.0,33763000000.0,19722000000.0,7071000000.0,10356000000.0,-627800000.0,-0.025857690175843075
新日本理化,4406,化学,スタンダード（内国株式）,JP,2025-03-31,大阪府,8612247552.0,0.4457179,,18.377089,30.899976897846567,0.3182,0.017699115,12.57,,5.900812702840437,32703000000.0,829000000.0,0.011849999,522000000.0,0.00524,0.01049,0.47402649324342333,18525000000.0,9076000000.0,17584000000.0,7130000000.0,2942000000.0,9950000000.0,6024000000.0,0.6994689787570101
東邦化学工業,4409,化学,スタンダード（内国株式）,JP,2025-03-31,東京都,16527995904.0,0.7444733,,13.660063,19.644004278720953,0.3478,0.025575448,57.54,,25.96537949400799,53613000000.0,1815000000.0,0.04257,1543000000.0,0.02243,0.05659,0.3092894403347971,46786000000.0,23777000000.0,36943000000.0,28581000000.0,5900000000.0,3730000000.0,-7232000000.0,-0.43756061182528233
ハリマ化成グループ,4410,化学,プライム（内国株式）,JP,2025-03-31,東京都,25550045184.0,0.6681466,,25.509708,-17.957833639947935,1.0182,0.020289855,41.2,,-47.927795723065515,101006000000.0,2087000000.0,0.03857,763000000.0,0.017860001,0.04822,0.3731358202390948,62037000000.0,45878000000.0,52143000000.0,42562000000.0,4746000000.0,9292000000.0,-3389600000.0,-0.13266512742304823
サイエンスアーツ,4412,情報・通信業,グロース（内国株式）,JP,2025-08-31,東京都,19658088448.0,13.625522,,169.43475,-112.4553629741271,0.0,0.0,14.33,,-4.837474937724042,1654620000.0,107256000.0,0.11068,112172000.0,0.08967,0.121709995,0.6708865023972401,683834000.0,610690000.0,1834628000.0,67232000.0,1579273000.0,10000000.0,1157794000.0,0.058896570898163456
ボードルア,4413,情報・通信業,プライム（内国株式）,JP,2025-02-28,,58715652096.0,8.437251,13.41637,28.986622,43.625793651355856,0.0,0.0,65.03,140.5,36.35000018784964,11649705000.0,2460813000.0,0.20567,1799365000.0,0.1447,0.32797,0.5314336674165735,4031004000.0,2825770000.0,5384041000.0,1792250000.0,3486412000.0,280250000.0,1549212000.0,0.026384991815590172
フレクト,4414,情報・通信業,グロース（内国株式）,JP,2025-03-31,東京都,7935057920.0,2.4727585,9.382267,11.560849,47.3531554971837,0.0,0.0,111.67,137.6,68.94999848941818,7949168000.0,1085310000.0,0.17493999,720787000.0,0.09158,0.25643998,0.6483992869841257,1476197000.0,994036000.0,3733005000.0,517869000.0,2128101000.0,,2256808000.0,0.2844097702565982
ブロードエンタープライズ,4415,情報・通信業,グロース（内国株式）,JP,2024-12-31,大阪府,8467388416.0,5.1875887,,18.383139,14.656145147813145,0.0,0.0,74.96,,53.219996945539556,4697147000.0,738693000.0,0.12157,346004000.0,0.05612,0.29368,0.15188214153696308,6743179000.0,5390946000.0,6860637000.0,3504804000.0,1040934000.0,,117458000.0,0.013871809609920698
Ｔｒｕｅ　Ｄａｔａ,4416,情報・通信業,グロース（内国株式）,JP,2025-03-31,東京都,2556153600.0,2.2753913,,58.471764,37.7990431,0.0,0.0,9.03,,12.53999998746,1554285000.0,48469000.0,0.01535,13231000.0,0.027509999,0.04402,0.7931654729055363,281841000.0,278021000.0,1142272000.0,5480000.0,859557000.0,7485000.0,865670500.0,0.3386613777826184
グローバルセキュリティエキスパート,4417,情報・通信業,グロース（内国株式）,JP,2025-03-31,東京都,40265355264.0,10.0501,13.162813,60.243137,53.134647121149776,0.6041,0.004125791,44.42,203.3,51.67000128741687,8801647000.0,1615034000.0,0.21707001,1010077000.0,0.12521,,0.37819059379397796,5062248000.0,3630817000.0,4799420000.0,1929937000.0,1385388000.0,764371000.0,272231700.0,0.0067609412164654084
ＪＤＳＣ,4418,情報・通信業,グロース（内国株式）,JP,2024-06-30,東京都,14083383296.0,2.2428901,39.513275,27.32558,-34.232761128891475,0.0,0.0,32.68,22.6,-21.032483978989955,,,0.02019,,0.02108,0.099209994,0.4326812969759589,4244165000.0,2421990000.0,5181177000.0,1646575000.0,2297785000.0,396904000.0,1214844800.0,0.08626086320785173
Ｆｉｎａｔｅｘｔホールディングス,4419,情報・通信業,グロース（内国株式）,JP,2025-03-31,東京都,44733730816.0,4.458397,49.91414,51.536644,-587.535420405874,0.0,0.0,16.92,17.47,-1.5811812662430458,7702356000.0,950127000.0,0.16111,659715000.0,0.104779996,0.11806,0.47842775415163796,9399775000.0,8826340000.0,18079945000.0,1600600000.0,4454730000.0,46153000.0,8712477100.0,0.19476303319829052
ＮＥ,441A,情報・通信業,グロース（内国株式）,JP,,神奈川県,11253682176.0,2.6799328,,11.614441,,0.0,0.0,58.72,,,,,0.36821,,0.23948999,0.29357,,,,,,,,,
イーソル,4420,情報・通信業,スタンダード（内国株式）,JP,2024-12-31,,10683806720.0,1.8754965,,22.82697,85.66126165405862,0.2234,0.0,24.62,,6.704185653768432,11908042000.0,1113422000.0,0.1305,892392000.0,0.0493,0.10981,0.7138318511813094,1999818000.0,1746542000.0,5730165000.0,,3267624000.0,690630000.0,4213788000.0,0.39440885729538916
ディ・アイ・システム,4421,情報・通信業,スタンダード（内国株式）,JP,2025-09-30,東京都,2707966208.0,1.706469,13.591241,10.592787,10.222681872934976,0.3071,0.028784648,87.89,68.5,82.98001149025285,7222984000.0,356985000.0,0.02757,256229000.0,0.03078,0.14965999,0.5263409194306148,1472158000.0,1185053000.0,2210995000.0,0.0,1023623000.0,,738837000.0,0.27283833816585057
ＶＡＬＵＥＮＥＸ,4422,情報・通信業,グロース（内国株式）,JP,2025-07-31,東京都,2897127936.0,4.0862083,,,772.6495987329728,0.0,0.0,-9.63,,0.39,690858000.0,-73388000.0,-0.00546,-82265000.0,-0.01887,-0.01958,0.7778802925217384,202467000.0,202468000.0,850598000.0,,708887000.0,,648131000.0,0.22371500821425927
Ａｍａｚｉａ,4424,情報・通信業,グロース（内国株式）,JP,2025-09-30,東京都,1782447232.0,2.109409,,,-3.8607858965397903,0.0,0.0,-56.61,,-89.61905924648677,2843175000.0,-371167000.0,-0.08322,-372270000.0,-0.11158,,0.6206423979939174,554452000.0,543452000.0,1136376000.0,,460589000.0,103125000.0,654111500.0,0.3669738370128648
Ｋｕｄａｎ,4425,情報・通信業,グロース（内国株式）,JP,2025-03-31,東京都,25107845120.0,9.696891,-194.32315,,-300.5081344432049,0.0,0.0,-50.51,-11.45,-7.879986358397711,517549000.0,-800595000.0,-0.33469,-801723000.0,-0.51705,-0.17343001,0.9179054990967834,280036000.0,273151000.0,2882149000.0,200000000.0,2593858000.0,500000000.0,2952113000.0,0.11757731441669814
ＥｄｕＬａｂ,4427,情報・通信業,グロース（内国株式）,JP,2025-09-30,東京都,2207512576.0,1.708604,0.7061131,133.33333,-2.0864892261330366,0.0,0.0,1.62,305.9,-124.61123534381585,6229675000.0,391648000.0,-0.01852,16404000.0,-0.02358,-0.05057,0.3755144024367022,1777186000.0,1645275000.0,2818120000.0,515712000.0,1386914000.0,130741000.0,1132452700.0,0.5129994330777484
シノプス,4428,情報・通信業,グロース（内国株式）,JP,2024-12-31,大阪府,4551453696.0,2.3984916,,21.644894,28.586202023511685,0.4755,0.0,33.68,,33.149998995318185,1776478000.0,154914000.0,0.17832,108239000.0,0.10637,0.11851,0.8152446551892154,400038000.0,395363000.0,976318000.0,,612550000.0,99180000.0,645706000.0,0.14186808064585438
リックソフト,4429,情報・通信業,グロース（内国株式）,JP,2025-02-28,東京都,4275127296.0,1.3085796,9.082218,14.792899,26.056986212972223,0.0,0.0,64.22,104.6,59.17798733117992,9043848000.0,458672000.0,0.04414,355518000.0,0.030620001,0.104090005,0.45356406030678076,3649238000.0,3598411000.0,6260338000.0,,3296981000.0,,2611100000.0,0.6107654390649517
クラシコ,442A,繊維製品,グロース（内国株式）,JP,2025-10-31,東京都,3083152896.0,1.8645412,,18.149254,,0.0,0.0,83.75,,,3631916000.0,164982000.0,0.055609997,169892000.0,0.04654,0.17052999,0.5876499099490785,992057000.0,724438000.0,2180172000.0,474366000.0,398734000.0,,1188115000.0,0.385357145778086
東海ソフト,4430,情報・通信業,スタンダード（内国株式）,JP,2025-05-31,愛知県,8831399936.0,1.3896773,,9.727873,8.318260161124124,0.2906,0.030103996,189.25,,154.43345734544175,10680090000.0,1120485000.0,0.12055001,813368000.0,0.07612,,0.5389713418159937,5181721000.0,2821401000.0,5227063000.0,2489053000.0,2198681000.0,196924000.0,183188800.0,0.02074289482160759
スマレジ,4431,情報・通信業,グロース（内国株式）,JP,2025-04-30,大阪府,48941998080.0,5.9172974,29.173365,28.249027,35.94104132480339,0.1668,0.005798222,89.95,87.1,63.00000114266684,11066132000.0,2375385000.0,0.22501,1639394000.0,0.14031,0.22948,0.7184823731518789,3004105000.0,2805814000.0,7825243000.0,100000000.0,5912615000.0,,4821138000.0,0.09850717561876869
ウイングアーク１ｓｔ,4432,情報・通信業,プライム（内国株式）,JP,2025-02-28,東京都,95124709376.0,2.1086736,14.228675,18.115799,17.431496897575528,0.6211,0.04209749,151.47,192.85,156.02996997224548,28708071000.0,8216817000.0,0.26988,5929546000.0,0.19083,0.13116,0.6106699930178071,26590759000.0,14840239000.0,17824050000.0,8558328000.0,14715413000.0,5315992000.0,-5045514600.0,-0.05304105140607121
ヒト・コミュニケーションズ・ホールディングス,4433,情報・通信業,プライム（内国株式）,JP,2025-08-31,東京都,17200072704.0,1.0069715,9.554014,20.163145,-335.9690499943223,0.77309996,0.0,47.81,100.9,-2.4099896874859885,63596000000.0,2496000000.0,0.0211,853000000.0,0.01026,0.04519,0.4255548478761452,21917000000.0,13880000000.0,25939000000.0,8204000000.0,12133000000.0,600000000.0,4442000000.0,0.25825472231678304
サーバーワークス,4434,情報・通信業,スタンダード（内国株式）,JP,2025-02-28,東京都,15342422016.0,1.4882563,20.235525,,51.39062076122013,0.0,0.0,-76.5,101.9,80.43000055311776,35717021000.0,1072076000.0,-0.045489997,677331000.0,0.04923,0.054180004,0.5592147512804735,9033359000.0,8709173000.0,15222436000.0,0.0,6051973000.0,3806775000.0,8853819500.0,0.57708095180583
ミンカブ・ジ・インフォノイド,4436,情報・通信業,グロース（内国株式）,JP,2025-03-31,東京都,7239103488.0,6.5431204,8.162911,,-20.168415250060548,0.0,0.0,-337.38,57.7,-78.83613959184159,10548910000.0,-1911249000.0,0.0836,-5525955000.0,-0.42021,-1.42638,0.0309193582657134,9662400000.0,4376183000.0,2039279000.0,7917500000.0,542610000.0,438832000.0,-7315938600.0,-1.0106138988242628
ｇｏｏｄｄａｙｓホールディングス,4437,情報・通信業,グロース（内国株式）,JP,2025-03-31,東京都,5876976640.0,1.7018312,,21.366459,15.678663635253907,0.0995,0.0046838406,40.25,,40.0,8805273000.0,605135000.0,0.12694,337706000.0,0.0577,0.19607,0.5481349721945578,2502241000.0,2378762000.0,3523448000.0,500000000.0,1567787000.0,103501000.0,1093657700.0,0.18609189162950288
Ｗｅｌｂｙ,4438,情報・通信業,グロース（内国株式）,JP,2024-12-31,東京都,3020576512.0,11.105026,84.88372,,-10.742605425024937,0.0,0.0,-90.37,4.3,-64.5094902569589,528043000.0,-654446000.0,-0.12549,-804603000.0,-0.84882003,-0.9352,0.6939617543219364,328904000.0,328903000.0,973295000.0,200000000.0,740426000.0,30000000.0,665391000.0,0.22028609351776618
東名,4439,情報・通信業,スタンダード（内国株式）,JP,2025-08-31,三重県,31080869888.0,3.300509,6.4183736,12.936319,13.348004721377473,0.1189,0.009634889,79.93,161.1,51.15999921989397,29070434000.0,3292660000.0,0.1033,2432598000.0,0.08073,0.27204,0.590806266951255,6786048000.0,6644963000.0,14711856000.0,1521560000.0,7884265000.0,22554000.0,7941595800.0,0.25551394888938317
ヴィッツ,4440,情報・通信業,スタンダード（内国株式）,JP,2025-08-31,愛知県,6121612288.0,2.0878615,,14.409087,11.622316211765382,0.1409,0.01002004,106.53,,67.6700034144839,4856610000.0,1806331000.0,0.16314,424218000.0,0.09636,0.18745,0.6938345707347224,1234366000.0,909729000.0,2813136000.0,,2149108000.0,418706000.0,1871864200.0,0.30577960706027646
トビラシステムズ,4441,情報・通信業,スタンダード（内国株式）,JP,2025-10-31,,14089012224.0,5.43015,23.445377,22.779228,12.833403416409906,0.348,0.015053003,61.24,59.5,57.40999968044825,2805366000.0,898744000.0,0.19097,625676000.0,0.22282,0.24826,0.48227258883031776,2786046000.0,2690415000.0,4427085000.0,145670000.0,3736513000.0,326564000.0,1869633800.0,0.13270155283243795
バルテス・ホールディングス,4442,情報・通信業,グロース（内国株式）,JP,2025-03-31,大阪府,9109975040.0,2.666404,11.917099,17.857143,20.729002344461744,0.15529999,0.009029346,25.76,38.6,25.239999663892018,10795074000.0,940889000.0,0.09099,589094000.0,0.04995,0.17934999,0.5012095473109391,3246238000.0,2560531000.0,3988487000.0,1605438000.0,1937013000.0,213612000.0,891777400.0,0.09789021331939896
Ｓａｎｓａｎ,4443,情報・通信業,プライム（内国株式）,JP,2025-05-31,東京都,148530839552.0,8.886601,33.173214,73.00995,218.20615870933892,0.0,0.0,16.08,35.39,7.469999974525184,43202000000.0,2801000000.0,0.18194,424000000.0,0.04251,0.12727,0.3317355785261754,31948000000.0,27792000000.0,35392000000.0,3572000000.0,31172000000.0,3727000000.0,6052900000.0,0.04075180627980566
インフォネット,4444,情報・通信業,グロース（内国株式）,JP,2025-03-31,東京都,1872467456.0,1.8768853,,,25.489783561781394,0.0,0.0,-26.24,,47.98000724626509,2010575000.0,168889000.0,0.06238,96293000.0,-0.0178,-0.035099998,0.5524733525118456,920791000.0,505057000.0,1112927000.0,500214000.0,595264000.0,49750000.0,226961000.0,0.12120958325483441
リビン・テクノロジーズ,4445,情報・通信業,グロース（内国株式）,JP,2025-09-30,東京都,4511047168.0,2.79937,,15.698587,21.670406742795,0.0,0.0,235.69,,84.76998248363603,3592752000.0,503602000.0,0.1383,314575000.0,0.087419994,0.19233999,0.5156280644699145,1612712000.0,891490000.0,2833857000.0,1002669000.0,1947167000.0,324219000.0,1448098300.0,0.32101156251975593
Ｌｉｎｋ－Ｕグループ,4446,情報・通信業,プライム（内国株式）,JP,2024-07-31,東京都,17489274880.0,6.8566985,,,62.64808186015089,0.0,0.0,-6.79,,14.350000403952269,1880569000.0,226818000.0,-0.050890002,-43776000.0,0.01977,,0.5135859851257605,2155045000.0,1251936000.0,3415539000.0,991603000.0,1907085000.0,416736000.0,1552209200.0,0.08875206151485682
ピー・ビーシステムズ,4447,情報・通信業,グロース（内国株式）,JP,2025-09-30,福岡県,2841138432.0,2.737129,,35.082676,14.45429860868703,1.4377999,0.0,13.91,,39.479999419731776,2634554000.0,124807000.0,0.00763,85590000.0,0.02323,0.049889997,0.6335016886840578,666722000.0,614020000.0,1728241000.0,0.0,775372000.0,8153000.0,1067226100.0,0.37563326305389966
ｋｕｂｅｌｌ,4448,情報・通信業,グロース（内国株式）,JP,2024-12-31,東京都,12905060352.0,6.476439,616.0,,-33.73081252175875,0.0,0.0,-29.57,0.5,-15.445818260793994,8470717000.0,96856000.0,-0.24776,-1172456000.0,-0.14132,-0.24434,0.261497292354264,4515193000.0,3825756000.0,4025718000.0,1163244000.0,2912928000.0,184457000.0,-360355100.0,-0.027923550155590934
ギフティ,4449,情報・通信業,プライム（内国株式）,JP,2024-12-31,東京都,30724222976.0,3.369349,19.35303,32.898922,-74.0144769509804,0.41259998,0.013,31.46,53.48,-17.33000017397961,,,0.080649994,,0.06608,0.10974,0.20041277164016025,32906000000.0,23464000000.0,30988000000.0,19161000000.0,10977000000.0,3844000000.0,772800000.0,0.025152792329481106
パワーソリューションズ,4450,情報・通信業,グロース（内国株式）,JP,2024-12-31,東京都,6647012864.0,1.8707298,,16.447369,8.024144934574865,0.17989999,0.0,130.72,,148.99001274308716,6748255000.0,528435000.0,0.08619001,327493000.0,0.0452,0.07672,0.5554463649319762,2409139000.0,1862496000.0,4110393000.0,704906000.0,1531906000.0,387745000.0,1972675500.0,0.2967762422552158
花王,4452,化学,プライム（内国株式）,JP,2024-12-31,東京都,3018773233664.0,2.8369877,25.804205,25.64063,26.883223786396247,0.5916,0.023273386,260.29,258.64,231.9399998831336,,,0.10776,,0.07111,0.10995,0.571312586457959,768402000000.0,509600000000.0,914025000000.0,245328000000.0,357713000000.0,28132000000.0,165315400000.0,0.05476244394791801
第一工業製薬,4461,化学,プライム（内国株式）,JP,2025-03-31,京都府,130999951360.0,2.7092957,35.92571,34.13007,27.84121041552984,0.2894,0.009854327,362.73,344.6,122.7263223918043,73255000000.0,5352000000.0,0.14121,2585000000.0,0.0,,0.3987931584854757,52610000000.0,26532000000.0,57247000000.0,31349000000.0,16751000000.0,5694000000.0,8622800000.0,0.06582292520326016
石原ケミカル,4462,化学,プライム（内国株式）,JP,2025-03-31,兵庫県,39575638016.0,1.669375,20.539007,16.155306,14.026248829365668,0.2343,0.014608696,179.26,141.0,127.5600038369705,23630345000.0,3400888000.0,0.17015,2465418000.0,0.10937,0.111949995,0.8111684667258825,5097934000.0,4364234000.0,15832079000.0,,6531799000.0,4086282000.0,13594542400.0,0.34350785183814025
日華化学,4463,化学,スタンダード（内国株式）,JP,2024-12-31,福井県,28365791232.0,0.8085682,17.872128,11.172871,7.93477357075949,0.35599998,0.0,160.12,100.1,107.05919594808483,54099000000.0,3519000000.0,0.065359995,2754000000.0,0.0428,0.07198,0.5395247410448001,25815000000.0,17143000000.0,34221000000.0,9902000000.0,10726000000.0,1966000000.0,9782200000.0,0.3448590564596876
ソフト９９コーポレーション,4464,化学,スタンダード（内国株式）,JP,2025-03-31,大阪府,87281762304.0,1.5103866,,30.211256,11.882155830244564,0.3181,0.0052567236,135.38,,121.40770982623492,29742927000.0,4033893000.0,0.16304001,2913761000.0,0.10486,0.05669,0.8752657924121268,8062199000.0,4588873000.0,32275527000.0,85727000.0,22247268000.0,8039073000.0,29840679100.0,0.34188905347792736
ニイタカ,4465,化学,スタンダード（内国株式）,JP,2025-05-31,大阪府,15118796800.0,0.9662425,14.472191,7.142857,14.913150197920952,0.252,0.035985604,357.0,176.2,119.5799968120493,23714867000.0,1925108000.0,0.091639996,1805495000.0,0.087290004,0.14304,0.6533961258041464,7827931000.0,4943139000.0,14116005000.0,1934794000.0,6840350000.0,465419000.0,6613867300.0,0.43745989760243353
ノースサンド,446A,サービス業,グロース（内国株式）,JP,2025-01-31,,74657996800.0,65.70718,,32.897537,,,0.0,,,,,,,,,,,,,,,,,,
三洋化成工業,4471,化学,プライム（内国株式）,JP,2025-03-31,京都府,131844521984.0,0.8653771,19.794088,9.671243,-10.295444120668938,0.2759,0.028716216,616.26,301.1,-384.9080021880125,142258000000.0,8442000000.0,0.09957,4151000000.0,0.10425,0.09594,0.7676366193030403,38064000000.0,30332000000.0,84942000000.0,3418000000.0,24532000000.0,30713000000.0,68377100000.0,0.5186191960883889
ＨＥＮＮＧＥ,4475,情報・通信業,グロース（内国株式）,JP,2025-09-30,東京都,31327928320.0,9.556139,16.72213,23.753248,45.458727550552666,0.1183,0.0,42.31,60.1,25.6399998500168,10923564000.0,1793451000.0,0.17562,1358412000.0,0.11535,0.3763,0.36244086895237054,6898467000.0,6536469000.0,8105475000.0,148146000.0,7319041000.0,1356746000.0,2156730200.0,0.06884369045951648
ＡＩ　ＣＲＯＳＳ,4476,情報・通信業,グロース（内国株式）,JP,2024-12-31,東京都,3946368256.0,2.036032,,45.239124,32.84200033179347,0.0,0.0,23.21,,38.66999534649376,3705853000.0,335073000.0,0.0779,148485000.0,0.15654,0.28649,0.7150458842257416,681113000.0,681112000.0,2131212000.0,2685000.0,1563532000.0,74498000.0,1502247600.0,0.380665843263868
ＢＡＳＥ,4477,情報・通信業,グロース（内国株式）,JP,2024-12-31,東京都,36597313536.0,2.4529655,38.545456,110.0346,-45.160680316830856,1.7241,0.015974442,2.89,8.25,-5.299260105236485,15981000000.0,773000000.0,0.08116999,340000000.0,0.08809,0.12745,0.2937910473556861,32689000000.0,31888000000.0,45252000000.0,727000000.0,25730000000.0,32000000.0,12585400000.0,0.3438886296290576
フリー,4478,情報・通信業,グロース（内国株式）,JP,2025-06-30,東京都,127356633088.0,6.3196077,78.06826,144.9764,-13.954021566850113,0.0,0.0,14.83,27.54,-174.4300012967111,33270601000.0,610973000.0,0.03014,1370024000.0,0.02313,0.045560002,0.37385731828979196,32932402000.0,31310806000.0,45874908000.0,9600000000.0,35789632000.0,424016000.0,13239317200.0,0.10395467341580857
マクアケ,4479,情報・通信業,グロース（内国株式）,JP,2025-09-30,東京都,14788229120.0,2.5914087,725.0,36.363636,-63.8474303350289,0.0,0.0,31.9,1.6,-8.160077817793733,4577997000.0,447264000.0,0.22830999,407256000.0,0.11723,0.109639995,0.7270833831120385,2033130000.0,1978755000.0,6589893000.0,,5969706000.0,,4556763000.0,0.3081344603889935
メドレー,4480,情報・通信業,プライム（内国株式）,JP,2024-12-31,東京都,61325070336.0,4.1424985,15.926788,64.94272,57.606619943491815,0.0,0.0,30.55,124.57,78.5500000596931,29302000000.0,2327000000.0,0.05816,2798000000.0,0.026500002,0.055689998,0.44706975509391383,24983000000.0,10562000000.0,25337000000.0,15181000000.0,18996000000.0,392000000.0,628400000.0,0.010247032682669535
ベース,4481,情報・通信業,プライム（内国株式）,JP,2024-12-31,東京都,60760268800.0,4.264094,15.261959,14.727217,18.822425919026703,0.47919998,0.03561644,227.47,219.5,181.29000170502857,20230185000.0,5226750000.0,0.25094,3871444000.0,0.19378,0.29981002,0.745710911592387,4158594000.0,4144711000.0,15901863000.0,0.0,11616866000.0,1084471000.0,12502398700.0,0.2057660202451244
ウィルズ,4482,情報・通信業,グロース（内国株式）,JP,2024-12-31,東京都,15470050304.0,5.9613333,23.743015,23.146748,25.309111264378412,0.3628,0.0,33.05,32.22,24.388476740211537,5072384000.0,1035607000.0,0.21400999,670706000.0,0.13865,0.35446,0.5018703342775487,2124130000.0,2099394000.0,3330415000.0,361642000.0,2885461000.0,30000000.0,1227285000.0,0.07933296762988988
ＪＭＤＣ,4483,情報・通信業,プライム（内国株式）,JP,2025-03-31,東京都,273111285760.0,3.3348722,32.91808,45.247646,51.90395172101547,0.17379999,0.0038554217,92.27,126.83,69.94999949135556,41722000000.0,8718000000.0,0.27909002,7275000000.0,0.16926001,0.08868,0.5455320934135086,64545000000.0,20505000000.0,55869000000.0,46888000000.0,32176000000.0,7291000000.0,-3572300000.0,-0.013080016045690633
ランサーズ,4484,情報・通信業,グロース（内国株式）,JP,2025-03-31,東京都,5100989952.0,3.5130904,,31.653225,42.58992924574997,0.0,0.0,9.92,,6.949999806105282,4589136000.0,109170000.0,0.05212,176882000.0,0.03818,0.1445,0.41408947329758317,1922216000.0,1396604000.0,2491517000.0,592690000.0,1727032000.0,,569301000.0,0.11160598341833393
ユナイトアンドグロウ,4486,情報・通信業,グロース（内国株式）,JP,2024-12-31,東京都,5290438144.0,2.883531,7.4197116,14.992168,14.928961785059009,0.2684,0.016417911,44.69,90.3,35.23000019911146,2967183000.0,395353000.0,0.12517999,384343000.0,0.11534,0.18837999,0.6630066835180917,1037625000.0,1003521000.0,2739868000.0,3357000.0,2701244000.0,10000000.0,1709243000.0,0.32308155836553715
スペースマーケット,4487,情報・通信業,グロース（内国株式）,JP,2024-12-31,東京都,3664933376.0,3.6524067,,15.4828825,-23.1522117913913,0.0,0.0,19.57,,-14.080728136791526,1970070000.0,176895000.0,0.0064499998,181639000.0,-0.06824,-0.09259,0.30140292820410886,1767795000.0,1695240000.0,2150356000.0,231747000.0,911332000.0,5100000.0,386131000.0,0.10535825904192371
ＡＩ　ｉｎｓｉｄｅ,4488,情報・通信業,グロース（内国株式）,JP,2025-03-31,東京都,9248590848.0,1.9372894,19.219393,,55.498377594886854,0.0,0.0,-140.81,121.7,136.04001282905236,4399551000.0,385093000.0,-0.01909,-497022000.0,-0.0865,-0.08179,0.6515059795431112,2419625000.0,2356906000.0,5978625000.0,1600000000.0,5093629000.0,1192000.0,3559834400.0,0.3849055989723895
ビザスク,4490,情報・通信業,グロース（内国株式）,JP,2025-02-28,東京都,5075260928.0,3.6436656,6.0552487,17.92021,-0.6862635250476861,0.0,0.0,30.58,90.5,-1375.5648749281913,9780950000.0,1227333000.0,0.14757,477245000.0,0.08033,0.81455004,0.11523632276331988,6645122000.0,4156524000.0,7153539000.0,2982279000.0,4595421000.0,,508417000.0,0.10017553919150933
コンピューターマネージメント,4491,情報・通信業,スタンダード（内国株式）,JP,2025-03-31,大阪府,6080625152.0,1.5324167,15.82604,14.770815,9.492027191033387,0.2476,0.016733602,202.02,188.55,159.53003476062722,7902467000.0,514121000.0,0.08736,397887000.0,0.05459,0.120179996,0.6969628185448822,1556652000.0,988550000.0,4399612000.0,,3303448000.0,293471000.0,3048389700.0,0.5013283377610184
ゼネテック,4492,情報・通信業,スタンダード（内国株式）,JP,2025-03-31,東京都,5542599168.0,2.312629,24.999998,17.454546,26.11208057748873,0.65410006,0.020833334,27.5,19.2,35.8000005869277,8124549000.0,693618000.0,0.06287,421124000.0,0.03875,0.17135,0.3361801396444798,4745846000.0,3333979000.0,4620133000.0,2259070000.0,1985959000.0,,-125713000.0,-0.02268123603918529
サイバーセキュリティクラウド,4493,情報・通信業,グロース（内国株式）,JP,2024-12-31,東京都,16956446720.0,3.8371918,20.20757,31.056482,48.96449934801805,0.0563,0.0,53.29,81.9,44.56999837247055,3857729000.0,773603000.0,0.19086,575100000.0,0.16149001,0.26808,0.5656887059510742,1310077000.0,1020003000.0,2212246000.0,383409000.0,1667410000.0,,902169000.0,0.05320507385169904
バリオセキュア,4494,情報・通信業,スタンダード（内国株式）,JP,2025-02-28,東京都,3475758592.0,0.5795629,,33.669003,34.25783527506635,0.0,0.0,22.84,,19.469998458584982,2667539000.0,217167000.0,0.21583,72049000.0,0.12833,0.059510004,0.7776787694159636,1684359000.0,616805000.0,1568123000.0,1170392000.0,759914000.0,65253000.0,-70558900.0,-0.020300287874538324
アイキューブドシステムズ,4495,情報・通信業,グロース（内国株式）,JP,2025-06-30,福岡県,11277681664.0,3.9752111,18.100471,16.103352,16.54482580192317,0.36330003,0.014731369,143.2,127.4,87.95686182819125,3749791000.0,905079000.0,0.31966,558635000.0,0.17066999,0.25608,0.5786343356279744,1577842000.0,1487387000.0,2982631000.0,,2225498000.0,366703000.0,1661481100.0,0.14732470285126856
コマースＯｎｅホールディングス,4496,情報・通信業,グロース（内国株式）,JP,2025-03-31,東京都,5601436160.0,2.1187792,10.500659,32.89311,13.617723350182699,0.8261,0.02528445,24.23,75.9,57.53089104209702,3693315000.0,638412000.0,0.10759,91594000.0,0.05988,0.086,0.726832495948463,948307000.0,852566000.0,2379069000.0,54438000.0,1864160000.0,443689000.0,1741344300.0,0.3108746132706081
サイバートラスト,4498,情報・通信業,グロース（内国株式）,JP,2025-03-31,東京都,20530980864.0,2.892392,,23.203812,29.679810796761625,0.21100001,0.009511993,54.56,,30.074999682624757,7442037000.0,1421398000.0,0.21752001,969684000.0,0.11604,0.13874,0.6868133256432348,2999603000.0,2415789000.0,7096422000.0,65155000.0,5560958000.0,157975000.0,4207401500.0,0.204929395622664
Ｓｐｅｅｅ,4499,情報・通信業,スタンダード（内国株式）,JP,2025-09-30,東京都,30537408512.0,4.377802,18.5485,,111.12080387563884,0.0,0.0,-84.79,143.3,22.929999704210214,16435177000.0,-685718000.0,-0.06317,-950660000.0,-0.07222,-0.19285,0.4920847043359595,7524245000.0,4210612000.0,13022957000.0,4501099000.0,9395236000.0,234439000.0,5662819300.0,0.1854387643199892
武田薬品工業,4502,医薬品,プライム（内国株式）,JP,2025-03-31,東京都,9191671463936.0,1.202635,41.448822,82.64451,43.080634229768634,2.8018,0.034548946,70.41,140.39,91.16185536937235,4581551000000.0,486061000000.0,0.108459994,107928000000.0,0.025290001,0.01503,0.48672912445123445,7312365000000.0,2506521000000.0,2521192000000.0,4515265000000.0,385113000000.0,351124000000.0,-4545386200000.0,-0.4945113865126771
アステラス製薬,4503,医薬品,プライム（内国株式）,JP,2025-03-31,東京都,4660354613248.0,2.6431024,34.33417,37.453213,159.86062192092052,1.0935,0.014641868,69.46,75.77,9.471233455208205,1912323000000.0,40248000000.0,0.23554,50747000000.0,0.15671,0.19815001,0.45313222404016834,1826289000000.0,1061610000000.0,1201349000000.0,831426000000.0,188372000000.0,106195000000.0,-550603500000.0,-0.11814626690312327
住友ファーマ,4506,医薬品,プライム（内国株式）,JP,2025-03-31,大阪府,1002757881856.0,3.4704845,147.34384,6.4809346,-0.4995017599446295,0.0,0.0,389.45,17.13,-792.7899994664627,398832000000.0,29709000000.0,0.10775,23634000000.0,0.24282,0.48386002,0.22822257892497214,573125000000.0,240603000000.0,253168000000.0,305422000000.0,23116000000.0,44148000000.0,-289053400000.0,-0.28825841734097607
塩野義製薬,4507,医薬品,プライム（内国株式）,JP,2025-03-31,大阪府,3117976911872.0,2.059209,19.16318,18.247921,13.307700894014605,0.32880002,0.0025575657,200.79,191.2,186.10666674832405,438268000000.0,156604000000.0,0.50216,170435000000.0,0.41863,0.13512,0.8870452255480675,172853000000.0,129392000000.0,858504000000.0,21882000000.0,374795000000.0,299799000000.0,895510300000.0,0.2872087655910015
わかもと製薬,4512,医薬品,スタンダード（内国株式）,JP,2025-03-31,東京都,11591799808.0,0.9602281,,161.35266,70.06741859760162,1.4492999,0.0,2.07,,3.139485967844177,7789461000.0,-457797000.0,-0.05827,64440000.0,-0.023540001,-0.0183,0.7738835699605985,3392359000.0,2034774000.0,8908257000.0,128560000.0,2954759000.0,2139448000.0,7013511600.0,0.6050407802211761
日本新薬,4516,医薬品,プライム（内国株式）,JP,2025-03-31,京都府,346710507520.0,1.2213364,12.528313,10.845914,11.118835305485568,0.2616,0.02433281,474.28,410.59,383.8199982646365,160232000000.0,35451000000.0,0.26857,32558000000.0,0.17977,0.11224,0.8709265716391021,36298000000.0,30316000000.0,149740000000.0,2722000000.0,55241000000.0,39492000000.0,141086400000.0,0.40692853818934643
中外製薬,4519,医薬品,プライム（内国株式）,JP,2024-12-31,東京都,17205933637632.0,8.493689,44.31775,39.68194,28.736005069746135,0.4626,0.011850413,263.47,235.91,235.35999996966524,,,0.4917,,0.34502,0.22103001,0.8610406847031729,306874000000.0,290357000000.0,1606043000000.0,,540202000000.0,,1299169000000.0,0.07550703305971838
科研製薬,4521,医薬品,プライム（内国株式）,JP,2025-03-31,東京都,167946092544.0,1.1518304,46.00622,312.54407,14.96872229638465,11.846701,0.03926097,14.19,96.4,212.67000150896322,94035000000.0,21038000000.0,0.01939,13945000000.0,-0.05065,-0.02546,0.801556542836437,37788000000.0,30354000000.0,111377000000.0,3850000000.0,54093000000.0,18875000000.0,86801500000.0,0.5168414381374129
エーザイ,4523,医薬品,プライム（内国株式）,JP,2025-03-31,東京都,1477391417344.0,1.660668,25.872538,29.940016,40.13428622331744,0.9143,0.031007752,175.05,202.57,147.8611753889186,789400000000.0,54377000000.0,0.09109,46433000000.0,0.0529,0.04887,0.6068434751941333,520579000000.0,372294000000.0,727659000000.0,187523000000.0,265561000000.0,64740000000.0,252398000000.0,0.17084030476754214
森下仁丹,4524,医薬品,スタンダード（内国株式）,JP,2025-03-31,大阪府,9640248320.0,0.7591762,,16.556385,14.275174396969154,0.38729998,0.023344653,142.06,,170.666013712047,12766000000.0,809000000.0,0.056149997,547000000.0,0.0435,0.044710003,0.679034421099687,5744000000.0,2836000000.0,8187000000.0,1421000000.0,1940000000.0,3856000000.0,5142200000.0,0.5334094962400304
理研ビタミン,4526,食料品,プライム（内国株式）,JP,2025-03-31,東京都,90845224960.0,1.1108546,10.930888,9.813542,8.841642098033601,0.3435,0.03580858,315.89,283.6,268.4400039197453,95582000000.0,8725000000.0,0.06435,9388000000.0,0.09979,0.11729,0.7005460225311728,33799000000.0,21129000000.0,65699000000.0,9914000000.0,22298000000.0,15078000000.0,42454600000.0,0.4673289104484375
ロート製薬,4527,医薬品,プライム（内国株式）,JP,2025-03-31,大阪府,551804993536.0,1.9196212,14.614003,15.7233925,21.222190611788065,0.264,0.016977226,155.31,167.1,135.20999999803323,308625000000.0,38943000000.0,0.15882,31006000000.0,0.10286,0.12199,0.6165167407407407,150437000000.0,94608000000.0,217879000000.0,50223000000.0,77161000000.0,46427000000.0,99940900000.0,0.18111633850859635
小野薬品工業,4528,医薬品,プライム（内国株式）,JP,2025-03-31,,1256768012288.0,1.4967403,15.811411,23.866678,8.683767986320722,0.71410006,0.030493615,112.06,169.15,266.5699999005599,486871000000.0,59748000000.0,0.25892,50047000000.0,0.12252,0.075,0.7353544865541527,275844000000.0,148296000000.0,455104000000.0,146678000000.0,204567000000.0,96502000000.0,246811400000.0,0.19638580675734202
久光製薬,4530,医薬品,プライム（内国株式）,JP,2025-02-28,佐賀県,422381780992.0,1.5714256,27.43403,22.371447,20.850497747144765,0.3266,0.014593698,269.54,219.8,184.42600603930808,156006000000.0,18896000000.0,0.11324,21758000000.0,0.0,,0.8069012557277274,63665000000.0,47226000000.0,203788000000.0,3856000000.0,114518000000.0,60222000000.0,182278400000.0,0.43154891665048495
有機合成薬品工業,4531,化学,スタンダード（内国株式）,JP,2025-03-31,東京都,10483189760.0,0.7844888,,15.062112,8.543764453559914,0.2793,0.0,32.2,,35.557841358599134,15128000000.0,1220000000.0,0.03223,896000000.0,0.043319996,0.05076,0.487700494957389,13766000000.0,7928000000.0,12506000000.0,8438000000.0,973000000.0,2047000000.0,172900000.0,0.01649307166600407
持田製薬,4534,医薬品,プライム（内国株式）,JP,2025-03-31,東京都,140561104896.0,1.0227671,21.180555,24.751856,24.32100572285862,0.4989,0.020512821,160.19,187.2,126.80000159510888,105159000000.0,8126000000.0,0.07873,5685000000.0,0.05738,0.04797,0.8162139881714453,29428000000.0,24902000000.0,119669000000.0,,45154000000.0,15022000000.0,100756400000.0,0.7168156516310029
参天製薬,4536,医薬品,プライム（内国株式）,JP,2025-03-31,大阪府,562444304384.0,1.9847509,16.182323,18.868027,19.849471131825894,0.4102,0.021652421,92.67,108.05,72.36999998869983,300004000000.0,46880000000.0,0.14136,36256000000.0,0.10628,0.10786,0.6993845244174484,124096000000.0,86837000000.0,224300000000.0,,92997000000.0,16177000000.0,111527900000.0,0.19829145593739728
扶桑薬品工業,4538,医薬品,プライム（内国株式）,JP,2025-03-31,大阪府,21500366848.0,0.6203373,,,12.919664031274113,0.2912,0.035495717,-467.34,,159.91976371361332,60562000000.0,4131000000.0,0.06586,-3288000000.0,0.03317,,0.40429957542610334,48686000000.0,44131000000.0,48342000000.0,21289000000.0,6264000000.0,4375000000.0,2718500000.0,0.12643970306268887
日本ケミファ,4539,医薬品,スタンダード（内国株式）,JP,2025-03-31,東京都,6414757376.0,0.3337493,,12.771153,-31.953302431833905,0.35909998,0.028232638,139.22,,-49.8775920761132,32570000000.0,607000000.0,0.010089999,294000000.0,0.01676,0.028889999,0.3844857675874105,30684000000.0,12261000000.0,30066000000.0,18061000000.0,7021000000.0,1923000000.0,728100000.0,0.11350390315993769
ツムラ,4540,医薬品,プライム（内国株式）,JP,2025-03-31,東京都,311469211648.0,1.0229592,10.032324,11.534121,16.29939361888215,0.3744,0.03283438,363.27,417.65,219.8300002384222,181093000000.0,40125000000.0,0.21243,32428000000.0,0.1531,0.09264,0.6471596537318576,134270000000.0,61913000000.0,295709000000.0,70336000000.0,73227000000.0,10276000000.0,168632200000.0,0.5414088895263778
テルモ,4543,精密機器,プライム（内国株式）,JP,2025-03-31,東京都,3112402419712.0,2.0445023,20.720808,23.809523,38.014369151252616,0.31620002,0.013675214,88.62,101.83,71.46999999080876,1036171000000.0,157670000000.0,0.14794,116978000000.0,0.11675,0.08743,0.7484906144357367,459858000000.0,240965000000.0,723496000000.0,174838000000.0,221872000000.0,40925000000.0,292285500000.0,0.09390993213115612
Ｈ．Ｕ．グループホールディングス,4544,サービス業,プライム（内国株式）,JP,2025-03-31,東京都,190795825152.0,1.3799587,32.886105,68.966934,-17.427036157965937,2.572,0.037959307,48.69,102.11,-132.77000039955806,243025000000.0,2641000000.0,0.02971,2761000000.0,0.02249,0.0398,0.49041783805824407,142290000000.0,69438000000.0,119143000000.0,86652000000.0,40885000000.0,1801000000.0,-21886300000.0,-0.1147105812329174
キッセイ薬品工業,4547,医薬品,プライム（内国株式）,JP,2025-03-31,長野県,207677489152.0,0.959721,22.749977,14.6414175,13.769667761797898,0.336,0.02400835,342.18,220.22,246.61000190504018,88330000000.0,5774000000.0,0.11772,11961000000.0,0.14833,0.06656,0.8563626008465166,33934000000.0,16578000000.0,106980000000.0,1280000000.0,25169000000.0,84869000000.0,132454300000.0,0.6377884311912889
生化学工業,4548,医薬品,プライム（内国株式）,JP,2025-03-31,東京都,42917953536.0,0.5878174,15.878788,,17.832241691791783,1.3483,0.019762846,-8.96,49.5,40.070388972394326,39374000000.0,1336000000.0,-0.00875,1214000000.0,-0.02105,-0.0102699995,0.8725796451735979,10687000000.0,7899000000.0,39631000000.0,380000000.0,15132000000.0,19038000000.0,42270600000.0,0.9849164863963751
栄研化学,4549,医薬品,プライム（内国株式）,JP,2025-03-31,東京都,103520149504.0,2.3664966,34.354485,26.810108,26.709134102697835,0.47869998,0.017665615,117.12,91.4,71.09999904444193,40539000000.0,3000000000.0,0.09601,2228000000.0,0.092889994,0.08604,0.6989674854101199,18776000000.0,14376000000.0,31532000000.0,4466000000.0,9873000000.0,3408000000.0,15141600000.0,0.1462671767047142
ＪＣＲファーマ,4552,医薬品,プライム（内国株式）,JP,2025-03-31,兵庫県,84656758784.0,1.8276097,18.951393,,18.563624533690486,0.612,0.02945508,-18.88,36.62,43.92000013845128,33072000000.0,-6651000000.0,-0.22111,-4759000000.0,-0.064959995,-0.04856,0.4486195221973201,57420000000.0,43988000000.0,51056000000.0,38105000000.0,13196000000.0,9629000000.0,376300000.0,0.004445008353793958
東和薬品,4553,医薬品,プライム（内国株式）,JP,2025-03-31,大阪府,217095028736.0,1.144484,14.961324,10.515272,8.588966609366304,0.1907,0.018539976,419.39,294.76,328.5899996489189,259594000000.0,23243000000.0,0.12295,18986000000.0,0.079450004,0.11956,0.3645191505087899,299199000000.0,87939000000.0,247306000000.0,230983000000.0,45471000000.0,871000000.0,-51283300000.0,-0.23622512361793155
富士製薬工業,4554,医薬品,プライム（内国株式）,JP,2025-09-30,東京都,58668109824.0,1.2243812,15.417737,19.53106,4.941626431994482,0.3457,0.01960362,122.83,155.6,252.8088685976339,51677000000.0,4994000000.0,0.17532,3000000000.0,0.04275,0.04875,0.50213585996467,46500000000.0,30988000000.0,47913000000.0,30937000000.0,7245000000.0,5094000000.0,4978800000.0,0.08486382150261927
カイノス,4556,医薬品,スタンダード（内国株式）,JP,2025-03-31,,9603273728.0,3.7796206,,16.025326,7.72100845701686,0.2251,0.0032923617,142.15,,152.2567695927982,5305568000.0,823610000.0,0.05132,641019000.0,0.01865,0.03111,0.7712084173008433,2009967000.0,1456639000.0,5820525000.0,629491000.0,3396322000.0,261536000.0,3993633200.0,0.41586164396791836
中京医薬品,4558,医薬品,スタンダード（内国株式）,JP,2025-03-31,愛知県,2197793536.0,0.8791997,,29.055006,-79.00095192657679,0.7062,0.024390243,7.09,,-2.5657931811777965,6306646000.0,106037000.0,0.10049,45148000.0,0.00477,0.01344,0.49871260157930875,2539148000.0,1750805000.0,2924966000.0,1307467000.0,1235465000.0,175765000.0,508853500.0,0.2315292549845774
ゼリア新薬工業,4559,医薬品,プライム（内国株式）,JP,2025-03-31,東京都,99311075328.0,1.0343364,10.795401,17.699741,11.684864943974405,0.377,0.02155366,127.29,208.7,175.38999869420434,87311137000.0,12197586000.0,0.20422001,9936323000.0,0.08387,0.07992,0.5625365281881072,69374569000.0,54449062000.0,69529694000.0,41164159000.0,23592676000.0,8865571000.0,6361024700.0,0.06405151368053466
アンジェス,4563,医薬品,グロース（内国株式）,JP,2024-12-31,大阪府,22778560512.0,7.4316664,,,-1.8322992435604621,0.0,0.0,-14.44,,-39.29489151569589,643638000.0,-9109445000.0,-7.0307,-28128983000.0,0.0,-1.9587101,0.4619351544221296,2512009000.0,2313283000.0,3542608000.0,272448000.0,1707756000.0,441804000.0,1339861800.0,0.05882117964803552
オンコセラピー・サイエンス,4564,医薬品,グロース（内国株式）,JP,2025-03-31,神奈川県,7216515072.0,3.382732,-1.0294118,,-3.3037364940712877,0.0,0.0,-2.83,-20.4,-6.053751573677547,750048000.0,-797936000.0,-1.3192799,-815285000.0,-1.12372,-0.59407,0.6311548706158139,426091000.0,327738000.0,1105697000.0,,833883000.0,,679606000.0,0.09417371033241015
ネクセラファーマ,4565,医薬品,プライム（内国株式）,JP,2024-12-31,東京都,87417954304.0,1.4331515,21.548069,,-19.436201718065316,0.0,0.0,-138.81,44.83,-53.920000172971974,,,-0.32908002,,-0.42310002,-0.19349001,0.4522699969636563,82980000000.0,15632000000.0,57855000000.0,67900000000.0,32268000000.0,4518000000.0,-21962400000.0,-0.25123443089991254
第一三共,4568,医薬品,プライム（内国株式）,JP,2025-03-31,東京都,5666549792768.0,3.3156836,21.342993,20.49224,44.68721810684769,0.4612,0.022615535,149.52,143.56,104.61999998823141,1886256000000.0,331925000000.0,0.16043,295756000000.0,0.14843,0.18267,0.4697222520405113,1832703000000.0,754032000000.0,1909433000000.0,101332000000.0,639838000000.0,139175000000.0,174152500000.0,0.030733427988626192
杏林製薬,4569,医薬品,プライム（内国株式）,JP,2025-03-31,東京都,99104129024.0,0.71358836,16.428572,10.627155,18.12192626230696,0.3204,0.01871345,162.32,105.0,95.40614447982401,130087000000.0,12568000000.0,0.09616,9086000000.0,0.080790006,0.08006,0.7038808375254367,57334000000.0,35111000000.0,136134000000.0,28439000000.0,15021000000.0,20042000000.0,92829400000.0,0.9366854934724218
ＨＵＭＡＮ　ＭＡＤＥ,456A,小売業,グロース（内国株式）,JP,2025-01-31,東京都,74003824640.0,8.634817,,33.333332,,0.0,0.0,96.9,,,,,0.35543,,0.18892999,0.41845,,,,,,,,,
免疫生物研究所,4570,医薬品,グロース（内国株式）,JP,2025-03-31,群馬県,15702490112.0,8.911723,,49.25504,26.389813336261476,0.0,0.0,34.23,,20.0456135577555,969533000.0,209351000.0,0.31906998,249047000.0,0.35306,0.23038,0.8206173220836788,331031000.0,281335000.0,1390318000.0,204227000.0,825731000.0,95058000.0,1125827600.0,0.07169739270458965
ＮＡＮＯホールディングス,4571,医薬品,グロース（内国株式）,JP,2025-03-31,,13390795776.0,5.044752,-7.654321,,-16.22194055912677,0.0,0.0,-10.7,-24.3,-11.09608306995852,108516000.0,-755349000.0,-2.29213,-835380000.0,0.0,-0.31370002,0.6854917480717478,1257053000.0,1203432000.0,3621653000.0,540241000.0,1707452000.0,222120000.0,2520084000.0,0.18819523814385145
カルナバイオサイエンス,4572,医薬品,グロース（内国株式）,JP,2024-12-31,兵庫県,6300539392.0,20.36395,2.9192548,,-7.781493419608898,0.0,0.0,-113.67,112.7,-68.62435925915608,636235000.0,-2076105000.0,-2.84879,-2178576000.0,0.0,-1.55964,0.8929478033919949,296761000.0,222965000.0,2737717000.0,61341000.0,2108484000.0,,2440956000.0,0.387420163279887
大幸薬品,4574,医薬品,プライム（内国株式）,JP,2023-12-31,大阪府,15861213184.0,1.8642188,68.695656,,-3.3557046481624737,0.0,0.011036789,-49.64,4.6,-112.26358967953826,6120000000.0,-1006000000.0,0.06181,-3611000000.0,0.14429,0.11201,0.5096822995461422,6482000000.0,3046000000.0,9109000000.0,3254000000.0,5484000000.0,236000000.0,2792200000.0,0.1760394975850039
キャンバス,4575,医薬品,グロース（内国株式）,JP,2024-06-30,静岡県,17358393344.0,7.305747,,,-8.40936791118379,0.0,0.0,-64.22,,-67.90046600775018,,,0.0,,0.0,-0.46145,0.96218927967347,91988000.0,91988000.0,2308466000.0,,1888200000.0,,2216478000.0,0.12768912168741323
デ・ウエスタン・セラピテクス研究所,4576,医薬品,グロース（内国株式）,JP,2024-12-31,愛知県,5478389760.0,3.9306097,,,-5.633022044260848,0.0,0.0,-27.67,,-25.563542778376494,471580000.0,-1209598000.0,-1.57201,-1290305000.0,-1.63069,-0.58275,0.4395888691085176,935575000.0,132646000.0,1475382000.0,797976000.0,1126035000.0,142806000.0,639771200.0,0.11678088416987695
ダイト,4577,医薬品,プライム（内国株式）,JP,2025-05-31,富山県,43177291776.0,0.83353084,6.811863,19.763378,10.04274890152249,0.5043,0.025951557,74.38,215.8,105.00000127465859,50643000000.0,2620000000.0,0.05169,1908000000.0,0.04361,0.043520004,0.6666709399517974,25937000000.0,17049000000.0,41708000000.0,11885000000.0,2207000000.0,2091000000.0,17234700000.0,0.3991612093090996
大塚ホールディングス,4578,医薬品,プライム（内国株式）,JP,2024-12-31,東京都,5656374411264.0,1.864642,20.628683,15.625,13.333617766675108,0.2044,0.013468013,685.44,519.18,633.7666559536607,,,0.122200005,,0.14709,0.12461001,0.7310501488132249,961087000000.0,632664000000.0,1366972000000.0,189383000000.0,426173000000.0,206272000000.0,550275400000.0,0.09728411876416662
ラクオリア創薬,4579,医薬品,グロース（内国株式）,JP,2024-12-31,愛知県,26196492288.0,3.5714538,38.582375,,-46.39511621691765,0.0,0.0,-23.36,26.1,-14.980024982598776,3107575000.0,-213382000.0,0.4964,-495031000.0,0.06862,0.04381,0.5769271798134987,4084972000.0,1187495000.0,4538963000.0,3452334000.0,3340057000.0,547053000.0,836928100.0,0.03194809789031859
シンバイオ製薬,4582,医薬品,グロース（内国株式）,JP,2024-12-31,東京都,7899810816.0,7.574695,4.143223,,-2.3411764858561934,0.0,0.0,-95.13,39.1,-84.99999944567338,,,-3.2694001,,0.0,-1.7464501,0.8448626531273166,770774000.0,766169000.0,4924231000.0,,3963580000.0,,4153457000.0,0.5257666413463641
カイオム・バイオサイエンス,4583,医薬品,グロース（内国株式）,JP,2024-12-31,東京都,7620664320.0,6.831768,-3.8095238,,-5.5229874247757,0.0,0.0,-15.3,-29.4,-24.62435445532872,780809000.0,-1030870000.0,-0.78053004,-1020776000.0,-1.65649,-0.64606005,0.7778109465230266,548553000.0,493432000.0,2337672000.0,281500000.0,2063280000.0,,1789119000.0,0.2347720519987423
キッズウェル・バイオ,4584,医薬品,グロース（内国株式）,JP,2025-03-31,東京都,13584980992.0,7.056763,26.601942,40.294117,-3.6535978912549103,0.0,0.0,6.8,10.3,-40.23431268992482,5082053000.0,27886000.0,-0.07532,-21140000.0,0.0034,,0.20132379329316874,5597519000.0,4318862000.0,6700570000.0,1837960000.0,2995435000.0,283137000.0,1301246900.0,0.09578569898377375
メドレックス,4586,医薬品,グロース（内国株式）,JP,2023-12-31,香川県,5034480128.0,3.0772805,,,-2.10002156684516,0.0,0.0,-13.36,,-43.809073893565106,29534000.0,-933568000.0,-19.9,-932897000.0,0.0,-0.4446,0.9378628940305577,127521000.0,99993000.0,1785015000.0,,1720720000.0,,1657494000.0,0.32922843230259347
ペプチドリーム,4587,医薬品,プライム（内国株式）,JP,2024-12-31,神奈川県,184194514944.0,3.5746346,12.569438,,22.860477254427295,0.0,0.0,-28.94,113.41,115.67999961539957,,,-0.16863,,-0.20243,-0.06924,0.6118616413056547,36007528000.0,18406773000.0,57209634000.0,19634447000.0,48117933000.0,2558989000.0,22993398300.0,0.12483215532770127
オンコリスバイオファーマ,4588,医薬品,グロース（内国株式）,JP,2024-12-31,東京都,67833298944.0,39.849358,-36.4,,-5.141344283352377,0.0,0.0,-93.09,-75.0,-108.92092984577488,31384000.0,-1681403000.0,-71.16097,-1684778000.0,0.0,-1.1009201,0.8603723578852203,446649000.0,252390000.0,3098244000.0,324640000.0,2411001000.0,,2651595000.0,0.039089872397169316
リボミック,4591,医薬品,グロース（内国株式）,JP,2025-03-31,東京都,4436750848.0,1.4490556,-1.6380953,,-3.2407715684944014,0.0,0.0,-23.85,-52.5,-28.69686987633194,2107000.0,-1050589000.0,-333.28668,-1018939000.0,0.0,-0.32939,0.955361879214349,142210000.0,142209000.0,3147518000.0,,1837123000.0,,3005308000.0,0.67736686213848
サンバイオ,4592,医薬品,グロース（内国株式）,JP,2025-01-31,東京都,176186753024.0,330.45514,-55.329575,,-13.3893280397469,0.0,0.0,-50.58,-40.81,-40.48000007103011,0.0,-3516092000.0,0.0,-2882885000.0,0.0,-6.21247,0.5113863185488865,1684417000.0,732076000.0,3335580000.0,397000000.0,2921402000.0,,1651163000.0,0.009371663712850649
ヘリオス,4593,医薬品,グロース（内国株式）,JP,2024-12-31,東京都,50919837696.0,10.404105,-15.465729,,-2.988413838346848,0.0,0.0,-26.62,-28.45,-56.217113521645125,560000000.0,-2842000000.0,-40.28,-4235000000.0,0.0,-0.63841,0.14537382848284125,12107000000.0,3350000000.0,4275000000.0,2663000000.0,3672000000.0,4459000000.0,-4710700000.0,-0.09251207806520656
ブライトパス・バイオ,4594,医薬品,グロース（内国株式）,JP,2025-03-31,,7351820288.0,4.816112,,,-3.5154940697656496,0.0,0.0,-11.54,,-18.20512244649196,1133000.0,-1160918000.0,-14078.03,-1151149000.0,0.0,,0.8254293189792721,195626000.0,131661000.0,1071315000.0,25000000.0,810470000.0,,875689000.0,0.11911186151126985
ミズホメディー,4595,医薬品,スタンダード（内国株式）,JP,2024-12-31,佐賀県,36687757312.0,1.963589,13.102041,11.098946,6.9539841842598005,0.634,0.0,173.53,147.0,198.12188433125726,11429000000.0,4922000000.0,0.48709,3773000000.0,0.30417,0.19007999,0.8370881373920595,3377000000.0,2287000000.0,17998000000.0,,11246000000.0,8000000.0,14626600000.0,0.3986779534004349
窪田製薬ホールディングス,4596,医薬品,グロース（内国株式）,JP,2024-12-31,東京都,27235368960.0,15.015588,,,-2.873746141586813,0.0,0.0,-19.47,,-26.79429434831097,27189000.0,-1345491000.0,-77.7029,-1332852000.0,0.0,-0.42218,0.9013221938806945,152152000.0,151263000.0,1531293000.0,63327000.0,1454908000.0,,1379141000.0,0.0506378673270597
ソレイジア・ファーマ,4597,医薬品,グロース（内国株式）,JP,2024-12-31,東京都,9742095360.0,5.5605655,-17.61905,,-8.76946965647482,0.0,0.0,-8.96,-2.1,-6.613854916206533,316000000.0,-1950000000.0,-0.43491,-1941000000.0,-2.04196,-0.60248,0.8494860499265786,206000000.0,193000000.0,1266000000.0,25000000.0,886000000.0,,1060000000.0,0.10880616138826217
Ｄｅｌｔａ－Ｆｌｙ　Ｐｈａｒｍａ,4598,医薬品,グロース（内国株式）,JP,2025-03-31,徳島県,3088564224.0,14.748577,-13.72973,,-4.175549306593778,0.0,0.0,-161.19,-18.5,-198.77624213161934,0.0,-1708223000.0,0.0,-1721164000.0,0.0,-3.70982,0.639593032090511,156537000.0,156538000.0,394676000.0,,338829000.0,,238139000.0,0.07710346385207627
ステムリム,4599,医薬品,グロース（内国株式）,JP,2024-07-31,大阪府,19243091968.0,2.7979038,-9.534162,,336.4312261063261,0.0,0.0,-31.16,-32.2,2.6900000052729434,0.0,-2076083000.0,0.0,-2022166000.0,0.0,-0.24917999,0.979529459831957,185881000.0,67527000.0,8877489000.0,0.0,8410449000.0,,8691608000.0,0.4516741911566797
ＢＲＡＮＵ,460A,情報・通信業,グロース（内国株式）,JP,2025-10-31,東京都,4441500160.0,9.536232,,18.349134,,0.0,0.0,53.79,,,2122790000.0,331550000.0,0.21541001,241942000.0,0.113570005,0.82253,0.3396083725882138,805129000.0,419211000.0,1042193000.0,454019000.0,786171000.0,9811000.0,243931700.0,0.054921015695741864
大日本塗料,4611,化学,プライム（内国株式）,JP,2025-03-31,大阪府,42661699584.0,0.65620977,,5.2631583,6.999749060381099,0.1727,0.032885905,283.86,,160.7600005913172,72511000000.0,4716000000.0,0.0481,9437000000.0,0.08835,0.11494,0.4886984041276698,57176000000.0,39641000000.0,53066000000.0,12222000000.0,12649000000.0,9447000000.0,2502900000.0,0.05866854870776636
日本ペイントホールディングス,4612,化学,プライム（内国株式）,JP,2024-12-31,東京都,2688065732608.0,1.493148,19.504383,15.08278,21.837926697670646,0.2087,0.013979904,76.71,59.32,50.4438897094482,1638720000000.0,187648000000.0,0.14594,127337000000.0,0.101339996,0.10554,0.5180026685090536,1461152000000.0,582072000000.0,1055208000000.0,760013000000.0,288301000000.0,51595000000.0,-369827500000.0,-0.13758127099116288
関西ペイント,4613,化学,プライム（内国株式）,JP,2025-03-31,大阪府,486651920384.0,1.7009115,15.225295,15.456019,7.081396274966277,0.4642,0.030308563,178.83,181.54,291.89999966812246,588825000000.0,52051000000.0,0.09592,38306000000.0,0.060310002,0.10882,0.35888019032927976,400693000000.0,177049000000.0,355530000000.0,218417000000.0,76656000000.0,57907000000.0,-4628100000.0,-0.009510082681576862
神東塗料,4615,化学,スタンダード（内国株式）,JP,2025-03-31,兵庫県,4288674048.0,0.3180822,,,-8.164963782696178,0.0,0.0,-5.8,,-16.044161797462632,20758000000.0,235000000.0,0.02713,-59000000.0,-0.01749,-0.015420001,0.4248672289909403,17394000000.0,11564000000.0,12139000000.0,5026000000.0,2723000000.0,2732000000.0,-3342600000.0,-0.779401736431521
川上塗料,4616,化学,スタンダード（内国株式）,JP,2024-11-30,兵庫県,2005926400.0,0.6016249,,20.0,7.087024263149143,0.2976,0.019714145,100.75,,203.8942216428007,5913405000.0,93096000.0,0.038629998,170580000.0,0.01214,0.021979999,0.38022952798763826,5244644000.0,3551588000.0,5709253000.0,1907891000.0,1914788000.0,1029993000.0,1185604100.0,0.5910506487177196
中国塗料,4617,化学,プライム（内国株式）,JP,2025-03-31,東京都,234178265088.0,2.6492252,26.591549,20.703571,10.479918449824511,0.46060002,0.022604952,227.98,177.5,199.58034056976837,131152000000.0,15382000000.0,0.11582,13721000000.0,0.0,0.15194,0.5769631916671847,55343000000.0,46268000000.0,108373000000.0,20790000000.0,36768000000.0,8229000000.0,58790300000.0,0.2510493447285027
日本特殊塗料,4619,化学,スタンダード（内国株式）,JP,2025-03-31,東京都,54834880512.0,0.9328365,17.503439,10.204082,7.3089794853216254,0.4732,0.048143614,249.41,145.4,181.53803697911874,66060000000.0,4457000000.0,0.069510005,4942000000.0,0.09193,0.1003,0.6740377509003672,21130000000.0,16122000000.0,38327000000.0,3531000000.0,16235000000.0,22055000000.0,32635500000.0,0.5951594987584241
藤倉化成,4620,化学,スタンダード（内国株式）,JP,2025-03-31,東京都,32950837248.0,0.74056673,,50.760284,12.936021006994212,0.8061,0.008159565,22.36,,34.85874608860623,55528332000.0,1305966000.0,0.05244,510806000.0,0.0179,0.022820001,0.6925694162659201,15851542000.0,11817968000.0,33993476000.0,2950591000.0,13926544000.0,5430250000.0,21943109000.0,0.6659347935485879
アサヒペン,4623,化学,スタンダード（内国株式）,JP,2025-03-31,大阪府,6839771648.0,0.45367947,,10.8696995,16.525541448255392,0.3704,0.016997168,162.01,,106.36986301369863,17151706000.0,865254000.0,0.068959996,701620000.0,0.040370002,0.04309,0.6572390679665363,7380084000.0,3669090000.0,9716855000.0,3985336000.0,3332649000.0,3280220000.0,4632925000.0,0.6773508295930759
イサム塗料,4624,化学,スタンダード（内国株式）,JP,2025-03-31,大阪府,7945734656.0,0.4446952,,12.771431,12.254158038125306,0.1532,0.006053269,326.51,,272.88248266063215,8156880000.0,627555000.0,0.15878001,548827000.0,0.08122,0.03767,0.824521683152878,3247292000.0,2170202000.0,8391761000.0,18949000.0,4082339000.0,7648940000.0,10498727000.0,1.3213034986100598
アトミクス,4625,化学,スタンダード（内国株式）,JP,2025-03-31,東京都,4656535552.0,0.44146124,,12.886598,15.27440617881146,0.2504,0.019721577,67.9,,44.963896201579544,12348498000.0,350774000.0,0.03221,228836000.0,0.027209999,0.032449998,0.6889594001536088,4673441000.0,4052952000.0,8709380000.0,100000000.0,2831524000.0,565252000.0,4431615400.0,0.9516979631126415
太陽ホールディングス,4626,化学,プライム（内国株式）,JP,2025-03-31,東京都,597689630720.0,5.593626,19.784145,47.39257,20.146003908426838,1.3875,0.029812606,113.33,271.48,77.44500013414613,119010000000.0,22068000000.0,0.26131,10780000000.0,0.115559995,0.1421,0.5362510545666642,89046000000.0,37991000000.0,98008000000.0,64521000000.0,44903000000.0,4870000000.0,12371000000.0,0.02069803350126288
ナトコ,4627,化学,スタンダード（内国株式）,JP,2025-10-31,愛知県,13432300544.0,0.5461839,,11.806108,10.55501913691108,0.3652,0.0,150.6,,126.60195054210493,22275001000.0,1398054000.0,0.06325,1137776000.0,0.05034,0.04575,0.7869808080841287,6441974000.0,5771071000.0,21112396000.0,,10710868000.0,709191000.0,15166855700.0,1.1291331406945624
エスケー化研,4628,化学,スタンダード（内国株式）,JP,2025-03-31,大阪府,154327023616.0,0.9049674,,13.513514,8.930737442171809,0.1417,0.010840109,846.56,,877.1305185046723,106142000000.0,12447000000.0,0.12607001,10729000000.0,0.09571,0.062129997,0.8556560233587642,27585000000.0,23270000000.0,140500000000.0,3000000000.0,108790000000.0,11369000000.0,120873300000.0,0.7832283495647508
大伸化学,4629,化学,スタンダード（内国株式）,JP,2025-03-31,東京都,8221593088.0,0.48197877,,10.427668,11.003629762261276,0.23200001,0.022111664,172.33,,137.08523580441468,34711178000.0,799315000.0,0.03625,588158000.0,0.02621,0.05388,0.6556621788823105,8675996000.0,8466070000.0,19439967000.0,12144000.0,7125465000.0,1342825000.0,11703948500.0,1.4235621216869447
ＦＵＮＤＩＮＮＯ,462A,証券、商品先物取引業,グロース（内国株式）,JP,,東京都,23894190080.0,4.838541,,,,0.0,0.0,-61.59,,,,,0.0,,0.0,,,,,,,,,,
ＤＩＣ,4631,化学,プライム（内国株式）,JP,2024-12-31,東京都,419341926400.0,0.8905409,13.510052,12.953321,14.189932361822615,0.35119998,0.04572474,341.92,327.83,225.10977494599288,,,0.044,,0.03075,0.07288,0.32730691362675335,805818000000.0,333071000000.0,607506000000.0,484332000000.0,61869000000.0,60085000000.0,-156252500000.0,-0.37261358848949094
サカタインクス,4633,化学,プライム（内国株式）,JP,2024-12-31,大阪府,131800981504.0,1.1049916,9.889298,11.389715,8.376339366853696,0.4038,0.035916824,235.3,271.0,149.2009525599524,245570000000.0,13162000000.0,0.050640002,9006000000.0,0.045050003,0.10709,0.5071025421050255,102251000000.0,66238000000.0,122761000000.0,36243000000.0,15717000000.0,32833000000.0,43493100000.0,0.32999071405761904
ａｒｔｉｅｎｃｅ,4634,化学,プライム（内国株式）,JP,2024-12-31,東京都,207139094528.0,0.783486,11.709696,20.876877,8.679601405452157,0.47509998,0.023310022,210.52,375.33,352.4099987346314,,,0.0643,,0.02954,0.03549,0.5544568695839776,199036000000.0,139469000000.0,245282000000.0,80739000000.0,62855000000.0,57610000000.0,86573000000.0,0.41794621240992974
東京インキ,4635,化学,スタンダード（内国株式）,JP,2025-03-31,東京都,23084398592.0,0.74573255,,14.285714,9.526473689344494,0.4069,0.029528677,127.75,,67.14939024390245,46806000000.0,1312000000.0,0.06131,1180000000.0,0.044689998,0.07272,0.5828808624488511,21003000000.0,16357000000.0,29729000000.0,6921000000.0,3697000000.0,4486000000.0,11866200000.0,0.5140354838662456
インテリックスホールディングス,463A,不動産業,スタンダード（内国株式）,JP,2025-05-31,東京都,8283119616.0,0.5861265,,4.953036,,0.1549,0.044422507,206.54,,,44793776000.0,2386508000.0,0.06032,1667290000.0,0.0,0.121300004,0.25376197833349456,39041368000.0,20069324000.0,35579980000.0,35052282000.0,5534385000.0,1119950000.0,-2677423000.0,-0.32323848068403893
アルプス技研,4641,サービス業,プライム（内国株式）,JP,2024-12-31,神奈川県,51753963520.0,2.5399013,14.770436,13.02073,13.43986961307492,0.53279996,0.04109589,202.6,178.6,185.03041618420852,,,0.10177,,0.07561,0.20406,0.6657309308507996,9333756000.0,8938781000.0,21644285000.0,221014000.0,13343307000.0,952609000.0,12977355300.0,0.250750945770269
オリジナル設計,4642,サービス業,スタンダード（内国株式）,JP,2024-12-31,東京都,9176258560.0,1.1631855,,16.50186,12.828536334815542,0.3404,0.0,94.05,,81.23044763846951,7122236000.0,845912000.0,0.08434,650181000.0,0.06353,,0.8494509863282637,1251171000.0,1094090000.0,6696211000.0,29658000.0,3848332000.0,849404000.0,6039622800.0,0.6581792307299589
イマジニア,4644,情報・通信業,スタンダード（内国株式）,JP,2025-03-31,東京都,10602938368.0,0.8894301,,30.03003,21.002785423671153,1.2967999,0.029572338,36.63,,43.28651518346119,6486155000.0,458512000.0,0.08122,603026000.0,0.07206,0.03778,0.8946815494368681,1315572000.0,1310874000.0,11760820000.0,,1588558000.0,746086000.0,10967508200.0,1.03438384901871
市進ホールディングス,4645,サービス業,スタンダード（内国株式）,JP,2025-02-28,千葉県,3560153088.0,1.4528432,,3.834206,13.792013230674797,0.0888,0.02347418,112.67,,36.545087801369206,18459134000.0,918273000.0,-0.01298,317294000.0,0.05021,0.43769002,0.15743889314198692,11450269000.0,4175684000.0,6423563000.0,7092540000.0,4387763000.0,907019000.0,-4391792700.0,-1.233596587406075
ＱＰＳホールディングス,464A,情報・通信業,グロース（内国株式）,JP,2025-05-31,福岡県,105791217664.0,7.0813084,,,-261.68322014051523,0.0,0.0,-47.49,,-11.750848978199011,2681000000.0,85000000.0,-1.00612,-1848000000.0,-0.14753,-0.0317,0.6220735785953178,9040000000.0,3740000000.0,13161000000.0,5300000000.0,11833000000.0,,4121000000.0,0.038954084195236056
ＳＤエンターテイメント,4650,サービス業,スタンダード（内国株式）,JP,2025-03-31,,2614571264.0,1.6280017,,52.04991,22.092550444713883,0.0,0.0,5.61,,13.17186083735425,4201829000.0,98114000.0,-0.01471,93821000.0,0.02162,0.06834,0.37669158206775644,2622448000.0,2003667000.0,1363184000.0,1890381000.0,486637000.0,14904000.0,-1248831200.0,-0.4776428232020835
サニックスホールディングス,4651,サービス業,スタンダード（内国株式）,JP,2025-03-31,福岡県,10182234112.0,1.0315269,6.358209,16.97211,5.849232625139043,0.0,0.0,12.55,33.5,56.41765700712843,45352000000.0,2231000000.0,0.03814,1483000000.0,0.00799,0.036960002,0.2774519165188924,26485000000.0,16910000000.0,13873000000.0,10974000000.0,4816000000.0,161000000.0,-12499300000.0,-1.2275596752651055
環境管理センター,4657,サービス業,スタンダード（内国株式）,JP,2025-06-30,東京都,2303311360.0,1.0173628,,293.2927,11.03502802120385,4.908,0.016913319,1.64,,45.59000431453121,6099354000.0,109552000.0,0.02507,7902000.0,0.0074,0.01984,0.4315035125055824,2973143000.0,2154676000.0,1879473000.0,1749716000.0,828182000.0,78612000.0,-1038641600.0,-0.45093408474310653
日本空調サービス,4658,サービス業,プライム（内国株式）,JP,2025-03-31,愛知県,58712174592.0,2.0424955,17.6875,16.89216,10.819170215165972,0.4772,0.029038113,100.52,96.0,78.3700006194825,64438000000.0,4195000000.0,0.03513,3102000000.0,0.0505,0.12528,0.5337464997529238,22447000000.0,16696000000.0,28662000000.0,3605000000.0,8996000000.0,6094000000.0,10480800000.0,0.17851152802349263
エイジス,4659,サービス業,スタンダード（内国株式）,JP,2025-03-31,,37431881728.0,1.4497586,14.465101,17.33099,10.716222638389885,0.371,0.021420518,255.9,306.6,226.78001191858326,33960587000.0,3032233000.0,0.04217,2104607000.0,0.07039,0.10273,0.8144580146447008,5648100000.0,5461451000.0,21792339000.0,170301000.0,15972506000.0,3284278000.0,18443233600.0,0.4927145724069755
オリエンタルランド,4661,サービス業,プライム（内国株式）,JP,2025-03-31,千葉県,4616875933696.0,4.2926764,32.20126,36.363636,66.66280753272898,0.18110001,0.0049680625,77.44,87.45,72.12000000640667,679374000000.0,172111000000.0,0.34187,124160000000.0,0.0,,0.679452715671165,461114000000.0,235882000000.0,525366000000.0,266667000000.0,323416000000.0,55553000000.0,103139100000.0,0.022339586655826138
フォーカスシステムズ,4662,情報・通信業,プライム（内国株式）,JP,2025-03-31,東京都,24728117248.0,1.6348504,21.494251,16.234205,13.29033681742697,0.463,0.028554432,103.67,78.3,93.1395934044103,32555008000.0,2171902000.0,0.1015,1566852000.0,0.06406,,0.6723476029212606,6845653000.0,5906926000.0,13584854000.0,1866071000.0,6508050000.0,3326140000.0,9067499000.0,0.36668780356633807
アール・エス・シー,4664,サービス業,スタンダード（内国株式）,JP,2025-03-31,,2810323200.0,1.1592917,,35.208572,8.010339864636425,0.9192,0.01870187,26.13,,84.05439365018333,8844777000.0,301117000.0,0.020350002,186976000.0,0.011569999,0.041339997,0.5234933695349839,1982107000.0,1238267000.0,2927502000.0,380504000.0,1767123000.0,210551000.0,1092780700.0,0.3888452047081275
ダスキン,4665,サービス業,プライム（内国株式）,JP,2025-03-31,大阪府,203278434304.0,1.3174645,20.953905,21.276701,32.43993433939005,0.5513,0.02624795,203.18,206.31,95.28000028569467,188791000000.0,7269000000.0,0.05509,8808000000.0,0.04618,0.05899,0.7437560865245576,51778000000.0,42097000000.0,60594000000.0,225000000.0,18096000000.0,69509000000.0,57472300000.0,0.28272699067551355
パーク２４,4666,不動産業,プライム（内国株式）,JP,2025-10-31,東京都,383998197760.0,5.405756,15.870776,26.383678,18.320693141070706,0.35169998,0.0,85.28,141.77,99.80999980873993,406168000000.0,37562000000.0,0.0863,15917000000.0,0.03983,0.21389,0.27708704878434204,256183000000.0,89363000000.0,148001000000.0,172642000000.0,80470000000.0,,-108182000000.0,-0.28172528056398344
アイサンテクノロジー,4667,情報・通信業,スタンダード（内国株式）,JP,2025-03-31,,11299549184.0,1.807356,,27.471117,26.039661875911623,0.3208,0.011978917,77.9,,62.530406026088556,6220625000.0,449404000.0,0.0716,286207000.0,0.0589,0.06996,0.7177591579348435,2322318000.0,1825144000.0,6433644000.0,291879000.0,4176001000.0,818876000.0,4684539200.0,0.41457753081275495
明光ネットワークジャパン,4668,サービス業,プライム（内国株式）,JP,2025-08-31,東京都,18139717632.0,1.4695168,22.649841,10.492474,35.02441476493002,0.39450002,0.03797468,68.43,31.7,19.397483230102228,24827000000.0,1698000000.0,0.08396,1727000000.0,0.06937,0.14858,0.6571279373368146,6566000000.0,5512000000.0,12210000000.0,25000000.0,9127000000.0,3787000000.0,8294900000.0,0.45727834182860116
ファルコホールディングス,4671,サービス業,スタンダード（内国株式）,JP,2025-03-31,大阪府,27250227200.0,1.0801828,15.502555,14.662441,14.283252151312087,0.6739,0.023341978,186.19,176.1,150.90000166660266,43313000000.0,2335000000.0,0.05994,1920000000.0,0.04513,0.07705,0.7010744329381715,10767000000.0,7432000000.0,18228000000.0,1437000000.0,9420000000.0,3675000000.0,10033500000.0,0.36819876496295784
川崎地質,4673,サービス業,スタンダード（内国株式）,JP,2024-11-30,,4144655360.0,0.7897111,,8.873198,13.046114637780377,0.0934,0.030398322,535.32,,181.33833772520052,9559436000.0,431112000.0,0.01793,353840000.0,0.04879,0.12678,0.4641713540597423,5233141000.0,4174617000.0,6104629000.0,2897673000.0,1832649000.0,615316000.0,1302209200.0,0.3141899836998751
クレスコ,4674,情報・通信業,プライム（内国株式）,JP,2025-03-31,東京都,62078939136.0,1.9257545,8.043933,13.792484,11.303000024799827,0.4665,0.015003261,111.51,191.2,90.05999990435029,58760592000.0,5983829000.0,0.1168,4405567000.0,0.080520004,0.16218,0.7110794823651987,12520893000.0,8971024000.0,28451026000.0,1720786000.0,15334671000.0,8149072000.0,21634483400.0,0.34849956685960853
フジ・メディア・ホールディングス,4676,情報・通信業,プライム（内国株式）,JP,2025-03-31,東京都,740266672128.0,0.919649,21.72805,,10.467089046867745,0.25030002,0.014484357,-72.69,164.81,169.26999973182103,550761000000.0,18294000000.0,0.05666,-20134000000.0,-0.03727,-0.02257,0.568051983758894,610276000000.0,186939000000.0,398592000000.0,350894000000.0,84297000000.0,414896000000.0,78743200000.0,0.10637139690976721
秀英予備校,4678,サービス業,スタンダード（内国株式）,JP,2025-03-31,静岡県,2334969088.0,0.5262378,,12.180609,-4.578137527422804,0.3499,0.029069768,28.57,,-63.387365211550296,10693035000.0,386739000.0,0.13148,298101000.0,0.021459999,0.05246,0.4812528852485726,4890366000.0,1786553000.0,1860361000.0,1275543000.0,1300356000.0,,-3030005000.0,-1.2976638601221602
田谷,4679,サービス業,スタンダード（内国株式）,JP,2025-03-31,東京都,2804097024.0,0.4392698,,,-12.42800025185745,0.0,0.057591625,-0.16,,-31.783069841905142,5444574000.0,3885000.0,0.0585,-62325000.0,0.00093999994,0.00265,0.20972355679088095,1570043000.0,866331000.0,557368000.0,456423000.0,175066000.0,,-1012675000.0,-0.36114121277994693
ラウンドワン,4680,サービス業,プライム（内国株式）,JP,2025-03-31,大阪府,282325450752.0,3.645819,14.889783,18.280851,20.898374487165075,0.2895,0.016916385,58.75,72.13,36.47232667673332,10462000000.0,8323000000.0,0.10556,4281000000.0,0.0,0.19933,0.2573235762598398,193032000000.0,67485000000.0,64794000000.0,157215000000.0,51154000000.0,10504000000.0,-120885200000.0,-0.4281767714459007
リゾートトラスト,4681,サービス業,プライム（内国株式）,JP,2025-03-31,愛知県,410429980672.0,2.729269,11.189499,19.305597,16.741921786812586,0.3441,0.009169505,100.23,172.93,75.01500004982276,249333000000.0,26373000000.0,0.12869,20139000000.0,0.070760004,0.10504,0.292762537301019,342208000000.0,170005000000.0,196390000000.0,33504000000.0,28352000000.0,33818000000.0,-122145400000.0,-0.2976035030384731
オービック,4684,情報・通信業,プライム（内国株式）,JP,2025-03-31,東京都,1823346393088.0,3.792866,26.24672,26.455027,34.09580471184752,0.4722,0.018306078,158.76,160.02,130.9200000302434,121240000000.0,78378000000.0,0.62478,64621000000.0,0.54864,0.15997,0.8670497127154634,66525000000.0,30795000000.0,219589000000.0,,200065000000.0,221988000000.0,308455600000.0,0.169170049733448
菱友システムズ,4685,情報・通信業,スタンダード（内国株式）,JP,2025-03-31,東京都,46809427968.0,2.261218,,12.5311575,8.929508152892257,0.3243,0.014583333,292.87,,189.8639674967976,42763000000.0,4820000000.0,0.15287,3383000000.0,0.0849,0.19442,0.6345065059762275,9501000000.0,9113000000.0,22989000000.0,14000000.0,2170000000.0,2077000000.0,14941900000.0,0.31920706252199077
ジャストシステム,4686,情報・通信業,プライム（内国株式）,JP,2025-03-31,東京都,252078456832.0,2.1785731,,17.985611,14.49390769886005,0.1101,0.00608365,218.23,,181.18999910931007,44551000000.0,18037000000.0,0.43453,12327000000.0,0.29337,0.13468,0.8676801057501652,16016000000.0,15822000000.0,109649000000.0,,90569000000.0,14000000.0,93642800000.0,0.37148275650707074
ＴＤＣソフト,4687,情報・通信業,プライム（内国株式）,JP,2025-03-31,東京都,52700950528.0,2.3036015,15.047106,15.338181,16.52791622745092,0.37060001,0.024770642,72.89,74.3,65.56875960082553,44417991000.0,4772529000.0,0.119899996,3433822000.0,0.07987,0.17587,0.7381981524187536,7405542000.0,6870341000.0,23247699000.0,531000000.0,13250091000.0,3077253000.0,17996234100.0,0.34147835892331024
ＬＩＮＥヤフー,4689,情報・通信業,プライム（内国株式）,JP,2025-03-31,東京都,2665024847872.0,0.8984103,18.160597,13.423051,25.100785112331174,0.24149999,0.018425902,28.98,21.42,15.040000000637745,1917478000000.0,271979000000.0,0.13934,153465000000.0,0.10539,0.08517,0.32737024785916585,5739431000000.0,1762205000000.0,3722779000000.0,1694398000000.0,1043944000000.0,1307397000000.0,-1101474100000.0,-0.4133072533561996
日本パレットプール,4690,サービス業,スタンダード（内国株式）,JP,2025-03-31,大阪府,3962993152.0,0.59672487,,14.367684,7.813893099387106,0.3387,0.0,174.28,,313.4594174443425,6935204000.0,368869000.0,0.033800002,310015000.0,0.03692,0.03911,0.6359826439765289,3696965000.0,2681903000.0,2243600000.0,2258370000.0,1295569000.0,322318000.0,-1227742400.0,-0.3098017970029538
ワシントンホテル,4691,サービス業,スタンダード（内国株式）,JP,2025-03-31,愛知県,19071410176.0,2.9020424,,6.4268394,11.808161861092211,0.0808,0.0,247.4,,69.30466116278203,21347826000.0,2240594000.0,-1.58047,2015575000.0,-1.5790801,-0.71427,0.28161359703447997,24098667000.0,4798879000.0,7980492000.0,20692832000.0,5966495000.0,358316000.0,-15867353800.0,-0.831996881906925
ビー・エム・エル,4694,サービス業,プライム（内国株式）,JP,2025-03-31,東京都,163241082880.0,1.2982948,29.306864,23.923315,17.74497007245474,0.6043,0.026128266,182.04,148.6,154.74000115195904,143191000000.0,9364000000.0,0.08456001,6263000000.0,0.0,0.0596,0.7289853357895745,43737000000.0,37595000000.0,102259000000.0,5289000000.0,67562000000.0,3127000000.0,60710900000.0,0.3719094417220274
フィットクルー,469A,サービス業,グロース（内国株式）,JP,2024-11-30,大阪府,2664049152.0,3.9839883,,60.238663,,0.0,0.0,41.9,,,2454420000.0,112922000.0,0.15258999,44289000.0,0.08527,0.52476,0.19235687191660963,1470429000.0,856451000.0,1062666000.0,580372000.0,816384000.0,,-407763000.0,-0.15306136513805582
トレンドマイクロ,4704,情報・通信業,プライム（内国株式）,JP,2024-12-31,東京都,679537278976.0,5.2022004,17.42978,22.271715,92.18785508995214,0.78800005,0.035104364,233.48,298.34,78.38000000087649,272638000000.0,48106000000.0,0.18166,34358000000.0,0.12509,0.27218,0.29837678234194986,280871000000.0,267274000000.0,307829000000.0,,170056000000.0,4520000000.0,30122000000.0,0.04432722226128797
クリップコーポレーション,4705,サービス業,スタンダード（内国株式）,JP,2025-03-31,愛知県,3198743040.0,0.68738204,,,35.46792744914569,4.0,0.050962627,-23.27,,23.89657049537289,3038094000.0,1834000.0,-0.034930002,-75274000.0,-0.045900002,-0.02851,0.8758282693174935,680380000.0,510315000.0,3471866000.0,209984000.0,2998961000.0,1168287000.0,3609286900.0,1.1283453703114583
キタック,4707,サービス業,スタンダード（内国株式）,JP,2025-10-31,新潟県,2021762048.0,0.56854963,,9.717361,7.445385543619422,0.1885,0.0,37.15,,49.91421223548326,3467585000.0,146107000.0,0.05243,207981000.0,0.054229997,0.054640003,0.5559220936715941,2821826000.0,2199702000.0,1616884000.0,1944469000.0,155778000.0,312633000.0,-986098900.0,-0.4877423141736609
ＩＤホールディングス,4709,情報・通信業,プライム（内国株式）,JP,2025-03-31,東京都,34806599680.0,2.3881202,16.130049,13.20998,13.43112659398109,0.4834,0.036945812,155.11,127.03,106.42306911973701,36274390000.0,3780890000.0,0.1029,2389934000.0,0.06701,0.18709,0.6026665170318669,8874907000.0,7987936000.0,14396048000.0,1950000000.0,5683280000.0,4664007000.0,8785945900.0,0.2524218389838418
ＫｅｙＨｏｌｄｅｒ,4712,サービス業,スタンダード（内国株式）,JP,2024-12-31,東京都,14302490624.0,0.6327865,,6.1959887,6.920252708018386,0.081499994,0.0,122.66,,113.17221074081645,31090423000.0,1857603000.0,0.0096700005,2500983000.0,0.02405,0.04467,0.40411710720578514,32334965000.0,8812574000.0,10420713000.0,4329396000.0,4110927000.0,2287326000.0,-20313123800.0,-1.4202508034449595
リソー教育グループ,4714,サービス業,プライム（内国株式）,JP,2025-02-28,,34356842496.0,2.985869,16.819317,19.311663,19.265029645922425,0.956,0.049751244,10.46,12.01,10.739999971423497,33394944000.0,2933747000.0,0.10326,1743069000.0,0.045939997,0.13121,0.5442880915824139,10075675000.0,5865068000.0,12686208000.0,,8952594000.0,82650000.0,2668388000.0,0.07766685778271584
日本オラクル,4716,情報・通信業,スタンダード（内国株式）,JP,2025-05-31,東京都,1208741789696.0,7.0627823,18.216934,19.723965,25.93796480735065,0.397,0.0,478.2,517.76,434.08999959864457,263510000000.0,86837000000.0,0.31476998,60725000000.0,0.22462,0.39949,0.5173149432843557,152723000000.0,152722000000.0,203861000000.0,,66616000000.0,36000000.0,51163200000.0,0.04232765048428383
早稲田アカデミー,4718,サービス業,プライム（内国株式）,JP,2025-03-31,東京都,38154276864.0,2.4247735,16.92623,15.290633,13.511695837670835,0.37,0.024414062,135.05,122.0,112.74999243753243,35069991000.0,3549345000.0,0.08831,2338913000.0,0.0,0.16572,0.6201612288960637,9300377000.0,5778016000.0,11251972000.0,482681000.0,8091237000.0,669317000.0,2420116900.0,0.06342976722180972
アルファシステムズ,4719,情報・通信業,プライム（内国株式）,JP,2025-03-31,神奈川県,52083474432.0,1.1726573,,15.220512,14.178745720959844,0.45130002,0.029972753,243.75,,216.9099989009324,38484142000.0,4422877000.0,0.15285,3211456000.0,0.08668,0.08067001,0.8357438933274768,8544035000.0,7583739000.0,34102138000.0,,24195685000.0,3769777000.0,28196946900.0,0.5413799138307072
ＮＳグループ,471A,その他金融業,プライム（内国株式）,JP,2024-12-31,大阪府,,3.1401,,13.869836,,0.0,0.020648967,125.38,,,26348000000.0,8818000000.0,0.22218001,5681000000.0,0.21205999,0.22028999,0.3846547797140123,45658000000.0,16619000000.0,27313000000.0,27695000000.0,15367000000.0,354000000.0,-18097200000.0,
城南進学研究社,4720,サービス業,スタンダード（内国株式）,JP,2025-03-31,神奈川県,2305049856.0,1.4861689,,,-24.95039763901833,0.0,0.0,-35.85,,-15.230218191222024,5623999000.0,-230708000.0,0.04526,-420786000.0,-0.02069,-0.0716,0.27459187064371077,3791988000.0,1842603000.0,2191819000.0,1244179000.0,1596727000.0,136139000.0,-1504871700.0,-0.6528586338741647
フューチャー,4722,情報・通信業,プライム（内国株式）,JP,2024-12-31,東京都,161301577728.0,2.5704217,13.56147,13.774042,15.551841601652189,0.3482,0.025612472,132.06,134.13,116.49000032321969,,,0.21544,,0.15412,0.1981,0.6028267860246828,36559000000.0,15874000000.0,50787000000.0,17856000000.0,32374000000.0,13048000000.0,23361600000.0,0.14483181335891365
ＣＡＣ　Ｈｏｌｄｉｎｇｓ,4725,情報・通信業,プライム（内国株式）,JP,2024-12-31,東京都,33087444992.0,0.93918824,,10.111361,10.756903441498801,0.5227,0.0,191.27,,145.1974206409201,52063000000.0,3394000000.0,0.01505,3096000000.0,0.06466,0.09624,0.6827325379569912,17019000000.0,10407000000.0,25095000000.0,2072000000.0,12869000000.0,21820000000.0,23350000000.0,0.7057057444491602
トーセ,4728,情報・通信業,スタンダード（内国株式）,JP,2024-08-31,,4926696960.0,0.78966105,,32.894737,10.22160358200425,1.2658,0.03834356,19.76,,65.85301490961868,4615576000.0,-522340000.0,0.12561,-260924000.0,0.03293,0.036459997,0.8363105174714678,1147568000.0,663855000.0,3679471000.0,,1556188000.0,959228000.0,3203362600.0,0.6502049194436347
ミラティブ,472A,情報・通信業,グロース（内国株式）,JP,2024-12-31,東京都,9124057088.0,2.422363,,,,0.0,0.0,-70.45,,,5438229000.0,-1179694000.0,0.03692,-1192602000.0,0.10281,0.27264,0.5304820711161624,1660699000.0,1015971000.0,3425209000.0,905500000.0,2752175000.0,,1764510000.0,0.19339094253593517
ユー・エス・エス,4732,サービス業,プライム（内国株式）,JP,2025-03-31,愛知県,881196531712.0,4.4948306,24.328646,22.830914,17.528601388268424,0.5757,0.025329815,83.33,78.2,68.0999999637832,104021000000.0,54206000000.0,0.51932,37636000000.0,0.36666,0.20363002,0.7638097161751725,59995000000.0,51151000000.0,144641000000.0,2245000000.0,113219000000.0,511000000.0,85003700000.0,0.09646395207077553
オービックビジネスコンサルタント,4733,情報・通信業,プライム（内国株式）,JP,2025-03-31,東京都,475116765184.0,2.8538296,26.188208,28.248335,37.74929845394477,0.4603,0.0004874086,223.73,241.33,184.1299998937106,46984282000.0,21744246000.0,0.47197,16182920000.0,0.33975,0.10596,0.762034471794617,49648857000.0,42731161000.0,173676557000.0,,161057982000.0,31369252000.0,145986176400.0,0.3072637867103331
京進,4735,サービス業,スタンダード（内国株式）,JP,2025-05-31,京都府,2528609024.0,0.6569528,3.7686138,28.240345,5.23505472671118,0.31190002,0.01134375,11.65,87.3,64.86831955130287,26455650000.0,508403000.0,0.0014,93057000.0,0.00338,0.023699999,0.17702488383566647,18128723000.0,9678062000.0,7235936000.0,9865817000.0,5569811000.0,206738000.0,-10748070400.0,-4.250586111963508
日本ラッド,4736,情報・通信業,スタンダード（内国株式）,JP,2025-03-31,東京都,3366494720.0,0.971349,,9.301986,17.958157401480772,0.1461,0.007949126,68.48,,63.00517151142013,4356055000.0,318259000.0,0.05469,417166000.0,0.04132,0.09718,0.6861336879577657,1550165000.0,879844000.0,3467279000.0,2126000.0,2184676000.0,483427000.0,2255512900.0,0.66998854523675
アイティフォー,4743,情報・通信業,プライム（内国株式）,JP,2025-03-31,東京都,46118510592.0,2.344991,16.040516,16.393751,12.582744792817794,0.5174,0.031958163,106.26,108.6,101.52000136598376,20552254000.0,3532876000.0,0.16577,2914336000.0,0.0,0.15331,0.7950997462725562,4907868000.0,4512250000.0,18460447000.0,,5037547000.0,2997342000.0,15650718400.0,0.33935871300047726
東計電算,4746,情報・通信業,スタンダード（内国株式）,JP,2024-12-31,神奈川県,79420858368.0,1.5763144,,15.015066,14.191480386206115,0.5861,0.0,295.37,,220.04999620148646,19634244000.0,5576462000.0,0.30706,4495772000.0,0.25792998,0.11833,0.8109956604228971,9395891000.0,5102655000.0,7431595000.0,,2200666000.0,35175676000.0,22658677200.0,0.2852988203049888
ダイサン,4750,サービス業,スタンダード（内国株式）,JP,2025-04-30,大阪府,3815638528.0,0.67473704,,10.58154,55.988392631943825,0.39130002,0.03722504,56.23,,9.449950240439568,10837533000.0,370803000.0,0.02989,335244000.0,0.0334,0.0651,0.5461371873599746,4625930000.0,4038169000.0,6456775000.0,2469148000.0,2219739000.0,3203000.0,1833087100.0,0.48041424431281976
サイバーエージェント,4751,サービス業,プライム（内国株式）,JP,2025-09-30,東京都,698396442624.0,3.747172,26.887804,23.363852,35.43954403812815,0.2883,0.012445095,58.98,51.25,28.991872444210024,874030000000.0,71702000000.0,0.10068,31667000000.0,0.043270003,0.20145,0.3297999504632405,281483000000.0,177791000000.0,390215000000.0,93371000000.0,229849000000.0,46298000000.0,141140600000.0,0.2020923810403581
昭和システムエンジニアリング,4752,情報・通信業,スタンダード（内国株式）,JP,2025-03-31,東京都,6939807232.0,1.2003424,,9.148889,8.688698939441826,0.3103,0.0,177.18,,151.17633191351058,8317480000.0,948822000.0,0.10582,714133000.0,0.09076,0.14076,0.6157431935377953,3334116000.0,1266023000.0,6762192000.0,10000000.0,5779935000.0,447466000.0,3741302200.0,0.5391075104721295
トスネット,4754,サービス業,スタンダード（内国株式）,JP,2025-09-30,宮城県,7130317312.0,0.8567267,,9.46054,6.509140456707202,0.22770001,0.02396373,162.57,,188.6204807400218,11907000000.0,859908000.0,0.06465,757668000.0,0.04409,0.06293,0.7519128532311821,2796739000.0,2069473000.0,7832023000.0,922045000.0,6104081000.0,324570000.0,5262483000.0,0.738043311360559
楽天グループ,4755,サービス業,プライム（内国株式）,JP,2024-12-31,東京都,1792865075200.0,1.8107077,-108.81734,,-3.294362452083082,0.0,0.0,-82.23,-7.61,-177.27254013313768,2279233000000.0,52975000000.0,0.07194,-162442000000.0,-0.07125,-0.09503999,0.034994437808300353,25276214000000.0,574986000000.0,14720434000000.0,5461713000000.0,6170888000000.0,8681992000000.0,-4478385600000.0,-2.4978932670103027
ギミック,475A,サービス業,スタンダード（内国株式）,JP,2025-03-31,東京都,5936716800.0,2.4669442,,28.98773,,0.0,0.0,39.12,,,3552165000.0,272624000.0,0.11505,192325000.0,0.054050002,0.31169,0.4369836643053696,918055000.0,767402000.0,1231391000.0,224483000.0,444849000.0,,313336000.0,0.052779340931337675
アルファ,4760,サービス業,スタンダード（内国株式）,JP,2025-08-31,,1286464000.0,0.8715879,,10.070493,9.842210064144274,0.3778,0.037998732,158.88,,165.75152506327225,6365005000.0,234700000.0,0.04871,127678000.0,0.017280001,0.07828,0.3359526987860602,3010570000.0,1954564000.0,2365706000.0,1544870000.0,909331000.0,19986000.0,-630873800.0,-0.49039366822546143
さくらケーシーエス,4761,情報・通信業,スタンダード（内国株式）,JP,2025-03-31,兵庫県,14413384704.0,0.7062267,,14.347827,13.825153355550311,0.4124,0.01598721,89.7,,79.9163441067411,22537000000.0,1377000000.0,0.03822,1145000000.0,0.041869998,0.048800003,0.7772734387228049,5692000000.0,4739000000.0,14244000000.0,923000000.0,3703000000.0,6344000000.0,12992800000.0,0.9014398954045985
エックスネット,4762,情報・通信業,スタンダード（内国株式）,JP,2025-03-31,東京都,6474702336.0,2.1124637,,13.003694,12.892160522859577,0.37759998,0.0,119.12,,89.73499264426596,5300592000.0,860664000.0,0.1741,581342000.0,0.09224,0.17469999,0.43733235942140053,3759160000.0,3126098000.0,2220796000.0,2500000000.0,1456027000.0,2697866000.0,350142200.0,0.054078501501632584
クリーク・アンド・リバー社,4763,サービス業,プライム（内国株式）,JP,2025-02-28,東京都,31387627520.0,1.734198,9.870302,10.471352,15.059723708642489,0.2894,0.028314916,141.72,150.35,119.52999802274931,50275801000.0,3614590000.0,0.09348,2251469000.0,0.05748,0.19716999,0.5863785703159384,11065959000.0,10284075000.0,20798934000.0,4167366000.0,12807120000.0,1257173000.0,10612996100.0,0.3381267377802755
ＳＢＩグローバルアセットマネジメント,4765,サービス業,プライム（内国株式）,JP,2025-03-31,東京都,85955919872.0,2.8089762,,31.353798,39.34934124721791,1.1187,0.036535304,19.87,,17.719999944251416,11568990000.0,2269275000.0,0.16625999,1646935000.0,0.112399995,0.08831,0.8348127971401159,2848285000.0,2743751000.0,7187711000.0,175866000.0,4008192000.0,7702904000.0,9731458800.0,0.11321452687018485
ピーエイ,4766,サービス業,スタンダード（内国株式）,JP,2024-12-31,東京都,2526927360.0,4.850061,,24.684874,76.56956151884744,0.0,0.0,9.52,,4.181018632958122,1877190000.0,67164000.0,0.018070001,73425000.0,0.04701,0.1927,0.34788037569890257,871686000.0,706074000.0,1094661000.0,595480000.0,824305000.0,,222975000.0,0.08823957646332976
テー・オー・ダブリュー,4767,サービス業,スタンダード（内国株式）,JP,2025-06-30,東京都,15883884544.0,1.4859818,,13.056784,9.5957755266318,0.5661,0.019736841,29.41,,34.6200000812572,17782855000.0,2152925000.0,0.14616999,1132201000.0,0.06316,0.118310004,0.6956639794907181,4327510000.0,3880050000.0,12255082000.0,613189000.0,8128004000.0,1092362000.0,8692225400.0,0.5472354936805061
大塚商会,4768,情報・通信業,プライム（内国株式）,JP,2024-12-31,東京都,1194104586240.0,3.0282543,20.707567,18.552996,24.849483928557934,0.53069997,0.029277815,169.73,152.07,141.03587467843474,,,0.07384,,0.04861,0.16829,0.5502216194318766,298660000000.0,289692000000.0,568843000000.0,6861000000.0,228136000000.0,22815000000.0,286153500000.0,0.23963855703882772
ＩＣ,4769,情報・通信業,スタンダード（内国株式）,JP,2025-09-30,東京都,7702309888.0,1.1959789,,15.87253,17.739564877929332,0.6125,0.038948394,65.27,,51.65353059852051,10136104000.0,516370000.0,0.10295,485609000.0,0.03862,0.06445,0.7390827821665705,2269435000.0,1986857000.0,5752078000.0,,3743303000.0,2292253000.0,5087220100.0,0.6604798007316944
辻・本郷ＩＴコンサルティング,476A,情報・通信業,スタンダード（内国株式）,JP,2025-09-30,東京都,3273483776.0,1.9614861,,19.304708,,0.0,0.0,86.87,,,2124225000.0,320471000.0,0.07295,169485000.0,0.064569995,,0.6037280190377107,662753000.0,538481000.0,1275639000.0,195082000.0,940339000.0,,612886000.0,0.18722744389126308
エフアンドエム,4771,サービス業,スタンダード（内国株式）,JP,2025-03-31,大阪府,34644041728.0,2.411363,33.219856,16.778908,18.112648537199654,0.294,0.008572653,139.58,70.5,110.27645556851496,17066373000.0,2716894000.0,0.27457002,1814337000.0,0.11862001,0.17351,0.7635358471774121,4092181000.0,3932506000.0,7269183000.0,,5834981000.0,1392183000.0,4151530100.0,0.11983388464298758
ＳＭ　ＥＮＴＥＲＴＡＩＮＭＥＮＴ　ＪＡＰＡＮ,4772,情報・通信業,グロース（内国株式）,JP,2024-12-31,東京都,11241805824.0,1.5048559,,29.93827,16.451346495271313,0.6173,0.02020202,3.24,,6.7999999827335795,,,-0.01871,,0.03686,0.04812,0.5121974279422746,6622286000.0,6189777000.0,12778529000.0,,2452621000.0,1385827000.0,7126321900.0,0.6339125592070002
サイボウズ,4776,情報・通信業,プライム（内国株式）,JP,2024-12-31,東京都,103219126272.0,5.795777,35.76923,14.576803,38.100614062383805,0.2611,0.0,153.12,62.4,74.98999975129898,,,0.21284,,0.18917999,0.47748002,0.5514772134490444,9455000000.0,9287000000.0,11933000000.0,,5589000000.0,2261000000.0,4060700000.0,0.039340577145551135
ガーラ,4777,情報・通信業,スタンダード（内国株式）,JP,2024-12-31,,5829179392.0,13.0899935,,,33.3607904494382,0.0,0.0,-34.69,,12.14000011821723,2350908000.0,-447796000.0,-0.053039998,-907980000.0,-0.20557,-0.58276004,0.22174774403371353,2563632000.0,1994916000.0,1539645000.0,1347951000.0,807059000.0,243000.0,-1023816900.0,-0.1756365400943214
スタートライン,477A,サービス業,グロース（内国株式）,JP,2025-03-31,東京都,3077594880.0,3.0890431,,20.244566,,,0.0,36.8,,,4470909000.0,263071000.0,0.0,144079000.0,0.0,,0.13004449064596585,4904061000.0,2044904000.0,2052156000.0,3305230000.0,1216455000.0,,-2851905000.0,-0.9266668002774946
ＮＣＤ,4783,情報・通信業,スタンダード（内国株式）,JP,2025-03-31,東京都,28262459392.0,3.4924848,,17.15236,10.169911927063595,0.48139998,0.028075254,201.43,,170.40380601596073,30106683000.0,2809608000.0,0.0937,1905576000.0,0.0547,0.21575001,0.4837094830790083,8241769000.0,5741420000.0,12586277000.0,1585624000.0,7567225000.0,235728000.0,4509517600.0,0.1595585698135127
ＧＭＯインターネット,4784,サービス業,プライム（内国株式）,JP,2024-12-31,東京都,211170246656.0,15.202068,43.502823,55.878086,132.33913599351595,0.91440004,0.017142856,13.78,17.7,2.5038259015864783,12997730000.0,139843000.0,0.1283,-4845000.0,0.07082,0.57405,0.5023556317951149,5109554000.0,4768858000.0,8660124000.0,,4024538000.0,673485000.0,4022009500.0,0.019046288782112016
フツパー,478A,情報・通信業,グロース（内国株式）,JP,2024-12-31,大阪府,7670559744.0,3.2900686,,,,0.0,0.0,-2.29,,,602796000.0,-69074000.0,0.37945,-23042000.0,0.24204001,0.25514,0.6576903484664582,163293000.0,94757000.0,418415000.0,58000000.0,277731000.0,,255122000.0,0.033259893477729494
山田コンサルティンググループ,4792,サービス業,プライム（内国株式）,JP,2025-03-31,東京都,32949497856.0,1.7843643,13.253846,13.774083,11.097670790021205,0.616,0.045081966,125.09,130.0,150.11999646833138,22761078000.0,4132677000.0,0.089899994,2882297000.0,0.095790006,0.11981,0.7686295340266738,4890501000.0,4774347000.0,20148493000.0,1600000000.0,9147114000.0,562609000.0,15651818300.0,0.4750244865158045
ＰＲＯＮＩ,479A,情報・通信業,グロース（内国株式）,JP,2024-12-31,東京都,6608900608.0,3.843703,,,,0.0,0.0,-61.68,,,2197804000.0,-384242000.0,0.042069998,-270464000.0,0.16486,0.46488997,0.37437637524851847,1108291000.0,526474000.0,1561061000.0,707207000.0,1234554000.0,,452770000.0,0.06850912532289062
オリコン,4800,情報・通信業,スタンダード（内国株式）,JP,2025-03-31,東京都,11296010240.0,1.8945918,9.452202,11.521341,10.234361112783501,0.4711,0.041002277,76.38,93.1,79.99131202454467,4916037000.0,1402221000.0,0.21333,992077000.0,0.15977,0.17413999,0.8178049921446608,1260350000.0,1161611000.0,5040147000.0,185320000.0,3951789000.0,923133000.0,4425990100.0,0.3918188817080959
セントラルスポーツ,4801,サービス業,プライム（内国株式）,JP,2025-03-31,,27643113472.0,1.0501506,,26.738894,23.4369318757863,0.4871,0.018262986,92.3,,103.56559375985157,46595000000.0,1947000000.0,0.06489,1359000000.0,0.02347,0.04377,0.6278764610113479,15314000000.0,8239000000.0,8774000000.0,4949000000.0,5379000000.0,168000000.0,-6422400000.0,-0.23233272932534593
パラカ,4809,不動産業,プライム（内国株式）,JP,2025-09-30,東京都,20672346112.0,0.99590206,,10.111134,9.428981538627562,0.3323,0.03321765,201.56,,179.78000349665675,17630000000.0,3273000000.0,0.18719,2044000000.0,0.11446,0.1021,0.42295711974110034,28529000000.0,4976000000.0,4732000000.0,26078000000.0,3671000000.0,30000000.0,-23776000000.0,-1.1501355420030615
リブ・コンサルティング,480A,サービス業,グロース（内国株式）,JP,2024-12-31,東京都,7539200000.0,1.8461258,,22.076462,,0.0,0.0,53.36,,,4976878000.0,408444000.0,0.15979,272343000.0,0.08347999,0.20476,0.6218947334433191,971950000.0,912121000.0,1550005000.0,235430000.0,900458000.0,115000.0,578135500.0,0.07668393198217317
ドリーム・アーツ,4811,情報・通信業,グロース（内国株式）,JP,2024-12-31,東京都,9871942656.0,3.567741,,13.174211,9.500698917603527,0.2068,0.0,64.52,,110.1800108027256,5033855000.0,773510000.0,0.11096,551343000.0,0.13389,0.28987,0.48809180983939027,2421122000.0,2344637000.0,3954790000.0,300000000.0,3571189000.0,158253000.0,1644445100.0,0.16657765926147616
電通総研,4812,情報・通信業,プライム（内国株式）,JP,2024-12-31,東京都,384499449856.0,3.8389661,6.9351544,23.47474,24.77933173756903,0.46130002,0.020682523,83.92,284.06,77.43611021468197,,,0.15126,,0.099259995,0.17105,0.6189600287787363,56139000000.0,52544000000.0,119058000000.0,1956000000.0,6354000000.0,3388000000.0,65290600000.0,0.16980674491069409
ＡＣＣＥＳＳ,4813,情報・通信業,プライム（内国株式）,JP,2025-01-31,東京都,23717324800.0,3.2415824,41.103897,,-13.23755769143741,0.0,0.0,-202.18,15.4,-59.45205440041735,15930903000.0,-2259548000.0,-0.008119999,-5383524000.0,-0.34283,-0.62838,0.4668982900204629,11477256000.0,9984590000.0,17248067000.0,1032004000.0,10809048000.0,675971000.0,6243990700.0,0.26326707386492426
ネクストウェア,4814,情報・通信業,スタンダード（内国株式）,JP,2025-03-31,大阪府,2528594176.0,2.3609529,,,-13.74746072618687,0.0,0.0,-5.91,,-12.729623563619352,3009759000.0,-75504000.0,-0.055710003,-105947000.0,-0.041279998,-0.105220005,0.790739743073175,323558000.0,313543000.0,1017014000.0,1950000.0,453298000.0,140211000.0,791603700.0,0.3130607938250665
東映アニメーション,4816,情報・通信業,スタンダード（内国株式）,JP,2025-03-31,東京都,497502093312.0,3.0463965,22.026232,20.407309,32.59257420868899,0.3438,0.017083334,119.32,110.55,91.93000013983925,100836000000.0,32433000000.0,0.30103,23623000000.0,0.25856,0.16006,0.8021625301078646,37783000000.0,34035000000.0,127940000000.0,,82474000000.0,20703000000.0,104649100000.0,0.21034906467091202
デジタルガレージ,4819,情報・通信業,プライム（内国株式）,JP,2025-03-31,東京都,97344348160.0,1.2497658,18.675707,31.347914,25.883332812971293,0.6348,0.021099117,67.66,113.57,125.30999980273279,38307000000.0,3716000000.0,0.0051700003,-7190000000.0,0.05321,0.01901,0.33319637366132965,148649000000.0,97558000000.0,144446000000.0,61632000000.0,56354000000.0,12896000000.0,4824200000.0,0.049558090337928046
イーエムシステムズ,4820,情報・通信業,プライム（内国株式）,JP,2024-12-31,大阪府,49426083840.0,2.4240448,20.458452,20.203735,21.584846309485542,1.1042,0.0,35.34,34.9,34.430000061619054,,,0.05664,,0.103640005,0.12006,0.6501310429757807,11051000000.0,9072000000.0,18349000000.0,1439000000.0,11884000000.0,906000000.0,7932200000.0,0.16048611145640787
ウェザーニューズ,4825,情報・通信業,プライム（内国株式）,JP,2025-05-31,千葉県,94868062208.0,4.189172,7.3718724,26.176472,10.058682528864596,0.4905,0.010469986,81.6,289.75,110.1399987593657,23505624000.0,4517300000.0,0.22132,3115362000.0,0.15061,0.16869,0.8360004582696454,4212179000.0,3570268000.0,22372531000.0,,16979356000.0,190368000.0,18293609600.0,0.19283212046527226
ＣＩＪ,4826,情報・通信業,プライム（内国株式）,JP,2025-06-30,神奈川県,29913856000.0,1.9658186,,16.640303,26.54663250869549,0.5065,0.015384615,31.61,,16.354813441055306,26899791000.0,2170384000.0,0.10727999,1495762000.0,0.06431,0.12077,0.7772429860205504,4160398000.0,3998890000.0,13633681000.0,647486000.0,8830862000.0,2363978000.0,11128067600.0,0.37200378312979776
ビジネスエンジニアリング,4828,情報・通信業,プライム（内国株式）,JP,2025-03-31,東京都,84419043328.0,5.634411,5.6287427,25.314182,16.398349810094828,0.35950002,0.01938703,55.7,250.5,43.81999968993189,20776900000.0,4676353000.0,0.28047,3330791000.0,0.18806,0.33067,0.7253882278418448,5067009000.0,5030364000.0,14336426000.0,100000000.0,9347420000.0,1044062000.0,10000260400.0,0.11845976933362293
日本エンタープライズ,4829,情報・通信業,スタンダード（内国株式）,JP,2025-05-31,東京都,5279281152.0,1.1213423,,161.17647,23.870686503238378,3.5294,0.022222223,0.85,,5.430000027504707,4442255000.0,67815000.0,0.02168,21693000.0,0.00715,0.0098,0.8473872957416397,694661000.0,608485000.0,4711295000.0,0.0,3861128000.0,279940000.0,4212592000.0,0.7979480309367695
ＪＦＥシステムズ,4832,情報・通信業,スタンダード（内国株式）,JP,2025-03-31,東京都,67719364608.0,1.958154,,12.4379835,11.642357065305646,0.35209998,0.030109057,173.34,,158.18499895717005,63971753000.0,7589259000.0,0.13116999,5442363000.0,0.081099994,0.14954,0.6219793422567214,18920734000.0,12521638000.0,40271064000.0,3529216000.0,24053157000.0,1864859000.0,22655731300.0,0.33455321725395476
Ｄｅｆ　ｃｏｎｓｕｌｔｉｎｇ,4833,サービス業,グロース（内国株式）,JP,2025-03-31,東京都,4937556992.0,1.71988,,,-7.428383688234653,0.0,0.0,-16.33,,-10.904121730853884,619677000.0,-427215000.0,-0.18594,-427937000.0,-0.08248,-0.59914,0.7184007108778737,121057000.0,101968000.0,313312000.0,,183018000.0,0.0,192255000.0,0.03893727207837766
スペースシャワーＳＫＩＹＡＫＩホールディングス,4838,情報・通信業,スタンダード（内国株式）,JP,2025-03-31,東京都,15201380352.0,1.751854,,19.961407,14.458428792216043,0.21450001,0.011198209,46.64,,33.406119498961864,20637129000.0,877460000.0,0.07224,287555000.0,0.04652,0.13176,0.5024684312604301,7877830000.0,7077994000.0,10306307000.0,67481000.0,6489456000.0,43758000.0,2459107600.0,0.16176870409511612
ＷＯＷＯＷ,4839,情報・通信業,プライム（内国株式）,JP,2025-03-31,東京都,38454067200.0,0.5390632,95.563385,16.94979,28.25452042144708,0.3744,0.02264151,80.06,14.2,38.78107666709887,76757000000.0,2036000000.0,0.11963,637000000.0,0.04072,0.04532,0.6769420591249664,32467000000.0,30372000000.0,69510000000.0,,28751000000.0,3076000000.0,39196200000.0,1.0192992017239726
テラテクノロジー,483A,情報・通信業,スタンダード（内国株式）,JP,2025-03-31,東京都,3643049984.0,1.3711143,,9.727542,,0.0,0.03119349,229.76,,,4387144000.0,516807000.0,0.14072,374658000.0,0.08525,0.16350001,0.7308911580191827,903224000.0,861396000.0,2993790000.0,4412000.0,2203955000.0,16500000.0,2102116000.0,0.5770209053491812
トライアイズ,4840,サービス業,スタンダード（内国株式）,JP,2024-12-31,東京都,3637499136.0,0.8340075,,14.431712,23.738170170512905,0.0,0.0,32.29,,12.680000094274172,961299000.0,2212000.0,-3.71429,194782000.0,-0.29705,-0.088240005,0.9213558353965905,446122000.0,209691000.0,3809279000.0,233527000.0,2878648000.0,36547000.0,3388739900.0,0.9316125649246065
スカラ,4845,情報・通信業,プライム（内国株式）,JP,2024-06-30,東京都,6406520320.0,1.3669653,6.254237,7.0771003,-54.16454757497601,0.3165,0.023160763,52.14,59.0,-12.576371666400172,8193338000.0,-1448468000.0,0.06063,-2887886000.0,0.08708999,0.16586,0.34161477282695085,8130463000.0,5512441000.0,9106102000.0,6186115000.0,6817385000.0,1441270000.0,1984528000.0,0.3097669094726293
インテリジェント　ウェイブ,4847,情報・通信業,プライム（内国株式）,JP,2025-06-30,東京都,26445897728.0,2.7260754,14.490675,19.645983,18.89710809591478,0.72010005,0.037373737,51.41,69.7,54.1879045589402,15596131000.0,1848368000.0,0.14538,1349786000.0,0.08199,0.14299,0.506959619552176,9215223000.0,8417575000.0,10460943000.0,8829000.0,6431303000.0,1260056000.0,2127759200.0,0.08045706074659748
フルキャストホールディングス,4848,サービス業,プライム（内国株式）,JP,2024-12-31,東京都,58886672384.0,1.9091442,11.033356,12.391656,10.26525992934494,0.4626,0.037860576,136.14,152.9,163.92999974668655,68556000000.0,7132000000.0,0.0766,5493000000.0,0.061950002,0.15867,0.6961994791164271,12599000000.0,10191000000.0,27468000000.0,1000000000.0,17531000000.0,2740000000.0,16787000000.0,0.28507299394559044
エン,4849,サービス業,プライム（内国株式）,JP,2025-03-31,東京都,47081050112.0,1.4944713,6.253464,12.270121,24.777012764095804,0.69269997,0.057648025,101.14,198.45,102.761837026045,65678000000.0,5894000000.0,0.04664,7628000000.0,0.06028,0.108380005,0.6603385901443574,19327000000.0,16540000000.0,37089000000.0,551000000.0,27481000000.0,4661000000.0,21024700000.0,0.4465639561986157
パワーエックス,485A,電気機器,グロース（内国株式）,JP,2024-12-31,岡山県,144383229952.0,21.001623,,,,0.0,0.0,-220.8,,,6161000000.0,-4943000000.0,0.0,-8013000000.0,0.0,,0.1541089566020314,9161000000.0,5547000000.0,6226000000.0,6386000000.0,1244000000.0,,-2935000000.0,-0.020327845560566393
セルソース,4880,医薬品,プライム（内国株式）,JP,2025-10-31,東京都,8386643968.0,1.3937811,23.434904,769.0909,96.77576256479618,9.2593,0.012406948,0.55,18.05,11.959999897459864,3711455000.0,166708000.0,0.04888,10659000.0,0.00269,,0.8566131200180411,1007145000.0,442839000.0,5487599000.0,56719000.0,4711820000.0,110722000.0,4557959400.0,0.5434783469277231
ファンペップ,4881,医薬品,グロース（内国株式）,JP,2024-12-31,東京都,4056378880.0,2.774541,-3.0769231,,-3.4065572638566297,0.0,0.0,-42.1,-32.5,-39.62945271237386,6127000.0,-901757000.0,0.0,-889092000.0,0.0,-0.95312,0.8189526000151094,563176000.0,460087000.0,2646571000.0,,2346111000.0,29970000.0,2104374000.0,0.5187814211279987
ペルセウスプロテオミクス,4882,医薬品,グロース（内国株式）,JP,2025-03-31,東京都,3451371264.0,3.9014955,-3.4873323,,-3.4688051627039456,0.0,0.0,-53.24,-67.1,-93.69220372892359,120375000.0,-826430000.0,-4.04561,-904800000.0,0.0,-0.59966,0.7875400599394008,386430000.0,124866000.0,1775974000.0,,1667921000.0,,1389544000.0,0.4026063537394046
モダリス,4883,医薬品,グロース（内国株式）,JP,2024-12-31,東京都,4539090432.0,1.4659477,2.7935605,,-1.6053884182804652,0.0,0.0,-20.37,21.12,-77.23987453006336,0.0,-1337650000.0,0.0,-1317894000.0,0.0,-0.67894,0.9611350140550755,143472000.0,117322000.0,3617079000.0,0.0,3575277000.0,,3473607000.0,0.7652649913100475
クリングルファーマ,4884,医薬品,グロース（内国株式）,JP,2025-09-30,大阪府,2868496640.0,2.3158193,,,-7.2921526386966535,0.0,0.0,-133.91,,-118.20926449423138,72215000.0,-909452000.0,-10.76505,-916255000.0,0.0,-0.58035,0.6296418662830876,770109000.0,109347000.0,2055494000.0,,1619088000.0,,1285385000.0,0.4481040633186867
室町ケミカル,4885,医薬品,スタンダード（内国株式）,JP,2025-05-31,福岡県,5192545280.0,,,14.387686,8.292809065210939,0.4042,0.0023980816,89.66,,81.86000918764235,6653027000.0,432192000.0,0.05682,241277000.0,0.00587,,0.4657127053395014,2812795000.0,1455333000.0,3608522000.0,1647258000.0,1058068000.0,301431000.0,1006728700.0,0.19387961889857608
あすか製薬ホールディングス,4886,医薬品,プライム（内国株式）,JP,2025-03-31,東京都,70763143168.0,1.0294917,14.617551,14.836865,8.002205164050656,0.3391,0.023067584,167.96,170.48,266.5100032913721,64139000000.0,5332000000.0,0.11756,5101000000.0,0.07143,0.07191,0.6496210237332644,31340000000.0,22879000000.0,58047000000.0,10902000000.0,10603000000.0,12327000000.0,35335900000.0,0.49935458514199166
サワイグループホールディングス,4887,医薬品,プライム（内国株式）,JP,2025-03-31,大阪府,268042158080.0,1.4991168,13.559619,23.97975,18.247206147592856,0.5579,0.023391813,96.79,171.17,103.93345830139565,189024000000.0,20808000000.0,0.13227001,22938000000.0,0.041020002,-0.00671,0.49025020937728236,180769000000.0,102815000000.0,200823000000.0,91339000000.0,38785000000.0,4134000000.0,22947800000.0,0.08561265199614976
ステラファーマ,4888,医薬品,グロース（内国株式）,JP,2025-03-31,大阪府,15583446016.0,5.7818065,,,-11.639836005022593,0.0,0.0,-5.04,,-24.65670477454832,961058000.0,-90247000.0,-3.5082002,-140811000.0,-0.28822002,-0.09843001,0.5921034560163512,2209618000.0,390444000.0,5243479000.0,766780000.0,3206471000.0,,3033861000.0,0.19468485961866472
レナサイエンス,4889,医薬品,グロース（内国株式）,JP,2025-03-31,宮城県,24736968704.0,10.27987,,715.44116,-18.35393616815375,0.0,0.0,2.72,,-20.3226161725025,132693000.0,-178828000.0,-2.23333,113427000.0,-2.42056,-0.12404,0.9191978890241439,151210000.0,151210000.0,1871252000.0,0.0,1799816000.0,,1720042000.0,0.06953325690717582
坪田ラボ,4890,医薬品,グロース（内国株式）,JP,2025-03-31,東京都,7067638272.0,6.39246,,,-13.799439278858973,0.0,0.0,-6.8,,-25.07348255302512,1357133000.0,235468000.0,-4.4085298,205766000.0,-0.5628,-0.31094998,0.6341170609674395,915850000.0,846636000.0,2445308000.0,90380000.0,1538853000.0,,1529458000.0,0.21640298231720256
ティムス,4891,医薬品,グロース（内国株式）,JP,2025-02-28,東京都,7050292224.0,2.4523375,-4.84375,,-12.298202241573268,0.0,0.0,-15.64,-32.0,-26.020063234792232,0.0,-907791000.0,0.0,-660548000.0,0.0,,0.9285086514422038,216781000.0,216781000.0,3029096000.0,,2922950000.0,,2812315000.0,0.3988933948619262
サイフューズ,4892,医薬品,グロース（内国株式）,JP,2024-12-31,東京都,6651209216.0,2.3305714,,,-10.302086536062632,0.0,0.0,-101.07,,-75.42161457099958,54446000.0,-896133000.0,-0.82249,-872238000.0,0.0,-0.28803,0.7226845586456627,975596000.0,648595000.0,3240113000.0,852800000.0,3052570000.0,,2264517000.0,0.340466962691916
ノイルイミューン・バイオテック,4893,医薬品,グロース（内国株式）,JP,2024-12-31,東京都,7144770560.0,1.817541,-5.6896553,,-7.596297362687542,0.0,0.0,-16.01,-29.0,-27.25011806630542,7587000.0,-1069182000.0,-159.4,-964455000.0,0.0,-0.18325001,0.9844432657829761,74675000.0,69441000.0,4775376000.0,,4670939000.0,,4700701000.0,0.6579218969349241
クオリプス,4894,医薬品,グロース（内国株式）,JP,2025-03-31,東京都,66614833152.0,13.296363,,,-42.739889889478206,0.0,0.0,-81.61,,-85.86826052875462,175205000.0,-590262000.0,-18.33333,-644342000.0,-2.14888,-0.14713,0.9626061266101541,211913000.0,177315000.0,5125116000.0,,4594824000.0,,4913203000.0,0.07375539001635237
ケイファーマ,4896,医薬品,グロース（内国株式）,JP,2024-12-31,東京都,10420930560.0,8.238759,,,31.46944090961472,0.0,0.0,-74.53,,23.069999943284294,0.0,-836346000.0,0.0,-846455000.0,0.0,-0.56372,0.9597292561684232,94760000.0,63460000.0,2348139000.0,,2268198000.0,,2253379000.0,0.21623587135773026
富士フイルムホールディングス,4901,化学,プライム（内国株式）,JP,2025-03-31,東京都,3909981831168.0,1.0509868,13.979746,14.429963,16.27251417168978,0.3116,0.020382565,224.81,232.05,202.23859602760672,3195828000000.0,330155000000.0,0.10493,260951000000.0,0.08271,0.07675,0.6378168912674279,1897226000000.0,1125940000000.0,1581681000000.0,802285000000.0,172111000000.0,72298000000.0,-264936400000.0,-0.06775898493647411
コニカミノルタ,4902,電気機器,プライム（内国株式）,JP,2025-03-31,東京都,294909706240.0,0.5675312,12.392026,,53.61401473405682,0.0,0.008454515,-134.64,48.16,9.123527844821323,1127882000000.0,-64014000000.0,0.04099,-47484000000.0,-0.01174,-0.07164,0.38036991198555237,743563000000.0,422053000000.0,687805000000.0,438169000000.0,89904000000.0,20900000000.0,-41128000000.0,-0.1394596350332725
資生堂,4911,化学,プライム（内国株式）,JP,2024-12-31,東京都,1318442237952.0,2.1946845,26.617195,,-101.28124291564349,12.0482,0.012598425,-101.97,123.98,-27.061559379000155,,,0.01255,,-0.041939996,-0.062329996,0.4748845213567915,677205000000.0,398562000000.0,477800000000.0,363160000000.0,98479000000.0,89556000000.0,-136715800000.0,-0.10369494852680634
ライオン,4912,化学,プライム（内国株式）,JP,2024-12-31,東京都,508626468864.0,1.5760256,26.641066,18.449574,22.633542415739292,0.30110002,0.016759777,99.65,69.01,76.40513428661026,,,0.072909996,,0.065359995,0.0935,0.5907813672267065,181474000000.0,142378000000.0,251424000000.0,29736000000.0,102240000000.0,27000000000.0,88850000000.0,0.17468615071968918
高砂香料工業,4914,化学,プライム（内国株式）,JP,2025-03-31,,134934667264.0,0.9254195,5.91453,9.756098,23.46921981121541,0.3948,0.04108584,141.86,234.0,27.720127401623344,229207000000.0,15342000000.0,0.021860002,13325000000.0,0.04282,0.06982,0.5500202155820181,115782000000.0,80375000000.0,155016000000.0,60707000000.0,35590000000.0,23204000000.0,55476800000.0,0.4111382280393482
マンダム,4917,化学,プライム（内国株式）,JP,2025-03-31,大阪府,145564778496.0,2.0564349,116.30004,75.757576,22.344512893347062,0.4682,0.006441224,42.57,27.73,57.839999573038064,76183000000.0,1033000000.0,0.029040001,1859000000.0,0.02762,0.02977,0.7168280474295327,20821000000.0,15013000000.0,60610000000.0,95000000.0,29119000000.0,6872000000.0,44599400000.0,0.30638867767882155
アイビー化粧品,4918,化学,スタンダード（内国株式）,JP,2025-03-31,東京都,2561446400.0,0.9720875,,5.806812,13.868365701667384,0.0,0.37128714,71.64,,32.15952114288259,2929931000.0,422626000.0,0.27006,43013000.0,-0.01565,-0.04227,0.6919731474839153,1098790000.0,884795000.0,2472064000.0,211344000.0,577937000.0,,1373274000.0,0.5361322415335336
ミルボン,4919,化学,プライム（内国株式）,JP,2024-12-31,東京都,89335349248.0,1.8209863,18.977856,26.45398,28.24688766700956,0.8282,0.031541217,106.26,148.12,123.00927420222494,51316414000.0,6839518000.0,0.14511,5017568000.0,0.06503,0.070250005,0.8288263538353884,10081966000.0,9208070000.0,30935977000.0,,13829730000.0,875480000.0,21466847000.0,0.2402951035698849
日本色材工業研究所,4920,化学,スタンダード（内国株式）,JP,2025-02-28,東京都,2475820800.0,0.6115738,,196.19833,8.507458053908865,3.3278,0.01690617,6.05,,189.95789666551516,17632212000.0,489251000.0,-0.02733,216299000.0,0.01485,0.061160002,0.2252339603815364,13085332000.0,6245206000.0,6734766000.0,9732511000.0,949024000.0,259060000.0,-6169224000.0,-2.4917893896036416
コーセーホールディングス,4922,化学,プライム（内国株式）,JP,2024-12-31,東京都,355858644992.0,1.2521806,19.134571,23.52919,53.17525298886355,0.5286,0.02259887,264.99,325.85,131.61026579700845,,,0.054530002,,0.04577,0.054050002,0.7107310745169281,92491000000.0,71162000000.0,240336000000.0,11222000000.0,113970000000.0,16750000000.0,159570000000.0,0.44840838418745527
コタ,4923,化学,プライム（内国株式）,JP,2025-03-31,京都府,37017784320.0,3.104759,24.136059,28.25074,30.602901667415786,0.42310002,0.0,47.22,55.27,47.781704001598946,9376747000.0,1831954000.0,0.40039003,1304523000.0,0.14706999,0.122379996,0.7533212084493132,3670073000.0,2287609000.0,8898184000.0,,5167478000.0,191837000.0,5362396900.0,0.14486001792124548
ハーバー研究所,4925,化学,スタンダード（内国株式）,JP,2025-03-31,東京都,6939015680.0,0.7630322,,8.89697,-3.6272792039105326,0.19389999,0.021633316,206.25,,-560.2581925411455,12061829000.0,589511000.0,0.0792,576566000.0,0.05538,0.07631,0.7231748315422291,3417224000.0,2658545000.0,9035495000.0,1816930000.0,4743538000.0,,5618271000.0,0.8096639723978833
シーボン,4926,化学,スタンダード（内国株式）,JP,2025-03-31,東京都,5821493760.0,1.0249114,,18.622484,-232.1093657072191,0.2737,0.0073206443,73.03,,-6.155290973462491,8838895000.0,171019000.0,0.00087,136272000.0,0.02572,0.04226,0.6691436528392846,2819886000.0,2490913000.0,4613892000.0,0.0,2653637000.0,317142000.0,2016005400.0,0.34630379815094053
ポーラ・オルビスホールディングス,4927,化学,プライム（内国株式）,JP,2024-12-31,東京都,304906076160.0,1.8698336,25.77146,32.256554,32.752154769135934,1.2161,0.037887067,42.72,53.47,41.930000063892905,,,0.08266,,0.05562,0.05776,0.8231429712460064,35405000000.0,27351000000.0,106120000000.0,2115000000.0,45176000000.0,15407000000.0,81499900000.0,0.26729509961366854
ノエビアホールディングス,4928,化学,プライム（内国株式）,JP,2025-09-30,兵庫県,161046528000.0,3.3927379,19.058207,20.039953,21.40876822461936,0.97830003,0.049303323,235.28,247.4,233.33999977222268,64724000000.0,11078000000.0,0.14561,8030000000.0,0.13217,0.17894,0.702910108246614,22284000000.0,9847000000.0,48884000000.0,742000000.0,26930000000.0,2866000000.0,28606200000.0,0.17762692779070655
アジュバンホールディングス,4929,化学,スタンダード（内国株式）,JP,2025-03-31,兵庫県,6544323072.0,1.5279752,,169.35818,-71.25693514305225,2.5052001,0.014669927,4.83,,-12.489455592803603,4098140000.0,126600000.0,0.22512,40729000.0,0.03401,0.03168,0.7896647861007433,1113099000.0,658518000.0,3532459000.0,30509000.0,2224895000.0,201882000.0,2560677400.0,0.39128224139115364
新日本製薬,4931,化学,プライム（内国株式）,JP,2025-09-30,福岡県,45209522176.0,2.0019271,15.76115,17.7619,13.563642338156516,0.432,0.024424613,120.37,135.65,129.2899994578609,41140000000.0,4782000000.0,0.1427,2554000000.0,0.06242,0.11866,0.8072988566776397,5444000000.0,4860000000.0,24020000000.0,76000000.0,18118000000.0,1494000000.0,19621800000.0,0.43401918568421544
アルマード,4932,化学,スタンダード（内国株式）,JP,2025-03-31,東京都,8837102592.0,6.2674737,9.14751,31.148075,20.092352190523474,2.1186,0.0,30.66,104.4,72.88999716177426,8477456000.0,946455000.0,0.29378998,650413000.0,0.045289997,0.31445998,0.3968557801460497,2847854000.0,2789595000.0,4429546000.0,2105485000.0,1570538000.0,,1581692000.0,0.178983098083739
Ｉ－ｎｅ,4933,化学,プライム（内国株式）,JP,2024-12-31,大阪府,19690506240.0,1.1193299,6.7851763,7.68024,10.978176644127991,0.0887,0.011690647,146.61,165.95,218.43000094630904,45006000000.0,4584000000.0,0.04309,2938000000.0,0.05133,0.15461999,0.47103037895396177,18579000000.0,17728000000.0,21712000000.0,10020000000.0,8394000000.0,,3133000000.0,0.15911221183513868
プレミアアンチエイジング,4934,化学,グロース（内国株式）,JP,2024-07-31,東京都,7124549632.0,1.0164864,79.32039,15.12963,-13.217382085948158,0.0,0.0,54.0,10.3,-84.0559796770301,20359000000.0,139000000.0,0.15811,-1483000000.0,0.029860001,0.068670005,0.5564442828576622,4880000000.0,3759000000.0,8882000000.0,2442000000.0,4760000000.0,10000000.0,4009000000.0,0.5627022348182583
リベルタ,4935,化学,スタンダード（内国株式）,JP,2024-12-31,東京都,10965165056.0,8.086373,12.0729685,,3.654280938469428,0.48049998,0.0,-5.35,30.15,18.729999256412267,8635801000.0,71936000.0,0.06966,-21174000.0,0.00459,0.0291,0.24423649547852896,4864564000.0,3582289000.0,4803732000.0,3441852000.0,1005452000.0,,-60832000.0,-0.005547750507112841
アクシージア,4936,化学,スタンダード（内国株式）,JP,2024-07-31,東京都,8896585728.0,1.1698719,8.983834,Infinity,22.74359049750727,1.0135,0.026455026,0.0,43.3,51.570000041074216,12192379000.0,918345000.0,0.017,794348000.0,0.02813,0.04563,0.8094262302856291,2006453000.0,1684804000.0,8631804000.0,949010000.0,4928836000.0,,6625351000.0,0.744707149749392
Ｗａｑｏｏ,4937,化学,グロース（内国株式）,JP,2025-09-30,東京都,5417827840.0,2.6242018,,125.04065,-295.7201471990807,0.0,0.0,12.3,,-5.025021169760257,1960902000.0,150941000.0,-0.08354,44090000.0,0.03112,0.02931,0.6538111206552711,1107515000.0,691728000.0,1781888000.0,731027000.0,1302301000.0,,674373000.0,0.12447294744603771
エステー,4951,化学,プライム（内国株式）,JP,2025-03-31,東京都,32849684480.0,0.9764983,17.94755,15.266731,25.735126601957266,0.4268,0.02822322,103.1,87.7,57.19416386083053,48114000000.0,1659000000.0,0.01837,2834000000.0,0.05129,0.06059,0.7103592696813036,12609000000.0,10928000000.0,24776000000.0,695000000.0,10061000000.0,5948000000.0,16330600000.0,0.4971311066912263
コニシ,4956,化学,プライム（内国株式）,JP,2025-03-31,大阪府,91840086016.0,1.0157485,11.824006,11.441799,13.470018971415335,0.2727,0.02591241,120.96,117.05,108.86999937737745,135876000000.0,10649000000.0,0.08199,8084000000.0,0.06077,0.09491,0.6304924671603278,50130000000.0,43266000000.0,85765000000.0,216000000.0,21118000000.0,9838000000.0,42521600000.0,0.4629960820440876
ヤスハラケミカル,4957,化学,スタンダード（内国株式）,JP,2025-03-31,広島県,12433668096.0,0.9013662,,8.143128,11.420425391398043,0.0713,0.008752735,168.24,,61.495535561243805,14661000000.0,1820000000.0,0.11559,1376000000.0,0.06507,0.04817,0.7668923838648609,6403000000.0,3679000000.0,19812000000.0,3549000000.0,6021000000.0,1460000000.0,14431000000.0,1.160638991533203
長谷川香料,4958,化学,プライム（内国株式）,JP,2025-09-30,東京都,118071590912.0,0.92922306,15.203125,17.300854,18.499780827493748,0.4388,0.025561312,168.72,192.0,174.26999904334215,73495000000.0,8520000000.0,0.088240005,6921000000.0,0.08952,0.052589998,0.8380643012959477,23829000000.0,14611000000.0,74997000000.0,,34854000000.0,10743000000.0,58688100000.0,0.49705521494786037
ケミプロ化成,4960,化学,スタンダード（内国株式）,JP,2025-03-31,兵庫県,12020343808.0,3.4183178,,128.1787,62.62120285765857,0.6024,0.0,5.82,,7.824010914051842,9710828000.0,402285000.0,0.093830004,128077000.0,0.0452,0.12567,0.35925371476553547,8520523000.0,6007312000.0,8047786000.0,5547631000.0,2149036000.0,254891000.0,-294313300.0,-0.024484599167964166
上村工業,4966,化学,スタンダード（内国株式）,JP,2025-03-31,大阪府,350030200832.0,3.1070435,27.5884,24.630653,14.819354147671936,0.31780002,0.013114754,880.61,786.2,673.4099797547683,83845427000.0,18829148000.0,0.24676001,14078236000.0,0.16777,0.13623999,0.812618871401139,24469938000.0,18450869000.0,86652984000.0,1230928000.0,52152610000.0,16971092000.0,74062810400.0,0.21158977203669085
小林製薬,4967,化学,プライム（内国株式）,JP,2024-12-31,大阪府,433395302400.0,2.0540247,24.691881,119.052475,45.12139881852952,2.1143,0.0,48.97,236.11,135.42000034894158,,,0.062340003,,0.022060001,0.017239999,0.8044150010551385,51898000000.0,46423000000.0,144468000000.0,846000000.0,50873000000.0,24617000000.0,109801900000.0,0.2533527691508269
荒川化学工業,4968,化学,プライム（内国株式）,JP,2025-03-31,大阪府,30869061632.0,0.52100563,9.07818,17.793026,-20.739028614238364,0.5719,0.0328084,87.45,171.4,-52.52312365803293,80236000000.0,1057000000.0,0.04289,2644000000.0,0.02098,0.0044,0.47813110705904477,65060000000.0,37608000000.0,62264000000.0,39484000000.0,9431000000.0,10105000000.0,4277500000.0,0.1385691619328586
東洋合成工業,4970,化学,スタンダード（内国株式）,JP,2025-03-31,東京都,91590533120.0,15.615042,31.228859,37.313675,31.70841860408624,0.1291,0.0,309.27,369.53,301.9800108390154,38665000000.0,4103000000.0,-0.00457,3279000000.0,-0.045029998,-0.10824,0.3769433985181586,41037000000.0,21132000000.0,24069000000.0,29162000000.0,3597000000.0,472000000.0,-16637600000.0,-0.1816519615428132
メック,4971,化学,プライム（内国株式）,JP,2024-12-31,兵庫県,128373112832.0,4.217956,36.261414,25.839888,28.015715362491314,0.35279998,0.0,272.06,193.87,122.28999701481163,,,0.2518,,0.24003,0.17528999,0.8141025144334731,6141899000.0,4458376000.0,19659058000.0,,11476446000.0,1627553000.0,14656446100.0,0.11417068400593101
綜研化学,4972,化学,スタンダード（内国株式）,JP,2025-03-31,東京都,54598279168.0,1.3767159,5.4497266,14.880818,9.666002429665522,0.28280002,0.018825302,221.09,603.7,158.84499609185312,47633842000.0,6347466000.0,0.13243,4378529000.0,0.07913,0.09838,0.7022679839553954,16111735000.0,13295612000.0,33435181000.0,4135439000.0,8413644000.0,76578000.0,17377050600.0,0.3182710309702338
日本高純度化学,4973,化学,プライム（内国株式）,JP,2025-03-31,東京都,30834012160.0,1.8513572,18.372974,22.471436,30.403953082743765,0.53099996,0.024657534,237.19,290.1,94.61999936834398,12611218000.0,502649000.0,0.035099998,1579736000.0,0.11354999,0.10918,0.8573522152785438,2261913000.0,784875000.0,9544044000.0,,7585250000.0,5974602000.0,11464352400.0,0.3718086488553814
タカラバイオ,4974,化学,プライム（内国株式）,JP,2025-03-31,滋賀県,138116562944.0,1.3668674,32.32807,,77.63430695438456,1.9653,0.014821273,-52.99,35.48,12.300000025763513,45039000000.0,2266000000.0,-0.26391,1041000000.0,-0.16308,-0.06803,0.9215216940335423,9488000000.0,7131000000.0,57679000000.0,1101000000.0,29549000000.0,,48191000000.0,0.34891543036398365
ＪＣＵ,4975,化学,プライム（内国株式）,JP,2025-03-31,東京都,171954241536.0,3.3807166,24.607237,20.576254,17.138369720437264,0.236,0.0057268725,338.74,283.25,216.957514416853,28356968000.0,10513766000.0,0.4282,7497987000.0,0.29474002,0.17875999,0.871843896294458,7028239000.0,6347931000.0,40223270000.0,457966000.0,26046792000.0,1402110000.0,34176508000.0,0.1987535038084238
東洋ドライルーブ,4976,化学,スタンダード（内国株式）,JP,2025-06-30,東京都,6267972096.0,0.6048999,,8.912736,8.547933086776181,0.1808,0.0126103405,177.05,,83.73180023962142,4699118000.0,654594000.0,0.11599,617308000.0,0.11915,0.061869998,,,,,,,,,
新田ゼラチン,4977,化学,スタンダード（内国株式）,JP,2025-03-31,大阪府,26761148416.0,1.1422633,12.440878,5.8755484,-6.770485318801468,0.091800004,0.015873017,250.7,118.4,-101.92681346258168,38745000000.0,3931000000.0,0.1144,3159000000.0,0.121379994,0.21492,0.5119639719892114,15041000000.0,8837000000.0,24845000000.0,7738000000.0,5007000000.0,3073000000.0,11955100000.0,0.4467334441018333
リプロセル,4978,化学,グロース（内国株式）,JP,2025-03-31,神奈川県,17800898560.0,2.0256002,235.0,,-418.9189169186694,0.0,0.0,-2.9,0.8,-0.37000000176667197,2978627000.0,-130410000.0,-0.20629999,103245000.0,-0.12862,-0.03665,0.929084233857646,685809000.0,640585000.0,4896441000.0,,2823367000.0,4403537000.0,7293107900.0,0.4097044806708904
ＯＡＴアグリオ,4979,化学,スタンダード（内国株式）,JP,2024-12-31,東京都,24228583424.0,1.2880455,,10.683627,7.020417435904647,0.3782,0.0,224.83,,236.44573404093458,29773000000.0,3115000000.0,0.04913,2077000000.0,0.07283,0.13266,0.46017367221533045,17561000000.0,13533000000.0,20669000000.0,10972000000.0,4849000000.0,484000000.0,3446800000.0,0.14226172201985687
デクセリアルズ,4980,化学,プライム（内国株式）,JP,2025-03-31,栃木県,433426300928.0,4.25124,16.91287,18.050226,16.23073602176045,0.4259,0.024072612,143.35,152.99,129.2926061604837,110390000000.0,39735000000.0,0.35349,27737000000.0,0.23206,0.2581,0.6317637217512729,55906000000.0,39270000000.0,63559000000.0,21078000000.0,34979000000.0,761000000.0,8185700000.0,0.018886025103861413
アース製薬,4985,化学,プライム（内国株式）,JP,2024-12-31,東京都,110985322496.0,1.4814439,35.209316,21.186087,23.43061065772651,0.5,0.024048096,239.78,144.28,185.38601417538655,169278000000.0,6429000000.0,-0.14309,3475000000.0,0.02923,0.07171,0.5077044442478398,60984000000.0,57877000000.0,75073000000.0,5000000000.0,17007000000.0,5440000000.0,17897000000.0,0.16125555701876726
昭和化学工業,4990,化学,スタンダード（内国株式）,JP,2025-03-31,東京都,6006935552.0,0.67236745,,10.547971,8.03582385928743,0.11229999,0.005514706,53.47,,55.1057991513437,9237406000.0,346088000.0,0.06913,411843000.0,0.07048,0.077410005,0.5946172290938272,5535627000.0,3666489000.0,6789683000.0,2884005000.0,3172426000.0,3706238000.0,3848422600.0,0.6406632078345961
北興化学工業,4992,化学,スタンダード（内国株式）,JP,2024-11-30,東京都,48441085952.0,0.91571033,12.410832,12.077388,6.531541888560917,0.2315,0.021680217,155.58,151.4,137.5129744636117,46195000000.0,4540000000.0,0.008880001,4006000000.0,0.090629995,0.08984999,0.7072196197299532,19125000000.0,12491000000.0,40686000000.0,1000000000.0,6207000000.0,12259000000.0,30142300000.0,0.622246578655727
大成ラミックグループ,4994,化学,スタンダード（内国株式）,JP,2025-03-31,埼玉県,17213587456.0,0.68486136,12.412881,12.771172,16.601030847594664,0.3177,0.0132142855,220.34,226.7,170.33108707638348,30849520000.0,2372950000.0,0.052259997,1690889000.0,0.04462,0.056939997,0.7351494891491944,9063488000.0,8633309000.0,17843923000.0,180607000.0,5851933000.0,943751000.0,9441060700.0,0.548465607423931
クミアイ化学工業,4996,化学,プライム（内国株式）,JP,2025-10-31,東京都,88390533120.0,0.6117625,7.236518,20.159296,6.616843412033654,0.65970004,0.033103447,36.41,101.43,112.90999976321302,170462000000.0,10567000000.0,0.0097,4381000000.0,0.0257,0.02773,0.5821155899357386,97099000000.0,74017000000.0,154176000000.0,51106000000.0,21982000000.0,38640000000.0,84125000000.0,0.9517421948998875
日本農薬,4997,化学,プライム（内国株式）,JP,2025-03-31,東京都,85531828224.0,1.050964,29.673914,16.751036,12.575439121207234,0.3679,0.022944551,65.19,36.8,60.8912681819453,99966000000.0,8576000000.0,0.05108,2356000000.0,0.03893,0.04636,0.5077455720817785,72795000000.0,51870000000.0,116639000000.0,33508000000.0,23332000000.0,11883000000.0,52162100000.0,0.6098560159779615
フマキラー,4998,化学,スタンダード（内国株式）,JP,2025-03-31,東京都,19511478272.0,0.7722965,11.828172,9.533011,13.59236126029832,0.17709999,0.018691588,124.2,100.1,83.55224081102831,73854000000.0,2653000000.0,-0.03836,1462000000.0,0.024349999,0.07649,0.3887178697860551,37248000000.0,33238000000.0,44502000000.0,16754000000.0,10048000000.0,5177000000.0,10877900000.0,0.5575128572195557
日本精蝋,5010,石油・石炭製品,スタンダード（内国株式）,JP,2024-12-31,東京都,6260512768.0,0.98173416,,8.489555,-2.1674036871416873,0.0,0.0,37.34,,-61.825123208457555,22045000000.0,2246000000.0,0.044889998,1776000000.0,0.03524,0.11568,0.19081581160639194,24053000000.0,15594000000.0,14669000000.0,18647000000.0,2297000000.0,313000000.0,-9164900000.0,-1.4639216210604173
ニチレキグループ,5011,石油・石炭製品,プライム（内国株式）,JP,2025-03-31,東京都,69431246848.0,0.8962571,13.793104,14.326816,15.625190939364346,0.4698,0.033264033,170.31,176.9,152.7176337722933,75745000000.0,6268000000.0,0.11557,4848000000.0,0.06141,0.059699997,0.6880695571693008,35051000000.0,16160000000.0,56076000000.0,19968000000.0,31621000000.0,9252000000.0,27501400000.0,0.39609543611115766
ユシロ,5013,石油・石炭製品,スタンダード（内国株式）,JP,2025-03-31,東京都,41938632704.0,0.91066027,,9.082704,9.413335771792593,0.27629998,0.030577224,354.52,,221.177162172092,55512000000.0,5068000000.0,0.11396,4315000000.0,0.096140005,0.1148,0.6850198725632453,18435000000.0,13478000000.0,31694000000.0,5954000000.0,12380000000.0,6270000000.0,17648000000.0,0.42080532583306607
ビーピー・カストロール,5015,石油・石炭製品,スタンダード（内国株式）,JP,2024-12-31,東京都,23003631616.0,3.239919,,21.882507,20.360984140014512,1.0051999,0.016032064,45.79,,40.60999961590655,,,0.19073,,0.12377,0.25218,0.7446517107225641,3431439000.0,3252346000.0,11871221000.0,,148158000.0,65955000.0,8485950500.0,0.36889612221479245
ＪＸ金属,5016,非鉄金属,プライム（内国株式）,JP,2025-03-31,東京都,3851632508928.0,5.8029046,,37.87796,,0.2183,0.005794302,109.8,,,714940000000.0,51525000000.0,0.25125998,68271000000.0,0.12542,,0.47957602560245427,571248000000.0,277925000000.0,494235000000.0,321253000000.0,58316000000.0,41435000000.0,-48008500000.0,-0.012464454978172852
ＭＯＲＥＳＣＯ,5018,石油・石炭製品,スタンダード（内国株式）,JP,2025-02-28,兵庫県,20006252544.0,0.91016126,10.546686,21.185617,9.650422584910702,0.4375,0.021226415,102.9,206.7,138.98709283308668,34374000000.0,1391000000.0,0.08291,1013000000.0,0.04023,0.06179,0.5662584536647779,13287000000.0,10362000000.0,21260000000.0,5117000000.0,5508000000.0,654000000.0,8430800000.0,0.4214082563167708
出光興産,5019,石油・石炭製品,プライム（内国株式）,JP,2025-03-31,東京都,1825932705792.0,1.037688,11.330648,43.482063,6.085609483342891,1.0496,0.025641026,34.29,131.59,161.319880950364,9190225000000.0,162186000000.0,0.0050700004,104055000000.0,0.0,,0.3602420729100052,3037889000000.0,2097407000000.0,2649858000000.0,1196374000000.0,165762000000.0,305764000000.0,-173996200000.0,-0.09529168268253839
ＥＮＥＯＳホールディングス,5020,石油・石炭製品,プライム（内国株式）,JP,2025-03-31,,4002599403520.0,1.2557354,14.959284,85.468124,7.248545773248742,1.7241,0.020725388,17.41,99.47,95.43999998582251,12322494000000.0,96468000000.0,0.02645,226071000000.0,0.01544,0.020539999,0.35277358110819457,5318814000000.0,2597566000000.0,4207538000000.0,2676027000000.0,846563000000.0,344803000000.0,-869913900000.0,-0.21733723820449605
コスモエネルギーホールディングス,5021,石油・石炭製品,プライム（内国株式）,JP,2025-03-31,東京都,790559457280.0,1.339202,4.435094,13.315457,7.553432116015013,0.45610002,0.035377357,361.76,1086.11,469.05499953383156,2799947000000.0,128250000000.0,0.04091,57671000000.0,0.01781,0.06826,0.27115860345311266,1449129000000.0,945465000000.0,1079108000000.0,619906000000.0,126926000000.0,98538000000.0,-301044400000.0,-0.380799188761556
マーキュリー,5025,情報・通信業,グロース（内国株式）,JP,2025-02-28,東京都,1868607488.0,1.9547378,,12.969284,29.916892930963208,0.0,0.0,55.67,,18.050002760852013,1763285000.0,170149000.0,0.05623,126540000.0,0.03849,0.067930005,0.7488073780847301,298241000.0,291545000.0,939252000.0,2283000.0,683053000.0,11200000.0,648851000.0,0.34723771801560926
トリプルアイズ,5026,情報・通信業,グロース（内国株式）,JP,2025-08-31,東京都,6265910784.0,4.5971494,,,133.5929821196528,0.0,0.0,-41.31,,10.270000551160432,5714030000.0,-61846000.0,0.04363,-343999000.0,-0.06254,-0.21285,0.34373085049448937,3179689000.0,1819067000.0,3056397000.0,1620720000.0,1914180000.0,335000.0,-123057500.0,-0.019639203978809795
ＡｎｙＭｉｎｄ　Ｇｒｏｕｐ,5027,情報・通信業,グロース（内国株式）,JP,2024-12-31,東京都,30963890176.0,1.8332131,,18.118223,105.07088038857896,0.0,0.0042283298,28.59,,8.955934032864945,50713000000.0,2567000000.0,0.03004,2335000000.0,0.016180001,0.05929,0.4855687606112054,17450000000.0,13899000000.0,25624000000.0,5614000000.0,9664000000.0,1389000000.0,9146300000.0,0.2953860108665953
セカンドサイトアナリティカ,5028,情報・通信業,グロース（内国株式）,JP,2024-12-31,東京都,3745898240.0,3.3068452,,22.416716,31.9134995575278,0.0,0.0,17.71,,15.259999898228829,1141098000.0,159888000.0,0.131,116768000.0,0.084259994,0.13611001,0.76471345854999,250275000.0,237274000.0,840757000.0,30000000.0,514859000.0,67440000.0,637690000.0,0.17023687221145656
サークレイス,5029,情報・通信業,グロース（内国株式）,JP,2025-03-31,東京都,2792815616.0,2.7173796,,14.813095,-31.12234425645592,0.0,0.0,43.07,,-15.808577784044692,3804013000.0,203634000.0,0.00542,115432000.0,0.027409999,0.12918,0.5446099367049714,893298000.0,833769000.0,1329427000.0,211462000.0,833354000.0,59470000.0,477758000.0,0.17106678910807122
モイ,5031,情報・通信業,グロース（内国株式）,JP,2025-01-31,東京都,4371358208.0,2.1791346,,,17.78257733700832,0.0,0.0,-1.1,,13.890000044366708,6592963000.0,232568000.0,0.07277,27830000.0,0.00091,0.003,0.45220237243980965,2267628000.0,2267629000.0,3767321000.0,0.0,2978629000.0,,1499693000.0,0.3430725483112822
ＡＮＹＣＯＬＯＲ,5032,情報・通信業,プライム（内国株式）,JP,2025-04-30,東京都,236439257088.0,8.551153,20.229404,16.313488,15.76396992534205,0.2836,0.0006510417,237.84,191.8,135.16458600473808,42876000000.0,16280000000.0,0.38539,11510000000.0,0.28058,0.64987,0.7537315993549051,7177000000.0,7175000000.0,25622000000.0,45000000.0,15818000000.0,,18445000000.0,0.078011579917691
ヌーラボ,5033,情報・通信業,グロース（内国株式）,JP,2025-03-31,福岡県,4857935872.0,2.3676896,,11.036886,28.022910328467866,0.0,0.0,68.86,,47.140000253935966,4112318000.0,640363000.0,0.06481,552682000.0,0.08501001,0.19245,0.44959526603686323,2336134000.0,2329093000.0,3736847000.0,2250000.0,3131381000.0,,1400713000.0,0.2883350124223295
ｕｎｅｒｒｙ,5034,情報・通信業,グロース（内国株式）,JP,2024-06-30,東京都,9090895872.0,4.383265,35.06137,30.96149,170.73171857147042,0.0,0.0,78.42,69.25,17.629998837854938,,,0.056810003,,0.073130004,0.15904,0.7745400982588135,474192000.0,474191000.0,2072858000.0,0.0,1658798000.0,,1598666000.0,0.17585351570508012
ＨＯＵＳＥＩ,5035,情報・通信業,グロース（内国株式）,JP,2024-12-31,東京都,2859517952.0,0.94295245,,25.059242,24.141510107153046,0.17790002,0.0,16.88,,20.807727181318658,4918699000.0,78659000.0,0.04147,125997000.0,-0.040799998,-0.06553,0.6400743148370662,1831752000.0,1287590000.0,3108447000.0,774764000.0,840288000.0,,1276695000.0,0.44647210523964564
日本ビジネスシステムズ,5036,情報・通信業,プライム（内国株式）,JP,2025-09-30,東京都,75036286976.0,2.7469141,15.669516,13.985421,31.90214544503909,0.2965,0.021916093,117.98,105.3,31.740000007966447,172580000000.0,17879000000.0,0.04753,5629000000.0,0.0322,0.24629,0.36582647347147057,47225000000.0,32056000000.0,39316000000.0,23725000000.0,2939000000.0,1770000000.0,-6670000000.0,-0.08889032585172249
ｅＷｅＬＬ,5038,情報・通信業,グロース（内国株式）,JP,2024-12-31,大阪府,35554836480.0,10.605896,35.18741,36.23032,49.97586882150342,0.1849,0.0067114094,64.78,66.7,40.219999498646935,2571852000.0,1135933000.0,0.37182,808261000.0,0.32079,0.37627998,0.7845737639089855,661485000.0,559095000.0,2526732000.0,0.0,1965928000.0,,1865247000.0,0.05246113284895074
ヴィス,5071,サービス業,スタンダード（内国株式）,JP,2025-03-31,東京都,13917526016.0,1.8978429,24.71025,12.3919525,9.159523262194917,0.365,0.02998776,134.2,67.3,118.53000572721936,16253198000.0,1915895000.0,0.13477999,1357636000.0,0.07673,0.17015,0.6424600403761762,3860345000.0,3675084000.0,7487246000.0,,6121871000.0,329796000.0,3857758200.0,0.27718706583088165
テスホールディングス,5074,建設業,プライム（内国株式）,JP,2025-06-30,大阪府,42875535360.0,0.90709174,22.64432,46.306168,25.71416027007408,0.39020002,0.008873483,13.13,26.85,16.800000068050633,36684000000.0,2548000000.0,0.15885,204000000.0,0.02023,0.02301,0.2813330512620486,108411000000.0,29996000000.0,41986000000.0,92774000000.0,22875000000.0,971000000.0,-65745300000.0,-1.533398928969082
インフロニア・ホールディングス,5076,建設業,プライム（内国株式）,JP,2025-03-31,東京都,661538668544.0,1.1491454,27.858738,15.897778,10.38401632600763,0.36450002,0.023543261,164.74,94.01,130.16424889102026,847548000000.0,45793000000.0,0.06445,32416000000.0,0.0625,0.113809995,0.357844765905353,907884000000.0,450897000000.0,600859000000.0,418682000000.0,119502000000.0,134375000000.0,-212962500000.0,-0.3219199574058391
インフロニア・ホールディングス第１回社債型種類株式,50765,建設業,プライム（内国株式）,JP,2025-03-31,東京都,,2.0495067,,,,,0.012842466,,,,847548000000.0,45793000000.0,0.06445,32416000000.0,0.0625,0.113809995,0.357844765905353,907884000000.0,450897000000.0,600859000000.0,418682000000.0,119502000000.0,134375000000.0,-212962500000.0,
セレコーポレーション,5078,建設業,スタンダード（内国株式）,JP,2025-02-28,東京都,16870108160.0,0.8103127,,12.820513,9.752861843729546,0.3477,0.027081244,388.44,,322.5400428065094,23922327000.0,2018235000.0,0.0561,1416270000.0,0.05233,0.05669,0.8208997893118902,4454891000.0,4181670000.0,22036604000.0,,18561930000.0,29550000.0,17602398000.0,1.04340753675405
ノバック,5079,建設業,スタンダード（内国株式）,JP,2025-04-30,兵庫県,14994256896.0,0.8195375,,16.666668,51.07172670877506,0.6873,0.041450776,174.54,,55.79931436887824,27511917000.0,859970000.0,0.045560002,573392000.0,0.02083,0.03134,0.700788537944719,7766450000.0,7279491000.0,22956900000.0,433410000.0,7533764000.0,11718000.0,15198652600.0,1.0136315994462204
横浜ゴム,5101,ゴム製品,プライム（内国株式）,JP,2024-12-31,神奈川県,1243022098432.0,1.2058142,15.101643,19.646551,7.242230160213536,0.2494,0.01710711,401.19,521.93,418.3091931710716,1094746000000.0,119156000000.0,0.17118,74919000000.0,0.08535,0.10985,0.5150955550536316,831531000000.0,374847000000.0,749714000000.0,438022000000.0,136215000000.0,49354000000.0,-47269200000.0,-0.03802764251707781
昭和ホールディングス,5103,ゴム製品,スタンダード（内国株式）,JP,2025-03-31,千葉県,3337273344.0,2.4794319,,,-6.134094112091687,0.0,0.0,-2.69,,-7.010000044707054,8619822000.0,25837000.0,-0.05479,-203709000.0,-0.046079997,-0.21805,0.26602758905203744,3418889000.0,2030375000.0,3052471000.0,882392000.0,640722000.0,2302207000.0,1245126900.0,0.37309706807162873
ＴＯＹＯ　ＴＩＲＥ,5105,ゴム製品,プライム（内国株式）,JP,2024-12-31,兵庫県,743344439296.0,1.4222257,12.404594,11.682277,4.855385609079786,0.3026,0.0,413.19,389.13,485.85807806922946,,,0.15837,,0.106929995,0.12784,0.6539009722333692,250114000000.0,150892000000.0,373782000000.0,102053000000.0,86636000000.0,6710000000.0,128365000000.0,0.17268576075119466
ブリヂストン,5108,ゴム製品,プライム（内国株式）,JP,2024-12-31,東京都,4845813104640.0,1.3233443,6.7921557,15.2904215,11.212604381135774,0.4629,0.03069122,248.26,558.88,241.70426291890882,4430096000000.0,443319000000.0,0.15977,284989000000.0,0.07388,0.08636,0.6519777961697327,1937029000000.0,1176243000000.0,2863632000000.0,727721000000.0,706732000000.0,112019000000.0,1005016300000.0,0.20739889845063755
住友ゴム工業,5110,ゴム製品,プライム（内国株式）,JP,2024-12-31,兵庫県,731081342976.0,1.0209455,14.912609,14.513436,45.745330497269066,0.4018,0.028071454,191.65,186.52,37.510000036730524,,,0.10552,,0.041739997,0.074650005,0.48924222461325323,665313000000.0,370615000000.0,669762000000.0,252442000000.0,100382000000.0,34000000000.0,28249000000.0,0.038640023126574795
藤倉コンポジット,5121,ゴム製品,プライム（内国株式）,JP,2025-03-31,東京都,53386510336.0,1.4447778,,13.174988,9.358971256977824,0.315,0.024271844,206.3,,140.47535758849165,41325231000.0,4807961000.0,0.091850005,3888092000.0,0.08925,0.10475001,0.7199517587761506,13394140000.0,7924239000.0,29973548000.0,4050135000.0,10877895000.0,1810453000.0,17846725100.0,0.33429278272128343
オカモト,5122,ゴム製品,プライム（内国株式）,JP,2025-03-31,東京都,104604360704.0,1.0118653,17.375504,18.797224,11.299350292295678,0.3687,0.020905923,325.58,352.22,420.33999520261665,109107000000.0,8704000000.0,0.051760003,6674000000.0,0.04891,0.05352,0.6456813609426965,51671000000.0,36945000000.0,89348000000.0,3338000000.0,41337000000.0,30979000000.0,59362300000.0,0.5674935499866788
ファインズ,5125,情報・通信業,グロース（内国株式）,JP,2024-06-30,東京都,3053239296.0,1.2883637,,13.73494,9.712523407584305,0.0,0.0,49.8,,110.27000451434472,2761203000.0,329301000.0,0.10754,238888000.0,0.1015,0.1242,0.7803208031623199,567079000.0,567078000.0,2147695000.0,,1763158000.0,,1580616000.0,0.5176849394250689
ポーターズ,5126,情報・通信業,グロース（内国株式）,JP,2024-12-31,東京都,2569010432.0,1.8730844,,10.952872,12.60866804494382,0.0,0.0,145.35,,159.89000525780617,1923000000.0,392000000.0,0.19063999,268000000.0,0.06036,0.06143,0.8082274652147611,309000000.0,307000000.0,1157000000.0,,821000000.0,,848000000.0,0.3300881886025755
ＦＩＸＥＲ,5129,情報・通信業,グロース（内国株式）,JP,2025-08-31,東京都,5821399040.0,1.8695056,8.81166,,102.73843117948718,0.0,0.0,-142.97,44.6,10.59000013441154,3982000000.0,-1721000000.0,-0.83418,-2114000000.0,-0.53191,-0.43793,0.8456179775280899,687000000.0,683000000.0,4050000000.0,9000000.0,2991000000.0,53000000.0,3400100000.0,0.584069220583786
リンカーズ,5131,情報・通信業,グロース（内国株式）,JP,2024-07-31,東京都,2028158976.0,2.2534952,,,45.178333894489576,0.0,0.0,-39.78,,7.570000274882069,1464541000.0,-223432000.0,-0.75694,-200744000.0,-0.45799,,0.8982324883817578,187821000.0,174472000.0,1458482000.0,23344000.0,1251215000.0,,1270661000.0,0.6265095660824569
ｐｌｕｓｚｅｒｏ,5132,情報・通信業,グロース（内国株式）,JP,2025-10-31,東京都,18337728512.0,11.995604,59.744247,51.818985,118.93617732427776,0.0,0.0,45.08,39.1,18.79999887589777,1546369000.0,516655000.0,0.32115,366545000.0,0.23674,0.27706,0.8173657118268066,338692000.0,338692000.0,1532306000.0,,1193766000.0,873000.0,1194225100.0,0.06512393829031293
テリロジーホールディングス,5133,情報・通信業,スタンダード（内国株式）,JP,2025-03-31,東京都,5730587648.0,1.7654344,,16.365414,26.644288143647355,0.2441,0.0149700595,20.47,,11.509999782281323,8653567000.0,273193000.0,0.07834,176001000.0,0.04757,0.15937,0.4006774444477266,4238188000.0,4002523000.0,5536108000.0,277567000.0,1704400000.0,427625000.0,1597257500.0,0.27872490538687594
ＰＯＰＥＲ,5134,情報・通信業,グロース（内国株式）,JP,2025-10-31,東京都,1964350080.0,2.244507,,14.599824,26.257788025483798,0.0,0.0,34.11,,20.869998625480303,1389448000.0,174427000.0,0.028010001,138756000.0,0.099350005,0.17272,0.7046286625608114,367081000.0,296193000.0,998508000.0,128810000.0,848903000.0,,631427000.0,0.32144321240336143
ｔｒｉｐｌａ,5136,情報・通信業,グロース（内国株式）,JP,2025-10-31,東京都,9186910208.0,5.5307684,16.634512,18.762089,34.18876730869339,0.0,0.0,82.72,93.3,35.06999796670419,2573543000.0,519841000.0,0.20923,501815000.0,0.19471,0.36129,0.08386285753559118,18040068000.0,17193657000.0,18804254000.0,1016536000.0,18005508000.0,,764186000.0,0.08318204735848443
スマートドライブ,5137,情報・通信業,グロース（内国株式）,JP,2025-09-30,東京都,11549005824.0,9.473716,3.2083333,26.39246,48.57213395527018,0.0,0.0,11.67,96.0,6.769999930591483,2878647000.0,390202000.0,0.11934,453638000.0,0.16891001,0.4953,0.4788482607418991,1247717000.0,687176000.0,1518296000.0,577220000.0,858015000.0,283496000.0,469026200.0,0.04061182470142289
Ｒｅｂａｓｅ,5138,情報・通信業,グロース（内国株式）,JP,2025-03-31,東京都,3224146944.0,2.5289323,9.162011,11.890521,20.619282464387357,0.0,0.0,55.17,71.6,46.45999997563116,1926885000.0,487066000.0,0.04636,362919000.0,0.08846,0.14996,0.7034569540946627,581848000.0,577561000.0,1720024000.0,,1541583000.0,,1138176000.0,0.35301616823578624
オープンワーク,5139,情報・通信業,グロース（内国株式）,JP,2024-12-31,東京都,20157095936.0,3.0842478,,20.449768,29.504190144056917,0.0,0.0,47.58,,28.639999805932984,3542027000.0,1026173000.0,0.37035,757427000.0,0.24452999,0.15824,0.8918752100112954,783219000.0,783219000.0,7047476000.0,,6621923000.0,,6264257000.0,0.31077180065468735
アキレス,5142,化学,プライム（内国株式）,JP,2025-03-31,東京都,24504236032.0,0.61176187,,105.28479,-2.6987874758926593,1.1779,0.011299435,17.03,,-560.2467596958345,79093000000.0,-435000000.0,0.05307,427000000.0,-0.00667,-0.01338,0.4947549808814651,40169000000.0,29161000000.0,45720000000.0,14650000000.0,7721000000.0,6162000000.0,9864400000.0,0.4025589692785408
西川ゴム工業,5161,ゴム製品,スタンダード（内国株式）,JP,2025-03-31,広島県,164779163648.0,1.9719021,,28.409801,7.449533380271606,1.1394,0.020795455,159.98,,130.70547019256304,120639000000.0,7329000000.0,0.08245,3957000000.0,0.05888,0.09423,0.6353612716763006,46681000000.0,29924000000.0,76120000000.0,18425000000.0,47808000000.0,22877000000.0,45452900000.0,0.2758413078069515
朝日ラバー,5162,ゴム製品,スタンダード（内国株式）,JP,2025-03-31,埼玉県,3648479744.0,0.7556682,13.733108,,17.80204510665748,0.6807,0.012970169,-13.33,59.2,29.383776159410363,7639596000.0,2282000.0,0.037920002,-236037000.0,-0.0034400001,-0.0055199997,0.524834409845432,4418571000.0,2840677000.0,5073948000.0,1918249000.0,1968019000.0,198256000.0,794156200.0,0.21766770154226736
ニチリン,5184,ゴム製品,スタンダード（内国株式）,JP,2024-12-31,兵庫県,57709285376.0,0.9562012,11.846738,10.460251,7.1031679395327645,0.42080003,0.0,418.25,369.3,461.8199988639722,,,0.11068,,0.07485,0.10398,0.684193400660416,19120000000.0,13507000000.0,51151000000.0,1517000000.0,21188000000.0,3923000000.0,34777100000.0,0.6026257260579945
フコク,5185,ゴム製品,プライム（内国株式）,JP,2025-03-31,埼玉県,28658071552.0,0.72667974,7.7321563,13.888888,9.156085594262295,0.5517,0.04016064,145.08,260.6,189.29990069513406,89657000000.0,5009000000.0,0.04595,2931000000.0,0.02789,0.06606,0.5449988665272915,33466000000.0,24239000000.0,45597000000.0,13297000000.0,12422000000.0,1259000000.0,13012300000.0,0.45405358055545414
ニッタ,5186,ゴム製品,プライム（内国株式）,JP,2025-03-31,大阪府,128175423488.0,0.81737,12.473657,11.12338,10.57817565681432,0.3314,0.030685527,425.68,379.6,353.8428402196934,90276000000.0,5156000000.0,0.07287,12131000000.0,0.13112001,0.07778,0.8524934558247328,25757000000.0,17997000000.0,84262000000.0,19000000.0,31515000000.0,60444000000.0,100815800000.0,0.7865454800657518
クリエートメディック,5187,精密機器,スタンダード（内国株式）,JP,2024-12-31,神奈川県,10246727680.0,0.6280784,,15.12938,48.258593268989614,0.5573,0.0,80.77,,16.921234445262186,13030322000.0,692457000.0,0.02554,840901000.0,0.052360002,0.04445,0.7856610055593498,4296997000.0,3105107000.0,13940381000.0,800000000.0,6317961000.0,619533000.0,10077057100.0,0.983441486365333
櫻護謨,5189,ゴム製品,スタンダード（内国株式）,JP,2025-03-31,東京都,6510070272.0,0.69618976,,10.351935,6.1545314015855785,0.2,0.019786911,325.06,,379.1128537080032,12188471000.0,643732000.0,0.0885,425918000.0,0.0537,0.08127,0.5461007058095091,7530138000.0,5352195000.0,11990698000.0,3027394000.0,3143540000.0,559125000.0,4851947500.0,0.745298790532011
三ツ星ベルト,5192,ゴム製品,プライム（内国株式）,JP,2025-03-31,兵庫県,119880032256.0,1.1949286,17.17313,17.667625,17.25168453091036,0.7653,0.043764707,243.1,250.1,250.39999830763168,90510000000.0,8928000000.0,0.08604,9060000000.0,0.0698,0.064380005,0.7473724455957741,32377000000.0,21768000000.0,77289000000.0,5303000000.0,31584000000.0,16189000000.0,56244300000.0,0.4691715454321207
相模ゴム工業,5194,ゴム製品,スタンダード（内国株式）,JP,2025-03-31,神奈川県,7425674240.0,0.68423945,14.837311,,253.27258291243575,0.2765,0.014880952,-11.42,46.1,3.7726602800294766,5687899000.0,-33968000.0,0.02446,392539000.0,0.0076,0.00035999998,0.5815631901074101,7518458000.0,6838381000.0,6250942000.0,5655553000.0,1932394000.0,969539000.0,-588838700.0,-0.0792976746580254
バンドー化学,5195,ゴム製品,プライム（内国株式）,JP,2025-03-31,兵庫県,97316937728.0,1.0978522,12.341085,32.257195,12.352135958019684,1.0532,0.033050846,74.03,193.5,142.55000131593488,115593000000.0,1851000000.0,0.09194,1496000000.0,0.03753,0.05009,0.6804951405632472,38193000000.0,31292000000.0,63396000000.0,7137000000.0,17715000000.0,10318000000.0,32425600000.0,0.333195852202309
不二ラテックス,5199,ゴム製品,スタンダード（内国株式）,JP,2025-03-31,東京都,2694690048.0,0.66289943,,9.70865,7.929213955324715,0.35619998,0.03653396,218.98,,228.4207836778984,7198559000.0,208544000.0,0.066350006,298156000.0,0.043449998,0.07495,0.36794099720077866,6988227000.0,4812151000.0,6457945000.0,5305808000.0,2338923000.0,193788000.0,-394630400.0,-0.1464474180594146
ＡＧＣ,5201,ガラス・土石製品,プライム（内国株式）,JP,2024-12-31,東京都,1471647449088.0,0.98945725,16.789417,21.276596,15.741039032890555,0.6448,0.0315742,325.71,412.76,304.00251341024494,2067603000000.0,123374000000.0,0.065960005,-94042000000.0,0.03359,0.0467,0.496869706350044,1217969000000.0,708771000000.0,1001270000000.0,649737000000.0,107988000000.0,68798000000.0,-168540400000.0,-0.11452498361917236
日本板硝子,5202,ガラス・土石製品,プライム（内国株式）,JP,2025-03-31,東京都,60613828608.0,0.48757678,10.927687,,4.421692466848491,0.0,0.0,-175.33,55.73,116.69739672505378,840401000000.0,16491000000.0,0.029949998,-13831000000.0,-0.01044,-0.05298,0.10461976647036443,890520000000.0,409438000000.0,323171000000.0,522725000000.0,65311000000.0,23689000000.0,-550766700000.0,-9.086485916636326
石塚硝子,5204,ガラス・土石製品,スタンダード（内国株式）,JP,2025-03-31,愛知県,16825100288.0,0.45751336,,5.7077627,2.5193598598579907,0.0928,0.016372796,700.8,,1129.0477332693692,55994000000.0,3849000000.0,0.082650006,3088000000.0,0.05396,0.089420006,0.3376918250893773,65088000000.0,27551000000.0,48008000000.0,29470000000.0,4905000000.0,6463000000.0,-12555900000.0,-0.746260039172255
有沢製作所,5208,化学,プライム（内国株式）,JP,2025-03-31,新潟県,88027553792.0,1.815652,30.263157,25.772192,20.731164784648826,0.95559996,0.03719165,102.63,87.4,49.45999966579696,49815616000.0,4893208000.0,0.11276,3969679000.0,0.07399,,0.6769090293860719,23177460000.0,18582660000.0,49527322000.0,10234350000.0,16861091000.0,1969043000.0,27728192100.0,0.3149944637280146
日本山村硝子,5210,ガラス・土石製品,スタンダード（内国株式）,JP,2025-03-31,兵庫県,35672834048.0,0.63959855,,10.764296,1.2629845115725264,0.555,0.029535865,324.22,,1200.692035762036,73337000000.0,3114000000.0,0.07604,2772000000.0,0.05409,0.06137,0.5775357658692925,40477000000.0,19435000000.0,40409000000.0,24077000000.0,10791000000.0,2865000000.0,1937500000.0,0.05431303824621767
日本電気硝子,5214,ガラス・土石製品,プライム（内国株式）,JP,2024-12-31,滋賀県,517495488512.0,1.051032,36.300793,17.985723,-9.91960460303222,0.3923,0.022045854,382.47,189.5,-282.89950386180834,299237000000.0,6120000000.0,0.11724,12091000000.0,0.09511,0.06111,0.696266918693889,207605000000.0,123007000000.0,285495000000.0,111265000000.0,123964000000.0,43132000000.0,108082400000.0,0.20885670000868756
倉元製作所,5216,ガラス・土石製品,スタンダード（内国株式）,JP,2024-12-31,宮城県,9647713280.0,13.197637,,,-5.306241134751773,0.0,0.0,-5.79,,-16.584244433157796,1567862000.0,95378000.0,-4.5079403,31126000.0,-1.53433,-1.37925,0.8039861136262137,912486000.0,682838000.0,1358094000.0,523726000.0,639931000.0,1371000.0,446567700.0,0.046287414130118096
オハラ,5218,ガラス・土石製品,スタンダード（内国株式）,JP,2025-10-31,神奈川県,28813600768.0,0.56957144,14.786845,17.093777,19.73679733463179,0.35189998,0.021132713,71.02,82.1,64.35999885743104,28895673000.0,1794267000.0,0.02836,1730799000.0,0.05987,0.03571,0.7764380568896823,14537598000.0,9977907000.0,40259830000.0,5599607000.0,14361720000.0,7259598000.0,30803950600.0,1.069076747749294
住友大阪セメント,5232,ガラス・土石製品,プライム（内国株式）,JP,2025-03-31,東京都,147121848320.0,0.7719113,9.74105,11.185812,8.071154046245287,0.2893,0.026292726,414.99,476.54,447.8422464811144,219465000000.0,9352000000.0,0.07537,9008000000.0,0.03944,0.04538,0.5413011395664379,159372000000.0,83742000000.0,104143000000.0,83333000000.0,16554000000.0,39372000000.0,-27668600000.0,-0.18806588087323997
太平洋セメント,5233,ガラス・土石製品,プライム（内国株式）,JP,2025-03-31,東京都,500890927104.0,0.7855642,7.6887536,9.746627,9.051166491374529,0.19530001,0.020188425,460.98,584.36,371.08989100129526,896295000000.0,77749000000.0,0.112440005,57428000000.0,0.02575,0.03717,0.4507067876195393,747571000000.0,388354000000.0,405731000000.0,410834000000.0,74987000000.0,135374000000.0,-247078200000.0,-0.4932774514973379
ノザワ,5237,ガラス・土石製品,スタンダード（内国株式）,JP,2025-03-31,兵庫県,13041125376.0,0.6004122,,12.515475,12.104910862398992,0.45029998,0.03606853,88.85,,76.3186390025624,21954062000.0,1680093000.0,0.08967,1156714000.0,0.039809998,0.041339997,0.6833935232222698,9574133000.0,4897735000.0,14929249000.0,10832000.0,6754848000.0,3614424000.0,7885212800.0,0.6046420514069598
ｍｏｎｏＡＩ　ｔｅｃｈｎｏｌｏｇｙ,5240,情報・通信業,グロース（内国株式）,JP,2024-12-31,兵庫県,2968081664.0,2.4248984,36.666668,,-21.113922066028216,0.0,0.0,-25.29,6.6,-19.797363971166295,1429196000.0,-281826000.0,-1.1376799,-585573000.0,-0.34285998,-0.24138,0.8320886687528397,314868000.0,263912000.0,1799109000.0,70207000.0,1301947000.0,,1484241000.0,0.5000674401929124
アイズ,5242,情報・通信業,グロース（内国株式）,JP,2024-12-31,東京都,1071067776.0,1.7854913,,,66.91613929963953,0.0,0.0,-1.88,,25.389988391173556,1036268000.0,32315000.0,-0.05242,27018000.0,-0.07047,-0.10759,0.697676935020785,287778000.0,271796000.0,822722000.0,,620487000.0,,534944000.0,0.49944925240660026
ｎｏｔｅ,5243,情報・通信業,グロース（内国株式）,JP,2024-11-30,東京都,40063455232.0,12.893167,118.50267,222.2668,-21.637532572563597,0.0,0.0,9.97,18.7,-27.498514352531135,3312248000.0,52844000.0,0.117,98939000.0,0.106400006,0.19139,0.4569103227756065,2046987000.0,2046987000.0,3671436000.0,80000000.0,2154912000.0,,1624449000.0,0.040546902172893445
ｊｉｇ．ｊｐ,5244,情報・通信業,グロース（内国株式）,JP,2025-03-31,東京都,10049338368.0,2.069629,,9.381082,11.416679283812549,0.1008,0.01111588,25.69,,27.420000276696364,13796280000.0,2012299000.0,0.12848,1077496000.0,0.08252,0.28293,0.606334528803043,2659189000.0,2379052000.0,5661360000.0,287240000.0,4368673000.0,,3002171000.0,0.29874315005252294
ＥＬＥＭＥＮＴＳ,5246,情報・通信業,グロース（内国株式）,JP,2024-11-30,東京都,17787514880.0,5.123119,144.4934,,-24.764778939039655,0.0,0.0,-25.78,4.54,-16.07121149676751,2545724000.0,57916000.0,-0.06729,-132915000.0,-0.17972,-0.27265,0.466348496644612,2307835000.0,707122000.0,3207262000.0,1753777000.0,2746276000.0,176699000.0,1023116300.0,0.057518788144507796
ＢＴＭ,5247,情報・通信業,グロース（内国株式）,JP,2025-03-31,東京都,1850665216.0,2.64381,,36.358604,25.493074664361178,0.0,0.0,18.07,,37.51999366860085,5099797000.0,91865000.0,0.021189999,62459000.0,0.012159999,0.098179996,0.4173856525995827,920600000.0,725598000.0,1488783000.0,345000000.0,765044000.0,,568183000.0,0.30701555045599344
テクノロジーズ,5248,情報・通信業,グロース（内国株式）,JP,2025-01-31,東京都,9239296000.0,6.8642983,,20.831745,85.40528088312833,0.0,0.0,26.21,,8.898747151713152,13900280000.0,1738782000.0,-0.11131,265947000.0,0.02162,0.19613001,0.06695675218764681,14552503000.0,8915146000.0,10345789000.0,7432565000.0,2358658000.0,30470000.0,-4185385000.0,-0.45299825874179156
プライム・ストラテジー,5250,情報・通信業,スタンダード（内国株式）,JP,2024-11-30,東京都,4182755072.0,2.9435318,,33.22176,32.57915614076256,0.5858,0.020183487,35.85,,52.42999519753734,857213000.0,212273000.0,0.17073,151899000.0,0.120629996,0.07554,0.8631411061082799,224048000.0,161970000.0,1529985000.0,103540000.0,1399005000.0,,1305937000.0,0.31221933331505386
日本ナレッジ,5252,情報・通信業,グロース（内国株式）,JP,2025-03-31,東京都,3777315328.0,8.096013,,42.543247,10.14585200554587,0.3116,0.0,21.39,,48.97073732635167,4154113000.0,99369000.0,0.00253,82904000.0,0.00883,0.036229998,0.5363088593984138,984950000.0,691110000.0,1392537000.0,381829000.0,738487000.0,36357000.0,433036900.0,0.11464144832972759
カバー,5253,情報・通信業,グロース（内国株式）,JP,2025-03-31,東京都,114559279104.0,5.4881287,14.096454,21.506039,35.60771621223108,0.0,0.0,81.14,123.79,67.68195931566586,43401000000.0,8002000000.0,0.19795999,5559000000.0,0.11599,0.31845,0.5125529340592861,16115000000.0,15128000000.0,22872000000.0,,11498000000.0,,6757000000.0,0.058982563899217744
Ａｒｅｎｔ,5254,情報・通信業,グロース（内国株式）,JP,2024-06-30,東京都,30300483584.0,4.495929,20.968512,22.675678,52.61509379149815,0.0,0.0,193.82,209.6,95.79000314952195,,,0.01952,,0.2969,0.2417,0.8145073305165716,935187000.0,824082000.0,4428903000.0,394711000.0,3852997000.0,,3493716000.0,0.11530231820606444
モンスターラボ,5255,情報・通信業,グロース（内国株式）,JP,2024-12-31,東京都,8599437312.0,12.3011465,,,-3.710448311233085,0.0,0.0,-118.61,,-70.07239508306067,10003292000.0,-10269868000.0,-0.40818,-9947586000.0,-0.04323,,-0.6243865724071529,12365838000.0,5710500000.0,2723335000.0,9567697000.0,1550889000.0,3213434000.0,-7393099200.0,-0.8597189480855186
Ｆｕｓｉｃ,5256,情報・通信業,グロース（内国株式）,JP,2024-06-30,福岡県,2862403072.0,2.3654346,,15.290725,61.7121494161437,0.0,0.0,149.11,,91.23000986459256,1798412000.0,207117000.0,0.069520004,154986000.0,0.083409995,0.15479,0.6725617558695894,470830000.0,442185000.0,1217418000.0,43349000.0,776362000.0,21000000.0,761288000.0,0.26596114553079964
ノバシステム,5257,情報・通信業,スタンダード（内国株式）,JP,2024-12-31,大阪府,3388459776.0,1.331652,,10.775919,8.781047659114186,0.0,0.0,225.41,,248.97006626640564,6461829000.0,528186000.0,0.09527001,394676000.0,0.03484,0.09783,0.5988463140648463,1496495000.0,1043657000.0,2189405000.0,628234000.0,758979000.0,362099000.0,946379300.0,0.2792948308559175
トランザクション・メディア・ネットワークス,5258,情報・通信業,グロース（内国株式）,JP,2025-03-31,東京都,9941191680.0,1.5681685,,,39.030611882162404,0.0,0.0,-18.79,,15.680000145723913,12300727000.0,-504562000.0,-0.02684,-682434000.0,-0.03932,-0.06132,0.37518095762597825,16863706000.0,15028425000.0,17246390000.0,1638182000.0,14069217000.0,280040000.0,578712000.0,0.058213544072816835
ＢＢＤイニシアティブ,5259,情報・通信業,グロース（内国株式）,JP,2025-09-30,東京都,7013433856.0,5.2559886,,,24.405912582636727,0.0,0.0,-63.6,,31.221942528062446,4399466000.0,379859000.0,0.075619996,-377478000.0,0.03475,0.11148,0.4407524652004147,2230910000.0,1647291000.0,2020870000.0,1509681000.0,1361891000.0,66160000.0,-163728000.0,-0.02334491254379344
リソルホールディングス,5261,サービス業,プライム（内国株式）,JP,2025-03-31,東京都,49625776128.0,2.6746337,,22.026539,20.910096133615344,0.2465,0.011655011,405.42,,254.005400540054,28400000000.0,2681000000.0,0.18654,1950000000.0,0.07761,0.13286,0.3717715783905614,27301000000.0,10396000000.0,9279000000.0,15200000000.0,4100000000.0,,-18022000000.0,-0.3631580482190499
日本ヒューム,5262,ガラス・土石製品,プライム（内国株式）,JP,2025-03-31,東京都,69343141888.0,1.524763,17.808056,24.57087,10.287514012978587,0.3103,0.013013699,61.17,84.4,39.95489673598846,37064584000.0,2022006000.0,0.06676,3045562000.0,0.07519,0.06122,0.7443267279219473,14157937000.0,9661439000.0,27099105000.0,855030000.0,12748443000.0,19857935000.0,26841722500.0,0.3870854675629433
旭コンクリート工業,5268,ガラス・土石製品,スタンダード（内国株式）,JP,2025-03-31,東京都,13158176768.0,0.9802863,,61.74289,27.77178159957672,0.8626,0.0,16.18,,25.67877916727579,7221669000.0,555479000.0,0.11617,411747000.0,0.03326,0.01881,0.7622841229163803,3781573000.0,2393891000.0,9005629000.0,678060000.0,5279701000.0,1201738000.0,6065272600.0,0.46095083741012105
日本コンクリート工業,5269,ガラス・土石製品,プライム（内国株式）,JP,2025-03-31,東京都,19548239872.0,0.48829052,10.876133,,33.397187933020795,3.8123002,0.029745042,-2.27,33.1,11.310000088745884,52652871000.0,990010000.0,0.01306,-209752000.0,-0.00287,-0.00039,0.47854431564528294,37297075000.0,22394511000.0,30471333000.0,12819042000.0,7149097000.0,15248883000.0,3848476100.0,0.19687072213147847
トーヨーアサノ,5271,ガラス・土石製品,スタンダード（内国株式）,JP,2025-02-28,静岡県,3111591680.0,0.77731484,,12.803838,4.980124228957391,0.48,0.03717472,187.6,,465.84918563205173,14402525000.0,606633000.0,-0.079380006,363402000.0,0.00851,0.02696,0.2599348117478058,11951255000.0,5625809000.0,6913107000.0,8520861000.0,983112000.0,334720000.0,-4803844000.0,-1.5438542373271804
三谷セキサン,5273,ガラス・土石製品,スタンダード（内国株式）,JP,2025-03-31,福井県,144543875072.0,1.4702268,,12.062673,11.525093566362125,0.2448,0.01080402,682.27,,504.5099954168176,87765000000.0,13893000000.0,0.18634,10175000000.0,0.12953,0.13783,0.7073159046265391,34693000000.0,24370000000.0,72884000000.0,921000000.0,44091000000.0,31563000000.0,60285100000.0,0.41707128697062307
日本興業,5279,ガラス・土石製品,スタンダード（内国株式）,JP,2025-03-31,香川県,4360334848.0,0.5297027,,8.156474,8.242651758478534,0.2182,0.027210884,183.29,,101.95267702936097,14746181000.0,594669000.0,0.082150005,393683000.0,0.03348,0.06813,0.48819987550502825,8296019000.0,7088220000.0,8768974000.0,3696747000.0,1467297000.0,656933000.0,932808100.0,0.2139303820732623
ヨシコン,5280,不動産業,スタンダード（内国株式）,JP,2025-03-31,静岡県,19485523968.0,0.68412566,,4.7415714,4.305600275000755,0.1286,0.027502751,583.14,,295.9643812473603,27474927000.0,4678515000.0,0.10694,3017703000.0,0.093389995,0.091520004,0.6192321693440355,16627534000.0,15158894000.0,38675872000.0,7885306000.0,3514675000.0,2985654000.0,24138295800.0,1.2387809452617744
ジオスター,5282,ガラス・土石製品,スタンダード（内国株式）,JP,2025-03-31,東京都,15892728832.0,0.64969033,15.119048,18.214415,9.276639245175069,0.4303,0.01632653,27.89,33.6,35.25567067337451,28527972000.0,1551198000.0,0.059439998,835467000.0,0.03526,0.04361,0.6465294206555292,12979422000.0,12571401000.0,25847581000.0,312092000.0,575562000.0,1541700000.0,13947349000.0,0.8775930897352896
高見澤,5283,卸売業,スタンダード（内国株式）,JP,2024-06-30,長野県,6261171200.0,0.40796173,,10.03017,7.68626113727072,0.13229999,0.0132626,377.86,,453.410435011171,,,0.02934,,0.00841,0.041149996,0.35600152419662134,25151000000.0,17406000000.0,22262000000.0,8902000000.0,3385000000.0,1043000000.0,-2158900000.0,-0.34480769348712265
ヤマウホールディングス,5284,ガラス・土石製品,スタンダード（内国株式）,JP,2025-03-31,福岡県,14801712128.0,1.1397848,,6.3170686,6.287719231839731,0.3077,0.048890714,386.73,,283.8856151453688,22837611000.0,3565808000.0,0.19293,2408421000.0,0.10286,0.18902001,0.5180012700974947,11485347000.0,10473619000.0,16823114000.0,3603528000.0,5484345000.0,499110000.0,5687144000.0,0.3842220380196277
ヤマックス,5285,ガラス・土石製品,スタンダード（内国株式）,JP,2025-03-31,熊本県,17147315200.0,1.7640272,,8.044931,13.316372046879517,0.2638,0.033218786,219.89,,134.654313298038,23469480000.0,2738307000.0,0.14671,1969549000.0,0.07718,0.22742,0.48097704833195454,9317233000.0,8023484000.0,11116994000.0,1909710000.0,2265036000.0,378924000.0,2065007800.0,0.12042747076813518
イトーヨーギョー,5287,ガラス・土石製品,スタンダード（内国株式）,JP,2025-03-31,大阪府,4061036032.0,1.3372878,,16.694956,16.254574594385495,0.2062,0.0,82.48,,34.538042249099846,3402547000.0,201648000.0,0.02574,349034000.0,-0.05466,-0.04126,0.6308006973047278,2163399000.0,1518874000.0,2535577000.0,993490000.0,830450000.0,139045000.0,469509500.0,0.11561323177149294
アジアパイルホールディングス,5288,ガラス・土石製品,プライム（内国株式）,JP,2025-03-31,東京都,60142292992.0,1.1987513,14.315503,11.494504,7.69615073325985,0.3385,0.014506769,137.37,110.3,100.31791142571653,100803000000.0,4333000000.0,0.08976,2346000000.0,0.05293,0.1162,0.46950048770470765,48085000000.0,40141000000.0,64862000000.0,17561000000.0,20138000000.0,4174000000.0,19698800000.0,0.32753656403855924
ベルテクスコーポレーション,5290,ガラス・土石製品,スタンダード（内国株式）,JP,2025-03-31,東京都,88350318592.0,2.0510437,9.983278,18.940355,11.247199902851557,0.3175,0.017636685,94.56,179.4,70.8149998100809,38918012000.0,6285650000.0,0.17681,4826177000.0,0.26061,0.27848,0.7043927113617972,15332239000.0,11960255000.0,34690168000.0,3910003000.0,17323157000.0,1540362000.0,20436182400.0,0.23130853092193002
東海カーボン,5301,ガラス・土石製品,プライム（内国株式）,JP,2024-12-31,東京都,237739966464.0,0.7467747,12.722807,11.8344145,8.075115514468312,0.319,0.027842227,94.09,87.52,119.45056212187873,350114000000.0,19387000000.0,0.05313,-56736000000.0,0.06217,0.06865,0.45189800125789503,315598000000.0,147729000000.0,270363000000.0,199110000000.0,92207000000.0,33307000000.0,-21920100000.0,-0.09220199836832765
日本カーボン,5302,ガラス・土石製品,プライム（内国株式）,JP,2024-12-31,東京都,55839350784.0,1.0265605,11.167624,11.560562,11.367260971577673,0.4578,0.0,436.83,452.2,369.0300030984765,,,0.14255,,0.128,0.08659001,0.6316243260309904,21531000000.0,18538000000.0,46319000000.0,9212000000.0,12299000000.0,10431000000.0,32089700000.0,0.5746789593620215
ＳＥＣカーボン,5304,ガラス・土石製品,スタンダード（内国株式）,JP,2025-03-31,兵庫県,60123041792.0,0.76376784,7.460199,15.698283,6.8594583726473,0.5237,0.01674481,191.04,402.0,359.1599996043778,31179000000.0,6823000000.0,0.20051001,5750000000.0,0.14148,0.04551,0.9065298851280791,7595000000.0,3446000000.0,45824000000.0,9000000.0,17420000000.0,17724000000.0,50635800000.0,0.8422028974378609
東洋炭素,5310,ガラス・土石製品,プライム（内国株式）,JP,2024-12-31,大阪府,133383290880.0,1.3681742,13.87011,24.390244,8.746968022055997,0.5565,0.0,260.76,458.54,474.9500110344812,,,0.1103,,0.1183,0.057010002,0.8317607562505521,18986000000.0,17359000000.0,64112000000.0,,16000000000.0,533000000.0,45499100000.0,0.3411154403210358
ノリタケ,5331,ガラス・土石製品,プライム（内国株式）,JP,2025-03-31,愛知県,192485326848.0,1.2056172,14.652015,16.129032,10.05515452453658,0.3456,0.02183406,434.0,477.75,396.45999899918024,138182000000.0,10214000000.0,0.08465,12939000000.0,0.09044,0.07974,0.7562628585259591,47451000000.0,37072000000.0,90406000000.0,6201000000.0,16609000000.0,42879000000.0,72970300000.0,0.37909538973649926
ＴＯＴＯ,5332,ガラス・土石製品,プライム（内国株式）,JP,2025-03-31,福岡県,1005060620288.0,1.9979024,25.0502,250.02045,18.67375538904284,4.0866,0.01651255,24.45,244.03,219.13999957651944,724454000000.0,48480000000.0,0.09932,12168000000.0,0.0058999998,0.00458,0.6416741612238981,283522000000.0,230782000000.0,374570000000.0,67873000000.0,122750000000.0,67536000000.0,138323200000.0,0.13762672341133364
日本碍子,5333,ガラス・土石製品,プライム（内国株式）,JP,2025-03-31,愛知県,1318920650752.0,1.6870135,22.990175,25.445166,14.537663875248086,0.3773,0.01528777,180.27,199.52,133.41999986717866,619513000000.0,81241000000.0,0.15057,54933000000.0,0.0,0.0734,0.6304355433924825,415482000000.0,178912000000.0,668874000000.0,252241000000.0,197974000000.0,68892000000.0,301616400000.0,0.22868426529528477
日本特殊陶業,5334,ガラス・土石製品,プライム（内国株式）,JP,2025-03-31,愛知県,1553247895552.0,2.109276,16.293165,16.33999,11.563326837874177,0.37849998,0.0232706,483.66,485.05,409.47000077092093,652993000000.0,128595000000.0,0.221,92625000000.0,0.14671,0.14795999,0.6807226484056971,316244000000.0,153648000000.0,588518000000.0,156683000000.0,208192000000.0,93082000000.0,337431400000.0,0.21724246397905606
ダントーホールディングス,5337,ガラス・土石製品,スタンダード（内国株式）,JP,2024-12-31,兵庫県,21189294080.0,2.533091,,19.04899,-31.245909905759163,0.0,0.0,34.7,,-29.443853700366333,5315000000.0,-988000000.0,-0.1668,33000000.0,0.15055999,0.05746,0.6982984293193717,2312000000.0,1066000000.0,3779000000.0,264000000.0,360000000.0,4296000000.0,4474200000.0,0.21115380168436457
ＡＳＡＨＩ　ＥＩＴＯホールディングス,5341,ガラス・土石製品,スタンダード（内国株式）,JP,2024-11-30,大阪府,1436859520.0,1.3312625,,,-3.7394785972051285,0.0,0.0,-80.39,,-153.76475223838764,3967802000.0,-320606000.0,-0.0849,-374905000.0,-0.07841,-0.30009001,0.4177099009280161,1464555000.0,632762000.0,1719517000.0,737712000.0,464783000.0,6093000.0,259227100.0,0.1804122785782148
ＭＡＲＵＷＡ,5344,ガラス・土石製品,プライム（内国株式）,JP,2025-03-31,愛知県,756117733376.0,5.368789,31.833435,42.918575,25.481782476607684,0.0687,0.0016306157,1427.82,1925.02,1233.3630542271217,71849000000.0,26914000000.0,0.32814997,19242000000.0,0.0,,0.8985627437888745,14433000000.0,13933000000.0,100290000000.0,0.0,71793000000.0,482000000.0,86194400000.0,0.11399600379050692
品川リフラ,5351,ガラス・土石製品,プライム（内国株式）,JP,2025-03-31,東京都,114219696128.0,0.95707065,10.728676,12.391703,5.354195554361489,0.4457,0.037468776,201.99,233.3,328.44259806779024,144072000000.0,13278000000.0,0.057550002,9778000000.0,0.18837,0.28977,0.45589455674285656,101387000000.0,57957000000.0,106964000000.0,61916000000.0,23024000000.0,9222000000.0,12032400000.0,0.10534435310102666
黒崎播磨,5352,ガラス・土石製品,プライム（内国株式）,JP,2025-03-31,福岡県,141440499712.0,1.3251339,13.346044,7.3964496,9.11799151478671,0.10569999,0.025,567.84,314.7,368.63999513547225,177921000000.0,14082000000.0,0.09631,12535000000.0,0.09555,0.16931,0.5077943739374953,85419000000.0,58379000000.0,126148000000.0,41738000000.0,8323000000.0,3966000000.0,43505200000.0,0.3075865829701177
日本坩堝,5355,ガラス・土石製品,スタンダード（内国株式）,JP,2025-03-31,東京都,4432444928.0,0.73091006,,11.695599,13.725370655668623,0.29799998,0.025487257,57.03,,43.006161910208725,9784442000.0,492225000.0,0.05077,369278000.0,0.04362,0.07695,0.49885719235166354,5635407000.0,3880307000.0,6729889000.0,1971731000.0,1820729000.0,1172919000.0,1915525300.0,0.43215997742002854
美濃窯業,5356,ガラス・土石製品,スタンダード（内国株式）,JP,2025-03-31,愛知県,13635306496.0,0.8921451,,10.717742,7.1849736881694355,0.32279998,0.014404852,124.0,,102.87354830679769,15058799000.0,1576282000.0,0.10074,1217519000.0,0.08568,0.091639996,0.6799395498389269,6828997000.0,5174479000.0,12939781000.0,1470000000.0,4176272000.0,2177854000.0,7635281800.0,0.5599640757792907
ヨータイ,5357,ガラス・土石製品,プライム（内国株式）,JP,2025-03-31,大阪府,36891381760.0,1.105322,13.818681,16.722075,6.59576643066629,0.7484,0.044977512,120.32,145.6,205.48033457756028,29305404000.0,3484451000.0,0.15551,2623217000.0,0.08128,0.07201,0.7962633713405382,8430453000.0,6707692000.0,29584180000.0,170090000.0,6412094000.0,3085052000.0,23313263400.0,0.6319433506629382
東京窯業,5363,ガラス・土石製品,スタンダード（内国株式）,JP,2025-03-31,東京都,28169816064.0,0.6231148,,9.451401,8.340584693182153,0.32810003,0.034359805,67.08,,53.684000270837565,31933430000.0,4503565000.0,0.08209,3130123000.0,0.10435,0.07737,0.6913376531231596,11798096000.0,7712746000.0,36309679000.0,3366712000.0,15865371000.0,12379783000.0,33177431100.0,1.1777652727523327
ニッカトー,5367,ガラス・土石製品,スタンダード（内国株式）,JP,2025-03-31,大阪府,10329395200.0,0.78713405,9.818182,18.347845,9.525912068532636,0.44619998,0.025578562,47.09,88.0,58.80894104829013,10076577000.0,637832000.0,0.08737001,503567000.0,0.04997,0.03846,0.7657500165694834,4011497000.0,3496139000.0,10091569000.0,724348000.0,3642551000.0,1942612000.0,7439900400.0,0.7202648611992307
日本インシュレーション,5368,ガラス・土石製品,スタンダード（内国株式）,JP,2025-03-31,大阪府,11762417664.0,0.814365,,12.516141,8.55848136885742,0.3413,0.028287461,108.42,,112.70767859503911,12222902000.0,1027449000.0,0.13819,776607000.0,0.07998,0.083170004,0.7691157987836896,4112031000.0,2971755000.0,11543141000.0,1022822000.0,6033596000.0,662158000.0,7894620600.0,0.6711732932390454
新東,5380,ガラス・土石製品,スタンダード（内国株式）,JP,2024-06-30,愛知県,1153290240.0,0.34850895,,129.88048,38.23563615242604,2.9785998,0.02297794,12.55,,34.04539763204233,4545118000.0,-63765000.0,-0.04355,-65877000.0,0.01434,0.03866,0.5286336442091949,2884418000.0,2394488000.0,2436713000.0,1870859000.0,276180000.0,116916000.0,-365863800.0,-0.3172348011893346
マイポックス,5381,ガラス・土石製品,スタンダード（内国株式）,JP,2025-03-31,栃木県,12278943744.0,1.3981693,,17.450323,-20.169046413823647,0.19680001,0.011614402,50.83,,-28.699479073614,11172060000.0,942233000.0,0.05646,911878000.0,0.04612,0.06283,0.531246131824654,7467851000.0,5438877000.0,8465435000.0,5339792000.0,2407687000.0,162560000.0,1111376000.0,0.09051071681495929
フジミインコーポレーテッド,5384,ガラス・土石製品,プライム（内国株式）,JP,2025-03-31,愛知県,244804747264.0,3.0155408,6.740747,25.188917,37.52595195884245,0.5591,0.011179877,131.01,489.56,87.62000040365331,62503000000.0,11781000000.0,0.22438999,9428000000.0,0.14784999,0.12644,0.8373080476965724,14014000000.0,12471000000.0,56128000000.0,,27857000000.0,3511000000.0,44571700000.0,0.18207040712300163
鶴弥,5386,ガラス・土石製品,スタンダード（内国株式）,JP,2025-03-31,愛知県,2818562816.0,0.23930153,,18.483412,22.645285012840507,0.3079,0.0,21.1,,16.79447099295686,6815170000.0,185682000.0,0.05238,121416000.0,0.02427,0.01289,0.7603120037834266,3756019000.0,3179704000.0,4278933000.0,1300000000.0,1858158000.0,874527000.0,1135082900.0,0.4027169071970046
クニミネ工業,5388,ガラス・土石製品,スタンダード（内国株式）,JP,2025-03-31,東京都,16197291008.0,0.7473804,,14.429858,11.920004856569347,0.43400002,0.018825302,92.17,,83.64268741760597,15707623000.0,1280713000.0,0.11692,1078078000.0,0.07085,0.0555,0.8338671871583432,3487549000.0,2243932000.0,17399744000.0,54358000.0,8299227000.0,1631810000.0,15054462000.0,0.9294432008762733
エーアンドエーマテリアル,5391,ガラス・土石製品,スタンダード（内国株式）,JP,2025-03-31,東京都,11189584896.0,0.5793533,,107.52767,3.6173785232032643,4.4346,0.020891365,13.55,,352.44294935855777,43421000000.0,1917000000.0,0.03023,-120000000.0,0.0023999999,0.00565,0.4567671474398217,22184000000.0,13260000000.0,18620000000.0,4563000000.0,665000000.0,692000000.0,-3079600000.0,-0.2752202184998731
ニチアス,5393,ガラス・土石製品,プライム（内国株式）,JP,2025-03-31,東京都,605148938240.0,2.7016373,20.54261,20.40812,9.58703340580129,0.28059998,0.014308943,470.45,467.37,406.5902578796562,256512000000.0,39733000000.0,0.12094,32073000000.0,0.12159,0.139,0.7452809952809952,72612000000.0,59774000000.0,190047000000.0,11041000000.0,59678000000.0,13834000000.0,127118800000.0,0.2100620061727434
日本製鉄,5401,鉄鋼,プライム（内国株式）,JP,2025-03-31,,3323958394880.0,0.6245826,1.1398258,,5.9268540152633244,0.4774,0.04474988,-2.35,557.98,105.59199999340967,8695526000000.0,556336000000.0,0.04804,350227000000.0,-0.00605,-0.00414,0.4919654249529676,5039078000000.0,2335493000000.0,4548503000000.0,2507492000000.0,672526000000.0,461378000000.0,-167610400000.0,-0.05042493921048341
神戸製鋼所,5406,鉄鋼,プライム（内国株式）,JP,2025-03-31,兵庫県,895566282752.0,0.7399839,8.242455,7.092088,6.814572451945132,0.2962,0.043123014,320.78,276.01,277.38545873476056,2555031000000.0,158723000000.0,0.04927,120180000000.0,0.0358,0.07171,0.4018591150006589,1653995000000.0,914551000000.0,1416256000000.0,886331000000.0,220122000000.0,214144000000.0,-87838200000.0,-0.09808118247828691
中山製鋼所,5408,鉄鋼,プライム（内国株式）,JP,2025-03-31,大阪府,34372681728.0,0.32035622,,8.190156,5.341229968829296,0.38759997,0.048465267,77.41,,164.43213296398892,169329000000.0,8437000000.0,0.00803,5695000000.0,0.0,0.02656,0.7161209000455923,42340000000.0,26941000000.0,92524000000.0,9061000000.0,15346000000.0,3193000000.0,52419100000.0,1.5250221211951402
合同製鐵,5410,鉄鋼,プライム（内国株式）,JP,2025-03-31,大阪府,59376078848.0,0.42346585,,5.3304625,5.0650051416886255,0.3151,0.035353534,761.66,,1038.7723328701602,205199000000.0,13750000000.0,0.04968,11322000000.0,0.051420003,0.07298,0.5284015124390637,119412000000.0,73373000000.0,129800000000.0,64417000000.0,28400000000.0,26730000000.0,29099000000.0,0.49007951627274154
ＪＦＥホールディングス,5411,鉄鋼,プライム（内国株式）,JP,2025-03-31,東京都,1399836114944.0,0.54807836,6.9237304,19.230097,7.373036029594136,0.7864,0.04183128,114.43,317.82,315.08999990644065,4859647000000.0,87636000000.0,0.03227,91868000000.0,0.01154,0.021860002,0.4479002457133842,3060770000000.0,1473713000000.0,2368785000000.0,1766450000000.0,172841000000.0,190524000000.0,-558618200000.0,-0.39905971423115294
東京製鐵,5423,鉄鋼,プライム（内国株式）,JP,2025-03-31,東京都,166082953216.0,0.75942606,8.655696,10.67264,6.244283867594509,0.32939997,0.031746034,151.79,187.16,253.51000000743537,326775000000.0,30106000000.0,0.03136,21203000000.0,0.05016,0.06431,0.716502885931468,83057000000.0,66107000000.0,164153000000.0,39000000.0,21111000000.0,25392000000.0,98870400000.0,0.5953073333866699
共英製鋼,5440,鉄鋼,プライム（内国株式）,JP,2025-03-31,大阪府,115383451648.0,0.56236607,10.610662,10.341202,6.973446904126704,0.3505,0.034749035,256.74,250.22,318.12999754419104,322849000000.0,15333000000.0,0.05427,10791000000.0,0.03046,0.050780002,0.5753199859421588,143670000000.0,103259000000.0,211297000000.0,83550000000.0,64495000000.0,17526000000.0,79895200000.0,0.692432050340599
大和工業,5444,鉄鋼,プライム（内国株式）,JP,2025-03-31,兵庫県,782039777280.0,1.4687139,14.761131,35.21146,7.260683826635205,0.94629997,0.027089784,369.34,881.03,1099.1499915104641,168268000000.0,12678000000.0,0.03401,31833000000.0,0.29124,0.08464,0.8480412361726042,54543000000.0,25265000000.0,310115000000.0,1956000000.0,224968000000.0,74427000000.0,307670900000.0,0.39342103680468177
東京鐵鋼,5445,鉄鋼,プライム（内国株式）,JP,2025-03-31,東京都,54079037440.0,0.8785465,24.864237,5.3734593,5.443409974604546,0.31440002,0.06,1192.9,257.8,884.9005471416265,82593000000.0,14679000000.0,0.15199,10853000000.0,0.12606,0.15648,0.7345501987765702,21536000000.0,15586000000.0,40591000000.0,5077000000.0,14171000000.0,8378000000.0,24919600000.0,0.46079962180628636
北越メタル,5446,鉄鋼,スタンダード（内国株式）,JP,2025-03-31,新潟県,5014635520.0,0.2799677,,12.953368,11.847236060355177,0.3884,0.027047914,100.36,,121.64243031643093,28729754000.0,668152000.0,-0.0308,572167000.0,0.00147,0.0020299999,0.6666932071271365,8895562000.0,6417464000.0,12994099000.0,2709759000.0,2238345000.0,2199120000.0,5637921000.0,1.1242932766527367
大阪製鐵,5449,鉄鋼,スタンダード（内国株式）,JP,2025-03-31,大阪府,77998800896.0,0.597832,,2005.3846,26.811728738642966,13.9706,0.0073700543,1.3,,80.1912544717994,116424000000.0,5331000000.0,-0.0034400001,3227000000.0,-0.00119,-0.00083,0.7665675602624272,45277000000.0,40379000000.0,108890000000.0,18269000000.0,9954000000.0,553000000.0,64000100000.0,0.820526716626513
ヨドコウ,5451,鉄鋼,プライム（内国株式）,JP,2025-03-31,大阪府,208779673600.0,1.055485,,15.197473,27.510828065349752,0.7396,0.049646392,94.95,,30.774000080498595,208460000000.0,13889000000.0,0.04646,13499000000.0,0.05797,0.05805,0.7372282937757326,49138000000.0,29759000000.0,159857000000.0,1011000000.0,58090000000.0,40961000000.0,139391700000.0,0.6676497649242421
高砂鐵工,5458,鉄鋼,スタンダード（内国株式）,JP,2025-03-31,東京都,3215290880.0,0.6700559,,13.755459,10.960077396940052,0.5141,0.03659652,77.86,,77.94260825945162,12100000000.0,512000000.0,0.04961,333000000.0,0.022739999,0.05821,0.5235463188149458,4310000000.0,3340000000.0,7270000000.0,,1363000000.0,22000000.0,2975400000.0,0.9253906134924875
中部鋼鈑,5461,鉄鋼,プライム（内国株式）,JP,2025-03-31,愛知県,64639893504.0,0.87300485,7.5842338,,9.491934585123241,1.5794001,0.04234801,-12.17,314.6,259.31436815725715,51047000000.0,2709000000.0,0.01285,1731000000.0,-0.0031,-0.0014599999,0.8901791521314965,8544000000.0,7543000000.0,46579000000.0,,17441000000.0,12325000000.0,46662500000.0,0.7218839244701488
丸一鋼管,5463,鉄鋼,プライム（内国株式）,JP,2025-03-31,大阪府,360524611584.0,1.0658505,5.8855486,12.626263,11.632641493491487,0.3705,0.029791875,128.7,276.1,109.18333354315924,261649000000.0,39954000000.0,0.13207,27033000000.0,0.13329001,0.09511,0.8090613061926444,65908000000.0,51070000000.0,226582000000.0,5016000000.0,100242000000.0,66631000000.0,207315700000.0,0.575038966380515
モリ工業,5464,鉄鋼,スタンダード（内国株式）,JP,2025-03-31,大阪府,38773755904.0,0.6800442,,10.729298,10.146908094440418,0.4414,0.025742574,95.16,,116.40311539968911,46141000000.0,5397000000.0,0.114479996,4128000000.0,0.07771,0.060370002,0.7948369176140432,14272000000.0,11049000000.0,43053000000.0,2018000000.0,15976000000.0,7068000000.0,33728600000.0,0.8698821977295337
大同特殊鋼,5471,鉄鋼,プライム（内国株式）,JP,2025-03-31,愛知県,490695786496.0,1.062686,16.209967,16.892227,11.582448476176275,0.3401,0.0213002,141.13,147.07,143.36453406350478,574945000000.0,39408000000.0,0.08733,28314000000.0,0.04711,0.06082,0.5482659705175396,313830000000.0,182259000000.0,416999000000.0,176846000000.0,61218000000.0,54454000000.0,141286800000.0,0.28793155329274817
日本冶金工業,5480,鉄鋼,プライム（内国株式）,JP,2025-03-31,東京都,73565077504.0,0.7433332,4.453951,7.9176917,4.784914409606236,0.3132,0.040935673,670.65,1192.2,933.6499414963178,172097000000.0,16967000000.0,0.06774,11579000000.0,0.052210003,0.08234999,0.4433576595343533,120856000000.0,74154000000.0,101735000000.0,79613000000.0,9516000000.0,6052000000.0,-14884600000.0,-0.20233241784038997
愛知製鋼,5482,鉄鋼,プライム（内国株式）,JP,2025-03-31,愛知県,224386957312.0,0.99435383,8.624508,21.739132,10.89506202515289,0.3319,0.015922619,161.23,406.4,83.507500450406,299287000000.0,12018000000.0,0.073460005,7821000000.0,0.0,,0.5797486895813909,156665000000.0,69741000000.0,157789000000.0,64569000000.0,36275000000.0,61607000000.0,44248900000.0,0.1971990731104477
東北特殊鋼,5484,鉄鋼,スタンダード（内国株式）,JP,2025-03-31,宮城県,17031851008.0,0.5850055,,17.45186,14.602923729801248,0.26639998,0.015237266,131.39,,129.4361007963866,21178080000.0,1249817000.0,0.058590002,1008124000.0,0.057329997,0.04086,0.8204404864289813,6110625000.0,3955531000.0,17413177000.0,,8104140000.0,6389909000.0,15775488300.0,0.9262345174690716
日本金属,5491,鉄鋼,スタンダード（内国株式）,JP,2025-03-31,東京都,6978866688.0,0.24714853,3.0536723,5.6721587,3.7001139158576053,0.0,0.0,190.58,354.0,230.80370481027785,51298000000.0,-188000000.0,0.02661,703000000.0,0.02881,0.05136,0.3985149577235074,42042000000.0,28987000000.0,38693000000.0,21506000000.0,12013000000.0,2881000000.0,-1332300000.0,-0.1909049218966826
ｐｒｏｐｅｒｔｙ　ｔｅｃｈｎｏｌｏｇｉｅｓ,5527,不動産業,グロース（内国株式）,JP,2024-11-30,東京都,9480745984.0,1.1300052,,8.150203,7.937052798863238,0.16,0.033333335,93.74,,52.103333062973604,41612756000.0,1362199000.0,0.03356,635566000.0,0.02125,0.1364,0.1832987366430774,33314842000.0,27853285000.0,37892194000.0,29925900000.0,4961127000.0,52604000.0,4614174800.0,0.48668900187675357
リアルゲイト,5532,不動産業,グロース（内国株式）,JP,2025-09-30,東京都,18956783616.0,4.8042626,,34.36426,13.892216211668702,0.0,0.0,96.03,,66.7999969090987,9791998000.0,1043180000.0,0.23007,559220000.0,0.092530005,0.29783002,0.15761336658275307,17913125000.0,3901427000.0,4472266000.0,13940572000.0,947147000.0,,-13440859000.0,-0.7090263449890085
エリッツホールディングス,5533,不動産業,スタンダード（内国株式）,JP,2025-09-30,京都府,7187540992.0,1.404091,,10.362799,8.949992885400203,0.34080002,0.03317073,199.56,,185.49998106148772,6385724000.0,1021984000.0,0.04975,699290000.0,0.1074,0.14089,0.5560276387481027,4240610000.0,2027950000.0,5723715000.0,1789252000.0,4572519000.0,106311000.0,1557522700.0,0.21669757455763808
ミガロホールディングス,5535,不動産業,プライム（内国株式）,JP,2025-03-31,東京都,26167365632.0,1.7525804,,33.442894,3.7401367280173115,0.5761,0.024570024,12.17,,76.29836922007084,51709146000.0,2713201000.0,0.03494,1390779000.0,0.02537,0.10109,0.20506575208415354,43232740000.0,23584616000.0,52457148000.0,38382056000.0,6895216000.0,232355000.0,9387056500.0,0.35873143028660837
ＡｌｂａＬｉｎｋ,5537,不動産業,グロース（内国株式）,JP,2024-12-31,,28506865664.0,14.165737,,44.445854,7.495700058748168,0.0,0.0,78.86,,141.281,5440231000.0,552984000.0,0.24128,378207000.0,0.119770005,0.671,0.34398938425184594,1736220000.0,970071000.0,2218132000.0,1172200000.0,1415541000.0,,481912000.0,0.016905120530616047
大平洋金属,5541,鉄鋼,プライム（内国株式）,JP,2025-03-31,青森県,66337189888.0,1.0980117,-93.04878,,-22.006240758345335,0.0,0.05693431,-49.21,-41.0,-55.07409876416594,13175000000.0,-7368000000.0,-0.51617,-1667000000.0,0.08473,0.012309999,0.9386308238735288,4139000000.0,1230000000.0,38510000000.0,,23874000000.0,24873000000.0,51782100000.0,0.7805892906742959
新報国マテリアル,5542,鉄鋼,スタンダード（内国株式）,JP,2024-12-31,,5705831424.0,2.112168,,9.901104,7.40994808347281,0.2874,0.011668611,86.96,,70.76467242701284,6209236000.0,644592000.0,0.1007,576417000.0,0.1232,0.27445,0.7198222656640627,2185374000.0,693023000.0,6323375000.0,1111922000.0,3426326000.0,75398000.0,4190779600.0,0.7344730835146384
新日本電工,5563,鉄鋼,プライム（内国株式）,JP,2024-12-31,東京都,58525503488.0,0.82404023,10.217865,43.87278,11.948331125989434,1.028,0.0246085,10.69,45.9,22.91000008314348,,,0.10328,,0.01835,0.0196,0.7209001956947162,28524000000.0,18817000000.0,53971000000.0,17076000000.0,5947000000.0,12255000000.0,34025500000.0,0.5813790223432516
ジェノバ,5570,情報・通信業,グロース（内国株式）,JP,2025-09-30,東京都,9421184000.0,2.770126,,19.155233,20.15933913698015,0.16149999,0.0,37.17,,31.12000042835247,1366994000.0,773995000.0,0.59838,542549000.0,0.39956,0.15685001,0.8820040016804511,444894000.0,390765000.0,3232020000.0,,3095522000.0,391816000.0,3061397200.0,0.32494824429710745
エキサイトホールディングス,5571,情報・通信業,スタンダード（内国株式）,JP,2025-03-31,,5178585088.0,1.5403284,,,13.001711356435953,0.8143,0.028169014,-1.08,,79.68000611833847,9091963000.0,465847000.0,0.03156,184120000.0,0.00417,0.01189,0.33844989911600604,6707422000.0,2715357000.0,5083337000.0,5252463000.0,2695708000.0,,-1624085000.0,-0.3136155865746779
Ｒｉｄｇｅ－ｉ,5572,情報・通信業,グロース（内国株式）,JP,2024-07-31,東京都,10209116160.0,2.911176,,68.02526,182.79660196571226,0.0,0.0,34.84,,11.800000529575465,1071954000.0,152739000.0,0.12478,121697000.0,0.050359998,,0.6979401477641505,602900000.0,532241000.0,2468340000.0,,2116037000.0,,1865440000.0,0.1827229674698892
ＡＢＥＪＡ,5574,情報・通信業,グロース（内国株式）,JP,2025-08-31,東京都,31313025024.0,6.658112,67.665955,72.99607,94.34410615329747,0.0,0.0,43.29,46.7,21.04000006926369,3585409000.0,445887000.0,0.18280001,448268000.0,0.13574,0.12532,0.840840107901697,846440000.0,846438000.0,5104545000.0,,4586017000.0,,4258105000.0,0.1359851051355261
Ｇｌｏｂｅｅ,5575,情報・通信業,グロース（内国株式）,JP,2025-05-31,東京都,3199955200.0,3.0550442,,11.903861,31.893235740170876,0.0,0.0,52.84,,44.21000150273387,1637523000.0,411481000.0,0.19798,281636000.0,0.14827,0.2967,0.4019892568009656,1341728000.0,1309350000.0,1831171000.0,107807000.0,1151883000.0,,489443000.0,0.1529530788431038
オービーシステム,5576,情報・通信業,スタンダード（内国株式）,JP,2025-03-31,大阪府,6423367168.0,1.1516798,,13.459101,12.200813060893319,0.4388,0.03265602,205.14,,192.98482532207186,7684716000.0,562699000.0,0.08930001,485246000.0,0.06366,,0.7902371928193591,1357424000.0,1051993000.0,3937021000.0,,2638514000.0,2011747000.0,3987819900.0,0.6208301340559457
ＡＲアドバンストテクノロジ,5578,情報・通信業,グロース（内国株式）,JP,2025-08-31,東京都,9147734016.0,4.201907,,21.369864,18.677391740119802,0.1522,0.0070774946,43.8,,26.010001153928496,14152706000.0,829272000.0,0.066989996,445412000.0,0.03852,0.28108,0.31406218093577926,4593913000.0,4075685000.0,5023198000.0,1531449000.0,2912067000.0,,429285000.0,0.0469280150963235
プロディライト,5580,情報・通信業,グロース（内国株式）,JP,2025-08-31,大阪府,2701054464.0,2.8077505,,23.093525,10.617653223031194,0.0,0.0,69.5,,87.58997684937555,2834772000.0,178604000.0,0.045450002,118921000.0,0.04171,,0.5574527680108536,758075000.0,618235000.0,1292812000.0,216428000.0,793559000.0,,534737000.0,0.1979734237598846
グリッド,5582,情報・通信業,グロース（内国株式）,JP,2024-06-30,東京都,11626573824.0,2.8185763,28.878395,43.101322,,0.0,0.0,56.75,84.7,,1652097000.0,365654000.0,0.22861,403751000.0,0.17926,0.114300005,0.887072813755099,463173000.0,457350000.0,3746706000.0,71630000.0,2900488000.0,,3283533000.0,0.2824162173401429
Ｌａｂｏｒｏ．ＡＩ,5586,情報・通信業,グロース（内国株式）,JP,2025-09-30,東京都,13313409024.0,5.04298,,92.58029,121.02065809291393,0.0,0.0,9.03,,8.229999866926176,1900339000.0,191437000.0,0.18094999,146802000.0,0.07684,,0.9056716243898225,265376000.0,265374000.0,2623661000.0,1336000.0,2048825000.0,,2358285000.0,0.1771360735442541
インバウンドプラットフォーム,5587,情報・通信業,グロース（内国株式）,JP,2025-09-30,東京都,3163245568.0,2.1060224,,16.025866,19.63431597823009,0.0,0.0,57.22,,35.5500034110646,3006963000.0,296720000.0,0.11519,202771000.0,0.0672,0.15379,0.5246553972822056,1281909000.0,1066459000.0,1379102000.0,254938000.0,920874000.0,47958000.0,130763600.0,0.04133842826583864
ファーストアカウンティング,5588,情報・通信業,グロース（内国株式）,JP,2024-12-31,東京都,9697519616.0,5.7199945,,22.324158,62.764519823490936,0.0306,0.0,39.24,,11.69999946941311,1707072000.0,181754000.0,0.07774,465191000.0,0.08527,0.13015,0.5718403412853746,1042180000.0,1003022000.0,1719726000.0,0.0,1603250000.0,,677546000.0,0.06986796900953028
オートサーバー,5589,情報・通信業,スタンダード（内国株式）,JP,2024-12-31,東京都,18191171584.0,1.434809,,13.140658,9.568499380470833,0.3431,0.026117926,192.38,,181.59000216778912,6287105000.0,2493848000.0,0.38834998,1562679000.0,0.23070998,,0.6598943451748985,6174543000.0,5918309000.0,13423209000.0,2270000000.0,11920791000.0,,7248666000.0,0.39847164139639835
ネットスターズ,5590,情報・通信業,グロース（内国株式）,JP,2024-12-31,東京都,13938149376.0,1.8321197,,45.236797,-34.636613932606245,0.0,0.0,18.37,,-21.509030918829836,3902046000.0,-84306000.0,0.07892,-37617000.0,0.1013,0.065809995,0.19885149126866827,28632837000.0,28632835000.0,34605212000.0,,33875351000.0,,5972375000.0,0.428491246498175
ＡＶＩＬＥＮ,5591,情報・通信業,グロース（内国株式）,JP,2024-12-31,東京都,6406759936.0,8.824841,,36.627094,131.20949418173893,0.0,0.0,28.64,,18.52000127852177,1241485000.0,189354000.0,0.0625,116012000.0,0.10406999,0.2723,0.4479885658509377,680905000.0,673653000.0,804714000.0,408750000.0,566333000.0,,123809000.0,0.019324744681677424
くすりの窓口,5592,情報・通信業,グロース（内国株式）,JP,2025-03-31,東京都,30290618368.0,3.0586967,,14.94794,16.169205215735392,0.1495,0.010305343,180.56,,84.00000115739546,11199409000.0,1953959000.0,0.24274999,2034965000.0,0.22073999,0.29607,0.6952426302262003,3640478000.0,3125062000.0,6229037000.0,63775000.0,2104095000.0,67812000.0,2636027400.0,0.08702454892055904
アウトルックコンサルティング,5596,情報・通信業,グロース（内国株式）,JP,2025-03-31,東京都,5656899584.0,4.9639063,,14.577402,12.361699106919176,0.1383,0.0,122.93,,127.42999219431046,1654860000.0,500847000.0,0.30679,376910000.0,0.2243,0.32053003,0.7863136295208282,262740000.0,262739000.0,1131487000.0,,873737000.0,,868747000.0,0.1535729929619341
ブルーイノベーション,5597,情報・通信業,グロース（内国株式）,JP,2024-12-31,,6405116416.0,30.156982,,,-16.392577191165167,0.0,0.0,-99.19,,-90.34576947413673,1223237000.0,-398416000.0,-0.43060002,-394719000.0,-0.60419,-1.5173199,0.47165438652147945,709472000.0,250929000.0,1235658000.0,474080000.0,668505000.0,,526186000.0,0.08215088779426176
Ｓ＆Ｊ,5599,情報・通信業,グロース（内国株式）,JP,2025-03-31,東京都,9190831104.0,4.0319324,,0.5020083,26.181185719054827,0.0,0.0,3278.83,,42.39685749572966,1942927000.0,420504000.0,0.24832001,309111000.0,0.18515,0.19872,0.7406076200500867,701839000.0,701837000.0,2242543000.0,,1997944000.0,,1540704000.0,0.16763489422947403
栗本鐵工所,5602,鉄鋼,プライム（内国株式）,JP,2025-03-31,大阪府,107851161600.0,1.2016695,,14.534598,8.056577933793704,0.5313,0.037292026,122.26,,90.40918835027198,126669000000.0,7930000000.0,0.07001,6905000000.0,0.057979997,0.083680004,0.578673336060922,62861000000.0,57236000000.0,92901000000.0,20424000000.0,15730000000.0,20151000000.0,44145700000.0,0.409320579816546
虹技,5603,鉄鋼,スタンダード（内国株式）,JP,2025-03-31,兵庫県,4628037120.0,0.3123247,,5.138671,8.454255227014478,0.2186,0.042643923,274.39,,164.57632303456714,26317000000.0,1117000000.0,0.01307,798000000.0,0.01938,0.03432,0.4258171679421012,15669000000.0,12026000000.0,20297000000.0,9091000000.0,3168000000.0,3477000000.0,7061900000.0,1.5258952806324941
日本鋳造,5609,鉄鋼,スタンダード（内国株式）,JP,2025-03-31,神奈川県,4175115776.0,0.35542014,,8.104061,7.203136396160261,0.28079998,0.034924332,106.86,,135.0288756450429,14311000000.0,409000000.0,0.00936,236000000.0,0.01859,0.02227,0.5322732362821948,10442000000.0,5444000000.0,10141000000.0,3785000000.0,586000000.0,112000000.0,-222600000.0,-0.05331588677841733
日本鋳鉄管,5612,鉄鋼,スタンダード（内国株式）,JP,2025-03-31,東京都,6230026240.0,0.67213994,,,7.711178985692332,0.65940005,0.013227513,-42.08,,147.833737775317,16933000000.0,261000000.0,0.05393,-230000000.0,-0.00113,0.00042,0.4174879618379011,12585000000.0,9168000000.0,13330000000.0,5550000000.0,2908000000.0,135000000.0,839500000.0,0.13475063629908562
雨風太陽,5616,情報・通信業,グロース（内国株式）,JP,2024-12-31,岩手県,2045322496.0,5.9284935,,,-19.565002164110826,0.0,0.0,-19.77,,-103.14335685082264,1016159000.0,-161330000.0,0.2,-163866000.0,-0.00389,-0.01159,0.3317141553106866,696966000.0,492086000.0,941318000.0,290000000.0,543391000.0,15000000.0,254852000.0,0.12460235512903682
ナイル,5618,情報・通信業,グロース（内国株式）,JP,2024-12-31,東京都,2740312832.0,6.1858053,,,-10.057808576568432,0.0,0.0,-52.87,,-90.47696554098447,5465135000.0,-677970000.0,0.03222,-703266000.0,-0.02259,-0.29429,0.2029155730120664,2321616000.0,1232862000.0,2340582000.0,1741426000.0,1283072000.0,,18966000.0,0.006921107611702049
マーソ,5619,情報・通信業,グロース（内国株式）,JP,2024-12-31,東京都,3182189568.0,1.632587,,768.6441,18.785094955489615,0.0,0.0,1.18,,112.05692624858682,1333059000.0,157518000.0,0.05119,101004000.0,-0.021340001,-0.01158,0.8961136328590951,234452000.0,234452000.0,2106396000.0,7366000.0,1809396000.0,60034000.0,1913967800.0,0.6014625336110712
ヒューマンテクノロジーズ,5621,情報・通信業,グロース（内国株式）,JP,2025-03-31,東京都,14159562752.0,2.8116534,,21.597895,33.55079058495532,0.3001,0.013666667,68.34,,39.59444118980569,6055111000.0,930975000.0,0.18090999,655353000.0,0.10887,0.16368,0.7526402999569617,1456399000.0,1456398000.0,4944986000.0,0.0,3974081000.0,845000.0,3489178500.0,0.24641852019810168
日本製鋼所,5631,機械,プライム（内国株式）,JP,2025-03-31,東京都,752303341568.0,3.6967816,36.70713,34.129234,16.975474512380828,0.30719998,0.009331576,299.45,278.42,194.01999870852634,248556000000.0,22827000000.0,0.08144,17961000000.0,0.0,0.105450004,0.4853261060679892,203022000000.0,167637000000.0,295595000000.0,43527000000.0,75899000000.0,24629000000.0,109813300000.0,0.14596944335129486
三菱製鋼,5632,鉄鋼,プライム（内国株式）,JP,2025-03-31,東京都,32117854208.0,0.7543648,7.7802196,10.706724,-21.436276126863557,0.373,0.03627451,198.38,273.0,-63.49999800129005,159584000000.0,6564000000.0,0.02242,2363000000.0,0.01505,0.05906,0.307520895382463,88817000000.0,45429000000.0,83281000000.0,52352000000.0,16163000000.0,6009000000.0,-1329700000.0,-0.04140064872916681
メタルアート,5644,鉄鋼,スタンダード（内国株式）,JP,2025-03-31,滋賀県,16002157568.0,0.6410262,,8.748865,4.997700104292635,0.22540002,0.012545454,638.94,,719.0363081099423,43954000000.0,2996000000.0,0.10054,1998000000.0,0.048189998,0.09182,0.5300829172409118,17748000000.0,14673000000.0,24461000000.0,4519000000.0,9734000000.0,243000000.0,6883100000.0,0.43013574705478114
日亜鋼業,5658,鉄鋼,スタンダード（内国株式）,JP,2025-03-31,兵庫県,18721148928.0,0.35506928,,34.016396,12.04019591085284,0.8203,0.014527845,12.2,,26.185977711012185,34126910000.0,1349455000.0,0.05651,1065449000.0,0.02466,0.01638,0.71616854007155,16963510000.0,11729167000.0,35828607000.0,3275204000.0,11130212000.0,17628222000.0,31204852400.0,1.6668235758398855
日本精線,5659,鉄鋼,プライム（内国株式）,JP,2025-03-31,大阪府,42076700672.0,1.0015132,2.4359884,16.529922,14.73229889955808,0.53080004,0.03268945,82.88,562.4,84.52329270530396,46749000000.0,4577000000.0,0.07761,3250000000.0,0.050869998,0.05684,0.737366688139718,13981000000.0,9326000000.0,38121000000.0,272000000.0,17065000000.0,68000000.0,24187600000.0,0.5748454516087016
神鋼鋼線工業,5660,鉄鋼,スタンダード（内国株式）,JP,2025-03-31,兵庫県,9024110592.0,0.36847788,,9.478584,7.866798366521368,0.3414,0.019430052,161.1,,153.2994923857868,34293000000.0,1169000000.0,0.02496,1034000000.0,0.029260002,0.04046,0.5449059685578821,20061000000.0,11615000000.0,24471000000.0,10370000000.0,3330000000.0,1883000000.0,5728100000.0,0.6347550754838976
パウダーテック,5695,鉄鋼,スタンダード（内国株式）,JP,2025-03-31,,8059575296.0,0.6436484,,23.255814,22.66936398359833,1.2588,0.035460994,119.11,,96.84004578523192,9136295000.0,332238000.0,0.033689998,318421000.0,0.034,0.02377,0.8081650953666691,3034344000.0,2006466000.0,8740409000.0,714696000.0,436841000.0,,5706065000.0,0.707985816924118
サンユウ,5697,鉄鋼,スタンダード（内国株式）,JP,2025-03-31,大阪府,4829499392.0,0.47329468,,8.606205,8.4814755447268,0.237,0.027568921,92.84,,63.99577793108697,24444766000.0,668625000.0,0.03964,450913000.0,0.0224,0.05921,0.5107386427325713,8749710000.0,8168735000.0,13797018000.0,1904378000.0,3129061000.0,536076000.0,5422561200.0,1.1227998514675037
エンビプロ・ホールディングス,5698,鉄鋼,スタンダード（内国株式）,JP,2025-06-30,静岡県,28656707584.0,1.6372516,19.09434,17.181664,27.177454208251437,0.2548,0.01565762,58.9,53.0,17.15999992976137,49090744000.0,972493000.0,0.06995,1175558000.0,0.03888,0.10137,0.5500895799805006,13989518000.0,8729063000.0,15874523000.0,7735349000.0,7007668000.0,3705560000.0,4478897000.0,0.15629489140967187
イボキン,5699,鉄鋼,スタンダード（内国株式）,JP,2024-12-31,兵庫県,5311643136.0,1.0372266,11.038252,13.037516,8.964058469470654,0.2583,0.0,123.95,146.4,119.4763833569748,9656672000.0,798552000.0,0.0694,520398000.0,0.059770003,0.12605,0.7154994058008544,1802909000.0,1388701000.0,3560515000.0,245388000.0,2261551000.0,557743000.0,2148026100.0,0.40439955113731496
大紀アルミニウム工業所,5702,非鉄金属,プライム（内国株式）,JP,2025-03-31,大阪府,59041984512.0,0.82421607,7.6907215,554.64685,14.425345927603425,20.676699,0.038194444,2.69,194.0,78.89999974705302,299795000000.0,4840000000.0,0.02333,699000000.0,0.0,,0.44743562264613124,89583000000.0,78504000000.0,127689000000.0,67267000000.0,7341000000.0,5519000000.0,41969300000.0,0.7108382339599364
日本軽金属ホールディングス,5703,非鉄金属,プライム（内国株式）,JP,2025-03-31,東京都,192175636480.0,0.793756,12.748222,14.771328,10.557908155635115,0.3549,0.024509804,211.22,244.74,160.47355116876543,550180000000.0,21744000000.0,0.04684,12375000000.0,0.02503,0.06436,0.42830792181618094,293826000000.0,186528000000.0,304858000000.0,168828000000.0,34707000000.0,38369000000.0,37890300000.0,0.1971649512603191
ＪＭＣ,5704,非鉄金属,グロース（内国株式）,JP,2024-12-31,神奈川県,2376983552.0,1.443235,9.884527,,18.471435488527476,0.0,0.0,-12.75,43.3,65.28999875234608,3072417000.0,88090000.0,0.1146,50671000.0,-0.39187,-0.55541,0.6172092655229756,1799647000.0,1011458000.0,1535808000.0,1254202000.0,419712000.0,,-263839000.0,-0.11099740247592592
三井金属,5706,非鉄金属,プライム（内国株式）,JP,2025-03-31,東京都,2111730483200.0,5.8144407,61.3653,45.248924,9.703593086457364,0.2328,0.0048342543,815.71,601.48,454.7099988085055,712344000000.0,74743000000.0,0.17909001,64662000000.0,0.08451,0.18378,0.5039091472830515,317090000000.0,189472000000.0,370889000000.0,168136000000.0,44469000000.0,64220000000.0,98753000000.0,0.04676401689781697
東邦亜鉛,5707,非鉄金属,プライム（内国株式）,JP,2025-03-31,東京都,23761074176.0,8.866056,-23.777174,,-0.3215147356410919,0.0,0.0,-101.15,-73.6,-3421.3050851514754,126267000000.0,5626000000.0,0.09561,-1458000000.0,0.010829999,0.46137002,0.10151159628999284,89219000000.0,23040000000.0,74896000000.0,73527000000.0,20979000000.0,156000000.0,-14213800000.0,-0.5981968615861957
三菱マテリアル,5711,非鉄金属,プライム（内国株式）,JP,2025-03-31,東京都,784861167616.0,1.0946047,17.868086,52.633423,11.769115343184625,0.8774,0.017979145,114.11,336.13,228.0699993700574,1962076000000.0,37119000000.0,0.036140002,34076000000.0,0.01208,0.03817,0.28511563583395255,1682071000000.0,1297333000000.0,1464306000000.0,593098000000.0,91605000000.0,310772000000.0,-224600000.0,-0.00028616525987929556
住友金属鉱山,5713,非鉄金属,プライム（内国株式）,JP,2025-03-31,東京都,3415724261376.0,1.7968333,31.04788,142.84906,20.17198862089131,1.3504,0.010577347,88.38,406.63,213.27912884605587,1593348000000.0,-15889000000.0,0.14564,16487000000.0,0.0,0.05041,0.601487247370318,1019236000000.0,503635000000.0,976294000000.0,560303000000.0,159712000000.0,760057000000.0,489097900000.0,0.14319010042191474
ＤＯＷＡホールディングス,5714,非鉄金属,プライム（内国株式）,JP,2025-03-31,東京都,687953412096.0,1.700556,23.895727,34.013603,10.784517220684927,0.4415,0.014367816,339.57,483.35,467.8845226124812,678672000000.0,32226000000.0,0.0053,27128000000.0,0.0,0.05696,0.5915042529215173,257503000000.0,201658000000.0,367039000000.0,132860000000.0,43577000000.0,76709000000.0,163232300000.0,0.23727231688942022
古河機械金属,5715,非鉄金属,プライム（内国株式）,JP,2025-03-31,東京都,189698473984.0,1.4085029,45.376846,13.927643,4.032346910226503,0.1432,0.010771993,419.31,128.7,429.2799944828574,201216000000.0,9765000000.0,0.06504,18619000000.0,0.07135,0.109239995,0.5087726121809207,123535000000.0,53114000000.0,116759000000.0,57200000000.0,24846000000.0,19903000000.0,7156100000.0,0.03772355069447515
エス・サイエンス,5721,非鉄金属,スタンダード（内国株式）,JP,2025-03-31,東京都,22418354176.0,6.003189,,,8.72458059497249,0.0,0.0,-2.6,,2.7508485638644817,634428000.0,-292074000.0,-0.18181999,-96734000.0,0.044320002,0.01839,0.9548974061169183,135606000.0,33277000.0,2912570000.0,,1761709000.0,1377000.0,2777927900.0,0.12391310611792879
アサカ理研,5724,非鉄金属,スタンダード（内国株式）,JP,2025-09-30,福島県,19906234368.0,3.91239,,66.22073,12.410426513594366,0.2008,0.0032742156,59.8,,74.15682362330406,8685989000.0,492944000.0,0.12053,300240000.0,0.046479996,0.08474,0.35677335896401446,8880625000.0,3085578000.0,7922223000.0,5514768000.0,4150929000.0,207304000.0,-813289200.0,-0.04085600445393088
大阪チタニウムテクノロジーズ,5726,非鉄金属,プライム（内国株式）,JP,2025-03-31,兵庫県,113891172352.0,2.5234015,8.500412,18.72693,9.663873182625855,0.1815,0.00952381,165.27,364.1,263.29876145501794,51914000000.0,10095000000.0,0.11123,7090000000.0,0.10312,0.11534,0.42445380232846175,58087000000.0,27999000000.0,61880000000.0,43700000000.0,4619000000.0,,3793000000.0,0.03330372250693047
東邦チタニウム,5727,非鉄金属,プライム（内国株式）,JP,2025-03-31,神奈川県,198680395776.0,3.372724,28.529081,60.24174,22.035712641456687,0.4105,0.008293321,46.33,97.83,69.57000034792026,88974000000.0,5880000000.0,0.0791,3726000000.0,0.02991,0.03884,0.4674707485173906,66449000000.0,43740000000.0,69735000000.0,53042000000.0,4599000000.0,,3286000000.0,0.01653912549935105
日本精鉱,5729,非鉄金属,スタンダード（内国株式）,JP,2025-03-31,東京都,29582544896.0,1.9031239,25.399832,5.7339396,11.336816999499757,0.1283,0.008298756,2105.01,475.2,205.84347999832949,25179512000.0,3598009000.0,0.13708,2456081000.0,0.14193,0.42617,0.5699251961296528,9004714000.0,7542314000.0,14972851000.0,4003188000.0,2128680000.0,173118000.0,6089319600.0,0.20584164146146083
ＵＡＣＪ,5741,非鉄金属,プライム（内国株式）,JP,2025-03-31,東京都,500657881088.0,1.5223415,4.9565296,27.471436,14.401163625872691,0.3976,0.015396459,100.65,557.85,71.84778100373289,998781000000.0,55688000000.0,0.09246001,27979000000.0,0.02535,0.09786,0.2996084560301689,650418000000.0,384333000000.0,479545000000.0,349553000000.0,26329000000.0,10660000000.0,-163411000000.0,-0.32639254503471493
エヌアイシ・オートテック,5742,非鉄金属,スタンダード（内国株式）,JP,2025-03-31,富山県,4467814400.0,1.0852116,4.2597404,23.42188,-7.113164794623081,1.1698,0.05,35.01,192.5,-110.07379205565367,6647358000.0,231618000.0,-0.07273,212061000.0,-0.04203,-0.059359998,0.46470912852468743,3944969000.0,2654442000.0,3747297000.0,1893619000.0,598750000.0,245453000.0,-25854900.0,-0.005786923467546011
日本伸銅,5753,非鉄金属,スタンダード（内国株式）,JP,2025-03-31,大阪府,6338348032.0,1.4527572,,8.795184,7.43409203149876,0.044499997,0.0,337.23,,259.5411779615402,26122000000.0,1835000000.0,-0.0055400003,964000000.0,-0.02103,-0.06956,0.7227752822629598,4567000000.0,4096000000.0,13362000000.0,1500000000.0,187000000.0,533000000.0,9168100000.0,1.4464494460881
ＣＫサンエツ,5757,非鉄金属,プライム（内国株式）,JP,2025-03-31,富山県,39901351936.0,0.75764775,,9.225128,8.176857998771553,0.17559999,0.019607844,512.73,,458.1189240701807,125108000000.0,10263000000.0,0.11078,5207000000.0,0.011519999,0.0345,0.6009083069847657,27938000000.0,25021000000.0,62961000000.0,10575000000.0,3696000000.0,1759000000.0,36254300000.0,0.9085982865480421
古河電気工業,5801,非鉄金属,プライム（内国株式）,JP,2025-03-31,東京都,1976784257024.0,5.2340174,94.753174,56.497177,33.67897970794134,0.24069999,0.004284949,497.37,296.56,92.40000056791641,1201762000000.0,47098000000.0,0.04665,33366000000.0,0.041389998,0.14886,0.34593056242249365,613681000000.0,394461000000.0,556437000000.0,318628000000.0,59967000000.0,98794000000.0,11911800000.0,0.006025847260607448
住友電気工業,5802,非鉄金属,プライム（内国株式）,JP,2025-03-31,大阪府,8091653373952.0,3.2531354,46.93933,37.45352,11.572970144996635,0.4009,0.010839844,277.01,221.03,191.98000001359168,4679789000000.0,320663000000.0,0.08986,193771000000.0,0.05224,0.110249996,0.5156653110829382,1911192000000.0,1286843000000.0,2320091000000.0,756562000000.0,295903000000.0,604733000000.0,832212100000.0,0.10284821426965597
フジクラ,5803,非鉄金属,プライム（内国株式）,JP,2025-03-31,東京都,7385271238656.0,14.566295,88.380005,57.14255,11.759640333477591,0.344,0.005880211,468.39,302.84,184.95581959456274,979375000000.0,135519000000.0,0.1758,91123000000.0,0.0,0.31145,0.49077509884897996,394977000000.0,281102000000.0,561343000000.0,163366000000.0,184991000000.0,34348000000.0,190409600000.0,0.025782343511414684
ＳＷＣＣ,5805,非鉄金属,プライム（内国株式）,JP,2025-03-31,神奈川県,457532768256.0,4.9782825,35.867672,30.211185,12.29504646268618,0.3441,0.0054499367,511.4,430.75,297.12000350169944,237862000000.0,20939000000.0,0.10989001,11400000000.0,0.06269,0.19093001,0.42314131517852177,112090000000.0,98075000000.0,110518000000.0,54164000000.0,19449000000.0,6207000000.0,2772900000.0,0.006060549522102205
オーナンバ,5816,非鉄金属,スタンダード（内国株式）,JP,2024-12-31,大阪府,21119488000.0,0.7609254,,13.946564,4.304180610064264,0.32990003,0.0,124.26,,228.42000342833015,,,0.07148,,0.03407,0.05481,0.6553181674653831,13293378000.0,10296297000.0,28121092000.0,2615968000.0,7339728000.0,,14827714000.0,0.702086811953017
ＪＭＡＣＳ,5817,非鉄金属,スタンダード（内国株式）,JP,2025-02-28,兵庫県,9850784768.0,1.8442702,,44.050316,36.68414214902453,0.2516,0.0068917987,39.75,,15.270102023541916,5200678000.0,67536000.0,0.06385,116326000.0,0.01286,0.01284,0.5098714264081726,5036324000.0,2593518000.0,5498572000.0,3568696000.0,1746664000.0,213933000.0,612001100.0,0.062127141584502846
カナレ電気,5819,非鉄金属,スタンダード（内国株式）,JP,2024-12-31,愛知県,14619851776.0,0.7675223,,12.165546,9.089708295222085,0.3756,0.0,175.66,,152.63655420702247,,,0.0691,,0.09151,0.064840004,0.9153703238723815,1660984000.0,1505830000.0,16497597000.0,,11475228000.0,735499000.0,15351462300.0,1.0500422668580687
三ッ星,5820,非鉄金属,スタンダード（内国株式）,JP,2025-03-31,大阪府,3555811840.0,0.51922804,,19.343956,52.40006087316188,0.31870002,0.016346155,53.35,,35.925915165601396,10876358000.0,118376000.0,0.06396,168237000.0,0.020739999,0.03452,0.5207143793999801,6087908000.0,3462386000.0,7991076000.0,3399450000.0,2039859000.0,466748000.0,2229891600.0,0.6271118102807149
平河ヒューテック,5821,非鉄金属,プライム（内国株式）,JP,2025-03-31,東京都,65144479744.0,1.5063701,29.431438,22.988506,13.188084930833135,0.2401,0.010611303,191.4,149.5,97.90048212597542,30802000000.0,2268000000.0,0.13134,2026000000.0,0.09399,0.080860004,0.8219335116545663,8388000000.0,4700000000.0,30099000000.0,2949000000.0,13778000000.0,2183000000.0,23239100000.0,0.3567316845774701
いよぎんホールディングス,5830,銀行業,プライム（内国株式）,JP,2025-03-31,愛媛県,985185255424.0,1.1312677,23.750875,15.037661,8.686289049151998,0.24360001,0.016891891,225.7,142.9,128.83999981573766,170454000000.0,,0.57031,53321000000.0,0.34435,0.08351,0.08720584551465861,8398864000000.0,,,696514000000.0,1120284000000.0,1853196000000.0,,
しずおかフィナンシャルグループ,5831,銀行業,プライム（内国株式）,JP,2025-03-31,静岡県,1678968750080.0,1.352186,25.137922,19.802229,12.984085276505574,0.4661,0.024576552,158.77,125.07,104.14999991687473,221213000000.0,,0.35810003,74618000000.0,0.0,0.07481,0.07425729059900689,14547910000000.0,,,1375885000000.0,993913000000.0,3320412000000.0,,
ちゅうぎんフィナンシャルグループ,5832,銀行業,プライム（内国株式）,JP,,,570996031488.0,0.93507487,21.600538,19.011541,,0.4293,0.022928527,168.95,148.7,,,,0.41908002,,0.26563,0.06578,,,,,,,,,
ＳＢＩリーシングサービス,5834,証券、商品先物取引業,グロース（内国株式）,JP,2025-03-31,,51801546752.0,1.893788,,9.017083,7.928014382184619,0.3032,0.026687598,725.29,,441.200017970549,41916000000.0,6729000000.0,0.11522,4388000000.0,0.106400006,0.25305,0.23795343032984487,80607000000.0,70806000000.0,94742000000.0,72402000000.0,8936000000.0,,14135000000.0,0.2728683000079387
楽天銀行,5838,銀行業,プライム（内国株式）,JP,2025-03-31,東京都,1110334111744.0,3.1361575,21.251795,17.761837,15.085559854512718,0.0,0.0,358.24,299.41,199.86000049564538,123549000000.0,,0.52104,50779000000.0,0.36905,0.19795999,0.02049300955837349,14429525000000.0,,,2769259000000.0,4241858000000.0,4710829000000.0,,
インテグラル,5842,証券、商品先物取引業,グロース（内国株式）,JP,2024-12-31,東京都,111072780288.0,1.7835151,,19.011187,10.36326168614746,0.2146,0.0,172.53,,243.91616909786313,21821000000.0,26015000000.0,0.74167997,18106000000.0,0.44522998,0.101169996,0.7289563567362429,21417000000.0,8195000000.0,33070000000.0,3412000000.0,22137000000.0,260000000.0,11835000000.0,0.10655175794927518
ニッポンインシュア,5843,その他金融業,スタンダード（内国株式）,JP,2025-09-30,福岡県,7730963968.0,2.9370592,,14.577133,8.431979552866409,0.1028,0.0,184.81,,99.81001531421943,3741715000.0,,0.23569,528467000.0,0.14914,0.24744,0.4674363644641923,2842329000.0,,,494915000.0,2759797000.0,20000000.0,,
京都フィナンシャルグループ,5844,銀行業,プライム（内国株式）,JP,2025-03-31,京都府,1101299318784.0,0.9328482,27.872034,26.525724,24.63187436930478,0.4793,0.008479367,146.16,139.1,106.46999999848246,131089000000.0,,0.38535,36552000000.0,0.27371,0.03783,0.08905291773633064,11077950000000.0,,,505350000000.0,1341005000000.0,3319869000000.0,,
全保連,5845,その他金融業,スタンダード（内国株式）,JP,2025-03-31,沖縄県,27721752576.0,3.6277103,,15.060498,12.12935016056659,0.49830002,0.0,70.25,,67.28999898233721,25658000000.0,2549000000.0,0.1429,1621000000.0,0.05866,0.21017,0.3159212722959318,15571000000.0,15485000000.0,16677000000.0,1322000000.0,7768000000.0,,1106000000.0,0.039896467475058386
リョービ,5851,非鉄金属,プライム（内国株式）,JP,2024-12-31,広島県,96223649792.0,0.5361664,10.3066435,8.733687,7.81968671875,0.2887,0.03327787,346.36,293.5,312.5,293314000000.0,9495000000.0,0.05716,6935000000.0,0.036170002,0.06385,0.5022750055524542,156211000000.0,115046000000.0,161058000000.0,61964000000.0,29267000000.0,19206000000.0,18291200000.0,0.19009048232465534
アーレスティ,5852,非鉄金属,プライム（内国株式）,JP,2025-03-31,東京都,23519160320.0,0.44347924,7.390282,12.546567,-2.586404460090222,0.45259997,0.03736264,75.16,127.6,-300.53270681170517,162929000000.0,3376000000.0,0.033239998,-2892000000.0,0.0136899995,0.044310004,0.38769818187241784,82106000000.0,63669000000.0,64114000000.0,40142000000.0,13546000000.0,1460000000.0,-16970000000.0,-0.7215393648883465
エルアイイーエイチ,5856,小売業,スタンダード（内国株式）,JP,2025-03-31,,2178988032.0,0.87650096,,,-2.447558108875924,0.0,0.0,-30.66,,-17.9771012751185,10311719000.0,-1649271000.0,-0.124230005,194942000.0,-0.31131,-0.76822,0.4725797052132822,3273481000.0,2659749000.0,5348661000.0,1344341000.0,1829499000.0,4419000.0,2078273300.0,0.953779125667084
ＡＲＥホールディングス,5857,非鉄金属,プライム（内国株式）,JP,2025-03-31,兵庫県,349046013952.0,2.1695104,25.475391,20.789593,6.238713755025927,0.45630002,0.022857143,219.1,178.8,287.010001179331,506211000000.0,18053000000.0,0.08767,14319000000.0,0.043449998,0.15116,0.2577376810322486,363689000000.0,311251000000.0,419630000000.0,289862000000.0,17555000000.0,589000000.0,56353300000.0,0.16144948730957168
ＳＴＧ,5858,非鉄金属,グロース（内国株式）,JP,2025-03-31,大阪府,3418661376.0,1.149583,,11.614394,10.154976618352748,0.122600004,0.010429082,142.84,,115.88002172315154,6426069000.0,485124000.0,0.06413,389156000.0,0.04024,0.10423,0.36431705321158064,4228952000.0,2485708000.0,3967420000.0,2961736000.0,1064582000.0,66306000.0,-215117800.0,-0.06292457085986629
エスネットワークス,5867,サービス業,グロース（内国株式）,JP,2024-12-31,東京都,3672843008.0,2.122396,,11.58753,29.98939313065378,0.4316,0.0,104.25,,46.42828052455812,2950803000.0,302095000.0,0.0917,301663000.0,0.06349,0.13262999,0.659165676638236,710003000.0,655794000.0,1798207000.0,277062000.0,1260249000.0,127606000.0,1177528200.0,0.3206040109623983
ロココ,5868,サービス業,スタンダード（内国株式）,JP,2024-12-31,大阪府,4378402304.0,1.479793,,9.615385,9.63287706225447,0.16370001,0.0,122.2,,106.00999128083026,7803013000.0,426985000.0,0.04514,278018000.0,0.0345,0.11107001,0.6334792092297983,1591279000.0,1135769000.0,3442592000.0,574796000.0,1927316000.0,292551000.0,2056098700.0,0.4696002233786509
早稲田学習研究会,5869,サービス業,スタンダード（内国株式）,JP,2025-03-31,東京都,13599893504.0,1.8553767,,13.31495,9.684820988115835,0.3449,0.0,101.54,,106.23125504736043,6986676000.0,1492867000.0,0.32217,1038819000.0,0.14189,0.14295,0.7530647324136613,2300002000.0,1409630000.0,4419070000.0,,3769356000.0,524590000.0,2486281000.0,0.18281621097023554
ナルネットコミュニケーションズ,5870,サービス業,グロース（内国株式）,JP,2025-03-31,,5508059136.0,2.1985505,,14.06399,15.185636844980655,,0.0,,,57.664734719656025,8542662000.0,442130000.0,,238333000.0,,,0.34576412166181025,6487454000.0,4836714000.0,4646635000.0,1715696000.0,859483000.0,,-1840819000.0,-0.33420465440696384
ＳＯＬＩＺＥ　Ｈｏｌｄｉｎｇｓ,5871,サービス業,スタンダード（内国株式）,JP,2024-12-31,東京都,7470744064.0,0.6643272,,,,0.9804,0.0,-3.38,,,22713000000.0,456000000.0,0.09234,254000000.0,-0.0014,-0.00316,0.7428793371310202,3972000000.0,3762000000.0,12567000000.0,,7238000000.0,,8595000000.0,1.1504878130436245
クラダシ,5884,小売業,グロース（内国株式）,JP,2024-06-30,東京都,5583506432.0,3.6589246,,117.64706,283.92857862631706,0.0,0.0,3.91,,1.119999971607384,,,0.03778,,0.01311,,0.7173932175142252,411038000.0,316841000.0,1279642000.0,130780000.0,982345000.0,,868604000.0,0.15556604269709204
ジーデップ・アドバンス,5885,卸売業,スタンダード（内国株式）,JP,2025-05-31,宮城県,16193459200.0,5.077678,,25.70761,32.80858173756018,0.199,0.0,115.53,,78.599996036373,6630931000.0,839910000.0,0.20902,536804000.0,0.11193,0.21959,0.6188262001289766,1756673000.0,1027257000.0,4391214000.0,,3334112000.0,,2634541000.0,0.1626916749202048
ＤＡＩＷＡ　ＣＹＣＬＥ,5888,小売業,グロース（内国株式）,JP,2025-01-31,大阪府,11462324224.0,1.8523892,13.420122,12.195122,8.853614394731531,0.1929,0.0,342.35,311.1,226.05995050190205,18349324000.0,1375811000.0,0.07944,898245000.0,0.047259998,0.16555999,0.6436757503120238,3061642000.0,2981103000.0,6126742000.0,,2220340000.0,,3065100000.0,0.2674064997727288
Ｊａｐａｎ　Ｅｙｅｗｅａｒ　Ｈｏｌｄｉｎｇｓ,5889,小売業,プライム（内国株式）,JP,2025-01-31,福井県,48212189184.0,2.8343441,14.2816305,12.063032,12.721932988188748,0.5191,0.04242723,165.63,139.9,108.03040639313907,16666000000.0,5328000000.0,0.31929,3994000000.0,0.23465,0.26508,0.4712383111362992,69000000.0,69000000.0,1170000000.0,12900000000.0,605000000.0,,1101000000.0,0.022836548570695992
魁力屋,5891,小売業,スタンダード（内国株式）,JP,2024-12-31,京都府,9059624960.0,1.7564063,,17.064083,23.005484651974015,0.1917,0.0,93.94,,85.33999581263875,12272583000.0,860266000.0,0.07132,535590000.0,0.020179998,0.058790002,0.6142180487117909,3103708000.0,2235194000.0,4268783000.0,669432000.0,3401833000.0,,1165075000.0,0.12860079806217498
ｙｕｔｏｒｉ,5892,小売業,グロース（内国株式）,JP,2025-03-31,東京都,12015865856.0,8.325113,,28.90345,59.03286634789718,0.0,0.0,80.89,,47.76999956906974,8306109000.0,671476000.0,0.108009994,423973000.0,0.02722,,0.1591888688025537,4470349000.0,2507449000.0,3873137000.0,3024559000.0,983419000.0,,-597212000.0,-0.04970195299756849
ダイケン,5900,金属製品,スタンダード（内国株式）,JP,2025-02-28,大阪府,4545729536.0,0.34058055,,27.395903,12.836157720343387,0.56200004,0.0,30.26,,59.95260996263106,11024531000.0,295308000.0,0.02168,246189000.0,0.01517,0.01282,0.8368518140781178,2574658000.0,2303531000.0,9885120000.0,,3593026000.0,1216792000.0,8162216400.0,1.7955789792065622
東洋製罐グループホールディングス,5901,金属製品,プライム（内国株式）,JP,2025-03-31,東京都,613516312576.0,0.92177016,-39.04306,14.347,17.314064041408063,0.3623,0.011417225,284.38,-104.5,130.14698834580318,922516000000.0,34204000000.0,0.04572,22394000000.0,0.04815,0.06928,0.5550588166758904,506797000000.0,282472000000.0,594327000000.0,226292000000.0,119839000000.0,167035000000.0,204454500000.0,0.3332503077897753
ホッカンホールディングス,5902,金属製品,プライム（内国株式）,JP,2025-03-31,,31030032384.0,0.5245813,6.663141,8.912783,7.855662202622532,0.35369998,0.040816326,282.74,378.2,222.15867309420705,92419000000.0,4504000000.0,-0.026689999,3262000000.0,0.03513,0.05069,0.43445961775352737,70098000000.0,33772000000.0,51675000000.0,43100000000.0,13374000000.0,11920000000.0,-10079000000.0,-0.32481435646831713
シンポ,5903,金属製品,スタンダード（内国株式）,JP,2025-06-30,愛知県,6798806016.0,0.9752072,11.6603775,14.749403,11.669840878648513,0.5014,0.03387097,83.8,106.0,116.78468084956083,7368800000.0,976345000.0,0.09398,586465000.0,0.0669,0.067,0.7956553736053612,1777636000.0,1029863000.0,3663921000.0,566724000.0,2277044000.0,446353000.0,2198732100.0,0.3233997403111082
日本製罐,5905,金属製品,スタンダード（内国株式）,JP,2025-03-31,,1786428544.0,0.44979674,,,9.723771969460516,1.6714,0.015186029,-217.14,,195.4999765886408,11259429000.0,-540732000.0,-0.023629999,-335325000.0,0.03664,0.08821,0.3157461561235917,7946675000.0,5101771000.0,7084268000.0,3112162000.0,1901368000.0,1663686000.0,302173200.0,0.1691493348641881
エムケー精工,5906,金属製品,スタンダード（内国株式）,JP,2025-03-31,長野県,14009316352.0,0.7469025,,9.008686,8.651635927696166,0.089499995,0.010362694,111.67,,48.674488403819915,28268214000.0,1993435000.0,0.16099001,1334649000.0,0.07119,0.114630006,0.6349707079545384,9594715000.0,7081761000.0,16843687000.0,4286102000.0,5147602000.0,2419849000.0,8942866300.0,0.6383513709948664
コロナ,5909,金属製品,スタンダード（内国株式）,JP,2025-03-31,新潟県,32432527360.0,0.4183611,,46.07395,20.565767595204562,1.1638,0.013011153,24.07,,44.73592445451973,85214000000.0,1344000000.0,0.07879,1103000000.0,0.00858,0.009509999,0.7461898147242384,25946000000.0,22691000000.0,52536000000.0,,3544000000.0,22664000000.0,42454800000.0,1.3090191685881616
横河ブリッジホールディングス,5911,金属製品,プライム（内国株式）,JP,2025-03-31,東京都,126334427136.0,0.95770323,9.912609,10.526316,10.007999936123595,0.377,0.036392406,304.95,323.83,273.36000026934744,159368000000.0,16677000000.0,0.11509,12859000000.0,0.080520004,0.093760006,0.5971394076205366,87090000000.0,55497000000.0,154494000000.0,34500000000.0,16832000000.0,10468000000.0,74731600000.0,0.591537886339967
駒井ハルテック,5915,金属製品,スタンダード（内国株式）,JP,2025-03-31,,10135892992.0,0.30281547,,6.447476,14.694850162910157,0.2041,0.031347964,343.08,,133.95057759489058,40553000000.0,288000000.0,-0.00611,1274000000.0,0.01554,0.01597,0.45907622179908836,37499000000.0,19913000000.0,43863000000.0,19354000000.0,10317000000.0,7519000000.0,11627300000.0,1.1471411556117581
瀧上工業,5918,金属製品,スタンダード（内国株式）,JP,2025-03-31,愛知県,15170194432.0,0.31856322,,26.737967,17.789168632295002,0.36380002,0.013717421,274.89,,449.1137291698456,23840000000.0,-390000000.0,0.0467,200000000.0,0.03892,0.01962,0.6741511756548296,20912000000.0,12374000000.0,25693000000.0,4697000000.0,6860000000.0,21228000000.0,19640600000.0,1.294683472122818
川岸工業,5921,金属製品,スタンダード（内国株式）,JP,2025-09-30,東京都,12209188864.0,0.4246474,,8.539628,7.2598211436504805,0.3071,0.0,521.1,,498.19611608874567,24219601000.0,1873091000.0,-0.011410001,1447253000.0,0.042859998,0.03625,0.8275077566791431,6035866000.0,5469327000.0,25897119000.0,1663000.0,3176478000.0,1937003000.0,21217155100.0,1.7378021862337538
那須電機鉄工,5922,金属製品,スタンダード（内国株式）,JP,2025-03-31,東京都,23743873024.0,0.73743445,,11.77859,6.828302498272622,0.2604,0.022522522,1728.56,,1586.7848382143259,22939871000.0,2784705000.0,0.16424999,1885168000.0,0.09394,0.07556,0.6606453760863455,14499946000.0,5931862000.0,17953611000.0,5039245000.0,7423599000.0,5294896000.0,7160092200.0,0.3015553609456499
高田機工,5923,金属製品,スタンダード（内国株式）,JP,2025-03-31,東京都,7585754112.0,0.52499646,,,7.6856920148967385,0.8801,0.011450382,-57.38,,147.5843793556877,18455160000.0,235340000.0,0.05179,343687000.0,0.066360004,0.07964,0.6579599800098255,10647464000.0,7067646000.0,17467664000.0,6400000000.0,2288699000.0,5023884000.0,10336918800.0,1.3626751734079936
アルメタックス,5928,金属製品,スタンダード（内国株式）,JP,2025-03-31,大阪府,3426492160.0,0.49151793,,41.340076,38.7374946283734,1.0101,0.022364218,7.91,,7.487983080176889,8296000000.0,-214589000.0,0.09563,27798000.0,0.03176,0.04772,0.8175817698430404,2049967000.0,1134590000.0,5388475000.0,,1880895000.0,1631631000.0,4480649700.0,1.307649190710537
三和ホールディングス,5929,金属製品,プライム（内国株式）,JP,2025-03-31,東京都,871380680704.0,2.7748876,17.985641,14.792815,12.95331805968721,0.4328,0.029533805,279.46,229.85,195.5599999346746,662380000000.0,80515000000.0,0.10055,57512000000.0,0.08884,0.19187,0.6025730954772553,210419000000.0,148676000000.0,362699000000.0,56985000000.0,125495000000.0,33426000000.0,175678200000.0,0.20160901416596388
文化シヤッター,5930,金属製品,プライム（内国株式）,JP,2025-03-31,東京都,152155078656.0,1.3621049,28.454426,11.173358,10.220429548965791,0.41,0.037780967,192.78,75.7,157.1100002950081,228419000000.0,14727000000.0,0.07289,13158000000.0,0.057490002,0.12384,0.5526680391449005,91533000000.0,55554000000.0,117344000000.0,21346000000.0,40109000000.0,19269000000.0,39299300000.0,0.2582845104293224
三協立山,5932,金属製品,プライム（内国株式）,JP,2025-05-31,富山県,22721134592.0,0.24521104,9.096613,,-24.64856058880298,1.3699001,0.035971224,-143.33,79.7,-32.50709796790761,359424000000.0,1545000000.0,0.016,-2336000000.0,-0.012619999,-0.04409,0.30367377368915044,205650000000.0,122009000000.0,147710000000.0,89370000000.0,21509000000.0,15447000000.0,-47127100000.0,-2.07415258288172
アルインコ,5933,金属製品,プライム（内国株式）,JP,2025-03-31,大阪府,23648331776.0,0.72871894,14.028436,12.739402,9.616119680644566,0.4733,0.03789836,92.94,84.4,101.06210078726008,61601117000.0,2196071000.0,0.052950002,1959988000.0,0.0,0.05683,0.45136833690578626,38888989000.0,21739856000.0,43194051000.0,25947420000.0,6936327000.0,1654079000.0,5462917300.0,0.231006455412815
東洋シヤッター,5936,金属製品,スタンダード（内国株式）,JP,2025-03-31,大阪府,6288138752.0,0.6430164,13.985915,8.396043,4.449224869972764,0.3214,0.0392562,118.27,71.0,151.50158868787295,20871090000.0,1301165000.0,0.08189,792635000.0,0.035469998,0.07997,0.5071325617702894,9226440000.0,5998505000.0,11414836000.0,4632774000.0,3799282000.0,169844000.0,2307286800.0,0.3669268269988709
ＬＩＸＩＬ,5938,金属製品,プライム（内国株式）,JP,2025-03-31,,527466037248.0,0.7897922,22.820543,56.496307,-35.66089966232766,2.7641,0.049944505,32.48,80.41,-48.43000006731032,1504697000000.0,29687000000.0,0.0473,2001000000.0,0.00634,0.01543,0.3374943467460198,1210734000000.0,571783000000.0,701241000000.0,657800000000.0,123527000000.0,60994000000.0,-466797200000.0,-0.8849805808075655
大谷工業,5939,金属製品,スタンダード（内国株式）,JP,2025-03-31,東京都,7152790016.0,1.6499277,,25.252386,17.638550479248288,0.0825,0.0,363.53,,429.3803219989861,7899421000.0,473258000.0,0.08101,369163000.0,0.035380002,0.06471,0.53898737216101,3487283000.0,2447281000.0,5754258000.0,478523000.0,1910888000.0,137865000.0,2363480500.0,0.3304277763939883
不二サッシ,5940,金属製品,スタンダード（内国株式）,JP,2025-03-31,東京都,13645813760.0,0.56516856,,6.131354,6.674283912970276,0.1417,0.024061598,176.47,,135.83769218576637,104754000000.0,2476000000.0,0.02202,2225000000.0,0.02823,0.13073,0.27725838217497567,60696000000.0,35986000000.0,47839000000.0,24407000000.0,13373000000.0,3799000000.0,-10197700000.0,-0.7473134383449185
中西製作所,5941,金属製品,スタンダード（内国株式）,JP,2025-03-31,大阪府,16493889536.0,2.3771713,,9.633738,8.294371506074055,0.3134,0.003709199,277.67,,241.42320293769632,39931992000.0,2631286000.0,-0.0431,1807390000.0,0.01979,0.05785,0.6711693922277281,10018321000.0,8739980000.0,15631859000.0,1857592000.0,2996532000.0,3448020000.0,8027152000.0,0.48667429125675454
日本フイルコン,5942,金属製品,スタンダード（内国株式）,JP,2024-11-30,東京都,11068241920.0,0.50298995,,31.25,6.706965289918731,1.5752001,0.048780486,18.4,,62.55745036045108,28639102000.0,924942000.0,0.014880001,622693000.0,-0.026080001,-0.02925,0.5281117592013038,19960296000.0,14024036000.0,21441266000.0,11030483000.0,4895842000.0,2866104000.0,3487242800.0,0.3150674538201637
ノーリツ,5943,金属製品,プライム（内国株式）,JP,2024-12-31,兵庫県,111121924096.0,0.79067105,35.072796,33.11105,73.91284822060074,1.0075,0.0,73.48,69.37,18.819999883784334,202204000000.0,2396000000.0,0.058730002,4383000000.0,0.016619999,0.02562,0.5901987335040466,86832000000.0,68616000000.0,126267000000.0,3789000000.0,29022000000.0,35952000000.0,64601400000.0,0.581356024254852
天龍製鋸,5945,金属製品,スタンダード（内国株式）,JP,2025-03-31,静岡県,23151302656.0,0.6224072,,14.163935,12.254146922101276,0.44779998,0.03229618,183.0,,132.5581631554903,13131261000.0,1826997000.0,0.13151,1506382000.0,0.118090004,0.04343,0.9190384488050274,3239007000.0,1407411000.0,20398926000.0,,9754993000.0,9227377000.0,23619082900.0,1.020205353061581
長府製作所,5946,金属製品,プライム（内国株式）,JP,2024-12-31,山口県,73276424192.0,0.5320109,17.563162,33.671875,16.48807153331961,0.71919996,0.021677662,64.0,122.7,117.07292504126323,46123000000.0,1746000000.0,0.07067,3139000000.0,0.04675,0.01593,0.9440737121317884,8012000000.0,6478000000.0,32840000000.0,,4156000000.0,85623000000.0,84764100000.0,1.1567717848499242
リンナイ,5947,金属製品,プライム（内国株式）,JP,2025-03-31,愛知県,562386305024.0,1.374355,17.846033,17.152363,18.083392314514594,0.379,0.02244389,237.46,228.23,184.7500004520545,460319000000.0,46011000000.0,0.11663,29691000000.0,0.0735,0.09237,0.6690625896410402,144870000000.0,108605000000.0,362482000000.0,,264760000000.0,35919000000.0,242755300000.0,0.43165222522557756
ユニプレス,5949,輸送用機器,プライム（内国株式）,JP,2025-03-31,神奈川県,65911574528.0,0.49163017,8.920812,,9.091529186665458,0.41,0.020435967,-425.22,165.68,118.03847807348806,330045000000.0,12198000000.0,0.0040700003,-21053000000.0,-0.06574,-0.11286,0.44814757506239783,143766000000.0,111521000000.0,157862000000.0,58752000000.0,51267000000.0,8309000000.0,19912300000.0,0.3021062710547299
日本パワーファスニング,5950,金属製品,スタンダード（内国株式）,JP,2024-12-31,大阪府,2712722176.0,1.1794429,,28.485756,-13.885558874784346,0.7496,0.0,6.67,,-6.827697562576315,5040565000.0,-93877000.0,0.026819998,509347000.0,-0.00592,-0.01429,0.39476326054821836,3481680000.0,2939275000.0,4477924000.0,2016670000.0,1620089000.0,176791000.0,1119997700.0,0.4128685605584108
ダイニチ工業,5951,金属製品,スタンダード（内国株式）,JP,2025-03-31,,16961883136.0,0.5656411,,14.598133,12.372736556596129,0.3067,0.0,71.79,,54.88016981488097,19902665000.0,1381528000.0,0.19882,1161135000.0,0.08066,0.05722,0.8755751220064504,3970448000.0,3055107000.0,21580965000.0,4106000.0,6568324000.0,2896987000.0,19638407900.0,1.1577964393776141
アマテイ,5952,金属製品,スタンダード（内国株式）,JP,2025-03-31,兵庫県,2465423104.0,1.5854867,,15.01805,12.638854849404082,0.36099997,0.024271844,13.85,,11.244453816954872,5583425000.0,239158000.0,0.034879997,142008000.0,0.02628,0.094510004,0.283799695539912,3746842000.0,2691522000.0,3371136000.0,2091397000.0,697563000.0,226000.0,-375547800.0,-0.15232590275912333
ワイズホールディングス,5955,金属製品,スタンダード（内国株式）,JP,2025-03-31,京都府,19660986368.0,1.6562262,,60.493824,46.11950543447311,0.4115,0.007142857,2.43,,1.8200000023690397,11802650000.0,446397000.0,0.05367,260929000.0,0.02826,0.029679999,0.653780971152555,5599639000.0,3066211000.0,8829881000.0,1992587000.0,3435718000.0,261983000.0,3413630100.0,0.17362455962819778
トーソー,5956,金属製品,スタンダード（内国株式）,JP,2025-03-31,東京都,5965127680.0,0.39262652,,8.402838,16.027676201487512,0.1432,0.009516837,80.33,,32.79416499340798,22789773000.0,746756000.0,0.06162,500150000.0,0.030369999,0.047909997,0.661953289669582,7424353000.0,6198617000.0,16491957000.0,1972004000.0,3948850000.0,1000493000.0,9767949100.0,1.6375088051761535
日東精工,5957,金属製品,プライム（内国株式）,JP,2024-12-31,京都府,29441003520.0,0.81082815,10.685112,14.305875,10.469241366699718,0.3527,0.029336736,56.69,75.9,46.948621371746356,47069948000.0,3326680000.0,0.07179,2199514000.0,0.04284,0.06003,0.615136089854994,17012627000.0,13200133000.0,36504856000.0,1560593000.0,10580372000.0,759917000.0,20024170900.0,0.6801456644097436
三洋工業,5958,金属製品,スタンダード（内国株式）,JP,2025-03-31,東京都,14721141760.0,0.7270292,,10.940919,5.639795714106066,0.3232,0.020833334,479.85,,556.3562502547968,29516000000.0,2061000000.0,0.09048,1588000000.0,0.05173,0.07421,0.7014216424151196,8926000000.0,8057000000.0,20362000000.0,665000000.0,9646000000.0,1027000000.0,12154900000.0,0.8256764453574558
岡部,5959,金属製品,プライム（内国株式）,JP,2024-12-31,,47393353728.0,0.76592255,12.38379,14.472768,-5.559710134595848,0.4319,0.03063241,71.79,83.9,-118.21037017322507,67806000000.0,4194000000.0,0.05899,-874000000.0,0.04709,0.0541,0.6842044762222248,27454000000.0,18329000000.0,48824000000.0,6130000000.0,11477000000.0,8344000000.0,27210800000.0,0.5741480156936827
浅香工業,5962,その他製品,スタンダード（内国株式）,JP,2025-03-31,大阪府,1988444032.0,0.44144976,,16.286388,5.098795593101941,0.39349997,0.0,127.1,,314.9492198723314,8448237000.0,304722000.0,0.06388,227649000.0,0.025109999,0.047659997,0.6169368970838548,2622052000.0,2008217000.0,4538608000.0,1066209000.0,1174863000.0,1569285000.0,3015055500.0,1.5162888426723393
フジマック,5965,金属製品,スタンダード（内国株式）,JP,2024-12-31,東京都,15596421120.0,0.592907,,6.949311,5.700347292320625,0.2629,0.0,171.24,,127.74178642899456,45637423000.0,3178935000.0,0.07509,2266289000.0,0.049390003,0.093760006,0.5345700954689184,21100214000.0,14966839000.0,24771395000.0,5027928000.0,9543924000.0,3552057000.0,6157620900.0,0.39480986391831924
京都機械工具,5966,金属製品,スタンダード（内国株式）,JP,2025-03-31,京都府,6222101504.0,0.502918,,13.946813,11.217452431400558,0.43330002,0.015588464,184.63,,238.5550331229722,9046157000.0,847176000.0,0.08543,544801000.0,0.06121,0.04363,0.7522569376125491,4035486000.0,2903739000.0,9557875000.0,900000000.0,3036153000.0,1722807000.0,6728353900.0,1.0813635707605453
ＴＯＮＥ,5967,金属製品,スタンダード（内国株式）,JP,2025-05-31,東京都,10378599424.0,0.8878179,,14.81596,12.394438881417095,0.2786,0.018867925,32.33,,42.675856761283896,7591635000.0,1002074000.0,0.15683,787047000.0,0.09475,0.06277,0.7775159019057789,3233118000.0,1377045000.0,8715492000.0,1803938000.0,1913048000.0,2293262000.0,7087657400.0,0.6829107773068244
ロブテックス,5969,金属製品,スタンダード（内国株式）,JP,2025-03-31,大阪府,2423885312.0,0.49508446,,81.2774,8.475181518689903,1.8714999,0.023255814,15.97,,149.86655299752385,5708563000.0,205824000.0,0.0107,77278000.0,-0.00178,-0.00204,0.5622742608052018,3769445000.0,2251715000.0,5757545000.0,2977885000.0,2287897000.0,657409000.0,2448286300.0,1.010066890491558
ジーテクト,5970,金属製品,プライム（内国株式）,JP,2025-03-31,埼玉県,88493629440.0,0.4134636,7.421903,7.3046613,6.387604143701374,0.3357,0.046477497,282.97,278.5,307.5200021554272,339233000000.0,16381000000.0,0.03726,12440000000.0,0.0,0.04644,0.6160598159222866,109032000000.0,77375000000.0,141416000000.0,49423000000.0,43002000000.0,10986000000.0,40074200000.0,0.45284841692667727
共和工業所,5971,金属製品,スタンダード（内国株式）,JP,2025-04-30,石川県,9969734656.0,0.61025494,,12.106462,5.74730997408049,0.1265,0.010484928,632.72,,1063.102905733092,10457791000.0,818493000.0,0.0714,708295000.0,0.077020004,0.0523,0.8625035244092958,2495833000.0,1607806000.0,12504607000.0,0.0,5269525000.0,2324741000.0,11636092700.0,1.1671416643969708
トーアミ,5973,金属製品,スタンダード（内国株式）,JP,2025-03-31,大阪府,3584728064.0,0.32603264,,28.089888,13.069563622123818,0.71970004,0.012882448,22.25,,41.3935290396645,18104665000.0,-111736000.0,0.015859999,-6437000.0,0.0068300003,0.012259999,0.5644015980192455,8293625000.0,6752902000.0,9645224000.0,4776744000.0,1789091000.0,622914000.0,1787638800.0,0.4986818436669008
中国工業,5974,金属製品,スタンダード（内国株式）,JP,2025-03-31,広島県,2813916160.0,0.49104947,,6.506151,9.478214004664745,0.15100001,0.022988506,132.49,,63.423645320197046,13843000000.0,415000000.0,0.05644,376000000.0,0.02984,0.06963,0.43248453691059524,6582000000.0,4198000000.0,6181000000.0,1528000000.0,512000000.0,2235000000.0,1163500000.0,0.41348069162089035
東プレ,5975,金属製品,プライム（内国株式）,JP,2025-03-31,東京都,148996997120.0,0.6348368,8.279555,8.156585,7.367614982991897,0.2164,0.027720029,369.64,364.15,326.70999935322925,373568000000.0,28648000000.0,0.0817,14143000000.0,0.04547,0.07433,0.5919086141756897,147831000000.0,108414000000.0,173927000000.0,50387000000.0,58427000000.0,19610000000.0,39823000000.0,0.26727384289447886
高周波熱錬,5976,金属製品,プライム（内国株式）,JP,2025-03-31,東京都,49135415296.0,0.86629564,19.320513,31.350115,24.356510863826884,1.2287,0.040383298,48.07,78.0,41.88781026419229,57563000000.0,1619000000.0,0.03931,1815000000.0,0.034560002,0.03625,0.7108404966571156,17432000000.0,11205000000.0,44785000000.0,7232000000.0,19143000000.0,9857000000.0,34252900000.0,0.6971122517975024
東京製綱,5981,金属製品,プライム（内国株式）,JP,2025-03-31,東京都,32268494848.0,0.8179386,9.417344,8.787457,10.422724742459884,0.375,0.044300646,237.27,221.4,128.07979320889544,62867000000.0,3585000000.0,0.08618,3247000000.0,0.066420004,0.11254,0.4198857718412709,50684000000.0,34771000000.0,40509000000.0,24396000000.0,5972000000.0,7177000000.0,-5151100000.0,-0.1596324843865243
マルゼン,5982,金属製品,スタンダード（内国株式）,JP,2025-02-28,,65019277312.0,1.2928978,14.75027,13.495299,10.642377970711108,0.4109,0.03037667,304.18,278.3,230.48228933631617,64253258000.0,6094414000.0,0.09472,4647183000.0,0.073520005,0.100109994,0.6863328980086731,22162007000.0,18950919000.0,50936324000.0,71998000.0,35847011000.0,3261025000.0,31057034500.0,0.4776588695529548
イワブチ,5983,金属製品,スタンダード（内国株式）,JP,2025-03-31,千葉県,14342680576.0,0.71980387,,16.44729,10.940200503566347,0.2805,0.008327025,837.22,,627.8704232224351,12642063000.0,878621000.0,0.13284999,699171000.0,0.07484,0.05248,0.755417252818536,5211700000.0,2807847000.0,12966330000.0,710825000.0,6114691000.0,2872489000.0,9765372300.0,0.6808610320960968
兼房,5984,金属製品,スタンダード（内国株式）,JP,2025-03-31,愛知県,12343162880.0,0.41055134,,9.920679,10.923514751670858,0.2792,0.020301623,89.51,,63.772374100719425,20231590000.0,747677000.0,0.08705,984449000.0,0.028499998,0.02005,0.7942955313418504,7913346000.0,3837031000.0,20233332000.0,3266990000.0,8061031000.0,658013000.0,12780595100.0,1.0354392325737503
サンコール,5985,金属製品,スタンダード（内国株式）,JP,2025-03-31,京都府,36743565312.0,1.1611366,,9.940179,-1.22362341759539,0.040999997,0.0,122.03,,-392.6755508291516,63940000000.0,3446000000.0,0.12287,-769000000.0,0.07012,0.13563,0.44189447444952223,33584000000.0,26368000000.0,34996000000.0,15576000000.0,9195000000.0,5898000000.0,5540600000.0,0.15079102838696243
モリテック　スチール,5986,金属製品,スタンダード（内国株式）,JP,2025-03-31,大阪府,5287408128.0,0.34571764,,14.576899,17.90328673559188,0.2472,0.016736401,16.19,,13.940147782723546,50498662000.0,396727000.0,0.0187,329370000.0,0.01202,0.039809998,0.39811048868619536,21914409000.0,18949595000.0,26362167000.0,6391454000.0,4869604000.0,2637164000.0,6293772800.0,1.190332323065945
オーネックス,5987,金属製品,スタンダード（内国株式）,JP,2024-06-30,東京都,3129136896.0,0.564289,,13.405206,-8.041161915052076,0.1418,0.010626992,140.99,,-227.96518710031205,,,0.097770005,,0.04479,0.0431,0.5937165300920002,3610525000.0,1750575000.0,4536735000.0,2373430000.0,2717562000.0,276603000.0,1119832100.0,0.35787251795582675
パイオラックス,5988,金属製品,プライム（内国株式）,JP,2025-03-31,神奈川県,43981545472.0,0.6916541,13.452914,54.347828,21.15363215174073,2.7744,0.05206565,33.12,133.8,117.88137009935669,63351000000.0,2383000000.0,0.022939999,1792000000.0,0.0,0.0070499997,0.8575817340514299,13685000000.0,12218000000.0,64398000000.0,614000000.0,34883000000.0,4546000000.0,53895200000.0,1.22540486973818
エイチワン,5989,金属製品,プライム（内国株式）,JP,2025-03-31,埼玉県,41714130944.0,0.5699024,11.261397,4.6904674,-0.839501072004619,0.2183,0.025783973,315.96,131.6,-774.6458720847046,228145000000.0,11861000000.0,0.04736,10728000000.0,0.04257,0.11841,0.358475136388587,112993000000.0,79020000000.0,86362000000.0,65344000000.0,19310000000.0,6982000000.0,-21743600000.0,-0.521252618907251
スーパーツール,5990,金属製品,スタンダード（内国株式）,JP,2025-03-31,,4727761920.0,0.46010038,,,14.86741944065475,0.4916,0.034912717,-112.65,,131.6682444061962,5241224000.0,377004000.0,0.03647,-238413000.0,0.036510002,0.01963,0.7693988461421833,3079924000.0,944799000.0,5384456000.0,1084899000.0,1028044000.0,421109000.0,2599308300.0,0.5497967841832442
日本発條,5991,金属製品,プライム（内国株式）,JP,2025-03-31,神奈川県,609807826944.0,1.4306009,15.858798,15.552341,8.191670111428502,0.341,0.022136508,193.54,189.8,173.2671297381185,801698000000.0,52161000000.0,0.0635,48167000000.0,0.0,,0.5854568170721199,273171000000.0,194317000000.0,390414000000.0,72287000000.0,97234000000.0,64962000000.0,162716400000.0,0.266832258968271
中央発條,5992,金属製品,スタンダード（内国株式）,JP,2025-03-31,愛知県,85398298624.0,1.0140024,46.88366,43.858513,12.793250455909803,0.66120005,0.0063253012,77.18,72.2,78.84036314264597,110157232000.0,4384469000.0,0.02036,1855455000.0,0.094890006,0.11903,0.5370605326721991,61862005000.0,25694797000.0,55983645000.0,24124610000.0,21653337000.0,31720071000.0,16325689700.0,0.1911711352925232
ファインシンター,5994,金属製品,スタンダード（内国株式）,JP,2025-03-31,愛知県,7525862400.0,0.42886242,,3.9951823,-8.151788079345293,0.045500003,0.005614823,440.03,,-135.6215614020053,42720389000.0,683302000.0,0.02247,-206537000.0,0.035380002,0.094849996,0.2947058832875259,30841252000.0,21421606000.0,21362837000.0,18264704000.0,4420749000.0,1508472000.0,-8422484600.0,-1.1191387979668617
協立エアテック,5997,金属製品,スタンダード（内国株式）,JP,2024-12-31,福岡県,3772900608.0,0.3836201,,8.103627,5.658047605959058,0.20729999,0.0,96.5,,101.63691937032347,11732058000.0,684712000.0,0.07964,498985000.0,0.03858,0.048860002,0.5842255144721971,6433219000.0,5575931000.0,9650043000.0,1950000000.0,4373605000.0,781016000.0,3763535200.0,0.9975177167455348
アドバネクス,5998,金属製品,スタンダード（内国株式）,JP,2025-03-31,東京都,9750325248.0,1.0101436,,14.326216,21.195524627920275,0.12060001,0.0092980005,165.78,,65.37000324336047,28532758000.0,1109300000.0,0.03393,-628784000.0,0.01101,0.03482,0.28392294431026305,20412330000.0,13945450000.0,14653876000.0,13960768000.0,4623849000.0,119478000.0,-5674819400.0,-0.5820133437255364
三浦工業,6005,機械,プライム（内国株式）,JP,2025-03-31,愛媛県,373172502528.0,1.6211219,13.589246,13.157894,16.233834122703808,0.2732,0.021392081,245.1,237.32,174.89000025789232,251341000000.0,25323000000.0,0.12144,23312000000.0,0.11163,0.13249,0.46441993575568963,233854000000.0,85609000000.0,179426000000.0,21196000000.0,55251000000.0,12930000000.0,-45377000000.0,-0.121597919708983
タクマ,6013,機械,プライム（内国株式）,JP,2025-03-31,兵庫県,228416946176.0,2.072474,24.458702,23.041475,16.194297491773224,0.5067,0.026467593,132.37,124.7,109.42999958310595,151161000000.0,13540000000.0,0.12324,10391000000.0,0.07192,0.10585,0.5695294863266621,81356000000.0,69515000000.0,136309000000.0,12086000000.0,39431000000.0,22102000000.0,70424400000.0,0.3083151280104084
ジャパンエンジンコーポレーション,6016,輸送用機器,スタンダード（内国株式）,JP,2025-03-31,兵庫県,126761197568.0,19.02181,,29.585567,11.97149393794078,0.1489,0.00048691902,511.06,,303.91998188063764,28862663000.0,5090935000.0,0.06992,4326113000.0,0.04163,0.08513,0.4211295538499817,19080044000.0,15057564000.0,22787936000.0,4735699000.0,7411720000.0,810450000.0,4275207000.0,0.03372646426527014
阪神内燃機工業,6018,輸送用機器,スタンダード（内国株式）,JP,2025-03-31,兵庫県,15882291200.0,1.0469334,,23.419205,15.974752731426985,0.50189996,0.0,209.23,,140.24997932060262,13337098000.0,611955000.0,0.061339997,536295000.0,0.054970004,0.055409998,0.5918532365148896,10203805000.0,6982423000.0,13025721000.0,,5469225000.0,1943997000.0,4182713900.0,0.2633570841466501
赤阪鐵工所,6022,機械,スタンダード（内国株式）,JP,2025-03-31,東京都,5039606784.0,0.71428806,,33.003155,85.87035144310343,0.2626,0.00795756,114.08,,28.18974523100706,7845996000.0,19148000.0,0.0130900005,38035000.0,0.030669998,0.04118,0.6383446950532611,5075936000.0,3102526000.0,6738659000.0,1835336000.0,723923000.0,2302766000.0,3274659200.0,0.6497846638345981
ダイハツインフィニアース,6023,輸送用機器,スタンダード（内国株式）,JP,2025-03-31,大阪府,65486049280.0,1.4108546,,13.089005,8.682072086423933,0.315,0.024476904,196.73,,162.8699990267023,88781000000.0,7634000000.0,0.106979996,5717000000.0,0.05945,0.10213,0.4594046219318052,51901000000.0,31722000000.0,63573000000.0,14348000000.0,21521000000.0,1472000000.0,12702400000.0,0.19397108452348524
弁護士ドットコム,6027,サービス業,プライム（内国株式）,JP,2025-03-31,東京都,55147687936.0,8.517132,31.81166,40.65,90.56296019558991,0.0,0.0,60.0,76.67,36.76999948773935,14072375000.0,1389566000.0,0.14086,1049450000.0,0.1004,0.27734,0.4814520537856449,5858032000.0,3253552000.0,6604869000.0,3261026000.0,6240700000.0,522273000.0,1112428100.0,0.020171799428672244
アトラグループ,6029,サービス業,スタンダード（内国株式）,JP,2024-12-31,大阪府,1570810240.0,0.92673355,3.1808734,10.991379,35.15797302004966,0.0,0.0,13.92,48.1,5.432622634162605,4234433000.0,5683000.0,0.047270004,-36736000.0,0.0657,0.16486,0.3491701182788355,2677684000.0,1460684000.0,2734438000.0,1279285000.0,1049977000.0,696650000.0,544409000.0,0.3465784638633372
アドベンチャー,6030,サービス業,グロース（内国株式）,JP,2024-06-30,東京都,14176403456.0,1.4929277,6.595649,,41.74227164941955,0.0,0.0,-289.29,289.13,233.3199956730297,22391725000.0,1489895000.0,0.061550003,712507000.0,-0.082440004,-0.20596,0.37073026337316783,17663416000.0,10175465000.0,24008897000.0,8414007000.0,17007750000.0,1425608000.0,7343406600.0,0.5180020886674178
ＺＥＴＡ,6031,サービス業,グロース（内国株式）,JP,2024-06-30,東京都,5618728448.0,6.1392155,,30.760628,30.873102594606667,0.4479,0.0,8.94,,15.180293227996236,2358189000.0,383343000.0,0.39314997,184341000.0,0.12433,0.2634,0.42380650293756833,1523175000.0,693103000.0,2001138000.0,1023496000.0,1144385000.0,,477963000.0,0.08506604375410456
エクストリーム,6033,サービス業,グロース（内国株式）,JP,2025-03-31,東京都,7977025024.0,1.2238455,,7.598939,6.8103038737141235,0.2142,0.028301887,196.08,,187.849995459911,11336259000.0,1517847000.0,0.13369,1130351000.0,0.091759995,0.17176001,0.6847055941350876,2371202000.0,2358405000.0,6392698000.0,664600000.0,4605862000.0,1499078000.0,5070850600.0,0.6356819221130225
ＭＲＴ,6034,サービス業,グロース（内国株式）,JP,2024-12-31,東京都,3576169472.0,0.77735496,,,16.798814718785085,0.0,0.0,-49.12,,54.765768621236134,4165519000.0,-119937000.0,-0.03344,-309159000.0,0.01312,0.010779999,0.6694048620411465,2117958000.0,1270995000.0,3318025000.0,1047448000.0,2605218000.0,2047470000.0,2633296000.0,0.7363454166861139
アイ・アールジャパンホールディングス,6035,サービス業,プライム（内国株式）,JP,2025-03-31,東京都,14548211712.0,2.4608932,6.119247,18.516844,29.4197957822086,0.5198,0.02836005,44.23,133.84,42.949999026147324,5783745000.0,1005307000.0,0.21664,698937000.0,0.1441,0.15542,0.8135413578223508,1286700000.0,1215827000.0,5136642000.0,200000000.0,4188839000.0,133715000.0,3943542500.0,0.2710671646843848
ＫｅｅＰｅｒ技研,6036,サービス業,プライム（内国株式）,JP,2025-06-30,愛知県,99476111360.0,4.2159834,15.665965,10.604562,24.50047905761598,0.1571,0.0,343.72,232.67,162.0200004097138,23093316000.0,7098740000.0,0.32161,4888857000.0,0.39183998,0.47561002,0.7267204026744642,6784659000.0,4303815000.0,7735326000.0,1750703000.0,4172742000.0,4365592000.0,4006581400.0,0.04027681968287185
楽待,6037,サービス業,スタンダード（内国株式）,JP,2024-07-31,東京都,20070606848.0,3.9461746,28.467966,18.214222,14.121981851564964,0.1783,0.0,56.11,35.9,35.04636735979894,2364276000.0,1060858000.0,0.5319,808040000.0,0.37037,0.21358,0.9178583125265176,505881000.0,505880000.0,1802830000.0,,1195216000.0,4165473000.0,4212780100.0,0.2098979932148786
イード,6038,サービス業,グロース（内国株式）,JP,2025-06-30,東京都,4663029248.0,0.95887923,30.254778,10.438413,21.71801988031791,0.1758,0.016842104,91.01,31.4,33.309997368323806,6084749000.0,459898000.0,0.08939999,307986000.0,0.073979996,0.0991,0.7294130554874049,1614050000.0,1174366000.0,4579756000.0,486296000.0,3596433000.0,829496000.0,3546353200.0,0.7605256178740571
日本動物高度医療センター,6039,サービス業,グロース（内国株式）,JP,2025-03-31,神奈川県,18042308608.0,3.820063,6.0198364,26.108097,15.950084311019792,0.1383,0.00540146,53.47,231.9,24.25199980812256,5277736000.0,720974000.0,0.23096001,520982000.0,0.13126999,0.17947,0.47391582937492055,4605193000.0,1554172000.0,1597996000.0,3475051000.0,1107603000.0,,-3007197000.0,-0.16667473466597296
日本スキー場開発,6040,サービス業,グロース（内国株式）,JP,2024-07-31,長野県,21944227840.0,2.8111198,,13.8310175,14.124864151966086,0.1013,0.007322176,34.56,,23.95000002736905,,,-0.23382,,0.12868,0.19524999,0.6118230322136969,3930593000.0,1504659000.0,4046705000.0,2864065000.0,3141302000.0,9459000.0,122733300.0,0.0055929650792397164
ニッキ,6042,輸送用機器,スタンダード（内国株式）,JP,2025-03-31,神奈川県,8490351104.0,0.6280774,,15.723379,2.272708079509619,0.3803,0.024581006,289.06,,1184.6777780600153,8360204000.0,885305000.0,0.09114,630548000.0,0.08509,0.05554,0.5577477818595629,10304386000.0,5673413000.0,9415649000.0,8155227000.0,4102694000.0,1883543000.0,429743100.0,0.05061546863445236
三機サービス,6044,サービス業,スタンダード（内国株式）,JP,2025-05-31,兵庫県,11834241024.0,2.3293414,20.043716,14.327006,16.39012311023367,0.1719,0.013653741,128.01,91.5,72.77215056982772,20636072000.0,1020735000.0,0.05829,689068000.0,0.03578,0.17547001,0.48378789209928,5135372000.0,4454444000.0,8367577000.0,475299000.0,2500269000.0,307862000.0,3447708400.0,0.2913332923512375
レントラックス,6045,サービス業,グロース（内国株式）,JP,2025-03-31,東京都,13873929216.0,3.5785208,,20.92169,11.450518083997144,0.415,0.013165426,84.41,,43.264547998938916,3862700000.0,1142139000.0,0.18378,668382000.0,0.14942999,0.17286,0.335997335465762,7071307000.0,6977649000.0,9918227000.0,3744124000.0,6114525000.0,599891000.0,3266843700.0,0.23546636638685875
リンクバル,6046,サービス業,グロース（内国株式）,JP,2025-09-30,東京都,3898230784.0,4.7481,,,-23.00122196882704,0.0,0.0,-10.57,,-6.651820507943315,906312000.0,-89034000.0,0.04264,-197968000.0,-0.17005,-0.17676,0.7228745504555889,310618000.0,174233000.0,1077600000.0,109197000.0,914254000.0,,766982000.0,0.19675130655373738
Ｇｕｎｏｓｙ,6047,サービス業,プライム（内国株式）,JP,2025-05-31,,13905335296.0,1.274181,277.14288,60.248447,-14.00875985613149,1.8964,0.032562274,9.66,2.1,-49.330000022876476,6098000000.0,576000000.0,0.01936,78000000.0,0.036340002,0.0196,0.849190742701558,1939000000.0,1573000000.0,7235000000.0,266000000.0,5369000000.0,5049000000.0,8830300000.0,0.6350296351746454
イトクロ,6049,サービス業,グロース（内国株式）,JP,2025-10-31,東京都,5071773184.0,0.63988864,3.3231423,30.012005,130.97826059344365,0.0,0.0,8.33,75.23,1.8400000038789923,3669622000.0,260524000.0,0.33367002,169691000.0,0.14483,0.84427,0.9330749380429437,660992000.0,611590000.0,7701370000.0,9442000.0,7265332000.0,1874669000.0,8352646300.0,1.6468887698586798
イー・ガーディアン,6050,サービス業,プライム（内国株式）,JP,2025-09-30,東京都,19338532864.0,1.6442424,15.387454,20.448694,18.948833933431235,0.4293,0.021071644,81.57,108.4,92.07999816134607,11321381000.0,1504176000.0,0.08336,943188000.0,0.0,,0.8779765176150666,1675179000.0,1503116000.0,12378065000.0,,10986379000.0,,10702886000.0,0.5534487065419608
リブセンス,6054,サービス業,スタンダード（内国株式）,JP,2024-12-31,東京都,4406812672.0,1.0565311,,,9.762266537657649,0.0,0.0,-10.64,,26.120983177046558,6320314000.0,109445000.0,-0.03559,197342000.0,-0.0039,-0.00095,0.8476044874882126,734535000.0,720636000.0,4765858000.0,9800000.0,3925678000.0,66166000.0,4077639200.0,0.9253035024403233
ジャパンマテリアル,6055,サービス業,プライム（内国株式）,JP,2025-03-31,三重県,224253247488.0,3.8184435,20.71388,24.271412,42.71285686571655,0.2669,0.010859729,89.9,105.34,55.32000005453124,52678000000.0,11189000000.0,0.24430001,7872000000.0,0.17085,0.18457001,0.8238409789656327,11121000000.0,9694000000.0,46990000000.0,105000000.0,16318000000.0,413000000.0,36158100000.0,0.16123779880572234
ベクトル,6058,サービス業,プライム（内国株式）,JP,2025-02-28,東京都,67401678848.0,3.3914464,12.998643,13.642837,11.54998510067955,0.3037,0.023005033,105.33,110.55,98.12000067703639,59254000000.0,8029000000.0,0.20459999,4195000000.0,0.09104,0.30039,0.3983815675940393,21547000000.0,14265000000.0,32346000000.0,11273000000.0,17125000000.0,1326000000.0,11727200000.0,0.17398973141969415
ウチヤマホールディングス,6059,サービス業,スタンダード（内国株式）,JP,2025-03-31,福岡県,7684682752.0,0.52696294,,3.5957506,31.397978868842834,0.0908,0.012820513,110.13,,11.051209958058976,29105853000.0,208516000.0,0.00861,2051278000.0,0.073470004,0.15976,0.4585294606634179,16818402000.0,8116903000.0,15736778000.0,12618288000.0,11616659000.0,1334670000.0,-147355000.0,-0.019175157225800855
ユニバーサル園芸社,6061,サービス業,スタンダード（内国株式）,JP,2025-06-30,大阪府,29472704512.0,2.1973238,,14.347202,9.706677014291413,0.0583,0.0041467305,223.04,,174.20787894437362,,,0.14842,,0.09535,0.1538,,,,,,,,,
チャーム・ケア・コーポレーション,6062,サービス業,プライム（内国株式）,JP,2025-06-30,大阪府,47584100352.0,2.227093,9.145729,14.388773,11.471096314475048,0.50380003,0.023743017,101.19,159.2,130.79000004618638,46673000000.0,3845000000.0,0.11687,2936000000.0,0.06764,0.16402,0.39449383752432554,31737000000.0,23582000000.0,21905000000.0,13452000000.0,9149000000.0,2195000000.0,-8295500000.0,-0.17433344202442894
日本エマージェンシーアシスタンス,6063,サービス業,スタンダード（内国株式）,JP,2024-12-31,東京都,2504019200.0,1.327686,,34.477974,16.482732848917102,0.2775,0.0,28.83,,47.6299929099468,2908717000.0,52180000.0,0.07485,48025000.0,0.027190002,0.054770004,0.47357611853748993,2004450000.0,1973627000.0,3574324000.0,1180000000.0,2301279000.0,,1569874000.0,0.626941678402466
トレンダーズ,6069,サービス業,グロース（内国株式）,JP,2025-03-31,東京都,6091286016.0,1.4027802,6.971581,16.752028,17.567622041912692,0.5758,0.035386633,46.86,112.6,63.909998827554595,6191610000.0,988680000.0,0.14132,600742000.0,0.0428,0.07454,0.512785155078037,4145887000.0,3402747000.0,7390763000.0,2218706000.0,2376969000.0,,3244876000.0,0.5327078701405047
キャリアリンク,6070,サービス業,プライム（内国株式）,JP,2025-03-31,東京都,33385359360.0,2.1308224,14.319919,14.285714,12.613446151818971,0.6101,0.043149944,196.77,196.3,184.16000718799543,40397672000.0,2693450000.0,0.11196,1829532000.0,0.06331,0.18441999,0.7452945635939329,4965492000.0,4353194000.0,18288963000.0,689164000.0,10724275000.0,222709000.0,13479367300.0,0.4037508524215568
ＩＢＪ,6071,サービス業,プライム（内国株式）,JP,2024-12-31,東京都,29123407872.0,2.8465984,15.67788,14.004735,15.246705178258045,0.1822,0.013386881,54.91,49.05,40.15999988612708,,,0.120299995,,0.10297,0.21188,0.45618197396016413,9495351000.0,5220976000.0,8918600000.0,5177625000.0,4198305000.0,1883474000.0,741680800.0,0.025466827345884586
地盤ネットホールディングス,6072,サービス業,スタンダード（内国株式）,JP,2025-03-31,東京都,24798691328.0,17.499683,,500.0,-41.88242693163218,0.0,0.0,2.21,,-4.154487042597441,1877959000.0,109443000.0,0.00493,74227000.0,0.08866,0.19389,0.8037078579777218,291379000.0,289378000.0,1388137000.0,45842000.0,821680000.0,,1096758000.0,0.04422644669001785
アサンテ,6073,サービス業,プライム（内国株式）,JP,2025-03-31,東京都,15841909760.0,1.6318452,18.739885,32.258705,32.70212094326133,1.2321,0.019183168,50.25,86.5,47.46999840162156,14024081000.0,1226213000.0,-0.01347,687898000.0,0.03147,0.04555,0.6792714724279183,4601217000.0,2064264000.0,9350561000.0,2356504000.0,7106131000.0,20534000.0,4763717800.0,0.3007035055854276
ジェイエスエス,6074,サービス業,スタンダード（内国株式）,JP,2025-03-31,大阪府,2185929472.0,0.6816205,5.523906,10.929952,8.523379612034656,0.4023,0.018761726,49.68,98.3,56.50920597064938,8381933000.0,252190000.0,0.07576,192605000.0,0.03078,,0.40037453472357587,4509662000.0,1999532000.0,1450310000.0,2512481000.0,1067040000.0,27055000.0,-3040413500.0,-1.390901920187844
バリューＨＲ,6078,サービス業,プライム（内国株式）,JP,2024-12-31,東京都,38265892864.0,5.548693,,62.115303,38.932509206476006,1.1275,0.018400567,23.07,,36.990000252824125,8376016000.0,1117754000.0,0.15687001,791075000.0,0.062480003,0.092530005,0.374300937337878,11174771000.0,5901114000.0,6978856000.0,5613657000.0,5488771000.0,1077279000.0,-3441819700.0,-0.08994484232296626
Ｍ＆Ａキャピタルパートナーズ,6080,サービス業,プライム（内国株式）,JP,2025-09-30,東京都,118777085952.0,2.747291,17.928192,23.809523,16.339071525631137,0.33150002,0.01449235,157.08,208.61,140.08600430875532,22448727000.0,7126679000.0,0.37695,5070542000.0,0.22228001,0.11132,0.7760550541471098,12490281000.0,8031058000.0,46916092000.0,3110122000.0,16243092000.0,2877559000.0,36440102300.0,0.3067940420320306
アライドアーキテクツ,6081,サービス業,グロース（内国株式）,JP,2024-12-31,東京都,6357559296.0,3.3126533,14.879406,,-27.094622580502637,0.0,0.0,-51.41,26.95,-17.53115396196038,3463714000.0,-459827000.0,-0.025810001,-516291000.0,-0.24849,-0.32424,0.5847452441778105,1552715000.0,953555000.0,3001787000.0,633633000.0,1940205000.0,546347000.0,1831514900.0,0.2880845957901389
ライドオンエクスプレスホールディングス,6082,サービス業,スタンダード（内国株式）,JP,2025-03-31,東京都,10170462208.0,1.2207973,21.09756,21.415308,27.510212819947995,0.30969998,0.014563107,48.47,49.2,37.43000034677927,23393750000.0,781703000.0,0.03925,333605000.0,0.01758,0.05207,0.6176461242118797,4966526000.0,3340594000.0,8709499000.0,1649667000.0,6544597000.0,2497131000.0,5490964700.0,0.5398933291036521
ＥＲＩホールディングス,6083,サービス業,スタンダード（内国株式）,JP,2025-05-31,東京都,35692216320.0,5.076407,,16.286533,14.126860040466074,0.2903,0.01878453,292.88,,159.87999374610914,19765494000.0,2045769000.0,0.2028,1293720000.0,0.10028,0.35002,0.47207689969951006,7050690000.0,4841457000.0,9579233000.0,2550829000.0,5863509000.0,96034000.0,2595766800.0,0.07272641117961262
アーキテクツ・スタジオ・ジャパン,6085,サービス業,グロース（内国株式）,JP,2025-03-31,東京都,22844928000.0,-4566.5137,,,-3.971555654404857,0.0,0.0,-24.89,,-49.015219398228666,897496000.0,-96615000.0,-1.39716,-79904000.0,-0.46304,-22.15789,0.04535616780918806,1896149000.0,575656000.0,630582000.0,1338209000.0,211375000.0,,-1265567000.0,-0.055398161027252965
シンメンテホールディングス,6086,サービス業,グロース（内国株式）,JP,2025-02-28,東京都,23951093760.0,5.111419,12.186448,20.041094,15.648824287265562,0.2527,0.012872084,63.27,104.05,43.13999944043447,25707509000.0,1534311000.0,0.07456,1033141000.0,0.0433,0.31033,0.3917846043447478,5514349000.0,4776463000.0,7731416000.0,392848000.0,4140204000.0,343512000.0,2457525400.0,0.10260597802444577
