会社名,銘柄コード,業種,優先市場,市場タイプ,決算月,都道府県,時価総額,PBR,PER(会予),PER(過去12ヶ月),PER(前年度),配当方向性,配当利回り,EPS(過去12ヶ月),EPS(予想),EPS(前年度),売上高,営業利益,営業利益率,当期純利益,純利益率,ROE,自己資本比率,負債,流動負債,流動資産,総負債,現金及び現金同等物,投資有価証券,ネットキャッシュ,ネットキャッシュ比率
アビスト,6087,サービス業,スタンダード（内国株式）,JP,2025-09-30,東京都,13509241856.0,1.9205791,20.160334,20.81545,20.253778558748778,0.62479997,0.029955948,163.1,168.4,153.5500157937073,10627251000.0,953682000.0,0.11728,649573000.0,0.06491,0.10232,0.758038674242401,2363741000.0,1555743000.0,6043993000.0,10000000.0,4143252000.0,1188234000.0,4512015800.0,0.3339947458262457
シグマクシス・ホールディングス,6088,サービス業,プライム（内国株式）,JP,2025-03-31,東京都,46907727872.0,3.2347713,4.802472,11.085406,20.591429921953182,0.4048,0.0,51.87,119.73,38.36123385725899,26293590000.0,5638919000.0,0.26268998,4394662000.0,0.16663,0.27833998,0.7229704627414348,5468793000.0,4781485000.0,14073977000.0,16262000.0,6945511000.0,3024643000.0,10722434100.0,0.22858566352348092
ウィルグループ,6089,サービス業,プライム（内国株式）,JP,2025-03-31,東京都,25433288704.0,1.2945739,,14.159969,8.009791375947737,0.56130004,0.03996367,78.39,,121.54357717885894,139705000000.0,2339000000.0,0.0327,1155000000.0,0.01411,0.10308,0.348376499809707,32563000000.0,25208000000.0,26551000000.0,6605000000.0,6936000000.0,2160000000.0,-4500000000.0,-0.17693346905987295
ヒューマン・メタボローム・テクノロジーズ,6090,サービス業,スタンダード（内国株式）,JP,2025-06-30,山形県,3783301632.0,2.116567,20.058996,19.058296,15.247945771606583,0.42060003,0.0,35.68,33.9,41.13787363897207,1455004000.0,249521000.0,-0.44949,256420000.0,-0.04118,-0.02852,0.803752368286626,466011000.0,449943000.0,1864807000.0,110468000.0,1562417000.0,49980000.0,1433782000.0,0.3789763913806807
ウエスコホールディングス,6091,サービス業,スタンダード（内国株式）,JP,2024-07-31,岡山県,11062227968.0,0.68195325,,12.709942,11.26808659716367,0.36310002,0.02846975,66.09,,52.25978090766823,,,0.07564,,0.053969998,0.055409998,0.779261425491288,4582471000.0,4146458000.0,13454657000.0,90390000.0,9135177000.0,2197692000.0,10410570400.0,0.941091652614187
エンバイオ・ホールディングス,6092,サービス業,スタンダード（内国株式）,JP,2025-03-31,東京都,6649779712.0,0.7546775,,11.43454,6.576614726584931,0.12529999,0.011042945,71.8,,88.84515488522749,10668079000.0,839455000.0,0.13307999,452689000.0,-0.015310001,-0.02325,0.43129400425796366,11964584000.0,4818328000.0,8957765000.0,10098880000.0,3293050000.0,836741000.0,-2421100300.0,-0.3640872938438776
エスクロー・エージェント・ジャパン,6093,サービス業,スタンダード（内国株式）,JP,2025-02-28,東京都,7403703808.0,2.1171665,16.190475,39.08046,,1.3792999,0.0,4.35,10.5,,,,0.02369,,0.037219997,0.053600002,0.7468997457208667,1205087000.0,1023419000.0,3609028000.0,123047000.0,2993868000.0,57905000.0,2444474500.0,0.3301691374199285
フリークアウト・ホールディングス,6094,サービス業,グロース（内国株式）,JP,2025-09-30,東京都,12528464896.0,1.0514864,16.16592,45.604046,-3.9999431092574214,0.0,0.0,15.81,44.6,-179.75255656410584,50323355000.0,14013116000.0,0.04083,275472000.0,0.01506,0.05408,0.27230212288382094,28067092000.0,18757618000.0,29397643000.0,17431123000.0,16367521000.0,4004720000.0,4133855000.0,0.3299570246088033
レアジョブ,6096,サービス業,スタンダード（内国株式）,JP,2025-03-31,東京都,3299237120.0,1.6423019,27.165356,28.72606,-24.976537867094724,0.41669998,0.014492754,12.01,12.7,-30.485751543458445,9715742000.0,442193000.0,0.02701,268908000.0,0.00754,0.036199998,0.3278891819684764,3959707000.0,2440109000.0,3444468000.0,2100389000.0,2552993000.0,2524000.0,-513472200.0,-0.1556336150825073
リクルートホールディングス,6098,サービス業,プライム（内国株式）,JP,2025-03-31,東京都,10890464198656.0,7.029807,25.774048,26.275013,29.55697402760773,0.082399994,0.0032351776,296.86,302.63,222.90000003264836,3557478000000.0,490543000000.0,0.19312,408504000000.0,0.12835,0.2732,0.5834902454755195,1144893000000.0,802185000000.0,1470378000000.0,208940000000.0,808625000000.0,163102000000.0,439656400000.0,0.04037076767161663
エラン,6099,サービス業,プライム（内国株式）,JP,2025-12-31,長野県,43487608832.0,2.995384,12.248722,15.69869,18.569102909322048,0.32770002,0.021551725,45.8,58.7,38.940000231192144,55448687000.0,4272707000.0,0.09765001,2767760000.0,0.05139,0.21585,0.5492691358595602,11613885000.0,11054363000.0,18535104000.0,828626000.0,6845410000.0,1160538000.0,7733595600.0,0.1778344638325871
ツガミ,6101,機械,プライム（内国株式）,JP,2025-03-31,東京都,291638214656.0,3.9455986,55.74354,22.395536,9.68921680560012,0.24340001,0.011604096,279.52,112.3,111.03999906144763,107411000000.0,23310000000.0,0.30355,10901000000.0,0.11882,0.24914,0.4940615524798517,43192000000.0,38317000000.0,102799000000.0,11524000000.0,27729000000.0,4859000000.0,63008300000.0,0.21604953272094687
オークマ,6103,機械,プライム（内国株式）,JP,2025-03-31,愛知県,282131038208.0,1.1983733,17.2071,22.875816,10.73116284606395,0.4807,0.009803922,208.08,276.63,314.8999984938223,206822000000.0,14651000000.0,0.07151,9590000000.0,0.047399998,0.044,0.7629893214563602,60104000000.0,42737000000.0,184600000000.0,10000000000.0,53079000000.0,34033000000.0,148319100000.0,0.5257099713029529
芝浦機械,6104,機械,プライム（内国株式）,JP,2025-03-31,東京都,112559980544.0,0.937328,9.492472,19.469896,4.5828439975813735,0.57240003,0.029319372,244.48,501.45,741.5023192843609,168191000000.0,14100000000.0,-0.0064600003,12597000000.0,0.017690001,0.01891,0.5870034618024418,82437000000.0,71472000000.0,151150000000.0,10135000000.0,36388000000.0,11754000000.0,76940800000.0,0.6835537784223731
アマダ,6113,機械,プライム（内国株式）,JP,2025-03-31,神奈川県,915761528832.0,1.7550093,23.001326,34.39067,13.497720317571599,0.72290003,0.020822838,85.75,128.21,118.95000009132437,396670000000.0,49076000000.0,0.1012,32386000000.0,0.0,,0.7989216653254161,126142000000.0,106809000000.0,414511000000.0,10954000000.0,104841000000.0,18033000000.0,300992100000.0,0.3286795639732734
アイダエンジニアリング,6118,機械,プライム（内国株式）,JP,2025-03-31,神奈川県,72481841152.0,0.85370153,17.324675,14.00819,17.43847352726237,0.38869998,0.02781955,95.23,77.0,46.949999771770834,76006000000.0,5530000000.0,0.05876,5101000000.0,0.065359995,0.06145,0.6807312269049828,39226000000.0,33201000000.0,88927000000.0,3120000000.0,35856000000.0,10496000000.0,57048200000.0,0.7870688588106576
岡本工作機械製作所,6125,機械,スタンダード（内国株式）,JP,2025-03-31,群馬県,32655992832.0,0.79173726,6.2068095,14.415782,6.158353130334655,0.4672,0.031189084,342.68,795.9,969.8255676331999,43734000000.0,3016000000.0,-0.0162,2024000000.0,0.03773,0.0399,0.607179210825699,26242000000.0,19874000000.0,47214000000.0,11819000000.0,9899000000.0,404000000.0,21254800000.0,0.6508698145956281
ＦＵＪＩ,6134,機械,プライム（内国株式）,JP,2025-03-31,愛知県,614338985984.0,2.6701157,37.46716,42.29512,22.734189983550753,0.48459998,0.0115724,165.22,186.51,110.59000008730231,127387000000.0,13781000000.0,0.19387,10906000000.0,0.0,,0.8946739312863043,25610000000.0,22256000000.0,155427000000.0,,57580000000.0,20962000000.0,144490400000.0,0.23519653366710336
牧野フライス製作所,6135,機械,プライム（内国株式）,JP,2025-03-31,東京都,318360453120.0,1.2195069,24.78827,15.1579275,18.44398594143714,0.3008,0.0,897.88,549.05,613.1699982874628,,,0.10357001,,0.080369994,0.08607,0.6165155011620082,140389000000.0,97610000000.0,228604000000.0,57200000000.0,64055000000.0,25226000000.0,105873200000.0,0.33255763698794927
オーエスジー,6136,機械,プライム（内国株式）,JP,2025-11-30,愛知県,292860002304.0,1.6059794,18.62105,23.369387,11.202911484199557,0.3932,0.01710864,152.55,191.45,148.94000080792662,160619000000.0,20331000000.0,0.14392,14334000000.0,0.10132,0.0929,0.6754265051419691,73843000000.0,25208000000.0,148243000000.0,44956000000.0,52350000000.0,7498000000.0,79648600000.0,0.27196817378059596
小池酸素工業,6137,機械,スタンダード（内国株式）,JP,2025-03-31,東京都,38885240832.0,0.89100474,,14.619047,8.086526382406346,0.4127,0.027527792,126.0,,145.55846630150035,55206000000.0,5453000000.0,0.110860005,3633000000.0,0.04792,0.064229995,0.5693985415133471,29167000000.0,22565000000.0,41686000000.0,7232000000.0,16984000000.0,11019000000.0,20232300000.0,0.5203079514773159
ダイジェット工業,6138,機械,スタンダード（内国株式）,JP,2025-03-31,大阪府,3381606912.0,0.39325577,,9.410402,-17.873798589026286,0.2066,0.021872265,120.93,,-44.0724312926713,8793113000.0,219183000.0,0.051,205422000.0,0.06701,0.07388,0.4975815269081181,8016245000.0,3513817000.0,8394425000.0,5314332000.0,1346849000.0,1659690000.0,1539963000.0,0.45539385270809385
旭ダイヤモンド工業,6140,機械,プライム（内国株式）,JP,2025-03-31,東京都,66621665280.0,1.0929825,26.029716,24.340485,22.08878309344115,0.5272,0.022371365,56.86,53.17,40.562372581451704,41006000000.0,2312000000.0,0.0775,2493000000.0,0.08527,,0.8074812379667587,12772000000.0,6640000000.0,34456000000.0,2234000000.0,14752000000.0,10778000000.0,29228600000.0,0.43872514860078865
ＤＭＧ森精機,6141,機械,プライム（内国株式）,JP,2025-12-31,東京都,532653178880.0,1.5691984,13.26936,112.384636,57.679035354726146,3.1176002,0.02782194,33.59,284.49,42.50999996682012,527195000000.0,18976000000.0,0.02489,24033000000.0,0.046479996,0.025120001,0.39182705862721745,526810000000.0,383124000000.0,347844000000.0,125676000000.0,39859000000.0,28930000000.0,-158715000000.0,-0.2979706238376857
ソディック,6143,機械,プライム（内国株式）,JP,2025-12-31,神奈川県,87621197824.0,1.4904796,76.48862,20.954779,8.802110671780577,0.3479,0.0053619305,83.37,22.84,81.05999925223874,80572000000.0,4225000000.0,0.14152999,4514000000.0,0.08291,0.13653,0.5813802626930858,65106000000.0,37746000000.0,108208000000.0,36611000000.0,45064000000.0,6339000000.0,47539300000.0,0.542554783324118
西部電機,6144,機械,スタンダード（内国株式）,JP,2025-03-31,福岡県,50306228224.0,1.5540067,,15.272428,12.002328677187558,0.3854,0.024925817,218.04,,130.93582356447448,33352000000.0,3193000000.0,0.13325,2350000000.0,0.09317,0.112799995,0.6634849496886513,15618000000.0,11788000000.0,23409000000.0,416000000.0,8436000000.0,5571000000.0,11690700000.0,0.23239070812354448
ＮＩＴＴＯＫＵ,6145,機械,スタンダード（内国株式）,JP,2025-03-31,埼玉県,44514881536.0,1.1314565,23.955685,17.527075,12.35113134406514,0.3389,0.008036739,150.51,110.12,151.88345446739942,33268000000.0,1120000000.0,0.15975,1307000000.0,0.07101,0.07749,0.6023007531242242,23815000000.0,16328000000.0,41527000000.0,8033000000.0,14907000000.0,2999000000.0,19811300000.0,0.4450489210889675
ディスコ,6146,機械,プライム（内国株式）,JP,2025-03-31,東京都,7900373712896.0,13.441565,53.52183,58.17148,69.57925849772157,0.4041,0.0069368132,1252.16,1360.94,777.2899982905251,393313000000.0,166834000000.0,0.4399,123891000000.0,0.3102,,0.7527316702518166,161387000000.0,160392000000.0,424502000000.0,,229167000000.0,3510000000.0,265572000000.0,0.03361511868311994
ヤマザキ,6147,機械,スタンダード（内国株式）,JP,2025-03-31,静岡県,1166996736.0,1.1221094,,,-43.76659445032564,0.77459997,0.0,-22.15,,-7.441093596012486,3093870000.0,77791000.0,-0.11852,57305000.0,-0.15471,-0.29364002,0.3583665507375456,2530098000.0,1867528000.0,2183228000.0,1961237000.0,847190000.0,186145000.0,-216568500.0,-0.18557763986753772
小田原エンジニアリング,6149,機械,スタンダード（内国株式）,JP,2025-12-31,神奈川県,11311563776.0,0.6105119,10.692266,4.8800354,10.636897653369795,0.1728,0.03531786,405.12,184.9,151.74999539555677,18238272000.0,3051611000.0,0.19405001,2315350000.0,0.12693,0.13239999,0.7454137455395071,6328138000.0,6083726000.0,17096136000.0,,8725222000.0,615362000.0,11198751400.0,0.9900268098881821
タケダ機械,6150,機械,スタンダード（内国株式）,JP,2025-05-31,石川県,2831422464.0,0.5315229,,11.009437,8.021167513920613,0.286,0.025764896,279.76,,464.5107399346761,4890771000.0,431529000.0,0.00717,293670000.0,0.0515,0.043130003,0.6847483722513507,2401405000.0,1559083000.0,5267692000.0,1512075000.0,1478277000.0,107143000.0,2941287100.0,1.0388019228486278
日東工器,6151,機械,プライム（内国株式）,JP,2025-03-31,東京都,31215499264.0,0.52125734,,60.9872,19.901190031079725,1.3889,0.02251185,27.35,,93.48995092209225,27256000000.0,2345000000.0,0.02861,1345000000.0,0.076409996,0.03507,0.8733728699046618,8423000000.0,4174000000.0,38687000000.0,1586000000.0,20305000000.0,4123000000.0,33150100000.0,1.0619756461249723
高松機械工業,6155,機械,スタンダード（内国株式）,JP,2025-03-31,石川県,5039629824.0,0.30904374,,,-9.768815912900132,0.7161,0.0,-12.21,,-52.183042967794655,13893000000.0,-160000000.0,0.04547,-645000000.0,-0.00841,-0.00657,0.7429693206720234,5624000000.0,3788000000.0,13404000000.0,1722000000.0,5355000000.0,1116000000.0,8561200000.0,1.698775564671315
エーワン精密,6156,機械,スタンダード（内国株式）,JP,2024-06-30,東京都,10398902272.0,1.4420396,,,73.19015816388968,8.5106,0.0,-34.7,,24.031568064651523,,,0.1295,,-0.09907,-0.02123,0.9152526099407611,758206000.0,210657000.0,6569229000.0,2903000.0,5917303000.0,873002000.0,6422124400.0,0.6175771472814164
日進工具,6157,機械,スタンダード（内国株式）,JP,2025-03-31,東京都,21274757120.0,1.2201248,5.244573,18.336369,17.250713809810794,0.6077,0.03314917,49.41,172.75,52.58999928104535,9431090000.0,1767267000.0,0.21959999,1264700000.0,0.13592,0.070310004,0.9234766880404134,1526021000.0,1301067000.0,13791530000.0,,9868215000.0,660233000.0,12727672100.0,0.5982522868867421
和井田製作所,6158,機械,スタンダード（内国株式）,JP,2025-03-31,岐阜県,6509306368.0,0.61605126,,21.361301,9.200954779915973,0.7487,0.0,46.72,,112.2433880606526,7554307000.0,709373000.0,0.05723,435087000.0,0.041300002,0.02476,0.8146708398282756,2247052000.0,1478558000.0,8794513000.0,744230000.0,4812270000.0,410023000.0,6834477100.0,1.0499547438108847
ミクロン精密,6159,機械,スタンダード（内国株式）,JP,2025-08-31,山形県,9869621248.0,0.6956807,,15.159895,15.030554659462164,0.0887,0.0058411215,141.03,,87.40916468521557,5782372000.0,629600000.0,-0.0058,782936000.0,0.13656001,0.046919998,0.8738948406666254,1931363000.0,1473713000.0,11054380000.0,329300000.0,6725372000.0,1831389000.0,10404989300.0,1.0542440321211402
エスティック,6161,機械,スタンダード（内国株式）,JP,2025-03-31,大阪府,10147287040.0,0.8998664,9.177786,8.723969,7.675263140169483,0.2485,0.0,116.69,110.92,113.98962010969234,7881304000.0,1637412000.0,0.24248,1181838000.0,0.14478,0.107200004,0.8608468132697182,1485826000.0,1160544000.0,8421127000.0,35302000.0,3360567000.0,277427000.0,7129499900.0,0.7026015793084336
パンチ工業,6165,機械,スタンダード（内国株式）,JP,2025-03-31,東京都,14236174336.0,0.6620863,5.108696,11.422891,-17.66922927004915,0.4172,0.03618774,45.26,101.2,-23.59725175854736,40822000000.0,1686000000.0,0.05791,868000000.0,0.02093,0.04204,0.6674855929633,10936000000.0,8668000000.0,23518000000.0,3101000000.0,6495000000.0,1248000000.0,13455600000.0,0.9451696560061008
中村超硬,6166,機械,グロース（内国株式）,JP,2025-03-31,大阪府,7901984768.0,7.870472,8.956902,43.454544,25.821849472761905,0.0,0.0,16.5,80.05,13.081419219974704,2640960000.0,7776000.0,0.00132,-32793000.0,0.06044,0.17679001,0.15308051561966046,4535347000.0,3291986000.0,2458717000.0,2923515000.0,1308830000.0,1572000.0,-2075529600.0,-0.2626592762371672
冨士ダイス,6167,機械,プライム（内国株式）,JP,2025-03-31,東京都,20675059712.0,1.039366,17.226753,56.289978,17.817938569172114,2.1378999,0.039447732,18.76,61.3,35.703219730455295,16595000000.0,488000000.0,0.025290001,426000000.0,0.02477,0.02084,0.8103347263992501,4856000000.0,3395000000.0,14909000000.0,68000000.0,6945000000.0,183000000.0,10181100000.0,0.4924338861324204
土木管理総合試験所,6171,サービス業,スタンダード（内国株式）,JP,2025-12-31,長野県,5588646400.0,1.0801392,12.397476,11.569031,11.515269559972426,0.3534,0.030379746,33.97,31.7,25.5,7695661000.0,670179000.0,0.14779,482989000.0,0.06264,0.09596,0.7038353496655632,2177465000.0,1421704000.0,4313381000.0,612194000.0,2223659000.0,345615000.0,2377846500.0,0.4254780728299432
アクアライン,6173,サービス業,グロース（内国株式）,JP,2025-02-28,広島県,327817632.0,2.1789556,0.20381327,,-4.390073046373135,0.0,0.0,-96.85,152.1,-123.68814693154144,3462536000.0,-399566000.0,-0.36,-346761000.0,-0.38549998,,-0.5339760633436745,1258882000.0,1186155000.0,727264000.0,452784000.0,74428000.0,,-531618000.0,-1.6216882440295342
ブランジスタ,6176,サービス業,スタンダード（内国株式）,JP,2025-09-30,東京都,13283746816.0,1.9368397,17.03154,18.437437,15.139941868633525,0.0,0.0,49.79,53.9,44.38655666753664,5196705000.0,1151711000.0,0.17898001,656915000.0,0.12377,0.12773,0.6791563758670207,2691830000.0,1166864000.0,3756008000.0,758734000.0,1767883000.0,4759112000.0,4395556400.0,0.3308973334771514
ＡｐｐＢａｎｋ,6177,サービス業,グロース（内国株式）,JP,2025-12-31,東京都,2722695168.0,2.9659057,,,-4.794779457051766,0.0,0.0,-29.27,,-19.187535281668477,1242240000.0,-170889000.0,-0.12262,-519247000.0,-0.41787,,0.7491477969910161,307677000.0,263676000.0,933517000.0,80531000.0,735756000.0,,625840000.0,0.22986047331171522
日本郵政,6178,サービス業,プライム（内国株式）,JP,2025-03-31,東京都,5448464334848.0,0.57428813,15.596883,15.751257,17.800751988407686,0.4054,0.026164312,123.26,124.48,80.25999999452756,11468366000000.0,,0.090900004,370564000000.0,0.03148,0.04378,0.03058912204080548,281860113000000.0,,,3418135000000.0,67122254000000.0,191554546000000.0,,
ＧＭＯメディア,6180,サービス業,グロース（内国株式）,JP,2025-12-31,東京都,7834242560.0,2.4870613,,12.231596,13.56787882903471,0.6803,0.0,354.41,,316.8399244490336,7115026000.0,901387000.0,0.05824,646884000.0,-0.02829,-0.04723,0.49938932644980905,3159796000.0,3128805000.0,4997651000.0,20711000.0,1782944000.0,199384000.0,1977423800.0,0.2524077835037061
タメニー,6181,サービス業,グロース（内国株式）,JP,2025-03-31,東京都,4272014336.0,16.631653,5.191257,,802.5350752378207,0.0,0.0,-32.53,18.3,0.13208145446924957,5909037000.0,-56208000.0,0.02776,-848709000.0,-0.042290002,-1.22481,-0.19358259004746797,4284459000.0,2344093000.0,2292032000.0,3406062000.0,1375950000.0,,-1992427000.0,-0.46639052289921906
メタリアル,6182,サービス業,グロース（内国株式）,JP,2025-02-28,東京都,4997394432.0,2.4887762,19.449152,103.84615,,0.0,0.0,4.42,23.6,,,,0.084960006,,0.01074,0.02365,0.3976484955562977,2963364000.0,2120879000.0,3645664000.0,1684228000.0,2903833000.0,53030000.0,719421000.0,0.143959219106922
ベルシステム２４ホールディングス,6183,サービス業,プライム（内国株式）,JP,2025-02-28,東京都,106313809920.0,1.4380718,12.282058,12.985833,15.637543177500039,0.5452,0.04140787,110.12,116.43,102.04999987421273,143607000000.0,11587000000.0,0.08843,8003000000.0,0.0561,0.11481,0.4022635927367799,103576000000.0,57413000000.0,28042000000.0,54046000000.0,6992000000.0,7339000000.0,-70396700000.0,-0.6621595073393829
鎌倉新書,6184,サービス業,プライム（内国株式）,JP,2026-01-31,東京都,19402831872.0,3.092093,16.185566,22.975609,27.29773328955568,0.9761,0.0,20.5,29.1,18.540000014564402,8335519000.0,1161950000.0,0.11933,765145000.0,0.1434,0.16489,0.7748176439050591,1751548000.0,1380390000.0,5796121000.0,54214000.0,4204668000.0,316109000.0,4265849300.0,0.21985704603027548
ＳＭＮ,6185,サービス業,スタンダード（内国株式）,JP,2025-03-31,東京都,6011710464.0,1.3634915,,13.805844,-5.537410067354209,0.0,0.0,29.77,,-70.7912174160688,11640954000.0,239157000.0,0.081,291745000.0,0.035150003,0.10347,0.6674631844601385,1982930000.0,1860009000.0,4377902000.0,76005000.0,2476134000.0,,2394972000.0,0.3983844555292276
一蔵,6186,サービス業,スタンダード（内国株式）,JP,2025-03-31,埼玉県,2073122944.0,0.5352799,2.439818,,4.705227803158844,0.36400002,0.03763441,-7.07,153.7,114.1289710259452,19932772000.0,123353000.0,0.10592,-96945000.0,-0.00753,-0.03684,0.21882792487553268,15624093000.0,12840905000.0,10289794000.0,5973691000.0,4766169000.0,100000000.0,-5264299000.0,-2.5393086383206804
グローバルキッズＣＯＭＰＡＮＹ,6189,サービス業,スタンダード（内国株式）,JP,2025-09-30,東京都,9342317568.0,1.2081822,,128.66492,23.27438312874222,5.2356,0.040816326,7.64,,27.139999567456258,26997000000.0,858000000.0,0.04433,72000000.0,0.00636,0.02331,0.38438154091498056,12353000000.0,4805000000.0,6612000000.0,6687000000.0,2641000000.0,27000000.0,-5722100000.0,-0.6124925596192279
フェニックスバイオ,6190,サービス業,グロース（内国株式）,JP,2025-03-31,広島県,1864149760.0,1.2296491,,,69.53344131473197,0.0,0.0,-77.06,,6.975061076075974,1541388000.0,-142075000.0,0.13964,-448933000.0,-0.12829,-0.12869,0.5974624366943766,919936000.0,566623000.0,1717435000.0,565364000.0,1149390000.0,9397000.0,804076900.0,0.43133707240345326
エアトリ,6191,サービス業,プライム（内国株式）,JP,2025-09-30,東京都,15416478720.0,0.94929075,7.584584,8.554461,14.122546943807816,0.1263,0.014619883,79.14,89.26,89.58043381761503,28104000000.0,3105000000.0,0.14827,1779000000.0,0.08631,0.15899,0.47438330170777987,15638000000.0,12363000000.0,23677000000.0,4432000000.0,12112000000.0,2307000000.0,9653900000.0,0.6262065530876301
バーチャレクス・ホールディングス,6193,サービス業,グロース（内国株式）,JP,2025-03-31,東京都,2787368704.0,1.4880594,,13.203521,13.299095596320399,0.2001,0.015384615,74.98,,68.43999705727316,6488911000.0,279247000.0,0.043449998,111005000.0,0.02925,0.10865,0.4683050477723239,2013264000.0,1600083000.0,2679051000.0,1037360000.0,1365456000.0,449038000.0,980113600.0,0.3516268223122017
アトラエ,6194,サービス業,プライム（内国株式）,JP,2025-09-30,東京都,15330638848.0,3.1123574,12.46824,13.918152,29.93683499497318,0.6283,0.0,49.36,55.1,27.948969036202413,7634032000.0,1853357000.0,0.22650999,1171609000.0,0.1399,0.11271,0.7200215240811741,2020874000.0,2020872000.0,5034006000.0,500000000.0,4160593000.0,1101394000.0,3784107800.0,0.24683301443068473
ホープ,6195,サービス業,グロース（内国株式）,JP,2025-03-31,福岡県,2913506560.0,3.0944386,18.76106,9.680366,13.93596999217154,0.0,0.0,21.9,11.3,15.929999858259409,3140691000.0,291628000.0,0.06776,358008000.0,-0.23807,,0.5385590190874882,995272000.0,965159000.0,1804876000.0,139720000.0,977609000.0,5792000.0,813658400.0,0.2792711748690897
ストライクグループ,6196,サービス業,プライム（内国株式）,JP,2025-09-30,東京都,70800588800.0,3.5540674,3.4529262,14.648391,16.925249533174977,0.71550006,0.0,83.9,355.93,86.01333270077552,20314153000.0,6332320000.0,0.29642,4719993000.0,0.22891001,0.25167,0.8671965857656806,3288631000.0,3036412000.0,21150281000.0,,20149284000.0,826717000.0,18440351900.0,0.26045478169808667
ソラスト,6197,サービス業,プライム（内国株式）,JP,2025-03-31,東京都,100782841856.0,4.2842293,26.004673,23.387266,21.159324215187702,0.4416,0.018884892,47.59,42.8,24.10999996805986,137435000000.0,7017000000.0,0.05628,3960000000.0,0.0,,0.323580181748149,47415000000.0,22362000000.0,31166000000.0,23076000000.0,14004000000.0,409000000.0,-15962700000.0,-0.1583870796460348
キャリア,6198,サービス業,グロース（内国株式）,JP,2025-09-30,東京都,1988658688.0,1.0645496,2.8239799,,13.010898503508091,0.0,0.0,-17.67,83.57,29.360001532330948,14935902000.0,-9117000.0,-0.010190001,-150151000.0,0.014989999,0.12938,0.42789469029790583,2451862000.0,2049769000.0,3459819000.0,914890000.0,1860624000.0,,1007957000.0,0.5068526872319681
セラク,6199,情報・通信業,スタンダード（内国株式）,JP,2025-08-31,東京都,16253449216.0,1.730565,7.027491,10.918313,12.039948316949998,0.1174,0.0,112.38,174.6,114.08999932156476,24776494000.0,2550693000.0,0.05978,1709688000.0,0.03891,0.15803,0.6681588485910293,4421563000.0,4283083000.0,10911126000.0,27798000.0,7765946000.0,550192000.0,6874697400.0,0.4229685224741407
インソース,6200,サービス業,プライム（内国株式）,JP,2025-09-30,東京都,55684661248.0,4.482425,11.518415,13.283911,25.344636294507527,0.501,0.037369207,49.91,57.56,39.9800002130121,14510945000.0,5978600000.0,0.40577,4130091000.0,0.27803,0.36915,0.7732201380840364,3662368000.0,3592701000.0,10200841000.0,,8191258000.0,96648000.0,6606126600.0,0.11863458359885899
豊田自動織機,6201,輸送用機器,プライム（内国株式）,JP,2025-03-31,愛知県,6132644446208.0,0.9056119,21.012209,27.370623,15.175737483740736,0.0,0.0,745.69,971.34,856.9600003909885,,,0.04244,,0.051220004,0.038340002,0.5215819545974517,4388235000000.0,1622284000000.0,3109426000000.0,1730082000000.0,378455000000.0,4081905000000.0,1578524500000.0,0.25739703546258086
豊和工業,6203,機械,スタンダード（内国株式）,JP,2025-03-31,愛知県,17587818496.0,0.8636295,14.643216,56.891838,-10.977685892560507,0.78220004,0.013745705,25.61,99.5,-72.42367100904508,24827000000.0,1253000000.0,0.08497,749000000.0,0.01787,0.02298,0.5502334733194326,15315000000.0,8416000000.0,21604000000.0,7968000000.0,2917000000.0,6530000000.0,10860000000.0,0.6174728265742503
石川製作所,6208,機械,スタンダード（内国株式）,JP,2025-03-31,石川県,11744775168.0,1.9882815,,34.645817,33.406885074977154,0.1841,0.0,54.35,,39.4980286415263,16203896000.0,692602000.0,0.058229998,423589000.0,0.034479998,0.1107,0.25844544111445505,15453383000.0,13136089000.0,15992226000.0,8988328000.0,932830000.0,1414462000.0,1528966400.0,0.13018268788710796
リケンＮＰＲ,6209,機械,プライム（内国株式）,JP,2025-03-31,東京都,106679590912.0,0.70182323,,9.081123,2.5695922910538727,0.3092,0.034351144,436.62,,1088.8299793062743,170340000000.0,11810000000.0,0.086169995,8756000000.0,0.07231,0.082159996,0.6631240156132302,64376000000.0,35726000000.0,105376000000.0,19337000000.0,28021000000.0,37109000000.0,66976300000.0,0.6278267419983711
津田駒工業,6217,機械,スタンダード（内国株式）,JP,2025-11-30,石川県,13847924736.0,5.269375,9.895025,,4.6468816188524595,0.0,0.0,-40.99,219.1,76.39531821937541,35447000000.0,-80000000.0,-0.01931,-262000000.0,-0.00429,-0.05585,0.09686318585879228,26379000000.0,20117000000.0,17858000000.0,12129000000.0,3467000000.0,189000000.0,-8388700000.0,-0.6057730786326538
エンシュウ,6218,機械,スタンダード（内国株式）,JP,2025-03-31,静岡県,3656426240.0,0.35599464,,,18.680607977123692,0.36990002,0.017452007,-248.57,,35.05399266562615,21886000000.0,-705000000.0,0.0497,-2261000000.0,-0.06703,-0.12376001,0.3480813095397826,19435000000.0,9420000000.0,15249000000.0,11798000000.0,4440000000.0,13000000.0,-4176900000.0,-1.1423449362402562
島精機製作所,6222,機械,プライム（内国株式）,JP,2025-03-31,和歌山県,29815343104.0,0.36557356,13.799058,34.88095,-2.245696106666792,0.7925,0.0,25.2,63.7,-413.56433061969466,,,-0.07083,,0.02555,0.010720001,0.7817816005231125,21667000000.0,17632000000.0,74205000000.0,9981000000.0,14129000000.0,6115000000.0,56818500000.0,1.9056798978233889
西部技研,6223,機械,スタンダード（内国株式）,JP,2025-12-31,福岡県,44153819136.0,1.4246372,,13.175597,10.548728942871094,0.4058,0.030567685,172.44,,162.73170731707316,34322000000.0,4531000000.0,0.15948,3455000000.0,0.1071,0.13658,0.6658505716123411,15973000000.0,14967000000.0,33207000000.0,4185000000.0,15505000000.0,524000000.0,17600800000.0,0.39862463416328836
ＪＲＣ,6224,機械,グロース（内国株式）,JP,2025-02-28,大阪府,16847337472.0,2.885805,,12.461774,13.041666624461087,0.3152,0.025482625,104.64,,62.1899977676537,11064571000.0,1378021000.0,0.16150999,1078667000.0,0.103520006,0.27232,0.35453561361616903,8400262000.0,5657748000.0,7455580000.0,4628927000.0,2431302000.0,216862000.0,-792878600.0,-0.04706254631141279
守谷輸送機工業,6226,機械,スタンダード（内国株式）,JP,2025-03-31,神奈川県,79819710464.0,2.9399695,32.159092,23.662207,13.061229781720877,0.25059998,0.0,95.68,70.4,48.66000054081045,19435433000.0,4092941000.0,0.28934,2840888000.0,0.17542,0.31384,0.6682545527525938,5702754000.0,4962623000.0,12726158000.0,28438000.0,5812420000.0,1091710000.0,7787601000.0,0.0975648866016914
ＡＩメカテック,6227,機械,スタンダード（内国株式）,JP,2025-06-30,茨城県,123028979712.0,9.777392,26.296743,41.20983,121.39349042842268,0.0945,0.0021834061,158.7,248.7,6.37000013397684,21005577000.0,2095320000.0,0.24339001,337742000.0,0.103999995,0.26426,0.39677492748102144,16512396000.0,12804041000.0,23649107000.0,8435304000.0,3647468000.0,,7136711000.0,0.058008373447511405
ジェイ・イー・ティ,6228,機械,スタンダード（内国株式）,JP,2024-12-31,岡山県,7980822016.0,0.81362283,,,25.428335512335234,0.2475,0.0097402595,-185.11,,139.81950157692856,17880000000.0,789000000.0,-0.017380001,318000000.0,-0.17974001,-0.23634,0.4891138048723079,13023000000.0,8575000000.0,23824000000.0,7638000000.0,2887000000.0,,10801000000.0,1.353369361996307
オーケーエム,6229,機械,スタンダード（内国株式）,JP,2025-03-31,滋賀県,8191894016.0,0.77731425,,12.208387,13.441911793654121,0.2622,0.02115283,152.6,,112.49999174479213,10438263000.0,783574000.0,0.19214001,553410000.0,0.06786,0.07171,0.7834027699121477,2851245000.0,2298227000.0,8744524000.0,802917000.0,2055771000.0,243378000.0,6063643600.0,0.7402004454838884
ＳＡＮＥＩ,6230,機械,スタンダード（内国株式）,JP,2025-03-31,大阪府,9878995968.0,0.65023345,6.397866,8.06066,6.499159859621878,0.2315,0.0,267.72,337.3,294.5627686979711,28465447000.0,1883799000.0,0.06052,1254463000.0,0.04201,0.082399994,0.5828050276420175,9677716000.0,6976134000.0,15618110000.0,2795547000.0,2155225000.0,484999000.0,6279893300.0,0.6356813304046082
木村工機,6231,機械,スタンダード（内国株式）,JP,2025-03-31,大阪府,46113128448.0,3.4000382,16.156883,15.673981,7.92080119715541,0.1436,0.0,835.78,810.8,576.9868638830111,16042155000.0,3675847000.0,0.24718,2496235000.0,0.17833,0.25661,0.5301548566082428,10425657000.0,4003030000.0,10689494000.0,4555534000.0,1598420000.0,67400000.0,311017000.0,0.006744651912973588
ＡＣＳＬ,6232,機械,グロース（内国株式）,JP,2025-12-31,東京都,55995379712.0,30.94861,-56.15672,,-4.964392089722678,0.0,0.0,-84.82,-53.6,-159.93901884658644,2598734000.0,-1840401000.0,-0.36319,-1363939000.0,-0.52463,-1.3993801,0.3099186428147902,3909101000.0,1045413000.0,5346079000.0,2863687000.0,2018722000.0,50020000.0,1471992000.0,0.026287740302340466
ＫＬＡＳＳ,6233,機械,スタンダード（内国株式）,JP,2025-09-30,兵庫県,2127663488.0,0.7047386,6.9256754,12.764633,28.19058552352595,0.31129998,0.0,32.12,59.2,14.148412062275792,9569361000.0,267516000.0,0.00669,172739000.0,0.02258,0.07316,0.31355006608329306,6713017000.0,4165280000.0,5322606000.0,3865602000.0,1308567000.0,292622000.0,-1185575600.0,-0.5572195070727275
オプトラン,6235,機械,プライム（内国株式）,JP,2025-12-31,埼玉県,182686662656.0,3.1748238,26.06216,62.48291,12.049461367133995,0.73870003,0.01173913,73.14,175.35,151.86464782753146,33861286000.0,3334561000.0,0.04974,2959661000.0,0.087390006,0.048800003,0.6660889408283791,28539781000.0,19881610000.0,56775671000.0,5405151000.0,31442433000.0,4182727000.0,31163798900.0,0.17058606494269155
イワキポンプ,6237,機械,プライム（内国株式）,JP,2025-03-31,東京都,62225031168.0,1.5932729,12.389576,13.512212,13.35507735875258,0.3516,0.025987895,207.59,226.4,202.31784409796563,45763291000.0,5845158000.0,0.1426,4468172000.0,0.094849996,0.11935,0.6996349842699511,16040846000.0,12105740000.0,37405328000.0,2757011000.0,8801530000.0,2161607000.0,22877606900.0,0.3676592276544346
フリュー,6238,機械,プライム（内国株式）,JP,2025-03-31,東京都,35572367360.0,1.520531,12.058903,19.174757,12.488321250381823,0.5572,0.029680366,70.04,111.37,94.21653236268354,44305986000.0,2239490000.0,0.09991,1627341000.0,0.04838,0.091520004,0.7977108961086251,5686443000.0,5362082000.0,22393180000.0,278403000.0,11733051000.0,14477000.0,16716870900.0,0.46993979149100973
ナガオカ,6239,機械,スタンダード（内国株式）,JP,2025-06-30,大阪府,9098278912.0,1.1990353,,12.006988,9.839782076825836,,0.024390243,108.77,,166.60961909014617,,,0.0995,,0.09087,0.10383,,,,,,,,,
ヤマシンフィルタ,6240,機械,プライム（内国株式）,JP,2025-03-31,神奈川県,39825248256.0,1.7775955,26.542925,22.89832,39.53797551681293,0.5998,0.020942409,24.98,21.55,11.009999997760435,20104378000.0,2630363000.0,0.11462,1723239000.0,0.08738,0.08131,0.8490018919391442,4022968000.0,3389226000.0,14434181000.0,319533000.0,6014576000.0,,10411213000.0,0.2614224256199449
ヒラノテクシード,6245,機械,スタンダード（内国株式）,JP,2025-03-31,奈良県,24311992320.0,0.6207752,10.327974,25.865679,11.580198672366658,1.4003,0.022900764,62.09,155.5,161.69604192605647,48355528000.0,1681555000.0,0.07131,905898000.0,0.02185,0.019650001,0.6198492250940094,23452752000.0,22505509000.0,48505434000.0,6836550000.0,11755531000.0,4481501000.0,28189732700.0,1.1594990788480144
テクノスマート,6246,機械,スタンダード（内国株式）,JP,2025-03-31,大阪府,21542754304.0,1.038814,,7.418059,12.77008027837677,0.335,0.0,253.84,,146.73515446267987,21578662000.0,3512489000.0,0.14508,2390888000.0,0.11419,0.13655,0.6018462705692575,12987355000.0,10096165000.0,25217324000.0,2000000000.0,6896070000.0,1908069000.0,13565617300.0,0.6297067268450985
日阪製作所,6247,機械,プライム（内国株式）,JP,2025-03-31,大阪府,42569875456.0,0.69550675,31.714006,10.63662,10.938008557508686,0.3351,0.031462062,152.21,51.05,85.79753971654975,38353000000.0,2931000000.0,0.06309,3782000000.0,0.091029994,0.06713,0.7212474454937906,22678000000.0,14779000000.0,38651000000.0,5000000000.0,12914000000.0,12387000000.0,24643900000.0,0.5789046769815384
横田製作所,6248,機械,スタンダード（内国株式）,JP,2025-03-31,広島県,3474620928.0,1.1687251,,11.167421,8.58537838648125,0.447,0.0,167.72,,146.03420544713703,2276777000.0,455938000.0,0.23417,319468000.0,0.14645,0.111990005,0.8050146427723391,707021000.0,592950000.0,2816826000.0,4534000.0,2089181000.0,,2109805000.0,0.6072043666686854
ゲームカードホールディングス,6249,機械,スタンダード（内国株式）,JP,2025-03-31,東京都,35417612288.0,0.5831787,3.4130847,7.418398,4.653952875564725,0.2938,0.03960396,340.37,739.8,526.5299985410586,37946000000.0,9017000000.0,0.17884001,6586000000.0,0.1344,0.06185,0.8744292237442922,8415000000.0,6022000000.0,57430000000.0,397000000.0,11303000000.0,7434000000.0,54218800000.0,1.5308428913591703
やまびこ,6250,機械,プライム（内国株式）,JP,2025-12-31,東京都,160565854208.0,3.1291955,11.944613,11.118035,6.362905930868299,0.2551,0.006203474,353.03,328.6,386.2104329368152,174020000000.0,19723000000.0,0.042379998,14444000000.0,0.0396,0.10637,0.707862516595368,49510000000.0,33953000000.0,122878000000.0,16429000000.0,16887000000.0,5164000000.0,76982800000.0,0.47944689348630154
野村マイクロ・サイエンス,6254,機械,プライム（内国株式）,JP,2025-03-31,神奈川県,164640604160.0,4.266645,18.413658,14.441698,23.9340778447472,0.26709998,0.017817372,299.48,234.88,209.6999979182512,96359952000.0,15372162000.0,0.11224,10199642000.0,0.10421,0.32354,0.3169458707823749,79769206000.0,78894628000.0,108990341000.0,53203241000.0,17330150000.0,846167000.0,29813451900.0,0.18108201225395698
エヌ・ピー・シー,6255,機械,グロース（内国株式）,JP,2025-08-31,東京都,15439394816.0,1.5285002,8.589744,20.038065,13.987153709212619,0.2717,0.01345895,36.78,85.8,77.81000171498285,9272037000.0,1920457000.0,0.12691,1325483000.0,0.10955,0.07929,0.8392194515649066,2075924000.0,1972677000.0,9649605000.0,,6421790000.0,,7573681000.0,0.4905426080659145
藤商事,6257,機械,スタンダード（内国株式）,JP,2025-03-31,大阪府,21384892416.0,0.50269276,9.533583,,7.0577907442306955,0.4477,0.025693731,-202.77,107.2,174.3449930874579,34597000000.0,3192000000.0,0.13668,2568000000.0,0.0014399999,0.0010899999,0.8797630242618018,6393000000.0,4573000000.0,32425000000.0,,21551000000.0,9719000000.0,32835300000.0,1.5354437778435068
平田機工,6258,機械,プライム（内国株式）,JP,2025-03-31,熊本県,110405836800.0,1.5278842,5.912065,17.26698,17.66994804827843,0.1916,0.03287671,208.78,609.77,139.42333167095964,88483792000.0,6898152000.0,0.08505,4778142000.0,0.06866,0.09392,0.5266540484735792,61439291000.0,43295311000.0,88035288000.0,34166854000.0,12882428000.0,2738741000.0,28513115700.0,0.25825732159117154
ＰＥＧＡＳＵＳ,6262,機械,スタンダード（内国株式）,JP,2025-03-31,大阪府,20709419008.0,0.67030513,8.945191,18.78801,-169.7903696988332,0.39119998,0.018181818,46.04,96.7,-2.9340253594589156,22040325000.0,1573460000.0,0.04409,964908000.0,0.02674,0.02339,0.7000735262576687,12754160000.0,7775074000.0,31074543000.0,6740666000.0,9456876000.0,513463000.0,18679807100.0,0.9019957099126747
マルマエ,6264,機械,プライム（内国株式）,JP,2025-08-31,鹿児島県,64567697408.0,6.709023,24.119318,42.175858,931.4683800976832,0.5223,0.008312552,60.39,105.6,0.7744729172833041,11403403000.0,2103905000.0,0.19436,1355987000.0,0.107880004,0.19094999,0.3206299020203634,17271929000.0,4623210000.0,10477608000.0,13531086000.0,4252863000.0,,-6794321000.0,-0.10522786583308107
コンバム,6265,機械,スタンダード（内国株式）,JP,2025-12-31,東京都,4903964160.0,0.8178726,,19.891445,12.534412454125189,0.3084,0.016129032,162.13,,159.3265114175434,1982229000.0,294700000.0,0.100760005,248657000.0,0.12513,0.04131,0.9363157483020973,363708000.0,219992000.0,3867515000.0,,3006181000.0,538229000.0,3880567300.0,0.791312328840511
タツモ,6266,機械,プライム（内国株式）,JP,2025-12-31,岡山県,48916402176.0,1.8430506,11.785216,13.826392,7.269642658559014,0.1392,0.010194902,244.46,286.8,289.940008457589,35428641000.0,4768774000.0,0.041500002,3541412000.0,0.09995,0.13875,0.566023417889285,19855814000.0,14393086000.0,37809969000.0,7926351000.0,16274465000.0,23924000.0,17970901800.0,0.36737987669945843
ゼネラルパッカー,6267,機械,スタンダード（内国株式）,JP,2024-07-31,愛知県,6075539968.0,0.82002157,,8.650229,7.067628630623371,0.2755,0.032212887,417.33,,407.655469929382,,,0.09814999,,0.06901,0.09972,0.5777939659753775,5024959000.0,4588784000.0,9047356000.0,245631000.0,3057548000.0,89091000.0,4084760700.0,0.6723288335710937
ナブテスコ,6268,機械,プライム（内国株式）,JP,2025-12-31,東京都,672287621120.0,2.4525626,53.17946,46.191628,32.461936306808475,0.6451,0.013913044,124.2,107.88,84.23999973426812,307912000000.0,20725000000.0,0.098850004,15695000000.0,0.05594,0.06266,0.5860717125978737,175157000000.0,134955000000.0,256426000000.0,59796000000.0,73340000000.0,17082000000.0,93226400000.0,0.1386704099127828
三井海洋開発,6269,機械,プライム（内国株式）,JP,2025-12-31,東京都,831364268032.0,3.6558266,33.435947,14.697532,1017.7462271880186,0.17549999,0.010723861,827.69,363.83,3.2300146316050378,4581232000.0,303912000.0,0.08347999,360677000.0,0.07873,0.30591,0.30504714679379125,3288530000.0,2964750000.0,2779612000.0,420283000.0,1326950000.0,15426000.0,-498119800.0,-0.0005991595010201075
レオン自動機,6272,機械,プライム（内国株式）,JP,2025-03-31,栃木県,42885083136.0,1.0384237,9.971743,11.528131,10.545445559113304,0.36310002,0.03099814,137.75,159.25,136.71999986607645,39214430000.0,5298159000.0,0.10402001,3889835000.0,0.0991,0.102060005,0.7862153637428166,10527269000.0,8867041000.0,29073703000.0,1418782000.0,15777876000.0,1953777000.0,19914077900.0,0.4643590834800801
ＳＭＣ,6273,機械,プライム（内国株式）,JP,2025-03-31,東京都,5319465893888.0,2.604747,25.661566,34.121056,29.62657924490105,0.4047,0.011825923,2469.15,3283.12,2766.920012006057,792108000000.0,190245000000.0,0.22313999,156344000000.0,0.19417,0.07903,0.9178933218200781,172462000000.0,135639000000.0,1421842000000.0,5041000000.0,655779000000.0,145267000000.0,1351066900000.0,0.25398544270250123
シリウスビジョン,6276,電気機器,スタンダード（内国株式）,JP,2025-12-31,神奈川県,1221815936.0,0.38334337,,,-8.738968740390884,0.0,0.03787879,-157.45,,-35.13000322121169,2064763000.0,-140550000.0,0.00587,-731214000.0,-0.04817,-0.06286,0.6624198233639269,791444000.0,627501000.0,2086906000.0,278730000.0,1086943000.0,331762000.0,1527695400.0,1.250348235759138
ホソカワミクロン,6277,機械,プライム（内国株式）,JP,2025-09-30,大阪府,81243848704.0,1.1707563,11.975789,26.772339,11.279774756596522,0.6039,0.010989011,206.93,462.6,370.8900004067826,77994000000.0,7051000000.0,0.049990002,4527000000.0,0.03837,0.04512,0.6542916658555104,35516000000.0,28920000000.0,67013000000.0,1285000000.0,31942000000.0,2947000000.0,33559900000.0,0.4130761963563611
ユニオンツール,6278,機械,プライム（内国株式）,JP,2025-12-31,東京都,319712296960.0,3.9965606,47.694504,51.78541,16.091826162170374,0.3532,0.006698821,354.54,384.95,305.8176555716353,40165000000.0,8728000000.0,0.17292,6114000000.0,0.15222,0.07985,0.9069748985283781,8205000000.0,6681000000.0,45673000000.0,,16433000000.0,10582000000.0,44875400000.0,0.140361820382575
瑞光,6279,機械,プライム（内国株式）,JP,2025-02-28,大阪府,23506663424.0,0.6605102,3.7381246,12.14602,-36.52761044252275,0.1611,0.013157895,74.51,242.1,-29.779999927446593,,,-0.0951,,0.09318,0.055180002,0.6537842061215576,18116149000.0,14961174000.0,35526550000.0,7572650000.0,15324753000.0,651675000.0,17866573500.0,0.7600642072306383
オイレス工業,6282,機械,プライム（内国株式）,JP,2025-03-31,神奈川県,75930525696.0,0.975178,,15.140046,11.589183228975195,0.4948,0.032596886,171.73,,177.79000273438166,67604000000.0,6948000000.0,0.10401,6308000000.0,0.09178001,0.0806,0.8160045415109093,16517000000.0,13496000000.0,59319000000.0,1358000000.0,25203000000.0,7545000000.0,48083500000.0,0.6332565138888934
日精エー・エス・ビー機械,6284,機械,プライム（内国株式）,JP,2025-09-30,長野県,122777174016.0,2.074703,19.93671,15.870556,12.225003477972678,0.38729998,0.024183797,516.05,410.8,385.52000471243,43654000000.0,10641000000.0,0.22811002,7740000000.0,0.17403,0.13958,0.7512438445640803,19442000000.0,12891000000.0,61477000000.0,6117000000.0,32469000000.0,775000000.0,42577500000.0,0.34678677320306633
靜甲,6286,機械,スタンダード（内国株式）,JP,2025-03-31,静岡県,10074952704.0,0.58869326,18.245613,9.646302,5.991627655600436,0.136,0.014175258,161.72,85.5,120.53338485316847,40099518000.0,1429134000.0,0.047420003,1045444000.0,0.02785,0.07468,0.5761826564849645,11731423000.0,10204132000.0,15544587000.0,2867632000.0,7095998000.0,2736492000.0,5728708400.0,0.5686089620773668
サトー,6287,機械,プライム（内国株式）,JP,2025-03-31,東京都,69540265984.0,0.82099915,9.138226,9.693185,19.598650623156995,0.3439,0.03563057,220.98,234.4,109.9999996914446,154807000000.0,12341000000.0,0.08206,7151000000.0,0.04156,0.08141,0.5477435835056562,59521000000.0,41677000000.0,91558000000.0,19490000000.0,27432000000.0,163000000.0,32151100000.0,0.46233789222775484
技研製作所,6289,機械,プライム（内国株式）,JP,2025-08-31,高知県,45684240384.0,1.1582642,18.202951,26.953009,18.705550523196315,0.73300004,0.027207106,66.82,98.94,90.9747894560779,26337000000.0,2566000000.0,0.05098,1487000000.0,0.0608,0.04341,0.8421096640675627,7553000000.0,6747000000.0,23849000000.0,1024000000.0,8585000000.0,2220000000.0,17850000000.0,0.39072555108635687
日本エアーテック,6291,機械,スタンダード（内国株式）,JP,2025-12-31,東京都,13263646720.0,1.3798779,,11.865619,9.72252214355722,0.4912,0.005185185,111.92,,109.75089860806214,14162334000.0,1163958000.0,-0.05412,1131475000.0,0.0043599997,0.00332,0.7431891526950496,5104329000.0,3955460000.0,12458436000.0,1566366000.0,3707142000.0,517767000.0,7716543900.0,0.5817814710312188
カワタ,6292,機械,スタンダード（内国株式）,JP,2025-03-31,大阪府,5518650880.0,0.42578948,,9.774808,7.161470023664153,0.4889,0.025465839,80.82,,133.10267476927578,20766991000.0,984441000.0,0.03997,576134000.0,0.0166,0.02523,0.522304056145884,11824252000.0,7482790000.0,18524916000.0,6110789000.0,6866390000.0,479421000.0,7036258700.0,1.2749961635551041
オカダアイヨン,6294,機械,プライム（内国株式）,JP,2025-03-31,大阪府,18039779328.0,0.99911284,7.0032825,11.342346,12.537166612518659,0.3746,0.03312444,197.49,319.85,234.0899890715345,26582659000.0,2279268000.0,0.10182,1475214000.0,0.059970003,0.09132,0.4789292613713395,18755787000.0,15682261000.0,24503714000.0,12465834000.0,4849253000.0,523395000.0,6114303500.0,0.338934495196947
ワイエイシイホールディングス,6298,機械,プライム（内国株式）,JP,2025-03-31,東京都,21657667584.0,1.3358386,6.834734,24.98464,14.955318821012703,0.8187,0.018337408,48.83,178.5,76.7200006930247,23041000000.0,1358000000.0,0.06293,559000000.0,0.04004,0.06397,0.4116487367959889,23996000000.0,15011000000.0,29760000000.0,16436000000.0,7182000000.0,2313000000.0,7383100000.0,0.3409000517421553
小松製作所,6301,機械,プライム（内国株式）,JP,2025-03-31,東京都,5981489070080.0,1.703755,15.630592,16.03459,9.13269112633696,0.45900002,0.028592927,413.98,424.68,473.4199999761359,,,0.12184,,0.091079995,0.113900006,0.5496468967041441,2428670000000.0,1649360000000.0,3298303000000.0,1220702000000.0,385569000000.0,10636000000.0,877078200000.0,0.14663208270115077
住友重機械工業,6302,機械,プライム（内国株式）,JP,2025-12-31,東京都,651807621120.0,0.95169014,16.316576,21.182459,49.00902077359045,0.48560002,0.022772819,257.43,334.2,63.85999995616397,1066881000000.0,51482000000.0,0.05234,30937000000.0,0.029930001,0.049239997,0.516207544412193,634304000000.0,409516000000.0,786782000000.0,252703000000.0,111072000000.0,23374000000.0,168839800000.0,0.25903317870061543
日立建機,6305,機械,プライム（内国株式）,JP,2025-03-31,東京都,1125373837312.0,1.2501849,12.311488,15.377907,9.581271795641458,0.5086,0.032151386,344.0,429.68,438.67999930859963,1371285000000.0,154730000000.0,0.09391,81428000000.0,0.05208,0.09119,0.45188960841002207,933054000000.0,613256000000.0,1000755000000.0,610423000000.0,147136000000.0,26296000000.0,86108200000.0,0.07651519623529977
日工,6306,機械,プライム（内国株式）,JP,2025-03-31,兵庫県,30789683200.0,0.86463624,,16.863655,20.31204251941932,0.71790004,0.04234122,47.38,,34.24472859564821,49162000000.0,2767000000.0,0.03266,2009000000.0,0.0392,0.053829998,0.5421734013338564,29167000000.0,21515000000.0,40126000000.0,10250000000.0,14038000000.0,5565000000.0,14854500000.0,0.48245056318085144
サンセイ,6307,機械,スタンダード（内国株式）,JP,2025-03-31,大阪府,4080208128.0,0.8244515,,6.424376,9.394473164996757,0.18360001,0.029239766,81.72,,41.9983723256764,5781584000.0,454983000.0,0.18555,346003000.0,0.106879994,0.14455,0.7305861319651319,1724835000.0,1246740000.0,3470248000.0,355162000.0,1084811000.0,251380000.0,1921379000.0,0.4709022039377693
巴工業,6309,機械,プライム（内国株式）,JP,2025-10-31,東京都,52992815104.0,1.2542381,4.734769,14.021309,9.716995227499075,0.4689,0.033781074,128.59,380.8,120.79921749884248,59365470000.0,5352550000.0,0.109110005,3851323000.0,0.062459998,0.09047,0.7579412022854067,13648670000.0,12693373000.0,41756441000.0,,13367527000.0,2202432000.0,29649473400.0,0.5594998744983072
井関農機,6310,機械,プライム（内国株式）,JP,2025-12-31,東京都,42156179456.0,0.5712607,13.465847,15.298079,-6.841836292399641,0.32819998,0.021645023,121.78,138.35,-133.63000196067316,185770000000.0,4230000000.0,-0.04208,2757000000.0,0.014839999,0.03856,0.3522854755937463,131049000000.0,96922000000.0,102431000000.0,62172000000.0,12891000000.0,13200000000.0,-19378000000.0,-0.459671636520704
ＴＯＷＡ,6315,機械,プライム（内国株式）,JP,2025-03-31,京都府,201675309056.0,2.9873471,13.914484,43.87855,37.94345773161866,0.32669997,0.0,61.26,193.18,85.89999995867753,53479205000.0,8880404000.0,0.18541001,8121050000.0,0.08448,0.06959,0.7375643718906529,21842120000.0,18009944000.0,50652299000.0,10064783000.0,21338921000.0,4446381000.0,31922645700.0,0.15828732753366406
丸山製作所,6316,機械,スタンダード（内国株式）,JP,2025-09-30,東京都,9693750272.0,0.47536835,,13.489482,16.828139577276847,0.4069,0.030864198,184.44,,141.27388818396557,41266000000.0,1080000000.0,0.00287,743000000.0,0.02197,0.04815,0.5267384465870438,18308000000.0,15070000000.0,22700000000.0,7127000000.0,3877000000.0,4762000000.0,7725400000.0,0.7969464637762024
北川鉄工所,6317,機械,スタンダード（内国株式）,JP,2025-03-31,広島県,14951459840.0,0.3455195,3.8122199,4.620047,10.987712716238839,0.1716,0.036452007,349.78,423.9,137.2549019607843,57280000000.0,1873000000.0,0.02833,1246000000.0,0.04689,0.064569995,0.5089390243902439,40263000000.0,25407000000.0,41500000000.0,14044000000.0,11503000000.0,4323000000.0,4263100000.0,0.2851293482790775
タクミナ,6322,機械,スタンダード（内国株式）,JP,2025-03-31,大阪府,10840312832.0,0.989717,,8.929586,11.139729959205534,0.2843,0.0,175.82,,165.2156752948577,11119396000.0,1603323000.0,0.16454001,1217452000.0,0.11035,0.113579996,0.69910872772303,4432216000.0,3671889000.0,9595059000.0,388000000.0,3213766000.0,1888491000.0,6484786700.0,0.5982102915754673
ローツェ,6323,機械,プライム（内国株式）,JP,2025-02-28,広島県,684361646080.0,5.255062,28.706532,36.049698,12.908775623786315,0.1555,0.004255319,109.46,137.46,133.99000036833928,,,0.22115,,0.1479,0.13018,0.627997528470528,59023000000.0,40664000000.0,145520000000.0,31613000000.0,62990000000.0,1446000000.0,87509200000.0,0.12786981927062935
ハーモニック・ドライブ・システムズ,6324,機械,プライム（内国株式）,JP,2025-03-31,東京都,659827523584.0,8.506141,92.086136,142.71089,-15.181716442963626,0.40919998,0.003030303,48.84,75.69,-260.9999991372595,55645940000.0,6994000.0,0.050580002,3473539000.0,0.0,0.0591,0.6947887375932351,34678617000.0,13896702000.0,53164779000.0,20740282000.0,24900137000.0,409931000.0,18773113700.0,0.028451546849742878
タカキタ,6325,機械,スタンダード（内国株式）,JP,2025-03-31,三重県,4551364096.0,0.5456062,8.76087,22.513968,7.584858000909947,0.55799997,0.012345679,17.9,46.0,61.66999812716613,7007957000.0,344723000.0,0.10163999,566419000.0,0.012,0.02162,0.8146892001039323,1840051000.0,1720158000.0,6193221000.0,108404000.0,1773021000.0,829267000.0,4933656900.0,1.0839952146074143
クボタ,6326,機械,プライム（内国株式）,JP,2025-12-31,大阪府,3292042887168.0,1.2247652,14.70633,17.725046,9.058418390767049,0.3059,0.017421603,163.3,196.82,197.60999993571846,3018891000000.0,265470000000.0,0.12104,186687000000.0,0.070149995,0.08871,0.4227273921341957,3331885000000.0,1770928000000.0,2923181000000.0,2242079000000.0,276959000000.0,181982000000.0,-281316600000.0,-0.08545350399186455
北川精機,6327,機械,スタンダード（内国株式）,JP,2024-06-30,広島県,22543095808.0,3.9878688,37.347767,45.46952,7.921725887483388,0.1974,0.0040133777,60.7,73.9,85.05576457941413,,,0.12178001,,0.09368,0.118310004,0.5649523441705262,3667738000.0,2911482000.0,6449231000.0,1441713000.0,3435554000.0,122862000.0,2867496400.0,0.12720064823494184
荏原実業,6328,機械,プライム（内国株式）,JP,2025-12-31,東京都,60266881024.0,4.3324747,8.680793,13.776645,14.37063277429323,0.2714,0.037750095,184.37,292.6,132.10999837509306,41211000000.0,6121000000.0,0.23491,4384000000.0,0.113170005,0.17305,0.5774516895732148,20444000000.0,17383000000.0,35168000000.0,1523000000.0,15170000000.0,8924000000.0,20970800000.0,0.34796557651040255
東洋エンジニアリング,6330,建設業,プライム（内国株式）,JP,2025-03-31,千葉県,124990742528.0,3.1745088,18.842756,,5.490348185033082,0.72480005,0.011579435,-47.07,113.2,167.59214355471008,278091000000.0,2592000000.0,-0.44263,2020000000.0,0.0,,0.20938736488042484,226357000000.0,182638000000.0,244209000000.0,51449000000.0,90324000000.0,6889000000.0,22674300000.0,0.1814078350236265
三菱化工機,6331,機械,プライム（内国株式）,JP,2025-03-31,神奈川県,75577245696.0,1.8585362,9.031556,12.367754,5.234678746295821,0.3479,0.028197281,268.44,367.6,236.229995134021,59202000000.0,5703000000.0,0.10471,4879000000.0,0.08585,0.17166,0.5776437875902922,27949000000.0,21813000000.0,50839000000.0,3300000000.0,10823000000.0,4434000000.0,25993800000.0,0.3439368524298544
月島ホールディングス,6332,機械,プライム（内国株式）,JP,2025-03-31,東京都,119074660352.0,1.2826151,26.28821,7.2921968,20.924047581755257,0.2011,0.029821718,412.77,114.5,62.37095042323178,139235000000.0,8921000000.0,0.07643,6669000000.0,0.1245,0.18406,0.4840570513087262,80196000000.0,48126000000.0,111716000000.0,21648000000.0,30561000000.0,24363000000.0,48574100000.0,0.40792977999188673
ＴＥＩＫＯＫＵ,6333,機械,プライム（内国株式）,JP,2025-03-31,兵庫県,43300237312.0,1.4231731,11.839899,10.100469,13.401741701515009,0.4432,0.0,279.69,238.6,173.80999733712233,30546287000.0,6055736000.0,0.16341,3811499000.0,0.15359999,0.14501001,0.7722039906626404,8891853000.0,7634232000.0,31623710000.0,586067000.0,13886562000.0,1147726000.0,23535265200.0,0.54353663307701
明治機械,6334,機械,スタンダード（内国株式）,JP,2025-03-31,東京都,4318251008.0,1.4895656,,14.144621,12.4959854420463,0.2116,0.014962593,28.35,,27.88300044385264,6511496000.0,267595000.0,-0.03289,120428000.0,0.02779,0.06068,0.44465336248364395,3794733000.0,2396236000.0,4850718000.0,2011817000.0,1652416000.0,149409000.0,1160571300.0,0.26875957369081216
東京機械製作所,6335,機械,スタンダード（内国株式）,JP,2025-03-31,東京都,4472501760.0,0.5492452,,667.4699,-48.47162856697147,,0.0,0.83,,-9.551979450417885,7401882000.0,641395000.0,0.1245,345647000.0,0.01918,0.01938,0.562437508807946,5240765000.0,2744885000.0,11410023000.0,32964000.0,7554941000.0,255778000.0,6348302600.0,1.4194075129888826
石井表記,6336,機械,スタンダード（内国株式）,JP,2026-01-31,広島県,9361721344.0,0.87961304,,10.590999,5.118601830806829,0.2531,0.023026315,110.66,,96.66339548577037,15651000000.0,1143000000.0,0.04948,890000000.0,0.05687,0.087340005,0.6686561537978262,5274000000.0,3791000000.0,10756000000.0,1274000000.0,4368000000.0,136000000.0,5577200000.0,0.5957451407773925
テセック,6337,機械,スタンダード（内国株式）,JP,2025-03-31,東京都,13713485824.0,0.977455,10.3911495,28.15243,8.081921412986025,,0.021505376,93.42,253.1,271.8464022967881,5892000000.0,439000000.0,0.04526,427000000.0,0.05244,0.02056,0.9152126147085433,1311000000.0,834000000.0,9300000000.0,363000000.0,4352000000.0,3607000000.0,10513900000.0,0.7666832587232928
タカトリ,6338,機械,スタンダード（内国株式）,JP,2025-09-30,奈良県,8663056384.0,0.8932349,,15.256769,8.582121707119853,0.37330002,0.023752969,107.1,,354.9164343159218,7330581000.0,820448000.0,-0.20188,584879000.0,0.08604,0.06322,0.6452139876762837,5645327000.0,5584240000.0,12973691000.0,4134597000.0,5120396000.0,962873000.0,8002375100.0,0.9237357746833753
新東工業,6339,機械,プライム（内国株式）,JP,2025-03-31,愛知県,52096507904.0,0.4197945,,16.717222,6.913737060261287,0.741,0.043824703,59.34,,166.2299994627025,150224000000.0,3005000000.0,0.020539999,2757000000.0,0.017180001,0.03223,0.5052203882346978,109640000000.0,54145000000.0,119723000000.0,51171000000.0,40533000000.0,32985000000.0,33172500000.0,0.6367509327329212
澁谷工業,6340,機械,プライム（内国株式）,JP,2025-06-30,石川県,104716836864.0,0.92677385,9.106219,11.661583,9.893557644018905,0.3005,0.013386881,324.57,415.65,353.539994044653,129017000000.0,13749000000.0,0.094390005,10052000000.0,0.06756,0.08125,0.6769347534279226,51497000000.0,42723000000.0,105574000000.0,3696000000.0,45579000000.0,3639000000.0,56624300000.0,0.540737303529711
太平製作所,6342,機械,スタンダード（内国株式）,JP,2025-03-31,愛知県,3517221888.0,0.4864088,,21.161825,4.004557942449304,0.62700003,0.029750837,127.73,,762.8303507516106,7855530000.0,907977000.0,0.10897,576746000.0,0.034649998,0.03162,0.6634069252524226,3498574000.0,3092536000.0,7704958000.0,795048000.0,3520952000.0,582538000.0,4614160600.0,1.3118764601524053
フリージア・マクロス,6343,機械,スタンダード（内国株式）,JP,2025-03-31,東京都,7380194304.0,0.5056656,,8.138958,7.32404885296568,0.0298,0.0037037039,20.15,,14.610888923069005,6971719000.0,1348705000.0,0.17695999,906700000.0,0.1684,0.094510004,0.377892017083399,13525813000.0,3701442000.0,8768980000.0,10222220000.0,1110017000.0,6383065000.0,-288687500.0,-0.03911651754799111
アイチ　コーポレーション,6345,機械,プライム（内国株式）,JP,2025-03-31,埼玉県,90060267520.0,1.1944618,16.205854,13.847528,13.959139915168327,0.5957,0.042765502,100.74,86.08,70.2599996131091,59306955000.0,7440218000.0,0.17023,6334645000.0,0.11169,0.083529994,0.8372304846645161,16335377000.0,14612890000.0,71048447000.0,214581000.0,46871546000.0,5395663000.0,58490034100.0,0.6494543677322623
キクカワエンタープライズ,6346,機械,スタンダード（内国株式）,JP,2025-03-31,三重県,7314850816.0,0.5778561,,10.394975,8.481710143096624,0.2497,0.0,581.05,,512.1365130081368,5533700000.0,1024218000.0,0.10293999,743887000.0,0.113129996,0.045300003,0.8462789411877911,2231752000.0,1302856000.0,10497859000.0,,7757520000.0,1520989000.0,9330799300.0,1.275596664198599
プラコー,6347,機械,スタンダード（内国株式）,JP,2025-03-31,埼玉県,2608196608.0,1.6623014,,,-7.429254451457687,4.3796,0.021978023,-2.65,,-28.608460904278054,2227703000.0,-139117000.0,0.06525,-95803000.0,0.00418,,0.5188868590124711,1468709000.0,466213000.0,2272702000.0,1142299000.0,1142526000.0,22653000.0,819850100.0,0.31433600422809843
小森コーポレーション,6349,機械,プライム（内国株式）,JP,2025-03-31,東京都,84953530368.0,0.70942414,35.816555,9.8754015,12.778435478274613,0.512,0.0512979,162.12,44.7,86.7899992263516,111050000000.0,7118000000.0,0.114209995,7248000000.0,0.08101,0.08365,0.6679408958158632,57418000000.0,53163000000.0,124039000000.0,10305000000.0,48148000000.0,20794000000.0,81176800000.0,0.9555435736261927
鶴見製作所,6351,機械,プライム（内国株式）,JP,2025-03-31,大阪府,93295534080.0,0.9207153,13.159675,11.65578,10.73568724256754,0.1558,0.013026052,166.87,147.8,168.81000171559683,68058000000.0,10253000000.0,0.0908,8783000000.0,0.10353,0.07959,0.717806385874731,35659000000.0,25828000000.0,81657000000.0,15679000000.0,31145000000.0,12662000000.0,54861400000.0,0.5880388653218587
日本ギア工業,6356,機械,スタンダード（内国株式）,JP,2025-03-31,東京都,19974473728.0,3.6638932,,13.487791,5.502560655265436,0.0769,0.0026263953,104.02,,108.12810300294618,9555548000.0,2105778000.0,0.10497,1550400000.0,0.03791,0.07383,0.8245889750295167,2672167000.0,2016983000.0,10483231000.0,109795000.0,4496297000.0,1060316000.0,8553285200.0,0.4282107912565475
三精テクノロジーズ,6357,機械,スタンダード（内国株式）,JP,2025-03-31,大阪府,38758522880.0,0.8167703,,10.280644,10.79498082225514,0.2894,0.028208744,207.38,,109.76823992859417,61861600000.0,4797324000.0,0.06865,2995460000.0,0.07851,0.1232,0.513417780814368,42483895000.0,27595944000.0,54169895000.0,16746885000.0,21846573000.0,8058452000.0,17326916400.0,0.4470479035964747
酒井重工業,6358,機械,プライム（内国株式）,JP,2025-03-31,東京都,18462822400.0,0.6088455,8.135273,32.621212,10.647834983264215,1.599,0.02942607,66.0,264.65,287.3929580781912,27854055000.0,1583769000.0,-0.00017999999,1435953000.0,0.018129999,0.016,0.705010822271392,12494099000.0,10429707000.0,26611283000.0,5417510000.0,7668034000.0,5661936000.0,18080539200.0,0.9792944333364763
東京自働機械製作所,6360,機械,スタンダード（内国株式）,JP,2025-03-31,東京都,5852532224.0,2.4347835,,7.980861,3.3021490874299384,0.4592,0.009592326,522.5,,797.4649462543753,12890103000.0,1564957000.0,-0.01572,1222328000.0,0.0016699999,0.0037,0.5953302192968847,6416423000.0,4107799000.0,9860141000.0,1069330000.0,3684314000.0,3762982000.0,6077805400.0,1.0384915737970997
荏原製作所,6361,機械,プライム（内国株式）,JP,2025-12-31,東京都,2621168156672.0,2.089127,37.545788,34.603325,15.632081741786486,0.35509998,0.0051361066,165.88,152.88,154.43216273319968,958285000000.0,113802000000.0,0.074200004,76633000000.0,0.04546,0.09571999,0.470222260005304,560536000000.0,448343000000.0,717392000000.0,224735000000.0,143485000000.0,5086000000.0,160416200000.0,0.06120027041823768
酉島製作所,6363,機械,プライム（内国株式）,JP,2025-03-31,大阪府,87249870848.0,1.5812837,14.708442,25.352533,11.434291317508002,0.458,0.01770682,133.32,229.8,234.18000282596012,86501000000.0,5449000000.0,0.049039997,4068000000.0,0.0,0.086940005,0.48455730360401655,59206000000.0,37338000000.0,81190000000.0,22728000000.0,17115000000.0,10463000000.0,29308100000.0,0.3359099528188221
ＡＩＲＭＡＮ,6364,機械,プライム（内国株式）,JP,2025-03-31,新潟県,44907151360.0,1.0022607,7.5910745,9.155819,10.155407829535545,0.31309998,0.0,182.07,219.6,182.16160749928923,54827987000.0,6918812000.0,0.11766,4812530000.0,0.10064,0.1301,0.6365095780512073,23164732000.0,12700986000.0,47507097000.0,7915447000.0,19245867000.0,3888325000.0,27064192500.0,0.6026699908671295
電業社機械製作所,6365,機械,スタンダード（内国株式）,JP,2025-03-31,東京都,22587830272.0,0.7869728,,7.6186485,8.934134582598213,0.2447,0.03187614,715.35,,412.97896119980066,28077000000.0,3235000000.0,0.10526,2426000000.0,0.09184,0.10009,0.6876868714324544,12639000000.0,11700000000.0,30815000000.0,67000000.0,6515000000.0,3765000000.0,20811500000.0,0.9213589684972111
千代田化工建設,6366,建設業,スタンダード（内国株式）,JP,2025-03-31,神奈川県,213032157184.0,1.9875716,14.04168,10.12939,-5.793123364032594,0.0,0.0,81.15,58.54,-69.22000012802486,456969000000.0,24422000000.0,0.041690003,26987000000.0,0.1714,1.20483,0.05141486311204813,435580000000.0,409531000000.0,437274000000.0,23599000000.0,153340000000.0,3976000000.0,4477200000.0,0.02101654538536619
ダイキン工業,6367,機械,プライム（内国株式）,JP,2025-03-31,大阪府,7549456220160.0,2.394307,26.03383,27.417074,22.357951393775195,0.36200002,0.012857735,940.29,990.25,888.6399997902585,4752335000000.0,401669000000.0,0.05163,264757000000.0,0.05666,0.0929,0.5465158093557974,2266724000000.0,1543047000000.0,2853654000000.0,986849000000.0,802663000000.0,160032000000.0,698952400000.0,0.09258314501295124
オルガノ,6368,機械,プライム（内国株式）,JP,2025-03-31,東京都,857344704512.0,6.5579314,41.127163,31.140396,19.09209754726709,0.3071,0.010049153,598.74,453.35,376.91999747849013,163269000000.0,31121000000.0,0.19437,24150000000.0,0.16078,0.23462999,0.6221681516080578,73203000000.0,64401000000.0,164367000000.0,22557000000.0,16751000000.0,2373000000.0,92825100000.0,0.10827045354276257
トーヨーカネツ,6369,機械,プライム（内国株式）,JP,2025-03-31,東京都,42734952448.0,1.0871267,10.808042,11.536035,8.812452812757604,0.6018,0.05143885,237.69,253.7,228.06499557185566,60474000000.0,4132000000.0,0.04842,3638000000.0,0.0617,0.09712,0.5768580580105581,28528000000.0,20393000000.0,40140000000.0,13985000000.0,6516000000.0,6497000000.0,16159900000.0,0.37814245890792575
栗田工業,6370,機械,プライム（内国株式）,JP,2025-03-31,東京都,975760850944.0,2.7886052,26.566364,43.85913,23.25154131801084,0.5007,0.011288181,203.31,335.65,259.7000005453976,408888000000.0,31274000000.0,0.14554,20305000000.0,0.05702,0.06791,0.6121279025920441,210445000000.0,132567000000.0,220950000000.0,93470000000.0,62951000000.0,15541000000.0,21383700000.0,0.02191489849107221
椿本チエイン,6371,機械,プライム（内国株式）,JP,2025-03-31,大阪府,238232092672.0,0.903099,12.4073515,11.272022,9.199187238152462,0.4013,0.03583196,216.82,196.98,170.55000035349295,279193000000.0,22854000000.0,0.08719,22122000000.0,0.08136,0.087510005,0.6993297623213373,109350000000.0,62505000000.0,193313000000.0,27237000000.0,67945000000.0,39876000000.0,111876200000.0,0.4696101131682209
日機装,6376,精密機器,プライム（内国株式）,JP,2025-12-31,東京都,173604143104.0,1.0975553,21.749796,12.911995,7.863679973489955,0.1942,0.01510574,206.01,122.3,120.00000060324243,215642000000.0,15331000000.0,0.11002,13652000000.0,0.06331,0.09137,0.44167325181708267,197901000000.0,87625000000.0,194408000000.0,110100000000.0,44584000000.0,,-3493000000.0,-0.020120487550273895
木村化工機,6378,機械,スタンダード（内国株式）,JP,2025-03-31,兵庫県,24408750080.0,1.2660137,,11.92695,8.254006428062203,,0.031107739,106.23,,78.46277669251084,26431000000.0,3018000000.0,0.093109995,2309000000.0,0.07572,0.107250005,0.5641864991595151,14778000000.0,10848000000.0,24394000000.0,1542000000.0,9892000000.0,2024000000.0,11032800000.0,0.4520018421197256
レイズネクスト,6379,建設業,プライム（内国株式）,JP,2025-03-31,神奈川県,129793466368.0,1.4813226,17.747416,12.140042,13.925535539882151,0.5102,0.0437798,197.94,135.4,134.20000109966617,157371000000.0,10859000000.0,0.08172,8100000000.0,0.06201,0.12696,0.7382461196569325,29545000000.0,26414000000.0,87315000000.0,1500000000.0,3575000000.0,4711000000.0,61067700000.0,0.4704990297959711
オリエンタルチエン工業,6380,機械,スタンダード（内国株式）,JP,2025-03-31,石川県,6208236032.0,3.3021107,,39.133472,16.92039734602311,0.26209998,0.007075472,114.48,,107.67108402701066,4055683000.0,142675000.0,0.07376,100333000.0,0.04941,,0.36174435460622145,3274464000.0,1904478000.0,2665127000.0,2099381000.0,358342000.0,223958000.0,-452566400.0,-0.07289774384660509
アネスト岩田,6381,機械,プライム（内国株式）,JP,2025-03-31,神奈川県,65853751296.0,1.3875633,12.618868,15.5130825,10.069369351243646,,0.03919167,107.78,132.5,122.12800129067824,54411000000.0,5907000000.0,0.097550005,4276000000.0,0.07561,0.09493,0.6770324557093725,15643000000.0,12161000000.0,45229000000.0,2869000000.0,21336000000.0,3173000000.0,31807100000.0,0.4829960233705317
トリニティ工業,6382,機械,スタンダード（内国株式）,JP,2025-03-31,愛知県,20719591424.0,0.5981383,,7.704308,7.470220419629048,0.4019,0.051657673,166.66,,149.22944610034773,,,0.0876,,0.06902,0.08245,0.7582478353976467,9583337000.0,7992873000.0,25699240000.0,178579000.0,9358834000.0,3169053000.0,18334240100.0,0.8848745964538186
ダイフク,6383,機械,プライム（内国株式）,JP,2025-12-31,大阪府,2849384431616.0,6.3102865,53.954884,38.19311,29.388640519962028,0.3852,0.010072314,202.89,143.62,118.45000010435147,660724000000.0,101443000000.0,0.14653,78096000000.0,0.1182,0.18377,0.5987011592246732,302651000000.0,227180000000.0,583765000000.0,61380000000.0,261252000000.0,7268000000.0,286201600000.0,0.10044330867551053
昭和真空,6384,機械,スタンダード（内国株式）,JP,2025-03-31,神奈川県,11141054464.0,0.9852292,,16.01136,48.84233301289409,0.6218,0.037899297,112.67,,26.669097323285392,8480131000.0,792275000.0,0.04853,561931000.0,0.07238,0.06151,0.7501096826248549,3861155000.0,2910860000.0,11725302000.0,568579000.0,4978440000.0,173248000.0,7985420600.0,0.7167562662765203
サムコ,6387,機械,プライム（内国株式）,JP,2024-07-31,京都府,105785917440.0,7.6189437,62.240074,61.048534,23.166092775370736,0.2779,0.0,215.73,211.6,183.25000096480719,,,0.22410999,,0.17679001,0.13101,0.7632026507777196,3816232000.0,2833557000.0,11188327000.0,1111261000.0,6592297000.0,369068000.0,7630442600.0,0.07213098666302024
加藤製作所,6390,機械,プライム（内国株式）,JP,2025-03-31,東京都,15794177024.0,0.3669739,4.740542,,3.779183632795782,0.17979999,0.024787536,-225.92,298.7,361.44267775170533,52932000000.0,904000000.0,-0.017070001,-6033000000.0,0.08291,0.09892,0.43408566673479515,58146000000.0,40630000000.0,80292000000.0,43808000000.0,14763000000.0,2823000000.0,24122100000.0,1.527278057181791
加地テック,6391,機械,スタンダード（内国株式）,JP,2025-03-31,大阪府,7890362368.0,0.93102294,,10.899618,14.543098656066723,0.1372,0.0,437.63,,349.5483146488446,7003943000.0,620082000.0,0.095769994,578915000.0,0.092700005,0.08875,0.6763667585834009,3740998000.0,1931262000.0,7421054000.0,1371856000.0,1672461000.0,,3680056000.0,0.4663988582989247
ヤマダコーポレーション,6392,機械,スタンダード（内国株式）,JP,2025-03-31,東京都,16038031360.0,0.9195807,,9.44021,6.760112705909022,0.2959,0.0,709.73,,801.731299623903,14628739000.0,1962778000.0,0.15776,1607420000.0,0.098170005,0.08901,0.8501083654164213,2599389000.0,1497386000.0,11258422000.0,943243000.0,4096635000.0,349903000.0,8903965100.0,0.5551781824175208
油研工業,6393,機械,スタンダード（内国株式）,JP,2025-03-31,神奈川県,10847727616.0,0.4807325,,9.317245,10.417714374566515,0.6415,0.07011686,327.35,,199.68243938605625,33496199000.0,1920831000.0,0.0365,1249115000.0,0.03325,0.052589998,0.5148333389980165,18702426000.0,12715803000.0,29495220000.0,7225180000.0,6508567000.0,3613639000.0,13322341300.0,1.2281227711092262
タダノ,6395,機械,プライム（内国株式）,JP,2025-12-31,香川県,176082518016.0,0.85505027,14.901583,9.624819,21.027994475911733,0.3039,0.030704815,144.73,93.48,52.290000088567076,349477000000.0,18556000000.0,0.04676,18298000000.0,0.04658,0.08405,0.448955246014974,252585000000.0,158032000000.0,325320000000.0,146016000000.0,81842000000.0,11631000000.0,80876700000.0,0.45931135533086265
宇野澤組鐵工所,6396,機械,スタンダード（内国株式）,JP,2025-03-31,東京都,4257423360.0,1.1857584,,10.024705,7.982268750839844,0.13,0.0,384.55,,384.2264492753623,4954532000.0,594310000.0,-0.01059,396864000.0,0.07097,0.09758,0.3985214766572937,5066985000.0,2204688000.0,5512020000.0,2295121000.0,2883043000.0,523921000.0,811779700.0,0.19067394321808767
不二精機,6400,機械,スタンダード（内国株式）,JP,2025-12-31,大阪府,2315587584.0,0.6254962,,10.035088,13.044795227971385,0.2456,0.024390243,28.5,,17.190764291887888,8719263000.0,474119000.0,0.03506,230783000.0,0.02638,0.063769996,0.37796017942448457,6094465000.0,3724356000.0,5171814000.0,3755897000.0,1871042000.0,191714000.0,-788451200.0,-0.34049724806263254
兼松エンジニアリング,6402,機械,スタンダード（内国株式）,JP,2025-03-31,高知県,7418841600.0,3.395719,12.03336,9.14303,8.817880320031932,0.0725,0.0051198,165.7,125.9,126.79204851931482,13300759000.0,954443000.0,-0.00062,700690000.0,-0.01511,-0.025339998,0.5911210417452271,4938990000.0,3493298000.0,6706357000.0,1490853000.0,1579529000.0,20935000.0,1782021500.0,0.24020212266022772
水道機工,6403,機械,スタンダード（内国株式）,JP,2025-03-31,東京都,17227071488.0,1.462831,,14.0056505,17.719112522884025,0.0,0.0,286.67,,85.60765103802193,25966000000.0,1479000000.0,0.1457,427000000.0,0.03935,0.11209,0.390520053732489,15880000000.0,13212000000.0,20794000000.0,1980000000.0,4145000000.0,1493000000.0,5959100000.0,0.34591485872401345
鈴茂器工,6405,機械,スタンダード（内国株式）,JP,2025-03-31,東京都,12630506496.0,1.0205967,8.906373,20.33046,12.892508673692568,0.6104,0.029616725,55.68,127.1,88.23252347620453,15568092000.0,1890110000.0,0.08222,1462998000.0,0.02554,0.02686,0.8180593152488023,3502854000.0,2007907000.0,10841277000.0,153860000.0,5597109000.0,47229000.0,7371483300.0,0.5836253124397269
ＣＫＤ,6407,機械,プライム（内国株式）,JP,2025-03-31,愛知県,459039178752.0,3.14956,27.240286,36.550327,22.925740581974825,0.39360002,0.010866373,187.96,252.2,124.94000055412344,155634000000.0,19023000000.0,0.11796,13520000000.0,0.08444,0.09194,0.6474223088487056,74347000000.0,39983000000.0,131473000000.0,35801000000.0,35333000000.0,8599000000.0,63145300000.0,0.13755971804340214
小倉クラッチ,6408,機械,スタンダード（内国株式）,JP,2025-03-31,群馬県,6582664192.0,0.3699816,,5.945785,-7.9144391029685535,0.067600004,0.010905125,740.02,,-399.6081434526411,43907000000.0,465000000.0,0.04192,1162000000.0,0.03635,0.09011,0.37651287941633166,29312000000.0,22087000000.0,31118000000.0,18618000000.0,7933000000.0,1010000000.0,2513000000.0,0.3817603217636535
平和,6412,機械,プライム（内国株式）,JP,2025-03-31,東京都,179797327872.0,0.70863265,8.037919,14.440748,10.913905614794398,0.6334,0.043980207,126.24,226.8,168.43000030023552,145867000000.0,27691000000.0,0.26381,13064000000.0,0.0,0.037809998,0.2321390873698885,807284000000.0,111411000000.0,137807000000.0,628425000000.0,77799000000.0,8520000000.0,-663513000000.0,-3.6903384930857444
理想科学工業,6413,機械,プライム（内国株式）,JP,2025-03-31,東京都,60389167104.0,0.881703,6.60702,13.965668,19.47303404551805,0.7277,0.0,68.74,145.3,72.74000048212271,78723000000.0,6183000000.0,0.06311,4088000000.0,0.055419996,0.064720005,0.7479839389951749,22407000000.0,17990000000.0,41232000000.0,4412000000.0,13610000000.0,4288000000.0,21826600000.0,0.361432373498562
ＳＡＮＫＹＯ,6417,機械,プライム（内国株式）,JP,2025-03-31,東京都,342093791232.0,1.3751904,1154.6666,6.696566,7.523766719425557,0.4059,0.05785124,258.64,1.5,201.42999984152522,191821000000.0,73605000000.0,0.36947,53992000000.0,0.0,,0.8464401010961988,51705000000.0,41860000000.0,294541000000.0,,180064000000.0,5349000000.0,246580300000.0,0.7207973553450873
日本金銭機械,6418,機械,プライム（内国株式）,JP,2025-03-31,大阪府,26394202112.0,0.75130665,32.00658,5.701061,10.676827522346846,0.2696,0.047866806,170.67,30.4,112.58999935984903,37815935000.0,4910594000.0,0.16922002,3810465000.0,0.15174,0.14310001,0.6485978180595287,17354008000.0,8068419000.0,41465835000.0,10860265000.0,17457475000.0,950992000.0,24777521400.0,0.9387486424048794
マースグループホールディングス,6419,機械,プライム（内国株式）,JP,2025-03-31,東京都,51394768896.0,0.61727464,15.716704,7.1123934,5.872617773969759,0.3832,0.05389867,391.57,177.2,499.8899902542835,42250771000.0,12331582000.0,0.29177,8716277000.0,0.21583,0.08817001,0.8991891416842419,8770635000.0,5996279000.0,52004781000.0,544581000.0,36373416000.0,16113027000.0,54513264900.0,1.060677303760436
ガリレイ,6420,機械,プライム（内国株式）,JP,2025-03-31,大阪府,138110615552.0,1.2180462,6.5425887,11.232109,9.188389567920217,0.2673,0.023768116,306.71,526.55,307.75995493790043,130639000000.0,16572000000.0,0.12964,12008000000.0,0.088690005,0.11423001,0.7239937271301621,38358000000.0,36032000000.0,96318000000.0,,53408000000.0,11752000000.0,66186400000.0,0.4792274636925369
高見沢サイバネティックス,6424,機械,スタンダード（内国株式）,JP,2025-03-31,東京都,3980704000.0,0.6518266,,6.7618055,9.439888289318583,0.1495,0.02202643,133.84,,148.96703590502804,15391532000.0,1374309000.0,-0.03542,1001137000.0,0.034590002,0.078940004,0.3568405077437163,10884154000.0,6567068000.0,11853753000.0,4728307000.0,2829879000.0,929234000.0,1620062800.0,0.4069789665345627
ユニバーサルエンターテインメント,6425,機械,スタンダード（内国株式）,JP,2025-12-31,東京都,64549888000.0,0.49773598,5.0882654,,-5.156281129680776,0.0,0.04895961,-2986.46,163.71,-200.91999911264313,122827000000.0,-3228000000.0,-0.092080005,-231425000000.0,-0.10973,-0.04901,0.34709635632731495,243947000000.0,41639000000.0,93415000000.0,194365000000.0,40000000000.0,9955000000.0,-143563500000.0,-2.2240704739874992
オーイズミ,6428,機械,スタンダード（内国株式）,JP,2025-03-31,神奈川県,7355923456.0,0.38758218,,289.38052,16.2841833132117,10.7143,0.0371517,1.13,,23.5139209264881,20113318000.0,93600000.0,0.015420001,246319000.0,0.02202,0.02487,0.4699156845712483,20651399000.0,8631415000.0,17931210000.0,15991143000.0,6970929000.0,400744000.0,-2439668200.0,-0.3316603570704692
ダイコク電機,6430,機械,プライム（内国株式）,JP,2025-03-31,愛知県,33895266304.0,0.6693198,37.42765,5.3802953,6.471857928072406,0.2542,0.047743056,432.69,62.2,572.5993270134044,57415710000.0,12212357000.0,0.19377,7727428000.0,0.11598,0.13354,0.7908203250373745,11978847000.0,10974440000.0,36122959000.0,,16960449000.0,296151000.0,24351417700.0,0.7184312252217436
竹内製作所,6432,機械,プライム（内国株式）,JP,2025-02-28,長野県,326583910400.0,1.7470452,13.116639,11.554175,9.173438696305706,0.3432,0.029411765,611.9,539.01,552.4500003448449,,,0.11924,,0.12549,0.15975,0.7670380951506076,50720000000.0,49974000000.0,177254000000.0,,46482000000.0,168000000.0,126651600000.0,0.387807224933026
ヒーハイスト,6433,機械,スタンダード（内国株式）,JP,2025-03-31,埼玉県,8982598656.0,3.5673497,,,-7.292879984774206,0.0,0.0006281407,-58.43,,-35.440103119861504,2245026000.0,-121495000.0,-0.1436,-203461000.0,-0.255,-0.16271,0.5628749199461854,2188934000.0,859505000.0,2394514000.0,1415710000.0,559165000.0,276538000.0,399156600.0,0.04443665082747297
アマノ,6436,機械,プライム（内国株式）,JP,2025-03-31,神奈川県,252593930240.0,1.8221644,14.492351,12.728606,19.323224653129213,0.6286,0.04893964,286.52,251.65,182.4800008320677,175423000000.0,23040000000.0,0.15041,17828000000.0,0.11416,0.1468,0.699441179800142,57777000000.0,46893000000.0,128119000000.0,15327000000.0,66466000000.0,17097000000.0,82309900000.0,0.3258585822778637
ＪＵＫＩ,6440,機械,プライム（内国株式）,JP,2025-12-31,東京都,18375098368.0,0.5739379,18.511906,13.245316,-3.3441749969677694,,0.013927577,46.96,33.6,-109.00000030324576,88761000000.0,2663000000.0,0.08144,1399000000.0,0.015759999,0.04409,0.26803157702704944,87909000000.0,67248000000.0,89647000000.0,66432000000.0,13136000000.0,2125000000.0,3225500000.0,0.17553647525594568
サンデン,6444,機械,スタンダード（内国株式）,JP,2025-12-31,群馬県,19926996992.0,0.7426909,1.5005901,72.35772,-21.203438476190478,0.0,0.0,2.46,118.62,-6.979999973409524,190875000000.0,-1508000000.0,0.014839999,274000000.0,0.0014399999,0.0294,0.14389144171564322,157507000000.0,142312000000.0,103859000000.0,81698000000.0,18130000000.0,23808000000.0,-36982400000.0,-1.855894293297036
ジャノメ,6445,機械,プライム（内国株式）,JP,2025-03-31,東京都,22151127040.0,0.6605781,,40.422924,10.46366721614497,,0.034615386,32.63,,60.11161307467446,36340000000.0,2230000000.0,0.061680004,1794000000.0,0.01733,0.01962,0.6963468939531322,14188000000.0,7146000000.0,25860000000.0,2466000000.0,7134000000.0,1808000000.0,12937600000.0,0.5840605751859749
ブラザー工業,6448,電気機器,プライム（内国株式）,JP,2025-03-31,愛知県,856682332160.0,1.128594,14.562491,13.942774,21.101324523869536,0.404,0.0,247.44,236.91,123.48000002497305,876558000000.0,69888000000.0,0.06528,54778000000.0,0.07569,0.08583,0.7413177504958988,241179000000.0,183343000000.0,574073000000.0,600000000.0,172776000000.0,33570000000.0,356393000000.0,0.4160153497054233
マックス,6454,機械,プライム（内国株式）,JP,2025-03-31,東京都,324570349568.0,2.8147316,7.269432,23.5732,13.62082726124446,0.48330003,0.020681946,76.57,248.3,55.63085609388821,91839000000.0,14468000000.0,0.1461,11225000000.0,0.13946,0.12546,0.8498768166534255,18580000000.0,14622000000.0,74246000000.0,1518000000.0,40175000000.0,20448000000.0,69979600000.0,0.21560687873412396
モリタホールディングス,6455,輸送用機器,プライム（内国株式）,JP,2025-03-31,大阪府,102316564480.0,1.0100843,18.508902,11.105671,9.65249204314098,0.2848,0.025467569,224.66,134.8,217.4699996668613,,,0.16642,,0.081099994,0.095319994,0.6733634689435795,45651000000.0,36138000000.0,87132000000.0,0.0,29892000000.0,14298000000.0,51489600000.0,0.5032381634555836
グローリー,6457,機械,プライム（内国株式）,JP,2025-03-31,兵庫県,212232519680.0,0.9816276,21.285267,19.579948,4.993676787888249,0.52889997,0.027173912,208.07,191.4,532.1094516233564,369017000000.0,35174000000.0,0.08485,16053000000.0,0.02182,0.031659998,0.532771054329737,205590000000.0,111698000000.0,224625000000.0,85598000000.0,51580000000.0,11011000000.0,26742700000.0,0.12600660841383834
新晃工業,6458,機械,プライム（内国株式）,JP,2025-03-31,大阪府,85878865920.0,1.4007628,3.636622,12.454961,13.308425296122543,0.5067,0.041269843,102.69,351.7,88.35772794413857,57005000000.0,9987000000.0,0.16392,7829000000.0,0.114300005,0.10618,0.7172841394402155,20718000000.0,15379000000.0,48153000000.0,2412000000.0,15669000000.0,13212000000.0,36683400000.0,0.42715282283969874
大和冷機工業,6459,機械,プライム（内国株式）,JP,2025-12-31,大阪府,93315186688.0,1.3513649,,18.484287,13.50005756359714,0.48619998,0.005399568,102.79,,110.23999941331185,46919736000.0,7477530000.0,0.1716,5076080000.0,0.10257,0.06661,0.754192533918246,22993644000.0,22584609000.0,69228822000.0,,39410621000.0,775609000.0,46778104300.0,0.5012914399068067
セガサミーホールディングス,6460,機械,プライム（内国株式）,JP,2025-03-31,東京都,440998887424.0,1.2689431,8.801521,,11.99153947487522,,0.023539668,-27.3,247.23,149.97999986869092,428948000000.0,48127000000.0,0.072909996,45051000000.0,-0.03078,-0.03656,0.5917999556435791,263174000000.0,94179000000.0,388744000000.0,154139000000.0,200360000000.0,51185000000.0,161399500000.0,0.3659861840985142
ＴＰＲ,6463,機械,プライム（内国株式）,JP,2025-03-31,東京都,82944352256.0,0.506134,4.132948,8.197453,8.890514314892847,0.3184,0.04,157.0,311.4,121.53704692412647,192494000000.0,11214000000.0,0.05357,8866000000.0,0.04494,0.055960003,0.5584603415598792,93148000000.0,63967000000.0,149529000000.0,33570000000.0,62461000000.0,35651000000.0,81336700000.0,0.9806177007563079
ツバキ・ナカシマ,6464,機械,プライム（内国株式）,JP,2025-12-31,大阪府,12699977728.0,0.34291816,2.9963899,,28.58525416666667,0.0,0.0,-691.68,110.8,16.512009907205943,69837000000.0,-22260000000.0,-0.50067,-26990000000.0,-0.38968,-0.54815,0.24420076751638556,114623000000.0,86870000000.0,88091000000.0,92844000000.0,34633000000.0,,-26532000000.0,-2.089137521989834
ホシザキ,6465,機械,プライム（内国株式）,JP,2025-12-31,愛知県,721647763456.0,1.8653151,19.644485,19.161232,23.846990167165735,0.42650002,0.021984324,269.92,263.28,256.86270262248433,485890000000.0,51933000000.0,0.04679,38148000000.0,0.07851,0.097229995,0.6820302755512937,161732000000.0,135598000000.0,342313000000.0,6390000000.0,177089000000.0,16712000000.0,192279400000.0,0.26644494687985487
ＴＶＥ,6466,機械,スタンダード（内国株式）,JP,2025-09-30,兵庫県,10567761920.0,0.8643999,,17.675678,7.358161832091844,0.157,0.004449388,254.87,,308.37229112847376,10183746000.0,595739000.0,0.13999,597568000.0,0.08943,0.084680006,0.7497331473237054,3987020000.0,2568594000.0,7352676000.0,468518000.0,2392771000.0,2329789000.0,4996508300.0,0.47280666784741493
ニチダイ,6467,機械,スタンダード（内国株式）,JP,2025-03-31,京都府,3034555136.0,0.28703693,3.536842,,71.57519326488072,0.9615,0.0,-83.51,95.0,4.971145920119391,11602714000.0,153657000.0,-0.03486,56477000.0,-0.0686,-0.07206,0.7224520977754293,4003267000.0,3501554000.0,8372840000.0,1986850000.0,3003596000.0,74283000.0,4421571100.0,1.4570739043576237
放電精密加工研究所,6469,機械,スタンダード（内国株式）,JP,2025-02-28,神奈川県,32950052864.0,3.7938972,109.786476,40.10139,,0.2336,0.0,76.93,28.1,,,,0.06987,,0.0575,0.09493,0.4190553794551139,9287194000.0,5603125000.0,7794452000.0,5796299000.0,2598222000.0,279663000.0,-1296977900.0,-0.039361936848879224
大豊工業,6470,機械,スタンダード（内国株式）,JP,2025-03-31,愛知県,35113398272.0,0.55206436,27.494457,,14.466778711451914,20.833302,0.0,-210.72,45.1,60.41999958013807,112789000000.0,479000000.0,0.02221,-4187000000.0,-0.04998,-0.08683,0.5613147397331938,53055000000.0,25379000000.0,63902000000.0,26115000000.0,19952000000.0,5063000000.0,14391100000.0,0.40984640360131985
日本精工,6471,機械,プライム（内国株式）,JP,2025-03-31,東京都,618257055744.0,0.90977037,21.724552,27.189585,45.97280816711202,0.7307,0.024655547,46.47,58.16,17.199999985434015,796667000000.0,23555000000.0,0.04039,10647000000.0,0.023610001,0.030869998,0.534185346478148,550354000000.0,301291000000.0,636662000000.0,,138253000000.0,46085000000.0,118567500000.0,0.1917770268829652
ＮＴＮ,6472,機械,プライム（内国株式）,JP,2025-03-31,大阪府,285006364672.0,1.0302919,20.193766,,15.633292938842288,1.4978999,0.025281545,-35.72,23.74,18.64999998570543,825587000000.0,22960000000.0,0.032,-23801000000.0,-0.01454,-0.03797,0.27192690544998105,607728000000.0,422513000000.0,533861000000.0,353992000000.0,131517000000.0,23235000000.0,-57602500000.0,-0.2021095215410081
ジェイテクト,6473,機械,プライム（内国株式）,JP,2025-03-31,愛知県,649080406016.0,0.8214044,16.2302,54.25758,11.175808683152017,1.5957,0.03033367,37.58,125.63,117.31999993880021,1884397000000.0,38453000000.0,-0.02484,13713000000.0,0.00622,0.01798,0.4759475428183757,787922000000.0,482250000000.0,762843000000.0,240474000000.0,119060000000.0,190027000000.0,107939900000.0,0.1662966544661637
不二越,6474,機械,プライム（内国株式）,JP,2025-11-30,東京都,124787687424.0,0.7118643,21.0044,24.555387,20.608108163916206,0.42830002,0.017699115,233.35,272.8,144.10000153087438,235903000000.0,9776000000.0,0.04237,5250000000.0,0.02063,0.02859,0.514933820311203,157048000000.0,80696000000.0,168690000000.0,86320000000.0,32204000000.0,29619000000.0,32375300000.0,0.25944306420228896
ミネベアミツミ,6479,電気機器,プライム（内国株式）,JP,2025-03-31,東京都,1571844915200.0,1.8613569,18.22245,15.860923,21.398074283058165,0.2028,0.014021313,246.77,214.79,133.0400000967116,1522703000000.0,94482000000.0,0.0679,59457000000.0,0.0,,0.46910993971532305,830189000000.0,477232000000.0,904144000000.0,463597000000.0,214256000000.0,37481000000.0,100191700000.0,0.06374146649655428
日本トムソン,6480,機械,プライム（内国株式）,JP,2025-03-31,東京都,133982715904.0,1.6105936,29.384758,32.831738,15.68945835633842,0.5042,0.0,58.48,65.34,37.71000003060236,54384000000.0,1593000000.0,0.100200005,978000000.0,0.064559996,0.05124,0.6267797059652264,45035000000.0,17046000000.0,79162000000.0,34903000000.0,24434000000.0,11110000000.0,41904000000.0,0.3127567590884234
ＴＨＫ,6481,機械,プライム（内国株式）,JP,2025-12-31,東京都,839993196544.0,3.2127147,38.308205,83.39824,40.599829032217045,2.7379,0.032848176,89.87,195.65,85.17000030783257,240444000000.0,16023000000.0,0.11323,-69891000000.0,-0.29268,0.05238,0.5525104018672621,207243000000.0,100368000000.0,284367000000.0,123205000000.0,110008000000.0,10880000000.0,84740000000.0,0.10088176945795203
ＹＵＳＨＩＮ,6482,機械,スタンダード（内国株式）,JP,2025-03-31,京都府,23901616128.0,0.69602275,12.173189,19.529789,12.948499511206773,0.53419995,0.027624309,37.43,60.05,49.72441531357068,26126713000.0,2586662000.0,0.02557,1692927000.0,0.0401,0.02836,0.8554137094897459,5546996000.0,4881080000.0,26420335000.0,,11689145000.0,559944000.0,21265299800.0,0.8897013359313541
ＫＶＫ,6484,機械,スタンダード（内国株式）,JP,2025-03-31,岐阜県,19363147776.0,0.6443354,,8.192935,7.1680627352306265,0.2718,0.032962505,294.4,,248.7675147679044,29648936000.0,2660920000.0,0.087740004,2110780000.0,0.07671,0.08094,0.7808302291984,7950678000.0,7377344000.0,20813181000.0,190231000.0,5455618000.0,1686605000.0,14043126500.0,0.7252501846526216
前澤給装工業,6485,機械,スタンダード（内国株式）,JP,2025-03-31,東京都,30537035776.0,0.76087904,,10.605954,14.798132696384336,0.45599997,0.042322833,141.43,,78.0952380952381,31957000000.0,3047000000.0,0.08914,2379000000.0,0.0,0.07348,0.8642114874559763,6246000000.0,5006000000.0,29934000000.0,,10123000000.0,7262000000.0,28771400000.0,0.9421805119216035
イーグル工業,6486,機械,プライム（内国株式）,JP,2025-03-31,東京都,130923470848.0,1.041373,14.405,18.847311,10.32033296345165,0.71900004,0.037491478,152.86,200.0,160.84000091466882,168172000000.0,8494000000.0,0.09592,4877000000.0,0.043420002,0.08004,0.5593953332940182,80968000000.0,47140000000.0,111369000000.0,40395000000.0,26185000000.0,18196000000.0,43138200000.0,0.32949172306990504
ヨシタケ,6488,機械,スタンダード（内国株式）,JP,2025-03-31,愛知県,11865737216.0,0.66575426,9.904459,11.097895,9.550570283048835,0.32119998,0.028969957,84.07,94.2,89.03156784291079,9843323000.0,1068874000.0,0.1252,932983000.0,0.10062,0.05919,0.8302848322612778,3293905000.0,2078529000.0,10642923000.0,1147241000.0,3555202000.0,3827805000.0,10028481500.0,0.8451629525789087
前澤工業,6489,機械,スタンダード（内国株式）,JP,2025-05-31,埼玉県,30124331008.0,0.92078304,27.775974,9.02331,6.586174764019418,0.2848,0.031268094,189.62,61.6,196.64999959066057,37499000000.0,4654000000.0,0.23034,3077000000.0,0.08889,0.11212,0.7012962659103162,12743000000.0,10171000000.0,29903000000.0,2422000000.0,10342000000.0,4198000000.0,20098600000.0,0.6671882603687529
ＰＩＬＬＡＲ,6490,機械,プライム（内国株式）,JP,2025-03-31,大阪府,228614897664.0,2.9785795,20.445717,27.452166,12.524179629410112,0.3326,0.012124249,364.27,489.1,462.50000214517627,57988000000.0,11335000000.0,0.20718001,8299000000.0,0.14840999,0.117790006,0.7532303299168834,24197000000.0,10600000000.0,51008000000.0,11825000000.0,21883000000.0,6262000000.0,31194400000.0,0.13644955039564854
岡野バルブ製造,6492,機械,スタンダード（内国株式）,JP,2024-11-30,福岡県,25663838208.0,2.0766466,,23.375484,6.098485550218711,0.102299996,0.00582603,684.05,,433.84001946989355,8169000000.0,1186000000.0,0.25679,1102000000.0,0.113620006,,0.7866995073891626,3031000000.0,2066000000.0,9245000000.0,858000000.0,4403000000.0,1352000000.0,7160400000.0,0.27900736990182323
ＮＩＴＴＡＮ,6493,輸送用機器,スタンダード（内国株式）,JP,2025-03-31,神奈川県,18003478528.0,0.5942307,,8.91075,16.56544520799365,0.18530001,0.020833334,70.14,,20.923687508703523,51446480000.0,1507641000.0,0.069910005,630206000.0,0.043909997,0.08814,0.4357815876523435,28567528000.0,16230934000.0,31532615000.0,12010759000.0,9272996000.0,7664081000.0,8329943700.0,0.4626852353585344
ＮＦＫホールディングス,6494,機械,スタンダード（内国株式）,JP,2025-03-31,東京都,5995532800.0,1.0220785,,35.755814,5.848175787675606,0.0,0.0,3.44,,17.954316664228198,2082243000.0,137108000.0,0.07412,105630000.0,0.06895,0.03956,0.898038580589549,585516000.0,408445000.0,3772110000.0,42937000.0,2583740000.0,1490738000.0,4230110600.0,0.705543734161541
宮入バルブ製作所,6495,機械,スタンダード（内国株式）,JP,2025-03-31,東京都,9486599168.0,3.1531098,,157.6,32.77077845275928,1.6,0.0,1.25,,3.6761886941516457,6785681000.0,81991000.0,0.04053,-74849000.0,0.0572,0.10539,0.44679741791165883,4922349000.0,2803255000.0,3522617000.0,2630662000.0,436795000.0,654873000.0,-941320900.0,-0.09922638063756758
中北製作所,6496,機械,スタンダード（内国株式）,JP,2025-05-31,,19653496832.0,0.70845586,,12.591698,12.74034849822558,0.2348,0.0089126555,447.12,,288.5378108877467,23768125000.0,1159040000.0,0.04084,1730055000.0,0.060300004,,0.6983528800492368,10995766000.0,9493103000.0,23192378000.0,3078700000.0,5492316000.0,2675365000.0,14069367500.0,0.7158709526485958
ハマイ,6497,機械,スタンダード（内国株式）,JP,2025-12-31,東京都,8719171584.0,0.5100125,,8.994124,17.560536824687127,0.2765,0.03028009,144.65,,59.22676757499086,12715002000.0,1222972000.0,0.122650005,969459000.0,0.07621,0.05846,0.7666132274125886,5204982000.0,2994047000.0,12514166000.0,174801000.0,4248484000.0,4508495000.0,10465130500.0,1.2002436698463301
キッツ,6498,機械,プライム（内国株式）,JP,2025-12-31,東京都,195668131840.0,2.716106,17.213428,17.080204,8.266070685039349,0.402,0.006533101,131.79,130.77,132.640000656918,176682000000.0,15455000000.0,0.03596,11465000000.0,0.03033,0.04796,0.6410199376101994,64536000000.0,27232000000.0,110281000000.0,36305000000.0,28239000000.0,5677000000.0,49718900000.0,0.25409809728574345
日立製作所,6501,電気機器,プライム（内国株式）,JP,2025-03-31,,21373871194112.0,3.282665,26.665918,26.880198,27.232429759383525,0.2831,0.010271159,176.71,178.13,133.720000014238,,,0.121070005,,0.07579,0.13299,0.4401334817434013,7253396000000.0,5907845000000.0,6597843000000.0,1206116000000.0,866242000000.0,349567000000.0,-410856100000.0,-0.019222353137094847
三菱電機,6503,電気機器,プライム（内国株式）,JP,2025-03-31,東京都,13236346814464.0,2.9657645,39.166767,32.633705,18.01168594067425,0.2773,0.008630158,198.2,165.14,135.74000002292274,5521711000000.0,391850000000.0,0.07956,324084000000.0,0.06917,0.09964,0.6194912542662117,2299314000000.0,1847029000000.0,3747535000000.0,360661000000.0,757331000000.0,312836000000.0,1667206200000.0,0.12595667243911762
富士電機,6504,電気機器,プライム（内国株式）,JP,2025-03-31,東京都,2280257224704.0,2.8497128,25.468374,23.240093,10.057796006598771,0.3007,0.013400335,665.66,607.42,642.6900006357293,,,0.16527,,0.07986,0.1289,0.5271903518966601,581518000000.0,431466000000.0,766672000000.0,101293000000.0,63542000000.0,108713000000.0,261253100000.0,0.11457176724170373
東洋電機製造,6505,電気機器,スタンダード（内国株式）,JP,2025-05-31,東京都,22083737600.0,0.71125454,20.07377,10.163512,10.237216939507958,0.2906,0.029166667,240.96,122.0,99.47866794339824,40539000000.0,2384000000.0,0.11287,2128000000.0,0.067140006,0.094960004,0.5146213117834993,25827000000.0,17244000000.0,30086000000.0,9207000000.0,5007000000.0,14178000000.0,14183600000.0,0.6422644688551271
安川電機,6506,電気機器,プライム（内国株式）,JP,2025-02-28,福岡県,1810388353024.0,3.7440145,34.067062,51.353737,28.982909270464,0.5011,0.009756098,135.92,204.89,193.69000036004246,537682000000.0,50157000000.0,0.09607001,56987000000.0,0.065,0.0784,0.5797298641791727,304165000000.0,179505000000.0,462837000000.0,109526000000.0,59028000000.0,74735000000.0,210986500000.0,0.11654212183125053
シンフォニアテクノロジー,6507,電気機器,プライム（内国株式）,JP,2025-03-31,,415338463232.0,4.7934546,40.685463,33.533043,11.26165231096373,0.26229998,0.0077807847,438.97,361.8,266.22685677803787,119150000000.0,15734000000.0,0.121549994,12097000000.0,0.10119,0.15156001,0.5871529380729407,56340000000.0,38296000000.0,77049000000.0,14935000000.0,10221000000.0,14086000000.0,30569200000.0,0.07360069607356504
明電舎,6508,電気機器,プライム（内国株式）,JP,2025-03-31,東京都,430511587328.0,2.809304,31.395773,23.394552,10.961832898283586,0.3325,0.014210526,405.65,302.27,247.00000255707278,301101000000.0,21517000000.0,0.05899,18487000000.0,0.07071,0.15615,0.40655403445760474,199136000000.0,118069000000.0,217116000000.0,44565000000.0,30679000000.0,23498000000.0,34428600000.0,0.07997136665631578
オリジン,6513,電気機器,スタンダード（内国株式）,JP,2025-03-31,埼玉県,5545612800.0,0.23978958,,,-4.435833092578347,,0.038797285,-183.93,,-255.1086208785989,28803206000.0,-246662000.0,-0.0136,-83748000.0,-0.047059998,-0.04517,0.5254800570259421,18781574000.0,8760745000.0,25268259000.0,2540064000.0,6760829000.0,7711534000.0,11884758800.0,2.143092067300479
山洋電気,6516,電気機器,プライム（内国株式）,JP,2025-03-31,東京都,271334899712.0,2.1206653,12.481824,31.384794,7.787937909861473,0.4239,0.0,243.43,612.09,289.1733332891721,97847000000.0,7936000000.0,0.11432,5637000000.0,0.08068,0.07181,0.7783324635372318,32281000000.0,23533000000.0,94862000000.0,7281000000.0,28898000000.0,11845000000.0,70872500000.0,0.26119935207459644
デンヨー,6517,電気機器,プライム（内国株式）,JP,2025-03-31,東京都,77309288448.0,0.9798827,13.871785,15.824485,8.94745064691664,0.3719,0.023017902,242.03,276.1,246.8300027269992,70753000000.0,7394000000.0,0.13532,5647000000.0,0.074039996,,0.7495514194543321,22447000000.0,17575000000.0,66647000000.0,4449000000.0,23500000000.0,10758000000.0,51730600000.0,0.6691382243777239
三相電機,6518,電気機器,スタンダード（内国株式）,JP,2025-03-31,兵庫県,6293860352.0,0.508965,,11.4937725,5.248565822990239,0.2091,0.018368846,119.63,,216.97249724972497,16029586000.0,69704000.0,0.06081,236872000.0,0.03642,0.05371,0.6428448549922338,6610366000.0,4349882000.0,10829394000.0,1856975000.0,2706411000.0,974133000.0,4900921100.0,0.778682847394705
オキサイド,6521,電気機器,グロース（内国株式）,JP,2025-02-28,山梨県,73208840192.0,15.592977,136.71707,,-74.67532242252601,0.0,0.0,-47.02,46.3,-41.58000125438184,8394851000.0,126321000.0,0.21756001,-2703613000.0,-0.053590003,-0.106479995,0.29731164058610077,12793204000.0,6346888000.0,8524155000.0,10369234000.0,2245402000.0,,-4269049000.0,-0.05831329916993421
アスタリスク,6522,電気機器,グロース（内国株式）,JP,2025-08-31,大阪府,8191455744.0,4.6488285,,,-8.866342665955088,0.0,0.0,-22.73,,-54.81403305853934,1666306000.0,-125649000.0,0.021559998,-182293000.0,-0.109610006,-0.09742,0.6217528107340214,1051986000.0,984390000.0,1729612000.0,721678000.0,932258000.0,101250000.0,748501000.0,0.09137582175772054
ＰＨＣホールディングス,6523,電気機器,プライム（内国株式）,JP,2025-03-31,東京都,120437383168.0,0.7561028,10.530973,20.817844,-11.105879295750007,0.9182,0.043254375,45.73,90.4,-102.47205160636227,361593000000.0,22952000000.0,0.07017,10484000000.0,0.00973,0.02189,0.26599772386672227,391311000000.0,140555000000.0,172790000000.0,255260000000.0,39592000000.0,13932000000.0,-208768600000.0,-1.7334202596280708
湖北工業,6524,電気機器,スタンダード（内国株式）,JP,2025-12-31,滋賀県,175121186816.0,7.471041,55.134167,58.823532,24.23416238258908,0.2876,0.0048816567,114.92,122.61,120.49999940713407,17454000000.0,4624000000.0,0.28669,2992000000.0,0.17142001,0.12768,0.8276775309862636,4880000000.0,2584000000.0,17027000000.0,2053000000.0,8517000000.0,1952000000.0,13513400000.0,0.07716599142397626
ＫＯＫＵＳＡＩ　ＥＬＥＣＴＲＩＣ,6525,電気機器,プライム（内国株式）,JP,2025-03-31,東京都,1440533446656.0,6.7680225,32.25975,43.15289,40.23689455261724,0.2582,0.005227465,142.98,191.26,93.70000004732323,238933000000.0,51320000000.0,0.17562,36004000000.0,0.13808,0.16354,0.5744102696244934,145344000000.0,82671000000.0,172852000000.0,60184000000.0,44755000000.0,1706000000.0,28702200000.0,0.0199247022459827
ソシオネクスト,6526,電気機器,プライム（内国株式）,JP,2025-03-31,神奈川県,391670988800.0,2.9442527,15.642497,45.26124,,1.0113,0.022075055,49.38,142.88,,,,0.087740004,,0.04348,0.06466,0.804676123819813,33266000000.0,31271000000.0,126290000000.0,1298000000.0,72837000000.0,0.0,93024000000.0,0.2375054641779994
ベイカレント,6532,サービス業,プライム（内国株式）,JP,2025-02-28,東京都,779234443264.0,6.705366,20.652174,20.75252,18.3009806217907,0.4013,0.019876763,249.03,250.24,166.04000009707798,116056000000.0,42615000000.0,0.37120998,30760000000.0,0.2551,0.35793,0.7572373962218746,30264000000.0,24159000000.0,88599000000.0,8082000000.0,60552000000.0,2234000000.0,59898800000.0,0.07686877873249584
Ｏｒｃｈｅｓｔｒａ　Ｈｏｌｄｉｎｇｓ,6533,サービス業,プライム（内国株式）,JP,2025-12-31,東京都,9593584640.0,1.4905509,24.13631,,-28.202015337949252,0.5836,0.011730205,-9.0,42.55,-27.585228789068754,1287417000.0,75190000.0,0.0908,-86285000.0,0.05175,0.13154,0.18760785098106011,5198867000.0,3312689000.0,2269294000.0,4601317000.0,223260000.0,,-2929573000.0,-0.30536792136958724
アイモバイル,6535,サービス業,プライム（内国株式）,JP,2024-07-31,東京都,28608385024.0,1.7094933,9.491904,11.811024,10.398438541275151,0.6021,0.051181104,43.18,53.73,41.98999978657975,,,0.42949,,0.1104,0.14364,0.638312642927148,8857000000.0,8730000000.0,21383000000.0,,18602000000.0,477000000.0,12859900000.0,0.44951506312613027
ＷＡＳＨハウス,6537,サービス業,グロース（内国株式）,JP,2025-12-31,宮崎県,2133012992.0,1.223057,9.5950165,202.63158,77.74282954838709,0.0,0.0,1.52,32.1,4.476297068444171,2529000000.0,20000000.0,-0.07106,10000000.0,0.0226,0.032360002,0.3970387243735763,2553000000.0,1464000000.0,2589000000.0,1030000000.0,1085000000.0,2000000.0,37400000.0,0.01753388288785444
ディスラプターズ,6538,サービス業,スタンダード（内国株式）,JP,2025-03-31,東京都,4851494400.0,1.8475211,5.888199,12.721417,-2.3284576524919727,0.2682,0.021551725,18.63,40.25,-78.68163200153491,4294000000.0,352000000.0,0.13269,211000000.0,0.12094,0.26252002,0.5799894403379092,1591000000.0,966000000.0,1642000000.0,828000000.0,1067000000.0,2000000.0,52400000.0,0.010800795730074428
ＭＳ－Ｊａｐａｎ,6539,サービス業,プライム（内国株式）,JP,2025-03-31,東京都,23037292544.0,2.5182896,,22.32659,22.54367356937495,1.3478,0.0,41.52,,45.63148462825416,7474012000.0,1604916000.0,0.39361998,1032737000.0,0.14119,0.11788999,0.8920630677573548,1067396000.0,916595000.0,5778115000.0,186761000.0,4298269000.0,1457114000.0,5730698800.0,0.24875747829544947
船場,6540,サービス業,スタンダード（内国株式）,JP,2025-12-31,東京都,17456472064.0,1.1965501,,11.504923,8.830145971983377,0.5346,0.04553625,142.2,,140.74999683147533,32831820000.0,2305370000.0,0.08986,1515125000.0,0.04615,0.1074,0.659017510408257,7548818000.0,7110202000.0,19840189000.0,,9740011000.0,197148000.0,12429374600.0,0.7120209945303184
日宣,6543,サービス業,スタンダード（内国株式）,JP,2025-02-28,東京都,4575576064.0,1.1433223,,6.836398,10.945819088499809,0.1886,0.027515048,169.68,,51.77000419210484,5533651000.0,393459000.0,0.02927,248661000.0,0.102139995,0.17803,0.7030158391716141,1451361000.0,850760000.0,2470443000.0,311655000.0,1739571000.0,344244000.0,1260052800.0,0.2753867015595962
ジャパンエレベーターサービスホールディングス,6544,サービス業,プライム（内国株式）,JP,2025-03-31,東京都,286764040192.0,12.918446,20.193151,45.764637,47.72002090936232,0.4398,0.009693558,35.18,79.73,25.260703185131856,49375000000.0,8625000000.0,0.18696,5530000000.0,0.12024,0.32612,0.5637020928065072,15093000000.0,12268000000.0,16717000000.0,5003000000.0,2344000000.0,63000000.0,1668100000.0,0.00581697760598972
インターネットインフィニティー,6545,サービス業,グロース（内国株式）,JP,2025-03-31,東京都,3859079936.0,2.248878,13.844697,16.12263,18.59525712015464,0.26459998,0.016304348,45.34,52.8,23.990001717192218,5161692000.0,401035000.0,0.12156,255060000.0,0.05441,0.1875,0.3804715018055078,2681924000.0,1966001000.0,3306774000.0,1468189000.0,2299844000.0,,624850000.0,0.161916832603283
フルテック,6546,サービス業,スタンダード（内国株式）,JP,2025-12-31,北海道,6017134592.0,1.0481033,,24.040318,13.11147851142625,0.6868,0.022301517,46.63,,85.30735051652026,13566729000.0,456087000.0,0.0583,250059000.0,0.027320001,0.05314,0.6122023534015092,4432168000.0,3776613000.0,6632381000.0,823053000.0,1802453000.0,921741000.0,2845431700.0,0.4728881590554922
グリーンズ,6547,サービス業,スタンダード（内国株式）,JP,2025-06-30,三重県,31344291840.0,2.3754675,8.639685,6.482034,5.381463012491778,0.0994,0.0152107775,352.05,264.13,355.5119553986687,49645000000.0,6307000000.0,0.19838,5260000000.0,0.093669996,0.4065,0.3460976024485632,19228000000.0,7831000000.0,14322000000.0,12232000000.0,10013000000.0,121000000.0,-4821300000.0,-0.1538174805355564
旅工房,6548,サービス業,グロース（内国株式）,JP,2025-06-30,東京都,2489948416.0,2.660192,,,-12.087087305093867,0.0,0.0,-19.48,,-17.704844401166348,3722853000.0,-111626000.0,-0.04433,-767900000.0,-0.08202,,0.15812870488595462,3101255000.0,2565875000.0,3444176000.0,500000000.0,2603535000.0,,342921000.0,0.13772213022424318
ディーエムソリューションズ,6549,サービス業,スタンダード（内国株式）,JP,2025-03-31,東京都,5049199616.0,2.8097267,,11.153119,9.294208936298558,0.2318,0.0,163.99,,141.65000908595312,21155962000.0,678865000.0,0.0137600005,496106000.0,0.01512,0.121520005,0.40877516229236693,4841769000.0,2941278000.0,4341384000.0,2309550000.0,1361152000.0,65500000.0,-454535000.0,-0.09002119832213819
ツナググループ・ホールディングス,6551,サービス業,スタンダード（内国株式）,JP,2025-09-30,東京都,5509487104.0,2.6588821,,10.919256,15.952562537144866,0.23020001,0.02157165,60.81,,41.26999923174569,18269126000.0,877307000.0,0.05294,511417000.0,0.03014,0.26629,0.452024308035006,2381764000.0,2346802000.0,3287809000.0,159164000.0,1148474000.0,,906045000.0,0.16445178705331626
ＧａｍｅＷｉｔｈ,6552,サービス業,スタンダード（内国株式）,JP,2025-05-31,,3440239360.0,1.2157493,34.561405,,-14.872701241116918,0.0,0.0,-0.96,5.7,-19.566048916218687,3451913000.0,-196885000.0,0.13983,-235822000.0,0.1708,0.16217,0.7993488059151225,671596000.0,640629000.0,2778102000.0,44981000.0,2142876000.0,233744000.0,2270126800.0,0.6598746663953057
エスユーエス,6554,サービス業,グロース（内国株式）,JP,2025-09-30,京都府,9009619968.0,2.1943355,,9.921414,10.46382989427474,0.442,0.044334974,101.8,,66.26000049970166,15015000000.0,1213000000.0,0.08741,915000000.0,0.062,0.2368,0.62933730454207,2398000000.0,2321000000.0,5570000000.0,9000000.0,3407000000.0,192000000.0,3306400000.0,0.36698551234608523
ＭＳ＆Ｃｏｎｓｕｌｔｉｎｇ,6555,サービス業,スタンダード（内国株式）,JP,2025-02-28,東京都,2020409728.0,0.68295306,,,21.083645690152668,0.0,0.0,-68.44,,28.031205261433158,2552146000.0,-237844000.0,0.16691,-276099000.0,0.06695,0.06329,0.7658534217294792,826397000.0,778233000.0,1088503000.0,208177000.0,578930000.0,45636000.0,294051200.0,0.1455403802134138
ＡＩＡＩグループ,6557,サービス業,グロース（内国株式）,JP,2025-03-31,東京都,4738467840.0,1.4674567,5.2421656,10.111279,11.697247800461987,0.0,0.0,72.79,140.4,56.679999544321404,13071341000.0,733473000.0,0.10212,421875000.0,0.04244,0.20488001,0.22592487264127079,9654611000.0,3881368000.0,4651054000.0,7155199000.0,2346970000.0,749802000.0,-4478695600.0,-0.9451780092697643
クックビズ,6558,サービス業,グロース（内国株式）,JP,2025-11-30,大阪府,1906983168.0,1.8586603,,,979.798117350612,0.0,0.0,-145.17,,0.9899998610151383,2860676000.0,-374078000.0,-0.04899,-404687000.0,-0.115380004,-0.26573,0.30359339164409027,2519659000.0,1070696000.0,2600330000.0,2042273000.0,1863306000.0,58000.0,80711600.0,0.042324233036964067
エル・ティー・エス,6560,サービス業,プライム（内国株式）,JP,2025-12-31,東京都,7564565504.0,1.5885271,9.455146,11.212635,10.906431856805376,0.22850001,0.020467836,153.22,181.7,212.819987318291,17101000000.0,1186000000.0,0.07986,696000000.0,0.040700004,0.14903,0.474728342139368,5269000000.0,3102000000.0,6877000000.0,2917000000.0,3376000000.0,551000000.0,1993700000.0,0.26355776798360314
ＨＡＮＡＴＯＵＲ　ＪＡＰＡＮ,6561,サービス業,グロース（内国株式）,JP,2025-12-31,東京都,9780711424.0,2.181248,,7.0599966,8.202926008942216,0.36259997,0.051150896,110.34,,129.59748900847836,7180131000.0,1998226000.0,0.36687002,1385131000.0,0.1929,0.34794998,0.3997447670243773,6735066000.0,2593895000.0,5297257000.0,4253544000.0,2947183000.0,,-1437809000.0,-0.1470045416606292
ジーニー,6562,サービス業,グロース（内国株式）,JP,2025-03-31,東京都,12456528896.0,1.3130928,7.973734,11.643836,17.66845915822994,0.0,0.0,87.6,127.92,58.29597197898424,11321923000.0,2520609000.0,0.15001,1954240000.0,0.082040004,0.12101,0.33023963859433103,15181125000.0,7367749000.0,7887185000.0,10218858000.0,2861486000.0,510936000.0,-6936284800.0,-0.5568392975211062
みらいワークス,6563,サービス業,グロース（内国株式）,JP,2025-09-30,東京都,3022375424.0,0.9510653,10.702403,33.899296,88.5760194713418,0.0,0.0,17.08,54.1,12.430000880274616,11144579000.0,284179000.0,0.04876,91164000.0,0.022950001,0.11862001,0.42078641373825065,1798742000.0,1798742000.0,2749978000.0,,1447732000.0,,951236000.0,0.31473125159980125
ミダックホールディングス,6564,サービス業,プライム（内国株式）,JP,2025-03-31,静岡県,59942703104.0,3.4960747,19.963133,20.778973,22.557282508903317,0.1342,0.006392694,104.24,108.5,68.99000037334717,10905457000.0,4534483000.0,0.43383998,2862856000.0,0.24945,0.17917,0.54231124366338,13040885000.0,3993375000.0,9605214000.0,9323316000.0,8115702000.0,255064000.0,-3257126200.0,-0.05433732600194753
ＡＢホテル,6565,サービス業,スタンダード（内国株式）,JP,2025-03-31,愛知県,19675641856.0,1.3155687,,6.9251113,11.160140567417239,0.0848,0.0,200.43,,163.1422488533097,10679046000.0,3962840000.0,0.46402,2542465000.0,0.25212,0.22307,0.48502142562657646,13536510000.0,4568778000.0,6738203000.0,10583265000.0,5920492000.0,500000.0,-6797957000.0,-0.34550115568031614
要興業,6566,サービス業,スタンダード（内国株式）,JP,2025-03-31,東京都,19839135744.0,0.9752315,,12.972188,10.581258536484444,0.2905,0.021357743,96.36,,81.01682288308285,14506733000.0,2108704000.0,0.12701,1513972000.0,0.10309,0.077259995,0.81134329548452,4551629000.0,2192406000.0,7328392000.0,978779000.0,5635373000.0,3070971000.0,4926442700.0,0.24831942094503368
神戸天然物化学,6568,サービス業,グロース（内国株式）,JP,2025-03-31,兵庫県,9908938752.0,2.0496397,8.821502,14.478,7.097447416970151,0.3731,0.007782101,88.41,145.1,193.5001037471178,8178920000.0,771860000.0,0.06461,737329000.0,0.08478,,0.6708976007625874,6632218000.0,2268579000.0,7475498000.0,3119023000.0,2385561000.0,232610000.0,1006107000.0,0.10153529305011895
共和コーポレーション,6570,サービス業,スタンダード（内国株式）,JP,2025-03-31,長野県,9186079744.0,1.6926689,,9.047087,7.890366713368193,0.13229999,0.008071025,170.11,,108.11999179099938,16705339000.0,1294984000.0,0.049590003,917229000.0,0.05606,0.21978001,0.31641322440400277,10525364000.0,5510177000.0,6688442000.0,5909304000.0,4499974000.0,330733000.0,-3605408900.0,-0.3924861312416667
キュービーネットホールディングス,6571,サービス業,プライム（内国株式）,JP,2025-06-30,東京都,17834022912.0,1.1927218,12.236902,16.263018,11.382340650782357,0.4239,0.026022306,82.58,109.75,97.3248241065136,25543000000.0,1685000000.0,0.039419997,1022000000.0,0.041869998,0.07602,0.42918944199234166,19528000000.0,6135000000.0,6884000000.0,15752000000.0,5271000000.0,2017000000.0,-11232100000.0,-0.6298130295908863
オープングループ,6572,サービス業,プライム（内国株式）,JP,2025-02-28,東京都,11645883392.0,1.094837,27.5,19.19192,93.69157102541392,0.45,0.023902439,10.89,7.6,2.669999994692904,7224445000.0,653676000.0,0.13368,435456000.0,0.078449994,0.05686,0.6001166809366848,7984503000.0,5978803000.0,15577862000.0,4278788000.0,10510244000.0,1746585000.0,8815968500.0,0.7570029857980567
ＣＲＡＶＩＡ,6573,サービス業,グロース（内国株式）,JP,2025-12-31,東京都,1507607680.0,2.6217527,,,-5.865348227294803,0.0,0.0,-8.16,,-13.980414601541872,546224000.0,-282201000.0,-0.3139,-258588000.0,0.0033399998,,0.6428216149042031,234722000.0,136730000.0,344920000.0,130748000.0,89161000.0,151297000.0,216105900.0,0.14334359188194107
コンヴァノ,6574,サービス業,グロース（内国株式）,JP,2025-03-31,東京都,53406769152.0,3.5107663,,32.208588,-9.942248573252394,0.0,0.0,3.26,,-0.7718420749024302,3240603000.0,134698000.0,0.48147,77838000.0,0.30906,0.37807,0.5509282889919145,1420884000.0,848342000.0,1384199000.0,705117000.0,806173000.0,171530000.0,83386000.0,0.0015613376604504323
ベストワンドットコム,6577,サービス業,グロース（内国株式）,JP,2024-07-31,東京都,2931115008.0,2.7039797,,,17.04136870258573,2.4233,0.0076962546,-40.54,,162.0699658091243,,,-0.02747,,-0.02355,-0.05331,0.4011883805117864,1718160000.0,964141000.0,2292578000.0,988731000.0,1602898000.0,209246000.0,720890200.0,0.2459440172195386
コレックホールディングス,6578,サービス業,スタンダード（内国株式）,JP,2025-02-28,東京都,3226167040.0,3.0094051,,81.44713,21.896517435709637,1.6667,0.0,5.39,,12.0,6468054000.0,220686000.0,-0.02664,19944000.0,0.011849999,,0.3678197386871311,1861078000.0,1701626000.0,2719728000.0,792781000.0,1562885000.0,730000.0,859161000.0,0.26631014121327085
ログリー,6579,サービス業,グロース（内国株式）,JP,2025-03-31,東京都,1118082048.0,0.44553152,,,-43.88329608106094,0.0,0.0,-44.53,,-12.533242694077572,1605189000.0,-162161000.0,0.05644,-189375000.0,0.01632,0.033180002,0.43623136741373164,629424000.0,614844000.0,963603000.0,263192000.0,754980000.0,94966000.0,400655200.0,0.35834150160686595
ライトアップ,6580,サービス業,グロース（内国株式）,JP,2025-03-31,東京都,6659660800.0,1.9165703,8.419689,10.885037,17.610382083518754,0.1507,0.013835511,119.43,154.4,44.45999614420667,4003770000.0,720720000.0,0.34495997,485040000.0,0.1881,0.25741,0.7453931926635092,1065765000.0,1061714000.0,3740374000.0,5785000.0,2722706000.0,51159000.0,2710420300.0,0.4069907434324583
三櫻工業,6584,輸送用機器,プライム（内国株式）,JP,2025-03-31,東京都,32514187264.0,0.7126868,6.4996424,12.683336,8.988087383408432,0.39130002,0.03207331,71.59,139.7,117.4142420690662,159538000000.0,4860000000.0,0.0074199997,737000000.0,0.00794,0.03917,0.3779388413665932,69051000000.0,41878000000.0,70348000000.0,39674000000.0,22692000000.0,6707000000.0,5991900000.0,0.18428570738516614
マキタ,6586,機械,プライム（内国株式）,JP,2025-03-31,愛知県,1495188504576.0,1.5218073,23.513634,19.302107,16.6913655369947,0.50009996,0.02587099,299.76,246.07,294.899999673275,,,0.13627,,0.10213,0.08202,0.8368595377420303,174029000000.0,138998000000.0,756437000000.0,10152000000.0,253279000000.0,35881000000.0,607524700000.0,0.4063198039181552
東芝テック,6588,電気機器,プライム（内国株式）,JP,2025-03-31,東京都,163732144128.0,2.0174375,12.459678,,-23.732125579145826,0.0796,0.0,-43.14,248.0,-123.92000033700623,577023000000.0,20251000000.0,0.09533,29937000000.0,-0.00401,-0.02842,0.3120584575498526,230690000000.0,169652000000.0,209574000000.0,40625000000.0,47945000000.0,37148000000.0,4887600000.0,0.02985119400976663
芝浦メカトロニクス,6590,電気機器,プライム（内国株式）,JP,2025-03-31,神奈川県,332792987648.0,6.3387437,6.8126845,28.82975,9.102879575231853,0.3158,0.011381781,175.86,744.2,133.25400024932273,80915000000.0,14136000000.0,0.19903,10328000000.0,0.13514,0.25579,0.49678719919365,47928000000.0,38742000000.0,74154000000.0,8736000000.0,28478000000.0,,26226000000.0,0.0788057470361714
マブチモーター,6592,電気機器,プライム（内国株式）,JP,2025-12-31,千葉県,389574459392.0,1.152556,12.070934,14.989132,21.343422385164097,0.50060004,0.03425986,105.81,131.39,50.48999992055233,200417000000.0,25468000000.0,0.10564999,26272000000.0,0.14104,0.08934,0.9029346531122776,35927000000.0,28311000000.0,247715000000.0,1299000000.0,143405000000.0,16366000000.0,223244200000.0,0.573046293508081
ニデック,6594,電気機器,プライム（内国株式）,JP,2025-03-31,京都府,2791264485376.0,1.5864505,12.844859,23.199314,28.337847821666816,0.1907,0.007069636,104.96,189.57,108.29898672585963,2607813000000.0,238116000000.0,0.07153,164365000000.0,0.04586,0.06313,0.5169942755523053,1579992000000.0,1065717000000.0,1628017000000.0,636046000000.0,246239000000.0,5973000000.0,52206100000.0,0.01870338703964398
ＨＰＣシステムズ,6597,電気機器,グロース（内国株式）,JP,2024-06-30,東京都,11134155776.0,5.0655856,26.88142,22.847393,18.990356518169428,0.2223,0.009465856,126.01,107.1,69.08999838505135,,,0.10389,,0.07162,0.23058,0.522081165277957,2277386000.0,1751702000.0,4412971000.0,1257910000.0,1834204000.0,51200000.0,2171425000.0,0.19502376683830583
エブレン,6599,電気機器,スタンダード（内国株式）,JP,2025-03-31,東京都,5228501504.0,1.0524359,,14.560658,10.614511146007654,0.1681,0.011379801,237.97,,220.05540202919872,4025988000.0,464597000.0,0.13071,313410000.0,0.08671,0.06964,0.8106392698008293,1117992000.0,706830000.0,4645755000.0,,2730393000.0,299918000.0,3737705600.0,0.7148712871442258
バルミューダ,6612,電気機器,グロース（内国株式）,JP,2025-12-31,東京都,5103852032.0,1.8163184,,,105.81542637313433,0.0,0.0,-187.8,,7.909999786311946,10115000000.0,-866000000.0,-0.00717,-1596000000.0,-0.15779,-0.44587,0.6031337196823353,1849000000.0,1704000000.0,3972000000.0,769000000.0,673000000.0,,2123000000.0,0.4159603347999255
ＱＤレーザ,6613,電気機器,グロース（内国株式）,JP,2025-03-31,神奈川県,68535083008.0,13.70538,529.35486,,-35.11087381015737,0.0,0.0,-7.39,3.1,-15.436813191564676,1308870000.0,-445690000.0,-0.15509,-445768000.0,-0.24872999,-0.065799996,0.9479459006282025,286603000.0,256096000.0,4554880000.0,0.0,3754424000.0,,4268277000.0,0.06227871642763999
シキノハイテック,6614,電気機器,スタンダード（内国株式）,JP,2025-03-31,富山県,4000313088.0,1.7445757,6.239726,,20.757768584194935,0.2378,0.0,-18.76,146.0,115.12999517176605,6516011000.0,56301000.0,-0.0377,-14584000.0,-0.015039999,-0.04078,0.4565374634990813,2941510000.0,1568518000.0,3546848000.0,685083000.0,557141000.0,96584000.0,672946800.0,0.16822353280764007
ユー・エム・シー・エレクトロニクス,6615,電気機器,プライム（内国株式）,JP,2025-03-31,埼玉県,8779596800.0,0.51064914,2.2991893,,9.867318946757496,0.2173,0.033557046,-59.45,135.7,36.12000019245132,131938000000.0,2150000000.0,0.01572,-2508000000.0,-0.01841,-0.117460005,0.20765762094912124,58311000000.0,46036000000.0,45732000000.0,31753000000.0,11559000000.0,,-12579000000.0,-1.43275372281333
トレックス・セミコンダクター,6616,電気機器,プライム（内国株式）,JP,2025-03-31,東京都,24574453760.0,1.3964605,25.522552,,-4.364175685243472,0.609,0.023900982,-183.46,90.9,-390.72999770255996,23957700000.0,-632167000.0,0.044320002,-2358567000.0,-0.06466,-0.08211,0.5177526789902809,16207367000.0,7054217000.0,20836112000.0,12984430000.0,9429457000.0,1232434000.0,5491448800.0,0.22346168316214896
東光高岳,6617,電気機器,プライム（内国株式）,JP,2025-03-31,東京都,128416882688.0,1.8905963,49.35225,19.4562,8.629691689080275,0.2917,0.014796548,411.18,162.1,238.3742675476873,,,0.09217,,0.0589,0.10311,0.5364269876464999,47198000000.0,27025000000.0,70255000000.0,3710000000.0,13432000000.0,1359000000.0,24008300000.0,0.18695594767185134
ダブル・スコープ,6619,電気機器,プライム（内国株式）,JP,2026-01-31,東京都,15684468736.0,0.3666604,4.3543797,,-4.023602085645031,0.0,0.0,-225.87,59.71,-67.60111815490204,3630000000.0,-4919000000.0,-0.62821,-12465000000.0,0.0,-0.27515,0.7871317590954542,11070000000.0,8566000000.0,3863000000.0,8145000000.0,271000000.0,34616000000.0,17024200000.0,1.0854177012017603
宮越ホールディングス,6620,不動産業,プライム（内国株式）,JP,2025-03-31,東京都,24488558592.0,0.9824113,,105.33563,101.60277108768658,0.0,0.0,5.81,,13.39530394132077,1030000000.0,284000000.0,-1.4875,365000000.0,0.0,-0.03778,0.9119980597997436,870000000.0,358000000.0,12794000000.0,,11844000000.0,,11924000000.0,0.4869212679547162
ダイヘン,6622,電気機器,プライム（内国株式）,JP,2025-03-31,大阪府,426575134720.0,2.8737137,27.283709,30.531385,13.368534117744403,0.3044,0.0,591.85,662.3,673.2000072976938,226375000000.0,16179000000.0,0.08479,11961000000.0,0.05934,0.09656999,0.47675668598441256,136950000000.0,86891000000.0,193568000000.0,68944000000.0,30354000000.0,15980000000.0,67804000000.0,0.15894972416642597
ＪＡＬＣＯホールディングス,6625,不動産業,スタンダード（内国株式）,JP,2025-03-31,東京都,40064393216.0,2.319074,,,8.685584890406648,29.508202,0.049723756,-1.67,,39.295554060204374,6859010000.0,2528992000.0,0.37011,65779000.0,0.01883,0.00841,0.2452467882663816,58607676000.0,12454394000.0,23293876000.0,50875404000.0,3958931000.0,604819000.0,-34890426700.0,-0.8708587326380938
ＳＥＭＩＴＥＣ,6626,電気機器,スタンダード（内国株式）,JP,2025-03-31,東京都,19278305280.0,0.8302345,7.337473,7.1365137,8.82469534510195,,0.017064847,281.51,273.8,191.9399985472452,25334323000.0,3915977000.0,0.14543,3113136000.0,0.11858,0.12725,0.7444811337553782,7971060000.0,4897408000.0,23416799000.0,2785094000.0,12139909000.0,198782000.0,15584886400.0,0.8084157903738726
テラプローブ,6627,電気機器,スタンダード（内国株式）,JP,2025-12-31,神奈川県,107708350464.0,4.87981,29.921658,31.94302,7.367394650007396,0.29709998,0.0,370.66,395.7,385.7511829054823,41746379000.0,8893950000.0,0.10012,3367998000.0,0.03993,0.07158,0.40244889017763785,40644300000.0,15096602000.0,30818757000.0,29050153000.0,14371741000.0,,-9825543000.0,-0.09122359554920535
テクノホライゾン,6629,電気機器,スタンダード（内国株式）,JP,2025-03-31,愛知県,17587482624.0,1.4325546,15.441959,,6.5649930004033985,1.3792999,0.0,-45.67,84.51,74.30098728145,50624704000.0,373646000.0,0.06463,-616157000.0,0.04792,0.22007999,0.26977103249698303,27298975000.0,22560911000.0,28260671000.0,16593939000.0,3438718000.0,457291000.0,1281799700.0,0.07288136269433167
ヤーマン,6630,電気機器,プライム（内国株式）,JP,2025-12-31,東京都,38569848832.0,1.5816394,26.205608,,72.50324911497881,0.7004,0.019285714,-9.03,26.75,12.83217428142914,25040000000.0,633000000.0,-0.048660003,706000000.0,-0.069409996,,0.8743232098676897,3503000000.0,3236000000.0,24691000000.0,118000000.0,14498000000.0,1350000000.0,22133000000.0,0.5738420209113461
ＪＶＣケンウッド,6632,電気機器,プライム（内国株式）,JP,2025-03-31,神奈川県,158292033536.0,1.1005197,10.341643,10.032247,9.496457562218472,0.16129999,0.016107382,111.64,108.3,134.06999980097126,,,0.058920003,,0.04704,0.120699994,0.39926149564684554,181938000000.0,126148000000.0,196825000000.0,50374000000.0,48597000000.0,8472000000.0,20817400000.0,0.13151261964971564
ＣＧＳホールディングス,6633,電気機器,スタンダード（内国株式）,JP,2025-12-31,福岡県,3353982464.0,0.99791086,,12.711559,22.00626558137899,0.36,0.028985508,27.77,,12.82664982633407,4982129000.0,342901000.0,0.022060001,263954000.0,0.052789997,0.09349,0.47247915811723173,3604820000.0,1898255000.0,4223365000.0,,2780424000.0,1092751000.0,1383470700.0,0.41248596701070883
ＪＮグループ,6634,電気機器,スタンダード（内国株式）,JP,2025-11-30,岩手県,4247312896.0,1.3710063,,,-11.470226425906047,0.0,0.0,-20.05,,-9.066952659723535,3562181000.0,-223579000.0,-0.50805,-728086000.0,-0.33194,-0.35616,0.021683839772053955,131684284000.0,127837871000.0,128817403000.0,4199502000.0,1470853000.0,4068330000.0,-19050000.0,-0.004485188745557398
大日光・エンジニアリング,6635,電気機器,スタンダード（内国株式）,JP,2025-12-31,栃木県,4416656896.0,0.6361311,,21.210192,10.641705037894933,0.5092,0.023952097,31.4,,40.989997292731395,36954622000.0,638133000.0,0.0086900005,208833000.0,0.00563,0.03765,0.24067759228246272,20616851000.0,17134370000.0,23199904000.0,11740064000.0,5379688000.0,660759000.0,3045584300.0,0.6895677820838361
寺崎電気産業,6637,電気機器,スタンダード（内国株式）,JP,2025-03-31,大阪府,48138850304.0,0.90994555,15.98127,10.644068,7.77808681228777,0.1356,0.0126103405,368.75,245.6,308.14525157930956,56404866000.0,5618453000.0,0.1016,4451526000.0,0.07549,0.08767,0.6960074840179395,22463872000.0,16608469000.0,51199382000.0,3256500000.0,17614783000.0,1143456000.0,29535929200.0,0.6135570129630988
ミマキエンジニアリング,6638,電気機器,プライム（内国株式）,JP,2025-03-31,長野県,53351686144.0,1.4426165,12.940351,9.436569,8.484912591546935,0.2558,0.028555112,195.41,142.5,128.63999878975946,83963694000.0,9111806000.0,0.11216,6156161000.0,0.069070004,0.16621,0.4229590679212729,43800346000.0,37291559000.0,57603719000.0,22940698000.0,15448305000.0,143815000.0,13904043500.0,0.26061113537202923
戸上電機製作所,6643,電気機器,スタンダード（内国株式）,JP,2025-03-31,佐賀県,29766920192.0,1.2440586,,13.561756,6.549612623520741,0.2746,0.0,473.39,,421.8813139825307,27648124000.0,3369652000.0,0.15609999,2393075000.0,0.087,0.114870004,0.6914118107084407,9749678000.0,6539956000.0,20807625000.0,766774000.0,7713793000.0,1879209000.0,12373393300.0,0.4156759658100406
大崎電気工業,6644,電気機器,プライム（内国株式）,JP,2025-03-31,東京都,77756874752.0,1.54064,23.306772,22.63348,12.643907213118588,,0.013500931,77.54,75.3,50.540000058371916,97102000000.0,5702000000.0,0.09295999,3504000000.0,0.0,0.03678,0.5234745754280541,37173000000.0,29240000000.0,59547000000.0,8268000000.0,11552000000.0,8344000000.0,28214800000.0,0.36285923386181723
オムロン,6645,電気機器,プライム（内国株式）,JP,2025-03-31,京都府,1233262215168.0,1.525835,23.137934,43.062138,125.32462311586393,0.715,0.017065967,145.65,271.07,41.17000009905182,801753000000.0,56782000000.0,0.073070005,16271000000.0,0.028010001,0.0228,0.5668164694997025,427358000000.0,233283000000.0,539336000000.0,184203000000.0,149023000000.0,41114000000.0,140757800000.0,0.11413452732825792
森尾電機,6647,電気機器,スタンダード（内国株式）,JP,2025-03-31,東京都,3930498048.0,0.6925988,,7.1827617,10.860006698611063,0.1451,0.019386107,413.49,,154.06327272727273,9212733000.0,735627000.0,0.14986,568705000.0,0.081149995,0.13708,0.5793022835094942,3746322000.0,3143043000.0,5735234000.0,1409620000.0,933734000.0,1279784000.0,2884760800.0,0.7339428145671986
かわでん,6648,電気機器,スタンダード（内国株式）,JP,2025-03-31,東京都,37877059584.0,4.8103228,,13.334461,10.992794377739381,0.32119998,0.004166667,177.36,,46.47833856351328,24218746000.0,2589560000.0,0.0137600005,1963138000.0,0.00695,0.011109999,0.6977841913271033,7685196000.0,6267800000.0,19158767000.0,1131148000.0,8119491000.0,813429000.0,12042971300.0,0.31794894937111706
日東工業,6651,電気機器,プライム（内国株式）,JP,2025-03-31,愛知県,188358377472.0,1.6015917,18.10722,18.285273,16.64380516393543,0.5814,0.031886984,271.53,274.2,229.7699974642251,184683000000.0,13433000000.0,0.105500005,12097000000.0,0.057239998,0.09616999,0.6260732910270423,67393000000.0,39920000000.0,106841000000.0,28563000000.0,34027000000.0,5970000000.0,43627000000.0,0.23161698770995878
ＩＤＥＣ,6652,電気機器,プライム（内国株式）,JP,2025-03-31,大阪府,104235229184.0,1.5270735,17.636772,46.264744,16.165830693155176,1.7036,0.037142858,76.3,200.15,149.51999907173425,67380000000.0,3653000000.0,0.09357,1778000000.0,0.042969998,0.0456,0.5951350544694821,43408000000.0,27662000000.0,51480000000.0,26224000000.0,19208000000.0,605000000.0,8495500000.0,0.08150315461007353
正興電機製作所,6653,電気機器,プライム（内国株式）,JP,2025-12-31,福岡県,36099416064.0,1.8738345,20.327494,17.69542,9.062613363663356,0.33169997,0.019193858,150.83,131.3,124.20150400258753,31380000000.0,2616000000.0,0.1339,2036000000.0,0.07233,0.13251,0.5210427768975947,16627000000.0,13373000000.0,21612000000.0,978000000.0,3260000000.0,5215000000.0,8635500000.0,0.23921439573122952
不二電機工業,6654,電気機器,スタンダード（内国株式）,JP,2026-01-31,京都府,5585591296.0,0.54075515,,24.360426,24.554171443219726,0.72400004,0.0,44.17,,43.88000370041323,,,0.07966,,0.062480003,0.02268,,,,,,,,,
インスペック,6656,電気機器,スタンダード（内国株式）,JP,2025-04-30,秋田県,2949266944.0,2.5187018,13.920455,,-11.071032860691806,0.0,0.003921569,-91.88,52.8,-88.33864123666658,2237768000.0,108720000.0,-1.13495,-142270000.0,-0.45313,-0.56275004,0.31944793901921664,2042121000.0,1433208000.0,2229608000.0,1673866000.0,540332000.0,,187487000.0,0.06357071216677225
シライ電子工業,6658,電気機器,スタンダード（内国株式）,JP,2025-03-31,滋賀県,7607816192.0,0.7385054,,4.194079,4.989882177070294,0.2467,0.054054055,121.6,,104.37000070679618,29337000000.0,2576000000.0,0.082279995,2075000000.0,0.06264,0.19188,0.5102806620746376,9401000000.0,7739000000.0,10439000000.0,2889000000.0,907000000.0,634000000.0,1481800000.0,0.19477337025547317
メディアリンクス,6659,電気機器,スタンダード（内国株式）,JP,2025-03-31,東京都,2575203840.0,0.8111214,,,-11.391157953304347,0.0,0.0,-8.08,,-7.9008648961708765,2789756000.0,-522882000.0,-0.52785,-561936000.0,-0.15584,-0.15957,0.6659820351004988,1225229000.0,1111387000.0,3423745000.0,646600000.0,356348000.0,0.0,2198516000.0,0.8537250394904661
ユビテック,6662,電気機器,スタンダード（内国株式）,JP,2024-06-30,東京都,3239360512.0,2.139612,,,-10.397376523486969,0.0,0.0,-22.44,,-23.275102084967145,,,-0.09388,,-0.27751,-0.2023,0.8359216696884605,354993000.0,349737000.0,2089108000.0,,1434391000.0,,1734115000.0,0.5353263378917178
太洋テクノレックス,6663,電気機器,スタンダード（内国株式）,JP,2025-12-31,和歌山県,1837755136.0,0.68496203,,13.447219,-19.589542769831084,0.1313,0.009803922,22.83,,-13.353738318617385,3751667000.0,142572000.0,0.02927,136695000.0,0.04171,0.06007,0.58390688019966,1872564000.0,784061000.0,2604667000.0,571250000.0,1257565000.0,514537000.0,1092278900.0,0.5943549706939848
オプトエレクトロニクス,6664,電気機器,スタンダード（内国株式）,JP,2025-11-30,埼玉県,4041752320.0,0.41055623,,,-2.058944849691526,0.0,0.0,-36.58,,-108.7935891209325,6772484000.0,-254843000.0,-0.111820005,-226025000.0,-0.063990004,-0.06533,0.45561962986451915,6176838000.0,3413517000.0,8727047000.0,5263652000.0,3734650000.0,9901000.0,2557139700.0,0.6326809506229218
リバーエレテック,6666,電気機器,スタンダード（内国株式）,JP,2025-03-31,山梨県,8435715072.0,1.9432642,,,-40.94255186713498,5.5556,0.009699321,-25.88,,-15.920020728783012,5698619000.0,-75720000.0,0.00455,-79487000.0,-0.020539999,-0.02776,0.41685007588308215,6291969000.0,2831607000.0,6417722000.0,4730827000.0,2849439000.0,165443000.0,241563100.0,0.02863575855019111
アドテック　プラズマ　テクノロジー,6668,電気機器,スタンダード（内国株式）,JP,2025-08-31,広島県,27915909120.0,1.9962748,14.456234,17.036573,12.47885978801187,0.119899996,0.007153966,191.94,226.2,141.72636972752784,12680000000.0,4822000000.0,0.14017999,2007000000.0,0.13848,0.1241,0.48418384216907306,14038000000.0,9308000000.0,21204000000.0,12294000000.0,8284000000.0,450000000.0,7481000000.0,0.2679833914002941
ＭＣＪ,6670,電気機器,スタンダード（内国株式）,JP,2025-03-31,東京都,205778812928.0,2.177416,15.333333,14.941192,10.45511676676544,0.2941,0.019670632,146.24,142.5,124.16000019541536,207171000000.0,19378000000.0,0.109,14052000000.0,0.06921,0.17132999,0.6656481495282527,44663000000.0,38080000000.0,119152000000.0,13443000000.0,57725000000.0,920000000.0,75133000000.0,0.3651153339400801
ジーエス・ユアサ　コーポレーション,6674,電気機器,プライム（内国株式）,JP,2025-03-31,京都府,635929821184.0,1.7243406,22.373993,20.18597,8.083732867631893,0.2709,0.012667661,314.03,283.32,369.7400005013815,580340000000.0,50029000000.0,0.11969,30416000000.0,0.0,0.09653,0.5002536980819848,302751000000.0,186273000000.0,320219000000.0,115054000000.0,60788000000.0,78432000000.0,72370400000.0,0.11380249453510113
サクサ,6675,電気機器,スタンダード（内国株式）,JP,2025-03-31,東京都,37410627584.0,1.2349591,7.1400065,11.679904,5.326470252685547,0.3628,0.031299062,183.82,300.7,159.92689056431345,43971000000.0,3243000000.0,-0.00505,3502000000.0,0.03911,0.058179997,0.680574298166051,14439000000.0,11617000000.0,29476000000.0,2744000000.0,10291000000.0,2933000000.0,17090100000.0,0.45682473413809277
ＢＵＦＦＡＬＯ,6676,電気機器,スタンダード（内国株式）,JP,2025-03-31,東京都,60812955648.0,1.4665527,23.821892,8.419121,9.985394050060094,0.16389999,0.018621974,305.02,107.8,89.81967894295717,143170000000.0,8900000000.0,0.07259,6006000000.0,0.06955,0.20099,0.5865392128773474,31748000000.0,30795000000.0,69043000000.0,,31609000000.0,2298000000.0,38903600000.0,0.6397255253499499
エスケーエレクトロニクス,6677,電気機器,スタンダード（内国株式）,JP,2025-09-30,京都府,35669749760.0,1.0312157,14.484504,13.056369,10.399375915241903,0.4943,0.038690478,263.09,237.15,220.66000277921452,29187200000.0,3854180000.0,0.15313,2731041000.0,0.09928001,0.08524,0.8135350981265487,7928353000.0,7197849000.0,24551072000.0,0.0,9684641000.0,1468041000.0,17650347700.0,0.49482678792978446
テクノメディカ,6678,電気機器,スタンダード（内国株式）,JP,2025-03-31,神奈川県,13773129728.0,0.9944588,,14.517603,9.16921532981328,0.47779998,0.0,142.31,,172.9510389211359,9905864000.0,1300389000.0,0.21000999,1004583000.0,0.09523,0.074310005,0.8021276778400654,3549556000.0,3275163000.0,15678302000.0,,9061387000.0,,12128746000.0,0.8806092906641938
ズーム,6694,電気機器,スタンダード（内国株式）,JP,2025-12-31,東京都,2794161152.0,0.49541852,,,66.29407550210391,3.2944,0.050078247,-398.86,,9.406915127422321,17437011000.0,-56960000.0,0.0421,-1728030000.0,-0.0991,-0.19814,0.30095277483546806,11323451000.0,8114787000.0,14656341000.0,8411725000.0,3091856000.0,218275000.0,3485682500.0,1.2474879974281454
トラース・オン・プロダクト,6696,電気機器,グロース（内国株式）,JP,2026-01-31,神奈川県,1834214400.0,5.240584,,,875.0,0.0,0.0,-12.78,,0.48,485942000.0,-36149000.0,-0.01935,-61633000.0,-0.12577,,0.621853430325799,213390000.0,90711000.0,435369000.0,151670000.0,279254000.0,,221979000.0,0.12102129391198761
ダイヤモンドエレクトリックホールディングス,6699,電気機器,スタンダード（内国株式）,JP,2025-03-31,大阪府,4601984512.0,0.36425447,,2.4054828,-2.9885753242389557,0.168,0.047169812,223.24,,-226.5591587525225,91724000000.0,2271000000.0,0.02043,411000000.0,0.01321,0.108950004,0.14368425035949445,67727000000.0,53467000000.0,50928000000.0,38473000000.0,7492000000.0,2802000000.0,-14837600000.0,-3.224174258151002
日本電気,6701,電気機器,プライム（内国株式）,JP,2025-03-31,東京都,5566407639040.0,2.7031107,5.8278623,20.662786,19.269872420150552,0.1872,0.009200969,202.78,718.96,112.24799996132906,3423431000000.0,256497000000.0,0.15059,175183000000.0,0.075430006,0.12557,0.4523410286214293,2243857000000.0,1633416000000.0,2224994000000.0,666359000000.0,584615000000.0,221133000000.0,135930100000.0,0.02441971713437842
富士通,6702,電気機器,プライム（内国株式）,JP,2025-03-31,神奈川県,5821915725824.0,2.8751414,22.12261,19.440422,17.434088521741923,0.2895,0.015119444,172.63,151.7,135.34000002770853,3550116000000.0,265089000000.0,0.13057,219807000000.0,0.12829,0.15623,0.4977302928005196,1595741000000.0,1352078000000.0,2117581000000.0,247092000000.0,236079000000.0,,521840000000.0,0.08963372617801708
沖電気工業,6703,電気機器,プライム（内国株式）,JP,2025-03-31,東京都,300577488896.0,1.967365,26.582277,28.143274,3.638018714222495,0.3653,0.013157895,123.12,130.35,295.9299996847905,452457000000.0,18628000000.0,0.04719,12479000000.0,0.041810002,0.122779995,0.35445110897521687,265220000000.0,166992000000.0,231878000000.0,103002000000.0,36865000000.0,38380000000.0,-6476000000.0,-0.021545192967663322
電気興業,6706,電気機器,プライム（内国株式）,JP,2025-03-31,東京都,30381035520.0,0.85816175,29.434122,23.609512,-9.883501530159332,0.6104,0.025974026,147.61,118.4,-198.93000410840267,32580000000.0,935000000.0,0.08619001,777000000.0,0.07172,0.0718,0.6879055379508073,15910000000.0,11353000000.0,38343000000.0,5728000000.0,16180000000.0,2988000000.0,24524600000.0,0.8072338411195801
サンケン電気,6707,電気機器,プライム（内国株式）,JP,2025-03-31,埼玉県,173659602944.0,1.4002209,2.678321,130.61194,-19.619631779092703,0.0,0.0,66.51,3243.45,-335.98999584817096,121619000000.0,-3788000000.0,-0.045679998,50934000000.0,-0.04434,-0.026730001,0.5690883053418614,111139000000.0,54363000000.0,136955000000.0,63141000000.0,51405000000.0,15632000000.0,36758400000.0,0.2116692620324226
アイホン,6718,電気機器,プライム（内国株式）,JP,2025-03-31,愛知県,44714188800.0,0.6540222,11.178396,18.129936,9.728600715844228,0.8627,0.0,150.69,244.4,283.97299804997056,63316000000.0,3815000000.0,0.00686,3619000000.0,0.0,0.03861,0.8666095512545919,10276000000.0,8863000000.0,56333000000.0,413000000.0,25229000000.0,9059000000.0,52398300000.0,1.1718495047370736
ウインテスト,6721,電気機器,スタンダード（内国株式）,JP,2025-12-31,神奈川県,5564875264.0,15.907673,,,-4.35284451047484,0.0,0.0,-23.45,,-25.27083146096583,429053000.0,-1218661000.0,-3.7421398,-1242428000.0,-2.8951,-2.38388,0.37362717446753896,575864000.0,481484000.0,891876000.0,211123000.0,82957000.0,,316012000.0,0.056786897281297266
ルネサスエレクトロニクス,6723,電気機器,プライム（内国株式）,JP,2025-12-31,東京都,6486103687168.0,2.5528128,14.2207775,,16.714952032371468,0.3081,0.007466667,-28.5,251.39273,120.85000000077225,1321212000000.0,201166000000.0,0.24341999,-51763000000.0,-0.00691,-0.00389,0.5848548404742645,1728712000000.0,616380000000.0,723559000000.0,1206567000000.0,295897000000.0,168363000000.0,-887298900000.0,-0.1367999869868589
セイコーエプソン,6724,電気機器,プライム（内国株式）,JP,2025-03-31,長野県,797865410560.0,0.9348124,12.329174,43.89212,14.2229287449279,1.3025999,0.029611845,56.73,201.96,168.74371152369972,,,-0.02382,,0.01288,0.021949999,0.5525393402226355,651570000000.0,444117000000.0,880855000000.0,224708000000.0,267000000000.0,23990000000.0,246078000000.0,0.3084204387645838
ワコム,6727,電気機器,プライム（内国株式）,JP,2025-03-31,埼玉県,102796296192.0,2.8868864,12.288886,10.763595,20.366311423837754,,0.04532967,70.98,62.17,29.64000000493825,115680799000.0,10209629000.0,0.13325,5224744000.0,0.066360004,0.20674999,0.4360455175962479,39911749000.0,31028169000.0,56498349000.0,12000000000.0,24364228000.0,3167139000.0,18803597300.0,0.18292096112956419
アルバック,6728,電気機器,プライム（内国株式）,JP,2025-06-30,神奈川県,513374388224.0,2.274003,15.923129,41.172062,24.57034499222727,0.6473,0.0,253.57,655.65,410.61750150706547,251184000000.0,26523000000.0,0.08673,16687000000.0,0.05193,0.060089998,0.595810825943444,143981000000.0,100655000000.0,270077000000.0,46599000000.0,98951000000.0,7996000000.0,131693200000.0,0.25652467871564033
アクセル,6730,電気機器,スタンダード（内国株式）,JP,2025-03-31,東京都,10942408704.0,0.79581165,,9.6808,10.929766066485035,0.4286,0.0,104.95,,161.49000471704005,15244000000.0,1462000000.0,0.05193,978000000.0,0.08392,0.09355,0.8579311261800292,2029000000.0,1984000000.0,12411000000.0,,5000000000.0,2179000000.0,11907300000.0,1.088179058386595
ピクセラ,6731,電気機器,スタンダード（内国株式）,JP,2025-09-30,大阪府,2465171712.0,2.61928,,,-1.2121106535389388,0.0,0.0,-135.3,,-643.505605468175,1001129000.0,-796023000.0,-0.60116,-853899000.0,-0.80144,-2.25253,0.7509370378064348,280550000.0,238499000.0,1091481000.0,6275000.0,575476000.0,,810931000.0,0.32895517827522436
サン電子,6736,電気機器,スタンダード（内国株式）,JP,2025-03-31,愛知県,182902259712.0,4.069778,,8.909853,-19.8891136446026,0.052399997,0.0058962265,954.0,,-169.82000285639108,10837189000.0,1332000.0,0.0028600001,17228604000.0,0.68434,0.16823,0.8961143238565202,5519182000.0,5240433000.0,16733345000.0,2545494000.0,2148549000.0,10774890000.0,18756586000.0,0.10254977729380892
ＥＩＺＯ,6737,電気機器,プライム（内国株式）,JP,2025-03-31,石川県,96106774528.0,0.71503764,12.205653,13.45845,17.587524765926887,0.6089,0.0,180.63,199.17,132.56500078350436,80493000000.0,3706000000.0,0.03052,4148000000.0,0.06156,0.03829,0.7882402905697932,33407000000.0,18743000000.0,80709000000.0,5591000000.0,21058000000.0,50716000000.0,82803200000.0,0.8615750596840174
ジャパンディスプレイ,6740,電気機器,プライム（内国株式）,JP,2025-03-31,東京都,275507937280.0,-72.82051,-14.884696,,-2.1016280522645725,0.0,0.0,-11.76,-4.77,-11.419718143816752,188012000000.0,-37067000000.0,-0.13934,-78220000000.0,-0.31012,-2.82803,0.04653754956732036,141142000000.0,124850000000.0,100156000000.0,59500000000.0,21073000000.0,3110000000.0,-38809000000.0,-0.14086345527155622
日本信号,6741,電気機器,プライム（内国株式）,JP,2025-03-31,東京都,103411032064.0,0.9642596,18.819523,8.923094,11.027443421116901,,0.027058823,185.81,88.1,85.70999952720017,106859000000.0,9906000000.0,0.12015,8503000000.0,0.0,,0.6173123195380174,63618000000.0,54019000000.0,110198000000.0,19207000000.0,11291000000.0,28282000000.0,66377400000.0,0.6418792915529528
京三製作所,6742,電気機器,プライム（内国株式）,JP,2025-03-31,神奈川県,48698998784.0,0.95673823,13.372881,10.387046,8.698828845129254,0.3028,0.029947916,75.96,59.0,54.76000026598626,85367000000.0,6115000000.0,0.042969998,4783000000.0,0.05388,0.09708,0.41038054045474387,74295000000.0,58437000000.0,92833000000.0,33000000000.0,8170000000.0,11991000000.0,26931700000.0,0.5530236898596852
大同信号,6743,電気機器,スタンダード（内国株式）,JP,2025-03-31,,12704415744.0,0.48010674,,8.5870495,13.013440915743693,0.1608,0.01875,93.28,,32.08408565656311,21914135000.0,1152499000.0,0.07856,1542527000.0,0.05467,0.044549998,0.5350200102292836,16485629000.0,11677604000.0,27439449000.0,6321933000.0,3646601000.0,5950234000.0,15118983800.0,1.1900573867114153
能美防災,6744,電気機器,プライム（内国株式）,JP,2025-03-31,東京都,253110566912.0,1.943748,25.883343,18.559282,15.064509062705302,0.5003,0.0,231.69,166.13,142.10000067950781,133696000000.0,15681000000.0,0.22082001,11098000000.0,0.097729996,0.10147,0.7720237060829234,36849000000.0,30032000000.0,117150000000.0,150000000.0,43408000000.0,9755000000.0,87129500000.0,0.3442349367827566
ホーチキ,6745,電気機器,プライム（内国株式）,JP,2025-03-31,東京都,146673778688.0,2.2792063,8.260504,15.647882,8.977829741988577,0.3182,0.0,125.64,238.0,76.07666625033472,100900000000.0,9553000000.0,0.13947,7650000000.0,0.08858,0.14677,0.6593608833863142,30336000000.0,23055000000.0,66087000000.0,1273000000.0,21161000000.0,5280000000.0,39447000000.0,0.268943776814467
星和電機,6748,電気機器,スタンダード（内国株式）,JP,2025-12-31,京都府,10191245312.0,0.8647984,,8.318436,5.002316561565841,0.1893,0.019354839,95.09,,103.01685842337228,25385622000.0,1648596000.0,0.13947,1232020000.0,0.05313,0.13538,0.6306155155129122,11132086000.0,8452667000.0,19714977000.0,3538342000.0,3409176000.0,4463067000.0,11707037900.0,1.1487347759370665
エレコム,6750,電気機器,プライム（内国株式）,JP,2025-03-31,大阪府,135087816704.0,1.2942413,13.29053,12.49717,12.135535707494347,0.3771,0.030487806,132.51,124.6,119.92999979581272,118007000000.0,13532000000.0,0.12251,9300000000.0,0.14691,0.19886999,0.7205246644587764,32051000000.0,29263000000.0,94222000000.0,500000000.0,43718000000.0,2639000000.0,64018300000.0,0.4739013595894795
パナソニック　ホールディングス,6752,電気機器,プライム（内国株式）,JP,2025-03-31,大阪府,7646075682816.0,1.5211495,19.395912,40.41214,7.191577141364248,0.4928,0.0,81.04,168.85,190.15000001728075,8458185000000.0,406534000000.0,-0.0083,366205000000.0,0.02559,0.04152,0.502443009031925,4468362000000.0,2682753000000.0,3615479000000.0,1568243000000.0,847561000000.0,185686000000.0,-722902800000.0,-0.0945455982896784
シャープ,6753,電気機器,プライム（内国株式）,JP,2025-03-31,大阪府,383805161472.0,1.4875005,10.8638115,8.093934,-3.638685656544206,,0.0,73.03,54.41,-230.99000005355063,2160146000000.0,27338000000.0,0.02576,36095000000.0,0.05584,,0.10637876359434008,1286022000000.0,756923000000.0,979817000000.0,521348000000.0,279307000000.0,185710000000.0,-176208000000.0,-0.4591079476997993
アンリツ,6754,電気機器,プライム（内国株式）,JP,2025-03-31,神奈川県,536158076928.0,4.0398607,60.083187,45.95217,19.879631006104947,0.5044,0.011454184,91.16,69.72,58.29000000303792,112979000000.0,12125000000.0,0.17633,9257000000.0,0.09941,0.09088001,0.7775205536020422,35558000000.0,28654000000.0,106119000000.0,3561000000.0,50094000000.0,2208000000.0,72106600000.0,0.13448757577829626
ＯＳＧコーポレーション,6757,電気機器,スタンダード（内国株式）,JP,2026-01-31,大阪府,4400723968.0,1.7752787,,41.121952,154.560498797863,1.9522,0.0,20.5,,6.514264836694863,8185210000.0,207768000.0,0.042519998,106689000.0,0.012949999,0.01401,0.38357865143948155,3651435000.0,2562990000.0,3904382000.0,2015307000.0,2245335000.0,350497000.0,498294900.0,0.11323021021617505
ソニーグループ,6758,電気機器,プライム（内国株式）,JP,2025-03-31,東京都,21623503585280.0,2.663139,19.978167,21.352312,16.245017127048186,0.1458,0.00717566,171.41,183.2,157.13569885318185,12957064000000.0,1412640000000.0,0.07552,1141600000000.0,-0.02619,0.12367,0.23176564487415172,26783022000000.0,10688788000000.0,7454988000000.0,4198246000000.0,2980956000000.0,17103734000000.0,-7355420200000.0,-0.3401585765688375
ＴＤＫ,6762,電気機器,プライム（内国株式）,JP,2025-03-31,東京都,5535927107584.0,2.531036,27.287613,28.304543,17.872086129666847,0.3496,0.012158055,103.04,106.88,87.98308562140973,,,0.06449,,0.07811,0.09922,0.5082911773966056,1730161000000.0,1098460000000.0,1836858000000.0,608400000000.0,697307000000.0,183840000000.0,235385000000.0,0.042519526616875414
帝国通信工業,6763,電気機器,プライム（内国株式）,JP,2025-03-31,神奈川県,25936850944.0,0.94250894,,15.104587,12.379362671097724,,0.03053161,185.97,,141.13285247745918,16790040000.0,1663031000.0,0.0876,2009828000.0,0.09172,0.05923,0.8304886004271538,5051080000.0,2803244000.0,21249618000.0,46886000.0,13138828000.0,2707875000.0,18094050500.0,0.6976194041083356
タムラ製作所,6768,電気機器,プライム（内国株式）,JP,2025-03-31,東京都,72574279680.0,1.155362,22.189781,,20.78653511366972,0.3797,0.0,-17.29,41.1,27.270000162037366,114051000000.0,5196000000.0,0.044239998,2782000000.0,-0.01121,-0.02219,0.5141538263582848,60317000000.0,44037000000.0,78607000000.0,33947000000.0,20295000000.0,6922000000.0,23135400000.0,0.3187823579098594
ザインエレクトロニクス,6769,電気機器,スタンダード（内国株式）,JP,2025-12-31,東京都,11321815040.0,1.3541225,57.287235,,28.186825776688043,0.4756,0.014137606,-31.3,18.8,31.5400009653549,4639402000.0,-342836000.0,-0.43308997,-334330000.0,-0.092530005,-0.04982,0.9128984482381345,748098000.0,604135000.0,9122344000.0,,6454287000.0,257938000.0,8554802600.0,0.7556034584362897
アルプスアルパイン,6770,電気機器,プライム（内国株式）,JP,2025-03-31,東京都,434032443392.0,0.96983546,20.787777,16.508348,8.285378622897953,0.46,0.028803717,134.75,107.01,184.00077807766186,,,0.03036,,0.02637,0.06311,0.5589194224499301,325200000000.0,226861000000.0,494946000000.0,100787000000.0,147941000000.0,60033000000.0,211769100000.0,0.48791076156659324
池上通信機,6771,電気機器,スタンダード（内国株式）,JP,2025-03-31,東京都,5292445184.0,0.4132697,4.8020954,12.931035,7.677838972562765,0.188,0.014634146,63.8,171.8,106.05517243102821,20734000000.0,255000000.0,0.0034599998,235000000.0,0.03178,0.054920003,0.4735619430671613,15183000000.0,10954000000.0,23543000000.0,9697000000.0,4200000000.0,403000000.0,8642100000.0,1.6329125195527012
東京コスモス電機,6772,電気機器,スタンダード（内国株式）,JP,2025-03-31,神奈川県,8242006528.0,1.0756103,,21.281425,4.49337767175086,0.6114,0.0,57.28,,141.40264511388685,10506474000.0,1040448000.0,0.00715,709008000.0,0.0029199999,0.00366,0.6305272300291687,4439062000.0,2559718000.0,7838414000.0,1506024000.0,3344533000.0,703799000.0,3892011300.0,0.47221647869095207
ＴＢグループ,6775,電気機器,スタンダード（内国株式）,JP,2025-03-31,東京都,1775358464.0,3.8594787,,,-11.237286674989255,0.0,0.0,-14.87,,-17.88688015296114,2329863000.0,-196379000.0,-0.13469,-193499000.0,-0.09462,-0.41998002,0.3869642282178633,957690000.0,635394000.0,1146445000.0,546284000.0,256766000.0,232446000.0,351467200.0,0.19796970985122697
天昇電気工業,6776,化学,スタンダード（内国株式）,JP,2025-03-31,東京都,4695840256.0,0.4462878,,4.62544,7.329857722167969,0.0838,0.018450184,59.67,,55.719101436624165,27885000000.0,915000000.0,0.052399997,1264000000.0,0.044159997,0.09892,0.48024233655845916,11496000000.0,8042000000.0,8876000000.0,4485000000.0,3298000000.0,3983000000.0,168100000.0,0.035797640216831086
ｓａｎｔｅｃ　Ｈｏｌｄｉｎｇｓ,6777,電気機器,スタンダード（内国株式）,JP,2025-03-31,愛知県,388094394368.0,15.644519,74.62686,70.96774,14.882186032941199,0.3125,0.0046774196,465.0,442.2,327.4899990536227,24026716000.0,7429087000.0,0.32077998,5067844000.0,0.22056,0.27039,0.7257066180591142,8099163000.0,5224656000.0,20268057000.0,2717610000.0,12539970000.0,2591694000.0,13983079800.0,0.03603009990074972
アルチザネットワークス,6778,電気機器,スタンダード（内国株式）,JP,2024-07-31,東京都,5531103744.0,0.8391899,28.767124,30.852106,-34.98042844609912,0.9804,0.031152649,20.42,21.9,-15.692377446766102,,,0.3259,,0.0679,0.02717,0.7831889304385377,1934995000.0,1547273000.0,7688448000.0,1499102000.0,6455131000.0,190431000.0,5886754700.0,1.0643001781309565
日本電波工業,6779,電気機器,プライム（内国株式）,JP,2025-03-31,東京都,50395009024.0,1.6316981,12.624661,42.458317,12.621149706357196,0.5824,0.013667426,51.58,173.47,101.10902828245652,53064000000.0,4623000000.0,0.057529997,1792000000.0,0.01658,0.029289998,0.4078185733061156,42354000000.0,12155000000.0,43482000000.0,29550000000.0,15881000000.0,1462000000.0,2151400000.0,0.042690735484845775
鈴木,6785,電気機器,プライム（内国株式）,JP,2025-06-30,長野県,45088149504.0,1.5261359,15.842584,14.324163,8.532721296599975,0.4104,0.028616853,219.21,198.2,158.10999487881907,33322765000.0,4292615000.0,0.1522,2760595000.0,0.086619996,0.124630004,0.6768633650313973,11870963000.0,9800748000.0,19463936000.0,2454542000.0,6807020000.0,2574562000.0,9395166400.0,0.20837329771465796
ＲＶＨ,6786,サービス業,スタンダード（内国株式）,JP,2025-03-31,東京都,1342014336.0,2.0742016,,,-1.8684317029137008,0.0,0.0,-12.35,,-32.11249301027905,1469510000.0,-50749000.0,0.012990001,-230861000.0,-0.25379,-0.37719002,0.7133243696710806,301057000.0,195078000.0,880203000.0,111331000.0,525563000.0,57359000.0,619297300.0,0.46146846824742116
メイコー,6787,電気機器,プライム（内国株式）,JP,2025-03-31,神奈川県,812180504576.0,6.3605866,50.182335,45.14335,12.213548327231761,0.13270001,0.0030243902,701.1,630.7,428.7000060836738,206806000000.0,19083000000.0,0.100530006,14924000000.0,0.07549,0.1357,0.4222010719050108,140761000000.0,100257000000.0,114112000000.0,87570000000.0,23152000000.0,2145000000.0,-25147500000.0,-0.03096294463892394
日本トリム,6788,電気機器,プライム（内国株式）,JP,2025-03-31,大阪府,32772915200.0,1.4110957,11.267246,16.486599,12.55955044730294,0.48599997,0.029646521,267.49,391.4,280.5099880354139,22463830000.0,3285637000.0,0.120179996,2241402000.0,0.0813,0.08671,0.6779236810865396,9807611000.0,7155031000.0,24750348000.0,1193657000.0,15394490000.0,1306584000.0,15857345800.0,0.48385521102498685
フォスター電機,6794,電気機器,プライム（内国株式）,JP,2025-03-31,東京都,67021471744.0,1.0392374,25.977531,16.025572,11.025133069934103,0.4028,0.025303643,186.14,114.83,103.65652905212673,137607000000.0,6797000000.0,0.035889998,3902000000.0,0.0299,0.07998,0.569805103626458,38095000000.0,33886000000.0,83045000000.0,8570000000.0,20388000000.0,2328000000.0,46579600000.0,0.6949951827068013
名古屋電機工業,6797,電気機器,スタンダード（内国株式）,JP,2025-03-31,愛知県,14046930944.0,0.6216033,,6.3617973,6.4713287658458585,0.22629999,0.03375695,187.84,,143.54195237767797,17262298000.0,2752104000.0,0.08663999,2206550000.0,0.11241999,0.088,0.8134199822438416,5137945000.0,4881443000.0,19146575000.0,,4442861000.0,1133113000.0,14801809100.0,1.0537397214387558
ＳＭＫ,6798,電気機器,プライム（内国株式）,JP,2025-03-31,東京都,22278182912.0,0.7308875,,,-31.68732509496022,1.2376,0.028612303,-282.75,,-74.94252873563218,48051000000.0,-220000000.0,0.03506,-1884000000.0,-0.03757,-0.05842,0.5065702794535747,28463000000.0,16647000000.0,33149000000.0,15614000000.0,10475000000.0,4205000000.0,7629500000.0,0.34246509377074996
ヨコオ,6800,電気機器,プライム（内国株式）,JP,2025-03-31,東京都,120515821568.0,2.1674614,28.65536,40.34335,22.35418189139022,0.38259998,0.010974244,128.15,180.42,64.82196482196483,82884000000.0,4227000000.0,0.075229995,2227000000.0,0.02332,0.037520003,0.680890951519442,24250000000.0,19100000000.0,47556000000.0,10509000000.0,17122000000.0,2813000000.0,25275100000.0,0.20972433055803172
ティアック,6803,電気機器,スタンダード（内国株式）,JP,2025-03-31,東京都,2995382784.0,0.785368,,13.384813,-53.25718259703439,0.1287,0.009345794,7.77,,-1.839958340565874,15668000000.0,339000000.0,0.07359,81000000.0,0.03162,0.14099,0.3289875173370319,7257000000.0,5557000000.0,8568000000.0,4212000000.0,1552000000.0,143000000.0,1411100000.0,0.47109171072808037
ホシデン,6804,電気機器,プライム（内国株式）,JP,2025-03-31,大阪府,127315689472.0,0.84740096,10.444264,8.610529,8.73499709538991,0.32619998,0.0,300.33,247.6,205.6199982984026,247571000000.0,13573000000.0,0.033889998,10037000000.0,0.03615,0.111549996,0.7006026592902901,59963000000.0,45236000000.0,171516000000.0,11240000000.0,59564000000.0,7228000000.0,116612600000.0,0.9159326747835436
ヒロセ電機,6806,電気機器,プライム（内国株式）,JP,2025-03-31,神奈川県,801833484288.0,2.1433594,24.51775,26.684597,19.054115880107112,0.53400004,0.0,918.32,999.48,772.3300058782247,189420000000.0,42672000000.0,0.19176,33033000000.0,0.15687001,0.08859,0.8879280152375104,46719000000.0,29064000000.0,248776000000.0,5201000000.0,85666000000.0,63785000000.0,246706500000.0,0.3076779715916537
日本航空電子工業,6807,電気機器,プライム（内国株式）,JP,2025-03-31,東京都,166480347136.0,1.1532146,11.523383,23.565907,12.985101731015588,0.5722,0.02496879,104.77,214.26,181.80655494514053,221644000000.0,15615000000.0,0.04946,11592000000.0,0.03102,0.05085,0.6205556896455692,81749000000.0,48921000000.0,125279000000.0,37000000000.0,52874000000.0,3748000000.0,46153600000.0,0.27723152188225864
ＴＯＡ,6809,電気機器,プライム（内国株式）,JP,2025-03-31,兵庫県,54576652288.0,0.9306112,22.24894,19.992374,11.375941126252538,1.0794001,0.0,78.68,70.7,78.62836214826655,,,0.09368,,0.05982,0.06524,0.7213609208800816,16046000000.0,9964000000.0,45249000000.0,2981000000.0,18966000000.0,9004000000.0,35505800000.0,0.6505675689420549
マクセル,6810,電気機器,プライム（内国株式）,JP,2025-03-31,東京都,69804539904.0,0.801506,10.802945,9.366187,19.918783776710594,0.2475,0.026371308,202.11,175.23,93.12000064842485,,,0.02019,,0.06382,0.09105,0.555308362814107,70343000000.0,44380000000.0,84191000000.0,18836000000.0,33072000000.0,9667000000.0,20614900000.0,0.295323198582084
古野電気,6814,電気機器,プライム（内国株式）,JP,2025-02-28,兵庫県,208302145536.0,2.331412,29.223948,12.449936,10.394810117229207,0.3022,0.024242423,529.32,225.5,197.623338657551,126953000000.0,13182000000.0,0.09422,11457000000.0,0.11901,0.20662001,0.5844040188149192,50901000000.0,35690000000.0,91605000000.0,19845000000.0,16113000000.0,4548000000.0,43887600000.0,0.21069202089622782
スミダコーポレーション,6817,電気機器,プライム（内国株式）,JP,2025-12-31,東京都,43756683264.0,0.69723976,8.872483,12.115103,47.49435030720473,0.48540002,0.040800616,109.12,149.0,17.772432793921926,147194000000.0,7440000000.0,0.03935,3618000000.0,0.025020001,0.06121,0.37889231070049373,98303000000.0,68209000000.0,74793000000.0,64023000000.0,6129000000.0,744000000.0,-22989200000.0,-0.5253871702591759
伊豆シャボテンリゾート,6819,サービス業,スタンダード（内国株式）,JP,2025-03-31,東京都,8641530880.0,1.3989869,,9.319497,23.654974452195884,0.29930001,0.031847134,50.11,,17.51999990462947,5489630000.0,1191076000.0,0.18768999,906862000.0,0.16976,0.16562,0.7923706421972934,1509949000.0,777988000.0,2485268000.0,403040000.0,2067895000.0,194601000.0,1111539700.0,0.12862763732900068
アイコム,6820,電気機器,プライム（内国株式）,JP,2025-03-31,大阪府,42841604096.0,0.61840826,,18.376015,13.409659085094047,0.51060003,0.027694361,162.44,,241.18999701944637,37468000000.0,3727000000.0,0.09340999,2951000000.0,0.0,0.030569999,0.911636530965786,6529000000.0,4515000000.0,48685000000.0,,27005000000.0,8447000000.0,48068900000.0,1.122014476682213
大井電気,6822,電気機器,スタンダード（内国株式）,JP,2025-03-31,神奈川県,6916818944.0,0.88023686,,5.1500177,3.1709494502317863,0.0199,0.0,1003.88,,583.3402457757296,29046192000.0,1484454000.0,0.06371,1049930000.0,0.04196,0.15621,0.29825543490279455,14761329000.0,11380087000.0,18145109000.0,5530175000.0,3884169000.0,664452000.0,3848896400.0,0.5564546984909484
リオン,6823,電気機器,プライム（内国株式）,JP,2025-03-31,東京都,43341066240.0,1.245318,13.110779,12.94278,10.583324150860129,0.3132,0.023943663,271.58,268.1,232.190000607315,,,0.16315001,,0.11738,0.10102,0.8033149737697948,7696788000.0,5454857000.0,22683445000.0,,6014015000.0,1188399000.0,15818536300.0,0.36497801444028344
新コスモス電機,6824,電気機器,スタンダード（内国株式）,JP,2025-03-31,大阪府,65347534848.0,1.2828838,,16.329138,9.471522859221317,0.1824,0.011111111,328.86,,239.62882591093117,42153556000.0,5155293000.0,0.12810001,3376817000.0,0.09157,0.0929,0.708205472579943,16027167000.0,9099732000.0,42910272000.0,4890838000.0,19973854000.0,7568157000.0,32180814900.0,0.49245644804893374
アオイ電子,6832,電気機器,スタンダード（内国株式）,JP,2025-03-31,香川県,30953861120.0,0.7157955,38.45298,447.2492,-5.6582404900871,8.6262,0.0,6.18,71.88,-439.81000553260196,34974678000.0,438840000.0,-0.00976,178045000.0,0.00183,0.00162,0.831815220068421,8677100000.0,7651274000.0,33429242000.0,1764595000.0,17701231000.0,2951046000.0,26817874200.0,0.866382196910238
精工技研,6834,電気機器,スタンダード（内国株式）,JP,2025-03-31,千葉県,316454993920.0,10.15177,215.32848,85.9119,21.379743532984286,0.1826,0.0022388059,412.05,164.4,83.42000399883543,19982809000.0,2817253000.0,0.25971,2225362000.0,0.17790002,0.16554001,0.8141662276679617,6238930000.0,4786530000.0,24042144000.0,,14072417000.0,503746000.0,18155836200.0,0.05737256971394108
アライドテレシスホールディングス,6835,電気機器,スタンダード（内国株式）,JP,2025-12-31,東京都,30059517952.0,1.4228743,,10.490019,3.054639491542618,0.2904,0.028571429,27.55,,32.96999996466442,49950064000.0,4228756000.0,0.09154,2919832000.0,0.05844,0.14325,0.4377365590307771,27395215000.0,22521410000.0,37178293000.0,6333173000.0,17029080000.0,1892000.0,9784402400.0,0.325500974953226
ぷらっとホーム,6836,電気機器,スタンダード（内国株式）,JP,2025-03-31,東京都,4138433536.0,9.737468,,145.33333,-11.035644956421212,0.0,0.0,6.0,,-23.52981248667761,1167384000.0,-46007000.0,-0.03534,12046000.0,-0.19274999,-0.11675,0.5746071493577051,308500000.0,272116000.0,676064000.0,,355023000.0,1400000.0,368544000.0,0.08905398547398588
京写,6837,電気機器,スタンダード（内国株式）,JP,2025-03-31,京都府,16808229888.0,0.45488128,6.387665,9.321761,9.588770232719774,0.3536,0.03780069,31.11,45.4,41.84436086964775,26229000000.0,1277000000.0,0.03514,614000000.0,0.00975,0.02657,0.39706714066413507,14656000000.0,9774000000.0,15834000000.0,8485000000.0,5422000000.0,592000000.0,1592400000.0,0.09473930393686915
多摩川ホールディングス,6838,電気機器,スタンダード（内国株式）,JP,2025-10-31,東京都,13203263488.0,2.0104334,,47.38002,-11.157878748040432,0.1224,0.0025342118,40.84,,-71.02038357895317,5587974000.0,278901000.0,0.24183,268648000.0,0.14573,,0.4852111159709164,5804848000.0,2374961000.0,6234815000.0,3718008000.0,1342652000.0,735216000.0,944618200.0,0.0715442966701779
ＡＫＩＢＡホールディングス,6840,電気機器,スタンダード（内国株式）,JP,2025-03-31,東京都,7274187264.0,1.8810921,,20.260937,13.373453191918433,0.0,0.0,39.09,,31.85415119689741,18272045000.0,716208000.0,0.03613,112268000.0,0.01739,0.12189,0.2591600047138639,9649855000.0,6817602000.0,12657642000.0,7340956000.0,5369166000.0,,3007787000.0,0.4134877053393384
横河電機,6841,電気機器,プライム（内国株式）,JP,2025-03-31,東京都,1341382197248.0,2.5800815,24.37986,23.076923,14.299437936402999,0.3418,0.0,228.28,216.08,234.83000007785157,562404000000.0,83523000000.0,0.12979999,52123000000.0,0.09608,0.12125,0.6513500908413791,242565000000.0,197784000000.0,496313000000.0,34051000000.0,188754000000.0,64290000000.0,298751000000.0,0.22271877516558822
新電元工業,6844,電気機器,プライム（内国株式）,JP,2025-03-31,東京都,36956954624.0,0.5369163,20.239754,34.54511,-41.27851969891357,0.6192,0.01830986,105.08,179.35,-69.07999706215968,105830000000.0,129000000.0,0.027,-2436000000.0,0.0343,0.05584,0.4845783026608838,70352000000.0,30920000000.0,84189000000.0,40281000000.0,20397000000.0,14913000000.0,24276100000.0,0.6568750116719574
アズビル,6845,電気機器,プライム（内国株式）,JP,2025-03-31,東京都,712994062336.0,3.0202684,23.6656,16.800142,17.569056966553823,0.311,0.01867816,83.66,59.39,57.097500046059636,300378000000.0,41486000000.0,0.1531,40955000000.0,0.12026,0.14881,0.7528533160674385,74558000000.0,67786000000.0,230770000000.0,5482000000.0,88495000000.0,22791000000.0,172165700000.0,0.24146863079887268
東亜ディーケーケー,6848,電気機器,スタンダード（内国株式）,JP,2025-03-31,東京都,17104332800.0,0.76714826,,16.933771,13.806572732801738,0.4248,0.025316456,51.79,,65.52999846166807,18058000000.0,1341000000.0,0.046279997,1113000000.0,0.04423,0.03601,0.7649809793040868,6734000000.0,3312000000.0,17750000000.0,1200000000.0,5058000000.0,2508000000.0,12771600000.0,0.7466879970904214
日本光電工業,6849,電気機器,プライム（内国株式）,JP,2025-03-31,東京都,228920623104.0,1.3468919,13.028041,13.032786,19.127387450463264,0.2913,0.022354174,109.8,109.84,101.22500026828251,225424000000.0,20713000000.0,0.043080002,14098000000.0,0.05355,0.07095,0.6951865446266784,76984000000.0,72296000000.0,183085000000.0,26076000000.0,28428000000.0,4117000000.0,108982900000.0,0.4760728785474624
チノー,6850,電気機器,プライム（内国株式）,JP,2025-03-31,東京都,26257141760.0,1.1899546,6.3485646,14.622334,11.858432330536376,0.3725,0.025220681,107.37,247.3,103.42338471048991,29329000000.0,2882000000.0,0.10335,1991000000.0,0.06245,0.09031,0.5819409506156494,12733000000.0,9390000000.0,27268000000.0,2607000000.0,8127000000.0,1390000000.0,15508000000.0,0.590620264069443
共和電業,6853,電気機器,スタンダード（内国株式）,JP,2025-12-31,東京都,20179347456.0,1.1190078,,20.351055,10.29336939541144,0.5345,0.026923077,39.31,,39.17215291245158,16272345000.0,1385873000.0,0.13626,1033330000.0,0.06744,0.06059,0.767121524028362,5529569000.0,3790740000.0,15458704000.0,401925000.0,4325500000.0,2076815000.0,11382905500.0,0.5640868974985352
日本電子材料,6855,電気機器,スタンダード（内国株式）,JP,2025-03-31,兵庫県,118859104256.0,3.43953,26.748705,27.399078,51.34170617989788,0.2158,0.007955937,301.47,308.8,49.2751326942882,23829000000.0,4588000000.0,0.28373,3454000000.0,0.16361,0.17232001,0.7002935347098522,11946000000.0,6789000000.0,28463000000.0,5880000000.0,12148000000.0,74000000.0,16568800000.0,0.13939866116030913
堀場製作所,6856,電気機器,プライム（内国株式）,JP,2025-12-31,京都府,1020921184256.0,2.9286156,25.175274,27.671854,11.164684068839588,0.3298,0.012015745,878.51,965.63,795.339990976155,333081000000.0,53041000000.0,0.18987,37090000000.0,0.11135,0.11189,0.6726126275616029,169641000000.0,117978000000.0,352229000000.0,66483000000.0,162339000000.0,17126000000.0,194576200000.0,0.1905888554382365
アドバンテスト,6857,電気機器,プライム（内国株式）,JP,2025-03-31,東京都,20525015367680.0,30.468168,119.00055,55.05819,78.84562680503548,0.1149,0.002055391,513.82,237.73,84.1599999658442,779707000000.0,228161000000.0,0.46671,161177000000.0,0.33258,0.57646,0.5929911848374522,347671000000.0,309424000000.0,599753000000.0,93503000000.0,262544000000.0,30167000000.0,273198900000.0,0.013310533273957809
小野測器,6858,電気機器,スタンダード（内国株式）,JP,2025-12-31,神奈川県,8371373568.0,0.5082494,,21.441921,4.075482523378138,0.5874,0.027848102,37.45,,136.39999921469501,13629000000.0,589000000.0,0.095319994,395000000.0,0.029690001,0.02873,0.7488408391865216,5181000000.0,3056000000.0,11235000000.0,1130000000.0,3774000000.0,2912000000.0,8092400000.0,0.9666752933991155
エスペック,6859,電気機器,プライム（内国株式）,JP,2025-03-31,大阪府,75107401728.0,1.2782643,13.115982,13.986014,12.238417981087036,0.41979998,0.03,250.25,266.85,227.59764071616902,67288000000.0,7529000000.0,0.09983,6003000000.0,0.08046,0.095240004,0.7474521075322689,19155000000.0,15421000000.0,50589000000.0,126000000.0,12768000000.0,4006000000.0,34238200000.0,0.45585653627045947
キーエンス,6861,電気機器,プライム（内国株式）,JP,2025-03-31,大阪府,19266197782528.0,5.549864,42.540657,43.201385,36.28229616412772,0.2996,0.0069391876,1838.83,1867.39,1643.770000945138,,,0.536,,0.38073003,,0.9450715427103779,180672000000.0,168040000000.0,1632589000000.0,,579051000000.0,1544785000000.0,2533266500000.0,0.1314876203698766
ミナトホールディングス,6862,電気機器,スタンダード（内国株式）,JP,2025-03-31,東京都,21812320256.0,2.904824,25.302244,39.56786,5.605165908504639,,0.0038567493,74.05,115.8,197.78000147999902,24540461000.0,767204000.0,0.14655,373818000.0,0.050830003,0.23021,0.3366162255918729,11643027000.0,9879321000.0,12523238000.0,9070502000.0,2004591000.0,725003000.0,1387713100.0,0.06362060907382269
ニレコ,6863,電気機器,スタンダード（内国株式）,JP,2025-03-31,東京都,15847008256.0,0.9672245,13.061947,10.982688,13.140242719460968,0.52599996,0.04764045,201.59,169.5,135.0899975246523,10756978000.0,1907420000.0,0.122930005,1562563000.0,0.12675,0.084350005,0.8604775703838341,2679666000.0,1953354000.0,13267998000.0,142697000.0,4815230000.0,1560952000.0,11680998400.0,0.7371106401473184
エヌエフホールディングス,6864,電気機器,スタンダード（内国株式）,JP,2025-03-31,神奈川県,11265132544.0,0.91713184,,,26.240179517071464,0.4984,0.020447284,-2.82,,46.14405813622115,9083365000.0,547578000.0,0.05098,450649000.0,-0.0030399999,-0.02337,0.725303222505691,3654750000.0,3174436000.0,12879221000.0,1422123000.0,5445339000.0,245134000.0,9396064800.0,0.8340838213221471
日置電機,6866,電気機器,プライム（内国株式）,JP,2025-12-31,長野県,161802485760.0,3.7360828,24.733826,29.958088,16.00525881727015,0.4961,0.01676446,403.23,488.4,454.830000446167,40531817000.0,6791606000.0,0.20256001,5457622000.0,0.14107001,0.1434,0.8536377106006566,7536618000.0,6957999000.0,30137389000.0,,18532887000.0,842254000.0,23190348800.0,0.14332504652863004
リーダー電子,6867,電気機器,スタンダード（内国株式）,JP,2025-03-31,神奈川県,1787149824.0,0.5296826,4.6128316,23.089703,19.71137797470835,0.8301,0.035629455,18.06,90.4,31.35797134409825,4117038000.0,-179447000.0,-0.05136,-185245000.0,-0.00709,-0.009380001,0.7069717648258333,1327788000.0,860520000.0,3571280000.0,269021000.0,1229114000.0,190138000.0,2376588600.0,1.329820571327768
シスメックス,6869,電気機器,プライム（内国株式）,JP,2025-03-31,兵庫県,836307582976.0,1.6698042,12.6747265,17.943575,32.734463715841734,0.4676,0.02686109,74.79,105.88,79.24000004297308,508643000000.0,90796000000.0,0.12204,53669000000.0,0.088970006,0.09243,0.6971265715471058,200734000000.0,122826000000.0,364821000000.0,64735000000.0,89570000000.0,12034000000.0,172510800000.0,0.20627673778362793
日本フェンオール,6870,電気機器,スタンダード（内国株式）,JP,2025-12-31,東京都,13676577792.0,0.907898,,10.968699,8.205513440632247,0.3417,0.030522088,222.36,,199.01016586409844,12909850000.0,1056698000.0,0.1983,1247024000.0,0.081599995,0.07596,0.7597057256447067,4620454000.0,3188031000.0,12242169000.0,622948000.0,4830860000.0,3587871000.0,10133224700.0,0.7409181488315991
日本マイクロニクス,6871,電気機器,プライム（内国株式）,JP,2025-12-31,東京都,562081300480.0,8.509679,66.20702,46.4997,16.317251343230353,0.3049,0.006489071,311.83,219.01,228.36000017105619,70173000000.0,16542000000.0,0.19590999,12063000000.0,0.1719,0.20853001,0.6670066447195686,32974000000.0,23235000000.0,45500000000.0,6530000000.0,19305000000.0,10658000000.0,19986600000.0,0.03555820124763458
協立電機,6874,電気機器,スタンダード（内国株式）,JP,2025-06-30,静岡県,22350813184.0,1.0227209,,10.262583,7.699656472608656,0.2592,0.02501787,270.01,,219.71499462177812,38246325000.0,3354709000.0,0.12625,2138124000.0,0.06013,0.11059,0.6174339555648396,11581942000.0,10804837000.0,22749422000.0,814200000.0,8130014000.0,2142983000.0,12667568100.0,0.5667609493988423
メガチップス,6875,電気機器,プライム（内国株式）,JP,2025-03-31,大阪府,174352416768.0,0.9674749,42.861816,74.441216,14.96551230850877,0.3778,0.004962779,158.38,275.07,242.29999481045667,42326428000.0,2190013000.0,0.01471,5371919000.0,0.35195,0.075840004,0.7856788884285223,31699475000.0,7962618000.0,43602421000.0,,20830306000.0,101636005000.0,83048149500.0,0.4763234776980869
ＯＢＡＲＡ　ＧＲＯＵＰ,6877,電気機器,スタンダード（内国株式）,JP,2025-09-30,神奈川県,89799303168.0,1.2568184,11.944019,14.100447,10.403589356578347,0.3394,0.013953488,441.83,521.6,371.39000109196616,61682000000.0,9700000000.0,0.16867,6762000000.0,0.11067,0.10496,0.7178272175671772,29152000000.0,16838000000.0,69243000000.0,7942000000.0,26118000000.0,1681000000.0,41267700000.0,0.45955479100761837
三社電機製作所,6882,電気機器,スタンダード（内国株式）,JP,2025-03-31,大阪府,18727841792.0,0.75137657,11.695761,53.99079,7.434590872435655,1.5379,0.0,26.06,120.3,222.18081864496318,25440000000.0,1074000000.0,0.122650005,502000000.0,0.0143,0.015470001,0.7250603199189777,9230000000.0,8691000000.0,24900000000.0,3296000000.0,5760000000.0,88000000.0,15731600000.0,0.8400113678192268
アクモス,6888,情報・通信業,スタンダード（内国株式）,JP,2024-06-30,東京都,5362002944.0,1.5920416,,15.183099,12.274034218578883,0.70379996,0.046554934,35.5,,43.011634164433225,,,0.13853,,0.04302,0.08879,0.6015928917259,1800785000.0,1430355000.0,4418125000.0,536654000.0,3042935000.0,50364000.0,2652594800.0,0.4947022274518169
フェローテック,6890,電気機器,スタンダード（内国株式）,JP,2025-03-31,東京都,441685606400.0,1.8918458,21.425976,39.525524,9.23815622983876,0.6704,0.014656965,238.58,440.12,291.9899979648948,274390000000.0,24090000000.0,0.10622,15692000000.0,0.04662,0.052670002,0.39432361016528666,277047000000.0,151750000000.0,295367000000.0,168275000000.0,117727000000.0,11654000000.0,26477800000.0,0.05994716516983606
パルステック工業,6894,電気機器,スタンダード（内国株式）,JP,2025-03-31,静岡県,2968690176.0,0.7643383,,7.395038,7.117672972590205,0.2726,0.03754106,293.44,,239.04166666666666,2486548000.0,336150000.0,0.18951,355982000.0,0.16115999,0.10787,0.7681214339763989,1166294000.0,736323000.0,3609341000.0,3740000.0,1952139000.0,61913000.0,2486386100.0,0.8375364058199383
ツインバード,6897,電気機器,スタンダード（内国株式）,JP,2025-02-28,新潟県,4170230016.0,0.50041336,,,,4.5455,0.033163264,-114.27,,,,,0.13241,,0.0063099996,0.008119999,0.7124755405327198,3124957000.0,2560504000.0,6087988000.0,2042287000.0,610667000.0,238610000.0,3130058000.0,0.7505720279195266
トミタ電機,6898,電気機器,スタンダード（内国株式）,JP,2026-01-31,鳥取県,3096020736.0,0.7778947,,24.98352,-10.377613672217352,0.0,0.0,151.7,,-220.66730101263278,1603226000.0,-61454000.0,-0.07883,123761000.0,0.07673,0.03143,0.8544205804120847,678395000.0,259090000.0,2456658000.0,,1112273000.0,63551000.0,1822748700.0,0.588739176971714
ＡＳＴＩ,6899,電気機器,スタンダード（内国株式）,JP,2025-03-31,静岡県,7301660672.0,0.2922067,,8.079131,3.721425648327371,0.3803,0.046908315,289.14,,862.255918106206,65441375000.0,1517928000.0,0.02315,624896000.0,0.0069199996,0.01748,0.5329785688521418,21466033000.0,12034848000.0,29599404000.0,13500291000.0,4391504000.0,702729000.0,8625281300.0,1.1812766557443222
澤藤電機,6901,電気機器,スタンダード（内国株式）,JP,2025-03-31,群馬県,5587711488.0,0.44809082,,,9.886209928113571,0.5572,0.0,-57.5,,119.81909865445702,23601000000.0,76000000.0,0.10401,247000000.0,0.00132,0.0033000002,0.5006369426751592,12343000000.0,9586000000.0,13065000000.0,4766000000.0,769000000.0,4116000000.0,3603200000.0,0.6448436014883953
デンソー,6902,輸送用機器,プライム（内国株式）,JP,2025-03-31,愛知県,5160461926400.0,0.93951243,9.941915,11.7600155,25.797933059130962,0.4111,0.035676252,163.01,192.82,104.96999999946306,7161777000000.0,518953000000.0,0.08641,419081000000.0,0.05885,0.08941,0.6127096615384615,2936082000000.0,2109338000000.0,3909839000000.0,699384000000.0,986531000000.0,1622081000000.0,2109213700000.0,0.4087257555781276
原田工業,6904,電気機器,スタンダード（内国株式）,JP,2025-03-31,東京都,9793344512.0,0.6928441,5.7515526,11.375921,17.383266180184968,0.1842,0.016198704,40.7,80.5,40.72064367816092,44817176000.0,1729418000.0,0.08234,166225000.0,0.028499998,0.08951,0.34370193013923744,25551173000.0,23832313000.0,28808765000.0,16534101000.0,6448602000.0,,3257592000.0,0.3326332486321094
コーセル,6905,電気機器,プライム（内国株式）,JP,2025-05-31,富山県,54831837184.0,1.0028868,13.57572,,8.419996975625887,2.3989,0.041729894,-10.15,98.19,155.8699997823046,27052756000.0,628061000.0,-0.03847,-113661000.0,-0.027379999,-0.01138,0.9306306551359046,4162030000.0,2830896000.0,47760770000.0,281754000.0,27789017000.0,3355399000.0,45947519300.0,0.8379715446304168
ジオマテック,6907,電気機器,スタンダード（内国株式）,JP,2025-03-31,神奈川県,7364474368.0,0.69971275,,13.729539,-2.3501180084229265,0.0,0.0,67.81,,-211.0532314642559,5280866000.0,323760000.0,0.01084,360456000.0,0.00364,0.0022,0.556563428018599,7253931000.0,5707343000.0,10744295000.0,2033685000.0,3029193000.0,2703479000.0,5382799300.0,0.7309142555223298
イリソ電子工業,6908,電気機器,プライム（内国株式）,JP,2025-03-31,神奈川県,70563414016.0,0.9321189,15.9831705,19.587507,11.714142475533686,0.593,0.03058104,168.73,206.78,237.7499982890332,56332000000.0,5307000000.0,0.108389996,2662000000.0,0.05627,0.042480003,0.7729123344642662,20174000000.0,14241000000.0,52209000000.0,9321000000.0,24314000000.0,276000000.0,32228200000.0,0.4567267676800951
菊水ホールディングス,6912,電気機器,スタンダード（内国株式）,JP,2025-03-31,神奈川県,20901871616.0,1.3796614,,14.226606,8.052824271376375,0.3005,0.020337682,176.43,,155.37660040984832,13429290000.0,1997364000.0,0.19365999,1439924000.0,0.11103,0.11161,0.8058548758770349,3387886000.0,2531945000.0,11589028000.0,14435000.0,4716583000.0,2950652000.0,10266598400.0,0.49118081809196007
オプテックスグループ,6914,電気機器,プライム（内国株式）,JP,2025-12-31,滋賀県,112739164160.0,2.0087867,18.552168,17.246077,10.746420808895245,0.3049,0.017637795,183.52,170.6,158.680001067722,65878000000.0,8157000000.0,0.106520005,6595000000.0,0.100109994,0.124239996,0.7294480042631175,20792000000.0,15934000000.0,59488000000.0,6454000000.0,22884000000.0,1567000000.0,39792900000.0,0.352964298577961
千代田インテグレ,6915,電気機器,スタンダード（内国株式）,JP,2025-12-31,東京都,26533836800.0,0.6813841,,11.044656,9.975289442758763,0.5873,0.052545156,272.53,,310.89000386737933,38042000000.0,2973000000.0,0.073520005,2624000000.0,0.06898,0.064109996,0.8006797718192841,10028000000.0,7677000000.0,32404000000.0,1543000000.0,17371000000.0,3156000000.0,24585200000.0,0.9265603080817923
アバールデータ,6918,電気機器,スタンダード（内国株式）,JP,2025-03-31,東京都,21196779520.0,2.3029275,11.222291,27.976055,7.022131680398702,0.5838,0.014168938,130.29,324.8,853.6702576612947,10980379000.0,1420667000.0,0.17521,1137953000.0,0.086689994,0.068969995,0.9020841588359438,2177301000.0,1655138000.0,16173356000.0,,6124907000.0,2677284000.0,15870153800.0,0.7487058958662037
ケル,6919,電気機器,スタンダード（内国株式）,JP,2025-03-31,東京都,9909010432.0,0.65270334,,30.179482,14.284856173164043,1.7711,0.0,45.13,,117.30006964797428,11871771000.0,596528000.0,0.02191,401552000.0,0.01814,0.01477,0.818287980239658,3380815000.0,2876290000.0,11541717000.0,466002000.0,4878090000.0,2321180000.0,9785728000.0,0.9875585526076475
レーザーテック,6920,電気機器,プライム（内国株式）,JP,2025-06-30,神奈川県,3808407322624.0,16.889622,38.904198,44.009197,52.200962149298014,0.35810003,0.007955852,965.48,1092.17,654.4900018276663,251477000000.0,122843000000.0,0.36821,84652000000.0,0.35205,0.4408,0.6368245241974387,119703000000.0,117919000000.0,286861000000.0,,86087000000.0,1007000000.0,167862900000.0,0.0440769292199402
スタンレー電気,6923,電気機器,プライム（内国株式）,JP,2025-03-31,東京都,435471220736.0,0.99147385,14.008382,14.734872,15.479103401307123,0.43240002,0.0,240.45,252.92,162.40999988593236,509565000000.0,49003000000.0,0.07679,32058000000.0,0.06704,0.07508,0.6481947158836987,150701000000.0,91015000000.0,390038000000.0,44575000000.0,219514000000.0,77828000000.0,293816600000.0,0.6747095697929562
ウシオ電機,6925,電気機器,プライム（内国株式）,JP,2025-03-31,東京都,272877830144.0,1.4173343,31.672499,68.86264,17.270623016545954,1.3975,0.020045819,49.94,108.58,105.29398945882687,177616000000.0,8826000000.0,0.08172,6797000000.0,0.02882,0.02424,0.6743871592713182,96796000000.0,51396000000.0,186560000000.0,41398000000.0,61348000000.0,37473000000.0,115995100000.0,0.4250807034737427
岡谷電機産業,6926,電気機器,スタンダード（内国株式）,JP,2025-03-31,東京都,4297739264.0,0.6889548,,,49.7359888224741,0.0,0.0,-84.1,,5.408558397424432,9598649000.0,-1749110000.0,-0.122959994,-1705900000.0,-0.17805,-0.25553,0.5032900050899158,6976500000.0,3567293000.0,8823837000.0,4001454000.0,3299166000.0,2121797000.0,3332594900.0,0.7754297539442355
ヘリオス　テクノ　ホールディング,6927,電気機器,スタンダード（内国株式）,JP,2025-03-31,東京都,20057593856.0,1.1554577,,32.11276,3.692913863692942,1.1898,0.037408758,34.41,,126.2947656330033,9869997000.0,900376000.0,0.21948999,728296000.0,0.13148,0.11946,0.7608565726794909,5062509000.0,4806875000.0,18022170000.0,50705000.0,12013854000.0,1079200000.0,13715101000.0,0.6837859565043134
エノモト,6928,電気機器,スタンダード（内国株式）,JP,2025-03-31,山梨県,23124615168.0,1.0333931,21.114458,29.193737,82.29927273510957,0.5916,0.0,120.06,166.0,18.100001298357668,26880395000.0,618625000.0,0.044850003,447931000.0,0.04047,0.05456,0.6670540009748838,10932177000.0,7655154000.0,17610154000.0,4036000000.0,4445869000.0,523139000.0,7044174300.0,0.3046180119679473
日本セラミック,6929,電気機器,プライム（内国株式）,JP,2025-12-31,鳥取県,85820399616.0,1.9789398,23.48841,12.777435,13.515834488027371,0.38509998,0.029940119,324.4,176.47,181.29000075443125,27325000000.0,6230000000.0,0.24337,7004000000.0,0.26604,0.15273,0.8444436558491102,6324000000.0,5045000000.0,43276000000.0,12000000.0,29938000000.0,2095000000.0,38418500000.0,0.44766163024061956
遠藤照明,6932,電気機器,スタンダード（内国株式）,JP,2025-03-31,大阪府,36153577472.0,0.72275347,8.412371,8.326814,4.166065625667457,0.29930001,0.03585982,293.99,291.0,324.78044327691623,,,0.12968999,,0.07827,0.09231,0.6509820148669219,23617000000.0,14551000000.0,43072000000.0,13082000000.0,15692000000.0,93000000.0,19520100000.0,0.5399216720701515
山一電機,6941,電気機器,プライム（内国株式）,JP,2025-03-31,東京都,205682688000.0,4.670231,34.484886,35.91852,22.59691248284131,0.28620002,0.008120438,311.26,324.2,100.43476633028202,45298813000.0,8225047000.0,0.22504999,5240971000.0,0.0,0.18048,0.740471702728603,13713312000.0,10443263000.0,32112340000.0,6302239000.0,12981469000.0,65042000.0,18444557400.0,0.08967481696855303
ソフィアホールディングス,6942,情報・通信業,スタンダード（内国株式）,JP,2025-03-31,東京都,6035798528.0,1.971191,,,-45.02758933101792,0.0,0.0,-36.79,,-24.473884042485725,523000000.0,57037000.0,0.0374,-82603000.0,-0.020650001,-0.05119,0.4061090283787665,4429012000.0,2930873000.0,4510597000.0,2314466000.0,2747381000.0,133007000.0,174689900.0,0.028942301369009514
ＮＫＫスイッチズ,6943,電気機器,スタンダード（内国株式）,JP,2025-03-31,神奈川県,4064389888.0,0.30583873,,,12.898786843649168,0.41669998,0.016194332,-515.24,,473.0691452127246,7564435000.0,-452477000.0,0.09401,-404091000.0,-0.015570001,-0.009430001,0.8481560986294491,2272194000.0,1514606000.0,9413863000.0,254347000.0,4688875000.0,1175166000.0,7964285200.0,1.9595278552174176
日本アビオニクス,6946,電気機器,スタンダード（内国株式）,JP,2025-03-31,神奈川県,88289214464.0,6.278586,38.25697,23.526167,17.64830440308719,0.0394,0.00094339624,253.76,156.05,131.86000284213836,20122000000.0,2796000000.0,0.19835,1964000000.0,0.119569995,0.2292,0.518596960576673,12956000000.0,8724000000.0,19340000000.0,4790000000.0,1934000000.0,19000000.0,6397300000.0,0.07245845417062244
図研,6947,電気機器,プライム（内国株式）,JP,2025-03-31,神奈川県,93681778688.0,2.389329,22.225,17.01175,24.146221389433755,0.38279998,0.022197558,261.29,200.0,171.37000119165592,40736294000.0,5392253000.0,0.13588001,5226214000.0,0.14395,0.15471,0.6313557361239783,23325693000.0,19379447000.0,48495961000.0,,28218445000.0,3410311000.0,27557485700.0,0.29416057301578463
日本電子,6951,電気機器,プライム（内国株式）,JP,2025-03-31,東京都,336622977024.0,2.3578727,12.618204,20.081347,14.094448813104682,0.33380002,0.016805494,344.2,547.78,424.9199995692849,196695000000.0,35502000000.0,0.19824,18688000000.0,0.08542,0.111949995,0.6142004440728854,85835000000.0,72995000000.0,169492000000.0,9284000000.0,36144000000.0,14769000000.0,93995300000.0,0.2792301964381311
カシオ計算機,6952,電気機器,プライム（内国株式）,JP,2025-03-31,東京都,384816742400.0,1.6861387,32.420914,31.129501,24.021024075041517,0.8191,0.026354318,54.98,52.79,51.37925715370409,261757000000.0,14236000000.0,0.11504,8064000000.0,0.07013,0.08479,0.6599727418557249,112717000000.0,61403000000.0,235883000000.0,46761000000.0,72174000000.0,4866000000.0,126572200000.0,0.3289155227774206
ファナック,6954,電気機器,プライム（内国株式）,JP,2025-03-31,山梨県,7166659395584.0,3.8429785,44.364853,43.085552,28.806896271547913,0.6,0.013818064,178.25,173.11,140.23000001020455,797129000000.0,158846000000.0,0.23903999,147557000000.0,0.19414,0.09352,0.8903032527615717,197141000000.0,157586000000.0,1085787000000.0,,590504000000.0,192214000000.0,1023195800000.0,0.1427716518285325
ＦＤＫ,6955,電気機器,スタンダード（内国株式）,JP,2025-03-31,東京都,14699122688.0,0.7733924,,19.713095,213.35985545,0.0,0.0,21.61,,3.477692644827858,63171000000.0,1395000000.0,0.04085,536000000.0,0.012510001,0.04243,0.35183426845058263,29925000000.0,28879000000.0,31734000000.0,14708000000.0,4600000000.0,211000000.0,1956700000.0,0.13311678809221733
日本シイエムケイ,6958,電気機器,プライム（内国株式）,JP,2025-03-31,東京都,46554353664.0,0.6049478,9.118838,17.307182,8.831062775885238,0.53040004,0.030959751,37.73,71.61,64.20398714254785,95486000000.0,3808000000.0,0.03331,3789000000.0,0.022939999,0.03056,0.5325838158071899,67114000000.0,33686000000.0,62382000000.0,44234000000.0,22193000000.0,4041000000.0,-1903300000.0,-0.0408833943595656
フクダ電子,6960,電気機器,スタンダード（内国株式）,JP,2025-03-31,東京都,267187093504.0,1.4875433,15.577255,15.185015,10.539310318221823,0.19950001,0.013333334,651.3,634.9,622.4400061135176,139007000000.0,25874000000.0,0.16849001,18605000000.0,0.12968001,0.10077,0.8207580844113301,39670000000.0,35219000000.0,127139000000.0,3317000000.0,72374000000.0,32090000000.0,109932000000.0,0.4114420294719596
エンプラス,6961,電気機器,プライム（内国株式）,JP,2025-03-31,東京都,140603490304.0,2.2644753,24.351534,35.571415,18.418737227939275,0.2045,0.006198347,439.96,642.67,383.0000057844904,38069000000.0,5287000000.0,0.09483,3943000000.0,0.123009995,0.08899,0.8832815611310235,6561000000.0,5168000000.0,38695000000.0,1438000000.0,24050000000.0,746000000.0,32656200000.0,0.23225739225529718
大真空,6962,電気機器,プライム（内国株式）,JP,2025-03-31,兵庫県,25697910784.0,0.67261195,17.380081,56.66199,12.377471797437142,1.9663,0.034956306,14.26,46.49,58.12000010037012,38620931000.0,915023000.0,0.03462,285588000.0,0.0097,0.01051,0.4122218211796004,44670703000.0,24874535000.0,48934375000.0,33647307000.0,18707732000.0,2759028000.0,6194991600.0,0.24106985396871708
ローム,6963,電気機器,プライム（内国株式）,JP,2025-03-31,京都府,1544140226560.0,1.6684226,46.035217,,17.089102325233767,2.2183,0.012603983,-410.58,86.89,134.35000006099463,448466000000.0,-40061000000.0,0.01635,-50065000000.0,0.0,,0.6170548285112423,551113000000.0,219623000000.0,561245000000.0,400000000000.0,196602000000.0,351511000000.0,256189700000.0,0.1659109034227633
サンコー,6964,電気機器,スタンダード（内国株式）,JP,2025-03-31,長野県,6202425344.0,0.38388476,,11.78156,7.234455009707336,0.3371,0.027777778,59.33,,79.40047006266563,16838185000.0,546075000.0,0.05548,569572000.0,0.02629,0.03006,0.7084332331235067,6426254000.0,5400448000.0,15143376000.0,109894000.0,4891829000.0,1277957000.0,9611691900.0,1.549666681485816
浜松ホトニクス,6965,電気機器,プライム（内国株式）,JP,2025-09-30,静岡県,629643476992.0,1.9984273,25.640266,45.776882,22.296761290604266,0.80300003,0.017455213,47.24,84.34,81.18999994023356,212051000000.0,16168000000.0,0.04631,14203000000.0,0.05998,0.04124,0.7066249384626204,131555000000.0,108532000000.0,236446000000.0,70996000000.0,90559000000.0,4726000000.0,108199200000.0,0.1718420089363917
三井ハイテック,6966,電気機器,プライム（内国株式）,JP,2026-01-31,福岡県,129934819328.0,1.1473165,10.999381,41.2892,13.147678278697152,1.0435,0.025604552,17.22,64.64,66.86000017181472,218329000000.0,12651000000.0,0.06183,3151000000.0,0.0144299995,0.02833,0.4699245624372391,127380000000.0,54862000000.0,108787000000.0,89012000000.0,48036000000.0,2006000000.0,-17188800000.0,-0.13228786624630293
松尾電機,6969,電気機器,スタンダード（内国株式）,JP,2025-03-31,大阪府,5785466880.0,1.7011807,,8.08595,63.25049371571418,0.0,0.0,186.62,,8.980167056923447,4545178000.0,491165000.0,0.03309,449974000.0,-0.081520006,-0.15672,0.4185402768550288,3833343000.0,2593040000.0,4252421000.0,2383382000.0,1157656000.0,15000000.0,429578000.0,0.07425122447507641
京セラ,6971,電気機器,プライム（内国株式）,JP,2025-03-31,京都府,3796105166848.0,1.1367522,32.19553,28.032883,26.692443313568138,0.50630003,0.018261634,102.79,89.5,71.57591796182061,2014454000000.0,27299000000.0,0.08668,24097000000.0,0.06809,0.04384,0.7132717857596479,1268073000000.0,491682000000.0,1435748000000.0,342382000000.0,444744000000.0,50068000000.0,202722600000.0,0.05340278814465132
太陽誘電,6976,電気機器,プライム（内国株式）,JP,2025-03-31,東京都,818330992640.0,2.3760161,34.940468,60.999256,53.13722417191272,0.8368,0.013841894,107.28,187.29,63.4900001951953,341438000000.0,10460000000.0,0.03683,2328000000.0,0.04167,0.04462,0.5568312665303531,254019000000.0,79645000000.0,279284000000.0,164400000000.0,78166000000.0,20000000.0,25279000000.0,0.03089092338840542
日本抵抗器製作所,6977,電気機器,スタンダード（内国株式）,JP,2025-12-31,富山県,1390616192.0,1.1885602,,,-5.4027616031710926,2.4773,0.023041476,-304.34,,-146.65400161681487,5905941000.0,-109824000.0,0.02836,-376511000.0,-0.06367,-0.19155,0.1623664598013727,5554132000.0,3625089000.0,5154112000.0,4112254000.0,1662037000.0,479767000.0,-64183100.0,-0.04615443166075259
村田製作所,6981,電気機器,プライム（内国株式）,JP,2025-03-31,京都府,11083758698496.0,4.0767956,25.662746,47.704483,18.938410671987434,0.5092,0.010694307,127.64,237.27,125.07999996820281,,,0.28057,,0.12777,0.08826,0.8522588050831618,448219000000.0,276517000000.0,1497935000000.0,59993000000.0,625148000000.0,40274000000.0,1077907800000.0,0.09725110671583509
リード,6982,輸送用機器,スタンダード（内国株式）,JP,2025-03-31,埼玉県,1566778240.0,0.61709064,,,32.97855880346938,0.53220004,0.0,-88.21,,18.79229846322688,4186015000.0,-90693000.0,-0.01832,-104999000.0,-0.05269,-0.08801,0.3298311993492757,5282879000.0,2516683000.0,2569390000.0,3707990000.0,1435501000.0,936557000.0,-2057899100.0,-1.3134590763782883
双葉電子工業,6986,電気機器,プライム（内国株式）,JP,2025-03-31,千葉県,26933821440.0,0.32866424,24.05303,95.921455,-11.304596198948339,,0.014492754,6.62,26.4,-43.71000013367621,48116000000.0,-1293000000.0,-0.03902,-281000000.0,-0.00041,0.0011,0.7633198140271046,12782000000.0,6534000000.0,58955000000.0,700000000.0,31285000000.0,13343000000.0,55513100000.0,2.0610925977832575
日東電工,6988,化学,プライム（内国株式）,JP,2025-03-31,大阪府,2080261406720.0,1.8120322,16.113546,15.674332,14.29488218647087,0.3044,0.019430052,197.01,191.64,195.6500000971571,,,0.14776,,0.12984,0.12172,0.7898231360445412,276806000000.0,221735000000.0,750209000000.0,455000000.0,363344000000.0,11096000000.0,481170200000.0,0.23130275764653685
北陸電気工業,6989,電気機器,スタンダード（内国株式）,JP,2025-03-31,富山県,19865061376.0,0.8171601,,8.189669,4.114037471797429,,0.035252646,309.17,,307.28728528028523,43185000000.0,2601000000.0,0.08022001,2194000000.0,0.04812,0.08939,0.5258015974071073,20483000000.0,11279000000.0,30625000000.0,8892000000.0,11931000000.0,1431000000.0,11143700000.0,0.5609698248132914
大黒屋ホールディングス,6993,小売業,スタンダード（内国株式）,JP,2025-03-31,東京都,76443516928.0,14.208657,,,-7.828290844538002,0.0,0.0,-5.45,,-4.598704968290507,10232047000.0,-904499000.0,-0.039470002,-968055000.0,-0.08692,-0.26137,0.0675063011603499,5284469000.0,4538371000.0,4870956000.0,4450000000.0,559230000.0,66199000.0,-367173700.0,-0.004803202609657933
指月電機製作所,6994,電気機器,スタンダード（内国株式）,JP,2025-03-31,兵庫県,35154874368.0,1.4227557,,19.352148,62.270179719298625,0.2922,0.015532545,71.93,,6.71728868564685,27346541000.0,1990792000.0,0.1028,1194672000.0,0.06934,0.08168,0.6098376500837771,14597582000.0,6882547000.0,20112977000.0,8800000000.0,5929507000.0,1745251000.0,6737070700.0,0.19163973193237951
東海理化電機製作所,6995,輸送用機器,プライム（内国株式）,JP,2025-03-31,愛知県,259156131840.0,0.7531083,11.789988,7.254491,8.619973109094921,0.25010002,0.03504673,419.74,258.27,276.7999986455179,617660000000.0,35440000000.0,0.05771,27808000000.0,0.04961,0.094,0.6186122886746441,173066000000.0,131179000000.0,285523000000.0,11062000000.0,75074000000.0,32579000000.0,135262300000.0,0.5219336275767127
ニチコン,6996,電気機器,プライム（内国株式）,JP,2025-03-31,京都府,188581462016.0,1.5767308,31.227758,29.872341,11.077619923415988,0.3937,0.0,94.0,89.92,108.9799994961012,175751000000.0,5204000000.0,0.05133,5877000000.0,0.03718,0.057550002,0.5734232690490285,78770000000.0,51558000000.0,108254000000.0,25863000000.0,25519000000.0,26688000000.0,48165600000.0,0.2554100465925619
日本ケミコン,6997,電気機器,プライム（内国株式）,JP,2025-03-31,東京都,71003357184.0,1.3312106,18.011894,584.55884,-1.366550169678491,0.0,0.0,5.44,176.55,-1029.150018082994,122684000000.0,3740000000.0,0.02716,37000000.0,0.0095,0.023340002,0.3449127853376111,106035000000.0,60631000000.0,86620000000.0,78384000000.0,23870000000.0,15007000000.0,-8910100000.0,-0.12548843256678877
日本タングステン,6998,電気機器,スタンダード（内国株式）,JP,2025-03-31,福岡県,9792060416.0,0.7455506,,15.650959,11.009148760144807,0.3884,0.02402691,128.81,,108.59000514514692,12392000000.0,690000000.0,0.05633,676000000.0,0.05485,0.05277,0.712357511484149,5072000000.0,4557000000.0,10145000000.0,2482000000.0,3307000000.0,1730000000.0,6284000000.0,0.6417444064920279
ＫＯＡ,6999,電気機器,プライム（内国株式）,JP,2025-03-31,長野県,73346162688.0,0.82806826,36.628338,18.570757,135.92296271575083,0.3007,0.016008005,106.35,53.92,7.02000000702,,,0.02839,,0.05466,0.04741,0.5525342199271389,63256000000.0,15935000000.0,57505000000.0,44709000000.0,26642000000.0,4942000000.0,-2291600000.0,-0.03124362496982986
三井Ｅ＆Ｓ,7003,機械,プライム（内国株式）,JP,2025-03-31,東京都,560982523904.0,2.743039,42.15315,23.0897,7.330840437909843,0.1452,0.00625,240.8,131.9,254.42000034713487,315112000000.0,23131000000.0,0.12911999,39074000000.0,0.08372,0.15937,0.3781043249067256,275060000000.0,200792000000.0,239646000000.0,105242000000.0,35353000000.0,29674000000.0,-14642200000.0,-0.0261009913430132
カナデビア,7004,機械,プライム（内国株式）,JP,2025-03-31,大阪府,236700418048.0,1.340032,10.494517,21.256987,11.113293618377439,0.37759998,0.0,66.19,134.07,112.73999974721175,610523000000.0,26947000000.0,0.01982,22103000000.0,0.0,0.058080003,0.31060121443544497,411773000000.0,294283000000.0,357114000000.0,135763000000.0,70763000000.0,27571000000.0,-35359300000.0,-0.14938418905888692
三菱重工業,7011,機械,プライム（内国株式）,JP,2025-03-31,東京都,14805082570752.0,5.5803165,47.54505,42.166714,20.34652959702422,0.23889999,0.0058139535,104.49,92.67,66.03999999339669,5027176000000.0,385952000000.0,0.11003,245447000000.0,0.06677,0.12579,0.35241459430983146,4189101000000.0,3146299000000.0,3911632000000.0,1131274000000.0,657816000000.0,470907000000.0,52165900000.0,0.0035235129389319117
川崎重工業,7012,輸送用機器,プライム（内国株式）,JP,2025-03-31,東京都,2856092958720.0,3.536092,5.9892726,26.377954,31.584045721776256,0.2565,0.01008552,129.54,570.52,30.301999998629203,2129321000000.0,119950000000.0,0.07436,88001000000.0,0.0468,,0.23298853710252504,2291888000000.0,1847303000000.0,2023901000000.0,,132776000000.0,71802000000.0,-217725600000.0,-0.07623197253970926
ＩＨＩ,7013,機械,プライム（内国株式）,JP,2025-03-31,東京都,3002908540928.0,5.3271623,4.897469,18.65942,-8.77001890605563,0.1317,0.007127584,151.8,578.36,-64.39714283469614,1626831000000.0,143517000000.0,0.12255,112740000000.0,0.097959995,0.27763999,0.2150186217411953,1731732000000.0,1117925000000.0,1302263000000.0,514723000000.0,136809000000.0,51509000000.0,-393412700000.0,-0.13101055015096205
名村造船所,7014,輸送用機器,スタンダード（内国株式）,JP,2025-03-31,大阪府,279947280384.0,2.2289639,,14.020805,6.75793171316928,0.174,0.012437811,287.43,,285.5199993280536,159227000000.0,29466000000.0,0.20397,26245000000.0,0.124060005,0.16931999,0.5011744332343078,103895000000.0,78410000000.0,141310000000.0,18261000000.0,90140000000.0,32552000000.0,60201400000.0,0.21504548969871232
内海造船,7018,輸送用機器,スタンダード（内国株式）,JP,2025-03-31,広島県,17032619008.0,1.3638097,,9.770087,3.7716942390148596,,0.0034453059,1028.65,,1333.924090810673,44648000000.0,1417000000.0,0.08085,1017000000.0,0.03976,0.14825,0.25551946523560704,31630000000.0,26398000000.0,28451000000.0,5680000000.0,4702000000.0,1014000000.0,-2469200000.0,-0.14496889755123676
ニッチツ,7021,機械,スタンダード（内国株式）,JP,2025-03-31,東京都,4302587904.0,0.35938755,,34.202717,16.67093299126629,0.5781,0.01716141,64.03,,121.11407296666225,9850916000.0,270070000.0,0.01407,241946000.0,0.0109399995,0.009190001,0.6960487518199578,4905085000.0,3146079000.0,7562962000.0,1262200000.0,2670656000.0,2547843000.0,4441367100.0,1.0322548194473797
サノヤスホールディングス,7022,機械,スタンダード（内国株式）,JP,2025-03-31,大阪府,9410368512.0,0.84120905,,7.1628857,12.197129250090988,,0.026978416,39.23,,13.510000181605013,25006000000.0,1066000000.0,0.10782,1182000000.0,0.06296,0.17322999,0.367479674796748,17505000000.0,10420000000.0,12806000000.0,8093000000.0,2016000000.0,4805000000.0,-1335500000.0,-0.1419179279001651
スプリックス,7030,サービス業,スタンダード（内国株式）,JP,2025-09-30,東京都,24064593920.0,2.2691278,12.4237175,22.085493,27.36672052217859,,0.026950354,61.76,109.79,28.3699999506362,35127000000.0,2170000000.0,0.15725,1087000000.0,0.03625,0.12748,0.4438959306204136,12504000000.0,11148000000.0,11276000000.0,1144000000.0,6460000000.0,594000000.0,-812200000.0,-0.033750829234852925
インバウンドテック,7031,サービス業,グロース（内国株式）,JP,2025-03-31,東京都,1448924672.0,0.9358822,,,14.369354532841072,0.0,0.0,-202.4,,78.56998708046888,2544543000.0,21387000.0,0.018760001,-414576000.0,-0.22132,-0.31261998,0.5822694486743497,860235000.0,742388000.0,2064593000.0,652000000.0,1407147000.0,,1204358000.0,0.8312081526899419
マネジメントソリューションズ,7033,サービス業,プライム（内国株式）,JP,2025-12-31,東京都,20780251136.0,3.512697,10.045592,11.821514,24.638331949724385,0.2861,0.024150943,111.83,131.6,97.70000030742453,23066816000.0,2742683000.0,0.15291001,1798654000.0,0.07795,0.31172,0.6769095029186925,2695453000.0,2509991000.0,6946338000.0,323299000.0,3109032000.0,,4250885000.0,0.2045636971458784
プロレド・パートナーズ,7034,サービス業,プライム（内国株式）,JP,2025-10-31,東京都,4471022080.0,0.73921186,12.393939,21.72066,16.498057757577083,0.0,0.0,18.83,33.0,29.276173419757363,12302688000.0,4945304000.0,0.30347002,205842000.0,0.24499,0.15967,0.47799976845802056,2532736000.0,1664948000.0,12782955000.0,777000000.0,5843887000.0,626322000.0,10688644400.0,2.3906489855670765
ａｎｄ　ｆａｃｔｏｒｙ,7035,サービス業,スタンダード（内国株式）,JP,2025-08-31,東京都,2567665920.0,3.1699686,,,43.30454065662244,0.0,0.0,-22.88,,7.897555194311913,3209035000.0,-270051000.0,-0.02483,-323033000.0,-0.08420999,-0.27137,0.44119446303210763,1127646000.0,890042000.0,1840487000.0,357061000.0,860671000.0,45832000.0,744923400.0,0.29011694792444026
イーエムネットジャパン,7036,サービス業,グロース（内国株式）,JP,2025-12-31,東京都,2954805248.0,3.8052356,6.366667,,250.40325624110648,0.96819997,0.0,-116.35,120.0,3.249999612849474,1594782000.0,1315484000.0,0.09011,-449587000.0,-0.28168,-0.42418998,0.33258577791521987,1558226000.0,1382697000.0,1830223000.0,0.0,567499000.0,98387000.0,340867900.0,0.1153605301840861
テノ．ホールディングス,7037,サービス業,スタンダード（内国株式）,JP,2025-12-31,福岡県,4093444096.0,2.2690954,,37.163002,-4.472132563505902,0.41529998,0.011198209,24.11,,-102.00114871679928,18129000000.0,631000000.0,0.026029998,110000000.0,0.00607,0.06216,0.17297919263591907,8625000000.0,5264000000.0,4964000000.0,5574000000.0,2518000000.0,10000000.0,-3654000000.0,-0.892646855387762
フロンティア・マネジメント,7038,サービス業,プライム（内国株式）,JP,2025-12-31,東京都,6968453120.0,4.0005126,,,-12.094079158619458,0.0,0.0,-94.11,,-59.20252303704382,13489533000.0,-344307000.0,-0.05646,-1106548000.0,-0.08199,-0.11184,0.0947379304482535,8490970000.0,3782519000.0,11435134000.0,5398303000.0,5323310000.0,296000.0,2944371200.0,0.4225286658741273
ブリッジインターナショナルグループ,7039,サービス業,グロース（内国株式）,JP,2025-12-31,東京都,6365550592.0,1.375117,12.174796,12.038588,7.4518349871874445,0.5696,0.0,149.27,147.6,182.51699751672865,8564871000.0,873708000.0,0.114250004,536407000.0,0.076409996,0.12235,0.8354861750036318,924086000.0,900352000.0,4434930000.0,65087000.0,2637714000.0,341579000.0,3749949300.0,0.589100541391157
サン・ライフホールディング,7040,サービス業,スタンダード（内国株式）,JP,2025-03-31,神奈川県,6061923328.0,0.8777763,,7.19686,5.225394383039747,0.23979999,0.0,137.56,,182.27234452298782,13856017000.0,1305386000.0,0.08361,835463000.0,0.04375,0.091639996,0.1826134653509378,29553525000.0,2471232000.0,12223841000.0,,10674493000.0,4174898000.0,-14407255400.0,-2.3766805715692483
ＣＲＧホールディングス,7041,サービス業,グロース（内国株式）,JP,2025-09-30,東京都,1672679296.0,0.57558197,,10.893956,-6.9960347671187595,0.32560003,0.029900333,27.63,,-67.11436834941227,16420175000.0,279394000.0,0.02869,153323000.0,0.00644,0.036510002,0.3222972132662971,6141323000.0,5634396000.0,5519189000.0,4492942000.0,3511826000.0,1117713000.0,160265100.0,0.09581340570380324
アクセスグループ・ホールディングス,7042,サービス業,スタンダード（内国株式）,JP,2025-03-31,東京都,2111791104.0,1.5877209,,11.056999,8.215278589901365,0.2706,0.049833886,55.44,,47.4216866391182,3594937000.0,230764000.0,-0.0046200003,188644000.0,0.04519,0.15336001,0.5086700658839962,1143906000.0,838266000.0,2053560000.0,599656000.0,1421604000.0,20869000.0,924262300.0,0.43766748436875696
アルー,7043,サービス業,グロース（内国株式）,JP,2025-12-31,東京都,2355966208.0,1.6661707,10.428894,9.822473,-20.208195820980006,0.0744,0.007470651,94.07,88.6,-28.9997513385227,3637843000.0,354035000.0,0.12993,242210000.0,0.066539995,0.1863,0.5891302809426084,987020000.0,851816000.0,1930742000.0,467030000.0,1297034000.0,12267000.0,952308900.0,0.4042116125292065
ピアラ,7044,サービス業,スタンダード（内国株式）,JP,2025-12-31,東京都,3849967872.0,6.7306733,,19.330454,-14.206009635599157,0.0,0.0,27.78,,-16.471902103572713,15731198000.0,40537000.0,0.0,199286000.0,0.01265,0.39685002,0.13626741286835808,3547150000.0,3519269000.0,3554168000.0,1470706000.0,1628597000.0,147098000.0,109986600.0,0.028568186451608912
ＴＤＳＥ,7046,サービス業,グロース（内国株式）,JP,2025-03-31,東京都,2752502784.0,1.1915699,34.973404,23.745033,20.702207701827632,0.1807,0.0,55.38,37.6,96.15001485804208,2699081000.0,198774000.0,0.14021,136557000.0,0.04883,0.06334,0.808620188545119,522824000.0,502824000.0,2465835000.0,931000.0,1955492000.0,42079000.0,1972466300.0,0.7166082851816654
ポート,7047,サービス業,グロース（内国株式）,JP,2025-03-31,東京都,32802404352.0,3.2281587,13.619099,15.46233,18.850594366723364,0.0154,0.0,162.33,184.3,113.99000238784002,21963000000.0,2948000000.0,0.19021,1887000000.0,0.041360002,0.08585,0.37445554137885523,14223000000.0,6838000000.0,7287000000.0,8444000000.0,2543000000.0,3116000000.0,-4754800000.0,-0.1449527890997446
ベルトラ,7048,サービス業,グロース（内国株式）,JP,2025-12-31,東京都,6039541760.0,2.282284,,43.307087,-24.14546296909127,0.0,0.0,3.81,,-11.182225014514254,4581627000.0,105125000.0,0.07823,140537000.0,0.03056,0.03006,0.2839333303801926,6353631000.0,6353155000.0,8336871000.0,,5686926000.0,7182000.0,1988267400.0,0.3292083205994754
識学,7049,サービス業,グロース（内国株式）,JP,2025-02-28,東京都,6756422144.0,2.3533344,36.17117,23.891699,-45.91876003477905,0.0,0.0,33.61,22.2,-11.128349276264572,5369123000.0,330879000.0,0.19323999,426572000.0,0.1295,0.42133,0.5181240563419642,1457779000.0,1346081000.0,4150368000.0,345139000.0,2312580000.0,91272000.0,2756479400.0,0.4079791554244246
フロンティアインターナショナル,7050,サービス業,グロース（内国株式）,JP,2025-04-30,東京都,13100505088.0,1.375237,,11.527919,14.243961367022928,0.38779998,0.034114406,127.69,,54.835000378576055,20335121000.0,1277679000.0,0.0942,876068000.0,0.0435,0.1594,0.6180156868361235,5453252000.0,4752593000.0,11861924000.0,310022000.0,7499018000.0,567931000.0,6806223700.0,0.5195390295473774
エヌ・シー・エヌ,7057,サービス業,スタンダード（内国株式）,JP,2025-03-31,東京都,2716101888.0,1.3594114,,27.732117,6316.360883525774,0.8831,0.031693988,32.85,,0.1374894692502106,8124229000.0,178518000.0,0.03246,193686000.0,0.01626,0.06419,0.3559611366341018,3456602000.0,2433321000.0,4194291000.0,164786000.0,2668596000.0,573312000.0,1139007400.0,0.4193537087221376
共栄セキュリティーサービス,7058,サービス業,スタンダード（内国株式）,JP,2025-03-31,東京都,4421024768.0,0.8953068,8.966833,20.317904,16.738530689094826,0.5985,0.029508196,150.36,340.7,170.3899928837919,10113415000.0,484864000.0,0.10383,-38704000.0,0.02305,0.053189997,0.7134410879542725,1820442000.0,1422263000.0,3468011000.0,480368000.0,2189268000.0,85465000.0,1707394500.0,0.38619880900879855
コプロ・ホールディングス,7059,サービス業,プライム（内国株式）,JP,2025-03-31,愛知県,32208553984.0,3.7108533,,16.467827,22.109767597108583,0.6847,0.04161712,51.13,,37.194999862500644,30015113000.0,2763955000.0,0.10734,1820790000.0,0.05836,0.23986,0.6433054190628987,4657532000.0,4427068000.0,10778471000.0,,6190871000.0,,6120939000.0,0.19004078863772192
ギークス,7060,サービス業,スタンダード（内国株式）,JP,2025-03-31,東京都,5892376064.0,2.041003,22.137403,26.079138,-3.3356825976609428,0.8997,0.03533569,22.24,26.2,-142.75384561126916,25162448000.0,495540000.0,0.03202,49795000.0,0.010679999,0.044889998,0.38538860980427675,4503758000.0,2652347000.0,6452119000.0,2140109000.0,3606612000.0,25895000.0,1966487500.0,0.3337342149654079
日本ホスピスホールディングス,7061,サービス業,グロース（内国株式）,JP,2025-12-31,東京都,6142998528.0,1.6706543,5.4565864,22.158054,17.82580972596274,0.7603,0.03396739,32.9,133.6,76.18999969027487,14168928000.0,849007000.0,0.03888,278014000.0,0.01962,0.07807,0.1943409649914303,15246978000.0,3406596000.0,4552233000.0,13184245000.0,2013562000.0,,-10694745000.0,-1.7409649296272793
フレアス,7062,サービス業,グロース（内国株式）,JP,2025-03-31,東京都,2120738944.0,1.0279883,,27.54065,39.389000651745135,0.0,0.0,29.52,,24.55000086317643,7582581000.0,-105098000.0,0.06879,-244549000.0,0.041279998,0.18653,0.1779579737583378,7152503000.0,2128236000.0,3464914000.0,6138905000.0,814999000.0,,-3687589000.0,-1.7388226921719603
Ｂｉｒｄｍａｎ,7063,サービス業,グロース（内国株式）,JP,2024-06-30,東京都,3473159168.0,2.8005111,,,-1.795354059699886,0.0,0.0,-23.14,,-576.4879603597589,,,-0.85443,,-1.7732899,,-3.84889610044156,1822894000.0,1405298000.0,302619000.0,1471137000.0,115844000.0,16396000.0,-1508797800.0,-0.4344165432731472
ハウテレビジョン,7064,サービス業,スタンダード（内国株式）,JP,2026-01-31,東京都,2377799424.0,1.6639441,3.4006996,24.99286,12.8470685934822,0.0,0.0,35.01,257.3,89.31998701884177,2558118000.0,2034103000.0,0.027309999,96583000.0,0.03753,0.07,0.5295713829910877,1270941000.0,1044933000.0,1833326000.0,399026000.0,1519770000.0,,562385000.0,0.23651490294919006
ユーピーアール,7065,サービス業,スタンダード（内国株式）,JP,2025-08-31,東京都,8264595968.0,0.87160933,7.480069,11.692675,14.983694353018791,0.2708,0.023651846,92.28,144.25,77.9878767717678,15354233000.0,277701000.0,0.08208,336209000.0,0.04567,0.07991,0.4166361628112936,12653460000.0,4263160000.0,6182679000.0,9189736000.0,3266184000.0,101157000.0,-6399971100.0,-0.7743840261254499
ピアズ,7066,サービス業,グロース（内国株式）,JP,2025-09-30,東京都,4370995712.0,1.5955672,,10.638771,14.275783333902478,0.3006,0.028301887,44.93,,57.6900004032163,6103869000.0,559086000.0,0.08328,432354000.0,0.06807,0.16041,0.6191258604969918,1697286000.0,1281634000.0,2821437000.0,782945000.0,1763206000.0,387395000.0,1395327500.0,0.3192241749790122
ブランディングテクノロジー,7067,サービス業,グロース（内国株式）,JP,2025-03-31,東京都,1444930688.0,1.1855326,12.177955,39.559963,520.7489369948406,0.431,0.010741139,23.18,75.3,2.0500006215890303,5028735000.0,110625000.0,0.011109999,76951000.0,0.00654,0.02725,0.5693974220121683,890109000.0,730101000.0,1906992000.0,215020000.0,1204608000.0,11346000.0,1024825200.0,0.7092556124048491
フィードフォースグループ,7068,サービス業,グロース（内国株式）,JP,2025-05-31,東京都,12220036096.0,3.6663873,,9.785933,33.56985967045274,0.1911,0.019417476,52.32,,17.949999952563424,4373000000.0,1592000000.0,0.41721,1002000000.0,0.27924,0.41903,0.43394747157977265,4332000000.0,3194000000.0,6425000000.0,2200000000.0,4233000000.0,,2093000000.0,0.1712760898214617
サイバー・バズ,7069,サービス業,グロース（内国株式）,JP,2025-09-30,東京都,3367748096.0,3.9342875,5.361947,8.732394,-2.154552587118185,0.0,0.0,95.85,156.1,-488.2684257927997,7131164000.0,349564000.0,0.088240005,385969000.0,0.05768,0.64425004,0.24209410089449995,2355736000.0,1728110000.0,2483304000.0,1216000000.0,1276957000.0,23496000.0,144015200.0,0.042763055874354805
アンビスホールディングス,7071,サービス業,プライム（内国株式）,JP,2025-09-30,東京都,37843128320.0,1.0273927,3.3430984,10.338396,25.303998633442873,0.1066,0.010498688,37.53,116.06,75.81000024410453,49174000000.0,6163000000.0,0.12361,3660000000.0,0.06745,0.09616,0.4304144281510953,47815000000.0,19444000000.0,21738000000.0,40151000000.0,10833000000.0,,-26077000000.0,-0.6890815098449028
インティメート・マージャー,7072,サービス業,グロース（内国株式）,JP,2025-09-30,東京都,2569177856.0,1.6278746,7.5638685,17.74021,43.908186801852985,0.0,0.0,46.73,109.6,16.989997864555814,3363631000.0,227707000.0,0.05376,153480000.0,0.04388,0.16638,0.6987624965485452,634653000.0,546329000.0,2112365000.0,100000000.0,1625786000.0,,1477712000.0,0.5751692108621381
ジェイック,7073,サービス業,グロース（内国株式）,JP,2026-01-31,東京都,2014280576.0,1.8807477,,16.055216,14.393080171913331,0.4059,0.025171624,135.47,,143.34002642557664,4475801000.0,203414000.0,-0.02248,130027000.0,0.02905,0.12845999,0.3420747106373723,2070401000.0,1100105000.0,2225790000.0,1193894000.0,1761856000.0,91058000.0,219129600.0,0.10878802219060867
トゥエンティーフォーセブンホールディングス,7074,サービス業,グロース（内国株式）,JP,2025-11-30,東京都,1552955008.0,27.731474,,,-3.107797209298055,0.0,0.0,-24.73,,-73.04208888561024,2094682000.0,-177871000.0,-0.055749997,-209780000.0,-0.09981,-1.77119,0.0832952768307663,983593000.0,621701000.0,683349000.0,45544000.0,505459000.0,,-300244000.0,-0.19333721740378973
ＱＬＳホールディングス,7075,サービス業,グロース（内国株式）,JP,2025-03-31,大阪府,5898164224.0,2.935173,,13.104939,,0.133,0.010217113,60.13,,,10548294000.0,610645000.0,0.080620006,372226000.0,0.04284,0.28195,0.3210337430252444,3433402000.0,2150180000.0,3242445000.0,1950516000.0,1681223000.0,,-190957000.0,-0.03237566685969577
ＡＬｉＮＫインターネット,7077,サービス業,グロース（内国株式）,JP,2025-02-28,東京都,1792377344.0,1.2913388,12.186732,,,0.0,0.0,-150.79,81.4,,,,-0.15953,,-0.26798,-0.17841999,0.9053216965162578,173722000.0,157734000.0,1506385000.0,,743377000.0,,1332663000.0,0.7435169856733025
ＩＮＣＬＵＳＩＶＥ　Ｈｏｌｄｉｎｇｓ,7078,サービス業,グロース（内国株式）,JP,2025-03-31,東京都,3940624384.0,2.5806282,87.111115,,23.91725915035702,0.0,0.0,-128.97,4.5,30.94000007893688,4897245000.0,-366589000.0,-0.23268,-1073835000.0,-0.26806,-0.59787,0.4721107893908858,1633879000.0,913630000.0,2747970000.0,689910000.0,2152911000.0,189121000.0,1246475700.0,0.3163142635621472
ＷＤＢココ,7079,サービス業,グロース（内国株式）,JP,2025-03-31,東京都,6206923264.0,1.3608692,6.207311,8.476469,12.261219853374872,0.2627,0.0,304.49,415.8,356.47002308793196,5326810000.0,1306173000.0,0.21264,912899000.0,0.14291,0.16531,0.7691228271193056,1289591000.0,1079844000.0,4895010000.0,29812000.0,3478664000.0,,3605419000.0,0.5808705612507472
スポーツフィールド,7080,サービス業,グロース（内国株式）,JP,2025-12-31,東京都,6324531712.0,2.6009843,,8.165198,7.223584698964781,0.199,0.022776572,105.57,,79.16000068615662,4784887000.0,1078875000.0,0.23265,783538000.0,0.16367,0.37348,0.6255027415481905,1455275000.0,1042065000.0,3110038000.0,368888000.0,1778220000.0,,1654763000.0,0.26164198004736006
コーユーレンティア,7081,サービス業,スタンダード（内国株式）,JP,2025-12-31,東京都,14558643200.0,1.1531597,,7.6455812,7.485417900169603,0.18110001,0.023791252,171.21,,137.5600007280214,34701560000.0,3005594000.0,0.058390003,1937406000.0,0.05582,0.16354999,0.6149601655422565,7906304000.0,7085774000.0,10455042000.0,323693000.0,3558035000.0,214788000.0,2699089600.0,0.18539430927189698
ジモティー,7082,サービス業,グロース（内国株式）,JP,2025-12-31,東京都,9023348736.0,5.391354,9.893048,19.38797,13.848580382910058,0.0,0.0,47.71,93.5,47.55000020165437,1932044000.0,549593000.0,0.30078,472234000.0,0.24430999,0.31114,0.6913008650615753,756491000.0,475516000.0,2180703000.0,361664000.0,1854213000.0,,1424212000.0,0.15783630242704608
ＡＨＣグループ,7083,サービス業,グロース（内国株式）,JP,2025-11-30,東京都,1487781504.0,1.3096663,11.244167,1446.0,28.696234138502817,25.0,0.016949153,0.5,64.3,45.59999369211296,6660074000.0,108982000.0,0.0,1018000.0,-0.00029999999,-0.0017299999,0.1938459196808048,4904481000.0,1467759000.0,3685526000.0,4197925000.0,2440593000.0,80243000.0,-1162784900.0,-0.7815562277617883
Ｓｍｉｌｅ　Ｈｏｌｄｉｎｇｓ,7084,サービス業,グロース（内国株式）,JP,2025-03-31,東京都,9224386560.0,1.4718981,37.26684,34.712837,19.9954327275024,1.7208,0.04900275,82.88,77.2,40.62999679713652,13656500000.0,410583000.0,0.04092,151558000.0,0.01948,0.04425,0.42684695843212356,8724574000.0,5271426000.0,6741704000.0,4588267000.0,4671012000.0,16095000.0,-1971603500.0,-0.21373816970653928
カーブスホールディングス,7085,サービス業,プライム（内国株式）,JP,2025-08-31,東京都,76621037568.0,3.3431242,18.285715,17.297298,19.369623967879228,0.3953,0.023227384,48.1,45.5,38.739809846631964,37566000000.0,6342000000.0,0.19660999,4303000000.0,0.112449996,0.20459,0.5141946180334142,19046000000.0,11451000000.0,16916000000.0,5374000000.0,8703000000.0,,-2130000000.0,-0.027799153699917697
ウイルテック,7087,サービス業,スタンダード（内国株式）,JP,2025-03-31,大阪府,8125603840.0,0.9860344,,13.0245285,8.170259006582265,0.4053,0.031298906,98.66,,103.85725210552646,44578000000.0,1052000000.0,0.048699997,710000000.0,0.01281,0.07078,0.4455112288252497,10049000000.0,6955000000.0,15120000000.0,1106000000.0,4930000000.0,41000000.0,5099700000.0,0.6276087415061574
フォーラムエンジニアリング,7088,サービス業,プライム（内国株式）,JP,2025-03-31,東京都,90284744704.0,6.486912,28.650928,28.411371,22.523287553580843,0.5348,0.018834608,59.8,59.3,38.949999700090736,34688000000.0,4202000000.0,0.16052,2884000000.0,0.080749996,0.21826,0.6876131643412504,5615000000.0,5526000000.0,15960000000.0,96000000.0,11633000000.0,10000000.0,10352000000.0,0.11465945918038756
フォースタートアップス,7089,サービス業,グロース（内国株式）,JP,2025-03-31,東京都,10627627008.0,3.9080389,9.406054,21.504114,11.557360930986867,0.0,0.0,76.59,175.1,52.9100028675651,3693767000.0,452969000.0,0.29612,353748000.0,0.15509,0.25484,0.5907202503169329,1187276000.0,788273000.0,2812898000.0,513000000.0,1895360000.0,89283000.0,1688120100.0,0.15884261827492244
リグア,7090,サービス業,グロース（内国株式）,JP,2025-03-31,大阪府,1384846208.0,11.3639145,,,28.382741797569295,0.0,0.0,-181.93,,71.17000938129921,2872367000.0,-154729000.0,-0.30512,-301000000.0,-0.15362,-1.21322,0.10177840423219535,2822391000.0,2047126000.0,2734618000.0,2101718000.0,1352070000.0,,-87773000.0,-0.06338104512468723
リビングプラットフォーム,7091,サービス業,グロース（内国株式）,JP,2025-03-31,北海道,5685046272.0,2.4153347,22.460176,12.855841,23.79682062477694,0.0,0.0,98.71,56.5,42.390003705067656,19204574000.0,341272000.0,0.02695,365591000.0,0.02249,0.23021,0.1693945366005208,10063198000.0,2696599000.0,3868849000.0,6538725000.0,1592802000.0,70373000.0,-6145087900.0,-1.0809213515579983
アディッシュ,7093,サービス業,グロース（内国株式）,JP,2025-12-31,東京都,1146767232.0,2.1197155,,,-7.377491580681522,0.0,0.0,-1.03,,-66.689333985597,3696018000.0,2453000.0,0.02469,-1900000.0,-0.00027000002,-0.00224,0.4127509021757148,772323000.0,698232000.0,1141758000.0,287568000.0,545918000.0,,369435000.0,0.3221534324412925
ＮｅｘＴｏｎｅ,7094,サービス業,グロース（内国株式）,JP,2025-03-31,東京都,13538974720.0,2.5349052,11.745763,17.449326,24.11148012406206,0.0,0.0,79.43,118.0,54.66249461095745,19412000000.0,1005000000.0,0.05914,692000000.0,0.040799998,0.14922,0.32081451014766366,9117000000.0,8570000000.0,12272000000.0,,9629000000.0,,3155000000.0,0.23303093958358465
Ｍａｃｂｅｅ　Ｐｌａｎｅｔ,7095,サービス業,プライム（内国株式）,JP,2025-04-30,東京都,17151940608.0,1.2277465,4.252306,6.1225505,17.10089028216895,0.089499995,0.014754098,201.06,289.49,186.0900008707839,51675000000.0,5171000000.0,0.07501,3443000000.0,0.03613,0.20438999,0.5267903589387897,10840000000.0,9205000000.0,16376000000.0,3164000000.0,7506000000.0,1797000000.0,6793900000.0,0.39610095179732563
ステムセル研究所,7096,サービス業,グロース（内国株式）,JP,2025-03-31,東京都,7451939328.0,2.8003678,9.724048,37.96819,64.6750635567782,0.0,0.0,19.49,76.1,30.34981321525266,2679175000.0,418509000.0,0.12071,385796000.0,0.06899,0.06629,0.3503358712822488,4873091000.0,4318050000.0,5172467000.0,518962000.0,3200846000.0,647856000.0,752875200.0,0.10103077425377557
さくらさくプラス,7097,サービス業,グロース（内国株式）,JP,2024-07-31,東京都,13656330240.0,2.2528489,,18.067326,7.274646624992861,0.1531,0.008400646,169.92,,133.09999537329506,,,0.05469,,0.0403,0.13475999,0.3862003226279513,8351000000.0,3202000000.0,4019000000.0,4488000000.0,1492000000.0,,-4332000000.0,-0.31721552744172654
日本車輌製造,7102,輸送用機器,プライム（内国株式）,JP,2025-03-31,愛知県,52017369088.0,0.63244534,,4.460088,4.618685740886127,0.0557,0.012465374,808.28,,444.6200009701808,,,0.1541,,0.116639994,0.15877,0.49287151962428716,66517000000.0,27586000000.0,74180000000.0,35983000000.0,3445000000.0,17511000000.0,19920700000.0,0.38296246713860715
クラシコム,7110,小売業,グロース（内国株式）,JP,2024-07-31,,15035416576.0,2.7090843,,15.870547,12.836238053163322,0.37330002,0.023414634,128.54,,106.61048302428892,,,0.19156,,0.098900005,0.18028,0.844563552422648,869945000.0,766602000.0,4890432000.0,152777000.0,4195709000.0,,4020487000.0,0.2674011045638487
ＩＮＥＳＴ,7111,卸売業,スタンダード（内国株式）,JP,2025-03-31,東京都,3360958720.0,0.7352201,,,-45.03074496644295,0.0,0.0,-8.37,,-22.3180851382523,18960000000.0,208000000.0,-0.08708999,42000000.0,-0.01288,-0.051090002,0.3603247750713188,8728000000.0,4585000000.0,4770000000.0,5442000000.0,1671000000.0,708000000.0,-3462400000.0,-1.0301822451422433
キューブ,7112,小売業,グロース（内国株式）,JP,2025-12-31,東京都,4819600384.0,4.412517,,137.23776,26.90028340412231,0.0,0.0,5.72,,17.880852509021878,4863553000.0,59325000.0,0.01612,34847000.0,-0.049850002,,0.8766014621307782,569051000.0,405271000.0,3258676000.0,,2111281000.0,,2689625000.0,0.5580597530303458
フーディソン,7114,卸売業,グロース（内国株式）,JP,2025-03-31,東京都,3691312640.0,1.5863467,9.868892,44.878048,35.498784714000344,0.0,0.0,18.45,83.9,41.0999985423328,6866324000.0,167388000.0,0.048600003,142798000.0,0.014789999,0.04877,0.7124206285198732,925322000.0,622838000.0,2893110000.0,195774000.0,2055954000.0,,1967788000.0,0.533086246522863
アルファパーチェス,7115,卸売業,スタンダード（内国株式）,JP,2025-12-31,東京都,16249597952.0,2.397564,,16.233448,13.129174107906225,0.31370002,0.0195241,101.95,,88.0799959719235,58922469000.0,1468544000.0,0.02708,1031264000.0,0.0175,0.16093001,0.33961231725457125,13111553000.0,13039550000.0,17144750000.0,3372000.0,5367177000.0,,4033197000.0,0.24820287935207616
ハルメクホールディングス,7119,小売業,グロース（内国株式）,JP,2025-03-31,東京都,16544503808.0,1.8125852,,21.134893,21.941713606505836,0.49240002,0.0132362675,71.02,,42.61033031957748,33930000000.0,1069000000.0,0.12475,623000000.0,0.03196,0.12318,0.39223663427942373,12698000000.0,8919000000.0,7591000000.0,4807000000.0,2394000000.0,315000000.0,-4886500000.0,-0.29535488381568514
ＳＨＩＮＫＯ,7120,卸売業,スタンダード（内国株式）,JP,2025-03-31,東京都,4986131968.0,2.193636,,10.668277,8.944343461691563,0.3254,0.0,99.36,,74.64666446822335,16904476000.0,687690000.0,0.06663,512872000.0,0.03482,0.33556998,0.274870797027582,4618804000.0,3063861000.0,5061674000.0,85956000.0,1534412000.0,,442870000.0,0.08882035269869536
近畿車輛,7122,輸送用機器,スタンダード（内国株式）,JP,2025-03-31,大阪府,16581125120.0,0.4809329,,20.021599,3.576078381171404,0.4157,0.020894274,120.37,,635.5307466519824,30257000000.0,233000000.0,0.031659998,560000000.0,0.01022,0.01041,0.5712586045721084,25225000000.0,20514000000.0,39687000000.0,5413000000.0,6350000000.0,6329000000.0,18892300000.0,1.1393858898762113
グローバルスタイル,7126,小売業,スタンダード（内国株式）,JP,2024-07-31,大阪府,5205359616.0,1.740936,6.9251575,11.597704,11.987172484065292,0.2492,0.0,132.44,221.8,132.39999379417918,,,0.13116999,,0.03837,0.16084999,0.3268737069632235,5056763000.0,3683431000.0,3810095000.0,3042708000.0,901354000.0,8430000.0,-1240767000.0,-0.23836335844812456
一家ホールディングス,7127,小売業,スタンダード（内国株式）,JP,2025-03-31,千葉県,4975283712.0,4.6487675,18.100264,,64.04078132793215,0.0,0.0,-9.28,37.9,10.789999523297698,10089884000.0,-74556000.0,0.07644,-172203000.0,0.0051599997,0.05745,0.15539171181622413,4812843000.0,1869437000.0,2071732000.0,3387051000.0,1454656000.0,188799000.0,-2608951700.0,-0.5243824977673957
ユニソルホールディングス,7128,卸売業,プライム（内国株式）,JP,2025-12-31,大阪府,50039275520.0,0.6883813,11.844052,26.087503,13.006123785891583,1.265,0.047351148,79.77,175.7,190.76999907902712,159036000000.0,25970000000.0,0.02096,1906000000.0,0.01229,0.028350001,0.6211331396342505,43146000000.0,40706000000.0,82534000000.0,1594000000.0,29760000000.0,3626000000.0,41926200000.0,0.837865847662856
ミアヘルサホールディングス,7129,小売業,スタンダード（内国株式）,JP,2025-03-31,東京都,3196032512.0,0.87037903,,9.540106,454.9987402630442,0.25030002,0.0,119.81,,2.1999999204483847,23825724000.0,641174000.0,0.042540003,299868000.0,0.01824,,0.2857983516006363,9482456000.0,6475389000.0,5458888000.0,3367101000.0,1625812000.0,,-4023568000.0,-1.258925866646503
ヤマエグループホールディングス,7130,卸売業,プライム（内国株式）,JP,2025-03-31,福岡県,81792278528.0,0.8443541,,7.3897796,7.5317587774848755,0.20030001,0.0,399.2,,347.2599950284656,1006914000000.0,15786000000.0,0.01467,8540000000.0,0.01021,0.11579,0.2232547075320513,307708000000.0,208593000000.0,206280000000.0,126988000000.0,43992000000.0,20238000000.0,-87261400000.0,-1.0668659874798299
のむら産業,7131,卸売業,スタンダード（内国株式）,JP,2025-10-31,東京都,5051063808.0,2.133952,,9.94041,7.4424130569679185,0.2315,0.022997417,384.29,,256.53623933692296,7111932000.0,753445000.0,0.1325,508265000.0,0.08125,0.27922,0.47302250717425853,2560688000.0,2487035000.0,3931182000.0,33640000.0,2268428000.0,134608000.0,1464719600.0,0.28998239889192073
ＨＹＵＧＡ　ＰＲＩＭＡＲＹ　ＣＡＲＥ,7133,小売業,グロース（内国株式）,JP,2025-03-31,福岡県,7629818880.0,3.081904,7.7874823,13.923227,32.14339946274647,0.2602,0.018399265,76.85,137.4,59.25999679128778,9984799000.0,1051676000.0,0.05807,719030000.0,0.04996,,0.3363651525439882,4679430000.0,1945702000.0,2703139000.0,2645392000.0,565926000.0,999000.0,-1975591700.0,-0.2589303535341589
アップガレージグループ,7134,小売業,スタンダード（内国株式）,JP,2025-03-31,神奈川県,9223941120.0,1.895109,11.885831,13.06589,8.95477158693271,0.3362,0.0,89.24,98.1,80.27999721790555,13981821000.0,1044571000.0,0.073070005,785873000.0,0.0507,0.1602,0.699214587422284,1980924000.0,1542691000.0,4146219000.0,319778000.0,1873626000.0,18849000.0,2178489300.0,0.2361777109869496
ジャパンクラフトホールディングス,7135,小売業,スタンダード（内国株式）,JP,2024-06-30,愛知県,7949301248.0,0.6951266,,,-2.583067370673343,0.0,0.0,-1.23,,-107.72334318152008,15393669000.0,-1592955000.0,-0.16222,-2091636000.0,-0.0838,-0.16896999,0.26278729676201,8322925000.0,6120500000.0,7312374000.0,3341625000.0,1907672000.0,170297000.0,-891343100.0,-0.11212848427706233
ＴＯＲＩＣＯ,7138,小売業,グロース（内国株式）,JP,2025-03-31,東京都,2962405376.0,1.8813883,,,-4.775487921207698,0.0,0.0,-50.1,,-44.728415112292275,3677329000.0,-260185000.0,0.013099999,-445558000.0,-0.09463,-0.25679,0.54697252998965,667502000.0,501817000.0,1408533000.0,259683000.0,634881000.0,,741031000.0,0.25014503619372314
ペットゴー,7140,小売業,グロース（内国株式）,JP,2025-03-31,東京都,1536300672.0,1.3232569,6.484127,,10.272111347097942,0.0,0.0,-15.67,126.0,88.19997850353924,9032575000.0,228482000.0,0.00532,128341000.0,-0.020669999,-0.11817,0.3703688377027115,2084467000.0,1776663000.0,3213675000.0,1111691000.0,1263596000.0,,1129208000.0,0.7350175786423141
ＦＰＧ,7148,証券、商品先物取引業,プライム（内国株式）,JP,2025-09-30,東京都,127023448064.0,2.1247985,4.725857,8.23606,8.823865752658898,0.6056,0.07333991,184.19,321.0,240.07000087756927,129764000000.0,25418000000.0,0.33791,18156000000.0,0.15123,0.26868,0.44979780382635565,69672000000.0,41000000000.0,119535000000.0,54003000000.0,14321000000.0,84000000.0,49921800000.0,0.39301247730928546
島根銀行,7150,銀行業,スタンダード（内国株式）,JP,2025-03-31,島根県,4291612160.0,0.32340705,,27.721722,10.525232938270294,0.5316,0.019493178,18.83,,50.671181521344785,8682000000.0,,0.052020002,609000000.0,0.04861,0.02908,0.02623320317238736,553839000000.0,,,19967000000.0,46561000000.0,117607000000.0,,
ライフネット生命保険,7157,保険業,プライム（内国株式）,JP,2025-03-31,東京都,134971736064.0,1.3859602,-474.57626,18.451399,19.455264039065224,0.0,0.0,91.05,-3.54,75.96915657542596,29288000000.0,,0.29731,5993000000.0,0.22898,0.075890005,0.7928265248153695,24058000000.0,,,1294000000.0,17234000000.0,1237000000.0,,
じもとホールディングス,7161,銀行業,スタンダード（内国株式）,JP,2025-03-31,,13269803008.0,0.15349637,,72.30321,-0.5688748053779241,0.7299,0.010204081,6.86,,-1023.1564257991365,32484000000.0,,0.12749,1563000000.0,0.059770003,0.02525,0.03329784179982048,2393977000000.0,,,82930000000.0,168160000000.0,363359000000.0,,
アストマックス,7162,電気・ガス業,スタンダード（内国株式）,JP,2025-03-31,東京都,4982323200.0,1.00268,,,6.5517235391181945,0.155,0.020771513,-52.5,,34.670053458521224,20666677000.0,-176720000.0,-0.01762,-146994000.0,-0.03066,-0.11798,0.33700318409459235,9919462000.0,5686634000.0,8624511000.0,4269680000.0,2747397000.0,447223000.0,-981894900.0,-0.19707571359481457
全国保証,7164,その他金融業,プライム（内国株式）,JP,2025-03-31,東京都,401109516288.0,1.7362419,6.4096303,12.387673,12.002556163635466,0.49240002,0.0,243.71,471.01,209.54000053920385,56972000000.0,41976000000.0,0.60528,32089000000.0,0.55374,0.13445,0.48472373973899163,253721000000.0,39498000000.0,160396000000.0,30000000000.0,137577000000.0,285124000000.0,106261800000.0,0.2649196682825723
めぶきフィナンシャルグループ,7167,銀行業,プライム（内国株式）,JP,2025-03-31,,1282532704256.0,1.2134392,34.850803,18.81713,11.327085526082495,0.2894,0.015412844,72.62,39.21,41.66000000353523,280218000000.0,,0.31335,58228000000.0,0.21136999,0.07261,0.0451214813785104,20442374000000.0,,,1884405000000.0,3230771000000.0,4218566000000.0,,
ジャパンインベストメントアドバイザー,7172,証券、商品先物取引業,プライム（内国株式）,JP,2025-12-31,東京都,128173998080.0,1.7440534,12.932193,12.155489,8.191932503922436,0.4996,0.041212697,174.16,163.7,133.19000071977166,38738000000.0,18888000000.0,0.67407995,10542000000.0,0.30575,0.16031,0.25028607236268524,213169000000.0,197284000000.0,270049000000.0,179556000000.0,64833000000.0,13721000000.0,66484700000.0,0.5187066097329933
東京きらぼしフィナンシャルグループ,7173,銀行業,プライム（内国株式）,JP,2025-03-31,,319489474560.0,0.75481504,,10.283253,5.302439501807623,0.1657,0.0,1025.94,,839.6000031944862,146448000000.0,,0.36611998,31361000000.0,0.25015,0.10661,0.052334138550547,6723250000000.0,,,79326000000.0,980840000000.0,904936000000.0,,
今村証券,7175,証券、商品先物取引業,スタンダード（内国株式）,JP,2025-03-31,石川県,6830746624.0,0.5181482,,6.4724135,7.006897677781405,0.3539,0.0,206.26,,190.72718701555365,4186372000.0,986398000.0,0.33701,760709000.0,0.2161,0.08347999,0.6135138469830648,7617976000.0,7010211000.0,14832027000.0,590104000.0,6196999000.0,2102043000.0,8685481100.0,1.2715273421917517
ＧＭＯフィナンシャルホールディングス,7177,証券、商品先物取引業,スタンダード（内国株式）,JP,2025-12-31,東京都,123652792320.0,4.0244384,,11.835121,15.71188104533452,0.65029997,0.0035271319,88.55,,40.21548789040043,49515000000.0,15869000000.0,0.3713,10448000000.0,0.24008,0.2074,0.03756302383621373,1353795000000.0,1272460000000.0,1372631000000.0,252074000000.0,138894000000.0,12479000000.0,27571300000.0,0.22297353325146488
九州フィナンシャルグループ,7180,銀行業,プライム（内国株式）,JP,2025-03-31,熊本県,564811595776.0,0.7516411,17.756325,15.771732,17.299320100902115,0.284,0.018195603,84.55,75.1,61.00999995367734,208615000000.0,,0.26785,30368000000.0,0.17648001,0.05503,0.05300193626174879,12573647000000.0,,,1278924000000.0,1890214000000.0,1876247000000.0,,
かんぽ生命保険,7181,保険業,プライム（内国株式）,JP,2025-03-31,東京都,1753284870144.0,0.42887217,7.064885,11.817983,11.920050090261913,0.2775,0.03560682,136.91,229.02,75.81666666768271,3540691000000.0,,0.0515,123472000000.0,0.05862,0.04137,0.054426804410231684,56314266000000.0,,,500000000000.0,1976083000000.0,46528793000000.0,,
ゆうちょ銀行,7182,銀行業,プライム（内国株式）,JP,2025-03-31,東京都,10147986407424.0,1.0865842,24.302652,23.702164,15.499247611214964,0.4825,0.020411754,120.2,117.23,98.43000000070478,1680312000000.0,,0.43255,414324000000.0,0.27071,0.05311,0.038699031471673015,224510542000000.0,,,2510100000000.0,64639102000000.0,144180980000000.0,,
あんしん保証,7183,その他金融業,スタンダード（内国株式）,JP,2025-03-31,東京都,4099631104.0,1.6912714,21.851852,38.311687,11.450001934213345,0.4878,0.0,6.16,10.8,21.415945375003453,5376184000.0,58216000.0,0.026010001,89580000.0,0.01845,0.04422,0.18366233788253492,10495997000.0,10495995000.0,11436584000.0,600000000.0,929314000.0,572000.0,940987400.0,0.22952977380864364
富山第一銀行,7184,銀行業,プライム（内国株式）,JP,2025-03-31,,154613170176.0,0.8000133,,15.321376,10.621065399458695,,0.018792482,160.56,,83.02562732743586,46215000000.0,,0.38705003,13354000000.0,0.24903,0.05836,0.0956669880301007,1441732000000.0,,,19809000000.0,80709000000.0,487073000000.0,,
ヒロセ通商,7185,証券、商品先物取引業,スタンダード（内国株式）,JP,2025-03-31,大阪府,23135475712.0,1.110574,,14.038355,6.74638063218625,0.1452,0.010441767,268.55,,476.5899672009471,10203547000.0,3064916000.0,0.27194,2229517000.0,0.18885,0.09155,0.16805096323433416,97856072000.0,97037153000.0,117077409000.0,7400000000.0,13591822000.0,,19221337000.0,0.8308165883111797
横浜フィナンシャルグループ,7186,銀行業,プライム（内国株式）,JP,2025-03-31,東京都,1798370623488.0,1.3134396,21.841251,17.214598,15.068508512860324,0.4042,0.0,93.99,74.08,47.39000001512379,314419000000.0,,0.45983002,82805000000.0,0.0,,0.051937878940535885,23500547000000.0,,,2262436000000.0,4445659000000.0,2949911000000.0,,
ジェイリース,7187,その他金融業,プライム（内国株式）,JP,2025-03-31,大分県,23777533952.0,3.4823532,10.247295,10.139165,11.731942745800614,0.36310002,0.03595761,130.78,129.4,99.79000206418236,17267928000.0,3102498000.0,0.15335,2089102000.0,0.11439,0.39005002,0.3782435246499914,9725498000.0,8193646000.0,11555655000.0,2354571000.0,2351163000.0,128680000.0,1920233000.0,0.0807582907410162
西日本フィナンシャルホールディングス,7189,銀行業,プライム（内国株式）,JP,2025-03-31,福岡県,563676119040.0,0.94667995,16.897703,14.059405,10.41801631414854,0.4097,0.0,287.85,239.5,168.05559286995776,153470000000.0,,0.31590998,30982000000.0,0.21662001,0.07019,0.04031437330419966,13024322000000.0,,,2011116000000.0,1674158000000.0,1691116000000.0,,
イントラスト,7191,その他金融業,スタンダード（内国株式）,JP,2025-03-31,東京都,25169651712.0,3.303441,15.734265,15.925821,14.76183006627211,0.425,0.02688172,70.64,71.5,54.82000040919049,10572954000.0,2329655000.0,0.21184,1360035000.0,0.14101,0.23228,0.6189259456619387,4291507000.0,4108557000.0,10004890000.0,,6822625000.0,381588000.0,5980494600.0,0.23760736415548855
日本モーゲージサービス,7192,その他金融業,スタンダード（内国株式）,JP,2025-03-31,東京都,9027015680.0,0.97158664,,8.56107,7.763283285051956,0.2789,0.0,71.72,,59.48302836541732,7565785000.0,1400225000.0,0.21080999,982664000.0,0.14408,0.1279,0.3971694792982864,13320160000.0,11596050000.0,20128570000.0,7344854000.0,5199357000.0,1531000.0,6809481700.0,0.7543447293535663
Ｃａｓａ,7196,その他金融業,スタンダード（内国株式）,JP,2026-01-31,東京都,6729871872.0,1.0202957,,60.2439,13.883179525772798,1.2165,0.0,12.3,,58.08999843702829,12753987000.0,-63204000.0,0.041690003,123451000.0,0.097600006,0.13626,0.43473702396290737,8578830000.0,8574762000.0,8757143000.0,615691000.0,2819149000.0,266290000.0,364716000.0,0.054193602335494806
ＳＢＩアルヒ,7198,その他金融業,プライム（内国株式）,JP,2025-03-31,東京都,36997033984.0,1.1111189,14.714715,20.42668,21.65370925730276,0.9802,0.39361703,40.78,56.61,39.32774766902027,22292000000.0,7100000000.0,0.29187,1904000000.0,0.19148001,0.15203,0.2042162787644825,163528000000.0,418000000.0,167167000000.0,109877000000.0,20149000000.0,1033000000.0,4362100000.0,0.11790404608884228
プレミアグループ,7199,その他金融業,プライム（内国株式）,JP,2025-03-31,東京都,75709931520.0,3.2327318,10.919798,12.418676,16.42274667617024,0.3443,0.0,156.78,178.3,118.8900008452336,36409000000.0,6815000000.0,0.21591999,4651000000.0,0.1378,0.27462,0.1022931217160032,166039000000.0,1821000000.0,17159000000.0,51188000000.0,17159000000.0,83085000000.0,-90720500000.0,-1.1982641930673879
日産自動車,7201,輸送用機器,プライム（内国株式）,JP,2025-03-31,神奈川県,1273846693888.0,0.26020634,-24.83981,,5.235332508403809,0.0,0.0,-255.87,-14.67,114.07107595332286,12633214000000.0,69798000000.0,0.00585,-670898000000.0,-0.07675,-0.15938,0.26064588736578836,13578712000000.0,8070190000000.0,12323467000000.0,8099861000000.0,1961513000000.0,1428641000000.0,-255196300000.0,-0.20033517473056106
いすゞ自動車,7202,輸送用機器,プライム（内国株式）,JP,2025-03-31,神奈川県,1572742758400.0,1.0816894,8.994262,12.417254,8.469404461213173,0.499,0.04303087,184.3,254.44,220.2171837440313,3235648000000.0,229462000000.0,0.07756,140062000000.0,0.03988,0.10573,0.41560132109913994,1765654000000.0,1135926000000.0,1815343000000.0,758844000000.0,358711000000.0,196013000000.0,186898100000.0,0.11883577209418356
トヨタ自動車,7203,輸送用機器,プライム（内国株式）,JP,2025-03-31,愛知県,34806777774080.0,0.9829877,9.066375,9.95125,9.768777600336042,0.3218,0.033415407,295.39,324.22,365.9430639640141,48036704000000.0,4795586000000.0,0.04566,4765086000000.0,0.07592,0.10233,0.38380670791607174,56722436000000.0,29434220000000.0,37078676000000.0,38792879000000.0,8982404000000.0,9882841000000.0,-12725771300000.0,-0.36561187543986506
カネミツ,7208,輸送用機器,スタンダード（内国株式）,JP,2025-03-31,兵庫県,5964872704.0,0.4975816,,9.509103,7.530812285898761,0.24780001,0.026498698,123.04,,123.65558380598475,11117218000.0,755104000.0,0.08103,540606000.0,0.062080003,0.05878,0.7126216156139509,4429851000.0,3227768000.0,8035376000.0,1124681000.0,4142954000.0,1123255000.0,4391803500.0,0.7362778248486156
三菱自動車工業,7211,輸送用機器,プライム（内国株式）,JP,2025-03-31,東京都,443797733376.0,0.48266777,3.6335745,44.213333,4.102616723528423,1.3369,0.03095017,7.5,91.26,113.36000001383395,2788232000000.0,138831000000.0,0.047709998,40987000000.0,0.0034599998,0.02185,0.41604643086129517,1272355000000.0,1003936000000.0,1391131000000.0,314789000000.0,452510000000.0,102736000000.0,190691200000.0,0.42968042794945993
エフテック,7212,輸送用機器,スタンダード（内国株式）,JP,2025-03-31,埼玉県,13892727808.0,0.2614954,2.7941725,,7.772086360322514,0.2207,0.026666667,-95.1,267.7,90.6013555965394,300831000000.0,5481000000.0,0.029930001,-6925000000.0,-0.0099599995,-0.071279995,0.2901185548140013,113310000000.0,82047000000.0,81495000000.0,72737000000.0,14356000000.0,9242000000.0,-25345600000.0,-1.8243789376917734
レシップホールディングス,7213,輸送用機器,スタンダード（内国株式）,JP,2025-03-31,岐阜県,8230599168.0,0.7497699,9.094017,6.0085835,3.21716267939945,0.1299,0.0,88.54,58.5,178.02519798474466,25931893000.0,3531894000.0,0.05666,2255463000.0,0.049250003,0.11169,0.4950374188981107,10302849000.0,9401129000.0,16088045000.0,1746848000.0,2073769000.0,750496000.0,6310543200.0,0.7667173520653218
ＧＭＢ,7214,輸送用機器,スタンダード（内国株式）,JP,2025-03-31,,5001961984.0,0.21509357,,,13.80882648284377,0.35819998,0.04214963,-8.54,,77.23900053200158,103712142000.0,1943064000.0,0.01768,592367000.0,0.0037,0.02605,0.26102363422076463,54568536000.0,47761924000.0,53918973000.0,32060614000.0,6144438000.0,997123000.0,48423100.0,0.009680821276709647
ファルテック,7215,輸送用機器,スタンダード（内国株式）,JP,2025-03-31,神奈川県,3704259328.0,0.20225275,,11.696773,-6.7069590886075945,0.0,0.0,33.77,,-84.24085976008203,79114000000.0,2362000000.0,0.0171,328000000.0,-0.0016699999,0.0016699999,0.27770706293292285,46130000000.0,32085000000.0,41921000000.0,25690000000.0,14776000000.0,256000000.0,-4029800000.0,-1.0878827973892868
テイン,7217,輸送用機器,スタンダード（内国株式）,JP,2025-03-31,神奈川県,4356220928.0,0.6775554,,25.694443,9.959368222852605,0.98440003,0.03846154,17.28,,45.12597877267211,5316141000.0,317411000.0,-0.0557,247681000.0,0.03988,0.03382,0.770372204343059,1848439000.0,1022089000.0,3919611000.0,448938000.0,1272479000.0,,2071172000.0,0.4754515517538049
田中精密工業,7218,輸送用機器,スタンダード（内国株式）,JP,2025-03-31,富山県,10094170112.0,0.3874275,,5.6053085,5.800554880966918,0.18879999,0.033686236,185.36,,228.74522703298422,40474435000.0,2704628000.0,0.06859,1788623000.0,0.04085,0.06445,0.5502299524783101,12661940000.0,10655424000.0,21751186000.0,4091715000.0,9676322000.0,3113889000.0,11268968300.0,1.1163838309603475
エッチ・ケー・エス,7219,輸送用機器,スタンダード（内国株式）,JP,2025-08-31,静岡県,3252855040.0,0.29733592,,7.853117,8.324908779728954,0.222,0.028508771,292.75,,245.93069306930693,8976620000.0,394811000.0,0.06576,361443000.0,0.04508,0.03879,0.8048329311784724,2582784000.0,1845446000.0,6985858000.0,536854000.0,2002252000.0,671450000.0,4873089000.0,1.498095961878461
武蔵精密工業,7220,輸送用機器,プライム（内国株式）,JP,2025-03-31,愛知県,407008804864.0,3.42938,34.958344,322.09543,13.421554265215098,2.0736,0.0,19.28,177.64,121.24000066551133,347196000000.0,19721000000.0,0.043470003,7782000000.0,0.0,0.02394,0.4024887242832993,161158000000.0,95038000000.0,146908000000.0,96788000000.0,33849000000.0,13135000000.0,-5055500000.0,-0.012421107208452825
日産車体,7222,輸送用機器,スタンダード（内国株式）,JP,2025-03-31,神奈川県,135046348800.0,0.7511003,,16.46573,337.1044885212932,0.2146,0.013333334,60.55,,3.0099999965240785,350508000000.0,5147000000.0,0.04498,3033000000.0,0.0174,0.038399998,0.654132998410599,93354000000.0,88474000000.0,174219000000.0,17147000000.0,70883000000.0,324000000.0,81091800000.0,0.6004738426515682
新明和工業,7224,輸送用機器,プライム（内国株式）,JP,2025-03-31,兵庫県,162911059968.0,1.3045102,22.249323,14.151919,10.452582997436103,0.3218,0.0,174.04,110.7,110.3799992593819,266441000000.0,13970000000.0,0.08369,8957000000.0,0.040370002,0.09669,0.4204501525654643,153378000000.0,93393000000.0,179037000000.0,51198000000.0,28474000000.0,14483000000.0,35797100000.0,0.2197340070528759
極東開発工業,7226,輸送用機器,プライム（内国株式）,JP,2025-03-31,大阪府,93571555328.0,0.8520291,14.496725,73.73524,25.011877334425026,4.6279,0.05747558,33.01,167.9,91.49000050357392,140449000000.0,6656000000.0,0.05,5820000000.0,0.01685,0.02352,0.6184087180689009,70478000000.0,52023000000.0,96933000000.0,29546000000.0,20291000000.0,15379000000.0,37220300000.0,0.3977736596290426
デイトナ,7228,輸送用機器,スタンダード（内国株式）,JP,2025-12-31,静岡県,8887182336.0,0.9451432,6.553781,8.079694,7.198983511859694,0.292,0.0,462.27,569.9,487.42992593596443,14376961000.0,1610949000.0,0.09911,1148821000.0,0.07986,0.12817,0.8071866323906572,2208963000.0,2078048000.0,9275962000.0,852474000.0,2545743000.0,,7066999000.0,0.7951900538118992
ユタカ技研,7229,輸送用機器,スタンダード（内国株式）,JP,2025-03-31,静岡県,44439334912.0,0.41180703,,8.516257,5.0639017858097395,0.102299996,0.0,352.15,,502.62664261329144,179213000000.0,6347000000.0,0.0226,4548000000.0,0.025,0.04208,0.6066160752458315,56858000000.0,53182000000.0,118426000000.0,,42762000000.0,,61568000000.0,1.3854392763059722
トピー工業,7231,輸送用機器,プライム（内国株式）,JP,2025-03-31,,59160363008.0,0.4241043,8.510572,5.881215,11.996158428208455,,0.04118076,465.38,321.6,204.8630887185104,300610000000.0,5301000000.0,0.034590002,6387000000.0,0.03483,0.07455,0.48012961799603193,145039000000.0,95852000000.0,155185000000.0,68793000000.0,27474000000.0,30748000000.0,31669600000.0,0.5353178782171681
東京ラヂエーター製造,7235,輸送用機器,スタンダード（内国株式）,JP,2025-03-31,神奈川県,14095243264.0,0.6130979,,7.3591566,4.152025118803201,0.3057,0.041865215,201.11,,179.06765660835717,34060230000.0,1714976000.0,0.0719,1422928000.0,0.05589,0.0848,0.6671305231174337,8967336000.0,7687305000.0,21122106000.0,,8413749000.0,1806728000.0,13419479600.0,0.95205732520233
ティラド,7236,輸送用機器,プライム（内国株式）,JP,2025-03-31,東京都,83785359360.0,1.5807066,,10.020583,17.963743013067898,0.379,0.038674034,1476.96,,190.51262433052793,159235000000.0,7323000000.0,0.066139996,4250000000.0,0.05401,0.17236,0.4994358164249226,48744000000.0,32003000000.0,61419000000.0,21510000000.0,16926000000.0,2841000000.0,14663700000.0,0.17501506363414374
曙ブレーキ工業,7238,輸送用機器,プライム（内国株式）,JP,2025-03-31,東京都,35828809728.0,0.7413232,7.021277,,5.572755406720741,0.0,0.0,-7.43,18.8,25.84000005209919,161672000000.0,3123000000.0,0.0523,168000000.0,-0.00342,0.00459,0.38590776615806616,72382000000.0,31337000000.0,64951000000.0,35270000000.0,18303000000.0,85000000.0,-7371500000.0,-0.2057422520022823
タチエス,7239,輸送用機器,プライム（内国株式）,JP,2025-03-31,東京都,72787050496.0,0.7454862,8.760842,5.767662,11.280059672102908,0.2823,0.049452122,367.74,242.1,158.2500013206958,285394000000.0,9625000000.0,0.040949997,11310000000.0,0.04304,0.11885,0.5598957879004635,73774000000.0,62052000000.0,112786000000.0,14516000000.0,43680000000.0,6459000000.0,43533300000.0,0.5980912772718049
ＮＯＫ,7240,輸送用機器,プライム（内国株式）,JP,2025-03-31,東京都,458366550016.0,0.7595995,15.689571,15.743361,10.028286844316463,0.65269995,0.041400723,183.76,184.39,188.3399994818594,766859000000.0,37265000000.0,0.05747,30320000000.0,0.0,,0.6442920458857396,275248000000.0,186251000000.0,420723000000.0,61690000000.0,136762000000.0,162144000000.0,258975800000.0,0.5649971621859405
フタバ産業,7241,輸送用機器,プライム（内国株式）,JP,2025-03-31,愛知県,90783670272.0,0.6945003,4.982885,14.676653,7.453141742213073,0.6198,0.04236453,69.43,204.5,143.43685022469649,707104000000.0,15178000000.0,0.02932,6208000000.0,0.023640001,0.12792,0.37468343139659716,190748000000.0,138070000000.0,146439000000.0,53905000000.0,13719000000.0,20399000000.0,-30029700000.0,-0.3307830572395565
カヤバ,7242,輸送用機器,プライム（内国株式）,JP,2025-03-31,東京都,202465673216.0,0.87384313,7.5261574,8.480859,8.047381016127511,0.235,0.016774891,553.01,623.16,294.7500026925892,438316000000.0,20329000000.0,0.06855,14899000000.0,0.06463,0.13303,0.4870031439479003,228089000000.0,169733000000.0,258337000000.0,98968000000.0,47428000000.0,21915000000.0,45588500000.0,0.22516656416796155
市光工業,7244,電気機器,プライム（内国株式）,JP,2025-12-31,神奈川県,54765789184.0,1.7130144,8.876756,8.823073,8.344639118140085,0.2172,0.004725898,64.49,64.1,46.47999993677888,117089000000.0,5816000000.0,0.0494,6203000000.0,0.04933,0.21043,0.610192763091923,49522000000.0,38813000000.0,69394000000.0,5544000000.0,12431000000.0,4368000000.0,22929600000.0,0.4186847362495226
大同メタル工業,7245,輸送用機器,プライム（内国株式）,JP,2025-03-31,愛知県,47615193088.0,0.6249704,14.963181,12.34058,11.479470987386678,0.2794,0.0,82.33,67.9,54.49999962874659,136303000000.0,7098000000.0,0.0552,2720000000.0,0.02644,0.05768,0.3699251484826296,114564000000.0,70092000000.0,107585000000.0,65793000000.0,29147000000.0,8034000000.0,-1355200000.0,-0.02846150382075292
プレス工業,7246,輸送用機器,プライム（内国株式）,JP,2025-03-31,神奈川県,77652140032.0,0.67537296,10.446195,13.627804,8.003070995127766,0.5134,0.038314175,58.41,76.2,79.40999962801753,189883000000.0,9646000000.0,0.06806,6080000000.0,0.03793,0.07199,0.576399142412168,70284000000.0,53617000000.0,87789000000.0,10070000000.0,26269000000.0,8001000000.0,23105700000.0,0.2975539372189649
ミクニ,7247,輸送用機器,スタンダード（内国株式）,JP,2025-03-31,東京都,11869723648.0,0.2997859,7.8970914,4.1958876,13.377589463672395,0.1664,0.03988604,84.13,44.7,33.160150112282054,101428000000.0,3031000000.0,0.04157,1995000000.0,0.03302,0.08535,0.34494770350159165,71116000000.0,46344000000.0,60718000000.0,41147000000.0,1756000000.0,8740000000.0,-4280000000.0,-0.36058126767940063
ユニバンス,7254,輸送用機器,スタンダード（内国株式）,JP,2025-03-31,静岡県,16068674560.0,0.531776,,7.5683117,8.411848667567249,0.1475,0.019181585,101.74,,85.16076124825618,53915906000.0,4031243000.0,0.083009996,2948112000.0,0.047870003,0.09348,0.593368239407668,18249310000.0,11070368000.0,23784526000.0,580348000.0,7978884000.0,4524190000.0,8702149000.0,0.5415598509700603
桜井製作所,7255,輸送用機器,スタンダード（内国株式）,JP,2025-03-31,静岡県,1594350208.0,0.3232665,,4.2818913,5.5312454984101915,0.0892,0.021097047,112.1,,89.35547526403558,4964077000.0,163563000.0,-0.01455,211910000.0,0.06679,0.06925,0.6594007793037923,2510798000.0,1613807000.0,2971364000.0,1592903000.0,1289254000.0,422592000.0,756380400.0,0.47441295908809517
河西工業,7256,輸送用機器,スタンダード（内国株式）,JP,2024-03-31,神奈川県,19346475008.0,2.0062675,,,-6.080693187940987,0.0,0.0,-154.83,,-40.291458955020985,,,0.04955,,-0.020639999,-0.21406001,0.07130546876094664,122494000000.0,111640000000.0,83630000000.0,74178000000.0,24118000000.0,2730000000.0,-36953000000.0,-1.910063718828339
アイシン,7259,輸送用機器,プライム（内国株式）,JP,2025-03-31,愛知県,1736076558336.0,0.78892034,10.495422,10.849484,17.138383840917548,0.2716,0.030303031,220.84,228.29,112.31000002771484,4896104000000.0,202942000000.0,0.05373,107586000000.0,0.03355,0.085559994,0.46001069132649985,2240987000000.0,1178154000000.0,1897753000000.0,794660000000.0,527191000000.0,885677000000.0,276739900000.0,0.1594053549488915
マツダ,7261,輸送用機器,プライム（内国株式）,JP,2025-03-31,広島県,681242263552.0,0.3758323,3.9401677,19.441944,4.83176592617376,0.9892,0.053165782,55.55,274.1,329.3799999552466,5018893000000.0,186125000000.0,0.052729998,114079000000.0,0.00713,0.01924,0.4382993882028253,2280052000000.0,1501393000000.0,2227652000000.0,722999000000.0,1001379000000.0,271063000000.0,137344100000.0,0.20160830786376538
ムロコーポレーション,7264,輸送用機器,スタンダード（内国株式）,JP,2025-03-31,栃木県,7836468736.0,0.35296234,,38.135845,6.520526350391569,1.3549,0.03665339,34.01,,218.02675022339298,22590057000.0,755183000.0,0.05747,486277000.0,0.01358,0.01418,0.7237676748953946,8423065000.0,6925852000.0,16358366000.0,2391058000.0,8491632000.0,1852793000.0,9232256100.0,1.1781143281524094
エイケン工業,7265,輸送用機器,スタンダード（内国株式）,JP,2025-10-31,静岡県,3780323840.0,1.1749277,,11.553997,15.90264303753721,0.3445,0.020242915,319.37,,214.17258428115116,8100114000.0,411196000.0,0.03687,326533000.0,0.053839996,0.07047,0.7780942273297289,1727066000.0,1418899000.0,4922371000.0,469553000.0,1873825000.0,671391000.0,3665278700.0,0.9695673849994819
今仙電機製作所,7266,輸送用機器,スタンダード（内国株式）,JP,2025-03-31,愛知県,18714157056.0,0.34644297,,15.1975155,-183.12222445738456,0.4225,0.027936146,57.97,,-3.2600000156112676,94341000000.0,398000000.0,0.03797,2084000000.0,0.023139998,0.03924,0.6728115305562293,25292000000.0,20504000000.0,52626000000.0,2920000000.0,15230000000.0,2246000000.0,28906200000.0,1.5446167259097732
本田技研工業,7267,輸送用機器,プライム（内国株式）,JP,2025-03-31,東京都,4951325540352.0,0.39719716,5.575524,10.192307,7.518647643942977,0.553,0.054958183,124.8,228.14,225.88194880960205,21688767000000.0,1213486000000.0,0.0287,835837000000.0,0.02325,0.042969998,0.4005258080950246,18148045000000.0,8615157000000.0,11687762000000.0,4422236000000.0,4528795000000.0,873459000000.0,-5848861700000.0,-1.181271894229801
スズキ,7269,輸送用機器,プライム（内国株式）,JP,2025-03-31,静岡県,3488127385600.0,1.0559564,10.258156,8.912551,10.03317050541598,0.21200001,0.024143739,202.86,176.25,163.87447428553583,5825161000000.0,642852000000.0,0.09236,416050000000.0,0.0678,0.13446,0.4956339677095303,2305587000000.0,1602557000000.0,2528681000000.0,725299000000.0,842710000000.0,1344493000000.0,1164239100000.0,0.33377195592291614
ＳＵＢＡＲＵ,7270,輸送用機器,プライム（内国株式）,JP,2025-03-31,東京都,1678395572224.0,0.61058384,5.255612,6.464947,6.188790797019623,0.3418,0.054195803,362.88,446.38,509.17999968770937,4685763000000.0,405298000000.0,-0.03211,338062000000.0,0.022219999,0.037639998,0.5334877676904772,2372538000000.0,1262463000000.0,3191220000000.0,399500000000.0,941460000000.0,145386000000.0,920452200000.0,0.5484119567715088
安永,7271,輸送用機器,スタンダード（内国株式）,JP,2025-03-31,三重県,12394905600.0,1.0341156,,9.657996,12.580509941800313,0.1204,0.010770505,124.56,,54.22999790852677,31470000000.0,762000000.0,0.07271,742000000.0,0.034479998,0.10439,0.3065801518496581,25755000000.0,16011000000.0,20758000000.0,17470000000.0,7070000000.0,750000000.0,-4472000000.0,-0.36079338918079373
ヤマハ発動機,7272,輸送用機器,プライム（内国株式）,JP,2025-12-31,静岡県,1132463783936.0,1.0010276,6.1717305,7.274992,12.35548804787121,0.218,0.030541012,160.55,189.25,110.09999994559642,2534203000000.0,116293000000.0,0.00588,16109000000.0,0.00636,0.02882,0.3900782888626135,1704258000000.0,1126898000000.0,1690233000000.0,1044323000000.0,398904000000.0,73221000000.0,37229700000.0,0.032874958588613015
イクヨ,7273,輸送用機器,スタンダード（内国株式）,JP,2025-03-31,神奈川県,18915194880.0,1.4213355,,5.7706094,8.2101173509578,0.0269,0.0047095763,111.6,,32.07235643566956,17736188000.0,39279000.0,0.00804,44549000.0,0.11005,0.32813,0.4322533218510749,9184068000.0,6948653000.0,8152616000.0,3145703000.0,1496485000.0,349818000.0,-786579400.0,-0.041584525297790643
小糸製作所,7276,電気機器,プライム（内国株式）,JP,2025-03-31,,737026899968.0,1.1861386,18.440464,17.360035,14.763561283458134,0.3473,0.02124834,161.29,151.84,130.8999999250701,916709000000.0,44874000000.0,0.05697,46240000000.0,0.04302,0.06459,0.704757110495847,210089000000.0,173359000000.0,546361000000.0,5728000000.0,270845000000.0,100620000000.0,406706000000.0,0.5518197504292696
ＴＢＫ,7277,輸送用機器,スタンダード（内国株式）,JP,2025-03-31,東京都,11594905600.0,0.33875686,,33.640553,30.8522324650776,0.73660004,0.011019284,10.85,,11.66672523456443,54415000000.0,941000000.0,0.03453,-1204000000.0,0.01343,0.0269,0.5317270588235294,24015000000.0,17774000000.0,26402000000.0,8109000000.0,4139000000.0,3364000000.0,4741800000.0,0.40895546402723626
エクセディ,7278,輸送用機器,プライム（内国株式）,JP,2025-03-31,大阪府,224391282688.0,1.164188,20.508366,16.393442,-12.593698372805633,0.8015,0.04918033,374.54,299.39,-213.43000025148243,309564000000.0,21846000000.0,0.07092,12744000000.0,0.04501,0.07764,0.593849535391824,109644000000.0,47641000000.0,168480000000.0,56292000000.0,68160000000.0,5383000000.0,62604100000.0,0.27899524103637535
ハイレックスコーポレーション,7279,輸送用機器,スタンダード（内国株式）,JP,2025-10-31,兵庫県,98327060480.0,0.45895708,,11.839061,27.471744846021632,0.20459999,0.01699298,224.68,,52.580000417335434,304123000000.0,3392000000.0,0.01128,8419000000.0,0.12349,0.19784,0.6322956566316603,85305000000.0,72237000000.0,156554000000.0,8939000000.0,57666000000.0,43724000000.0,101855800000.0,1.0358877759873413
ミツバ,7280,電気機器,プライム（内国株式）,JP,2025-03-31,群馬県,53984870400.0,0.48771226,11.033834,5.8387623,5.145874835662737,0.0497,0.008718396,201.07,106.4,307.0211589884528,349353000000.0,20931000000.0,0.07082,11864000000.0,0.02528,0.06565,0.28691827519833063,222649000000.0,152281000000.0,210648000000.0,160315000000.0,97912000000.0,16201000000.0,-660300000.0,-0.012231204689527235
豊田合成,7282,輸送用機器,プライム（内国株式）,JP,2025-03-31,愛知県,559178186752.0,0.983495,13.554457,9.664998,9.362978703905261,0.2796,0.029645542,493.43,351.84,285.85000087491454,,,0.08552,,0.05407,0.11326,0.5943064863603855,324636000000.0,185715000000.0,438148000000.0,109525000000.0,118769000000.0,57544000000.0,153792800000.0,0.27503361834142565
愛三工業,7283,輸送用機器,プライム（内国株式）,JP,2025-03-31,愛知県,102079586304.0,0.7196255,8.718947,7.862257,9.598785573832476,0.3515,0.045610033,227.67,205.3,211.7500001480042,,,0.04208,,0.03952,0.09613,0.4512794785070203,160646000000.0,85745000000.0,174864000000.0,56215000000.0,85776000000.0,6443000000.0,18728100000.0,0.18346567299191863
盟和産業,7284,輸送用機器,スタンダード（内国株式）,JP,2025-03-31,神奈川県,4440060928.0,0.3792331,,7.303597,-10.569461269054498,0.2877,0.04,173.75,,-87.31383227251152,23250412000.0,505159000.0,0.00936,452884000.0,0.02202,0.04502,0.4806118570944904,12972151000.0,10115760000.0,14404083000.0,6396901000.0,3369214000.0,768643000.0,1969982100.0,0.44368357370432915
日本精機,7287,輸送用機器,スタンダード（内国株式）,JP,2025-03-31,新潟県,148460666880.0,0.64732075,13.460135,16.44071,16.044656458552108,0.41369998,0.025360905,157.11,191.9,87.92999988934092,316397000000.0,9585000000.0,0.04247,6122000000.0,0.03209,0.04632,0.6525060600129481,111865000000.0,78621000000.0,216499000000.0,32278000000.0,35305000000.0,24379000000.0,121699300000.0,0.8197410301165421
日本プラスト,7291,輸送用機器,スタンダード（内国株式）,JP,2025-03-31,静岡県,9099664384.0,0.24272443,,24.343435,3.7916972937734386,0.88379997,0.0,19.8,,129.7173292929369,120591000000.0,2772000000.0,0.0356,56000000.0,0.01752,0.055859998,0.41258198239095895,49171000000.0,39237000000.0,48015000000.0,24751000000.0,14943000000.0,3510000000.0,1301000000.0,0.14297230591136492
村上開明堂,7292,輸送用機器,スタンダード（内国株式）,JP,2025-03-31,静岡県,79938248704.0,0.8762853,,11.938129,9.548696749290263,0.38919997,0.033284023,577.98,,493.7299980433632,109205000000.0,8864000000.0,0.075050004,5943000000.0,0.057239998,0.08432999,0.769696864775029,23268000000.0,20029000000.0,78598000000.0,215000000.0,47576000000.0,4831000000.0,58711700000.0,0.7344631756620176
ヨロズ,7294,輸送用機器,プライム（内国株式）,JP,2025-03-31,,18556614656.0,0.36631167,5.634772,,-5.596294603654982,0.8111,0.034559645,-438.99,159.9,-162.06999797433144,178414000000.0,298000000.0,0.00866,-13448000000.0,-0.04441,-0.1275,0.3845067020007174,75401000000.0,51292000000.0,81159000000.0,42761000000.0,27929000000.0,7372000000.0,10918400000.0,0.5883831831615742
エフ・シー・シー,7296,輸送用機器,プライム（内国株式）,JP,2025-03-31,静岡県,166374424576.0,0.8434699,12.422249,9.738051,7.971256448121844,0.2976,0.030303031,352.74,276.52,245.90999959407057,256619000000.0,17330000000.0,0.058870003,15859000000.0,0.057789996,0.07627,0.7482332011957369,60765000000.0,48517000000.0,162913000000.0,3000000000.0,68496000000.0,16709000000.0,113844300000.0,0.6842656273049696
カーメイト,7297,輸送用機器,スタンダード（内国株式）,JP,2025-03-31,東京都,5946520064.0,0.39672565,,,28.800909656445484,0.7389,0.035128806,-85.74,,30.122140387019364,15523458000.0,300980000.0,0.1504,-332080000.0,-0.02961,-0.028959999,0.7297376163412952,5495001000.0,2479936000.0,17195216000.0,1460000000.0,10674721000.0,2073787000.0,13151865900.0,2.211691167010582
フジオーゼックス,7299,輸送用機器,スタンダード（内国株式）,JP,2025-03-31,静岡県,16834649088.0,0.5476409,,7.463923,7.855666288383291,0.2354,0.03152364,229.37,,188.07522144144892,25544048000.0,2616093000.0,0.08372,1546794000.0,0.08096,0.074039996,0.8219721993177806,6065995000.0,5357103000.0,18420106000.0,2124171000.0,5962207000.0,140510000.0,12452468000.0,0.7396927571764067
新家工業,7305,鉄鋼,スタンダード（内国株式）,JP,2025-03-31,大阪府,23939618816.0,0.7318728,,12.810572,5.58329307271839,0.76489997,0.039793078,196.01,,303.8437765032271,42845000000.0,1641000000.0,0.04913,2128000000.0,0.04947,0.05998,0.5976565501344603,20483000000.0,15593000000.0,29180000000.0,5742000000.0,6703000000.0,9306000000.0,15211200000.0,0.6353985882947152
シマノ,7309,輸送用機器,プライム（内国株式）,JP,2025-12-31,大阪府,1457878728704.0,1.6946504,18.54709,43.89529,24.607262566208963,0.8733,0.020311564,388.88,920.36,853.3599972416647,466243000000.0,51678000000.0,0.08841,33991000000.0,0.07871,0.043670002,0.9253994138022915,68749000000.0,58917000000.0,666119000000.0,4030000000.0,477324000000.0,29348000000.0,617913600000.0,0.4238443073720557
テイ・エス　テック,7313,輸送用機器,プライム（内国株式）,JP,2025-03-31,埼玉県,206649409536.0,0.6717705,17.116072,39.224804,21.76208533650288,1.9289999,0.04951622,45.15,103.47,80.09000002015188,460514000000.0,16429000000.0,0.028499998,8630000000.0,0.0,0.024619998,0.7084322078979384,106681000000.0,91135000000.0,255033000000.0,,111543000000.0,35001000000.0,172852700000.0,0.8364538780348543
小田原機器,7314,輸送用機器,スタンダード（内国株式）,JP,2025-12-31,神奈川県,3725900800.0,0.90781176,,38.995373,12.935807052986966,1.3197,0.033840947,30.26,,92.81200157156206,7672954000.0,155685000.0,0.13417,96621000.0,0.012510001,0.02315,0.569692975098325,3139613000.0,2858600000.0,6206404000.0,1322960000.0,1494583000.0,166169000.0,3183109300.0,0.8543193903605807
松屋アールアンドディ,7317,輸送用機器,グロース（内国株式）,JP,2025-03-31,福井県,23572088832.0,3.186977,20.65543,14.618954,16.301021890961355,0.1325,0.009066183,75.45,53.4,44.42999950407017,9567398000.0,1953594000.0,0.23536,1560404000.0,0.17145,0.2355,0.6355386348961494,3975413000.0,2114146000.0,7501356000.0,2485537000.0,4137356000.0,,3525943000.0,0.1495812706769287
セレンディップ・ホールディングス,7318,輸送用機器,グロース（内国株式）,JP,2025-03-31,愛知県,38979182592.0,3.1339028,,7.9070625,18.2583052921449,0.0,0.0,271.15,,28.822499765430234,25124596000.0,734597000.0,0.05868,2088163000.0,0.07744,0.28867,0.2522197411796393,24109798000.0,13099530000.0,16193903000.0,13578112000.0,6502528000.0,2902877000.0,-5883881100.0,-0.1509493198353419
Ｓｏｌｖｖｙ,7320,その他金融業,グロース（内国株式）,JP,2024-06-30,東京都,17915187200.0,3.6182437,6.1349225,,15.362126373116528,0.07,0.021194605,-24.6,260.15,96.91999535965418,,,0.23202999,,-0.03285,-0.045619998,0.12219639719290849,21588449000.0,4012265000.0,8587952000.0,2512778000.0,2626435000.0,3509787000.0,-10543646100.0,-0.5885311709162604
三十三フィナンシャルグループ,7322,銀行業,プライム（内国株式）,JP,2025-03-31,,186595000320.0,0.816205,,19.77501,7.273821759922527,0.35009998,0.009380584,90.67,,66.36999994481984,67700000000.0,,0.22400999,8653000000.0,0.14816,0.05336,0.04566182511626505,4304803000000.0,,,304159000000.0,428222000000.0,951429000000.0,,
アイリックコーポレーション,7325,保険業,グロース（内国株式）,JP,2024-06-30,東京都,7106102272.0,1.8670785,15.857664,16.155418,16.2922906127728,0.7628,0.047180668,53.79,54.8,42.432425713719574,,,0.077410005,,0.043709997,0.12503,0.7004308453906601,1508088000.0,1437085000.0,3016778000.0,90000000.0,1870849000.0,133481000.0,1602126700.0,0.22545787249823585
ＳＢＩインシュアランスグループ,7326,保険業,グロース（内国株式）,JP,2025-03-31,東京都,56317460480.0,1.217438,,21.515266,17.418835390166016,0.2182,0.010511883,105.46,,58.44999953240001,116883000000.0,,0.092180006,1988000000.0,0.1495,0.45594,0.1947692844741266,175193000000.0,,,,34328000000.0,146926000000.0,,
第四北越フィナンシャルグループ,7327,銀行業,プライム（内国株式）,JP,2025-03-31,,528096198656.0,0.9659672,,14.067193,8.606520955889202,0.363,0.0258999,143.17,,79.11833332422854,141309000000.0,,0.37433997,29349000000.0,0.20758,0.08083,0.043620868888436255,10498929000000.0,,,985858000000.0,2147289000000.0,2919007000000.0,,
ひろぎんホールディングス,7337,銀行業,プライム（内国株式）,JP,2025-03-31,広島県,608038748160.0,1.0860664,,16.206211,11.114943984745933,0.4098,0.026815934,125.6,,90.30000013826586,148840000000.0,,0.36371,35835000000.0,0.22410999,0.07316,0.04158736818331499,11627271000000.0,,,1443632000000.0,1726986000000.0,1925611000000.0,,
ブロードマインド,7343,保険業,グロース（内国株式）,JP,2025-03-31,東京都,6844400640.0,1.7209235,9.31677,20.686089,20.899994823736865,0.7235,0.034970857,58.01,128.8,78.71000496233299,6021968000.0,519610000.0,0.1322,231620000.0,0.07182,0.10416,0.736392576788614,1412031000.0,1277141000.0,3844982000.0,2128000.0,1983173000.0,,2432951000.0,0.3554658951115988
アイ・パートナーズフィナンシャル,7345,その他金融業,グロース（内国株式）,JP,2025-03-31,神奈川県,3430159872.0,5.112003,,1211.6279,182.83751586957192,4.6512,0.0037243948,0.86,,2.259999738411874,3797196000.0,-797000.0,0.03822,-9735000.0,0.01244,0.080620006,0.6301712967036484,369879000.0,330452000.0,833648000.0,15904000.0,495287000.0,,463769000.0,0.13520331917637218
マーキュリアホールディングス,7347,証券、商品先物取引業,プライム（内国株式）,JP,2025-12-31,,15130232832.0,0.84131616,,Infinity,29.394000560884482,6.1798,0.027954256,0.0,,26.12000022518978,7215726000.0,2515202000.0,0.54257,1684610000.0,0.2334,0.09349,0.7663101216689512,4263503000.0,2881361000.0,22461594000.0,684500000.0,5232547000.0,296310000.0,18405508000.0,1.216472225138062
おきなわフィナンシャルグループ,7350,銀行業,プライム（内国株式）,JP,2025-03-31,沖縄県,123799928832.0,0.7662468,15.470793,13.243218,8.334046160866253,0.2969,0.022767074,437.96,374.9,290.1599943691724,53617000000.0,,0.27176002,7941000000.0,0.17381,0.06765,0.05152931714289359,2825534000000.0,,,99840000000.0,349388000000.0,590179000000.0,,
グッドパッチ,7351,サービス業,グロース（内国株式）,JP,2025-08-31,東京都,4113701376.0,0.9515844,13.083333,10.541629,314.79843545638346,0.22379999,0.021598272,44.68,36.0,1.259999993444329,5085553000.0,557484000.0,0.1354,407051000.0,0.07546,0.09375,0.7902453336505619,1100253000.0,956456000.0,3395698000.0,248404000.0,2733133000.0,1310160000.0,3212557000.0,0.7809407407991688
ＴＷＯＳＴＯＮＥ＆Ｓｏｎｓ,7352,サービス業,グロース（内国株式）,JP,2025-08-31,東京都,17207617536.0,4.618278,30.551182,69.16221,240.94663035395888,0.08930001,0.0,5.61,12.7,3.980000006322043,18077366000.0,819999000.0,0.05677,494316000.0,0.02684,,0.3379271140455193,6479943000.0,3931461000.0,7216730000.0,3637281000.0,4557240000.0,40278000.0,764981600.0,0.044455985751634966
ＫＩＹＯラーニング,7353,サービス業,グロース（内国株式）,JP,2025-12-31,東京都,3894694656.0,2.429337,,13.269366,23.517852219333605,0.0,0.0,42.73,,30.5299987985189,5031211000.0,304036000.0,0.15378,294136000.0,0.05844,0.20283002,0.3214509872795243,3380616000.0,3379791000.0,4419370000.0,453979000.0,4087310000.0,26285000.0,1057153500.0,0.2714342441124093
ダイレクトマーケティングミックス,7354,サービス業,スタンダード（内国株式）,JP,2025-12-31,,13747099648.0,0.9422895,2.7706423,10.511661,14.633199124960871,0.24370001,0.023026315,28.73,109.0,17.88718046879474,22694234000.0,2132604000.0,0.08177,1344550000.0,0.05922,0.09386,0.5427775086640104,12535739000.0,6099583000.0,9209910000.0,6365378000.0,5523088000.0,321608000.0,-3100703400.0,-0.2255532788293352
Ｒｅｔｔｙ,7356,サービス業,グロース（内国株式）,JP,2025-09-30,東京都,2154550016.0,6.227027,-7.3846154,182.27847,-29.432505065919496,0.0,0.0,0.79,-19.5,-5.3682144841606245,1630179000.0,19465000.0,0.028299998,11734000.0,0.01306,0.06412,0.3639358259401444,592988000.0,264248000.0,764046000.0,454446000.0,367807000.0,,171058000.0,0.0793938403516737
ジオコード,7357,サービス業,スタンダード（内国株式）,JP,2025-02-28,東京都,4227695616.0,3.919576,,,,8.8889,0.0,-2.73,,,,,-0.07249,,-0.0037,-0.0058600004,0.6373032893641607,666675000.0,591017000.0,1301468000.0,159463000.0,939860000.0,277268000.0,828880600.0,0.19605966826538915
ポピンズ,7358,サービス業,スタンダード（内国株式）,JP,2025-12-31,東京都,13866126336.0,1.4972601,13.148149,12.273121,14.886308110934701,0.3891,0.031271715,115.7,108.0,78.62999793190946,34409000000.0,1841000000.0,0.05717,1142000000.0,0.03319,0.12855,0.5611515151515152,7241000000.0,5125000000.0,12106000000.0,2435000000.0,7606000000.0,,4865000000.0,0.3508550176244406
東京通信グループ,7359,サービス業,グロース（内国株式）,JP,2025-12-31,東京都,2407786752.0,3.0439656,,10.482456,-6.7231283820873005,0.0,0.0,22.8,,-41.052317360971095,6219055000.0,195512000.0,0.00595,230425000.0,0.03698,0.8167,0.215490105403287,2781616000.0,2094703000.0,2067990000.0,1671593000.0,1138621000.0,130609000.0,-622199700.0,-0.2584114641727209
オンデック,7360,サービス業,グロース（内国株式）,JP,2025-11-30,大阪府,1894812928.0,2.1704638,5.7585382,,11.434758682421835,0.0,0.0,-58.03,125.9,91.47547657546731,864425000.0,-221614000.0,-1.11429,-151848000.0,-0.17477,-0.14674,0.822525102152896,205528000.0,153478000.0,818500000.0,36672000.0,664465000.0,102725000.0,684879500.0,0.3614496660221225
ヒューマンクリエイションホールディングス,7361,サービス業,グロース（内国株式）,JP,2025-09-30,東京都,3714864640.0,2.4699786,4.629915,9.537802,8.15594142323129,0.21440001,0.02240664,125.92,259.4,123.05999429098722,8945582000.0,781936000.0,0.059660003,398482000.0,0.034649998,0.21886,0.3404261235225238,2965117000.0,1848091000.0,2526857000.0,1143479000.0,1417293000.0,89670000.0,-375491000.0,-0.10107797628933257
Ｔ．Ｓ．Ｉ,7362,サービス業,グロース（内国株式）,JP,2025-12-31,京都府,1254531328.0,0.88722175,,15.28627,11.103459157626038,0.0,0.0,53.97,,82.85706165435201,4886212000.0,40682000.0,0.04285,81970000.0,0.01658,0.05947,0.24363616575854996,4392260000.0,1391613000.0,1944383000.0,3578449000.0,1186365000.0,,-2447877000.0,-1.9512282757437844
ベビーカレンダー,7363,サービス業,グロース（内国株式）,JP,2024-12-31,東京都,1108095488.0,1.3973492,,22.345968,-13.681261626862993,0.0,0.0,55.67,,-111.17395759858395,1528358000.0,50091000.0,0.100839995,17186000.0,0.03928,0.097040005,0.45194779703808613,854409000.0,652396000.0,708181000.0,484959000.0,394203000.0,,-146228000.0,-0.1319633565731115
ＬＩＴＡＬＩＣＯ,7366,サービス業,プライム（内国株式）,JP,2025-03-31,東京都,54317912064.0,12.076177,18.375015,18.875889,20.812633462272455,0.13270001,0.0,82.91,85.17,99.03999928031865,33214000000.0,3477000000.0,0.1388,2402000000.0,0.052649997,0.26485002,0.3810353257547977,20255000000.0,11624000000.0,11318000000.0,13203000000.0,4335000000.0,1528000000.0,-7867400000.0,-0.14483988248168023
セルム,7367,サービス業,スタンダード（内国株式）,JP,2025-03-31,東京都,7116776448.0,2.2103384,,11.055107,12.156933857534634,0.5376,0.049844235,29.76,,26.57000020669082,8184641000.0,1074748000.0,0.14673,552623000.0,0.066420004,0.22631,0.3853004963009461,4476743000.0,1948287000.0,2866136000.0,2729040000.0,1701954000.0,109636000.0,-1533861800.0,-0.21552760736654236
表示灯,7368,サービス業,スタンダード（内国株式）,JP,2025-03-31,愛知県,7882677248.0,0.95686764,14.597902,10.405632,16.622951530343652,0.3861,0.0,160.49,114.4,85.14678434554541,10020947000.0,980141000.0,0.08454,725806000.0,0.07698,0.100159995,0.5437959525583378,6597341000.0,6356619000.0,7511085000.0,9350000.0,6113571000.0,214688000.0,1064025600.0,0.13498276873760948
メイホーホールディングス,7369,サービス業,グロース（内国株式）,JP,2025-06-30,岐阜県,2388005888.0,1.1453257,,30.787878,-38.796531940722055,0.0,0.0,16.5,,-18.730197021785514,,,0.00273,,0.00632,0.039130002,,,,,,,,,
Ｅｎｊｉｎ,7370,サービス業,グロース（内国株式）,JP,2025-05-31,東京都,5523468800.0,1.2785094,8.559232,13.577112,8.84461678912637,0.7614,0.055762082,59.07,93.7,104.42999765489084,2919699000.0,841035000.0,-0.044910002,539211000.0,0.13709,0.078049995,0.8756721640405557,659290000.0,634548000.0,4506270000.0,,4127950000.0,73177000.0,3898203900.0,0.7057528595074168
Ｚｅｎｋｅｎ,7371,サービス業,グロース（内国株式）,JP,2025-06-30,,8287157248.0,0.66270727,,22.913864,28.483504883668616,0.4377,0.019117648,29.72,,19.240000353930622,,,0.11586001,,0.06783,0.03029,,,,,,,,,
デコルテ・ホールディングス,7372,サービス業,グロース（内国株式）,JP,2025-09-30,兵庫県,1927925376.0,0.36603862,10.681818,13.225466,14.905980329351472,0.0,0.0,28.43,35.2,20.797021943573668,6046172000.0,294861000.0,0.23371,145543000.0,0.02776,0.03302,0.40431276864422466,7340509000.0,2181131000.0,809486000.0,5884003000.0,329696000.0,567268000.0,-6133935400.0,-3.181624909531768
アイドマ・ホールディングス,7373,サービス業,グロース（内国株式）,JP,2025-08-31,東京都,17612582912.0,2.3198857,8.036623,9.519601,16.57621343337399,0.2409,0.025402201,124.48,147.45,90.68999738522915,13269538000.0,3102588000.0,0.19410999,1954663000.0,0.13419,0.2672,0.6599931934536067,3692281000.0,3581646000.0,7797928000.0,133075000.0,5355642000.0,920732000.0,4750159400.0,0.2697025997682355
コンフィデンス・インターワークス,7374,サービス業,グロース（内国株式）,JP,2025-03-31,東京都,9316592640.0,1.5255365,9.625566,9.123731,12.698125903497944,0.42830002,0.047074646,163.42,154.9,119.99999338440244,8392191000.0,1303132000.0,0.11725,1039183000.0,0.08477,0.13441,0.8794319025016222,797489000.0,793935000.0,4829268000.0,5629000.0,3994242000.0,15000000.0,4042279000.0,0.4338795476196757
リファインバースグループ,7375,サービス業,グロース（内国株式）,JP,2024-06-30,東京都,5437613056.0,14.736039,,37.917347,512.0525517451299,0.0,0.0,42.83,,1.4744580364395787,,,0.09631,,0.03533,0.48567,0.03868424602144199,3235710000.0,1010151000.0,1308827000.0,2658765000.0,511956000.0,20000000.0,-1912883000.0,-0.35178726038427405
ＢＣＣ,7376,サービス業,グロース（内国株式）,JP,2025-09-30,大阪府,4787537920.0,1.1951867,,,-290.20357308469414,0.0,0.0,-22.08,,-1.7459008209601645,1467462000.0,-98051000.0,-0.098170005,-73653000.0,-0.07443,-0.13264,0.5583099924504147,449905000.0,288229000.0,843748000.0,211679000.0,599155000.0,41100000.0,422613000.0,0.0882735566927896
ＤＮホールディングス,7377,サービス業,スタンダード（内国株式）,JP,2025-06-30,,15354046464.0,1.007946,,11.533243,8.169811429984136,0.4934,0.04253057,162.14,,192.18999352870298,36975577000.0,2715926000.0,0.0736,1922581000.0,0.042280003,0.10889,0.606493528092218,10055930000.0,7642406000.0,16533523000.0,843501000.0,2899140000.0,901714000.0,7108792800.0,0.4629914867502644
アシロ,7378,サービス業,グロース（内国株式）,JP,2025-10-31,東京都,12333340672.0,4.6745343,31.781818,13.069159,50.12906572477119,0.3156,0.024073018,133.75,55.0,19.599595268909177,6647361000.0,1419373000.0,0.16986,1023632000.0,0.13921,0.33811,0.6484375662707884,1693306000.0,1474782000.0,3334771000.0,425269000.0,2466157000.0,147692000.0,1744849400.0,0.1414741914947081
十六フィナンシャルグループ,7380,銀行業,プライム（内国株式）,JP,2025-03-31,,386443411456.0,0.8302393,,17.916084,7.720246105457426,0.32849997,0.019147918,121.79,,106.10999977331196,120240000000.0,,0.27592,20840000000.0,0.16992001,0.05246,0.05518112950641546,7171929000000.0,,,508231000000.0,1076465000000.0,1307046000000.0,,
ＣＣＩグループ,7381,銀行業,プライム（内国株式）,JP,2025-03-31,石川県,229252022272.0,0.93745947,,21.991434,12.475320446253773,0.3642,0.022704838,46.7,,37.81499994134603,75394000000.0,,0.0081,8120000000.0,0.08878,0.0545,0.03316419185148919,6172180000000.0,,,585990000000.0,1653620000000.0,1875204000000.0,,
ネットプロテクションズホールディングス,7383,その他金融業,プライム（内国株式）,JP,2025-03-31,東京都,44047491072.0,2.1109815,40.272728,23.958897,-25.867943236714975,0.0,0.0,18.49,11.0,-8.543392800024764,23031000000.0,2102000000.0,0.14994,1350000000.0,0.07773,0.09624,0.2705510388437218,51620000000.0,46249000000.0,50540000000.0,10282000000.0,17039000000.0,958000000.0,-409400000.0,-0.009294513490695646
プロクレアホールディングス,7384,銀行業,プライム（内国株式）,JP,2025-03-31,,98490605568.0,0.5942191,,133.02753,17.793629809622313,1.915,0.014144272,26.16,,99.1866483574522,73772000000.0,,0.12701,1227000000.0,0.00068999996,0.00033,0.026115696044075185,5903338000000.0,,,420065000000.0,1481761000000.0,935454000000.0,,
ＦＰパートナー,7388,保険業,プライム（内国株式）,JP,2025-11-30,東京都,53252403200.0,5.176323,10.207491,27.12617,17.752923785119982,1.0972,0.0,85.6,227.48,162.8000018685988,32104060000.0,2984186000.0,0.052410003,2042386000.0,0.05641,0.16399999,0.6424111889133384,6580222000.0,5359194000.0,9904552000.0,1117300000.0,7519355000.0,1007000.0,3325034900.0,0.062439152041874425
あいちフィナンシャルグループ,7389,銀行業,プライム（内国株式）,JP,2025-03-31,愛知県,372593000448.0,0.8836567,,31.287088,14.612567573002954,0.4094,0.013422819,48.87,,33.64600006170259,87394000000.0,,0.42491,9097000000.0,0.17502001,0.0434,0.052030228976244694,6445893000000.0,,,336166000000.0,612643000000.0,1197995000000.0,,
ナンシン,7399,輸送用機器,スタンダード（内国株式）,JP,2025-03-31,東京都,3806305536.0,0.31446835,,15.271463,23.226196813129288,0.535,0.0,37.39,,23.319896566881976,9818215000.0,122296000.0,0.03148,212726000.0,0.023729999,0.01944,0.8126754591423142,2706429000.0,1729504000.0,9890736000.0,452343000.0,3514836000.0,344932000.0,7425759400.0,1.9509099649955164
ＡｅｒｏＥｄｇｅ,7409,輸送用機器,グロース（内国株式）,JP,2025-06-30,栃木県,51765829632.0,3.8822575,18.252304,55.96248,17.645243032139014,0.0,0.0,77.82,238.6,53.99000089012848,3602276000.0,655175000.0,0.37386,734432000.0,0.23281999,0.26245,0.47375893330787283,4321178000.0,940058000.0,3013606000.0,3594236000.0,1573893000.0,,-1307572000.0,-0.02525936528585452
アトム,7412,小売業,スタンダード（内国株式）,JP,2025-03-31,神奈川県,133457166336.0,12.849598,,,-116.94480103809525,0.0,0.0,-7.88,,-7.789999999258095,35477000000.0,252000000.0,0.00839,530000000.0,0.01035,0.03081,0.3845384169782506,11687000000.0,7662000000.0,8597000000.0,5375000000.0,6703000000.0,199000000.0,-2950700000.0,-0.022109715656416198
創健社,7413,卸売業,スタンダード（内国株式）,JP,2025-03-31,神奈川県,1835457408.0,1.5371282,,49.725117,196.3436729200352,0.3783,0.0077339523,52.75,,11.08245028617159,4950632000.0,65881000.0,0.0279,47544000.0,0.008119999,0.03338,0.39425748541033323,1783120000.0,1078761000.0,2297555000.0,850750000.0,1246139000.0,384740000.0,783753000.0,0.42700691205578767
小野建,7414,卸売業,プライム（内国株式）,JP,2025-03-31,福岡県,34889617408.0,0.36038873,,15.186643,7.615271829175004,0.7335,0.047916666,94.03,,223.61000241969234,271942000000.0,6811000000.0,0.02011,4885000000.0,0.01377,0.0369,0.4784847442637449,105258000000.0,81023000000.0,112648000000.0,56735000000.0,4438000000.0,3032000000.0,9512400000.0,0.27264271455779443
はるやまホールディングス,7416,小売業,スタンダード（内国株式）,JP,2025-03-31,岡山県,10772197376.0,0.50593793,,,24.016241564741453,0.37669998,0.022561863,-26.72,,24.797974178354963,36135998000.0,625676000.0,-0.0056800004,670014000.0,-0.02104,-0.03407,0.5561850800253378,19283559000.0,12545757000.0,23503388000.0,8771174000.0,10551126000.0,567654000.0,4617186800.0,0.428620701871551
南陽,7417,卸売業,スタンダード（内国株式）,JP,2025-03-31,福岡県,18271547392.0,0.69202256,,9.9666,7.447909298937504,0.3875,0.0,149.7,,156.5374636370784,36535000000.0,2851000000.0,0.08193,2038000000.0,0.05697,0.078449994,0.6228246887211475,15540000000.0,14401000000.0,25183000000.0,1546000000.0,9028000000.0,3052000000.0,11779400000.0,0.6446854088098463
ノジマ,7419,小売業,プライム（内国株式）,JP,2025-03-31,神奈川県,366667235328.0,1.4950787,4.2789598,10.121425,2.6952643721627223,0.1412,0.0,125.18,296.1,201.10999955981077,853427000000.0,48374000000.0,0.06363,32292000000.0,0.03961,0.17407,0.32861929113031213,415503000000.0,305202000000.0,396676000000.0,87615000000.0,66614000000.0,31412000000.0,3161400000.0,0.008621986628207968
カッパ・クリエイト,7421,小売業,プライム（内国株式）,JP,2025-03-31,,70129729536.0,6.397529,,,56.69523986080163,0.0,0.0,-7.92,,28.28999981538546,73208000000.0,1435000000.0,0.011,1032000000.0,-0.00538,-0.03814,0.3490924304840371,20183000000.0,11655000000.0,13445000000.0,7247000000.0,7940000000.0,861000000.0,-6135300000.0,-0.08748500872016823
東邦レマック,7422,卸売業,スタンダード（内国株式）,JP,2025-12-31,東京都,2126867584.0,0.40306172,,122.22222,17.747142171915957,3.314,0.028037382,3.42,,24.43624721466792,4547599000.0,-120625000.0,0.088190004,17478000.0,0.033469997,0.109969996,0.6743693950995292,2183376000.0,1394932000.0,4364732000.0,1529999000.0,1935032000.0,490029000.0,2524376300.0,1.1868986668424395
初穂商事,7425,卸売業,スタンダード（内国株式）,JP,2025-12-31,愛知県,8114633728.0,0.33034357,,9.7486515,4.888788069252793,0.29729998,0.0,252.24,,296.1919712776467,35444619000.0,1216535000.0,0.01795,831658000.0,0.01345,0.0438,0.45120698119181585,11086134000.0,10462052000.0,16030582000.0,857574000.0,7599103000.0,670712000.0,5413946400.0,0.6671830894004339
山大,7426,卸売業,スタンダード（内国株式）,JP,2025-03-31,宮城県,572082112.0,0.3006211,,,-19.02144600867098,11.0701,0.04040404,-1224.38,,-137.24324324324326,4138547000.0,-375533000.0,-0.08036,-1436955000.0,-0.31804,,0.4137360422820992,3056075000.0,1611388000.0,2727980000.0,1555306000.0,1233531000.0,21972000.0,-312714600.0,-0.5466253767431204
エコートレーディング,7427,卸売業,スタンダード（内国株式）,JP,2025-02-28,大阪府,5283528192.0,0.4338585,,6.7646375,4.95820625249649,0.2332,0.03452244,128.61,,166.37999875101812,,,0.01422,,0.00735,0.06493,0.33643097948313355,22585846000.0,22206388000.0,31990350000.0,3250000000.0,4221255000.0,727563000.0,9913798100.0,1.8763594590090151
伯東,7433,卸売業,プライム（内国株式）,JP,2025-03-31,東京都,87638761472.0,1.2934655,,17.488823,18.112085941283308,0.7515,0.0,266.17,,276.1999982600734,183133000000.0,7914000000.0,0.05629,5131000000.0,0.02849,0.07597,0.5027459041541388,64830000000.0,47196000000.0,109532000000.0,35281000000.0,14929000000.0,8333000000.0,50535100000.0,0.5766295546765072
オータケ,7434,卸売業,スタンダード（内国株式）,JP,2025-05-31,愛知県,7829098496.0,0.45875418,,8.289725,9.999561558353534,0.1537,0.018762678,240.78,,193.56032975268548,32993580000.0,977992000.0,0.021170001,855073000.0,0.02627,,0.5903884423747365,10676472000.0,9293911000.0,17228480000.0,71500000.0,2715444000.0,3269683000.0,8840786100.0,1.1292214684126003
ナ・デックス,7435,卸売業,スタンダード（内国株式）,JP,2025-04-30,愛知県,7978138624.0,0.42352247,,11.228149,11.099710672420528,0.3697,0.03313253,89.24,,90.1746235541329,36890907000.0,762769000.0,0.02382,251788000.0,0.01763,0.03697,0.6047537371157757,11846092000.0,10954674000.0,21768377000.0,352298000.0,3629121000.0,2335851000.0,11557380700.0,1.4486312214772568
コンドーテック,7438,卸売業,プライム（内国株式）,JP,2025-03-31,大阪府,37375975424.0,0.99137884,13.885715,11.629576,9.149624578941545,0.39099997,0.033769812,125.37,105.0,127.98400689898475,79175000000.0,4466000000.0,0.060549997,3272000000.0,0.040370002,0.08569,0.5567765567765568,26897000000.0,23401000000.0,40740000000.0,5842000000.0,15476000000.0,280000000.0,14039000000.0,0.37561561513081543
中山福,7442,卸売業,スタンダード（内国株式）,JP,2025-03-31,大阪府,8598981632.0,0.37402022,,11.575646,462.34333837836516,0.26139998,0.0,38.27,,0.7471151358344114,40949509000.0,154573000.0,0.01854,526983000.0,0.01549,0.02895,0.6830935027281911,10393352000.0,8800412000.0,20783639000.0,4436118000.0,7250595000.0,3582469000.0,12898015300.0,1.499946836960519
横浜魚類,7443,卸売業,スタンダード（内国株式）,JP,2025-03-31,神奈川県,3835756288.0,2.2903986,,19.516077,21.836023046243263,0.0955,0.004746835,31.41,,25.99518550261924,20204963000.0,157061000.0,0.00457,181119000.0,-0.00104,-0.02678,0.4651346698937396,2892771000.0,2099893000.0,3115588000.0,501000000.0,593894000.0,748313000.0,746636100.0,0.19465160034693008
ハリマ共和物産,7444,卸売業,スタンダード（内国株式）,JP,2025-03-31,兵庫県,10739330048.0,0.41361466,,7.102172,8.723677214020796,0.17809999,0.025062656,280.9,,261.73727745998383,61824355000.0,1911798000.0,0.01805,1289072000.0,0.023640001,0.054190002,0.6826104617762289,11490774000.0,8673591000.0,17734816000.0,2461685000.0,3584974000.0,3010399000.0,8351321300.0,0.7776389460677091
東北化学薬品,7446,卸売業,スタンダード（内国株式）,JP,2025-09-30,青森県,3963995136.0,0.46967918,,7.1326675,13.58528811583458,0.1702,0.023863636,616.88,,263.5386353597169,34442625000.0,518396000.0,0.02874,428799000.0,0.0156,0.06894,0.43029009608568763,10403176000.0,9472346000.0,12825935000.0,813748000.0,924596000.0,2003550000.0,3825244000.0,0.9649971477664295
ナガイレーベン,7447,卸売業,プライム（内国株式）,JP,2025-08-31,東京都,49929142272.0,1.301289,17.481636,20.128067,26.472384577731848,0.725,0.036968578,82.77,95.3,88.77000129629403,16983838000.0,3583443000.0,0.19856001,2573481000.0,0.14852001,0.06384,0.9245110699674498,3373765000.0,2507103000.0,36200109000.0,,24246113000.0,212465000.0,32975069500.0,0.660437331776321
良品計画,7453,小売業,プライム（内国株式）,JP,2025-08-31,東京都,1853652336640.0,5.072094,22.172836,31.139647,17.151849431545248,0.2672,0.005290698,112.14,157.49,78.35999996749925,784629000000.0,73840000000.0,0.03749,50846000000.0,-0.01726,-0.04765,0.5901227723194532,226830000000.0,134689000000.0,367068000000.0,102126000000.0,134926000000.0,2841000000.0,142226700000.0,0.07672781847420508
松田産業,7456,卸売業,プライム（内国株式）,JP,2025-03-31,東京都,185544949760.0,1.7718875,20.450014,17.029552,8.3907124459704,0.21350001,0.012658228,421.62,351.1,280.2000011152621,468841000000.0,12676000000.0,0.03641,9456000000.0,0.02089,0.12477,0.5905328596802842,68768000000.0,48613000000.0,116124000000.0,33471000000.0,12878000000.0,7894000000.0,52881800000.0,0.28500802672560976
第一興商,7458,卸売業,プライム（内国株式）,JP,2025-03-31,東京都,167987462144.0,1.4172324,11.378756,11.559255,15.231984042003715,0.4053,0.035558328,140.58,142.81,116.75999957004673,153020000000.0,17953000000.0,0.12672,18178000000.0,0.08894,0.1234,0.5579841005943167,91456000000.0,35990000000.0,67543000000.0,53571000000.0,41949000000.0,7044000000.0,-18982200000.0,-0.11299771874479733
メディパルホールディングス,7459,卸売業,プライム（内国株式）,JP,2025-03-31,,568447926272.0,0.8865322,16.100418,14.166199,11.24610110590056,0.32639998,0.022951407,196.03,172.48,195.82999955903546,3671328000000.0,55613000000.0,0.01785,40279000000.0,0.010980001,0.06734,0.3394900996392297,1067037000000.0,1009447000000.0,1282746000000.0,,261407000000.0,199078000000.0,355063600000.0,0.6246193953570753
ヤギ,7460,卸売業,スタンダード（内国株式）,JP,2025-03-31,,34191316992.0,0.73279214,,9.846571,6.5084126968619405,0.32729998,0.0,427.56,,249.44778871447713,83376000000.0,3573000000.0,0.01254,2625000000.0,0.04271,0.08163,0.5451790494469417,36020000000.0,24649000000.0,55969000000.0,13340000000.0,11839000000.0,10858000000.0,27549600000.0,0.805748430411323
キムラ,7461,卸売業,スタンダード（内国株式）,JP,2025-03-31,北海道,6763681792.0,0.39765313,,5.365968,7.4463395415490785,0.16479999,0.0,84.98,,69.55421701042994,36249862000.0,1948525000.0,-0.04123,1184211000.0,0.019019999,0.03852,0.5180578893097594,12293467000.0,7927251000.0,12725881000.0,6608173000.0,3759238000.0,1033398000.0,1155792600.0,0.17088216677594995
ＣＡＰＩＴＡ,7462,小売業,スタンダード（内国株式）,JP,2025-03-31,東京都,2400824064.0,1.1969175,,20.83482,62.265790029698344,0.3923,0.0,28.03,,6.295592336186684,3369499000.0,79461000.0,0.00659,30110000.0,0.012309999,0.060089998,0.5276174493624133,1364648000.0,797058000.0,1107608000.0,875833000.0,605381000.0,3545000.0,-254558500.0,-0.10602963533107938
アドヴァングループ,7463,小売業,スタンダード（内国株式）,JP,2025-03-31,東京都,31632965632.0,0.5268185,,4.0010195,3.5284447122509137,0.1699,0.0,235.44,,278.8622099477432,18518822000.0,3150996000.0,0.13419,6012061000.0,0.47329,0.14129,0.6708348786719802,26429504000.0,7934045000.0,27863714000.0,22050286000.0,16065170000.0,2591220000.0,3248064000.0,0.1026797182972389
セフテック,7464,卸売業,スタンダード（内国株式）,JP,2025-03-31,東京都,2823860224.0,0.3901553,,12.657431,10.234493338343027,0.66910005,0.0,127.04,,191.78034449929106,10312082000.0,354836000.0,-0.014099999,229982000.0,0.014140001,0.019709999,0.5816250703678626,5197145000.0,3479697000.0,7991334000.0,3350215000.0,4451834000.0,503752000.0,3146815400.0,1.1143665586756748
ＳＰＫ,7466,卸売業,プライム（内国株式）,JP,2025-03-31,大阪府,24635850752.0,0.43651906,,9.354394,4.064975614060497,0.2493,0.0,130.42,,238.20026273420427,68720867000.0,3311341000.0,0.040289998,2497319000.0,0.03578,0.095970005,0.6096658657998318,17110474000.0,11476672000.0,34296363000.0,7588548000.0,7872454000.0,430178000.0,17487013600.0,0.7098197572324698
鳥羽洋行,7472,卸売業,スタンダード（内国株式）,JP,2025-03-31,東京都,14748495872.0,0.67655325,,11.503371,12.863754578082794,0.3967,0.0,327.73,,264.6899831424909,31565763000.0,1684318000.0,0.05582,1231441000.0,0.03809,0.05175,0.6828229186907732,9746401000.0,9280787000.0,23284672000.0,0.0,10472282000.0,2382540000.0,15206049000.0,1.031023714687317
アルビス,7475,小売業,プライム（内国株式）,JP,2025-03-31,富山県,20737875968.0,0.62874454,9.775502,15.72877,14.74682704733107,0.4438,0.0,157.8,253.9,187.6224910552539,,,0.021170001,,0.01312,0.040549997,0.6110985063339005,20569000000.0,13202000000.0,14674000000.0,8210000000.0,6218000000.0,1035000000.0,-5170500000.0,-0.24932640198921263
アズワン,7476,卸売業,プライム（内国株式）,JP,2025-03-31,大阪府,147381420032.0,2.1544652,16.264256,16.995398,24.289896141737046,0.53400004,0.030609842,121.68,127.15,103.4954326637602,103751000000.0,11594000000.0,0.121470004,8229000000.0,0.08339,0.13489,0.6661473936488915,33432000000.0,26494000000.0,69957000000.0,7187000000.0,22573000000.0,14573000000.0,46726100000.0,0.3170419988479868
ムラキ,7477,卸売業,スタンダード（内国株式）,JP,2025-03-31,東京都,2737029376.0,0.98952633,,42.55131,10.810795566076008,0.71849996,0.017287234,45.31,,139.70683579985905,7543131000.0,143889000.0,0.03679,90954000.0,0.00838,0.02369,0.6806227943143957,1262813000.0,963600000.0,2685065000.0,807000.0,1435397000.0,222936000.0,1578307200.0,0.5766497114863264
スズデン,7480,卸売業,スタンダード（内国株式）,JP,2025-03-31,,25615347712.0,1.5300828,,16.966236,12.733709633617178,0.8404,0.0,119.06,,149.3751456703349,46631604000.0,2423289000.0,0.05114,1789904000.0,0.03751,0.09715,0.6423194631853907,10410086000.0,9080080000.0,23369609000.0,722429000.0,8126417000.0,424477000.0,13256656900.0,0.5175278918345374
尾家産業,7481,卸売業,スタンダード（内国株式）,JP,2025-03-31,,20137484288.0,1.2742821,,7.4246364,4.492647014143055,0.2816,0.038574424,326.75,,344.35075398725485,119256000000.0,3565000000.0,0.02812,2812000000.0,0.022130001,,0.38497752480251085,23123000000.0,20227000000.0,26492000000.0,295000000.0,6128000000.0,811000000.0,3936700000.0,0.19549115190847816
シモジマ,7482,卸売業,プライム（内国株式）,JP,2025-03-31,東京都,30267482112.0,0.83319545,,13.048301,12.564063714321708,0.5442,0.041221373,99.17,,101.69782198593724,60680000000.0,2987000000.0,0.09308,2088000000.0,0.03934,0.0699,0.8390172788757976,6667000000.0,5430000000.0,23232000000.0,540000000.0,8086000000.0,2389000000.0,18237300000.0,0.6025377311702299
ドウシシャ,7483,卸売業,プライム（内国株式）,JP,2025-03-31,大阪府,107075911680.0,1.1407851,17.184801,12.349509,11.564188279352381,0.4548,0.0,241.71,173.7,167.30999829392397,113939000000.0,8996000000.0,0.12045,6409000000.0,0.07115,0.0938,0.8594438892481335,12829000000.0,11868000000.0,80665000000.0,398000000.0,54817000000.0,2404000000.0,69518800000.0,0.6492477991479474
サンリン,7486,卸売業,スタンダード（内国株式）,JP,2025-03-31,長野県,8731606016.0,0.40964398,,14.841498,11.358179033987863,0.45279998,0.0,48.58,,57.06366674818619,30826000000.0,917000000.0,0.044120003,821000000.0,0.02027,0.03006,0.7188757783205476,8172000000.0,6141000000.0,13713000000.0,2954000000.0,6156000000.0,6205000000.0,9884500000.0,1.1320368763647157
小津産業,7487,卸売業,スタンダード（内国株式）,JP,2025-05-31,東京都,16040823808.0,0.8225643,,34.723995,26.905478111281475,0.45599997,0.013116474,54.89,,65.05312840833861,10220514000.0,430411000.0,0.05513,408849000.0,0.05049,0.028959999,0.7240998741737208,7194846000.0,3878370000.0,13986364000.0,2570000000.0,8362516000.0,7812873000.0,12260529100.0,0.7643328825721118
日新商事,7490,卸売業,スタンダード（内国株式）,JP,2025-03-31,東京都,13853621248.0,0.5252159,,43.924637,19.20486834189302,0.5505,0.0,47.24,,44.50183361082636,39034644000.0,384868000.0,0.00827,615455000.0,0.116730005,0.18368,0.5776552704284033,16778552000.0,5498721000.0,15637610000.0,9818410000.0,4230004000.0,8148730000.0,4563169000.0,0.3293845643902506
コナカ,7494,小売業,スタンダード（内国株式）,JP,2025-09-30,神奈川県,7978746368.0,0.49112046,,16.654955,-2.3092971094794694,0.70269996,0.042372882,14.23,,-101.12345783837083,55487000000.0,-767000000.0,-0.01164,478000000.0,0.03196,0.107080005,0.39345697118796424,25641000000.0,19985000000.0,18570000000.0,14329000000.0,3203000000.0,3685000000.0,-4491500000.0,-0.5629330464763058
西川計測,7500,卸売業,スタンダード（内国株式）,JP,2025-06-30,,31950190592.0,8.19342,,11.904761,10.590307852555325,0.4045,0.0026539278,791.28,,748.0639053254438,38719270000.0,3757397000.0,0.02599,2681935000.0,0.00944,0.057210002,0.6044674036398384,13401261000.0,12360687000.0,22455743000.0,17533000.0,8606995000.0,9746397000.0,15876959900.0,0.49692848793131855
ティムコ,7501,卸売業,スタンダード（内国株式）,JP,2025-11-30,東京都,4623451648.0,1.0734851,,,-17.51239248214088,2.2099001,0.0,-52.03,,-44.13206785137318,3219133000.0,-98280000.0,-0.02558,-128865000.0,-0.03503,-0.02648,0.7991236619509503,1097517000.0,852417000.0,3695388000.0,0.0,1188850000.0,592704000.0,3012763800.0,0.6516265399473256
プラザホールディングス,7502,サービス業,スタンダード（内国株式）,JP,2025-03-31,東京都,3885120000.0,1.7754432,,11.001252,85.3305233155273,0.32959998,0.029958058,151.71,,24.340084505957368,18644069000.0,336437000.0,0.021979999,275856000.0,0.01556,0.14477,0.19099403180211497,9404247000.0,5957967000.0,7389239000.0,6544474000.0,1682989000.0,46183000.0,-1982679900.0,-0.5103265536199654
高速,7504,卸売業,プライム（内国株式）,JP,2025-03-31,宮城県,56374083584.0,1.3257769,,15.541779,13.358411217817736,0.29659998,0.0,185.5,,161.19638792423123,115915464000.0,4532467000.0,0.022720002,3465564000.0,0.03031,0.09149,0.6493337098417856,21477246000.0,19824221000.0,32987524000.0,350739000.0,8178780000.0,5931900000.0,15662608000.0,0.2778334831228252
扶桑電通,7505,卸売業,スタンダード（内国株式）,JP,2025-09-30,東京都,21901717504.0,1.3416277,,8.668788,3.60565190531034,0.4011,0.0,216.87,,247.04778329682,54684023000.0,3428522000.0,0.0535,2517769000.0,0.04961,0.20476,0.3879496997710593,24307899000.0,20451243000.0,27634979000.0,1335864000.0,8855259000.0,9619935000.0,10061034500.0,0.4593719418654045
ハウス　オブ　ローゼ,7506,小売業,スタンダード（内国株式）,JP,2025-03-31,東京都,6381197312.0,1.1876246,,102.49245,59.56700054709031,1.8896,0.029607698,13.24,,25.946159751447656,11594399000.0,122027000.0,0.078099996,79624000.0,0.022769999,0.06078,0.6783490115329753,2680254000.0,1278341000.0,5383733000.0,73009000.0,3029873000.0,291111000.0,2907256700.0,0.45559736799437806
Ｇ‐７ホールディングス,7508,小売業,プライム（内国株式）,JP,2025-03-31,兵庫県,56265846784.0,1.6107695,9.976745,10.952259,11.262366475104733,0.3405,0.0308404,117.51,129.0,117.44547579601934,214129000000.0,7123000000.0,0.044949997,4939000000.0,0.02301,0.15786,0.46073868699871273,38122000000.0,27387000000.0,34898000000.0,14010000000.0,16869000000.0,123000000.0,-3137900000.0,-0.05576917756247662
アイエーグループ,7509,小売業,スタンダード（内国株式）,JP,2025-03-31,神奈川県,7028360192.0,0.41945937,,5.4191403,3.588963319306871,0.1518,0.0,889.44,,924.1821155004734,37289572000.0,1797359000.0,0.026129998,1254769000.0,0.03471,0.08796,0.5524457359174643,12421464000.0,7767670000.0,11862315000.0,4440806000.0,1369452000.0,109948000.0,-482185400.0,-0.068605675695
たけびし,7510,卸売業,プライム（内国株式）,JP,2025-03-31,京都府,34698432512.0,0.78497916,10.489342,11.7229805,10.902182503885683,0.39,0.033410672,184.68,206.4,166.2082760345043,,,0.03049,,0.026919998,0.06972,0.6408811153677071,22848000000.0,21300000000.0,50876000000.0,1495000000.0,8960000000.0,5666000000.0,31994200000.0,0.9220647067827984
イオン北海道,7512,小売業,スタンダード（内国株式）,JP,2025-02-28,北海道,118257508352.0,1.5517944,17.241379,31.71642,31.964132570534566,0.5977,0.0,26.8,49.3,25.86999999296933,,,0.01958,,0.01286,0.13736,0.39015390201963024,114201000000.0,79858000000.0,37446000000.0,56333000000.0,4370000000.0,40000000.0,-76727000000.0,-0.6488129258703629
コジマ,7513,小売業,プライム（内国株式）,JP,2025-08-31,,91331641344.0,1.27667,,18.134237,18.659458303771103,0.308,0.016963528,64.96,,51.67999976646478,282790000000.0,7325000000.0,0.03655,4709000000.0,0.01737,0.07229,0.5815740234795423,50540000000.0,35829000000.0,84024000000.0,9585000000.0,26854000000.0,9436000000.0,40089200000.0,0.4389409782859842
ヒマラヤ,7514,小売業,スタンダード（内国株式）,JP,2025-08-31,岐阜県,10441777152.0,0.6561377,,,51.685384752107794,28.888899,0.030552292,-16.76,,16.733819919240634,60447000000.0,286000000.0,0.014630001,11000000.0,-0.00339,-0.01277,0.47102431707387427,18338000000.0,14232000000.0,22955000000.0,4843000000.0,3691000000.0,618000000.0,5049600000.0,0.4835958406785964
マルヨシセンター,7515,小売業,スタンダード（内国株式）,JP,2025-02-28,香川県,4211336960.0,1.3472458,,61.526905,30.607345475886028,0.4107,0.006637168,73.22,,145.71789930137317,41738513000.0,132825000.0,0.01223,13796000.0,0.0030500002,0.0467,0.18499999783940094,12966327000.0,6611047000.0,3070406000.0,7674105000.0,653648000.0,289613000.0,-9693191900.0,-2.3016899364899075
コーナン商事,7516,小売業,プライム（内国株式）,JP,2025-02-28,大阪府,112662880256.0,0.64974326,7.3991866,9.253262,6.957551171700442,0.3008,0.03241895,432.28,540.6,492.3699975156278,,,0.02747,,0.02359,0.07236,0.3461125747902949,313216000000.0,123480000000.0,170496000000.0,193187000000.0,10842000000.0,4515000000.0,-139559500000.0,-1.2387354174053045
エコス,7520,小売業,プライム（内国株式）,JP,2025-02-28,東京都,25413390336.0,0.8694582,,9.603465,,0.29709998,0.030877812,235.54,,,,,0.056789998,,0.019709999,0.09431,0.46552172330728037,30841000000.0,21245000000.0,23984000000.0,12748000000.0,13457000000.0,527000000.0,-6488100000.0,-0.2553024179071894
ムサシ,7521,卸売業,スタンダード（内国株式）,JP,2025-03-31,東京都,19788607488.0,0.56480783,12.764835,6.1828012,15.29225960265238,0.0767,0.012186865,469.69,227.5,112.56237158790725,37391000000.0,3354000000.0,0.01579,3432000000.0,0.04364,0.047519997,0.6818774969384273,15846000000.0,12819000000.0,34843000000.0,3516000000.0,22291000000.0,3559000000.0,21488300000.0,1.0858924769229321
ワタミ,7522,小売業,プライム（内国株式）,JP,2025-03-31,東京都,36735660032.0,1.2661359,37.695473,11.120553,9.056856459719127,0.121400006,0.010695187,82.37,24.3,104.6375146717279,88713000000.0,4569000000.0,0.08111,3522000000.0,0.04022,0.13462,0.3747884349078905,44359000000.0,18964000000.0,56408000000.0,29076000000.0,45753000000.0,686000000.0,12529200000.0,0.34106369639434714
アールビバン,7523,小売業,スタンダード（内国株式）,JP,2025-03-31,東京都,15190591488.0,0.94036573,,11.167648,5.7659322490445,0.2008,0.009259259,149.36,,163.85854019833556,10731448000.0,2113962000.0,0.33263,1266065000.0,0.124510005,0.090129994,0.44044649898635374,19457618000.0,16474481000.0,29681055000.0,11748868000.0,5752535000.0,2336716000.0,11859138200.0,0.7806896926540534
マルシェ,7524,小売業,スタンダード（内国株式）,JP,2025-03-31,大阪府,1684792576.0,0.29245672,,58.74126,60.93869013519707,0.0,0.119760476,2.86,,4.348633018072387,4581766000.0,44647000.0,0.02574,34955000.0,0.017549999,0.04933,0.11966446956052819,3016850000.0,2220084000.0,2583592000.0,2013507000.0,2116357000.0,32523000.0,-410491900.0,-0.2436453637364556
リックス,7525,卸売業,プライム（内国株式）,JP,2025-03-31,福岡県,27600730112.0,1.0113263,,9.487586,10.703974548715479,0.42360002,0.044640236,358.89,,343.787903821002,54727738000.0,3882140000.0,0.07714,2841313000.0,0.05687,0.11415,0.5819662429148552,17760378000.0,16284631000.0,32408401000.0,1787105000.0,8176129000.0,3916521000.0,17389587700.0,0.6300408586814705
システムソフト,7527,情報・通信業,スタンダード（内国株式）,JP,2025-09-30,東京都,5607510016.0,1.0496297,8.98305,,-3.4881862879968555,0.0,0.0,-3.04,5.9,-18.060962001022805,1373351000.0,-493947000.0,-0.17523001,-258153000.0,-0.32364,-0.096820004,0.8925079439792616,515177000.0,452866000.0,4418138000.0,82110000.0,3242881000.0,256133000.0,4082254100.0,0.7279976475034441
清和中央ホールディングス,7531,卸売業,スタンダード（内国株式）,JP,2025-12-31,大阪府,5786753536.0,0.36219767,,16.638388,-49.845156653103466,0.22610001,0.013596193,88.41,,-25.721034014379775,50026375000.0,400263000.0,0.02533,348009000.0,0.00696,0.02179,0.44062609444777506,20063019000.0,18186229000.0,25727038000.0,270000000.0,3124885000.0,1719579000.0,6867724300.0,1.1868008992045658
パン・パシフィック・インターナショナルホールディングス,7532,小売業,プライム（内国株式）,JP,2025-06-30,東京都,2640650174464.0,4.013317,4.9867373,26.431349,25.463499134701973,0.24530001,0.0091743115,33.43,177.19,29.618000004275363,2246758000000.0,162296000000.0,0.08267,90512000000.0,0.043070003,0.15955,0.4022664070638096,886981000000.0,441593000000.0,527990000000.0,442588000000.0,171958000000.0,37901000000.0,-332460300000.0,-0.12590092516419102
丸文,7537,卸売業,プライム（内国株式）,JP,2025-03-31,東京都,42120241152.0,0.7823369,6.559052,13.447843,10.503846637736158,0.5528,0.0,119.35,244.7,130.0542082459645,210837000000.0,8958000000.0,0.0575,4272000000.0,0.01548,0.05968,0.3766172762753428,84268000000.0,79222000000.0,130199000000.0,50532000000.0,24246000000.0,3723000000.0,48537100000.0,1.152346203927071
大水,7538,卸売業,スタンダード（内国株式）,JP,2025-03-31,大阪府,5081098240.0,0.4027821,,4.2745814,4.18691048958422,0.0687,0.0,87.26,,74.94614870385502,99302000000.0,681000000.0,0.01674,1189000000.0,0.01155,0.103190005,0.4611513687600644,13385000000.0,9613000000.0,17912000000.0,3000000000.0,3001000000.0,3735000000.0,7141500000.0,1.4055032323090844
アイナボホールディングス,7539,卸売業,スタンダード（内国株式）,JP,2025-09-30,東京都,17562959872.0,0.64710075,,9.777548,10.694981247499468,0.34919998,0.018396847,77.32,,54.859236522415806,92272175000.0,2531850000.0,0.04521,1679268000.0,0.01931,0.06801,0.5538766628560645,21182632000.0,19431463000.0,32910289000.0,391477000.0,13124840000.0,2109507000.0,13204311900.0,0.7518272544169029
スリーエフ,7544,小売業,スタンダード（内国株式）,JP,2025-02-28,,4181047808.0,1.0099144,,10.941526,,0.3568,0.032608695,50.45,,,,,0.06687,,0.025320001,0.19139,0.7529825933893995,674000000.0,642000000.0,4485000000.0,,4157000000.0,38000000.0,3837600000.0,0.9178560438025013
西松屋チェーン,7545,小売業,プライム（内国株式）,JP,2025-02-28,兵庫県,115425984512.0,1.1698421,11.78919,16.946766,16.175444012576367,0.2814,0.016640665,113.65,163.37,136.30999891842785,185974000000.0,12180000000.0,-0.00786,8195000000.0,0.03541,0.0721,0.6127481587410287,57680000000.0,53480000000.0,110952000000.0,655000000.0,66742000000.0,11203000000.0,61114100000.0,0.5294657027044583
ゼンショーホールディングス,7550,小売業,プライム（内国株式）,JP,2025-03-31,東京都,1251854778368.0,3.852966,25.378248,28.993334,31.694560619670998,0.2719,0.0,275.96,315.27,195.40999972680927,1136684000000.0,75128000000.0,0.06325,39290000000.0,0.0,0.14186,0.2952383997717403,572739000000.0,191114000000.0,252006000000.0,365701000000.0,79695000000.0,1528000000.0,-319663400000.0,-0.2553518231697243
ゼンショーホールディングス第１回社債型種類株式,75505,小売業,プライム（内国株式）,JP,,東京都,,2.3991346,,,,,0.0,,,,,,0.06325,,0.0,0.14186,,,,,,,,,
ウェッズ,7551,輸送用機器,スタンダード（内国株式）,JP,2025-03-31,東京都,11210650624.0,0.62298685,,8.163027,6.373619675426972,0.3152,0.038406827,85.63,,93.92075521038086,35138284000.0,2246936000.0,0.110819995,1430859000.0,0.03692,0.07176,0.661363657798264,7053486000.0,4759682000.0,16906578000.0,1321680000.0,8870918000.0,635005000.0,10297595500.0,0.9185546713903194
ハピネット,7552,卸売業,プライム（内国株式）,JP,2025-03-31,東京都,111522299904.0,1.8449603,7.4974523,12.674739,9.844309328564405,0.32009998,0.024923313,203.16,343.45,145.28000153999892,364418000000.0,11682000000.0,0.030989999,6764000000.0,0.02585,0.19048999,0.45837038500806904,65782000000.0,58522000000.0,96938000000.0,,41005000000.0,9136000000.0,37551200000.0,0.33671472012615067
幸楽苑,7554,小売業,プライム（内国株式）,JP,2025-03-31,福島県,20848355328.0,3.0337665,86.587296,23.645428,-41.3443585797032,0.0,0.0,46.14,12.6,-32.57462207020212,18843888000.0,443837000.0,0.03496,799623000.0,0.04598,0.46769002,0.4795881608571776,6502331000.0,4949297000.0,6018182000.0,1790664000.0,4721957000.0,78300000.0,-429339000.0,-0.02059342299406151
大田花き,7555,卸売業,スタンダード（内国株式）,JP,2025-03-31,東京都,3739440384.0,0.7199537,,29.42354,21.090722872494542,0.4806,0.016282225,24.98,,35.820916060546494,3857541000.0,276116000.0,0.08602,221684000.0,0.030769998,0.02226,0.6201891729591562,3185165000.0,2018911000.0,3877489000.0,440973000.0,1746991000.0,1153783000.0,1499972100.0,0.40112207869871475
ハークスレイ,7561,小売業,スタンダード（内国株式）,JP,2025-03-31,大阪府,12370568192.0,0.48787534,5.214341,11.177945,9.881152687135847,0.45099998,0.041731067,59.85,128.3,86.76000113584611,45175000000.0,1932000000.0,0.09454001,1204000000.0,0.02329,0.047399998,0.3357620493823798,48767000000.0,16886000000.0,29557000000.0,35304000000.0,12338000000.0,3244000000.0,-16939200000.0,-1.3693146294569167
安楽亭,7562,小売業,スタンダード（内国株式）,JP,2025-03-31,,17041069056.0,2.1403005,,45.74758,16.116494081510794,0.1861,0.004054054,80.66,,217.28196396916724,30353499000.0,1459945000.0,0.053039998,589601000.0,0.015269999,0.060739998,0.3062295867914708,16826641000.0,7318635000.0,10659537000.0,11164367000.0,7191117000.0,185860000.0,-6037002000.0,-0.3542619292346819
ワークマン,7564,小売業,スタンダード（内国株式）,JP,2025-03-31,東京都,574556405760.0,3.8747296,32.961887,27.852509,19.704282352260684,0.3523,0.0,252.76,213.58,195.87999885947013,136933000000.0,24408000000.0,0.121920004,16892000000.0,0.12818,0.1428,0.8340021327613095,26930000000.0,22145000000.0,121066000000.0,1807000000.0,80381000000.0,1000000.0,94136700000.0,0.1638423992079242
萬世電機,7565,卸売業,スタンダード（内国株式）,JP,2025-03-31,大阪府,10278274048.0,0.8044758,,11.372006,7.609468648003059,,0.021604938,556.63,,468.3725404459991,24422861000.0,1134582000.0,0.074039996,873064000.0,0.042529996,0.09255999,0.5749513491661425,8672067000.0,7965166000.0,17177140000.0,300000000.0,7194991000.0,1259383000.0,9386641100.0,0.9132507127328933
栄電子,7567,卸売業,スタンダード（内国株式）,JP,2025-03-31,東京都,2732359936.0,0.57729965,,47.359158,10.574767974337963,0.8811,0.018484289,11.36,,45.43217052431944,6428380000.0,63441000.0,0.02394,37265000.0,0.00993,0.014520001,0.6685141288119223,2218444000.0,1974734000.0,4125519000.0,500000000.0,1156490000.0,785651000.0,2457030700.0,0.8992339067878939
橋本総業ホールディングス,7570,卸売業,スタンダード（内国株式）,JP,2025-03-31,東京都,27651137536.0,0.77612275,,9.485349,9.819816972745054,0.32720003,0.0,149.81,,128.330001212962,165339000000.0,2446000000.0,0.0175,2890000000.0,0.016339999,0.08193,0.3779649122807018,53184000000.0,44115000000.0,48674000000.0,15021000000.0,4810000000.0,14302000000.0,5501400000.0,0.19895745673528012
ヤマノホールディングス,7571,小売業,スタンダード（内国株式）,JP,2025-03-31,東京都,3417807616.0,2.5260987,,28.65497,-78.67675085547017,0.2924,0.010204081,3.42,,-0.8267763950220794,13964604000.0,256049000.0,0.02831,41824000.0,0.02259,0.27446,0.16683026912835375,6628930000.0,4817620000.0,6077215000.0,2840107000.0,2438983000.0,121975000.0,-466332500.0,-0.13644199802731086
日本ライフライン,7575,卸売業,プライム（内国株式）,JP,2025-03-31,東京都,88394645504.0,1.3414173,10.3380375,9.455201,11.352331367317515,0.4052,0.0,133.26,121.88,98.72999981791114,56610000000.0,12336000000.0,0.20754999,9317000000.0,0.15797,0.14864,0.7975320474421947,15210000000.0,14334000000.0,44336000000.0,3833000000.0,11014000000.0,7374000000.0,34287800000.0,0.3878945359699239
ニチリョク,7578,小売業,スタンダード（内国株式）,JP,2025-03-31,東京都,1918980992.0,0.19434166,,3.4346101,19.456161660884803,0.0,0.14423077,30.28,,17.52658134443628,2242603000.0,-98140000.0,-0.103999995,-271014000.0,-0.0911,-0.10455,0.6134015019715684,2890123000.0,2270837000.0,632649000.0,2221799000.0,107064000.0,29491000.0,-2236830300.0,-1.1656344222923913
サイゼリヤ,7581,小売業,プライム（内国株式）,JP,2025-08-31,埼玉県,250555826176.0,1.9805686,18.360516,20.735922,31.58127121571156,0.122,0.005952381,245.95,277.77,164.87000043963985,256714000000.0,15499000000.0,0.055040002,11164000000.0,0.04363,0.101339996,0.6528760741392954,62290000000.0,35319000000.0,96465000000.0,25206000000.0,67152000000.0,,34175000000.0,0.13639674846752187
かんなん丸,7585,小売業,スタンダード（内国株式）,JP,2024-06-30,,1566516608.0,1.3389279,,,-7.747413322492595,0.0,0.014457831,-55.32,,-54.2116423272061,,,-0.34589002,,-0.01203,-0.00682,0.3645691801424678,1132705000.0,387786000.0,797553000.0,787971000.0,717539000.0,65036000.0,-289626800.0,-0.18488587897562844
タカショー,7590,卸売業,スタンダード（内国株式）,JP,2026-01-31,和歌山県,6760239104.0,0.5312982,16.234818,34.04075,-28.195096063601596,0.42439997,0.012562814,11.78,24.7,-14.41021816116709,20246400000.0,218735000.0,0.01475,198619000.0,0.00978,0.015759999,0.5421056178739435,10599876000.0,9161144000.0,14649468000.0,5574683000.0,3506673000.0,194656000.0,4185851200.0,0.6191868565008674
ＶＴホールディングス,7593,小売業,プライム（内国株式）,JP,2025-03-31,愛知県,53709889536.0,0.7406624,6.6,9.677419,8.554163679664114,0.50270003,0.052287582,47.74,70.0,56.780000010174106,351630000000.0,10859000000.0,0.03337,5302000000.0,0.01518,0.08479,0.25636559913638,197493000000.0,133507000000.0,126007000000.0,70884000000.0,14643000000.0,26119000000.0,-53202700000.0,-0.9905568687557987
アルゴグラフィックス,7595,情報・通信業,プライム（内国株式）,JP,2025-03-31,東京都,95370723328.0,2.069526,5.581246,15.108305,12.837741406735152,0.3808,0.025754232,91.87,248.69,76.52979565759598,69541642000.0,10199639000.0,0.12763,7447460000.0,0.26834,0.34893,0.6612071477650262,26820680000.0,20156419000.0,61792449000.0,,37896121000.0,21185887000.0,49801889900.0,0.5221926411181849
魚力,7596,小売業,プライム（内国株式）,JP,2025-03-31,東京都,31180967936.0,1.6898434,,22.997736,24.0733037450964,0.535,0.011669659,97.14,,97.5872215565927,36629490000.0,1493652000.0,0.05213,1428241000.0,0.0347,0.07954,0.7627007190240678,5215852000.0,4696320000.0,14609327000.0,34793000.0,11092206000.0,5251895000.0,13069801500.0,0.41915958243586965
ＩＤＯＭ,7599,卸売業,プライム（内国株式）,JP,2025-02-28,東京都,132939177984.0,1.5119091,8.823726,11.15605,7.542129116727138,0.3,0.026787058,118.68,150.05,113.96000045815067,496678000000.0,19890000000.0,0.040310003,13447000000.0,0.021170001,0.14055,0.3610054489845074,139211000000.0,70389000000.0,164358000000.0,79277000000.0,15416000000.0,,25147000000.0,0.18916169319947643
日本エム・ディ・エム,7600,精密機器,プライム（内国株式）,JP,2025-03-31,東京都,11859091456.0,0.46689942,7.4013157,45.045048,14.208758277794136,1.7017,0.0,9.99,60.8,48.309999821451434,25114033000.0,1555941000.0,0.009509999,-461798000.0,0.011,0.01092,0.7330357281292016,8925706000.0,7258313000.0,23866617000.0,3286529000.0,3182342000.0,,14940911000.0,1.2598697847498916
ポプラ,7601,小売業,スタンダード（内国株式）,JP,2025-02-28,広島県,1956625280.0,2.225977,,20.293398,7.526291874728086,0.0,0.0,8.18,,39.195928740228126,12028050000.0,408359000.0,0.0068,376335000.0,0.0115,0.16145,0.20655602489572114,2999415000.0,1624304000.0,1741232000.0,533603000.0,806120000.0,61412000.0,-1215194600.0,-0.6210665948259648
レダックス,7602,卸売業,スタンダード（内国株式）,JP,2025-03-31,東京都,4104327424.0,0.92544127,,,52.543678656018635,0.0,0.0,-10.84,,3.5273440091679484,20034349000.0,-199909000.0,-0.011849999,-187403000.0,-0.0137600005,-0.05386,0.6516031436229146,2214572000.0,1863554000.0,5431973000.0,658529000.0,1654001000.0,62908000.0,3261436600.0,0.7946336300873056
ジーイエット,7603,小売業,スタンダード（内国株式）,JP,2025-02-28,東京都,6023747584.0,1.1943015,,,-5.0641155516941785,0.0,0.0,-138.51,,-74.44537869478042,13119000000.0,-1208000000.0,-0.51308,-1472000000.0,-0.26540002,-2.02969,0.16910858551280294,6068000000.0,3071000000.0,5111000000.0,928000000.0,1961000000.0,,-957000000.0,-0.15887119881017908
梅の花グループ,7604,小売業,スタンダード（内国株式）,JP,2025-04-30,福岡県,7561679872.0,3.885756,,,8.052153867148636,0.16049999,0.011764706,-47.43,,127.27663816757912,29440638000.0,550530000.0,0.07605,-383550000.0,-0.00957,-0.13256,0.07977402329226381,21125391000.0,9230537000.0,6845740000.0,16581334000.0,2076535000.0,348026000.0,-14036032800.0,-1.8562056365244657
ユナイテッドアローズ,7606,小売業,プライム（内国株式）,JP,2025-03-31,東京都,67006799872.0,1.570496,11.378453,10.963981,10.388876670130617,0.4021,0.0,221.27,213.21,175.42999958049347,150910000000.0,7984000000.0,0.0088599995,4282000000.0,0.037130002,0.15288,0.5392204385389638,32320000000.0,27767000000.0,44816000000.0,1028000000.0,6665000000.0,,12496000000.0,0.18648853584816066
進和,7607,卸売業,プライム（内国株式）,JP,2025-08-31,愛知県,40444895232.0,0.872146,11.520824,10.907314,11.358542350353453,0.4702,0.04336224,276.42,261.7,203.92981665576968,86146486000.0,4536054000.0,0.07309,3312345000.0,0.04177,0.0828,0.5841527398458479,30799926000.0,28897530000.0,62290395000.0,663185000.0,29636513000.0,2680182000.0,33366596400.0,0.8249890674361384
エスケイジャパン,7608,卸売業,スタンダード（内国株式）,JP,2025-02-28,東京都,13673354240.0,2.0545995,,14.613591,7.1451949402139014,0.6814,0.028693529,55.77,,45.5127340679664,13274754000.0,1229075000.0,0.09026,929140000.0,0.08212,0.21797001,0.8234362168050715,1195804000.0,1107147000.0,6325451000.0,,3778329000.0,161466000.0,5242673200.0,0.38342261218268564
ダイトロン,7609,卸売業,プライム（内国株式）,JP,2025-12-31,大阪府,81522581504.0,2.2406802,9.767794,16.648026,6.659745244940924,0.4089,0.024111675,232.46,396.2,197.30874870547976,103142476000.0,7010906000.0,0.08128,4923468000.0,0.05105,0.16739,0.448210651399271,43709256000.0,40312094000.0,70877091000.0,478106000.0,21803877000.0,3074336000.0,29319870200.0,0.3596533581135601
テイツー,7610,小売業,スタンダード（内国株式）,JP,2025-02-28,岡山県,8990881792.0,1.2890131,,10.329671,,0.29299998,0.02919708,13.65,,,,,0.03427,,0.02053,0.13215,0.4594051540362946,7233578000.0,4731510000.0,9292060000.0,3730403000.0,2896446000.0,661348000.0,2521425600.0,0.2804425259203764
ハイデイ日高,7611,小売業,プライム（内国株式）,JP,2025-02-28,,99476340736.0,3.9993923,26.041471,21.152964,24.310419909442082,0.3977,0.019068573,130.62,106.1,107.90999958519248,,,0.080740005,,0.076009996,0.18653,0.7509255974610491,8577900000.0,6672157000.0,17710683000.0,,13341638000.0,1250165000.0,10007898500.0,0.1006058166791633
シークス,7613,卸売業,プライム（内国株式）,JP,2025-12-31,大阪府,62787350528.0,0.6081453,8.0,25.246399,14.547974140452787,0.9282,0.036869828,52.76,166.5,79.67000066023807,289491000000.0,8854000000.0,0.02726,2488000000.0,0.008590001,0.02419,0.4966949225928741,104080000000.0,71606000000.0,152751000000.0,39747000000.0,30069000000.0,2757000000.0,50600900000.0,0.8059091453052243
オーエムツーネットワーク,7614,小売業,スタンダード（内国株式）,JP,2026-01-31,東京都,10181978112.0,0.56229174,,10.780512,8.303631793323564,0.2539,0.023529412,141.83,,163.94243637436767,35371072000.0,1295726000.0,0.05163,944255000.0,0.026689999,0.05342,0.7742190268301659,5280970000.0,3766028000.0,14120473000.0,814856000.0,10911580000.0,2590246000.0,10652675200.0,1.046228452155604
京都きもの友禅ホールディングス,7615,小売業,スタンダード（内国株式）,JP,2025-03-31,東京都,2064869760.0,0.68550533,,,-1.332995950226059,0.0,0.0,-27.84,,-119.46772979542304,5161206000.0,-734724000.0,0.04901,-923106000.0,0.03714,0.08708,0.27200799927329306,5297351000.0,4968233000.0,5305001000.0,606758000.0,1668196000.0,,7650000.0,0.0037048341489586247
コロワイド,7616,小売業,プライム（内国株式）,JP,2025-03-31,神奈川県,196931485696.0,2.3379436,,117.54442,77.54203439822832,0.3179,0.0,15.76,,27.520000006062926,269156000000.0,10614000000.0,0.038310003,1249000000.0,0.0074400003,0.018960001,0.2483361411285415,225118000000.0,93776000000.0,95631000000.0,163167000000.0,71537000000.0,20433000000.0,-115183900000.0,-0.584893266777094
田中商事,7619,卸売業,スタンダード（内国株式）,JP,2025-03-31,東京都,7130025984.0,0.46495107,,8.068077,6.240214689310013,0.2759,0.0,108.7,,140.2311837716358,41452421000.0,1220724000.0,0.03528,878022000.0,0.02041,0.05862,0.505227219966142,14582168000.0,12463010000.0,16371397000.0,4036800000.0,3075427000.0,,1789229000.0,0.25094284424980856
うかい,7621,小売業,スタンダード（内国株式）,JP,2025-03-31,東京都,18755760128.0,3.8835044,35.99138,,24.335179127172857,0.6145,0.001506024,-32.87,92.8,155.2100133236743,13462856000.0,721723000.0,-0.16267,136924000.0,-0.05928,-0.16137,0.4374746014992431,6132221000.0,3049244000.0,6876459000.0,2485523000.0,5413926000.0,136230000.0,839599000.0,0.04476486126235875
ＮａＩＴＯ,7624,卸売業,スタンダード（内国株式）,JP,2025-02-28,,7392766464.0,0.56274384,,26.061777,21.002710417450196,0.7707,0.02962963,5.18,,5.739999974042038,,,0.01804,,0.00653,0.02181,0.7494485080691977,4316000000.0,4158000000.0,14207000000.0,73000000.0,113000000.0,284000000.0,10089800000.0,1.3648206052678036
グローバルダイニング,7625,小売業,スタンダード（内国株式）,JP,2025-12-31,東京都,5012293632.0,0.85724163,,16.366112,7.522605056714689,0.1702,0.01039501,29.39,,49.00999833814725,13660201000.0,688072000.0,0.06727,307898000.0,0.0454,0.11663,0.5044349548757906,5533568000.0,2200794000.0,2138288000.0,2653995000.0,890559000.0,,-3395280000.0,-0.6773904821384574
オーハシテクニカ,7628,卸売業,プライム（内国株式）,JP,2025-03-31,東京都,27418599424.0,0.7004723,,12.10889,20.370361147730776,0.4011,0.032360986,88.53,,37.53463424780546,40017105000.0,1782667000.0,0.06914,1522562000.0,0.06071,0.06329,0.8040801700616903,9029776000.0,7912718000.0,37642177000.0,,21824330000.0,2566782000.0,30409148400.0,1.1090700852277056
壱番屋,7630,小売業,プライム（内国株式）,JP,2025-02-28,愛知県,139495047168.0,4.3198037,40.462963,54.38706,68.85412405291835,0.9963,0.01871345,16.07,21.6,16.8370388338088,61006655000.0,4925674000.0,0.086339995,3171652000.0,0.039100002,0.07975,0.6880291607982526,13985517000.0,7369519000.0,21438050000.0,1499345000.0,15480677000.0,531443000.0,7824543100.0,0.05609190619202816
星医療酸器,7634,卸売業,スタンダード（内国株式）,JP,2025-03-31,東京都,15163136000.0,0.7858552,,10.354462,11.117886681189905,0.1707,0.0,468.88,,450.7042615147167,15102329000.0,1982295000.0,0.13976,1463492000.0,0.0884,0.070650004,0.7494744311117099,5874083000.0,4351206000.0,13783412000.0,1093105000.0,10625818000.0,3353833000.0,10257012100.0,0.6764439823002313
ハンズマン,7636,小売業,スタンダード（内国株式）,JP,2024-06-30,,11103996928.0,0.6137549,10.426356,12.064584,15.885570628190846,0.44849998,0.0,66.89,77.4,55.52999971284867,,,0.03143,,0.02855,0.05513,0.6820021380574222,8329000000.0,5707000000.0,10200000000.0,4051000000.0,1633000000.0,71000000.0,1920700000.0,0.17297375102443832
白銅,7637,卸売業,プライム（内国株式）,JP,2025-03-31,,34251960320.0,1.4044623,15.56701,20.175028,13.861924420977935,0.45450002,0.015873017,149.69,194.0,168.99359316015952,66410187000.0,2983391000.0,0.05565,2236985000.0,0.03209,0.08902001,0.530898542303373,20990060000.0,20919795000.0,35028630000.0,,5473665000.0,1244509000.0,14909726300.0,0.43529556150087234
ＮＥＷ　ＡＲＴ　ＨＯＬＤＩＮＧＳ,7638,小売業,スタンダード（内国株式）,JP,2025-03-31,東京都,23348977664.0,2.1391535,,8.779512,23.20473828597891,0.2904,0.033063922,155.02,,70.6679926824026,27644229000.0,3890206000.0,0.18765,1984825000.0,0.09075,0.25618,0.3635677940723164,16656215000.0,12421076000.0,17548747000.0,9165854000.0,1353480000.0,1128000.0,893321600.0,0.03825955949143521
トップカルチャー,7640,小売業,スタンダード（内国株式）,JP,2025-10-31,新潟県,2903631104.0,3.820557,,,-3.437072004280793,0.0,0.0,-46.83,,-45.96935990960174,17333260000.0,-391038000.0,0.02496,-731179000.0,-0.035940003,-0.51973,0.04983193221070914,14019802000.0,10001531000.0,8283073000.0,9140312000.0,1204764000.0,12397000.0,-5728051100.0,-1.9727199822694832
ダイイチ,7643,小売業,スタンダード（内国株式）,JP,2025-09-30,北海道,18869624832.0,2.0268826,,19.345924,10.514615028151109,0.4145,0.0054512415,86.84,,125.22717880270376,59160493000.0,1308590000.0,0.01956,979425000.0,0.022130001,0.094519995,0.6296737384266939,10124026000.0,6284927000.0,10987269000.0,1225788000.0,7645359000.0,137366000.0,959399200.0,0.05084357577544444
ＰＬＡＮＴ,7646,小売業,スタンダード（内国株式）,JP,2025-09-30,福井県,12427140096.0,0.7920925,,9.934323,28.583915034471318,0.4689,0.0,181.19,,49.77101243511701,97763000000.0,2008000000.0,0.0248,1345000000.0,0.01289,0.081709996,0.4139263422410765,21690000000.0,11620000000.0,15800000000.0,6191000000.0,3699000000.0,33000000.0,-5866900000.0,-0.4721037949743896
スギホールディングス,7649,小売業,プライム（内国株式）,JP,2025-02-28,愛知県,550700318720.0,1.8959726,19.625927,12.245965,19.57398169196291,0.1408,0.011577902,248.49,155.05,121.45999970578596,878021000000.0,42564000000.0,0.05546,25689000000.0,0.04452,0.16621,0.5063540665217848,244412000000.0,216079000000.0,246479000000.0,45352000000.0,52788000000.0,13936000000.0,11822200000.0,0.021467574283375205
オーウエル,7670,卸売業,スタンダード（内国株式）,JP,2025-03-31,大阪府,10523097088.0,0.4743125,,5.951636,7.168579556654704,0.256,0.04360465,175.75,,149.31074403324521,69416000000.0,1239000000.0,0.02263,1779000000.0,0.026689999,0.08427,0.4663029244871235,24283000000.0,19710000000.0,29945000000.0,3759000000.0,6545000000.0,10419000000.0,12955300000.0,1.2311299507797528
ダイコー通産,7673,卸売業,スタンダード（内国株式）,JP,2025-05-31,愛媛県,9582513152.0,1.0817918,,11.10013,10.942309245633634,0.32119998,0.0,161.89,,112.90413925460187,21728642000.0,1174407000.0,0.06858,816342000.0,0.04186,0.10832,0.47830373693638184,9175128000.0,8116461000.0,13054536000.0,739190000.0,7399468000.0,1297835000.0,4787892500.0,0.4996489359370931
ＮＡＴＴＹ　ＳＷＡＮＫＹホールディングス,7674,小売業,グロース（内国株式）,JP,2026-01-31,,6337916416.0,4.8123913,22.560974,,-31.31291395967005,0.0,0.0,-380.11,114.8,-109.70144860707084,7683476000.0,-503147000.0,-0.05053,-930127000.0,-0.12104999,-0.51811004,0.4166093804076253,1845810000.0,1392177000.0,1338269000.0,600504000.0,650715000.0,,-507541000.0,-0.08008010309487805
ヤシマキザイ,7677,卸売業,スタンダード（内国株式）,JP,2025-03-31,東京都,7220188160.0,0.7126123,,,14.409207904718754,0.1846,0.009948269,-55.29,,137.1548144350756,29046781000.0,-44013000.0,0.03706,-509637000.0,0.00183,0.00625,0.36874575373349533,16030302000.0,14439074000.0,21796823000.0,17047000.0,9571185000.0,2128210000.0,7256268000.0,1.004997077527686
あさくま,7678,小売業,スタンダード（内国株式）,JP,2026-01-31,,32204058624.0,11.258981,,98.600716,39.81845712127668,0.0,0.0,61.46,,106.8599917631257,10045883000.0,519096000.0,0.01206,325147000.0,0.02459,,0.6857014022572705,1556434000.0,1443261000.0,3128104000.0,0.0,2441411000.0,,1571670000.0,0.04880347593295947
薬王堂ホールディングス,7679,小売業,プライム（内国株式）,JP,2025-02-28,岩手県,35089584128.0,0.8723109,8.623327,8.7343855,14.12056462666207,0.14039999,0.016301293,206.54,209.2,195.20295749066472,151957000000.0,5484000000.0,0.01582,4275000000.0,0.02459,0.10423,0.46346403921176355,42910000000.0,26473000000.0,39064000000.0,18187000000.0,7166000000.0,105000000.0,-3772500000.0,-0.10751053606787277
レオクラン,7681,卸売業,スタンダード（内国株式）,JP,2025-09-30,大阪府,4897297920.0,0.8967764,3.2895784,32.153965,44.20601271196453,0.65989995,0.020556228,25.72,251.4,22.959998163969658,21489527000.0,288291000.0,0.00154,152777000.0,0.00826,0.04585,0.5184136608054739,5050045000.0,4166415000.0,9298148000.0,,4776831000.0,607191000.0,4673136700.0,0.954227571272609
浜木綿,7682,小売業,スタンダード（内国株式）,JP,2025-07-31,愛知県,8785223680.0,5.260861,,106.775635,79.40411509598223,0.39580002,0.0,37.93,,54.08404953016468,6092106000.0,189451000.0,0.07051,81167000.0,0.01316,0.050279997,0.3401610103861141,3116698000.0,1059538000.0,1804147000.0,2045950000.0,1341765000.0,9815000.0,-1305680500.0,-0.14862233991519724
ダブルエー,7683,小売業,プライム（内国株式）,JP,2026-01-31,東京都,26386143232.0,2.3853958,10.102264,38.38468,24.957738635940345,0.47259998,0.012363636,36.03,136.9,52.120001024773906,23327358000.0,1066414000.0,0.047909997,688073000.0,0.02949,0.06309,0.8221568431769609,2393280000.0,1830689000.0,9951243000.0,359313000.0,2623385000.0,266905000.0,7744796500.0,0.2935175645756155
ＢｕｙＳｅｌｌ　Ｔｅｃｈｎｏｌｏｇｉｅｓ,7685,卸売業,グロース（内国株式）,JP,2025-12-31,東京都,205584695296.0,9.574131,14.283874,38.35948,32.297083880225436,0.1442,0.003937008,86.68,232.78,41.81500003173463,100614584000.0,9044311000.0,0.099750005,5270087000.0,0.05238,0.31072,0.39161351792047927,33291583000.0,14677195000.0,33487892000.0,23994531000.0,19975714000.0,35830000.0,221390000.0,0.001076879772987204
ひとまいる,7686,小売業,スタンダード（内国株式）,JP,2025-03-31,東京都,11995015168.0,2.6483896,4.8646116,19.447048,11.045888361354757,0.9363,0.048076924,21.34,85.31,54.94999929030095,134514000000.0,1782000000.0,-0.02283,536000000.0,0.00466,0.14625,0.11725228098394298,31831000000.0,27003000000.0,22248000000.0,9188000000.0,2837000000.0,380000000.0,-9317000000.0,-0.7767393262540975
ミクリード,7687,卸売業,グロース（内国株式）,JP,2025-03-31,東京都,2844103936.0,1.772275,7.275804,9.783845,15.325105027166142,0.18879999,0.0,43.95,59.1,33.639997775517266,6776000000.0,372000000.0,0.07526,258000000.0,0.03855,0.19266,0.5982795698924731,934000000.0,858000000.0,1975000000.0,,918000000.0,,1041000000.0,0.3660203787995461
コパ・コーポレーション,7689,卸売業,グロース（内国株式）,JP,2025-02-28,東京都,1262185216.0,1.6456137,,,-1.936971939081986,0.0,0.0,-90.99,,-432.6340423894649,2052289000.0,-281839000.0,-0.48148,-437770000.0,-0.15289,-0.30122,0.8171293476304515,232672000.0,215752000.0,1265753000.0,,658733000.0,,1033081000.0,0.8184860564869744
アースインフィニティ,7692,電気・ガス業,スタンダード（内国株式）,JP,2024-07-31,大阪府,10572498944.0,7.2964964,,13.832853,72.20263923586697,0.48990002,0.0,6.94,,1.3645667665775068,,,0.21649,,0.1076,0.64524,0.37519899352697883,1478456000.0,918635000.0,1587676000.0,885959000.0,566127000.0,76247000.0,162592900.0,0.015378852328216416
いつも,7694,小売業,グロース（内国株式）,JP,2025-03-31,東京都,4040972800.0,1.70565,,,15.90122368619213,0.0,0.0,-14.77,,43.32999859616433,13940858000.0,74435000.0,0.03097,-98093000.0,-0.0019699999,-0.01388,0.2744712898647988,6246467000.0,3839647000.0,6731209000.0,4120366000.0,2932258000.0,158055000.0,595380500.0,0.1473359335653039
交換できるくん,7695,小売業,グロース（内国株式）,JP,2025-03-31,東京都,5287251968.0,2.6975744,5.367703,72.540985,7.160072538995253,0.0,0.0,9.76,131.9,99.57999672724722,10292863000.0,163301000.0,0.039300002,90800000.0,-0.0016300001,-0.0114,0.4252341338092893,2285107000.0,1883792000.0,2121026000.0,590983000.0,832654000.0,350455000.0,81237500.0,0.015364786942569255
アイスコ,7698,卸売業,スタンダード（内国株式）,JP,2025-03-31,神奈川県,9611109376.0,2.2853746,18.224367,18.166334,9.877344054659169,0.148,0.0,135.03,134.6,80.73999444469905,54717434000.0,627979000.0,0.00122,481663000.0,0.00981,0.14021,0.2211956647608978,13518076000.0,10331769000.0,9668902000.0,2474264000.0,1470557000.0,35399000.0,-3824394700.0,-0.3979139712580876
島津製作所,7701,精密機器,プライム（内国株式）,JP,2025-03-31,京都府,1010712903680.0,1.9018404,16.300854,16.712852,20.99569512031128,0.32950002,0.0,209.3,214.59,193.54000011204465,539047000000.0,71720000000.0,0.13102001,53776000000.0,0.0,,0.7409610861424892,174113000000.0,151288000000.0,454457000000.0,11747000000.0,143414000000.0,15182000000.0,290971400000.0,0.28788729117890427
ＪＭＳ,7702,精密機器,スタンダード（内国株式）,JP,2025-03-31,広島県,10327435264.0,0.24718016,,65.37267,-332.55467127071296,,0.039627038,6.44,,-1.4711544614924912,69749000000.0,873000000.0,0.01235,89000000.0,-0.00339,-0.0075700004,0.5014490617938894,40507000000.0,25629000000.0,45773000000.0,24550000000.0,5511000000.0,,5266000000.0,0.50990394666104
プレシジョン・システム・サイエンス,7707,精密機器,グロース（内国株式）,JP,2024-06-30,千葉県,7167261696.0,1.8645256,10.316206,,-4.730556906944395,0.0,0.0,-1.28,25.3,-40.58718746584499,,,0.023829998,,-0.00716,-0.00921,0.6476709656087241,2253685000.0,1958884000.0,4609933000.0,1366633000.0,1915220000.0,55172000.0,2394868400.0,0.33413994096749106
クボテック,7709,精密機器,スタンダード（内国株式）,JP,2025-03-31,大阪府,1156494336.0,6.35449,,,-11.289576384109646,0.0,0.0,-20.95,,-19.84131134586108,1662057000.0,-125328000.0,-0.22198999,-200891000.0,-0.15588,-0.86917,0.11650221414587436,1533450000.0,1393990000.0,1485801000.0,251598000.0,438697000.0,368000.0,-47391400.0,-0.040978497278174306
助川電気工業,7711,精密機器,スタンダード（内国株式）,JP,2025-09-30,茨城県,31159009280.0,10.624815,,39.271564,19.18520763926805,0.2777,0.003024911,143.87,,115.67556668412834,5467931000.0,1165106000.0,0.05325,794456000.0,0.02753,0.031689998,0.6479968293577515,2656475000.0,1960826000.0,4687123000.0,994753000.0,513472000.0,1036246000.0,2756020200.0,0.08845018707860534
シグマ光機,7713,精密機器,スタンダード（内国株式）,JP,2025-05-31,埼玉県,14745081856.0,0.8109684,9.830029,15.2885895,15.32948304027508,0.3084,0.010023867,136.18,211.8,97.02999597745625,11580528000.0,1131048000.0,0.08367,986017000.0,0.07876,0.04897,0.8686151623035125,2571044000.0,1756414000.0,11943814000.0,204138000.0,3130895000.0,1031780000.0,10095016000.0,0.6846361450270405
長野計器,7715,精密機器,プライム（内国株式）,JP,2025-03-31,東京都,59990323200.0,1.2986606,9.210151,11.5609,7.601404748887012,0.1718,0.014791988,279.39,350.7,283.5600019876226,69544777000.0,7653279000.0,0.100839995,6054539000.0,0.074250005,0.11699,0.5884209934120813,29750617000.0,20305685000.0,43791727000.0,14620808000.0,10118369000.0,9320227000.0,20565268900.0,0.3428097700263765
ナカニシ,7716,精密機器,スタンダード（内国株式）,JP,2025-12-31,栃木県,223236751360.0,1.956856,20.13634,,23.030950170358214,0.86480004,0.019686475,-28.8,133.49,101.05999949127583,81179143000.0,14089536000.0,0.15826,-2398213000.0,-0.02954,-0.02039,0.7122731742219746,46081023000.0,29902520000.0,102409148000.0,26772785000.0,61317878000.0,4959641000.0,59799873700.0,0.2678764734555937
ブイ・テクノロジー,7717,精密機器,プライム（内国株式）,JP,2025-03-31,神奈川県,52654813184.0,1.517609,24.597042,22.898252,29.19147162866305,0.32860002,0.0,243.25,226.45,80.650001694894,46182000000.0,1822000000.0,0.080970004,800000000.0,0.04419,0.058590002,0.4576166992254204,39620000000.0,24263000000.0,65392000000.0,21240000000.0,26671000000.0,1046000000.0,26504200000.0,0.5033575925411073
東京衡機,7719,精密機器,スタンダード（内国株式）,JP,2025-02-28,神奈川県,3957674496.0,2.2085018,,31.119864,,0.0,0.0,17.77,,,,,0.09182999,,0.02973,0.074939996,0.4304857847817521,2149157000.0,1163685000.0,2696622000.0,842035000.0,494578000.0,89693000.0,610250100.0,0.15419411086403806
東京計器,7721,精密機器,プライム（内国株式）,JP,2025-03-31,東京都,115688218624.0,2.5414345,34.548756,28.908142,18.32554924242424,0.16409999,0.0,243.53,203.77,138.65546218487395,57650000000.0,4856000000.0,0.15556,3797000000.0,0.06546,0.09345999,0.528373661712224,35489000000.0,24060000000.0,56190000000.0,19479000000.0,7597000000.0,4577000000.0,23904900000.0,0.2066321038073347
国際計測器,7722,精密機器,スタンダード（内国株式）,JP,2025-03-31,東京都,11048815616.0,0.90906876,17.90393,7.024758,-25.396067285828085,0.257,0.03685504,116.73,45.8,-18.77771312190864,13204277000.0,1211076000.0,0.14693,940376000.0,0.091309994,0.11214,0.538567210439854,9239334000.0,6883680000.0,15864572000.0,3410034000.0,7899193000.0,1889059000.0,7947579300.0,0.7193150448171982
愛知時計電機,7723,精密機器,プライム（内国株式）,JP,2025-03-31,愛知県,46945460224.0,0.9467467,12.205824,12.050091,10.840752358980252,0.3348,0.0,253.94,250.7,206.84000475979644,54286000000.0,3940000000.0,0.07793,3533000000.0,0.08121,0.09663,0.7459661989795918,15933000000.0,11255000000.0,38190000000.0,957000000.0,10268000000.0,9145000000.0,28658500000.0,0.6104637139194318
インターアクション,7725,精密機器,プライム（内国株式）,JP,2025-05-31,神奈川県,20371949568.0,1.8960408,19.015152,56.42034,13.649322995999764,1.2106,0.02090423,35.59,105.6,104.15000266194976,6668651000.0,1418811000.0,0.26063,979266000.0,0.11294,0.05098,0.8615043497713354,1891361000.0,1495647000.0,12155541000.0,748182000.0,9080481000.0,130429000.0,10355480300.0,0.5083205348331638
黒田精工,7726,機械,スタンダード（内国株式）,JP,2025-03-31,神奈川県,6202787840.0,0.5479978,4.213526,75.69966,15.299562939085185,1.3699001,0.018570103,14.65,263.2,87.51079742968503,17284135000.0,311595000.0,-0.022809999,172589000.0,-0.00049,-0.00035,0.4352384480178963,14577293000.0,8469953000.0,13054229000.0,7552321000.0,3290414000.0,2367790000.0,134389000.0,0.02166590305303752
オーバル,7727,精密機器,スタンダード（内国株式）,JP,2025-03-31,東京都,15473965056.0,1.0272214,,14.050656,10.21128088848741,0.3515,0.03508772,54.09,,49.1999999821442,15048652000.0,1422551000.0,0.13743,1029794000.0,0.07887,0.07875,0.6477423461753556,8172991000.0,4554694000.0,13452205000.0,1638755000.0,4172916000.0,1084479000.0,6038349300.0,0.3902263756023309
東京精密,7729,精密機器,プライム（内国株式）,JP,2025-03-31,東京都,758446096384.0,4.2180657,30.646881,35.159336,23.374777752870372,0.4701,0.013168291,531.58,609.85,475.4200031997253,150534000000.0,29703000000.0,0.17311001,25637000000.0,0.13506,0.12477,0.7361568719741797,61726000000.0,46933000000.0,169341000000.0,20083000000.0,54541000000.0,3246000000.0,109887200000.0,0.1448846536674167
マニー,7730,精密機器,プライム（内国株式）,JP,2025-08-31,栃木県,165681381376.0,2.9240832,22.68681,29.53468,30.047481074646033,0.70339996,0.023880597,56.95,74.14,63.82000022762399,29968000000.0,8193000000.0,0.34344003,4643000000.0,0.17915002,0.10177,0.9236725472950834,4426000000.0,3494000000.0,29978000000.0,76000000.0,18424000000.0,311000000.0,25769700000.0,0.15553769401232737
ニコン,7731,精密機器,プライム（内国株式）,JP,2025-03-31,東京都,705429569536.0,1.2016304,20.223818,,15.444272495270996,1.9639,0.018522806,-261.52,105.89,93.53000007345709,715285000000.0,2423000000.0,-0.00315,6123000000.0,-0.12713,-0.14019,0.5744880298672507,471291000000.0,305545000000.0,620220000000.0,193570000000.0,163590000000.0,76111000000.0,202206700000.0,0.28664335708666494
オリンパス,7733,精密機器,プライム（内国株式）,JP,2025-03-31,東京都,2032635084800.0,2.6282742,14.692773,30.183126,10.578484953006951,0.4902,0.019474197,61.16,125.64,199.4390914300702,997332000000.0,161996000000.0,0.16857,117855000000.0,0.06745,0.08719,0.524650585625889,681093000000.0,425361000000.0,679443000000.0,229102000000.0,252532000000.0,43440000000.0,28758000000.0,0.014148137171817846
理研計器,7734,精密機器,プライム（内国株式）,JP,2025-03-31,東京都,153413271552.0,1.8883919,14.383124,18.20094,20.49603237423595,0.2696,0.0147492625,185.43,234.65,179.90999891006152,49038948000.0,10642294000.0,0.21160999,8007557000.0,0.0,,0.8354528534676103,15259155000.0,11771421000.0,60548326000.0,3330466000.0,18320799000.0,7119804000.0,50273033800.0,0.3276967715466505
ＳＣＲＥＥＮホールディングス,7735,電気機器,プライム（内国株式）,JP,2025-03-31,京都府,2120623194112.0,4.7855344,12.821539,35.940903,30.576445437942045,0.4988,0.01360455,312.04,874.7,304.0800005921415,625269000000.0,135684000000.0,0.20513001,99467000000.0,0.14374,0.19765,0.6266157396165872,250595000000.0,239723000000.0,480046000000.0,4562000000.0,140397000000.0,45365000000.0,261206500000.0,0.12317440492269013
タムロン,7740,精密機器,プライム（内国株式）,JP,2025-12-31,埼玉県,168017231872.0,1.9555259,3.155472,14.321055,12.322288422997802,0.498,0.034922928,72.76,330.22,87.89999983843246,85071000000.0,16642000000.0,0.18621,11761000000.0,0.1383,0.14547,0.8101295664145748,20135000000.0,15499000000.0,70693000000.0,1045000000.0,35371000000.0,8997000000.0,56855900000.0,0.33839326696748784
ＨＯＹＡ,7741,精密機器,プライム（内国株式）,JP,2025-03-31,東京都,9286329565184.0,9.100142,40.515816,37.160347,,0.1681,0.010811801,744.88,683.19,,,,0.46703,,0.26704,0.25062,0.7891439367792344,262649000000.0,179508000000.0,879731000000.0,37283000000.0,533967000000.0,51384000000.0,653050800000.0,0.07032388797059244
シード,7743,精密機器,スタンダード（内国株式）,JP,2025-03-31,東京都,15526347776.0,0.83578396,11.079914,11.287128,7.840945725835062,0.33009997,0.0,45.45,46.3,77.40068002898536,33231633000.0,1562007000.0,0.01722,1092466000.0,0.03344,0.059660003,0.34896595471723574,33375857000.0,18139258000.0,20677162000.0,26339815000.0,7116716000.0,1031648000.0,-11976541400.0,-0.7713688739159156
ノーリツ鋼機,7744,精密機器,プライム（内国株式）,JP,2025-12-31,東京都,213815640064.0,0.6800524,6.3004694,14.0936775,11.257480965482408,0.5159,0.008884502,142.83,319.5,146.99333387966465,119223000000.0,20823000000.0,0.15874,15639000000.0,0.17592,0.073920004,0.757039476736095,73209000000.0,39220000000.0,141928000000.0,33630000000.0,97399000000.0,20730000000.0,83230000000.0,0.38926057969888134
Ａ＆Ｄホロンホールディングス,7745,精密機器,プライム（内国株式）,JP,2025-03-31,東京都,81094664192.0,1.7496606,11.361635,12.723999,14.441116084393135,0.1929,0.01510574,233.26,261.23,192.7300017436264,67083000000.0,8813000000.0,0.13654,6468000000.0,0.08696,0.13617,0.6189116730671691,26211000000.0,22780000000.0,51668000000.0,13579000000.0,13346000000.0,315000000.0,25677500000.0,0.3166361221893202
岡本硝子,7746,精密機器,スタンダード（内国株式）,JP,2025-03-31,千葉県,23127879680.0,8.970482,,,31.05038060111434,0.0,0.0,-1.91,,4.379978517722878,4686676000.0,126190000.0,-0.03795,89009000.0,-0.012200001,-0.02656,0.207771596494852,6876615000.0,3106702000.0,4191651000.0,5931056000.0,1812395000.0,161135000.0,-2572169500.0,-0.11121510210139592
朝日インテック,7747,精密機器,プライム（内国株式）,JP,2025-06-30,愛知県,873978331136.0,5.5393925,41.413124,49.758312,38.50366962114465,0.3652,0.007430236,66.2,79.54,58.20000005890688,120025000000.0,30083000000.0,0.32197,12737000000.0,0.13629,0.11178,0.7793226252284057,41837000000.0,27856000000.0,103359000000.0,11098000000.0,54200000000.0,19389000000.0,75094300000.0,0.08592238196843184
メディキット,7749,精密機器,スタンダード（内国株式）,JP,2025-03-31,東京都,43376349184.0,0.9511313,,14.219944,14.940537025267046,0.45119998,0.031879194,210.69,,187.95000272483068,22553238000.0,4486794000.0,0.21620001,3013544000.0,0.13068,0.06894,0.8605931427171357,7314791000.0,6159498000.0,33243669000.0,,21559317000.0,778786000.0,26474028200.0,0.6103332506776603
キヤノン,7751,電気機器,プライム（内国株式）,JP,2025-12-31,東京都,3621141348352.0,1.0547757,11.501007,11.35627,30.09093413192227,0.4357,0.03891997,367.11,362.49,165.43999992821026,4624727000000.0,455390000000.0,0.06526,332053000000.0,0.06612,0.09372,0.569157776211548,2360916000000.0,1704060000000.0,2617021000000.0,946159000000.0,585981000000.0,,256105000000.0,0.07072493873141812
リコー,7752,電気機器,プライム（内国株式）,JP,2025-03-31,東京都,815993126912.0,0.71611017,12.41448,14.672467,17.538386107720683,0.4096,0.0,97.7,115.47,72.54999999967154,2527876000000.0,65140000000.0,0.052399997,45709000000.0,0.02513,0.059180003,0.43701969948046726,1302368000000.0,859843000000.0,1213449000000.0,516217000000.0,190657000000.0,183524000000.0,39547800000.0,0.04846584939956853
ＩＭＶ,7760,精密機器,スタンダード（内国株式）,JP,2025-09-30,大阪府,54180995072.0,4.5144424,32.06215,27.983234,7.981457221955628,0.2465,0.00887574,121.68,106.2,88.70285308254527,17941000000.0,2323000000.0,0.11733,1935000000.0,0.10678001,0.18284,0.5099343432176114,11420000000.0,10232000000.0,16384000000.0,3355000000.0,4876000000.0,206000000.0,5108200000.0,0.09428029133115438
シチズン時計,7762,精密機器,プライム（内国株式）,JP,2025-03-31,東京都,511412633600.0,1.8315961,25.95023,21.765316,9.746602385132528,0.4779,0.022020105,96.3,80.77,93.59999991519818,316885000000.0,20592000000.0,0.11139,23876000000.0,0.0719,0.08525,0.6158483174187587,151407000000.0,77553000000.0,271950000000.0,68260000000.0,93755000000.0,36993000000.0,146438100000.0,0.2863404037737092
リズム,7769,精密機器,プライム（内国株式）,JP,2025-03-31,埼玉県,27548547072.0,0.835218,,12.590976,63.12452820361635,0.26549998,0.02125182,274.8,,57.776162790697676,32666000000.0,818000000.0,0.048249997,758000000.0,0.07378,0.07511,0.694276273479254,13786000000.0,6351000000.0,28363000000.0,7646000000.0,13219000000.0,3512000000.0,17035400000.0,0.6183774394880727
日本精密,7771,精密機器,スタンダード（内国株式）,JP,2025-03-31,埼玉県,8635174912.0,4.82414,,41.70213,4.114559667064968,0.0,0.0,9.4,,17.741874199645032,7158415000.0,275644000.0,0.04103,-20016000.0,0.01334,0.059359998,0.2606562170360813,4169669000.0,3244175000.0,3208865000.0,2940844000.0,875858000.0,27840000.0,-941316000.0,-0.1090094884692939
ジャパン・ティッシュエンジニアリング,7774,精密機器,グロース（内国株式）,JP,2025-03-31,愛知県,25746710528.0,5.058282,43.724136,,180.6853532189231,0.0,0.0,-18.11,14.5,3.5254656155122555,2455474000.0,-238310000.0,0.01966,-255304000.0,-0.33639,-0.13449,0.8943720165392546,687954000.0,637229000.0,4824949000.0,,3885449000.0,150000000.0,4241995000.0,0.1647587172499864
大研医器,7775,精密機器,スタンダード（内国株式）,JP,2025-03-31,大阪府,12697968640.0,1.649937,10.486358,12.690209,15.107006386403619,0.66019994,0.0520362,34.83,42.15,34.41196369910666,9951701000.0,1512074000.0,0.15567,1097620000.0,0.096499994,0.13011,0.6722058756583331,3665092000.0,2829984000.0,6985015000.0,2026450000.0,2995993000.0,8797000.0,3326080900.0,0.26193803074315986
セルシード,7776,精密機器,グロース（内国株式）,JP,2025-12-31,東京都,10234127360.0,4.604227,,,-15.512851228135466,0.0,0.0,-31.82,,-25.72061023033204,83678000.0,-1046127000.0,-5.69697,-1104101000.0,0.0,-0.71658,0.7660039617354334,387460000.0,248136000.0,1521516000.0,132916000.0,1318909000.0,21396000.0,1149033200.0,0.11227466295670567
スリー・ディー・マトリックス,7777,精密機器,グロース（内国株式）,JP,2025-04-30,東京都,59264770048.0,11.804142,-38.515625,,-34.38395428660887,0.0,0.0,-3.28,-12.8,-3.489999986613961,6934144000.0,-1156166000.0,0.13706,-2501245000.0,0.13512999,0.31863,0.3402661090230182,4296926000.0,1578888000.0,6418787000.0,2940683000.0,1580268000.0,7688000.0,2127242600.0,0.035893880939335356
ＣＹＢＥＲＤＹＮＥ,7779,精密機器,グロース（内国株式）,JP,2025-03-31,茨城県,61650268160.0,1.5488827,194.66667,,-30.042918414634148,0.0,0.0,-0.95,1.5,-6.990000009376829,4384000000.0,-926000000.0,-0.107530005,-577000000.0,-0.00072999997,-0.0013,0.8151894040826415,8954000000.0,1085000000.0,16758000000.0,434000000.0,6824000000.0,15333000000.0,18537100000.0,0.30068157938731016
メニコン,7780,精密機器,プライム（内国株式）,JP,2025-03-31,愛知県,109556686848.0,1.166444,14.436414,22.112509,27.07433471817233,0.41919997,0.018348623,66.84,102.38,55.16999976499866,121491000000.0,10052000000.0,0.11808,5621000000.0,0.05531,0.07532,0.4597024807509531,101131000000.0,26492000000.0,82669000000.0,75089000000.0,42046000000.0,822000000.0,-17886600000.0,-0.16326342567127866
平山ホールディングス,7781,精密機器,スタンダード（内国株式）,JP,2024-06-30,東京都,11119923200.0,2.049377,14.481038,10.691129,9.741168265037894,0.3831,0.03586207,135.72,100.2,98.86000073644375,,,0.059959996,,0.02816,0.20639,0.3630191271653836,7828016000.0,5000773000.0,10684518000.0,1665200000.0,5949094000.0,145710000.0,2958499000.0,0.2660539058399252
シンシア,7782,精密機器,スタンダード（内国株式）,JP,2025-12-31,東京都,2828987648.0,1.0038997,31.376812,10.636208,9.933005643948995,0.4175,0.039170507,40.71,13.8,47.23999817143773,7456078000.0,524522000.0,0.06382,264345000.0,0.03541,0.095740005,0.5236125460528052,2564629000.0,2021644000.0,4653709000.0,1832594000.0,1658880000.0,,2089080000.0,0.7384549739822689
ドリームベッド,7791,その他製品,スタンダード（内国株式）,JP,2025-03-31,広島県,3265030400.0,0.6788293,8.366285,7.303116,11.503756677896117,0.3089,0.0,110.09,96.1,61.983918172377685,11509308000.0,595149000.0,0.0643,415092000.0,0.03935,0.10245,0.400087523180952,6759737000.0,4701660000.0,4456970000.0,3904915000.0,797126000.0,172628000.0,-2181927400.0,-0.6682716951119353
コラントッテ,7792,その他製品,グロース（内国株式）,JP,2025-09-30,大阪府,13365324800.0,2.4072788,,10.097541,9.063979291454404,0.2886,0.0,145.58,,112.27999530025332,6917910000.0,1810086000.0,0.27647,1328215000.0,0.16871999,0.26700002,0.7693634518930298,1549188000.0,1527296000.0,4826164000.0,12902000.0,2180025000.0,99331000.0,3346507700.0,0.2503873082081776
イメージ・マジック,7793,その他製品,グロース（内国株式）,JP,2025-12-31,東京都,4202215680.0,2.0684874,,12.9874115,12.486024671773464,0.2455,0.0,130.28,,102.86998204422306,9402044000.0,556041000.0,0.02298,329881000.0,0.03499,0.17033,0.5860165554041651,1452345000.0,1291560000.0,2255990000.0,162124000.0,1167674000.0,,803645000.0,0.19124315865672084
イーディーピー,7794,その他製品,グロース（内国株式）,JP,2025-03-31,大阪府,19343771648.0,12.734584,13.220676,,-158.8753446863548,0.0,0.0,-162.54,100.6,-8.478345099166848,902729000.0,-976294000.0,-3.84483,-2306367000.0,0.0,,0.7809620249232143,958897000.0,354000000.0,2721889000.0,636289000.0,1441911000.0,,1762992000.0,0.09114003370600583
ＫＹＯＲＩＴＳＵ,7795,その他製品,スタンダード（内国株式）,JP,2025-03-31,東京都,8945563648.0,0.5097633,,7.822255,8.17340839717288,0.2938,0.03827751,27.23,,20.709999768186286,40353108000.0,1249423000.0,0.03558,715658000.0,0.02967,0.07309,0.4173949132270419,24626798000.0,14561455000.0,19329971000.0,13775317000.0,9222899000.0,3342501000.0,-2957076300.0,-0.33056344086950035
アミファ,7800,その他製品,スタンダード（内国株式）,JP,2025-09-30,東京都,3580013312.0,1.5325392,24.10569,18.41901,-6.06356006741784,0.4035,0.0,64.39,49.2,-94.19603726649552,8842205000.0,270322000.0,0.12425,194503000.0,0.0418,0.16935,0.5833258649662942,1529627000.0,1036259000.0,3458284000.0,500665000.0,842213000.0,,1928657000.0,0.538729002357408
ブシロード,7803,その他製品,グロース（内国株式）,JP,2025-06-30,東京都,35560779776.0,1.3157498,6.9959946,7.6162786,33.86360899991674,0.0654,0.008687259,34.4,37.45,5.650000018602937,56175627000.0,4868227000.0,0.08818,3418196000.0,0.081549995,0.19134001,0.4857132609871377,24575175000.0,16632840000.0,39250764000.0,11586835000.0,25042207000.0,5005088000.0,18179150600.0,0.511213497412369
ビーアンドピー,7804,その他製品,スタンダード（内国株式）,JP,2025-10-31,東京都,5081306112.0,1.3741739,13.053071,10.337663,10.139339489092732,0.3778,0.036117382,211.75,167.7,169.65996572902029,4495008000.0,701656000.0,0.10307,491324000.0,0.09889,,0.8114499590046107,885365000.0,680264000.0,4235261000.0,2999000.0,3345647000.0,,3349896000.0,0.6592588452974509
プリントネット,7805,その他製品,スタンダード（内国株式）,JP,2025-08-31,鹿児島県,3655446016.0,0.8411056,,8.772337,14.99875300152597,0.1509,0.0,86.18,,43.577621771960935,9213750000.0,563277000.0,0.03663,433039000.0,0.044889998,0.09905,0.5569143224965545,3317861000.0,2495046000.0,3325265000.0,1138251000.0,1526957000.0,96036000.0,74629200.0,0.02041589444170306
ＭＴＧ,7806,その他製品,グロース（内国株式）,JP,2025-09-30,愛知県,264327708672.0,5.1762505,87.42032,24.14834,27.454693496474533,,0.0,278.28,76.87,57.40999987480136,98810000000.0,10666000000.0,0.16518,7934000000.0,0.08675,0.19056,0.6781207196904214,24202000000.0,19728000000.0,44804000000.0,3714000000.0,11297000000.0,3662000000.0,23165400000.0,0.08763893924093132
幸和製作所,7807,その他製品,スタンダード（内国株式）,JP,2025-02-28,大阪府,3386729216.0,0.98940426,,7.9264736,8.60182415516245,0.12640001,0.01589242,102.82,,153.0400057042989,6368477000.0,797366000.0,0.12366,616203000.0,0.06678,0.13600999,0.5972969649928673,1883295000.0,1818561000.0,3849238000.0,393501000.0,1687799000.0,122933000.0,2051996100.0,0.6058931698187471
シー・エス・ランバー,7808,その他製品,スタンダード（内国株式）,JP,2025-05-31,千葉県,5429078016.0,1.9395444,,5.574867,4.182269565098803,0.1519,0.013508949,526.47,,776.1133596672989,20673104000.0,1774657000.0,0.058390003,1157929000.0,0.03342,,0.4190748287612563,15649287000.0,7937394000.0,9569614000.0,10164977000.0,5045070000.0,311658000.0,-5861512400.0,-1.0796515324932845
壽屋,7809,その他製品,スタンダード（内国株式）,JP,2024-06-30,東京都,10625829888.0,1.2994777,7.146739,7.8493404,13.682728717034518,0.2387,0.0,167.53,184.0,137.4600082941148,,,0.09115,,0.0744,0.17678,0.5995825655343777,4819001000.0,2315850000.0,8129232000.0,3066275000.0,2964420000.0,,3310231000.0,0.3115268204828238
クロスフォー,7810,その他製品,スタンダード（内国株式）,JP,2024-07-31,山梨県,2949117184.0,1.6141824,,105.48781,116.9025823053111,0.21209998,0.0020231213,1.64,,1.6699999805889192,,,0.03303,,0.0064,0.01375,0.3431512708752704,3427526000.0,1545934000.0,3603377000.0,3191232000.0,958540000.0,456000.0,176170200.0,0.05973658861566621
中本パックス,7811,その他製品,スタンダード（内国株式）,JP,2025-02-28,大阪府,17254936576.0,0.8206087,8.483793,7.9598336,,0.2897,0.03727034,244.98,229.85,,,,0.04941,,0.04382,0.107250005,0.48317500946541037,19661001000.0,16220726000.0,24714356000.0,8275336000.0,7642338000.0,1111226000.0,5831213200.0,0.33794463250074597
クレステック,7812,その他製品,スタンダード（内国株式）,JP,2024-06-30,静岡県,5769708032.0,0.64970034,,6.9555297,5.895273274133654,0.2816,0.040142275,280.64,,295.4782738471821,,,0.06122,,0.046529997,0.09277,0.4136567079127773,10540414000.0,6712268000.0,11305286000.0,6913232000.0,5682722000.0,109505000.0,841525500.0,0.14585235428425922
プラッツ,7813,その他製品,スタンダード（内国株式）,JP,2024-06-30,福岡県,2803235328.0,0.87246627,8.032946,15.677004,41.33545081356355,0.3403,0.021479713,52.88,103.2,18.52397158463657,,,0.0356,,0.02174,0.05657,0.5091617029088981,3079920000.0,1705947000.0,4340445000.0,2098754000.0,2055932000.0,1057946000.0,2001087200.0,0.7138491656452184
日本創発グループ,7814,その他製品,スタンダード（内国株式）,JP,2025-12-31,東京都,27042455552.0,1.3037511,,4.1076183,7.42748605710212,0.1007,0.02443281,139.01,,58.910433979686054,86987000000.0,3011000000.0,0.062179998,6530000000.0,0.07507,0.35124,0.24384537609631074,63776000000.0,38925000000.0,35643000000.0,48774000000.0,11511000000.0,8664000000.0,-22068200000.0,-0.8160575491217876
東京ボード工業,7815,その他製品,スタンダード（内国株式）,JP,2025-03-31,東京都,803482496.0,1.024851,,,-2.735303701722288,0.0,0.0,-43.13,,-369.24601804328057,7733749000.0,-32852000.0,0.029749999,293126000.0,-0.108330004,,0.12335379432654123,10123559000.0,7089259000.0,4765693000.0,7422797000.0,1776880000.0,112001000.0,-5279465300.0,-6.570728455545595
トランザクション,7818,その他製品,プライム（内国株式）,JP,2025-08-31,東京都,64346148864.0,3.1415985,7.3018928,15.338994,13.742449504219017,0.7678,0.025198938,74.19,155.85,64.69905338550652,27453452000.0,5706383000.0,0.19485001,4078402000.0,0.1469,0.21416001,0.8262548411808622,4134817000.0,3475403000.0,15731915000.0,434606000.0,6558981000.0,4652600000.0,14853918000.0,0.230843931800717
粧美堂,7819,その他製品,スタンダード（内国株式）,JP,2025-09-30,東京都,13458803712.0,1.7923831,,14.38606,8.802843635071588,0.3782,0.026515152,74.03,,58.59040878295183,22122189000.0,1469488000.0,0.115380004,977908000.0,0.04997,0.16219,0.45452307993189495,8510634000.0,5959770000.0,12158913000.0,5072863000.0,4729946000.0,1465115000.0,4673859500.0,0.34727154062234683
ニホンフラッシュ,7820,その他製品,プライム（内国株式）,JP,2025-03-31,徳島県,17682001920.0,0.59065306,2.9679146,,15.815639658642636,0.86980003,0.046632126,-119.12,261.8,56.0409393709419,23976557000.0,5619712000.0,0.124560006,-2792491000.0,-0.09919,-0.0874,0.7140109992833255,11272650000.0,10250191000.0,25638713000.0,2033659000.0,10450626000.0,2405901000.0,16050193700.0,0.9077136046369121
前田工繊,7821,その他製品,プライム（内国株式）,JP,2025-06-30,福井県,123961565184.0,1.6716089,14.3378935,12.494921,13.84632671375214,0.18969999,0.015037594,147.66,128.68,117.07999985854728,64108000000.0,12032000000.0,0.19774,9489000000.0,0.14329,0.14145,0.7870835681183086,18515000000.0,12713000000.0,54862000000.0,3869000000.0,22270000000.0,935000000.0,37001500000.0,0.2984917135006929
永大産業,7822,その他製品,スタンダード（内国株式）,JP,2025-03-31,大阪府,10076547072.0,0.22582911,,31.888111,3.752093198418581,1.3986,0.02173913,7.15,,72.83566249442843,71202000000.0,-293000000.0,0.02116,-29000000.0,0.00612,-0.00492,0.4987826047748946,46923000000.0,21729000000.0,46443000000.0,24517000000.0,7740000000.0,5957000000.0,3689900000.0,0.3661869461467842
アートネイチャー,7823,その他製品,スタンダード（内国株式）,JP,2025-03-31,東京都,26288637952.0,0.95710915,,25.441362,16.22207645152222,0.8836,0.034696408,31.72,,44.39999990281806,43340000000.0,2182000000.0,0.05989,821000000.0,0.02805,0.04536,0.5443455855710777,22625000000.0,13510000000.0,27870000000.0,,18163000000.0,2092000000.0,6709400000.0,0.25522052577431303
フルヤ金属,7826,その他製品,プライム（内国株式）,JP,2025-06-30,東京都,224591642624.0,3.3386102,22.869596,29.671757,13.804175305751833,0.3121,0.0,307.7,399.22,301.7913331638252,57379000000.0,9538000000.0,0.19484,6468000000.0,0.05371,0.05692,0.5208777368726991,59285000000.0,46552000000.0,99708000000.0,29190000000.0,13047000000.0,52000000.0,40459400000.0,0.18014650735573046
オービス,7827,その他製品,スタンダード（内国株式）,JP,2025-10-31,広島県,2982315776.0,0.5345611,,7.0544295,6.170935148484818,0.2518,0.035377357,238.29,,246.65184014117332,12639123000.0,658949000.0,-0.021329999,421970000.0,0.02533,,0.45389118259508776,6874059000.0,2997858000.0,6916629000.0,4701055000.0,1129637000.0,179352000.0,168116400.0,0.05637109301198291
ウイルコホールディングス,7831,その他製品,スタンダード（内国株式）,JP,2025-10-31,石川県,1319391232.0,1.0631645,,,-7.498389334722396,0.0,0.023809524,-39.75,,-17.72501829417026,8478000000.0,1165000000.0,-0.07846,-948000000.0,-0.13935,-0.52314997,0.17869762746087833,6508000000.0,4434000000.0,3294000000.0,2532000000.0,1121000000.0,525000000.0,-2846500000.0,-2.1574343765231268
バンダイナムコホールディングス,7832,その他製品,プライム（内国株式）,JP,2025-03-31,東京都,2448838623232.0,2.8920743,22.464834,19.442745,17.614205768365355,0.1731,0.022745958,196.32,169.91,153.84999995331125,1241513000000.0,180229000000.0,0.14484,129301000000.0,0.089779995,0.13791999,0.7190523436564741,309421000000.0,278607000000.0,704942000000.0,,388460000000.0,173350000000.0,516866000000.0,0.21106576607234145
アイフィスジャパン,7833,その他製品,スタンダード（内国株式）,JP,2025-12-31,東京都,6416707072.0,1.0793447,,11.540462,11.66683780004867,0.43310001,0.037821483,57.71,,43.8038775487963,6956047000.0,851646000.0,0.13931,556292000.0,0.07993,0.095740005,0.8297931345190878,1219523000.0,943468000.0,5905439000.0,4504000.0,5037597000.0,2989000.0,4688008300.0,0.7305940956003173
アビックス,7836,その他製品,スタンダード（内国株式）,JP,2025-03-31,神奈川県,3196790784.0,1.8163673,,15.881327,41.526893174889565,0.0,0.0,5.73,,2.287674148892133,4347136000.0,268808000.0,-0.02187,181617000.0,0.02231,0.06427,0.5448826313793731,1445793000.0,1003136000.0,2566492000.0,378257000.0,661416000.0,56098000.0,1159967600.0,0.3628537737926612
アールシーコア,7837,その他製品,スタンダード（内国株式）,JP,2025-03-31,東京都,1312073088.0,0.6268948,,,0.9090797968153665,0.0,0.0,-96.83,,501.60613138410037,10990391000.0,-491487000.0,-0.07569,-530768000.0,-0.0556,-0.24844,0.3695867951594546,4088316000.0,2648343000.0,4948543000.0,818588000.0,3107633000.0,,860227000.0,0.6556243000999652
ＳＨＯＥＩ,7839,その他製品,プライム（内国株式）,JP,2025-09-30,東京都,91090804736.0,2.9936693,12.37393,14.470473,15.702243754669922,0.4882,0.033333335,122.94,143.77,139.89999969469667,32363623000.0,8899160000.0,0.31779,6318367000.0,0.1958,0.21738,0.8513902476484846,5612305000.0,4926602000.0,29609874000.0,467193000.0,19941931000.0,,23997569000.0,0.2634466680753334
フランスベッドホールディングス,7840,その他製品,プライム（内国株式）,JP,2025-03-31,,42349871104.0,1.0776869,,18.146719,13.774829956202698,0.5715,0.031746034,69.93,,86.85000090341737,60561000000.0,4697000000.0,0.083850004,2946000000.0,0.04447,0.06931,0.572819094910281,30282000000.0,15546000000.0,38483000000.0,17208000000.0,7223000000.0,326000000.0,8429200000.0,0.1990372055513494
遠藤製作所,7841,その他製品,スタンダード（内国株式）,JP,2025-12-31,新潟県,9270729728.0,0.61974794,,15.430744,9.76413783586382,0.5846,0.011320755,68.37,,127.74141567909531,18237248000.0,1027055000.0,0.025710002,600986000.0,0.01852,0.014839999,0.8327607774853973,4678639000.0,3054536000.0,16869856000.0,95549000.0,7389467000.0,941010000.0,12849924000.0,1.3860747079261633
マーベラス,7844,情報・通信業,プライム（内国株式）,JP,2025-03-31,東京都,27560787968.0,1.0115157,15.166667,29.836065,-77.54697074215856,0.65529996,0.02202643,15.25,30.0,-8.541009408871783,27963000000.0,1817000000.0,0.17523001,818000000.0,0.03677,0.04997,0.7945172172750206,6716000000.0,6551000000.0,22636000000.0,,7880000000.0,,15920000000.0,0.577632251243478
パイロットコーポレーション,7846,その他製品,プライム（内国株式）,JP,2025-12-31,東京都,159719931904.0,1.2009273,11.764858,14.364589,12.180591993660354,0.37849998,0.026501767,316.96,387.0,388.52999863127695,126391000000.0,16650000000.0,0.13176,12064000000.0,0.100039996,0.09351,0.8084332929418696,33830000000.0,27294000000.0,110245000000.0,4748000000.0,39992000000.0,8093000000.0,82080100000.0,0.5139001690116823
グラファイトデザイン,7847,その他製品,スタンダード（内国株式）,JP,2025-02-28,埼玉県,4007992576.0,1.9230949,22.230217,27.725437,,1.3477,0.008278145,22.29,27.8,,,,0.19444,,0.15354,0.34506,0.7434102955907946,1740498000.0,944026000.0,5052667000.0,756135000.0,3967417000.0,158681000.0,3423245700.0,0.8541048006172755
スターツ出版,7849,情報・通信業,スタンダード（内国株式）,JP,2025-12-31,東京都,14398350336.0,1.3366454,7.383343,10.455293,5.978844989986389,0.3345,0.0,358.67,507.9,475.7220766638365,8143367000.0,1756850000.0,0.25667998,1377253000.0,0.1691,0.13409,0.8349767611438078,2129146000.0,1872104000.0,10383367000.0,,5573685000.0,883374000.0,8872582800.0,0.616222177746016
総合商研,7850,その他製品,スタンダード（内国株式）,JP,2025-07-31,北海道,2474494976.0,0.6442318,,11.385592,9.33235897231472,0.2761,0.024067389,72.46,,91.51729676908936,16236035000.0,351172000.0,0.14114,319659000.0,0.01363,0.060939997,0.3931326378524558,4809148000.0,2931515000.0,3484448000.0,2830433000.0,1298768000.0,989803000.0,-631837900.0,-0.255340142585927
カワセコンピュータサプライ,7851,その他製品,スタンダード（内国株式）,JP,2025-03-31,東京都,928776192.0,0.37880164,,9.939759,-9.158840349683668,0.1507,0.0,19.92,,-24.244467641993896,2831270000.0,79111000.0,-0.0046900003,100114000.0,0.02602,0.03017,0.6984528151131449,1031823000.0,712930000.0,1635638000.0,606807000.0,1112016000.0,814726000.0,1174123200.0,1.2641616033155165
萩原工業,7856,その他製品,プライム（内国株式）,JP,2025-10-31,岡山県,23596417024.0,0.76076037,,13.162848,13.146057930401172,0.51,0.039109506,127.48,,109.0300000847391,31936485000.0,1467900000.0,0.03221,1794441000.0,0.03754,0.03907,0.7240228867955854,11769314000.0,7828190000.0,21136603000.0,4523345000.0,5857015000.0,499665000.0,9717054500.0,0.41180211767391417
セキ,7857,その他製品,スタンダード（内国株式）,JP,2025-03-31,愛媛県,5619182592.0,0.34960386,,50.242085,14.493610007394155,0.96730006,0.019273536,26.85,,87.70135613426952,12302163000.0,224345000.0,-0.0026,280418000.0,0.008590001,0.0067299996,0.8289466613107732,2958534000.0,1942998000.0,7631013000.0,216000000.0,4261345000.0,4804270000.0,8035468000.0,1.4300065656239846
アルメディオ,7859,その他製品,スタンダード（内国株式）,JP,2025-03-31,東京都,5650033664.0,0.7572747,,,8.733026559792494,0.0,0.0,-9.04,,123.43945052946393,5800748000.0,867137000.0,-0.61707,476399000.0,-0.17318001,-0.06092,0.846927395749545,1483212000.0,1014682000.0,7514795000.0,545316000.0,4100312000.0,,6031583000.0,1.0675304535672232
エイベックス,7860,情報・通信業,プライム（内国株式）,JP,2025-03-31,東京都,50627612672.0,0.99644846,8.270833,118.625496,54.334704392514055,5.01,0.021168502,10.04,144.0,21.82999981642452,131691000000.0,-1815000000.0,0.04855,1138000000.0,0.01442,0.04615,0.4728954322385806,54849000000.0,52834000000.0,77774000000.0,3000000.0,35690000000.0,9839000000.0,29812300000.0,0.5888545484683287
平賀,7863,その他製品,スタンダード（内国株式）,JP,2025-03-31,東京都,2831845376.0,2.6272902,,14.701492,4.401521018744823,0.5968,0.0050968397,67.0,,195.91534308614746,9792084000.0,365293000.0,0.026770001,311887000.0,0.03014,0.21535,0.5753620104758114,3057481000.0,2334325000.0,3981806000.0,592440000.0,2256130000.0,687355000.0,1405473500.0,0.4963101135081183
フジシールインターナショナル,7864,その他製品,プライム（内国株式）,JP,2025-03-31,大阪府,139571855360.0,0.8966167,13.580695,8.977086,10.016246563726963,0.2504,0.029423619,291.52,192.7,187.76999930917742,212345000000.0,18844000000.0,0.07909,12199000000.0,0.0,0.14774999,0.6923344549189313,64553000000.0,56220000000.0,133075000000.0,9739000000.0,34394000000.0,3530000000.0,70993000000.0,0.5086483934521511
ピープル,7865,その他製品,スタンダード（内国株式）,JP,2026-01-31,,1545763840.0,0.78751516,,,-31.59019138357268,0.0,0.14814815,-15.59,,-16.46080562431815,1612901000.0,-173755000.0,0.1236,-61078000.0,0.07372,0.15435,0.9281924078554974,129953000.0,120732000.0,1696859000.0,,1154565000.0,85763000.0,1626940100.0,1.052515305313391
タカラトミー,7867,その他製品,プライム（内国株式）,JP,2025-03-31,東京都,246766927872.0,2.2531855,13.0554905,21.406275,24.631473536237955,0.4873,0.0,131.34,215.35,107.64999995225556,250235000000.0,24871000000.0,0.122159995,16350000000.0,0.04344,0.1043,0.641835072691078,59373000000.0,50933000000.0,114402000000.0,10802000000.0,56163000000.0,3890000000.0,57752000000.0,0.23403460300788942
広済堂ホールディングス,7868,その他製品,プライム（内国株式）,JP,2025-03-31,東京都,103213080576.0,2.0755093,16.157408,26.23074,21.259030452540213,0.48990002,0.019064328,26.61,43.2,29.22260274508072,38302000000.0,8302000000.0,0.17809,4462000000.0,0.0,,0.6181575779541012,29319000000.0,16234000000.0,38021000000.0,22593000000.0,11713000000.0,1758000000.0,9932600000.0,0.09623392640321612
フクビ化学工業,7871,化学,スタンダード（内国株式）,JP,2025-03-31,福井県,19101009920.0,0.49931467,,11.971219,9.897110295565646,0.35979998,0.029896908,80.61,,85.6097238578977,39973000000.0,1550000000.0,0.0493,1466000000.0,0.04166,0.04575,0.6873978623889401,15718000000.0,13394000000.0,35454000000.0,1078000000.0,14184000000.0,5845000000.0,23827500000.0,1.2474471297484149
エステールホールディングス,7872,その他製品,スタンダード（内国株式）,JP,2025-03-31,東京都,6223676416.0,0.57355785,,,-6.359969391586101,2.8571,0.045378152,-62.3,,-93.2469759024669,31271000000.0,189000000.0,0.01985,-345000000.0,-0.01794,-0.045900002,0.3986543032169518,17637000000.0,10087000000.0,23921000000.0,9602000000.0,5112000000.0,226000000.0,6442200000.0,1.0351116557792455
レック,7874,化学,プライム（内国株式）,JP,2025-03-31,東京都,34954088448.0,0.9386923,13.736335,16.420664,48.789645631416825,0.3076,0.018726591,65.04,77.75,22.659999882145225,66304000000.0,2711000000.0,0.08444,1729000000.0,0.03832,0.07376,0.3873586741369477,53377000000.0,9777000000.0,55449000000.0,46339000000.0,29955000000.0,9026000000.0,8390200000.0,0.24003486780900646
竹田ｉＰホールディングス,7875,その他製品,スタンダード（内国株式）,JP,2025-03-31,愛知県,11991723008.0,0.62494767,,8.631275,3881.8062564502898,0.2467,0.019515477,83.07,,0.10299938817637223,34198000000.0,1380000000.0,0.05204,1248000000.0,0.03893,0.07181,0.5780614837398373,13146000000.0,9261000000.0,15617000000.0,2594000000.0,6986000000.0,2872000000.0,4481400000.0,0.3737077646815506
永大化工,7877,化学,スタンダード（内国株式）,JP,2025-03-31,大阪府,2449101312.0,0.33827367,,8.782919,10.730843715092094,0.2206,0.025188917,226.69,,135.0812030075188,8857662000.0,290779000.0,0.06571,185232000.0,0.03423,0.04354,0.7312571270452857,2647536000.0,1482400000.0,5813964000.0,1123433000.0,2382204000.0,234512000.0,3330586400.0,1.3599218552866466
光・彩,7878,その他製品,スタンダード（内国株式）,JP,2026-01-31,山梨県,1351252864.0,1.196036,,12.2457285,17.2757648833264,0.4068,0.011160715,73.74,,59.07629223124236,4241718000.0,179987000.0,-0.05922,110359000.0,-0.07572,-0.15696,0.45266246478970085,1870624000.0,1770110000.0,2680649000.0,1165177000.0,506805000.0,200156000.0,950134200.0,0.7031505540623965
ノダ,7879,その他製品,スタンダード（内国株式）,JP,2025-11-30,東京都,10520572928.0,0.30345765,,,-2.6811684009355723,0.4322,0.049034175,-52.97,,-291.7739309743979,64686719000.0,-47549000.0,-0.01759,-829234000.0,-0.01472,-0.02084,0.4677790904236366,33256725000.0,23177028000.0,43667437000.0,12477488000.0,19228728000.0,10098306000.0,17479526200.0,1.6614614355724944
サンメッセ,7883,その他製品,スタンダード（内国株式）,JP,2025-03-31,岐阜県,5664994304.0,0.41955703,,16.277018,21.582063733307933,0.3527,0.02173913,22.67,,16.596816083332342,16436392000.0,135107000.0,-0.00234,332274000.0,0.00995,0.0128999995,0.6001102984745105,7773175000.0,4972615000.0,7488970000.0,1580000000.0,3014211000.0,4201538000.0,2656871600.0,0.46899810616296783
タカノ,7885,その他製品,スタンダード（内国株式）,JP,2025-03-31,長野県,16226204672.0,0.49909893,32.401215,21.57458,25.300625081399428,0.405,0.0,49.41,32.9,39.500038760759395,23969636000.0,451226000.0,0.09101,520478000.0,0.02484,0.019129999,0.8293930961839039,6563287000.0,5780538000.0,24405180000.0,201212000.0,8907009000.0,3607813000.0,20367362100.0,1.255214174337761
ヤマト　モビリティ　＆　Ｍｆｇ．,7886,化学,スタンダード（内国株式）,JP,2025-03-31,埼玉県,933427072.0,1.1007384,,,-7.898097907899403,0.0,0.0,-415.26,,-113.31842304776346,16072189000.0,202774000.0,-0.048779998,-339453000.0,-0.06667,-0.65042996,0.1871371668319151,6123058000.0,3639306000.0,5863684000.0,3195235000.0,2002429000.0,45304000.0,-227661200.0,-0.243898218542348
南海プライウッド,7887,その他製品,スタンダード（内国株式）,JP,2025-03-31,香川県,9614374912.0,0.37833998,,6.501294,1.3018619120371369,0.0983,0.015060241,305.17,,981.0868665977249,24921443000.0,961739000.0,0.11101,101132000.0,0.04504,0.046669997,0.7514876100423867,8019644000.0,5017126000.0,17842100000.0,4210158000.0,3314660000.0,876922000.0,10436301400.0,1.0854893319142493
三光合成,7888,化学,プライム（内国株式）,JP,2025-05-31,富山県,26124584960.0,0.72151405,7.159566,6.526043,7.423959075330235,0.2133,0.03255814,131.32,119.7,85.68490334680574,91101000000.0,5656000000.0,0.058080003,3857000000.0,0.043920003,0.12641,0.4232630305580392,43276000000.0,26180000000.0,40097000000.0,24199000000.0,12029000000.0,22000000.0,-3163600000.0,-0.12109666066825048
プロネクサス,7893,その他製品,プライム（内国株式）,JP,2025-03-31,東京都,26528221184.0,1.0967315,,,16.194999616289863,2.0362,0.033866417,-23.92,,69.76000063978817,30995936000.0,208859000.0,0.03993,450961000.0,-0.015360001,-0.01691,0.6457838572892317,13640236000.0,9127469000.0,18341356000.0,2709608000.0,12309317000.0,6084689000.0,8960402300.0,0.3377686818068412
セブン工業,7896,その他製品,スタンダード（内国株式）,JP,2025-03-31,岐阜県,2236180992.0,0.46359614,,,-2.736655593345905,0.7874,0.0,-28.67,,-175.40322580645162,15418000000.0,191000000.0,0.00622,184000000.0,-0.00052,-0.00125,0.5768598062511424,4630000000.0,3016000000.0,6782000000.0,1942000000.0,1197000000.0,26000000.0,2170200000.0,0.9704938946194208
ホクシン,7897,その他製品,スタンダード（内国株式）,JP,2025-03-31,,2920267008.0,0.534951,,,21.349487450680666,2.7778,0.014705882,-1.2,,5.598662373447692,10224605000.0,-68365000.0,0.0664,20343000.0,0.019,,0.42413244378494425,7906813000.0,5742460000.0,7603727000.0,5015200000.0,1683142000.0,407337000.0,-17950100.0,-0.006146732456595969
ウッドワン,7898,その他製品,スタンダード（内国株式）,JP,2025-03-31,広島県,8712886272.0,0.18598598,,3.656107,-3.999546475194047,0.0938,0.025236594,256.01,,-248.66515684487635,65157000000.0,1310000000.0,0.04277,1777000000.0,0.03592,0.05435,0.4378293146338119,56495000000.0,31111000000.0,29453000000.0,39929000000.0,5440000000.0,3276000000.0,-24748800000.0,-2.8404823875107272
マツモト,7901,その他製品,スタンダード（内国株式）,JP,2025-04-30,福岡県,1025645440.0,1.7356223,,,-21.383892384966224,0.0,0.0,-380.13,,-76.50618374558304,2169091000.0,-265190000.0,-1.0,-653358000.0,-0.14784999,-0.41957,0.39565244909349306,1260420000.0,718047000.0,605736000.0,348324000.0,219842000.0,247950000.0,-481119000.0,-0.469089006040918
ソノコム,7902,その他製品,スタンダード（内国株式）,JP,2025-03-31,,4744666624.0,0.51281184,,19.947987,12.746093708908399,0.18360001,0.0,65.37,,67.19704856171498,2423114000.0,201970000.0,0.13166,210719000.0,0.100039996,0.02849,0.9354385066147092,614996000.0,377123000.0,5067927000.0,0.0,3767450000.0,2285377000.0,6052694900.0,1.2756839162067966
ヨネックス,7906,その他製品,スタンダード（内国株式）,JP,2025-03-31,東京都,225342783488.0,2.9473538,21.253933,19.519787,10.593147273956411,0.16319999,0.0,134.94,123.93,102.45000057764732,138276000000.0,14180000000.0,0.0998,10591000000.0,0.069759995,0.15293999,0.6316783963633377,40125000000.0,24931000000.0,73216000000.0,11206000000.0,29478000000.0,276000000.0,33284200000.0,0.14770475222150817
きもと,7908,化学,スタンダード（内国株式）,JP,2025-03-31,三重県,9868493824.0,0.5255998,,17.936508,29.562276536071323,0.5556,0.0,12.6,,7.25887438563379,11294000000.0,1341000000.0,0.023529999,989000000.0,0.05357,0.029879998,0.8172350950273366,4212000000.0,2572000000.0,16901000000.0,,12885000000.0,1185000000.0,13518500000.0,1.3698645650588797
ＴＯＰＰＡＮホールディングス,7911,その他製品,プライム（内国株式）,JP,2025-03-31,東京都,1563130462208.0,1.1930715,20.755987,18.907677,15.548857737305346,0.2044,0.011025358,293.32,267.2,236.55890132045445,1717960000000.0,84093000000.0,0.04361,89348000000.0,0.0,0.05499,0.51431898777259,1096481000000.0,822884000000.0,1406905000000.0,467596000000.0,768989000000.0,310633000000.0,527867100000.0,0.33769868399491193
大日本印刷,7912,その他製品,プライム（内国株式）,JP,2025-03-31,東京都,1408197459968.0,1.2437617,16.629305,17.913397,10.114694405788683,0.2194,0.00754717,182.21,196.28,221.53000002360506,1457609000000.0,93612000000.0,0.0762,110682000000.0,0.05309,0.06647,0.592253360294248,709062000000.0,435780000000.0,824692000000.0,175759000000.0,254995000000.0,393125000000.0,390817500000.0,0.27753032590250587
共同印刷,7914,その他製品,プライム（内国株式）,JP,2025-03-31,東京都,41818386432.0,0.6487693,,11.371665,15.77437281253266,0.44509998,0.0395,133.05,,49.77857689874472,99977000000.0,2336000000.0,0.03179,3310000000.0,0.03821,0.05762,0.4984782195168347,63256000000.0,26262000000.0,47780000000.0,13015000000.0,12254000000.0,17501000000.0,-3225300000.0,-0.07712636175584137
ＮＩＳＳＨＡ,7915,その他製品,プライム（内国株式）,JP,2025-12-31,京都府,68891738112.0,0.5970728,9.894449,68.79735,19.62964373202945,2.3663,0.0116459625,21.12,146.85,79.92171117385216,194898000000.0,4400000000.0,0.0688,1001000000.0,0.01386,0.03286,0.461042699504238,132249000000.0,81041000000.0,116221000000.0,73797000000.0,39213000000.0,11075000000.0,-8275500000.0,-0.12012325754571898
光村印刷,7916,その他製品,スタンダード（内国株式）,JP,2025-03-31,東京都,6068329984.0,0.3297503,,11.173153,83.18974804509205,0.282,0.025239779,177.3,,18.506065095228426,14756503000.0,-158794000.0,0.02554,70563000.0,0.020350002,0.015700001,0.6340731435456191,9944576000.0,5381532000.0,10377351000.0,3552541000.0,4145913000.0,5158886000.0,4043995200.0,0.6664099036576057
ＺＡＣＲＯＳ,7917,化学,プライム（内国株式）,JP,2025-03-31,東京都,94549975040.0,1.014216,3.480921,12.548721,16.80674692477157,0.3424,0.0,105.19,379.21,59.792500234083946,150735000000.0,10117000000.0,0.05487,6530000000.0,0.04861,0.08519,0.597689798994322,53234000000.0,42566000000.0,86783000000.0,4669000000.0,14986000000.0,2667000000.0,35415900000.0,0.37457334055368147
ヴィア・ホールディングス,7918,小売業,スタンダード（内国株式）,JP,2025-03-31,東京都,4836322304.0,3.154856,,,26.07684728703704,0.0,0.0,-4.38,,5.138658002825833,17373000000.0,199000000.0,-0.00957,-19000000.0,-0.01888,-0.23806,0.18177533385703062,5208000000.0,2127000000.0,1936000000.0,2582000000.0,927000000.0,371000000.0,-3012300000.0,-0.6228493079356193
野崎印刷紙業,7919,その他製品,スタンダード（内国株式）,JP,2025-03-31,京都府,3164314880.0,0.68524754,,8.83679,5.181926907951086,0.33830002,0.0,22.18,,31.454187657781628,,,0.0383,,0.025610002,0.07756,0.413090519387453,6043735000.0,4533340000.0,4852639000.0,2397338000.0,1433833000.0,263666000.0,-1006529800.0,-0.3180877498512411
ＴＡＫＡＲＡ　＆　ＣＯＭＰＡＮＹ,7921,その他製品,プライム（内国株式）,JP,2025-05-31,東京都,43240763392.0,1.4202125,,10.462211,10.69781418862618,0.32790002,0.031578947,320.2,,231.76000215905052,29678785000.0,4048828000.0,0.03684,4075516000.0,0.13103,0.13819,0.7572823301779016,9331158000.0,7567975000.0,26111519000.0,208890000.0,19145987000.0,3206222000.0,19024716400.0,0.43997179761909044
三光産業,7922,その他製品,スタンダード（内国株式）,JP,2025-03-31,,5581312000.0,0.63184094,,436.9697,-28.382364751092933,6.0241,0.013908206,1.65,,-14.635953989814908,9666593000.0,82935000.0,0.01784,86096000.0,0.00241,0.0028400002,0.7407992845604443,3070529000.0,2704658000.0,6603462000.0,1033512000.0,2280805000.0,1262473000.0,4416664100.0,0.7913308017899734
前澤化成工業,7925,化学,プライム（内国株式）,JP,2025-03-31,東京都,27626563584.0,0.64282215,,14.397399,17.317209459276377,0.5725,0.039466668,129.19,,91.8300020348234,24166000000.0,2165000000.0,0.092489995,1714000000.0,0.07811,0.04645,0.8297829702811567,8389000000.0,6879000000.0,28409000000.0,330000000.0,12905000000.0,9629000000.0,26760300000.0,0.9686438169783194
ムトー精工,7927,化学,スタンダード（内国株式）,JP,2025-03-31,岐阜県,16084291584.0,0.7931216,,9.369566,7.0274108352258295,0.42240003,0.0,247.29,,249.89528326511007,27574022000.0,2047511000.0,0.08596,1510598000.0,0.061329998,0.088520005,0.5922142321688408,11717345000.0,8073214000.0,19910168000.0,6653314000.0,10367739000.0,303414000.0,8405212800.0,0.5225727695934812
旭化学工業,7928,化学,スタンダード（内国株式）,JP,2025-08-31,愛知県,1844837504.0,0.33043832,,25.408121,20.243013117558146,0.41889998,0.016366612,23.89,,29.98592900543652,8359845000.0,-45595000.0,0.00992,47133000.0,0.00878,0.013409999,0.792281889395201,1387170000.0,1196669000.0,3157478000.0,120000000.0,1596243000.0,224952000.0,1927774400.0,1.0449562066144986
未来工業,7931,化学,プライム（内国株式）,JP,2025-03-31,岐阜県,48566153216.0,0.8985363,10.308748,10.334273,13.154637967888638,0.4987,0.04647436,290.78,291.5,304.4754196803246,45113000000.0,6901000000.0,0.15682,4833000000.0,0.102819994,0.08715,0.7916572750905347,13137000000.0,10512000000.0,42478000000.0,245000000.0,21102000000.0,1774000000.0,30582800000.0,0.6297142757834189
ニッピ,7932,その他製品,スタンダード（内国株式）,JP,2025-03-31,東京都,32171206656.0,0.808616,,12.242419,5.444218305894789,0.639,0.051590715,938.54,,885.9730438876553,49141000000.0,3628000000.0,0.06273,2457000000.0,0.05257,0.063039996,0.5676765661517414,29607000000.0,14692000000.0,27574000000.0,10646000000.0,8933000000.0,4789000000.0,1319300000.0,0.041008719819153806
アシックス,7936,その他製品,プライム（内国株式）,JP,2025-12-31,兵庫県,3259736522752.0,11.99491,45.517517,33.316433,35.00931153217968,0.203,0.0057189544,138.07,101.06,88.16999995148342,810916000000.0,142520000000.0,0.080240004,98719000000.0,0.12174,0.38886002,0.4633730050470604,313127000000.0,243726000000.0,409933000000.0,98529000000.0,112267000000.0,3707000000.0,99400900000.0,0.03049353814524917
ツツミ,7937,その他製品,スタンダード（内国株式）,JP,2025-03-31,埼玉県,45301633024.0,0.6602115,,26.41458,25.90200952574574,0.8205,0.0,109.75,,73.97000135387518,24835000000.0,2410000000.0,0.17938,1986000000.0,0.082559995,0.03867,0.9736059853238939,1838000000.0,1714000000.0,56415000000.0,,33640000000.0,52000000.0,54613400000.0,1.2055503599851862
リーガルコーポレーション,7938,その他製品,スタンダード（内国株式）,JP,2025-03-31,千葉県,6447513600.0,0.45592785,,15.657847,16.045618993340167,0.5438,0.03457815,137.95,,133.22001832009244,23558000000.0,404000000.0,-0.00642,700000000.0,0.02394,0.041100003,0.485375885444436,13513000000.0,9329000000.0,14958000000.0,9299000000.0,3771000000.0,3815000000.0,4115500000.0,0.6383080758449272
研創,7939,その他製品,スタンダード（内国株式）,JP,2025-03-31,広島県,2197099520.0,2.623863,,10.143658,9.85621671406172,0.368,0.0,57.08,,48.82390866788217,5868794000.0,264055000.0,0.05313,175029000.0,0.05362,0.21935,0.5881300186853567,2287780000.0,1776650000.0,2665122000.0,1397656000.0,575439000.0,28079000.0,396997300.0,0.18069154191067321
ウェーブロックホールディングス,7940,化学,スタンダード（内国株式）,JP,2025-03-31,東京都,8842098688.0,0.5320484,,19.464584,12.089387138682634,0.27879998,0.0,53.79,,54.09497016838495,25566685000.0,405543000.0,0.0033399998,520797000.0,0.022,0.0344,0.5693700180615078,12484032000.0,6700863000.0,17768462000.0,5435884000.0,3221936000.0,1068366000.0,6032286200.0,0.6822233513618978
ＪＳＰ,7942,化学,プライム（内国株式）,JP,2025-03-31,東京都,66906857472.0,0.61591965,10.138999,10.135778,9.366788520273643,0.35729998,0.0,251.88,251.8,221.83000206523002,142250000000.0,6889000000.0,0.04498,5066000000.0,0.04539,0.06048,0.6563312025776946,48083000000.0,33993000000.0,78694000000.0,24105000000.0,17421000000.0,1728000000.0,31820600000.0,0.4755954950255536
ニチハ,7943,ガラス・土石製品,プライム（内国株式）,JP,2025-03-31,愛知県,105588252672.0,0.87224805,11.837844,32.114727,14.223455782015172,1.1506,0.03545879,99.02,268.63,223.12999991977722,148478000000.0,6956000000.0,0.07239,2706000000.0,0.02394,0.027460001,0.7026401059423516,53298000000.0,34813000000.0,86002000000.0,16182000000.0,26481000000.0,10210000000.0,39851000000.0,0.37741887938796936
ローランド,7944,その他製品,プライム（内国株式）,JP,2025-12-31,静岡県,109972455424.0,2.6772265,12.759316,51.06539,17.352604209862275,2.0849001,0.04101327,81.66,326.82,214.75999905269853,100952000000.0,9413000000.0,0.10293,2168000000.0,0.02148,0.049569998,0.49206368221186675,42115000000.0,20170000000.0,58795000000.0,24037000000.0,15876000000.0,759000000.0,17211300000.0,0.15650555344646663
光陽社,7946,その他製品,スタンダード（内国株式）,JP,2025-03-31,東京都,938174080.0,0.5317475,,23.072062,40.026261996810064,0.4301,0.01852861,15.82,,42.932185801640394,4726835000.0,60476000.0,0.04408,60694000.0,0.012200001,0.0312,0.5622224757372022,1392977000.0,724166000.0,2089839000.0,433510000.0,1005863000.0,113349000.0,776206300.0,0.82735850046081
エフピコ,7947,化学,プライム（内国株式）,JP,2025-03-31,広島県,189413408768.0,1.1518482,13.94961,12.730336,18.023805826544166,0.397,0.03150626,183.97,167.89,154.45999907244828,,,0.07067,,0.06183,0.09362,0.5250319957840849,138113000000.0,84372000000.0,98847000000.0,80513000000.0,19020000000.0,10274000000.0,-32074200000.0,-0.16933436871560437
小松ウオール工業,7949,その他製品,プライム（内国株式）,JP,2025-03-31,石川県,44494983168.0,1.1341215,,14.580689,9.722931727006747,0.7501,0.051587302,173.38,,149.0047049510854,44616000000.0,3636000000.0,0.12695,2650000000.0,0.06523,0.07915,0.8081529643254342,8970000000.0,6373000000.0,31322000000.0,189000000.0,16714000000.0,475000000.0,22684500000.0,0.509821521099356
ヤマハ,7951,その他製品,プライム（内国株式）,JP,2025-03-31,静岡県,488065662976.0,1.0439004,14.54319,21.061123,17.714274255686856,0.4934,0.024528302,52.68,76.29,58.559999998735634,462080000000.0,20695000000.0,0.054899998,13351000000.0,0.050970003,0.051220004,0.7590913242163585,141166000000.0,106658000000.0,351933000000.0,19957000000.0,99819000000.0,54037000000.0,248592900000.0,0.5093431455189754
河合楽器製作所,7952,その他製品,プライム（内国株式）,JP,2025-03-31,静岡県,25643810816.0,0.5730333,6.0998564,32.119385,10.373289360962353,1.0236,0.032345932,92.81,488.7,323.67655613728914,72918000000.0,317000000.0,0.02307,405000000.0,0.014359999,0.023729999,0.6019651038639835,29451000000.0,17475000000.0,48518000000.0,8446000000.0,13300000000.0,7232000000.0,24129400000.0,0.9409443929037602
菊水化学工業,7953,その他製品,スタンダード（内国株式）,JP,2025-03-31,愛知県,4827343872.0,0.47895044,,56.040756,12.389050992928974,2.3256,0.043814432,6.87,,29.979925117501793,21390614000.0,264907000.0,0.05441,165822000.0,0.0127799995,0.02681,0.5873068684325086,6538900000.0,4961091000.0,10348348000.0,1831584000.0,4062634000.0,1750100000.0,5034518000.0,1.0429167951348297
クリナップ,7955,その他製品,プライム（内国株式）,JP,2025-03-31,東京都,32020393984.0,0.5337682,,13.265158,18.06897339856722,0.45299998,0.0,68.45,,39.94231763393464,129987000000.0,2071000000.0,-0.00031,1719000000.0,0.025840001,0.05913,0.6309996131955573,33389000000.0,27812000000.0,55467000000.0,7181000000.0,18767000000.0,4811000000.0,25445700000.0,0.7946716712078792
ピジョン,7956,その他製品,プライム（内国株式）,JP,2025-12-31,東京都,204447727616.0,2.4657228,23.87872,23.868715,19.882939754392986,1.0606999,0.043628015,71.6,71.57,70.00000016724405,109170000000.0,13159000000.0,0.109239995,8570000000.0,0.0785,0.103649996,0.7531701911198314,24201000000.0,18127000000.0,76561000000.0,1359000000.0,39609000000.0,561000000.0,52752700000.0,0.25802536724243635
フジコピアン,7957,その他製品,スタンダード（内国株式）,JP,2025-12-31,大阪府,2127620224.0,0.26705414,,,5.714619439139741,0.2838,0.02877698,-1764.61,,259.85606415963605,8475562000.0,-230210000.0,-0.01926,-2701073000.0,-0.31870002,-0.2915,0.5744206992714198,5903482000.0,2836078000.0,7599814000.0,2721695000.0,2541657000.0,1515851000.0,2757427700.0,1.2960149884343268
