会社名,銘柄コード,業種,優先市場,市場タイプ,決算月,都道府県,時価総額,PBR,PER(会予),PER(過去12ヶ月),PER(前年度),配当方向性,配当利回り,EPS(過去12ヶ月),EPS(予想),EPS(前年度),売上高,営業利益,営業利益率,当期純利益,純利益率,ROE,自己資本比率,負債,流動負債,流動資産,総負債,現金及び現金同等物,投資有価証券,ネットキャッシュ,ネットキャッシュ比率
キングジム,7962,その他製品,プライム（内国株式）,JP,2025-06-30,東京都,22359162880.0,0.88567734,,42.48261,-76.55121542365576,0.7487,0.017676767,18.69,,-11.155018664178202,39639500000.0,537715000.0,0.031489998,424944000.0,0.00989,0.015520001,0.6772779797419926,11460881000.0,8210456000.0,24063443000.0,6278288000.0,6831528000.0,2977800000.0,14687022000.0,0.6568681519439783
興研,7963,その他製品,スタンダード（内国株式）,JP,2025-12-31,,9600817152.0,0.6927567,,10.787967,10.194394529384104,0.19459999,0.017730497,179.83,,146.05233855146525,11857057000.0,1271615000.0,0.08833,885292000.0,0.06483,0.05728,0.6147481000490388,8646391000.0,5204940000.0,11529589000.0,5791241000.0,2684275000.0,1023433000.0,3599601100.0,0.3749265341700781
象印マホービン,7965,電気機器,プライム（内国株式）,JP,2025-11-30,大阪府,100640063488.0,1.1126469,21.218206,17.170404,14.918918743740864,0.4334,0.025046963,92.31,74.7,96.62999960432842,91151000000.0,7436000000.0,0.14238,5980000000.0,0.06972,0.072670005,0.7496704188216206,28746000000.0,21515000000.0,85366000000.0,1432000000.0,33177000000.0,11332000000.0,64552400000.0,0.641418514284791
リンテック,7966,その他製品,プライム（内国株式）,JP,2025-03-31,東京都,354909356032.0,1.4606295,19.698347,20.514761,38.26462245292994,0.4161,0.0,264.2,275.15,76.62999997413024,315978000000.0,24564000000.0,0.06492,14476000000.0,0.0544,0.068909995,0.7206604967823985,94349000000.0,69989000000.0,192767000000.0,10345000000.0,55511000000.0,2109000000.0,99894300000.0,0.28146426207764763
信越ポリマー,7970,化学,プライム（内国株式）,JP,2025-03-31,東京都,182363439104.0,1.4076687,17.137463,19.389849,13.025457269568635,0.53,0.02760463,117.02,132.4,116.36999988313639,,,0.10614,,0.08599,0.07834,0.8049716317619683,29837000000.0,26566000000.0,99414000000.0,,44901000000.0,929000000.0,70227300000.0,0.3850952819547897
東リ,7971,化学,スタンダード（内国株式）,JP,2025-03-31,兵庫県,35579109376.0,0.72858685,,9.396073,6.060210116536613,0.38970003,0.0,66.73,,61.68793163993913,105709000000.0,4377000000.0,0.06406,3507000000.0,0.039690003,0.089770004,0.5107746935564462,45687000000.0,32761000000.0,52734000000.0,9780000000.0,8212000000.0,8276000000.0,12840200000.0,0.36089155195833533
イトーキ,7972,その他製品,プライム（内国株式）,JP,2025-12-31,東京都,138292527104.0,2.341599,16.397188,14.726153,,0.3944,0.026910657,190.07,170.7,,153682000000.0,13686000000.0,0.17131001,9382000000.0,0.06325,0.18099001,0.4337994553410238,73912000000.0,49580000000.0,79406000000.0,34627000000.0,21629000000.0,6659000000.0,10155300000.0,0.07343346898536983
任天堂,7974,その他製品,プライム（内国株式）,JP,2025-03-31,京都府,8232351301632.0,2.7868252,20.982576,19.581015,18.92996962707717,0.60080004,0.030505642,364.69,340.33,421.3900000628475,1164922000000.0,282554000000.0,0.14668,278806000000.0,0.18333,0.14931,0.8016224733449757,673070000000.0,597646000000.0,2752352000000.0,,1586275000000.0,369373000000.0,2337843100000.0,0.28398242668975276
リヒトラブ,7975,その他製品,スタンダード（内国株式）,JP,2025-02-28,大阪府,4061409024.0,0.36995542,,60.6998,,1.2645,0.021294719,19.72,,,,,0.02955,,0.0073400005,0.0062,0.791923191742956,2794973000.0,1302014000.0,7205604000.0,437500000.0,2332122000.0,1110475000.0,5187963500.0,1.2773802070520046
三菱鉛筆,7976,その他製品,プライム（内国株式）,JP,2025-12-31,東京都,136038449152.0,0.9685139,14.249291,21.990032,10.967453618552062,0.4376,0.020153165,114.37,176.5,204.80000186049682,89814000000.0,9692000000.0,0.14237,6235000000.0,0.07875,0.055,0.756951995847108,42573000000.0,14703000000.0,91793000000.0,14901000000.0,37067000000.0,32024000000.0,71636800000.0,0.5265923012688712
松風,7979,精密機器,プライム（内国株式）,JP,2025-03-31,京都府,62423666688.0,1.370593,12.957081,13.75147,13.40348096669765,0.4077,0.03126879,127.55,135.37,102.61999948956728,38698000000.0,5392000000.0,0.099209994,4317000000.0,0.10894,0.096920006,0.8532023842861143,7261000000.0,5218000000.0,27521000000.0,,10653000000.0,8709000000.0,26356300000.0,0.4222164669007916
重松製作所,7980,その他製品,スタンダード（内国株式）,JP,2025-03-31,東京都,6649125376.0,0.7047296,,11.686039,8.943814385711779,0.1875,0.0,80.01,,82.13711151736746,14112597000.0,1069333000.0,0.122329995,780581000.0,0.04502,0.078,0.4746365214762261,9480661000.0,7319801000.0,10433841000.0,5038672000.0,1475776000.0,1931600000.0,2305300000.0,0.34670725390755514
タカラスタンダード,7981,その他製品,プライム（内国株式）,JP,2025-03-31,大阪府,189377232896.0,0.97363675,,12.90837,12.56179264285533,0.50020003,0.038347106,232.02,,137.30000007923536,,,-0.01028,,0.04557,0.056750003,0.7024058010790354,82408000000.0,63067000000.0,160391000000.0,6750000000.0,68059000000.0,14745000000.0,88304500000.0,0.46628889148725733
ミロク,7983,その他製品,スタンダード（内国株式）,JP,2025-10-31,高知県,3300126976.0,0.3011614,,,-1.6432849095833457,1.4061999,0.00896861,-856.1,,-777.6673099262765,12518322000.0,-24599000.0,-0.01538,-2525115000.0,-0.21359,-0.21365999,0.4914583174148044,11121384000.0,4304327000.0,10456613000.0,7160000000.0,1663732000.0,4366673000.0,2391900100.0,0.7247903239466141
コクヨ,7984,その他製品,プライム（内国株式）,JP,2025-12-31,,341963243520.0,1.3317173,3.7355216,16.489338,14.146038911025283,0.5072,0.030579131,48.31,213.25,48.03750000352779,359876000000.0,26247000000.0,0.128,21473000000.0,0.05849,0.08267,0.7088534508010185,99593000000.0,89112000000.0,242888000000.0,3470000000.0,80787000000.0,18022000000.0,155910400000.0,0.45592736340647516
ネポン,7985,金属製品,スタンダード（内国株式）,JP,2025-03-31,神奈川県,838766464.0,0.3463116,,,26.794620717173363,0.0,0.0,-353.63,,67.86390874893215,7277473000.0,38807000.0,0.124,-280180000.0,-0.027560001,-0.08043,0.3872721879238704,3691133000.0,2638282000.0,4533781000.0,1932990000.0,521373000.0,80156000.0,898757200.0,1.07152257341562
日本アイ・エス・ケイ,7986,その他製品,スタンダード（内国株式）,JP,2025-12-31,東京都,2909225984.0,0.628614,,6.9894257,5.44479233387694,0.1105,0.015806112,271.41,,270.31296758104736,6064134000.0,595812000.0,0.07381,418693000.0,0.06893,0.09449001,0.7043128644960844,1863740000.0,1173293000.0,2968161000.0,,1410760000.0,270069000.0,1293469300.0,0.4446094277700498
ナカバヤシ,7987,その他製品,スタンダード（内国株式）,JP,2025-03-31,東京都,15379426304.0,0.49998766,7.539894,8.3321085,15.437414346076583,0.3234,0.0,68.05,75.2,31.93932985743975,62767000000.0,1793000000.0,0.07157,1995000000.0,0.031400003,0.047709998,0.507493284320656,27209000000.0,15829000000.0,29789000000.0,13578000000.0,7739000000.0,3081000000.0,4736700000.0,0.307989381812509
ニフコ,7988,化学,プライム（内国株式）,JP,2025-03-31,神奈川県,430220869632.0,1.5301446,13.373658,9.253288,19.906848991036217,0.1602,0.008754651,499.39,345.53,183.26000021567089,353038000000.0,49205000000.0,0.14109,44767000000.0,0.12918,0.17174,0.7239479116203635,101092000000.0,67223000000.0,259565000000.0,35484000000.0,146232000000.0,684000000.0,158951800000.0,0.36946557273235797
立川ブラインド工業,7989,金属製品,プライム（内国株式）,JP,2025-12-31,東京都,51036811264.0,0.9004028,19.00449,15.754529,8.741995196223385,0.4343,0.027537372,161.16,133.6,148.62621674887976,42623365000.0,4411493000.0,0.13793999,3239715000.0,0.07457,0.05878,0.8319584630538613,11382354000.0,8669757000.0,41228434000.0,178713000.0,17675363000.0,5454960000.0,33664552000.0,0.6596131530604866
グローブライド,7990,その他製品,プライム（内国株式）,JP,2025-03-31,東京都,47545016320.0,0.77335376,12.625181,9.3149395,7.624337189552058,0.363,0.039279114,234.14,172.75,242.94597102701732,123983000000.0,6509000000.0,0.041989997,4783000000.0,0.0,,0.5354563563449372,52690000000.0,29118000000.0,73233000000.0,29556000000.0,12299000000.0,6692000000.0,25227400000.0,0.5306003016216864
マミヤ・オーピー,7991,機械,スタンダード（内国株式）,JP,2025-03-31,埼玉県,13002795008.0,0.4957411,,5.577707,3.4450548748793715,0.3987,0.072289154,225.72,,429.9600133062076,33707297000.0,6399609000.0,-0.01939,4718416000.0,0.088570006,0.07782,0.6180832731584162,15505327000.0,8157146000.0,26490269000.0,7892281000.0,14238023000.0,5991783000.0,15179190100.0,1.1673790204845165
セーラー万年筆,7992,その他製品,スタンダード（内国株式）,JP,2025-12-31,東京都,3201471744.0,3.0813124,,,-2.638942981575709,0.0,0.0,-7.48,,-38.65183928267217,4300610000.0,-198723000.0,0.0073,-221716000.0,-0.0514,-0.18834,0.2402867568675308,3276126000.0,2381257000.0,3414924000.0,1913758000.0,534069000.0,13741000.0,148416700.0,0.04635889736592346
オカムラ,7994,その他製品,プライム（内国株式）,JP,2025-03-31,神奈川県,219737325568.0,1.1474222,10.379215,9.799037,9.503760929837199,0.4096,0.0,236.86,223.62,214.26999949211248,314527000000.0,23938000000.0,0.13340001,22045000000.0,0.06813,0.11519,0.640307251749993,102351000000.0,53723000000.0,139618000000.0,35839000000.0,26245000000.0,43971000000.0,68046700000.0,0.3096729234512424
バルカー,7995,化学,プライム（内国株式）,JP,2025-03-31,東京都,113653620736.0,2.2215762,17.714912,21.713516,16.68335703123886,0.5048,0.023076924,297.05,364.1,279.44999641081233,60113000000.0,5670000000.0,0.09907,4676000000.0,0.09528,0.10988,0.6487156753144957,27304000000.0,18569000000.0,46430000000.0,14505000000.0,7969000000.0,3949000000.0,21890300000.0,0.19260539046835845
くろがね工作所,7997,その他製品,スタンダード（内国株式）,JP,2025-11-30,大阪府,1645798656.0,0.34950063,,4.1475625,6.8949730771504285,0.0841,0.021141648,237.73,,122.91868098838401,6342269000.0,-122939000.0,-0.07468,403095000.0,0.05984,0.08448,0.5671963890922093,3695808000.0,2139851000.0,4755144000.0,939249000.0,1526351000.0,1266584000.0,1945944800.0,1.1823711198850317
ＭＵＴＯＨホールディングス,7999,電気機器,スタンダード（内国株式）,JP,2025-03-31,東京都,34743603200.0,1.4462285,114.87102,64.10365,12.979339324019668,0.66980004,0.0,118.09,65.9,167.22631301657663,18128000000.0,1319000000.0,0.02676,1373000000.0,0.57335997,0.35104,0.7903925757778074,5351000000.0,3994000000.0,18607000000.0,,10648000000.0,3857000000.0,15955900000.0,0.459247128403769
伊藤忠商事,8001,卸売業,プライム（内国株式）,JP,2025-03-31,東京都,14601927262208.0,2.3161058,3.2274013,16.310118,11.331078362683545,0.32810003,0.02052786,128.08,647.27,123.1299999923849,,,0.04573,,0.060739998,0.1391,0.3802677156946648,8843552000000.0,4486584000000.0,5723799000000.0,4621705000000.0,549573000000.0,147917000000.0,-3016211100000.0,-0.20656253423521778
丸紅,8002,卸売業,プライム（内国株式）,JP,2025-03-31,東京都,9401771491328.0,2.1551337,18.466686,17.38867,8.786802422050396,0.32569999,0.019474637,330.1,310.83,279.2400000740909,7790168000000.0,272310000000.0,0.03156,502965000000.0,0.065799996,0.13502,0.39439754991700693,5433341000000.0,2822988000000.0,4021442000000.0,2535010000000.0,569144000000.0,139253000000.0,-1314421900000.0,-0.13980576971184586
スクロール,8005,小売業,プライム（内国株式）,JP,2025-03-31,静岡県,55147208704.0,1.4982258,,18.489967,8.184975721355594,0.6466,0.0,88.21,,105.02532811420677,84030000000.0,6052000000.0,0.04419,4267000000.0,0.03126,0.074650005,0.6508602227298687,19563000000.0,17903000000.0,38679000000.0,,8125000000.0,2368000000.0,20773600000.0,0.37669358954324056
ユアサ・フナショク,8006,卸売業,スタンダード（内国株式）,JP,2025-03-31,千葉県,27924615168.0,0.66466105,,11.969112,5.6499118963039985,0.22709998,0.01898734,132.09,,150.74216151897312,123092000000.0,2731000000.0,0.02816,2050000000.0,0.01989,0.0616,0.6045806511801474,25007000000.0,22628000000.0,33314000000.0,2053000000.0,10627000000.0,11927000000.0,16655900000.0,0.5964594283500351
高島,8007,卸売業,プライム（内国株式）,JP,2025-03-31,,23475288064.0,1.0157359,,13.252548,4.1574190202927745,0.8753,0.059244793,51.99,,136.49717514124293,94503000000.0,2133000000.0,0.03078,1566000000.0,0.01895,0.07454,0.3984244887082806,36121000000.0,27808000000.0,41351000000.0,12093000000.0,9080000000.0,2567000000.0,7026900000.0,0.29933179012938055
ヨンドシーホールディングス,8008,小売業,プライム（内国株式）,JP,2025-02-28,東京都,38761979904.0,0.94387174,24.195711,21.647879,29.078581458206884,0.9945,0.04618809,83.38,74.6,60.650000046653844,45902000000.0,1960000000.0,0.04601,1377000000.0,0.025610002,0.0448,0.5855114747195236,27561000000.0,12305000000.0,19939000000.0,14915000000.0,1708000000.0,21475000000.0,7410500000.0,0.1911796048177426
三陽商会,8011,繊維製品,プライム（内国株式）,JP,2025-02-28,東京都,37505716224.0,0.92492086,,9.460424,,0.35439998,0.03792633,392.16,,,,,0.055710003,,0.07037,0.1026,0.6889524176999842,17717000000.0,12036000000.0,38218000000.0,7626000000.0,23714000000.0,6298000000.0,24909600000.0,0.6641547611363914
長瀬産業,8012,卸売業,プライム（内国株式）,JP,2025-03-31,,465744756736.0,0.28172272,3.7424219,14.468516,12.316454996967877,0.3169,0.0,78.93,305.15,48.739999964362056,944961000000.0,39083000000.0,0.04598,25521000000.0,0.03405,0.080690004,0.49378884677588003,401685000000.0,269576000000.0,560126000000.0,172774000000.0,66310000000.0,72028000000.0,208860600000.0,0.448444339907812
ナイガイ,8013,繊維製品,スタンダード（内国株式）,JP,2026-01-31,東京都,2547356160.0,0.37090215,,50.778816,19.971587879999998,0.0,0.0,6.42,,12.217356049307783,13356000000.0,-131000000.0,0.06127,50000000.0,0.00374,0.00745,0.5558883043302306,5487000000.0,3665000000.0,8299000000.0,1563000000.0,2980000000.0,3515000000.0,5272500000.0,2.069793020226901
蝶理,8014,卸売業,プライム（内国株式）,JP,2025-03-31,大阪府,108564520960.0,1.0609453,,9.036083,7.979542703761329,0.3016,0.033561643,487.49,,390.87000132442546,311546000000.0,14493000000.0,0.03973,11658000000.0,0.04013,0.12375,0.6298639064596512,53976000000.0,50556000000.0,121566000000.0,1403000000.0,22812000000.0,10382000000.0,74857400000.0,0.6895199217761095
豊田通商,8015,卸売業,プライム（内国株式）,JP,2025-03-31,愛知県,7809582759936.0,2.4733267,21.023163,21.08609,10.297022363042275,0.3419,0.016830295,350.8,351.85,313.9800000469297,10309550000000.0,499972000000.0,0.0465,362506000000.0,0.03205,0.13203,0.37184288062762505,4311620000000.0,2555043000000.0,4240816000000.0,1853814000000.0,951884000000.0,67956000000.0,-23234800000.0,-0.002975165346757963
オンワードホールディングス,8016,繊維製品,プライム（内国株式）,JP,2025-02-28,東京都,100379148288.0,1.0726105,12.6196995,9.946092,8.105160992044187,0.4042,0.04103967,74.2,58.48,62.67000001008195,,,0.03344,,0.042630002,0.11350001,0.47029874231383006,94932000000.0,62728000000.0,80101000000.0,52074000000.0,13505000000.0,13789000000.0,-5178700000.0,-0.05159139212002157
三共生興,8018,卸売業,スタンダード（内国株式）,JP,2025-03-31,大阪府,33832456192.0,0.62080574,,78.105995,12.477089620054919,3.5095,0.04540359,11.51,,55.48358164333051,22594000000.0,1776000000.0,0.078150004,2108000000.0,0.06123,0.0257,0.7280122595706285,18645000000.0,6905000000.0,16212000000.0,5591000000.0,9013000000.0,31166000000.0,19383200000.0,0.5729173161416327
兼松,8020,卸売業,プライム（内国株式）,JP,2025-03-31,東京都,381995909120.0,1.832998,6.502833,11.781462,8.630005725468973,0.32349998,0.0,194.84,353.0,138.48499998631135,1050936000000.0,42193000000.0,0.040370002,27469000000.0,0.03046,0.16155,0.25233231351283913,501210000000.0,368387000000.0,521367000000.0,203256000000.0,56779000000.0,6768000000.0,24894600000.0,0.0651698078582816
美津濃,8022,その他製品,プライム（内国株式）,JP,2025-03-31,大阪府,271854387200.0,1.640045,5.6013412,14.9095,10.846065354245043,0.25030002,0.015873017,239.78,638.24,186.5700001749542,240335000000.0,20782000000.0,0.09747,15243000000.0,0.06942,0.11071,0.7156202655632807,61359000000.0,42571000000.0,147421000000.0,16022000000.0,32399000000.0,9569000000.0,92760300000.0,0.34121318017118246
ＤＡＩＫＯ　ＸＴＥＣＨ,8023,情報・通信業,スタンダード（内国株式）,JP,2025-03-31,東京都,11542729728.0,0.8775707,,7.523951,7.153975447475774,0.413,0.056947608,121.08,,139.84704709345897,42690259000.0,2410285000.0,0.018819999,1683249000.0,0.03558,0.12118,0.47187827615913464,14120258000.0,9712760000.0,21490511000.0,2360438000.0,8464484000.0,2359370000.0,9021812000.0,0.7816012514020115
ツカモトコーポレーション,8025,卸売業,スタンダード（内国株式）,JP,2025-03-31,東京都,4865825280.0,0.31489936,,,28.319278831581478,1.2993,0.024958402,-60.94,,43.39030784894741,9681223000.0,-332257000.0,-0.01966,-380071000.0,-0.021659998,-0.01509,0.48634760398824484,14843849000.0,9250630000.0,6126087000.0,7996301000.0,2073674000.0,8066425000.0,-3071264500.0,-0.6311908716952533
ルックホールディングス,8029,繊維製品,スタンダード（内国株式）,JP,2025-12-31,東京都,19030575104.0,0.47041345,,12.865526,8.586898179208983,0.506,0.03895598,197.66,,259.79000060865087,52117000000.0,1759000000.0,0.06279,1474000000.0,0.028280001,0.03768,0.6316948252709159,23587000000.0,8185000000.0,30740000000.0,10810000000.0,8690000000.0,6119000000.0,11436300000.0,0.6009434784551637
中央魚類,8030,卸売業,スタンダード（内国株式）,JP,2025-03-31,東京都,15118251008.0,0.4224102,,5.644536,5.47111655267191,0.17899999,0.031496063,670.56,,534.2333688570985,149902000000.0,3229000000.0,0.02744,2901000000.0,0.01931,0.08866999,0.428517924023542,40950000000.0,21449000000.0,29590000000.0,19236000000.0,5529000000.0,12514000000.0,-2600200000.0,-0.1719907943467848
三井物産,8031,卸売業,プライム（内国株式）,JP,2025-03-31,東京都,17379242278912.0,1.9821798,20.867788,21.068546,9.378744451066387,0.39540002,0.01959782,291.05,293.85,306.4866752768055,,,0.03885,,0.05959,0.10301,0.44889575349839206,9048877000000.0,3654185000000.0,5686941000000.0,4841260000000.0,977356000000.0,222638000000.0,-3206089400000.0,-0.18447808877664787
日本紙パルプ商事,8032,卸売業,プライム（内国株式）,JP,2025-03-31,東京都,130799050752.0,1.025621,1.727733,51.53265,5.693878228880575,1.1794,0.023660714,22.51,671.4,84.10284144499028,554524000000.0,15072000000.0,0.02118,7569000000.0,0.00959,0.04701,0.3418112657240321,246669000000.0,192050000000.0,233953000000.0,112639000000.0,19577000000.0,37017000000.0,13195900000.0,0.10088681778753832
東京エレクトロン,8035,電気機器,プライム（内国株式）,JP,2025-03-31,東京都,23452993978368.0,11.281183,40.10311,41.01163,,0.50200003,0.0120398775,1251.84,1280.2,,,,0.2889,,0.23509,0.2927,0.7064811207697238,770775000000.0,677925000000.0,1800756000000.0,,416240000000.0,200013000000.0,1169990100000.0,0.04988659874637528
カメイ,8037,卸売業,プライム（内国株式）,JP,2025-03-31,宮城県,103120003072.0,0.6296328,11.323924,9.631598,6.394927785950944,0.2716,0.028400598,349.89,297.6,300.92261904761904,575787000000.0,15912000000.0,0.02406,10690000000.0,0.01854,0.06904,0.49302796919335223,154247000000.0,122319000000.0,187829000000.0,57421000000.0,62262000000.0,21859000000.0,48883300000.0,0.47404284856226114
築地魚市場,8039,卸売業,スタンダード（内国株式）,JP,2025-03-31,東京都,8949728256.0,1.2172146,,20.82471,36.687522601653455,0.18129998,0.008674102,193.28,,91.04460292949399,62414000000.0,303000000.0,0.012920001,287000000.0,0.00556,0.052010003,0.39368750752921333,10066000000.0,5931000000.0,7175000000.0,4960000000.0,856000000.0,2291000000.0,-1287300000.0,-0.1438367694725233
東京ソワール,8040,繊維製品,スタンダード（内国株式）,JP,2025-12-31,東京都,3674418176.0,0.35037836,,15.512709,5.135391393380322,0.65690005,0.042333018,68.46,,145.399858251615,16112480000.0,173834000.0,-0.02931,236534000.0,0.01465,0.02286,0.7607364512404405,3333966000.0,2384601000.0,8314335000.0,675046000.0,2058553000.0,1673794000.0,6152024800.0,1.6742854256989175
ＯＵＧホールディングス,8041,卸売業,スタンダード（内国株式）,JP,2025-03-31,,22266548224.0,0.56125736,,4.5504184,3.551274305859213,0.107,0.023401689,906.51,,672.1134233199951,350092000000.0,5101000000.0,0.02854,4527000000.0,0.01398,0.13518,0.39385177799933535,54717000000.0,46320000000.0,68521000000.0,24520000000.0,2793000000.0,7108000000.0,18779600000.0,0.8433996958611846
スターゼン,8043,卸売業,プライム（内国株式）,JP,2025-03-31,東京都,64117506048.0,0.6875784,,5.222005,6.788736690448034,0.1707,0.09865471,214.86,,128.87094470396858,436112000000.0,9046000000.0,0.03288,12197000000.0,0.028110001,0.14224,0.5161997719816654,83170000000.0,50268000000.0,111416000000.0,42563000000.0,16291000000.0,21597000000.0,43363900000.0,0.676319193817936
横浜丸魚,8045,卸売業,スタンダード（内国株式）,JP,2025-03-31,神奈川県,9709188096.0,0.48623732,,20.1905,14.361237534351309,0.5641,0.027692307,79.79,,64.31204718453385,39841896000.0,354727000.0,0.0173,508223000.0,0.01474,0.03464,0.6873283209376303,7850430000.0,3641070000.0,7326266000.0,797377000.0,2917894000.0,13675446000.0,9048648200.0,0.9319675456414188
丸藤シートパイル,8046,卸売業,スタンダード（内国株式）,JP,2025-03-31,東京都,16428121088.0,0.4996987,,9.429848,7.224791097168325,0.27,0.028729282,96.29,,76.66946074322436,35585000000.0,1581000000.0,0.07768,1534000000.0,0.05195,0.06427,0.7033591848802565,13043000000.0,12227000000.0,32854000000.0,500000000.0,5092000000.0,1290000000.0,20714000000.0,1.2608867373841455
セイコーグループ,8050,精密機器,プライム（内国株式）,JP,2025-03-31,東京都,531324862464.0,3.0493495,18.955965,30.964176,15.974447993798352,0.274,0.008984375,209.92,342.9,122.1649995902714,304744000000.0,21241000000.0,0.1294,13316000000.0,0.0,,0.42241547411411673,211223000000.0,149628000000.0,174183000000.0,116641000000.0,39429000000.0,53123000000.0,146100000.0,0.0002749730161740719
山善,8051,卸売業,プライム（内国株式）,JP,2025-03-31,大阪府,142612742144.0,1.0041741,,15.610387,18.498517283493925,0.5171,0.033678755,100.51,,66.91999998679754,516126000000.0,9536000000.0,0.024319999,7845000000.0,0.0,0.06929,0.43313773459018357,164333000000.0,143780000000.0,229411000000.0,13102000000.0,64300000000.0,24063000000.0,81922100000.0,0.574437450457835
椿本興業,8052,卸売業,プライム（内国株式）,JP,2025-03-31,大阪府,50001989632.0,1.0426083,,9.812191,9.782778108536133,0.2703,0.0,277.41,,212.86206240349367,124323000000.0,6021000000.0,0.05834,4691000000.0,0.03833,0.106479995,0.43443062619198985,56657000000.0,52016000000.0,81082000000.0,,28953000000.0,15459000000.0,35246300000.0,0.704897950249629
住友商事,8053,卸売業,プライム（内国株式）,JP,2025-03-31,東京都,9201191485440.0,1.9838356,17.367863,15.446812,10.754190333415577,0.3008,0.020193862,498.42,443.29,315.6399999887911,7292084000000.0,405023000000.0,0.059910003,561859000000.0,0.08182,0.13518,0.3996558898978356,6745603000000.0,3261640000000.0,5074132000000.0,3783638000000.0,570617000000.0,206131000000.0,-1527179300000.0,-0.16597625453362364
ＢＩＰＲＯＧＹ,8056,情報・通信業,プライム（内国株式）,JP,2025-03-31,東京都,438361849856.0,2.572766,15.836852,14.176401,17.06381060541181,0.4062,0.028786536,320.18,286.61,250.4700008153222,404010000000.0,38236000000.0,0.09661999,26965000000.0,0.07196,0.17875,0.510916476263011,159579000000.0,122649000000.0,196809000000.0,42599000000.0,64801000000.0,32548000000.0,60013600000.0,0.13690424935407636
内田洋行,8057,卸売業,プライム（内国株式）,JP,2025-07-31,東京都,100465885184.0,1.3600364,2.3071694,8.381681,10.822941408064652,0.2469,0.02952756,243.03,882.9,142.1662263767527,,,0.02633,,0.03076,0.17313999,,,,,,,,,
三菱商事,8058,卸売業,プライム（内国株式）,JP,2025-03-31,東京都,21471028051968.0,2.3872373,27.65516,27.983774,11.31321772039784,0.5244,0.02,209.55,212.04,235.7999999833327,,,0.01757,,0.04232,0.08984999,0.4358331165498641,11341782000000.0,5883020000000.0,8752370000000.0,5339302000000.0,1536624000000.0,67725000000.0,-2542004500000.0,-0.11839230491653165
第一実業,8059,卸売業,プライム（内国株式）,JP,2025-03-31,,98181341184.0,1.1213448,12.664744,9.88746,8.334548945703155,0.402,0.03076923,311.0,242.8,234.5300021585813,221755000000.0,13113000000.0,0.080690004,8841000000.0,0.04478,0.120129995,0.4654408804187357,91523000000.0,87777000000.0,149940000000.0,2220000000.0,35960000000.0,12709000000.0,67313300000.0,0.6856017567925587
キヤノンマーケティングジャパン,8060,卸売業,プライム（内国株式）,JP,2025-12-31,東京都,792882708480.0,2.000405,10.029247,19.773539,15.732261816527014,0.4458,0.02254642,190.76,376.1,159.84499991159024,679799000000.0,58188000000.0,0.10792,41458000000.0,0.06643,0.11684,0.7315343375393762,150612000000.0,125081000000.0,339646000000.0,3159000000.0,159573000000.0,21971000000.0,204413700000.0,0.2578107679909836
西華産業,8061,卸売業,プライム（内国株式）,JP,2025-03-31,東京都,117073108992.0,2.3565924,,19.982784,9.264653207094176,0.4921,0.02631579,162.64,,123.43999916845053,93734000000.0,6487000000.0,0.07194,7799000000.0,0.06392,0.13578,0.36446310978669527,81868000000.0,77119000000.0,105833000000.0,200000000.0,16829000000.0,16922000000.0,35810400000.0,0.30588066130922553
佐藤商事,8065,卸売業,プライム（内国株式）,JP,2025-03-31,東京都,67615510528.0,0.8798324,,10.523771,5.390768772769505,0.2644,0.0,310.25,,299.9100038504963,284552000000.0,6817000000.0,0.03481,6015000000.0,0.02248,0.09036,0.3998761269815301,102690000000.0,92257000000.0,125596000000.0,32202000000.0,3912000000.0,17927000000.0,35454900000.0,0.5243604569889021
三谷商事,8066,卸売業,スタンダード（内国株式）,JP,2025-03-31,福井県,228883202048.0,1.3008599,,11.582244,8.48927205416585,0.3259,0.011995638,236.31,,203.550000751814,339005000000.0,31509000000.0,0.094189994,19022000000.0,0.05905,0.11675,0.5591261187739976,106829000000.0,95623000000.0,240898000000.0,8310000000.0,128469000000.0,13627000000.0,143607900000.0,0.6274287440713252
東京産業,8070,卸売業,プライム（内国株式）,JP,2025-03-31,東京都,23142719488.0,0.92530125,,10.664419,-10.715670062547202,0.4454,0.042577676,83.08,,-60.94603248061856,70716000000.0,2267000000.0,0.02483,2164000000.0,0.07514,0.20397,0.2479756008180346,63594000000.0,55938000000.0,62646000000.0,13722000000.0,15952000000.0,7197000000.0,4089900000.0,0.1767251252438462
ＹＵＡＳＡ,8074,卸売業,プライム（内国株式）,JP,2025-03-31,東京都,117060370432.0,0.97523177,,9.768439,8.75577903765685,0.3337,0.0,569.18,,559.6900003506355,528387000000.0,15761000000.0,0.03887,10242000000.0,0.022049999,0.10498,0.37884471639404105,178221000000.0,170124000000.0,210333000000.0,7007000000.0,43854000000.0,13082000000.0,41269400000.0,0.35254800448434653
神鋼商事,8075,卸売業,プライム（内国株式）,JP,2025-03-31,大阪府,65818128384.0,0.69070673,,8.156249,6.3409985282526256,0.33720002,0.044415697,305.41,,345.1003421572737,617177000000.0,13223000000.0,0.02182,8563000000.0,0.01348,0.084910005,0.23634812727789697,293895000000.0,272200000000.0,337539000000.0,61255000000.0,21381000000.0,32574000000.0,66445800000.0,1.009536454946546
カノークス,8076,卸売業,スタンダード（内国株式）,JP,2025-03-31,愛知県,19313840128.0,0.5890328,,9.252213,7.741097856603941,0.477,0.0,218.11,,218.04918304146983,,,0.01632,,0.013250001,0.06465,0.36128733949784675,56033699000.0,45222627000.0,68500662000.0,31666406000.0,5225728000.0,12038450000.0,20893878000.0,1.0818085819044012
トルク,8077,卸売業,スタンダード（内国株式）,JP,2025-10-31,大阪府,4694627328.0,0.3307173,,5.2182636,,0.1505,0.028708134,39.86,,,22538290000.0,1009912000.0,0.02708,904875000.0,0.03665,0.060879998,0.4197894897879511,19751778000.0,12034028000.0,16529164000.0,12796326000.0,3257913000.0,9079518000.0,3133048600.0,0.6673689690582401
阪和興業,8078,卸売業,プライム（内国株式）,JP,2025-03-31,大阪府,338267996160.0,0.85431165,4.196327,8.330937,4.270095014894869,0.2348,0.028356481,208.74,414.41,253.48800036158843,2554514000000.0,61533000000.0,0.02004,45482000000.0,0.01513,,0.328574675867748,776337000000.0,461670000000.0,903705000000.0,377640000000.0,65313000000.0,116299000000.0,208777300000.0,0.6171949530254964
正栄食品工業,8079,卸売業,プライム（内国株式）,JP,2025-10-31,東京都,66127552512.0,1.168108,17.924528,22.00408,23.0007007909706,0.3309,0.015286624,181.33,222.6,188.1800042525401,124897835000.0,4942912000.0,0.04592,3035838000.0,0.028800001,0.06632,0.5676566310142368,40655562000.0,33770661000.0,65764154000.0,22319715000.0,11505001000.0,4693210000.0,28393839000.0,0.42937985637450354
カナデン,8081,卸売業,プライム（内国株式）,JP,2025-03-31,東京都,55694557184.0,1.1416329,,13.495407,9.406622515268277,0.4053,0.03192848,185.1,,148.17658349328215,125665000000.0,4500000000.0,0.02318,3942000000.0,0.02783,0.08357,0.5386782815639699,41095000000.0,40434000000.0,72011000000.0,77000000.0,16723000000.0,4358000000.0,33966600000.0,0.6098728801772028
ＲＹＯＤＥＮ,8084,卸売業,プライム（内国株式）,JP,2025-03-31,東京都,76742828032.0,0.85311306,,14.578215,9.357784695307052,0.56520003,0.0,244.2,,262.3559306436301,215790000000.0,5483000000.0,0.035520002,4700000000.0,0.02479,0.05746,0.6281981759921124,52784000000.0,49296000000.0,125802000000.0,2616000000.0,33311000000.0,6850000000.0,77813000000.0,1.0139449117975396
ナラサキ産業,8085,卸売業,スタンダード（内国株式）,JP,2025-03-31,北海道,21417560064.0,0.8035256,,9.74366,6.097358215333942,0.2733,0.028301887,439.26,,457.9598436289048,112512000000.0,3067000000.0,0.02495,2241000000.0,0.01907,0.0877,0.4627560686272774,29781000000.0,25314000000.0,39001000000.0,2504000000.0,12637000000.0,3952000000.0,11986400000.0,0.5596529186416292
ニプロ,8086,精密機器,プライム（内国株式）,JP,2025-03-31,,265927655424.0,1.0423553,15.421356,22.238134,16.970753403791473,,0.015748031,73.32,105.73,68.11331816969452,644586000000.0,26598000000.0,0.06726,5113000000.0,0.0233,0.058119997,0.21566099760457352,858944000000.0,350545000000.0,574418000000.0,636873000000.0,106668000000.0,15287000000.0,-273825100000.0,-1.0296977182136553
岩谷産業,8088,卸売業,プライム（内国株式）,JP,2025-03-31,大阪府,432734896128.0,1.0543991,2.734426,9.139968,10.192684412873165,0.3429,0.037085745,205.69,687.53,188.9008249592103,883011000000.0,46232000000.0,0.041989997,40448000000.0,0.045229997,0.10373,0.4426010726971293,475005000000.0,254993000000.0,328458000000.0,231282000000.0,27759000000.0,211938000000.0,1809600000.0,0.004181775068735693
ナイス,8089,卸売業,スタンダード（内国株式）,JP,2025-03-31,神奈川県,22424530944.0,0.39354432,,6.6558666,4.645857252645127,0.2344,0.03550914,290.12,,356.28290150557496,243054000000.0,4629000000.0,0.022880001,2872000000.0,0.01575,0.07001,0.3287475809327806,109377000000.0,76106000000.0,106717000000.0,41902000000.0,25567000000.0,10514000000.0,4699800000.0,0.20958297909270196
ニチモウ,8091,卸売業,プライム（内国株式）,JP,2025-03-31,東京都,19113523200.0,0.5612381,3.4480145,6.5214276,7.666073687119601,0.2923,0.045232818,348.85,659.8,283.20763206590385,133900000000.0,3003000000.0,0.0358,2666000000.0,0.022130001,0.09714,0.36355868973982525,52870000000.0,32086000000.0,56501000000.0,31257000000.0,5956000000.0,14434000000.0,13734800000.0,0.7185906991757542
極東貿易,8093,卸売業,プライム（内国株式）,JP,2025-03-31,東京都,23323727872.0,0.76695037,,6.1145287,20.4064969516213,0.2208,0.03617571,316.95,,93.8083258946685,52982000000.0,2042000000.0,0.03444,3717000000.0,0.03026,0.0675,0.5060334425099121,28655000000.0,24801000000.0,43688000000.0,7645000000.0,8834000000.0,9405000000.0,21616500000.0,0.9268029587135804
アステナホールディングス,8095,卸売業,プライム（内国株式）,JP,2025-11-30,東京都,19564742656.0,0.71007645,,8.943389,-7.2529547592740435,0.3319,0.0373444,54.23,,-63.17269380450506,62744000000.0,3018000000.0,0.06964,2187000000.0,0.03491,0.0854,0.3588897283970255,48045000000.0,38074000000.0,47339000000.0,22586000000.0,10190000000.0,4291000000.0,2297700000.0,0.11744084961400476
三愛オブリ,8097,卸売業,プライム（内国株式）,JP,2025-03-31,東京都,143319662592.0,1.2761842,,20.656439,10.900537286840182,0.89199996,0.043346338,112.12,,171.1499996772914,654404000000.0,11809000000.0,0.020550001,8656000000.0,0.012940001,0.070700005,0.5481966104968374,87088000000.0,71692000000.0,96390000000.0,4136000000.0,40599000000.0,15516000000.0,20163200000.0,0.14068690670449216
稲畑産業,8098,卸売業,プライム（内国株式）,JP,2025-03-31,大阪府,215129112576.0,0.93454653,12.127596,10.472157,8.174439736986267,0.3326,0.0,384.83,332.3,362.1700031427302,837838000000.0,25825000000.0,0.02829,19833000000.0,0.02478,0.09349,0.47095969880444916,225421000000.0,168469000000.0,359977000000.0,73632000000.0,59839000000.0,36230000000.0,159917000000.0,0.7433535986139724
ＧＳＩクレオス,8101,卸売業,プライム（内国株式）,JP,2025-03-31,東京都,28898977792.0,0.9192221,,11.7474375,13.18304653506834,0.48240003,0.04092827,200.98,,164.6045174686646,165541000000.0,2956000000.0,0.021429999,2358000000.0,0.01502,0.08788,0.3762270993559682,49880000000.0,46767000000.0,68587000000.0,13477000000.0,7994000000.0,5978000000.0,22891600000.0,0.7921249036821295
明和産業,8103,卸売業,プライム（内国株式）,JP,2025-03-31,東京都,35752165376.0,0.8919152,,10.674759,8.87973886382957,0.50009996,0.04778157,84.03,,66.07981995960397,156727000000.0,3569000000.0,0.02015,3376000000.0,0.02046,0.08602,0.5154085269448241,35728000000.0,32284000000.0,57418000000.0,1600000000.0,8382000000.0,14453000000.0,31807100000.0,0.8896552045306807
クワザワホールディングス,8104,卸売業,スタンダード（内国株式）,JP,2025-03-31,,8514183168.0,0.5120601,,13.083049,16.886252315145516,0.4096,0.03141361,43.95,,49.28607031984864,65406000000.0,1465000000.0,0.0136899995,747000000.0,0.007929999,0.0301,0.3873627039740077,25156000000.0,22288000000.0,32188000000.0,2065000000.0,7512000000.0,1530000000.0,8103000000.0,0.9517060932462195
Ｂｉｔｃｏｉｎ　Ｊａｐａｎ,8105,卸売業,スタンダード（内国株式）,JP,2025-03-31,東京都,7836481024.0,2.7003858,,,138.97516894883145,0.0,0.0,-8.6,,0.34538544088888906,3098781000.0,-355167000.0,-0.10745,-407319000.0,-0.18606001,-0.20061001,0.8033811548019857,654773000.0,627305000.0,3112522000.0,,474747000.0,51318000.0,2493671600.0,0.31821318680704813
キムラタン,8107,繊維製品,スタンダード（内国株式）,JP,2025-03-31,兵庫県,9087519744.0,7.84407,,,98.0070425709516,0.0,0.0,-0.19,,0.17345692262566698,1758327000.0,134788000.0,0.09187,-46439000.0,-0.029360002,-0.06329,0.11223613806662527,8958616000.0,1325491000.0,2117547000.0,8120186000.0,204274000.0,451000.0,-6840753300.0,-0.7527635144360023
ゴールドウイン,8111,繊維製品,プライム（内国株式）,JP,2025-03-31,東京都,315392491520.0,2.6651554,3.821176,13.317743,17.055435595481416,0.3848,0.030871497,173.19,603.61,179.6966670527371,132305000000.0,21905000000.0,0.26794,24444000000.0,0.16303,0.19478,0.7315893078467891,39677000000.0,37391000000.0,93438000000.0,2629000000.0,52526000000.0,33014000000.0,76870800000.0,0.2437305962153046
ユニ・チャーム,8113,化学,プライム（内国株式）,JP,2025-12-31,東京都,1609520381952.0,2.047085,5.2881627,27.054398,27.546256262731625,0.5214,0.019377759,34.56,176.81,46.40999999187958,945268000000.0,101979000000.0,0.13442001,65212000000.0,0.06309,0.07699,0.6497061747450898,331917000000.0,263933000000.0,641644000000.0,11055000000.0,253092000000.0,160589000000.0,422139300000.0,0.26227645498222046
ムーンバット,8115,卸売業,スタンダード（内国株式）,JP,2025-03-31,京都府,6639569408.0,1.1407427,,9.123002,5.945338094133579,0.3532,0.03504043,161.46,,119.26406443504504,11946371000.0,702772000.0,-0.043720003,583334000.0,0.046729997,0.09810001,0.5496045704328059,4464904000.0,3919594000.0,5981295000.0,2429318000.0,1343187000.0,253880000.0,1694107000.0,0.25515314260572003
中央自動車工業,8117,卸売業,スタンダード（内国株式）,JP,2025-03-31,大阪府,103124271104.0,1.7069592,3.8316221,11.170978,12.556063953091403,0.3371,0.030351833,167.04,487.0,143.6191035782418,41558245000.0,11040087000.0,0.2291,8681893000.0,0.20773001,0.16554001,0.8772937409529842,7790942000.0,6480939000.0,31449434000.0,,23560632000.0,17769678000.0,36097266600.0,0.35003657445099606
キング,8118,繊維製品,スタンダード（内国株式）,JP,2025-03-31,東京都,17856210944.0,0.78025836,,27.565838,20.65284097685107,0.443,0.016348774,40.63,,33.00105256640456,8157000000.0,865000000.0,0.117180005,733000000.0,0.07886,0.027309999,0.8738966442431076,3243000000.0,1539000000.0,12818000000.0,380000000.0,10718000000.0,3100000000.0,11745000000.0,0.6577543263144819
三栄コーポレーション,8119,卸売業,スタンダード（内国株式）,JP,2025-03-31,,7509379584.0,0.52228266,,18.303986,11.357994675690831,0.84550005,0.046085857,43.16,,55.77000006218119,39861723000.0,2096862000.0,0.01595,974483000.0,0.01021,0.02735,0.564368551719344,10278093000.0,8108227000.0,17204840000.0,4273740000.0,7721166000.0,4370475000.0,9986079500.0,1.3298141861515467
川辺,8123,卸売業,スタンダード（内国株式）,JP,2025-03-31,東京都,2445202432.0,0.33592564,,5.117043,10.134153875851188,0.191,0.037537538,261.87,,146.25337181198054,12769226000.0,307655000.0,0.01933,411806000.0,0.026989998,0.0496,0.5712452830796956,5319757000.0,4542277000.0,6912100000.0,2274010000.0,1360532000.0,1154883000.0,2400761100.0,0.9818250908724763
ワキタ,8125,卸売業,プライム（内国株式）,JP,2025-02-28,大阪府,89561554944.0,0.8821625,17.367407,25.831898,21.613015542658975,1.4333,0.05521811,69.72,103.7,63.4499994916767,92321000000.0,6391000000.0,0.03993,3912000000.0,0.037019998,0.034590002,0.6888966504359022,44099000000.0,22206000000.0,50036000000.0,830000000.0,21183000000.0,4899000000.0,9366300000.0,0.10457947057592346
ヤマトインターナショナル,8127,繊維製品,スタンダード（内国株式）,JP,2025-08-31,大阪府,13193054208.0,0.73614025,,90.88359,19.80036400793137,2.244,0.028070176,7.13,,17.175322462886346,19444522000.0,-201508000.0,-0.030580001,143178000.0,0.00748,0.00825,0.7430728797608254,5986693000.0,4563137000.0,10308720000.0,832122000.0,4880363000.0,5902647000.0,8453879900.0,0.6407826244565674
東邦ホールディングス,8129,卸売業,プライム（内国株式）,JP,2025-03-31,東京都,266830348288.0,0.99263185,19.72262,13.686446,11.940614929355334,0.2821,0.019549219,301.32,209.1,286.79000159284584,1518495000000.0,18942000000.0,0.01233,19844000000.0,0.01561,0.09097,0.35525349160561975,465910000000.0,424008000000.0,548946000000.0,21260000000.0,86533000000.0,64095000000.0,127902500000.0,0.4793401530996393
サンゲツ,8130,卸売業,プライム（内国株式）,JP,2025-03-31,,174317404160.0,1.510484,10.805394,12.543893,12.259250987945594,0.6455,0.05096925,236.37,274.4,243.30000129557973,200378000000.0,18176000000.0,0.10257,12567000000.0,0.06826,0.12467,0.6147863308296031,70080000000.0,58276000000.0,117011000000.0,12784000000.0,33727000000.0,8203000000.0,52673100000.0,0.3021677626156775
ミツウロコグループホールディングス,8131,卸売業,スタンダード（内国株式）,JP,2025-03-31,東京都,98251423744.0,0.93386245,,10.916819,8.570671988537134,0.3704,0.0,164.7,,155.14683659143677,339656000000.0,8769000000.0,0.04533,10515000000.0,0.027090002,0.09011,0.5307739938080496,87038000000.0,51368000000.0,94208000000.0,27078000000.0,42627000000.0,26123000000.0,25456100000.0,0.25909141089219634
シナネンホールディングス,8132,卸売業,プライム（内国株式）,JP,2025-03-31,東京都,77842464768.0,1.3825443,,22.738085,-50.65397992986326,0.2854,0.013100437,315.33,,-95.46461313310083,317118000000.0,4009000000.0,0.01571,3153000000.0,0.00976,0.055120002,0.5211641210565069,50705000000.0,43248000000.0,62862000000.0,5484000000.0,11919000000.0,8243000000.0,17927100000.0,0.2302997477460348
伊藤忠エネクス,8133,卸売業,プライム（内国株式）,JP,2025-03-31,東京都,234296606720.0,1.2889568,,14.591097,10.332914516548458,0.4639,0.03206997,142.21,,151.62960598645245,,,0.02852,,0.018860001,0.08877,0.38965283274906704,239403000000.0,163994000000.0,200419000000.0,56654000000.0,13931000000.0,9382000000.0,-32416600000.0,-0.13835710407338503
ゼット,8135,卸売業,スタンダード（内国株式）,JP,2025-03-31,大阪府,8338875904.0,0.55891573,,2.8646357,6.823410788529007,0.0672,0.023696683,148.71,,41.381424338408095,55309000000.0,1075000000.0,0.01492,2992000000.0,0.01656,0.066,0.44421380384016607,18207000000.0,16631000000.0,26348000000.0,47000000.0,9078000000.0,3622000000.0,10676400000.0,1.2803164506715747
サンリオ,8136,卸売業,プライム（内国株式）,JP,2025-03-31,東京都,1037618118656.0,7.5338483,6.524358,20.960077,39.548601734837085,0.31370002,0.0148906475,40.83,131.17,14.36599999695752,144904000000.0,51660000000.0,0.41814998,41731000000.0,0.0,,0.5287837317075581,94801000000.0,49277000000.0,151698000000.0,45323000000.0,118976000000.0,7558000000.0,62187600000.0,0.0599330320875179
サンワテクノス,8137,卸売業,プライム（内国株式）,JP,2025-03-31,東京都,57551392768.0,1.112445,,17.785725,6.577161269998614,0.5745,0.0,212.53,,329.869994855293,139581000000.0,3508000000.0,0.03957,2443000000.0,0.02201,0.06358,0.5276434818109542,43966000000.0,39133000000.0,82875000000.0,8780000000.0,23371000000.0,6399000000.0,43388300000.0,0.7539052994756535
三京化成,8138,卸売業,スタンダード（内国株式）,JP,2025-03-31,大阪府,3940999680.0,0.43667415,,4.7428694,11.886399909027132,0.1027,0.021348314,925.6,,260.06376594148537,27117644000.0,464075000.0,0.02211,629354000.0,0.03484,0.09854,0.5385037030993292,7466244000.0,6478525000.0,10974124000.0,720000000.0,1469080000.0,3424920000.0,5905324000.0,1.4984330067238167
ナガホリ,8139,卸売業,スタンダード（内国株式）,JP,2025-03-31,東京都,41067245568.0,3.0090294,,85.36819,41.11217952581198,0.32,0.0038255546,31.37,,33.90719128089617,22891436000.0,723029000.0,0.081190005,406380000.0,0.03539,0.07137,0.4953460959054309,13243968000.0,11999874000.0,19031894000.0,10401872000.0,2287813000.0,1345782000.0,6729973400.0,0.1638769122914847
新光商事,8141,卸売業,プライム（内国株式）,JP,2025-03-31,東京都,44969562112.0,0.8609582,,56.310333,11.918879257432723,0.4996,0.008408409,27.97,,96.53000035450748,116008000000.0,637000000.0,0.01066,505000000.0,0.0032499998,0.0064,0.6458257860613859,27514000000.0,21255000000.0,71517000000.0,10070000000.0,28616000000.0,6103000000.0,48275100000.0,1.0735061168656104
トーホー,8142,卸売業,プライム（内国株式）,JP,2026-01-31,兵庫県,43043803136.0,1.2500381,,9.441219,6.565695086568727,0.3498,0.037064493,142.99,,138.97333502972728,259747000000.0,7855000000.0,0.03267,4576000000.0,0.01762,0.1396,0.35700955896074815,61911000000.0,45932000000.0,52969000000.0,19270000000.0,11200000000.0,2907000000.0,-6907100000.0,-0.16046676865834833
ラピーヌ,8143,繊維製品,スタンダード（内国株式）,JP,2025-02-28,東京都,423109824.0,0.567933,,,-1.9848201892940651,0.0,0.0,-109.78,,-136.03247359955063,2042991000.0,-360564000.0,-0.108739994,-129269000.0,-0.13828,-0.32619998,0.2776200594090789,2196964000.0,1277218000.0,1325836000.0,1575087000.0,760662000.0,517418000.0,-508935400.0,-1.2028446779812894
デンキョーグループホールディングス,8144,卸売業,スタンダード（内国株式）,JP,2025-03-31,大阪府,8584637952.0,0.31444848,,20.839054,88.94114760044643,0.6098,0.029717682,65.55,,13.83399209486166,54326000000.0,109000000.0,0.02928,420000000.0,0.00712,0.01395,0.739349493366176,9312000000.0,6829000000.0,19527000000.0,1364000000.0,5216000000.0,4497000000.0,13362900000.0,1.556606123020807
トミタ,8147,卸売業,スタンダード（内国株式）,JP,2025-03-31,東京都,6030114816.0,0.48179597,,8.694362,13.851290326981806,0.1633,0.018410042,134.8,,108.23999168396442,21676665000.0,771210000.0,0.02997,629559000.0,0.03088,0.05421,0.6381790987696403,6435681000.0,5041599000.0,13746457000.0,165080000.0,6116288000.0,2307805000.0,8926239500.0,1.4802768723931374
三信電気,8150,卸売業,プライム（内国株式）,JP,2025-03-31,東京都,34548666368.0,0.7843414,,7.3575807,8.455750401232464,0.378,0.051528074,383.55,,224.65999267969192,157342000000.0,5791000000.0,0.03209,3522000000.0,0.02622,,0.4816714059655677,43500000000.0,42768000000.0,74878000000.0,24256000000.0,9361000000.0,2242000000.0,32947400000.0,0.9536518616682946
東陽テクニカ,8151,卸売業,プライム（内国株式）,JP,2025-09-30,東京都,38417817600.0,1.3986596,14.350173,32.188686,13.720416869102335,1.2473,0.039406054,55.33,124.11,112.45999750559703,32559176000.0,1914644000.0,-0.02727,1195595000.0,0.03663,0.04398,0.7030174189648378,11817358000.0,10811336000.0,19490370000.0,2700000000.0,3657789000.0,2392783000.0,9347960100.0,0.24332355880621392
ソマール,8152,卸売業,スタンダード（内国株式）,JP,2025-03-31,東京都,10290386944.0,0.47797543,,4.585215,5.072898434828988,0.0863,0.01831502,1158.07,,707.0555121220685,30363512000.0,2570297000.0,0.086289994,2586595000.0,0.06165,0.09273,0.6513245872358808,10799276000.0,8919983000.0,22733389000.0,5000000000.0,8978283000.0,2388151000.0,13605818700.0,1.3221872777032087
モスフードサービス,8153,卸売業,プライム（内国株式）,JP,2025-03-31,東京都,120330371072.0,2.048372,38.80597,28.60286,40.466225171923774,0.2203,0.003916449,136.35,100.5,83.45000008756898,96185000000.0,5224000000.0,0.07703,3150000000.0,0.04478,0.080740005,0.6707456314535345,26250000000.0,19385000000.0,43730000000.0,5428000000.0,25300000000.0,14067000000.0,27326900000.0,0.22709894232478411
加賀電子,8154,卸売業,プライム（内国株式）,JP,2025-03-31,東京都,208031842304.0,1.190788,11.112526,9.329315,7.683817539411461,0.2351,0.025085518,467.88,392.8,387.30500064154234,547779000000.0,23601000000.0,0.040900003,17083000000.0,0.04803,0.16999,0.5437774600796281,139294000000.0,117704000000.0,257164000000.0,30390000000.0,80188000000.0,12556000000.0,126659200000.0,0.6088452546361198
都築電気,8157,情報・通信業,プライム（内国株式）,JP,2025-03-31,東京都,67172478976.0,1.4812423,,12.062766,7.13409978285276,0.3398,0.028184282,305.9,,304.7500048408345,98263000000.0,6482000000.0,0.06342,4764000000.0,0.06337,0.14908,0.551503191236901,35435000000.0,29209000000.0,65063000000.0,9547000000.0,38713000000.0,4538000000.0,32804600000.0,0.4883636944785189
ソーダニッカ,8158,卸売業,プライム（内国株式）,JP,2025-03-31,東京都,24284375040.0,0.7351102,,10.272253,13.063690373073268,0.4246,0.0,103.58,,81.04792780162973,65146000000.0,2111000000.0,0.03275,2195000000.0,0.03542,0.07462,0.40346994535519126,43666000000.0,39390000000.0,51247000000.0,3165000000.0,7231000000.0,13794000000.0,17236800000.0,0.7097897298822148
立花エレテック,8159,卸売業,プライム（内国株式）,JP,2025-03-31,大阪府,66369875968.0,0.6634939,9.227009,10.092234,8.624050692726932,,0.031847134,299.24,327.3,347.2699929701501,220112000000.0,8225000000.0,0.03295,7046000000.0,0.02863,0.064380005,0.5742552111041254,70425000000.0,57733000000.0,130240000000.0,10517000000.0,24069000000.0,25794000000.0,77870800000.0,1.1732853024698302
木曽路,8160,小売業,プライム（内国株式）,JP,2025-03-31,愛知県,64458158080.0,2.121861,,16.15955,160.95775431969432,0.2328,0.014537445,141.65,,15.500000142201836,53229000000.0,2708000000.0,-0.09779,3166000000.0,0.06528,0.12272,0.6485325238879032,16442000000.0,13212000000.0,19503000000.0,7813000000.0,13389000000.0,2994000000.0,5156800000.0,0.08000228603491613
ＳＲＳホールディングス,8163,小売業,プライム（内国株式）,JP,2025-03-31,大阪府,49993572352.0,2.8297184,,67.65529,26.03671905440679,0.41900003,0.0062972293,17.87,,43.4900000916532,67478441000.0,2678810000.0,0.03101,925802000.0,0.01391,0.06384,0.3590981857280758,28922366000.0,11184467000.0,18090516000.0,17783916000.0,12567643000.0,1188514000.0,-9999890200.0,-0.20002351761525905
千趣会,8165,小売業,スタンダード（内国株式）,JP,2025-12-31,東京都,5987298304.0,0.35143209,,1.519829,-3.6868722345132743,0.0,0.0,84.22,,-77.30129548078156,42071000000.0,-2583000000.0,-0.10767999,3940000000.0,0.09877,0.29003,0.6515736739454664,9111000000.0,8805000000.0,17557000000.0,306000000.0,6937000000.0,342000000.0,8685400000.0,1.4506375929519746
タカキュー,8166,小売業,スタンダード（内国株式）,JP,2025-02-28,東京都,2659525888.0,0.32211766,,6.5181518,-16.692766190676597,0.0,0.03797468,12.12,,-4.193433203365483,9650127000.0,203590000.0,0.08993,1968805000.0,0.02579,0.099580005,0.18902917025510313,4615960000.0,1794839000.0,3507309000.0,1991353000.0,1378442000.0,655383000.0,-649882900.0,-0.24436043391505427
リテールパートナーズ,8167,小売業,プライム（内国株式）,JP,2025-02-28,山口県,57330126848.0,0.6264473,,11.176078,15.209966613924777,0.3342,0.030604437,119.72,,109.8699991244407,266741000000.0,6829000000.0,0.02996,5225000000.0,0.01904,0.05826,0.6665905727510312,42355000000.0,32473000000.0,38398000000.0,13617000000.0,24382000000.0,12081000000.0,4499700000.0,0.07848752911240027
Ｊｏｓｈｉｎ,8173,小売業,プライム（内国株式）,JP,2025-03-31,大阪府,75516895232.0,0.7285269,10.875886,23.036236,11.42235093538914,0.7886,0.0,126.67,268.3,185.90000001520343,403259000000.0,3688000000.0,0.02096,3407000000.0,0.00751,0.031229999,0.4521021325857548,126840000000.0,80555000000.0,125168000000.0,47150000000.0,7708000000.0,6032000000.0,2550400000.0,0.03377257489419768
日本瓦斯,8174,小売業,プライム（内国株式）,JP,2025-03-31,東京都,292306190336.0,4.364406,19.84454,20.060669,20.7530282922173,0.7535,0.03719083,136.81,138.3,104.45999964920689,,,0.15344,,0.07106,0.22017999,0.43229627350690303,88572000000.0,49311000000.0,57403000000.0,46937000000.0,19810000000.0,2130000000.0,-29678000000.0,-0.10153052169673774
ロイヤルホールディングス,8179,小売業,プライム（内国株式）,JP,2025-12-31,福岡県,135144783872.0,2.4695714,12.74264,23.844282,19.54973043846931,0.3045,0.012773722,57.54,107.67,60.46528783839096,165495000000.0,7689000000.0,0.051119998,5660000000.0,0.0342,0.10982,0.39154139507595,84284000000.0,32370000000.0,36974000000.0,53463000000.0,19554000000.0,10329000000.0,-40079700000.0,-0.2965686048080167
東天紅,8181,小売業,スタンダード（内国株式）,JP,2025-02-28,東京都,2568177920.0,0.274716,,4.1531687,,0.0623,0.0,240.78,,,,,-0.00624,,-0.01818,-0.01365,0.6138294980276828,4210383000.0,1923858000.0,2039215000.0,3015000000.0,1658949000.0,254317000.0,-1993146100.0,-0.77609346473939
チヨダ,8185,小売業,プライム（内国株式）,JP,2025-02-28,東京都,31946164224.0,0.6394092,15.58205,136.37682,15.219678020451557,7.8148,0.057877813,6.9,60.39,52.6800003893368,91835000000.0,2197000000.0,-0.04768,2923000000.0,0.00291,0.00465,0.6579746067074713,27046000000.0,16527000000.0,51090000000.0,799000000.0,26398000000.0,2621000000.0,25878700000.0,0.8100722145714842
ライフコーポレーション,8194,小売業,プライム（内国株式）,JP,2025-02-28,大阪府,217418842112.0,1.397895,6.415624,11.551368,8.321429993055732,0.30110002,0.026043737,217.55,391.7,207.44672723429937,,,0.030669998,,0.021359999,0.12805,0.45235551111503236,167594000000.0,129927000000.0,96348000000.0,71060000000.0,8366000000.0,2356000000.0,-69596800000.0,-0.3201047311444528
マックスバリュ東海,8198,小売業,スタンダード（内国株式）,JP,2025-02-28,,110803992576.0,1.1417089,,10.815437,11.298785999508723,0.26450002,0.024709303,321.3,,260.8,377418000000.0,14062000000.0,0.053439997,9387000000.0,0.026619999,0.11058,0.6531236154186973,46974000000.0,37931000000.0,58686000000.0,1742000000.0,9524000000.0,679000000.0,12187300000.0,0.10998971893220166
リンガーハット,8200,小売業,プライム（内国株式）,JP,2025-02-28,東京都,56648884224.0,3.7194836,108.75622,32.81297,,0.195,0.0,66.62,20.1,,,,0.02414,,0.038310003,0.119610004,0.4673048404257997,15556863000.0,7519966000.0,5556507000.0,8261541000.0,2257906000.0,933001000.0,-9347255300.0,-0.1650033434557908
ラオックスホールディングス,8202,小売業,スタンダード（内国株式）,JP,2025-12-31,東京都,13712437248.0,0.6044707,,,24.232914434358968,0.2725,0.020134227,-1.09,,7.329132755753916,57535000000.0,69000000.0,-0.08067001,-99000000.0,0.00604,0.015829999,0.5348705616070165,19728000000.0,15820000000.0,31475000000.0,2989000000.0,8962000000.0,,11747000000.0,0.8566675484121785
ＭｒＭａｘＨＤ,8203,小売業,プライム（内国株式）,JP,2025-02-28,福岡県,23294312448.0,0.60704964,8.013298,8.576687,8.643220743893233,0.3312,0.03862661,81.5,87.23,74.450000993368,,,0.02257,,0.018380001,0.07295,0.43338261277178813,47142000000.0,27865000000.0,19325000000.0,19892000000.0,1754000000.0,572000000.0,-27416600000.0,-1.1769654099558509
テンアライド,8207,小売業,スタンダード（内国株式）,JP,2025-03-31,東京都,11329368064.0,3.5729165,,1010.7143,368.2926866567801,0.0,0.0,0.28,,0.8199999916953016,11887480000.0,232374000.0,-0.04382,145494000.0,-0.0382,-0.16418,0.3834509317504853,4649608000.0,2685370000.0,4057355000.0,2196371000.0,3302899000.0,504658000.0,-238992400.0,-0.021094945335867234
ＡＯＫＩホールディングス,8214,小売業,プライム（内国株式）,JP,2025-03-31,神奈川県,144078536704.0,1.0390809,,15.220483,11.161389122177393,,0.053981107,112.48,,90.03000005479777,192688000000.0,15647000000.0,0.06696,9574000000.0,0.04486,0.06336,0.6088180756816153,90838000000.0,50627000000.0,79819000000.0,40662000000.0,34880000000.0,760000000.0,-10487000000.0,-0.07278669148025053
オークワ,8217,小売業,プライム（内国株式）,JP,2025-02-28,,32139210752.0,0.432444,24.159021,122.10201,-13.434528154672135,4.0373,0.033333335,6.47,32.7,-55.88999965470731,,,0.01895,,0.00104,0.00379,0.5770316180643557,54104000000.0,35197000000.0,30364000000.0,21905000000.0,11524000000.0,2766000000.0,-21803800000.0,-0.6784174063341977
コメリ,8218,小売業,プライム（内国株式）,JP,2025-03-31,新潟県,160829931520.0,0.625851,10.427449,11.053736,11.659339011193437,0.1808,0.016519174,309.85,328.46,286.05999916551923,379191000000.0,22405000000.0,0.029189998,13719000000.0,0.03952,0.0582,0.6370308875216275,140346000000.0,105740000000.0,181484000000.0,35321000000.0,16342000000.0,1699000000.0,42327300000.0,0.2631804888553123
青山商事,8219,小売業,プライム（内国株式）,JP,2025-03-31,広島県,98795618304.0,0.58236927,,14.518148,7.283472851044527,0.9454,0.06865285,47.94,,67.4600000112333,194790000000.0,12573000000.0,0.04741,9397000000.0,0.042719997,0.04654,0.5583472569440082,136915000000.0,68710000000.0,193876000000.0,81106000000.0,71384000000.0,4729000000.0,60271300000.0,0.6100604564722862
タカチホ,8225,卸売業,スタンダード（内国株式）,JP,2025-03-31,長野県,2314808832.0,0.8676749,,5.7177405,3.620074563745387,0.0864,0.014285714,578.9,,661.346875,8536884000.0,437111000.0,0.03226,308645000.0,0.03943,0.15783,0.5255584573054144,2034690000.0,1012643000.0,2191464000.0,974313000.0,929651000.0,54477000.0,194907900.0,0.08420043042241165
理経,8226,卸売業,スタンダード（内国株式）,JP,2025-03-31,東京都,7075866624.0,1.3057525,,10.045074,11.226508452674466,0.1288,0.012658228,46.59,,25.316324253508096,18725797000.0,1114292000.0,0.00606,661261000.0,0.03199,0.11368,0.48339595617171166,5698767000.0,5388891000.0,10292445000.0,3071460000.0,3075749000.0,76628000.0,4647317600.0,0.6567842282720788
しまむら,8227,小売業,プライム（内国株式）,JP,2025-02-28,埼玉県,650882908160.0,1.3322885,5.3500123,15.500618,46.52816536782494,0.3377,0.022926103,202.25,585.98,189.94333376104785,,,0.07565,,0.06339,0.08986,0.8833312174685795,66168000000.0,55605000000.0,370429000000.0,,161200000000.0,33226000000.0,327519200000.0,0.5031921961599416
はせがわ,8230,小売業,スタンダード（内国株式）,JP,2025-03-31,福岡県,5639042560.0,0.45311502,,9.485924,5.407705600871806,0.45900002,0.04731861,32.68,,58.218801539307314,21228000000.0,1205000000.0,-0.02379,905000000.0,0.0217,,0.6296445069291022,7376000000.0,4095000000.0,7546000000.0,3618000000.0,1457000000.0,664000000.0,634800000.0,0.11257230163554573
高島屋,8233,小売業,プライム（内国株式）,JP,2025-02-28,大阪府,569473499136.0,1.2660956,14.753663,,12.646120771468972,0.2609,0.017843086,-27.44,131.73,85.2699998903787,498491000000.0,57512000000.0,0.14197,39525000000.0,-0.02039,-0.0143099995,0.36500202158621986,795666000000.0,415546000000.0,333501000000.0,341474000000.0,90538000000.0,119967000000.0,-378188100000.0,-0.6641013156429291
松屋,8237,小売業,プライム（内国株式）,JP,2025-02-28,東京都,78545936384.0,2.948976,24.887459,36.89228,19.00783352158608,0.2861,0.008236102,41.96,62.2,49.589315276162914,48120000000.0,4490000000.0,0.87839997,2383000000.0,0.04796,0.080290005,0.3713193267373566,46910000000.0,32085000000.0,18551000000.0,21818000000.0,3911000000.0,9233000000.0,-21895900000.0,-0.2787655352780319
エイチ・ツー・オー　リテイリング,8242,小売業,プライム（内国株式）,JP,2025-03-31,,285783523328.0,0.94030976,12.659195,9.861111,9.886198367439208,,0.019520853,252.0,196.3,188.05000064514758,681759000000.0,34520000000.0,0.07335,34842000000.0,0.03857,0.0866,0.4116610700356879,417079000000.0,233775000000.0,169516000000.0,164184000000.0,55590000000.0,97048000000.0,-179629400000.0,-0.6285505823015395
近鉄百貨店,8244,小売業,スタンダード（内国株式）,JP,2025-02-28,大阪府,67914764288.0,1.4820787,19.4233,17.98569,34.93709964639189,0.2138,0.01189768,93.63,86.7,69.44000077616766,115107000000.0,5354000000.0,0.07862,3484000000.0,0.02957,0.08789,0.3372294296604539,75813000000.0,71890000000.0,27883000000.0,4623000000.0,2588000000.0,4082000000.0,-45072600000.0,-0.6636642337278048
大和,8247,小売業,スタンダード（内国株式）,JP,2025-02-28,,1665786240.0,0.3064889,,,12.758520898685004,0.0,0.0,-201.91,,34.329998240246155,,,-0.00161,,-0.07083,-0.21034999,0.1944976032816064,22072922000.0,16683521000.0,5631134000.0,7768659000.0,1897357000.0,3444715000.0,-14030487500.0,-8.42274186392607
丸井グループ,8252,小売業,プライム（内国株式）,JP,2025-03-31,東京都,547662921728.0,2.299154,19.280157,18.94109,17.056129195870597,0.7334,0.03945169,160.92,158.09,130.69999988767017,254392000000.0,44518000000.0,0.19316,26588000000.0,0.0,,0.2336721247977884,806717000000.0,276565000000.0,737587000000.0,636479000000.0,49250000000.0,46523000000.0,-36563900000.0,-0.06676351191465117
クレディセゾン,8253,その他金融業,プライム（内国株式）,JP,2025-03-31,,633716342784.0,0.85703254,13.110326,10.222407,6.441262815763079,0.2778,0.02746624,432.09,336.91,452.6899999385348,492235000000.0,161120000000.0,0.47654,66397000000.0,0.107580006,0.078449994,0.15107180405309792,3952115000000.0,307538000000.0,3926828000000.0,3413114000000.0,139399000000.0,44436000000.0,5818200000.0,0.009181079305040288
さいか屋,8254,小売業,スタンダード（内国株式）,JP,2025-08-31,神奈川県,1441805952.0,1.1363691,,35.951664,,0.0,0.0,6.62,,,4632926000.0,114776000.0,0.03872,110255000.0,0.00969,0.0446,0.06658722060759252,11102034000.0,9549394000.0,2186889000.0,8653536000.0,1434255000.0,288395000.0,-8713268500.0,-6.043301796551329
アクシアル　リテイリング,8255,小売業,プライム（内国株式）,JP,2025-03-31,新潟県,89650454528.0,0.96562487,11.447964,10.0098915,11.907130475429298,0.2868,0.0,101.1,88.4,81.77981088116537,281870000000.0,12065000000.0,0.02823,9006000000.0,0.029790001,0.095419995,0.6599751655629139,46004000000.0,31765000000.0,39605000000.0,2306000000.0,21887000000.0,3778000000.0,-3754400000.0,-0.04187820373880436
井筒屋,8260,小売業,スタンダード（内国株式）,JP,2025-02-28,福岡県,4766951424.0,0.3905418,,9.747785,3.934812916757145,0.1363,0.014218009,44.01,,84.9700027742794,22158000000.0,1043000000.0,0.07871,999000000.0,0.02307,0.040700004,0.2678952691313631,32575000000.0,24772000000.0,7056000000.0,14490000000.0,2774000000.0,1399000000.0,-24539700000.0,-5.147881280361039
イオン,8267,小売業,プライム（内国株式）,JP,2025-02-28,千葉県,4212186152960.0,3.4521303,24.29392,56.70391,108.1703279462343,1.0056,0.009111334,26.85,62.67,11.18333333135178,,,0.04264,,0.00678,0.057579998,0.07594337989314061,11712096000000.0,8443663000000.0,8693526000000.0,3889895000000.0,1258383000000.0,326209000000.0,-2790223700000.0,-0.6624169964661333
イズミ,8273,小売業,プライム（内国株式）,JP,2025-02-28,,199803518976.0,0.6795852,3.0094936,11.974314,11.805839341992128,0.3778,0.03188098,79.42,316.0,95.49000007136695,524142000000.0,25430000000.0,0.07017,11919000000.0,0.03295,0.05633,0.5012543648209041,270395000000.0,126950000000.0,119851000000.0,139454000000.0,15717000000.0,4667000000.0,-147277100000.0,-0.737109640284617
フォーバル,8275,卸売業,スタンダード（内国株式）,JP,2025-03-31,東京都,26401898496.0,1.5069759,,13.521466,15.540081773649272,0.401,0.029850746,74.77,,78.19999873235075,72629302000.0,3740402000.0,0.049489997,2168441000.0,0.015700001,0.07616,0.41641228446762196,22425581000.0,18326829000.0,28565996000.0,2725900000.0,11408399000.0,2596057000.0,7957654900.0,0.3014046471395085
平和堂,8276,小売業,プライム（内国株式）,JP,2025-02-28,滋賀県,130610315264.0,0.6670875,14.558986,13.945506,14.994384321864864,0.3487,0.025162028,189.38,181.4,129.34637372560266,444897000000.0,13363000000.0,0.03909,10727000000.0,0.02063,0.04883,0.616852027492302,115843000000.0,84532000000.0,64602000000.0,20336000000.0,26817000000.0,3871000000.0,-48531300000.0,-0.3715732551590941
フジ,8278,小売業,プライム（内国株式）,JP,2025-02-28,愛媛県,179359055872.0,0.7902944,,21.923323,45.22812300341675,0.3179,0.014584346,94.42,,44.059999980151076,,,0.03076,,0.010039999,0.03674,0.5287779742015697,193781000000.0,121331000000.0,78744000000.0,69825000000.0,26291000000.0,24481000000.0,-97900300000.0,-0.5458341622285677
ゼビオホールディングス,8281,小売業,プライム（内国株式）,JP,2025-03-31,福島県,39975104512.0,0.33259857,8.466258,,15.626934528890915,1.447,0.03649635,-19.47,114.1,58.309999397778284,250603000000.0,7006000000.0,0.00681,971000000.0,-0.0083099995,-0.01811,0.5967768031810314,81830000000.0,66568000000.0,130727000000.0,7366000000.0,19855000000.0,2733000000.0,50810100000.0,1.2710435812556156
ケーズホールディングス,8282,小売業,プライム（内国株式）,JP,2025-03-31,茨城県,311493099520.0,1.254795,20.460773,22.097994,29.50346711610167,0.5044,0.0,91.23,98.53,41.58999989754658,738019000000.0,21786000000.0,0.05208,9525000000.0,0.01885,0.05725,0.5944326940820759,171424000000.0,148565000000.0,224686000000.0,66908000000.0,15833000000.0,1044000000.0,53992800000.0,0.17333546098838473
ＰＡＬＴＡＣ,8283,卸売業,プライム（内国株式）,JP,2025-03-31,大阪府,385739358208.0,1.2928416,,17.744282,11.62052287944379,0.3132,0.012535079,357.58,,328.3999977531699,1188097000000.0,28009000000.0,0.024719998,22864000000.0,0.01847,,0.567334847982834,219382000000.0,209028000000.0,365735000000.0,349000000.0,69916000000.0,25600000000.0,164273000000.0,0.42586528054370854
三谷産業,8285,卸売業,スタンダード（内国株式）,JP,2025-03-31,石川県,43776536576.0,0.7711873,,12.061069,8.413020362101319,0.2206,0.01867816,58.95,,39.63999991812066,,,0.01255,,0.03086,0.0698,0.5067382561820827,45926000000.0,36786000000.0,46060000000.0,17733000000.0,8445000000.0,27440000000.0,19342000000.0,0.4418348620709304
Ｏｌｙｍｐｉｃグループ,8289,小売業,スタンダード（内国株式）,JP,2025-02-28,東京都,23521804288.0,1.116842,,,-24.453578804064097,0.0,0.0,-165.34,,-20.766216804527645,98637000000.0,51000000.0,-0.029240001,-67000000.0,-0.03869,-0.16436,0.3607561349913228,44570000000.0,28206000000.0,19660000000.0,31832000000.0,4177000000.0,655000000.0,-24451500000.0,-1.0395248468449463
日産東京販売ホールディングス,8291,小売業,スタンダード（内国株式）,JP,2025-03-31,,33417091072.0,0.57831603,,10.017825,4.84281440792887,0.42790002,0.043165468,56.1,,110.48201298016835,141605000000.0,7412000000.0,0.02633,4312000000.0,0.02116,0.04863,0.5834612334030346,40438000000.0,26708000000.0,36305000000.0,13177000000.0,16741000000.0,6216000000.0,218200000.0,0.006529592881973758
ＳＢＩ新生銀行,8303,銀行業,プライム（内国株式）,JP,2025-03-31,東京都,1469315547136.0,1.197762,,12.048148,,0.3054,0.025324088,137.49,,,,,0.49854,,0.21872999,0.10307,0.046994957467001004,19370613000000.0,,,2167442000000.0,3916744000000.0,3103610000000.0,,
あおぞら銀行,8304,銀行業,プライム（内国株式）,JP,2025-03-31,東京都,365879689216.0,0.7712311,14.233419,16.641489,-5.34771462064693,0.5346,0.03323263,158.88,185.76,-427.2199989776649,108414000000.0,,0.23573999,20518000000.0,0.21368,0.0557,0.0581541820516606,7302749000000.0,,,855940000000.0,1409371000000.0,1411549000000.0,,
三菱ＵＦＪフィナンシャル・グループ,8306,銀行業,プライム（内国株式）,JP,2025-03-31,,33033153413120.0,1.5527514,19.29391,17.393759,11.548081061102414,0.4395,0.025641026,168.25,151.68,124.64748050936888,6838439000000.0,,0.34842,1862946000000.0,0.22768,0.06113,0.04967251118718582,391385370000000.0,,,23940159000000.0,109095437000000.0,92745772000000.0,,
りそなホールディングス,8308,銀行業,プライム（内国株式）,JP,2025-03-31,東京都,4644273651712.0,1.5986246,23.410175,18.116707,13.226438144070698,0.2548,0.013631938,113.79,88.06,67.76999998994089,879798000000.0,,0.39369,213324000000.0,0.24778,0.09394,0.03527534206179239,74618002000000.0,,,6809185000000.0,19548812000000.0,10908357000000.0,,
三井住友トラストグループ,8309,銀行業,プライム（内国株式）,JP,2025-03-31,東京都,3944937160704.0,1.1864736,15.240044,13.373659,27.544652442330857,0.3722,0.02805986,423.22,371.39,109.10000002080089,1514183000000.0,,0.32852,257635000000.0,0.19108,0.09287,0.03957878209981502,75119789000000.0,,,19426420000000.0,25173611000000.0,12418487000000.0,,
三井住友フィナンシャルグループ,8316,銀行業,プライム（内国株式）,JP,2025-03-31,東京都,22342956744704.0,1.4312876,18.413517,15.6483135,11.381330123444908,0.3747,0.024183797,373.97,317.81,241.4465944342311,5066265000000.0,,0.39305001,1177996000000.0,0.20729999,0.04933,0.048008698780436065,291440508000000.0,,,32500560000000.0,75590583000000.0,46379949000000.0,,
千葉銀行,8331,銀行業,プライム（内国株式）,JP,2025-03-31,千葉県,1583764471808.0,1.2745017,20.568245,18.093758,13.694468598467811,0.3667,0.020683452,125.43,110.34,86.53017330979299,249746000000.0,,0.42058,74259000000.0,0.28004998,0.07361,0.052941359212385464,20486102000000.0,,,3114190000000.0,4245781000000.0,3202125000000.0,,
群馬銀行,8334,銀行業,プライム（内国株式）,JP,2025-03-31,群馬県,829293920256.0,1.3391397,32.94737,14.151004,10.136449958505418,0.4003,0.0,154.83,66.5,78.42999997769942,160151000000.0,,0.41847,43900000000.0,0.29232,0.099580005,0.053322603189073135,9994238000000.0,,,1100233000000.0,1276230000000.0,2195792000000.0,,
武蔵野銀行,8336,銀行業,プライム（内国株式）,JP,2025-03-31,埼玉県,243581206528.0,0.8871238,,16.004116,7.980508308590044,0.36470002,0.0,155.46,,113.21666682815588,72790000000.0,,0.23787001,13146000000.0,0.17646,0.05624,0.04893627475065101,5206986000000.0,,,63434000000.0,161488000000.0,1056170000000.0,,
千葉興業銀行,8337,銀行業,プライム（内国株式）,JP,2025-03-31,千葉県,127103172608.0,0.6790497,,22.867176,9.197207837029822,0.103199996,0.0046168054,96.82,,112.62000045393684,48823000000.0,,0.24659,7459000000.0,0.15368,0.051119998,0.052405318884850095,3072058000000.0,,,35810000000.0,244521000000.0,522186000000.0,,
筑波銀行,8338,銀行業,プライム（内国株式）,JP,2025-03-31,茨城県,51012739072.0,0.48641455,,23.402645,10.990683377276792,0.1893,0.008431703,26.45,,26.657113016443613,33805000000.0,,0.20577,4103000000.0,0.17406,0.07278,0.031747014925889605,2798133000000.0,,,143300000000.0,307350000000.0,422640000000.0,,
七十七銀行,8341,銀行業,プライム（内国株式）,JP,2025-03-31,宮城県,708340219904.0,1.057791,12.354086,16.15776,9.321248735132068,0.35689998,0.022960406,196.5,257.0,134.1333330608839,157017000000.0,,0.4559,39270000000.0,0.27007,0.07525,0.055066337540665825,9848813000000.0,,,712325000000.0,1001241000000.0,2920008000000.0,,
秋田銀行,8343,銀行業,プライム（内国株式）,JP,2025-03-31,秋田県,101249818624.0,0.56647694,,13.18106,7.360377326188542,0.31280002,0.024236985,431.68,,258.1500019214865,46957000000.0,,0.28124002,5662000000.0,0.18511999,0.049650002,0.04518514215795495,3303248000000.0,,,87388000000.0,466752000000.0,877867000000.0,,
山形銀行,8344,銀行業,プライム（内国株式）,JP,2025-03-31,山形県,81100111872.0,0.53878665,,16.45283,16.744806031156802,0.349,0.02178179,159.0,,65.01431533955883,45299000000.0,,0.16588,4412000000.0,0.10032,0.03497,0.04292326999343605,3028251000000.0,,,119014000000.0,206595000000.0,817225000000.0,,
岩手銀行,8345,銀行業,プライム（内国株式）,JP,2025-03-31,岩手県,135345209344.0,0.70311034,,16.452723,9.190869852829142,0.3379,0.02110645,119.19,,61.17500017375148,42564000000.0,,0.1899,6976000000.0,0.15423,0.043390002,0.048558333664231,3618130000000.0,,,169276000000.0,319122000000.0,1198152000000.0,,
東邦銀行,8346,銀行業,プライム（内国株式）,JP,2025-03-31,福島県,176170663936.0,0.83035547,,19.26756,16.218769187558358,0.32779998,0.017316017,36.59,,20.8199999805754,59629000000.0,,0.27627,7445000000.0,0.14971,0.052059997,0.029644954939247646,6456005000000.0,,,222053000000.0,1235480000000.0,1222007000000.0,,
東北銀行,8349,銀行業,スタンダード（内国株式）,JP,2025-03-31,岩手県,13586063360.0,0.38154623,,15.427588,7.994418811798096,0.53720003,0.0349162,93.08,,144.91837809373354,13613000000.0,,0.119449995,1069000000.0,0.10976,0.042969998,0.03503916847346458,974237000000.0,,,1110000000.0,63411000000.0,215411000000.0,,
ふくおかフィナンシャルグループ,8354,銀行業,プライム（内国株式）,JP,2025-03-31,,1271918231552.0,1.2095773,16.548656,16.63865,11.582163275269156,0.3829,0.023410361,404.54,406.74,324.7599995309459,296141000000.0,,0.38415,72136000000.0,0.2313,,0.028800603100374078,31333030000000.0,,,6310034000000.0,7160305000000.0,5597311000000.0,,
スルガ銀行,8358,銀行業,プライム（内国株式）,JP,2025-03-31,静岡県,388995940352.0,1.2739621,26.06213,16.59757,11.031663566286285,0.26549998,0.016193435,137.49,87.56,75.43999993562453,66683000000.0,,0.3804,20177000000.0,0.29533002,0.08465999,0.08540817752987348,3166451000000.0,,,,693361000000.0,444577000000.0,,
八十二長野銀行,8359,銀行業,プライム（内国株式）,JP,2025-03-31,長野県,1075705151488.0,1.0126393,44.640152,18.804852,12.392453820137213,0.39119998,0.020953603,125.34,52.8,76.31000006784758,201464000000.0,,0.43363,47982000000.0,0.32145,0.061079998,0.07129023102382512,12547659000000.0,,,2176443000000.0,3027055000000.0,3511743000000.0,,
山梨中央銀行,8360,銀行業,プライム（内国株式）,JP,2025-03-31,山梨県,175893397504.0,0.76594394,,19.59178,9.438393812536763,0.35189998,0.01849192,292.98,,185.54999718133223,54711000000.0,,0.24438,7669000000.0,0.16023001,0.045289997,0.04700319924117702,4313770000000.0,,,493584000000.0,554863000000.0,1135925000000.0,,
大垣共立銀行,8361,銀行業,プライム（内国株式）,JP,2025-03-31,,302783954944.0,0.8377073,,16.957733,8.98423271237422,0.253,0.015363129,434.61,,227.23999830895627,113990000000.0,,0.20704001,14718000000.0,0.14528,0.055170003,0.048689837614429694,6223375000000.0,,,272303000000.0,774352000000.0,1065325000000.0,,
福井銀行,8362,銀行業,プライム（内国株式）,JP,2025-03-31,福井県,100157669376.0,0.66443986,,25.010334,11.25875242958346,0.3664,0.021219512,169.33,,160.94392725698202,56122000000.0,,0.20345,7166000000.0,0.10934,0.0477,0.03181327775179359,4150347000000.0,,,523514000000.0,872378000000.0,940172000000.0,,
清水銀行,8364,銀行業,プライム（内国株式）,JP,2025-03-31,静岡県,31006924800.0,0.3972798,,14.573931,-5.247609121170669,0.3183,0.022363026,188.35,,-286.0981105910903,21187000000.0,,0.15396,1861000000.0,0.08757,0.03196,0.03964669226338391,1734014000000.0,,,118034000000.0,243103000000.0,263344000000.0,,
富山銀行,8365,銀行業,スタンダード（内国株式）,JP,2025-03-31,富山県,11252178944.0,0.36094978,,10.743759,16.04686971466451,0.2546,0.012048192,196.3,,116.64820967146548,8949000000.0,,0.0573,954000000.0,0.1089,0.036849998,0.051867371238726666,519068000000.0,,,11561000000.0,30671000000.0,123008000000.0,,
滋賀銀行,8366,銀行業,プライム（内国株式）,JP,2025-03-31,,454241648640.0,0.91911465,37.638096,21.464264,11.608051194009962,0.239,0.011422638,92.06,52.5,67.26399996246045,103311000000.0,,0.23809999,18720000000.0,0.15236,0.04072,0.05908557099244084,7083408000000.0,,,939675000000.0,898939000000.0,1802790000000.0,,
南都銀行,8367,銀行業,プライム（内国株式）,JP,2025-03-31,奈良県,260252073984.0,0.85063,,15.262043,7.420886743353095,0.39580002,0.0,108.57,,75.81599985286519,76348000000.0,,0.22151,13510000000.0,0.17219,0.05905,0.04053477288874278,6575433000000.0,,,305375000000.0,678270000000.0,1549750000000.0,,
百五銀行,8368,銀行業,プライム（内国株式）,JP,2025-03-31,三重県,483879124992.0,0.95931107,,18.089449,10.678728032755528,0.3086,0.0137893,110.23,,56.37000006516831,103531000000.0,,0.2628,18042000000.0,0.16299999,0.04005,0.058581341598930206,6997772000000.0,,,550054000000.0,665527000000.0,1490200000000.0,,
紀陽銀行,8370,銀行業,プライム（内国株式）,JP,2025-03-31,和歌山県,273466327040.0,1.1126378,,14.370345,7.358293855324086,0.41669998,0.029146919,295.4,,229.5200006356879,80261000000.0,,0.34636003,17618000000.0,0.22438999,0.089379996,0.03968587025282548,5690164000000.0,,,762999000000.0,807017000000.0,832041000000.0,,
ほくほくフィナンシャルグループ,8377,銀行業,プライム（内国株式）,JP,2025-03-31,富山県,764474228736.0,1.0961622,28.06808,13.1310625,10.335461687612854,0.22760001,0.0,483.51,226.2,176.27999945543493,168682000000.0,,0.25921,39072000000.0,0.25476,0.08507,0.03979996618255823,15782541000000.0,,,1118836000000.0,3191879000000.0,2325744000000.0,,
山陰合同銀行,8381,銀行業,プライム（内国株式）,JP,2025-03-31,島根県,292412424192.0,0.89475524,,13.877081,10.064659299883772,0.3747,0.027125718,138.79,,109.23999970063038,113941000000.0,,0.25968,18737000000.0,0.20831,0.06965,0.036542518935162756,8236870000000.0,,,1351161000000.0,1220745000000.0,1997843000000.0,,
鳥取銀行,8383,銀行業,スタンダード（内国株式）,JP,2025-03-31,鳥取県,15723748352.0,0.31056574,,11.314655,12.26503496639009,0.3369,0.045207955,148.48,,112.82999970189802,13876000000.0,,0.26697,1313000000.0,0.12358,0.03541,0.04336988762582672,1058368000000.0,,,24056000000.0,93268000000.0,110962000000.0,,
百十四銀行,8386,銀行業,プライム（内国株式）,JP,2025-03-31,香川県,282721484800.0,0.78171587,,15.055706,7.980329608833306,0.3523,0.02060205,166.05,,84.03000001725569,71544000000.0,,0.29951,13700000000.0,0.19548,0.049289998,0.05705505595382912,5425312000000.0,,,621791000000.0,861929000000.0,1215420000000.0,,
四国銀行,8387,銀行業,プライム（内国株式）,JP,2025-03-31,高知県,111453716480.0,0.5928592,,6.369838,6.366032130874456,0.1436,0.0,417.75,,174.59000108564544,47083000000.0,,0.27794,6813000000.0,0.3197,0.09653,0.04742547586061411,3214937000000.0,,,182830000000.0,178834000000.0,1021373000000.0,,
阿波銀行,8388,銀行業,プライム（内国株式）,JP,2025-03-31,徳島県,244534149120.0,0.6399138,,17.428167,9.39894909614168,0.305,0.017799353,360.91,,277.28000208766264,70472000000.0,,0.2629,13202000000.0,0.19455,0.04198,0.08303707345845276,3690685000000.0,,,199514000000.0,427652000000.0,1035528000000.0,,
大分銀行,8392,銀行業,プライム（内国株式）,JP,2025-03-31,,166756679680.0,0.7034278,,15.9192505,6.923485142433521,,0.013339466,138.7,,82.2020004239138,69493000000.0,,0.21190001,7555000000.0,0.10857,0.036530003,0.046261808534763145,4298142000000.0,,,386883000000.0,781091000000.0,1339212000000.0,,
宮崎銀行,8393,銀行業,プライム（内国株式）,JP,2025-03-31,宮崎県,165127553024.0,0.762582,,11.815562,6.591440677912133,,0.014956163,166.56,,81.55799969471276,57870000000.0,,0.25974,9784000000.0,0.17598,0.059439998,0.046573780090063896,3882138000000.0,,,379012000000.0,828456000000.0,773296000000.0,,
佐賀銀行,8395,銀行業,プライム（内国株式）,JP,2025-03-31,佐賀県,85016403968.0,0.68688625,,9.962369,5.377323296832164,,0.019607844,504.9,,366.49999109979115,47911000000.0,,0.23841,7496000000.0,0.17239,0.06987,0.03662108253322202,3061413000000.0,,,6427000000.0,270964000000.0,581260000000.0,,
琉球銀行,8399,銀行業,プライム（内国株式）,JP,2025-03-31,沖縄県,105550209024.0,0.72245777,17.788528,11.613427,8.093329276034373,0.39720002,0.018160284,221.64,144.7,135.50000015585738,60705000000.0,,0.21359,5751000000.0,0.12311,0.06126,0.046961261023443016,2837690000000.0,,,19535000000.0,171575000000.0,687566000000.0,,
セブン銀行,8410,銀行業,プライム（内国株式）,JP,2025-03-31,東京都,321079017472.0,1.1436297,15.708571,22.625515,9.95063543609324,0.90610003,0.0,12.15,17.5,27.25000000404872,156657000000.0,,0.15878001,18221000000.0,0.06353,0.04761,0.18531768870778093,1213491000000.0,,,98343000000.0,892852000000.0,120702000000.0,,
みずほフィナンシャルグループ,8411,銀行業,プライム（内国株式）,JP,2025-03-31,東京都,17191261962240.0,1.5583097,20.942875,16.718443,10.445566004862853,0.3497,0.021162122,421.69,336.63,267.8816810833736,3645206000000.0,,0.36258,885433000000.0,0.26132,0.09653,0.036856554814174276,272796651000000.0,,,22493724000000.0,72483086000000.0,38239994000000.0,,
高知銀行,8416,銀行業,スタンダード（内国株式）,JP,2025-03-31,高知県,12430760960.0,0.27077264,,1104.5045,8.093214278333193,22.3214,0.0,1.11,,123.70216552951646,21279000000.0,,0.04281,860000000.0,0.02408,0.01359,0.04395522465695471,1099334000000.0,,,54464000000.0,95757000000.0,283915000000.0,,
山口フィナンシャルグループ,8418,銀行業,プライム（内国株式）,JP,2025-03-31,,579271852032.0,0.8721802,25.888582,17.898523,12.565818723314585,0.4071,0.0,157.08,108.6,114.17000021696647,168207000000.0,,0.07043,35345000000.0,0.15373999,0.051370002,0.0476418979089434,12371305000000.0,,,971580000000.0,1860262000000.0,2130577000000.0,,
芙蓉総合リース,8424,その他金融業,プライム（内国株式）,JP,2025-03-31,東京都,392196030464.0,0.8217851,5.6644087,18.18638,7.951130233827765,,0.03535476,239.08,767.6,522.3399991243264,678395000000.0,64760000000.0,0.07139,45277000000.0,0.03521,0.06008,0.13331828847442329,3035899000000.0,1476083000000.0,2215183000000.0,2803985000000.0,66598000000.0,155675000000.0,-711743500000.0,-1.8147646705091562
みずほリース,8425,その他金融業,プライム（内国株式）,JP,2025-03-31,東京都,403469008896.0,0.97601974,2.5148447,8.924145,7.0807256210477405,0.3222,0.03628751,161.36,572.6,144.87025114689462,695423000000.0,48966000000.0,0.05645,42038000000.0,0.05369,0.118240006,0.0982219108423393,3496568000000.0,1991876000000.0,2542515000000.0,3198669000000.0,68125000000.0,377214000000.0,-690003200000.0,-1.7101764566454183
東京センチュリー,8439,その他金融業,プライム（内国株式）,JP,2025-03-31,東京都,1159587561472.0,1.0924153,12.956693,10.44878,9.880846068882624,0.3523,0.0,227.06,183.11,146.7499999542271,1368635000000.0,117060000000.0,0.112349994,85279000000.0,0.07635,0.097349994,0.15039675144229206,5685975000000.0,1881062000000.0,3076059000000.0,4933180000000.0,177364000000.0,451367000000.0,-2293959100000.0,-1.9782543174988956
ＳＢＩホールディングス,8473,証券、商品先物取引業,プライム（内国株式）,JP,2025-03-31,東京都,1997906116608.0,1.1130756,7.5966473,4.948371,7.849993754157202,0.1521,0.031086387,624.65,406.89,256.3350000563282,,,0.28927,,0.22544001,0.20614,0.039279765506207216,30349637000000.0,17139761000000.0,19565669000000.0,5721388000000.0,5500548000000.0,7337675000000.0,-5647595500000.0,-2.8267571999771244
Ｊトラスト,8508,その他金融業,スタンダード（内国株式）,JP,2025-12-31,東京都,87370743808.0,0.6997671,10.695793,9.146257,10.459837298921578,0.2214,0.0,72.27,61.8,44.63000015605722,124265000000.0,10902000000.0,0.00775,7939000000.0,-0.084580004,-0.061880004,0.12268321971810485,1136929000000.0,16610000000.0,1059205000000.0,81173000000.0,154515000000.0,187048000000.0,53209600000.0,0.6090093511957481
日本証券金融,8511,その他金融業,プライム（内国株式）,JP,2025-03-31,東京都,181375516672.0,1.3426632,,19.828272,16.22533565350614,0.65459996,0.032947462,112.97,,94.04000009556245,24229000000.0,,0.13119,10375000000.0,0.097959995,0.070650004,0.00975664560503585,13635244000000.0,,,2929005000000.0,1435297000000.0,640716000000.0,,
日本アジア投資,8518,証券、商品先物取引業,スタンダード（内国株式）,JP,2025-03-31,東京都,3536288512.0,0.49317273,,10.91314,-2.363871176470588,0.0,0.0,13.47,,-96.02892165169746,3092000000.0,279000000.0,-0.53422,400000000.0,-0.35778,-0.08343001,0.4420520137492704,8262000000.0,1353000000.0,9882000000.0,7416000000.0,4302000000.0,117000000.0,1701900000.0,0.4812672931591392
名古屋銀行,8522,銀行業,プライム（内国株式）,JP,2025-03-31,愛知県,288786382848.0,0.9291753,,14.253108,10.150934728322717,0.41259998,0.017939758,411.84,,198.04333344423443,89169000000.0,,0.37027,14730000000.0,0.19323,0.06537,0.047922156649552766,5493830000000.0,,,379178000000.0,711182000000.0,936433000000.0,,
北洋銀行,8524,銀行業,プライム（内国株式）,JP,2025-03-31,北海道,367757099008.0,0.9324474,31.405752,15.060518,12.238670810348,0.39080003,0.03196803,65.27,31.3,33.319999966134624,129868000000.0,,0.23477,20608000000.0,0.18214001,0.069510005,0.028295342453365634,13062325000000.0,,,899888000000.0,2653639000000.0,2605518000000.0,,
大光銀行,8537,銀行業,スタンダード（内国株式）,JP,2025-03-31,新潟県,25454442496.0,0.3140895,,11.763928,7.745235533026564,0.3083,0.02657555,227.05,,178.3900052529411,18799000000.0,,0.12696,2495000000.0,0.12316,0.03246,0.04466253517368234,1603291000000.0,,,88100000000.0,127108000000.0,342970000000.0,,
愛媛銀行,8541,銀行業,プライム（内国株式）,JP,2025-03-31,愛媛県,74976706560.0,0.51794803,,12.156341,8.154230766862366,0.21540001,0.018114012,157.86,,129.3666026871401,43840000000.0,,0.24426001,5715000000.0,0.13976,0.04987,0.04571995435194033,2826954000000.0,,,71005000000.0,269082000000.0,633029000000.0,,
トマト銀行,8542,銀行業,スタンダード（内国株式）,JP,2025-03-31,岡山県,18157539328.0,0.31775057,,17.29902,8.824954117519404,0.5498,0.03128911,90.93,,132.92788879235448,22209000000.0,,0.20635,1817000000.0,0.09277,0.03641,0.04095229856322387,1308166000000.0,,,39983000000.0,108834000000.0,156099000000.0,,
京葉銀行,8544,銀行業,プライム（内国株式）,JP,2025-03-31,千葉県,282137493504.0,0.88207215,,17.838411,8.141265170109778,,0.015801355,131.57,,87.10999987003169,70560000000.0,,0.18357,12756000000.0,0.15081,0.04126,0.04632618631423821,6250989000000.0,,,273200000000.0,917713000000.0,1173533000000.0,,
栃木銀行,8550,銀行業,プライム（内国株式）,JP,2025-03-31,,98197143552.0,0.6184633,,,16.931794234960776,0.38970003,0.01616267,-187.77,,20.287559988798872,37891000000.0,,0.33146,-22328000000.0,-0.44251,-0.12127,0.04543858002037849,3180815000000.0,,,33364000000.0,699674000000.0,373527000000.0,,
北日本銀行,8551,銀行業,プライム（内国株式）,JP,2025-03-31,岩手県,40758476800.0,0.43634424,,10.843032,6.272726719895944,0.31379998,0.029721363,458.82,,363.26998785829466,22837000000.0,,0.18451999,4011000000.0,0.13498999,0.03849,0.056644801668833074,1439877000000.0,,,1362000000.0,111065000000.0,271447000000.0,,
東和銀行,8558,銀行業,プライム（内国株式）,JP,2025-03-31,,43020365824.0,0.49155152,,7.0931935,7.316663444781425,,0.03222836,171.15,,89.83999954189235,29750000000.0,,0.045900002,4520000000.0,0.0,0.06667,0.03803961216290568,2291582000000.0,,,121490000000.0,167707000000.0,535044000000.0,,
福島銀行,8562,銀行業,スタンダード（内国株式）,JP,2025-03-31,福島県,12554057728.0,0.5209411,,,9.666322742735266,0.16139999,0.013927577,-1.9,,30.958424194759232,11616000000.0,,0.07493,-1252000000.0,0.01491,0.0077,0.029698321690829418,781039000000.0,,,2114000000.0,55579000000.0,160643000000.0,,
大東銀行,8563,銀行業,スタンダード（内国株式）,JP,2025-03-31,福島県,12647981056.0,0.41269717,,9.14841,7.234812485459383,0.2933,0.03285421,109.09,,98.97603573295146,11138000000.0,,0.15607001,1330000000.0,0.11132,0.043720003,0.037409686474444315,818346000000.0,,,4500000000.0,35319000000.0,129938000000.0,,
リコーリース,8566,その他金融業,プライム（内国株式）,JP,2025-03-31,東京都,194193965056.0,0.8035204,13.972056,14.234715,13.47753021230493,0.4293,0.0,442.58,450.9,365.8837269660005,312156000000.0,21731000000.0,0.04955,15658000000.0,0.03787,0.0539,0.17008220396436302,1142142000000.0,324462000000.0,1119425000000.0,1010707000000.0,1345000000.0,43452000000.0,7699400000.0,0.03964798801950263
イオンフィナンシャルサービス,8570,その他金融業,プライム（内国株式）,JP,2025-02-28,東京都,336779313152.0,0.70627034,11.68802,15.965612,12.607481769377985,0.5425,0.034171503,97.71,133.47,96.7988720485493,451765000000.0,,0.13206,19527000000.0,0.04129,0.06048,0.059922619718763594,7170727000000.0,,,1280999000000.0,814786000000.0,877619000000.0,,
アコム,8572,その他金融業,スタンダード（内国株式）,JP,2025-03-31,東京都,713905995776.0,1.0282806,9.945439,8.963415,10.91842763764016,,0.03474351,50.84,45.82,33.89000000510032,317739000000.0,58565000000.0,0.34946,32124000000.0,0.16225,0.080240004,0.4396912289955187,777375000000.0,299224000000.0,1408775000000.0,688207000000.0,60268000000.0,1454000000.0,632417800000.0,0.8858558462064404
ジャックス,8584,その他金融業,プライム（内国株式）,JP,2025-03-31,東京都,180839956480.0,0.6171148,7.859158,8.336773,7.297808974147202,0.4129,0.049566295,484.6,514.05,682.9499911377399,190976000000.0,25732000000.0,0.58837,18620000000.0,0.08825,0.058369998,0.0652508441504198,3550981000000.0,1949545000000.0,3701379000000.0,2946256000000.0,174712000000.0,33542000000.0,173877400000.0,0.9614987936542109
オリエントコーポレーション,8585,その他金融業,プライム（内国株式）,JP,2025-03-31,東京都,172726910976.0,0.71813923,60.89318,10.502758,13.351857208829317,0.4165,0.039721947,96.07,16.57,73.29000017618517,245269000000.0,12344000000.0,0.16577,13943000000.0,0.05007,0.049250003,0.08305276958237817,2635142000000.0,1445661000000.0,2584626000000.0,2132868000000.0,216805000000.0,21921000000.0,-35171300000.0,-0.2036237422487511
オリックス,8591,その他金融業,プライム（内国株式）,JP,2025-03-31,東京都,6611295797248.0,1.4749125,16.193089,15.072508,10.286845808629705,0.39080003,0.026077515,399.27,371.64,298.0530607675814,1829238000000.0,,0.16694,351630000000.0,0.13428001,0.10418,0.24248316949629173,12694468000000.0,,,6282798000000.0,1206573000000.0,626910000000.0,,
三菱ＨＣキャピタル,8593,その他金融業,プライム（内国株式）,JP,2025-03-31,東京都,2061096845312.0,1.0751762,13.079726,12.731708,11.375157390326697,0.37240002,0.029166667,112.75,109.75,86.05999999211963,2090808000000.0,187127000000.0,0.13512999,135165000000.0,0.08329,0.098050006,0.15226504404058652,9957812000000.0,3558970000000.0,6018651000000.0,8302813000000.0,313399000000.0,550198000000.0,-3554022400000.0,-1.7243354712243069
ジャフコ　グループ,8595,証券、商品先物取引業,プライム（内国株式）,JP,2025-03-31,東京都,116158865408.0,0.84697217,6.1912775,17.862923,11.36915638205615,1.0756,0.055707138,123.58,356.55,175.59000101492342,,,0.04871,,0.29382,0.04634,0.8302935812202153,28845000000.0,7520000000.0,165355000000.0,15183000000.0,72486000000.0,3377000000.0,138873900000.0,1.1955514502678295
九州リースサービス,8596,その他金融業,スタンダード（内国株式）,JP,2025-03-31,福岡県,33597016064.0,0.74111056,,9.289242,9.608439202337792,0.38740003,0.0,159.97,,134.08680026310574,39336000000.0,5658000000.0,0.14216,3569000000.0,0.10963,0.08971,0.21040746389873818,159304000000.0,49448000000.0,150252000000.0,140277000000.0,4907000000.0,10494000000.0,-1706200000.0,-0.050784271935037525
トモニホールディングス,8600,銀行業,プライム（内国株式）,JP,2025-03-31,,176172957696.0,0.60702306,,14.010695,4.8127943287730846,0.3439,0.011615044,65.45,,80.60999994671269,85898000000.0,,0.38294,15832000000.0,0.1518,0.046479996,0.05593562343347382,4750605000000.0,,,165466000000.0,509248000000.0,735254000000.0,,
大和証券グループ本社,8601,証券、商品先物取引業,プライム（内国株式）,JP,2025-03-31,東京都,2071528210432.0,1.1707677,15.190002,12.047708,9.126819847782192,0.5155,0.043581888,124.09,98.42,107.64000002811493,,,0.18478,,0.20239,0.095860004,0.04569357067578687,34101061000000.0,,,5392484000000.0,4347198000000.0,2312314000000.0,,
野村ホールディングス,8604,証券、商品先物取引業,プライム（内国株式）,JP,2025-03-31,,3676629893120.0,0.9964898,14.002199,10.707979,16.439456183854436,0.4286,0.041295547,118.93,90.95,52.68999999767464,1662374000000.0,,0.18655,340736000000.0,0.16705999,0.1007,0.06110469019053321,53221171000000.0,,,15058522000000.0,5514696000000.0,886392000000.0,,
岡三証券グループ,8609,証券、商品先物取引業,プライム（内国株式）,JP,2025-03-31,東京都,182077079552.0,0.7882712,,8.5446005,11.380066789275473,0.3757,0.044843048,106.5,,64.08000002803226,84035000000.0,,0.22537,11652000000.0,0.23256999,0.097270004,0.1509199572672493,1171508000000.0,,,526870000000.0,51499000000.0,75520000000.0,,
丸三証券,8613,証券、商品先物取引業,プライム（内国株式）,JP,2025-03-31,東京都,70355460096.0,1.4243675,,14.0418215,21.064449308782805,0.52970004,0.030534351,75.56,,44.439999938011894,18848000000.0,3548000000.0,0.15133001,3792000000.0,0.0,0.09097999,0.6679934026689203,24357000000.0,19500000000.0,53667000000.0,2023000000.0,34828000000.0,13574000000.0,38811800000.0,0.5516529910690843
東洋証券,8614,証券、商品先物取引業,プライム（内国株式）,JP,2025-03-31,東京都,42923114496.0,1.4009762,,10.9003105,14.730666190351894,0.5175,0.047393367,57.98,,34.45260313311427,,,0.27021,,0.29525998,0.12958999,0.43410148875149523,39266000000.0,31443000000.0,53473000000.0,12435000000.0,22460000000.0,7050000000.0,19142000000.0,0.4459601831032984
東海東京フィナンシャル・ホールディングス,8616,証券、商品先物取引業,プライム（内国株式）,JP,2025-03-31,東京都,180188495872.0,0.9285015,14.262948,10.927961,10.592643046693022,0.5191,0.0,65.52,50.2,43.919999926853,,,0.1179,,0.18035999,0.090150006,0.1290714182835744,1214602000000.0,1041128000000.0,1322176000000.0,701217000000.0,112260000000.0,56226000000.0,146932200000.0,0.815436075921161
光世証券,8617,証券、商品先物取引業,スタンダード（内国株式）,JP,2025-03-31,,5187262976.0,0.31901634,,24.640932,20.099006324990675,0.4488,0.0,22.28,,39.89417989417989,556000000.0,-519000000.0,0.21866,-466000000.0,0.19868,0.01313,0.7218014047651838,6060000000.0,5230000000.0,12837000000.0,353000000.0,4211000000.0,4607000000.0,10001900000.0,1.9281652089504553
水戸証券,8622,証券、商品先物取引業,プライム（内国株式）,JP,2025-03-31,東京都,39573667840.0,0.9250941,,12.804522,13.557142627290206,0.77989995,0.061349694,51.31,,38.46999978269219,,,0.20938,,0.19346,0.07469,0.6316005040957782,23386000000.0,19363000000.0,46500000000.0,3763000000.0,24791000000.0,12602000000.0,31935400000.0,0.8069861032118069
いちよし証券,8624,証券、商品先物取引業,プライム（内国株式）,JP,2025-03-31,東京都,42445373440.0,1.3701922,,9.667519,12.930374333960359,0.5044,0.0,136.85,,56.950000645079065,18801000000.0,2288000000.0,0.33947,1564000000.0,0.17920999,0.15024,0.655417661097852,14438000000.0,14116000000.0,35927000000.0,338000000.0,15333000000.0,731000000.0,22000700000.0,0.5183297546221329
松井証券,8628,証券、商品先物取引業,プライム（内国株式）,JP,2025-03-31,東京都,238790377472.0,2.6434808,18.957054,15.468046,19.49109760697399,0.8339,0.053005464,59.93,48.9,37.98999993771813,37161000000.0,,0.49193,10501000000.0,0.30533,,0.06828230352603072,1045227000000.0,,,343488000000.0,688686000000.0,7698000000.0,,
ＳＯＭＰＯホールディングス,8630,保険業,プライム（内国株式）,JP,2025-03-31,東京都,5428354220032.0,1.0954896,22.288164,13.373192,5.5401329857790165,0.3319,0.025623621,454.94,272.97,536.3036170795475,5253145000000.0,,0.14319,243132000000.0,0.12206,0.17385,0.26464321453207257,11663887000000.0,,,691201000000.0,1027628000000.0,11068996000000.0,,
日本取引所グループ,8697,その他金融業,プライム（内国株式）,JP,2025-03-31,東京都,1900091408384.0,5.507717,29.843397,24.062744,32.89851001560268,0.7942,0.03335156,76.82,61.94,58.445000003247905,164172000000.0,89087000000.0,0.58671004,61092000000.0,0.39821,0.22972,0.0039910530096100485,85045614000000.0,85014321000000.0,85219154000000.0,52487000000.0,98428000000.0,3531000000.0,176011700000.0,0.09263328028502343
マネックスグループ,8698,証券、商品先物取引業,プライム（内国株式）,JP,2025-03-31,東京都,170927308800.0,1.3796489,13.309845,,6.651618544865514,1.1812999,0.045185186,-20.65,51.09,121.67000012710166,77627000000.0,16278000000.0,0.29326,-5067000000.0,0.11056,0.06949,0.17471369326180422,583387000000.0,1761000000.0,518842000000.0,87015000000.0,53467000000.0,96983000000.0,3343100000.0,0.019558606658411273
ＨＳホールディングス,8699,証券、商品先物取引業,スタンダード（内国株式）,JP,2025-03-31,東京都,34219206656.0,0.3418605,,2.3296795,3.163295063849623,0.020499999,0.0,488.05,,310.6595318604117,36987000000.0,,0.02254,12100000000.0,0.254,0.15729,0.7489031855307194,28633000000.0,,,1314000000.0,17792000000.0,4828000000.0,,
丸八証券,8700,証券、商品先物取引業,スタンダード（内国株式）,JP,2025-03-31,愛知県,7004345344.0,0.8532515,,13.329788,11.70590270027671,0.45580003,0.0,131.66,,129.7459283387622,3082037000.0,436413000.0,0.13586001,392229000.0,0.19213,0.086569995,0.7656827200791815,2323836000.0,2217814000.0,7524152000.0,196957000.0,2479982000.0,1718597000.0,6403333900.0,0.9141944872100242
トレイダーズホールディングス,8704,証券、商品先物取引業,スタンダード（内国株式）,JP,2025-03-31,東京都,32084287488.0,1.6141183,,7.742716,5.683660344456865,0.2545,0.0,157.18,,117.37973506119307,13428000000.0,6637000000.0,0.39466,4547000000.0,0.32169,0.22761999,0.13922653700978824,107635000000.0,107419000000.0,123381000000.0,1126000000.0,12121000000.0,316000000.0,15967200000.0,0.4976641605637018
日産証券グループ,8705,証券、商品先物取引業,スタンダード（内国株式）,JP,2025-03-31,,12539876352.0,1.0240388,,37.01016,24.16964567623941,1.0174,0.0,6.89,,9.72922734114529,7373265000.0,603785000.0,0.24270001,351184000.0,-0.016549999,-0.01535,0.08781667534690821,124694863000.0,119872377000.0,131382060000.0,5694398000.0,4707220000.0,3970472000.0,9466527400.0,0.75491393489619
極東証券,8706,証券、商品先物取引業,プライム（内国株式）,JP,2025-03-31,東京都,48822386688.0,0.9297906,,10.312022,10.14955910159512,0.7315,0.07010835,150.31,,136.0755114077264,11870000000.0,,0.14123,4446000000.0,0.58486,0.09201,0.6566153924450042,26989000000.0,,,12000000000.0,20340000000.0,28903000000.0,,
岩井コスモホールディングス,8707,証券、商品先物取引業,プライム（内国株式）,JP,2025-03-31,大阪府,87143170048.0,1.1729344,,8.347396,8.15283649631295,0.5061,0.061559506,444.45,,286.33999410544106,,,0.42855,,0.32779,0.14709,0.36506139087953154,117750000000.0,111718000000.0,168237000000.0,26007000000.0,8254000000.0,13871000000.0,60196700000.0,0.690779322887182
アイザワ証券グループ,8708,証券、商品先物取引業,プライム（内国株式）,JP,2025-03-31,東京都,45613592576.0,0.9611124,,16.544243,13.103804224658614,0.53139997,0.03208191,88.49,,79.36719667057945,20586000000.0,1889000000.0,-0.032560002,3172000000.0,0.1748,0.05348,0.40686941357996514,61930000000.0,51150000000.0,70047000000.0,25004000000.0,14405000000.0,25208000000.0,25762600000.0,0.5648009407957755
フィデアホールディングス,8713,銀行業,プライム（内国株式）,JP,2025-03-31,宮城県,36394754048.0,0.42470348,,9.054145,22.203700942493175,0.3371,0.037239324,222.55,,65.19999878234297,46116000000.0,,0.15453,2816000000.0,0.06368,0.0367,0.02643249148178011,2844575000000.0,,,103300000000.0,316696000000.0,569667000000.0,,
池田泉州ホールディングス,8714,銀行業,プライム（内国株式）,JP,2025-03-31,大阪府,260618846208.0,1.0704043,,19.44329,11.385244755365067,0.38419998,0.01982851,48.14,,32.0500000278529,79940000000.0,,0.25193,13246000000.0,0.0,,0.03690719216161034,6191075000000.0,,,410987000000.0,854992000000.0,716402000000.0,,
アニコム　ホールディングス,8715,保険業,プライム（内国株式）,JP,2025-03-31,東京都,96319070208.0,3.3988152,28.906076,43.922096,16.451977195245536,0.3023,0.00625,29.78,45.25,34.01624338568544,67420000000.0,,0.012359999,3246000000.0,0.0,0.07427,0.38716307556487434,44427000000.0,,,10000000000.0,26460000000.0,29430000000.0,,
ＭＳ＆ＡＤインシュアランスグループホールディングス,8725,保険業,プライム（内国株式）,JP,2025-03-31,東京都,6404446879744.0,1.4133103,10.733652,9.148376,10.520903339628015,0.2281,0.025670946,482.49,411.23,232.87973907913528,6348348000000.0,,0.13982001,691657000000.0,0.10217,0.16309999,0.1524549585923684,22188463000000.0,,,590565000000.0,2139796000000.0,17760073000000.0,,
ソニーフィナンシャルグループ,8729,保険業,プライム（内国株式）,JP,2025-03-31,東京都,952280940544.0,1.4429853,,0.80211174,,0.0,0.0,176.16,,,2414745000000.0,,-0.12353,,0.015140001,,,,,,,,,,
あかつき本社,8737,証券、商品先物取引業,スタンダード（内国株式）,JP,2025-03-31,東京都,19250470912.0,0.98780924,,6.328988,5.432913932396345,0.2935,0.063479625,100.49,,82.83454598844986,56483748000.0,3807133000.0,0.09517,2631661000.0,0.0557,0.19758,0.19420717509467533,73182488000.0,60565593000.0,84874066000.0,43445928000.0,19451338000.0,3772268000.0,14332165600.0,0.7445098702009353
スパークス・グループ,8739,証券、商品先物取引業,プライム（内国株式）,JP,2025-03-31,東京都,84253941760.0,2.2745726,,13.215968,10.46581038793436,0.55759996,0.0,161.32,,163.78999855908017,17960000000.0,7716000000.0,0.51035,5252000000.0,0.32608002,0.17559999,0.6709585694547348,16432000000.0,7988000000.0,26631000000.0,9000000000.0,21385000000.0,19468000000.0,23826600000.0,0.2827950776222532
小林洋行,8742,証券、商品先物取引業,スタンダード（内国株式）,JP,2025-03-31,東京都,6343693312.0,0.6354692,,34.888306,15.023849935454445,0.32869998,0.009398496,15.22,,29.766042888121437,4680291000.0,181285000.0,0.06843,239411000.0,0.03873,0.018960001,0.4678459380745526,11110420000.0,10381186000.0,14437334000.0,70000000.0,2918194000.0,2198450000.0,4865829000.0,0.767034085773912
ｕｎｂａｎｋｅｄ,8746,証券、商品先物取引業,スタンダード（内国株式）,JP,2025-03-31,東京都,3628912896.0,0.7506564,,,16.851370746680992,0.0,0.0,-100.39,,39.522007438544655,9489720000.0,187221000.0,-0.26307,295700000.0,-0.0126,-0.01006,0.7484757336911858,1640154000.0,1608898000.0,6833471000.0,,3280152000.0,397344000.0,5471457800.0,1.5077401846792633
豊トラスティ証券,8747,証券、商品先物取引業,スタンダード（内国株式）,JP,2025-03-31,東京都,13510513664.0,0.74358606,,6.0657873,5.254198179217451,0.2195,0.018488085,391.87,,259.96383133406033,7662116000.0,2074268000.0,0.45428002,1915116000.0,0.10469,0.075840004,0.10964587705571102,112060765000.0,110399412000.0,119790116000.0,711700000.0,8470274000.0,2012878000.0,9138365600.0,0.6763892052713001
第一ライフグループ,8750,保険業,プライム（内国株式）,JP,2025-03-31,東京都,5416234254336.0,1.3362609,4.060776,13.576788,10.867370308585304,0.3886,0.0059161596,110.63,369.88,82.40000000452119,9128610000000.0,,-0.00184,429613000000.0,0.04598,0.11201999,0.04985710696886943,66123263000000.0,,,1194998000000.0,1889228000000.0,53033910000000.0,,
東京海上ホールディングス,8766,保険業,プライム（内国株式）,JP,2025-03-31,東京都,14197239840768.0,2.6318338,14.946655,13.4035425,12.640087655135304,0.35729998,0.027521009,549.78,493.02,351.5899999445992,7584167000000.0,,0.14395,1055276000000.0,0.12564999,0.20663999,0.16252478604132106,26133796000000.0,,,227246000000.0,1071138000000.0,19262988000000.0,,
アドバンテッジリスクマネジメント,8769,サービス業,スタンダード（内国株式）,JP,2025-03-31,東京都,7647626752.0,1.8352841,16.233334,7.416996,12.635098518487869,0.24379998,0.033264033,65.66,30.0,30.299999226884893,8554077000.0,1022823000.0,0.13176,744364000.0,0.101280004,0.26402,0.4539080623408278,4764129000.0,2887383000.0,3700785000.0,1973398000.0,1733632000.0,557579000.0,-673038700.0,-0.08800621706910416
イー・ギャランティ,8771,その他金融業,プライム（内国株式）,JP,2025-03-31,東京都,73953755136.0,3.7703717,19.79786,22.280209,25.411698943095626,0.4947,0.022182254,74.73,84.1,67.36000058465753,10224244000.0,5103513000.0,0.49173,3491021000.0,0.33345002,0.15803,0.7379841521792079,6622799000.0,6507514000.0,18907097000.0,,16315316000.0,11288851000.0,20186493700.0,0.27296103710862685
アサックス,8772,その他金融業,スタンダード（内国株式）,JP,2025-03-31,東京都,28656144384.0,0.55517936,,7.4624305,7.277031381646529,0.1717,0.0,116.45,,99.7443595342067,7519931000.0,5214756000.0,0.68794,3386351000.0,0.43956003,0.0738,0.41475591236469145,69217994000.0,21684219000.0,108500466000.0,66385455000.0,5173296000.0,,39282472000.0,1.3708219596329627
ａｂｃ,8783,その他金融業,スタンダード（内国株式）,JP,2025-03-31,東京都,5095694848.0,0.5241172,,,-1.243066915480747,0.0,0.0,-337.58,,-426.3648186590393,3311839000.0,-2616876000.0,-0.89088,-4411879000.0,-1.20332,,0.35425759740048723,4990069000.0,4641595000.0,4415188000.0,2563268000.0,379937000.0,1763639000.0,659666300.0,0.1294556129590278
フィンテック　グローバル,8789,その他金融業,スタンダード（内国株式）,JP,2025-09-30,東京都,26092331008.0,2.2698066,,12.55771,,,0.023076924,10.83,,,14432830000.0,3406296000.0,0.34197,2121987000.0,0.15395,0.20818001,0.40630968311665105,14951957000.0,12240207000.0,15597859000.0,11701991000.0,6632789000.0,1173976000.0,1467685200.0,0.05624967733047701
ＮＥＣキャピタルソリューション,8793,その他金融業,プライム（内国株式）,JP,2025-03-31,東京都,86502498304.0,0.66379535,11.524111,9.422229,12.185419676515702,0.352,0.03731343,426.12,348.4,306.9458631256384,,,0.03542,,0.029979998,0.05014,0.0987935143538072,1082413000000.0,571751000000.0,1002303000000.0,1022100000000.0,110298000000.0,85090000000.0,-20547000000.0,-0.23753071186210903
Ｔ＆Ｄホールディングス,8795,保険業,プライム（内国株式）,JP,2025-03-31,東京都,1913139494912.0,1.1958146,16.118208,15.8926935,13.476577167676258,0.4065,0.025777103,250.87,247.36,183.12999995958336,2338228000000.0,,0.046869997,126411000000.0,0.04438,0.07617,0.07829028794677227,15312181000000.0,,,127989000000.0,778681000000.0,12212019000000.0,,
アドバンスクリエイト,8798,保険業,プライム（内国株式）,JP,2025-09-30,大阪府,5833901568.0,10.781303,,,-9.455850043949969,0.0,0.0,-59.8,,-102.26473511164708,6608055000.0,-606454000.0,0.023239998,-1539357000.0,-0.07918,,0.054382299385538964,9728861000.0,7855499000.0,9180062000.0,5715949000.0,5339373000.0,17170000.0,-536780000.0,-0.09201046567949224
三井不動産,8801,不動産業,プライム（内国株式）,JP,2025-03-31,,4627090112512.0,1.4553651,17.86278,15.084867,19.416596215609385,0.2932,0.019707376,112.53,95.03,80.13999998912664,2625363000000.0,372733000000.0,0.13342,248799000000.0,0.11078,,0.31922251197177726,6589134000000.0,1849551000000.0,3168436000000.0,4416084000000.0,164106000000.0,1334510000000.0,-2486541000000.0,-0.5373876322996619
三菱地所,8802,不動産業,プライム（内国株式）,JP,2025-03-31,東京都,5408605863936.0,2.1448622,29.745869,28.287481,20.198277859632245,0.2841,0.009966778,158.48,150.71,131.9599999869632,1579812000000.0,309232000000.0,0.25656998,189356000000.0,0.13783,0.09404001,0.3205918622072831,5255723000000.0,913023000000.0,2125111000000.0,3336986000000.0,253834000000.0,358442000000.0,-2879702600000.0,-0.5324297374304062
平和不動産,8803,不動産業,プライム（内国株式）,JP,2025-03-31,東京都,161938030592.0,1.2751868,9.31307,14.720261,15.502611254167942,0.5011,0.0,165.69,261.89,118.06499988228431,42075000000.0,13199000000.0,0.35669,9565000000.0,0.21693,0.090150006,0.28125022345849393,301545000000.0,32407000000.0,60036000000.0,245679000000.0,19343000000.0,37027000000.0,-215590100000.0,-1.3313123496183268
東京建物,8804,不動産業,プライム（内国株式）,JP,2025-12-31,東京都,741985878016.0,1.2554262,14.5125265,12.6321,7.980574778662002,0.3709,0.029838022,282.93,246.27,315.4999994013919,474586000000.0,95764000000.0,0.257,58879000000.0,0.124060005,0.10379,0.26005051216163894,1669585000000.0,195915000000.0,826865000000.0,1343874000000.0,152294000000.0,197720000000.0,-704316000000.0,-0.9492310040768893
京阪神ビルディング,8818,不動産業,プライム（内国株式）,JP,2025-03-31,大阪府,101272264704.0,1.2684722,26.33995,21.00109,18.928419895602367,0.4103,0.02044335,101.09,80.6,77.30000064385324,19584874000.0,4983861000.0,0.29811,4388480000.0,0.22791,0.05906,0.430949266606859,100781387000.0,15761955000.0,15020280000.0,84353372000.0,14060636000.0,22399261000.0,-70081624300.0,-0.6920120183431817
住友不動産,8830,不動産業,プライム（内国株式）,JP,2025-03-31,東京都,4497914462208.0,1.8715099,11.643476,22.755947,14.66528955171595,0.18,0.007879656,214.01,418.26,186.91500007482043,1014239000000.0,271517000000.0,0.28717,191681000000.0,0.0,0.09603,0.3225182828450817,4554318000000.0,790067000000.0,1117715000000.0,3891925000000.0,99020000000.0,842125000000.0,-2847115500000.0,-0.6329856923518211
太平洋興発,8835,卸売業,スタンダード（内国株式）,JP,2025-03-31,東京都,6666843136.0,0.41478515,,12.373664,9.194701740254654,0.56340003,0.0,69.26,,80.4701720467704,42076000000.0,857000000.0,0.01597,382000000.0,0.00801,0.0208,0.3280130702526078,31649000000.0,18878000000.0,19451000000.0,18006000000.0,5318000000.0,1110000000.0,-11421000000.0,-1.7131046534345817
ＲＩＳＥ,8836,不動産業,スタンダード（内国株式）,JP,2025-03-31,東京都,2688369920.0,1.6011895,,8.536586,-165.84100254545456,0.0,0.0,3.28,,-0.11456756597206642,383000000.0,35000000.0,0.06306,9000000.0,0.072119996,0.01605,0.9025191675794085,178000000.0,97000000.0,496000000.0,42000000.0,462000000.0,6000000.0,322200000.0,0.11984957784381102
テーオーシー,8841,不動産業,スタンダード（内国株式）,JP,2025-03-31,東京都,90423066624.0,0.8777661,79.76653,61.230587,12.369675431922841,0.59669995,0.009199632,16.74,12.85,54.59999989981652,13152000000.0,1418000000.0,0.19787,1787000000.0,0.12361,0.01765,0.8723454254282134,14073000000.0,4135000000.0,30633000000.0,1122000000.0,29487000000.0,23392000000.0,32934400000.0,0.36422564760990517
コスモスイニシア,8844,不動産業,スタンダード（内国株式）,JP,2025-03-31,東京都,43047444480.0,0.82193893,,9.1320915,6.7130979612334585,,0.026208026,139.07,,126.33000124912554,129528000000.0,9452000000.0,0.01171,5323000000.0,0.04246,0.102110006,0.27884805681683245,126531000000.0,66994000000.0,164599000000.0,100338000000.0,27928000000.0,1543000000.0,39148100000.0,0.9094175153228515
レオパレス２１,8848,不動産業,プライム（内国株式）,JP,2025-03-31,,202377248768.0,5.976731,11.456835,22.685184,3.7195835279546374,0.35599998,0.015527951,28.08,55.6,132.3973610249025,431831000000.0,29237000000.0,0.077659994,17861000000.0,0.02834,0.21846001,0.3769740334679746,128356000000.0,95343000000.0,103215000000.0,31630000000.0,88408000000.0,4616000000.0,-21909800000.0,-0.108262169455208
スターツコーポレーション,8850,不動産業,プライム（内国株式）,JP,2025-03-31,東京都,222044192768.0,1.1862414,9.318499,8.9095745,6.651387501926517,0.26590002,0.0,526.4,503.3,444.84000094705925,232978000000.0,32623000000.0,0.14656,24274000000.0,0.100480005,0.13893,0.5237511501676922,155410000000.0,95514000000.0,157435000000.0,69646000000.0,99085000000.0,13920000000.0,11769000000.0,0.05300296239810553
フジ住宅,8860,不動産業,プライム（内国株式）,JP,2025-03-31,大阪府,26775222272.0,0.45942277,,5.6568103,5.434766965348656,0.24209999,0.0,132.23,,126.69214738246082,123927013000.0,7894209000.0,0.04612,4764305000.0,0.03439,0.08420999,0.2984257014902256,128535503000.0,55189446000.0,119108467000.0,108711643000.0,21578146000.0,872711000.0,-8816138300.0,-0.3292648034978001
空港施設,8864,不動産業,スタンダード（内国株式）,JP,2025-03-31,東京都,45232562176.0,0.73430675,20.17621,24.931953,14.035611546203652,0.8174,0.0,36.74,45.4,40.229999745077606,31121104000.0,4469805000.0,0.14587,2577568000.0,0.094560005,0.05651,0.5517666856964619,45986323000.0,11417146000.0,39421255000.0,27045452000.0,7159544000.0,10554428000.0,823031600.0,0.018195555599914554
明和地所,8869,不動産業,スタンダード（内国株式）,JP,2025-03-31,東京都,21056020480.0,0.55949455,7.8841085,3.4617014,8.163075401389223,0.1542,0.04459309,259.41,113.9,118.604464304449,79902000000.0,5241000000.0,0.024389999,2897000000.0,0.0525,0.15001,0.22339691118168012,118119000000.0,67512000000.0,140112000000.0,86811000000.0,22472000000.0,96000000.0,22060200000.0,1.0476908502702975
ゴールドクレスト,8871,不動産業,スタンダード（内国株式）,JP,2025-03-31,東京都,109841883136.0,0.8144882,21.391586,17.931746,21.10149595444699,0.59720004,0.032884903,184.31,154.5,112.89999969014922,29294000000.0,7519000000.0,0.27512,5014000000.0,0.18462,0.03848,0.6007122040154655,88917000000.0,17405000000.0,173595000000.0,76125000000.0,77636000000.0,15078000000.0,95232600000.0,0.8669971533726201
リログループ,8876,サービス業,プライム（内国株式）,JP,2025-03-31,東京都,285895819264.0,3.6626525,13.128686,14.670543,-6.4423521779109025,0.2947,0.01976593,129.0,144.15,-181.92999956210397,142908000000.0,30438000000.0,0.18058,43317000000.0,0.14048,0.28939,0.22494524632556667,232664000000.0,126778000000.0,167045000000.0,87932000000.0,64021000000.0,24462000000.0,-48495600000.0,-0.16962682464138631
エスリード,8877,不動産業,プライム（内国株式）,JP,2025-03-31,大阪府,86713024512.0,1.1067029,,9.506893,6.547669107238265,0.3468,0.03641208,591.15,,487.26999085653785,94765891000.0,14548231000.0,0.14979,9330772000.0,0.09268,0.12656,0.3235719240919769,153569230000.0,48255007000.0,213514900000.0,140875771000.0,31242775000.0,499971000.0,60295649700.0,0.695347095079769
日神グループホールディングス,8881,不動産業,プライム（内国株式）,JP,2025-03-31,東京都,31619026944.0,0.45251983,,7.961896,10.343038577633788,,0.031073445,85.03,,45.03580198963928,76235977000.0,3447833000.0,0.0494,2057620000.0,0.04859,0.0629,0.5121152579598769,63924042000.0,34232540000.0,116407506000.0,44312895000.0,54343489000.0,4426309000.0,55581880300.0,1.757861821568395
シーラホールディングス,8887,不動産業,スタンダード（内国株式）,JP,2025-05-31,東京都,13989527552.0,0.0102793565,,4.34681,33.413079049177824,0.076,0.0,85.58,,20.09745226538745,5419139000.0,200891000.0,0.104090005,-657912000.0,0.03611,0.10428,0.6607182860773038,5682453000.0,2404395000.0,12399000000.0,4543916000.0,7959765000.0,688194000.0,7198282800.0,0.51454795547909
ＡＭＧホールディングス,8891,不動産業,スタンダード（内国株式）,JP,2025-03-31,愛知県,6123313664.0,0.51940906,,5.9977503,5.6215244721638316,0.1783,0.029069768,364.47,,378.48363728245056,30417651000.0,1551100000.0,0.08327,975204000.0,0.04251,0.12255,0.37449907863203796,18343415000.0,14607685000.0,26233050000.0,13414933000.0,3109111000.0,84718000.0,7948937600.0,1.298143135592278
エスコン,8892,不動産業,プライム（内国株式）,JP,2025-03-31,東京都,110751948800.0,1.274075,,9.082331,7.834743806389066,0.3773,0.040990606,127.17,,102.95999998240536,113603000000.0,21315000000.0,0.20996,11193000000.0,0.088970006,0.14564,0.17209854582067513,381167000000.0,95654000000.0,335103000000.0,336394000000.0,46802000000.0,19546000000.0,-32381800000.0,-0.2923813111268702
ＲＥＶＯＬＵＴＩＯＮ,8894,不動産業,スタンダード（内国株式）,JP,2025-10-31,東京都,5132704256.0,4.8550425,,,215.93731614951943,0.0,0.0,-148.53,,2.639654924697315,34570459000.0,-4150834000.0,0.05072,-17232188000.0,-0.46987998,-1.78052,0.02502701204392411,45290752000.0,34453233000.0,35631516000.0,11690540000.0,2778559000.0,615363000.0,-9228481900.0,-1.797976551875581
ＭＩＲＡＲＴＨホールディングス,8897,不動産業,プライム（内国株式）,JP,2025-03-31,東京都,52913000448.0,0.66730475,,10.071211,6.034346036301387,0.71169996,0.07035176,39.32,,73.71999999170673,196523000000.0,14365000000.0,0.06985,8207000000.0,0.049439996,0.11354,0.22356298388222534,283403000000.0,134075000000.0,215263000000.0,227002000000.0,48044000000.0,3125000000.0,-65952500000.0,-1.2464328131385123
センチュリー２１・ジャパン,8898,不動産業,スタンダード（内国株式）,JP,2025-03-31,東京都,11452110848.0,1.6449647,,13.4231415,15.928948145394179,0.6379,0.0,83.14,,64.86000217326708,4045647000.0,1071667000.0,0.17719,802247000.0,0.19814,0.12555,0.8344751482188433,1311439000.0,1149607000.0,6485196000.0,,761769000.0,715500000.0,5674607000.0,0.49550751606556576
ＡＶＡＮＴＩＡ,8904,不動産業,スタンダード（内国株式）,JP,2025-08-31,,12023355392.0,0.4263298,,8.993274,,0.4123,0.04617254,92.18,,,69270817000.0,1313549000.0,0.01969,639446000.0,0.019550001,0.04783,0.39421641766372745,43059220000.0,30277350000.0,61148568000.0,37292502000.0,18275884000.0,559260000.0,18480830000.0,1.537077579216915
毎日コムネット,8908,不動産業,スタンダード（内国株式）,JP,2025-05-31,東京都,15765160960.0,1.2257752,10.650407,9.128012,8.658867370259758,0.32840002,0.036464088,100.46,86.1,84.21756894790603,22255059000.0,2520069000.0,0.06268,1599526000.0,0.07122,0.15411,0.4242880649346563,17545040000.0,5319587000.0,22476157000.0,13127193000.0,8299348000.0,214190000.0,5081050000.0,0.3222961067693406
エリアクエスト,8912,不動産業,スタンダード（内国株式）,JP,2025-06-30,東京都,2996824576.0,1.9925625,,16.432337,,0.2634,0.016393442,11.38,,,2476579000.0,291093000.0,0.09967,112461000.0,0.07231,0.13098,0.3512222780282304,2565380000.0,1019243000.0,621123000.0,619958000.0,414327000.0,760904000.0,-1411624200.0,-0.47103998388993457
エリアリンク,8914,不動産業,スタンダード（内国株式）,JP,2025-12-31,東京都,49561169920.0,0.67983955,0.38861653,13.370818,17.69577160287996,0.3566,0.041797284,72.92,2508.9,63.05500035861838,26418206000.0,5470172000.0,0.09693,3704733000.0,0.05943,,0.4561236454804556,34851903000.0,9157399000.0,25714771000.0,25743024000.0,16671735000.0,,-9137132000.0,-0.1843607004182681
ファースト住建,8917,不動産業,スタンダード（内国株式）,JP,2025-10-31,兵庫県,14901447680.0,0.36562583,,10.431479,,0.41900003,0.01971831,102.67,,,42883657000.0,2490225000.0,0.08201,1435197000.0,0.06289,0.085710004,0.6596279697676275,19645907000.0,13469287000.0,46469195000.0,14260246000.0,22308338000.0,252345000.0,26999929500.0,1.8118997616746992
ランド,8918,不動産業,スタンダード（内国株式）,JP,2025-02-28,神奈川県,15378829312.0,1.6730801,,34.48276,,0.0,0.0,0.29,,,,,0.23122999,,0.14766,0.04908,0.8887566503997353,1114353000.0,1008915000.0,9932167000.0,572521000.0,3978192000.0,45000000.0,8849314000.0,0.5754218231094442
カチタス,8919,不動産業,プライム（内国株式）,JP,2025-03-31,群馬県,285189210112.0,5.695028,26.846872,22.882793,17.16609342590292,0.50200003,0.0,159.29,135.77,108.73999953852366,129537000000.0,14223000000.0,0.10221,9550000000.0,0.08212,0.25249,0.5486325288915024,37612000000.0,11028000000.0,81050000000.0,26500000000.0,18766000000.0,,43438000000.0,0.15231291528505217
東祥,8920,サービス業,スタンダード（内国株式）,JP,2025-03-31,愛知県,29475721216.0,0.79967463,17.339565,19.63899,-11.961273588441765,0.1684,0.008641975,41.55,47.06,-58.19999960846575,35619427000.0,5884962000.0,0.31974,1228114000.0,0.0612,0.07016,0.5021544561513919,29912048000.0,14453444000.0,22430939000.0,21359512000.0,21214983000.0,500000.0,-7480759000.0,-0.253793925691606
トーセイ,8923,不動産業,プライム（内国株式）,JP,2025-11-30,,161648328704.0,1.4929088,6.4624925,9.689608,9.18620104634688,0.2906,0.030487806,172.04,257.95,123.61500040817529,94688969000.0,22336972000.0,0.25620002,14754770000.0,0.15359001,0.16478,0.33440442606635734,204591281000.0,42884102000.0,220251856000.0,182640328000.0,39604289000.0,11141295000.0,23459481500.0,0.14512665666316593
明豊エンタープライズ,8927,不動産業,スタンダード（内国株式）,JP,2025-07-31,東京都,13619698688.0,1.2762073,9.889135,5.795972,7.390085805874428,0.1689,0.029279279,76.95,45.1,46.64137682697505,29796484000.0,3373703000.0,0.103920005,1893734000.0,0.06966,0.24218,0.3273847757279358,19572497000.0,12474383000.0,26639019000.0,15929460000.0,5093162000.0,32712000.0,7089420400.0,0.5205269633641986
穴吹興産,8928,不動産業,スタンダード（内国株式）,JP,2025-06-30,香川県,27008339968.0,0.5567582,,5.0122733,4.4650180350843245,0.1247,0.025029797,505.16,,454.060031681476,130973099000.0,5690206000.0,0.086289994,3722466000.0,0.03645,0.1166,0.2940768845845984,104485664000.0,51542313000.0,116046548000.0,75223448000.0,6972573000.0,3797692000.0,14219268400.0,0.5264769481148143
青山財産ネットワークス,8929,不動産業,スタンダード（内国株式）,JP,2025-12-31,東京都,33188055040.0,2.8412998,12.023282,12.086281,18.49932528822269,0.4626,0.038601603,114.51,115.11,99.84000105267876,41785000000.0,3859000000.0,0.03222,2750000000.0,0.065809995,0.25699,0.444440216150392,14568000000.0,6060000000.0,19568000000.0,6212000000.0,14099000000.0,2106000000.0,6474200000.0,0.19507621016648766
和田興産,8931,不動産業,スタンダード（内国株式）,JP,2025-02-28,兵庫県,13927008256.0,0.40110782,4.610083,5.3079977,,0.3007,0.05655931,239.45,275.7,,,,-0.07514,,0.06225,0.07756,0.29758550518150084,77726018000.0,38671669000.0,79771937000.0,57365766000.0,17198152000.0,266881000.0,2232735700.0,0.1603169653495465
サンフロンティア不動産,8934,不動産業,プライム（内国株式）,JP,2025-03-31,東京都,139702272000.0,1.0097315,7.1895237,7.451578,7.574599871835903,0.2319,0.0,327.85,339.8,230.74000121014097,103174000000.0,21280000000.0,0.21034999,14163000000.0,0.13771,0.14342,0.4683441037627756,112300000000.0,26663000000.0,183706000000.0,92458000000.0,44920000000.0,,71406000000.0,0.5111298404653004
ＦＪネクストホールディングス,8935,不動産業,プライム（内国株式）,JP,2025-03-31,東京都,57709346816.0,0.75784785,,7.82798,6.423381010597474,0.2309,0.031765424,225.09,,197.30466478921988,112429000000.0,9491000000.0,0.07429,6483000000.0,0.060879998,0.10465,0.6913355518264646,32557000000.0,15841000000.0,92778000000.0,18230000000.0,24468000000.0,299000000.0,60430300000.0,1.0471492632324442
グローム・ホールディングス,8938,不動産業,グロース（内国株式）,JP,2025-03-31,東京都,3059022080.0,0.41693085,,,-29.988478858800715,0.2558,0.006024096,-41.83,,-21.877507833639452,2043000000.0,-41000000.0,-0.03718,70000000.0,-0.18068,-0.049640004,0.9066512434933488,807000000.0,596000000.0,4339000000.0,55000000.0,2186000000.0,,3532000000.0,1.1546173605912644
ランドビジネス,8944,不動産業,スタンダード（内国株式）,JP,2025-09-30,東京都,4604298752.0,0.29341683,,,,2.7907,0.025641026,-18.06,,,18603111000.0,635012000.0,-0.16487,-358389000.0,-0.01385,-0.01603,0.2849106552421653,40336847000.0,7331549000.0,39009966000.0,33439023000.0,7551300000.0,21733000.0,-1311667900.0,-0.28487897303150495
サンネクスタグループ,8945,不動産業,スタンダード（内国株式）,JP,2024-06-30,東京都,10280295424.0,1.3365757,,31.308018,5.104964782830285,1.1824,0.038043477,35.55,,188.36000009760596,,,0.10265,,0.03909,0.04246,0.7259185165017844,2985853000.0,2793617000.0,9730726000.0,,7340737000.0,37865000.0,6771378500.0,0.6586754777680599
ＡＳＩＡＮ　ＳＴＡＲ,8946,不動産業,スタンダード（内国株式）,JP,2025-12-31,神奈川県,1992899968.0,0.8491281,,17.647058,107.86425633253951,0.0,0.0,4.76,,0.7787565858798735,4541319000.0,195773000.0,0.08778,113088000.0,0.02488,0.052199997,0.5839373400701691,1669484000.0,1371263000.0,2648072000.0,822348000.0,1219887000.0,417810000.0,1271055000.0,0.6377916706354225
誠建設工業,8995,不動産業,スタンダード（内国株式）,JP,2025-03-31,大阪府,1886999040.0,0.46975327,,295.89905,12.873637240296304,7.7882,0.02759382,3.17,,65.1200127244802,3274673000.0,20218000.0,0.04508,46570000.0,-0.00445,-0.00301,0.5734475528230114,2963349000.0,973291000.0,5601995000.0,2571209000.0,1636992000.0,474568000.0,2970843600.0,1.5743747278218012
ハウスフリーダム,8996,不動産業,スタンダード（内国株式）,JP,2025-12-31,大阪府,3936634880.0,1.0709016,,5.9757943,5.988233186898091,0.32,0.05376344,171.86,,122.40482703056294,16928018000.0,1114108000.0,0.03466,658806000.0,0.044660002,0.2163,0.22692092752826906,13147428000.0,6647979000.0,12916476000.0,11766292000.0,4799395000.0,51456000.0,-194932800.0,-0.04951762252332632
グランディハウス,8999,不動産業,プライム（内国株式）,JP,2025-03-31,栃木県,15391755264.0,0.6243142,,21.011059,37.161421289813454,1.2643,0.060150377,25.32,,14.489999990614677,53960131000.0,1212439000.0,0.03343,486250000.0,0.01449,0.031040002,0.36158329466500355,43904395000.0,26541999000.0,54008846000.0,36621542000.0,10857676000.0,377850000.0,10368946000.0,0.6736688455703346
東武鉄道,9001,陸運業,プライム（内国株式）,JP,2025-03-31,,550714015744.0,0.8945927,12.351445,9.957927,10.223526772203147,0.2474,0.024946542,282.84,228.03,252.98571692815506,,,0.07609,,0.08486,0.09471,0.3162822267853069,1192449000000.0,438733000000.0,176839000000.0,779054000000.0,35110000000.0,99253000000.0,-946132900000.0,-1.7180112961566805
相鉄ホールディングス,9003,陸運業,プライム（内国株式）,JP,2025-03-31,神奈川県,257005174784.0,1.2645526,12.206017,10.354159,9.585694491975294,0.2707,0.026415095,258.64,219.4,228.84000046815842,,,0.098120004,,0.080790006,0.12892,0.240319096114433,575185000000.0,144130000000.0,141683000000.0,432923000000.0,16008000000.0,23387000000.0,-417131100000.0,-1.623045529532928
東急,9005,陸運業,プライム（内国株式）,JP,2025-03-31,東京都,937850830848.0,1.0719995,14.332376,19.413637,16.8238354643856,0.35419998,0.016754577,84.76,114.81,106.12550224120096,1054981000000.0,103487000000.0,0.110649996,79677000000.0,0.0,,0.30677207434954157,1826689000000.0,719727000000.0,459501000000.0,1291723000000.0,62132000000.0,272657000000.0,-1176328100000.0,-1.2542805969861648
京浜急行電鉄,9006,陸運業,プライム（内国株式）,JP,2025-03-31,神奈川県,419881680896.0,1.0814188,19.815142,15.350662,4.3504491253764055,0.45139998,0.0,101.95,78.98,304.2256724315476,293860000000.0,35644000000.0,0.07231,24301000000.0,0.09038,0.07219,0.35736956914826085,667123000000.0,220904000000.0,191544000000.0,474298000000.0,74454000000.0,114136000000.0,-395683800000.0,-0.9423697627284827
小田急電鉄,9007,陸運業,プライム（内国株式）,JP,2025-03-31,東京都,538886373376.0,1.0816909,14.0,12.797179,8.7436074527391,0.4098,0.032341525,121.98,111.5,225.28000008489036,422700000000.0,51432000000.0,0.15675001,51958000000.0,0.10373,0.08952,0.36790639319810675,820730000000.0,344331000000.0,141096000000.0,610598000000.0,35032000000.0,85605000000.0,-619710500000.0,-1.1499836155025693
京王電鉄,9008,陸運業,プライム（内国株式）,JP,2025-03-31,東京都,435262586880.0,1.0008866,2.748675,11.337455,16.365581060710895,0.3166,0.028275212,66.32,273.55,47.89799996506622,452916000000.0,54148000000.0,0.12845999,42857000000.0,0.0773,0.08625,0.3693577970209934,707832000000.0,302490000000.0,266341000000.0,446935000000.0,48254000000.0,85963000000.0,-381316900000.0,-0.876061741794333
京成電鉄,9009,陸運業,プライム（内国株式）,JP,2025-03-31,千葉県,515031498752.0,0.92328364,3.240488,10.718587,11.340504936709678,0.21090001,0.019895785,99.64,329.58,174.85666658510664,319314000000.0,36009000000.0,0.02874,69961000000.0,0.14446001,0.090509996,0.46519760172558766,569465000000.0,231225000000.0,119084000000.0,329403000000.0,51529000000.0,236626000000.0,-284742800000.0,-0.5528648261125296
富士急行,9010,陸運業,プライム（内国株式）,JP,2025-03-31,,119205003264.0,2.9627147,19.222536,22.58324,44.26988638641348,0.2915,0.01289462,99.41,116.79,86.09999975516199,52230503000.0,8313680000.0,0.18048,5107705000.0,0.0,,0.352992419504477,64315212000.0,22733129000.0,33083628000.0,48859983000.0,16780638000.0,8720974000.0,-25126902200.0,-0.21078731187441982
秩父鉄道,9012,陸運業,スタンダード（内国株式）,JP,2025-03-31,埼玉県,3193106944.0,0.60247767,,9.794096,33.447029847360405,0.0,0.0,219.52,,62.33737373737374,5276389000.0,304971000.0,0.043449998,115590000.0,0.04192,0.04417,0.29607180338531497,11896257000.0,3988936000.0,2030781000.0,5526281000.0,1077750000.0,111793000.0,-9787220900.0,-3.065109021290582
新潟交通,9017,陸運業,スタンダード（内国株式）,JP,2025-03-31,,7512958976.0,0.3769673,,6.6316323,7.34427289862174,0.0339,0.0051229508,294.95,,277.2535797969279,19998620000.0,2016266000.0,0.113809995,1086996000.0,0.054429997,0.05673,0.337306481529666,37388442000.0,19112838000.0,4908092000.0,26679874000.0,2661904000.0,179873000.0,-32354438900.0,-4.306484169999546
東日本旅客鉄道,9020,陸運業,プライム（内国株式）,JP,2025-03-31,,4248254808064.0,1.3947042,18.254122,17.159008,14.902195267784194,0.3373,0.02003791,219.36,206.2,198.28999994492068,,,0.07653,,0.08035,0.08387,0.2810576020343173,7302009000000.0,1741990000000.0,1250033000000.0,4648645000000.0,233663000000.0,506182000000.0,-5697648600000.0,-1.3411739308067805
西日本旅客鉄道,9021,陸運業,プライム（内国株式）,JP,2025-03-31,大阪府,1243289092096.0,1.029464,11.572838,9.84008,12.164030335857518,0.3511,0.035924833,277.64,236.07,240.07579938633518,,,0.00187,,0.069070004,0.10167,0.30824689215504164,2472195000000.0,698552000000.0,617309000000.0,1443294000000.0,125617000000.0,138844000000.0,-1757695200000.0,-1.4137461763110846
東海旅客鉄道,9022,陸運業,プライム（内国株式）,JP,2025-03-31,,3463755595776.0,0.6833751,8.541411,6.350597,9.438454312170213,0.0561,0.008933556,570.97,424.52,390.66000009615817,1831847000000.0,702795000000.0,0.27111,458423000000.0,0.27558002,0.114700004,0.4456437327242284,5664797000000.0,782343000000.0,1942917000000.0,4308098000000.0,259468000000.0,458717000000.0,-3400778100000.0,-0.9818181467962693
東京地下鉄,9023,陸運業,プライム（内国株式）,JP,2025-03-31,東京都,884541685760.0,1.2038624,,14.984755,19.610878371709763,0.4133,0.0276771,101.67,,92.50946643717728,,,0.123500004,,0.13971,0.08133,0.35301429489911296,1313216000000.0,169814000000.0,316446000000.0,1086811000000.0,38762000000.0,,-996770000000.0,-1.1268773603853086
西武ホールディングス,9024,陸運業,プライム（内国株式）,JP,2025-03-31,東京都,954764296192.0,1.7598133,26.652016,5.205218,25.842231106691422,0.0623,0.011914218,722.16,141.04,89.64551578980709,901131000000.0,292736000000.0,0.10564999,258182000000.0,0.219,0.42199,0.30627766994525985,1266993000000.0,430079000000.0,359816000000.0,665204000000.0,235323000000.0,86672000000.0,-846506600000.0,-0.8866131707859447
鴻池運輸,9025,陸運業,プライム（内国株式）,JP,2025-03-31,大阪府,148678918144.0,0.9707045,10.9985075,11.933174,9.198709420603787,0.4944,0.04068748,234.64,254.58,214.05000143152657,344987000000.0,21386000000.0,0.07324,14050000000.0,0.03569,0.088240005,0.5066378554514639,139280000000.0,63932000000.0,140129000000.0,59871000000.0,66398000000.0,13005000000.0,9952500000.0,0.06693955084042719
ゼロ,9028,陸運業,スタンダード（内国株式）,JP,2024-06-30,神奈川県,57551171584.0,1.2817633,9.577741,8.647679,,0.38619998,0.045438334,396.06,357.6,,,,0.06331,,0.04637,0.15629,0.5260486618692831,32860000000.0,24145000000.0,32994000000.0,14248000000.0,11316000000.0,2106000000.0,1608200000.0,0.027943827305977924
ヒガシホールディングス,9029,陸運業,スタンダード（内国株式）,JP,2025-03-31,大阪府,27679721472.0,1.7178199,,11.873914,10.684822556682764,0.2356,0.0,178.29,,114.49249856609678,48126040000.0,2739864000.0,0.06142,1805858000.0,0.04488,0.17569,0.42756852078901214,18087106000.0,12320278000.0,14017562000.0,9466450000.0,4679456000.0,1307229000.0,-3154483700.0,-0.11396370816776404
西日本鉄道,9031,陸運業,プライム（内国株式）,JP,2025-03-31,,218855702528.0,0.81641567,14.584381,7.946103,7.576642275655178,0.1302,0.016498784,364.77,198.74,313.41000044495775,443495000000.0,26656000000.0,0.07959,20810000000.0,0.06893,0.12707,0.3187005674277546,526088000000.0,157105000000.0,217683000000.0,366160000000.0,51318000000.0,64666000000.0,-263138800000.0,-1.2023392443536376
広島電鉄,9033,陸運業,スタンダード（内国株式）,JP,2025-03-31,広島県,18537304064.0,0.43600765,,10.953493,35.083135568474006,0.1437,0.0130293155,55.69,,21.600116192820153,33709000000.0,-1419000000.0,0.0145000005,1379000000.0,0.05159,0.04487,0.4008185853461694,61323000000.0,31919000000.0,16444000000.0,26778000000.0,4046000000.0,9329000000.0,-38348700000.0,-2.0687312387821444
南総通運,9034,陸運業,スタンダード（内国株式）,JP,2025-03-31,千葉県,15074448384.0,0.66524494,,12.036828,6.068853733955504,0.415,0.034700315,132.51,,158.97091650708887,16106285000.0,2018100000.0,0.11306,1370679000.0,0.07946,0.058179997,0.6566430894485557,11490789000.0,4334274000.0,6058294000.0,7778238000.0,3833195000.0,505748000.0,-5078471400.0,-0.33689268559838537
東部ネットワーク,9036,陸運業,スタンダード（内国株式）,JP,2025-03-31,神奈川県,6995385344.0,0.33464634,,19.239578,75.74852943968226,0.2291,0.012185215,65.49,,14.559999616210883,10370887000.0,186779000.0,0.01329,105654000.0,0.025940001,0.013250001,0.8188792123109003,4372424000.0,1556959000.0,5959653000.0,745284000.0,4468595000.0,2235934000.0,3152382800.0,0.4506374767051003
ハマキョウレックス,9037,陸運業,プライム（内国株式）,JP,2025-03-31,静岡県,135471022080.0,1.4292432,14.753305,12.642487,8.217929409968875,,0.02186589,144.75,124.04,110.69142998559799,146668000000.0,13216000000.0,0.10965,8931000000.0,0.06385,0.10326,0.5616823250504873,57551000000.0,34658000000.0,45758000000.0,30533000000.0,23643000000.0,3331000000.0,-9461300000.0,-0.06984002818265295
サカイ引越センター,9039,陸運業,プライム（内国株式）,JP,2025-03-31,大阪府,111559704576.0,1.1628067,11.438597,13.20467,11.483119921142054,0.48619998,0.03626022,209.85,242.25,205.59999891776528,121023000000.0,12925000000.0,0.042529996,8765000000.0,0.06848,0.08957,0.7545074429790779,31235000000.0,27222000000.0,44663000000.0,4199000000.0,30014000000.0,6215000000.0,17778500000.0,0.15936309680605512
近鉄グループホールディングス,9041,陸運業,プライム（内国株式）,JP,2025-03-31,大阪府,665529679872.0,1.1379845,13.033925,13.681495,16.931661085676108,0.2151,0.015759312,255.82,268.53,251.38656321467383,1741787000000.0,84400000000.0,0.06593,46716000000.0,0.02586,0.08518,0.21702020735824637,1893533000000.0,761609000000.0,761176000000.0,1329832000000.0,259128000000.0,70080000000.0,-1083301000000.0,-1.6277275571066179
阪急阪神ホールディングス,9042,陸運業,プライム（内国株式）,JP,2025-03-31,大阪府,1090191163392.0,1.0030187,14.132808,15.552021,14.835716965854045,0.2707,0.017761989,295.46,325.13,281.5578319741177,1106854000000.0,110880000000.0,0.096099995,67386000000.0,0.06184,0.06611,0.31548829844678755,2150994000000.0,536001000000.0,618119000000.0,1282774000000.0,61052000000.0,456686000000.0,-1213194800000.0,-1.1128275854165695
ＮＡＮＫＡＩ,9044,陸運業,プライム（内国株式）,JP,2025-03-31,,321875771392.0,0.96483165,14.267895,13.06908,12.67874673809198,0.2198,0.016786974,227.56,208.44,198.67701737187468,,,0.08329,,0.09495,0.07704,0.31858053777497064,648653000000.0,189121000000.0,120200000000.0,432950000000.0,42849000000.0,60055000000.0,-486414500000.0,-1.511187057964716
京阪ホールディングス,9045,陸運業,プライム（内国株式）,JP,2025-03-31,,312792612864.0,0.9495803,13.009358,11.106335,13.844249365791898,0.1433,0.0124533,279.12,238.29,232.0799997008788,313546000000.0,42072000000.0,0.17365,28266000000.0,0.09477,0.09205,0.3574198125276208,545355000000.0,182845000000.0,235252000000.0,381535000000.0,13836000000.0,56000000000.0,-270903000000.0,-0.8660786375980902
神戸電鉄,9046,陸運業,プライム（内国株式）,JP,2025-03-31,兵庫県,19075616768.0,0.76594853,,15.31377,21.57918905735016,0.127,0.008295313,157.44,,127.44243932794026,22131000000.0,2007000000.0,0.14105,1150000000.0,0.05652,0.05291,0.25957212174680194,67142000000.0,28323000000.0,5163000000.0,54435000000.0,1054000000.0,1824000000.0,-60702200000.0,-3.182188064389615
名古屋鉄道,9048,陸運業,プライム（内国株式）,JP,2025-03-31,愛知県,346858782720.0,0.7192033,12.453349,14.446169,17.41508889867868,0.3143,0.021825397,122.42,142.01,116.00999998592665,690720000000.0,42077000000.0,0.0799,37733000000.0,0.03876,,0.31865998393272726,950599000000.0,356386000000.0,256417000000.0,585506000000.0,58637000000.0,147074000000.0,-591230200000.0,-1.7045271143595853
京福電気鉄道,9049,陸運業,スタンダード（内国株式）,JP,2025-03-31,京都府,14248460288.0,1.025917,,7.8880496,5.742232973148038,,0.0027063598,908.97,,1051.1426962690723,14459000000.0,2303000000.0,0.19926001,1736000000.0,0.12625,0.1437,0.4921395477765018,11598000000.0,5803000000.0,5566000000.0,7063000000.0,2164000000.0,470000000.0,-5703000000.0,-0.40025377372199616
センコン物流,9051,陸運業,スタンダード（内国株式）,JP,2025-03-31,,6694617088.0,1.1005023,,18.620312,10.570600109177754,0.2062,0.005462491,72.77,,76.70000447558886,18824835000.0,813618000.0,0.03471,506407000.0,0.016210001,0.04241,0.3134868151596426,12712698000.0,7494433000.0,6394200000.0,8569262000.0,2931008000.0,389946000.0,-6045535800.0,-0.9030442997011033
山陽電気鉄道,9052,陸運業,プライム（内国株式）,JP,2025-03-31,,43840180224.0,0.7190611,,10.490774,14.23139524137736,0.2392,0.022994379,188.07,,139.9765955531551,38489000000.0,4066000000.0,0.11007,3031000000.0,0.105220005,0.0692,0.4692313962018094,65120000000.0,20101000000.0,19139000000.0,43175000000.0,8856000000.0,11281000000.0,-38084300000.0,-0.8687076514149688
遠州トラック,9057,陸運業,スタンダード（内国株式）,JP,2025-03-31,静岡県,23541622784.0,0.9750921,,10.174418,8.868049454820493,0.3134,0.0,309.6,,273.87676375966237,48631000000.0,3240000000.0,0.07117,2390000000.0,0.04483,0.095410004,0.5789460551923749,16875000000.0,8782000000.0,13126000000.0,9543000000.0,7400000000.0,357000000.0,-3499100000.0,-0.1486346133444188
カンダホールディングス,9059,陸運業,スタンダード（内国株式）,JP,2025-03-31,,18854547456.0,0.68116146,8.610568,8.094187,7.59558683738387,0.2024,0.024971623,108.72,102.2,105.88404583637892,52009000000.0,3440000000.0,0.079840004,2206000000.0,0.04607,0.09033,0.5426038244461292,21719000000.0,14806000000.0,20512000000.0,6996000000.0,9170000000.0,1581000000.0,-100300000.0,-0.005319671566451836
日本ロジテム,9060,陸運業,スタンダード（内国株式）,JP,2025-03-31,東京都,6188812800.0,0.39817807,,7.610325,10.28611378960162,0.13319999,0.01750547,600.5,,365.5999356009601,66001552000.0,1228979000.0,0.02568,461235000.0,0.010319999,0.04765,0.31822191685557405,33232293000.0,18371261000.0,16042119000.0,23087693000.0,4463689000.0,1963786000.0,-15815523800.0,-2.5555020504094097
岡山県貨物運送,9063,陸運業,スタンダード（内国株式）,JP,2025-03-31,岡山県,8248530432.0,0.30721006,,7.2044325,2.639933045797952,0.123900004,0.0,564.93,,1231.504935834156,38346578000.0,907115000.0,0.03407,957479000.0,0.0699,0.10829,0.4932017190077901,23984780000.0,13000120000.0,13051574000.0,13892104000.0,6837335000.0,3786679000.0,-8282530700.0,-1.0041219788519051
ヤマトホールディングス,9064,陸運業,プライム（内国株式）,JP,2025-03-31,東京都,554975821824.0,0.9718817,16.207344,40.65182,17.42993437051837,1.0680001,0.02635348,43.11,108.13,111.8686250630306,,,-0.05554,,0.00732,0.0232,0.46492424027242574,667079000000.0,354639000000.0,521160000000.0,173794000000.0,208654000000.0,48689000000.0,-111836700000.0,-0.20151634648232816
山九,9065,陸運業,プライム（内国株式）,JP,2025-03-31,東京都,428496158720.0,1.4930272,17.045885,14.521116,11.30741684879282,0.42099997,0.029111398,588.66,501.47,428.6000022397818,606791000000.0,43945000000.0,0.07327,30747000000.0,0.05143,0.1117,0.5378134922017869,248128000000.0,139070000000.0,280256000000.0,89495000000.0,47542000000.0,32541000000.0,54906700000.0,0.12813813819012243
丸運,9067,陸運業,スタンダード（内国株式）,JP,2025-03-31,東京都,27209039872.0,1.0338821,,24.012236,18.77582594174605,0.48479998,0.011664899,39.23,,14.40193872252034,46145000000.0,1269000000.0,0.03786,1116000000.0,0.02164,0.03983,0.6886329765614415,11213000000.0,6509000000.0,9227000000.0,370000000.0,2335000000.0,2639000000.0,-138700000.0,-0.005097570537309991
丸全昭和運輸,9068,陸運業,プライム（内国株式）,JP,2025-03-31,神奈川県,151530766336.0,1.0988408,13.292745,12.078929,9.101623864829856,0.32259998,0.0,650.72,591.3,481.18999604960845,144572000000.0,14655000000.0,0.10149,9804000000.0,0.085360005,0.09287,0.6770438548998375,59939000000.0,34487000000.0,72113000000.0,28497000000.0,21507000000.0,27186000000.0,31204200000.0,0.20592649766456467
センコーグループホールディングス,9069,陸運業,プライム（内国株式）,JP,2025-03-31,東京都,309340372992.0,1.4212874,14.315016,18.83593,11.331517996808188,0.4893,0.026251025,98.19,129.2,94.0800000641991,854550000000.0,34947000000.0,0.05307,18610000000.0,0.02011,0.08021,0.3024449765492063,475526000000.0,184680000000.0,229227000000.0,320470000000.0,70305000000.0,27045000000.0,-227367500000.0,-0.7350075187433748
ニッコンホールディングス,9072,陸運業,プライム（内国株式）,JP,2025-03-31,東京都,620855296000.0,2.6178539,34.428776,38.104103,10.721074844275456,0.5362,0.0,139.67,154.58,130.2649996229233,247888000000.0,23156000000.0,0.09389,16550000000.0,0.06758,0.07459,0.563904197929373,179082000000.0,76641000000.0,87015000000.0,118691000000.0,36784000000.0,28031000000.0,-72445300000.0,-0.11668628820072109
京極運輸商事,9073,陸運業,スタンダード（内国株式）,JP,2025-03-31,東京都,3596250880.0,0.77588993,,19.210688,32.28586657745342,0.1535,0.008077544,65.12,,19.827032767872005,8421594000.0,16919000.0,0.00524,103832000.0,0.02187,0.04328,0.5165234590703088,3927798000.0,2292179000.0,2532212000.0,1860842000.0,880727000.0,1797449000.0,-137371700.0,-0.0381985864123028
日本石油輸送,9074,陸運業,スタンダード（内国株式）,JP,2025-03-31,東京都,16405179392.0,0.5905092,,11.498992,7.826200015808212,0.2292,0.019607844,436.56,,348.8973603828559,37090000000.0,1555000000.0,0.06447,1262000000.0,0.03816,0.0543,0.5995055338616881,17333000000.0,7620000000.0,12111000000.0,8733000000.0,5621000000.0,7309000000.0,-105700000.0,-0.006443087117446866
福山通運,9075,陸運業,プライム（内国株式）,JP,2025-03-31,広島県,189781049344.0,0.6721487,19.325808,31.99023,17.829139685664426,0.4459,0.0139047615,163.8,271.14,193.56000130258914,302495000000.0,7366000000.0,0.0557,8748000000.0,0.042529996,0.04626,0.5711241246799315,212903000000.0,89778000000.0,74045000000.0,110431000000.0,29919000000.0,58005000000.0,-98254500000.0,-0.5177255597417548
セイノーホールディングス,9076,陸運業,プライム（内国株式）,JP,2025-03-31,岐阜県,361172434944.0,0.88299966,14.48741,17.504526,24.37327767379803,0.7388,0.042113956,138.05,166.8,78.15999991282753,737377000000.0,29886000000.0,0.06337,19253000000.0,0.029070001,0.05736,0.5150186809195164,347270000000.0,232251000000.0,233579000000.0,115386000000.0,85121000000.0,71142000000.0,-63891600000.0,-0.17690054339253888
神奈川中央交通,9081,陸運業,プライム（内国株式）,JP,2025-03-31,神奈川県,39696961536.0,0.6268762,,12.605697,11.246093239999665,0.3701,0.027950311,256.63,,265.8181780844891,118148000000.0,7388000000.0,-0.0047299997,5083000000.0,0.02855,0.06445,0.3489216895142767,102043000000.0,56952000000.0,31874000000.0,61875000000.0,4272000000.0,17864000000.0,-57664200000.0,-1.4526099169505968
大和自動車交通,9082,陸運業,スタンダード（内国株式）,JP,2025-03-31,,5761415680.0,0.60601825,,18.905474,-9.31019932458469,0.1172,0.006028636,68.34,,-103.52806741894015,19042000000.0,-21000000.0,0.0502,132000000.0,0.01248,0.02625,0.30681628983383835,20771000000.0,12782000000.0,8742000000.0,14698000000.0,5165000000.0,1114000000.0,-11249200000.0,-1.9525062284691808
神姫バス,9083,陸運業,スタンダード（内国株式）,JP,2025-03-31,兵庫県,24102254592.0,0.4687007,,8.173628,8.916270653632674,0.1433,0.0175,244.2,,186.82277780488963,52953000000.0,3475000000.0,0.0591,2471000000.0,0.05513,0.0617,0.737450240782431,17610000000.0,11920000000.0,14364000000.0,3558000000.0,5929000000.0,4526000000.0,-77800000.0,-0.0032279137913439563
タカセ,9087,陸運業,スタンダード（内国株式）,JP,2025-03-31,東京都,3970941696.0,0.52995354,,21.232306,8.407608283225805,0.3644,0.017156864,96.08,,152.9835,8345345000.0,79422000.0,0.03455,155002000.0,0.022550002,0.025969999,0.7722842298418258,2166992000.0,1275735000.0,3051456000.0,965000000.0,1849882000.0,497270000.0,1232553000.0,0.3103931244423892
ＡＺ－ＣＯＭ丸和ホールディングス,9090,陸運業,プライム（内国株式）,JP,2025-03-31,埼玉県,110709628928.0,1.7744466,12.246722,15.750144,19.36701831389047,0.6135,0.0,52.19,67.12,65.88000017569927,208370000000.0,10973000000.0,0.031140001,7284000000.0,0.032309998,0.12529,0.41732880670326494,78002000000.0,50682000000.0,66573000000.0,43831000000.0,41395000000.0,10935000000.0,-3774500000.0,-0.03409369208937323
日本郵船,9101,海運業,プライム（内国株式）,JP,2025-03-31,東京都,2162255855616.0,0.70723647,10.457898,10.617049,7.991127934224517,0.4061,0.038671948,504.66,512.34,468.12999986253215,2588700000000.0,210820000000.0,0.06291,477707000000.0,0.08737001,0.07056,0.6756232077215563,1350298000000.0,523106000000.0,696334000000.0,738461000000.0,156012000000.0,1987760000000.0,737468000000.0,0.34106417059044314
商船三井,9104,海運業,プライム（内国株式）,JP,2025-03-31,,2017205288960.0,0.7020735,10.437735,9.486504,4.305342884910488,0.3232,0.034211427,619.09,562.67,1184.4499997384696,,,0.05046,,0.11685,0.07566,0.5390102296161522,2260232000000.0,523340000000.0,570022000000.0,1815443000000.0,163290000000.0,1779474000000.0,-444578200000.0,-0.22039313620340986
川崎汽船,9107,海運業,プライム（内国株式）,JP,2025-03-31,東京都,1586557747200.0,0.88008535,7.183127,11.930792,13.074898063102069,0.5703,0.0,210.38,349.43,141.37667359102645,1047944000000.0,102855000000.0,0.06162,305384000000.0,0.13059,0.07754,0.7458807474404414,532601000000.0,205455000000.0,403375000000.0,344860000000.0,204716000000.0,1230101000000.0,731844700000.0,0.4612783249091181
ＮＳユナイテッド海運,9110,海運業,プライム（内国株式）,JP,2025-03-31,東京都,190409719808.0,1.0171428,,7.9054475,4.9085894010153135,0.3032,0.038701624,1022.08,,790.173686719748,,,0.09325,,0.10486,0.13771,0.5651645435981497,125210000000.0,44820000000.0,116172000000.0,85316000000.0,40793000000.0,5506000000.0,-5183800000.0,-0.027224450543948567
明海グループ,9115,海運業,スタンダード（内国株式）,JP,2025-03-31,兵庫県,41140064256.0,0.79177916,,8.44047,4.99699302433271,0.0349,0.0041118423,143.12,,153.5368797893429,67544205000.0,11014379000.0,0.10329001,2812147000.0,0.091800004,0.13999,0.16283483512645328,202064273000.0,57023600000.0,56294405000.0,165702413000.0,48220661000.0,26692735000.0,-127084953500.0,-3.0890800925636746
飯野海運,9119,海運業,プライム（内国株式）,JP,2025-03-31,東京都,162089893888.0,1.0244333,,10.532829,6.158465238645835,0.4056,0.0,145.45,,186.61000048521436,141866000000.0,17100000000.0,0.09329,18367000000.0,0.12091,0.10108,0.4748344651813948,160787000000.0,67341000000.0,41139000000.0,122652000000.0,11627000000.0,25660000000.0,-101686000000.0,-0.6273432449173078
玉井商船,9127,海運業,スタンダード（内国株式）,JP,2025-03-31,東京都,4972402688.0,0.65832585,,3.6232288,4.638787905939586,0.0892,0.02488336,896.99,,379.00094078835576,5389051000.0,888047000.0,0.22181,2095920000.0,0.05646,0.029240001,0.7324309564853556,3340943000.0,834368000.0,4886082000.0,1513415000.0,4185775000.0,1126569000.0,2333737300.0,0.4693379531855003
共栄タンカー,9130,海運業,スタンダード（内国株式）,JP,2025-03-31,東京都,12350992384.0,0.49267983,,18.869028,53.11978774679683,0.4675,0.025236594,85.59,,19.174646677358258,15160070000.0,1372642000.0,0.037019998,5111725000.0,0.04143,0.02655,0.3242270699342683,52231373000.0,10905223000.0,10648605000.0,45543201000.0,8226280000.0,1779467000.0,-40337141100.0,-3.265902839698488
九州旅客鉄道,9142,陸運業,プライム（内国株式）,JP,2025-03-31,福岡県,563339657216.0,1.1629843,10.809055,12.392555,13.3453932899299,0.3893,0.0,295.5,338.79,244.6799999923627,454393000000.0,58977000000.0,0.080570005,43657000000.0,0.09086,0.09546,0.4002651447730794,681890000000.0,212706000000.0,214146000000.0,423320000000.0,35057000000.0,53217000000.0,-430492100000.0,-0.7641785812265963
ＳＧホールディングス,9143,陸運業,プライム（内国株式）,JP,2025-03-31,京都府,841990537216.0,1.5417799,12.6479025,14.375955,19.24150434672219,0.5399,0.0,98.15,111.56,92.9799999523924,1479239000000.0,87848000000.0,0.04271,58120000000.0,0.03591,0.10507,0.5575020540737929,456028000000.0,222596000000.0,370565000000.0,205373000000.0,116861000000.0,28009000000.0,-65856700000.0,-0.0782154870976958
ビーイングホールディングス,9145,陸運業,スタンダード（内国株式）,JP,2025-12-31,石川県,14073967616.0,1.7292023,2.0723917,10.037813,10.194204848142665,0.2234,0.022298457,58.18,281.8,57.4750002572571,33515000000.0,2305000000.0,0.056649998,1402000000.0,0.04183,0.19544001,0.401559261817823,11606000000.0,6187000000.0,9145000000.0,6782000000.0,4995000000.0,,-2461000000.0,-0.17486184899290308
ＮＩＰＰＯＮ　ＥＸＰＲＥＳＳホールディングス,9147,陸運業,プライム（内国株式）,JP,2025-12-31,東京都,1057968750592.0,1.2754449,7.0669603,410.44214,19.065690504922596,9.2678,0.02258356,10.63,617.38,121.46999990533662,2574826000000.0,52349000000.0,0.01956,2693000000.0,0.00105,0.00485,0.3434762534756945,1565910000000.0,759519000000.0,1033325000000.0,878826000000.0,283394000000.0,108927000000.0,-456336100000.0,-0.43133230517881677
シーユーシー,9158,サービス業,グロース（内国株式）,JP,2025-03-31,東京都,21634697216.0,0.6506089,6.462347,7.580115,28.417916655105977,0.0,0.0,97.36,114.2,93.99000047809942,47043000000.0,5343000000.0,0.18339,3131000000.0,0.05251,0.085480005,0.3484683034508671,54881000000.0,12952000000.0,20520000000.0,43544000000.0,7533000000.0,3167000000.0,-32144100000.0,-1.4857661135293236
Ｗ　ＴＯＫＹＯ,9159,サービス業,グロース（内国株式）,JP,2025-06-30,東京都,5139998208.0,3.1019897,,35.220573,22.984249558116463,0.0,0.0,55.99,,116.21001561292158,3925672000.0,351613000.0,0.071490005,173070000.0,0.03603,0.089329995,0.6076252752798235,1014683000.0,541812000.0,2066936000.0,585130000.0,1844498000.0,14026000.0,1062071200.0,0.2066287101709433
オンザページ,9160,サービス業,スタンダード（内国株式）,JP,2025-12-31,東京都,7622050816.0,0.75406176,,11.441476,11.824069890043681,0.0,0.0,26.57,,26.556,22039886000.0,2247951000.0,0.23454,1256581000.0,0.056989998,0.13254,0.27452783699584987,26714356000.0,11397562000.0,4433733000.0,12371475000.0,3417902000.0,1131894000.0,-21488297200.0,-2.819227753624045
ブリーチ,9162,サービス業,グロース（内国株式）,JP,2024-06-30,東京都,6510145536.0,0.68068206,,32.477535,-14.142776704421479,0.0,0.0,7.79,,-21.848609113894646,,,-0.021389998,,0.0113,0.02106,0.7157069114745072,3667635000.0,1856406000.0,12501132000.0,2520000000.0,9642611000.0,66267000.0,8879883900.0,1.3640069720247803
ナレルグループ,9163,サービス業,グロース（内国株式）,JP,2025-10-31,東京都,19467233280.0,1.3469273,,9.363296,8.581104148128675,0.48409998,0.051685393,237.63,,250.53613985715458,24158934000.0,2827491000.0,0.11536,2086906000.0,0.0788,0.13825,0.5894762924218544,10083326000.0,6896983000.0,8469466000.0,5616253000.0,4822364000.0,322197000.0,-1388322100.0,-0.07131584031647255
クオルテック,9165,サービス業,グロース（内国株式）,JP,2024-06-30,大阪府,4175950080.0,1.2559245,,15.930076,14.140210891963102,0.33169997,0.0,111.55,,115.78653997873289,,,0.1177,,0.063039996,0.08093,0.7621788911617033,984753000.0,689111000.0,2894005000.0,197183000.0,1902763000.0,49999000.0,1944251300.0,0.46558298417207133
ＧＥＮＤＡ,9166,サービス業,グロース（内国株式）,JP,2026-01-31,,89884721152.0,1.3887197,4.9320583,23.037142,69.61217030811808,0.0,0.0,21.27,99.35,20.765047169222186,170787000000.0,7696000000.0,0.053969998,3826000000.0,0.0224,0.0769,0.2929847334072933,157289000000.0,90690000000.0,63538000000.0,106566000000.0,32161000000.0,1061000000.0,-93008300000.0,-1.0347509432967796
ライズ・コンサルティング・グループ,9168,サービス業,グロース（内国株式）,JP,2025-02-28,東京都,9688107008.0,1.3403475,5.25,8.023326,18.650866444861958,0.42229998,0.052238807,49.73,76.0,51.92907689813226,7679866000.0,1958460000.0,0.16667,1418334000.0,0.14795999,0.18451001,0.6863241755405145,2886045000.0,1531757000.0,3564451000.0,1914403000.0,2459288000.0,62838000.0,722392600.0,0.07456488655662875
栗林商船,9171,海運業,スタンダード（内国株式）,JP,2025-03-31,東京都,22198331392.0,0.6513404,,7.9037647,10.060872786933968,0.1099,0.013601741,227.36,,131.8803860468774,53071602000.0,2705869000.0,0.04897,2013672000.0,0.07072,0.11833,0.3736276236107314,46556618000.0,15598500000.0,23429729000.0,16146995000.0,13830427000.0,19412299000.0,-9538279700.0,-0.42968453491227165
東海汽船,9173,海運業,スタンダード（内国株式）,JP,2025-12-31,,6564102656.0,1.2443799,,17.821606,20.894660723173025,0.0596,0.00333667,167.83,,133.7957801123888,14288469000.0,523651000.0,0.04434,368050000.0,0.02576,0.06461,0.2543462170588809,13819735000.0,5124330000.0,6960547000.0,10265564000.0,3882327000.0,770771000.0,-6319648300.0,-0.9627589072245003
東京汽船,9193,倉庫・運輸関連業,スタンダード（内国株式）,JP,2025-03-31,神奈川県,10848960512.0,0.46688297,,5.8542347,10.567753294721856,0.1074,0.019120459,186.19,,57.571444081209215,12041210000.0,-511658000.0,-0.01994,2044245000.0,0.02843,0.01737,0.7599172408366186,6466817000.0,3355723000.0,10930324000.0,2961986000.0,7891967000.0,2593958000.0,6279277600.0,0.5787907139172007
日本航空,9201,空運業,プライム（内国株式）,JP,2025-03-31,東京都,1091547496448.0,0.8463976,10.1922455,8.2703705,12.28485001797442,0.3127,0.03773585,307.06,249.16,218.61000016473437,1844095000000.0,168606000000.0,0.065,107038000000.0,0.06741,0.12286,0.3488684620952423,1778241000000.0,838306000000.0,1095366000000.0,896023000000.0,749030000000.0,144056000000.0,-582035800000.0,-0.5332207731628722
ＡＮＡホールディングス,9202,空運業,プライム（内国株式）,JP,2025-03-31,東京都,1254316965888.0,0.841096,5.678878,8.613386,10.036613637717057,0.2024,0.023301667,321.07,486.98,301.620000278471,2261856000000.0,196639000000.0,0.05549,153027000000.0,0.066589996,0.1294,0.31221664962846973,2480202000000.0,1276542000000.0,1693726000000.0,1349058000000.0,454709000000.0,150654000000.0,-681018200000.0,-0.5429394790318169
ＡＮＡホールディングス第１回社債型種類株式,92025,空運業,プライム（内国株式）,JP,,東京都,,1.4598665,,,,,0.013541667,,,,,,0.05549,,0.066589996,0.1294,,,,,,,,,
スカイマーク,9204,空運業,グロース（内国株式）,JP,2025-03-31,,19558848512.0,0.6861389,2.656314,6.012951,20.054718569441224,0.0555,0.0,54.05,122.35,49.92999970645092,108891000000.0,1836000000.0,-0.02695,2146000000.0,0.00403,0.01538,0.26104073617742185,76769000000.0,49897000000.0,39424000000.0,29855000000.0,26018000000.0,,-37345000000.0,-1.9093659822094131
スターフライヤー,9206,空運業,スタンダード（内国株式）,JP,2025-03-31,福岡県,7241873408.0,1.0026864,3.2841456,56.643974,11.96072126864035,0.0,0.0,33.79,582.8,243.37997137616696,42900000000.0,1230000000.0,0.08347,1923000000.0,0.00969,0.07538,0.17500305735599853,20238000000.0,7662000000.0,16326000000.0,3126000000.0,10810000000.0,37000000.0,-3886100000.0,-0.536615290141233
エフ・コード,9211,サービス業,グロース（内国株式）,JP,2025-12-31,東京都,18789296128.0,2.4909563,16.949339,13.684866,18.999513579952268,0.0,0.0,112.46,90.8,67.26487994663759,11937987000.0,2309489000.0,0.82288,1450235000.0,0.121470004,0.234,0.2851680938675751,19711558000.0,7801293000.0,11476403000.0,13041008000.0,8086077000.0,873598000.0,-7623636400.0,-0.4057435865646494
Ｇｒｅｅｎ　Ｅａｒｔｈ　Ｉｎｓｔｉｔｕｔｅ,9212,サービス業,グロース（内国株式）,JP,2025-09-30,東京都,4178663424.0,2.1104307,,32.65306,-45.75092470925673,0.0,0.0,11.27,,-11.868612567958337,1075413000.0,-4203000.0,-2.0,127324000.0,0.112229995,0.06418,0.7097296302736452,861375000.0,819324000.0,2736804000.0,146772000.0,2059541000.0,,1875429000.0,0.44881073436748753
セイファート,9213,サービス業,スタンダード（内国株式）,JP,2025-12-31,東京都,1281135232.0,1.5036802,,,60.24479756436269,2.6632998,0.012725345,-136.64,,15.770000468917571,1928222000.0,-113178000.0,-0.03808,-180527000.0,-0.09336001,-0.18624,0.5783784260599386,621361000.0,434024000.0,1150442000.0,13357000.0,963625000.0,18252000.0,541857400.0,0.42295097852714425
Ｒｅｃｏｖｅｒｙ　Ｉｎｔｅｒｎａｔｉｏｎａｌ,9214,サービス業,グロース（内国株式）,JP,2025-12-31,東京都,1852125184.0,2.434822,,15.29488,13.344332825558894,0.0,0.0,92.58,,103.03999592744057,2689620000.0,203394000.0,0.12549,127711000.0,0.04723,0.17139,0.574489252377356,573557000.0,403607000.0,1195884000.0,177836000.0,587195000.0,,622327000.0,0.3360069855839723
ＣａＳｙ,9215,サービス業,グロース（内国株式）,JP,2025-11-30,東京都,1661261440.0,6.063009,76.465515,35.838383,345.9731568005638,0.0,0.0,24.75,11.6,2.9799999789992953,1922120000.0,50981000.0,0.00593,46930000.0,0.022060001,,0.4217250976914039,377510000.0,251629000.0,434535000.0,177031000.0,298622000.0,41028000.0,85744600.0,0.05161415171353161
ビーウィズ,9216,サービス業,プライム（内国株式）,JP,2025-05-31,東京都,27118178304.0,3.2088718,14.651341,198.7526,14.423792852182093,7.9381,0.04080551,9.62,130.5,127.46000194816531,36424310000.0,1069944000.0,0.05011,452719000.0,0.00669,0.02693,0.6170207833822906,5541984000.0,4625244000.0,10603683000.0,21600000.0,6088306000.0,147082000.0,5164656400.0,0.19044997573595127
メンタルヘルステクノロジーズ,9218,サービス業,グロース（内国株式）,JP,2025-12-31,東京都,7375748608.0,4.7099323,15.865169,29.294605,-248.19432911905793,0.41509998,0.0,24.1,44.5,-2.923561516234656,6435361000.0,598776000.0,0.09329,254901000.0,0.039470002,0.17762,0.29181911440878217,3801680000.0,1500728000.0,2401879000.0,2618937000.0,1492051000.0,58026000.0,-1359182800.0,-0.1842772676017973
ギックス,9219,サービス業,グロース（内国株式）,JP,2024-06-30,東京都,5087307776.0,2.9070325,30.401339,,66.88875939723411,1.7154,0.029443838,-17.06,29.9,15.740000428323613,,,0.09834,,0.0063300002,0.00969,0.8552031755856028,340627000.0,305384000.0,2226616000.0,45817000.0,1772349000.0,,1885989000.0,0.3707243758471593
エフビー介護サービス,9220,サービス業,スタンダード（内国株式）,JP,2025-03-31,長野県,3072678656.0,0.7980563,5.182902,7.0442996,5.479213188033382,0.1844,0.025882352,179.01,243.3,195.60089686098655,10967723000.0,659679000.0,0.07394,406359000.0,0.043569997,0.13018,0.4110624308396299,5217362000.0,2427995000.0,3845844000.0,2918040000.0,1961293000.0,48765000.0,-1337382500.0,-0.43524971196988066
フルハシＥＰＯ,9221,サービス業,スタンダード（内国株式）,JP,2025-03-31,愛知県,14108670976.0,2.405162,17.311522,14.87048,46.411489329489775,0.35419998,0.023634883,81.84,70.3,22.40933864169607,9383585000.0,1152772000.0,0.12788999,1033234000.0,0.09466,0.16677,0.4594935238054856,6577606000.0,3455978000.0,2580754000.0,3797252000.0,1105864000.0,514288000.0,-3636850400.0,-0.2577741309714132
ＡＳＮＯＶＡ,9223,サービス業,グロース（内国株式）,JP,2025-03-31,愛知県,5161708544.0,1.7701304,,,34.77298328765873,0.1727,0.004819277,-12.78,,16.993237932018314,4266335000.0,48770000.0,0.07977,-24765000.0,-0.032479998,-0.05192,0.2298854096002767,9979868000.0,4631051000.0,4186659000.0,9599776000.0,3182773000.0,,-5793209000.0,-1.122343299823478
ブリッジコンサルティンググループ,9225,サービス業,グロース（内国株式）,JP,2025-09-30,東京都,2288702464.0,1.7236749,,16.147432,17.042542663221035,0.0,0.0,68.37,,78.0399982726891,2239359000.0,202618000.0,0.11128,147560000.0,0.06515,,0.7481696832756277,385558000.0,348057000.0,1413232000.0,64500000.0,1061305000.0,64749000.0,1072998300.0,0.46882384970421387
マイクロ波化学,9227,サービス業,グロース（内国株式）,JP,2025-03-31,大阪府,13545883648.0,12.721396,,,-18.226349596516016,0.0,0.0,-13.95,,-61.120302455569174,1608403000.0,187394000.0,-0.50463,161482000.0,-0.26093,,0.5008178244786281,1060532000.0,426716000.0,1214259000.0,696373000.0,,,153727000.0,0.011348613644905862
サンウェルズ,9229,サービス業,プライム（内国株式）,JP,2025-03-31,石川県,6389203968.0,0.97247934,1.5136381,,103.40024133541148,0.0,0.0,-83.67,130.15,26.39258830303522,26496000000.0,1114000000.0,-0.02716,-925000000.0,-0.10606,-0.35744,0.22095707031851053,30378000000.0,5602000000.0,9967000000.0,22489000000.0,5637000000.0,,-20411000000.0,-3.1946076697860084
アジア航測,9233,空運業,スタンダード（内国株式）,JP,2025-09-30,東京都,21202999296.0,0.99270344,,11.75106,10.196053106108868,0.444,0.03776824,99.14,,104.72914994622757,41591491000.0,2856471000.0,0.01265,1803117000.0,0.047259998,0.095819995,0.5542458971226019,17378332000.0,11965534000.0,23402994000.0,5887718000.0,4708960000.0,5465250000.0,9850337000.0,0.46457281172755077
売れるネット広告社グループ,9235,サービス業,グロース（内国株式）,JP,2024-07-31,福岡県,5137094656.0,7.554564,,,-19.90059057395488,0.0,0.0,-16.77,,-48.74227206450337,,,-0.22580999,,-0.09438,,0.48510290704348386,735617000.0,297265000.0,507089000.0,396841000.0,278019000.0,100000000.0,-158528000.0,-0.030859466413538476
ジャパンＭ＆Ａソリューション,9236,サービス業,グロース（内国株式）,JP,2025-10-31,東京都,1863042304.0,3.1956096,,,-125.77034172162443,0.0,0.0,-56.63,,-7.77607810086634,654208000.0,-56652000.0,0.03774,-85055000.0,-0.057550002,-0.06349,0.8743426270970832,83963000.0,83961000.0,614231000.0,,604150000.0,500000.0,530618000.0,0.28481264159206127
笑美面,9237,サービス業,グロース（内国株式）,JP,2025-10-31,大阪府,2876357632.0,3.549587,,32.61468,9.382475276376875,0.0,0.0,21.8,,87.77001545353411,1872987000.0,114648000.0,0.082600005,89670000.0,0.04754,,0.5904104409095297,564337000.0,429910000.0,1006461000.0,125531000.0,657258000.0,,442124000.0,0.15370967611304323
バリュークリエーション,9238,サービス業,グロース（内国株式）,JP,2025-02-28,東京都,1242400768.0,2.0289643,,8.448118,27.70745171576988,0.0995,0.011669659,65.34,,48.93999994864548,3431976000.0,121616000.0,0.02089,86373000.0,0.048800003,0.30558002,0.13514927335453664,3723172000.0,3347806000.0,3940914000.0,689753000.0,1138938000.0,,217742000.0,0.17525906745093062
デリバリーコンサルティング,9240,サービス業,グロース（内国株式）,JP,2025-07-31,東京都,2370814976.0,1.9428871,,16.225164,20.87076877317676,0.0,0.0,30.2,,28.939997685962794,2740744000.0,51790000.0,0.110810004,35023000.0,0.05098,0.12965,0.7495765777783168,371712000.0,342590000.0,1305919000.0,29571000.0,860933000.0,,934207000.0,0.3940446679547211
フューチャーリンクネットワーク,9241,サービス業,グロース（内国株式）,JP,2025-08-31,千葉県,1158843136.0,4.066214,,24.536953,701.8251022823331,0.0,0.0,54.53,,2.7399988882506623,1544788000.0,-17686000.0,0.0615,28558000.0,0.02971,0.17785999,0.27992405921209423,694419000.0,551989000.0,739350000.0,247422000.0,489447000.0,53018000.0,82043600.0,0.07079784782881951
メディア総研,9242,サービス業,グロース（内国株式）,JP,2024-07-31,福岡県,2353419776.0,1.2930883,,11.217478,18.225915316401874,0.1174,0.01039501,170.27,,84.32998080946957,,,0.53363997,,0.131,0.12309,0.8419147694103911,245074000.0,222456000.0,1187426000.0,,1108429000.0,110000000.0,1019352000.0,0.4331364979572603
デジタリフト,9244,サービス業,グロース（内国株式）,JP,2025-09-30,東京都,1508272896.0,1.9715971,16.26543,13.98249,-14.575021058315334,0.0,0.0,75.38,64.8,-52.14400699382902,3490010000.0,187495000.0,0.07912,108128000.0,0.04374,0.23753001,0.32630654976709395,1464331000.0,1251942000.0,1954752000.0,936268000.0,1466498000.0,120078000.0,574475600.0,0.38088306268947236
リベロ,9245,サービス業,グロース（内国株式）,JP,2025-12-31,東京都,9714463744.0,3.654698,15.963383,20.147448,26.809048667158848,0.33040002,0.016438356,90.88,114.7,59.14000165770199,4364484000.0,760304000.0,0.06703,531616000.0,0.12168,0.21638,0.3550930644496153,4829156000.0,2960855000.0,5257242000.0,,2320408000.0,1650000.0,429241000.0,0.044185763755113565
プロジェクトホールディングス,9246,サービス業,グロース（内国株式）,JP,2025-12-31,東京都,5294020096.0,2.3435254,17.960289,42.196777,-13.762394949700235,0.0,0.0,23.58,55.4,-72.58910993698518,5485518000.0,155681000.0,0.061890002,126639000.0,0.022969998,0.055999998,0.48787868256319805,2372423000.0,1495620000.0,2914408000.0,1230812000.0,2095905000.0,,541985000.0,0.10237683087178066
ＴＲＥホールディングス,9247,サービス業,プライム（内国株式）,JP,2025-03-31,東京都,75803287552.0,0.9451092,12.172469,4.852791,16.070928710451643,0.1355,0.027812114,332.18,132.43,70.53999995716589,118678000000.0,22984000000.0,0.19368,12285000000.0,0.11379,0.17698,0.45147395508710436,86623000000.0,38487000000.0,55227000000.0,60691000000.0,30383000000.0,7301000000.0,-26285300000.0,-0.34675672848580147
人・夢・技術グループ,9248,サービス業,スタンダード（内国株式）,JP,2025-09-30,東京都,13783202816.0,0.65788734,,8.922711,-80.20143169446764,0.3508,0.03946531,176.74,,-21.224124859515843,45984000000.0,2683000000.0,0.09252,1564000000.0,0.05519,0.12982,0.5070847004496294,20234000000.0,13464000000.0,28915000000.0,7178000000.0,7776000000.0,2155000000.0,10189500000.0,0.7392693944960086
日本エコシステム,9249,サービス業,スタンダード（内国株式）,JP,2025-09-30,愛知県,13513610240.0,2.3771536,,45.31113,19.32438369894502,0.5151,0.011298784,34.23,,72.19999771897226,11261332000.0,437205000.0,0.081,301983000.0,0.01302,0.029849999,0.4007461597854225,8245154000.0,2644665000.0,4218398000.0,5729406000.0,596698000.0,297455000.0,-3818537500.0,-0.28256975243352883
ＧＲＣＳ,9250,サービス業,グロース（内国株式）,JP,2025-11-30,東京都,1400663424.0,-37.774395,35.584908,,16.34327028540446,0.0,0.0,-390.91,26.5,85.05029750632924,3333680000.0,-67828000.0,-0.08671,-527903000.0,-0.16625,-3.2755802,-0.05598070685139012,1809707000.0,927795000.0,1069878000.0,1004092000.0,530760000.0,,-739829000.0,-0.5281989857971761
ＡＢ＆Ｃｏｍｐａｎｙ,9251,サービス業,グロース（内国株式）,JP,2025-10-31,東京都,17137996800.0,2.032977,14.18632,19.226467,12.217409258976366,0.958,0.049958367,62.57,84.8,75.26204972695125,19378000000.0,1631000000.0,0.09681,893000000.0,0.04823,0.1158,0.33227462421981757,18080000000.0,6288000000.0,4370000000.0,13476000000.0,2263000000.0,736000000.0,-13194800000.0,-0.7699149529541283
ラストワンマイル,9252,サービス業,グロース（内国株式）,JP,2025-08-31,東京都,10514902016.0,2.0488863,,10.5348015,11.71221009695148,0.081999995,0.0077720205,365.93,,324.42309302240574,15510418000.0,1149747000.0,0.12630999,674026000.0,0.056160003,0.21556999,0.3892415660079805,6832440000.0,4011483000.0,5634855000.0,3990997000.0,3063874000.0,612156000.0,-769075800.0,-0.07314150895840359
スローガン,9253,サービス業,グロース（内国株式）,JP,2025-02-28,東京都,1886717568.0,1.1676718,6.1620297,10.350515,19.18174070955183,0.0,0.0,72.75,122.2,33.72999404990481,1350205000.0,124403000.0,-0.028299998,86841000.0,0.11894,0.12054,0.7185332910735016,589666000.0,589664000.0,1918952000.0,,1743841000.0,146544000.0,1431866800.0,0.7589195247266601
ラバブルマーケティンググループ,9254,サービス業,グロース（内国株式）,JP,2025-10-31,東京都,1855318656.0,1.9392828,,10.96487,28.54387053233248,0.0,0.0,105.61,,51.85001096202284,2630574000.0,160352000.0,0.0218,133175000.0,0.049650002,0.20721,0.22292675222153704,1453944000.0,992839000.0,1483140000.0,1036293000.0,870697000.0,52176000.0,65719200.0,0.035422055282777254
サクシード,9256,サービス業,グロース（内国株式）,JP,2025-03-31,東京都,4022458880.0,1.5554746,,16.439959,18.24451372820699,0.2339,0.0,68.37,,61.669993229055635,3469824000.0,380685000.0,0.05846,259935000.0,0.058969997,0.08513,0.8056664866523433,583314000.0,528843000.0,2611325000.0,,2365407000.0,24320000.0,2045035000.0,0.5084042027547091
ＣＳ－Ｃ,9258,サービス業,グロース（内国株式）,JP,2025-09-30,東京都,2131922944.0,0.98655206,,,-269.36778838129885,0.0,0.0,-15.37,,-1.418135413649633,3178971000.0,-76175000.0,-0.055430003,-102199000.0,-0.0321,-0.04519,0.6768735085572481,1058353000.0,832000000.0,2290175000.0,286200000.0,1860214000.0,,1231822000.0,0.5777985566817935
タカヨシホールディングス,9259,サービス業,グロース（内国株式）,JP,2025-09-30,,4701599232.0,1.3836191,10.0,11.699009,6.947122950831165,0.41869998,0.034722224,71.63,83.8,96.30999729147956,7982448000.0,912836000.0,0.13455,401999000.0,0.06178,,0.5339396374976821,2825092000.0,2228941000.0,2894396000.0,283342000.0,1616508000.0,35695000.0,94290500.0,0.020054984558922097
シルバーライフ,9262,小売業,スタンダード（内国株式）,JP,2024-07-31,東京都,8239694848.0,1.1407977,9.117291,10.323111,14.416038811900119,0.2191,0.0,73.04,82.7,61.019999910486746,,,0.09453,,0.05069,0.11578,0.6505079354342054,3451260000.0,1818605000.0,3585719000.0,1714091000.0,1265092000.0,,134459000.0,0.016318444126925027
ポエック,9264,卸売業,スタンダード（内国株式）,JP,2025-08-31,広島県,7748173312.0,1.8378015,,26.382257,28.78285477544455,1.0769,0.04161712,64.93,,42.33715654762754,10114295000.0,911909000.0,0.06643,573543000.0,0.04958,0.11918,0.28211630432945217,10829394000.0,6278740000.0,8088596000.0,8720575000.0,4339221000.0,257765000.0,-2560362500.0,-0.3304472418079024
ヤマシタヘルスケアホールディングス,9265,卸売業,スタンダード（内国株式）,JP,2025-05-31,福岡県,8473320448.0,0.95372015,,20.431463,11.064466092726292,0.4511,0.021994134,166.41,,227.8269395143044,64486000000.0,847000000.0,0.01398,616000000.0,0.00934,0.06763,0.3257831500235943,18563000000.0,18087000000.0,21766000000.0,,5698000000.0,1139000000.0,4000300000.0,0.4721053599411799
Ｇｅｎｋｙ　ＤｒｕｇＳｔｏｒｅｓ,9267,小売業,プライム（内国株式）,JP,2025-06-30,福井県,112467935232.0,1.9046705,14.280186,14.384844,14.114569780670571,0.0507,0.003537415,256.52,258.4,207.94000016900878,200786000000.0,9658000000.0,0.04216,7066000000.0,0.03633,0.14169,0.4196079355355544,73899000000.0,43812000000.0,41210000000.0,34374000000.0,6221000000.0,62000000.0,-32645600000.0,-0.290265842728048
オプティマスグループ,9268,卸売業,スタンダード（内国株式）,JP,2025-03-31,東京都,31742597120.0,1.2434353,4.1967506,,18.32025469526049,0.9324,0.0397351,-15.54,110.8,50.5499995819972,268825000000.0,7049000000.0,0.02159,-483000000.0,-0.00396,-0.03155,0.14944597382563382,134007000000.0,91038000000.0,90973000000.0,120466000000.0,12970000000.0,286000000.0,-42833800000.0,-1.3494106937145287
バリュエンスホールディングス,9270,卸売業,グロース（内国株式）,JP,2025-08-31,東京都,32697569280.0,3.369842,48.619003,12.394506,-8.03718156507153,0.0499,0.0041597337,200.25,51.05,-131.53470857934127,84841115000.0,1453955000.0,0.07468,681942000.0,0.027609998,0.31125,0.24811467787855634,23262089000.0,12921623000.0,20043532000.0,18502516000.0,5304975000.0,,-3218557000.0,-0.09843413656955481
和心,9271,小売業,グロース（内国株式）,JP,2025-12-31,,5826810880.0,4.567455,,9.919572,9.442060608038561,0.0,0.0,89.52,,53.589997036156866,2783840000.0,567712000.0,-1.14493,706854000.0,0.25368,0.77074,0.6793224793687851,598340000.0,436791000.0,1071128000.0,353499000.0,599863000.0,,472788000.0,0.08114009699933834
ブティックス,9272,サービス業,グロース（内国株式）,JP,2025-03-31,東京都,16820844544.0,7.558702,,135.24783,19.781597325298712,0.0,0.0,12.71,,55.85999865576144,5171406000.0,1228408000.0,0.22166,250944000.0,0.02447,0.06237,0.43860711721389,2868689000.0,2100038000.0,4006363000.0,1010950000.0,3771866000.0,,1137674000.0,0.06763477285721713
コーア商事ホールディングス,9273,卸売業,プライム（内国株式）,JP,2024-06-30,神奈川県,36643098624.0,1.2399945,10.444178,9.974776,9.260002594980152,0.1834,0.018583043,87.22,83.3,74.13683929105005,,,0.24877001,,0.1555,0.12872,0.7827665752948005,6952342000.0,4976949000.0,24775196000.0,2825288000.0,13954886000.0,101074000.0,17893605800.0,0.48832130665609946
ＫＰＰグループホールディングス,9274,卸売業,プライム（内国株式）,JP,2025-03-31,東京都,62321930240.0,0.7419091,,9.513843,4.527034917759569,0.3425,0.035892323,105.11,,149.23263728604653,670042000000.0,13548000000.0,0.0141900005,7986000000.0,0.0101,0.07832,0.24463476642947435,265821000000.0,194130000000.0,231312000000.0,119033000000.0,11319000000.0,19603000000.0,-20786900000.0,-0.3335406961875255
ブックオフグループホールディングス,9278,小売業,プライム（内国株式）,JP,2025-05-31,神奈川県,36579418112.0,1.767207,14.402212,19.92352,17.437950392422188,0.239,0.0122129945,104.6,144.7,86.25112543807225,119205000000.0,3452000000.0,0.06852,2101000000.0,0.01946,0.118549995,0.32459044963401884,38513000000.0,20192000000.0,33517000000.0,26591000000.0,6628000000.0,296000000.0,-4788800000.0,-0.13091514975272442
ギフトホールディングス,9279,小売業,プライム（内国株式）,JP,2025-10-31,,86802415616.0,7.784144,33.01311,39.68836,33.48651420517326,0.2015,0.005263158,109.1,131.16,93.82000212787212,35878100000.0,3367903000.0,0.13479,2185836000.0,0.06838,0.25913998,0.46986083486723074,11632474000.0,6827736000.0,4847452000.0,5802800000.0,2429719000.0,262298000.0,-6601413400.0,-0.07605103329386127
三菱倉庫,9301,倉庫・運輸関連業,プライム（内国株式）,JP,2025-03-31,東京都,495188279296.0,1.3509039,11.434339,9.270907,12.804222710605268,0.24379998,0.02631579,155.81,126.33,71.89200000690279,284065000000.0,20311000000.0,0.05607,31864000000.0,0.20031,0.14419,0.5984509422449678,246786000000.0,93158000000.0,125881000000.0,110072000000.0,63390000000.0,163716000000.0,-6303800000.0,-0.01273010744309618
三井倉庫ホールディングス,9302,倉庫・運輸関連業,プライム（内国株式）,JP,2025-03-31,東京都,299168989184.0,2.2534823,8.900823,94.6537,9.288179196466537,1.1844001,0.012460576,41.15,437.6,162.07000029142347,280740000000.0,17832000000.0,0.08045,10040000000.0,0.03434,0.09912,0.4179310492413705,150627000000.0,56469000000.0,83240000000.0,87613000000.0,35496000000.0,17148000000.0,-55383400000.0,-0.18512413385846338
住友倉庫,9303,倉庫・運輸関連業,プライム（内国株式）,JP,2025-03-31,大阪府,284659843072.0,0.9625542,23.195875,16.19477,15.002100988624163,,0.028454171,230.63,161.02,158.5992212029051,193394000000.0,13277000000.0,0.06276,20065000000.0,0.10812,0.078,0.5998244844229925,165705000000.0,51036000000.0,83787000000.0,79410000000.0,47850000000.0,155645000000.0,27033500000.0,0.09496773309596157
澁澤倉庫,9304,倉庫・運輸関連業,プライム（内国株式）,JP,2025-03-31,東京都,78967988224.0,1.1991369,,12.597438,11.232820150036137,0.5016,0.0,111.61,,61.517500095131005,78617000000.0,4673000000.0,-0.29277,4908000000.0,0.07942,0.09575,0.5481157297821978,52119000000.0,16235000000.0,28884000000.0,30331000000.0,11832000000.0,27822000000.0,-3759600000.0,-0.047609165239660745
ヤマタネ,9305,卸売業,プライム（内国株式）,JP,2025-03-31,東京都,40772886528.0,0.6982927,,13.361949,11.448337008460793,0.4671,0.03336629,144.44,,121.64494486749798,80922000000.0,3780000000.0,0.05337,3091000000.0,0.05106,0.07777,0.34950073034649554,108662000000.0,37295000000.0,24878000000.0,76905000000.0,4983000000.0,26316000000.0,-65362800000.0,-1.6030947417743737
東陽倉庫,9306,倉庫・運輸関連業,スタンダード（内国株式）,JP,2025-03-31,愛知県,15577006080.0,0.55656016,,9.21526,7.854284510583345,0.2665,0.02880461,225.17,,181.37670294424052,29186611000.0,1241234000.0,0.04844,1495378000.0,0.05335,0.05862,0.5484135520746657,21941289000.0,8472272000.0,12708907000.0,15088444000.0,6346666000.0,8708425000.0,-3136484500.0,-0.20135348756312485
杉村倉庫,9307,倉庫・運輸関連業,スタンダード（内国株式）,JP,2025-03-31,大阪府,16826006528.0,0.94803935,,17.384693,13.462675761203725,0.2534,0.0,59.19,,56.110191164503966,,,0.13214,,0.08602,0.056020003,0.7504665114730149,5577859000.0,1947644000.0,8930884000.0,2904457000.0,5216545000.0,865679000.0,3959000300.0,0.23529054820060033
乾汽船,9308,海運業,スタンダード（内国株式）,JP,2025-03-31,東京都,40214818816.0,1.1000282,,22.922348,21.080621558474135,1.0485,0.04840849,69.67,,47.64000055540101,31770000000.0,3657000000.0,0.11946,5021000000.0,0.04083,0.03592,0.4922900284367782,38028000000.0,12328000000.0,24511000000.0,30147000000.0,19001000000.0,5192000000.0,-9882600000.0,-0.24574523250290203
日本トランスシティ,9310,倉庫・運輸関連業,プライム（内国株式）,JP,2025-03-31,三重県,75907301376.0,0.79380536,26.387096,12.682171,8.436263590924018,0.42360002,0.034453783,96.75,46.5,72.53000046213806,124765000000.0,7805000000.0,0.07256,6041000000.0,0.04892,0.06649,0.5512994903603751,69838000000.0,19314000000.0,46825000000.0,37291000000.0,27033000000.0,25366000000.0,-5256800000.0,-0.06925289010026735
アサガミ,9311,倉庫・運輸関連業,スタンダード（内国株式）,JP,2025-03-31,東京都,11401119744.0,0.49149117,,7.2727275,9.04646044198858,0.1083,0.014888338,1108.25,,606.788869426549,38943782000.0,1928704000.0,0.13334,1174041000.0,0.041939996,0.07244,0.4787213414797026,22936107000.0,9446440000.0,13327998000.0,10410651000.0,7084076000.0,2894090000.0,-7582246000.0,-0.665043975526199
ケイヒン,9312,倉庫・運輸関連業,スタンダード（内国株式）,JP,2025-03-31,東京都,20238467072.0,0.61861074,,8.24841,5.923351688272397,0.21280001,0.025437202,375.83,,313.89997820011376,50452000000.0,2899000000.0,0.07605,2188000000.0,0.049289998,0.07975,0.592004852659179,20851000000.0,8982000000.0,15817000000.0,8581000000.0,9461000000.0,8303000000.0,778100000.0,0.038446587739666534
丸八倉庫,9313,倉庫・運輸関連業,スタンダード（内国株式）,JP,2025-11-30,,6507390976.0,0.49508452,,20.93732,5.3185522808667285,0.4569,0.022038568,52.49,,152.29329630025572,4931022000.0,497304000.0,0.117790006,311047000.0,0.0626,0.02461,0.6266356748427117,7604378000.0,1532677000.0,1234684000.0,5517238000.0,727601000.0,2651882000.0,-4513376600.0,-0.6935769829484424
中央倉庫,9319,倉庫・運輸関連業,プライム（内国株式）,JP,2025-03-31,京都府,35793653760.0,0.7560238,,20.09656,12.149327128270562,0.372,0.020021645,99.42,,89.43432694333264,27840047000.0,2189902000.0,0.06933,1588630000.0,0.0646,0.03846,0.7770587393594585,12850806000.0,7584463000.0,13594596000.0,6077538000.0,8488115000.0,12008628000.0,9149829600.0,0.255627147240975
川西倉庫,9322,倉庫・運輸関連業,スタンダード（内国株式）,JP,2025-03-31,兵庫県,18367739904.0,0.8513437,,24.771973,10.645984974373288,0.3008,0.012083333,96.48,,104.20782108291917,25542740000.0,1027452000.0,0.03525,746444000.0,0.02582,0.0279,0.5552125913989185,13955265000.0,4956599000.0,9615350000.0,8542311000.0,5269893000.0,1638208000.0,-3193169400.0,-0.17384661459108605
安田倉庫,9324,倉庫・運輸関連業,プライム（内国株式）,JP,2025-03-31,,66445119488.0,0.6521407,,20.91628,14.36358332445781,0.4455,0.0,110.01,,79.61604214222808,75113000000.0,3519000000.0,0.045110002,2802000000.0,0.08407,0.06676,0.44575884366679347,116136000000.0,20493000000.0,34559000000.0,74960000000.0,20502000000.0,63949000000.0,-36812700000.0,-0.5540316622750355
ファイズホールディングス,9325,倉庫・運輸関連業,スタンダード（内国株式）,JP,2025-03-31,大阪府,14196349952.0,3.0516026,,16.797968,15.031316711864685,0.3556,0.0,78.7,,79.46999715242352,31614988000.0,1465099000.0,0.047709998,919000000.0,0.0067299996,0.04967,0.3836882686024352,6207711000.0,4276182000.0,7116158000.0,2193263000.0,3145461000.0,70787000.0,957997900.0,0.06748198679513645
関通ホールディングス,9326,倉庫・運輸関連業,グロース（内国株式）,JP,2025-02-28,兵庫県,4214502656.0,1.8772727,9.856802,20.806046,101.80875433576588,0.5033,0.0,19.85,41.9,4.789999770587418,15270075000.0,-47407000.0,0.03341,-848221000.0,0.01123,0.09508,0.20268087047763242,8227922000.0,2544045000.0,4941932000.0,6210017000.0,1983613000.0,2676000.0,-3284116800.0,-0.7792418389687212
イー・ロジット,9327,倉庫・運輸関連業,スタンダード（内国株式）,JP,2025-03-31,東京都,2933192960.0,-0.7051938,,,-1.4064735741930718,0.0,0.0,-20.95,,-467.83673157706545,10259178000.0,-78890000.0,-0.19604999,123713000.0,-0.18794,-32.88,0.18498745087562657,2318564000.0,1764287000.0,1208253000.0,658684000.0,241209000.0,149520000.0,-1005647000.0,-0.34285061150562696
揚羽,9330,サービス業,グロース（内国株式）,JP,2025-09-30,東京都,1206969088.0,,,,41.58467641248518,0.0,0.0,-44.6,,19.30999755859375,1547053000.0,-73618000.0,0.0,-63649000.0,0.0,,0.6883092399517624,408373000.0,275549000.0,1218447000.0,177790000.0,868031000.0,411000.0,810361700.0,0.6714021991588901
キャスター,9331,サービス業,グロース（内国株式）,JP,2025-08-31,宮崎県,1403660672.0,2.0461528,,,-8.794692659645259,0.0,0.0,-69.6,,-113.47752998571018,4588129000.0,-382982000.0,0.00357,-393260000.0,-0.02991,,0.3791804624486781,1162330000.0,1031093000.0,1525892000.0,458399000.0,1184046000.0,,363562000.0,0.2590098926701282
ＮＩＳＳＯホールディングス,9332,サービス業,プライム（内国株式）,JP,2025-03-31,神奈川県,20169969664.0,1.1550707,6.830103,12.520903,13.267695141630329,0.4601,0.036789298,47.84,87.7,57.850379477151115,101560000000.0,3555000000.0,0.04118,1935000000.0,0.01482,0.094689995,0.5275290957923008,14482000000.0,12233000000.0,20408000000.0,1528000000.0,8186000000.0,1636000000.0,7071200000.0,0.3505805966887943
大栄環境,9336,サービス業,プライム（内国株式）,JP,2025-03-31,兵庫県,371437993984.0,3.566922,23.544304,26.53163,18.821127186513486,0.3532,0.013451087,140.21,158.0,136.4399998148809,80178000000.0,21548000000.0,0.24699,14364000000.0,0.16364,0.13921,0.5098185554744328,90225000000.0,29114000000.0,69781000000.0,66490000000.0,51481000000.0,7763000000.0,-15009900000.0,-0.0404102440867871
トリドリ,9337,サービス業,グロース（内国株式）,JP,2025-12-31,東京都,5340621312.0,2.911106,,12.470117,28.921441027464226,0.0,0.0,129.67,,77.14000135336997,5372804000.0,707759000.0,0.123500004,437145000.0,0.08135,0.29455,0.2707817530233628,4865854000.0,4049261000.0,5170407000.0,2410406000.0,1958175000.0,,304553000.0,0.05702576202429684
ＩＮＦＯＲＩＣＨ,9338,サービス業,グロース（内国株式）,JP,2025-12-31,東京都,45337432064.0,5.809197,17.798208,26.10951,20.784528697174384,0.0,0.0,173.5,254.52,200.6300003601671,14431778000.0,2053695000.0,0.21789,1779842000.0,0.12328,0.26838,0.35009076982226855,14177395000.0,9407670000.0,12859525000.0,8774430000.0,10960743000.0,,-1317870000.0,-0.02906803363145151
コーチ・エィ,9339,サービス業,スタンダード（内国株式）,JP,2025-12-31,東京都,2980179200.0,0.95152575,,30.081108,27.41506583259039,0.477,0.015936255,41.92,,47.59944413410693,3501884000.0,211817000.0,0.023810001,98819000.0,0.03899,0.0446,0.7113536589213938,1289813000.0,1249912000.0,3647854000.0,,3422473000.0,47552000.0,2391327400.0,0.8024106067178779
アソインターナショナル,9340,サービス業,スタンダード（内国株式）,JP,2024-06-30,東京都,6762379264.0,2.2970064,6.238698,14.535496,13.687897298475937,0.5054,0.034883723,47.47,110.6,39.00000060558067,,,0.1665,,0.11966,0.16773,0.8675790126104311,421748000.0,404684000.0,2580911000.0,,1899993000.0,144039000.0,2259990300.0,0.3342004658081242
ＧＥＮＯＶＡ,9341,サービス業,プライム（内国株式）,JP,2025-03-31,東京都,9408307200.0,1.4180952,,16.559927,13.32950664470018,0.3051,0.018450184,32.79,,96.49999790447478,10006101000.0,2026131000.0,0.00446,1413468000.0,0.036510002,0.05461,0.8208414397229433,1527541000.0,1488732000.0,7727631000.0,20835000.0,5872171000.0,50192000.0,6235224400.0,0.6627360552172447
スマサポ,9342,サービス業,グロース（内国株式）,JP,2025-09-30,東京都,2133374208.0,3.762572,,16.4778,22.93388372684858,0.0,0.0,53.83,,43.560001083919154,2816558000.0,190339000.0,0.08587,130228000.0,0.02609,0.12576,0.6877190153455147,259503000.0,255931000.0,528162000.0,0.0,372651000.0,,268659000.0,0.12593149340258641
アイビス,9343,サービス業,グロース（内国株式）,JP,2025-12-31,東京都,14827053056.0,5.1154957,2.8739736,18.27054,16.077325634518314,0.22680001,0.012642225,44.06,280.1,43.47999973061168,5005091000.0,1201982000.0,0.25969,848969000.0,0.16943,,0.6923452567269976,1288359000.0,1114093000.0,2846236000.0,69222000.0,2083187000.0,,1557877000.0,0.10506990122150946
アクシスコンサルティング,9344,サービス業,グロース（内国株式）,JP,2025-06-30,東京都,4592924160.0,1.4566183,,32.569614,13.785162266729918,1.2341,0.0,28.37,,74.33132027734244,5271000000.0,211000000.0,0.21888,321000000.0,0.107609995,0.17247999,0.7362126245847176,1191000000.0,878000000.0,3982000000.0,366000000.0,2999000000.0,,2791000000.0,0.6076738702343389
ビズメイツ,9345,サービス業,グロース（内国株式）,JP,2025-12-31,東京都,1883859712.0,0.9873483,,9.648976,12.923363028585394,0.2495,0.025951557,60.11,,70.610010475579,3491179000.0,283417000.0,0.084189996,197144000.0,0.05643,0.10759,0.7133956805389573,766934000.0,605537000.0,1834975000.0,90002000.0,1673871000.0,,1068041000.0,0.5669429592854949
ココルポート,9346,サービス業,グロース（内国株式）,JP,2025-06-30,神奈川県,6071811584.0,2.0233538,,10.32133,12.182496956685641,0.2937,0.0,159.96,,140.14000028263493,6376772000.0,771939000.0,0.11951999,561980000.0,0.08882,0.21168,0.7572758458053159,941777000.0,711654000.0,3034049000.0,1666000.0,1728119000.0,,2092272000.0,0.3445877677616684
日本管財ホールディングス,9347,サービス業,プライム（内国株式）,JP,2025-03-31,東京都,100863270912.0,1.3941022,,14.174876,16.066408352741036,,0.01970803,195.91,,151.9500013870788,139868000000.0,8687000000.0,0.06595,5829000000.0,0.056929998,0.12767,0.6615378510560201,30766000000.0,20036000000.0,64916000000.0,6110000000.0,33395000000.0,11951000000.0,42515700000.0,0.42151815636728257
ｉｓｐａｃｅ,9348,サービス業,グロース（内国株式）,JP,2025-03-31,東京都,72793030656.0,4.3214912,-7.033898,,-29.259896609213254,0.0,0.0,-97.91,-70.8,-29.050000119698133,4743238000.0,-9795142000.0,-5.06842,-11945139000.0,-1.9692999,-1.00905,0.2577348468941392,20181543000.0,3854912000.0,19067950000.0,16096275000.0,13117557000.0,,-1113593000.0,-0.015298071669285714
東洋埠頭,9351,倉庫・運輸関連業,スタンダード（内国株式）,JP,2025-03-31,東京都,14166724608.0,0.4812458,,10.955789,9.724011014008815,0.36049998,0.032811712,180.27,,131.44229890971295,35100000000.0,1155000000.0,0.04871,1124000000.0,0.03828,0.05207,0.5363404589135125,23463000000.0,11593000000.0,10777000000.0,16252000000.0,4886000000.0,8741000000.0,-6567300000.0,-0.4635722216475799
櫻島埠頭,9353,倉庫・運輸関連業,スタンダード（内国株式）,JP,2025-03-31,大阪府,3553391360.0,0.443564,,9.930254,12.61636746331405,0.17,0.016806724,235.14,,140.13455289827633,4338206000.0,203091000.0,0.03557,232999000.0,0.07143,0.04163,0.628081892153316,4127642000.0,1081125000.0,2113094000.0,1674160000.0,941131000.0,4718877000.0,1288665900.0,0.36265802706291267
リンコーコーポレーション,9355,倉庫・運輸関連業,スタンダード（内国株式）,JP,2025-03-31,新潟県,5616410624.0,0.29759416,,7.524552,12.56519947913538,0.104899995,0.013934045,286.13,,133.24571854058078,13542957000.0,473655000.0,0.0654,526841000.0,0.05126,0.03812,0.4670536312376122,20518707000.0,7310150000.0,3635319000.0,9572221000.0,381363000.0,5667692000.0,-12916003600.0,-2.299690044885151
鈴与シンワート,9360,情報・通信業,スタンダード（内国株式）,JP,2025-03-31,東京都,8364129280.0,1.7750697,,7.60968,8.093843076216265,0.233,0.030539531,386.35,,265.2008293553209,19116000000.0,1396000000.0,0.04754,1106000000.0,0.04834,0.22219999,0.37085765973192997,7651000000.0,3987000000.0,5908000000.0,2007000000.0,1985000000.0,308000000.0,-1527400000.0,-0.18261315061835104
伏木海陸運送,9361,倉庫・運輸関連業,スタンダード（内国株式）,JP,2024-06-30,富山県,5791362560.0,0.44957036,,7.5092316,,0.2013,0.027210884,297.9,,,,,0.081920005,,0.06199,0.07552,0.4796136367393708,10850832000.0,3587114000.0,5344329000.0,5986284000.0,2553344000.0,2596662000.0,-3688839600.0,-0.6369553903390914
兵機海運,9362,倉庫・運輸関連業,スタンダード（内国株式）,JP,2025-03-31,兵庫県,4745378816.0,1.0112348,,11.933139,5.4246480714797976,0.3321,0.029077118,331.43,,430.8270195858002,13726000000.0,548000000.0,0.04809,435000000.0,0.0255,0.08988,0.38673680854455605,7694000000.0,3618000000.0,3907000000.0,5264000000.0,1977000000.0,2078000000.0,-2332400000.0,-0.4915097593759731
大運,9363,倉庫・運輸関連業,スタンダード（内国株式）,JP,2025-03-31,大阪府,2458920704.0,1.8171002,,9.44134,7.137099102778035,0.24209999,0.0,53.7,,52.720357506778434,8672391000.0,243578000.0,0.01859,269543000.0,0.01179,0.046469998,0.6385090068484638,1963310000.0,1221960000.0,2738011000.0,661321000.0,1317148000.0,1668889000.0,1942923300.0,0.7901528897777746
上組,9364,倉庫・運輸関連業,プライム（内国株式）,JP,2025-03-31,兵庫県,513052737536.0,1.3329445,20.503412,18.455912,13.250503182213494,0.60400003,0.032479938,281.59,253.47,232.97000001526146,279182000000.0,33096000000.0,0.12507,26935000000.0,0.09981,0.075729996,0.7796685753382259,106574000000.0,46660000000.0,156362000000.0,40486000000.0,75096000000.0,96863000000.0,117592100000.0,0.22920080412152322
トレーディア,9365,倉庫・運輸関連業,スタンダード（内国株式）,JP,2025-03-31,兵庫県,2197682432.0,0.4014032,,5.6079316,5.727010848573018,0.1871,0.033333335,267.3,,223.02662116040955,16646150000.0,253361000.0,0.02044,267572000.0,0.0228,0.07446,0.4309390678187231,6141342000.0,4049201000.0,3921439000.0,3840751000.0,1125965000.0,2177823000.0,-695426900.0,-0.3164364832125118
サンリツ,9366,倉庫・運輸関連業,スタンダード（内国株式）,JP,2025-03-31,東京都,5243600384.0,0.4479715,,10.672482,8.210544973375745,0.3557,0.03344121,87.14,,100.76000537683218,20122036000.0,1034882000.0,0.06741,468695000.0,0.02101,0.037750002,0.4734477673833939,12877028000.0,6713211000.0,8515553000.0,7978220000.0,3803639000.0,516829000.0,-3999694700.0,-0.7627764145041301
大東港運,9367,倉庫・運輸関連業,スタンダード（内国株式）,JP,2025-03-31,東京都,17418680320.0,1.746759,,24.573172,11.753392368678654,0.2924,0.012,82.0,,62.09873938645928,16761492000.0,660702000.0,0.06987,617262000.0,0.04222,0.078150004,0.6187593202200486,5620554000.0,3239337000.0,7519413000.0,2489747000.0,3020870000.0,2514772000.0,3659199400.0,0.21007328527629812
キムラユニティー,9368,倉庫・運輸関連業,スタンダード（内国株式）,JP,2025-03-31,愛知県,36972347392.0,0.834923,8.262867,11.531555,10.148843774102321,0.4363,0.0,77.96,108.8,77.49519559141574,,,0.054899998,,0.04962,0.07719,0.6074300144076593,23381000000.0,13507000000.0,29169000000.0,5865000000.0,12187000000.0,6634000000.0,10431800000.0,0.28215141141558164
キユーソー流通システム,9369,倉庫・運輸関連業,スタンダード（内国株式）,JP,2025-11-30,東京都,72506425344.0,1.5736953,24.574558,27.410261,19.824796278958196,0.2206,0.0079499325,106.42,118.7,107.01385286279155,202602000000.0,5644000000.0,0.025729999,2648000000.0,0.012920001,0.057729997,0.33161752322933524,79412000000.0,45039000000.0,32379000000.0,47185000000.0,4529000000.0,4481000000.0,-43896300000.0,-0.6054125519460942
ユーラシア旅行社,9376,サービス業,スタンダード（内国株式）,JP,2025-09-30,東京都,2985188864.0,1.7265408,,26.206673,14.188022048586845,1.0042,0.02970297,30.87,,32.669999593545505,4787696000.0,115110000.0,-0.01833,113905000.0,0.011109999,0.03198,0.5729518417751522,1374674000.0,1225312000.0,2738228000.0,,1991198000.0,324254000.0,1590531800.0,0.5328077627452921
東海運,9380,倉庫・運輸関連業,スタンダード（内国株式）,JP,2025-03-31,東京都,11022413824.0,0.61347383,,22.14043,25.41916179771541,0.3962,0.010282776,17.66,,11.35539980311189,39399445000.0,688111000.0,0.03383,578024000.0,0.01258,0.02829,0.4240926747481378,23577756000.0,10771767000.0,12857602000.0,10810468000.0,5690582000.0,3756655000.0,-8090495500.0,-0.734003969473901
エーアイテイー,9381,倉庫・運輸関連業,プライム（内国株式）,JP,2025-02-28,大阪府,52860583936.0,2.5791926,,16.64078,11.848447180095055,0.73980004,0.044523597,135.21,,129.72000190897435,,,0.06365,,0.054369997,0.16329001,0.7458297439110345,6062000000.0,4409000000.0,20353000000.0,221000000.0,14079000000.0,2492000000.0,16035400000.0,0.30335268372015284
ショーエイコーポレーション,9385,化学,スタンダード（内国株式）,JP,2025-03-31,大阪府,5285448704.0,1.0769042,,4.008439,4.2417324631837285,0.1172,0.029325513,170.64,,130.59240631612948,19031005000.0,747517000.0,0.09159,467351000.0,0.041279998,0.17343001,0.40990652342473327,6156817000.0,4488837000.0,6632794000.0,3951661000.0,1110707000.0,582080000.0,883433000.0,0.1671443711735245
ＴＢＳホールディングス,9401,情報・通信業,プライム（内国株式）,JP,2025-03-31,東京都,901259984896.0,0.80715615,26.630838,16.332329,17.590544326586976,0.2159,0.013496715,351.94,215.84,232.28000025271402,406700000000.0,19465000000.0,0.085080005,43914000000.0,0.0,0.051820002,0.7219295978397146,346894000000.0,109782000000.0,202958000000.0,14151000000.0,74597000000.0,756458000000.0,385584600000.0,0.42782838078015206
日本テレビホールディングス,9404,情報・通信業,プライム（内国株式）,JP,2025-03-31,東京都,732226977792.0,0.7222705,19.789438,13.247863,15.816232156654994,0.17899999,0.013621658,223.47,149.6,136.1799998162788,461915000000.0,54917000000.0,0.16894,46000000000.0,0.12915,0.06258,0.7788886932004022,241126000000.0,118599000000.0,351813000000.0,9443000000.0,93293000000.0,567732000000.0,508099400000.0,0.6939096965972936
朝日放送グループホールディングス,9405,情報・通信業,プライム（内国株式）,JP,2025-03-31,大阪府,32804880384.0,0.3971175,19.240196,5.691293,-28.993544996166662,0.1088,0.0,137.93,40.8,-21.1680754771198,91923000000.0,2592000000.0,0.04863,2502000000.0,0.04642,0.054980002,0.595652647466119,50312000000.0,20498000000.0,49526000000.0,15250000000.0,21879000000.0,17354000000.0,11361800000.0,0.3463448080591544
ＢＳＮメディアホールディングス,9408,情報・通信業,スタンダード（内国株式）,JP,2025-03-31,新潟県,16258528256.0,0.6299802,,14.265574,13.372066694422056,,0.008052709,191.51,,115.71852798706942,24375376000.0,1721460000.0,0.04776,1045746000.0,0.05633,0.05894,0.7261657893912166,7824657000.0,5151413000.0,16054457000.0,1348754000.0,9054690000.0,6304074000.0,12642651800.0,0.7776012441553185
テレビ朝日ホールディングス,9409,情報・通信業,プライム（内国株式）,JP,2025-03-31,東京都,329266331648.0,0.7083449,18.498646,10.125839,11.81685933137128,0.1855,0.01866252,323.43,177.04,168.65999994173958,324056000000.0,19705000000.0,0.097049996,25816000000.0,0.0,0.07478,0.796425035474428,111718000000.0,82858000000.0,176941000000.0,,37766000000.0,209180000000.0,211649000000.0,0.6427896801372999
スカパーＪＳＡＴ,9412,情報・通信業,プライム（内国株式）,JP,2025-03-31,東京都,1191864303616.0,3.926406,60.20043,51.149494,,0.51060003,0.010421836,82.21,69.85,,,,0.25555,,0.18270999,0.080019996,0.6983074459488268,119242000000.0,69838000000.0,228554000000.0,55151000000.0,78554000000.0,37769000000.0,135750300000.0,0.11389744586539494
テレビ東京ホールディングス,9413,情報・通信業,プライム（内国株式）,JP,2025-03-31,,101711216640.0,0.9469295,13.70797,13.210221,11.348381927453989,0.3457,0.0,289.17,278.67,248.44170693025487,155837000000.0,7794000000.0,-0.00054000004,6034000000.0,0.046690002,0.07361,0.6879054131747868,45945000000.0,42362000000.0,90436000000.0,6573000000.0,41764000000.0,20661000000.0,58953700000.0,0.5796184722542711
日本ＢＳ放送,9414,情報・通信業,スタンダード（内国株式）,JP,2025-08-31,東京都,16104096768.0,0.6576858,13.068018,14.151386,10.38207186398,0.47,0.0,63.81,69.1,81.60999990075726,11812703000.0,1932012000.0,0.27354,1345307000.0,0.14642,0.11429,0.90809211536943,2472171000.0,2342777000.0,17223341000.0,80000000.0,13988777000.0,2615358000.0,16581920600.0,1.0296709488823659
ビジョン,9416,情報・通信業,プライム（内国株式）,JP,2025-12-31,東京都,53588779008.0,2.517913,13.010754,11.8356695,17.774291638193397,0.48900002,0.040983606,92.01,83.7,69.17999959216552,39012357000.0,6465163000.0,0.16996,4522061000.0,0.11590999,0.23059,0.7054234413269836,8883374000.0,6694289000.0,23036766000.0,1932916000.0,13560602000.0,93963000.0,14219166100.0,0.2653384974096404
スマートバリュー,9417,情報・通信業,スタンダード（内国株式）,JP,2024-06-30,大阪府,2980763904.0,1.7949119,8.542857,6.654796,-11.42875664462447,0.17809999,0.02631579,44.93,35.0,-33.57395997617469,,,0.01131,,0.08839,0.16413,0.4184867156097004,1878636000.0,1329616000.0,2458542000.0,924286000.0,1726858000.0,1593000.0,581021100.0,0.1949235560791332
Ｕ－ＮＥＸＴ　ＨＯＬＤＩＮＧＳ,9418,情報・通信業,プライム（内国株式）,JP,2025-08-31,,277416607744.0,2.6313133,4.9720364,14.7318,21.54454329006717,0.1627,0.011235955,104.4,309.33,85.14666661639666,390408000000.0,32030000000.0,0.08645,18395000000.0,0.045250002,0.18155001,0.3755802942467146,151076000000.0,79805000000.0,172358000000.0,70355000000.0,56882000000.0,1508000000.0,22337600000.0,0.08052005314913638
ワイヤレスゲート,9419,情報・通信業,スタンダード（内国株式）,JP,2025-12-31,東京都,3177127680.0,1.9919232,4.9241147,11.313445,8.396946517566258,0.0,0.0,25.81,59.3,26.200000147644626,8348613000.0,171120000.0,0.014140001,281057000.0,0.03366,,0.36191539625371333,2815533000.0,2025382000.0,3044716000.0,941716000.0,1683111000.0,42358000.0,258833600.0,0.08146779924186112
エヌジェイホールディングス,9421,情報・通信業,スタンダード（内国株式）,JP,2024-06-30,東京都,3498530304.0,2.1689553,,57.982456,11.457844135998982,0.0,0.030165913,11.4,,51.92948978338702,,,0.02026,,0.01382,0.04563,0.4006991398809682,2274294000.0,1570098000.0,2869027000.0,1100341000.0,1693104000.0,200994000.0,735428800.0,0.21021078455692005
フォーバル・リアルストレート,9423,情報・通信業,スタンダード（内国株式）,JP,2025-03-31,東京都,2522366464.0,3.7812681,,40.310078,18.733609344298948,1.0078,0.015533981,2.58,,5.3952660939185435,3139777000.0,126414000.0,0.027309999,86346000.0,0.03429,0.15722,0.4852717904849442,678734000.0,678734000.0,1234190000.0,,761193000.0,,555456000.0,0.2202122522352089
日本通信,9424,情報・通信業,プライム（内国株式）,JP,2025-03-31,東京都,20851154944.0,4.5826154,,19.841269,24.773292231058484,0.0,0.0,6.3,,8.275040640056302,9238862000.0,962485000.0,0.07958,849366000.0,0.06559,0.15323,0.5201942999022834,3470051000.0,1673128000.0,5507208000.0,2040250000.0,4300365000.0,166341000.0,2153595700.0,0.10328424040701426
ＲｅＹｕｕ　Ｊａｐａｎ,9425,情報・通信業,スタンダード（内国株式）,JP,2025-10-31,大阪府,1855777024.0,1.1674656,,,,0.0,0.0,-40.13,,,6259161000.0,-163839000.0,0.05764,-225658000.0,0.0027200002,0.02533,0.6034170275747593,899773000.0,466126000.0,2205838000.0,636673000.0,679034000.0,,1306065000.0,0.703783365732628
クロップス,9428,情報・通信業,スタンダード（内国株式）,JP,2025-03-31,愛知県,12765743104.0,0.9967006,,14.802632,8.493593973491915,0.2194,0.015723271,91.2,,127.53807106598985,61568000000.0,2417000000.0,0.059609998,991000000.0,0.01926,0.13095,0.33885396183565514,21763000000.0,11729000000.0,21067000000.0,2783000000.0,8301000000.0,1074000000.0,55800000.0,0.004371073391138171
ＮＴＴ,9432,情報・通信業,プライム（内国株式）,JP,2025-03-31,,12213543763968.0,1.2555559,10.3092785,11.895322,11.139552051274164,0.42029998,0.035475235,12.61,14.55,15.090000000033612,13704727000000.0,1669639000000.0,0.0955,1000016000000.0,0.07197,0.10042,0.34001140225177007,18717844000000.0,8865263000000.0,8370359000000.0,11171213000000.0,1000994000000.0,2237517000000.0,-8781223100000.0,-0.7189742199070903
ＫＤＤＩ,9433,情報・通信業,プライム（内国株式）,JP,2025-03-31,東京都,9671882571776.0,1.9630297,1090.3434,13.834132,14.824944068714387,,0.030638466,183.64,2.33,141.715002933545,5835525000000.0,1059966000000.0,0.18709,655416000000.0,0.11368,0.13715,0.3010818376246836,11159713000000.0,8007348000000.0,4706507000000.0,4437562000000.0,921175000000.0,5582485000000.0,-2545466500000.0,-0.2631821138345964
ソフトバンク,9434,情報・通信業,プライム（内国株式）,JP,2025-03-31,東京都,10650122190848.0,3.6006336,19.223469,19.769299,17.697892013763937,0.76309997,0.039215688,11.27,11.59,10.115999999950027,6544349000000.0,989016000000.0,0.08928,526133000000.0,0.07825,0.16267,0.17038857124758458,11836824000000.0,6835206000000.0,4858655000000.0,5962152000000.0,1435525000000.0,3101589000000.0,-4807056700000.0,-0.4513616476748841
ソフトバンク第１回社債型種類株式,94345,情報・通信業,プライム（内国株式）,JP,2025-03-31,東京都,,61.15259,,,,,0.0022727274,,,,6544349000000.0,989016000000.0,0.08928,526133000000.0,0.07825,0.16267,0.17038857124758458,11836824000000.0,6835206000000.0,4858655000000.0,5962152000000.0,1435525000000.0,3101589000000.0,-4807056700000.0,
ソフトバンク第２回社債型種類株式,94346,情報・通信業,プライム（内国株式）,JP,2025-03-31,東京都,,127.01465,,,,,0.0011318768,,,,6544349000000.0,989016000000.0,0.08928,526133000000.0,0.07825,0.16267,0.17038857124758458,11836824000000.0,6835206000000.0,4858655000000.0,5962152000000.0,1435525000000.0,3101589000000.0,-4807056700000.0,
光通信,9435,情報・通信業,プライム（内国株式）,JP,2025-03-31,東京都,1599958155264.0,1.4161909,16.347565,11.485972,9.936927272715089,0.2235,0.019577991,3178.66,2233.36,2747.4399861100583,686553000000.0,105037000000.0,0.17097999,117523000000.0,0.17448,0.12522,0.3858110370784631,1427458000000.0,505183000000.0,848880000000.0,934320000000.0,470273000000.0,1182904000000.0,249454800000.0,0.15591332759502005
沖縄セルラー電話,9436,情報・通信業,スタンダード（内国株式）,JP,2025-03-31,沖縄県,301249560576.0,3.0482433,10.006121,23.010344,13.82000901385551,0.47169998,0.0,142.11,326.8,122.4650002420221,84314000000.0,17764000000.0,0.19750999,12402000000.0,0.15307,0.1345,0.8163039250503104,19075000000.0,16936000000.0,71233000000.0,10000000.0,3506000000.0,981000000.0,52844700000.0,0.17541834716359098
エムティーアイ,9438,情報・通信業,プライム（内国株式）,JP,2025-09-30,東京都,33625597952.0,1.8165795,13.867276,9.842456,25.550755080126834,,0.031353135,61.57,43.7,43.019999917742396,29910940000.0,2946195000.0,0.10755,3404130000.0,0.112399995,0.1683,0.5521787464307192,10901630000.0,8074190000.0,23212641000.0,1693750000.0,17816556000.0,4691414000.0,15595000800.0,0.4637835979084034
エム・エイチ・グループ,9439,サービス業,スタンダード（内国株式）,JP,2024-06-30,東京都,2897054976.0,5.592816,,,,2.2222,0.0019607844,-2.52,,,,,0.030669998,,-0.0153,-0.052529998,0.30263030378732736,1295261000.0,1159313000.0,1585970000.0,142522000.0,602753000.0,76580000.0,344315000.0,0.11885000555819622
ベルパーク,9441,情報・通信業,スタンダード（内国株式）,JP,2025-12-31,東京都,33967976448.0,1.2604074,19.992794,10.547722,9.583851890636891,0.3877,0.0,263.09,138.8,165.14077121006466,129301029000.0,5880182000.0,0.041810002,4128557000.0,0.03193,0.13509,0.6181707400177914,16646855000.0,15901681000.0,34947485000.0,50000000.0,13424252000.0,3970219000.0,21079783300.0,0.6205781298827165
トーシンホールディングス,9444,情報・通信業,スタンダード（内国株式）,JP,2025-04-30,,1402844032.0,0.502266,,5.806797,30.4615510640325,0.0,0.0,37.37,,21.990536309804234,17477470000.0,44951000.0,0.00306,-84527000.0,-0.01802,-0.087749995,0.09738394698614371,22110405000.0,10639457000.0,6180524000.0,16499215000.0,3084750000.0,95663000.0,-15862916900.0,-11.30768391792253
フォーバルテレコム,9445,情報・通信業,スタンダード（内国株式）,JP,2025-03-31,東京都,9366581248.0,2.5425038,,10.180295,8.404866654362946,0.4009,0.039426524,54.91,,44.78264032492935,25684920000.0,1142536000.0,0.048189998,732966000.0,0.03841,0.27481002,0.32043004111850837,7042200000.0,6797636000.0,7729064000.0,0.0,893763000.0,6000000.0,691064000.0,0.07377974756238403
サカイホールディングス,9446,情報・通信業,スタンダード（内国株式）,JP,2025-09-30,愛知県,5211672576.0,1.1196598,,6.522967,3.369579228180234,0.2447,0.0,106.24,,129.92469839560317,17017023000.0,1465529000.0,0.04531,987090000.0,0.057690002,0.21665001,0.22525340474326777,15719359000.0,7436235000.0,5628714000.0,12828699000.0,2859201000.0,280574000.0,-9894243200.0,-1.8984775147931319
ＧＭＯインターネットグループ,9449,情報・通信業,プライム（内国株式）,JP,2025-12-31,東京都,313690324992.0,2.8563788,20.70361,19.513996,19.049764726426204,0.32009998,0.01669878,162.55,153.21,138.61299390285828,285377000000.0,59132000000.0,0.23616,16749000000.0,0.05869,0.17083,0.044777505238820695,2055054000000.0,1730980000000.0,2059319000000.0,,,,4265000000.0,0.013596211486945826
ファイバーゲート,9450,情報・通信業,スタンダード（内国株式）,JP,2024-06-30,東京都,14266042368.0,2.0985644,7.0442123,11.123313,13.567015331316668,0.42369998,0.038081806,63.74,100.65,76.94999865693525,,,0.1528,,0.09685001,0.19338,0.44271948608137046,7241000000.0,4086000000.0,5339000000.0,4442000000.0,2120000000.0,11000000.0,-1894300000.0,-0.13278384790508424
アイドママーケティングコミュニケーション,9466,情報・通信業,スタンダード（内国株式）,JP,2025-03-31,富山県,3036186112.0,0.9128647,,6.535211,17.33399244270103,,0.08438819,35.5,,12.111009328000309,5586340000.0,359663000.0,0.09802,473040000.0,0.075289994,0.1116,0.7254417367585642,1248353000.0,833341000.0,3072012000.0,500000000.0,2196688000.0,501121000.0,2174443700.0,0.7161760247192647
アルファポリス,9467,情報・通信業,グロース（内国株式）,JP,2025-03-31,東京都,34495647744.0,2.3036556,6.38859,16.525127,13.669695427767383,0.19489999,0.012259195,71.83,185.8,48.28722920686175,13620187000.0,3222150000.0,0.24486,2019583000.0,0.13829,0.15953,0.8115449542218575,3183344000.0,3134489000.0,16053100000.0,78347000.0,11567271000.0,8000000.0,12875356000.0,0.3732458104729886
ＫＡＤＯＫＡＷＡ,9468,情報・通信業,プライム（内国株式）,JP,2025-03-31,東京都,501341683712.0,2.0208824,26.321459,86.279945,31.26682346463656,0.7572,0.008549444,39.65,129.97,83.39999997509136,277915000000.0,16652000000.0,0.01198,7392000000.0,0.00815,0.018919999,0.6151125895973212,132623000000.0,117033000000.0,272447000000.0,26689000000.0,145494000000.0,40124000000.0,167910800000.0,0.33492287885732197
学研ホールディングス,9470,情報・通信業,プライム（内国株式）,JP,2025-09-30,東京都,41541001216.0,0.8080648,9.44,11.72688,18.647514111275246,0.3041,0.025870647,85.53,106.25,52.60000057254868,199119000000.0,8238000000.0,0.02469,3578000000.0,0.01569,0.07814,0.37062660746871273,79723000000.0,40384000000.0,70038000000.0,35628000000.0,22916000000.0,15410000000.0,1102000000.0,0.02652800769702084
ゼンリン,9474,情報・通信業,プライム（内国株式）,JP,2025-03-31,福岡県,46339534848.0,0.94771415,15.90909,16.923376,,0.8187,0.0,51.29,54.56,,,,0.14713,,0.042600002,0.05511,0.6736241601665472,24129000000.0,21456000000.0,29092000000.0,2808000000.0,13911000000.0,12404000000.0,13645800000.0,0.29447425496954355
昭文社ホールディングス,9475,情報・通信業,スタンダード（内国株式）,JP,2025-03-31,東京都,8740436992.0,0.66746575,,38.768986,3.8373695999885054,0.4003,0.01039501,12.51,,97.44578313253012,6256953000.0,189352000.0,0.049840003,541404000.0,0.038259998,0.01887,0.7069998973789275,5396262000.0,4206681000.0,10227143000.0,640000000.0,6460788000.0,2885006000.0,6850385200.0,0.7837577464685189
中央経済社ホールディングス,9476,情報・通信業,スタンダード（内国株式）,JP,2025-09-30,東京都,3806545664.0,0.88339376,,15.524321,-11.036816047743399,0.2052,0.012770138,63.32,,-45.33999733622383,3256664000.0,234509000.0,-0.00274,245313000.0,0.08667,0.06604,0.7154128166900359,1731896000.0,856401000.0,3694260000.0,437143000.0,1840929000.0,373550000.0,2223849000.0,0.5842170819154529
ＳＥホールディングス・アンド・インキュベーションズ,9478,情報・通信業,スタンダード（内国株式）,JP,2025-03-31,東京都,8332623360.0,0.7518185,,21.69586,8.442819118499756,0.1392,0.0,25.12,,38.4,7242000000.0,818000000.0,0.19165,531000000.0,0.09009,0.06244,0.5816661305886137,6503000000.0,3880000000.0,13711000000.0,3488000000.0,2686000000.0,115000000.0,7288500000.0,0.8746945211741816
東京電力ホールディングス,9501,電気・ガス業,プライム（内国株式）,JP,2025-03-31,東京都,981815263232.0,0.28965154,2.8901677,,5.492162723753037,0.0,0.0,-283.5,211.96,167.18368671705792,6810391000000.0,234453000000.0,0.04619,161278000000.0,-0.071779996,-0.12622,0.25083270539994246,11200865000000.0,4741482000000.0,2463598000000.0,6168269000000.0,936335000000.0,,-8737267000000.0,-8.899094694492858
中部電力,9502,電気・ガス業,プライム（内国株式）,JP,2025-03-31,愛知県,2068645150720.0,0.6591703,11.665105,9.081714,,0.2321,0.025279885,301.54,234.76,,,,0.062750004,,0.06424,0.077360004,0.391101266952728,4266283000000.0,1255036000000.0,1142745000000.0,2757168000000.0,293547000000.0,,-3123538000000.0,-1.5099438388033057
関西電力,9503,電気・ガス業,プライム（内国株式）,JP,2025-03-31,大阪府,2607465627648.0,0.75465167,7.1241593,6.8610206,4.093310320379309,0.2199,0.031505987,341.13,328.53,495.09000007801643,4337111000000.0,468877000000.0,0.044949997,420364000000.0,0.09369001,0.11607,0.31761748451591815,6545208000000.0,1680147000000.0,1971023000000.0,3906823000000.0,942388000000.0,,-4574185000000.0,-1.7542647356490872
中国電力,9504,電気・ガス業,プライム（内国株式）,JP,2025-03-31,広島県,328842215424.0,0.4230817,4.870839,4.7969995,2.8982642498388667,0.1417,0.0,190.64,187.75,370.59000023312296,1529217000000.0,129148000000.0,-0.023629999,98474000000.0,0.047519997,0.092250004,0.16224252509597087,3655096000000.0,635231000000.0,695835000000.0,2931714000000.0,286731000000.0,,-2959261000000.0,-8.99903011596127
北陸電力,9505,電気・ガス業,プライム（内国株式）,JP,2025-03-31,富山県,189708632064.0,0.42239684,6.110214,3.4831805,2.808539806127681,0.0959,0.027224218,260.71,148.62,272.1599995538973,858274000000.0,101034000000.0,0.03625,65148000000.0,0.06925,0.1284,0.20470903254598538,1458984000000.0,324013000000.0,431670000000.0,1012691000000.0,239372000000.0,,-1027314000000.0,-5.415220113196673
東北電力,9506,電気・ガス業,プライム（内国株式）,JP,2025-03-31,宮城県,532339851264.0,0.4789994,3.989202,6.2658267,2.8372497155162644,0.2355,0.037593983,169.81,266.72,365.4999998190564,,,-0.03532,,0.03582,0.080129996,0.18250150559083164,4389406000000.0,1151667000000.0,1141952000000.0,2932039000000.0,474520000000.0,,-3247454000000.0,-6.100339834203978
四国電力,9507,電気・ガス業,プライム（内国株式）,JP,2025-03-31,香川県,315866546176.0,0.66215754,10.22138,6.218151,3.470687500123278,0.2022,0.03207184,247.26,150.42,332.19722569321203,,,0.0125,,0.06669,0.11107001,0.2595674981214637,1246643000000.0,244652000000.0,346400000000.0,830796000000.0,130192000000.0,,-900243000000.0,-2.8500739027246875
九州電力,9508,電気・ガス業,プライム（内国株式）,JP,2025-03-31,福岡県,851954892800.0,0.7142461,11.000549,5.726816,4.767721000644725,0.15890001,0.02731494,314.66,163.81,272.40936506358247,,,0.0143,,0.06877,0.13781,0.17309727616350812,4742747000000.0,1073751000000.0,905553000000.0,3362954000000.0,362577000000.0,,-3837194000000.0,-4.503987279642042
北海道電力,9509,電気・ガス業,プライム（内国株式）,JP,2025-03-31,北海道,205190299648.0,0.44903728,7.363844,4.8758116,2.471383802541805,0.15609999,0.03168317,204.93,135.69,312.76294462869043,,,-0.01972,,0.0514,0.10303,0.1746561836147278,1836670000000.0,483965000000.0,411594000000.0,1262210000000.0,156322000000.0,,-1425076000000.0,-6.9451431302780415
沖縄電力,9511,電気・ガス業,プライム（内国株式）,JP,2025-03-31,,51816890368.0,0.3973664,7.6198087,8.31445,11.575974113897194,0.26139998,0.031088082,114.74,125.2,79.59000063789857,,,-0.00698,,0.02831,0.05077,0.2425126545979205,376862000000.0,102554000000.0,71091000000.0,266800000000.0,18746000000.0,,-305771000000.0,-5.900990928410319
電源開発,9513,電気・ガス業,プライム（内国株式）,JP,2025-03-31,東京都,733602512896.0,0.5355594,11.538674,7.095193,5.439772982940555,0.1703,0.02599428,587.44,361.22,425.30999933371345,1316673000000.0,138310000000.0,0.118240006,92469000000.0,0.0792,0.07379,0.3641661714921199,2205242000000.0,413354000000.0,673708000000.0,1882821000000.0,308995000000.0,,-1531534000000.0,-2.087689141022776
エフオン,9514,電気・ガス業,スタンダード（内国株式）,JP,2024-06-30,東京都,8969967616.0,0.47765929,8.617886,15.593968,,0.2942,0.021978023,27.19,49.2,,,,0.06531,,0.03093,0.03095,0.40283239803808935,27029000000.0,4802000000.0,8743000000.0,23882000000.0,5574000000.0,,-18286000000.0,-2.0385803809796053
イーレックス,9517,電気・ガス業,プライム（内国株式）,JP,2025-03-31,東京都,71082303488.0,1.0481795,21.60816,13.324557,-1.844429574303648,,0.010731707,68.37,42.16,-359.9458855328918,171217000000.0,7138000000.0,0.02495,2118000000.0,0.00833,0.013459999,0.418197702468347,80903000000.0,37569000000.0,65521000000.0,45216000000.0,33613000000.0,37763000000.0,11052100000.0,0.15548314359094734
レノバ,9519,電気・ガス業,プライム（内国株式）,JP,2025-03-31,東京都,110377189376.0,0.9818028,41.76652,17.946453,11.047602028339167,0.0,0.0,67.98,29.21,111.97000008027656,70246000000.0,3234000000.0,0.102139995,2687000000.0,0.084809996,0.0554,0.168108351837842,396627000000.0,55302000000.0,110758000000.0,332918000000.0,23927000000.0,130179000000.0,-194743700000.0,-1.764347335721744
東京瓦斯,9531,電気・ガス業,プライム（内国株式）,JP,2025-03-31,東京都,2202905346048.0,1.2814876,24.362993,10.087177,24.5432657479829,0.168,0.016491754,654.99,271.19,192.22000003632266,,,0.0696,,0.08003,0.12762,0.4475751946840193,2053625000000.0,610214000000.0,1047130000000.0,,244388000000.0,383571000000.0,-737995300000.0,-0.33500999093036815
大阪瓦斯,9532,電気・ガス業,プライム（内国株式）,JP,2025-03-31,大阪府,2208402767872.0,1.2311804,19.723078,14.756362,10.06940264807317,0.3068,0.021056326,390.95,292.5,320.5999999313754,2069019000000.0,160731000000.0,0.06942,134414000000.0,0.07524,0.08501001,0.5276612430773077,1461234000000.0,409785000000.0,812779000000.0,864938000000.0,82810000000.0,569252000000.0,-249978600000.0,-0.1131942975424168
東邦瓦斯,9533,電気・ガス業,プライム（内国株式）,JP,2025-03-31,愛知県,453686755328.0,0.9500958,5.608549,14.887136,12.385734935786651,0.26860002,0.017949741,83.73,222.25,64.92749997127439,656010000000.0,30887000000.0,0.03212,25454000000.0,0.048299998,0.067930005,0.590953421494487,310369000000.0,120291000000.0,187724000000.0,133322000000.0,46749000000.0,170019000000.0,-3631700000.0,-0.008004862291768701
北海道瓦斯,9534,電気・ガス業,プライム（内国株式）,JP,2025-03-31,,70175662080.0,0.7204023,,6.111154,4.28493271817879,0.1883,0.030284302,130.09,,117.57000031257076,,,0.13986,,0.06604,0.123339996,0.441838807558678,106948000000.0,45641000000.0,51086000000.0,51258000000.0,11324000000.0,9435000000.0,-49257500000.0,-0.7019171396466004
広島ガス,9535,電気・ガス業,プライム（内国株式）,JP,2025-03-31,,28800206848.0,0.40276533,,13.688337,10.550505925442765,0.39180002,0.0,30.61,,34.027857141208244,91595000000.0,1254000000.0,0.06803,1687000000.0,0.023810001,0.02928,0.5266796817729352,58003000000.0,17047000000.0,40643000000.0,38073000000.0,20615000000.0,14473000000.0,-7228900000.0,-0.25100166947245395
西部ガスホールディングス,9536,電気・ガス業,プライム（内国株式）,JP,2025-03-31,,80081141760.0,0.6948954,,11.335847,9.89415171592003,0.3568,0.031347964,196.28,,171.8099978025496,,,0.06677,,0.0273,0.06391,0.23187813495200704,336068000000.0,122985000000.0,124388000000.0,233935000000.0,29475000000.0,59430000000.0,-170079000000.0,-2.123833355295058
北陸瓦斯,9537,電気・ガス業,スタンダード（内国株式）,JP,2025-03-31,新潟県,22667536384.0,0.45272598,,7.7280245,-8.729062415378936,0.1273,0.016460905,628.88,,-377.77651352511805,61766221000.0,1410127000.0,-0.0297,1952784000.0,0.04711,0.06021,0.7490652619965413,13039352000.0,9286216000.0,15738860000.0,108272000.0,8746044000.0,3852248000.0,5396081600.0,0.23805328945270174
京葉瓦斯,9539,電気・ガス業,スタンダード（内国株式）,JP,2025-12-31,,44372824064.0,0.40937737,,13.822116,17.14007914797889,0.2203,0.01595359,99.84,,50.47513962533887,117665000000.0,3840000000.0,0.09748,3210000000.0,0.035099998,0.040939998,0.5677859963044711,73519000000.0,25033000000.0,37888000000.0,27895000000.0,22033000000.0,34199000000.0,-11691700000.0,-0.26348784975093714
静岡ガス,9543,電気・ガス業,プライム（内国株式）,JP,2025-12-31,静岡県,99013804032.0,0.71979135,16.435272,9.857464,8.819055098372454,0.3225,0.0,133.3,79.95,116.85000040277033,201207000000.0,14072000000.0,0.09819999,10048000000.0,0.05362,0.08266,0.670419098089068,57172000000.0,35609000000.0,73981000000.0,15549000000.0,33162000000.0,27041000000.0,35737700000.0,0.36093654162050004
メタウォーター,9551,電気・ガス業,プライム（内国株式）,JP,2025-03-31,東京都,150398484480.0,1.6778238,21.844044,16.471151,12.284583267877137,0.335,0.020679468,208.85,157.48,157.0599982029329,,,0.1102,,0.04354,0.10566,0.41316068969372355,111434000000.0,65885000000.0,160178000000.0,40425000000.0,36278000000.0,2319000000.0,50367300000.0,0.3348923373406588
クオンツ総研ホールディングス,9552,サービス業,プライム（内国株式）,JP,2025-09-30,東京都,34646519808.0,6.2639866,3.167309,13.758317,34.75800580808115,0.1073,0.0078125,46.59,202.38,88.40543522047969,16602585000.0,4778242000.0,0.24474001,2747339000.0,0.14698,0.32084998,0.6284004949330424,3018546000.0,2673485000.0,6258412000.0,717759000.0,4118742000.0,709369000.0,3736424300.0,0.10784414482915097
マイクロアド,9553,サービス業,グロース（内国株式）,JP,2025-09-30,東京都,19549949952.0,5.0622697,54.58015,100.42135,25.0249255501309,0.0,0.0,7.12,13.1,10.029999869417678,15670556000.0,613120000.0,0.08756,195077000.0,0.03186,0.14084,0.38588027122260016,5252652000.0,4968734000.0,5319660000.0,2724608000.0,2354619000.0,779853000.0,612905100.0,0.031350724759134155
ＡＶｉＣ,9554,サービス業,グロース（内国株式）,JP,2025-09-30,東京都,9205266432.0,3.7147996,22.866142,17.028263,21.40581458916569,0.0,0.0,85.27,63.5,50.219999595067925,2680875000.0,724545000.0,0.24146,539634000.0,0.18947001,0.27014,0.585296167264849,1627158000.0,1142785000.0,3153976000.0,730605000.0,2101099000.0,3000000.0,1528918000.0,0.16609166190834704
ＩＮＴＬＯＯＰ,9556,サービス業,グロース（内国株式）,JP,2024-07-31,東京都,17868181504.0,2.694645,4.7215104,32.865803,16.85024423259635,0.0,0.0,57.75,401.99,97.1796003307952,,,0.030869998,,0.034089997,0.22976999,0.39403506115631187,7062455000.0,5269028000.0,9684979000.0,2934442000.0,5708973000.0,620303000.0,3056736100.0,0.17107147133667264
エアークローゼット,9557,サービス業,グロース（内国株式）,JP,2025-06-30,東京都,1971639552.0,6.401463,,,-60.726410076134975,0.0,0.0,-40.54,,-6.488116117946499,4957589000.0,102423000.0,-0.11816,23541000.0,-0.0653,-0.71291,0.201394771369083,2198557000.0,1617852000.0,1566946000.0,1532500000.0,1092622000.0,,-631611000.0,-0.3203481079284009
ジャパニアス,9558,サービス業,グロース（内国株式）,JP,2025-11-30,神奈川県,8590202880.0,2.562453,10.023127,11.329534,11.881525091252907,0.5173,0.0,191.27,216.2,179.45001809134678,12084720000.0,982692000.0,0.07755,765152000.0,0.06309,0.24798,0.5840510704749119,2406829000.0,2194708000.0,5357456000.0,300000000.0,3691706000.0,30000000.0,2971627000.0,0.3459321091145172
プログリット,9560,サービス業,グロース（内国株式）,JP,2025-08-31,東京都,8952592384.0,3.4745643,,11.4377,24.85741950548566,0.4795,0.0,62.6,,47.830001809298665,5747514000.0,1202970000.0,0.15217,888763000.0,0.12536,0.32648,0.5084108299550468,2205270000.0,2025133000.0,3700259000.0,249542000.0,3415606000.0,34990000.0,1519482000.0,0.16972536387511686
グラッドキューブ,9561,サービス業,グロース（内国株式）,JP,2025-12-31,大阪府,3483038720.0,4.8510046,,,-12.923924446655931,0.0,0.0,-3.75,,-76.36999148934103,1755413000.0,-33684000.0,0.052849997,-31658000.0,-0.01766,-0.04223,0.33003422686880496,1456521000.0,1062770000.0,1921483000.0,606907000.0,1370213000.0,81676000.0,522135200.0,0.14990795164057205
ビジネスコーチ,9562,サービス業,グロース（内国株式）,JP,2025-09-30,東京都,2632342528.0,1.6745315,,16.995073,25.53868126466284,0.4562,0.028686747,36.54,,16.09999967299384,2003993000.0,163845000.0,-0.04019,123294000.0,0.02641,0.05874,0.7690142109199701,231621000.0,231621000.0,759297000.0,5843000.0,483882000.0,67680000.0,575052000.0,0.21845637255912617
Ａｔｌａｓ　Ｔｅｃｈｎｏｌｏｇｉｅｓ,9563,サービス業,グロース（内国株式）,JP,2025-12-31,東京都,2196237056.0,1.3202841,,98.02631,-2.491097989324595,0.0,0.0,3.04,,-115.61167053010415,2280860000.0,9169000.0,0.14129,22550000.0,0.009649999,0.01321,0.8630595477582084,266231000.0,266230000.0,1905208000.0,,1512403000.0,,1638977000.0,0.7462659804971435
ＦＣＥ,9564,サービス業,スタンダード（内国株式）,JP,2025-09-30,東京都,10641615872.0,2.7429934,,17.11552,19.32002129514321,0.26569998,0.015306123,28.22,,24.100000263850408,6099848000.0,912411000.0,0.1903,662663000.0,0.11361,0.19768,0.6633529609893135,1928019000.0,1642572000.0,3936569000.0,267099000.0,3175054000.0,1105770000.0,2782589000.0,0.2614818119230831
ＧＬＯＥ,9565,サービス業,グロース（内国株式）,JP,2025-10-31,,1951438080.0,3.8113928,,520.7407,-191.89527329515877,0.0,0.0,1.35,,-7.024664947982374,2843521000.0,18656000.0,0.06402,3829000.0,0.0114400005,0.0462,0.2978090517740568,1107735000.0,856508000.0,1087240000.0,539180000.0,486873000.0,,-20495000.0,-0.010502511050722143
松竹,9601,情報・通信業,プライム（内国株式）,JP,2025-02-28,東京都,140460457984.0,1.2980598,58.500286,26.790394,-242.23494718338785,0.0787,0.0029411765,381.48,174.7,-48.34000143855185,,,0.02822,,0.05329,0.05207,0.44545236955481093,115749000000.0,40011000000.0,38949000000.0,71212000000.0,14912000000.0,41992000000.0,-47405600000.0,-0.33750139135528107
東宝,9602,情報・通信業,プライム（内国株式）,JP,2025-02-28,,1135061106688.0,2.2222981,5.5485525,22.288467,18.36567161577587,0.35950002,0.01620626,61.22,245.92,51.90199998304586,313171000000.0,64687000000.0,0.09834,43357000000.0,0.14354,0.10328,0.7325224938291265,158256000000.0,90941000000.0,202050000000.0,1908000000.0,42905000000.0,153764000000.0,151428800000.0,0.1334102623266291
エイチ・アイ・エス,9603,サービス業,プライム（内国株式）,JP,2025-10-31,東京都,77577437184.0,1.2862693,9.453551,16.48404,15.167888488031732,0.3175,0.019120459,62.97,109.8,109.78999957819582,373106000000.0,11628000000.0,0.052600004,4719000000.0,0.012159999,0.081920005,0.14454223073538167,319126000000.0,242507000000.0,180388000000.0,179071000000.0,113932000000.0,2776000000.0,-136794800000.0,-1.7633322904899122
東映,9605,情報・通信業,プライム（内国株式）,JP,2025-03-31,東京都,372423917568.0,1.3031342,28.749216,18.436031,16.806642593315978,0.037100002,0.002030457,323.28,207.31,225.67999971699138,179922000000.0,35159000000.0,0.17910999,15722000000.0,0.116730005,0.0994,0.5707867543498282,109318000000.0,61866000000.0,170851000000.0,17410000000.0,105448000000.0,150364000000.0,166787800000.0,0.44784395451601633
ウィルソン・ラーニング　ワールドワイド,9610,サービス業,スタンダード（内国株式）,JP,2025-03-31,,1586999296.0,1.9469585,,,-1.5975661075766339,0.0,0.0,-26.4,,-84.50354533671413,1688892000.0,-393918000.0,-0.16667,-386041000.0,-0.0889,-0.21466999,0.46010371726151567,817674000.0,619188000.0,1238337000.0,127825000.0,265753000.0,50000000.0,455663000.0,0.28712237059492685
ラックランド,9612,サービス業,プライム（内国株式）,JP,2025-12-31,東京都,15616676864.0,1.1968641,,6.8029904,-37.72049089187272,0.099,0.014566642,201.97,,-46.60893256787,56574000000.0,4033000000.0,0.03284,2081000000.0,0.03678,0.18958001,0.4387357094821789,16628000000.0,15644000000.0,23278000000.0,2323000000.0,11521000000.0,84000000.0,6708800000.0,0.4295920353878432
共立メンテナンス,9616,サービス業,プライム（内国株式）,JP,2025-03-31,東京都,208624107520.0,1.5652131,12.613378,13.855386,24.593591658931416,0.2622,0.018668326,171.63,188.53,136.57000054126343,228933000000.0,20497000000.0,0.12282,14562000000.0,0.06684,0.13972999,0.32958171625700733,202111000000.0,108093000000.0,69576000000.0,148624000000.0,25675000000.0,16506000000.0,-120980800000.0,-0.5798984663764327
イチネンホールディングス,9619,サービス業,プライム（内国株式）,JP,2025-03-31,,50929889280.0,0.7119278,8.754579,7.1067495,3.1849380453732055,0.2345,0.03761166,302.67,245.7,507.5699924023984,154920000000.0,10286000000.0,0.0515,6657000000.0,0.04716,0.111269996,0.3155947042182197,139978000000.0,57506000000.0,96914000000.0,108806000000.0,9162000000.0,6055000000.0,-38825500000.0,-0.7623323071948371
建設技術研究所,9621,サービス業,プライム（内国株式）,JP,2025-12-31,東京都,74953588736.0,1.1378742,4.4889617,12.792432,9.86718090966254,0.3497,0.026737968,214.58,611.5,243.0992567851035,101038000000.0,9136000000.0,0.09435,5952000000.0,0.058909997,0.09349,0.690515237067176,29532000000.0,22712000000.0,62519000000.0,5462000000.0,15988000000.0,4540000000.0,36165000000.0,0.48249857825193165
スペース,9622,サービス業,プライム（内国株式）,JP,2025-12-31,東京都,36898840576.0,1.0589722,,9.780841,10.183280208908771,0.45529997,0.01764706,153.77,,103.9049300295655,71511451000.0,4830873000.0,0.06455,3770476000.0,0.045250002,0.07729,0.7720459613358741,10216614000.0,9554569000.0,31201945000.0,54561000.0,14865240000.0,1057910000.0,21725868000.0,0.5887954109357867
セレスポ,9625,サービス業,スタンダード（内国株式）,JP,2025-03-31,東京都,5964168192.0,0.5894642,,,-17.697727150475494,3.6566,0.0,-110.95,,-48.27000331065558,13667390000.0,799561000.0,0.23201,-764989000.0,-0.0089300005,-0.0129700005,0.7021089853331393,3884136000.0,2433326000.0,8907328000.0,564622000.0,6794358000.0,104333000.0,5096225100.0,0.8544737398311117
アインホールディングス,9627,小売業,プライム（内国株式）,JP,2025-04-30,北海道,192621789184.0,1.2780468,17.981838,18.235313,17.871008050369202,0.26610002,0.014521692,300.79,305.03,324.6399994122823,456804000000.0,16879000000.0,0.060289998,9261000000.0,0.020380002,0.08336,0.45690735795281495,169289000000.0,132045000000.0,112808000000.0,38725000000.0,26881000000.0,3233000000.0,-54217900000.0,-0.28147334852241923
燦ホールディングス,9628,サービス業,プライム（内国株式）,JP,2025-03-31,東京都,28693737472.0,0.74859726,,6.0708337,8.758749885446337,0.1096,0.03860029,228.14,,114.37303081029395,31984000000.0,4525000000.0,0.09323,4721000000.0,0.11885,0.12838,0.5895199276798884,25882000000.0,9664000000.0,15267000000.0,17793000000.0,12663000000.0,162000000.0,-10501600000.0,-0.3659892689214049
ピー・シー・エー,9629,情報・通信業,プライム（内国株式）,JP,2025-03-31,東京都,26027407360.0,1.369863,,11.099709,18.760864431707382,0.8125,0.07498027,116.94,,80.07999847693907,16237000000.0,2642000000.0,0.12214,1741000000.0,0.13608,0.12387,0.548035683650712,15693000000.0,14008000000.0,26426000000.0,,21838000000.0,3115000000.0,12913500000.0,0.4961500706307768
スバル興業,9632,サービス業,スタンダード（内国株式）,JP,2026-01-31,,45166108672.0,1.2227545,,18.611082,12.58897924855573,0.42580003,0.022503516,188.06,,251.231240484388,29611297000.0,4863656000.0,0.15165,2423851000.0,0.081829995,0.06677,0.8427989045462144,6780336000.0,4191915000.0,22642237000.0,3327000.0,13537691000.0,1144410000.0,16662988000.0,0.3689268013104248
東京テアトル,9633,不動産業,スタンダード（内国株式）,JP,2025-03-31,東京都,10974198784.0,0.6611962,,8.278823,33.786015618107335,0.0511,0.00625,195.68,,32.45729095308844,18387146000.0,267541000.0,0.00915,3039717000.0,0.06533,0.08191,0.5371434396838477,13352410000.0,4096031000.0,8879876000.0,6181440000.0,3623702000.0,3378265000.0,-2107748500.0,-0.1920639986103609
武蔵野興業,9635,サービス業,スタンダード（内国株式）,JP,2025-03-31,東京都,2669716224.0,0.67724913,,7.172367,460.2712977491961,0.0,0.0,355.81,,4.458240194499688,1364313000.0,69300000.0,0.060170002,64961000.0,0.26214,0.09283,0.5954456979717628,2456283000.0,380318000.0,950481000.0,317694000.0,861276000.0,447628000.0,-1192462400.0,-0.4466626037929041
きんえい,9636,サービス業,スタンダード（内国株式）,JP,2026-01-31,大阪府,11653697536.0,6.139727,,58.282207,74.59249281987283,0.1392,0.004796163,71.72,,55.43508279861841,3771316000.0,301545000.0,0.04693,200279000.0,0.02078,0.03912,0.4582426932767053,3262456000.0,1262429000.0,1007740000.0,325000000.0,134784000.0,33686000.0,-2231135800.0,-0.19145303824024013
三協フロンテア,9639,サービス業,スタンダード（内国株式）,JP,2025-03-31,千葉県,49472966656.0,0.9799731,,9.644714,8.208168338308809,0.36830002,0.03837472,230.8,,237.88526434195725,56092000000.0,8021000000.0,0.15507,5502000000.0,0.09894,0.10864,0.7468736128331114,16537000000.0,14278000000.0,18646000000.0,2430000000.0,4685000000.0,87000000.0,2169900000.0,0.04386031699064964
セゾンテクノロジー,9640,情報・通信業,スタンダード（内国株式）,JP,2025-03-31,東京都,37420560384.0,2.789872,,24.31323,47.945139419854826,0.9462,0.039404552,95.01,,37.230000375273804,24383235000.0,2141835000.0,-0.00352,1506019000.0,0.048699997,0.07961,0.6721212973093742,6944306000.0,6524795000.0,16701799000.0,6664000.0,12326345000.0,747525000.0,10280760500.0,0.2747356104371908
タナベコンサルティンググループ,9644,サービス業,プライム（内国株式）,JP,2025-03-31,,23440113664.0,0.5894422,12.3938875,22.358345,25.022474227863757,0.7956,0.0,32.65,58.9,19.049999882613967,14543581000.0,1500309000.0,0.14496,1016728000.0,0.06939,0.05954,0.7439063957850662,3187669000.0,2536979000.0,9091754000.0,256965000.0,7665407000.0,17746000.0,5916507200.0,0.2524094927528761
協和コンサルタンツ,9647,サービス業,スタンダード（内国株式）,JP,2025-11-30,東京都,4496681472.0,0.9775528,,7.362938,5.550573135580522,0.0287,0.0038461538,1044.42,,876.8668839496715,8441870000.0,917299000.0,0.13898,610898000.0,0.0756,0.14119,0.5292678278437901,3755202000.0,3248762000.0,6811362000.0,1091153000.0,4294134000.0,454447000.0,3374272900.0,0.7503917991547701
日本プロセス,9651,情報・通信業,スタンダード（内国株式）,JP,2025-05-31,東京都,18002565120.0,1.5862684,,11.432617,13.282771920784128,0.3511,0.03081081,162.43,,75.55999954075295,10473149000.0,1144609000.0,0.13063,1478151000.0,0.092939995,0.09847999,0.7661328355534036,3384962000.0,3351895000.0,11909262000.0,,5664337000.0,1587423000.0,9635496100.0,0.5352290651789071
グリーンランドリゾート,9656,サービス業,スタンダード（内国株式）,JP,2025-12-31,,6378189824.0,0.60502654,,13.10257,11.54162126120555,0.3183,0.024271844,47.09,,51.681725839218345,6452959000.0,735341000.0,0.13258,487127000.0,0.07548,0.04701,0.5244286390456728,9561269000.0,5152766000.0,1024692000.0,6467654000.0,506757000.0,558664000.0,-8145512200.0,-1.277088394163165
ビジネスブレイン太田昭和,9658,情報・通信業,プライム（内国株式）,JP,2025-03-31,東京都,29856524288.0,1.0070482,,11.380506,0.5408852130359677,0.4432,0.038696546,80.84,,1223.939999482402,38803632000.0,2872430000.0,0.08929,2469336000.0,0.06166,0.08550999,0.6429056847582563,15710759000.0,7940323000.0,18250960000.0,2691333000.0,9907750000.0,2908888000.0,4576422600.0,0.15328048756965879
歌舞伎座,9661,サービス業,スタンダード（内国株式）,JP,2025-02-28,,54053613568.0,4.7553096,,188.903,226.09022938984026,0.21290001,0.0011223345,23.61,,21.118817534340614,3106550000.0,218324000.0,0.07774,274570000.0,0.07819,0.02507,0.4638102033846125,13055443000.0,745073000.0,2188298000.0,,2034520000.0,5843345000.0,-6776803500.0,-0.12537188640449934
ナガワ,9663,サービス業,プライム（内国株式）,JP,2025-03-31,東京都,82767446016.0,1.3935497,,21.082554,37.230259312395134,0.2367,0.011299435,253.29,,199.04613073787527,35294000000.0,4300000000.0,0.11878,4213000000.0,0.095,0.05587,0.8840563089538117,8088000000.0,6512000000.0,23974000000.0,,11433000000.0,17199000000.0,27925300000.0,0.33739472877538934
東京都競馬,9672,サービス業,プライム（内国株式）,JP,2025-12-31,東京都,140080365568.0,1.4782494,14.040765,13.71015,12.21215697887086,0.3009,0.021771219,392.41,383.17,363.6644973833384,41758749000.0,15414136000.0,0.34085,10461646000.0,0.25051,0.112749994,0.7533615982951124,30882223000.0,20915621000.0,27162349000.0,17466600000.0,17466665000.0,2665683000.0,-1853895900.0,-0.01323451643264061
カナモト,9678,サービス業,プライム（内国株式）,JP,2025-10-31,北海道,163437445120.0,1.095978,18.381218,15.16165,10.272242883054338,0.3024,0.020364417,313.95,258.96,253.7199973921424,213266000000.0,17369000000.0,0.10313,10977000000.0,0.05329,0.07856,0.45428402162375653,166627000000.0,84965000000.0,130835000000.0,60105000000.0,61110000000.0,13719000000.0,-26188700000.0,-0.1602368415681705
ホウライ,9679,サービス業,スタンダード（内国株式）,JP,2025-09-30,東京都,9904797696.0,1.4188064,,16.491179,7.021747794161878,0.1672,0.007310088,143.41,,220.6600109734417,6111745000.0,616770000.0,0.055069998,497924000.0,0.080369994,0.06545,0.500589592841463,9841791000.0,1507408000.0,2753072000.0,3043009000.0,1940471000.0,863773000.0,-6484077900.0,-0.6546401147212285
ＤＴＳ,9682,情報・通信業,プライム（内国株式）,JP,2025-03-31,東京都,160296091648.0,2.6805794,4.141111,16.160643,21.97639494739096,0.5945,0.03595724,62.25,242.93,42.12803181965538,125908000000.0,14493000000.0,0.11145,10635000000.0,0.08612,0.18884,0.7222560861830893,21044000000.0,20445000000.0,57798000000.0,,29922000000.0,7447000000.0,41966900000.0,0.2618086290722336
スクウェア・エニックス・ホールディングス,9684,情報・通信業,プライム（内国株式）,JP,2025-03-31,東京都,913568694272.0,2.671902,8.997124,40.169655,45.228570966489684,0.8198,0.020808296,63.07,281.59,41.4333333762152,324506000000.0,40586000000.0,0.23429,24414000000.0,0.08682,0.07472,0.8075307574009997,79794000000.0,67357000000.0,344515000000.0,,247760000000.0,5553000000.0,268608100000.0,0.2940206923509425
ＫＹＣＯＭホールディングス,9685,情報・通信業,スタンダード（内国株式）,JP,2025-03-31,福井県,3194969088.0,0.6284363,,6.5788097,7.573696850006078,0.1046,0.015898252,95.61,,82.55999351128861,6770632000.0,590548000.0,0.10223,468768000.0,0.069910005,0.10582,0.5637126839431956,3474299000.0,1670138000.0,3356294000.0,2143466000.0,2159633000.0,1373206000.0,843239200.0,0.2639271857643713
東洋テック,9686,サービス業,スタンダード（内国株式）,JP,2025-03-31,大阪府,16344514560.0,0.6996812,,7.7389464,19.5582038959374,0.25620002,0.033526756,202.87,,60.9861679310095,34925058000.0,1049132000.0,0.072129995,692703000.0,0.05422,0.107480004,0.5602845267906086,17060343000.0,8060678000.0,15719840000.0,9459254000.0,10621866000.0,4166451000.0,1576012700.0,0.09642456459716355
ＫＳＫ,9687,情報・通信業,スタンダード（内国株式）,JP,2025-03-31,東京都,26406193152.0,1.4190627,,12.359869,13.552010451152796,0.514,0.0,352.35,,277.2299870327384,23608000000.0,2420000000.0,0.08558,1860000000.0,0.084680006,0.12354,0.7285564853556485,6228000000.0,4180000000.0,14520000000.0,,5323000000.0,6002000000.0,12493400000.0,0.47312385878892776
両毛システムズ,9691,情報・通信業,スタンダード（内国株式）,JP,2025-03-31,群馬県,13276936192.0,0.89208734,,6.775576,10.213832056021454,0.078600004,0.011563732,560.1,,270.1223556317896,22486427000.0,2179487000.0,0.111829996,1569534000.0,0.08035,0.15145001,0.5510261009618824,11105760000.0,5700785000.0,13783684000.0,6483804000.0,4294639000.0,415078000.0,2968478600.0,0.22358159722034762
シーイーシー,9692,情報・通信業,プライム（内国株式）,JP,2026-01-31,東京都,60891615232.0,1.4293135,12.776687,11.785671,14.866592616148331,0.42279997,0.035732515,165.54,152.7,122.25999908244476,65882000000.0,7339000000.0,0.11359999,5201000000.0,0.078940004,0.12532,0.6847773669828002,19610000000.0,17400000000.0,46210000000.0,367000000.0,25200000000.0,3505000000.0,29053500000.0,0.4771346578556795
カプコン,9697,情報・通信業,プライム（内国株式）,JP,2025-03-31,大阪府,1378712158208.0,5.5094485,24.260267,22.710672,26.621305945711644,0.2895,0.012241329,145.13,135.86,103.70624416123373,169604000000.0,65777000000.0,0.43813,48453000000.0,0.0,,0.723054360953665,86679000000.0,69478000000.0,262082000000.0,11916000000.0,166783000000.0,,175403000000.0,0.12722234946269165
クレオ,9698,情報・通信業,スタンダード（内国株式）,JP,2025-03-31,東京都,9375667200.0,1.2681797,,12.023431,10.983380737134437,0.5065,0.0,100.72,,90.21137393054856,14521000000.0,1136000000.0,0.12798999,696000000.0,0.05539,0.10706,0.7337870296236989,2660000000.0,2389000000.0,8499000000.0,,5621000000.0,133000000.0,5932100000.0,0.6327123044640492
ニシオホールディングス,9699,サービス業,プライム（内国株式）,JP,2025-09-30,大阪府,112718594048.0,0.7861781,8.474222,9.313849,9.575160561504157,0.30040002,0.032546584,435.91,479.1,417.6700013049712,214953000000.0,19610000000.0,0.09606,12109000000.0,0.05459,0.08211,0.46602480648319156,156976000000.0,87655000000.0,122957000000.0,96263000000.0,62203000000.0,2292000000.0,-32414600000.0,-0.2875710105663365
東京會舘,9701,サービス業,スタンダード（内国株式）,JP,2025-03-31,東京都,13789857792.0,1.8626804,,15.496405,9.01495751850467,0.1112,0.0059594754,269.74,,459.6708931476041,15273384000.0,1275489000.0,0.07293,889486000.0,-0.03728,-0.04704,0.398484111735364,16540446000.0,3022380000.0,7765141000.0,12397482000.0,3410697000.0,4934192000.0,-5321370600.0,-0.38589017234732625
アイ・エス・ビー,9702,情報・通信業,プライム（内国株式）,JP,2025-12-31,東京都,25677103104.0,1.7619635,,17.874243,7.451460970597515,0.4389,0.024707997,125.32,,177.75984627272507,37020000000.0,2315000000.0,0.11147001,1435000000.0,0.03833,0.10191,0.6719574271170754,7089000000.0,6109000000.0,16947000000.0,120000000.0,9078000000.0,803000000.0,10420100000.0,0.4058129126870526
アゴーラ　ホスピタリティー　グループ,9704,サービス業,スタンダード（内国株式）,JP,2025-12-31,東京都,10401451008.0,1.8334823,,8.091286,,0.0,0.0,4.82,,,9908171000.0,1055470000.0,0.05356,1274188000.0,0.12858,0.19904,0.27037643621138213,12138192000.0,3797346000.0,6255864000.0,8912740000.0,3566429000.0,188922000.0,-5750082600.0,-0.5528154288836699
日本空港ビルデング,9706,不動産業,プライム（内国株式）,JP,2025-03-31,東京都,478601707520.0,2.2756813,23.889172,16.436085,27.782844238388922,0.3026,0.0,313.7,215.83,206.7499993181706,269921000000.0,38783000000.0,0.13015,27470000000.0,0.10054,0.17608,0.39872328201636326,271610000000.0,69053000000.0,130933000000.0,206395000000.0,85908000000.0,22766000000.0,-124740800000.0,-0.2606359276200185
帝国ホテル,9708,サービス業,スタンダード（内国株式）,JP,2025-03-31,東京都,134893895680.0,2.8550534,71.25,47.26368,33.83400668341187,0.2493,0.005150215,24.12,16.0,28.460000068263547,52610000000.0,1591000000.0,0.13567,2585000000.0,0.055219997,0.06631,0.656879218935597,23687000000.0,7545000000.0,27785000000.0,,11444000000.0,5822000000.0,8173400000.0,0.06059132593656591
ＮＣＳ＆Ａ,9709,情報・通信業,スタンダード（内国株式）,JP,2025-03-31,大阪府,23680061440.0,1.7631605,,9.955527,7.73792314738908,0.413,0.041666668,157.4,,95.57513372309988,20493251000.0,1993829000.0,0.11338,2109184000.0,0.12043,0.20321,0.6672683836401837,7094056000.0,4846060000.0,17250339000.0,29966000.0,11153862000.0,1100280000.0,10926479000.0,0.461421057866985
ロイヤルホテル,9713,サービス業,スタンダード（内国株式）,JP,2025-03-31,大阪府,13822174208.0,0.56400526,,6.282105,23.79955761592114,0.0347,0.0054525626,144.06,,47.699999719411764,25164000000.0,914000000.0,0.15724,1737000000.0,0.058769997,0.073920004,0.5598133521023957,15326000000.0,4428000000.0,15339000000.0,633000000.0,11359000000.0,197000000.0,150900000.0,0.010917240495541004
トランス・コスモス,9715,サービス業,プライム（内国株式）,JP,2025-03-31,東京都,142958641152.0,1.1144428,11.859981,11.663814,11.397063432175042,0.4278,0.0,327.08,321.67,252.4400012470741,375849000000.0,14475000000.0,0.031040002,11332000000.0,0.03322,0.104270004,0.5704477267482114,78918000000.0,62014000000.0,154658000000.0,16533000000.0,73502000000.0,3363000000.0,78094100000.0,0.5462705812722917
乃村工藝社,9716,サービス業,プライム（内国株式）,JP,2025-02-28,東京都,129112858624.0,2.0813582,29.98963,14.1373415,23.259570226816095,0.5131,0.03556308,81.84,38.58,34.67000008573239,150256000000.0,8898000000.0,0.069120005,6757000000.0,0.056149997,0.15706,0.5295609756097561,48220000000.0,43228000000.0,88356000000.0,,31322000000.0,2502000000.0,41887400000.0,0.3244246967064968
ホテル、ニューグランド,9720,サービス業,スタンダード（内国株式）,JP,2025-11-30,神奈川県,6776925184.0,1.7169812,,33.66964,24.56080106636383,0.1466,0.0,170.48,,256.9543187617345,6529518000.0,303612000.0,0.11364,201371000.0,0.03718,0.0644,0.4202862693516492,5133699000.0,2689058000.0,3055211000.0,2417432000.0,2348106000.0,103251000.0,-2006212300.0,-0.2960357751530993
藤田観光,9722,サービス業,プライム（内国株式）,JP,2025-12-31,東京都,123312480256.0,3.3492444,2.7871072,13.346304,10.506710428632754,0.0908,0.0068093385,154.2,738.4,152.4264652861742,82004000000.0,13796000000.0,0.21396999,9292000000.0,0.11331,0.29749,0.3725135074974199,62017000000.0,29366000000.0,20676000000.0,27655000000.0,12255000000.0,16716000000.0,-29639800000.0,-0.24036334309768959
京都ホテル,9723,サービス業,スタンダード（内国株式）,JP,2025-03-31,京都府,7697570816.0,3.4394088,,10.601529,10.214328249296393,0.0498,0.00456621,60.18,,74.150001602588,9358753000.0,916468000.0,0.15377,771543000.0,-0.0043099998,-0.021710001,0.15999254496162152,13967376000.0,1745847000.0,4122135000.0,12249881000.0,3477930000.0,5314000.0,-9841521200.0,-1.2785229828017473
ＫＮＴ－ＣＴホールディングス,9726,サービス業,スタンダード（内国株式）,JP,2025-03-31,東京都,52644798464.0,0.8979924,,6.735407,4.909843398541114,0.0,0.0,286.1,,275.9762155352282,274516000000.0,6041000000.0,0.039130002,7680000000.0,0.02831,0.1532,0.3748738426433806,85414000000.0,83214000000.0,123774000000.0,,12183000000.0,4481000000.0,41496700000.0,0.7882393172874737
トーカイ,9729,サービス業,プライム（内国株式）,JP,2025-03-31,岐阜県,72949596160.0,0.8811342,13.006607,12.725608,12.350584569451872,,0.024186822,185.61,181.6,165.05000049145698,149542000000.0,8205000000.0,0.05862,4733000000.0,0.0,0.06533,0.7475932637712701,28106000000.0,23153000000.0,56311000000.0,2116000000.0,25455000000.0,8257000000.0,33984900000.0,0.4658682403869801
白洋舎,9731,サービス業,スタンダード（内国株式）,JP,2025-12-31,東京都,12931517440.0,1.0133622,,6.0587754,3.664263663280809,0.1244,0.023154847,562.82,,584.5650545690819,44625000000.0,2401000000.0,0.05909,2133000000.0,0.0478,0.18496001,0.3614502195156493,22416000000.0,11956000000.0,13626000000.0,11949000000.0,1543000000.0,3002000000.0,-6688600000.0,-0.5172324153784693
ナガセ,9733,サービス業,スタンダード（内国株式）,JP,2025-03-31,,60102455296.0,1.6268089,16.249111,15.085238,17.600831323343524,0.66089994,0.0,151.34,140.5,98.83732811630259,55255000000.0,4871000000.0,0.0652,1956000000.0,0.06206,0.11695,0.34594426626122277,58935000000.0,20750000000.0,25396000000.0,29978000000.0,18570000000.0,19360000000.0,-19987000000.0,-0.33254881022024063
セコム,9735,サービス業,プライム（内国株式）,JP,2025-03-31,東京都,2465190641664.0,1.9544383,25.669643,22.075335,21.94114140191899,0.3621,0.009393452,276.1,237.44,241.02000025338177,1199942000000.0,144306000000.0,0.13676,108109000000.0,0.08604,0.08574,0.5920773722301145,697841000000.0,379324000000.0,968815000000.0,72344000000.0,549773000000.0,435635000000.0,575918500000.0,0.23362026865851473
ＮＳＷ,9739,情報・通信業,プライム（内国株式）,JP,2025-03-31,東京都,38097707008.0,1.0420882,16.385773,11.130942,10.008203278122927,0.37,0.0,229.72,156.05,287.728567862766,50028000000.0,6121000000.0,0.117139995,3662000000.0,0.07074,0.1012,0.7511081889329572,11735000000.0,8826000000.0,36858000000.0,,19666000000.0,1001000000.0,25823700000.0,0.6778281956595806
セントラル警備保障,9740,サービス業,プライム（内国株式）,JP,2025-02-28,東京都,37608603648.0,0.9100094,11.352493,15.35208,6.631836325309903,0.343,0.022497188,174.96,236.6,368.78296326754383,71417635000.0,4331430000.0,0.04862,3230394000.0,0.03179,0.06655,0.6203754792424145,21490822000.0,17999939000.0,38078844000.0,3449507000.0,21427465000.0,3743492000.0,19208466400.0,0.5107465988310229
アイネス,9742,情報・通信業,プライム（内国株式）,JP,2025-03-31,東京都,41875152896.0,1.1328267,,,14.753517749234955,0.8817,0.0,-88.53,,117.10197981663734,,,0.00763,,-0.050329998,-0.0484,0.6908879369612354,17535000000.0,9965000000.0,24764000000.0,7582000000.0,8205000000.0,11836000000.0,15514200000.0,0.37048700546910596
丹青社,9743,サービス業,プライム（内国株式）,JP,2026-01-31,東京都,67665141760.0,1.7965479,19.22043,11.272268,10.40992485912585,0.5673,0.05,126.86,74.4,82.14897652233131,107222000000.0,8358000000.0,0.017860001,5993000000.0,0.05589,0.16874,0.6758725886047555,18062000000.0,16446000000.0,44681000000.0,415000000.0,17592000000.0,3217000000.0,28870900000.0,0.42667316211944933
メイテックグループホールディングス,9744,サービス業,プライム（内国株式）,JP,2025-03-31,東京都,231851753472.0,5.223181,17.30038,15.413437,16.336339006589263,1.0053,0.0,194.83,173.58,158.01000031888756,133068000000.0,18831000000.0,0.17358999,12740000000.0,0.10326,0.31326,0.5210725922760536,44830000000.0,28005000000.0,77050000000.0,,53005000000.0,27000000.0,32238900000.0,0.1390496276919182
ＴＫＣ,9746,情報・通信業,プライム（内国株式）,JP,2025-09-30,,179259457536.0,1.6554419,15.5172415,15.366884,17.040334002889843,0.4268,0.028129395,234.27,232.0,216.19082504854322,83476000000.0,16142000000.0,0.34265998,12094000000.0,0.16864,0.14152999,0.835768813021407,21320000000.0,18349000000.0,52513000000.0,244000000.0,36880000000.0,21195000000.0,46029500000.0,0.2567758523466248
アイエックス・ナレッジ,9753,情報・通信業,スタンダード（内国株式）,JP,2025-03-31,東京都,12615000064.0,1.0901971,,8.508579,7.864201363503982,0.2258,0.0,155.02,,132.22304023226877,22828117000.0,1867757000.0,0.076859996,1326531000.0,0.07039,0.15842,0.6675113886506127,5010619000.0,3664246000.0,10819581000.0,340000000.0,6460423000.0,2905513000.0,7842821100.0,0.6217059897115194
応用地質,9755,サービス業,プライム（内国株式）,JP,2025-12-31,,65377550336.0,0.83904666,20.7748,15.167856,14.552476313039119,,0.040650405,189.15,138.1,170.38999976417344,76285000000.0,4115000000.0,0.04847,4331000000.0,0.05677,0.05429,0.7180481961019214,29710000000.0,20863000000.0,79956000000.0,9020000000.0,23363000000.0,4021000000.0,53060700000.0,0.8116042850688189
船井総研ホールディングス,9757,サービス業,プライム（内国株式）,JP,2025-12-31,東京都,100078682112.0,3.8832693,7.926566,15.773639,18.218555287730613,0.6091,0.0383574,69.8,138.9,63.269999737988776,33330043000.0,8813297000.0,0.2779,6526270000.0,0.1958,0.25729,0.747091887964763,8705042000.0,8514970000.0,20711113000.0,285006000.0,12463488000.0,3180860000.0,14232673000.0,0.14221483236631693
ＮＳＤ,9759,情報・通信業,プライム（内国株式）,JP,2025-03-31,東京都,197056364544.0,2.6729486,17.019672,15.235384,20.613984644140846,0.56310004,0.0,170.36,152.5,133.28000055275743,107791000000.0,16856000000.0,0.16606002,11795000000.0,0.110419996,0.18398,0.7450295629109798,22235000000.0,14725000000.0,54432000000.0,1857000000.0,27358000000.0,1785000000.0,33446500000.0,0.16973062543499756
進学会ホールディングス,9760,サービス業,スタンダード（内国株式）,JP,2025-03-31,,2114356224.0,0.26042095,,,-2.685795828935554,7.6141996,0.018939395,-48.15,,-94.84186711773816,6245958000.0,-439032000.0,-0.1146,-566770000.0,-0.16248,-0.12769,0.3942396382828598,14303282000.0,14028345000.0,15700104000.0,7035592000.0,5476347000.0,534862000.0,1771225400.0,0.837713806167035
東海リース,9761,サービス業,スタンダード（内国株式）,JP,2025-03-31,大阪府,8101865472.0,0.4726686,,6.4460125,6.457354769072414,0.3307,0.051457975,362.86,,195.62956611414634,18397791000.0,1511487000.0,0.02696,1069610000.0,0.062459998,0.07632,0.461429023700293,19579480000.0,10150731000.0,15079983000.0,13955326000.0,2545273000.0,314427000.0,-4279398100.0,-0.5281991060934762
丸建リース,9763,卸売業,スタンダード（内国株式）,JP,2025-03-31,東京都,12515769344.0,0.70654666,,8.511327,7.517414724294579,0.3194,0.03777412,154.5,,121.95775282598488,22807000000.0,1518000000.0,0.06479,1218000000.0,0.05294,0.07667,0.4429576166267155,20496000000.0,16156000000.0,22381000000.0,8396000000.0,2000000000.0,5179000000.0,5510300000.0,0.4402685802644335
オオバ,9765,サービス業,プライム（内国株式）,JP,2025-05-31,東京都,19209920512.0,1.4046997,,14.459702,12.488218688964844,0.5137,0.035478547,83.75,,80.0,18096690000.0,1936747000.0,0.13188,1334261000.0,0.085939996,0.111940004,0.7355836448022802,4733369000.0,3235318000.0,9473920000.0,,1688902000.0,1626501000.0,5879101700.0,0.3060450820880523
コナミグループ,9766,情報・通信業,プライム（内国株式）,JP,2025-03-31,東京都,2732818694144.0,4.840814,33.50841,27.316702,23.043073984982136,0.30020002,0.0109247845,738.01,601.64,436.4999984102728,421602000000.0,101944000000.0,0.29821,74692000000.0,0.20259,0.19115,0.7245458919764225,183172000000.0,116314000000.0,366836000000.0,59905000000.0,294216000000.0,17903000000.0,196196100000.0,0.07179257827107863
日建工学,9767,サービス業,スタンダード（内国株式）,JP,2025-03-31,東京都,2836788480.0,0.58285594,,10.351017,9.81906451588456,0.19940001,0.01858736,150.42,,156.1439232198849,5515740000.0,343238000.0,0.122489996,283501000.0,0.05061,0.06688,0.7029697515021552,1934075000.0,1560729000.0,4731562000.0,323679000.0,2735505000.0,1475031000.0,3830008700.0,1.3501213527206652
いであ,9768,サービス業,スタンダード（内国株式）,JP,2025-12-31,東京都,24343840768.0,0.7927008,,10.219372,6.969248656306417,0.3538,0.034054834,333.68,,332.8142246426751,24616233000.0,3186844000.0,0.18056999,2381070000.0,0.098620005,0.082729995,0.8116392926149352,7126594000.0,4287749000.0,16990753000.0,324818000.0,2919759000.0,2443633000.0,11574702100.0,0.4754673763400127
学究社,9769,サービス業,プライム（内国株式）,JP,2025-03-31,東京都,25257689088.0,3.1833043,,14.586994,11.495746336174353,0.59669995,0.040965933,159.32,,167.98432812775718,13289916000.0,2621207000.0,0.27733,1862845000.0,0.13744001,0.23784,0.6034166029288834,4818545000.0,2844772000.0,3517752000.0,1653498000.0,2642584000.0,493094000.0,-955627200.0,-0.03783510030036838
昴,9778,サービス業,スタンダード（内国株式）,JP,2025-02-28,鹿児島県,3242943488.0,0.94835943,,79.3398,,1.7416999,0.0,69.07,,,,,0.10094,,0.00832,0.00853,0.5155844377129328,3354726000.0,1099421000.0,916466000.0,1691727000.0,769790000.0,151040000.0,-2332532000.0,-0.7192638442918189
ハリマビステム,9780,サービス業,スタンダード（内国株式）,JP,2025-03-31,神奈川県,8531299840.0,0.90571564,,10.717885,8.177752862454053,0.32479998,0.030334728,89.29,,83.74000354731129,28025552000.0,1136095000.0,0.05025,860267000.0,0.03217,0.10323,0.6216423299456705,5596297000.0,4600037000.0,9467116000.0,827423000.0,4766959000.0,1607920000.0,4996363000.0,0.5856508496599739
ディーエムエス,9782,サービス業,スタンダード（内国株式）,JP,2025-03-31,東京都,16360996864.0,1.2177218,,18.947964,5.728943269128075,1.9806,0.007603306,159.12,,260.5699828550161,27555696000.0,1190870000.0,0.06786,841330000.0,0.037249997,0.07442,0.8111462861554517,3894292000.0,3277221000.0,12083666000.0,293488000.0,7745050000.0,,8189374000.0,0.5005424833262776
ナック,9788,サービス業,プライム（内国株式）,JP,2025-03-31,東京都,21541715968.0,0.9650882,,14.293645,14.871366261558254,0.6103,0.042801555,36.03,,33.2043880847487,59791000000.0,3011000000.0,0.05806,1365000000.0,0.01935,0.049310002,0.5863947003220654,15796000000.0,11623000000.0,23736000000.0,7220000000.0,8589000000.0,1096000000.0,8707200000.0,0.40420178285399627
福井コンピュータホールディングス,9790,情報・通信業,プライム（内国株式）,JP,2025-03-31,福井県,65126842368.0,2.1652656,16.079634,15.098499,13.383353229516748,0.3499,0.0,208.63,195.9,184.62999993228138,14717000000.0,6086000000.0,0.41435,4189000000.0,0.25899,0.15086001,0.8201791550659726,5942000000.0,5705000000.0,23077000000.0,,21172000000.0,4698000000.0,20423600000.0,0.3135972704556472
ビケンテクノ,9791,サービス業,スタンダード（内国株式）,JP,2025-03-31,東京都,9867233280.0,0.4399515,,7.924871,6.266609079956231,0.19389999,0.024408849,165.05,,173.70882621336108,34669302000.0,1424894000.0,0.05456,979058000.0,0.03604,0.059070002,0.5365527122900848,18700644000.0,10587961000.0,20677154000.0,10805808000.0,9557205000.0,1791651000.0,3230665700.0,0.32741353207370405
ダイセキ,9793,サービス業,プライム（内国株式）,JP,2025-02-28,愛知県,202382049280.0,2.4757729,29.409744,22.178465,18.143595202002142,0.3937,0.017840376,192.98,145.53,193.36999987554677,,,0.1883,,0.12743,0.11163,0.742068904826858,19785000000.0,13993000000.0,46650000000.0,6034000000.0,30416000000.0,7169000000.0,31883300000.0,0.15754015790149825
ステップ,9795,サービス業,プライム（内国株式）,JP,2025-09-30,神奈川県,35134935040.0,1.266438,12.594444,12.99066,11.899108377797596,0.5097,0.039626002,174.51,180.0,155.59079427222483,15846886000.0,3780128000.0,0.19192,2689679000.0,0.17044,0.09969,0.8970125350535654,3148437000.0,2369961000.0,8588647000.0,142247000.0,7844335000.0,4700119000.0,8730293300.0,0.24847899363015302
旭情報サービス,9799,情報・通信業,スタンダード（内国株式）,JP,2025-03-31,東京都,14493280256.0,1.1986535,,11.530525,9.524380591645876,0.41279998,0.0,82.39,,68.91081455551249,15820459000.0,1585740000.0,0.1271,1189246000.0,0.07711,0.10694,0.7977738111080303,2961790000.0,2872820000.0,10435076000.0,210000000.0,6697860000.0,3022704000.0,9589178800.0,0.6616292951369808
テーオーホールディングス,9812,小売業,スタンダード（内国株式）,JP,2025-05-31,北海道,1544471936.0,6.686087,,,20.949455539115952,0.0,0.0020661156,-16.65,,17.403699193049444,24188270000.0,222187000.0,-0.025209999,-7585000.0,-0.00963,-0.42562,0.027143606510866176,16403237000.0,10437912000.0,8034781000.0,11526111000.0,683490000.0,74442000.0,-8316346600.0,-5.384589001687111
ストライダーズ,9816,不動産業,スタンダード（内国株式）,JP,2025-03-31,東京都,2803055872.0,1.0328139,,17.33627,21.516652280428207,0.275,0.015822785,18.17,,9.906613851878525,7788787000.0,47621000.0,0.027579999,43501000.0,0.01726,0.053629998,0.44806435749443124,3034752000.0,1043975000.0,3497253000.0,1958864000.0,2142423000.0,10000000.0,469501000.0,0.16749612617068804
大丸エナウィン,9818,卸売業,スタンダード（内国株式）,JP,2025-03-31,大阪府,14696901632.0,0.9541571,,17.233622,14.206317710682535,0.2521,0.014690451,111.12,,96.09319747491945,33418604000.0,1266188000.0,0.0364,888729000.0,0.029140001,0.06506,0.6737233837340012,7220695000.0,5397967000.0,9624002000.0,1559895000.0,3218536000.0,774200000.0,2945247000.0,0.2003991775781656
エムティジェネックス,9820,不動産業,スタンダード（内国株式）,JP,2025-03-31,,3949896192.0,0.91986406,,15.244029,10.529592889812717,0.16600001,0.0,240.75,,257.96840148698885,3950554000.0,410701000.0,0.096999995,264994000.0,0.06661,0.07364,0.8061583703692132,992694000.0,630985000.0,4563167000.0,102325000.0,2007270000.0,30000000.0,3591473000.0,0.9092575666353107
マミーマートホールディングス,9823,小売業,スタンダード（内国株式）,JP,2025-09-30,埼玉県,56065380352.0,1.2875571,,10.684331,9.091786741992827,0.2002,0.01883408,104.92,,94.70276398010286,193689000000.0,6747000000.0,0.03893,5246000000.0,0.026630001,0.13215,0.4881901557747258,44378000000.0,25636000000.0,13826000000.0,19909000000.0,2518000000.0,524000000.0,-30185200000.0,-0.53839285153308
泉州電業,9824,卸売業,プライム（内国株式）,JP,2025-10-31,大阪府,110040719360.0,1.8637198,14.616432,16.635239,,0.3872,0.023364486,387.13,440.6,,135591000000.0,8906000000.0,0.06468,6717000000.0,0.04759,0.111090004,0.5269724869822165,52080000000.0,49323000000.0,76294000000.0,686000000.0,32966000000.0,3523000000.0,26680100000.0,0.24245661201755342
リリカラ,9827,卸売業,スタンダード（内国株式）,JP,2025-12-31,,7858211328.0,0.96764016,,15.0365305,66.63750059313186,0.84790003,0.0,42.43,,9.030062327299023,33207089000.0,800621000.0,0.059860002,523018000.0,0.01575,0.06336,0.3998137284614612,12193086000.0,10489156000.0,16955414000.0,2747434000.0,3976298000.0,164934000.0,4877781800.0,0.6207241821837652
Ｇｅｎｋｉ　Ｇｌｏｂａｌ　Ｄｉｎｉｎｇ　Ｃｏｎｃｅｐｔｓ,9828,小売業,スタンダード（内国株式）,JP,2025-03-31,東京都,46479872000.0,2.4195669,11.305841,10.337785,16.483070066413436,0.29459998,0.0,254.6,232.8,184.75305845038514,67472000000.0,6793000000.0,0.03592,4960000000.0,0.04737,0.19145,0.49003274544723385,17754000000.0,10813000000.0,15834000000.0,8200000000.0,11952000000.0,37000000.0,-1894100000.0,-0.040750972808186736
トラスコ中山,9830,卸売業,プライム（内国株式）,JP,2025-12-31,東京都,147639828480.0,0.7829235,9.403612,9.299331,9.357440349164325,0.2491,0.008352145,240.77,238.1,244.0900002522036,320043000000.0,22821000000.0,0.0689,15881000000.0,0.04453,0.08101,0.6040037748209068,122109000000.0,64161000000.0,161646000000.0,80000000000.0,47594000000.0,3007000000.0,41641900000.0,0.28205058505361924
ヤマダホールディングス,9831,小売業,プライム（内国株式）,JP,2025-03-31,群馬県,383913656320.0,0.60051256,12.552683,26.553308,11.937519401803588,0.78050005,0.0,21.76,46.03,34.53000001857486,1629069000000.0,42821000000.0,-0.039049998,26912000000.0,0.00874,0.02419,0.48251369831997465,679707000000.0,469402000000.0,655250000000.0,325551000000.0,58378000000.0,15423000000.0,-13660900000.0,-0.03558326143161043
オートバックスセブン,9832,卸売業,プライム（内国株式）,JP,2025-03-31,東京都,118656040960.0,0.8708924,14.363118,14.203798,17.922141123883215,0.564,0.0,106.38,105.2,81.5199997229218,249525000000.0,12126000000.0,0.01977,8132000000.0,0.02982,0.06237,0.5776657755182539,96209000000.0,58432000000.0,127028000000.0,37818000000.0,31292000000.0,9145000000.0,37220500000.0,0.3136839869159916
ジュンテンドー,9835,小売業,スタンダード（内国株式）,JP,2025-02-28,島根県,4144080128.0,0.37322998,,,,0.4866,0.01980198,-44.54,,,,,0.0345,,0.0020299999,0.00885,0.33253348957677553,25943928000.0,13269275000.0,15940381000.0,13937287000.0,1279115000.0,396884000.0,-9725728200.0,-2.3468967538264742
モリト,9837,卸売業,プライム（内国株式）,JP,2025-11-30,大阪府,48426024960.0,1.2004802,19.532995,17.193922,14.296505690909997,0.6257,0.036344755,111.9,98.5,97.12109655250538,56867188000.0,3333810000.0,0.06227,2916860000.0,0.04848,0.07406,0.717718766030162,15666296000.0,10217336000.0,31001429000.0,2689951000.0,9401479000.0,6594430000.0,19951234000.0,0.41199404692992586
アークランズ,9842,小売業,プライム（内国株式）,JP,2025-02-28,新潟県,112327548928.0,0.879655,9.056375,13.8122835,8.925769793312956,0.3091,0.02230898,129.45,197.43,177.18000039532984,330963000000.0,16232000000.0,0.030569999,10126000000.0,0.023710001,0.06511,0.36114987524092695,213181000000.0,120491000000.0,87237000000.0,121606000000.0,18053000000.0,2785000000.0,-123994500000.0,-1.1038654469303724
ニトリホールディングス,9843,小売業,プライム（内国株式）,JP,2025-03-31,東京都,1301328822272.0,1.3368775,2.5779946,16.486506,28.033935537283465,0.2192,0.013099316,139.69,893.33,159.55703803346344,928828000000.0,114400000000.0,0.17417999,82548000000.0,0.0,0.083950005,0.5922031932345639,623687000000.0,353664000000.0,364690000000.0,193138000000.0,136001000000.0,79151000000.0,-203591300000.0,-0.15644877491036308
パーカーコーポレーション,9845,化学,スタンダード（内国株式）,JP,2025-03-31,,36116062208.0,0.7466162,,9.158416,6.327408116249887,0.1841,0.0,157.56,,143.96304887111742,70014000000.0,4910000000.0,0.08442,2812000000.0,0.05566,0.08737001,0.6422310981892086,22377000000.0,17740000000.0,47896000000.0,5306000000.0,21904000000.0,5400000000.0,29299000000.0,0.8112456953712421
天満屋ストア,9846,小売業,スタンダード（内国株式）,JP,2025-02-28,岡山県,11075265536.0,0.39968476,,8.201464,,0.1318,0.016062176,117.54,,,,,0.0399,,0.02279,0.050029997,0.6254496339040605,15711151000.0,11748686000.0,5620630000.0,4531807000.0,571768000.0,1263736000.0,-9205905800.0,-0.8312131000449902
共同紙販ホールディングス,9849,卸売業,スタンダード（内国株式）,JP,2025-03-31,,3021536768.0,0.7607103,,231.24677,54.62095210380071,2.5947,0.0,19.33,,87.29004257037174,16888324000.0,-10196000.0,0.012309999,28016000.0,0.00225,0.0094,0.4094212484050531,5622404000.0,5306313000.0,6785005000.0,,807832000.0,582456000.0,1570320200.0,0.519709115120058
グルメ杵屋,9850,小売業,プライム（内国株式）,JP,2025-03-31,,22347921408.0,2.3282359,,65.00333,22.659551298905754,0.467,0.007172131,15.03,,47.92974556264755,42072804000.0,947369000.0,0.04797,649189000.0,0.0072000003,0.03381,0.2939326455321533,22045383000.0,7990760000.0,9436877000.0,13945227000.0,5070733000.0,914834000.0,-11968122200.0,-0.5355362577799164
銀座ルノアール,9853,小売業,スタンダード（内国株式）,JP,2025-03-31,東京都,5528172544.0,1.7025486,,232.64781,-92.99230874371744,0.7653,0.003318584,3.89,,-9.681298680293192,7799973000.0,82210000.0,0.03442,-76449000.0,0.00644,0.0171,0.5193561770402844,2786186000.0,2075960000.0,2428008000.0,1943032000.0,1962116000.0,89630000.0,-295437000.0,-0.053442072881869876
愛眼,9854,小売業,スタンダード（内国株式）,JP,2025-03-31,,4638270464.0,0.3751986,,20.567986,-20.372472872928178,0.0,0.0,11.62,,-9.326310123719944,14863000000.0,-129000000.0,0.011,3000000.0,0.010140001,0.01276,0.8670420095279342,1842000000.0,1336000000.0,7393000000.0,0.0,4299000000.0,604000000.0,5973800000.0,1.2879369683949504
ケーユーホールディングス,9856,小売業,スタンダード（内国株式）,JP,2025-03-31,東京都,37219512320.0,0.5430096,,6.84426,5.733525238339318,0.3689,0.055797733,173.43,,181.26000076063417,159964000000.0,9188000000.0,0.05172,6529000000.0,0.034879997,0.085200004,0.7328855007925127,24773000000.0,19174000000.0,43695000000.0,9178000000.0,13258000000.0,1100000000.0,19692000000.0,0.5290773245682333
英和,9857,卸売業,スタンダード（内国株式）,JP,2025-03-31,大阪府,15619058688.0,0.86810714,,8.223104,7.706143239051904,,0.03469388,300.13,,263.55737250838985,47136291000.0,2786231000.0,0.07507,1954217000.0,0.04157,0.11726,0.5119233639364681,16166866000.0,15942786000.0,28615569000.0,169872000.0,6108352000.0,2086420000.0,13909197000.0,0.8905272256058764
吉野家ホールディングス,9861,小売業,プライム（内国株式）,JP,2025-02-28,東京都,209908563968.0,3.0872543,47.17091,44.96049,36.406129815767926,0.3052,0.0068322984,72.13,68.75,86.62059174569752,204983000000.0,7306000000.0,0.04185,3803000000.0,0.020669999,0.071040004,0.5387992914291471,54301000000.0,34843000000.0,38301000000.0,28279000000.0,20571000000.0,2878000000.0,-13985400000.0,-0.06662615252864117
ソレキア,9867,卸売業,スタンダード（内国株式）,JP,2025-03-31,東京都,8743275520.0,0.68199044,,6.646613,5.071572245685547,0.0328,0.0,1522.58,,1210.0794534307543,28025172000.0,1727085000.0,0.12874,1080771000.0,0.055960003,0.14209,0.4987915729151979,11164744000.0,9173792000.0,19974578000.0,2980000000.0,10447493000.0,596453000.0,9227351100.0,1.0553654724585415
加藤産業,9869,卸売業,プライム（内国株式）,JP,2025-09-30,兵庫県,180490993664.0,1.03268,30.20965,14.045142,9.117709657452755,0.32889998,0.011804384,425.77,197.95,453.04999561332045,1214264000000.0,18187000000.0,0.01616,13228000000.0,0.0121,0.08991,0.36244893582801696,289313000000.0,261133000000.0,297841000000.0,13406000000.0,71258000000.0,66804000000.0,55290800000.0,0.306335506706383
北恵,9872,卸売業,スタンダード（内国株式）,JP,2025-11-30,大阪府,8214948864.0,0.6756488,,14.914055,,0.4715,0.028312571,59.34,,,58977000000.0,714000000.0,0.012159999,551000000.0,0.01298,0.06053,0.5120830191389278,13588000000.0,12729000000.0,24213000000.0,,11103000000.0,912000000.0,11263400000.0,1.371085832239211
コックス,9876,小売業,スタンダード（内国株式）,JP,2025-02-28,東京都,6436364800.0,0.61060303,,6.042531,5.663117132576321,0.0,0.0,38.56,,41.320000014470196,15302247000.0,1263448000.0,0.03312,1196567000.0,0.07141,0.10981,0.67276006226306,4334954000.0,3390639000.0,8073374000.0,,3889391000.0,2890321000.0,5761644700.0,0.8951706248844068
セキド,9878,小売業,スタンダード（内国株式）,JP,2025-03-31,東京都,1458425088.0,1.3341128,,,51.38221961469192,0.0,0.021413276,-339.37,,16.639997384533512,7494389000.0,-276784000.0,-0.047670003,-545377000.0,-0.028399998,-0.2789,0.04893601631172589,4536171000.0,3584519000.0,3551968000.0,3106657000.0,504166000.0,124088000.0,-897341400.0,-0.6152811052027103
イノテック,9880,電気機器,プライム（内国株式）,JP,2025-03-31,神奈川県,40054718464.0,1.7123109,79.27711,33.31983,16.37590307612974,0.7087,0.020771513,98.74,41.5,109.45999981332866,41977111000.0,1887432000.0,0.076859996,1200300000.0,0.03672,0.06813,0.5412840353964996,20875795000.0,19167026000.0,29711605000.0,9616272000.0,6532327000.0,2648107000.0,10689484900.0,0.26687205178105033
イエローハット,9882,卸売業,プライム（内国株式）,JP,2025-03-31,東京都,137989373952.0,1.1213576,,11.7445755,8.294928861644944,0.45139998,0.0,137.34,,110.58999985910798,154066000000.0,15451000000.0,0.06132,11260000000.0,0.06987,0.0979,0.6499690085428625,64941000000.0,58827000000.0,76789000000.0,35062000000.0,31251000000.0,11341000000.0,19786700000.0,0.14339292536309978
シャルレ,9885,卸売業,スタンダード（内国株式）,JP,2025-03-31,,5220197888.0,0.38741928,,,12.56704952898596,0.7025,0.023255814,-69.38,,36.94347963372277,11548000000.0,-961000000.0,0.0069199996,-1012000000.0,-0.28403,-0.23035999,0.8750778816199377,2406000000.0,1587000000.0,12234000000.0,13000000.0,8311000000.0,2325000000.0,11455500000.0,2.194457038943578
松屋フーズホールディングス,9887,小売業,プライム（内国株式）,JP,2025-03-31,東京都,104003796992.0,1.9859997,,35.764874,36.51609818092434,0.1697,0.004878049,141.2,,152.93999772335155,154223084000.0,4406725000.0,0.07324,2185996000.0,0.01872,0.07067,0.4379566329938503,58539646000.0,25999001000.0,33968372000.0,35370848000.0,16867291000.0,102940000.0,-24499216000.0,-0.23556078439986655
ＵＥＸ,9888,卸売業,スタンダード（内国株式）,JP,2025-03-31,東京都,8540039680.0,0.46107543,,11.617449,9.229545431606024,0.4946,0.046153847,66.71,,117.61580386787736,50280989000.0,1771818000.0,0.028010001,927643000.0,0.01219,0.03338,0.33662190822736543,34421333000.0,30072880000.0,39960632000.0,12147453000.0,6716174000.0,2882646000.0,7557151200.0,0.884908206890205
ＪＢＣＣホールディングス,9889,情報・通信業,プライム（内国株式）,JP,2025-03-31,東京都,73829400576.0,2.9826279,3.933527,15.781979,15.220913491240355,0.4825,0.030912863,77.24,309.9,50.85310024880521,69868000000.0,6159000000.0,0.096269995,4603000000.0,0.06815,0.20815,0.5438087527549139,20285000000.0,16551000000.0,37532000000.0,2688000000.0,17784000000.0,2226000000.0,18805200000.0,0.25471153569291033
マキヤ,9890,小売業,スタンダード（内国株式）,JP,2025-03-31,,12086048768.0,0.5515974,,7.806643,7.283197455638755,0.1778,0.0227649,154.74,,145.67194230191325,89448024000.0,2266706000.0,0.028889999,1497158000.0,0.01465,0.06448,0.5221366021862444,19032050000.0,12743622000.0,12905928000.0,6269905000.0,4455840000.0,1420989000.0,-5131429700.0,-0.42457463133744655
コンセック,9895,卸売業,スタンダード（内国株式）,JP,2025-03-31,広島県,2198573824.0,0.27281877,,,10.053604632001722,0.4026,0.0216,-87.88,,117.23647518126046,10297303000.0,-2540000.0,0.02261,-208268000.0,-0.01555,-0.01714,0.6627293833269676,3822216000.0,2695865000.0,5270478000.0,1458920000.0,1573578000.0,1460645000.0,2470713500.0,1.1237800946364764
ＪＫホールディングス,9896,卸売業,スタンダード（内国株式）,JP,2025-03-31,東京都,35326095360.0,0.56312877,,9.106889,5.59434479103383,0.338,0.03671072,147.91,,174.6380514834636,393258000000.0,7358000000.0,0.02276,4283000000.0,0.00969,0.05939,0.28528757489864015,157262000000.0,136150000000.0,149625000000.0,32226000000.0,50704000000.0,4454000000.0,-4519200000.0,-0.12792809264499477
サガミホールディングス,9900,小売業,プライム（内国株式）,JP,2025-03-31,愛知県,51663646720.0,2.6794071,,33.036407,48.66379631405567,0.19379999,0.0059066745,51.64,,30.14888962545575,35034150000.0,2058508000.0,0.062069997,1356062000.0,0.03865,0.080290005,0.704602929479056,7472717000.0,5857921000.0,8869242000.0,1908892000.0,6335572000.0,757896000.0,1927052200.0,0.037299964720725005
日伝,9902,卸売業,プライム（内国株式）,JP,2025-03-31,大阪府,75234123776.0,0.818667,17.848635,14.701299,18.04016614078949,0.4042,0.0,173.25,142.7,164.3099452524099,,,0.05661,,0.036259998,0.05742,0.7106946230178354,35102000000.0,26952000000.0,80310000000.0,4759000000.0,15557000000.0,15945000000.0,56369500000.0,0.7492544230040213
カンセキ,9903,小売業,スタンダード（内国株式）,JP,2025-02-28,,6710470144.0,0.59904236,,21.999512,-1.4129577303605694,0.4892,0.026519338,40.91,,-699.9800164160448,37065817000.0,538849000.0,0.03102,518415000.0,-0.0178,-0.063140005,0.2538944384407541,18113007000.0,14742496000.0,8959735000.0,11920145000.0,812445000.0,2566309000.0,-7356855700.0,-1.0963249283774774
ベリテ,9904,小売業,スタンダード（内国株式）,JP,2025-03-31,神奈川県,8520171008.0,1.0720931,,17.953115,19.61487244697583,1.1286,0.0,17.49,,18.500448709588174,7947000000.0,876000000.0,0.05106,569000000.0,-0.01798,-0.02575,0.5916313559322034,3084000000.0,3066000000.0,6321000000.0,1500000000.0,1988000000.0,,3237000000.0,0.3799219519139492
藤井産業,9906,卸売業,スタンダード（内国株式）,JP,2025-03-31,栃木県,41225748480.0,1.0326058,,8.403579,5.691751624923409,0.2673,0.032597266,580.11,,432.3437449580802,96100124000.0,5360014000.0,0.05071,4123829000.0,0.050100002,0.13377,0.5645123847740816,26625587000.0,23856386000.0,50413385000.0,1575409000.0,19182125000.0,4061644000.0,26630948800.0,0.6459785396721074
日本電計,9908,卸売業,スタンダード（内国株式）,JP,2025-03-31,東京都,29672224768.0,0.96677387,9.9885845,10.054774,8.701959763964211,0.3447,0.035128806,261.07,262.8,253.7500027978992,121235333000.0,4738148000.0,0.04927,2973182000.0,0.025139999,0.109280005,0.4031002812627885,43456011000.0,40305112000.0,65661676000.0,15223949000.0,10259515000.0,1649038000.0,23359991600.0,0.7872679511781191
日邦産業,9913,卸売業,スタンダード（内国株式）,JP,2025-03-31,愛知県,36945559552.0,2.1928928,,26.083622,9.397348592582581,0.48630002,0.019143578,156.42,,162.80000817910818,44890000000.0,1976000000.0,0.054180004,1396000000.0,0.0,0.09494001,0.5089145496535796,15947000000.0,12220000000.0,18759000000.0,2800000000.0,6226000000.0,2166000000.0,4328200000.0,0.11715074971075105
植松商会,9914,卸売業,スタンダード（内国株式）,JP,2025-03-31,,2085192064.0,0.6376733,,16.80824,22.352949012820172,0.5872,0.0,55.33,,49.300616197183096,6306303000.0,44212000.0,0.01521,86197000.0,0.0187,0.03902,0.6176708953772341,1910601000.0,1640245000.0,3076652000.0,45821000.0,599218000.0,1557861000.0,2256553700.0,1.082180264810369
ワットマン,9927,小売業,スタンダード（内国株式）,JP,2025-03-31,神奈川県,8442803200.0,2.307409,,26.955307,13.269672821778457,0.55799997,0.0,35.8,,52.55999818982062,8383058000.0,583772000.0,0.05568,345124000.0,0.05278,0.08199,0.6717310303563047,1661496000.0,1311624000.0,3581483000.0,432116000.0,1854020000.0,2374000.0,1921648800.0,0.2276079110786332
ミロク情報サービス,9928,情報・通信業,プライム（内国株式）,JP,2025-03-31,東京都,50905063424.0,1.6026019,10.598504,10.515247,11.847107926983606,0.3401,0.032352943,161.67,160.4,141.64796883397082,46160000000.0,6289000000.0,0.15767999,4381000000.0,0.0,0.15952,0.6459155985969867,15695000000.0,13173000000.0,24629000000.0,6360000000.0,16722000000.0,2023000000.0,10350100000.0,0.20332162075492632
平和紙業,9929,卸売業,スタンダード（内国株式）,JP,2025-03-31,東京都,4255470080.0,0.4233478,,55.354992,28.980766168998727,1.4457,0.012931035,8.31,,14.410000466124137,16032057000.0,142679000.0,0.0064499998,117025000.0,0.00491,0.00764,0.5518078512023045,8054475000.0,7141936000.0,11807459000.0,2445032000.0,2673804000.0,3073949000.0,5904748300.0,1.3875666351765303
北沢産業,9930,卸売業,スタンダード（内国株式）,JP,2025-03-31,東京都,6841098752.0,0.608529,,13.372093,9.262000576160078,0.3635,0.027322404,27.52,,35.779999789149414,15561539000.0,841883000.0,-0.0068,648479000.0,0.02378,0.03273,0.5961671998446685,7304434000.0,6354597000.0,8729858000.0,2100000000.0,3880118000.0,2687007000.0,3306328900.0,0.48330378201796786
杉本商事,9932,卸売業,プライム（内国株式）,JP,2025-03-31,大阪府,21463308288.0,0.64302754,,10.475134,10.95008618500147,0.46040002,0.044081632,117.23,,96.10996075602885,49465116000.0,2395762000.0,0.03616,1917234000.0,0.04346,0.06078,0.8367811774719794,6921602000.0,5831734000.0,25661307000.0,,7321054000.0,4280783000.0,21736253100.0,1.0127168099315147
因幡電機産業,9934,卸売業,プライム（内国株式）,JP,2025-03-31,大阪府,304545366016.0,1.6334862,,14.743764,11.863750519591196,0.3803,0.02640015,184.01,,138.21000046621435,384012000000.0,25557000000.0,0.06824,18783000000.0,0.054169998,0.12299,0.6201847424395035,105962000000.0,100190000000.0,215720000000.0,232000000.0,62062000000.0,19974000000.0,123739800000.0,0.4063099091565197
王将フードサービス,9936,小売業,プライム（内国株式）,JP,2025-03-31,京都府,150134734848.0,2.4266772,19.720829,19.540777,17.754478721925157,0.38189998,0.019879304,146.77,145.43,140.15333281294772,111033000000.0,10910000000.0,0.07698,8071000000.0,0.06908,0.121199995,0.768244473880288,22395000000.0,16011000000.0,43092000000.0,5000000000.0,38120000000.0,4894000000.0,24122800000.0,0.1606743437780904
太洋物産,9941,卸売業,スタンダード（内国株式）,JP,2025-09-30,東京都,1795939072.0,1.7186007,,12.620567,,0.0,0.0,73.61,,,19662137000.0,247372000.0,0.017029999,148725000.0,0.0086900005,0.16691999,0.11873416855832941,7370814000.0,7233740000.0,7759722000.0,5907835000.0,265969000.0,,388908000.0,0.21654854892538358
ミニストップ,9946,小売業,プライム（内国株式）,JP,2025-02-28,千葉県,54882914304.0,2.0743408,-75.07936,,-99.1752448041867,0.0452,0.010689471,-194.02,-25.2,-16.133480419194704,87475000000.0,-3482000000.0,-0.09915,-6774000000.0,-0.061339997,-0.19303,0.43528907693543634,41907000000.0,35691000000.0,52242000000.0,197000000.0,11096000000.0,101000000.0,10405700000.0,0.18959816788084827
アークス,9948,小売業,プライム（内国株式）,JP,2025-02-28,北海道,181419606016.0,0.92493993,15.317139,14.707152,13.480854935708349,0.35439998,0.024332345,231.52,222.3,214.0299993440488,608284000000.0,15944000000.0,0.03521,11063000000.0,0.01985,0.06547,0.6510815037040706,98626000000.0,68386000000.0,116286000000.0,30144000000.0,80089000000.0,10461000000.0,24982700000.0,0.13770672612857893
ハチバン,9950,小売業,スタンダード（内国株式）,JP,2025-03-31,石川県,10010996736.0,2.6259289,,166.66667,62.53858956514756,0.9775,0.0,20.43,,54.85348711331751,8233448000.0,264441000.0,-0.01603,236202000.0,0.00694,0.01604,0.6615156720480403,1879655000.0,1170300000.0,2066519000.0,620559000.0,1009636000.0,472250000.0,517439000.0,0.051687061103442955
ヨンキュウ,9955,卸売業,スタンダード（内国株式）,JP,2025-03-31,,31287107584.0,0.7672881,,9.341384,17.151216672012524,0.0622,0.0,273.3,,133.70000039257715,44887777000.0,1546292000.0,0.041300002,1415355000.0,0.07937,0.09503,0.7423261069204233,13482473000.0,7281713000.0,32170688000.0,7281540000.0,20683414000.0,11902726000.0,27020123200.0,0.863618444992272
バローホールディングス,9956,小売業,プライム（内国株式）,JP,2025-03-31,岐阜県,194365636608.0,1.0644574,14.018159,12.788079,10.531579452226472,0.2566,0.020670392,288.55,263.23,223.00000175487654,854435000000.0,23201000000.0,0.037639998,13654000000.0,0.0,,0.3721384664875627,272028000000.0,167728000000.0,134948000000.0,128569000000.0,22632000000.0,11930000000.0,-128729000000.0,-0.6623032869725984
アシードホールディングス,9959,小売業,スタンダード（内国株式）,JP,2025-03-31,広島県,11213451264.0,1.4578078,,13.494656,9.343508204892,0.282,0.022538552,67.36,,62.62130329445947,23969000000.0,765000000.0,0.02606,748000000.0,0.03246,0.10876001,0.3674891885016535,12432000000.0,8575000000.0,7505000000.0,7294000000.0,1772000000.0,1650000000.0,-3772000000.0,-0.33638171792031074
東テク,9960,卸売業,プライム（内国株式）,JP,2025-03-31,東京都,159514148864.0,2.3027902,15.242947,13.47793,16.30245267189222,0.4157,0.03080873,288.62,255.2,170.3550911290286,155958000000.0,14597000000.0,0.11015,11194000000.0,0.07498,0.19673,0.5818453088027065,44002000000.0,39235000000.0,60285000000.0,3817000000.0,13078000000.0,15055000000.0,26821500000.0,0.1681449588704994
ミスミグループ本社,9962,卸売業,プライム（内国株式）,JP,2025-03-31,東京都,871364886528.0,2.2974262,23.417587,22.051626,18.823123471674982,0.3556,0.015665287,149.15,140.45,131.62000002002264,,,0.12714,,0.09166,0.11061,0.836431714071892,67513000000.0,51876000000.0,317805000000.0,7536000000.0,159296000000.0,1224000000.0,251148800000.0,0.2882246047355842
ショクブン,9969,小売業,スタンダード（内国株式）,JP,2025-03-31,愛知県,3558340096.0,1.4764938,,46.963562,-253.6196398591762,0.5071,0.010683761,4.94,,-1.0361206578544688,6060731000.0,16824000.0,0.00694,-69953000.0,0.012410001,0.03146,0.4665628839066339,2778994000.0,1819252000.0,1765253000.0,2065552000.0,1390696000.0,7504000.0,-1008488200.0,-0.28341534895263704
アルテック,9972,卸売業,スタンダード（内国株式）,JP,2025-11-30,東京都,3648888064.0,0.42198327,,,-30.165692036448796,3.7233999,0.026119404,-188.43,,-7.176674891543754,17551597000.0,3154466000.0,0.00754,-2594639000.0,-0.16424999,-0.20365,0.5642480566241523,6402955000.0,5408710000.0,10652058000.0,3777172000.0,3611513000.0,315073000.0,4469654100.0,1.224935931605492
ＫＯＺＯホールディングス,9973,小売業,スタンダード（内国株式）,JP,2025-12-31,東京都,6776132608.0,12.18866,,,-5.522442852981161,0.0,0.0,-2.54,,-3.440506403745454,19441295000.0,-295947000.0,-0.013409999,-684482000.0,-0.03576,-2.1267,0.06603994364268828,5256604000.0,3679276000.0,3479372000.0,866165000.0,974508000.0,16010000.0,-1766025000.0,-0.26062432690809584
ベルク,9974,小売業,プライム（内国株式）,JP,2025-02-28,埼玉県,138525458432.0,1.1487309,11.047796,10.931028,12.102555619535384,0.2037,0.018507462,608.36,601.93,512.2500052534772,387778000000.0,17011000000.0,0.049790002,12385000000.0,0.029949998,0.11003,0.5476317402113423,90798000000.0,49205000000.0,40017000000.0,36765000000.0,17833000000.0,157000000.0,-50671100000.0,-0.3657890800258471
セキチュー,9976,小売業,スタンダード（内国株式）,JP,2025-02-28,群馬県,5749446656.0,0.5378534,,12.269726,12.620780378459916,0.2318,0.01904762,86.31,,94.86000385791654,31479589000.0,589273000.0,-0.02227,494004000.0,-0.00011,-0.00037999998,0.4904073705291524,11983486000.0,7080458000.0,9856383000.0,4412725000.0,949261000.0,699649000.0,-1637348700.0,-0.2847837014526081
文教堂グループホールディングス,9978,小売業,スタンダード（内国株式）,JP,2025-08-31,,2059624192.0,1.7801682,,,,0.0,0.0,-4.18,,,14456385000.0,-88859000.0,0.021710001,-154884000.0,-0.012519999,-0.14503,0.12093757280230026,8403203000.0,7955003000.0,7288639000.0,4003330000.0,1097437000.0,69313000.0,-1066044900.0,-0.5175919491238914
大庄,9979,小売業,スタンダード（内国株式）,JP,2025-08-31,東京都,21929402368.0,1.9092302,,26.35561,17.435029215321407,0.35349998,0.013487476,39.65,,63.54999926104652,52556000000.0,1204000000.0,0.02683,1172000000.0,0.01569,0.07408,0.3822443518612607,18238000000.0,10584000000.0,11486000000.0,8812000000.0,5395000000.0,1087000000.0,-5991100000.0,-0.27319941964047234
ＭＲＫホールディングス,9980,小売業,スタンダード（内国株式）,JP,2025-03-31,,9363652608.0,0.621305,,20.250523,49.70223553562357,0.20879999,0.010309278,4.79,,2.2239400068803308,21152734000.0,395203000.0,0.01644,254163000.0,0.059019998,0.08796,0.7241502393450066,5572777000.0,4677942000.0,14337840000.0,1536092000.0,2122088000.0,,8765063000.0,0.9360730653881174
タキヒヨー,9982,卸売業,スタンダード（内国株式）,JP,2025-02-28,愛知県,23706243072.0,0.72819066,,15.032292,13.934970355534151,0.24209999,0.01610594,185.8,,83.18999556464263,60633000000.0,1318000000.0,-0.00818,1107000000.0,0.02525,0.051420003,0.6410989662769022,16943000000.0,11683000000.0,21785000000.0,5728000000.0,4320000000.0,4024000000.0,7658800000.0,0.32307101453144166
ファーストリテイリング,9983,小売業,プライム（内国株式）,JP,2025-08-31,山口県,22245881675776.0,8.450605,52.968037,46.47585,37.38830390917712,0.3722,0.008031016,1559.95,1368.75,1210.8132536907679,3400539000000.0,562561000000.0,0.17723,433010000000.0,0.1306,0.20616,0.5889886206314893,1531853000000.0,911291000000.0,2527815000000.0,513500000000.0,893239000000.0,312438000000.0,1214668600000.0,0.05460195364262311
ソフトバンクグループ,9984,情報・通信業,プライム（内国株式）,JP,2025-03-31,東京都,34260968800256.0,2.2181933,20.359646,11.244949,-52.00591385640696,0.020599999,0.0018373142,534.64,295.29,-42.74750000303078,7243752000000.0,729794000000.0,0.03838,1153332000000.0,0.48167,0.26023,0.25684461878719916,31060730000000.0,12436315000000.0,9432918000000.0,18913350000000.0,3713028000000.0,10807693000000.0,-14062426900000.0,-0.4104503577229528
蔵王産業,9986,卸売業,スタンダード（内国株式）,JP,2025-03-31,東京都,14199184384.0,1.2649937,,19.440102,12.615540029334781,0.74480003,0.020322086,134.31,,185.72705676430516,8449787000.0,911595000.0,0.12166,616598000.0,0.11472,0.07355,0.872531136200796,1881173000.0,842540000.0,10731653000.0,43699000.0,2064293000.0,78200000.0,8905220000.0,0.6271641919119402
スズケン,9987,卸売業,プライム（内国株式）,JP,2025-03-31,,357736579072.0,0.8946718,17.05084,12.551021,12.409468477664802,0.23719999,0.018818216,421.4,310.19,357.88000057623907,2399952000000.0,37125000000.0,0.015319999,34496000000.0,0.01424,,0.36566678427876403,706412000000.0,679114000000.0,844099000000.0,,102655000000.0,84399000000.0,196766300000.0,0.5500312562680311
サンドラッグ,9989,小売業,プライム（内国株式）,JP,2025-03-31,東京都,437750005760.0,1.570049,13.636032,13.783197,17.690213826014826,0.4789,0.035002694,271.49,274.42,249.07000027441654,801811000000.0,44500000000.0,0.06204,30750000000.0,0.03735,0.11504,0.6074543869803855,174293000000.0,128507000000.0,216777000000.0,38666000000.0,64956000000.0,34013000000.0,66293100000.0,0.15144054626545392
サックスバー　ホールディングス,9990,小売業,プライム（内国株式）,JP,2025-03-31,,21298110464.0,0.7103147,,9.794229,9.412655968462737,0.401,0.041208792,74.84,,85.59324081356876,52289541000.0,4044543000.0,0.06145,2545172000.0,0.0,0.07119,0.7327981616955698,10771887000.0,6517008000.0,22821204000.0,1399686000.0,5775345000.0,4376931000.0,15113168700.0,0.7096013857917419
ジェコス,9991,卸売業,プライム（内国株式）,JP,2025-03-31,東京都,53901545472.0,0.7561929,,9.72973,7.896060196693497,0.35830003,0.0,164.65,,131.8242343541944,111550000000.0,6850000000.0,0.05748,4543000000.0,0.0506,0.08396,0.6190449506411514,40785000000.0,36328000000.0,68613000000.0,632000000.0,3093000000.0,5447000000.0,31640900000.0,0.5870128532109782
ヤマザワ,9993,小売業,スタンダード（内国株式）,JP,2025-02-28,山形県,11817143296.0,0.44186145,,9.941268,28.706798929843405,0.2332,0.0234375,115.78,,41.86236082737475,102558000000.0,-812000000.0,0.0164,-2617000000.0,0.01307,0.05228,0.46722565089875306,29610000000.0,21076000000.0,14294000000.0,15310000000.0,5753000000.0,437000000.0,-15010100000.0,-1.270197003118409
やまや,9994,小売業,スタンダード（内国株式）,JP,2025-03-31,,25130467328.0,0.6772801,,8.840579,9.173815732203181,0.2365,0.01173913,262.2,,333.6400078737935,160164000000.0,5426000000.0,0.048249997,3644000000.0,0.01719,0.09191,0.5266499357652894,29613000000.0,22522000000.0,43760000000.0,6806000000.0,12588000000.0,910000000.0,14784000000.0,0.5882898955694263
サトー商会,9996,卸売業,スタンダード（内国株式）,JP,2025-03-31,宮城県,18323449856.0,0.67852056,,13.978495,12.56738416093118,0.2925,0.020692758,157.17,,147.1888489208633,49137191000.0,1667981000.0,0.04178,1315196000.0,0.02564,0.04843,0.7379379205259194,9328687000.0,8928692000.0,17127454000.0,684415000.0,1724149000.0,9506389000.0,14453239300.0,0.7887837396115284
ベルーナ,9997,小売業,プライム（内国株式）,JP,2025-03-31,埼玉県,84729823232.0,0.57621205,10.389151,8.87568,9.431470871137924,0.2972,0.032632742,99.26,84.8,60.39000025577063,210856000000.0,11887000000.0,0.09024,8797000000.0,0.051680002,0.0777,0.45225659440187926,170807000000.0,61616000000.0,131443000000.0,130258000000.0,35414000000.0,14576000000.0,-29160800000.0,-0.3441621720389334
