会社名,銘柄コード,業種,優先市場,決算月,都道府県,時価総額,PBR,売上高,営業利益,営業利益率,当期純利益,純利益率,ROE,自己資本比率,PER(会予),負債,流動負債,流動資産,総負債,現金及び現金同等物,投資有価証券,ネットキャッシュ,ネットキャッシュ比率
極洋,1301,水産・農林業,プライム（内国株式）,2025-03-31,東京都,59447799808,0.86947507,302681000000.0,11080000000.0,0.03432,6740000000.0,0.0,,0.3652267498366435,17.397356,113763000000.0,74995000000.0,134258000000.0,79916000000.0,7514000000.0,14053000000.0,30332100000.0,0.5102308260013713
Ｖｅｒｉｔａｓ　Ｉｎ　Ｓｉｌｉｃｏ,130A,医薬品,グロース（内国株式）,2024-12-31,東京都,3717116416,1.8355206,194643000.0,-212850000.0,-5.45098,-236442000.0,-2.7095098,,0.9824758843873473,,39410000.0,39410000.0,2232073000.0,,2173358000.0,,2192663000.0,0.5898827894014498
ニッスイ,1332,水産・農林業,プライム（内国株式）,2025-03-31,東京都,330931175424,1.2528036,886126000000.0,31783000000.0,0.0456,25381000000.0,0.027520001,0.097279996,0.4363657269585653,12.293144,348939000000.0,226179000000.0,332568000000.0,215270000000.0,14707000000.0,30453000000.0,4946100000.0,0.014946008014092032
マルハニチロ,1333,水産・農林業,プライム（内国株式）,2025-03-31,東京都,174830911488,0.77189666,1078631000000.0,30382000000.0,0.03577,23264000000.0,0.0214,0.11533,0.33699984292678775,13.23294,405816000000.0,236915000000.0,414576000000.0,270911000000.0,49240000000.0,44671000000.0,40029700000.0,0.22896237089484917
ＶＲＡＩＮ　Ｓｏｌｕｔｉｏｎ,135A,情報・通信業,グロース（内国株式）,2025-02-28,東京都,31159484416,20.926397,2144641000.0,594987000.0,0.38146,425072000.0,0.15106,,0.7590650897301636,,451393000.0,451393000.0,1539832000.0,5200000.0,488886000.0,,1088439000.0,0.034931226251006274
ユキグニファクトリー,1375,水産・農林業,プライム（内国株式）,2025-03-31,新潟県,42146852864,3.7520587,53139000000.0,2420000000.0,-0.09883001,1502000000.0,0.026099999,0.08529,0.32655540297876834,6.689873,25343000000.0,9502000000.0,11501000000.0,17159000000.0,3903000000.0,186000000.0,-13711800000.0,-0.32533389964478276
カネコ種苗,1376,水産・農林業,スタンダード（内国株式）,2025-05-31,群馬県,19867260928,0.78551555,64508666000.0,1511651000.0,0.02497,1200256000.0,0.021389998,0.05633,0.5071656318283071,,24306507000.0,22983956000.0,38277060000.0,,1934582000.0,2264370000.0,15555612000.0,0.7829771832349893
サカタのタネ,1377,水産・農林業,プライム（内国株式）,2025-05-31,神奈川県,174646575104,1.0636576,92920000000.0,12258000000.0,0.19252001,9711000000.0,0.12873,0.0747,0.844585466997581,19.127756,29220000000.0,20037000000.0,113848000000.0,2868000000.0,29525000000.0,18464000000.0,97552800000.0,0.5585726484582274
ホクト,1379,水産・農林業,プライム（内国株式）,2025-03-31,長野県,59356807168,1.0259631,83104000000.0,6628000000.0,0.00956,4441000000.0,0.06201,0.093100004,0.5278479836461625,,50813000000.0,24823000000.0,38621000000.0,33066000000.0,16323000000.0,8374000000.0,-6330200000.0,-0.10664657184277745
Ｃｏｃｏｌｉｖｅ,137A,情報・通信業,グロース（内国株式）,2025-05-31,,3648084992,9.8637705,1301771000.0,279617000.0,,209170000.0,,,0.8409387789823908,,168282000.0,168279000.0,1020383000.0,,,,852101000.0,0.23357487609762356
秋川牧園,1380,水産・農林業,スタンダード（内国株式）,2025-03-31,山口県,4194136832,1.9653888,7957457000.0,-3198000.0,0.00243,28185000.0,0.0076099997,0.029140001,0.30618201423382474,,4939245000.0,2688933000.0,2933981000.0,3422129000.0,968035000.0,118784000.0,-1922115200.0,-0.45828624029021664
アクシーズ,1381,水産・農林業,スタンダード（内国株式）,2025-06-30,,17857974272,0.826758,26426000000.0,2121000000.0,0.11847,1720000000.0,0.06509,0.08128,0.8613758723828514,,3476000000.0,2945000000.0,13081000000.0,69000000.0,7743000000.0,631000000.0,10046700000.0,0.5625890062879356
ホーブ,1382,水産・農林業,スタンダード（内国株式）,2025-06-30,北海道,1576613376,2.0854678,2412711000.0,38068000.0,-0.06702,24712000.0,0.00995,0.03148,0.7069412633566734,,313482000.0,158516000.0,936566000.0,4016000.0,306105000.0,,623084000.0,0.39520405540438597
ベルグアース,1383,水産・農林業,スタンダード（内国株式）,2024-10-31,愛媛県,4750005248,2.3856642,7094887000.0,22459000.0,0.00691,39936000.0,0.00151,0.0098,0.3640227838875453,,3557188000.0,1972654000.0,2821698000.0,2167386000.0,924359000.0,157408000.0,-625304400.0,-0.1316428861343439
ホクリヨウ,1384,水産・農林業,スタンダード（内国株式）,2025-03-31,北海道,22957502464,2.3187149,19397000000.0,1932000000.0,0.14823,2181000000.0,0.07208,0.11241999,0.7364696086594504,,5064000000.0,3555000000.0,6795000000.0,1519000000.0,4194000000.0,530000000.0,2102000000.0,0.09156048238680045
光フードサービス,138A,小売業,グロース（内国株式）,2024-11-30,愛知県,2948224000,2.2244961,2566847000.0,217082000.0,0.06113,100327000.0,0.04607,,0.5178734835211373,,1161221000.0,519436000.0,1502113000.0,749016000.0,1321909000.0,,340892000.0,0.11562622107411105
エムビーエス,1401,建設業,グロース（内国株式）,2025-05-31,山口県,9809571840,2.7737126,4713000000.0,626045000.0,0.11212,472287000.0,0.10578,0.15125,0.7577554803440234,,1181763000.0,1169950000.0,3290133000.0,10775000.0,1827413000.0,712307000.0,2606984900.0,0.26575929536186566
ウエストホールディングス,1407,建設業,スタンダード（内国株式）,2024-08-31,広島県,64248492032,1.7736806,50390000000.0,10598000000.0,0.26239002,6757000000.0,0.11338,0.15732001,0.2639300380469749,6.1245317,92501000000.0,34507000000.0,76518000000.0,75335000000.0,27676000000.0,1742000000.0,-14763600000.0,-0.22978905080988907
ショーボンドホールディングス,1414,建設業,プライム（内国株式）,2025-06-30,東京都,253964632064,2.4163861,90712000000.0,20794000000.0,0.19748,15061000000.0,0.16603,0.14265001,0.8137586620727033,15.986755,22763000000.0,20538000000.0,100241000000.0,,32523000000.0,10286000000.0,84678200000.0,0.333425167559004
ミライト・ワン,1417,建設業,プライム（内国株式）,2025-03-31,東京都,268633473024,1.064227,578599000000.0,27985000000.0,0.00847,17179000000.0,0.02596,0.06068,0.4862953960936439,13.941623,267864000000.0,160983000000.0,321194000000.0,127491000000.0,53475000000.0,19397000000.0,66907900000.0,0.24906762082483436
インターライフホールディングス,1418,建設業,スタンダード（内国株式）,2025-02-28,東京都,8508483584,1.8484102,16940669000.0,875644000.0,0.09693,705077000.0,0.05515,0.22903,0.4465537708712912,,5223472000.0,4049042000.0,6957357000.0,1749188000.0,1513427000.0,536023000.0,2109101100.0,0.24788213777201312
タマホーム,1419,建設業,プライム（内国株式）,2025-05-31,東京都,105517080576,4.1054053,200817000000.0,4113000000.0,-0.15243,1478000000.0,0.0,0.04245,0.3710212129748001,,58028000000.0,44837000000.0,67570000000.0,19049000000.0,31001000000.0,315000000.0,9762500000.0,0.09252056583358972
トライアルホールディングス,141A,小売業,グロース（内国株式）,2025-06-30,福岡県,266753163264,2.0653884,803829000000.0,21106000000.0,0.037,11752000000.0,0.014570001,0.09861,0.4200137869942687,15.123545,171257000000.0,151064000000.0,143172000000.0,38558000000.0,72325000000.0,5741000000.0,-24066300000.0,-0.09021936124589491
サンヨーホームズ,1420,建設業,スタンダード（内国株式）,2025-03-31,大阪府,7978610688,0.5304929,45518339000.0,956035000.0,0.00754,673078000.0,0.02262,0.07575,0.3030685213634473,,35232145000.0,23316348000.0,45291402000.0,18407000000.0,10432054000.0,30140000.0,10080355000.0,1.2634223418321524
日本アクア,1429,建設業,プライム（内国株式）,2024-12-31,東京都,30046246912,2.9434006,30265345000.0,2575689000.0,0.06561,1839630000.0,0.060599998,0.21040002,0.43810163917250866,11.473813,13525928000.0,13415988000.0,18819894000.0,4526173000.0,2263300000.0,3380000.0,5296332000.0,0.17627266445330075
ジンジブ,142A,サービス業,グロース（内国株式）,2025-03-31,大阪府,2435365120,,2400260000.0,62546000.0,0.0,-184425000.0,0.0,,0.18647821303869516,,1700830000.0,1339666000.0,1843605000.0,514605000.0,1593893000.0,50000.0,142810000.0,0.058640077755568745
ファーストコーポレーション,1430,建設業,スタンダード（内国株式）,2025-05-31,東京都,11433337856,1.2022431,43194307000.0,2579580000.0,0.058080003,1669537000.0,0.03697,0.17668,0.39216533382295893,5.9440994,15128862000.0,11596123000.0,24208066000.0,4714443000.0,5400034000.0,32033000.0,9101627100.0,0.7960603644038768
Ｌｉｂ　Ｗｏｒｋ,1431,建設業,グロース（内国株式）,2025-06-30,熊本県,17437038592,3.698991,16004726000.0,833260000.0,0.08713,494687000.0,0.030869998,0.10642,0.40912648858982825,,6808925000.0,4866377000.0,9304283000.0,3813001000.0,3897392000.0,10030000.0,2502379000.0,0.14350940309027446
ベステラ,1433,建設業,プライム（内国株式）,2025-01-31,東京都,9764956160,1.8685334,10897473000.0,373634000.0,0.03581,409806000.0,0.04907,0.10578,0.4393745681328702,12.884616,6192955000.0,5293229000.0,7130366000.0,3752104000.0,1599484000.0,3403448000.0,3319824600.0,0.3399733235463906
ＪＥＳＣＯホールディングス,1434,建設業,スタンダード（内国株式）,2024-08-31,,8741478400,1.1693399,14804607000.0,1143652000.0,0.14029,1012359000.0,0.05643,0.15043001,0.374038726015868,26.470589,10987918000.0,6346864000.0,12998934000.0,5553036000.0,2692517000.0,239694000.0,2178801800.0,0.24924866256032846
ｒｏｂｏｔ　ｈｏｍｅ,1435,不動産業,スタンダード（内国株式）,2024-12-31,,16628572160,1.7691836,13157735000.0,1043975000.0,0.02026,912829000.0,0.04168,0.06052,0.7034606737293668,3.1814272,3922976000.0,3020042000.0,9823637000.0,1321375000.0,6501814000.0,1038034000.0,6627284800.0,0.39854803745218254
グリーンエナジー＆カンパニー,1436,建設業,グロース（内国株式）,2025-04-30,東京都,9874476032,1.8873237,11616630000.0,543538000.0,0.00178,275507000.0,0.0225,0.05485,0.39043408823797116,,8254681000.0,4266622000.0,11249763000.0,5757725000.0,979374000.0,234450000.0,3159197000.0,0.319935659346588
岐阜造園,1438,建設業,スタンダード（内国株式）,2024-09-30,岐阜県,6205595648,1.5235931,5198677000.0,447218000.0,0.10399,340464000.0,0.063,0.095410004,0.7216716020060705,,1473507000.0,1219698000.0,3437601000.0,226672000.0,2447632000.0,286912000.0,2164932400.0,0.3488677836587267
イシン,143A,サービス業,グロース（内国株式）,2025-03-31,東京都,1894045952,1.5705179,1393451000.0,245115000.0,0.00317,177571000.0,0.11354,,0.5458102101709206,,519220000.0,517700000.0,1734316000.0,,1399156000.0,392647000.0,1489948900.0,0.7866487602514092
技研ホールディングス,1443,建設業,スタンダード（内国株式）,2025-03-31,東京都,4204724736,0.3753547,4906440000.0,623987000.0,0.15324001,491949000.0,0.11143,0.04778,0.6752903923732716,,5248911000.0,2260660000.0,4082888000.0,3305471000.0,1648906000.0,5911023000.0,2971693100.0,0.7067509258232689
ニッソウ,1444,建設業,グロース（内国株式）,2024-07-31,東京都,3057947648,1.7956243,4678961000.0,56392000.0,0.00978,25154000.0,0.038259998,0.12609,0.5424336375922353,,1266260000.0,1114130000.0,2124963000.0,774358000.0,1382734000.0,33090000.0,881866000.0,0.2883849239789209
キャンディル,1446,建設業,スタンダード（内国株式）,2024-09-30,東京都,5001317888,1.740571,13224257000.0,359205000.0,-0.01191,137956000.0,0.00741,0.03607,0.4563902644507627,,3334644000.0,2959043000.0,3675954000.0,1499628000.0,1616316000.0,106500000.0,415860000.0,0.08315008350055113
ＳＡＡＦホールディングス,1447,建設業,グロース（内国株式）,2025-03-31,東京都,5939115008,2.2814116,28855658000.0,334000000.0,0.01122,-129176000.0,-0.00145,-0.01492,0.1558328199412921,,14154678000.0,9510505000.0,10803735000.0,9484938000.0,3112252000.0,289202000.0,-3148501600.0,-0.5301297576758426
ＴＡＮＡＫＥＮ,1450,建設業,スタンダード（内国株式）,2025-03-31,東京都,12560998400,1.55612,12286088000.0,2328357000.0,0.1462,1576283000.0,0.12141,0.21169001,0.7223834386152076,5.618677,3160179000.0,3044877000.0,9949416000.0,,4116146000.0,241968000.0,6958614600.0,0.5539857882634552
Ｌ　ｉｓ　Ｂ,145A,情報・通信業,グロース（内国株式）,2024-12-31,東京都,5832022528,3.3053436,1594038000.0,77143000.0,0.090050004,42941000.0,0.016280001,,0.6309998209297989,,999414000.0,545541000.0,2240284000.0,758408000.0,1935112000.0,195309000.0,1377586300.0,0.2362107302202794
コロンビア・ワークス,146A,不動産業,スタンダード（内国株式）,2024-12-31,東京都,27223615488,2.1950984,20981000000.0,3893000000.0,0.09823,2238000000.0,0.099980004,,0.23184378952209406,,40085000000.0,9117000000.0,40764000000.0,37648000000.0,4293000000.0,7000000.0,683900000.0,0.025121571390892546
ソラコム,147A,情報・通信業,グロース（内国株式）,2025-03-31,東京都,41169412096,3.949584,8993031000.0,656540000.0,0.05726,352716000.0,0.0,,0.7696783841113143,30.536913,3048330000.0,2319939000.0,12308184000.0,950167000.0,8917773000.0,161600000.0,9372974000.0,0.22766839560749214
ハッチ・ワーク,148A,情報・通信業,グロース（内国株式）,2024-12-31,東京都,4960051200,5.5132747,2367523000.0,183253000.0,0.14029999,130952000.0,0.081829995,,0.3197329682066608,,1653438000.0,1420487000.0,2102846000.0,527294000.0,1474198000.0,29500000.0,470058000.0,0.09476877980614394
中外鉱業,1491,非鉄金属,スタンダード（内国株式）,2025-03-31,東京都,12983788544,1.6122915,162345165000.0,1417792000.0,0.0034400001,1218720000.0,0.00557,0.13051,0.49511375343211783,,8343687000.0,6940037000.0,13126548000.0,2766278000.0,4141237000.0,110071000.0,4859910700.0,0.3743060573984653
シンカ,149A,情報・通信業,グロース（内国株式）,2024-12-31,東京都,2682881536,2.6292124,1232218000.0,78065000.0,0.06862,16073000.0,0.03206,,0.795806359218719,,250945000.0,250944000.0,1105847000.0,90000000.0,972053000.0,,854902000.0,0.3186506703812956
ＪＳＨ,150A,サービス業,グロース（内国株式）,2025-03-31,東京都,2424750848,1.1865021,3967006000.0,176279000.0,0.00183,144153000.0,0.01844,,0.6834676567641275,9.64045,944090000.0,657317000.0,1449568000.0,469964000.0,810824000.0,1851000.0,506773700.0,0.20900031869996072
住石ホールディングス,1514,鉱業,スタンダード（内国株式）,2025-03-31,東京都,35333185536,1.346898,10264000000.0,48000000.0,0.0076599997,4195000000.0,0.37858,0.17068,0.9647812166488794,,1023000000.0,396000000.0,21227000000.0,63000000.0,15351000000.0,2806000000.0,22168200000.0,0.6274045111900097
日鉄鉱業,1515,鉱業,プライム（内国株式）,2025-03-31,,145128161280,1.0074164,196766000000.0,10257000000.0,0.07849,9019000000.0,0.041350003,0.05743,0.5890898038546251,,88209000000.0,55606000000.0,101970000000.0,24367000000.0,38063000000.0,39161000000.0,41173700000.0,0.283705792431025
三井松島ホールディングス,1518,その他製品,プライム（内国株式）,2025-03-31,福岡県,52656279552,1.1231726,60574000000.0,7619000000.0,0.17061001,8645000000.0,0.16244,0.15714,0.5554422028955937,6.5263667,52148000000.0,43841000000.0,71175000000.0,33206000000.0,8973000000.0,10945000000.0,26688500000.0,0.5068436324606665
ダイブ,151A,サービス業,グロース（内国株式）,2025-06-30,東京都,5837902336,3.0800192,13781848000.0,755967000.0,0.01258,454620000.0,0.02596,0.22448999,0.5118512364823101,,2167072000.0,1897467000.0,3371461000.0,406980000.0,2065504000.0,,1204389000.0,0.2063050956801755
カウリス,153A,情報・通信業,グロース（内国株式）,2024-12-31,東京都,14752323584,9.8987465,1225271000.0,412666000.0,0.36827,276298000.0,0.24063,,0.6499495814594154,,708522000.0,608520000.0,1827983000.0,250000000.0,1733104000.0,,1119461000.0,0.07588370697170305
情報戦略テクノロジー,155A,情報・通信業,グロース（内国株式）,2024-12-31,東京都,10436345856,5.8861003,5847966000.0,413119000.0,0.0558,273173000.0,0.00648,,0.6224297830439212,,1062910000.0,1015768000.0,2587097000.0,323768000.0,1836750000.0,,1524187000.0,0.14604604150060088
マテリアルグループ,156A,サービス業,グロース（内国株式）,2024-08-31,東京都,6955343872,3.2242205,5281603000.0,810511000.0,0.10885999,709632000.0,0.07443,0.22091,0.6212696267425842,,1234672000.0,1011302000.0,1957071000.0,274176000.0,1122606000.0,,722399000.0,0.10386244207251182
グリーンモンスター,157A,サービス業,グロース（内国株式）,2025-06-30,東京都,1658659200,1.1567253,2006859000.0,123675000.0,0.08681,32652000.0,0.01595,0.022049999,0.785581548809497,,390572000.0,311835000.0,1463780000.0,50794000.0,1185144000.0,,1073208000.0,0.6470334593146079
ＩＮＰＥＸ,1605,鉱業,プライム（内国株式）,2024-12-31,東京都,3434685661184,0.75609,2265837000000.0,1166960000000.0,0.51405,427344000000.0,0.20636,0.09244,0.653284717518805,10.789866,2243031000000.0,533663000000.0,870206000000.0,1063911000000.0,241675000000.0,123557000000.0,-1286335100000.0,-0.37451319476978756
アズパートナーズ,160A,サービス業,スタンダード（内国株式）,2025-03-31,東京都,10939944960,2.6371331,17917807000.0,1305131000.0,-0.00161,956657000.0,0.053390004,0.29242,0.19446210817903756,10.212907,17244666000.0,8934178000.0,16352654000.0,9309737000.0,6855982000.0,,-892012000.0,-0.08153715610649653
ＳＢＩレオスひふみ,165A,証券、商品先物取引業,グロース（内国株式）,2025-03-31,東京都,20573532160,3.129496,11424107000.0,2070096000.0,0.15931,1485925000.0,0.12177,,0.6160808536245963,11.657458,3731607000.0,3374356000.0,9442114000.0,,2502655000.0,,5710507000.0,0.27756570702539
石油資源開発,1662,鉱業,プライム（内国株式）,2025-03-31,東京都,344458100736,0.6578121,389082000000.0,62013000000.0,0.20161,81153000000.0,0.22322,0.15718001,0.7742716381210039,8.926913,124344000000.0,49152000000.0,230838000000.0,0.0,118358000000.0,180280000000.0,232690000000.0,0.6755248301689342
Ｋ＆Ｏエナジーグループ,1663,鉱業,プライム（内国株式）,2024-12-31,千葉県,94343962624,0.9302029,92421000000.0,8821000000.0,0.14412,6167000000.0,0.08645,0.08683,0.8074376083116361,23.550964,20042000000.0,13728000000.0,49178000000.0,913000000.0,28498000000.0,15837000000.0,40221900000.0,0.42633252707755165
タスキホールディングス,166A,不動産業,グロース（内国株式）,2024-09-30,東京都,36222488576,1.487283,47455431000.0,4065285000.0,0.04774,2217276000.0,0.036960002,,0.35850980308861924,,37486444000.0,16139526000.0,53172378000.0,33220846000.0,14430576000.0,844757000.0,16277263900.0,0.44936901190121037
リョーサン菱洋ホールディングス,167A,卸売業,プライム（内国株式）,2025-03-31,東京都,120598528000,0.9301167,359811000000.0,8542000000.0,0.01821,9387000000.0,0.02182,,0.5702683707733556,,99054000000.0,87242000000.0,190415000000.0,38396000000.0,30037000000.0,7986000000.0,96951200000.0,0.8039169433311822
イタミアート,168A,その他製品,グロース（内国株式）,2025-01-31,岡山県,1881600000,1.251447,3605561000.0,271569000.0,0.056020003,165042000.0,0.04577,0.20306998,0.33039779063422703,,2440840000.0,768663000.0,1165488000.0,2049719000.0,625764000.0,,-1275352000.0,-0.6778018707482993
ＳＤＳホールディングス,1711,建設業,スタンダード（内国株式）,2025-03-31,東京都,2957239552,5.003809,4035492000.0,-14691000.0,0.019960001,-151714000.0,-0.03325,-0.16610001,0.1291914759763701,,3966883000.0,2289630000.0,2596916000.0,3515521000.0,499637000.0,21930000.0,-1354616000.0,-0.45806772707468507
ダイセキ環境ソリューション,1712,建設業,スタンダード（内国株式）,2025-02-28,愛知県,31066284032,1.7092863,19944000000.0,2257000000.0,0.10113,1234000000.0,0.06348,0.086219996,0.6028383452171816,20.0,10066000000.0,5318000000.0,7476000000.0,6736000000.0,1413000000.0,728000000.0,-2080400000.0,-0.06696649003328085
第一カッター興業,1716,建設業,スタンダード（内国株式）,2025-06-30,神奈川県,14882046976,0.7739377,20228578000.0,1647409000.0,0.05327,1327762000.0,0.0656,0.071040004,0.8643659488136177,5.5378823,2889484000.0,2204477000.0,14403164000.0,331475000.0,9929000000.0,1314110000.0,12433557000.0,0.8354735756479849
明豊ファシリティワークス,1717,サービス業,スタンダード（内国株式）,2025-03-31,東京都,13012799488,2.438683,5716853000.0,1226695000.0,0.25765,910529000.0,0.16099001,0.18575001,0.6972469510254472,13.630806,2430460000.0,1605283000.0,6324955000.0,,829338000.0,612580000.0,4323301000.0,0.3322345052643602
美樹工業,1718,建設業,スタンダード（内国株式）,2024-12-31,兵庫県,9071576064,0.55560184,27292198000.0,1134579000.0,0.027660001,658231000.0,0.032390002,0.06138,0.48324168050904925,,14683711000.0,9076830000.0,15506712000.0,7254692000.0,2572905000.0,770584000.0,1362409800.0,0.15018446523384626
安藤・間,1719,建設業,プライム（内国株式）,2025-03-31,東京都,278729588736,1.6377331,425160000000.0,35244000000.0,0.05672,26444000000.0,0.06284,0.16818,0.4602633517396377,18.482328,199792000000.0,186473000000.0,287813000000.0,27898000000.0,57294000000.0,28048000000.0,107654600000.0,0.38623312468618304
東急建設,1720,建設業,プライム（内国株式）,2025-03-31,東京都,116438016000,1.1593512,293138000000.0,8840000000.0,0.03016,6631000000.0,0.02631,0.083809994,0.37049742084829485,18.40871,171650000000.0,147299000000.0,216723000000.0,27205000000.0,39666000000.0,27902000000.0,64604400000.0,0.5548394091496716
コムシスホールディングス,1721,建設業,プライム（内国株式）,2025-03-31,東京都,459014701056,1.2396172,614631000000.0,45998000000.0,0.058819998,30076000000.0,0.05065,0.08596,0.694975265410483,15.589038,158748000000.0,137932000000.0,327747000000.0,3009000000.0,38788000000.0,31261000000.0,190881700000.0,0.4158509510934212
日本電技,1723,建設業,スタンダード（内国株式）,2025-03-31,東京都,85517869056,2.1524944,43061000000.0,9123000000.0,0.14957,6414000000.0,0.15084,0.1832,0.7467760844079718,,13392000000.0,12308000000.0,32681000000.0,543000000.0,7947000000.0,15262000000.0,29972400000.0,0.3504811372272742
シンクレイヤ,1724,建設業,スタンダード（内国株式）,2024-12-31,愛知県,3265823488,0.5346896,11711000000.0,653000000.0,-0.022,547000000.0,0.04201,0.08198,0.5412262156448203,,5208000000.0,4433000000.0,7544000000.0,2616000000.0,948000000.0,529000000.0,2706300000.0,0.8286730773858652
ビーアールホールディングス,1726,建設業,プライム（内国株式）,2025-03-31,広島県,15228338176,1.0254859,40770000000.0,1953000000.0,0.02664,1268000000.0,0.03194,0.087740004,0.35926358715093126,8.921053,26868000000.0,22993000000.0,34627000000.0,19036000000.0,1709000000.0,476000000.0,8092200000.0,0.5313908784054573
オーテック,1736,建設業,スタンダード（内国株式）,2025-03-31,東京都,28354719744,1.2625662,31424058000.0,4024530000.0,0.08049,2874139000.0,0.099659994,0.15245,0.6454460518491489,,11768793000.0,10047304000.0,21555712000.0,2050443000.0,8733738000.0,6297294000.0,14195024800.0,0.5006229977992901
ハンモック,173A,情報・通信業,グロース（内国株式）,2025-03-31,東京都,7007250944,2.6452422,4707880000.0,791514000.0,0.087069996,618078000.0,0.12252,,0.44427843207619705,,3409957000.0,2259606000.0,3885001000.0,2635000.0,3165984000.0,673898000.0,946772600.0,0.13511327160484807
コーアツ工業,1743,建設業,スタンダード（内国株式）,2024-09-30,鹿児島県,4157486080,0.4464056,12061116000.0,530694000.0,-0.09393,593036000.0,0.03973,0.058130004,0.5977368251536558,,6026194000.0,5785257000.0,7987859000.0,246942000.0,878118000.0,1047754000.0,2695092800.0,0.6482505889713045
太洋基礎工業,1758,建設業,スタンダード（内国株式）,2025-01-31,愛知県,4549213696,0.50122297,13482097000.0,170141000.0,0.036340002,229764000.0,0.02726,0.043959998,0.7668376082311433,,2688513000.0,2244380000.0,7604047000.0,139239000.0,3272716000.0,1665743000.0,6081554100.0,1.3368363208233864
Ｗｉｌｌ　Ｓｍａｒｔ,175A,情報・通信業,グロース（内国株式）,2024-12-31,東京都,1507672448,,1085861000.0,36125000.0,0.0,27104000.0,0.0,,0.624429691222611,,246705000.0,236680000.0,481911000.0,156882000.0,108053000.0,,235206000.0,0.15600603454152928
高松コンストラクショングループ,1762,建設業,プライム（内国株式）,2025-03-31,大阪府,124128108544,0.90840405,346685000000.0,11461000000.0,0.02527,6452000000.0,0.02039,0.05277,0.5105348039670035,13.065786,131970000000.0,111695000000.0,203327000000.0,30000000000.0,35723000000.0,7518000000.0,76619600000.0,0.6172622857041317
工藤建設,1764,建設業,スタンダード（内国株式）,2024-06-30,神奈川県,3280500736,0.60987186,20521368000.0,471904000.0,0.031089999,206760000.0,0.021470001,,0.3127939481953747,,10671251000.0,6583260000.0,7360307000.0,6223076000.0,4417757000.0,289480000.0,-3108308000.0,-0.9475102279019882
東建コーポレーション,1766,建設業,プライム（内国株式）,2025-04-30,愛知県,196815814656,1.4738948,366639000000.0,22261000000.0,0.06145,15778000000.0,0.0444,0.12908,0.5849262889055072,17.572922,94912000000.0,66559000000.0,150464000000.0,,136576000000.0,,55552000000.0,0.28225374112896
ソネック,1768,建設業,スタンダード（内国株式）,2025-03-31,兵庫県,7604888064,0.8389289,15196595000.0,658750000.0,0.056999996,500854000.0,0.040009998,0.077080004,0.7024182735713557,,3837927000.0,3616080000.0,10295010000.0,,1311396000.0,762206000.0,6990627200.0,0.9192281518372655
レジル,176A,電気・ガス業,グロース（内国株式）,2025-06-30,東京都,52826357760,5.1119647,46647755000.0,3217149000.0,0.04147,2234774000.0,0.04789,0.24127,0.3765137187682892,,16873658000.0,8003770000.0,13306854000.0,11089659000.0,4293309000.0,138700000.0,-3469714000.0,-0.0656814921021729
藤田エンジニアリング,1770,建設業,スタンダード（内国株式）,2025-03-31,,14445500416,0.76370597,32646679000.0,2951713000.0,0.046329997,1787461000.0,0.04467,0.07305,0.6266728835141583,,11309581000.0,9585076000.0,20575867000.0,566149000.0,6093482000.0,5750729000.0,13291796300.0,0.9201340152451801
三井住建道路,1776,建設業,スタンダード（内国株式）,2025-03-31,東京都,13537822720,1.042933,30157000000.0,225000000.0,-0.04587,167000000.0,0.00567,0.01327,0.5521889635512116,,10996000000.0,9117000000.0,17414000000.0,34000000.0,7027000000.0,,6418000000.0,0.47407918782378616
コージンバイオ,177A,化学,グロース（内国株式）,2025-03-31,埼玉県,7999653888,1.402218,5206287000.0,991135000.0,0.10747,794759000.0,0.13773,,0.6377020482100992,,3284828000.0,2487303000.0,5066964000.0,2386536000.0,3149267000.0,581277000.0,2189029900.0,0.27364057628589245
ヤマウラ,1780,建設業,プライム（内国株式）,2025-03-31,長野県,28201570304,1.1956232,35613772000.0,3891551000.0,0.098050006,3002357000.0,0.08144,0.13502,0.7546130609982733,,7566640000.0,7465753000.0,24481777000.0,,12240900000.0,2209153000.0,18461544100.0,0.6546282317258585
ｆａｎｔａｓｉｓｔａ,1783,不動産業,スタンダード（内国株式）,2024-09-30,東京都,9862469632,1.5429225,8806039000.0,701995000.0,0.00602,290559000.0,0.0053100004,0.00912,0.4654358377229955,,7598844000.0,6780919000.0,12415243000.0,5149445000.0,2965997000.0,,4816399000.0,0.4883562819167117
オリエンタル白石,1786,建設業,プライム（内国株式）,2025-03-31,東京都,56831561728,1.1111983,64553000000.0,5435000000.0,0.10982,3715000000.0,0.056649998,0.07323,0.6608915358238585,12.651297,26306000000.0,18739000000.0,55812000000.0,3216000000.0,20206000000.0,3955000000.0,32274500000.0,0.5678974678624549
ナカボーテック,1787,建設業,スタンダード（内国株式）,2025-03-31,東京都,12892228608,1.6594446,14725604000.0,1457467000.0,-0.21540001,1047212000.0,0.06961,0.13522,0.7187941006507291,,3415589000.0,2510062000.0,10365854000.0,,1278922000.0,394880000.0,7226681000.0,0.5605455208508819
三東工業社,1788,建設業,スタンダード（内国株式）,2024-06-30,滋賀県,2803605760,0.8284887,7400142000.0,199296000.0,-0.0292,132314000.0,0.028169999,0.071729995,0.702294923291128,,1306993000.0,1195835000.0,3311676000.0,40148000.0,1589904000.0,251498000.0,2180731600.0,0.7778310456888203
大本組,1793,建設業,スタンダード（内国株式）,2025-03-31,岡山県,36595892224,1.0249394,70092000000.0,1822000000.0,0.024920002,1788000000.0,0.0196,0.03313,0.7195886353298794,,25276000000.0,19015000000.0,67344000000.0,3000000000.0,10177000000.0,9825000000.0,48945500000.0,1.3374588519500827
マサル,1795,建設業,スタンダード（内国株式）,2024-09-30,東京都,3848116736,0.76260746,8947614000.0,407518000.0,-0.03712,277432000.0,0.03416,0.07358,0.5885235978622678,,3453986000.0,2597474000.0,6110529000.0,1134620000.0,2349228000.0,121047000.0,2741275900.0,0.712368175932592
守谷商会,1798,建設業,スタンダード（内国株式）,2025-03-31,長野県,11970161664,0.72546434,50266769000.0,2293448000.0,0.07599,1651794000.0,0.03988,0.13799,0.466867197113758,,18203167000.0,17327829000.0,26528817000.0,836997000.0,9277827000.0,1154986000.0,9134140200.0,0.7630757592414752
第一建設工業,1799,建設業,スタンダード（内国株式）,2025-03-31,新潟県,60618514432,2.1200793,58005615000.0,7193905000.0,0.11156,5242713000.0,0.04704,0.060149997,0.8536553685848133,18.109821,12284393000.0,10573417000.0,48897021000.0,,16361479000.0,7455064000.0,41831172800.0,0.6900725494836224
大成建設,1801,建設業,プライム（内国株式）,2025-03-31,東京都,1858955509760,2.2501094,2154223000000.0,120161000000.0,0.08922,123824000000.0,0.0608,0.14717,0.3566266488858659,23.75,1528138000000.0,1292924000000.0,1599698000000.0,317959000000.0,240689000000.0,428326000000.0,371388200000.0,0.1997832643385575
大林組,1802,建設業,プライム（内国株式）,2025-03-31,東京都,1830962462720,1.6523305,2620101000000.0,143442000000.0,0.03016,146052000000.0,0.053779997,0.122659996,0.380653468639513,19.056248,1832578000000.0,1453358000000.0,1809460000000.0,373633000000.0,394728000000.0,311557000000.0,194971900000.0,0.10648601703737719
清水建設,1803,建設業,プライム（内国株式）,2025-03-31,東京都,1432270798848,1.6618233,1944360000000.0,71031000000.0,0.039049998,66015000000.0,0.03765,0.085760005,0.3407900320591686,25.779346,1599963000000.0,1208382000000.0,1517057000000.0,591350000000.0,294162000000.0,299507000000.0,126748900000.0,0.0884950667862155
佐藤渡辺,1807,建設業,スタンダード（内国株式）,2025-03-31,東京都,10796023808,0.5113666,40422787000.0,1177076000.0,-0.03291,891639000.0,0.02661,0.05203,0.6023508013516948,,14005560000.0,10739421000.0,21049823000.0,2800000000.0,5030509000.0,3895195000.0,9770899500.0,0.9050461238108451
長谷工コーポレーション,1808,建設業,プライム（内国株式）,2025-03-31,東京都,688582295552,1.3315666,1177353000000.0,84700000000.0,0.07153,34450000000.0,0.03075,0.06964,0.3897098087244168,12.110166,833170000000.0,442824000000.0,1053200000000.0,420000000000.0,235976000000.0,102774000000.0,291971800000.0,0.4240187438539088
松井建設,1810,建設業,スタンダード（内国株式）,2025-03-31,東京都,44345008128,0.8672481,99252000000.0,3383000000.0,0.05079,2726000000.0,0.03415,0.06914,0.6257618653182835,,30271000000.0,25033000000.0,44767000000.0,3000000000.0,13462000000.0,14657000000.0,24755900000.0,0.5582567473782649
錢高組,1811,建設業,スタンダード（内国株式）,2025-03-31,東京都,53569769472,0.5391482,120659000000.0,3712000000.0,0.06521,3504000000.0,0.03735,0.04915,0.468487770904571,,109896000000.0,74562000000.0,112486000000.0,36901000000.0,12538000000.0,68058000000.0,50230600000.0,0.9376669060757238
鹿島建設,1812,建設業,プライム（内国株式）,2025-03-31,東京都,2357987115008,1.9162779,2911816000000.0,151883000000.0,0.05784,125817000000.0,0.0,,0.36418975091704026,18.996698,2176604000000.0,1696974000000.0,2137129000000.0,792013000000.0,354486000000.0,397478000000.0,238759600000.0,0.10125568476619515
不動テトラ,1813,建設業,プライム（内国株式）,2025-03-31,東京都,44230647808,1.2996655,69556000000.0,3176000000.0,0.05924,2202000000.0,0.04338,0.09588,0.5334694768348195,13.9153185,29472000000.0,27306000000.0,43666000000.0,11979000000.0,10393000000.0,3133000000.0,16387100000.0,0.37049197360017105
大末建設,1814,建設業,プライム（内国株式）,2025-03-31,,36042223616,1.5726855,89027000000.0,3695000000.0,0.03695,2060000000.0,0.024030002,0.095249996,0.41358035794585846,,32602000000.0,28053000000.0,48264000000.0,3203000000.0,4458000000.0,898000000.0,16290600000.0,0.4519865414954092
鉄建建設,1815,建設業,プライム（内国株式）,2025-03-31,東京都,51681308672,0.7263593,185113000000.0,3460000000.0,0.038039997,3429000000.0,0.01418,0.03771,0.31011719131771376,15.977606,154988000000.0,127524000000.0,145960000000.0,55927000000.0,16529000000.0,23020000000.0,7086000000.0,0.13710953112607743
西松建設,1820,建設業,プライム（内国株式）,2025-03-31,東京都,216694996992,1.2905594,366810000000.0,21099000000.0,0.03656,17543000000.0,0.04366,0.0916,0.29075781273752377,12.533388,410857000000.0,260859000000.0,299147000000.0,214212000000.0,43418000000.0,86058000000.0,-51469400000.0,-0.23752001991028968
三井住友建設,1821,建設業,プライム（内国株式）,2025-03-31,東京都,93659070464,1.3849773,462982000000.0,7587000000.0,0.02112,855000000.0,0.0014200001,0.010729999,0.1781820399823114,8.492176,316160000000.0,254940000000.0,337524000000.0,78994000000.0,72668000000.0,3749000000.0,23988300000.0,0.2561236181520769
大豊建設,1822,建設業,スタンダード（内国株式）,2025-03-31,東京都,71856824320,1.0475093,143394000000.0,5534000000.0,-0.00106,3691000000.0,0.02422,0.05415,0.4774095380467426,4.0975366,76779000000.0,63861000000.0,120066000000.0,6868000000.0,21669000000.0,11491000000.0,51330700000.0,0.7143469042189924
佐田建設,1826,建設業,スタンダード（内国株式）,2025-03-31,群馬県,13660393472,1.1948162,32264000000.0,961000000.0,0.0198,611000000.0,0.01767,0.03782,0.564625850340136,,11968000000.0,10578000000.0,22255000000.0,1328000000.0,14103000000.0,415000000.0,10577500000.0,0.7743188380101149
ナカノフドー建設,1827,建設業,スタンダード（内国株式）,2025-03-31,東京都,32302596096,0.75895387,110538000000.0,3281000000.0,0.01396,2904000000.0,0.0233,0.0571,0.5309846409401381,,36211000000.0,33855000000.0,54430000000.0,674000000.0,20961000000.0,4402000000.0,21300400000.0,0.6594021092514483
田辺工業,1828,建設業,スタンダード（内国株式）,2025-03-31,新潟県,25360340992,1.0242735,50832166000.0,3837548000.0,0.069759995,2593138000.0,0.051999997,0.11052,0.5433403202649364,,20988127000.0,19091627000.0,35010887000.0,1426641000.0,10849611000.0,330657000.0,14254219900.0,0.5620673596027963
奥村組,1833,建設業,プライム（内国株式）,2025-03-31,大阪府,179582746624,1.0255541,298222000000.0,9732000000.0,0.059310004,2722000000.0,0.01712,-0.025929999,0.45056752044649345,,221012000000.0,174967000000.0,241135000000.0,69002000000.0,28714000000.0,60397000000.0,62400900000.0,0.3474771445090513
東鉄工業,1835,建設業,プライム（内国株式）,2025-03-31,東京都,152538251264,1.2807417,160047602000.0,15526012000.0,0.080010004,11564447000.0,0.07277,0.103640005,0.6604357027089609,17.20188,60338070000.0,55483592000.0,137954924000.0,10536988000.0,15714414000.0,15046446000.0,88149366200.0,0.5778836814343618
土屋ホールディングス,1840,建設業,スタンダード（内国株式）,2024-10-31,北海道,6804598272,0.565025,33278708000.0,152990000.0,-0.08555,758488000.0,0.01849,0.04832,0.47541617924489443,,14263795000.0,9568846000.0,16098216000.0,4000463000.0,6830019000.0,790826000.0,2387999200.0,0.35093904218068145
サンユー建設,1841,建設業,スタンダード（内国株式）,2025-03-31,東京都,3749947904,0.32124314,10411411000.0,689170000.0,0.06716,480272000.0,0.045700002,0.03895,0.8028366078682694,,2844383000.0,1869668000.0,6313326000.0,112797000.0,3780004000.0,485386000.0,3808713200.0,1.0156709633052012
大盛工業,1844,建設業,スタンダード（内国株式）,2024-07-31,東京都,13386551296,2.1103199,5981731000.0,621863000.0,0.04321,414329000.0,0.0804,0.08957,0.47084659713460825,,6313479000.0,2934808000.0,10870169000.0,4000237000.0,3447516000.0,58260000.0,4597472000.0,0.3434396132612407
イチケン,1847,建設業,スタンダード（内国株式）,2025-03-31,東京都,28055595008,0.812311,98999000000.0,6866000000.0,0.07403,4697000000.0,0.04744,,0.5042010591402621,,33517000000.0,27085000000.0,62005000000.0,6731000000.0,19956000000.0,2504000000.0,30240800000.0,1.077888385235704
富士ピー・エス,1848,建設業,スタンダード（内国株式）,2025-03-31,福岡県,9250299904,0.75432914,33771000000.0,886000000.0,0.04309,2187000000.0,0.07318,0.22389,0.325987922449412,,25448000000.0,23929000000.0,27865000000.0,10776000000.0,3083000000.0,159000000.0,2528300000.0,0.2733208681057699
学びエイド,184A,情報・通信業,グロース（内国株式）,2025-04-30,,1902612608,5.1188903,289910000.0,-297060000.0,,-318036000.0,,,0.616450890418442,,84255000.0,53380000.0,151375000.0,37845000.0,29956000.0,,67120000.0,0.03527780679985907
南海辰村建設,1850,建設業,スタンダード（内国株式）,2025-03-31,大阪府,15855179776,0.90404767,52944000000.0,2381000000.0,0.05256,1714000000.0,0.03532,0.11374,0.40331723703548183,,25578000000.0,24057000000.0,39496000000.0,5981000000.0,3932000000.0,866000000.0,14524200000.0,0.916053946104433
淺沼組,1852,建設業,プライム（内国株式）,2025-03-31,大阪府,73443164160,1.6586893,167005000000.0,6868000000.0,0.025729999,4692000000.0,0.02841,0.11602,0.3966244359597362,,69103000000.0,52885000000.0,97664000000.0,21557000000.0,16833000000.0,6277000000.0,32954900000.0,0.44871296569148256
森組,1853,建設業,スタンダード（内国株式）,2025-03-31,大阪府,11003898880,3.749456,29453000000.0,1091000000.0,0.04404,921000000.0,0.01467,0.17448,0.5889095292676179,,10401000000.0,10373000000.0,21906000000.0,831000000.0,4472000000.0,623000000.0,11941100000.0,1.085169913884196
戸田建設,1860,建設業,プライム（内国株式）,2025-03-31,東京都,325764415488,0.9595736,586660000000.0,26639000000.0,0.0309,25185000000.0,0.04125,0.07419,0.3705450143572997,11.85307,570377000000.0,330319000000.0,458380000000.0,255468000000.0,82964000000.0,185721000000.0,18007700000.0,0.055278290518699515
熊谷組,1861,建設業,プライム（内国株式）,2025-03-31,東京都,245056241664,1.3910131,498581000000.0,14299000000.0,0.01909,9354000000.0,0.02076,0.05925,0.39311573444489367,3.8025956,280704000000.0,229398000000.0,357413000000.0,42135000000.0,50156000000.0,50372000000.0,111969400000.0,0.45691307121865843
北野建設,1866,建設業,スタンダード（内国株式）,2025-03-31,東京都,30636257280,0.6611475,80852000000.0,3641000000.0,0.039189998,3381000000.0,0.03897,0.071490005,0.6172723544431068,,28362000000.0,23968000000.0,41519000000.0,,18750000000.0,10954000000.0,20824800000.0,0.6797436060701472
植木組,1867,建設業,スタンダード（内国株式）,2025-03-31,新潟県,16861952000,0.58515936,50703574000.0,2853890000.0,0.04022,1934620000.0,0.039920002,0.07617,0.5697515981899156,,21835514000.0,17083053000.0,32700693000.0,3850298000.0,6585135000.0,2512488000.0,12623920600.0,0.7486630610738306
アストロスケールホールディングス,186A,サービス業,グロース（内国株式）,2025-04-30,東京都,113162797056,7.7584925,2456956000.0,-18755003000.0,-1.90034,-21551603000.0,0.0,-0.88197,0.18219485446237477,-236.54391,27498936000.0,20507468000.0,26224713000.0,13930005000.0,21300864000.0,630770000.0,-832684000.0,-0.007358284009080618
矢作建設工業,1870,建設業,プライム（内国株式）,2025-03-31,愛知県,99074301952,1.4181039,140698000000.0,8654000000.0,0.088649996,5643000000.0,0.049089998,0.112440005,0.47723616696713356,,75385000000.0,55473000000.0,108192000000.0,38600000000.0,15669000000.0,5662000000.0,36770400000.0,0.3711396323318503
ピーエス・コンストラクション,1871,建設業,プライム（内国株式）,2025-03-31,東京都,88694898688,1.5522932,135627000000.0,12315000000.0,0.07272,8217000000.0,0.05845,0.14734,0.44237060136353906,21.655252,72958000000.0,61742000000.0,104616000000.0,18560000000.0,22100000000.0,3749000000.0,34282300000.0,0.38651941100461773
日本ハウスホールディングス,1873,建設業,プライム（内国株式）,2025-04-30,東京都,12279444480,0.5795471,34980000000.0,2336000000.0,-0.03828,1135000000.0,0.0109,,0.511203887159166,,20365000000.0,12633000000.0,12399000000.0,10337000000.0,6106000000.0,560000000.0,-7574000000.0,-0.6168031471078405
大東建託,1878,不動産業,プライム（内国株式）,2025-03-31,東京都,1037950976000,2.2593129,1842356000000.0,118875000000.0,0.0713,93858000000.0,0.04995,0.21445999,0.3814609787672874,2.2436152,755353000000.0,410833000000.0,756441000000.0,124475000000.0,235890000000.0,44160000000.0,32000000000.0,0.03082997245526941
新日本建設,1879,建設業,プライム（内国株式）,2025-03-31,千葉県,109258661888,0.88691884,131661000000.0,18311000000.0,0.14284,12816000000.0,0.10423,0.12033,0.707199602206367,,50641000000.0,48506000000.0,158693000000.0,,82653000000.0,1345000000.0,108993500000.0,0.997573081315312
東亜道路工業,1882,建設業,プライム（内国株式）,2025-03-31,東京都,74032136192,1.4574002,126575000000.0,5015000000.0,-0.0165,4127000000.0,0.03521,0.088319995,0.6107736907661953,,33792000000.0,30401000000.0,60001000000.0,5900000000.0,12308000000.0,4087000000.0,29069900000.0,0.39266596231409745
日本道路,1884,建設業,プライム（内国株式）,2025-03-31,東京都,110383587328,1.0725193,164293000000.0,9896000000.0,0.04522,6324000000.0,0.044109996,0.07384,0.6671643028945841,,51983000000.0,41904000000.0,115204000000.0,9700000000.0,42277000000.0,1947000000.0,64583900000.0,0.5850860763212177
東亜建設工業,1885,建設業,プライム（内国株式）,2025-03-31,東京都,198996721664,1.9495642,330472000000.0,20622000000.0,0.06194,14908000000.0,0.04926,0.17296,0.3564038148250981,19.027674,191069000000.0,170508000000.0,242624000000.0,50470000000.0,41605000000.0,13822000000.0,61230400000.0,0.30769552125278576
日本国土開発,1887,建設業,プライム（内国株式）,2025-05-31,東京都,45322362880,0.67647976,123348000000.0,2318000000.0,0.05644,1332000000.0,0.00716,0.0137,0.47081742493725515,,74221000000.0,55627000000.0,112609000000.0,30022000000.0,18136000000.0,9567000000.0,45084900000.0,0.9947605803203877
若築建設,1888,建設業,プライム（内国株式）,2025-03-31,東京都,67219243008,1.4328829,86462000000.0,5220000000.0,0.00865,3690000000.0,0.0418,0.08108,0.5258570029382957,,42034000000.0,37830000000.0,70253000000.0,12699000000.0,13217000000.0,6705000000.0,32912500000.0,0.48962913783606526
東洋建設,1890,建設業,プライム（内国株式）,2025-03-31,東京都,163587850240,2.2777493,172605000000.0,11651000000.0,0.015859999,8311000000.0,0.0499,0.122609995,0.42703328733950646,17.966976,100387000000.0,81676000000.0,123842000000.0,24005000000.0,21254000000.0,2415000000.0,25145500000.0,0.15371251571011538
五洋建設,1893,建設業,プライム（内国株式）,2025-03-31,東京都,406073966592,2.372039,727491000000.0,21697000000.0,0.059019998,12460000000.0,0.018919999,0.08279,0.2606453000710469,21.190716,488008000000.0,378846000000.0,484031000000.0,166475000000.0,57270000000.0,22475000000.0,11755500000.0,0.028949159431860987
金下建設,1897,建設業,スタンダード（内国株式）,2024-12-31,京都府,6094498816,0.3277846,9743000000.0,273000000.0,-0.08979,321000000.0,0.01993,0.00914,0.8451290972349387,,3026000000.0,1438000000.0,12078000000.0,8000000.0,8831000000.0,7542000000.0,14331400000.0,2.3515305249343084
世紀東急工業,1898,建設業,プライム（内国株式）,2025-03-31,,54913601536,1.3575337,99358000000.0,5842000000.0,0.0294,3887000000.0,0.0,0.10536,0.5050147778477639,,40864000000.0,36656000000.0,51233000000.0,6706000000.0,7751000000.0,415000000.0,10659500000.0,0.1941140209682276
福田組,1899,建設業,プライム（内国株式）,2024-12-31,新潟県,59035258880,0.69022053,166588000000.0,7665000000.0,0.035469998,5309000000.0,0.0321,0.06486,0.5927920231910037,,57409000000.0,50004000000.0,105433000000.0,1203000000.0,32849000000.0,6609000000.0,52650300000.0,0.8918449922786211
Ｄ＆Ｍカンパニー,189A,サービス業,グロース（内国株式）,2025-05-31,,2599128064,1.2196758,1502672000.0,299553000.0,0.12184,220739000.0,0.14439,,0.22846311161229005,,7160809000.0,6335712000.0,9092322000.0,6915260000.0,583357000.0,,1931513000.0,0.7431388344241279
大成温調,1904,建設業,スタンダード（内国株式）,2025-03-31,東京都,25504063488,0.9350893,62502202000.0,3115405000.0,0.03993,2487400000.0,0.035669997,0.08448,0.5953103282025176,,18782054000.0,18243713000.0,30613983000.0,2700000000.0,12842783000.0,3878822000.0,14547104400.0,0.5703837902867755
テノックス,1905,建設業,スタンダード（内国株式）,2025-03-31,東京都,8798432256,0.6728689,23717112000.0,1115413000.0,0.07691,749323000.0,0.04496,0.07974,0.6165094200842213,,7781731000.0,6966916000.0,16957282000.0,173464000.0,10230351000.0,572862000.0,9576554400.0,1.088438726509415
日本ドライケミカル,1909,機械,スタンダード（内国株式）,2025-03-31,東京都,56490004480,2.1292784,55727078000.0,6128252000.0,0.11295,3958283000.0,0.07316,0.15135999,0.5032262241507728,17.11675,20421723000.0,17105986000.0,34771774000.0,5357969000.0,9535527000.0,2045477000.0,15781884900.0,0.27937482117898393
Ｃｈｏｒｄｉａ　Ｔｈｅｒａｐｅｕｔｉｃｓ,190A,医薬品,グロース（内国株式）,2024-08-31,神奈川県,7933711872,3.2554848,0.0,-1801395000.0,0.0,-1827127000.0,0.0,-0.54131,0.8983082094046891,,471073000.0,471072000.0,4605418000.0,,4329624000.0,,4134345000.0,0.5211110595774355
住友林業,1911,建設業,プライム（内国株式）,2024-12-31,東京都,1090691203072,1.2487099,2053650000000.0,194588000000.0,0.07897,116528000000.0,0.05094,0.14130999,0.407060546771346,2.8477676,1241001000000.0,662152000000.0,1546090000000.0,613411000000.0,181043000000.0,268895000000.0,493315500000.0,0.4522962123564819
日本基礎技術,1914,建設業,スタンダード（内国株式）,2025-03-31,大阪府,11853059072,0.5360413,30279627000.0,1891300000.0,0.058179997,1439806000.0,0.03183,0.042719997,0.7222626481430814,25.3125,8826400000.0,4521645000.0,12560958000.0,3998128000.0,4097616000.0,5754158000.0,7762468600.0,0.6548915813924326
巴コーポレーション,1921,建設業,スタンダード（内国株式）,2025-03-31,,63610269696,1.0196562,34670847000.0,3932460000.0,0.10821,14849605000.0,0.43348998,0.23211001,0.5354401782537961,,43526746000.0,15472579000.0,30737134000.0,17859472000.0,11132287000.0,35767825000.0,12247865500.0,0.19254541064727135
大和ハウス工業,1925,建設業,プライム（内国株式）,2025-03-31,大阪府,3341218742272,1.2795864,5434819000000.0,546286000000.0,0.091409996,325058000000.0,0.05697,0.11884,0.3708492290678126,11.452911,4332580000000.0,1833834000000.0,3882464000000.0,2432828000000.0,333198000000.0,220868000000.0,-295508400000.0,-0.08844329653168916
ライト工業,1926,建設業,プライム（内国株式）,2025-03-31,東京都,144145776640,1.7302158,121456000000.0,12812000000.0,0.087349996,9919000000.0,0.081879996,0.11896,0.7187032051649224,15.850417,33536000000.0,31721000000.0,78411000000.0,1561000000.0,30947000000.0,8313000000.0,50694100000.0,0.3516863357475057
積水ハウス,1928,建設業,プライム（内国株式）,2025-01-31,大阪府,2229289615360,1.1769006,4058583000000.0,331367000000.0,0.08489,217705000000.0,0.04658,0.10170999,0.4080571895805399,9.110899,2790252000000.0,1555648000000.0,3712106000000.0,1899709000000.0,390559000000.0,205632000000.0,1065796400000.0,0.47808790417205993
日特建設,1929,建設業,プライム（内国株式）,2025-03-31,東京都,53355257856,1.5843184,67215000000.0,3679000000.0,0.029140001,2408000000.0,0.040170003,0.086330004,0.6035542443718611,13.326382,22380000000.0,17547000000.0,40342000000.0,707000000.0,18151000000.0,4288000000.0,20963600000.0,0.392905982322838
インテグループ,192A,サービス業,グロース（内国株式）,2025-05-31,東京都,4425520128,2.327369,1892197000.0,497306000.0,0.0,311117000.0,0.0,,0.8946456658089607,,223924000.0,223924000.0,1958557000.0,,1912696000.0,,1734633000.0,0.39196138529007724
北陸電気工事,1930,建設業,プライム（内国株式）,2025-03-31,富山県,43245899776,0.9812224,55607000000.0,4352000000.0,0.03198,3187000000.0,0.05514,0.073060006,0.7230138204819873,,16815000000.0,13308000000.0,39658000000.0,330000000.0,22761000000.0,1366000000.0,23799200000.0,0.5503226924002572
ユアテック,1934,建設業,プライム（内国株式）,2025-03-31,宮城県,194174550016,1.3387717,257204000000.0,16185000000.0,0.03802,11982000000.0,0.04636,0.08567,0.6321750002140832,26.282528,85844000000.0,64954000000.0,154335000000.0,8236000000.0,33770000000.0,11102000000.0,76262400000.0,0.3927517792301616
日本リーテック,1938,建設業,プライム（内国株式）,2025-03-31,東京都,51630960640,0.8314391,68669727000.0,5199695000.0,-0.00413,4733323000.0,0.071040004,0.081920005,0.6734863030084804,,30896481000.0,24402291000.0,55695375000.0,1761861000.0,8314766000.0,16185080000.0,36128450000.0,0.6997439046681274
四電工,1939,建設業,プライム（内国株式）,2025-03-31,,65953562624,1.0261616,105877000000.0,8073000000.0,0.07215,5173000000.0,0.048699997,,0.6505269497139415,,34741000000.0,26191000000.0,55270000000.0,8462000000.0,9457000000.0,12133000000.0,29022100000.0,0.4400383974017361
中電工,1941,建設業,プライム（内国株式）,2025-03-31,広島県,222250909696,0.98289096,221885000000.0,21699000000.0,0.09592,19895000000.0,0.095340006,0.09599,0.7709084722694795,,64302000000.0,50696000000.0,129723000000.0,480000000.0,27744000000.0,102681000000.0,137297700000.0,0.617759901130659
関電工,1942,建設業,プライム（内国株式）,2025-03-31,,934911737856,2.504726,671888000000.0,58327000000.0,0.105550006,42380000000.0,0.06725,0.13510999,0.6098256025993833,26.975702,222274000000.0,198888000000.0,385262000000.0,27108000000.0,60991000000.0,67429000000.0,210188300000.0,0.22482154356305056
きんでん,1944,建設業,プライム（内国株式）,2025-03-31,,1063976239104,1.7934151,705058000000.0,60980000000.0,0.051230002,47250000000.0,0.06923,0.08512,0.7290350532376447,26.972229,221956000000.0,202457000000.0,503656000000.0,14936000000.0,104161000000.0,128500000000.0,371650000000.0,0.34930291329905583
東京エネシス,1945,建設業,プライム（内国株式）,2025-03-31,東京都,59057459200,0.85872954,67722000000.0,2667000000.0,0.03528,2900000000.0,0.04321,0.04321,0.6330992496368464,27.573872,39655000000.0,28347000000.0,58018000000.0,19602000000.0,7648000000.0,15427000000.0,29161900000.0,0.49378859834186706
トーエネック,1946,建設業,プライム（内国株式）,2025-03-31,愛知県,142561738752,1.0525508,270966000000.0,16042000000.0,0.05608,10765000000.0,0.04007,,0.43994255556879325,,173881000000.0,94343000000.0,146274000000.0,91166000000.0,43033000000.0,25958000000.0,-9436400000.0,-0.06619167304360347
弘電社,1948,建設業,スタンダード（内国株式）,2025-03-31,東京都,22926895104,1.0660267,39263000000.0,3081000000.0,0.00935,2737000000.0,0.0681,0.13356,0.6534232209737828,,11464000000.0,10781000000.0,25825000000.0,514000000.0,892000000.0,1440000000.0,15369000000.0,0.6703480750569931
住友電設,1949,建設業,プライム（内国株式）,2025-03-31,大阪府,262413434880,2.3193555,203639000000.0,17886000000.0,0.05111,12800000000.0,0.063540004,0.11808,0.5755376384903101,,78400000000.0,70157000000.0,150185000000.0,2533000000.0,64919000000.0,23712000000.0,88383400000.0,0.3368097370487802
ＷＯＬＶＥＳ　ＨＡＮＤ,194A,サービス業,グロース（内国株式）,2024-06-30,大阪府,11539856384,4.250411,4990639000.0,827469000.0,0.23916,558406000.0,0.10855,0.24565001,0.36539722208007924,,3670842000.0,1130512000.0,1297246000.0,3002058000.0,910879000.0,,-2373596000.0,-0.20568678855405761
日本電設工業,1950,建設業,プライム（内国株式）,2025-03-31,東京都,167878754304,0.8744246,216922000000.0,17934000000.0,-0.028380001,13192000000.0,0.064559996,0.07243,0.6603371256596083,16.148232,86739000000.0,73157000000.0,177804000000.0,4100000000.0,14979000000.0,41318000000.0,119987600000.0,0.7147277241688532
エクシオグループ,1951,建設業,プライム（内国株式）,2025-03-31,東京都,462341079040,1.4698495,670822000000.0,42465000000.0,0.04073,26855000000.0,0.04023,0.08673,0.49982957331071354,19.004984,315724000000.0,206606000000.0,387728000000.0,129189000000.0,40010000000.0,32531000000.0,94775700000.0,0.20499086993695484
新日本空調,1952,建設業,プライム（内国株式）,2025-03-31,東京都,142398603264,2.0600076,137684000000.0,11347000000.0,0.06444,9656000000.0,0.073470004,0.15718001,0.5864123351894792,,48872000000.0,46899000000.0,89836000000.0,3856000000.0,20271000000.0,22443000000.0,56674100000.0,0.3979961790420726
九電工,1959,建設業,プライム（内国株式）,2025-03-31,福岡県,544836943872,1.7424701,473953000000.0,41388000000.0,0.110360004,28883000000.0,0.06172,0.0953,0.6348429387969013,15.505234,176321000000.0,147529000000.0,299268000000.0,22474000000.0,71693000000.0,80153000000.0,179054100000.0,0.32863795675732604
ＭＵＳＣＡＴ　ＧＲＯＵＰ,195A,サービス業,グロース（内国株式）,2025-03-31,東京都,2757913088,2.6303868,2986723000.0,88007000.0,-0.20694,112934000.0,-0.00763,,0.32769504753276935,,2389634000.0,970190000.0,1855867000.0,1987257000.0,543999000.0,,-533767000.0,-0.19354018164041578
サンテック,1960,建設業,スタンダード（内国株式）,2025-03-31,東京都,16076322816,0.5399632,67859000000.0,2123000000.0,0.01954,1748000000.0,0.02398,0.05737,0.5160317756059554,,28451000000.0,26990000000.0,39842000000.0,3051000000.0,9111000000.0,2866000000.0,13397200000.0,0.8333497749041469
三機工業,1961,建設業,プライム（内国株式）,2025-03-31,東京都,277531164672,2.691136,253135000000.0,21895000000.0,0.044460002,17203000000.0,0.06945,0.17312999,0.5296780007866998,23.331879,94459000000.0,82283000000.0,138834000000.0,7399000000.0,31856000000.0,31816000000.0,66646200000.0,0.24013951758810856
日揮ホールディングス,1963,建設業,プライム（内国株式）,2025-03-31,神奈川県,404327432192,1.0646706,858082000000.0,-11474000000.0,0.04162,-398000000.0,-0.00851,-0.01864,0.4981732393917174,13.735632,391916000000.0,346928000000.0,561267000000.0,34889000000.0,333701000000.0,80386000000.0,225621200000.0,0.5580160583634625
中外炉工業,1964,建設業,プライム（内国株式）,2025-03-31,大阪府,36549758976,1.3584304,36247000000.0,2736000000.0,-0.05845,2998000000.0,0.099530004,0.14032,0.5812335850295469,15.44815,20129000000.0,15233000000.0,35982000000.0,5507000000.0,4392000000.0,6533000000.0,20426100000.0,0.5588573104794637
テクノ菱和,1965,建設業,スタンダード（内国株式）,2025-03-31,東京都,116847353856,2.206291,84190000000.0,9634000000.0,0.11431,7256000000.0,0.09423,0.16259001,0.6604418497311727,,27217000000.0,23863000000.0,56216000000.0,65000000.0,12571000000.0,10231000000.0,36160700000.0,0.3094695669750777
高田工業所,1966,建設業,スタンダード（内国株式）,2025-03-31,福岡県,12417278976,0.6305748,58067410000.0,2933802000.0,0.00042,2309002000.0,0.03341,0.09877,0.44902484756911126,6.5170693,24592853000.0,18467630000.0,31101353000.0,9372261000.0,5186250000.0,410662000.0,6795963400.0,0.5472989221821604
ヤマト,1967,建設業,スタンダード（内国株式）,2025-03-31,群馬県,48401022976,1.3120086,53168544000.0,4796727000.0,0.098000005,3932952000.0,0.07735,0.10934,0.6992975503526981,,17611370000.0,14951177000.0,34739278000.0,1221524000.0,11494518000.0,12255933000.0,25707061100.0,0.5311264002156945
太平電業,1968,建設業,プライム（内国株式）,2025-03-31,東京都,138388865024,1.2246908,125670000000.0,13037000000.0,0.05187,9753000000.0,0.068969995,0.07901,0.7329245015347313,4.264048,40019000000.0,23491000000.0,108609000000.0,14108000000.0,42607000000.0,17635000000.0,80934500000.0,0.5848339025395142
高砂熱学工業,1969,建設業,プライム（内国株式）,2025-03-31,東京都,593930813440,3.2813354,381661000000.0,32012000000.0,0.105900005,27631000000.0,0.08524,0.20162001,0.5393836076537025,13.289383,150668000000.0,130040000000.0,245138000000.0,37737000000.0,47647000000.0,43792000000.0,125124400000.0,0.21067167617603377
ＭＦＳ,196A,その他金融業,グロース（内国株式）,2024-06-30,東京都,2697920512,1.1983078,1889942000.0,-110789000.0,0.022869999,-121571000.0,0.05485,0.07459,0.8512327397843067,,360170000.0,260170000.0,2259557000.0,108330000.0,1976801000.0,,1899387000.0,0.704018888455673
三晃金属工業,1972,建設業,スタンダード（内国株式）,2025-03-31,東京都,30185691136,1.9966044,45360000000.0,4119000000.0,0.05955,2941000000.0,0.04912,0.12157,0.6542035772043737,,14326000000.0,11046000000.0,32486000000.0,85000000.0,14603000000.0,10000000.0,18167000000.0,0.6018414459403816
朝日工業社,1975,建設業,プライム（内国株式）,2025-03-31,東京都,80357048320,1.9563018,91946000000.0,7251000000.0,0.10686,6229000000.0,0.07582,0.17426,0.5197437578066064,,38834000000.0,36786000000.0,60288000000.0,3994000000.0,18532000000.0,9836000000.0,28339200000.0,0.35266601489824356
明星工業,1976,建設業,プライム（内国株式）,2025-03-31,大阪府,80436142080,1.1948682,66283000000.0,10614000000.0,0.07695,8454000000.0,0.0,,0.7740650011853291,,19378000000.0,14631000000.0,61236000000.0,800000000.0,33258000000.0,6297000000.0,46265900000.0,0.5751879541162599
大氣社,1979,建設業,プライム（内国株式）,2025-03-31,東京都,191883739136,1.3577473,276212000000.0,17975000000.0,0.062119998,11026000000.0,0.03979,0.08651,0.5515109071403028,7.991196,111963000000.0,101030000000.0,210935000000.0,13316000000.0,47556000000.0,26324000000.0,117398800000.0,0.6118225573913386
タウンズ,197A,医薬品,スタンダード（内国株式）,2025-06-30,静岡県,57379074048,3.2876842,18627990000.0,8265029000.0,-1.04472,6315407000.0,0.33903,0.40634,0.4769964881016705,8.873284,19097627000.0,9529874000.0,15476605000.0,14424000000.0,9266630000.0,,-3621022000.0,-0.06310701349015956
ダイダン,1980,建設業,プライム（内国株式）,2025-03-31,,289506459648,2.6574783,262732000000.0,23038000000.0,0.16114001,17443000000.0,0.082650006,0.22654,0.4970437835854516,22.81059,106105000000.0,100523000000.0,165326000000.0,23602000000.0,51761000000.0,17116000000.0,71202200000.0,0.24594338961062243
協和日成,1981,建設業,スタンダード（内国株式）,2025-03-31,東京都,15222743040,1.4277616,37416616000.0,1483259000.0,0.03773,1133684000.0,0.02252,0.0725,0.6654239458116251,,9487797000.0,8940228000.0,17002068000.0,36672000.0,6777925000.0,4181835000.0,10441555500.0,0.6859181339764637
日比谷総合設備,1982,建設業,プライム（内国株式）,2025-03-31,東京都,97824407552,1.3983151,89786000000.0,7460000000.0,0.08505999,5906000000.0,0.07045,0.09285,0.7073712655757394,,28233000000.0,26536000000.0,72886000000.0,17000000.0,19781000000.0,22381000000.0,60319700000.0,0.6166119633071755
ＰｏｓｔＰｒｉｍｅ,198A,情報・通信業,グロース（内国株式）,2025-05-31,東京都,3244860672,3.367851,897378000.0,183175000.0,-0.52096003,87339000.0,0.096990004,,0.7962020244588859,,255334000.0,255334000.0,1217514000.0,,912870000.0,,962180000.0,0.2965242878693314
神田通信機,1992,建設業,スタンダード（内国株式）,2025-03-31,東京都,6251908608,1.0361136,7179706000.0,625592000.0,-0.0037,431625000.0,0.06008,0.07318,0.6447162017307642,,3370134000.0,2174854000.0,5313860000.0,348317000.0,2761894000.0,2018540000.0,3356704000.0,0.5369086802876054
高橋カーテンウォール工業,1994,建設業,スタンダード（内国株式）,2024-12-31,東京都,4030978048,0.38168627,9383723000.0,593804000.0,-0.02362,372702000.0,0.00821,0.00617,0.7763077564319859,,3104154000.0,2463369000.0,8691787000.0,1329000000.0,1028871000.0,1351205000.0,6533476500.0,1.6208166906891575
暁飯島工業,1997,建設業,スタンダード（内国株式）,2024-08-31,茨城県,6897458176,3.7380226,8825161000.0,751087000.0,0.04815,559327000.0,0.04271,0.1333,0.6605817515007797,,3499450000.0,2962668000.0,6974846000.0,620713000.0,5042891000.0,529218000.0,3845848600.0,0.5575747618712346
ニップン,2001,食料品,プライム（内国株式）,2025-03-31,東京都,181583609856,0.7345982,410878000000.0,21489000000.0,0.053200003,24757000000.0,0.04842,0.08009,0.6068091757550861,9.792118,152745000000.0,104407000000.0,159014000000.0,57028000000.0,44945000000.0,85530000000.0,66140000000.0,0.3642399226034252
日清製粉グループ本社,2002,食料品,プライム（内国株式）,2025-03-31,東京都,526423326720,1.0775287,851486000000.0,46380000000.0,0.05246,34684000000.0,0.04157,0.07108,0.6141522299873499,14.256572,287143000000.0,147313000000.0,338728000000.0,84533000000.0,93968000000.0,158338000000.0,162421600000.0,0.30853799927903014
日東富士製粉,2003,食料品,スタンダード（内国株式）,2025-03-31,東京都,65101393920,1.3310428,72341000000.0,5102000000.0,0.059720002,3550000000.0,0.04415,0.06518,0.7840212245416707,,13521000000.0,9893000000.0,32444000000.0,420000000.0,1195000000.0,8394000000.0,24798800000.0,0.38092579139663374
昭和産業,2004,食料品,プライム（内国株式）,2025-03-31,東京都,100664213504,0.7388871,334425000000.0,11126000000.0,0.04176,11599000000.0,0.02754,0.0677,0.528281357630409,10.071475,116885000000.0,78362000000.0,112749000000.0,50726000000.0,8106000000.0,47221000000.0,28918700000.0,0.28727885505061723
鳥越製粉,2009,食料品,スタンダード（内国株式）,2024-12-31,福岡県,25618857984,0.7287606,26168384000.0,1063123000.0,0.060599998,950007000.0,0.04275,0.03167,0.7909320898563444,,9459892000.0,4210946000.0,23541258000.0,3286009000.0,10373448000.0,11210321000.0,21928590700.0,0.8559550434955094
豆蔵デジタルホールディングス,202A,情報・通信業,グロース（内国株式）,2025-03-31,東京都,35839651840,12.752275,10551965000.0,2070329000.0,0.1863,1433833000.0,0.13646,,0.7234368312190882,,1303276000.0,1291302000.0,3680339000.0,102888000.0,1832835000.0,,2377063000.0,0.06632494675483991
中部飼料,2053,食料品,プライム（内国株式）,2025-03-31,愛知県,51191771136,0.7532329,209837000000.0,4282000000.0,0.021329999,3503000000.0,0.0,0.056110002,0.6636904175936682,11.811989,34066000000.0,23361000000.0,66157000000.0,9880000000.0,11942000000.0,6943000000.0,36951100000.0,0.7218171823325444
日和産業,2055,食料品,スタンダード（内国株式）,2025-03-31,兵庫県,6139897344,0.33274963,48577000000.0,906000000.0,0.02388,310000000.0,0.00769,0.02005,0.6138827172961692,,11470000000.0,11219000000.0,23625000000.0,3969000000.0,9019000000.0,950000000.0,12820000000.0,2.0879827921761422
ロゴスホールディングス,205A,建設業,グロース（内国株式）,2025-05-31,北海道,6171350016,2.28906,36269311000.0,487266000.0,-0.09842,199832000.0,0.00527,,0.16127662227661768,,17716083000.0,12801887000.0,14351739000.0,7622144000.0,7161453000.0,,-3364344000.0,-0.5451552725542249
フィード・ワン,2060,食料品,プライム（内国株式）,2025-03-31,神奈川県,41129144320,0.7377007,296045000000.0,6343000000.0,0.02052,5387000000.0,0.01947,,0.43990593692619917,60.44944,68825000000.0,50168000000.0,80085000000.0,27945000000.0,10342000000.0,10450000000.0,18575000000.0,0.45162622046011
ＰＲＩＳＭ　ＢｉｏＬａｂ,206A,医薬品,グロース（内国株式）,2024-09-30,神奈川県,6050813952,,305620000.0,-782392000.0,0.0,-1049514000.0,0.0,,0.7735121890682393,,1025665000.0,1019869000.0,4483094000.0,,4392022000.0,,3457429000.0,0.5713989931647464
構造計画研究所ホールディングス,208A,情報・通信業,スタンダード（内国株式）,2025-06-30,,33757696000,3.2623212,20137374000.0,3073445000.0,0.26604998,2048962000.0,0.10863,0.19658001,0.4574361656566391,,11898781000.0,6833579000.0,9444243000.0,3613685000.0,4242765000.0,4239727000.0,513270900.0,0.015204559576577738
日本甜菜製糖,2108,食料品,プライム（内国株式）,2025-03-31,東京都,37909827584,0.5304039,64796000000.0,536000000.0,-0.00518,2703000000.0,-0.043920003,-0.03885,0.7294175764461789,,27387000000.0,16435000000.0,51318000000.0,9048000000.0,3164000000.0,25456000000.0,41750200000.0,1.1013028193676313
ＤＭ三井製糖,2109,食料品,プライム（内国株式）,2025-03-31,東京都,100312375296,0.9060333,178785000000.0,13844000000.0,0.07616,6295000000.0,0.0,,0.5668410848879305,,82857000000.0,45756000000.0,98689000000.0,48619000000.0,40596000000.0,16728000000.0,27541600000.0,0.27455834754915065
塩水港精糖,2112,食料品,スタンダード（内国株式）,2025-03-31,東京都,13833072640,0.8199802,32519000000.0,2881000000.0,0.07965,2136000000.0,0.06464,0.13613,0.5651759904778099,,12786000000.0,7947000000.0,9756000000.0,8248000000.0,3313000000.0,8375000000.0,2832500000.0,0.20476289496300945
フジ日本,2114,食料品,スタンダード（内国株式）,2025-03-31,東京都,27292893184,1.1241772,28209627000.0,3232701000.0,0.10651,2845999000.0,0.0,0.11179,0.705748612226435,,9887606000.0,5795341000.0,17696870000.0,4818000000.0,6644241000.0,11338784000.0,15746412800.0,0.5769418688536497
ウェルネオシュガー,2117,食料品,プライム（内国株式）,2025-03-31,東京都,85947596800,1.171508,97069000000.0,8024000000.0,0.084,5565000000.0,0.054959998,0.0788,0.660540814847035,,35990000000.0,32009000000.0,47051000000.0,17756000000.0,15445000000.0,9503000000.0,17713100000.0,0.20609185898726606
カドス・コーポレーション,211A,建設業,スタンダード（内国株式）,2024-07-31,山口県,4415256576,1.0124116,6475088000.0,637497000.0,0.12486,405173000.0,0.08673,0.15554,0.48798533288622137,,4302747000.0,1524785000.0,3417779000.0,2094533000.0,2443971000.0,3150000.0,-882763000.0,-0.1999347002388112
ＬＩＦＵＬＬ,2120,サービス業,プライム（内国株式）,2024-09-30,東京都,25498941440,1.0031455,34466000000.0,-6444000000.0,0.1742,-8463000000.0,-0.022219999,-0.16608,0.5852006506275643,21.170214,16989000000.0,10295000000.0,21589000000.0,5537000000.0,14633000000.0,2220000000.0,6154000000.0,0.24134335201642002
ＭＩＸＩ,2121,サービス業,プライム（内国株式）,2025-03-31,東京都,208898686976,1.2051828,154847000000.0,26600000000.0,0.0855,17601000000.0,0.10751,0.09589,0.7983409002234597,16.294806,44213000000.0,31380000000.0,169931000000.0,12452000000.0,110666000000.0,6023000000.0,129934100000.0,0.6219957716389471
インタースペース,2122,サービス業,スタンダード（内国株式）,2024-09-30,東京都,7820931584,1.4068382,7909961000.0,555755000.0,0.00592,59522000.0,-0.0116,-0.01746,0.5022751316109619,9.389601,5590713000.0,5524299000.0,9628330000.0,,5953973000.0,482902000.0,4375648400.0,0.5594791813486346
ジェイエイシーリクルートメント,2124,サービス業,プライム（内国株式）,2024-12-31,東京都,166040436736,8.990734,39156000000.0,9096000000.0,0.24699,5611000000.0,0.16183001,0.39646998,0.6955752892784377,7.3532515,7919000000.0,7726000000.0,22349000000.0,0.0,19051000000.0,0.0,14430000000.0,0.08690654086235226
日本Ｍ＆Ａセンターホールディングス,2127,サービス業,プライム（内国株式）,2025-03-31,東京都,254604902400,5.8164897,44077707000.0,16715662000.0,0.27833,10955880000.0,0.25521,0.27111,0.7635089190013039,20.67491,14196820000.0,9896064000.0,42566635000.0,5400000000.0,39211152000.0,13945317000.0,38131536900.0,0.1497674889232612
フィットイージー,212A,サービス業,スタンダード（内国株式）,2024-10-31,岐阜県,46487982080,11.63031,6673497000.0,1631691000.0,0.26096,1082123000.0,0.16979,,0.5072462730603909,,2890926000.0,1764288000.0,3771726000.0,769111000.0,2500684000.0,,880800000.0,0.01894683229063919
メンバーズ,2130,サービス業,プライム（内国株式）,2025-03-31,東京都,15755994112,2.712362,22329565000.0,493143000.0,0.10029,349824000.0,0.01567,0.059580002,0.49313503164704736,7.8683925,5970033000.0,5322087000.0,8034144000.0,939754000.0,4014913000.0,1541511000.0,3143168700.0,0.1994903449225153
北浜キャピタルパートナーズ,2134,サービス業,スタンダード（内国株式）,2025-03-31,大阪府,22455330816,3.746345,701607000.0,-579064000.0,-5.57143,-835207000.0,-1.76697,-0.30372998,0.7561751709487464,,646316000.0,472726000.0,1494558000.0,256399000.0,256472000.0,59938000.0,890198600.0,0.039643085523625894
ヒップ,2136,サービス業,スタンダード（内国株式）,2025-03-31,神奈川県,5777278976,3.129268,5969419000.0,565185000.0,0.088599995,413669000.0,0.04348,0.12212,0.6740247608073225,,1924771000.0,1436135000.0,4260553000.0,400000000.0,3432998000.0,,2335782000.0,0.4043048656129151
クルーズ,2138,情報・通信業,スタンダード（内国株式）,2025-03-31,東京都,5472735744,0.6051232,14191649000.0,-1025701000.0,-0.03283,-530396000.0,-0.0301,-0.041339997,0.3116094572580459,29.035532,20202913000.0,4556815000.0,12775565000.0,17110910000.0,10104071000.0,3656678000.0,-4867673400.0,-0.8894406066173839
中広,2139,サービス業,スタンダード（内国株式）,2025-03-31,岐阜県,2883210240,1.5079577,11332980000.0,309794000.0,-0.010570001,163736000.0,0.01047,0.06884,0.39910830450612006,,2955148000.0,2351587000.0,3613741000.0,1229325000.0,1904103000.0,171201000.0,778433700.0,0.26998853194972006
ＵＴグループ,2146,サービス業,プライム（内国株式）,2025-03-31,東京都,106578362368,3.4189334,194748000000.0,8079000000.0,0.05901,8965000000.0,0.02901,0.17708999,0.5273716576734091,9.285595,30023000000.0,22927000000.0,54270000000.0,7906000000.0,31708000000.0,6000000.0,24251200000.0,0.22754337241797767
アイティメディア,2148,サービス業,プライム（内国株式）,2025-03-31,東京都,31326787584,4.1116905,8100911000.0,2028809000.0,0.18742001,1496566000.0,0.18053,0.18608,0.8528395130873482,19.721212,1618548000.0,1523669000.0,9111803000.0,44146000.0,6562002000.0,,7493255000.0,0.2391964059483438
ケアネット,2150,サービス業,プライム（内国株式）,2024-12-31,東京都,46547042304,4.5188656,11182987000.0,2361302000.0,0.22945999,1139848000.0,0.119540006,0.12938,0.789572980309113,25.447138,2783349000.0,2518198000.0,10464710000.0,135422000.0,7360989000.0,1133701000.0,8474951700.0,0.1820728295613255
幼児活動研究会,2152,サービス業,スタンダード（内国株式）,2025-03-31,東京都,15728513024,3.5751116,7073691000.0,1164428000.0,0.11983,872328000.0,0.077080004,0.10626,0.7618332154092071,,3213281000.0,987327000.0,9642344000.0,,9251185000.0,2773596000.0,8370580200.0,0.532191453014497
Ｅ・Ｊホールディングス,2153,サービス業,プライム（内国株式）,2025-05-31,岡山県,30700277760,0.86523145,42705000000.0,4489000000.0,-0.35744,3203000000.0,0.067,0.08886,0.6545730710811175,,17959000000.0,10057000000.0,33829000000.0,7439000000.0,21459000000.0,3298000000.0,18178600000.0,0.592131450474538
オープンアップグループ,2154,サービス業,プライム（内国株式）,2025-06-30,東京都,147073662976,1.9106524,187954000000.0,16244000000.0,0.06669,12559000000.0,0.06682,0.16521999,0.642491564929667,11.320139,43835000000.0,38778000000.0,47339000000.0,5030000000.0,20353000000.0,3876000000.0,6217200000.0,0.042272694336949676
セーラー広告,2156,サービス業,スタンダード（内国株式）,2025-03-31,香川県,1455950720,0.7485454,2097648000.0,9743000.0,-0.24700001,27262000.0,0.02169,0.024489999,0.48077560083915055,,2200770000.0,1742903000.0,2216955000.0,534283000.0,762125000.0,263868000.0,200892600.0,0.1379803569175748
コシダカホールディングス,2157,サービス業,プライム（内国株式）,2024-08-31,,103029481472,2.9348512,63263940000.0,10164158000.0,0.16680999,6735312000.0,0.07579,0.16067,0.49185257702623675,19.629396,31360274000.0,13975861000.0,11903342000.0,11436300000.0,6772024000.0,793586000.0,-18901421800.0,-0.183456439166267
ＦＲＯＮＴＥＯ,2158,サービス業,グロース（内国株式）,2025-03-31,,38451675136,11.551019,6099403000.0,527550000.0,-0.05757,555086000.0,0.04336,0.082200006,0.49912793075651135,91.58878,3239041000.0,2844378000.0,4003036000.0,1986667000.0,2598740000.0,966614000.0,1440624800.0,0.03746585278546758
タイミー,215A,サービス業,グロース（内国株式）,2024-10-31,東京都,148926054400,11.49699,26880693000.0,4247676000.0,0.21896,2797078000.0,0.15762,,0.34227603300995935,28.866179,17479021000.0,16699104000.0,25360846000.0,11426523000.0,12238870000.0,,7881825000.0,0.052924419650776704
ジーエヌアイグループ,2160,医薬品,グロース（内国株式）,2024-12-31,東京都,138610720768,3.5760715,23611705000.0,1402302000.0,-0.05867,1098233000.0,-0.0060900003,-0.0585,0.506597738492893,12.95902,32229009000.0,12464403000.0,29222643000.0,7205879000.0,10115037000.0,5764350000.0,1028679000.0,0.0074213523622155735
ｎｍｓ　ホールディングス,2162,サービス業,スタンダード（内国株式）,2025-03-31,東京都,8525128704,1.8508714,75707594000.0,1650192000.0,0.020060001,630626000.0,-0.0037099998,-0.0692,0.14543245162853605,,30946697000.0,27947948000.0,26077681000.0,19900060000.0,3789282000.0,17411000.0,-4856828300.0,-0.5697073286085605
アルトナー,2163,サービス業,プライム（内国株式）,2025-01-31,神奈川県,21240100864,4.2218423,11125970000.0,1810142000.0,0.19208,1260601000.0,0.11766,0.28402,0.7040051773090793,23.352804,1979508000.0,1262765000.0,6130702000.0,,4588976000.0,1498000.0,4152242600.0,0.19549071949265862
地域新聞社,2164,サービス業,グロース（内国株式）,2024-08-31,千葉県,2404558848,13.328634,2977195000.0,34307000.0,-0.03861,3476000.0,-0.09034,-1.35309,0.24247733232579202,,944327000.0,666278000.0,1060761000.0,365878000.0,772176000.0,,116434000.0,0.04842218775258687
パソナグループ,2168,サービス業,プライム（内国株式）,2025-05-31,東京都,74843791360,0.5789809,309240000000.0,-1238000000.0,-0.00738,-8658000000.0,-0.02604,-0.05207,0.5091119009349603,40.30426,123908000000.0,87728000000.0,188948000000.0,32676000000.0,124771000000.0,7655000000.0,70398500000.0,0.9406057432523953
ＣＤＳ,2169,サービス業,スタンダード（内国株式）,2024-12-31,愛知県,12275350528,1.3755431,10492254000.0,1506502000.0,0.062470004,1056588000.0,0.09,0.10465,0.781479209712445,,2488107000.0,2472880000.0,8302755000.0,600000000.0,4176349000.0,133255000.0,5907926500.0,0.4812837308819863
リンクアンドモチベーション,2170,サービス業,プライム（内国株式）,2024-12-31,東京都,54634491904,4.4102855,37458000000.0,5485000000.0,0.18369,3691000000.0,0.0968,0.30027,0.3401350292362409,13.625498,18794000000.0,10115000000.0,13940000000.0,11629000000.0,8607000000.0,1339000000.0,-3916700000.0,-0.07168914477839673
博展,2173,サービス業,グロース（内国株式）,2024-12-31,東京都,10654646272,2.6517258,18845437000.0,1393719000.0,0.14354,999210000.0,0.05825,,0.4245739866276587,,4541225000.0,3231386000.0,6494522000.0,1738910000.0,2642641000.0,1792000.0,1954551400.0,0.18344592115990616
エス・エム・エス,2175,サービス業,プライム（内国株式）,2025-03-31,東京都,129153581056,2.9537592,60952000000.0,6336000000.0,0.19371,6054000000.0,0.10983,0.15301,0.6181996341782074,14.637209,29223000000.0,23990000000.0,38664000000.0,8053000000.0,16175000000.0,2875000000.0,11453500000.0,0.08868124217967949
成学社,2179,サービス業,スタンダード（内国株式）,2025-03-31,大阪府,4332908544,1.267674,14287096000.0,778288000.0,-0.19814,461479000.0,0.026689999,0.11891,0.4073948564597974,,5613454000.0,3478552000.0,3848057000.0,2342174000.0,2177739000.0,10620000.0,-1757963000.0,-0.40572354162294544
サニーサイドアップグループ,2180,サービス業,スタンダード（内国株式）,2024-06-30,東京都,11074328576,2.4124718,17908253000.0,1465417000.0,0.04828,795167000.0,0.0484,0.21576001,0.4837911611928278,,4336474000.0,3362433000.0,6549627000.0,991278000.0,3185218000.0,304822000.0,2426528400.0,0.21911291355926624
パーソルホールディングス,2181,サービス業,プライム（内国株式）,2025-03-31,東京都,587991875584,3.0639052,1451238000000.0,57427000000.0,0.04121,35871000000.0,0.022939999,,0.3513374809632679,14.767507,333364000000.0,266159000000.0,299974000000.0,77280000000.0,82818000000.0,25776000000.0,-15346800000.0,-0.026100360629570586
リニカル,2183,サービス業,スタンダード（内国株式）,2025-03-31,大阪府,7634213888,1.1416104,10437032000.0,-583500000.0,-0.03965,-539102000.0,-0.06244,-0.08515,0.4323889966332648,14.382978,9521846000.0,7477214000.0,11627196000.0,2327994000.0,7039571000.0,272500000.0,2296100000.0,0.3007644315034418
シイエム・シイ,2185,サービス業,スタンダード（内国株式）,2024-09-30,愛知県,21072078848,1.0313609,19523921000.0,2975450000.0,0.08245,2078955000.0,0.11569,0.10593,0.7811664263534818,,5480193000.0,3552361000.0,17610210000.0,298351000.0,12320594000.0,1896444000.0,13457527800.0,0.6386426273873441
ソーバル,2186,サービス業,スタンダード（内国株式）,2025-02-28,東京都,7174918144,1.6254917,8682548000.0,612242000.0,0.066199996,432188000.0,0.0468,0.094969995,0.7633654927980917,,1344385000.0,1225851000.0,5151616000.0,,3501033000.0,23842000.0,3823920400.0,0.5329566586341811
Ｌｉｂｅｒａｗａｒｅ,218A,精密機器,グロース（内国株式）,2024-07-31,千葉県,36020367360,38.68535,815308000.0,-440786000.0,-0.31538,-437972000.0,0.03272,0.05118,0.5704715722766431,,651763000.0,359072000.0,1356408000.0,370210000.0,1061245000.0,,704645000.0,0.019562404596197878
クックパッド,2193,サービス業,スタンダード（内国株式）,2024-12-31,神奈川県,12739875840,1.0383081,5876631000.0,673627000.0,0.052550003,1332453000.0,0.11145,0.047909997,0.9069155474630838,-5.411392,1397898000.0,646230000.0,13336099000.0,837279000.0,12083662000.0,224364000.0,12095255800.0,0.9494013875727065
アミタホールディングス,2195,サービス業,グロース（内国株式）,2024-12-31,京都府,5967839744,2.2119431,4931476000.0,473480000.0,0.09816,423184000.0,0.06759,0.12907,0.4045809258897584,,3861068000.0,1657957000.0,3853197000.0,2005115000.0,2729355000.0,449552000.0,306815400.0,0.051411467660214705
エスクリ,2196,サービス業,スタンダード（内国株式）,2025-03-31,東京都,2769844224,0.46620047,26179324000.0,803520000.0,-0.08984,314018000.0,0.00493,0.02093,0.2940267084884993,55.405403,15058303000.0,6619187000.0,8059042000.0,8166945000.0,4571546000.0,,-6999261000.0,-2.5269511329746175
アイ・ケイ・ケイホールディングス,2198,サービス業,プライム（内国株式）,2024-10-31,,22862598144,2.1991832,23263539000.0,2490989000.0,0.06668,1702027000.0,0.05051,0.11229999,0.5107732653156271,15.833333,10081122000.0,5818717000.0,7797077000.0,3596586000.0,6729741000.0,,-2284045000.0,-0.09990312499104213
Ｈｅａｒｔｓｅｅｄ,219A,医薬品,グロース（内国株式）,2024-10-31,東京都,41053736960,5.7559466,873610000.0,-1038802000.0,0.19927,-812725000.0,0.19673,,0.937129099379506,,444346000.0,282074000.0,6403814000.0,5393000.0,5297166000.0,,5959468000.0,0.14516261956387808
森永製菓,2201,食料品,プライム（内国株式）,2025-03-31,,227948675072,1.8496715,228957000000.0,21267000000.0,0.117740005,17710000000.0,0.07696,0.1398,0.623203451658682,13.77437,77595000000.0,51889000000.0,104667000000.0,20188000000.0,31062000000.0,10251000000.0,34247700000.0,0.15024303163500513
中村屋,2204,食料品,スタンダード（内国株式）,2025-03-31,東京都,17790992384,0.70548606,37247627000.0,1070416000.0,-0.23627001,884947000.0,0.009649999,,0.6214340758785899,,16471007000.0,4475367000.0,11202339000.0,495045000.0,2616883000.0,6529882000.0,-697750600.0,-0.03921931868328543
江崎グリコ,2206,食料品,プライム（内国株式）,2024-12-31,大阪府,316406333440,1.1892653,331129000000.0,11070000000.0,0.00723,8113000000.0,0.02398,0.030480001,0.7200235063040837,29.689367,105173000000.0,86612000000.0,165424000000.0,165000000.0,60243000000.0,46694000000.0,92936800000.0,0.29372610525706677
ｍｅｉｔｏ,2207,食料品,プライム（内国株式）,2025-03-31,愛知県,35751481344,0.6416364,28071000000.0,1411000000.0,0.07612,4719000000.0,0.16769,0.08623,0.658997899789979,,28414000000.0,8838000000.0,17395000000.0,9138000000.0,7194000000.0,43064000000.0,19125800000.0,0.5349652456627448
ブルボン,2208,食料品,スタンダード（内国株式）,2025-03-31,新潟県,59374305280,0.9549156,113475000000.0,7471000000.0,0.05375,5566000000.0,0.044120003,0.08477,0.6416072788739449,18.74809,34348000000.0,25884000000.0,46294000000.0,3686000000.0,17391000000.0,4331000000.0,14977700000.0,0.2522589515678119
井村屋グループ,2209,食料品,プライム（内国株式）,2025-03-31,三重県,33682270208,1.5367055,51121689000.0,3005704000.0,0.03187,2198442000.0,0.0425,0.10288,0.6031336318785894,,14554353000.0,11999704000.0,12973043000.0,1949256000.0,1516238000.0,2435806000.0,123754200.0,0.0036741644561299994
Ｆａｂｅｒ　Ｃｏｍｐａｎｙ,220A,情報・通信業,スタンダード（内国株式）,2024-09-30,東京都,2961939968,1.2750725,2317183000.0,334530000.0,0.12845999,219278000.0,0.0922,,0.8202273443252899,,461656000.0,461655000.0,2531634000.0,,2298508000.0,,2069978000.0,0.6988588635703233
不二家,2211,食料品,プライム（内国株式）,2024-12-31,東京都,67274473472,1.1719655,109984000000.0,2299000000.0,0.00667,1672000000.0,0.014630001,0.0336,0.6401521013419407,44.84536,27401000000.0,24455000000.0,35406000000.0,4723000000.0,8371000000.0,6858000000.0,12805600000.0,0.19034857263252697
山崎製パン,2212,食料品,プライム（内国株式）,2024-12-31,東京都,630002548736,1.4945328,1244488000000.0,51874000000.0,0.053850003,36015000000.0,0.0293,0.085880004,0.47641615757624795,16.458506,404619000000.0,269953000000.0,341404000000.0,101047000000.0,152443000000.0,76726000000.0,-9506800000.0,-0.01509009768146793
第一屋製パン,2215,食料品,スタンダード（内国株式）,2024-12-31,,4271744512,0.525559,27183000000.0,607000000.0,0.00921,2055000000.0,0.00945,0.03223,0.5103605601672898,,7727000000.0,4455000000.0,8131000000.0,32000000.0,3956000000.0,16000000.0,415200000.0,0.09719682411568344
カンロ,2216,食料品,スタンダード（内国株式）,2024-12-31,東京都,74416594944,4.1647015,31778392000.0,4284214000.0,0.14869,3260024000.0,0.10222,0.19976999,0.5782757694816445,8.2216015,12274619000.0,9616894000.0,15937909000.0,120158000.0,5041259000.0,161295000.0,3776196500.0,0.050744010833089916
モロゾフ,2217,食料品,プライム（内国株式）,2025-01-31,兵庫県,32465917952,1.6431037,36017735000.0,2058796000.0,0.00031,1414986000.0,0.03355,0.061139997,0.7613315268137295,6.969163,6107768000.0,5412268000.0,15293576000.0,1510000000.0,4594650000.0,1274819000.0,10078181300.0,0.3104234204897679
亀田製菓,2220,食料品,プライム（内国株式）,2025-03-31,新潟県,84122484736,0.90869546,103262000000.0,5500000000.0,0.04738,5417000000.0,0.0,,0.6103001727729247,,44955000000.0,25081000000.0,33275000000.0,24719000000.0,10098000000.0,18096000000.0,987200000.0,0.011735269150668946
岩塚製菓,2221,食料品,スタンダード（内国株式）,2025-03-31,新潟県,30878648320,0.43950292,24954321000.0,815215000.0,0.04127,2909027000.0,0.10937,0.04147,0.7458688034136717,,23152551000.0,4799660000.0,12112581000.0,405200000.0,4063481000.0,63601080000.0,33480786000.0,1.0842698052399724
寿スピリッツ,2222,食料品,プライム（内国株式）,2025-03-31,鳥取県,286782160896,7.6552696,72349000000.0,17611000000.0,0.2027,12122000000.0,0.0,0.34451,0.7710850327048865,20.180397,11897000000.0,9735000000.0,37649000000.0,300000000.0,26081000000.0,211000000.0,25899700000.0,0.09031140542034058
コモ,2224,食料品,スタンダード（内国株式）,2025-03-31,愛知県,11413791744,5.709747,7111216000.0,66184000.0,-0.00484,42638000.0,0.0,0.0,0.43150140444237556,,2686767000.0,1945444000.0,1527673000.0,1639853000.0,271448000.0,216457000.0,-1007574100.0,-0.08827689540854479
湖池屋,2226,食料品,スタンダード（内国株式）,2025-03-31,東京都,49125117952,2.6147063,59383000000.0,4019000000.0,0.04677,2590000000.0,0.03856,0.13379,0.4883369606964537,,19648000000.0,12308000000.0,18558000000.0,5211000000.0,3567000000.0,296000000.0,-882800000.0,-0.0179704403124809
カルビー,2229,食料品,プライム（内国株式）,2025-03-31,東京都,366065352704,1.8207499,322564000000.0,29066000000.0,0.06429,20874000000.0,0.0,,0.6428537859253248,17.73393,104103000000.0,55705000000.0,133837000000.0,36554000000.0,56755000000.0,3263000000.0,32018100000.0,0.08746552975716824
森永乳業,2264,食料品,プライム（内国株式）,2025-03-31,東京都,284251881472,1.0901153,561173000000.0,29658000000.0,0.0615,5459000000.0,0.012510001,0.01476,0.5117452533804232,13.947676,249322000000.0,170112000000.0,198069000000.0,104731000000.0,28559000000.0,19703000000.0,-37460900000.0,-0.13178769409021504
六甲バター,2266,食料品,プライム（内国株式）,2024-12-31,兵庫県,23788587008,0.77170444,42924075000.0,1865109000.0,0.040289998,1041147000.0,0.04998,0.13861,0.6004106809895259,,20540445000.0,19013976000.0,24889952000.0,7144305000.0,6179881000.0,2870928000.0,6359156600.0,0.26731964356947485
ヤクルト本社,2267,食料品,プライム（内国株式）,2025-03-31,東京都,696706007040,1.2766839,499683000000.0,55392000000.0,0.09355,45533000000.0,0.08719,0.08384,0.664258599564743,13.414428,234804000000.0,157814000000.0,377892000000.0,108103000000.0,269057000000.0,68019000000.0,190701300000.0,0.2737184667177001
Ｂ－Ｒ　サーティワン　アイスクリーム,2268,食料品,スタンダード（内国株式）,2024-12-31,東京都,39699648512,2.6355736,30688195000.0,2363900000.0,0.13520999,1543640000.0,0.05467,0.12703,0.5181470150861135,,12679863000.0,8713011000.0,14548287000.0,2464069000.0,8033572000.0,,1868424000.0,0.04706399351206427
明治ホールディングス,2269,食料品,プライム（内国株式）,2025-03-31,東京都,816464330752,1.1003188,1154074000000.0,84702000000.0,0.06489,50800000000.0,0.04086,0.06408,0.6317481544519414,14.393506,392690000000.0,307077000000.0,540765000000.0,47799000000.0,78191000000.0,78354000000.0,202922800000.0,0.24853847542010693
雪印メグミルク,2270,食料品,プライム（内国株式）,2025-03-31,東京都,183378624512,0.8122928,615819000000.0,19127000000.0,0.022820001,13904000000.0,0.02859,0.075430006,0.5676068786493239,13.699264,183037000000.0,119263000000.0,173706000000.0,55857000000.0,21374000000.0,56370000000.0,30128000000.0,0.1642939578163783
プリマハム,2281,食料品,プライム（内国株式）,2025-03-31,東京都,121485885440,1.0179002,458354000000.0,8949000000.0,0.02185,7076000000.0,0.01444,0.04893,0.4982304578273027,13.971098,109383000000.0,81718000000.0,99561000000.0,22075000000.0,12288000000.0,9275000000.0,-3329500000.0,-0.027406475969954457
日本ハム,2282,食料品,プライム（内国株式）,2025-03-31,大阪府,562260344832,1.095998,1370553000000.0,35934000000.0,0.052699998,26585000000.0,0.0,0.048779998,0.5523106127643078,16.797,412200000000.0,257743000000.0,406308000000.0,223902000000.0,71557000000.0,27514000000.0,13367800000.0,0.023775107248572222
林兼産業,2286,食料品,スタンダード（内国株式）,2025-03-31,山口県,5969561088,0.52059186,49267000000.0,1076000000.0,0.03575,1055000000.0,0.02942,0.124989994,0.426679212507238,,15842000000.0,10665000000.0,15325000000.0,8410000000.0,3156000000.0,4286000000.0,2483200000.0,0.41597698112039155
丸大食品,2288,食料品,プライム（内国株式）,2025-03-31,大阪府,48911273984,0.73081523,234970000000.0,5470000000.0,0.03393,5488000000.0,0.015700001,0.05651,0.5474776711875621,,53914000000.0,40630000000.0,55746000000.0,19590000000.0,8983000000.0,16222000000.0,13187400000.0,0.2696188204853118
オプロ,228A,情報・通信業,グロース（内国株式）,2024-11-30,東京都,5560300544,4.415683,2104685000.0,214216000.0,0.15861,150872000.0,0.08599,,0.47043464731511114,,1215102000.0,1215101000.0,1993565000.0,,1766770000.0,,778463000.0,0.1400037630771636
福留ハム,2291,食料品,スタンダード（内国株式）,2025-03-31,広島県,2615888896,1.3511814,24621000000.0,-622000000.0,-0.03499,-640000000.0,-0.01605,-0.18456,0.14743231371296223,,10675000000.0,8041000000.0,5543000000.0,5843000000.0,1870000000.0,2059000000.0,-3690700000.0,-1.4108779641381222
Ｓ　Ｆｏｏｄｓ,2292,食料品,プライム（内国株式）,2025-02-28,兵庫県,82351398912,0.66771585,444546000000.0,5143000000.0,0.01554,2667000000.0,0.01232,0.0462,0.528068691862356,11.453745,100733000000.0,56589000000.0,128476000000.0,55592000000.0,41606000000.0,14433000000.0,37846100000.0,0.4595683922800391
滝沢ハム,2293,食料品,スタンダード（内国株式）,2025-03-31,栃木県,5345341440,1.5285509,28088795000.0,-432477000.0,-0.01508,-495221000.0,-0.02162,-0.16239001,0.27920069413345094,,8986037000.0,6619994000.0,5940378000.0,4958309000.0,1407371000.0,1728450000.0,-1835744000.0,-0.34342876327092026
柿安本店,2294,食料品,プライム（内国株式）,2025-04-30,三重県,25401075712,1.7661619,36104000000.0,1500000000.0,0.02772,701000000.0,0.01951,0.04874,0.7836528443425713,,4153000000.0,3629000000.0,11530000000.0,,7995000000.0,219000000.0,7530300000.0,0.29645594877080456
伊藤ハム米久ホールディングス,2296,食料品,プライム（内国株式）,2025-03-31,東京都,317140172800,1.1018889,988771000000.0,19577000000.0,0.03056,13097000000.0,0.01573,0.05815,0.6115663723825451,19.83606,180691000000.0,144439000000.0,277227000000.0,62544000000.0,20989000000.0,33322000000.0,119861400000.0,0.3779445503285038
きょくとう,2300,サービス業,スタンダード（内国株式）,2025-02-28,,2698952448,0.83589834,5380624000.0,100347000.0,0.02607,83050000.0,0.03429,0.07152,0.4869421994345122,,2255870000.0,1042760000.0,708342000.0,1236696000.0,469534000.0,670537000.0,-1078152100.0,-0.39947058007596287
学情,2301,サービス業,プライム（内国株式）,2024-10-31,東京都,23526948864,1.7141672,10730691000.0,2656632000.0,-0.27849,2229894000.0,0.17058,,0.8648839729551694,10.901741,2261810000.0,2029626000.0,8534419000.0,,4929331000.0,4929921000.0,9723553700.0,0.4132942931192661
ドーン,2303,情報・通信業,スタンダード（内国株式）,2025-05-31,兵庫県,7361800704,2.69017,1646699000.0,574137000.0,0.26372,418774000.0,0.24584,0.14918,0.8946225717003993,,323975000.0,277757000.0,2089143000.0,,1728578000.0,645138000.0,2216764600.0,0.3011171708024548
ＣＳＳホールディングス,2304,サービス業,スタンダード（内国株式）,2024-09-30,東京都,4945373696,1.6936197,17631382000.0,595967000.0,0.02214,429039000.0,0.02151,0.14483,0.4510028790495697,,3256170000.0,2857802000.0,3674946000.0,479487000.0,906589000.0,538668000.0,795843600.0,0.160926888223575
スタジオアリス,2305,サービス業,スタンダード（内国株式）,2025-02-28,大阪府,35122540544,1.2218236,35598139000.0,3021322000.0,-0.10325,1365115000.0,0.04577,0.05538,0.7223638651416017,,10150457000.0,5853997000.0,23315665000.0,2521154000.0,19517254000.0,1779666000.0,14410974200.0,0.4103055751888607
クロスキャット,2307,情報・通信業,プライム（内国株式）,2025-03-31,東京都,15857652736,2.8449326,16194800000.0,1836712000.0,0.08668,1316766000.0,0.0858,0.27131,0.5561015276261805,,4672826000.0,3701066000.0,8161046000.0,1504645000.0,2683140000.0,1255126000.0,4366808200.0,0.27537544633490957
エプコ,2311,サービス業,スタンダード（内国株式）,2024-12-31,東京都,7224854528,1.6141323,5607016000.0,334536000.0,0.08719,327110000.0,0.07592,0.10384,0.7978490734290477,17.973274,1176989000.0,1048510000.0,3105475000.0,500000000.0,2174498000.0,291390000.0,2132459000.0,0.29515597742980604
ＣＡＩＣＡ　ＤＩＧＩＴＡＬ,2315,情報・通信業,スタンダード（内国株式）,2024-10-31,東京都,16033692672,5.4236593,5606650000.0,-159737000.0,0.030840002,-359857000.0,0.12048,0.28570998,0.6842227884304929,,765791000.0,736732000.0,1646557000.0,169996000.0,698977000.0,621483000.0,1315804100.0,0.08206494454629397
システナ,2317,情報・通信業,プライム（内国株式）,2025-03-31,東京都,186591952896,5.673358,83621000000.0,12068000000.0,0.1559,8480000000.0,0.0,0.26937,0.627178238862486,20.714285,18813000000.0,18621000000.0,44184000000.0,1550000000.0,21860000000.0,3293000000.0,27676100000.0,0.14832418853253396
ソフトフロントホールディングス,2321,情報・通信業,グロース（内国株式）,2025-03-31,東京都,10654014464,5.613209,823600000.0,28671000.0,0.0,-81165000.0,-0.061479997,-0.02876,0.7211505232366754,,417834000.0,249867000.0,1625994000.0,0.0,1419489000.0,41568000.0,1237257600.0,0.116130647670951
ｆｏｎｆｕｎ,2323,情報・通信業,スタンダード（内国株式）,2025-03-31,東京都,5470073856,8.78614,1268700000.0,149639000.0,0.0678,169348000.0,0.0627,0.06981,0.4454683784626409,,1191694000.0,401885000.0,938495000.0,976138000.0,711061000.0,,-253199000.0,-0.04628804046626752
ＮＪＳ,2325,サービス業,プライム（内国株式）,2024-12-31,東京都,51900960768,1.803808,22594177000.0,2993320000.0,0.11878,2115656000.0,0.10694,0.09087,0.8394122410999064,26.001907,4931035000.0,4327452000.0,25463531000.0,3336000.0,17681274000.0,2111273000.0,22010387100.0,0.4240843863832806
デジタルアーツ,2326,情報・通信業,プライム（内国株式）,2025-03-31,,106342539264,6.2532716,9982000000.0,4559000000.0,0.35066003,3183000000.0,0.31493,0.19113001,0.7673575816502408,26.020458,5264000000.0,5209000000.0,20112000000.0,,17952000000.0,,14848000000.0,0.1396242755040783
日鉄ソリューションズ,2327,情報・通信業,プライム（内国株式）,2025-03-31,東京都,676272668672,2.6096,338301000000.0,38520000000.0,0.102740005,27049000000.0,0.077810004,0.10776,0.6199187281332631,23.618122,151488000000.0,119175000000.0,324824000000.0,29219000000.0,192931000000.0,29315000000.0,193856500000.0,0.28665434665676637
東北新社,2329,情報・通信業,スタンダード（内国株式）,2025-03-31,東京都,85896118272,1.0003158,45686000000.0,2682000000.0,0.03642,8363000000.0,0.0,0.10512,0.8203021545183022,,17690000000.0,15484000000.0,78986000000.0,437000000.0,62611000000.0,8854000000.0,67493800000.0,0.7857607696109511
フォーサイド,2330,情報・通信業,スタンダード（内国株式）,2024-12-31,東京都,9764738048,3.484917,5340240000.0,50293000.0,0.05639,64417000.0,0.045089997,0.14442,0.701188688818539,,1065369000.0,897607000.0,3256967000.0,245676000.0,1404029000.0,176469000.0,2315126300.0,0.2370904665972254
ＡＬＳＯＫ,2331,サービス業,プライム（内国株式）,2025-03-31,東京都,530427838464,1.5629096,551881000000.0,40202000000.0,0.07395,27105000000.0,0.05208,0.084180005,0.5912488076561577,19.506525,196404000000.0,108892000000.0,256722000000.0,54744000000.0,150226000000.0,64291000000.0,105321700000.0,0.19855990270983517
クエスト,2332,情報・通信業,スタンダード（内国株式）,2025-03-31,,8722644992,1.2256348,14936146000.0,1055674000.0,0.050229996,767591000.0,0.0481,0.11005,0.7387376358629231,,2565262000.0,2151769000.0,7122068000.0,11678000.0,3331256000.0,808502000.0,5122757400.0,0.5872940380696855
イオレ,2334,サービス業,グロース（内国株式）,2025-03-31,東京都,8882563072,14.023888,3549234000.0,-20189000.0,0.03733,-493222000.0,-0.10519,-0.58952,0.29670468269862865,,736052000.0,596045000.0,920490000.0,220002000.0,375712000.0,49764000.0,219272800.0,0.02468575772810454
キューブシステム,2335,情報・通信業,プライム（内国株式）,2025-03-31,東京都,17420328960,1.6063933,18351000000.0,1386000000.0,0.088870004,1261000000.0,0.070539996,0.12591,0.7569260754559376,,3492000000.0,2387000000.0,9806000000.0,230000000.0,6233000000.0,2170000000.0,7833000000.0,0.44964707715829494
いちご,2337,不動産業,プライム（内国株式）,2025-02-28,東京都,155811151872,1.3759475,83576000000.0,16309000000.0,0.20222001,15187000000.0,0.18764,0.15406,0.2746689942588791,10.713271,284011000000.0,29143000000.0,195998000000.0,262112000000.0,42689000000.0,24300000000.0,-71003000000.0,-0.45569908923033625
クオンタムソリューションズ,2338,情報・通信業,スタンダード（内国株式）,2025-02-28,東京都,27429586944,409.34067,698089000.0,-477473000.0,-2.22951,-317243000.0,-1.95221,-2.74419,0.7319192081063091,,86989000.0,86988000.0,286345000.0,,136130000.0,,199356000.0,0.007267918412588692
極楽湯ホールディングス,2340,サービス業,スタンダード（内国株式）,2025-03-31,東京都,15236043776,3.8788207,15164192000.0,1140259000.0,0.04966,769850000.0,0.04818,0.21636999,0.2933053193437417,45.327103,9204306000.0,3800283000.0,4134303000.0,3191871000.0,2897639000.0,248499000.0,-4896053700.0,-0.321346786080539
アルバイトタイムス,2341,サービス業,スタンダード（内国株式）,2025-02-28,東京都,3090922496,1.1322069,4160588000.0,68537000.0,0.02705,-467935000.0,-0.09677,-0.14476,0.8347682095252792,,548210000.0,523007000.0,2509532000.0,3994000.0,1979102000.0,14477000.0,1971455900.0,0.637821201454027
トランスジェニックグループ,2342,サービス業,グロース（内国株式）,2025-03-31,福岡県,3380603392,0.706795,13005126000.0,-259508000.0,0.01408,-1089641000.0,-0.07237,-0.18361999,0.49681940006878494,,4730220000.0,3272076000.0,6698896000.0,2575060000.0,2555397000.0,107693000.0,2044061100.0,0.6046438647127761
平安レイサービス,2344,サービス業,スタンダード（内国株式）,2025-03-31,神奈川県,11684774912,0.54510254,10597522000.0,1742738000.0,0.14629,1362443000.0,0.1345,0.06768,0.6258961602621999,,12918259000.0,1347131000.0,8214178000.0,,5725808000.0,5308282000.0,-988283600.0,-0.08457874519988015
クシム,2345,情報・通信業,スタンダード（内国株式）,2024-10-31,東京都,4500350464,10.466027,1613430000.0,-1133734000.0,-13.2,-1960239000.0,0.0,-1.3698599,0.01654614546292473,,85106288000.0,83447854000.0,85470772000.0,1369520000.0,1541653000.0,895027000.0,991002900.0,0.2202057168497
エヌアイデイ,2349,情報・通信業,スタンダード（内国株式）,2025-03-31,東京都,25128783872,1.1578485,24968551000.0,3077127000.0,0.09272,2367179000.0,0.09201,0.112440005,0.762563062540387,,6703577000.0,3492913000.0,20769041000.0,,16201663000.0,5114030000.0,17645285000.0,0.7021941487451542
ＡＳＪ,2351,情報・通信業,グロース（内国株式）,2025-03-31,埼玉県,2721560832,0.95946866,2741544000.0,161126000.0,0.0017200001,246771000.0,0.09111,0.08846,0.5934608479137605,,1981495000.0,1233021000.0,1883228000.0,693783000.0,989514000.0,236353000.0,67180100.0,0.024684401395735547
日本駐車場開発,2353,不動産業,プライム（内国株式）,2024-07-31,大阪府,87448125440,4.5388765,,,0.12071,,0.13029,0.26781,0.3763625885598462,16.428572,23568907000.0,8026900000.0,20970160000.0,15952920000.0,16616696000.0,3415695000.0,-207760500.0,-0.0023758142207696478
ＹＥ　ＤＩＧＩＴＡＬ,2354,情報・通信業,スタンダード（内国株式）,2025-02-28,福岡県,12282102784,1.6806394,19944692000.0,1408098000.0,0.068909995,1038798000.0,0.04711,0.13293,0.5466622781268837,,5980898000.0,4117834000.0,9746938000.0,,3196971000.0,32185000.0,3788569500.0,0.3084626115436358
コア,2359,情報・通信業,プライム（内国株式）,2025-03-31,東京都,31659360256,1.7199428,24599166000.0,3175466000.0,0.1155,2242340000.0,0.0,0.12971,0.7366376081407013,,6625601000.0,5996063000.0,16386561000.0,1516076000.0,7586071000.0,1921175000.0,11105782500.0,0.3507898583609333
メディネット,2370,サービス業,グロース（内国株式）,2024-09-30,東京都,9265519616,1.2494199,768501000.0,-1384791000.0,-1.57018,-1276994000.0,0.0,-0.69344,0.910655573627582,,509266000.0,268922000.0,5013076000.0,781000.0,4651181000.0,101522000.0,4574875400.0,0.4937527078459752
カカクコム,2371,サービス業,プライム（内国株式）,2025-03-31,東京都,548841127936,9.831118,78435000000.0,29882000000.0,0.33332002,20032000000.0,0.24471001,0.3739,0.6610519336071184,22.36821,31370000000.0,27514000000.0,71541000000.0,4250000000.0,50859000000.0,6030000000.0,44392000000.0,0.08088315131729071
ケア２１,2373,サービス業,スタンダード（内国株式）,2024-10-31,大阪府,7079093760,1.6528351,45396768000.0,-460644000.0,0.03234,278421000.0,0.0126600005,0.1454,0.14877059000286846,,26940941000.0,11958667000.0,12193725000.0,19493872000.0,3076769000.0,1509769000.0,-13690377700.0,-1.9339167080052913
セントケア・ホールディング,2374,サービス業,プライム（内国株式）,2025-03-31,東京都,21707313152,1.2957274,56298350000.0,2429584000.0,0.04658,1487309000.0,0.03036,0.10613,0.5532499848444569,9.035897,13618681000.0,7442303000.0,17071094000.0,4408605000.0,7186572000.0,149288000.0,3556914600.0,0.16385789319450086
ギグワークス,2375,サービス業,スタンダード（内国株式）,2024-10-31,東京都,4679285248,1.726042,25369014000.0,-404147000.0,0.0315,-725553000.0,-0.00927,-0.07795,0.30827022672678284,8.368794,5715832000.0,4189827000.0,5715588000.0,2425583000.0,1743911000.0,45530000.0,31627000.0,0.006758938240304516
サイネックス,2376,サービス業,スタンダード（内国株式）,2025-03-31,東京都,4155515392,0.5223776,16491468000.0,478098000.0,0.00024000001,274892000.0,0.012180001,0.025969999,0.5431445968635565,,6766447000.0,2533547000.0,7060792000.0,3166920000.0,4657472000.0,1041181000.0,1023171700.0,0.2462201684945654
ルネサンス,2378,サービス業,プライム（内国株式）,2025-03-31,東京都,20747821056,1.729646,63737043000.0,1946858000.0,-0.01805,766000000.0,0.00968,0.052729998,0.21860503560221614,22.048193,43317094000.0,15586013000.0,12591159000.0,29012326000.0,7680354000.0,42198000.0,-30696396400.0,-1.479499766127152
ディップ,2379,サービス業,プライム（内国株式）,2025-02-28,東京都,114207809536,3.0542746,56386193000.0,13405747000.0,0.16111,8951259000.0,0.13413,0.21058,0.7171853063515723,10.93304,14270635000.0,11046647000.0,26264138000.0,,18156176000.0,5110230000.0,15570664000.0,0.1363362458597185
ＳＢＳホールディングス,2384,陸運業,プライム（内国株式）,2024-12-31,東京都,139407966208,1.5815576,448145000000.0,17704000000.0,0.02753,9619000000.0,0.01302,0.06524,0.2780353433957269,12.446809,204342000000.0,116005000000.0,157861000000.0,104514000000.0,29703000000.0,15689000000.0,-35498700000.0,-0.25463896336479863
総医研ホールディングス,2385,サービス業,グロース（内国株式）,2025-06-30,大阪府,5074690560,0.8426905,4848534000.0,-137540000.0,-0.01199,-210696000.0,-0.043319996,-0.03419,0.8839370728965745,4.7877593,775159000.0,756194000.0,6597302000.0,,4958351000.0,26351000.0,5840588700.0,1.1509250920710326
ウェッジホールディングス,2388,その他金融業,グロース（内国株式）,2024-09-30,東京都,2929400576,0.908062,860955000.0,-14733000.0,-0.104399994,-942980000.0,-0.41727,-0.1079,0.8042866112318764,,741879000.0,280250000.0,1477324000.0,451992000.0,511589000.0,,735445000.0,0.2510564809829545
デジタルホールディングス,2389,サービス業,プライム（内国株式）,2024-12-31,東京都,41153003520,1.4488958,16155000000.0,985000000.0,-0.014839999,1341000000.0,0.118999995,0.05529,0.6364145425887135,-68.7172,15152000000.0,10322000000.0,37016000000.0,4084000000.0,21741000000.0,8543000000.0,27844100000.0,0.6765994609960366
プラネット,2391,サービス業,スタンダード（内国株式）,2024-07-31,東京都,8195631616,1.4544154,3172550000.0,642305000.0,0.16853,458101000.0,0.1265,0.07233,0.8275998551632265,,1130315000.0,578517000.0,3219530000.0,,2677903000.0,1289289000.0,2991717300.0,0.3650380397966389
日本ケアサプライ,2393,サービス業,スタンダード（内国株式）,2025-03-31,東京都,34975531008,2.0795457,32006970000.0,2459284000.0,0.08095,1792234000.0,0.05817,0.1169,0.6554581732964968,,9194017000.0,7966660000.0,5790199000.0,2256851000.0,740611000.0,459756000.0,-3081988800.0,-0.0881184276886333
新日本科学,2395,サービス業,プライム（内国株式）,2025-03-31,鹿児島県,64113029120,1.8053144,32413807000.0,2985223000.0,-0.05263,4924848000.0,0.15185,0.14458999,0.43306910059834763,16.684723,52330920000.0,29256146000.0,32939848000.0,34474036000.0,12032136000.0,19762231000.0,-5557510300.0,-0.08668300930842059
鉄人化ホールディングス,2404,サービス業,スタンダード（内国株式）,2024-08-31,東京都,6633947136,10.243981,7069182000.0,69256000.0,-0.0040700003,4019000.0,0.04165,0.76223,0.05166717210848754,,4102723000.0,2084984000.0,1577500000.0,2645220000.0,738605000.0,,-2525223000.0,-0.380651661557045
ＫＧ情報,2408,サービス業,スタンダード（内国株式）,2024-12-31,岡山県,5109380096,0.87399566,2467056000.0,304712000.0,0.12023,241038000.0,0.094569996,0.04301,0.8779646024406544,,821148000.0,540380000.0,5521602000.0,,5084617000.0,57420000.0,4740648000.0,0.9278323223029207
キャリアデザインセンター,2410,サービス業,プライム（内国株式）,2024-09-30,東京都,11654411264,2.668289,17734862000.0,1432862000.0,0.11736,984351000.0,-0.0251,-0.066300005,0.6054721096665874,16.29875,2566961000.0,2295513000.0,4267997000.0,0.0,2712308000.0,,1701036000.0,0.1459564075325221
ゲンダイエージェンシー,2411,情報・通信業,スタンダード（内国株式）,2025-03-31,東京都,5136999936,1.3461744,7679000000.0,419000000.0,0.09652001,358000000.0,0.06576,0.1295,0.7312913331012878,,1544000000.0,1269000000.0,4721000000.0,674000000.0,3693000000.0,163000000.0,3291100000.0,0.6406657662064646
エムスリー,2413,サービス業,プライム（内国株式）,2025-03-31,東京都,1494242164736,3.998266,284900000000.0,60299000000.0,0.22943,40484000000.0,0.13448,0.11527,0.6505231709643983,30.76762,168942000000.0,82114000000.0,243425000000.0,24420000000.0,134933000000.0,3442000000.0,76892400000.0,0.05145912879093812
ヒューマンホールディングス,2415,サービス業,スタンダード（内国株式）,2025-03-31,東京都,21191798784,1.1960602,100328796000.0,3404820000.0,0.025209999,2607053000.0,0.0272,0.16471,0.35661683770142544,9.019435,32647693000.0,24418537000.0,41590435000.0,9804868000.0,27836939000.0,409201000.0,9229182700.0,0.43550728251384285
ツカダ・グローバルホールディング,2418,サービス業,スタンダード（内国株式）,2024-12-31,東京都,30964611072,0.8756462,63545000000.0,7408000000.0,0.14353,5147000000.0,0.09448,0.18456,0.28853022531353223,,77681000000.0,20877000000.0,26315000000.0,59404000000.0,21182000000.0,4673000000.0,-48094900000.0,-1.5532215111040164
ＲＯＸＸ,241A,情報・通信業,グロース（内国株式）,2024-09-30,,5251228672,39.160385,3476794000.0,-470040000.0,0.031,-499941000.0,-0.17413001,,0.24458233482147446,,2792276000.0,1837428000.0,3559399000.0,1557384000.0,2594956000.0,995000.0,767819500.0,0.1462171137383674
ブラス,2424,サービス業,スタンダード（内国株式）,2024-07-31,愛知県,3483723008,0.83844084,12726515000.0,454320000.0,0.04873,275052000.0,0.030380001,0.10374,0.3502989624042005,,7026455000.0,3233171000.0,2122278000.0,4252638000.0,1635688000.0,,-4904177000.0,-1.4077402218081283
ケアサービス,2425,サービス業,スタンダード（内国株式）,2025-03-31,東京都,3080072704,1.081107,9862197000.0,520964000.0,-0.00303,374023000.0,0.03313,0.11739001,0.7096795101946884,,1195932000.0,907360000.0,3355957000.0,67314000.0,1843945000.0,,2160025000.0,0.7012902640885194
ウェルネット,2428,サービス業,スタンダード（内国株式）,2024-06-30,東京都,13036878848,1.4713136,10132265000.0,1222367000.0,0.09295,836790000.0,0.09872,0.12505001,,14.543569,18762443000.0,,21746583000.0,,,,2984140000.0,0.22889987970224943
ワールドホールディングス,2429,サービス業,プライム（内国株式）,2024-12-31,福岡県,46879744000,1.01928,242226000000.0,9219000000.0,0.03627,4981000000.0,0.02619,0.1588,0.25619085851924067,7.3245735,126914000000.0,85195000000.0,148625000000.0,85892000000.0,42739000000.0,1437000000.0,22716900000.0,0.4845781581059828
ディー・エヌ・エー,2432,サービス業,プライム（内国株式）,2025-03-31,東京都,289026113536,1.0759641,163997000000.0,28973000000.0,0.33071998,24193000000.0,0.18833,0.1245,0.6132454564826936,27.233128,141312000000.0,88795000000.0,142688000000.0,48406000000.0,92803000000.0,108473000000.0,77307100000.0,0.26747444739234927
博報堂ＤＹホールディングス,2433,サービス業,プライム（内国株式）,2025-03-31,東京都,417239990272,1.0953275,953316000000.0,37584000000.0,0.014889999,10768000000.0,0.00936,0.0234,0.3717238102402325,20.333096,636511000000.0,469834000000.0,713273000000.0,121558000000.0,211504000000.0,126834000000.0,165545800000.0,0.39676398202406293
シダー,2435,サービス業,スタンダード（内国株式）,2025-03-31,,2536163584,1.7229418,17829000000.0,892000000.0,0.04419,444000000.0,0.02627,0.36106,0.07423886417037444,,18507000000.0,6466000000.0,4598000000.0,14471000000.0,1481000000.0,,-13909000000.0,-5.48426768988731
共同ピーアール,2436,サービス業,スタンダード（内国株式）,2024-12-31,東京都,7543689216,1.9935763,7323625000.0,1074737000.0,0.13825,526170000.0,0.07998,0.18441999,0.6115795120747279,,1921037000.0,1566636000.0,4745510000.0,539067000.0,3259899000.0,116194000.0,2905808800.0,0.38519731086440345
Ｓｈｉｎｗａ　Ｗｉｓｅ　Ｈｏｌｄｉｎｇｓ,2437,サービス業,スタンダード（内国株式）,2025-05-31,東京都,3118042368,1.4680022,2067589000.0,12323000.0,-0.98551005,-142340000.0,-0.24497,-0.17584999,0.7086672425752167,,965193000.0,712879000.0,2643516000.0,292573000.0,1221441000.0,7564000.0,1683617800.0,0.539959885496976
アスカネット,2438,サービス業,グロース（内国株式）,2025-04-30,広島県,5716118016,1.0922261,7263016000.0,173663000.0,-0.01082,-263056000.0,-0.03424,-0.04445,0.8483479718630271,,962873000.0,957331000.0,3073565000.0,,1686873000.0,331602000.0,2342813400.0,0.40986092194776685
ぐるなび,2440,サービス業,プライム（内国株式）,2025-03-31,東京都,11788088320,2.350533,13458275000.0,262474000.0,0.00811,211017000.0,0.01076,0.02607,0.44437733193385476,-18.173914,6150898000.0,3647504000.0,8644503000.0,3400000000.0,5042128000.0,367422000.0,2750800400.0,0.23335424076632638
タカミヤ,2445,サービス業,プライム（内国株式）,2025-03-31,大阪府,16610923520,0.761375,43827000000.0,2062000000.0,0.0207,1230000000.0,0.02362,0.04617,0.29840428365922533,,52494000000.0,25210000000.0,28888000000.0,40020000000.0,8844000000.0,532000000.0,-23233600000.0,-1.3986940564759158
プラップジャパン,2449,サービス業,スタンダード（内国株式）,2024-08-31,東京都,4928379904,0.9189137,6885124000.0,572611000.0,0.099709995,226653000.0,0.06443,0.09516,0.7376968874659421,,1559402000.0,1511729000.0,6058517000.0,0.0,4415680000.0,82596000.0,4556932200.0,0.924630870339658
グロースエクスパートナーズ,244A,情報・通信業,グロース（内国株式）,2024-08-31,東京都,6095078912,1.81043,4422114000.0,1954849000.0,0.13659,417459000.0,0.11797,0.22634001,0.5404436245825486,,1625285000.0,1331934000.0,1978913000.0,841819000.0,1114214000.0,418925000.0,646875500.0,0.10613078343029006
オールアバウト,2454,サービス業,スタンダード（内国株式）,2025-03-31,東京都,5538211840,1.383875,15954371000.0,10801000.0,0.00457,-39054000.0,0.00438,0.02022,0.4820961577147455,,3963657000.0,3877676000.0,5999469000.0,,1632761000.0,558510000.0,2426769000.0,0.438186380389523
アウンコンサルティング,2459,サービス業,スタンダード（内国株式）,2025-05-31,東京都,2430907136,7.8669415,270833000.0,-105018000.0,-0.46939,-115137000.0,-0.44358003,-0.30811,0.44024270235282353,,425476000.0,207231000.0,629324000.0,228685000.0,442955000.0,91718000.0,268050600.0,0.11026772517566051
ＩＮＧＳ,245A,小売業,グロース（内国株式）,2024-08-31,東京都,7311374848,3.735079,6418581000.0,450593000.0,0.056999996,285899000.0,0.03518,0.19927,0.22319254817485804,,2680820000.0,1251541000.0,1306961000.0,1728013000.0,1005752000.0,,-1373859000.0,-0.18790706653151754
ファンコミュニケーションズ,2461,サービス業,プライム（内国株式）,2024-12-31,東京都,34117941248,1.9551864,6961663000.0,1595823000.0,0.2633,1419402000.0,0.17803,0.073410004,0.7732054878154511,34.10596,5297202000.0,5182938000.0,20785954000.0,,16917898000.0,1140546000.0,16287134200.0,0.4773774033318835
ライク,2462,サービス業,プライム（内国株式）,2025-05-31,大阪府,29341607936,1.677278,62336226000.0,2951072000.0,0.029289998,2097221000.0,0.03435,0.12952,0.4400391589237566,9.877261,22648436000.0,12232112000.0,17232215000.0,11853254000.0,8837256000.0,441087000.0,-5107460100.0,-0.17406885509275452
Ａｏｂａ‐ＢＢＴ,2464,サービス業,スタンダード（内国株式）,2025-03-31,東京都,4394173440,0.9914654,7700028000.0,440721000.0,0.04164,242700000.0,0.033469997,0.05789,0.6164435969709804,,2839234000.0,2452142000.0,3179192000.0,112500000.0,2765020000.0,13487000.0,349398900.0,0.07951413497233281
ヒビノ,2469,サービス業,スタンダード（内国株式）,2025-03-31,東京都,27108165632,2.3441813,59473000000.0,4171000000.0,0.05901,1722000000.0,0.03331,0.18132,0.25906782734856726,8.621885,32105000000.0,21730000000.0,26614000000.0,19125000000.0,3786000000.0,223000000.0,-5334900000.0,-0.19680047969392606
アスア,246A,サービス業,グロース（内国株式）,2024-06-30,愛知県,1844471168,1.7829301,1363674000.0,164255000.0,0.15311,118266000.0,0.07604,0.13012,0.4897608127925344,,595318000.0,539252000.0,776224000.0,227000000.0,556209000.0,,180906000.0,0.09808014521374182
エスプール,2471,サービス業,プライム（内国株式）,2024-11-30,東京都,23509198848,2.467638,25554000000.0,2783000000.0,0.08365,2099000000.0,0.0,0.19778,0.2476708465528529,12.250712,29888000000.0,11527000000.0,8777000000.0,24002000000.0,3814000000.0,1134000000.0,-20317200000.0,-0.8642234102217586
ＷＤＢホールディングス,2475,サービス業,プライム（内国株式）,2025-03-31,兵庫県,33032740864,1.0327337,51136663000.0,5068340000.0,0.101789996,3051142000.0,0.0656,0.11316,0.7638674194899335,9.438833,8512179000.0,6936261000.0,27406101000.0,,20574579000.0,127731000.0,18983333700.0,0.5746823667511213
手間いらず,2477,情報・通信業,スタンダード（内国株式）,2025-06-30,東京都,20519292928,12.036364,2185279000.0,1608944000.0,0.18621,1067422000.0,0.18045999,0.06313,0.937702192178492,19.678953,449670000.0,449668000.0,7144462000.0,,6588033000.0,,6694792000.0,0.32626816252837304
ジェイテック,2479,サービス業,スタンダード（内国株式）,2025-03-31,東京都,2001675008,1.5027561,3393007000.0,329229000.0,0.02836,228153000.0,0.059970003,0.16143,0.6397788520759896,,798928000.0,535136000.0,2071342000.0,82857000.0,1500073000.0,5031000.0,1275935700.0,0.6374339964782135
Ａｉロボティクス,247A,化学,グロース（内国株式）,2025-03-31,東京都,104518098944,31.570778,14206033000.0,2480288000.0,0.00403,1703320000.0,0.08483,,0.47512891011560787,,3656505000.0,2741488000.0,6557367000.0,1683329000.0,3932150000.0,,2900862000.0,0.027754637993887162
システム・ロケーション,2480,情報・通信業,スタンダード（内国株式）,2025-03-31,東京都,5941517312,1.5971608,1666925000.0,536162000.0,0.37383,330829000.0,0.18019,0.08186,0.8445270279983653,,681339000.0,163150000.0,2416683000.0,,2166895000.0,979134000.0,2420737800.0,0.4074275429797822
タウンニュース社,2481,サービス業,スタンダード（内国株式）,2025-06-30,神奈川県,3682255616,0.72102106,3677022000.0,462352000.0,-0.024149999,389136000.0,0.105790004,0.07854,0.8819199914364715,,683920000.0,525519000.0,2618148000.0,,2278376000.0,1342502000.0,2873979400.0,0.7804942675658071
翻訳センター,2483,サービス業,スタンダード（内国株式）,2025-03-31,大阪府,6603201024,0.9929626,11210147000.0,890488000.0,0.07981,723716000.0,0.06745,0.11762,0.7651120086226292,9.485082,2075537000.0,1848387000.0,7667084000.0,,4825751000.0,346316000.0,5833968200.0,0.883506072099858
出前館,2484,情報・通信業,スタンダード（内国株式）,2024-08-31,東京都,17309988864,0.60401535,50411000000.0,-5992000000.0,-0.19338,-3705000000.0,-0.12515001,-0.15255,0.7623219239513589,203.94737,11395000000.0,11231000000.0,47544000000.0,,34511000000.0,3000000.0,36151100000.0,2.0884531055467233
ティア,2485,サービス業,スタンダード（内国株式）,2024-09-30,愛知県,11544898560,1.3128163,18839000000.0,1439000000.0,0.049310002,752000000.0,0.05584,0.14332,0.2995315816438557,,19141000000.0,5880000000.0,5740000000.0,12235000000.0,4293000000.0,1000000.0,-13400300000.0,-1.160711801005205
ＪＴＰ,2488,サービス業,スタンダード（内国株式）,2025-03-31,東京都,8821853184,2.9681356,9211357000.0,820163000.0,0.053260002,562703000.0,0.042680003,0.11047,0.6183623595296531,,2255941000.0,1506919000.0,5221856000.0,,3295753000.0,,2965915000.0,0.3362009022525125
アドウェイズ,2489,サービス業,プライム（内国株式）,2024-12-31,東京都,11880964096,0.888694,12684500000.0,166387000.0,-0.0941,-473463000.0,-0.0596,-0.04891,0.5948773871871057,10.818505,8999450000.0,8633050000.0,18379481000.0,,10035171000.0,2779210000.0,11325478000.0,0.9532457053559301
キッズスター,248A,情報・通信業,グロース（内国株式）,2024-12-31,東京都,4934734848,2.151597,908174000.0,169032000.0,0.0,104916000.0,0.0,,0.8348863344341269,,430486000.0,428403000.0,2302397000.0,,2168673000.0,,1871911000.0,0.37933365371366756
バリューコマース,2491,サービス業,プライム（内国株式）,2024-12-31,東京都,15737014272,1.1139668,30410000000.0,4160000000.0,0.120349996,2855000000.0,0.10273,0.24610001,0.6563393221723153,6.2019477,6733000000.0,6671000000.0,17642000000.0,,11775000000.0,727000000.0,11417900000.0,0.72554423619703
インフォマート,2492,サービス業,プライム（内国株式）,2024-12-31,東京都,76064235520,6.5725126,15630970000.0,1200437000.0,0.17915002,655426000.0,0.07297,0.11103,0.7353893371742004,43.243244,3762581000.0,3683594000.0,7753297000.0,1270000000.0,4311437000.0,437854000.0,4297213800.0,0.056494537421205124
イーサポートリンク,2493,サービス業,スタンダード（内国株式）,2024-11-30,東京都,4105896960,1.1526948,5406867000.0,163833000.0,0.00059,135268000.0,0.01287,0.02249,0.6482172905431878,,1915180000.0,1346230000.0,3925456000.0,496381000.0,1851700000.0,454043000.0,2328106100.0,0.5670152277761983
ユナイテッド,2497,サービス業,グロース（内国株式）,2025-03-31,東京都,20394539008,1.0913539,12035735000.0,2646466000.0,-0.25217,1480452000.0,-0.09081,-0.042140003,0.8523229853608245,10.941883,3072192000.0,2870565000.0,21741732000.0,258009000.0,12611361000.0,1364021000.0,19624354700.0,0.9622357579302044
オリエンタルコンサルタンツホールディングス,2498,サービス業,スタンダード（内国株式）,2024-09-30,東京都,37540749312,1.3742806,86282137000.0,4664613000.0,0.04675,2597663000.0,0.033770002,0.11946999,0.3739324834706747,,40709427000.0,39406203000.0,51786418000.0,14027570000.0,10542000000.0,2392349000.0,12751635300.0,0.33967450127384397
日本和装ホールディングス,2499,サービス業,スタンダード（内国株式）,2024-12-31,東京都,3381468672,0.9403424,4704858000.0,480316000.0,0.1165,296470000.0,0.064899996,0.08550999,0.3888619432761966,,5709168000.0,3732895000.0,9041452000.0,4579045000.0,2749609000.0,,3332284000.0,0.985454642118299
サッポロホールディングス,2501,食料品,プライム（内国株式）,2024-12-31,東京都,587420073984,3.043059,530783000000.0,10416000000.0,0.07455,7714000000.0,0.00648,0.01726,0.2947983572018293,43.789597,467806000000.0,207007000000.0,193918000000.0,236584000000.0,24140000000.0,67528000000.0,-226618400000.0,-0.38578593077868256
アサヒグループホールディングス,2502,食料品,プライム（内国株式）,2024-12-31,東京都,2601759014912,0.9737865,2939422000000.0,269053000000.0,0.07999,192080000000.0,0.05974,0.063590005,0.49391096910189036,12.098972,2729354000000.0,1510308000000.0,857891000000.0,1279176000000.0,83961000000.0,143540000000.0,-1770985000000.0,-0.6806875617032888
キリンホールディングス,2503,食料品,プライム（内国株式）,2024-12-31,東京都,1801778888704,1.6062645,2338385000000.0,125340000000.0,0.06041,58214000000.0,0.02263,0.0481,0.3522567057793026,12.930233,1820445000000.0,744065000000.0,1041193000000.0,857569000000.0,118617000000.0,103360000000.0,-706900000000.0,-0.39233448922718006
シマダヤ,250A,食料品,スタンダード（内国株式）,2025-03-31,東京都,27461253120,1.4975857,39625126000.0,3372804000.0,0.09731,2554330000.0,0.061339997,,0.7274491154083912,,6766049000.0,5273016000.0,12240791000.0,110067000.0,5579695000.0,,5474742000.0,0.19936242443403834
宝ホールディングス,2531,食料品,プライム（内国株式）,2025-03-31,京都府,329042591744,1.4067667,362693000000.0,20597000000.0,0.03703,16202000000.0,0.040900003,0.05589,0.513470844055638,18.226496,176685000000.0,73419000000.0,245433000000.0,91591000000.0,83302000000.0,34467000000.0,92874900000.0,0.28225798826754334
オエノンホールディングス,2533,食料品,プライム（内国株式）,2024-12-31,東京都,31441467392,1.2822104,84104000000.0,3448000000.0,0.07091,2729000000.0,0.03852,0.13609,0.4240657349432175,33.81818,31262000000.0,24897000000.0,26175000000.0,3721000000.0,887000000.0,3654000000.0,-2529200000.0,-0.08044153819117018
ＥＴＳグループ,253A,建設業,スタンダード（内国株式）,2023-09-30,東京都,6610921472,1.9990679,8074214000.0,281345000.0,0.0591,76035000.0,0.04007,0.13346,0.40527903986617725,,3969110000.0,2563373000.0,5155485000.0,2220636000.0,2871980000.0,68834000.0,1234558800.0,0.18674534332753304
養命酒製造,2540,食料品,プライム（内国株式）,2025-03-31,東京都,62193930240,1.3635845,10017259000.0,128302000.0,0.03802,679583000.0,0.07857,0.01696,0.8606700251138947,,7456798000.0,1255191000.0,10172947000.0,,5710818000.0,24834328000.0,20100178600.0,0.32318553470468053
ＡＩフュージョンキャピタルグループ,254A,証券、商品先物取引業,スタンダード（内国株式）,2025-03-31,東京都,8773988352,2.1090226,3088000000.0,1426000000.0,-0.50426996,668000000.0,-0.27016002,-0.030940002,0.5831170813616242,,2731000000.0,24000000.0,169000000.0,2700000000.0,166000000.0,,-2562000000.0,-0.29199947586162467
ジーエルテクノホールディングス,255A,精密機器,スタンダード（内国株式）,2025-03-31,東京都,39773765632,0.9065331,43261049000.0,6344481000.0,0.12149999,4064741000.0,0.09394,,0.7607161974855616,,13968236000.0,9890108000.0,34341419000.0,5132973000.0,7897107000.0,3603807000.0,22895847900.0,0.5756520041838618
飛島ホールディングス,256A,建設業,プライム（内国株式）,2025-03-31,東京都,41861296128,0.8381857,138259000000.0,6427000000.0,0.05173,3723000000.0,0.03145,0.08638,0.3204319000292684,,106717000000.0,90740000000.0,127794000000.0,36411000000.0,25839000000.0,4054000000.0,23914800000.0,0.5712866588477171
北海道コカ・コーラボトリング,2573,食料品,スタンダード（内国株式）,2024-12-31,北海道,54292320256,1.274707,56860000000.0,2204000000.0,0.05811,1545000000.0,0.02623,0.03587,0.8112996744553388,,9796000000.0,8354000000.0,23653000000.0,1091000000.0,10246000000.0,693000000.0,14342100000.0,0.2641644330611384
コカ・コーラ　ボトラーズジャパンホールディングス,2579,食料品,プライム（内国株式）,2024-12-31,東京都,430100381696,1.1535918,892681000000.0,13375000000.0,0.02243,7309000000.0,0.0,,0.5797441531648828,27.354355,337710000000.0,157943000000.0,292458000000.0,142664000000.0,88473000000.0,10908000000.0,-37616400000.0,-0.08745958292728909
ライフドリンク　カンパニー,2585,食料品,プライム（内国株式）,2025-03-31,大阪府,108391964672,7.473702,44537000000.0,4742000000.0,0.112840004,3392000000.0,0.0,0.26834,0.4284939922305538,23.363647,18978000000.0,10811000000.0,12443000000.0,12194000000.0,3014000000.0,123000000.0,-6448900000.0,-0.0594961076636513
フルッタフルッタ,2586,食料品,グロース（内国株式）,2025-03-31,東京都,19193135104,6.217429,2549464000.0,229644000.0,0.15075,270978000.0,0.12687,0.19209999,0.8331396079682568,,592017000.0,588252000.0,3404526000.0,0.0,1886776000.0,,2812509000.0,0.1465372376508646
サントリー食品インターナショナル,2587,食料品,プライム（内国株式）,2024-12-31,東京都,1478872662016,1.2129352,1696765000000.0,160110000000.0,0.10141,93495000000.0,0.05228,0.08367,0.5877396464194921,14.427831,742755000000.0,544176000000.0,660541000000.0,27216000000.0,160493000000.0,14534000000.0,-72040200000.0,-0.04871291616263618
プレミアムウォーターホールディングス,2588,食料品,スタンダード（内国株式）,2025-03-31,東京都,101265776640,3.9747987,76895000000.0,11483000000.0,0.16771999,5631000000.0,0.0783,0.2518,0.22357150505014453,,87004000000.0,43076000000.0,47324000000.0,67770000000.0,31900000000.0,10103000000.0,-32607900000.0,-0.32200315923039957
ダイドーグループホールディングス,2590,食料品,プライム（内国株式）,2025-01-31,大阪府,79303319552,0.88494354,237189000000.0,4790000000.0,0.0437,3804000000.0,-0.010369999,-0.034679998,0.49616997846118965,24.658073,91741000000.0,63547000000.0,92044000000.0,35068000000.0,30657000000.0,9815000000.0,7173500000.0,0.09045649085718616
伊藤園,2593,食料品,プライム（内国株式）,2025-04-30,東京都,334569734144,2.1293707,472716000000.0,22970000000.0,0.06389,14156000000.0,0.03224,0.0876,0.5059808820712831,19.408167,168628000000.0,108120000000.0,231995000000.0,73071000000.0,89908000000.0,4939000000.0,66824300000.0,0.19973205338184769
伊藤園第１種優先株式,25935,食料品,プライム（内国株式）,2025-04-30,東京都,335038578688,1.1824816,472716000000.0,22970000000.0,0.06389,14156000000.0,0.03224,0.0876,0.5059808820712831,,168628000000.0,108120000000.0,231995000000.0,73071000000.0,89908000000.0,4939000000.0,66824300000.0,0.199452553379619
キーコーヒー,2594,食料品,プライム（内国株式）,2025-03-31,,42119671808,1.3646417,77783000000.0,614000000.0,0.0194,342000000.0,0.00092,0.00285,0.5272256870673703,,27279000000.0,24935000000.0,39580000000.0,8223000000.0,5080000000.0,3782000000.0,14948400000.0,0.35490305024553337
ユニカフェ,2597,食料品,スタンダード（内国株式）,2024-12-31,東京都,13594354688,2.0087585,12935995000.0,538346000.0,0.07199,457775000.0,0.04318,0.09701,0.46020533331959484,,7648593000.0,6314190000.0,8616192000.0,1831250000.0,3562283000.0,86637000.0,1028244900.0,0.07563763956428558
日清オイリオグループ,2602,食料品,プライム（内国株式）,2025-03-31,東京都,165523668992,0.8452803,530878000000.0,19279000000.0,0.02851,12850000000.0,0.04559,0.12634,0.4820318255108927,10.018821,190158000000.0,106299000000.0,228661000000.0,98298000000.0,17147000000.0,33725000000.0,62110500000.0,0.3752363657610918
不二製油,2607,食料品,プライム（内国株式）,2025-03-31,大阪府,286980997120,1.3932064,671211000000.0,9895000000.0,0.026619999,2230000000.0,0.00116,0.0085,0.35284730556989696,17.933702,382043000000.0,273204000000.0,354830000000.0,288780000000.0,70616000000.0,16631000000.0,-15571300000.0,-0.054258993300134506
かどや製油,2612,食料品,スタンダード（内国株式）,2025-03-31,東京都,35202494464,0.99896395,39450000000.0,3166000000.0,0.12001,2357000000.0,0.05795,0.06732,0.8100192943770672,,8271000000.0,6018000000.0,30369000000.0,65000000.0,7881000000.0,2213000000.0,23647100000.0,0.6717450101208827
Ｊ－オイルミルズ,2613,食料品,プライム（内国株式）,2025-03-31,東京都,68238065664,0.64685386,230783000000.0,8572000000.0,0.01784,6996000000.0,0.027509999,0.060500003,0.6218236524764345,15.33829,63878000000.0,37540000000.0,101415000000.0,25123000000.0,3250000000.0,19753000000.0,51364100000.0,0.7527191678162983
日水コン,261A,サービス業,スタンダード（内国株式）,2024-12-31,東京都,32845088768,2.2723167,23533494000.0,2176648000.0,0.09495,1491884000.0,0.070760004,,0.6195884627545886,,8619374000.0,7507192000.0,18760392000.0,,9774949000.0,598489000.0,10559960300.0,0.32150804568043234
インターメスティック,262A,小売業,プライム（内国株式）,2024-12-31,東京都,72277196800,2.9692392,44845000000.0,5012000000.0,0.14679,3515000000.0,0.08558,,0.6617587968543711,,11785000000.0,11374000000.0,27948000000.0,3328000000.0,20045000000.0,,16163000000.0,0.22362516416796066
Ｓｃｈｏｏ,264A,サービス業,グロース（内国株式）,2024-09-30,,8619448320,11.394802,2852780000.0,116261000.0,,184387000.0,,,0.26906549404033175,,1765440000.0,1101440000.0,2283149000.0,880000000.0,2045007000.0,,517709000.0,0.06006289274903385
まんだらけ,2652,小売業,スタンダード（内国株式）,2024-09-30,,12919297024,4.2179146,14455416000.0,2078091000.0,0.1009,1376414000.0,0.03299,0.09157,0.6005174391553832,,7227663000.0,4521958000.0,11820708000.0,5061294000.0,1251747000.0,1253000.0,4593922100.0,0.3555860734114197
イオン九州,2653,小売業,スタンダード（内国株式）,2025-02-28,福岡県,101878358016,1.7541035,531617000000.0,10546000000.0,0.02484,6035000000.0,0.01411,0.13009,0.3061679629855648,,125010000000.0,87489000000.0,53212000000.0,36292000000.0,7638000000.0,399000000.0,-71518700000.0,-0.7020009096413586
アスモ,2654,小売業,スタンダード（内国株式）,2025-03-31,東京都,4914535936,0.7493959,20529656000.0,296839000.0,0.022939999,143692000.0,0.00627,0.01684,0.7099903055671093,,2685097000.0,2372543000.0,8158413000.0,58195000.0,5385649000.0,1000.0,5473316700.0,1.1136995987569882
ベクターホールディングス,2656,小売業,スタンダード（内国株式）,2025-03-31,東京都,2841575936,4.832669,162103000.0,-574043000.0,-5.79167,-779822000.0,0.0,,0.6711156257781198,,116233000.0,86040000.0,282035000.0,3473000.0,80387000.0,,165802000.0,0.058348607862084595
サンエー,2659,小売業,プライム（内国株式）,2025-02-28,沖縄県,168411152384,1.1114708,237155000000.0,16927000000.0,0.06664,11469000000.0,0.04779,0.07989,0.7870717064803581,13.914155,36679000000.0,29596000000.0,85818000000.0,277000000.0,59843000000.0,439000000.0,49446300000.0,0.29360466513082106
Ｈｍｃｏｍｍ,265A,情報・通信業,グロース（内国株式）,2024-12-31,東京都,4363564544,2.5489464,946358000.0,94799000.0,-0.06726,96118000.0,0.101569995,0.0621,0.9064888300999412,,178149000.0,178149000.0,1835881000.0,0.0,1375076000.0,,1657732000.0,0.37990316936629687
カワチ薬品,2664,小売業,プライム（内国株式）,2025-03-31,栃木県,66444386304,0.5844861,287816000000.0,7461000000.0,0.01742,4884000000.0,0.0,0.042329997,0.5731835010846639,,85193000000.0,60858000000.0,90472000000.0,16599000000.0,36674000000.0,154000000.0,5386800000.0,0.08107231174284638
オートウェーブ,2666,小売業,スタンダード（内国株式）,2025-03-31,千葉県,2268773888,0.6572337,8871344000.0,274464000.0,0.02678,268748000.0,0.01831,0.04,0.5504339884626115,,3380847000.0,1682200000.0,1825971000.0,1580000000.0,529690000.0,,-1554876000.0,-0.6853375773690146
イメージ　ワン,2667,卸売業,スタンダード（内国株式）,2024-09-30,東京都,2734805248,1.8849552,1563081000.0,-844814000.0,-0.77457,-889625000.0,-0.54144,-0.54605997,0.468724529754345,,833695000.0,825228000.0,1288419000.0,16240000.0,553823000.0,213491000.0,604167700.0,0.22091799788735816
タビオ,2668,卸売業,スタンダード（内国株式）,2025-02-28,大阪府,8472051712,1.7223109,16852068000.0,739779000.0,0.00746,520078000.0,0.03607,0.12988,0.5669039618612942,,3690912000.0,2400424000.0,3994799000.0,949358000.0,2065418000.0,387450000.0,575102000.0,0.06788225798780394
カネ美食品,2669,小売業,スタンダード（内国株式）,2025-02-28,愛知県,31763523584,1.3334149,90481370000.0,3077555000.0,0.03662,1948085000.0,0.012150001,0.04168,0.7774637591433501,,8324771000.0,7955969000.0,25405516000.0,13064000.0,18925579000.0,594647000.0,17496997900.0,0.5508519183562377
エービーシー・マート,2670,小売業,プライム（内国株式）,2025-02-28,東京都,682183819264,1.7932673,372202000000.0,62560000000.0,0.16238001,45358000000.0,0.12181,0.122600004,0.8772464027703146,15.11411,48980000000.0,47333000000.0,317500000000.0,2829000000.0,195721000000.0,18252000000.0,281296400000.0,0.4123469247680007
夢みつけ隊,2673,小売業,スタンダード（内国株式）,2025-03-31,東京都,2347074304,0.9433579,251207000.0,-13296000.0,-0.0149300005,90484000.0,0.40550998,0.04099,0.7350935180879642,,873602000.0,508590000.0,773254000.0,710479000.0,37207000.0,2200000.0,-98808000.0,-0.04209836894878297
ハードオフコーポレーション,2674,小売業,プライム（内国株式）,2025-03-31,新潟県,25791789056,1.4626311,33531023000.0,3218216000.0,0.090959996,2314029000.0,0.064619996,0.12796,0.7131907919724672,,7244625000.0,6040022000.0,13918216000.0,3183749000.0,3009386000.0,3639795000.0,9221447500.0,0.3575342323085104
高千穂交易,2676,卸売業,プライム（内国株式）,2025-03-31,東京都,37065949184,2.3118477,28098418000.0,2079802000.0,0.03032,1458106000.0,0.03849,0.065799996,0.7175963595020692,,6625090000.0,5823908000.0,19206711000.0,39997000.0,6026756000.0,3193046000.0,14816753200.0,0.39974028795128885
アスクル,2678,小売業,プライム（内国株式）,2025-05-31,東京都,129831550976,1.8539804,481101000000.0,14004000000.0,0.0086199995,9068000000.0,0.01622,0.10853,0.34149757224012434,11.569456,146529000000.0,106972000000.0,149752000000.0,36239000000.0,48423000000.0,100000000.0,3293000000.0,0.025363634457457318
ゲオホールディングス,2681,小売業,プライム（内国株式）,2025-03-31,愛知県,65875677184,0.7155308,427669000000.0,11250000000.0,0.03823,4537000000.0,0.00794,0.03862,0.3575969019845178,6.165861,162338000000.0,46603000000.0,165072000000.0,118048000000.0,60090000000.0,,2734000000.0,0.04150241966186632
魚喜,2683,小売業,スタンダード（内国株式）,2025-02-28,神奈川県,2516145408,3.1373363,9934090000.0,89187000.0,-0.01711,31226000.0,0.00225,0.027190002,0.3786285127495858,,1430468000.0,979302000.0,1351200000.0,610289000.0,701809000.0,257776000.0,101175200.0,0.040210394708635216
アンドエスティＨＤ,2685,小売業,プライム（内国株式）,2025-02-28,,130542780416,1.6302567,293110000000.0,15516000000.0,0.03297,9614000000.0,0.02901,0.11021,0.5792439222285662,9.302173,55909000000.0,47079000000.0,67173000000.0,8959000000.0,21143000000.0,691000000.0,11747700000.0,0.08999118880847846
ジーフット,2686,小売業,スタンダード（内国株式）,2025-02-28,,12046893056,-344.28223,59975000000.0,-776000000.0,-0.045149997,-1060000000.0,-0.03033,,0.0303784693019344,,28822000000.0,27549000000.0,25823000000.0,13151000000.0,1629000000.0,1000000.0,-2998300000.0,-0.24888574888665468
シー・ヴイ・エス・ベイエリア,2687,小売業,スタンダード（内国株式）,2025-02-28,,2764355328,0.6507428,7822968000.0,421990000.0,-0.0116,1123092000.0,0.030650001,0.05783,0.38871785339792236,,6886517000.0,2941942000.0,2559255000.0,5291899000.0,1782307000.0,228220000.0,-4167508000.0,-1.5075876671090527
オルバヘルスケアホールディングス,2689,卸売業,スタンダード（内国株式）,2024-06-30,岡山県,12293603328,1.0031502,118564924000.0,2226712000.0,0.0227,1500356000.0,0.01165,0.12104999,0.2630534257149065,,31863502000.0,29715079000.0,35586056000.0,1630262000.0,2731386000.0,358472000.0,3973484400.0,0.32321560196675314
リガク・ホールディングス,268A,精密機器,プライム（内国株式）,2024-12-31,東京都,227673489408,2.7435408,90652000000.0,18367000000.0,0.14313,13615000000.0,0.12283,,0.4605484744884453,,95778000000.0,29934000000.0,71228000000.0,61600000000.0,27992000000.0,271000000.0,-24360300000.0,-0.10699664709906286
伊藤忠食品,2692,卸売業,プライム（内国株式）,2025-03-31,大阪府,125600399360,1.0589895,699369000000.0,8506000000.0,0.01535,8204000000.0,0.012410001,0.07627,0.42559592857326983,32.205597,155959000000.0,145540000000.0,207792000000.0,3606000000.0,1446000000.0,36706000000.0,77527200000.0,0.6172528144420065
ＹＫＴ,2693,卸売業,スタンダード（内国株式）,2024-12-31,東京都,2960219136,0.38409457,11930926000.0,-10324000.0,-0.064559996,-1454000.0,-0.01485,-0.022090001,0.6887377165224072,,3595483000.0,1772512000.0,7593671000.0,2210096000.0,3846657000.0,353010000.0,4245295000.0,1.4341151127535985
焼肉坂井ホールディングス,2694,小売業,スタンダード（内国株式）,2025-03-31,愛知県,16482519040,2.493588,23533041000.0,468649000.0,0.00105,-613818000.0,-0.029590001,-0.10012999,0.40639258080727936,,9858749000.0,4405845000.0,6432902000.0,6110727000.0,4936257000.0,80554000.0,-3369459200.0,-0.20442622828603751
くら寿司,2695,小売業,プライム（内国株式）,2024-10-31,,137317326848,2.1317332,234950000000.0,5699000000.0,0.03569,3226000000.0,0.00925,0.01903,0.41847740343932416,30.588757,66502000000.0,30978000000.0,34307000000.0,37460000000.0,23043000000.0,,-32195000000.0,-0.23445693809374438
キャンドゥ,2698,小売業,スタンダード（内国株式）,2025-02-28,東京都,58066472960,5.323478,83380000000.0,859000000.0,0.031,-163000000.0,0.00947,0.07591,0.35467728758169936,,18957000000.0,14285000000.0,15197000000.0,3900000000.0,2033000000.0,,-3760000000.0,-0.06475337330356082
Ｓａｐｅｅｔ,269A,情報・通信業,グロース（内国株式）,2024-09-30,東京都,3587902464,,634946000.0,-19068000.0,0.0,-29057000.0,0.0,,0.3711163222866245,,284268000.0,284268000.0,330428000.0,200000000.0,220228000.0,,46160000.0,0.012865455642441901
木徳神糧,2700,卸売業,スタンダード（内国株式）,2024-12-31,東京都,35910684672,1.9615824,118998507000.0,2377072000.0,0.0722,1723905000.0,0.03195,0.27803,0.37346776190312364,,24609792000.0,21993611000.0,30229571000.0,13108329000.0,3650342000.0,4179155000.0,8545187500.0,0.2379566855394096
日本マクドナルドホールディングス,2702,小売業,スタンダード（内国株式）,2024-12-31,東京都,811048763392,3.0801811,405477000000.0,48021000000.0,0.13984,31961000000.0,0.08304,0.13565,0.750663019810498,25.558302,84050000000.0,76069000000.0,111677000000.0,263000000.0,67327000000.0,12056000000.0,36066200000.0,0.04446859625204596
大戸屋ホールディングス,2705,小売業,スタンダード（内国株式）,2025-03-31,神奈川県,41338413056,13.513705,31385000000.0,1661000000.0,0.052160002,1224000000.0,0.03641,0.35948002,0.37721071248105104,,7155000000.0,4760000000.0,6307000000.0,1600000000.0,4239000000.0,20000000.0,-834000000.0,-0.020174939925008812
久世,2708,卸売業,スタンダード（内国株式）,2025-03-31,東京都,9058248704,1.1199617,68568000000.0,1852000000.0,0.02762,1754000000.0,0.02158,0.19639,0.34468196264530454,,15052000000.0,13411000000.0,15871000000.0,1783000000.0,4009000000.0,3036000000.0,2944200000.0,0.3250297155894915
ジェイホールディングス,2721,卸売業,スタンダード（内国株式）,2024-12-31,東京都,1774524416,25.349981,179573000.0,-267143000.0,-2.02564,-387700000.0,-1.74675,-3.89855,-0.13303300283570985,,281689000.0,125858000.0,185120000.0,70000000.0,53890000.0,,-96569000.0,-0.054419651332653175
ＩＫホールディングス,2722,小売業,スタンダード（内国株式）,2025-05-31,愛知県,3203447808,1.3562416,15211383000.0,425614000.0,0.01877,321372000.0,0.01856,0.12773,0.39295721573144643,9.299781,3688999000.0,2392083000.0,5217025000.0,1674170000.0,474101000.0,24428000.0,1545125600.0,0.4823320661386596
パルグループホールディングス,2726,小売業,プライム（内国株式）,2025-02-28,,358753206272,4.7942376,207825000000.0,23663000000.0,0.10695,11848000000.0,0.059759997,0.18726999,0.47922314083107437,10.635778,74578000000.0,50586000000.0,114287000000.0,14195000000.0,85715000000.0,267000000.0,39895900000.0,0.11120708972772685
エディオン,2730,小売業,プライム（内国株式）,2025-03-31,,221092724736,0.9920428,768129000000.0,23395000000.0,0.02582,14118000000.0,0.01935,0.06879,0.5117333210680036,16.843801,211886000000.0,144220000000.0,191173000000.0,81774000000.0,8834000000.0,5401000000.0,-16932300000.0,-0.07658460955790534
あらた,2733,卸売業,プライム（内国株式）,2025-03-31,東京都,104656592896,0.88955146,986212000000.0,14989000000.0,0.01619,10358000000.0,0.0,0.085080005,0.3738002361032695,8.546892,195172000000.0,158961000000.0,233705000000.0,36033000000.0,23430000000.0,12659000000.0,47394300000.0,0.4528553690554111
サーラコーポレーション,2734,小売業,プライム（内国株式）,2024-11-30,愛知県,70959964160,0.81767,240498000000.0,6309000000.0,0.00366,5249000000.0,0.025120001,0.0759,0.41518481716028693,,116664000000.0,62943000000.0,89235000000.0,55639000000.0,26396000000.0,10374000000.0,-20167200000.0,-0.2842053295648113
ワッツ,2735,小売業,スタンダード（内国株式）,2024-08-31,大阪府,8722785280,0.67139316,61257283000.0,1246767000.0,0.02544,904148000.0,0.01413,0.068119995,0.41338769761982536,12.424812,17762722000.0,14116305000.0,24050136000.0,3282466000.0,9380370000.0,350264000.0,6532598800.0,0.7489120264118206
フェスタリアホールディングス,2736,小売業,スタンダード（内国株式）,2024-08-31,東京都,2055831040,1.2322701,9305952000.0,270418000.0,0.05573,139052000.0,0.01872,0.11007,0.20910330897551,,5812333000.0,3850223000.0,5851694000.0,3441142000.0,1192815000.0,90535000.0,102735500.0,0.04997273511348481
トーメンデバイス,2737,卸売業,プライム（内国株式）,2025-03-31,東京都,55155445760,1.1495986,421671000000.0,10169000000.0,0.01805,5588000000.0,0.01263,0.11181,0.43537773098183735,,64350000000.0,63566000000.0,112703000000.0,14054000000.0,5801000000.0,231000000.0,48514700000.0,0.8795994544419761
ハローズ,2742,小売業,プライム（内国株式）,2025-02-28,岡山県,98787450880,1.3441468,210751000000.0,12278000000.0,0.04749,8913000000.0,0.041100003,0.12904,0.6239534327406108,12.839711,42444000000.0,25599000000.0,23040000000.0,11127000000.0,13851000000.0,2000000.0,-19402600000.0,-0.1964075378720816
ピクセルカンパニーズ,2743,卸売業,スタンダード（内国株式）,2024-12-31,東京都,11414441984,-82.11552,887056000.0,-604135000.0,-1.13761,-2492378000.0,-1.37174,-5.3165,-0.3855994319961576,,1327044000.0,1327044000.0,270556000.0,,150782000.0,228000.0,-1056328400.0,-0.09254314853767626
北雄ラッキー,2747,小売業,スタンダード（内国株式）,2025-02-28,北海道,4044528128,1.0210727,37157080000.0,243149000.0,0.00708,142453000.0,0.00557,0.060549997,0.3144669451836701,,12459941000.0,6489503000.0,5111033000.0,7513689000.0,1637920000.0,280686000.0,-7152427800.0,-1.7684208327009068
ＪＰホールディングス,2749,サービス業,プライム（内国株式）,2025-03-31,東京都,53377536000,2.7487411,41147032000.0,5809002000.0,0.13244,3920895000.0,0.09032,,0.5185329297062751,8.020565,18114004000.0,11175916000.0,26862421000.0,8761017000.0,20743470000.0,546995000.0,9131313500.0,0.1710703450230449
ガーデン,274A,小売業,スタンダード（内国株式）,2025-02-28,東京都,14839337984,1.8992314,17159077000.0,1849976000.0,0.0912,1207252000.0,0.0615,,0.501258345087614,,7913668000.0,4090268000.0,11661009000.0,5713996000.0,10660027000.0,172800000.0,3868301000.0,0.2606788122334609
石光商事,2750,卸売業,スタンダード（内国株式）,2025-03-31,兵庫県,11166032896,0.9018161,64953996000.0,1557462000.0,0.043070003,888108000.0,0.01496,0.08802,0.31180373113078497,,25330197000.0,21285154000.0,29996945000.0,12374784000.0,4149631000.0,1241387000.0,5535718900.0,0.49576415827890463
テンポスホールディングス,2751,卸売業,スタンダード（内国株式）,2025-04-30,東京都,42241900544,2.5707092,47055000000.0,2669000000.0,0.05978,2064000000.0,0.03807,0.11337,0.612037072352111,,8998000000.0,6895000000.0,17941000000.0,1956000000.0,9617000000.0,1161000000.0,9755700000.0,0.23094841553916992
フジオフードグループ本社,2752,小売業,プライム（内国株式）,2024-12-31,大阪府,57470828544,6.7280455,31324000000.0,1217000000.0,-0.01615,459000000.0,0.00254,0.01523,0.3258076776890916,48.951965,17732000000.0,6557000000.0,15328000000.0,10710000000.0,12738000000.0,343000000.0,-2163900000.0,-0.037652145528810424
あみやき亭,2753,小売業,プライム（内国株式）,2025-03-31,愛知県,28208107520,1.2740201,35332000000.0,2638000000.0,0.0533,1736000000.0,0.040599998,0.06697,0.7888888888888889,14.621938,5871000000.0,4411000000.0,12319000000.0,1311000000.0,9483000000.0,,6448000000.0,0.22858676341290407
東京エレクトロン　デバイス,2760,卸売業,プライム（内国株式）,2025-03-31,,88995397632,1.9074857,216379000000.0,12460000000.0,0.0323,8874000000.0,0.03708,,0.3051370496235041,8.827828,107840000000.0,74605000000.0,144186000000.0,42560000000.0,8384000000.0,,36346000000.0,0.40840314181517967
ＳＡＮＫＯ　ＭＡＲＫＥＴＩＮＧ　ＦＯＯＤＳ,2762,小売業,スタンダード（内国株式）,2025-06-30,東京都,3769250048,10.819855,9679000000.0,-666000000.0,-0.10109,-816000000.0,-0.084309995,-2.53416,0.13004115226337448,,2111000000.0,1190000000.0,1365000000.0,498000000.0,628000000.0,,-746000000.0,-0.19791735504409816
エフティグループ,2763,卸売業,スタンダード（内国株式）,2025-03-31,東京都,38053433344,1.2594223,34625000000.0,9282000000.0,0.24184,6613000000.0,0.19342,0.24168,0.7351694915254238,,10750000000.0,7020000000.0,27587000000.0,3643000000.0,19817000000.0,11368000000.0,24794600000.0,0.6515732700347638
ひらまつ,2764,小売業,スタンダード（内国株式）,2025-03-31,東京都,8119173632,1.3700916,10662788000.0,249770000.0,0.02921,1530727000.0,0.16984,0.32467997,0.4855184542607795,,6246873000.0,4143752000.0,9423644000.0,3827500000.0,6645161000.0,56371000.0,3216230700.0,0.3961278383459998
円谷フィールズホールディングス,2767,卸売業,プライム（内国株式）,2025-03-31,東京都,136876187648,2.570538,140581000000.0,15266000000.0,0.14049,11158000000.0,0.088470004,0.28865,0.5189332309278142,8.193668,42706000000.0,26770000000.0,69841000000.0,11140000000.0,30954000000.0,7831000000.0,32616700000.0,0.23829345747033295
双日,2768,卸売業,プライム（内国株式）,2025-03-31,,889944080384,0.9490348,2509714000000.0,75736000000.0,0.021240002,110636000000.0,0.043730002,0.11293,0.31385711305717834,8.092617,2079637000000.0,985578000000.0,1575122000000.0,1189051000000.0,192299000000.0,,-504515000000.0,-0.5669064058297999
ヴィレッジヴァンガードコーポレーション,2769,小売業,スタンダード（内国株式）,2025-05-31,愛知県,8084894720,3.928427,24962000000.0,-936000000.0,0.031070001,-4247000000.0,-0.16399,-0.98097,0.10759239036726248,,15527000000.0,7796000000.0,15261000000.0,9513000000.0,2086000000.0,,-266000000.0,-0.032900861323769966
ククレブ・アドバイザーズ,276A,不動産業,グロース（内国株式）,2024-08-31,東京都,22199257088,10.671532,1269627000.0,421757000.0,0.12755999,288477000.0,0.17444,0.2906,0.6435249716362963,,538853000.0,494645000.0,1073019000.0,220000000.0,262425000.0,28845000.0,554357500.0,0.024971894230625527
新都ホールディングス,2776,卸売業,スタンダード（内国株式）,2025-01-31,東京都,5664862720,3.3634698,12296801000.0,42893000.0,0.0028799998,16543000.0,-0.00493,-0.034879997,0.2403286017049089,,4372607000.0,2500536000.0,3648026000.0,2797287000.0,203615000.0,3979000.0,-721795700.0,-0.12741627391104723
パレモ・ホールディングス,2778,小売業,スタンダード（内国株式）,2025-02-28,愛知県,1758177664,1.0477817,15040684000.0,214926000.0,0.05173,-47631000.0,-0.00271,-0.022869999,0.22612867380773935,,5408483000.0,3271197000.0,4435669000.0,1928571000.0,2044249000.0,4800000.0,-969454000.0,-0.5513970629079724
グロービング,277A,サービス業,グロース（内国株式）,2025-05-31,東京都,78720090112,14.217864,8255896000.0,2800521000.0,0.36741,1768207000.0,0.2227,,0.6560514973682398,,2897768000.0,2780315000.0,7831578000.0,,6612190000.0,,4933810000.0,0.06267536016511617
コメ兵ホールディングス,2780,小売業,スタンダード（内国株式）,2025-03-31,愛知県,34795429888,1.0835493,158994692000.0,6176646000.0,0.019129999,4777112000.0,0.021659998,0.119320005,0.36980991539625613,6.3780637,55426515000.0,43005893000.0,68457419000.0,47395363000.0,15535605000.0,,13030904000.0,0.37450044566036544
セリア,2782,小売業,スタンダード（内国株式）,2025-03-31,岐阜県,190208262144,2.1110854,236327000000.0,16845000000.0,0.06853,11218000000.0,0.047519997,0.10791001,0.7632795273364618,21.143932,33495000000.0,25052000000.0,97898000000.0,1428000000.0,59154000000.0,406000000.0,64687200000.0,0.34008617328635066
アルフレッサ　ホールディングス,2784,卸売業,プライム（内国株式）,2025-03-31,東京都,402843172864,0.84271854,2961051000000.0,38081000000.0,0.009190001,27389000000.0,0.009330001,0.058319997,0.3346010271653639,13.800834,957639000000.0,894961000000.0,1094496000000.0,35545000000.0,177085000000.0,115315000000.0,217577500000.0,0.5401047222747752
アップルインターナショナル,2788,卸売業,スタンダード（内国株式）,2024-12-31,三重県,4494393344,0.47549632,43795649000.0,1374723000.0,0.0068,1198508000.0,0.01594,0.06743,0.4851637856773907,,9580880000.0,7714847000.0,17454791000.0,7910241000.0,4381074000.0,1267002000.0,8760812400.0,1.949275848696166
カルラ,2789,小売業,スタンダード（内国株式）,2025-02-28,,2784184064,1.2695792,7263713000.0,365961000.0,0.08269,363309000.0,0.0429,0.15633,0.393693837231534,,3044336000.0,1244568000.0,1445488000.0,2176420000.0,1006201000.0,283000.0,-1598649900.0,-0.5741897314444222
Ｔｅｒｒａ　Ｄｒｏｎｅ,278A,精密機器,グロース（内国株式）,2025-01-31,東京都,33134628864,4.8513374,4435568000.0,-627160000.0,-0.38492,-474800000.0,-0.12675999,,0.7584285465064068,,1785683000.0,1175228000.0,6185537000.0,770316000.0,4145633000.0,1243062000.0,5269997400.0,0.15904802862378606
ナフコ,2790,小売業,スタンダード（内国株式）,2025-03-31,福岡県,49706172416,0.32275063,181850000000.0,1267000000.0,0.03878,183000000.0,-8.0000005e-05,-8.9999994e-05,0.6836519460911654,,71240000000.0,55703000000.0,90228000000.0,27651000000.0,18500000000.0,405000000.0,19271500000.0,0.387708388381091
大黒天物産,2791,小売業,プライム（内国株式）,2025-05-31,岡山県,90987225088,1.4777851,292940000000.0,9815000000.0,0.02101,6774000000.0,0.020569999,,0.5235689801809231,9.543037,55341000000.0,46190000000.0,25200000000.0,15032000000.0,8488000000.0,442000000.0,-29831600000.0,-0.3278658072179672
ハニーズホールディングス,2792,小売業,プライム（内国株式）,2025-05-31,福島県,42704158720,0.9407604,57701337000.0,5906120000.0,0.08677,3732755000.0,0.060100004,0.07693,0.8435662032233444,6.669569,8290610000.0,5218529000.0,30789275000.0,,13355934000.0,966468000.0,23175192600.0,0.5426917025096707
日本プリメックス,2795,卸売業,スタンダード（内国株式）,2025-03-31,東京都,4683883008,0.6026614,7093981000.0,549884000.0,0.045619998,408822000.0,0.03846,0.0348,0.7606229060880964,,2481827000.0,1827205000.0,7576357000.0,,5169260000.0,1283670000.0,5993099000.0,1.2795150924486969
ファーマライズホールディングス,2796,小売業,スタンダード（内国株式）,2025-05-31,東京都,6066723328,0.91711605,63508000000.0,294000000.0,0.00913,-367000000.0,-0.00391,-0.03908,0.2151046234807668,,25008000000.0,11988000000.0,13239000000.0,14279000000.0,4911000000.0,339000000.0,-11531700000.0,-1.900811917164125
ワイズテーブルコーポレーション,2798,小売業,スタンダード（内国株式）,2025-02-28,,9653444608,12.112208,12120830000.0,118971000.0,-0.02712,260650000.0,0.02394,0.46749002,0.1405800961541451,,4146310000.0,1738535000.0,2619594000.0,1705126000.0,1533299000.0,208355000.0,-1380867500.0,-0.14304401755779983
キッコーマン,2801,食料品,プライム（内国株式）,2025-03-31,千葉県,1177927024640,2.3632991,708979000000.0,73699000000.0,0.10935,61695000000.0,0.08344,0.11494,0.7484964984530786,19.604794,163365000000.0,88051000000.0,334849000000.0,59013000000.0,106184000000.0,75129000000.0,224074300000.0,0.19022765868580183
味の素,2802,食料品,プライム（内国株式）,2025-03-31,東京都,4160753238016,5.9723487,1530556000000.0,107656000000.0,0.12707,70272000000.0,0.05135,0.10717,0.4339030556070398,18.437944,907858000000.0,384588000000.0,701298000000.0,455353000000.0,164776000000.0,45823000000.0,-174483900000.0,-0.04193565203669716
ブルドックソース,2804,食料品,プライム（内国株式）,2025-03-31,東京都,25556099072,1.0510496,14617674000.0,223072000.0,0.0481,623684000.0,0.17091,0.11016,0.6603739131050652,,11029150000.0,4689964000.0,8153454000.0,4880373000.0,2461665000.0,9475969000.0,3757482300.0,0.14702878907355646
ヱスビー食品,2805,食料品,スタンダード（内国株式）,2025-03-31,東京都,79633031168,0.9401524,123520000000.0,9446000000.0,0.08221,7565000000.0,0.05653,0.08805,0.5854857651375344,5.770578,56827000000.0,36918000000.0,81619000000.0,20305000000.0,19473000000.0,15585000000.0,35701500000.0,0.4483252674971188
ユタカフーズ,2806,食料品,スタンダード（内国株式）,2025-03-31,愛知県,14958160896,0.661781,14454000000.0,686000000.0,0.05382,553000000.0,0.040710002,0.02633,0.873694428266356,,3253000000.0,2264000000.0,10828000000.0,1000000.0,2547000000.0,2136000000.0,9070200000.0,0.6063713355580689
キユーピー,2809,食料品,プライム（内国株式）,2024-11-30,東京都,579523706880,1.8820158,483985000000.0,34330000000.0,0.08116,21419000000.0,0.05472,0.09305,0.6537809382921111,23.767742,130736000000.0,91239000000.0,203727000000.0,21556000000.0,78139000000.0,51178000000.0,108815600000.0,0.18776729702022713
ＴＭＨ,280A,卸売業,グロース（内国株式）,2024-11-30,大分県,3875608832,2.9456985,6017239000.0,323598000.0,-0.18745,272504000.0,0.041950002,,0.2048017596217526,,3035418000.0,2861694000.0,3551839000.0,297012000.0,2562456000.0,,516421000.0,0.13324899967613657
ハウス食品グループ本社,2810,食料品,プライム（内国株式）,2025-03-31,東京都,269469433856,0.9384776,315418000000.0,20003000000.0,0.042930003,12493000000.0,0.033940002,0.03846,0.6730418273672985,18.49041,112196000000.0,63121000000.0,189802000000.0,20286000000.0,97484000000.0,48344000000.0,111446800000.0,0.41357863266805733
カゴメ,2811,食料品,プライム（内国株式）,2024-12-31,愛知県,256640155648,1.504766,306869000000.0,35952000000.0,0.08018,25015000000.0,0.04514,0.079239994,0.512506380806534,12.650036,150775000000.0,109213000000.0,209958000000.0,72719000000.0,21273000000.0,22320000000.0,74807000000.0,0.29148595164742286
和弘食品,2813,食料品,スタンダード（内国株式）,2025-03-31,北海道,7788562432,0.904385,16249157000.0,1591741000.0,0.06216,1208405000.0,0.06628,0.12978,0.587313830550527,,6010590000.0,4001576000.0,7859594000.0,3442715000.0,3499210000.0,896101000.0,2476274700.0,0.31793732432907074
佐藤食品工業,2814,食料品,スタンダード（内国株式）,2025-03-31,愛知県,10291812352,0.5798065,6360686000.0,672991000.0,0.13139,596432000.0,0.10308,0.03435,0.9116733531465957,,1869310000.0,1533455000.0,12592354000.0,670000000.0,9722532000.0,3466946000.0,13149906200.0,1.2777055925863814
アリアケジャパン,2815,食料品,プライム（内国株式）,2025-03-31,東京都,178034049024,1.4155855,65400887000.0,11117439000.0,0.16915001,8206402000.0,0.13345,0.071440004,0.872130741256195,20.004293,17351316000.0,10711784000.0,84106492000.0,18032000.0,58958861000.0,32989117000.0,89847557900.0,0.5046650255529943
ダイショー,2816,食料品,スタンダード（内国株式）,2025-03-31,東京都,13542755328,2.0877354,26240000000.0,663000000.0,-0.046719998,458000000.0,0.03441,0.09382,0.523763699545576,,8908000000.0,4969000000.0,7788000000.0,3417000000.0,2588000000.0,259000000.0,-938700000.0,-0.06931381223872614
ピエトロ,2818,食料品,スタンダード（内国株式）,2025-03-31,福岡県,12010598400,1.9216956,11135028000.0,177182000.0,0.015149999,57794000.0,0.00963,0.01756,0.6189982232823034,,3913555000.0,3136252000.0,3275339000.0,1464169000.0,1122616000.0,15522000.0,-627350600.0,-0.05223308440651883
エバラ食品工業,2819,食料品,スタンダード（内国株式）,2025-03-31,神奈川県,24704671744,0.720127,47963000000.0,2032000000.0,0.056399997,1399000000.0,0.021270001,0.030269999,0.7222409862365955,13.064599,13158000000.0,9238000000.0,28196000000.0,506000000.0,15816000000.0,2224000000.0,16594800000.0,0.6717272009101016
インフォメティス,281A,情報・通信業,グロース（内国株式）,2024-12-31,,3377163776,3.1621387,982352000.0,49517000.0,-1.07519,56471000.0,-0.26212,,0.6386841861153104,,720592000.0,316393000.0,1126106000.0,516300000.0,797145000.0,,405514000.0,0.12007531375345416
やまみ,2820,食料品,スタンダード（内国株式）,2025-06-30,広島県,28739395584,2.7549314,21064618000.0,1727780000.0,0.077589996,1502590000.0,0.07131,0.15065,0.6528175265959094,13.449624,5548170000.0,3947165000.0,3679416000.0,2261454000.0,856524000.0,13042000.0,-1859624600.0,-0.06470646171262222
アヲハタ,2830,食料品,スタンダード（内国株式）,2024-11-30,広島県,31902175232,2.324384,20513627000.0,386062000.0,0.057490002,289988000.0,0.01337,0.020299999,0.7920186258784037,,3575168000.0,3013964000.0,11203065000.0,784888000.0,2561937000.0,198468000.0,7766824600.0,0.24345752424459632
はごろもフーズ,2831,食料品,スタンダード（内国株式）,2025-03-31,,31196010496,0.73457694,74650697000.0,2849482000.0,0.05441,2459725000.0,0.03312,0.05954,0.602117323915892,,27347966000.0,20225257000.0,37570133000.0,3197173000.0,1484961000.0,14759622000.0,20553902400.0,0.6588631710659109
キオクシアホールディングス,285A,電気機器,プライム（内国株式）,2025-03-31,,5291887820800,6.96188,1706460000000.0,451748000000.0,0.13098,272315000000.0,0.13626,,0.7229318050981255,,448559000000.0,146574000000.0,181786000000.0,439541000000.0,676000000.0,,-266773000000.0,-0.050411688424580145
ユカリア,286A,サービス業,グロース（内国株式）,2024-12-31,東京都,35002761216,1.8864341,19833896000.0,2292588000.0,0.13315,2025848000.0,0.08329,,0.29859399845073104,,41197157000.0,11826997000.0,24138928000.0,27217015000.0,11168782000.0,434163000.0,-16754314900.0,-0.4786569492792325
ニチレイ,2871,食料品,プライム（内国株式）,2025-03-31,東京都,451240034304,1.7564329,702080000000.0,38321000000.0,0.05092,24731000000.0,0.0,0.09675,0.5208895459125317,7.641217,223257000000.0,129083000000.0,204925000000.0,106253000000.0,39369000000.0,45036000000.0,13193200000.0,0.029237654013455183
セイヒョー,2872,食料品,スタンダード（内国株式）,2025-02-28,新潟県,2766288640,1.7695825,4484618000.0,96307000.0,0.07959,119504000.0,0.01995,0.063590005,0.4241550640820221,,1893992000.0,1492246000.0,1587510000.0,1171875000.0,329432000.0,115667000.0,-225515100.0,-0.08152262086432166
横浜冷凍,2874,卸売業,プライム（内国株式）,2024-09-30,神奈川県,73743851520,0.9261544,122282000000.0,4648000000.0,0.021259999,3933000000.0,0.036059998,0.05763,0.3854038399022785,18.882175,123156000000.0,43643000000.0,36270000000.0,101230000000.0,3481000000.0,43239000000.0,-56618700000.0,-0.7677751952601024
東洋水産,2875,食料品,プライム（内国株式）,2025-03-31,東京都,1034918297600,2.1804397,507600000000.0,75493000000.0,0.14547,62867000000.0,0.11974,0.12461001,0.8087559540016606,16.575766,101334000000.0,73300000000.0,366721000000.0,3401000000.0,257470000000.0,35123000000.0,289973100000.0,0.28018936438987935
デルソーレ,2876,食料品,スタンダード（内国株式）,2025-03-31,東京都,3802434048,1.008017,15403734000.0,561163000.0,0.05204,-422804000.0,0.01521,0.07056,0.5973952017017302,,4124538000.0,2631408000.0,5998312000.0,150000000.0,2737373000.0,194829000.0,2010154300.0,0.5286493531839951
日東ベスト,2877,食料品,スタンダード（内国株式）,2025-03-31,山形県,8988720128,0.5657552,55860401000.0,574435000.0,0.00064000004,384736000.0,0.00737,0.02895,0.40299335488343196,,23302608000.0,16972686000.0,21063002000.0,10897340000.0,3500280000.0,3524705000.0,227687500.0,0.02533035813305055
黒田グループ,287A,卸売業,スタンダード（内国株式）,2025-03-31,東京都,37143732224,1.0422511,121327000000.0,5929000000.0,0.02915,3914000000.0,0.02392,,0.4011818504520682,,56174000000.0,32630000000.0,56158000000.0,29144000000.0,15476000000.0,1615000000.0,1114500000.0,0.030005062315194016
イートアンドホールディングス,2882,食料品,プライム（内国株式）,2025-02-28,東京都,23010488320,2.0707786,37335000000.0,1091000000.0,0.02711,888000000.0,0.00756,0.02407,0.37528729717676923,22.093784,18203000000.0,13357000000.0,12240000000.0,7485000000.0,2322000000.0,21000000.0,-5948300000.0,-0.2585038577747141
大冷,2883,食料品,スタンダード（内国株式）,2025-03-31,東京都,11396574208,1.3485792,25732929000.0,840933000.0,0.02201,-574629000.0,-0.024519999,-0.06894,0.7640157505967287,,2716338000.0,2317898000.0,10454721000.0,20494000.0,3751887000.0,26685000.0,7757062500.0,0.680648619350437
ヨシムラ・フード・ホールディングス,2884,食料品,プライム（内国株式）,2025-02-28,東京都,15828784128,1.3743838,58110107000.0,4161282000.0,-0.01556,1861345000.0,0.02722,0.14274,0.19694712795838507,7.9022646,39534720000.0,20479025000.0,32448891000.0,28910584000.0,13170612000.0,,-7085829000.0,-0.44765466145094934
ラクサス・テクノロジーズ,288A,サービス業,グロース（内国株式）,2025-03-31,広島県,4242196736,1.4070815,2561268000.0,590147000.0,0.082320005,435750000.0,0.19147,0.67928004,0.6360539911970967,,1699151000.0,772496000.0,1896493000.0,1295568000.0,1522066000.0,,197342000.0,0.0465188232137662
日本食品化工,2892,食料品,スタンダード（内国株式）,2025-03-31,東京都,17878216704,0.6204019,62697000000.0,1201000000.0,0.045479998,1527000000.0,0.025139999,,0.5298156692009444,,21707000000.0,17117000000.0,28027000000.0,10735000000.0,233000000.0,115000000.0,6400500000.0,0.35800550502153705
石井食品,2894,食料品,スタンダード（内国株式）,2025-03-31,千葉県,5260387840,1.3673912,10869656000.0,267758000.0,0.050219998,287881000.0,0.0319,0.09528,0.5030253347131594,,3805337000.0,3191047000.0,3862495000.0,1993506000.0,1912391000.0,777918000.0,601700600.0,0.11438331512833852
日清食品ホールディングス,2897,食料品,プライム（内国株式）,2025-03-31,東京都,808900689920,1.7516124,776594000000.0,61151000000.0,0.072459996,55019000000.0,0.06553,0.103549995,0.5604594672000245,13.616147,336560000000.0,219593000000.0,288343000000.0,115559000000.0,73036000000.0,53773000000.0,-10575900000.0,-0.013074410903328507
ウェルディッシュ,2901,食料品,スタンダード（内国株式）,2025-03-31,東京都,14269319168,4.4064717,1974441000.0,200554000.0,0.06192,431594000.0,0.19838,0.26395,0.5849588597383358,,1898443000.0,853403000.0,2017625000.0,1291862000.0,1076218000.0,116000.0,119263200.0,0.008358016146100124
シノブフーズ,2903,食料品,スタンダード（内国株式）,2025-03-31,大阪府,17009515520,1.1658604,57651000000.0,2333000000.0,0.04577,996000000.0,0.01733,0.06732,0.5096348201051071,,14550000000.0,10563000000.0,13198000000.0,5820000000.0,6279000000.0,,-1352000000.0,-0.07948492115547333
一正蒲鉾,2904,食料品,スタンダード（内国株式）,2025-06-30,新潟県,13694393344,0.9236119,34579066000.0,891112000.0,-0.03557,746874000.0,0.02157,0.04978,0.48755756907861986,14.580897,15504758000.0,7678501000.0,8952309000.0,9942079000.0,1100387000.0,1833066000.0,-5269302800.0,-0.38477811083969404
あじかん,2907,食料品,スタンダード（内国株式）,2025-03-31,広島県,9742012416,0.572689,51045379000.0,1964453000.0,-0.01132,1548947000.0,0.01995,0.06111,0.6464942520787055,,9508254000.0,8282511000.0,13763454000.0,3378719000.0,2275586000.0,961655000.0,4928358500.0,0.5058871093107833
フジッコ,2908,食料品,プライム（内国株式）,2025-03-31,兵庫県,46375514112,0.677471,57077000000.0,1131000000.0,0.0172,951000000.0,0.01983,0.01652,0.8636140452479573,63.139538,10833000000.0,8799000000.0,34542000000.0,,11692000000.0,3944000000.0,26469800000.0,0.5707710309383017
Ｓｙｎｓｐｅｃｔｉｖｅ,290A,情報・通信業,グロース（内国株式）,2024-12-31,,109125582848,5.6849227,2316649000.0,-3070206000.0,-6.3859496,-3592954000.0,-1.8453599,,0.704830756405953,,8322395000.0,2229395000.0,16253228000.0,7288000000.0,14239861000.0,,7930833000.0,0.0726762028941168
ロック・フィールド,2910,食料品,プライム（内国株式）,2025-04-30,兵庫県,39039811584,1.3661264,51184000000.0,1243000000.0,0.00096000003,329000000.0,0.00827,0.014730001,0.81873796306786,31.719746,6400000000.0,5364000000.0,18786000000.0,1118000000.0,13596000000.0,530000000.0,12757000000.0,0.3267689950949534
旭松食品,2911,食料品,スタンダード（内国株式）,2025-03-31,大阪府,4209287168,0.5131399,8017567000.0,225812000.0,0.01598,238817000.0,0.03233,0.03191,0.8003809696895082,,1968617000.0,1311506000.0,5026849000.0,946042000.0,2098381000.0,847388000.0,3651403600.0,0.8674636474695375
日本たばこ産業,2914,食料品,プライム（内国株式）,2024-12-31,東京都,8896752123904,2.1910472,3149759000000.0,310575000000.0,0.24983999,179240000000.0,0.058520004,0.045560002,0.4499753426582048,16.63844,4522005000000.0,2148607000000.0,3577572000000.0,1726788000000.0,1084567000000.0,151940000000.0,-838075000000.0,-0.09420010677247494
ケンコーマヨネーズ,2915,食料品,プライム（内国株式）,2025-03-31,東京都,28426559488,0.70926315,91703000000.0,4846000000.0,0.03365,3503000000.0,0.031040002,0.07075,0.6236423220973782,10.187166,24117000000.0,18391000000.0,34312000000.0,3815000000.0,15729000000.0,6164000000.0,14509800000.0,0.5104310989912505
仙波糖化工業,2916,食料品,スタンダード（内国株式）,2025-03-31,栃木県,8366940160,0.70547587,18701074000.0,755539000.0,0.04496,319610000.0,0.01482,0.023659999,0.5732952142193949,,8802559000.0,6682080000.0,11173971000.0,3640497000.0,3081470000.0,2789526000.0,4324080200.0,0.5168054410944897
大森屋,2917,食料品,スタンダード（内国株式）,2024-09-30,大阪府,4477678080,0.3892754,16305293000.0,269700000.0,-0.0141199995,179993000.0,-0.00691,-0.00988,0.7422687481603627,,4047984000.0,3403073000.0,12412726000.0,1470013000.0,1087166000.0,566665000.0,8761407500.0,1.956685439074709
わらべや日洋ホールディングス,2918,食料品,プライム（内国株式）,2025-02-28,東京都,55670558720,0.9648278,222467000000.0,4517000000.0,0.049569998,2679000000.0,0.01695,0.06679,0.4686331910952334,16.042915,61802000000.0,25647000000.0,32818000000.0,34245000000.0,8450000000.0,1136000000.0,-28188800000.0,-0.5063502261900776
リスキル,291A,サービス業,グロース（内国株式）,2025-03-31,東京都,7507500032,4.195651,1958771000.0,683436000.0,0.47554,473789000.0,0.26795998,,0.8015691762619777,,349371000.0,349369000.0,1583600000.0,,1461863000.0,119493000.0,1317874100.0,0.17554100491277894
なとり,2922,食料品,プライム（内国株式）,2025-03-31,東京都,25316096000,0.9668535,48892510000.0,1968762000.0,-0.00804,1352046000.0,0.01976,0.0377,0.6305296675982595,16.464811,15359815000.0,11852922000.0,20975084000.0,5276893000.0,4509997000.0,2094121000.0,7081153700.0,0.2797095452632191
サトウ食品,2923,食料品,スタンダード（内国株式）,2025-04-30,新潟県,41660268544,1.8085637,46479026000.0,2697392000.0,0.09663,1949451000.0,0.05945,0.13079001,0.4601951690519372,,26363967000.0,12142434000.0,23888584000.0,18560112000.0,4867882000.0,2375302000.0,-812671600.0,-0.019507113813769274
イフジ産業,2924,食料品,スタンダード（内国株式）,2025-03-31,福岡県,18428309504,1.607774,25557000000.0,3001000000.0,0.10880999,2102000000.0,0.07649,0.20323999,0.6662487312675384,,5590000000.0,4549000000.0,9967000000.0,2130000000.0,4055000000.0,175000000.0,4499500000.0,0.2441623849991965
篠崎屋,2926,食料品,スタンダード（内国株式）,2024-09-30,埼玉県,1500724736,1.1254207,2785774000.0,-9349000.0,-0.013409999,-28375000.0,0.022750001,0.10065,0.7864634319055126,,274412000.0,271710000.0,683364000.0,0.0,518524000.0,,408952000.0,0.2725030048415221
ＡＦＣ－ＨＤアムスライフサイエンス,2927,食料品,スタンダード（内国株式）,2024-08-31,静岡県,12841571328,0.8244347,30185451000.0,1916189000.0,0.07035,1252067000.0,0.04434,0.100710005,0.29627121731846384,,33072588000.0,17622142000.0,22094548000.0,22891658000.0,12172810000.0,588827000.0,-10565861100.0,-0.8227856879914688
ファーマフーズ,2929,食料品,プライム（内国株式）,2024-07-31,京都府,24079265792,2.0855057,62147000000.0,5116000000.0,0.14005,3205000000.0,0.00564,0.03182,0.3167637328083559,5.3667955,24988000000.0,23163000000.0,27275000000.0,16891000000.0,15666000000.0,3037000000.0,4412900000.0,0.18326555461114286
北の達人コーポレーション,2930,化学,プライム（内国株式）,2025-02-28,東京都,19522043904,2.4599383,11826401000.0,1675336000.0,0.09989,1205882000.0,0.14082,0.25926,0.8590132865035969,16.091955,1291116000.0,1234707000.0,7960161000.0,0.0,5698744000.0,,6669045000.0,0.341616125483333
ユーグレナ,2931,食料品,プライム（内国株式）,2024-12-31,東京都,60367687680,1.9735138,47618000000.0,301000000.0,0.08068,-650000000.0,-0.01941,0.00428,0.4327836627716501,-176.8,41143000000.0,12811000000.0,30865000000.0,25917000000.0,20631000000.0,748000000.0,-9754400000.0,-0.16158313122256068
ＳＴＩフードホールディングス,2932,食料品,スタンダード（内国株式）,2024-12-31,東京都,22862899200,2.4314477,35580529000.0,2901187000.0,0.07983,1685326000.0,0.058390003,0.25097,0.43483616305586076,3.8319428,10899045000.0,7560036000.0,11064875000.0,3467180000.0,4226199000.0,118144000.0,248530800.0,0.010870484877088554
紀文食品,2933,食料品,プライム（内国株式）,2025-03-31,東京都,25477967872,1.2739595,108912144000.0,4513009000.0,0.01447,2587971000.0,0.02172,0.12757,0.28654804415550866,12.130435,51138328000.0,26089595000.0,31225698000.0,27866748000.0,8799179000.0,2367432000.0,-18255427600.0,-0.7165181968873785
ジェイフロンティア,2934,食料品,グロース（内国株式）,2025-05-31,東京都,9395884032,6.7067394,21504496000.0,293747000.0,-0.0034,87570000.0,0.00332,0.05935,0.15330325157694832,24.432135,7158506000.0,4762822000.0,5654626000.0,4343824000.0,2169645000.0,281503000.0,-1306827900.0,-0.13908514574565578
ピックルスホールディングス,2935,食料品,プライム（内国株式）,2025-02-28,埼玉県,14632972288,0.7376606,41518000000.0,1280000000.0,0.08455,958000000.0,0.02994,0.06519,0.6237021361021097,13.64486,11359000000.0,8019000000.0,10888000000.0,4848000000.0,4974000000.0,726000000.0,37200000.0,0.0025422039533626703
ベースフード,2936,食料品,グロース（内国株式）,2025-02-28,東京都,19435442176,19.120659,15241454000.0,136510000.0,0.0070200004,108952000.0,0.03686,0.80455,0.2692224903273147,,2814450000.0,2538115000.0,3274701000.0,809688000.0,1983167000.0,,460251000.0,0.02368101511826391
サンクゼール,2937,食料品,グロース（内国株式）,2025-03-31,長野県,16305967104,3.4932764,19467260000.0,835995000.0,0.02913,350434000.0,0.01518,0.06487,0.5362415983249488,,4284157000.0,2724493000.0,6123073000.0,1751147000.0,1936046000.0,55394000.0,1877691800.0,0.11515366049888481
オカムラ食品工業,2938,食料品,スタンダード（内国株式）,2025-06-30,青森県,60322025472,3.742653,35345000000.0,3021000000.0,0.07867,2020000000.0,0.057150003,0.13381,0.38869908652564755,,25229000000.0,20036000000.0,30327000000.0,17287000000.0,4416000000.0,89000000.0,5160300000.0,0.08554586752719841
日本調理機,2961,金属製品,スタンダード（内国株式）,2024-09-30,東京都,4895549952,0.7083312,18443814000.0,1058942000.0,-0.20382999,700233000.0,0.03518,0.096999995,0.48264696925216954,,7542614000.0,6386713000.0,11273704000.0,375771000.0,4577934000.0,70155000.0,3780198500.0,0.7721703459395117
テクニスコ,2962,金属製品,スタンダード（内国株式）,2024-06-30,東京都,4055223552,2.498601,4683182000.0,-476939000.0,-0.74942,-603632000.0,-0.88518995,-0.94325995,0.4930095811784857,,4821161000.0,2074832000.0,5424368000.0,3968733000.0,2180097000.0,3921000.0,605951700.0,0.14942498045543015
令和アカウンティング・ホールディングス,296A,サービス業,グロース（内国株式）,2025-03-31,東京都,24910397440,11.076186,4979471000.0,1494676000.0,0.33628,1014824000.0,0.21997,,0.6570151075272472,,1585208000.0,1579506000.0,4179727000.0,13462000.0,3263743000.0,2502000.0,2596270400.0,0.10422436680319783
グッドライフカンパニー,2970,不動産業,スタンダード（内国株式）,2024-12-31,福岡県,18435280896,3.6966622,17126000000.0,1544000000.0,0.12309,1000000000.0,0.066939995,0.31966,0.2263000157737,,14715000000.0,10109000000.0,16096000000.0,10469000000.0,5272000000.0,,1381000000.0,0.07491071103232513
スター・マイカ・ホールディングス,2975,不動産業,プライム（内国株式）,2024-11-30,東京都,41433853952,1.4333458,55849959000.0,5524556000.0,0.122779995,3106800000.0,0.06117,0.14413,0.24814478049114297,,77261207000.0,16065934000.0,99532958000.0,73295825000.0,1904843000.0,1365173000.0,23227372100.0,0.5605892255861181
ツクルバ,2978,不動産業,グロース（内国株式）,2024-07-31,東京都,6117216768,3.1704688,5483091000.0,155256000.0,0.05432,215658000.0,0.0130900005,0.05684,0.4264315239663157,,2421348000.0,1707432000.0,3967419000.0,2121898000.0,1917882000.0,32421000.0,1568765700.0,0.25645089253766984
アルピコホールディングス,297A,小売業,スタンダード（内国株式）,2025-03-31,長野県,16569387008,1.143031,103836216000.0,3412421000.0,0.02773,2292471000.0,0.018029999,,0.24882540895101152,,43828711000.0,19792953000.0,14683841000.0,25974272000.0,4206320000.0,,-29144870000.0,-1.7589588550215123
ＳＲＥホールディングス,2980,不動産業,プライム（内国株式）,2025-03-31,東京都,47160528896,3.4857056,26690860000.0,3107983000.0,0.0218,1697053000.0,0.045640003,0.097449996,0.45229107486780984,18.982502,16124060000.0,6928553000.0,24492416000.0,12134362000.0,4384560000.0,45000000.0,8399856000.0,0.17811199739773165
ランディックス,2981,不動産業,グロース（内国株式）,2025-03-31,東京都,13622198272,1.5536263,20267874000.0,2258831000.0,0.15554,1404730000.0,0.08582,0.25246,0.3829437834982139,,13448283000.0,10487250000.0,18737997000.0,12245718000.0,6160378000.0,,5289714000.0,0.38831573982246614
ＡＤワークスグループ,2982,不動産業,プライム（内国株式）,2024-12-31,東京都,22566606848,1.139935,49910901000.0,3216734000.0,0.0864,1610551000.0,0.03709,0.12028,0.3133391965782779,,41048750000.0,10136010000.0,48701806000.0,35661530000.0,10129840000.0,480502000.0,7989407400.0,0.35403671689827276
アールプランナー,2983,不動産業,グロース（内国株式）,2025-01-31,愛知県,13265830912,1.9981674,40185916000.0,2163157000.0,0.08505999,1436779000.0,0.0437,0.3215,0.19630563612762839,,23191804000.0,18847972000.0,26829493000.0,16642949000.0,5357294000.0,,3637689000.0,0.27421493792065604
ヤマイチエステート,2984,不動産業,スタンダード（内国株式）,2025-03-31,大阪府,6339944960,0.4824554,20909686000.0,1753777000.0,-0.03661,682538000.0,0.02469,0.03936,0.2678593355639912,3.2092037,37053053000.0,8804104000.0,26862187000.0,31702485000.0,5708337000.0,320695000.0,-9966379500.0,-1.571997795387801
ＬＡホールディングス,2986,不動産業,グロース（内国株式）,2024-12-31,東京都,60259774464,2.2115757,44707290000.0,7700990000.0,0.31154,4713088000.0,0.13088,0.30072,0.25448561983466433,,53116252000.0,24785888000.0,63141140000.0,47956388000.0,13545096000.0,655808000.0,10483953600.0,0.17397930366074063
ＧＶＡ　ＴＥＣＨ,298A,情報・通信業,グロース（内国株式）,2024-12-31,東京都,3480784640,7.5973406,1165421000.0,-523669000.0,-0.14737001,-532379000.0,-0.30899,,0.46565154773231354,,695291000.0,503349000.0,681552000.0,334915000.0,542360000.0,,-13739000.0,-0.003947098548446824
ランドネット,2991,不動産業,スタンダード（内国株式）,2024-07-31,東京都,16660126720,1.5041344,77790938000.0,2785755000.0,0.047399998,1840334000.0,0.02484,0.23888001,0.326912511198252,,18278380000.0,14154589000.0,21692915000.0,13041468000.0,3935970000.0,,3414535000.0,0.20495252271406492
長栄,2993,不動産業,スタンダード（内国株式）,2025-03-31,京都府,10036438016,0.8695336,10018008000.0,1800826000.0,0.20778999,2067597000.0,0.20108,0.18829,0.1789400996181319,,54753079000.0,4127558000.0,12374666000.0,48903971000.0,11859060000.0,,-42378413000.0,-4.222455509857253
ストレージ王,2997,不動産業,グロース（内国株式）,2025-01-31,千葉県,1893687552,1.8000835,4262911000.0,171987000.0,-0.103819996,75392000.0,0.02446,0.12317,0.3082641512862753,,2512276000.0,1225425000.0,2770293000.0,1951031000.0,532857000.0,52694000.0,294902800.0,0.1557293861326496
クリアル,2998,不動産業,グロース（内国株式）,2025-03-31,東京都,35100372992,6.605275,41823444000.0,1968260000.0,0.02701,1351394000.0,0.02464,0.19254999,0.09962387266641806,5.671059,47663085000.0,45999465000.0,50755665000.0,4760856000.0,15699531000.0,1036000.0,3093305200.0,0.08812741678571391
ホームポジション,2999,不動産業,スタンダード（内国株式）,2024-08-31,東京都,3987444224,0.69145185,19730322000.0,-570430000.0,0.04223,-691102000.0,0.02229,0.08404,0.2958740085024557,,8190678000.0,6316344000.0,11152104000.0,7290858000.0,2662937000.0,,2961426000.0,0.7426877552732886
ｄｅｌｙ,299A,サービス業,グロース（内国株式）,2025-03-31,東京都,60404137984,5.445288,13101675000.0,2662664000.0,0.1983,1691530000.0,0.12995,,0.8053196371207031,,2561129000.0,2561129000.0,11026552000.0,,8888392000.0,172426000.0,8586121200.0,0.14214458622477674
片倉工業,3001,繊維製品,スタンダード（内国株式）,2024-12-31,東京都,87827841024,1.0206604,39424000000.0,4129000000.0,0.15379,3524000000.0,0.12885,0.060149997,0.6111119003309988,,51057000000.0,20095000000.0,58437000000.0,9752000000.0,30419000000.0,32887000000.0,30400900000.0,0.34614194821995675
グンゼ,3002,繊維製品,プライム（内国株式）,2025-03-31,大阪府,127607275520,1.1575476,137117000000.0,7922000000.0,0.04997,6279000000.0,0.02358,0.02787,0.7463880208170244,8.528646,38700000000.0,24551000000.0,77974000000.0,10059000000.0,10541000000.0,3924000000.0,42020800000.0,0.3292978384560373
ヒューリック,3003,不動産業,プライム（内国株式）,2024-12-31,,1200105062400,1.414729,591615000000.0,163361000000.0,0.30144,102341000000.0,0.15010999,0.12358,0.2732314726289672,11.602554,2192592000000.0,462754000000.0,583864000000.0,1870997000000.0,134462000000.0,420487000000.0,-1314387100000.0,-1.0952266940458162
神栄,3004,卸売業,スタンダード（内国株式）,2025-03-31,兵庫県,8659702784,0.9750818,40158000000.0,1387000000.0,0.03731,1321000000.0,0.04316,0.20853001,0.318663377113417,,18779000000.0,13439000000.0,17502000000.0,13341000000.0,1146000000.0,5889000000.0,2845300000.0,0.3285678586171671
ＭＩＣ,300A,サービス業,スタンダード（内国株式）,2025-03-31,東京都,18552299520,,12275062000.0,998781000.0,0.0,650093000.0,0.0,,0.7736369465866347,,2418440000.0,2346975000.0,6080381000.0,301113000.0,3661159000.0,,3661941000.0,0.19738474985552626
ポラリス・ホールディングス,3010,サービス業,スタンダード（内国株式）,2025-03-31,東京都,47685615616,1.6996034,27881446000.0,2804095000.0,0.08253,2610672000.0,0.08439,0.16439,0.42172681830236525,13.58189,38845394000.0,8229253000.0,13101826000.0,31831136000.0,7514013000.0,2415000.0,-25741877500.0,-0.5398247913436354
バナーズ,3011,小売業,スタンダード（内国株式）,2025-03-31,埼玉県,2327506688,0.8934712,5601270000.0,343910000.0,0.05928,250019000.0,0.044180002,0.09669,0.29733566852011595,,6210017000.0,1466559000.0,2046985000.0,3101854000.0,1098894000.0,1502000.0,-4161980600.0,-1.7881712742043043
アプライド,3020,小売業,スタンダード（内国株式）,2025-03-31,福岡県,10636033024,0.88279206,47288000000.0,2670000000.0,0.058480002,1767000000.0,0.03904,0.16289,0.5867486000297338,,8228000000.0,7504000000.0,14565000000.0,399000000.0,5971000000.0,33000000.0,6360100000.0,0.5979767066958667
パシフィックネット,3021,サービス業,スタンダード（内国株式）,2025-05-31,東京都,7394159104,2.2204337,8099541000.0,842253000.0,0.13518,529682000.0,0.07486,0.20725,0.273213099605406,,8986619000.0,4129762000.0,2360327000.0,7669651000.0,1215270000.0,,-6626292000.0,-0.8961522070055797
ラサ商事,3023,卸売業,スタンダード（内国株式）,2025-03-31,,18280507392,0.8415171,26568000000.0,2532000000.0,0.05029,2079000000.0,0.07755,0.09770001,0.6572957695661324,,11398000000.0,8518000000.0,20219000000.0,4014000000.0,5732000000.0,5185000000.0,12450500000.0,0.6810806578294782
クリエイト,3024,卸売業,スタンダード（内国株式）,2025-03-31,,4406205952,0.83419263,36550093000.0,758790000.0,0.015190001,486465000.0,0.01423,0.103360005,0.30666584434782773,,12040113000.0,10141947000.0,12993963000.0,1119150000.0,1416922000.0,150115000.0,1058930500.0,0.2403270549619556
アルペン,3028,小売業,プライム（内国株式）,2025-06-30,,89664249856,0.74015826,268655000000.0,8518000000.0,0.04216,5573000000.0,0.020739999,0.04676,0.5882915695415696,18.115265,84778000000.0,73233000000.0,113597000000.0,11774000000.0,15150000000.0,4964000000.0,32293800000.0,0.36016361093594784
ビースタイルホールディングス,302A,サービス業,グロース（内国株式）,2025-03-31,東京都,1749667200,1.385148,11214027000.0,323155000.0,0.03746,195800000.0,0.01746,0.20778,0.304324268065687,,2887551000.0,1457611000.0,3674750000.0,1543880000.0,2400255000.0,26890000.0,806022000.0,0.46067160657752515
ハブ,3030,小売業,スタンダード（内国株式）,2025-02-28,,9785620480,3.1812754,10715093000.0,453162000.0,0.04323,446030000.0,0.04439,0.16882999,0.4680804720669163,19.948717,3289501000.0,1708141000.0,3292130000.0,1440586000.0,2642419000.0,273667000.0,194195900.0,0.019845026730486895
ラクーンホールディングス,3031,情報・通信業,プライム（内国株式）,2025-04-30,東京都,14331685888,3.170634,6098405000.0,1254725000.0,0.17384,836932000.0,0.13113,0.16799,0.2826683803352827,13.715953,11633568000.0,10694345000.0,13312957000.0,1226250000.0,4340522000.0,681766000.0,2156625200.0,0.15047951907777676
クオールホールディングス,3034,小売業,プライム（内国株式）,2025-03-31,東京都,75969650688,1.4332302,263972000000.0,13465000000.0,0.05009,5164000000.0,0.02249,0.14739001,0.357752600692683,6.1827626,97533000000.0,74202000000.0,60348000000.0,41071000000.0,26727000000.0,143000000.0,-37084900000.0,-0.48815414661183704
ケイティケイ,3035,卸売業,スタンダード（内国株式）,2024-08-31,愛知県,3412115712,0.762143,18109789000.0,383413000.0,0.02149,345327000.0,0.01754,0.07644,0.47488159195451235,,4656007000.0,4168032000.0,5752993000.0,897094000.0,2262092000.0,725170000.0,1604605000.0,0.47026687704546405
アルコニックス,3036,卸売業,プライム（内国株式）,2025-03-31,東京都,66929070080,0.9834117,197004000000.0,6920000000.0,0.0466,4805000000.0,0.02349,0.0705,0.3544605714169472,,126325000000.0,103196000000.0,144374000000.0,53741000000.0,18762000000.0,8577000000.0,24052900000.0,0.3593789659896616
神戸物産,3038,卸売業,プライム（内国株式）,2024-10-31,兵庫県,820933885952,5.3003354,507883000000.0,34358000000.0,0.080819994,21443000000.0,0.060489997,0.23345,0.5688883937752793,36.128967,100618000000.0,56929000000.0,161089000000.0,37001000000.0,107272000000.0,424000000.0,60767800000.0,0.07402276972588398
ｖｉｓｕｍｏ,303A,情報・通信業,グロース（内国株式）,2025-03-31,東京都,1591164032,3.0563538,829121000.0,79988000.0,0.01398,48907000.0,0.05899,0.10929,0.7481031866464339,,175296000.0,151327000.0,453359000.0,,347308000.0,,278063000.0,0.17475445297144576
ソリトンシステムズ,3040,情報・通信業,プライム（内国株式）,2024-12-31,東京都,34682912768,2.8710585,18606000000.0,2044000000.0,0.04897,1725000000.0,0.09146,0.14616999,0.527011938503822,22.220903,11003000000.0,10845000000.0,20897000000.0,191000000.0,14692000000.0,56000000.0,9933200000.0,0.28640039740736
ビューティカダンホールディングス,3041,卸売業,スタンダード（内国株式）,2024-06-30,熊本県,1853538048,3.0342085,6982903000.0,84866000.0,-0.0066500003,28541000.0,0.0055199997,0.07279,0.2001955931206853,,2173778000.0,1282422000.0,1799228000.0,1483027000.0,1071375000.0,190862000.0,-240946600.0,-0.12999279958670695
セキュアヴェイル,3042,情報・通信業,グロース（内国株式）,2025-03-31,大阪府,2952787968,2.4591582,1149075000.0,35122000.0,0.12584,42811000.0,0.08259,0.08963,0.7640961483455176,,366186000.0,353359000.0,1428274000.0,2269000.0,1112261000.0,59397000.0,1103665900.0,0.3737707928780073
カワサキ,3045,卸売業,スタンダード（内国株式）,2024-08-31,大阪府,3073278464,0.71709883,2182874000.0,402368000.0,0.28369,293445000.0,0.14129,0.05171,0.6838912728106801,,2567510000.0,701621000.0,1002432000.0,1297220000.0,570344000.0,,-1565078000.0,-0.5092535604349323
ジンズホールディングス,3046,小売業,プライム（内国株式）,2024-08-31,東京都,189760208896,5.9784336,82999000000.0,7836000000.0,0.11686,4671000000.0,0.08569,0.29057,0.47358487074628525,33.40318,28448000000.0,25663000000.0,32254000000.0,12373000000.0,18673000000.0,952000000.0,4472400000.0,0.023568692435678884
ビックカメラ,3048,小売業,プライム（内国株式）,2024-08-31,,274634932224,1.6291658,922572000000.0,24389000000.0,0.02355,13908000000.0,0.01793,0.10074,0.3187634867265519,20.522005,285071000000.0,213009000000.0,263467000000.0,104282000000.0,71396000000.0,25468000000.0,-3776400000.0,-0.013750617845365212
フォルシア,304A,情報・通信業,グロース（内国株式）,2025-02-28,東京都,2784093952,1.4197826,2310220000.0,215336000.0,0.0305,131697000.0,0.042940002,,0.8847998094574968,,252477000.0,252476000.0,1813766000.0,,1230480000.0,,1561289000.0,0.5607889054456737
ＤＣＭホールディングス,3050,小売業,プライム（内国株式）,2025-02-28,東京都,200188100608,0.70762086,544602000000.0,33231000000.0,0.07858,17144000000.0,0.03271,0.064559996,0.40790757111813514,10.232877,383638000000.0,127710000000.0,292374000000.0,293591000000.0,119429000000.0,35869000000.0,-66155700000.0,-0.33046769412904986
ペッパーフードサービス,3053,小売業,スタンダード（内国株式）,2024-12-31,東京都,11301975040,-0.7613719,13988000000.0,77000000.0,-0.25847,28000000.0,-0.21893999,,0.5584898971995746,,2491000000.0,1719000000.0,3493000000.0,0.0,2179000000.0,20000000.0,1016000000.0,0.08989579223137269
ハイパー,3054,卸売業,スタンダード（内国株式）,2024-12-31,東京都,3051546368,0.988835,12409590000.0,262129000.0,0.01804,218420000.0,0.021930002,0.09882,0.39130668387427336,,4542901000.0,4097517000.0,6768434000.0,806227000.0,2358821000.0,44291000.0,2256536700.0,0.7394731810937372
三洋堂ホールディングス,3058,小売業,スタンダード（内国株式）,2025-03-31,愛知県,4974558208,1.7694484,16605085000.0,123634000.0,-0.01487,177821000.0,0.0194,0.11886,0.22728128706933098,,9589154000.0,6525595000.0,8474200000.0,2728674000.0,2365078000.0,340043000.0,-876923900.0,-0.17628176479868019
ヒラキ,3059,小売業,スタンダード（内国株式）,2025-03-31,兵庫県,4083754496,0.63030624,12960074000.0,-3812000.0,0.01752,-771903000.0,-0.06634,-0.12197,0.4324902242175204,,8506160000.0,3456103000.0,10317122000.0,6635923000.0,6480986000.0,126497000.0,1899509900.0,0.46513812273988375
ジェイグループホールディングス,3063,小売業,グロース（内国株式）,2025-02-28,愛知県,9365815296,4.5006413,10742457000.0,377105000.0,0.02378,458211000.0,0.00792,0.04719,0.19472309065637317,24.00631,7865200000.0,1682174000.0,2379582000.0,5800085000.0,1638703000.0,7330000.0,-5480487000.0,-0.5851585608719654
ＭｏｎｏｔａＲＯ,3064,小売業,プライム（内国株式）,2024-12-31,大阪府,1030334251008,9.067295,288119000000.0,37067000000.0,0.13737,26338000000.0,0.09471,0.27429,0.7150481286372287,34.0644,40762000000.0,36461000000.0,94116000000.0,1336000000.0,30727000000.0,1500000000.0,54404000000.0,0.05280228231447737
ライフフーズ,3065,小売業,スタンダード（内国株式）,2025-02-28,大阪府,5029740032,2.7942119,9783103000.0,347467000.0,0.022090001,402103000.0,0.03148,0.18746,0.4133294613324449,,2387894000.0,1518440000.0,2632099000.0,556410000.0,2230603000.0,200000000.0,384205000.0,0.07638665170677354
東京一番フーズ,3067,小売業,スタンダード（内国株式）,2024-09-30,東京都,4034565888,2.2880514,7452170000.0,217976000.0,-0.049089998,39315000.0,-0.00703,-0.02799,0.37053337716254553,,2688530000.0,1097331000.0,1962792000.0,1805273000.0,935487000.0,,-725738000.0,-0.179880071399642
ＷＤＩ,3068,小売業,スタンダード（内国株式）,2025-03-31,東京都,18795175936,2.9157887,31952794000.0,749249000.0,0.03147,930006000.0,0.00488,-0.0016,0.28500796947413354,,14439991000.0,5197143000.0,8457062000.0,9376979000.0,5152618000.0,318096000.0,-5760261800.0,-0.30647554561949486
ＪＦＬＡホールディングス,3069,食料品,スタンダード（内国株式）,2025-03-31,東京都,7282467840,0.9897291,65207679000.0,1310526000.0,0.02544,638153000.0,0.0025099998,0.02301,0.18070923823106547,,30383394000.0,9432427000.0,20848396000.0,19271221000.0,4574358000.0,1249611000.0,-8660270300.0,-1.1891944448325913
ジェリービーンズグループ,3070,卸売業,グロース（内国株式）,2025-01-31,東京都,6514697728,3.9748688,831619000.0,-519976000.0,-0.09134,-519966000.0,-0.48115003,-1.33258,0.3271801703977272,,423203000.0,247939000.0,614664000.0,181785000.0,265170000.0,73000.0,191512100.0,0.02939692799205188
ストリーム,3071,小売業,スタンダード（内国株式）,2025-01-31,東京都,3040015104,1.0837865,30296973000.0,260666000.0,0.00415,4166000.0,-0.00114,-0.01596,0.45882187999681534,,3392064000.0,3245912000.0,5351599000.0,843094000.0,895143000.0,10318000.0,1966757600.0,0.6469565224896988
ＤＤグループ,3073,小売業,プライム（内国株式）,2025-02-28,東京都,30652585984,3.343431,38578000000.0,3738000000.0,0.07476,2397000000.0,0.058819998,0.22427,0.25844060433768806,9.854398,22565000000.0,6500000000.0,11311000000.0,16583000000.0,7382000000.0,1424000000.0,-10257200000.0,-0.3346275581888602
銚子丸,3075,小売業,スタンダード（内国株式）,2024-05-31,,19054454784,2.2997167,21360275000.0,1709008000.0,0.07649,1073574000.0,0.033469997,,0.72487621497754,,3533368000.0,3032214000.0,8075579000.0,198000000.0,6585878000.0,20000000.0,4556211000.0,0.2391152647319956
あい　ホールディングス,3076,卸売業,プライム（内国株式）,2025-06-30,東京都,148793540608,1.3583118,66197000000.0,8892000000.0,0.095649995,21280000000.0,0.32146,0.22103001,0.7774189885455552,7.9914165,28841000000.0,16565000000.0,83265000000.0,1064000000.0,45055000000.0,5138000000.0,58020600000.0,0.38994031436389165
ホリイフードサービス,3077,小売業,スタンダード（内国株式）,2025-03-31,茨城県,2163678464,4.25921,4770191000.0,199677000.0,0.03866,175313000.0,0.04555,,0.15719007705961038,,2501308000.0,2074243000.0,2163287000.0,1634930000.0,1814136000.0,147923000.0,-234474900.0,-0.10836864344738424
ディーブイエックス,3079,卸売業,スタンダード（内国株式）,2025-03-31,東京都,12199945216,1.4176095,50321644000.0,537458000.0,0.0016,410119000.0,0.00634,0.03777,0.3574273278631604,,16409636000.0,15881367000.0,23436673000.0,13423000.0,5058521000.0,323874000.0,7253748800.0,0.5945722436922786
ジェーソン,3080,小売業,スタンダード（内国株式）,2025-02-28,千葉県,9314120704,1.4749203,28297699000.0,538544000.0,0.01779,345589000.0,0.00664,0.029660001,0.5801503583255543,,4559256000.0,3445217000.0,7086489000.0,958734000.0,4113685000.0,,2527233000.0,0.271333503216752
きちりホールディングス,3082,小売業,スタンダード（内国株式）,2024-06-30,東京都,10373103616,5.2152276,13747050000.0,784947000.0,0.01116,256555000.0,0.02059,0.15517001,0.2380631548686331,33.381817,5701604000.0,2531574000.0,4270249000.0,3766424000.0,2983497000.0,117412000.0,-1349166600.0,-0.13006392782185047
スターシーズ,3083,小売業,スタンダード（内国株式）,2025-02-28,東京都,5531993088,3.1894715,5110179000.0,-282035000.0,-0.15785,-530682000.0,-0.12076,-0.48294997,0.2529111896664969,,1674731000.0,1049424000.0,1527243000.0,725633000.0,281961000.0,127048000.0,-58554400.0,-0.01058468423017668
Ｊ．フロント　リテイリング,3086,小売業,プライム（内国株式）,2025-02-28,東京都,573889642496,1.41754,441877000000.0,58199000000.0,0.12817,41424000000.0,0.06782,0.07403,0.3518851141651355,18.156446,740913000000.0,341341000000.0,241045000000.0,363577000000.0,54975000000.0,81535000000.0,-442793500000.0,-0.771565588941756
ドトール・日レスホールディングス,3087,小売業,プライム（内国株式）,2025-02-28,,103795458048,1.0176624,148822000000.0,9600000000.0,0.06367,6880000000.0,0.04303,0.06466,0.7747928958817569,16.099596,29882000000.0,21084000000.0,58792000000.0,2112000000.0,38990000000.0,1087000000.0,29670900000.0,0.28585932908816447
マツキヨココカラ＆カンパニー,3088,小売業,プライム（内国株式）,2025-03-31,東京都,1148738469888,2.2627468,1061626000000.0,82086000000.0,0.072399996,54675000000.0,0.052010003,0.1097,0.7306546199388311,20.774826,191283000000.0,162640000000.0,364316000000.0,2205000000.0,111750000000.0,27786000000.0,192483200000.0,0.16756050663017039
テクノアルファ,3089,卸売業,スタンダード（内国株式）,2024-11-30,東京都,2397752576,1.0694708,3969934000.0,276602000.0,0.27627,212418000.0,0.10880999,0.23341,0.6487692202048054,,1058775000.0,933384000.0,2549700000.0,512915000.0,449332000.0,100000000.0,1560925000.0,0.6509950257686637
ブロンコビリー,3091,小売業,プライム（内国株式）,2024-12-31,,56869195776,2.6892319,26617496000.0,2531268000.0,0.105220005,1715475000.0,0.06058,0.08636,0.8186810569631672,23.464373,4446115000.0,3735460000.0,9893453000.0,333100000.0,7388509000.0,168634000.0,5565381800.0,0.09786285394154824
ＺＯＺＯ,3092,小売業,プライム（内国株式）,2025-03-31,千葉県,1202682068992,13.649685,213131000000.0,64763000000.0,0.31319,45346000000.0,0.21042,0.54282004,0.5256269634204781,7.9481034,89092000000.0,79828000000.0,147394000000.0,20000000000.0,91486000000.0,931000000.0,58953700000.0,0.04901852411370087
トレジャー・ファクトリー,3093,小売業,プライム（内国株式）,2025-02-28,東京都,40075702272,3.567502,42207000000.0,4035000000.0,0.03987,2709000000.0,0.062230002,0.27559,0.499951992318771,12.518301,10330000000.0,7826000000.0,13274000000.0,5621000000.0,3014000000.0,,2944000000.0,0.07346097093991306
スーパーバリュー,3094,小売業,スタンダード（内国株式）,2025-02-28,埼玉県,10049662976,1.2084914,66487429000.0,-2756869000.0,0.03032,-2790501000.0,0.0091699995,0.123950005,0.105415648261965,,13726369000.0,10438644000.0,4257534000.0,5282612000.0,1422975000.0,,-9468835000.0,-0.9422042333770696
オーシャンシステム,3096,小売業,スタンダード（内国株式）,2025-03-31,新潟県,13254451200,1.136548,91061863000.0,1752110000.0,0.02642,1049738000.0,0.011720001,0.09733,0.4652656053823502,,12877617000.0,9072808000.0,11172079000.0,3340557000.0,4780051000.0,579274000.0,-1300046200.0,-0.09808374412363448
物語コーポレーション,3097,小売業,プライム（内国株式）,2025-06-30,愛知県,152340201472,3.7824051,123921000000.0,9244000000.0,0.07348,6157000000.0,0.04968,0.17478001,0.5440791073406641,19.409138,33665000000.0,18811000000.0,21139000000.0,15348000000.0,12520000000.0,57000000.0,-12486100000.0,-0.08196195015729275
三越伊勢丹ホールディングス,3099,小売業,プライム（内国株式）,2025-03-31,東京都,877135921152,1.5363919,555517000000.0,76315000000.0,0.12601,52814000000.0,0.10536,0.09734,0.49919467607068274,15.4332075,602851000000.0,379344000000.0,254916000000.0,86329000000.0,38795000000.0,148975000000.0,-243652500000.0,-0.27778191968240823
東洋紡,3101,繊維製品,プライム（内国株式）,2025-03-31,大阪府,104749113344,0.5414896,422032000000.0,16653000000.0,0.0541,2003000000.0,0.0066500003,0.02418,0.31614165772362857,9.920668,385755000000.0,160320000000.0,267495000000.0,261070000000.0,28581000000.0,12274000000.0,-109668200000.0,-1.046960651970824
ユニチカ,3103,繊維製品,プライム（内国株式）,2025-03-31,大阪府,11934484480,0.31948832,126411000000.0,5851000000.0,0.09204,-24283000000.0,-0.19703,-0.65565,0.10417586829953825,6.2349396,133199000000.0,116170000000.0,75277000000.0,93525000000.0,13501000000.0,2974000000.0,-55840200000.0,-4.678895020021845
富士紡ホールディングス,3104,繊維製品,プライム（内国株式）,2025-03-31,東京都,78003380224,1.6405958,42912000000.0,6479000000.0,0.17204,4477000000.0,0.111499995,0.1058,0.7124969973576748,17.854382,19150000000.0,12499000000.0,25052000000.0,561000000.0,8065000000.0,2923000000.0,7948100000.0,0.10189430223633483
日清紡ホールディングス,3105,電気機器,プライム（内国株式）,2024-12-31,東京都,195327016960,0.73192644,494746000000.0,16581000000.0,-0.02775,10277000000.0,0.0252,0.044650003,0.396280053415221,11.446224,382507000000.0,198881000000.0,371117000000.0,217185000000.0,50411000000.0,69917000000.0,37551900000.0,0.19225143855900925
倉敷紡績,3106,繊維製品,プライム（内国株式）,2025-03-31,大阪府,122384072704,1.03124,150660000000.0,10312000000.0,0.06043,9014000000.0,0.08141,0.10102,0.6288032667286001,,69347000000.0,39502000000.0,84835000000.0,10951000000.0,15192000000.0,55994000000.0,54683800000.0,0.44682121449135853
ダイワボウホールディングス,3107,卸売業,プライム（内国株式）,2025-03-31,大阪府,263077691392,1.7208077,1136817000000.0,34900000000.0,0.03399,24751000000.0,0.02406,0.19567,0.34555418724808123,9.934739,287814000000.0,267779000000.0,407778000000.0,20703000000.0,55421000000.0,10409000000.0,127250300000.0,0.483698558120575
シキボウ,3109,繊維製品,プライム（内国株式）,2025-03-31,大阪府,12778336256,0.36729917,39087000000.0,1346000000.0,0.025929999,914000000.0,0.02283,0.02579,0.41126724369531953,6.0107336,50375000000.0,17211000000.0,25794000000.0,26620000000.0,5903000000.0,1112000000.0,-23802600000.0,-1.8627307595559333
日東紡績,3110,ガラス・土石製品,プライム（内国株式）,2025-03-31,東京都,295623098368,2.3101764,109035000000.0,16445000000.0,0.15228,12837000000.0,0.11456,0.10045999,0.5814885367876113,27.394487,87277000000.0,40142000000.0,115256000000.0,52746000000.0,28546000000.0,21020000000.0,42693000000.0,0.1444169966274237
オーミケンシ,3111,繊維製品,スタンダード（内国株式）,2025-03-31,大阪府,1827397504,1.004617,3407000000.0,236000000.0,-0.01852,300000000.0,0.09798,0.19053,0.1213730324293571,,13899000000.0,7857000000.0,1971000000.0,7443000000.0,937000000.0,73000000.0,-11876900000.0,-6.49935220662313
ＵＮＩＶＡ・Ｏａｋホールディングス,3113,証券、商品先物取引業,スタンダード（内国株式）,2025-03-31,,6127930368,3.834704,2882052000.0,-722180000.0,-0.35068,-740417000.0,-0.43907002,-0.52391,0.3558949422908744,,3222922000.0,2420418000.0,3127878000.0,1920382000.0,854546000.0,181092000.0,31720400.0,0.005176364301664336
トヨタ紡織,3116,輸送用機器,プライム（内国株式）,2025-03-31,愛知県,444819210240,0.9957423,1954216000000.0,42400000000.0,0.03899,16719000000.0,0.0096700005,0.05678,0.4086658123491205,8.984304,604764000000.0,387452000000.0,668631000000.0,167318000000.0,249721000000.0,33923000000.0,87613100000.0,0.19696339093073068
マーチャント・バンカーズ,3121,サービス業,スタンダード（内国株式）,2024-10-31,東京都,7710379008,1.7367412,4446741000.0,326376000.0,0.18518999,182415000.0,0.02558,,0.255093487678484,,12198157000.0,669196000.0,2379133000.0,11835097000.0,1266740000.0,69161000.0,-9770611300.0,-1.2672024669425952
サイボー,3123,繊維製品,スタンダード（内国株式）,2025-03-31,埼玉県,7756576768,0.42797446,10297819000.0,806022000.0,0.12217,859552000.0,0.07383,0.04101,0.4228833615075732,,21816197000.0,2363302000.0,6557981000.0,12880103000.0,3917933000.0,6601304000.0,-10637303200.0,-1.3713914679326744
シンデン・ハイテックス,3131,卸売業,スタンダード（内国株式）,2025-03-31,東京都,6456676352,0.89080197,43745219000.0,1400721000.0,0.0253,642779000.0,0.017029999,0.105229996,0.44510139196654586,,9231311000.0,9181290000.0,16329813000.0,5968479000.0,6591845000.0,25000000.0,7116002000.0,1.1021153317984986
マクニカホールディングス,3132,卸売業,プライム（内国株式）,2025-03-31,神奈川県,386089320448,1.5405676,1034180000000.0,39650000000.0,0.02911,25279000000.0,0.021089999,0.08642,0.45362106829512006,7.919778,294963000000.0,293061000000.0,524936000000.0,75924000000.0,48530000000.0,7958000000.0,235543600000.0,0.6100754087854235
海帆,3133,小売業,グロース（内国株式）,2025-03-31,愛知県,35027386368,7.8501883,2791353000.0,-462211000.0,-0.2933,-737838000.0,-0.29456,-0.33238,0.3239420585257749,43.661972,3093919000.0,1935487000.0,770847000.0,2294622000.0,436604000.0,,-2323072000.0,-0.06632159121419036
Ｈａｍｅｅ,3134,小売業,スタンダード（内国株式）,2025-04-30,神奈川県,22284560384,2.139193,22895350000.0,2354125000.0,0.03233,1278023000.0,0.05093,0.11736,0.622775899258746,12.168989,6402470000.0,6257553000.0,13421855000.0,3850000000.0,4993572000.0,10934000.0,7027038800.0,0.3153321707456843
マーケットエンタープライズ,3135,小売業,プライム（内国株式）,2024-06-30,東京都,9596046336,7.060306,19008339000.0,298760000.0,0.02152,-476300000.0,0.01954,0.38021,0.16473581222826458,,4038958000.0,3976241000.0,4334961000.0,2324579000.0,1486785000.0,2642000.0,297852400.0,0.031039074799231983
ファンデリー,3137,小売業,グロース（内国株式）,2025-03-31,東京都,2674425088,2.9529073,2464162000.0,-133605000.0,0.18572001,-183577000.0,0.10371,,0.0531092433758183,33.49206,3957992000.0,507061000.0,1155551000.0,3715790000.0,758883000.0,,-2802441000.0,-1.047866703230687
富士山マガジンサービス,3138,小売業,グロース（内国株式）,2024-12-31,東京都,3470823424,1.4750628,5618929000.0,308095000.0,0.01875,171048000.0,0.01122,0.03484,0.40579396301572274,13.543815,3368800000.0,3368798000.0,5112032000.0,550000000.0,3200978000.0,38294000.0,1770037800.0,0.5099763323482744
ラクト・ジャパン,3139,卸売業,プライム（内国株式）,2024-11-30,東京都,35497377792,1.1726863,170907000000.0,4455000000.0,0.02945,3146000000.0,0.0231,0.14771,0.3386750168846319,10.694866,53855000000.0,44455000000.0,75826000000.0,32918000000.0,9076000000.0,1327000000.0,22899900000.0,0.6451152570813533
ＢＲＵＮＯ,3140,卸売業,グロース（内国株式）,2024-06-30,東京都,14285244416,2.742419,12940000000.0,147000000.0,0.01255,-334000000.0,0.01324,0.0373,0.4920665634674923,,5250000000.0,2589000000.0,8311000000.0,1768000000.0,2690000000.0,,3061000000.0,0.21427704776066464
ウエルシアホールディングス,3141,小売業,プライム（内国株式）,2025-02-28,東京都,632546131968,2.413349,1285005000000.0,36416000000.0,0.043759998,14958000000.0,0.01438,0.07237,0.4286541893324827,24.90167,325501000000.0,236616000000.0,280890000000.0,81249000000.0,35011000000.0,956000000.0,-43941800000.0,-0.06946813485885482
オーウイル,3143,卸売業,スタンダード（内国株式）,2025-03-31,,6809881600,1.2638979,39156014000.0,1162944000.0,0.05583,915103000.0,0.026349999,0.2087,0.31562316676608204,3.5370975,10965389000.0,8023318000.0,14905249000.0,4759611000.0,2858922000.0,429126000.0,4240248200.0,0.6226610753408693
クリエイトＳＤホールディングス,3148,小売業,プライム（内国株式）,2025-05-31,神奈川県,209634344960,1.4573326,457093000000.0,22630000000.0,0.045489997,15685000000.0,0.03498,0.11767,0.6033158466526604,,93840000000.0,84668000000.0,112041000000.0,,37746000000.0,175000000.0,18323500000.0,0.08740695616215119
グリムス,3150,電気・ガス業,プライム（内国株式）,2025-03-31,東京都,55052083200,3.4077423,33340818000.0,6500121000.0,0.22381,4558108000.0,0.13691,0.31162,0.6264359374672313,10.387969,9725641000.0,7048659000.0,21518496000.0,3691557000.0,13850883000.0,2082529000.0,13250625300.0,0.2406925320493594
バイタルケーエスケー・ホールディングス,3151,卸売業,プライム（内国株式）,2025-03-31,東京都,62835638272,0.6013234,600370000000.0,5706000000.0,0.00537,7308000000.0,0.01155,0.06645,0.35372011782543933,,192120000000.0,174880000000.0,187896000000.0,7699000000.0,23099000000.0,45131000000.0,27367700000.0,0.43554423496952427
八洲電機,3153,卸売業,プライム（内国株式）,2025-03-31,東京都,51804520448,1.7007396,66074000000.0,5258000000.0,0.052259997,4011000000.0,0.06231,0.14892,0.4772610342838434,,33313000000.0,32760000000.0,51370000000.0,740000000.0,15452000000.0,3353000000.0,20404100000.0,0.3938671726626848
メディアスホールディングス,3154,卸売業,プライム（内国株式）,2025-06-30,,18612586496,0.90895075,288689338000.0,1875755000.0,-0.00219,1375426000.0,0.00476,0.068390004,0.18118231916519692,,92546852000.0,81379281000.0,89052879000.0,21235995000.0,14333767000.0,4289108000.0,-491597400.0,-0.0264120948534288
レスター,3156,卸売業,プライム（内国株式）,2025-03-31,東京都,74625048576,0.88354456,561001000000.0,14174000000.0,0.0123000005,7473000000.0,0.0086,0.060170002,0.2772158104908684,8.526086,209962000000.0,145150000000.0,240568000000.0,115310000000.0,44417000000.0,3477000000.0,33039900000.0,0.4427454404448574
ジオリーブグループ,3157,卸売業,スタンダード（内国株式）,2025-03-31,,17970151424,0.76510966,176115000000.0,1922000000.0,0.00783,1601000000.0,0.00985,0.07745,0.2595978675131045,,66172000000.0,53589000000.0,64520000000.0,13647000000.0,17256000000.0,1833000000.0,-368900000.0,-0.020528485892852097
丸善ＣＨＩホールディングス,3159,小売業,スタンダード（内国株式）,2025-01-31,東京都,31187644416,0.5919758,165557000000.0,3402000000.0,0.01575,3908000000.0,0.02725,0.09425,0.3842902669268381,,80992000000.0,56714000000.0,98060000000.0,38808000000.0,28743000000.0,4476000000.0,20201200000.0,0.6477308683703058
大光,3160,卸売業,スタンダード（内国株式）,2025-05-31,岐阜県,8792569856,1.4171581,74880531000.0,811134000.0,0.00228,523226000.0,0.00595,0.073309995,0.23221704273081023,,21082834000.0,14591870000.0,15178585000.0,10099824000.0,534923000.0,1338458000.0,-4967328400.0,-0.56494613990588
アゼアス,3161,卸売業,スタンダード（内国株式）,2025-04-30,東京都,3696090112,0.55916655,8027705000.0,191872000.0,-0.0081400005,199093000.0,0.02157,0.02617,0.8007747793388548,,1683894000.0,1580021000.0,6325829000.0,95384000.0,2952037000.0,173888000.0,4763656600.0,1.288836704639305
ＯＣＨＩホールディングス,3166,卸売業,スタンダード（内国株式）,2025-03-31,福岡県,18187816960,0.7709408,117084000000.0,1476000000.0,0.01461,1040000000.0,0.00826,0.04137,0.33547963393915164,,46514000000.0,39356000000.0,46142000000.0,8094000000.0,15564000000.0,1954000000.0,995800000.0,0.05475093587042565
ＴＯＫＡＩホールディングス,3167,卸売業,プライム（内国株式）,2025-03-31,静岡県,126590001152,1.4415406,243482000000.0,16841000000.0,0.06782,9216000000.0,0.03999,0.10529,0.4427276258324886,14.238683,115262000000.0,61582000000.0,54955000000.0,65094000000.0,5636000000.0,16274000000.0,-48915200000.0,-0.3864065056865448
ＭＥＲＦ,3168,卸売業,スタンダード（内国株式）,2024-08-31,富山県,8045082112,0.87274086,82070144000.0,1450303000.0,0.02409,532504000.0,-0.00246,-0.021710001,0.3563332371475379,,17129061000.0,14900742000.0,23421328000.0,12788977000.0,1238544000.0,481238000.0,6629133600.0,0.8239982523126794
ミサワ,3169,小売業,スタンダード（内国株式）,2025-01-31,,4919394816,2.1762035,12637840000.0,325650000.0,0.118310004,187357000.0,0.05657,0.31087,0.6241067238589018,,1910393000.0,1815687000.0,3625761000.0,54174000.0,1103656000.0,,1715368000.0,0.34869492369689076
ティーライフ,3172,小売業,スタンダード（内国株式）,2024-07-31,静岡県,4878003712,0.7585063,13001000000.0,555000000.0,0.05994,319000000.0,0.03113,0.05631,0.6993878686700056,,2701000000.0,1305000000.0,5147000000.0,1018000000.0,2896000000.0,172000000.0,2566400000.0,0.5261168608147218
Ｃｏｍｉｎｉｘ,3173,卸売業,スタンダード（内国株式）,2025-03-31,大阪府,6118926336,0.8061824,30127000000.0,554000000.0,0.0146200005,36000000.0,0.00126,0.00565,0.302748741773132,,17983000000.0,11513000000.0,19261000000.0,10344000000.0,4823000000.0,1270000000.0,2167000000.0,0.3541470972204232
ハピネス・アンド・ディ,3174,小売業,スタンダード（内国株式）,2024-08-31,東京都,1786570752,9.058603,10780967000.0,-158219000.0,-0.07357,-459062000.0,-0.09139,-1.33443,0.14402121585017538,,6036436000.0,3274203000.0,5718808000.0,3979780000.0,981220000.0,29013000.0,-297318900.0,-0.16641876604504047
エー・ピーホールディングス,3175,小売業,スタンダード（内国株式）,2025-03-31,東京都,12035369984,26.451038,21072470000.0,263107000.0,0.03237,-36858000.0,0.01947,1.5863401,-0.006699682990229066,,7739449000.0,6025222000.0,2872565000.0,5759076000.0,920325000.0,176324000.0,-4743457200.0,-0.3941264129234101
三洋貿易,3176,卸売業,プライム（内国株式）,2024-09-30,東京都,46906519552,0.9291544,129263154000.0,7072908000.0,0.046550002,5207011000.0,0.03825,0.10226,0.6341418342006638,7.745709,27581193000.0,25599784000.0,63107232000.0,4508289000.0,8007322000.0,4877344000.0,38940179800.0,0.8301656181680969
ありがとうサービス,3177,小売業,スタンダード（内国株式）,2025-02-28,愛媛県,3134033152,1.0009688,10608307000.0,880257000.0,0.07114,503862000.0,0.041729998,0.16088,0.4831973521425473,,2952096000.0,1229127000.0,3244011000.0,1702756000.0,1734160000.0,175574000.0,414816800.0,0.13235877857108258
チムニー,3178,小売業,スタンダード（内国株式）,2025-03-31,,22862090240,3.767646,26219315000.0,923724000.0,0.014450001,1076442000.0,0.03249,0.14975001,0.3629052913419948,21.35135,10656120000.0,6232495000.0,8228063000.0,6250719000.0,6628234000.0,541849000.0,-2048762700.0,-0.08961397136012704
シュッピン,3179,小売業,プライム（内国株式）,2025-03-31,東京都,28653547520,3.1333354,52658393000.0,3396870000.0,0.03466,2020774000.0,0.02856,0.16003999,0.5621208119109881,9.514328,7920787000.0,6270400000.0,15733356000.0,4494249000.0,1733890000.0,,7812569000.0,0.27265625642154345
ビューティガレージ,3180,卸売業,プライム（内国株式）,2025-04-30,東京都,18289510400,2.378348,33721346000.0,1594349000.0,0.026630001,1019164000.0,0.026889998,0.13038999,0.4692135817263187,13.360806,8392108000.0,6407584000.0,13093186000.0,2144477000.0,4448634000.0,337172000.0,4937098400.0,0.26994152888860273
買取王国,3181,小売業,スタンダード（内国株式）,2025-02-28,愛知県,3360765696,1.0578055,7822875000.0,422067000.0,0.00773,328348000.0,0.035,0.100710005,0.5859069390990723,,2164681000.0,988787000.0,3517576000.0,1342816000.0,1183860000.0,231944000.0,1515255800.0,0.45086624211960535
オイシックス・ラ・大地,3182,小売業,プライム（内国株式）,2025-03-31,東京都,62345592832,2.0070038,256009000000.0,6865000000.0,0.02769,3638000000.0,0.015620001,0.103310004,0.22632353378318124,66.40769,95079000000.0,45933000000.0,53246000000.0,52091000000.0,19155000000.0,3841000000.0,-39144300000.0,-0.6278599371968516
ウイン・パートナーズ,3183,卸売業,プライム（内国株式）,2025-03-31,東京都,37959467008,1.6755809,81410300000.0,2808404000.0,0.03176,2019052000.0,0.02506,0.094790004,0.5162820665609447,,22551110000.0,21386614000.0,39725454000.0,,16209529000.0,1078023000.0,17928960100.0,0.47231854167555753
ＩＣＤＡホールディングス,3184,小売業,スタンダード（内国株式）,2025-03-31,,9281085440,0.8769805,38181309000.0,1812551000.0,0.04652,1274470000.0,0.03221,0.121929996,0.5387224523195768,,8577296000.0,6674866000.0,7474645000.0,1428572000.0,1161803000.0,460831000.0,-780069300.0,-0.08404936093336945
夢展望,3185,小売業,グロース（内国株式）,2025-03-31,大阪府,4180909824,12.82484,4499651000.0,-277484000.0,-0.06889,-369775000.0,-0.06809,-1.2349299,0.15978043197439268,,2193920000.0,1829739000.0,2386364000.0,1402152000.0,445284000.0,,192444000.0,0.046029215673416064
ネクステージ,3186,小売業,プライム（内国株式）,2024-11-30,愛知県,193384366080,2.60682,552778000000.0,12943000000.0,0.03521,8006000000.0,0.01428,0.12323,0.327207040213078,13.025852,149539000000.0,66998000000.0,132457000000.0,109921000000.0,35711000000.0,67000000.0,-17035100000.0,-0.08808933392760847
ミラタップ,3187,小売業,グロース（内国株式）,2024-09-30,大阪府,5811665408,1.8344954,16123140000.0,830178000.0,-0.01023,635329000.0,-0.00187,-0.0094,0.38203561266881286,59.444443,5782679000.0,4933914000.0,6211420000.0,3129163000.0,2042844000.0,328347000.0,658583900.0,0.11332102827073144
ＡＮＡＰホールディングス,3189,小売業,スタンダード（内国株式）,2024-08-31,東京都,19599947776,1.5572792,2709226000.0,-996491000.0,-0.81902003,-1187594000.0,-1.53157,,-2.5243048930618732,,2900006000.0,2721430000.0,496697000.0,2553303000.0,170772000.0,21024000.0,-2388592200.0,-0.12186727369369905
ホットマン,3190,小売業,スタンダード（内国株式）,2025-03-31,,4127467520,0.76818633,21908697000.0,661608000.0,-0.090299994,334419000.0,0.00982,,0.45127672444661754,,8981513000.0,6143396000.0,7782414000.0,4500448000.0,1175427000.0,345563000.0,-957204900.0,-0.23191094669110807
ジョイフル本田,3191,小売業,プライム（内国株式）,2025-06-30,茨城県,128413425664,1.0543753,135737000000.0,10748000000.0,0.06757,8327000000.0,0.061350003,0.0686,0.7355683863408506,15.86746,43783000000.0,21989000000.0,59948000000.0,14731000000.0,32256000000.0,2653000000.0,18022100000.0,0.14034435968678
白鳩,3192,小売業,スタンダード（内国株式）,2025-02-28,京都府,1677302400,0.65264684,6274053000.0,35648000.0,-0.02313,123104000.0,0.08497,0.22612,0.37007091310799295,,3754092000.0,1934817000.0,1996793000.0,3088446000.0,554426000.0,,-1757299000.0,-1.0476936061141986
エターナルホスピタリティグループ,3193,小売業,プライム（内国株式）,2024-07-31,大阪府,33542543360,3.4314628,,,-0.40210998,,-0.11051,-0.39456,0.4208590538428776,12.016529,11961902000.0,8011093000.0,10747268000.0,3410525000.0,8361112000.0,161375000.0,-1101671500.0,-0.03284400613800086
ジェネレーションパス,3195,小売業,グロース（内国株式）,2024-10-31,東京都,3993785856,2.1895764,16235491000.0,81766000.0,0.00649,-138795000.0,-0.00422,-0.036760002,0.3909264534578922,,2753440000.0,2661678000.0,4299610000.0,959190000.0,1248482000.0,,1546170000.0,0.3871439420511584
ホットランドホールディングス,3196,小売業,プライム（内国株式）,2024-12-31,東京都,44437004288,3.9489024,46126297000.0,2545136000.0,0.025840001,1849392000.0,0.01195,0.06041,0.41507541815101007,21.680498,15975976000.0,10427888000.0,11926138000.0,7610543000.0,3726619000.0,376061000.0,-3786595300.0,-0.08521265914909011
すかいらーくホールディングス,3197,小売業,プライム（内国株式）,2024-12-31,東京都,660552286208,3.695873,401130000000.0,24185000000.0,0.05452,13965000000.0,0.03611,0.08986,0.3681981710295498,55.49503,297494000000.0,117528000000.0,49110000000.0,106331000000.0,19170000000.0,23615000000.0,-231853500000.0,-0.35099946641770025
ＳＦＰホールディングス,3198,小売業,プライム（内国株式）,2025-02-28,東京都,48138407936,5.3719935,30389199000.0,2186875000.0,0.0349,1485153000.0,0.04277,0.15292,0.6253816140892029,26.453632,5231064000.0,4098988000.0,6760924000.0,816702000.0,5277369000.0,,1529860000.0,0.03178044446409504
綿半ホールディングス,3199,小売業,プライム（内国株式）,2025-03-31,,28921753600,1.2374003,133594000000.0,3502000000.0,0.0211,2077000000.0,0.01569,0.09111,0.2925573432031624,,56195000000.0,34246000000.0,43312000000.0,26682000000.0,3964000000.0,2057000000.0,-11443100000.0,-0.3956571983242399
技術承継機構,319A,金属製品,グロース（内国株式）,2024-12-31,東京都,82621431808,13.841753,11051000000.0,1517000000.0,0.07534,901000000.0,0.048600003,,0.25311364815775816,,11414000000.0,5043000000.0,8799000000.0,8840000000.0,5442000000.0,296000000.0,-2407800000.0,-0.02914255959150371
日本毛織,3201,繊維製品,プライム（内国株式）,2024-11-30,大阪府,115994927104,0.9034225,115438000000.0,11640000000.0,0.09656,8970000000.0,0.064169995,0.0627,0.6824575541167643,,56207000000.0,38203000000.0,97295000000.0,13098000000.0,32447000000.0,26701000000.0,59778700000.0,0.5153561581740809
ダイトウボウ,3202,繊維製品,スタンダード（内国株式）,2025-03-31,東京都,3355858688,0.69238806,4106822000.0,315425000.0,0.06613,54952000.0,0.01768,0.01475,0.24574887161029546,,15112733000.0,1723196000.0,2403413000.0,9774660000.0,959664000.0,443136000.0,-12399124800.0,-3.6947696410272686
トーア紡コーポレーション,3204,繊維製品,スタンダード（内国株式）,2024-12-31,大阪府,4440240640,0.3292969,18419000000.0,688000000.0,0.046040002,799000000.0,0.042880002,0.0591,0.3851099248033982,,21416000000.0,8912000000.0,11200000000.0,12867000000.0,2405000000.0,2367000000.0,-8559100000.0,-1.927620751653676
ダイドーリミテッド,3205,繊維製品,スタンダード（内国株式）,2025-03-31,東京都,27533498368,3.206042,28609000000.0,-65000000.0,-0.022739999,-2483000000.0,-0.091800004,-0.21459,0.3087311137852654,,25200000000.0,13940000000.0,19736000000.0,14042000000.0,7878000000.0,4282000000.0,-2466600000.0,-0.08958541944189459
ヨシックスホールディングス,3221,小売業,プライム（内国株式）,2025-03-31,愛知県,26374625280,2.251757,22905077000.0,2328818000.0,0.09252,1758418000.0,0.07394,0.15774,0.7677400206155245,11.894883,3466630000.0,2686146000.0,10720550000.0,0.0,9571424000.0,100454000.0,7324237800.0,0.2777001653006992
ユナイテッド・スーパーマーケット・ホールディングス,3222,小売業,スタンダード（内国株式）,2025-02-28,東京都,169572040704,0.8460707,811272000000.0,5978000000.0,-0.0023700001,810000000.0,0.00187,0.01002,0.5314267493282873,58.58108,179278000000.0,115433000000.0,119635000000.0,63128000000.0,33237000000.0,6034000000.0,-55419200000.0,-0.32681802831363066
エスエルディー,3223,小売業,スタンダード（内国株式）,2025-02-28,東京都,1571660160,2.8732352,3661043000.0,144437000.0,0.053439997,143884000.0,0.035940003,0.26104,0.4632107677073018,19.07197,576765000.0,477889000.0,670587000.0,100000000.0,317237000.0,1500000.0,94872000.0,0.06036419476332593
ゼネラル・オイスター,3224,小売業,グロース（内国株式）,2025-03-31,東京都,2968523520,2.216971,3926227000.0,3455000.0,-0.10313,-20827000.0,-0.01428,-0.04902,0.422491726030186,,1929048000.0,1113336000.0,2173050000.0,370015000.0,1220485000.0,,244002000.0,0.08219641796875506
野村不動産ホールディングス,3231,不動産業,プライム（内国株式）,2025-03-31,東京都,809554542592,1.083113,757638000000.0,118958000000.0,0.16622,74835000000.0,0.0946,0.10125,0.27923235919122125,2.1259558,1935132000000.0,600622000000.0,1484563000000.0,1545304000000.0,37265000000.0,189916000000.0,-317627800000.0,-0.3923488576606979
三重交通グループホールディングス,3232,不動産業,プライム（内国株式）,2025-03-31,三重県,56143405056,0.8846524,103849177000.0,8415671000.0,0.10972,6058649000.0,0.05908,0.09776,0.34597319712778346,11.177645,118429192000.0,56305147000.0,45398280000.0,79187581000.0,5416223000.0,14114242000.0,-63150942600.0,-1.1248149722484833
プロパスト,3236,不動産業,スタンダード（内国株式）,2025-05-31,東京都,9655743488,11.135943,27839000000.0,3334000000.0,0.14152001,1957000000.0,1.56464,,0.4033198595189186,,18009000000.0,11769000000.0,29422000000.0,16503000000.0,6605000000.0,246000000.0,11585200000.0,1.1998247482856081
イントランス,3237,不動産業,グロース（内国株式）,2025-03-31,東京都,3486928896,5.6141925,825023000.0,-352518000.0,-0.3705,-432377000.0,-0.53581,-0.54108,0.6945124633500291,,323617000.0,245530000.0,714628000.0,10300000.0,535806000.0,,391011000.0,0.11213621259915706
セントラル総合開発,3238,不動産業,スタンダード（内国株式）,2025-03-31,東京都,3999507968,0.40894783,30883220000.0,1245489000.0,-0.05939,497346000.0,0.01526,0.05171,0.2258356697193908,,35159400000.0,15468755000.0,32624609000.0,30700990000.0,978251000.0,232198000.0,-2372252400.0,-0.5931360604805276
フライヤー,323A,情報・通信業,グロース（内国株式）,2025-02-28,東京都,2043521536,6.6231766,948496000.0,8104000.0,0.01235,11039000.0,0.047030002,,0.3830606222041824,,364786000.0,248786000.0,507464000.0,176174000.0,425913000.0,,142678000.0,0.06981967035164145
ウィル,3241,不動産業,スタンダード（内国株式）,2024-12-31,,6351337984,1.2510008,13213000000.0,1120000000.0,0.105790004,710000000.0,0.05901,0.17603001,0.32363873492011735,,10372000000.0,6628000000.0,9662000000.0,8637000000.0,2316000000.0,,-710000000.0,-0.11178746931569372
アーバネットコーポレーション,3242,不動産業,スタンダード（内国株式）,2025-06-30,東京都,21123461120,1.1838616,33933706000.0,3481372000.0,0.15504,1850600000.0,0.05452,0.11416,0.27835556733084976,13.651163,44974740000.0,14670246000.0,53747530000.0,41700016000.0,11423168000.0,,8772790000.0,0.41531025385294434
ディア・ライフ,3245,不動産業,プライム（内国株式）,2024-09-30,,50196316160,2.0198872,46880000000.0,4620000000.0,0.100559995,3170000000.0,0.06767,0.18517,0.5246371884495251,,21989000000.0,6463000000.0,44914000000.0,18850000000.0,18653000000.0,1062000000.0,23668400000.0,0.471516673147036
コーセーアールイー,3246,不動産業,スタンダード（内国株式）,2025-01-31,福岡県,7089385472,0.71064377,7648834000.0,321827000.0,0.06463,341114000.0,0.025190001,0.01778,0.5997146477213559,,6755927000.0,2490329000.0,15514722000.0,5125040000.0,5353761000.0,,8758795000.0,1.2354801462825578
アールエイジ,3248,不動産業,スタンダード（内国株式）,2024-10-31,東京都,2878627584,0.6195927,4725523000.0,890593000.0,0.086840004,529845000.0,0.06883,0.04902,0.316792398027581,,9836931000.0,1409767000.0,3370700000.0,8786784000.0,1775308000.0,8497000.0,-6460283100.0,-2.2442233013772164
ブッキングリゾート,324A,サービス業,グロース（内国株式）,2025-04-30,大阪府,6872997376,3.4712162,1456008000.0,515078000.0,0.28534,334969000.0,0.1942,,0.7448495788254128,,651210000.0,296908000.0,1423517000.0,434174000.0,1292344000.0,,772307000.0,0.11236829548296338
地主,3252,不動産業,プライム（内国株式）,2024-12-31,東京都,62151598080,1.3428313,57068000000.0,8677000000.0,0.11941,6087000000.0,0.06977,0.0877,0.3861216285295927,9.747949,70619000000.0,7790000000.0,95431000000.0,62895000000.0,23701000000.0,3199000000.0,27051300000.0,0.4352470545516824
ＴＥＮＴＩＡＬ,325A,繊維製品,グロース（内国株式）,2025-01-31,東京都,28504623104,7.2851205,12837419000.0,1452976000.0,0.06664,1061168000.0,0.07966,,0.3658428780566322,,3971376000.0,3586278000.0,5604075000.0,1271430000.0,4158898000.0,9217000.0,1639150900.0,0.05750473858291363
グランディーズ,3261,不動産業,グロース（内国株式）,2024-12-31,大分県,4604341760,1.7620912,4226381000.0,482257000.0,-0.070879996,251054000.0,0.038,0.06231,0.6123759112217265,,1754306000.0,839896000.0,4404549000.0,1039126000.0,1608667000.0,,2650243000.0,0.5755964995960682
ファンドクリエーショングループ,3266,不動産業,スタンダード（内国株式）,2024-11-30,東京都,3577041920,1.1960067,5668000000.0,435000000.0,0.07581,200000000.0,0.04305,0.08495,0.5256631071305546,,2754000000.0,1297000000.0,4909000000.0,2145000000.0,1837000000.0,222000000.0,2310400000.0,0.6458968196827841
フィル・カンパニー,3267,建設業,スタンダード（内国株式）,2024-11-30,東京都,5342929920,1.7257527,7184957000.0,424091000.0,0.036459997,261865000.0,0.03666,0.11128,0.3976665142811711,10.874317,4515296000.0,3267672000.0,6616406000.0,1592402000.0,4822267000.0,15560000.0,2112002000.0,0.3952891075913644
ＴＨＥグローバル社,3271,不動産業,スタンダード（内国株式）,2024-06-30,東京都,28702205952,2.6446333,27037074000.0,1757870000.0,0.10795,2714925000.0,0.05965,0.3916,0.1623847359366134,,41044953000.0,24164331000.0,47505494000.0,36815669000.0,4495380000.0,660714000.0,6923040800.0,0.2412023943935778
ＪＰＭＣ,3276,不動産業,プライム（内国株式）,2024-12-31,東京都,21687392256,2.447234,58987859000.0,2722194000.0,0.04933,1831529000.0,0.0335,0.22038999,0.4982562265575361,11.016949,9400286000.0,6400173000.0,11833025000.0,1706538000.0,7555724000.0,,2432739000.0,0.11217296073606832
サンセイランディック,3277,不動産業,スタンダード（内国株式）,2024-12-31,東京都,11320478720,0.82157487,25620399000.0,1882798000.0,0.07664,1050725000.0,0.06953,0.14418,0.38536997654924315,10.211834,20348708000.0,15145538000.0,30633436000.0,18505674000.0,5012954000.0,100030000.0,10354749000.0,0.9146917949420429
エストラスト,3280,不動産業,スタンダード（内国株式）,2025-02-28,山口県,6641869824,0.6309272,19218000000.0,1998000000.0,0.03208,1339000000.0,0.077589996,0.23923999,0.2171368718263998,,34381000000.0,27578000000.0,36400000000.0,20978000000.0,10261000000.0,62000000.0,2062400000.0,0.3105149686233899
フージャースホールディングス,3284,不動産業,プライム（内国株式）,2025-03-31,東京都,54072000512,1.1920885,92153000000.0,9228000000.0,-0.08299,5462000000.0,0.05653,0.121800005,0.23430150452023263,10.405352,131967000000.0,58930000000.0,153907000000.0,106633000000.0,29665000000.0,2175000000.0,23462500000.0,0.4339121870438852
トラストホールディングス,3286,不動産業,スタンダード（内国株式）,2023-06-30,福岡県,3460788992,2.8413742,13418471000.0,569180000.0,0.07832,239921000.0,0.026770001,0.32349,0.0660037447068378,,8809434000.0,5550049000.0,6369594000.0,6570784000.0,2876592000.0,68078000.0,-2392185400.0,-0.6912254418081551
オープンハウスグループ,3288,不動産業,プライム（内国株式）,2024-09-30,東京都,865461272576,1.6984129,1295862000000.0,119089000000.0,0.096090004,92921000000.0,0.07084,0.19235,0.362469873409823,10.056086,746173000000.0,348758000000.0,1198602000000.0,611770000000.0,409957000000.0,33371000000.0,475788700000.0,0.5497515776573572
東急不動産ホールディングス,3289,不動産業,プライム（内国株式）,2025-03-31,東京都,897769537536,1.0873952,1150301000000.0,140764000000.0,0.14318,77562000000.0,0.07618,0.109519996,0.25231385478452284,11.553327,2416430000000.0,621541000000.0,1381893000000.0,1747845000000.0,160947000000.0,354714000000.0,-786237200000.0,-0.8757672956445934
飯田グループホールディングス,3291,不動産業,プライム（内国株式）,2025-03-31,,671897026560,0.68872744,1459639000000.0,80452000000.0,0.04355,50697000000.0,0.03339,0.048130002,0.5294379743557931,11.832692,871844000000.0,472418000000.0,1342622000000.0,647407000000.0,501094000000.0,34163000000.0,494692100000.0,0.7362617788811189
アズマハウス,3293,不動産業,スタンダード（内国株式）,2025-03-31,和歌山県,6295229952,0.36894032,13279293000.0,1230477000.0,0.093,765328000.0,0.05391,0.04202,0.5378227220331936,,14669260000.0,3436808000.0,8557315000.0,12546595000.0,4549418000.0,13846000.0,-6102252800.0,-0.9693454959594143
イーグランド,3294,不動産業,スタンダード（内国株式）,2025-03-31,東京都,12260001792,1.0699009,30502712000.0,1487558000.0,0.05219,880149000.0,0.03363,0.09765001,0.3673879466014908,9.366853,19791406000.0,9980175000.0,29192220000.0,18668985000.0,7254458000.0,,9400814000.0,0.7667873267469095
東武住販,3297,不動産業,スタンダード（内国株式）,2025-05-31,山口県,3098085376,0.7141737,8185690000.0,511321000.0,0.01722,343138000.0,0.04138,0.0776,0.7211203170568535,,1712454000.0,937673000.0,5228045000.0,868664000.0,1155243000.0,33435000.0,3538995500.0,1.1423169701569902
ムゲンエステート,3299,不動産業,スタンダード（内国株式）,2024-12-31,東京都,48748277760,1.4663777,62187000000.0,9623000000.0,0.15706,6086000000.0,0.09967,0.20219,0.3665588608390569,10.63233,55428000000.0,22296000000.0,83725000000.0,48816000000.0,22016000000.0,,28297000000.0,0.5804717889586424
アンビション　ＤＸ　ホールディングス,3300,不動産業,グロース（内国株式）,2025-06-30,東京都,17705220096,2.122673,52372323000.0,3946419000.0,0.09519,2350592000.0,0.04487,0.32435,0.21224243423030084,,30945354000.0,16662658000.0,30255460000.0,25189797000.0,8570268000.0,18040000.0,-677266000.0,-0.03825233441480964
帝国繊維,3302,繊維製品,プライム（内国株式）,2024-12-31,東京都,89856802816,1.3403659,31481564000.0,3459753000.0,-0.06956,3253077000.0,0.114829995,0.05552,0.8030917434979747,,16313914000.0,6707944000.0,40257532000.0,100000000.0,12693887000.0,29767694000.0,44781003800.0,0.4983596388544802
日本製麻,3306,卸売業,スタンダード（内国株式）,2025-03-31,富山県,3216276224,1.3192278,4422391000.0,257940000.0,0.00519,101364000.0,0.01731,0.03951,0.4386194622834511,,1974900000.0,1405732000.0,3646201000.0,1011082000.0,1953898000.0,151205000.0,1777144500.0,0.5525472242523408
ＴａｌｅｎｔＸ,330A,情報・通信業,グロース（内国株式）,2025-03-31,東京都,5141666304,,1434211000.0,293859000.0,0.0,366717000.0,0.0,,0.39724538094267386,,700780000.0,652807000.0,993983000.0,4944000.0,901710000.0,,293203000.0,0.05702489867378216
日本コークス工業,3315,石油・石炭製品,プライム（内国株式）,2025-03-31,東京都,28229283840,0.6968291,99045000000.0,-8558000000.0,-0.03052,-13908000000.0,-0.14711,-0.30121002,0.31845670979101276,,89030000000.0,48173000000.0,45955000000.0,65816000000.0,5109000000.0,1292000000.0,-42170600000.0,-1.493860072363777
フライングガーデン,3317,小売業,スタンダード（内国株式）,2025-03-31,栃木県,4020482304,1.2201765,8265549000.0,558745000.0,0.05965,352141000.0,0.04335,0.117460005,0.677127415675105,,1554050000.0,959832000.0,1927091000.0,,1550486000.0,315745000.0,594062500.0,0.14775901374045694
メディックス,331A,サービス業,スタンダード（内国株式）,2025-03-31,東京都,4005959936,,4161843000.0,802569000.0,0.0,1100022000.0,0.0,,0.49008631443595746,,3400904000.0,2832949000.0,6102453000.0,122015000.0,3771068000.0,27075000.0,2720501500.0,0.6791135067407723
クロスプラス,3320,卸売業,スタンダード（内国株式）,2025-01-31,愛知県,9707496448,0.5314809,62004000000.0,1030000000.0,0.00952,1289000000.0,0.02307,0.083000004,0.6125171740545231,,10717000000.0,7889000000.0,18012000000.0,2918000000.0,4337000000.0,5095000000.0,10861500000.0,1.1188775662377661
ミタチ産業,3321,卸売業,スタンダード（内国株式）,2025-05-31,愛知県,13642828800,0.8599865,98176390000.0,2148296000.0,0.025559999,1696840000.0,0.01742,0.13282,0.3916108905381377,,24321522000.0,23818455000.0,37918528000.0,11962634000.0,4387211000.0,69644000.0,13645756800.0,1.0002146182469138
レカム,3323,卸売業,スタンダード（内国株式）,2024-09-30,,8795357184,1.8034415,11687272000.0,269393000.0,0.027660001,83943000.0,0.01442,0.05624,0.39251844313015644,,7350699000.0,5012960000.0,8364511000.0,4827173000.0,2975680000.0,181556000.0,1140901200.0,0.12971630101338702
ランシステム,3326,サービス業,スタンダード（内国株式）,2025-03-31,埼玉県,2758515968,10.331598,5408416000.0,125771000.0,0.03097,43408000.0,0.019550001,0.48598,0.05788341072569091,,3578530000.0,1071055000.0,1434413000.0,2595488000.0,862662000.0,,-2144117000.0,-0.7772719189856798
東和フードサービス,3329,小売業,スタンダード（内国株式）,2025-04-30,東京都,17252696064,2.3839576,12812967000.0,1062713000.0,0.07075,720703000.0,0.056500003,0.10515001,0.7821456443284466,,1997619000.0,1282114000.0,5271607000.0,13248000.0,4358423000.0,62272000.0,3317578400.0,0.19229333129693046
ミーク,332A,情報・通信業,グロース（内国株式）,2025-03-31,東京都,8943153152,,5974401000.0,929644000.0,0.0,633523000.0,0.0,,0.744395577924338,,1731699000.0,1652006000.0,5931616000.0,101890000.0,4032062000.0,,4199917000.0,0.4696237365744712
あさひ,3333,小売業,プライム（内国株式）,2025-02-28,大阪府,35364925440,0.8600211,81593454000.0,5485973000.0,0.02696,3555930000.0,0.03602,0.07243,0.7183587839727416,8.225318,15336021000.0,14141400000.0,30561340000.0,,9463652000.0,,15225319000.0,0.4305203195135027
日本調剤,3341,小売業,プライム（内国株式）,2025-03-31,東京都,116670799872,1.9630978,360512000000.0,6240000000.0,0.01533,1391000000.0,0.0060900003,0.03825,0.29981989295045786,21.309687,138008000000.0,84687000000.0,96962000000.0,58269000000.0,27463000000.0,13000000.0,-41036900000.0,-0.351732396152437
コスモス薬品,3349,小売業,プライム（内国株式）,2025-05-31,福岡県,580163141632,2.208833,1011390000000.0,40404000000.0,0.04235,30978000000.0,0.03034,0.124060005,0.49063277148383533,20.053146,267292000000.0,220680000000.0,165622000000.0,49957000000.0,57038000000.0,4000000.0,-101667200000.0,-0.17523898487244463
ビジュアル・プロセッシング・ジャパン,334A,情報・通信業,グロース（内国株式）,2024-12-31,東京都,2615830528,,1208065000.0,183154000.0,0.0,122319000.0,0.0,,0.7065623750183946,,325030000.0,325029000.0,879835000.0,0.0,695956000.0,,554805000.0,0.2120951621526454
メタプラネット,3350,卸売業,スタンダード（内国株式）,2024-12-31,東京都,556782911488,1.5894938,1062283000.0,350404000.0,0.66052,4439843000.0,3.54618,0.105,0.5594521920798031,,13359970000.0,11393943000.0,2685494000.0,11250000000.0,294222000.0,,-10674476000.0,-0.019171701896296543
バッファロー,3352,小売業,スタンダード（内国株式）,2025-03-31,埼玉県,3430781440,0.55201244,12185655000.0,512737000.0,0.038340002,343880000.0,0.02822,0.05846,0.6803921194060263,,2911165000.0,1771337000.0,5671121000.0,675640000.0,3382704000.0,,2759956000.0,0.8044686169224466
メディカル一光グループ,3353,小売業,スタンダード（内国株式）,2025-02-28,三重県,10713925632,0.7320256,48393487000.0,1692029000.0,0.022869999,1133165000.0,0.0207,0.07476,0.41183546573322594,,19519643000.0,11668666000.0,17965034000.0,10017847000.0,6768998000.0,2405444000.0,129201800.0,0.01205923994974394
クリヤマホールディングス,3355,卸売業,スタンダード（内国株式）,2024-12-31,大阪府,33717297152,0.7497398,77895273000.0,4539842000.0,0.0495,3545081000.0,0.050359998,0.09052,0.6374984526289428,9.3924465,25658346000.0,16368264000.0,43760628000.0,9842087000.0,9405955000.0,7893602000.0,23627803400.0,0.7007620834340358
ワイエスフード,3358,小売業,スタンダード（内国株式）,2025-03-31,福岡県,2971802112,1.0836917,1460183000.0,25082000.0,-0.040999997,18450000.0,-0.059910003,-0.06098,0.7679598694500939,,495043000.0,278739000.0,627776000.0,3388000.0,388812000.0,47430000.0,165934000.0,0.05583615387106906
ｃｏｔｔａ,3359,卸売業,グロース（内国株式）,2024-09-30,大分県,5543709184,1.2431281,8951833000.0,477833000.0,0.05055,341302000.0,0.034879997,0.10047,0.6505695701229214,13.749999,2234515000.0,1981784000.0,4662256000.0,1201437000.0,1826486000.0,,2427741000.0,0.43792719268298474
ミライロ,335A,情報・通信業,グロース（内国株式）,2024-09-30,大阪府,5226108416,,709561000.0,116862000.0,0.0,178857000.0,0.0,,0.48090374391068724,,363792000.0,232559000.0,538854000.0,259634000.0,421763000.0,,175062000.0,0.033497582917346044
シップヘルスケアホールディングス,3360,卸売業,プライム（内国株式）,2025-03-31,大阪府,220340224000,1.5484637,678229000000.0,24781000000.0,0.01809,15128000000.0,0.02053,0.09725001,0.39055598346353965,12.9690895,231423000000.0,188013000000.0,259457000000.0,37340000000.0,77502000000.0,29381000000.0,48600700000.0,0.22057116543550395
トーエル,3361,小売業,スタンダード（内国株式）,2025-04-30,,15692191744,0.7714181,27388206000.0,1936655000.0,0.040120002,841842000.0,0.054250002,0.072280005,0.7622288383024538,,6396755000.0,4806355000.0,11417447000.0,926424000.0,5208870000.0,1462857000.0,6044691900.0,0.38520380062977644
ダイナミックマッププラットフォーム,336A,情報・通信業,グロース（内国株式）,2025-03-31,東京都,22916104192,2.71293,7465000000.0,-1139000000.0,-0.13365,-1544000000.0,-0.14372,,0.5603755868544601,,7018000000.0,6024000000.0,12562000000.0,4340000000.0,8383000000.0,,5544000000.0,0.24192593791467432
フジタコーポレーション,3370,小売業,スタンダード（内国株式）,2025-03-31,北海道,1286784256,5.693746,4892525000.0,113946000.0,0.02463,96811000.0,0.024489999,0.67778,0.0852156490336005,,2560362000.0,785468000.0,705329000.0,2066614000.0,365424000.0,61897000.0,-1811705100.0,-1.407932286669196
ソフトクリエイトホールディングス,3371,情報・通信業,プライム（内国株式）,2025-03-31,東京都,55875973120,2.5849144,30951761000.0,5497965000.0,0.14056,3547728000.0,0.11143,0.17006001,0.6007950080084907,,10994535000.0,8555505000.0,23831184000.0,,14958286000.0,7349334000.0,17981182800.0,0.32180527328595004
関門海,3372,小売業,スタンダード（内国株式）,2025-03-31,大阪府,3246604544,2.6395216,5264115000.0,327586000.0,-0.087,378022000.0,0.07003,0.35467997,0.3888540848277139,,2027160000.0,1609880000.0,2310021000.0,1430010000.0,1403968000.0,18552000.0,295847400.0,0.09112517277373712
内外テック,3374,卸売業,スタンダード（内国株式）,2025-03-31,東京都,7476640768,0.6392477,35337699000.0,1552062000.0,0.011510001,1049341000.0,0.029240001,0.08817001,0.48491573083560163,,12683075000.0,9195960000.0,16721165000.0,3466362000.0,8290664000.0,649945000.0,4493051500.0,0.6009452158287779
ＺＯＡ,3375,小売業,スタンダード（内国株式）,2025-03-31,,2079659392,0.71367866,9274325000.0,428421000.0,0.0479,297019000.0,0.03127,0.09821,0.5409186067822949,,2489816000.0,1603715000.0,3887839000.0,1178428000.0,1246734000.0,144519000.0,1499186300.0,0.7208806912165739
バイク王＆カンパニー,3377,卸売業,スタンダード（内国株式）,2024-11-30,東京都,6119244288,0.87402105,33965971000.0,286471000.0,0.02084,187339000.0,0.00751,,0.5210546696084253,10.913705,5966631000.0,4708228000.0,8742772000.0,2179641000.0,2071250000.0,580481000.0,3182477700.0,0.5200769163997788
セブン＆アイ・ホールディングス,3382,小売業,プライム（内国株式）,2025-02-28,東京都,4901392875520,1.3881423,11972762000000.0,420996000000.0,0.04419,173068000000.0,0.021,0.06463,0.3539652827905858,17.487429,7168669000000.0,3316615000000.0,2823782000000.0,4098791000000.0,1368663000000.0,321086000000.0,-4120126800000.0,-0.8406032539399091
コスモ・バイオ,3386,卸売業,スタンダード（内国株式）,2024-12-31,東京都,6679649280,0.7369787,10037000000.0,319000000.0,0.00087,262000000.0,0.02464,0.026519999,0.7648212914782906,,2170000000.0,1166000000.0,7229000000.0,20000000.0,2393000000.0,3288000000.0,7360600000.0,1.1019440829084965
クリエイト・レストランツ・ホールディングス,3387,小売業,プライム（内国株式）,2025-02-28,東京都,319941738496,7.5340767,156354000000.0,8504000000.0,0.04571,5590000000.0,0.03429,0.14044,0.29283068937361484,20.0,93180000000.0,44793000000.0,30625000000.0,67698000000.0,21474000000.0,8765000000.0,-56419500000.0,-0.17634304378422128
明治電機工業,3388,卸売業,プライム（内国株式）,2025-03-31,愛知県,30168918016,0.8748755,78672806000.0,3294964000.0,0.03176,2435717000.0,0.034089997,0.08229,0.6344427399455539,12.230253,19438163000.0,18355063000.0,43673424000.0,,7905850000.0,3980360000.0,27021513000.0,0.8956739179598425
ＺｅｎｍｕＴｅｃｈ,338A,情報・通信業,グロース（内国株式）,2024-12-31,東京都,10668149760,,648942000.0,76528000.0,0.0,78513000.0,0.0,,0.3619898689169361,,419165000.0,407970000.0,603567000.0,130359000.0,507266000.0,,184402000.0,0.017285284154091213
ツルハホールディングス,3391,小売業,プライム（内国株式）,2024-05-31,北海道,648743747584,2.1828382,1027462000000.0,47156000000.0,0.055999998,21743000000.0,0.01401,0.05613,0.5123819263362273,4.259594,244256000000.0,181362000000.0,273482000000.0,50039000000.0,58688000000.0,34181000000.0,53152700000.0,0.08193173375149598
デリカフーズホールディングス,3392,卸売業,スタンダード（内国株式）,2025-03-31,東京都,13691869184,1.4404924,58762579000.0,805634000.0,0.06216,542013000.0,0.0194,0.12999,0.33897061619422447,17.002012,17610462000.0,8391326000.0,10594645000.0,10656565000.0,3716137000.0,699354000.0,-6526269200.0,-0.47665290343457606
スターティアホールディングス,3393,卸売業,プライム（内国株式）,2025-03-31,東京都,26363682816,3.7850993,22211760000.0,2737775000.0,0.105220005,1960104000.0,0.08292,0.26944,0.5347317108887024,16.787197,6554296000.0,5249667000.0,11529900000.0,3105654000.0,6565756000.0,151092000.0,5081368400.0,0.19274122039262817
サンマルクホールディングス,3395,小売業,プライム（内国株式）,2025-03-31,岡山県,57643409408,1.9163052,70895651000.0,3644742000.0,0.045939997,2540608000.0,0.0,0.06026,0.4317896768367397,20.74017,40605441000.0,16349598000.0,21097696000.0,23004470000.0,14247481000.0,258042000.0,-19327115600.0,-0.3352875167948983
フェリシモ,3396,小売業,スタンダード（内国株式）,2025-02-28,兵庫県,6253630464,0.32281795,29449000000.0,71000000.0,0.031519998,136000000.0,0.01273,0.01966,0.6669666655128249,,9621000000.0,6932000000.0,17494000000.0,9000000.0,9511000000.0,2136000000.0,9368200000.0,1.4980418260927801
トリドールホールディングス,3397,小売業,プライム（内国株式）,2025-03-31,東京都,398667186176,4.511302,268228000000.0,16739000000.0,0.11653,1874000000.0,0.01746,,0.2699383655738314,41.96198,226661000000.0,80504000000.0,97638000000.0,187028000000.0,82271000000.0,12465000000.0,-120297500000.0,-0.3017491887252846
丸千代山岡家,3399,小売業,スタンダード（内国株式）,2025-01-31,北海道,55356145664,36.709473,34585110000.0,3708385000.0,0.05277,2832750000.0,0.014529999,0.07913,0.46138396882093613,,7784220000.0,6089318000.0,7389748000.0,2453139000.0,3964611000.0,402532000.0,-112699600.0,-0.002035900416262045
プログレス・テクノロジーズ　グループ,339A,サービス業,グロース（内国株式）,2025-02-28,東京都,10222355456,1.8742858,5649000000.0,915000000.0,0.3184,584000000.0,0.11331,,0.16361717100633358,,7131000000.0,435000000.0,288000000.0,7022000000.0,54000000.0,,-6843000000.0,-0.6694151880605471
帝人,3401,繊維製品,プライム（内国株式）,2025-03-31,東京都,268999458816,0.6223707,1005471000000.0,-71828000000.0,0.00944,28347000000.0,0.02331,-0.18159,0.4064716679607113,3.879754,622731000000.0,318962000000.0,587883000000.0,387127000000.0,107538000000.0,26481000000.0,-16311300000.0,-0.06063692496555242
東レ,3402,繊維製品,プライム（内国株式）,2025-03-31,東京都,1522061410304,0.9055716,2563280000000.0,127453000000.0,0.04616,77911000000.0,0.0,0.040409997,0.5190383153480368,14.65563,1472025000000.0,857530000000.0,1461988000000.0,842659000000.0,237295000000.0,154653000000.0,98220100000.0,0.06453097052134223
クラレ,3405,化学,プライム（内国株式）,2024-12-31,東京都,543812321280,0.75848174,826895000000.0,85081000000.0,0.037100002,31724000000.0,0.01878,0.01877,0.5918963041670087,9.210176,509452000000.0,198231000000.0,565262000000.0,244282000000.0,118068000000.0,29890000000.0,76733000000.0,0.1411019886776185
旭化成,3407,化学,プライム（内国株式）,2025-03-31,東京都,1660239085568,0.9110753,3037312000000.0,211920000000.0,0.072670005,134997000000.0,0.03968,,0.46309387245611316,12.193297,2101270000000.0,964608000000.0,1769448000000.0,1195045000000.0,393467000000.0,168371000000.0,-213962300000.0,-0.1288743903573378
北紡,3409,繊維製品,スタンダード（内国株式）,2025-03-31,石川県,4417399296,3.4163733,1631369000.0,-49118000.0,-0.037469998,-55751000.0,-0.04369,-0.06673,0.5522854304389809,,964413000.0,541514000.0,895347000.0,539603000.0,512931000.0,140784000.0,29482800.0,0.006674243830911318
ジグザグ,340A,情報・通信業,グロース（内国株式）,2025-05-31,東京都,2874483456,2.4669473,1412184000.0,322779000.0,0.18170999,245706000.0,0.17399,0.35971,0.5237131793984631,,1013435000.0,1000214000.0,1971184000.0,26252000.0,1463296000.0,,957749000.0,0.33318995035468385
ＴＯＫＹＯ　ＢＡＳＥ,3415,小売業,プライム（内国株式）,2025-01-31,東京都,21468977152,3.906281,20207670000.0,1472944000.0,0.07814,776867000.0,0.04595,0.19755,0.4459497139887956,24.334976,6346533000.0,4761049000.0,8341632000.0,3946904000.0,3669294000.0,,1995099000.0,0.09292939229823258
ピクスタ,3416,小売業,グロース（内国株式）,2024-12-31,東京都,1879679872,1.6430765,2882381000.0,574197000.0,0.04622,393051000.0,0.11672,0.31652,0.4443728301771112,,1449998000.0,1449996000.0,2510960000.0,19964000.0,1826422000.0,8087000.0,1066622900.0,0.5674492321211598
大木ヘルスケアホールディングス,3417,卸売業,スタンダード（内国株式）,2025-03-31,東京都,19166138368,0.6190611,349452000000.0,2772000000.0,0.00637,2639000000.0,0.00802,0.09545,0.22239286918953058,,108287000000.0,101988000000.0,115908000000.0,14173000000.0,2880000000.0,11670000000.0,15790000000.0,0.8238487950375628
バルニバービ,3418,小売業,グロース（内国株式）,2024-07-31,大阪府,12349451264,2.0779824,13452987000.0,647933000.0,0.054899998,538220000.0,0.029849999,0.09054,0.32476190148484996,15.351584,6742968000.0,3566760000.0,4470347000.0,4210637000.0,1851757000.0,171008000.0,-2152915400.0,-0.17433287957303686
トヨコー,341A,建設業,グロース（内国株式）,2025-03-31,静岡県,32066158592,12.696484,2025901000.0,301273000.0,0.21285999,321085000.0,0.15849,0.27221,0.5220299645668572,,1859237000.0,463328000.0,2823144000.0,1471976000.0,2089953000.0,420582000.0,1258314400.0,0.03924119555480305
ケー・エフ・シー,3420,金属製品,スタンダード（内国株式）,2025-03-31,大阪府,11966608384,0.5716898,26073037000.0,1358756000.0,0.03888,997440000.0,0.04532,0.058530003,0.7367844591713247,,7591436000.0,7160606000.0,18719973000.0,500871000.0,3599126000.0,4208372000.0,14074397400.0,1.176139215754585
稲葉製作所,3421,金属製品,スタンダード（内国株式）,2024-07-31,東京都,27021531136,0.60892534,42414152000.0,3064949000.0,0.03263,2441649000.0,0.03689,0.0353,0.7196568080195842,,16972759000.0,14156215000.0,31519407000.0,,13803103000.0,2197566000.0,16084944200.0,0.5952639811209846
Ｊ－ＭＡＸ,3422,金属製品,スタンダード（内国株式）,2025-03-31,岐阜県,3933459200,0.23557886,47102000000.0,20000000.0,-0.00535,-3282000000.0,-0.05732,-0.14101,0.32197975737563705,1.9433428,36117000000.0,24895000000.0,25380000000.0,25077000000.0,6565000000.0,290000000.0,-10534000000.0,-2.678049895623679
エスイー,3423,金属製品,スタンダード（内国株式）,2025-03-31,東京都,8216595456,0.7657593,25887450000.0,849633000.0,-0.01647,543833000.0,0.01984,0.046040002,0.4396077239226838,,14248778000.0,9075945000.0,16094068000.0,5502000000.0,5119035000.0,297915000.0,2053830500.0,0.2499612535384388
アトムリビンテック,3426,金属製品,スタンダード（内国株式）,2024-06-30,東京都,5717321728,0.54779774,10162479000.0,333505000.0,0.03469,254702000.0,0.03788,0.0379,0.7696967155546813,,3037137000.0,2814787000.0,8018043000.0,,2014608000.0,2542839000.0,6760893300.0,1.1825280475102904
宮地エンジニアリンググループ,3431,金属製品,プライム（内国株式）,2025-03-31,東京都,53939679232,1.341616,74725000000.0,9169000000.0,0.097600006,4863000000.0,0.06869,0.14654,0.4468139121604468,,42268000000.0,37429000000.0,66744000000.0,8039000000.0,16502000000.0,6887000000.0,29296900000.0,0.5431419025313643
トーカロ,3433,金属製品,プライム（内国株式）,2025-03-31,兵庫県,137460744192,2.2746346,54231000000.0,12275000000.0,0.25332,8052000000.0,0.15476,0.14924,0.7425192222929624,16.975037,15946000000.0,13506000000.0,39960000000.0,3875000000.0,14483000000.0,,24014000000.0,0.17469714820151233
アルファＣｏ,3434,金属製品,スタンダード（内国株式）,2025-03-31,神奈川県,11264150528,0.33272728,73511000000.0,914000000.0,-0.00563,-301000000.0,-0.0073400005,-0.02081,0.5231554565438692,,31412000000.0,24846000000.0,38829000000.0,17749000000.0,10247000000.0,3993000000.0,10212100000.0,0.9066018759794755
サンコーテクノ,3435,金属製品,スタンダード（内国株式）,2025-03-31,千葉県,9844918272,0.54179287,21250387000.0,1282167000.0,0.05748,1122961000.0,0.05135,0.060539998,0.6941521241369188,,7803410000.0,3292505000.0,15777170000.0,3513746000.0,4002056000.0,1454927000.0,8992208900.0,0.9133858353679587
ＳＵＭＣＯ,3436,金属製品,プライム（内国株式）,2024-12-31,東京都,584893988864,0.99212116,396619000000.0,36925000000.0,0.01426,19877000000.0,0.02562,0.01835,0.5049216199092167,33.973186,515447000000.0,163636000000.0,435143000000.0,353953000000.0,87181000000.0,2453000000.0,-78586900000.0,-0.13436092949533301
特殊電極,3437,金属製品,スタンダード（内国株式）,2025-03-31,兵庫県,4317604352,0.564688,10539874000.0,635830000.0,0.065809995,467391000.0,0.045890003,0.06616,0.6379782576865781,,4256267000.0,3021967000.0,7610098000.0,1284500000.0,1703684000.0,200812000.0,3494399400.0,0.8093375666488118
三ツ知,3439,金属製品,スタンダード（内国株式）,2024-06-30,愛知県,2927919360,0.30353722,13147879000.0,466177000.0,-0.00418,419314000.0,-0.009430001,-0.01192,0.6067951565984341,,6468548000.0,4698931000.0,10474216000.0,3552363000.0,4508545000.0,264572000.0,4190868400.0,1.431346934363657
ＩＡＣＥトラベル,343A,サービス業,スタンダード（内国株式）,2025-03-31,東京都,7006720000,1.8185098,2694038000.0,607276000.0,0.24931,394722000.0,0.15295,,0.583682735092504,,2036199000.0,2028948000.0,4552919000.0,1000000000.0,1190048000.0,,2516720000.0,0.35918660942637926
日創グループ,3440,金属製品,スタンダード（内国株式）,2024-08-31,福岡県,7216627712,0.5015985,17694365000.0,1275973000.0,-0.0069199996,1094600000.0,0.039809998,0.07424,0.538212888054751,,10346603000.0,6290009000.0,14303282000.0,7205183000.0,6153670000.0,196210000.0,4094026000.0,0.5673045864888312
山王,3441,金属製品,スタンダード（内国株式）,2024-07-31,,4329877504,0.64108354,8802115000.0,232992000.0,0.0153,312749000.0,0.07064,0.11615,0.5325422763143137,,5634971000.0,4020332000.0,8238908000.0,4256005000.0,3901078000.0,358207000.0,2854681900.0,0.6592985361278249
川田テクノロジーズ,3443,金属製品,プライム（内国株式）,2025-03-31,,74819198976,0.821637,132905000000.0,9685000000.0,0.03437,11107000000.0,0.08361,0.12327,0.5501809547401684,9.853009,73944000000.0,56700000000.0,87241000000.0,25697000000.0,14363000000.0,4074000000.0,16148800000.0,0.21583764890586576
菊池製作所,3444,金属製品,スタンダード（内国株式）,2025-04-30,東京都,4082842624,0.82133126,5456458000.0,-520753000.0,-0.26532,43009000.0,0.03282,0.01041,0.5924892287647243,46.30137,3159646000.0,1444807000.0,5005696000.0,812650000.0,2452512000.0,1888404000.0,3167932800.0,0.775913521960919
ＲＳ　Ｔｅｃｈｎｏｌｏｇｉｅｓ,3445,金属製品,プライム（内国株式）,2024-12-31,東京都,103206322176,1.4935794,59200997000.0,13108929000.0,0.20125,9446865000.0,0.14022,0.0967,0.3763885144351786,10.883215,46598787000.0,34804435000.0,124894768000.0,12281591000.0,85224585000.0,8416908000.0,84187816600.0,0.8157234443102495
ジェイテックコーポレーション,3446,金属製品,スタンダード（内国株式）,2024-06-30,大阪府,9176043520,3.9660618,2010340000.0,285837000.0,0.02407,199591000.0,-0.20732,-0.07126,0.7559244203679754,17.501686,870745000.0,413185000.0,1815729000.0,521963000.0,610230000.0,30833000.0,966567100.0,0.10533593240848099
信和,3447,金属製品,スタンダード（内国株式）,2025-03-31,岐阜県,11593540608,0.7333919,17503026000.0,1622280000.0,0.15100999,975039000.0,0.063990004,0.07375,0.5286258258168473,,14121091000.0,6693303000.0,9876975000.0,10487025000.0,2908656000.0,199623000.0,-4104379900.0,-0.3540229890744348
テクノフレックス,3449,金属製品,スタンダード（内国株式）,2024-12-31,東京都,31473149952,1.3269169,22041238000.0,2196621000.0,0.14281,1313086000.0,0.083330005,0.086210005,0.6508269807817348,18.502155,12532246000.0,6284663000.0,16484447000.0,8022843000.0,5105300000.0,431274000.0,4254092800.0,0.13516577801992993
ビーロット,3452,不動産業,スタンダード（内国株式）,2024-12-31,,32945977344,1.7746283,30933000000.0,6340000000.0,0.2951,3941000000.0,0.14417,0.26154,0.3103163444639719,,39232000000.0,16144000000.0,48171000000.0,34350000000.0,12273000000.0,,8939000000.0,0.2713229571751629
ファーストブラザーズ,3454,不動産業,スタンダード（内国株式）,2024-11-30,東京都,16941342720,0.6737729,16865791000.0,2838147000.0,0.15698,1416957000.0,0.08163,0.06392,0.2782046785459334,,64234482000.0,5747191000.0,58651289000.0,58175016000.0,4817134000.0,98771000.0,-5514053300.0,-0.32547911881213626
Ａｎｄ　Ｄｏホールディングス,3457,不動産業,プライム（内国株式）,2025-06-30,東京都,21653784576,1.1734487,64735000000.0,2620000000.0,0.0521,2341000000.0,0.03616,0.13114001,0.25638781209620276,10.362942,53520000000.0,31463000000.0,54870000000.0,47946000000.0,8577000000.0,6025000000.0,5567500000.0,0.25711440789758044
パルマ,3461,不動産業,スタンダード（内国株式）,2024-09-30,東京都,3456987136,1.5565127,2810817000.0,123693000.0,0.046269998,80829000.0,0.04528,0.10629,0.6598276622803603,,1205798000.0,606641000.0,3322676000.0,716241000.0,2484413000.0,5448000.0,2120691600.0,0.6134508219356012
ケイアイスター不動産,3465,不動産業,プライム（内国株式）,2025-03-31,埼玉県,87639187456,1.4316891,342553000000.0,17258000000.0,0.0533,8862000000.0,0.02774,0.17688,0.2041846600939732,10.82218,225751000000.0,156309000000.0,276435000000.0,183996000000.0,71906000000.0,2704000000.0,52576800000.0,0.5999234078521852
アグレ都市デザイン,3467,不動産業,スタンダード（内国株式）,2025-03-31,東京都,13233503232,1.9030062,30743637000.0,2548774000.0,0.0733,1580177000.0,0.05357,,0.2171489873944299,,26060152000.0,18969919000.0,32500419000.0,22883445000.0,7171310000.0,4800000.0,6443627000.0,0.4869177032744159
デュアルタップ,3469,不動産業,スタンダード（内国株式）,2024-06-30,東京都,3766917888,1.5276943,5172911000.0,-255940000.0,0.03993,-386720000.0,0.01398,0.056599997,0.297569224688492,13.017493,4208066000.0,2234584000.0,4487005000.0,3717481000.0,1030845000.0,24473000.0,296070100.0,0.07859743928668296
Ｇ－ＦＡＣＴＯＲＹ,3474,不動産業,グロース（内国株式）,2024-12-31,東京都,4121376512,3.1081293,6348793000.0,-20802000.0,-0.00061,-332890000.0,-0.091709994,-0.36465,0.3313618942308948,19.905363,2901563000.0,1107745000.0,2081921000.0,937713000.0,1454488000.0,5438000.0,-815835400.0,-0.19795216419188444
グッドコムアセット,3475,不動産業,プライム（内国株式）,2024-10-31,東京都,44453707776,3.360049,59753709000.0,5451569000.0,-0.08811,3320097000.0,0.043920003,0.17292,0.3531942008576676,10.493577,25522984000.0,13344699000.0,38285581000.0,19828375000.0,11661993000.0,681884000.0,13239915800.0,0.2978360290375613
フォーライフ,3477,不動産業,グロース（内国株式）,2025-03-31,神奈川県,3515321344,0.8940286,14771438000.0,591310000.0,0.038429998,550784000.0,0.02385,0.09925,0.41313305318925525,,5644991000.0,5532920000.0,9278918000.0,4360385000.0,3222556000.0,,3633927000.0,1.0337396341311549
ティーケーピー,3479,不動産業,グロース（内国株式）,2025-02-28,東京都,69578252288,1.7733604,59208000000.0,5915000000.0,0.056500003,3789000000.0,0.03366,0.06743,0.34145839168327924,13.817825,75938000000.0,32786000000.0,35274000000.0,50834000000.0,14528000000.0,6618000000.0,-36031400000.0,-0.5178543411935378
ジェイ・エス・ビー,3480,不動産業,プライム（内国株式）,2024-10-31,京都府,84644233216,2.0051544,69529664000.0,8106702000.0,0.043330003,7452754000.0,0.07486,0.13946,0.47386994000448945,14.912607,42076717000.0,13780356000.0,19773070000.0,26034284000.0,17338675000.0,1262525000.0,-21419879500.0,-0.25305775344835985
ロードスターキャピタル,3482,不動産業,プライム（内国株式）,2024-12-31,東京都,56487260160,1.9371487,34421000000.0,11447000000.0,0.20452,6871000000.0,0.21107,0.33301,0.2387363481466998,6.9063582,81762000000.0,16485000000.0,105933000000.0,62759000000.0,12653000000.0,266000000.0,24357200000.0,0.43119811318531476
イノベーションホールディングス,3484,不動産業,プライム（内国株式）,2025-03-31,東京都,18115641344,4.6098294,16659432000.0,1381612000.0,0.115159996,1029126000.0,0.0696,0.34842,0.2563612183823773,25.89928,11635809000.0,3041615000.0,7041781000.0,103000000.0,4283926000.0,,-4594028000.0,-0.2535945547145405
グローバル・リンク・マネジメント,3486,不動産業,プライム（内国株式）,2024-12-31,,45730037760,3.4024024,64482059000.0,5732391000.0,0.14146,3413613000.0,0.06923,0.51286,0.3186875101899272,,24796645000.0,14033648000.0,34043112000.0,21300119000.0,11291524000.0,424400000.0,9543547000.0,0.20869317996382078
フェイスネットワーク,3489,不動産業,スタンダード（内国株式）,2025-03-31,東京都,25868331008,2.9803157,29915894000.0,4519033000.0,-0.015829999,2769383000.0,0.0,,0.3251160094738573,,20271045000.0,6795589000.0,26394354000.0,15970906000.0,8838769000.0,,6123309000.0,0.2367106327078587
アズ企画設計,3490,不動産業,スタンダード（内国株式）,2025-02-28,東京都,3915039488,1.1260695,12430301000.0,975126000.0,0.04571,461965000.0,0.03991,,0.223427726408296,,10281754000.0,3038170000.0,12588127000.0,9257387000.0,4373158000.0,30145000.0,2327474500.0,0.5944957917114118
ＧＡ　ｔｅｃｈｎｏｌｏｇｉｅｓ,3491,不動産業,グロース（内国株式）,2024-10-31,東京都,87681187840,2.852184,189883000000.0,3879000000.0,0.03083,1841000000.0,0.01683,0.14862001,0.29613639310255413,26.33005,53881000000.0,34209000000.0,38702000000.0,38100000000.0,19325000000.0,2009000000.0,-13772700000.0,-0.1570770234674777
マリオン,3494,不動産業,スタンダード（内国株式）,2024-09-30,東京都,3370116352,0.772431,2876595000.0,695626000.0,0.15187,342257000.0,0.10501,0.0668,0.2300713643755714,,14492349000.0,1669605000.0,3273708000.0,8735124000.0,1481306000.0,66005000.0,-11172437500.0,-3.3151488948948904
香陵住販,3495,不動産業,スタンダード（内国株式）,2024-09-30,茨城県,6774014464,1.1110765,10035834000.0,1001023000.0,0.083780006,722102000.0,0.088690005,0.18190001,0.3206853328045234,,11150417000.0,5110611000.0,11228994000.0,7170768000.0,2201357000.0,200572000.0,218977400.0,0.03232608981922599
アズーム,3496,不動産業,プライム（内国株式）,2024-09-30,東京都,60092137472,9.759162,10541614000.0,1828184000.0,0.16022,1288023000.0,0.12919,0.34584,0.6746588611829507,27.67507,1804751000.0,1402222000.0,4368014000.0,110532000.0,3071529000.0,,2563263000.0,0.04265554709539755
霞ヶ関キャピタル,3498,不動産業,プライム（内国株式）,2024-08-31,東京都,165556305920,4.5289392,65685513000.0,8537302000.0,0.20811,5020003000.0,0.10622,0.34457,0.3485704849480128,5.649071,49809521000.0,22130780000.0,67066574000.0,41888124000.0,11064491000.0,2196142000.0,18794352400.0,0.11352241943041295
ＳＵＭＩＮＯＥ,3501,繊維製品,プライム（内国株式）,2025-05-31,大阪府,16277871616,0.5225749,104791000000.0,3010000000.0,0.012209999,669000000.0,0.01126,0.05373,0.32829346361185985,5.2826133,57815000000.0,42606000000.0,54931000000.0,23206000000.0,8847000000.0,4534000000.0,289800000.0,0.017803310336662628
デジタルグリッド,350A,電気・ガス業,グロース（内国株式）,2024-07-31,,36031733760,,3515034000.0,1547347000.0,0.0,972446000.0,0.0,,0.36845161984056124,,7247653000.0,6947651000.0,10768175000.0,3228541000.0,3979699000.0,,3520522000.0,0.0977061504575238
日本フエルト,3512,繊維製品,スタンダード（内国株式）,2025-03-31,東京都,10372817920,0.5175539,9699437000.0,200286000.0,0.05034,429905000.0,0.04586,0.02181,0.8012248024171646,,4545032000.0,2592615000.0,11188795000.0,800000000.0,3296985000.0,8232581000.0,12406569700.0,1.1960655046377215
イチカワ,3513,繊維製品,スタンダード（内国株式）,2025-03-31,,8988819456,0.40367302,13947000000.0,1073000000.0,0.075100005,782000000.0,0.06158,0.0397,0.7553790809746826,,7204000000.0,3425000000.0,14991000000.0,925000000.0,6398000000.0,5682000000.0,11764400000.0,1.3087814320430378
エコナックホールディングス,3521,サービス業,スタンダード（内国株式）,2025-03-31,東京都,4126431488,0.8559248,1980519000.0,341469000.0,0.13701999,191559000.0,0.09592,0.04045,0.8085893696297559,,1165832000.0,475179000.0,1607002000.0,600670000.0,1502403000.0,600000.0,441590000.0,0.10701498408108309
日東製網,3524,繊維製品,スタンダード（内国株式）,2025-04-30,東京都,3978057728,0.5602898,21600058000.0,680065000.0,0.025810001,534763000.0,0.021189999,0.06458,0.24232893787900764,,22639843000.0,15360320000.0,17292332000.0,16306087000.0,1496166000.0,468980000.0,-5019225000.0,-1.2617275422303775
芦森工業,3526,輸送用機器,スタンダード（内国株式）,2025-03-31,大阪府,25137487872,1.0386693,72604000000.0,4618000000.0,0.03915,2758000000.0,0.02623,0.08009,0.4593613532088961,,29318000000.0,22598000000.0,35226000000.0,11393000000.0,6307000000.0,1447000000.0,6920900000.0,0.27532186331590486
アツギ,3529,繊維製品,スタンダード（内国株式）,2025-03-31,,18563727360,0.5975662,21880000000.0,-931000000.0,-0.12111,-376000000.0,-0.041810002,-0.02791,0.77516096653365,,9184000000.0,5236000000.0,16832000000.0,1056000000.0,5406000000.0,3702000000.0,10239400000.0,0.5515810376564375
ＬＯＩＶＥ,352A,サービス業,グロース（内国株式）,2025-03-31,北海道,12680390656,,8492006000.0,1004920000.0,0.0,500473000.0,0.0,,0.2073591545949576,,6255581000.0,2971509000.0,2919306000.0,3387390000.0,1520434000.0,,-3336275000.0,-0.2631050643870636
アクサスホールディングス,3536,小売業,スタンダード（内国株式）,2024-08-31,徳島県,3942282752,1.7943906,11718715000.0,14582000.0,0.00347,31372000.0,0.01821,0.10469,0.12203248887156042,,14580604000.0,9777196000.0,6239002000.0,13099256000.0,1341582000.0,180874000.0,-8214990200.0,-2.083815575083337
昭栄薬品,3537,卸売業,スタンダード（内国株式）,2025-03-31,大阪府,5338016256,0.59903663,25012868000.0,559832000.0,0.02031,527412000.0,0.01974,0.05816,0.522619693530335,,8162438000.0,6598406000.0,10826424000.0,600000000.0,1911925000.0,5575689000.0,6566968300.0,1.2302263584564102
ウイルプラスホールディングス,3538,小売業,スタンダード（内国株式）,2025-06-30,,9236196352,0.85220456,88614291000.0,1849606000.0,0.02148,1443511000.0,0.016280001,0.13376,0.2911376214725601,8.21342,25026413000.0,18051129000.0,26675409000.0,16534369000.0,8245586000.0,,1648996000.0,0.17853626505492465
ＪＭホールディングス,3539,小売業,プライム（内国株式）,2024-07-31,茨城県,81150427136,1.7981884,,,0.05337,,0.034679998,0.14564,0.6107288498998024,16.126583,27593000000.0,21063000000.0,36002000000.0,9382000000.0,22405000000.0,1201000000.0,9249700000.0,0.11398214804832053
歯愛メディカル,3540,卸売業,スタンダード（内国株式）,2024-12-31,石川県,74598596608,2.6747458,67493000000.0,2494000000.0,0.060399998,6266000000.0,0.09132,0.33675998,0.41313364784852613,24.866667,35769000000.0,32991000000.0,30340000000.0,21209000000.0,4124000000.0,6021000000.0,-1214300000.0,-0.016277786114139547
農業総合研究所,3541,卸売業,グロース（内国株式）,2024-08-31,和歌山県,10239611904,9.7883,7223458000.0,93630000.0,0.00161,108759000.0,0.0012899999,-0.00792,0.38743798849942956,102.82609,1632743000.0,1336199000.0,2011076000.0,358327000.0,779433000.0,196201000.0,515673700.0,0.050360668434958684
ベガコーポレーション,3542,小売業,グロース（内国株式）,2025-03-31,福岡県,16750582784,7.161659,15935215000.0,926595000.0,0.06586,591669000.0,0.053200003,0.25392,0.7380700795003929,25.948963,2114703000.0,2000299000.0,6611361000.0,,1835809000.0,93663000.0,4562222100.0,0.2723619923455912
コメダホールディングス,3543,卸売業,プライム（内国株式）,2025-02-28,愛知県,135851016192,2.850121,47057000000.0,8820000000.0,0.16212,5814000000.0,0.11413,0.13135,0.43142076244337474,19.342922,60121000000.0,14464000000.0,20566000000.0,43983000000.0,10390000000.0,3498000000.0,-37106400000.0,-0.2731403933523548
サツドラホールディングス,3544,小売業,スタンダード（内国株式）,2025-05-31,北海道,11256215552,1.1582859,100174000000.0,1675000000.0,0.00648,767000000.0,0.0072600003,0.07685,0.21204052474347318,,36273000000.0,19139000000.0,21696000000.0,17206000000.0,2669000000.0,802000000.0,-14015600000.0,-1.2451431775850912
アレンザホールディングス,3546,小売業,プライム（内国株式）,2025-02-28,福島県,33682831360,1.0496722,153345000000.0,3515000000.0,0.0385,2088000000.0,0.01894,0.09049,0.35020759227276366,,55639000000.0,37156000000.0,40234000000.0,27088000000.0,4036000000.0,352000000.0,-15158600000.0,-0.450039363911716
串カツ田中ホールディングス,3547,小売業,スタンダード（内国株式）,2024-11-30,東京都,20870645760,6.534782,16864222000.0,847943000.0,0.06026,380372000.0,0.0,0.2839,0.3359703763888961,27.035715,4861826000.0,3081170000.0,3525917000.0,2142811000.0,1804022000.0,,-1335909000.0,-0.06400899212042398
バロックジャパンリミテッド,3548,小売業,プライム（内国株式）,2025-02-28,東京都,27345559552,1.9585711,58180000000.0,813000000.0,-0.0478,-2575000000.0,-0.03934,-0.114870004,0.45901735631846347,,15255000000.0,7316000000.0,24789000000.0,8000000000.0,11305000000.0,,9534000000.0,0.34864892714556656
クスリのアオキホールディングス,3549,小売業,プライム（内国株式）,2025-05-31,石川県,390534758400,2.7858033,501470000000.0,26602000000.0,0.0517,17786000000.0,0.03373,0.13262,0.4135372690544283,19.530718,206707000000.0,107049000000.0,145368000000.0,99319000000.0,47731000000.0,3747000000.0,-58716100000.0,-0.15034794915709096
スタジオアタオ,3550,小売業,グロース（内国株式）,2025-02-28,兵庫県,2811997440,1.1107767,3696135000.0,182595000.0,-0.20677,68447000.0,-0.06147,-0.08412,0.7886938414376895,2.009901,670141000.0,582714000.0,2579330000.0,198336000.0,1832953000.0,36969000.0,1935067300.0,0.6881468924808125
ダイニック,3551,繊維製品,スタンダード（内国株式）,2025-03-31,京都府,8294859776,0.31669247,44072956000.0,2136247000.0,0.05935,1315457000.0,0.02927,0.049850002,0.43535836883478024,,34491173000.0,23414884000.0,27739256000.0,20379787000.0,4297843000.0,6665936000.0,-2085761800.0,-0.25145232786633187
共和レザー,3553,化学,スタンダード（内国株式）,2025-03-31,静岡県,21114038272,0.5915445,56397000000.0,2144000000.0,0.00178,1100000000.0,0.01382,0.024389999,0.6091708563837837,,22073000000.0,19651000000.0,34111000000.0,390000000.0,8245000000.0,5595000000.0,15954500000.0,0.7556347011626748
リネットジャパングループ,3556,小売業,グロース（内国株式）,2024-09-30,,14952938496,21.797438,11676964000.0,-1263450000.0,0.02911,-1882722000.0,0.00358,0.102469996,0.03436527828880013,,8117351000.0,3912935000.0,4051214000.0,6531820000.0,880805000.0,104361000.0,-3993084300.0,-0.2670434510961289
ユナイテッド＆コレクティブ,3557,小売業,グロース（内国株式）,2025-02-28,東京都,4544755200,6.8571177,6492053000.0,115594000.0,-0.02286,59751000.0,0.0069999998,0.13237001,0.08616430532176941,,3631976000.0,1208500000.0,1945255000.0,2748770000.0,1480160000.0,,-1686721000.0,-0.3711357214575606
ジェイドグループ,3558,小売業,グロース（内国株式）,2025-02-28,東京都,16971053056,2.7550662,19231316000.0,1535039000.0,0.10353,565050000.0,0.05989,0.19524,0.4519559754352868,,5728894000.0,5023781000.0,8079362000.0,706280000.0,2993436000.0,8000000.0,2356068000.0,0.13882862732357248
ピーバンドットコム,3559,卸売業,スタンダード（内国株式）,2025-03-31,東京都,2499441152,1.8555589,2180578000.0,157193000.0,0.047519997,112531000.0,0.052389998,0.088520005,0.7950167876221573,,355322000.0,341253000.0,1481834000.0,,1137609000.0,153105000.0,1233685500.0,0.4935845354921963
ほぼ日,3560,小売業,スタンダード（内国株式）,2024-08-31,東京都,7869444096,1.6086341,7534785000.0,547476000.0,-0.05905,399197000.0,0.05163,0.09518,0.6967038203635774,,1969229000.0,1741265000.0,4700416000.0,2868000.0,1194594000.0,362244000.0,2984757800.0,0.379284453080636
力の源ホールディングス,3561,小売業,プライム（内国株式）,2025-03-31,福岡県,43347443712,3.99305,34166110000.0,2809961000.0,0.05114,1758015000.0,0.0,0.19305,0.5750159509030396,17.702702,7879744000.0,4837812000.0,9778862000.0,2609496000.0,7150814000.0,149527000.0,2003786900.0,0.046226183793285275
Ｎｏ．１,3562,卸売業,スタンダード（内国株式）,2025-02-28,東京都,14191182848,3.5100636,14209460000.0,1039018000.0,0.11374,574387000.0,0.04501,0.16361,0.513317673229561,19.51526,4230324000.0,3226375000.0,6206381000.0,1606152000.0,3021288000.0,218304000.0,2128869800.0,0.15001355579743145
ＦＯＯＤ　＆　ＬＩＦＥ　ＣＯＭＰＡＮＩＥＳ,3563,小売業,プライム（内国株式）,2024-09-30,大阪府,836661870592,9.065222,361129000000.0,23384000000.0,0.08843,14633000000.0,0.05452,0.2793,0.2096868718403742,44.45446,287317000000.0,80843000000.0,74656000000.0,216884000000.0,48695000000.0,1232000000.0,-211798600000.0,-0.2531471881826488
アセンテック,3565,卸売業,スタンダード（内国株式）,2025-01-31,東京都,21234956288,4.229228,14586903000.0,868016000.0,0.06964,859628000.0,0.06645,,0.4514639418880997,,5106665000.0,5046090000.0,8349840000.0,,6007969000.0,411390000.0,3531148000.0,0.16628939339966867
ユニフォームネクスト,3566,小売業,グロース（内国株式）,2024-12-31,福井県,6269687808,1.7702298,8393669000.0,447265000.0,0.09474,325008000.0,0.04315,0.11409,0.6789421434677695,,1588244000.0,1279924000.0,3285948000.0,408326000.0,2358581000.0,5000000.0,1701204000.0,0.27133791220502185
セーレン,3569,繊維製品,プライム（内国株式）,2025-03-31,東京都,189377167360,1.3405565,159653000000.0,17865000000.0,0.1329,13887000000.0,0.089549996,0.107250005,0.7196408045255819,12.311797,55343000000.0,40513000000.0,127064000000.0,10422000000.0,43028000000.0,10364000000.0,78975800000.0,0.41702915457526885
ソトー,3571,繊維製品,スタンダード（内国株式）,2025-03-31,愛知県,9792379904,0.66182345,10043078000.0,-146722000.0,0.03642,406794000.0,0.02803,0.01936,0.7444749548929285,,5089023000.0,2246508000.0,5939112000.0,700588000.0,1901351000.0,6572750000.0,5451014000.0,0.5566587544028357
東海染工,3577,繊維製品,スタンダード（内国株式）,2025-03-31,愛知県,2843952384,0.40644136,14347362000.0,419712000.0,0.00524,311712000.0,0.02089,0.06238,0.4811838637773018,,6303745000.0,3703000000.0,7109113000.0,2112781000.0,3068387000.0,2696944000.0,2693228800.0,0.947002071888416
小松マテーレ,3580,繊維製品,プライム（内国株式）,2025-03-31,石川県,33691836416,0.8573898,39526000000.0,2181000000.0,0.07673,2934000000.0,0.06302,0.06525,0.7460113906385547,,13326000000.0,9171000000.0,25885000000.0,,9430000000.0,16185000000.0,23888500000.0,0.709029324048823
オーベクス,3583,繊維製品,スタンダード（内国株式）,2025-03-31,東京都,3601467904,0.52691096,6035997000.0,841405000.0,0.1099,580136000.0,0.102419995,0.09355,0.6814896460861735,,3135049000.0,1639264000.0,6585675000.0,1490021000.0,2850379000.0,124970000.0,3538105000.0,0.9824063671566737
ワコールホールディングス,3591,繊維製品,プライム（内国株式）,2025-03-31,京都府,282565083136,1.4285818,173896000000.0,3328000000.0,0.43945,6989000000.0,0.102180004,0.08221,0.7047427649779744,12.949099,77291000000.0,50048000000.0,99975000000.0,26836000000.0,23419000000.0,42022000000.0,52099400000.0,0.184380176849113
ホギメディカル,3593,繊維製品,プライム（内国株式）,2025-03-31,東京都,118794674176,1.6120646,39138000000.0,3811000000.0,0.10144,1520000000.0,0.03212,0.01548,0.7592113999693549,36.01072,23564000000.0,10381000000.0,44200000000.0,13789000000.0,22005000000.0,5982000000.0,24823400000.0,0.2089605461876426
自重堂,3597,繊維製品,スタンダード（内国株式）,2024-06-30,広島県,26946971648,0.70691705,16863582000.0,2610442000.0,0.04298,2015867000.0,0.07552,0.029509999,0.9209873785360932,,3288040000.0,1882175000.0,30372328000.0,,11012240000.0,3990891000.0,29877911700.0,1.1087669549768326
山喜,3598,繊維製品,スタンダード（内国株式）,2025-03-31,大阪府,2424247808,0.55525607,10774126000.0,48559000.0,0.05703,90042000.0,-0.00468,-0.01135,0.3765616521532626,,7048728000.0,6091309000.0,8225363000.0,4471701000.0,2471093000.0,104025000.0,1249452500.0,0.5153980116540957
フジックス,3600,繊維製品,スタンダード（内国株式）,2025-03-31,京都府,2216200448,0.240839,5646425000.0,-195829000.0,-0.06657,-107845000.0,-0.0256,-0.015470001,0.7961430481931417,,1677207000.0,587542000.0,6719497000.0,,2538547000.0,1983404000.0,6430672800.0,2.9016656890414994
クラウディアホールディングス,3607,繊維製品,スタンダード（内国株式）,2024-08-31,,3000909312,0.75646746,13219210000.0,341574000.0,-0.11821,192515000.0,0.02296,0.08004,0.2988674619734948,,8983729000.0,4414555000.0,3654888000.0,5834291000.0,1811571000.0,439717000.0,-5021039100.0,-1.6731725547059784
ＴＳＩホールディングス,3608,繊維製品,プライム（内国株式）,2025-02-28,,58637864960,0.63401204,156606000000.0,1636000000.0,-0.02834,15230000000.0,0.11748,0.18421,0.7644287647263015,14.615384,32928000000.0,26864000000.0,86273000000.0,1655000000.0,46325000000.0,23490000000.0,69788000000.0,1.1901524731094166
マツオカコーポレーション,3611,繊維製品,スタンダード（内国株式）,2025-03-31,広島県,24089606144,0.69020706,70579000000.0,434000000.0,0.012209999,2600000000.0,0.02981,0.0543,0.5183498267842601,,31924000000.0,22664000000.0,47715000000.0,15743000000.0,20151000000.0,528000000.0,16160600000.0,0.6708536413338215
ワールド,3612,繊維製品,プライム（内国株式）,2025-02-28,兵庫県,102470664192,1.125436,225658000000.0,17098000000.0,0.03924,11105000000.0,0.04783,,0.29667737695341023,8.081915,187375000000.0,103331000000.0,90126000000.0,131921000000.0,21748000000.0,17355000000.0,-85100500000.0,-0.8304864682105173
ネットイヤーグループ,3622,情報・通信業,グロース（内国株式）,2025-03-31,東京都,3961370112,1.9659398,3377900000.0,82628000.0,0.2017,-33753000.0,0.035639998,0.10378,0.8424335232244584,,494102000.0,488634000.0,3049760000.0,,2188318000.0,,2555658000.0,0.6451449694786813
ビリングシステム,3623,情報・通信業,グロース（内国株式）,2024-12-31,東京都,7144735744,2.4326627,4218230000.0,626111000.0,0.121929996,406905000.0,0.087840006,0.13875,0.10913320283014706,26.983374,22995564000.0,22937659000.0,25559281000.0,,23803699000.0,4000000.0,2566517000.0,0.35921790419684974
アクセルマーク,3624,情報・通信業,グロース（内国株式）,2024-09-30,東京都,1921335680,2.057282,1584443000.0,-305452000.0,-0.417,-388567000.0,-0.29634002,-15.27778,0.5049548512355508,,457943000.0,99801000.0,674502000.0,356646000.0,510929000.0,37540000.0,242837000.0,0.12638967907992008
テックファームホールディングス,3625,情報・通信業,グロース（内国株式）,2024-06-30,東京都,5470459392,2.0119362,5072509000.0,239257000.0,0.05939,155914000.0,0.07472,0.20064,0.5597927861335944,,1789603000.0,1258306000.0,3620683000.0,1114722000.0,2338579000.0,128161000.0,1920792700.0,0.35112091368578063
ＴＩＳ,3626,情報・通信業,プライム（内国株式）,2025-03-31,東京都,1164826902528,3.4996626,571687000000.0,69048000000.0,0.11655,50012000000.0,0.08972,0.16099001,0.6152627627224035,24.693731,201988000000.0,153210000000.0,319080000000.0,41072000000.0,84013000000.0,57041000000.0,157020700000.0,0.1348017457866239
テクミラホールディングス,3627,情報・通信業,スタンダード（内国株式）,2025-02-28,東京都,3381096192,0.5753282,11165530000.0,91386000.0,-0.030569999,-140530000.0,-0.026700001,-0.04421,0.5792381569232847,7.171216,4448667000.0,3088845000.0,6029885000.0,2753639000.0,2957158000.0,799594000.0,2140933800.0,0.633207006965864
データホライゾン,3628,情報・通信業,グロース（内国株式）,2024-06-30,広島県,8147742208,53.602737,5007033000.0,-789850000.0,-0.14632,-807185000.0,-0.67346,,0.47921335282234,,3443862000.0,1405504000.0,2323200000.0,2460000000.0,1424737000.0,,-1120662000.0,-0.1375426432735757
グリーホールディングス,3632,情報・通信業,プライム（内国株式）,2025-06-30,東京都,70081650688,0.7493121,57111000000.0,4861000000.0,0.0825,1194000000.0,0.02091,0.01214,0.7037630646289984,14.581105,39251000000.0,21602000000.0,117419000000.0,25700000000.0,48851000000.0,9933000000.0,85121100000.0,1.214598959418848
ＧＭＯペパボ,3633,情報・通信業,スタンダード（内国株式）,2024-12-31,東京都,10709774336,4.5499973,10922830000.0,829146000.0,0.09413,591632000.0,0.05975,0.29650998,0.20922690571900923,19.383755,9029732000.0,8169883000.0,9252820000.0,1190062000.0,2817059000.0,664520000.0,688252000.0,0.06426391242311233
ソケッツ,3634,情報・通信業,スタンダード（内国株式）,2025-03-31,東京都,1660488064,2.0542605,1039861000.0,-76664000.0,0.0,-139132000.0,-0.17625,-0.337,0.6778286741096415,,262482000.0,142681000.0,696749000.0,,464965000.0,12290000.0,442870000.0,0.26671073981294213
コーエーテクモホールディングス,3635,情報・通信業,プライム（内国株式）,2025-03-31,,661392523264,3.5352988,83150000000.0,32120000000.0,0.24155001,37628000000.0,0.37417,0.16478,0.9027393865451703,22.104929,20408000000.0,18914000000.0,61484000000.0,0.0,24034000000.0,99409000000.0,110662300000.0,0.16731713182041563
三菱総合研究所,3636,情報・通信業,プライム（内国株式）,2024-09-30,東京都,80954359808,1.1509428,115362000000.0,7061000000.0,-0.0070999996,5003000000.0,0.04403,0.07199,0.5648448200982193,13.264516,43360000000.0,31128000000.0,74282000000.0,1111000000.0,30927000000.0,18130000000.0,43613000000.0,0.5387356543049349
ボルテージ,3639,情報・通信業,スタンダード（内国株式）,2024-06-30,東京都,1855394688,0.8374646,3456700000.0,-94355000.0,0.03061,5269000.0,0.00461,0.00595,0.7668820458649803,,661178000.0,535336000.0,2201702000.0,105681000.0,1294356000.0,245040000.0,1712052000.0,0.9227427517567626
電算,3640,情報・通信業,スタンダード（内国株式）,2025-03-31,長野県,16870981632,1.3871391,18740930000.0,2517578000.0,0.01958,1842221000.0,0.0938,0.15445,0.5922211395083433,,8752384000.0,6387717000.0,11723720000.0,3847152000.0,2551172000.0,581190000.0,3378169000.0,0.20023547376712597
パピレス,3641,情報・通信業,スタンダード（内国株式）,2025-03-31,東京都,8059112448,0.9148728,15768000000.0,-309000000.0,0.03393,-164000000.0,-0.0228,-0.041739997,0.6987119070059692,,3705000000.0,3704000000.0,11869000000.0,0.0,10081000000.0,66000000.0,8210200000.0,1.0187474182764995
メディカルネット,3645,情報・通信業,グロース（内国株式）,2025-05-31,東京都,2750539008,1.562438,6077796000.0,98784000.0,0.01602,-68147000.0,-0.00191,0.01314,0.42049356175844793,,2311672000.0,1931441000.0,2958057000.0,1252035000.0,1456383000.0,55732000.0,685397400.0,0.24918657688784177
駅探,3646,情報・通信業,グロース（内国株式）,2025-03-31,東京都,1562567296,1.0192864,3499578000.0,116880000.0,-0.07032,57923000.0,0.00716,0.01535,0.6702787792988075,,811437000.0,542781000.0,1833862000.0,282796000.0,1260898000.0,29506000.0,1043079200.0,0.6675419373425822
ジー・スリーホールディングス,3647,情報・通信業,スタンダード（内国株式）,2024-08-31,東京都,2550865152,3.6810465,259129000.0,-666817000.0,-2.17949,-742621000.0,-0.5198,-0.378,0.6490022621924953,,534424000.0,108919000.0,1402129000.0,53278000.0,334453000.0,,867705000.0,0.34016106234376126
ＡＧＳ,3648,情報・通信業,スタンダード（内国株式）,2025-03-31,埼玉県,25110198272,1.6938869,24862456000.0,1849964000.0,0.07952,1379546000.0,0.062090002,0.11174,0.6795117924055,,6915059000.0,5341361000.0,12499846000.0,1654592000.0,5686191000.0,2100214000.0,7054936800.0,0.280959024041911
ファインデックス,3649,情報・通信業,プライム（内国株式）,2024-12-31,東京都,21428297728,3.825103,5841379000.0,1525419000.0,0.112040006,1162365000.0,0.19892,0.20804001,0.838180381122194,14.863013,1076913000.0,774270000.0,3582463000.0,,1734390000.0,2315050000.0,4126085000.0,0.19255309275493748
ディジタルメディアプロフェッショナル,3652,情報・通信業,グロース（内国株式）,2025-03-31,東京都,7111206912,2.1114028,3077721000.0,265555000.0,-0.60199,157122000.0,-0.05184,-0.04123,0.8824790564427768,27.526175,480946000.0,461851000.0,3297832000.0,,2529833000.0,536318000.0,3192308600.0,0.44891234912783257
モルフォ,3653,情報・通信業,グロース（内国株式）,2024-10-31,東京都,5268727808,1.5190848,3300850000.0,257074000.0,0.02244,301484000.0,-0.02104,-0.020299999,0.8541298387355973,,621772000.0,608742000.0,3689842000.0,,2935878000.0,316231000.0,3289431700.0,0.624331303470517
ブレインパッド,3655,情報・通信業,プライム（内国株式）,2025-06-30,東京都,28074616832,4.8704653,11772254000.0,1575750000.0,0.02178,1063952000.0,0.090299994,0.18817,0.7668429850947953,28.779442,1753057000.0,1556672000.0,5251542000.0,,3395540000.0,746704000.0,4021177800.0,0.14323179632558983
ＫＬａｂ,3656,情報・通信業,プライム（内国株式）,2024-12-31,東京都,15714429952,2.293078,8306355000.0,-1342144000.0,-0.23572001,-2782986000.0,-0.78960997,-0.68402,0.6570818630063113,6.9210525,5412684000.0,4685399000.0,4400462000.0,2220632000.0,1605179000.0,2031273000.0,409669100.0,0.0260696125313703
ポールトゥウィンホールディングス,3657,情報・通信業,プライム（内国株式）,2025-01-31,,11951763456,1.0499666,52225791000.0,786509000.0,-0.01543,-692472000.0,-0.01711,-0.07361,0.43732466910177065,19.882353,15995712000.0,15390999000.0,19707539000.0,7095743000.0,7012693000.0,627107000.0,4150801900.0,0.34729618899177783
ネクソン,3659,情報・通信業,プライム（内国株式）,2024-12-31,東京都,2492848930816,2.3989975,446211000000.0,124176000000.0,0.31719,134848000000.0,0.22781,0.09912,0.8108183591123602,18.695444,226246000000.0,107662000000.0,752273000000.0,39998000000.0,331931000000.0,268310000000.0,713844000000.0,0.286356702636743
伊澤タオル,365A,繊維製品,スタンダード（内国株式）,2025-02-28,,6009999872,1.5480634,9825360000.0,638137000.0,,578533000.0,,,0.4632739607612151,,4497805000.0,1432805000.0,4194779000.0,3295000000.0,1676593000.0,,-303026000.0,-0.05042030057467529
アイスタイル,3660,情報・通信業,プライム（内国株式）,2025-06-30,東京都,46165893120,2.4463184,68768000000.0,3164000000.0,0.04501,2327000000.0,0.03384,0.1599,0.4871535504754198,18.228346,17594000000.0,12692000000.0,21041000000.0,8739000000.0,7224000000.0,3511000000.0,5904700000.0,0.12790178205048014
エムアップホールディングス,3661,情報・通信業,プライム（内国株式）,2025-03-31,東京都,72638128128,9.201599,25782000000.0,4066000000.0,0.18724,1664000000.0,0.0,0.29564,0.31369846353427655,34.362415,15883000000.0,15707000000.0,19743000000.0,,12327000000.0,1977000000.0,5243900000.0,0.072192113634308
エイチームホールディングス,3662,情報・通信業,プライム（内国株式）,2024-07-31,愛知県,21147947008,2.3355,23917000000.0,562000000.0,-0.01429,953000000.0,0.043319996,0.108430006,0.6305321956908723,28.333332,6018000000.0,3045000000.0,11562000000.0,2535000000.0,8050000000.0,2356000000.0,7193200000.0,0.3401370353953934
セルシス,3663,情報・通信業,プライム（内国株式）,2024-12-31,東京都,52629692416,9.528778,8204959000.0,2146237000.0,0.32368,1399893000.0,0.14938,0.22735001,0.6427021077488919,,3012475000.0,2488803000.0,6360784000.0,,5390973000.0,663486000.0,3812749200.0,0.07244483151949568
モブキャストホールディングス,3664,情報・通信業,グロース（内国株式）,2024-12-31,,3637939712,7.7895546,3071142000.0,-157615000.0,-0.09028,-169027000.0,-0.15055001,-0.81575996,0.1406227820004904,,1868456000.0,795620000.0,1167366000.0,1335278000.0,342224000.0,17159000.0,-689078700.0,-0.18941454629581284
エニグモ,3665,情報・通信業,プライム（内国株式）,2025-01-31,東京都,16543474688,1.4333296,5928834000.0,739676000.0,-0.02945,398503000.0,0.04042,,0.7914860164551388,50.240963,3004454000.0,2571557000.0,10333989000.0,209707000.0,9287543000.0,3551874000.0,9815846800.0,0.5933364655926869
ｅｎｉｓｈ,3667,情報・通信業,スタンダード（内国株式）,2024-12-31,東京都,3354288640,3.1900978,3317109000.0,-815690000.0,-0.45856997,-882217000.0,-0.30801,-0.93437,0.5051479645818674,,871332000.0,867701000.0,1488477000.0,302345000.0,809755000.0,40659000.0,645606300.0,0.1924718977076463
コロプラ,3668,情報・通信業,プライム（内国株式）,2024-09-30,東京都,60115472384,0.8146838,25975000000.0,-1208000000.0,-0.16246,-1866000000.0,-0.0762,-0.027679998,0.8944051124616252,,8420000000.0,6567000000.0,67267000000.0,999000000.0,50250000000.0,7588000000.0,64158600000.0,1.067256023377371
ウェルネス・コミュニケーションズ,366A,サービス業,グロース（内国株式）,2025-03-31,東京都,18414473216,3.7127426,14057605000.0,1109210000.0,0.04815,776205000.0,0.051810004,,0.6671346504284792,,1725080000.0,1668663000.0,3954256000.0,213000.0,2786458000.0,,2229176000.0,0.12105564866569789
協立情報通信,3670,情報・通信業,スタンダード（内国株式）,2025-03-31,東京都,2406388224,1.3128428,4476026000.0,298730000.0,0.01354,171821000.0,0.021389998,,0.6627223911921222,,1078660000.0,771556000.0,2314084000.0,5628000.0,1333229000.0,11650000.0,1243579000.0,0.5167823660360465
ソフトマックス,3671,情報・通信業,グロース（内国株式）,2024-12-31,東京都,9691815936,0.6620786,5428986000.0,662532000.0,0.06923,480154000.0,0.09304,0.18908001,0.46681200315939664,,4017900000.0,3374234000.0,5640442000.0,1413830000.0,3453136000.0,45848000.0,1654635600.0,0.17072503346394546
オルトプラス,3672,情報・通信業,スタンダード（内国株式）,2024-09-30,東京都,1496217088,3.37656,3516498000.0,-452772000.0,-0.18372999,-452268000.0,-0.16057,-0.58132,0.5022654254880963,,763769000.0,759562000.0,1422242000.0,,766132000.0,4863000.0,661877100.0,0.4423670236815261
ブロードリーフ,3673,情報・通信業,プライム（内国株式）,2024-12-31,東京都,67839320064,2.8821201,18045315000.0,674088000.0,0.082650006,343298000.0,0.03971,0.03271,0.5800678338949394,71.71429,16751118000.0,13680607000.0,8210771000.0,6134849000.0,4305936000.0,987931000.0,-7848795300.0,-0.1156968450243222
オークファン,3674,情報・通信業,グロース（内国株式）,2024-09-30,東京都,3661555200,0.83520734,4840369000.0,356357000.0,-0.05919,187448000.0,-0.01135,-0.01388,0.5730217868814912,,3284734000.0,3181146000.0,6805834000.0,1657796000.0,4497678000.0,,3521100000.0,0.9616405619120532
クロス・マーケティンググループ,3675,情報・通信業,プライム（内国株式）,2025-06-30,東京都,13233026048,3.3462374,28896589000.0,2522950000.0,0.03042,1356038000.0,0.051149998,0.23274,0.4861645463813951,,8434312000.0,5417147000.0,12870147000.0,4249195000.0,7634108000.0,370854000.0,4695432800.0,0.35482683877204746
デジタルハーツホールディングス,3676,情報・通信業,プライム（内国株式）,2025-03-31,東京都,21974319104,2.4509194,39748901000.0,2430068000.0,0.07547,629464000.0,0.0224,0.100159995,0.44882570932891014,8.449015,10688796000.0,10473095000.0,14069461000.0,5200000000.0,7593742000.0,1340609000.0,4319091300.0,0.1965517693430507
メディアドゥ,3678,情報・通信業,プライム（内国株式）,2025-02-28,東京都,29114810368,1.5882821,101914000000.0,2475000000.0,0.02678,1363000000.0,0.0207,0.12482,0.3310571858540256,18.026316,35453000000.0,32220000000.0,39960000000.0,3865000000.0,13591000000.0,5669000000.0,8475300000.0,0.2910992684779832
じげん,3679,情報・通信業,プライム（内国株式）,2025-03-31,東京都,52487462912,2.671149,25450000000.0,5657000000.0,0.20950001,3872000000.0,0.14833,0.19955,0.5317648311287361,10.395257,17622000000.0,15426000000.0,19952000000.0,4661000000.0,14295000000.0,1225000000.0,3187500000.0,0.06072878785061746
プリモグローバルホールディングス,367A,小売業,スタンダード（内国株式）,2024-08-31,東京都,18045356032,0.43748707,24900000000.0,2247000000.0,0.090229996,1150000000.0,0.063779995,0.10583,0.3458759252731759,,29692000000.0,9437000000.0,11407000000.0,20661000000.0,3199000000.0,1556000000.0,-17195800000.0,-0.9529210711889822
ホットリンク,3680,情報・通信業,グロース（内国株式）,2024-12-31,東京都,4376278016,0.810121,4268060000.0,-705700000.0,-0.11524,-564626000.0,-0.27287,-0.16657,0.7439719216903088,,2015303000.0,845718000.0,3906485000.0,978254000.0,3301684000.0,1628983000.0,3031470100.0,0.6927050998397996
ブイキューブ,3681,情報・通信業,プライム（内国株式）,2024-12-31,東京都,3803981824,3.4300916,10463846000.0,-236769000.0,-0.03974,-1417278000.0,-0.18656999,-1.52908,-0.011621447923357313,5.485075,10457389000.0,6756970000.0,3545172000.0,7885309000.0,1006735000.0,465197000.0,-6586579100.0,-1.7314959441825135
エンカレッジ・テクノロジ,3682,情報・通信業,スタンダード（内国株式）,2025-03-31,東京都,4129924096,1.345092,2501582000.0,297990000.0,0.072230004,220239000.0,0.01831,0.0100300005,0.7539369647824663,,1146544000.0,1114575000.0,4064105000.0,,3706709000.0,41778000.0,2946805600.0,0.7135253654792594
サイバーリンクス,3683,情報・通信業,スタンダード（内国株式）,2024-12-31,和歌山県,16702347264,1.9647518,15870000000.0,1256000000.0,0.13267,814000000.0,0.06876,0.14293,0.6005460851597668,,5413000000.0,3504000000.0,6665000000.0,2832000000.0,1526000000.0,14000000.0,1261800000.0,0.07554626784222512
ディー・エル・イー,3686,情報・通信業,スタンダード（内国株式）,2025-03-31,東京都,5561400320,3.5063689,1978904000.0,-489249000.0,-0.74,-728502000.0,-0.21959,-0.20424,0.6877908055275098,8.707483,770197000.0,458856000.0,1133310000.0,25000000.0,587872000.0,1329253000.0,1293590100.0,0.23260150781593078
フィックスターズ,3687,情報・通信業,プライム（内国株式）,2024-09-30,東京都,65892589568,8.34385,7995406000.0,2304096000.0,0.25479,1494133000.0,0.22829,0.29565,0.7705915047399282,26.775883,1786562000.0,1754149000.0,7772812000.0,547148000.0,4856480000.0,83592000.0,6044764400.0,0.09173663441716627
ＣＡＲＴＡ　ＨＯＬＤＩＮＧＳ,3688,情報・通信業,プライム（内国株式）,2024-12-31,東京都,52877754368,2.1729095,24275000000.0,2140000000.0,0.09044,1688000000.0,0.06176,0.07177,0.5003309614429919,35.24452,23854000000.0,23503000000.0,37760000000.0,,14349000000.0,5596000000.0,17823200000.0,0.3370642383176933
北里コーポレーション,368A,精密機器,プライム（内国株式）,2025-03-31,静岡県,56719998976,3.2682223,10302000000.0,5783000000.0,0.49137002,3788000000.0,0.35692,,0.9240935790966174,,1499000000.0,1419000000.0,14835000000.0,,11460000000.0,,13336000000.0,0.23511989140978085
イルグルム,3690,情報・通信業,スタンダード（内国株式）,2024-09-30,大阪府,3968563200,2.0799615,3636133000.0,164441000.0,0.07177,68767000.0,0.02553,0.0468,0.5325693740236054,8.142494,1589462000.0,1122842000.0,2240174000.0,844331000.0,1407096000.0,56828000.0,690491600.0,0.17399032476035659
デジタルプラス,3691,情報・通信業,グロース（内国株式）,2024-09-30,東京都,5268153344,6.5199847,838500000.0,-2199000.0,-0.23118,21171000.0,-0.116969995,-0.10634,0.3083681184363186,466.15387,1518681000.0,1396373000.0,1597243000.0,781735000.0,801217000.0,130617000.0,169993900.0,0.03226821409699649
ＦＦＲＩセキュリティ,3692,情報・通信業,グロース（内国株式）,2025-03-31,東京都,91671977984,31.897005,3039446000.0,817003000.0,0.29576,687022000.0,0.26137,0.35876998,0.6469700452838645,222.88461,1521844000.0,1497382000.0,3234030000.0,10327000.0,2162980000.0,372284000.0,1972784800.0,0.021520041820678515
オプティム,3694,情報・通信業,プライム（内国株式）,2025-03-31,東京都,32012310528,3.7580853,10580636000.0,1954347000.0,0.12776,1178350000.0,0.111829996,0.14914,0.7595955065375899,25.594713,2574787000.0,2434689000.0,5476085000.0,0.0,1734795000.0,647188000.0,3354329600.0,0.1047824897570605
ＧＭＯリサーチ＆ＡＩ,3695,情報・通信業,グロース（内国株式）,2024-12-31,東京都,8793038848,3.9289756,5025786000.0,235123000.0,0.11075,183147000.0,0.01746,0.05183,0.7007846446235422,13.233931,883409000.0,874333000.0,2373228000.0,5500000.0,688490000.0,141696000.0,1589006200.0,0.18071183665490387
セレス,3696,情報・通信業,プライム（内国株式）,2024-12-31,東京都,26739097600,2.2199335,27706531000.0,2228083000.0,0.07358,1480868000.0,0.07758,0.21938999,0.3380722834569737,37.613636,20254907000.0,16852024000.0,23850185000.0,9515205000.0,11574595000.0,1143278000.0,4395572600.0,0.1643874698299467
ＳＨＩＦＴ,3697,情報・通信業,プライム（内国株式）,2024-08-31,東京都,300044582912,7.31435,110627000000.0,35461000000.0,0.10416,5127000000.0,0.06883,0.23833999,0.5427077188003253,1.5519495,28198000000.0,19653000000.0,37022000000.0,9577000000.0,20869000000.0,1145000000.0,9625500000.0,0.03208023256604856
ＣＲＩ・ミドルウェア,3698,情報・通信業,グロース（内国株式）,2024-09-30,東京都,7163712000,1.8105248,3167285000.0,368359000.0,0.10582,304468000.0,0.13104,0.12367,0.6976222902130518,17.898172,1592139000.0,391021000.0,4484379000.0,1000000000.0,3626399000.0,139075000.0,2989592500.0,0.41732449601547356
エータイ,369A,サービス業,グロース（内国株式）,2024-08-31,東京都,15870100480,,2376316000.0,506141000.0,0.0,297366000.0,0.0,,0.7751410468053532,,735810000.0,599240000.0,2007647000.0,18377000.0,1970955000.0,,1271837000.0,0.08014045037728709
特種東海製紙,3708,パルプ・紙,プライム（内国株式）,2025-03-31,,54538129408,0.6881087,94800000000.0,3928000000.0,0.0546,3607000000.0,0.03703,0.045289997,0.5642875584497548,3.8969123,53604000000.0,34783000000.0,54397000000.0,29171000000.0,11381000000.0,14006000000.0,10597200000.0,0.19430809444750657
ジョルダン,3710,情報・通信業,スタンダード（内国株式）,2024-09-30,東京都,2983918848,0.6515108,2928239000.0,-189673000.0,-0.040689997,-118539000.0,0.039,0.02385,0.8315631234715006,,873669000.0,849642000.0,3776704000.0,10012000.0,2977251000.0,402261000.0,3184617700.0,1.0672601576060021
情報企画,3712,情報・通信業,スタンダード（内国株式）,2024-09-30,東京都,17665654784,2.6770215,3612525000.0,1428411000.0,0.32513002,1012903000.0,0.28541002,0.17419,0.8252755526842479,,1314130000.0,1167146000.0,3682394000.0,,2718910000.0,5586000.0,2372174200.0,0.1342817024902189
ＡＩストーム,3719,情報・通信業,スタンダード（内国株式）,2024-12-31,東京都,10221160448,10.532316,1422760000.0,131971000.0,-0.5567,147528000.0,-0.26869,,0.5054348547273797,,1155366000.0,883877000.0,2157525000.0,408366000.0,255682000.0,23701000.0,1018749700.0,0.09967064945148585
日本ファルコム,3723,情報・通信業,グロース（内国株式）,2024-09-30,東京都,15645668352,1.5473912,2524519000.0,1240151000.0,0.32569,852213000.0,0.28709,0.06657,0.9510514906835373,,523898000.0,523898000.0,10548026000.0,,9543028000.0,,10024128000.0,0.6406966947320347
フォーシーズＨＤ,3726,小売業,スタンダード（内国株式）,2024-09-30,福岡県,5180266496,3.547822,2257804000.0,-126175000.0,-0.09771,-273032000.0,-0.14413,-0.24231,0.511604160144822,,1120172000.0,911329000.0,1949157000.0,544512000.0,836658000.0,,828985000.0,0.16002748133519965
アプリックス,3727,情報・通信業,グロース（内国株式）,2024-12-31,東京都,4111968000,1.5919409,3707278000.0,218351000.0,0.05055,157083000.0,0.044699997,0.05777,0.6677030278371191,,1291210000.0,683329000.0,1896155000.0,550654000.0,1323558000.0,141921000.0,704289700.0,0.1712780109183729
レント,372A,サービス業,スタンダード（内国株式）,2025-05-31,静岡県,22579759104,1.3205817,49088449000.0,3906779000.0,0.08889,2498909000.0,0.04817,,0.25956787087688743,,42674792000.0,20965744000.0,16076493000.0,29309720000.0,6191921000.0,698025000.0,-26109681500.0,-1.1563312690689722
ソフトウェア・サービス,3733,情報・通信業,スタンダード（内国株式）,2024-10-31,大阪府,75882749952,1.8752073,38425000000.0,7275000000.0,0.18363,5328000000.0,0.13637,0.13768,0.8114850867618559,12.878787,8463000000.0,8396000000.0,25126000000.0,,15260000000.0,393000000.0,16938100000.0,0.22321410347825135
リップス,373A,化学,グロース（内国株式）,2024-08-31,東京都,4867950080,,3760918000.0,720971000.0,0.0,423712000.0,0.0,,0.8679793302974567,,429447000.0,402947000.0,3058625000.0,,1864803000.0,,2629178000.0,0.54009962238561
セック,3741,情報・通信業,プライム（内国株式）,2025-03-31,東京都,26091630592,2.8943725,10295370000.0,1793257000.0,0.12672,1344002000.0,0.12508,0.15119,0.7923454597874654,22.487911,2445235000.0,2281715000.0,9326219000.0,36000000.0,2231686000.0,1179059000.0,7706325300.0,0.29535621673115553
サイオス,3744,情報・通信業,スタンダード（内国株式）,2024-12-31,東京都,4083128320,2.511143,20561583000.0,35092000.0,0.024920002,351703000.0,0.024500001,0.31357,0.19014807082465504,,6547912000.0,6183013000.0,7175721000.0,102303000.0,3677914000.0,427662000.0,927172400.0,0.22707402935600124
インタートレード,3747,情報・通信業,スタンダード（内国株式）,2024-09-30,東京都,6725693440,6.0976405,1849078000.0,80242000.0,-0.07143,-97904000.0,-0.11236,-0.17219,0.7419734260041192,,413138000.0,272264000.0,1423324000.0,279026000.0,1024922000.0,44988000.0,1041677600.0,0.15488032710572072
ＡＤＲ１２０Ｓ,3750,情報・通信業,スタンダード（内国株式）,2025-03-31,東京都,7588986368,15.551246,122204000.0,-806885000.0,-22.0,-2140086000.0,0.0,-1.21166,0.17823875675883483,,2907056000.0,491751000.0,517163000.0,2648236000.0,255980000.0,,-2389893000.0,-0.31491596955257567
フライトソリューションズ,3753,情報・通信業,スタンダード（内国株式）,2025-03-31,東京都,2210033152,3.9241061,3063284000.0,-298933000.0,-0.09238,-382695000.0,-0.03273,-0.20548001,0.33376342006381093,,1005866000.0,641496000.0,911857000.0,665292000.0,453606000.0,,-94009000.0,-0.04253737095071414
アエリア,3758,情報・通信業,スタンダード（内国株式）,2024-12-31,東京都,6185393664,0.72892535,19155000000.0,-43000000.0,0.02399,-739000000.0,-0.010829999,-0.01787,0.41415387652371316,,11684000000.0,6802000000.0,16020000000.0,7446000000.0,8249000000.0,923000000.0,4982100000.0,0.8054620725268684
ケイブ,3760,情報・通信業,スタンダード（内国株式）,2025-05-31,東京都,5526003200,0.8482032,13969156000.0,1133685000.0,-0.22459,246488000.0,-0.03002,-0.20194,0.4696080407168472,,6981735000.0,2914309000.0,8479365000.0,1245506000.0,6199851000.0,1329289000.0,2428132300.0,0.4394011751567571
テクマトリックス,3762,情報・通信業,プライム（内国株式）,2025-03-31,東京都,88250580992,3.6603308,64882255000.0,6668299000.0,0.08031,4060857000.0,0.06255,0.16194999,0.22957991352975968,17.7106,75444760000.0,67449528000.0,85446693000.0,5602793000.0,27325233000.0,3716107000.0,12603207900.0,0.1428116139104228
プロシップ,3763,情報・通信業,プライム（内国株式）,2025-03-31,東京都,40251224064,4.737166,7564803000.0,2309488000.0,0.30937,1930537000.0,0.27646,0.27835,0.7815806326776727,,2485629000.0,2044550000.0,9740621000.0,,6460655000.0,584581000.0,7664198700.0,0.1904090839029844
ガンホー・オンライン・エンターテイメント,3765,情報・通信業,プライム（内国株式）,2024-12-31,東京都,143721529344,1.173649,103600000000.0,17492000000.0,0.08164,11171000000.0,0.05782,0.06229,0.7339055304791866,12.410849,21929000000.0,19453000000.0,120875000000.0,,99598000000.0,,98946000000.0,0.6884563534191945
システムズ・デザイン,3766,情報・通信業,スタンダード（内国株式）,2025-03-31,東京都,4413265408,0.97768366,9609075000.0,454455000.0,0.03379,297649000.0,0.03518,0.077870004,0.7219614732285132,,1778008000.0,1214498000.0,4829071000.0,19380000.0,2939886000.0,695603000.0,3537985100.0,0.8016705937482562
リスクモンスター,3768,情報・通信業,スタンダード（内国株式）,2025-03-31,,3769145344,0.63502043,3728251000.0,263992000.0,0.06888,-49599000.0,-0.00212,0.00093000004,0.8246527442192204,,1157090000.0,859188000.0,2567213000.0,365242000.0,1225736000.0,1387142000.0,2381122400.0,0.631740668687782
ＧＭＯペイメントゲートウェイ,3769,情報・通信業,プライム（内国株式）,2024-09-30,東京都,651764170752,5.967187,73785055000.0,25187463000.0,0.40161,18705445000.0,0.24871,0.18874,0.2985040242895862,31.667587,238883172000.0,204361371000.0,298096460000.0,53104334000.0,174053848000.0,13114736000.0,68393603200.0,0.10493611994824453
ザッパラス,3770,情報・通信業,スタンダード（内国株式）,2025-04-30,,4059041792,0.79823786,4317141000.0,300004000.0,0.0582,158785000.0,0.04086,0.03273,0.9060721514618135,,514584000.0,400244000.0,2173231000.0,,1375785000.0,2876468000.0,3672174600.0,0.9046900200036176
システムリサーチ,3771,情報・通信業,プライム（内国株式）,2025-03-31,愛知県,36693110784,3.2592702,25931487000.0,2997559000.0,0.08663999,2194600000.0,0.0856,0.21515,0.6738696579372713,,5697309000.0,5130645000.0,13607732000.0,1297198000.0,8203626000.0,12879000.0,7919438300.0,0.21582902432609405
ウェルス・マネジメント,3772,不動産業,スタンダード（内国株式）,2025-03-31,東京都,21844336640,1.1954429,18310289000.0,2520296000.0,-0.15225,1102812000.0,0.07806,0.087799996,0.3123709983783723,8.688024,42703423000.0,7237082000.0,53697329000.0,30333346000.0,9408357000.0,3748981000.0,13618192700.0,0.6234198329952124
アドバンスト・メディア,3773,情報・通信業,グロース（内国株式）,2025-03-31,東京都,16208805888,1.334563,6665147000.0,1442566000.0,0.12594,1408637000.0,0.20696,0.119490005,0.7706327080148484,11.531631,3663178000.0,2509172000.0,9341923000.0,1771180000.0,6405922000.0,3774005000.0,8320548500.0,0.513335069683327
インターネットイニシアティブ,3774,情報・通信業,プライム（内国株式）,2025-03-31,東京都,484191240192,3.3698704,316831000000.0,30104000000.0,0.0785,19933000000.0,0.06339,0.15009,0.4502792580856818,19.128338,170349000000.0,113315000000.0,130195000000.0,33616000000.0,32534000000.0,8361000000.0,-34301300000.0,-0.0708424629623581
ブロードバンドタワー,3776,情報・通信業,スタンダード（内国株式）,2024-12-31,東京都,10263816192,1.1615937,13423481000.0,668306000.0,0.044699997,404378000.0,0.01818,0.01637,0.4374828118310888,69.58333,7790998000.0,4690619000.0,10043816000.0,2935562000.0,7595914000.0,2431614000.0,3954947800.0,0.3853291725043394
環境フレンドリーホールディングス,3777,情報・通信業,グロース（内国株式）,2024-12-31,東京都,15992708096,4.592721,17237007000.0,-53638000.0,-0.19792,-154894000.0,-0.01217,-0.03108,0.9118067266287826,,309450000.0,297974000.0,3167899000.0,32792000.0,1041117000.0,,2858449000.0,0.17873451968493928
さくらインターネット,3778,情報・通信業,プライム（内国株式）,2025-03-31,大阪府,136604237824,4.613231,31412382000.0,4145589000.0,-0.06102,2937459000.0,0.077989995,0.09084,0.3691411403193855,45.962315,51162092000.0,40347490000.0,41744592000.0,23649316000.0,29489223000.0,682270000.0,-8939911000.0,-0.06544387745509127
ジェイ・エスコムホールディングス,3779,情報・通信業,スタンダード（内国株式）,2025-03-31,東京都,2209425664,3.6339421,1318779000.0,-108564000.0,0.09814,370450000.0,0.32017,0.79175,0.19316985869677944,,2460296000.0,2448214000.0,3065586000.0,519972000.0,1672990000.0,,605290000.0,0.2739580742011332
テクノマセマティカル,3787,情報・通信業,スタンダード（内国株式）,2025-03-31,東京都,1454649984,0.85718864,416588000.0,-286659000.0,-0.71134,-285004000.0,-0.61851,-0.14928001,0.9560478899656821,,81032000.0,81032000.0,1013467000.0,,738371000.0,784220000.0,1481389000.0,1.0183817525137373
ＧＭＯグローバルサイン・ホールディングス,3788,情報・通信業,プライム（内国株式）,2024-12-31,東京都,26143698944,2.8272614,19166085000.0,1246620000.0,0.061350003,854560000.0,0.03889,0.082370006,0.5247959688074952,24.967106,8539831000.0,5603002000.0,11948489000.0,3016635000.0,8459291000.0,302255000.0,3620236500.0,0.13847453291726522
ヒット,378A,サービス業,グロース（内国株式）,2025-06-30,東京都,13942739968,3.6705856,4419389000.0,1387038000.0,0.37887,905095000.0,0.2048,0.30293,0.5248676871977546,,3069837000.0,1701834000.0,4118442000.0,1522784000.0,3457451000.0,,1048605000.0,0.07520795786241834
ＩＧポート,3791,情報・通信業,スタンダード（内国株式）,2025-05-31,東京都,28764760064,3.048871,14598270000.0,1426186000.0,0.063990004,828016000.0,0.06039,0.09491,0.5980247615163049,9.989551,5262696000.0,4886712000.0,10643190000.0,0.0,4650042000.0,285825000.0,5580571500.0,0.1940072327244704
ドリコム,3793,情報・通信業,グロース（内国株式）,2025-03-31,東京都,13565381632,4.6235075,12655184000.0,112011000.0,-0.01836,-1035569000.0,-0.17875,-0.63237,0.34921794643600185,12.32376,8787100000.0,5307477000.0,7842218000.0,4729542000.0,3928774000.0,20006000.0,-930877800.0,-0.06862157108828473
いい生活,3796,情報・通信業,スタンダード（内国株式）,2025-03-31,東京都,3623223040,1.9862138,3028187000.0,-37271000.0,-0.01843,-39536000.0,-0.00972,-0.01563,0.7970229458909733,,476909000.0,474129000.0,594479000.0,,345549000.0,,117570000.0,0.03244900981861718
ＵＬＳグループ,3798,情報・通信業,スタンダード（内国株式）,2025-03-31,東京都,42743840768,4.084057,13203000000.0,2623000000.0,0.23527999,1635000000.0,0.12347999,0.18213,0.7501842299189388,3.0650887,3093000000.0,3091000000.0,12100000000.0,,7137000000.0,461000000.0,9329700000.0,0.21827004387927257
キーウェアソリューションズ,3799,情報・通信業,スタンダード（内国株式）,2025-03-31,東京都,9384643584,1.278387,21101196000.0,921038000.0,0.0035100002,1031747000.0,0.05132,0.14062001,0.7022481030940153,,3209507000.0,2854284000.0,8558205000.0,,1863790000.0,361600000.0,5601818000.0,0.5969132391506707
ユニリタ,3800,情報・通信業,スタンダード（内国株式）,2025-03-31,東京都,14665864192,1.2252183,11687128000.0,840785000.0,0.07792,716887000.0,0.06448,0.06435,0.779099395591795,,3394455000.0,3096674000.0,11435510000.0,,9680730000.0,2852585000.0,10037864500.0,0.6844373006996409
エコミック,3802,情報・通信業,スタンダード（内国株式）,2025-03-31,北海道,2299638528,1.3696486,2121744000.0,46812000.0,-0.18283,43215000.0,0.023699999,0.03001,0.9144024560446897,,168599000.0,143074000.0,1583879000.0,0.0,1350918000.0,,1415280000.0,0.6154358534038268
イメージ情報開発,3803,情報・通信業,グロース（内国株式）,2025-03-31,東京都,1606944128,6.1333637,646058000.0,-70803000.0,-0.20207001,-36568000.0,-0.14702,-0.30539,0.4624670813842583,,306286000.0,117632000.0,437175000.0,3600000.0,275439000.0,16219000.0,142242300.0,0.08851726548640775
システム　ディ,3804,情報・通信業,スタンダード（内国株式）,2024-10-31,京都府,13418811392,2.7570791,4631578000.0,828663000.0,0.04334,555946000.0,0.13734001,0.15276,0.6470504096144691,18.846848,2457678000.0,1918203000.0,3077707000.0,313362000.0,2025737000.0,376669000.0,883697300.0,0.06585510997843229
フィスコ,3807,情報・通信業,グロース（内国株式）,2024-12-31,,6368496128,5.832005,867885000.0,-327332000.0,-0.24615,-530698000.0,0.0,-1.2918601,0.134787462632363,,1543797000.0,111583000.0,387868000.0,8000000.0,203394000.0,1337683000.0,-219550900.0,-0.03447452830107146
サイバーステップ,3810,情報・通信業,スタンダード（内国株式）,2025-05-31,,9379823616,7.254367,2504000000.0,-1788000000.0,-0.70539004,-1695000000.0,-0.67485,-1.33754,0.5060352831940576,,532000000.0,527000000.0,752000000.0,120000000.0,212000000.0,90000000.0,283000000.0,0.03017114303911448
メディア工房,3815,情報・通信業,グロース（内国株式）,2024-08-31,東京都,5210768384,7.6261563,2012763000.0,-141155000.0,-0.48222,-270985000.0,-0.27122,-0.57991004,0.39418948940680365,,1606143000.0,988272000.0,2231105000.0,1287097000.0,1960337000.0,86000.0,625022200.0,0.11994818305860051
大和コンピューター,3816,情報・通信業,スタンダード（内国株式）,2024-07-31,大阪府,4503111168,0.8394935,3291339000.0,565015000.0,0.15965,342183000.0,0.13015,0.0797,0.8333585196645344,,1020020000.0,617563000.0,4294011000.0,79611000.0,3875434000.0,601860000.0,3695293000.0,0.8206088773156399
ＳＲＡホールディングス,3817,情報・通信業,プライム（内国株式）,2025-03-31,東京都,65948901376,2.126972,51617000000.0,7941000000.0,0.12923001,3377000000.0,0.05351,0.09949,0.5987599129217851,,20345000000.0,16643000000.0,38516000000.0,70000000.0,19820000000.0,9323000000.0,24697100000.0,0.3744884218645638
ＴＨＥ　ＷＨＹ　ＨＯＷ　ＤＯ　ＣＯＭＰＡＮＹ,3823,情報・通信業,スタンダード（内国株式）,2024-08-31,東京都,7885236224,4.140501,747636000.0,-247944000.0,-0.05451,-961644000.0,-0.03941,-0.04847,0.4954264258195733,,757414000.0,250960000.0,820040000.0,460826000.0,595684000.0,,62626000.0,0.007942184383695136
リミックスポイント,3825,小売業,スタンダード（内国株式）,2025-03-31,東京都,44625821696,1.7018503,21129000000.0,-1212000000.0,0.26825002,-593000000.0,0.071669996,0.07564,0.8718298203767707,,2633000000.0,2519000000.0,18657000000.0,319000000.0,5103000000.0,350000000.0,16269000000.0,0.3645647157116271
システムインテグレータ,3826,情報・通信業,スタンダード（内国株式）,2025-02-28,埼玉県,5393353216,1.2823108,4768979000.0,271549000.0,0.109189995,583408000.0,0.13561,,0.8252660432345221,,865333000.0,855510000.0,4462962000.0,,2968589000.0,10000000.0,3604629000.0,0.6683465472475371
朝日ネット,3834,情報・通信業,プライム（内国株式）,2025-03-31,東京都,18480613376,1.4789228,13078000000.0,2346000000.0,0.1503,1752000000.0,0.112799995,0.09995,0.8851694055589369,11.956522,1698000000.0,1696000000.0,8924000000.0,,4161000000.0,401000000.0,7506700000.0,0.40619322785836953
ｅＢＡＳＥ,3835,情報・通信業,プライム（内国株式）,2025-03-31,大阪府,20427292672,2.9923186,5469897000.0,1731670000.0,0.13741,1250789000.0,0.22391,0.18381001,0.9069729430496575,16.021128,754694000.0,745042000.0,6422609000.0,,5349764000.0,1342828000.0,6607894600.0,0.3234836209625342
