会社名,銘柄コード,業種,優先市場,決算月,都道府県,時価総額,PBR,PER(会予),PER(過去12ヶ月),PER(前年度),配当方向性,配当利回り,EPS(過去12ヶ月),EPS(予想),EPS(前年度),売上高,営業利益,営業利益率,当期純利益,純利益率,ROE,自己資本比率,負債,流動負債,流動資産,総負債,現金及び現金同等物,投資有価証券,ネットキャッシュ,ネットキャッシュ比率
アサンテ,6073,サービス業,プライム（内国株式）,2025-03-31,東京都,15773499392.0,1.5710659,18.65896,32.119404,32.70212094326133,1.2321,0.038701624,50.25,86.5,47.46999840162156,14024081000.0,1226213000.0,0.093389995,687898000.0,0.03664,0.04666,0.6792714724279183,4601217000.0,2064264000.0,9350561000.0,2356504000.0,7106131000.0,20534000.0,4763717800.0,0.3020076700555148
ジェイエスエス,6074,サービス業,スタンダード（内国株式）,2025-03-31,大阪府,2177878272.0,0.6949163,5.5035605,10.878745,8.523379612034656,0.4023,0.018841911,49.73,98.3,56.50920597064938,8381933000.0,252190000.0,0.09641,192605000.0,0.02372,,0.40037453472357587,4509662000.0,1999532000.0,1450310000.0,2512481000.0,1067040000.0,27055000.0,-3040413500.0,-1.3960438189265336
バリューＨＲ,6078,サービス業,プライム（内国株式）,2024-12-31,東京都,38185783296.0,5.9584823,,62.20096,38.932509206476006,1.1275,0.016982364,22.99,,36.990000252824125,8376016000.0,1117754000.0,0.048839998,791075000.0,0.05627,0.083809994,0.374300937337878,11174771000.0,5901114000.0,6978856000.0,5613657000.0,5488771000.0,1077279000.0,-3441819700.0,-0.09013353669664108
Ｍ＆Ａキャピタルパートナーズ,6080,サービス業,プライム（内国株式）,2025-09-30,東京都,111631409152.0,2.5790462,16.849623,22.381407,16.339071525631137,0.33150002,0.01569277,157.05,208.61,140.08600430875532,22448727000.0,7126679000.0,0.37355,5070542000.0,0.22586,0.12116,0.7760550541471098,12490281000.0,8031058000.0,46916092000.0,3110122000.0,16243092000.0,2877559000.0,36440102300.0,0.32643234172904045
アライドアーキテクツ,6081,サービス業,グロース（内国株式）,2024-12-31,東京都,3297686528.0,1.7926244,7.717996,,-27.094622580502637,0.0,0.0,-51.42,26.95,-17.53115396196038,3463714000.0,-459827000.0,-0.16201,-516291000.0,-0.18472,-0.25506002,0.5847452441778105,1552715000.0,953555000.0,3001787000.0,633633000.0,1940205000.0,546347000.0,1831514900.0,0.5553938752058364
ライドオンエクスプレスホールディングス,6082,サービス業,スタンダード（内国株式）,2025-03-31,東京都,10033288192.0,1.2502533,20.813007,21.139555,27.510212819947995,0.30969998,0.0146484375,48.44,49.2,37.43000034677927,23393750000.0,781703000.0,0.03173,333605000.0,0.01995,0.060749996,0.6176461242118797,4966526000.0,3340594000.0,8709499000.0,1649667000.0,6544597000.0,2497131000.0,5490964700.0,0.5472746914992632
ＥＲＩホールディングス,6083,サービス業,スタンダード（内国株式）,2025-05-31,東京都,36552720384.0,5.1976433,,16.677477,14.126860040466074,0.2903,0.01864035,292.91,,159.87999374610914,19765494000.0,2045769000.0,0.20288,1293720000.0,0.10028,0.35002,0.47207689969951006,7050690000.0,4841457000.0,9579233000.0,2550829000.0,5863509000.0,96034000.0,2595766800.0,0.07101432595797245
アーキテクツ・スタジオ・ジャパン,6085,サービス業,グロース（内国株式）,2025-03-31,東京都,5278084608.0,19.639654,,,-3.971555654404857,0.0,0.0,-2.95,,-49.015219398228666,897496000.0,-96615000.0,-0.91743,-79904000.0,-0.12438,-0.74586,0.04535616780918806,1896149000.0,575656000.0,630582000.0,1338209000.0,211375000.0,,-1265567000.0,-0.23977770232818518
シンメンテホールディングス,6086,サービス業,グロース（内国株式）,2025-02-28,東京都,22534428672.0,5.4247494,11.465641,18.846762,15.898208223081722,0.2527,0.013570823,63.3,104.05,43.13999944043447,25707509000.0,1534311000.0,0.08226,1033141000.0,0.04295,0.29633,0.3917846043447478,5514349000.0,4776463000.0,7731416000.0,392848000.0,4140204000.0,343512000.0,2457525400.0,0.10905647690343183
アビスト,6087,サービス業,スタンダード（内国株式）,2025-09-30,東京都,13489345536.0,1.8215691,20.130642,20.765697,20.253778558748778,0.62479997,0.03013294,163.25,168.4,153.5500157937073,10627251000.0,953682000.0,0.08366,649573000.0,0.06112,0.091070004,0.758038674242401,2363741000.0,1555743000.0,6043993000.0,10000000.0,4143252000.0,1188234000.0,4512015800.0,0.3344873765712691
シグマクシス・ホールディングス,6088,サービス業,プライム（内国株式）,2025-03-31,東京都,72597487616.0,5.071915,7.324814,16.901136,21.446664700120177,0.4048,0.024618993,51.89,119.73,38.36123385725899,26293590000.0,5638919000.0,0.25067,4394662000.0,0.16605,0.31178,0.7229704627414348,5468793000.0,4781485000.0,14073977000.0,16262000.0,6945511000.0,3024643000.0,10722434100.0,0.14769704093226566
ウィルグループ,6089,サービス業,プライム（内国株式）,2025-03-31,東京都,27541272576.0,1.5254949,,15.323813,8.302995054438615,0.56130004,0.037193574,78.44,,121.54357717885894,139705000000.0,2339000000.0,0.03425,1155000000.0,0.01275,0.10149,0.348376499809707,32563000000.0,25208000000.0,26551000000.0,6605000000.0,6936000000.0,2160000000.0,-4500000000.0,-0.1633911427869672
ヒューマン・メタボローム・テクノロジーズ,6090,サービス業,スタンダード（内国株式）,2025-06-30,山形県,3911167488.0,2.3333814,20.501474,15.907531,15.247945771606583,0.3435,0.02238806,43.69,33.9,41.13787363897207,1455004000.0,249521000.0,-0.47396,256420000.0,0.14130001,0.11092,0.803752368286626,466011000.0,449943000.0,1864807000.0,110468000.0,1562417000.0,49980000.0,1433782000.0,0.3665867044556492
ウエスコホールディングス,6091,サービス業,スタンダード（内国株式）,2024-07-31,岡山県,11499902976.0,0.72227365,,15.413466,10.144063876668623,0.4284,0.028708134,55.99,,45.722799864084266,15725320000.0,942252000.0,0.02394,768062000.0,0.05175,0.05284,0.779261425491288,4582471000.0,4146458000.0,13454657000.0,90390000.0,9135177000.0,2197692000.0,10410570400.0,0.9052746289883133
エンバイオ・ホールディングス,6092,サービス業,スタンダード（内国株式）,2025-03-31,東京都,5143252480.0,0.5468636,,8.846476,6.652693341308779,0.12529999,0.014851485,71.78,,88.84515488522749,10668079000.0,839455000.0,0.16610001,452689000.0,0.055809997,0.058590002,0.43129400425796366,11964584000.0,4818328000.0,8957765000.0,10098880000.0,3293050000.0,836741000.0,-2421100300.0,-0.47073331698466414
エスクロー・エージェント・ジャパン,6093,サービス業,スタンダード（内国株式）,2025-02-28,東京都,7665011200.0,2.200055,16.761906,31.316727,19.310044270421944,1.0695,0.032432433,5.62,10.5,6.871333832273372,4741362000.0,482405000.0,0.10099,349113000.0,0.04002,0.05551,0.7468997457208667,1205087000.0,1023419000.0,3609028000.0,123047000.0,2993868000.0,57905000.0,2444474500.0,0.3189133631011524
フリークアウト・ホールディングス,6094,サービス業,グロース（内国株式）,2025-09-30,東京都,9539704832.0,0.8713649,12.309418,34.76884,-3.9999431092574214,0.0,0.0,15.79,44.6,-179.75255656410584,50323355000.0,14013116000.0,0.00932,275472000.0,0.00546,0.01973,0.27230212288382094,28067092000.0,18757618000.0,29397643000.0,17431123000.0,16367521000.0,4004720000.0,4133855000.0,0.4333315414679698
レアジョブ,6096,サービス業,スタンダード（内国株式）,2025-03-31,東京都,3088850944.0,1.6526728,25.433071,26.916666,-25.631663092884565,0.41669998,0.015576324,12.0,12.7,-30.485751543458445,9715742000.0,442193000.0,0.012200001,268908000.0,0.01194,0.06257,0.3278891819684764,3959707000.0,2440109000.0,3444468000.0,2100389000.0,2552993000.0,2524000.0,-513472200.0,-0.16623404926592664
リクルートホールディングス,6098,サービス業,プライム（内国株式）,2025-03-31,東京都,12951183425536.0,8.863828,30.314245,30.913868,29.613756164347954,0.082399994,0.0027222221,296.76,302.63,222.90000003264836,3557478000000.0,490543000000.0,0.17468001,408504000000.0,0.122279994,0.27734,0.5834902454755195,1144893000000.0,802185000000.0,1470378000000.0,208940000000.0,808625000000.0,163102000000.0,439656400000.0,0.03394719892030286
エラン,6099,サービス業,プライム（内国株式）,2024-12-31,長野県,42334662656.0,3.1264236,11.925042,17.650024,25.30527854529312,0.32799998,0.018413598,39.66,58.7,41.659999656629,47513703000.0,3577738000.0,0.06953,2354670000.0,0.04765,0.20124,0.578629505450971,9104117000.0,8918601000.0,16872798000.0,76617000.0,6849398000.0,2558748000.0,9559804600.0,0.2258150650137544
ツガミ,6101,機械,プライム（内国株式）,2025-03-31,東京都,142612381696.0,2.103837,27.159393,10.923286,9.83089818111942,0.24340001,0.023652174,279.22,112.3,111.03999906144763,107411000000.0,23310000000.0,0.23101,10901000000.0,0.11246,0.23782,0.4940615524798517,43192000000.0,38317000000.0,102799000000.0,11524000000.0,27729000000.0,4859000000.0,63008300000.0,0.44181507419399096
オークマ,6103,機械,プライム（内国株式）,2025-03-31,愛知県,232974532608.0,0.99881905,13.917507,22.05419,10.87897452805865,0.5728,0.026809651,174.57,276.63,314.8999984938223,206822000000.0,14651000000.0,0.07362,9590000000.0,0.048720002,0.04478,0.7629893214563602,60104000000.0,42737000000.0,184600000000.0,10000000000.0,53079000000.0,34033000000.0,148319100000.0,0.63663224619302
芝浦機械,6104,機械,プライム（内国株式）,2025-03-31,東京都,104283504640.0,0.87876165,8.794496,18.032385,4.666712871927943,0.57240003,0.032,244.56,501.45,741.5023192843609,168191000000.0,14100000000.0,0.03041,12597000000.0,0.03864,0.049510002,0.5870034618024418,82437000000.0,71472000000.0,151150000000.0,10135000000.0,36388000000.0,11754000000.0,76940800000.0,0.7378041260275006
アマダ,6113,機械,プライム（内国株式）,2025-03-31,神奈川県,606706008064.0,1.1715925,15.061227,22.503206,13.68406252233343,0.72290003,0.032934926,85.81,128.21,118.95000009132437,396670000000.0,49076000000.0,0.10529,32386000000.0,0.06977,0.05301,0.7989216653254161,126142000000.0,106809000000.0,414511000000.0,10954000000.0,104841000000.0,18033000000.0,300992100000.0,0.4961086522951476
アイダエンジニアリング,6118,機械,プライム（内国株式）,2025-03-31,神奈川県,66367905792.0,0.8099082,15.87013,12.838832,18.039800469582453,0.38869998,0.03080766,95.18,77.0,46.949999771770834,76006000000.0,5530000000.0,0.089729995,5101000000.0,0.069860004,0.06641,0.6807312269049828,39226000000.0,33201000000.0,88927000000.0,3120000000.0,35856000000.0,10496000000.0,57048200000.0,0.8595751111808714
岡本工作機械製作所,6125,機械,スタンダード（内国株式）,2025-03-31,群馬県,31367856128.0,0.7661722,5.961804,13.85361,6.2821390824239325,0.4672,0.03501094,342.51,795.9,969.8255676331999,43734000000.0,3016000000.0,0.06465,2024000000.0,0.04953,0.05388,0.607179210825699,26242000000.0,19874000000.0,47214000000.0,11819000000.0,9899000000.0,404000000.0,21254800000.0,0.6775981091365455
ＦＵＪＩ,6134,機械,プライム（内国株式）,2025-03-31,愛知県,338027118592.0,1.5205213,20.615517,23.281866,22.917307594062674,0.48459998,0.021447722,165.15,186.51,110.59000008730231,127387000000.0,13781000000.0,0.11549,10906000000.0,0.10192,0.06594,0.8946739312863043,25610000000.0,22256000000.0,155427000000.0,,57580000000.0,20962000000.0,144490400000.0,0.42745209497348186
牧野フライス製作所,6135,機械,プライム（内国株式）,2025-03-31,東京都,251462287360.0,1.0778172,19.579273,16.364742,9.147751826510564,0.1521,0.009082652,656.9,549.05,670.5499907165267,234216000000.0,18517000000.0,0.098400004,14415000000.0,0.06273,0.068330005,0.6165155011620082,140389000000.0,97610000000.0,228604000000.0,57200000000.0,64055000000.0,25226000000.0,105873200000.0,0.4210301318401242
オーエスジー,6136,機械,プライム（内国株式）,2024-11-30,愛知県,206457700352.0,1.1417662,13.1261425,16.464653,11.221725239490741,0.3932,0.0258788,152.63,191.45,149.28202825726092,155517000000.0,18869000000.0,0.14725,13439000000.0,0.08924,0.07925,0.6477205585098113,77848000000.0,27461000000.0,144453000000.0,49097000000.0,55774000000.0,6351000000.0,71050700000.0,0.3441416807358705
小池酸素工業,6137,機械,スタンダード（内国株式）,2025-03-31,東京都,38758666240.0,0.9138393,,14.580687,8.282761760731642,0.4127,0.030232558,125.92,,145.55846630150035,55206000000.0,5453000000.0,0.0366,3633000000.0,0.050100002,0.06916,0.5693985415133471,29167000000.0,22565000000.0,41686000000.0,7232000000.0,16984000000.0,11019000000.0,20232300000.0,0.5220071267344002
ダイジェット工業,6138,機械,スタンダード（内国株式）,2025-03-31,大阪府,3093404416.0,0.37937263,,8.6075735,-18.548919306288123,0.2066,0.025562372,120.94,,-44.0724312926713,8793113000.0,219183000.0,0.00332,205422000.0,0.04038,0.04547,0.4975815269081181,8016245000.0,3513817000.0,8394425000.0,5314332000.0,1346849000.0,1659690000.0,1539963000.0,0.4978214267862479
旭ダイヤモンド工業,6140,機械,プライム（内国株式）,2025-03-31,東京都,43357810688.0,0.69436204,16.28738,17.907362,22.35091345510035,0.6203,0.036014404,48.36,53.17,40.562372581451704,41006000000.0,2312000000.0,0.03903,2493000000.0,0.07067,0.04583,0.8074812379667587,12772000000.0,6640000000.0,34456000000.0,2234000000.0,14752000000.0,10778000000.0,29228600000.0,0.6741253660229091
ＤＭＧ森精機,6141,機械,プライム（内国株式）,2024-12-31,東京都,404536852480.0,1.2372047,10.03023,52.618477,9.30906282128397,1.844,0.03663004,54.23,284.49,270.6414711554986,555007000000.0,43728000000.0,0.04118,7700000000.0,0.05574,0.03598,0.39435182248011763,481088000000.0,399420000000.0,317711000000.0,106450000000.0,41747000000.0,19296000000.0,-149869800000.0,-0.3704725517124783
ソディック,6143,機械,プライム（内国株式）,2024-12-31,神奈川県,52321787904.0,0.6220186,45.22767,11.905037,-7.448925695821993,0.3341,0.030114226,86.77,22.84,-90.27805011961253,73668000000.0,2233000000.0,0.03746,4115000000.0,0.07446,0.0726,0.581924644638017,60568000000.0,34440000000.0,101522000000.0,37153000000.0,47762000000.0,6657000000.0,45613900000.0,0.871795514398177
西部電機,6144,機械,スタンダード（内国株式）,2025-03-31,福岡県,44943253504.0,1.4394275,,13.646789,12.172978050312974,0.3854,0.02745098,218.0,,130.93582356447448,33352000000.0,3193000000.0,0.115600005,2350000000.0,0.09192,0.1075,0.6634849496886513,15618000000.0,11788000000.0,23409000000.0,416000000.0,8436000000.0,5571000000.0,11690700000.0,0.2601213550095904
ＮＩＴＴＯＫＵ,6145,機械,スタンダード（内国株式）,2025-03-31,埼玉県,42675564544.0,1.1220666,22.965855,16.805103,12.53352056081041,0.3389,0.021329988,150.49,110.12,151.88345446739942,33268000000.0,1120000000.0,0.15858,1307000000.0,0.067210004,0.06723,0.6023007531242242,23815000000.0,16328000000.0,41527000000.0,8033000000.0,14907000000.0,2999000000.0,19811300000.0,0.46423053125808933
ディスコ,6146,機械,プライム（内国株式）,2025-03-31,東京都,6227166756864.0,12.036358,42.198776,49.48729,69.97472302920407,0.35979998,0.007519338,1160.5,1360.94,777.2899982905251,393313000000.0,166834000000.0,0.42196,123891000000.0,0.3091,0.26512,0.7527316702518166,161387000000.0,160392000000.0,424502000000.0,,229167000000.0,3510000000.0,265572000000.0,0.042647324275886585
ヤマザキ,6147,機械,スタンダード（内国株式）,2025-03-31,静岡県,1437668992.0,1.1920968,,,-45.080904921007445,0.77459997,0.03076923,-22.13,,-7.441093596012486,3093870000.0,77791000.0,-0.08321,57305000.0,-0.03508,-0.07512,0.3583665507375456,2530098000.0,1867528000.0,2183228000.0,1961237000.0,847190000.0,186145000.0,-216568500.0,-0.15063863880010567
小田原エンジニアリング,6149,機械,スタンダード（内国株式）,2024-12-31,神奈川県,12530348032.0,0.7150801,11.84424,6.58132,7.069080801551891,0.1503,0.023009663,332.76,184.9,268.91259233204363,13175682000.0,1163982000.0,-0.08602,865129000.0,0.11449,0.10581,0.5891057826204357,11467650000.0,11203050000.0,21654620000.0,,10364627000.0,501741000.0,10538188700.0,0.8410132482423933
タケダ機械,6150,機械,スタンダード（内国株式）,2025-05-31,石川県,2964913408.0,0.57694364,,10.100852,8.021167513920613,0.2504,0.025039123,319.28,,464.5107399346761,4890771000.0,431529000.0,-0.01613,293670000.0,0.048649997,0.04388,0.6847483722513507,2401405000.0,1559083000.0,5267692000.0,1512075000.0,1478277000.0,107143000.0,2941287100.0,0.9920313666037427
日東工器,6151,機械,プライム（内国株式）,2025-03-31,東京都,34602790912.0,0.59873664,,67.70414,20.14125176128325,1.3889,0.020821918,27.31,,93.48995092209225,27256000000.0,2345000000.0,0.07063,1345000000.0,0.01901,0.00884,0.8733728699046618,8423000000.0,4174000000.0,38687000000.0,1586000000.0,20305000000.0,4123000000.0,33150100000.0,0.95801809987829
高松機械工業,6155,機械,スタンダード（内国株式）,2025-03-31,石川県,5341829632.0,0.33933604,,,-9.87318251711577,0.7161,0.02096436,-12.2,,-52.183042967794655,13893000000.0,-160000000.0,-0.04816,-645000000.0,-0.00968,-0.00825,0.7429693206720234,5624000000.0,3788000000.0,13404000000.0,1722000000.0,5355000000.0,1116000000.0,8561200000.0,1.6026718539869749
エーワン精密,6156,機械,スタンダード（内国株式）,2024-06-30,東京都,9337624576.0,1.3235468,,,48.07825256117234,8.5106,0.0,-44.11,,38.335117252310724,1601549000.0,164561000.0,0.09661,120523000.0,-0.13054,-0.02819,0.9152526099407611,758206000.0,210657000.0,6569229000.0,2903000.0,5917303000.0,873002000.0,6422124400.0,0.6877685376756788
日進工具,6157,機械,スタンダード（内国株式）,2025-03-31,東京都,21417732096.0,1.180282,5.082489,17.769682,17.551597752469984,0.6077,0.034324944,49.41,172.75,52.58999928104535,9431090000.0,1767267000.0,0.15999,1264700000.0,0.13226,0.06758,0.9234766880404134,1526021000.0,1301067000.0,13791530000.0,,9868215000.0,660233000.0,12727672100.0,0.5942586284556727
和井田製作所,6158,機械,スタンダード（内国株式）,2025-03-31,岐阜県,5791847936.0,0.56014,,19.00685,9.366299378036945,0.7487,0.03954802,46.72,,112.2433880606526,7554307000.0,709373000.0,0.08573,435087000.0,0.044850003,0.02831,0.8146708398282756,2247052000.0,1478558000.0,8794513000.0,744230000.0,4812270000.0,410023000.0,6834477100.0,1.1800166674817893
ミクロン精密,6159,機械,スタンダード（内国株式）,2025-08-31,山形県,9848018944.0,0.7240658,,12.908978,15.030554659462164,0.0769,0.0059722885,162.6,,87.40916468521557,5782372000.0,629600000.0,0.09052,782936000.0,0.13525,0.05788,0.8738948406666254,1931363000.0,1473713000.0,11054380000.0,329300000.0,6725372000.0,1831389000.0,10404989300.0,1.05655658860601
エスティック,6161,機械,スタンダード（内国株式）,2025-03-31,大阪府,10107415552.0,0.9766566,9.141724,8.834291,7.889490880783341,0.244,0.027833002,114.78,110.92,113.98962010969234,7881304000.0,1637412000.0,0.20737,1181838000.0,0.15012,0.11679,0.8608468132697182,1485826000.0,1160544000.0,8421127000.0,35302000.0,3360567000.0,277427000.0,7129499900.0,0.7053731849967575
パンチ工業,6165,機械,スタンダード（内国株式）,2025-03-31,東京都,13685451776.0,0.6505108,4.9110675,10.980999,-18.04566087978634,0.4172,0.03831643,45.26,101.2,-23.59725175854736,40822000000.0,1686000000.0,0.05802,868000000.0,0.02935,0.05885,0.6674855929633,10936000000.0,8668000000.0,23518000000.0,3101000000.0,6495000000.0,1248000000.0,13455600000.0,0.9832046628958871
中村超硬,6166,機械,グロース（内国株式）,2025-03-31,大阪府,3019726336.0,2.9987304,3.4228606,16.636309,25.991063682206303,0.0,0.0,16.47,80.05,13.081419219974704,2640960000.0,7776000.0,-0.05389,-32793000.0,0.07199,0.19847,0.15308051561966046,4535347000.0,3291986000.0,2458717000.0,2923515000.0,1308830000.0,1572000.0,-2075529600.0,-0.6873237403192287
冨士ダイス,6167,機械,プライム（内国株式）,2025-03-31,東京都,18795509760.0,0.95237815,15.660686,51.39186,18.437693831241837,2.1378999,0.044792835,18.68,61.3,35.703219730455295,16595000000.0,488000000.0,0.03402,426000000.0,0.022230001,0.01841,0.8103347263992501,4856000000.0,3395000000.0,14909000000.0,68000000.0,6945000000.0,183000000.0,10181100000.0,0.5416772479173239
土木管理総合試験所,6171,サービス業,スタンダード（内国株式）,2024-12-31,長野県,6157473792.0,1.265194,13.659306,17.271639,22.39629618880786,0.47849998,0.02877698,25.07,31.7,13.369999844534068,7346050000.0,581077000.0,0.049089998,362559000.0,0.04946,0.077649996,0.6932903230028772,2155770000.0,1282304000.0,4027337000.0,671347000.0,2270637000.0,353829000.0,2119247300.0,0.3441747982351786
アクアライン,6173,サービス業,グロース（内国株式）,2025-02-28,広島県,1906370560.0,-7.6619377,1.5055884,,-4.390073046373135,0.0,0.0,-169.51,152.1,-123.68814693154144,3462536000.0,-399566000.0,-0.10944,-346761000.0,-0.31182,,-0.5339760633436745,1258882000.0,1186155000.0,727264000.0,452784000.0,74428000.0,,-531618000.0,-0.2788639371350762
ブランジスタ,6176,サービス業,スタンダード（内国株式）,2025-09-30,東京都,9751277568.0,1.4991764,12.949907,14.024512,15.577510845232835,0.0,0.0,49.77,53.9,44.38655666753664,5196705000.0,1151711000.0,0.28982002,656915000.0,0.12625,0.14591,0.6791563758670207,2691830000.0,1166864000.0,3756008000.0,758734000.0,1767883000.0,4759112000.0,4395556400.0,0.4507672322265291
ＡｐｐＢａｎｋ,6177,サービス業,グロース（内国株式）,2024-12-31,東京都,3197293568.0,2.9165812,,,-1.8237806912136594,0.0,0.0,-15.22,,-49.34803862854162,994440000.0,-235096000.0,-1.62821,-239323000.0,-0.85918,-4.78409,0.2513637363183021,211075000.0,211075000.0,245860000.0,,70832000.0,,34785000.0,0.010879513957724886
日本郵政,6178,サービス業,プライム（内国株式）,2025-03-31,東京都,5122060976128.0,0.5539213,14.576638,14.714947,18.043800581473413,0.4054,0.027382256,123.31,124.48,80.25999999452756,11468366000000.0,,0.09085,370564000000.0,0.03243,0.04226,0.03058912204080548,281860113000000.0,,,3418135000000.0,67122254000000.0,191554546000000.0,,
ＧＭＯメディア,6180,サービス業,グロース（内国株式）,2024-12-31,東京都,9845804032.0,3.2081475,,14.284227,13.702121628382361,0.42430001,0.029528985,384.34,,204.5799918922163,6606247000.0,762559000.0,0.13923,571353000.0,0.10374,0.25658,0.47989017143106605,3049949000.0,3015246000.0,4772239000.0,24611000.0,1753457000.0,206459000.0,1866811300.0,0.1896047589341254
タメニー,6181,サービス業,グロース（内国株式）,2025-03-31,東京都,3725986304.0,20.308125,6.338798,,802.5350752378207,0.0,0.0,-32.53,18.3,0.13208145446924957,5909037000.0,-56208000.0,0.02776,-848709000.0,-0.042290002,-1.22481,-0.19358259004746797,4284459000.0,2344093000.0,2292032000.0,3406062000.0,1375950000.0,,-1992427000.0,-0.5347381437932414
メタリアル,6182,サービス業,グロース（内国株式）,2025-02-28,東京都,5204258304.0,2.756489,20.254236,169.50356,36.06757732034036,0.0,0.0,2.82,23.6,49.12999795527375,4084762000.0,117322000.0,0.03128,299068000.0,0.007929999,0.01762,0.3976484955562977,2963364000.0,2120879000.0,3645664000.0,1684228000.0,2903833000.0,53030000.0,719421000.0,0.13823698939905654
ベルシステム２４ホールディングス,6183,サービス業,プライム（内国株式）,2025-02-28,東京都,110551490560.0,1.5276084,12.771623,12.512623,15.959082720782822,0.5052,0.04178273,118.84,116.43,102.04999987421273,143607000000.0,11587000000.0,0.08279,8003000000.0,0.06083,0.12753001,0.4022635927367799,103576000000.0,57413000000.0,28042000000.0,54046000000.0,6992000000.0,7339000000.0,-70396700000.0,-0.6367774838982687
鎌倉新書,6184,サービス業,プライム（内国株式）,2025-01-31,東京都,23580000256.0,6.6256213,21.855669,28.005285,41.76341924207715,0.8799,0.032894738,22.71,29.1,14.019999869510137,7061312000.0,910917000.0,0.1464,687402000.0,0.11525,0.27224,0.6853077457976919,1615609000.0,1145232000.0,3452752000.0,67378000.0,2085473000.0,458273000.0,2157934100.0,0.09151544005818692
ＳＭＮ,6185,サービス業,スタンダード（内国株式）,2025-03-31,東京都,6889332736.0,1.6786896,,14.586559,-5.537410067354209,0.0,0.0,32.29,,-70.7912174160688,11640954000.0,239157000.0,0.03795,291745000.0,0.039979998,0.121300004,0.6674631844601385,1982930000.0,1860009000.0,4377902000.0,76005000.0,2476134000.0,,2394972000.0,0.34763482789634276
一蔵,6186,サービス業,スタンダード（内国株式）,2025-03-31,埼玉県,2106292992.0,0.5850818,2.478855,,4.884718665450225,0.36400002,0.036842104,-7.07,153.7,114.1289710259452,19932772000.0,123353000.0,-0.07021,-96945000.0,-0.00195,-0.0101499995,0.21882792487553268,15624093000.0,12840905000.0,10289794000.0,5973691000.0,4766169000.0,100000000.0,-5264299000.0,-2.499319429915285
グローバルキッズＣＯＭＰＡＮＹ,6189,サービス業,スタンダード（内国株式）,2025-09-30,東京都,7479556608.0,0.9695414,,102.741516,23.722397824620245,5.2356,0.052980132,7.66,,27.139999567456258,26997000000.0,858000000.0,0.03341,72000000.0,0.0026699998,0.0091,0.38438154091498056,12353000000.0,4805000000.0,6612000000.0,6687000000.0,2641000000.0,27000000.0,-5722100000.0,-0.7650319798208017
フェニックスバイオ,6190,サービス業,グロース（内国株式）,2025-03-31,広島県,1994396032.0,1.4452146,,,69.53344131473197,0.0,0.0,-77.06,,6.975061076075974,1541388000.0,-142075000.0,-0.05056,-448933000.0,-0.20676,-0.20372,0.5974624366943766,919936000.0,566623000.0,1717435000.0,565364000.0,1149390000.0,9397000.0,804076900.0,0.40316812062329654
エアトリ,6191,サービス業,プライム（内国株式）,2025-09-30,東京都,17481426944.0,1.1463232,8.727313,9.840828,14.122546943807816,0.1263,0.013245033,79.16,89.26,89.58043381761503,28104000000.0,3105000000.0,0.113900006,1779000000.0,0.0633,0.12503,0.47438330170777987,15638000000.0,12363000000.0,23677000000.0,4432000000.0,12112000000.0,2307000000.0,9653900000.0,0.5522375279160735
バーチャレクス・ホールディングス,6193,サービス業,グロース（内国株式）,2025-03-31,東京都,2888727552.0,1.5846001,,13.690952,13.496215794184069,0.2001,0.014925373,74.94,,68.43999705727316,6488911000.0,279247000.0,0.06909,111005000.0,0.0317,0.12198,0.4683050477723239,2013264000.0,1600083000.0,2679051000.0,1037360000.0,1365456000.0,449038000.0,980113600.0,0.3392890407132448
アトラエ,6194,サービス業,プライム（内国株式）,2025-09-30,東京都,15978997760.0,3.171252,12.704175,14.193026,29.93683499497318,0.6283,0.030129125,49.32,55.1,27.948969036202413,7634032000.0,1853357000.0,0.22650999,1171609000.0,0.08525,0.13502,0.7200215240811741,2020874000.0,2020872000.0,5034006000.0,500000000.0,4160593000.0,1101394000.0,3784107800.0,0.23681759374625508
ホープ,6195,サービス業,グロース（内国株式）,2025-03-31,福岡県,3230706176.0,3.2514453,19.911505,10.264599,13.93596999217154,0.0,0.0,21.92,11.3,15.929999858259409,3140691000.0,291628000.0,0.11085,358008000.0,0.10278,0.35044998,0.5385590190874882,995272000.0,965159000.0,1804876000.0,139720000.0,977609000.0,5792000.0,813658400.0,0.2518515629940096
ストライク,6196,サービス業,プライム（内国株式）,2025-09-30,東京都,82283831296.0,3.831966,12.038884,17.422241,16.925248587040166,0.73230004,0.04347826,245.95,355.93,258.0399981023266,20314153000.0,6332320000.0,0.37844002,4719993000.0,0.2323,0.23629,0.8671965857656806,3288631000.0,3036412000.0,21150281000.0,,20149284000.0,826717000.0,18440351900.0,0.22410662714117477
ソラスト,6197,サービス業,プライム（内国株式）,2025-03-31,東京都,78980374528.0,3.3269432,20.233644,18.208578,21.159324215187702,0.4416,0.024054984,47.56,42.8,24.10999996805986,137435000000.0,7017000000.0,0.05307,3960000000.0,0.03153,0.19304001,0.323580181748149,47415000000.0,22362000000.0,31166000000.0,23076000000.0,14004000000.0,409000000.0,-15962700000.0,-0.20210970251022206
キャリア,6198,サービス業,グロース（内国株式）,2025-09-30,東京都,2190057472.0,1.2002966,3.0991983,,13.010898503508091,0.0,0.0,-17.65,83.57,29.360001532330948,14935902000.0,-9117000.0,-0.00056,-150151000.0,-0.010039999,-0.07823,0.42789469029790583,2451862000.0,2049769000.0,3459819000.0,914890000.0,1860624000.0,,1007957000.0,0.4602422597976461
セラク,6199,サービス業,スタンダード（内国株式）,2025-08-31,東京都,22419388416.0,2.5208807,9.6907215,13.337538,12.039948316949998,0.103999995,0.008576998,126.86,174.6,114.08999932156476,24776494000.0,2550693000.0,0.08695,1709688000.0,0.06898,0.20513001,0.6681588485910293,4421563000.0,4283083000.0,10911126000.0,27798000.0,7765946000.0,550192000.0,6874697400.0,0.30664071973942647
インソース,6200,サービス業,プライム（内国株式）,2025-09-30,東京都,72721342464.0,5.8242373,15.04517,17.594473,25.344636294507527,0.50810003,0.029308323,49.22,57.56,39.9800002130121,14510945000.0,5978600000.0,0.43543997,4130091000.0,0.28463,0.36842,0.7732201380840364,3662368000.0,3592701000.0,10200841000.0,,8191258000.0,96648000.0,6606126600.0,0.09084164807972707
豊田自動織機,6201,輸送用機器,プライム（内国株式）,2025-03-31,愛知県,5468624257024.0,1.0202662,18.737001,26.670965,20.847977899359247,0.2051,0.007777778,682.39,971.34,736.860000993053,4084984000000.0,221695000000.0,-0.01393,262312000000.0,0.0499,0.04112,0.5215819545974517,4388235000000.0,1622284000000.0,3109426000000.0,1730082000000.0,378455000000.0,4081905000000.0,1578524500000.0,0.2886511169555148
豊和工業,6203,機械,スタンダード（内国株式）,2025-03-31,愛知県,16851353600.0,0.87010664,14.03015,54.637966,-11.12260628057281,0.78220004,0.016051365,25.55,99.5,-72.42367100904508,24827000000.0,1253000000.0,-0.0076,749000000.0,0.0119,0.01663,0.5502334733194326,15315000000.0,8416000000.0,21604000000.0,7968000000.0,2917000000.0,6530000000.0,10860000000.0,0.6444586148853941
石川製作所,6208,機械,スタンダード（内国株式）,2025-03-31,石川県,10204222464.0,1.8837401,,30.123365,33.71197100921745,0.1841,0.006591958,54.31,,39.4980286415263,16203896000.0,692602000.0,0.060760003,423589000.0,0.01962,0.06466,0.25844544111445505,15453383000.0,13136089000.0,15992226000.0,8988328000.0,932830000.0,1414462000.0,1528966400.0,0.14983663923381904
リケンＮＰＲ,6209,機械,プライム（内国株式）,2025-03-31,東京都,98069889024.0,0.67056334,,8.3497505,2.648603959608694,0.3092,0.037037037,436.54,,1088.8299793062743,170340000000.0,11810000000.0,0.07536,8756000000.0,0.070989996,0.08324,0.6631240156132302,64376000000.0,35726000000.0,105376000000.0,19337000000.0,28021000000.0,37109000000.0,66976300000.0,0.6829445884619012
ＴＯＹＯイノベックス,6210,機械,スタンダード（内国株式）,2025-03-31,兵庫県,13822927872.0,0.82712585,7.2502685,,-11.198643337571571,7.3198,0.05287009,-7.36,93.1,-62.97445443447552,27024000000.0,-522000000.0,0.01878,-845000000.0,-0.00541,-0.00596,0.5683388704318937,12444000000.0,9156000000.0,21328000000.0,3480000000.0,4829000000.0,976000000.0,9567200000.0,0.6921254374320734
津田駒工業,6217,機械,スタンダード（内国株式）,2024-11-30,石川県,3532325120.0,1.7089105,2.5239615,,-1.9174718860353128,0.0,0.0,-5.77,219.1,-195.04849209200466,36445000000.0,398000000.0,-0.02605,488000000.0,-0.00151,-0.02173,0.08974613248710829,27406000000.0,20386000000.0,19140000000.0,12454000000.0,2937000000.0,349000000.0,-8021700000.0,-2.270940450691017
エンシュウ,6218,機械,スタンダード（内国株式）,2025-03-31,静岡県,3410563072.0,0.34010398,,,19.019024605353863,0.36990002,0.017825311,-248.56,,35.05399266562615,21886000000.0,-705000000.0,-0.0017499999,-2261000000.0,-0.07777,-0.14525,0.3480813095397826,19435000000.0,9420000000.0,15249000000.0,11798000000.0,4440000000.0,13000000.0,-4176900000.0,-1.2246951344461166
島精機製作所,6222,機械,プライム（内国株式）,2025-03-31,和歌山県,34926002176.0,0.44269538,16.357927,,45.466245234797626,0.3351,0.01476378,-332.28,63.7,29.840000236402332,32520000000.0,-11915000000.0,-0.050970003,-14275000000.0,-0.32028,-0.1377,0.7817816005231125,21667000000.0,17632000000.0,74205000000.0,9981000000.0,14129000000.0,6115000000.0,56818500000.0,1.6268251863949033
西部技研,6223,機械,スタンダード（内国株式）,2024-12-31,福岡県,34767998976.0,1.1299179,,10.41897,8.870235437146633,0.4301,0.04191617,162.78,,180.09385036452863,32069000000.0,4031000000.0,0.1579,3336000000.0,0.10909,0.113479994,0.6989601588970674,12838000000.0,11667000000.0,30710000000.0,1524000000.0,14442000000.0,501000000.0,18222700000.0,0.524122771994412
ＪＲＣ,6224,機械,グロース（内国株式）,2025-02-28,大阪府,18038990848.0,3.434817,,15.945823,13.214344401465153,0.3073,0.019382628,87.86,,62.1899977676537,11064571000.0,1378021000.0,0.06992,1078667000.0,0.09517,0.25226,0.35453561361616903,8400260000.0,5657748000.0,7455580000.0,4628927000.0,2431302000.0,216862000.0,-792876600.0,-0.04395348978670317
守谷輸送機工業,6226,機械,スタンダード（内国株式）,2025-03-31,神奈川県,88140136448.0,6.866406,71.02273,26.111023,13.188227430754143,0.25059998,0.0,191.49,70.4,97.31999832603599,19435433000.0,4092941000.0,0.23214,2840888000.0,0.16048001,0.29472,0.6682545527525938,5702754000.0,4962623000.0,12726158000.0,28438000.0,5812420000.0,1091710000.0,7787601000.0,0.08835476451292366
ＡＩメカテック,6227,機械,スタンダード（内国株式）,2025-06-30,茨城県,38849245184.0,3.6297536,24.929634,113.9287,121.39350693089564,0.8303,0.009137056,54.42,248.7,19.109999312442298,21005577000.0,2095320000.0,0.02881,337742000.0,0.04343,0.09551,0.39677492748102144,16512396000.0,12804041000.0,23649107000.0,8435304000.0,3647468000.0,,7136711000.0,0.18370269399569294
ジェイ・イー・ティ,6228,機械,スタンダード（内国株式）,2024-12-31,岡山県,9634742272.0,0.98223543,,,25.428335512335234,0.2475,0.008708273,-185.08,,139.81950157692856,17880000000.0,789000000.0,-0.017380001,318000000.0,-0.17974001,-0.23634,0.4891138048723079,13023000000.0,8575000000.0,23824000000.0,7638000000.0,2887000000.0,,10801000000.0,1.1210471121152166
オーケーエム,6229,機械,スタンダード（内国株式）,2025-03-31,滋賀県,8396204544.0,0.8134833,,12.267365,13.700410076511517,0.2622,0.022740193,152.6,,112.49999174479213,10438263000.0,783574000.0,0.05988,553410000.0,0.06286,0.068119995,0.7834027699121477,2851245000.0,2298227000.0,8744524000.0,802917000.0,2055771000.0,243378000.0,6063643600.0,0.7221886470516171
ＳＡＮＥＩ,6230,機械,スタンダード（内国株式）,2025-03-31,大阪府,10350514176.0,0.71525913,6.703232,8.442868,6.611897297893226,0.2315,0.027815163,267.8,337.3,294.5627686979711,28465447000.0,1883799000.0,0.06041,1254463000.0,0.04237,0.08297,0.5828050276420175,9677716000.0,6976134000.0,15618110000.0,2795547000.0,2155225000.0,484999000.0,6279893300.0,0.6067228345584366
木村工機,6231,機械,スタンダード（内国株式）,2025-03-31,大阪府,46001016832.0,3.606509,15.922545,15.446648,8.018454592907457,0.1436,0.0,835.78,810.8,576.9868638830111,16042155000.0,3675847000.0,0.26348,2496235000.0,0.17483999,0.25892,0.5301548566082428,10425657000.0,4003030000.0,10689494000.0,4555534000.0,1598420000.0,67400000.0,311017000.0,0.0067610896762535285
ＡＣＳＬ,6232,機械,グロース（内国株式）,2024-12-31,東京都,20220579840.0,18.043003,-21.604479,,-4.64350222358534,0.0,0.0,-109.15,-53.6,-197.0495449216153,2655602000.0,-2293222000.0,-2.2005,-2371396000.0,-0.96221,-1.7248399,0.04256212500758778,4368655000.0,2129691000.0,3877782000.0,3559059000.0,1243580000.0,197577000.0,-352569100.0,-0.0174361518210548
ＫＬＡＳＳ,6233,機械,スタンダード（内国株式）,2025-09-30,兵庫県,2117284608.0,0.69079477,6.891892,12.706322,28.19058552352595,0.31129998,0.024570024,32.11,59.2,14.148412062275792,9569361000.0,267516000.0,0.0187,172739000.0,0.017970001,0.057340004,0.31355006608329306,6713017000.0,4165280000.0,5322606000.0,3865602000.0,1308567000.0,292622000.0,-1185575600.0,-0.559950984161691
オプトラン,6235,機械,プライム（内国株式）,2024-12-31,埼玉県,79725133824.0,1.4867479,11.40576,20.212229,14.857091399981018,0.5353,0.027647365,98.95,175.35,104.26000113406562,32405837000.0,6570315000.0,0.17465,6351442000.0,0.0962,0.04994,0.7206418350076877,22437924000.0,14766410000.0,54571573000.0,5063284000.0,32531102000.0,430562000.0,32435042400.0,0.4068358476713643
イワキポンプ,6237,機械,プライム（内国株式）,2025-03-31,東京都,57455554560.0,1.507703,11.43993,12.468708,13.564148527504843,0.3516,0.028023032,207.72,226.4,202.31784409796563,45763291000.0,5845158000.0,0.12584,4468172000.0,0.10005,0.12566,0.6996349842699511,16040846000.0,12105740000.0,37405328000.0,2757011000.0,8801530000.0,2161607000.0,22877606900.0,0.39817920260623796
フリュー,6238,機械,プライム（内国株式）,2025-03-31,東京都,28226269184.0,1.2526249,9.571697,15.232923,12.878270053443364,0.5572,0.036654137,69.98,111.37,94.21653236268354,44305986000.0,2239490000.0,0.09607001,1627341000.0,0.04191,0.08417,0.7977108961086251,5686443000.0,5362082000.0,22393180000.0,278403000.0,11733051000.0,14477000.0,16716870900.0,0.5922451455070769
ナガオカ,6239,機械,スタンダード（内国株式）,2025-06-30,大阪府,10357094400.0,1.416251,,10.617302,9.839782076825836,0.252,0.02417127,138.83,,166.60961909014617,8917041000.0,1519853000.0,-0.07476,970374000.0,0.09535,0.11061,0.7490058016767139,2515879000.0,2381433000.0,7700966000.0,231106000.0,2519603000.0,152200000.0,5291627000.0,0.5109181007368244
ヤマシンフィルタ,6240,機械,プライム（内国株式）,2025-03-31,神奈川県,41844359168.0,1.8718134,27.888632,24.04962,40.3481770250173,0.5998,0.025210084,24.99,21.55,11.009999997760435,20104378000.0,2630363000.0,0.13711001,1723239000.0,0.08601,0.07951,0.8490018919391442,4022968000.0,3389226000.0,14434181000.0,319533000.0,6014576000.0,,10411213000.0,0.2488080402474381
ヒラノテクシード,6245,機械,スタンダード（内国株式）,2025-03-31,奈良県,26204270592.0,0.6729397,11.131833,27.865421,11.863414539970423,1.4003,0.05190931,62.12,155.5,161.68999474034183,48355528000.0,1681555000.0,0.05203,905898000.0,0.02229,0.0242,0.6198492250940094,23452752000.0,22505509000.0,48505434000.0,6836550000.0,11755531000.0,4481501000.0,28189732700.0,1.0757686462223508
テクノスマート,6246,機械,スタンダード（内国株式）,2025-03-31,大阪府,23234105344.0,1.113628,,9.881248,13.076189556361168,0.4007,0.0,204.63,,146.73515446267987,21578662000.0,3512489000.0,0.16865,2390888000.0,0.10981,0.14821,0.6018462705692575,12987355000.0,10096165000.0,25217324000.0,2000000000.0,6896070000.0,1908069000.0,13565617300.0,0.5838665659447567
日阪製作所,6247,機械,プライム（内国株式）,2025-03-31,大阪府,41544425472.0,0.692488,30.95005,10.379032,11.129663732409895,0.3351,0.033246413,152.23,51.05,85.79753971654975,38353000000.0,2931000000.0,0.099300005,3782000000.0,0.09859,0.070199996,0.7212474454937906,22678000000.0,14779000000.0,38651000000.0,5000000000.0,12914000000.0,12387000000.0,24643900000.0,0.5931939055604326
横田製作所,6248,機械,スタンダード（内国株式）,2025-03-31,広島県,3135136000.0,1.0814574,,10.077519,8.764988690564218,0.447,0.0,167.7,,146.03420544713703,2276777000.0,455938000.0,0.12398,319468000.0,0.13847,0.11129,0.8050146427723391,707021000.0,592950000.0,2816826000.0,4534000.0,2089181000.0,,2109805000.0,0.672954857460729
ゲームカードホールディングス,6249,機械,スタンダード（内国株式）,2025-03-31,東京都,42910371840.0,0.7081309,4.136253,8.992859,4.737928756207833,0.2938,0.03423485,340.27,739.8,526.5299985410586,37946000000.0,9017000000.0,0.25364,6586000000.0,0.16445999,0.07989,0.8744292237442922,8415000000.0,6022000000.0,57430000000.0,397000000.0,11303000000.0,7434000000.0,54218800000.0,1.263536009479614
やまびこ,6250,機械,プライム（内国株式）,2024-12-31,東京都,129274691584.0,1.1531303,9.616555,9.701286,6.272835845581417,0.2917,0.032390043,325.73,328.6,218.9597057578219,164838000000.0,19638000000.0,0.114829995,15889000000.0,0.08166,0.13452,0.6891429525160644,48425000000.0,34236000000.0,113711000000.0,14479000000.0,15769000000.0,3908000000.0,68021600000.0,0.5261787838480433
野村マイクロ・サイエンス,6254,機械,プライム（内国株式）,2025-03-31,神奈川県,117627625472.0,3.1946669,13.155654,10.3178835,24.312776398518565,0.26709998,0.026402641,299.48,234.88,209.6999979182512,96359952000.0,15372162000.0,0.11590999,10199642000.0,0.11191,0.35914,0.3169458707823749,79769206000.0,78894628000.0,108990341000.0,53203241000.0,17330150000.0,846167000.0,29813451900.0,0.25345620793048124
エヌ・ピー・シー,6255,機械,グロース（内国株式）,2025-08-31,東京都,14227779584.0,1.357215,7.9254074,11.078527,13.987153709212619,0.16299999,0.014265335,61.38,85.8,77.81000171498285,9272037000.0,1920457000.0,0.23945999,1325483000.0,0.1429,0.12915,0.8392194515649066,2075924000.0,1972677000.0,9649605000.0,,6421790000.0,,7573681000.0,0.5323164415983126
藤商事,6257,機械,スタンダード（内国株式）,2025-03-31,大阪府,22807760896.0,0.5197404,10.167911,,7.236923132307197,0.4477,0.0503663,-202.73,107.2,174.3449930874579,34597000000.0,3192000000.0,-0.25618,2568000000.0,-0.23115999,-0.09187999,0.8797630242618018,6393000000.0,4573000000.0,32425000000.0,,21551000000.0,9719000000.0,32835300000.0,1.4396546925287443
平田機工,6258,機械,プライム（内国株式）,2025-03-31,熊本県,78555054080.0,1.113782,4.206504,12.287425,18.136837012009234,0.1916,0.049689442,208.75,609.77,139.42333167095964,88483792000.0,6898152000.0,0.1322,4778142000.0,0.06838,0.09268,0.5266540484735792,61439291000.0,43295311000.0,88035288000.0,34166854000.0,12882428000.0,2738741000.0,28513115700.0,0.3629698436839266
ＰＥＧＡＳＵＳ,6262,機械,スタンダード（内国株式）,2025-03-31,大阪府,18099791872.0,0.61079264,7.817994,16.44193,-174.3000777890287,0.39119998,0.023746701,45.98,96.7,-2.9340253594589156,22040325000.0,1573460000.0,0.022349998,964908000.0,0.049650002,0.039619997,0.7000735262576687,12754160000.0,7775074000.0,31074543000.0,6740666000.0,9456876000.0,513463000.0,18679807100.0,1.0320454087042443
マルマエ,6264,機械,プライム（内国株式）,2025-08-31,鹿児島県,28920680448.0,3.4835765,21.628788,21.339811,941.363750378603,0.3734,0.017459625,107.03,105.6,1.5489458345666083,11403403000.0,2103905000.0,0.16517,1355987000.0,0.107880004,0.19094999,0.3206299020203634,17271929000.0,4623210000.0,10477608000.0,13531086000.0,4252863000.0,,-6794321000.0,-0.2349295000930678
コンバム,6265,機械,スタンダード（内国株式）,2024-12-31,東京都,3663250688.0,0.6196297,,14.86028,11.23881012656588,0.3086,0.021159543,162.11,,152.56862604011945,1850703000.0,303608000.0,0.15126,248000000.0,0.12863,0.04162,0.9319411468213429,390987000.0,234138000.0,3657154000.0,,2801000000.0,579744000.0,3671987800.0,1.0023850707320197
タツモ,6266,機械,プライム（内国株式）,2024-12-31,岡山県,32715106304.0,1.2645718,7.883543,8.627795,16.92033448950078,0.1259,0.01594203,262.06,286.8,161.3494215102348,35865084000.0,5917269000.0,0.18456,4247495000.0,0.113170005,0.17673999,0.49137960155359733,24557963000.0,17696367000.0,40731106000.0,8815364000.0,10343286000.0,26271000.0,16191532700.0,0.49492526631406053
ゼネラルパッカー,6267,機械,スタンダード（内国株式）,2024-07-31,愛知県,6799504384.0,0.9450319,,8.920312,6.605362215729716,0.24229999,0.026796589,454.02,,375.2964135860247,9853840000.0,1000223000.0,0.053629998,721008000.0,0.07703,0.11618,0.5777939659753775,5024959000.0,4588784000.0,9047356000.0,245631000.0,3057548000.0,89091000.0,4084760700.0,0.6007438879827627
ナブテスコ,6268,機械,プライム（内国株式）,2024-12-31,東京都,473632473088.0,1.7748591,37.319244,38.96632,22.530991226705822,0.77349997,0.020217337,103.32,107.88,121.22777060513931,323384000000.0,14788000000.0,0.067779996,10119000000.0,0.05105,0.05747,0.6062094877273625,158266000000.0,117111000000.0,229083000000.0,45837000000.0,74476000000.0,14648000000.0,81070600000.0,0.17116773998082102
三井海洋開発,6269,機械,プライム（内国株式）,2024-12-31,東京都,1008024944640.0,4.760785,40.540913,26.671728,1470.5962496519069,0.2078,5.261194e-05,553.02,363.83,1.5455899069789782,4186461000.0,168896000.0,0.09036,220405000.0,0.06491,0.27215,0.2625142578332185,3298183000.0,2734850000.0,2410745000.0,514434000.0,1253276000.0,14702000.0,-877146600.0,-0.0008701635853994257
レオン自動機,6272,機械,プライム（内国株式）,2025-03-31,栃木県,40184893440.0,1.0041201,9.3689165,10.834361,10.73940003600522,0.36310002,0.033738192,137.71,159.25,136.71999986607645,39214430000.0,5298159000.0,0.15484,3889835000.0,0.09402,0.09693,0.7862153637428166,10527269000.0,8867041000.0,29073703000.0,1418782000.0,15777876000.0,1953777000.0,19914077900.0,0.49556129667815785
ＳＭＣ,6273,機械,プライム（内国株式）,2025-03-31,東京都,3890977964032.0,1.9761624,18.765686,24.964546,29.864659853354343,0.4047,0.017397355,2467.9,3283.12,2766.920012006057,792108000000.0,190245000000.0,0.23150998,156344000000.0,0.19734,0.08169,0.9178933218200781,172462000000.0,135639000000.0,1421842000000.0,5041000000.0,655779000000.0,145267000000.0,1351066900000.0,0.3472306737507107
シリウスビジョン,6276,電気機器,スタンダード（内国株式）,2024-12-31,神奈川県,1542069632.0,0.8477562,,,17.02424752820891,0.731,0.030303031,-160.92,,19.60725168625446,2314764000.0,-112427000.0,-0.16934,-162606000.0,-0.35256,-0.3052,0.774033319054812,645595000.0,482611000.0,2242399000.0,90861000.0,1015272000.0,446107000.0,1909078900.0,1.23799785715513
ホソカワミクロン,6277,機械,プライム（内国株式）,2025-09-30,大阪府,87084130304.0,1.2955285,12.862083,19.453346,11.404148307243364,0.3923,0.021390375,305.86,462.6,370.8900004067826,77994000000.0,7051000000.0,0.0692,4527000000.0,0.05804,0.07027,0.6542916658555104,35516000000.0,28920000000.0,67013000000.0,1285000000.0,31942000000.0,2947000000.0,33559900000.0,0.38537331523948753
ユニオンツール,6278,機械,プライム（内国株式）,2024-12-31,東京都,156337192960.0,2.056,23.509546,27.839302,18.17634413939541,0.3693,0.013856813,325.08,384.95,178.11570945246814,32606000000.0,6878000000.0,0.24734,5283000000.0,0.16867,0.087460004,0.9273677136299658,5728000000.0,5032000000.0,41205000000.0,,17976000000.0,10788000000.0,43028600000.0,0.27522945234797186
瑞光,6279,機械,プライム（内国株式）,2025-02-28,大阪府,26373996544.0,0.7793293,4.114002,112.16216,34.42605611349931,1.2458,0.0107421875,8.88,242.1,52.100000309834314,19950779000.0,-307043000.0,0.05021,-788076000.0,0.01814,0.01101,0.6537842061215576,18116149000.0,14961174000.0,35526550000.0,7572650000.0,15324753000.0,651675000.0,17866573500.0,0.6774314037007254
オイレス工業,6282,機械,プライム（内国株式）,2025-03-31,神奈川県,71471071232.0,0.9335544,,12.426575,11.792252913492632,0.45580003,0.0381033,197.48,,177.79000273438166,67604000000.0,6948000000.0,0.09277,6308000000.0,0.0864,0.07612,0.8160045415109093,16517000000.0,13496000000.0,59319000000.0,1358000000.0,25203000000.0,7545000000.0,48083500000.0,0.6727687044722984
日精エー・エス・ビー機械,6284,機械,プライム（内国株式）,2025-09-30,長野県,97142382592.0,1.6496125,15.774099,12.551815,12.225003477972678,0.38729998,0.031847134,516.26,410.8,385.52000471243,43654000000.0,10641000000.0,0.20028,7740000000.0,0.17729999,0.13863,0.7512438445640803,19442000000.0,12891000000.0,61477000000.0,6117000000.0,32469000000.0,775000000.0,42577500000.0,0.438299935248926
靜甲,6286,機械,スタンダード（内国株式）,2025-03-31,静岡県,8996416512.0,0.54016304,16.292398,8.610991,6.0434070850916655,0.136,0.015918959,161.77,85.5,120.53338485316847,40099518000.0,1429134000.0,0.04201,1045444000.0,0.02733,0.073309995,0.5761826564849645,11731423000.0,10204132000.0,15544587000.0,2867632000.0,7095998000.0,2736492000.0,5728708400.0,0.6367766979617584
サトー,6287,機械,プライム（内国株式）,2025-03-31,東京都,78176051200.0,0.9792937,10.273038,10.891492,19.927024203623553,0.3439,0.03228547,221.09,234.4,109.9999996914446,154807000000.0,12341000000.0,0.06786,7151000000.0,0.04571,0.09413,0.5477435835056562,59521000000.0,41677000000.0,91558000000.0,19490000000.0,27432000000.0,163000000.0,32151100000.0,0.41126533646150704
技研製作所,6289,機械,プライム（内国株式）,2025-08-31,高知県,54080401408.0,1.3904831,21.548412,38.30399,18.909610693774123,0.78940004,0.022323694,55.66,98.94,90.9747894560779,26337000000.0,2566000000.0,0.15089,1487000000.0,0.07399,0.052649997,0.8421096640675627,7553000000.0,6747000000.0,23849000000.0,1024000000.0,8585000000.0,2220000000.0,17850000000.0,0.33006411815130293
日本エアーテック,6291,機械,スタンダード（内国株式）,2024-12-31,東京都,12295254016.0,1.2614245,,10.439419,15.80893593879933,0.43,0.005942275,116.29,,70.75999694853732,13522174000.0,1098237000.0,-0.05412,1137376000.0,0.0043599997,0.00332,0.7725322421619591,4211099000.0,3597502000.0,11865846000.0,543470000.0,2748627000.0,516895000.0,8016573500.0,0.6520055209569409
カワタ,6292,機械,スタンダード（内国株式）,2025-03-31,大阪府,5546593280.0,0.42745027,,9.824301,7.334804549829705,0.4889,0.050190598,80.82,,133.10267476927578,20766991000.0,984441000.0,-0.0107700005,576134000.0,0.02812,0.04289,0.522304056145884,11824252000.0,7482790000.0,18524916000.0,6110789000.0,6866390000.0,479421000.0,7036258700.0,1.2685730402067628
日精樹脂工業,6293,機械,プライム（内国株式）,2025-03-31,長野県,17216528384.0,0.4426639,7.452123,,-42.39470570688437,8.9286,0.040677965,-42.18,120.1,-26.117987749519134,47493000000.0,442000000.0,-0.07206,76000000.0,-0.01691,-0.019809999,0.4844181824489182,44586000000.0,31362000000.0,60491000000.0,30517000000.0,6750000000.0,2181000000.0,17431700000.0,1.0124979677203663
オカダアイヨン,6294,機械,プライム（内国株式）,2025-03-31,大阪府,19368601600.0,1.115125,7.5191493,12.171052,12.95863121646249,0.3746,0.031263202,197.6,319.85,234.0899890715345,26582659000.0,2279268000.0,0.10893,1475214000.0,0.06033,0.09385,0.4789292613713395,18755787000.0,15682261000.0,24503714000.0,12465834000.0,4849253000.0,523395000.0,6114303500.0,0.31568120539998096
ワイエイシイホールディングス,6298,機械,プライム（内国株式）,2025-03-31,東京都,19855353856.0,1.1838574,6.0504203,22.113022,15.238028061485533,0.8187,0.038387716,48.84,178.5,76.7200006930247,23041000000.0,1358000000.0,0.13382,559000000.0,0.03679,0.05534,0.4116487367959889,23996000000.0,15011000000.0,29760000000.0,16436000000.0,7182000000.0,2313000000.0,7383100000.0,0.3718442921514055
小松製作所,6301,機械,プライム（内国株式）,2025-03-31,東京都,4765838737408.0,1.4903046,12.4352455,11.756718,10.080639368302789,0.44959998,0.039185256,449.19,424.68,415.9299999576486,4104395000000.0,659156000000.0,0.13916999,439614000000.0,0.10268,0.13574,0.5496468967041441,2428670000000.0,1649360000000.0,3298303000000.0,1220702000000.0,385569000000.0,10636000000.0,877078200000.0,0.18403438478008954
住友重機械工業,6302,機械,プライム（内国株式）,2024-12-31,東京都,541786832896.0,0.8555034,13.488928,,12.357528165535784,18.4638,0.028775323,-26.1,334.2,267.30149806398674,1071126000000.0,55103000000.0,0.050630003,7721000000.0,0.00316,0.00565,0.5083793430150717,613824000000.0,415892000000.0,784495000000.0,238621000000.0,111132000000.0,21417000000.0,185662900000.0,0.34268625357242555
日立建機,6305,機械,プライム（内国株式）,2025-03-31,東京都,1097508978688.0,1.3155872,12.00661,12.600137,9.757366041012233,0.4518,0.037972085,409.44,429.68,438.67999930859963,1371285000000.0,154730000000.0,0.13116,81428000000.0,0.06431,0.114870004,0.45188960841002207,933054000000.0,613256000000.0,1000755000000.0,610423000000.0,147136000000.0,26296000000.0,86108200000.0,0.07845785471653882
日工,6306,機械,プライム（内国株式）,2025-03-31,兵庫県,31407388672.0,0.8847646,,17.204983,20.75248118706978,0.71790004,0.042079207,47.37,,34.24472859564821,49162000000.0,2767000000.0,0.06419,2009000000.0,0.03824,0.05291,0.5421734013338564,29167000000.0,21515000000.0,40126000000.0,10250000000.0,14038000000.0,5565000000.0,14854500000.0,0.4729619566634948
サンセイ,6307,機械,スタンダード（内国株式）,2025-03-31,大阪府,4787444224.0,1.0106496,,7.5407023,9.642566711710572,0.18360001,0.025553662,81.69,,41.9983723256764,5781584000.0,454983000.0,0.18742001,346003000.0,0.101730004,0.14122,0.7305861319651319,1724835000.0,1246740000.0,3470248000.0,355162000.0,1084811000.0,251380000.0,1921379000.0,0.40133710391191807
巴工業,6309,機械,プライム（内国株式）,2024-10-31,東京都,55691165696.0,1.3196244,4.9474792,13.946259,9.019887049721078,0.3825,0.033168223,135.09,380.8,91.31688958462364,52119436000.0,4703199000.0,0.042129997,3616098000.0,0.06487,0.093839996,0.7398285448144256,13838457000.0,13247708000.0,42239792000.0,,14933001000.0,1522972000.0,29467415400.0,0.5291218998871932
井関農機,6310,機械,プライム（内国株式）,2024-12-31,東京都,41138139136.0,0.55957043,13.140585,45.932285,797.3382986437693,0.75949997,0.016277809,39.58,138.35,1.2822151584448747,168425000000.0,1925000000.0,0.038259998,-3022000000.0,0.00889,0.02552,0.32781906739370886,134297000000.0,93178000000.0,105618000000.0,75482000000.0,8200000000.0,9864000000.0,-21774200000.0,-0.5292947240033371
フロイント産業,6312,機械,スタンダード（内国株式）,2025-02-28,東京都,18230517760.0,1.0909169,15.190409,11.025799,16.433306419364282,0.2047,0.01858736,97.68,70.9,45.45816496315664,23397731000.0,1201680000.0,0.106029995,637597000.0,0.07153,0.12622,0.5812303827622117,11122199000.0,10411969000.0,19648822000.0,461068000.0,5152751000.0,1093336000.0,9291958200.0,0.5096925014597062
ＴＯＷＡ,6315,機械,プライム（内国株式）,2025-03-31,京都府,193493663744.0,3.0312967,13.350244,31.481934,38.26284710167917,0.2441,0.00843526,81.92,193.18,85.89999995867753,53479205000.0,8880404000.0,0.20004,8121050000.0,0.12405,0.100080006,0.7375643718906529,21842120000.0,18009944000.0,50652299000.0,10064783000.0,21338921000.0,4446381000.0,31922645700.0,0.16498031554270925
丸山製作所,6316,機械,スタンダード（内国株式）,2025-09-30,東京都,9068570624.0,0.44060823,,12.456578,16.828139577276847,0.4069,0.032552082,184.24,,141.27388818396557,41266000000.0,1080000000.0,0.02303,743000000.0,0.01801,0.038599998,0.5267384465870438,18308000000.0,15070000000.0,22700000000.0,7127000000.0,3877000000.0,4762000000.0,7725400000.0,0.8518872841497981
北川鉄工所,6317,機械,スタンダード（内国株式）,2025-03-31,広島県,16570584064.0,0.38323238,4.2250533,5.119922,11.332372715541295,0.1716,0.034722224,349.81,423.9,137.2549019607843,57280000000.0,1873000000.0,0.05248,1246000000.0,0.05578,0.07613,0.5089390243902439,40263000000.0,25407000000.0,41500000000.0,14044000000.0,11503000000.0,4323000000.0,4263100000.0,0.2572691453442302
タクミナ,6322,機械,スタンダード（内国株式）,2025-03-31,大阪府,11151023104.0,1.0328847,,9.179788,11.347347279299223,0.2843,0.030959751,175.93,,165.2156752948577,11119396000.0,1603323000.0,0.15074,1217452000.0,0.107159995,0.11575,0.69910872772303,4432216000.0,3671889000.0,9595059000.0,388000000.0,3213766000.0,1888491000.0,6484786700.0,0.5815418584931308
ローツェ,6323,機械,プライム（内国株式）,2025-02-28,広島県,498613354496.0,4.002779,20.915174,27.084314,18.15057075659209,0.16,0.0068273093,106.15,137.46,110.90600010015307,124406000000.0,32024000000.0,0.25338,23634000000.0,0.16499001,0.15335,0.627997528470528,59023000000.0,40664000000.0,145520000000.0,31613000000.0,62990000000.0,1446000000.0,87509200000.0,0.17550512678998456
ハーモニック・ドライブ・システムズ,6324,機械,スタンダード（内国株式）,2025-03-31,東京都,348847243264.0,4.541041,48.685425,75.21943,-15.219155080539487,0.40919998,0.0051150895,48.99,75.69,-260.9999991372595,55645940000.0,6994000.0,0.02387,3473539000.0,0.08151,0.05883,0.6947887375932351,34678617000.0,13896702000.0,53164779000.0,20740282000.0,24900137000.0,409931000.0,18773113700.0,0.053814711345713334
タカキタ,6325,機械,スタンダード（内国株式）,2025-03-31,三重県,4551364096.0,0.5581834,8.76087,11.567164,7.681603724518488,0.2869,0.0123152705,34.84,46.0,61.66999812716613,7007957000.0,344723000.0,0.060700003,566419000.0,0.012,0.02162,0.8146892001039323,1840051000.0,1720158000.0,6193221000.0,108404000.0,1773021000.0,829267000.0,4933656900.0,1.0839952146074143
クボタ,6326,機械,プライム（内国株式）,2024-12-31,大阪府,2691431923712.0,1.0902463,12.0262165,15.795795,9.982787803799397,0.3336,0.021440823,149.85,196.82,201.7400000767518,3016281000000.0,315636000000.0,0.09563,230437000000.0,0.05929,0.07907,0.41160523139267596,3278899000000.0,1775358000000.0,2867458000000.0,2278077000000.0,295130000000.0,194210000000.0,-275494000000.0,-0.10235963896127123
北川精機,6327,機械,スタンダード（内国株式）,2024-06-30,広島県,7900056576.0,1.5271719,13.125846,20.016508,7.192769130580079,0.2474,0.012618297,48.46,73.9,99.18639855817537,5933805000.0,815944000.0,0.17724001,632985000.0,0.09422,0.13672,0.5649523441705262,3667738000.0,2911482000.0,6449231000.0,1441713000.0,3435554000.0,122862000.0,2867496400.0,0.36297162841989244
荏原実業,6328,機械,プライム（内国株式）,2024-12-31,東京都,53828870144.0,2.0530486,7.723855,14.225468,10.509106163910465,0.3067,0.022727273,158.87,292.6,131.55377362062455,37503000000.0,4252000000.0,0.09984,3157000000.0,0.1001,0.16502,0.545632151828077,19535000000.0,17506000000.0,31962000000.0,1010000000.0,14862000000.0,6919000000.0,17270300000.0,0.32083712613323395
東洋エンジニアリング,6330,建設業,プライム（内国株式）,2025-03-31,千葉県,314674315264.0,5.843314,47.438164,,5.490418453276224,0.72480005,0.0055309734,-47.12,113.2,167.58999865344396,278091000000.0,2592000000.0,-0.109639995,2020000000.0,-0.011,-0.04657,0.20938736488042484,226357000000.0,182638000000.0,244209000000.0,51449000000.0,90324000000.0,6889000000.0,22674300000.0,0.07205640530583854
三菱化工機,6331,機械,プライム（内国株式）,2025-03-31,神奈川県,75577245696.0,1.8941664,9.031556,12.37052,5.346055054752165,0.3479,0.07268941,268.38,367.6,236.229995134021,59202000000.0,5703000000.0,0.110290006,4879000000.0,0.088719994,0.16135,0.5776437875902922,27949000000.0,21813000000.0,50839000000.0,3300000000.0,10823000000.0,4434000000.0,25993800000.0,0.3439368524298544
月島ホールディングス,6332,機械,プライム（内国株式）,2025-03-31,東京都,117190524928.0,1.2680736,26.034935,7.280143,21.243556911831373,0.22459999,0.032548476,409.47,114.5,62.37095042323178,139235000000.0,8921000000.0,0.04644,6669000000.0,0.122250006,0.17682,0.4840570513087262,80196000000.0,48126000000.0,111716000000.0,21648000000.0,30561000000.0,24363000000.0,48574100000.0,0.41448828759699774
帝国電機製作所,6333,機械,プライム（内国株式）,2025-03-31,兵庫県,52666118144.0,1.6210448,13.285833,11.32426,13.764578697267932,0.4432,0.040456768,279.93,238.6,173.80999733712233,30546287000.0,6055736000.0,0.16700001,3811499000.0,0.15893,0.15039,0.7722039906626404,8891853000.0,7634232000.0,31623710000.0,586067000.0,13886562000.0,1147726000.0,23535265200.0,0.44687677826662187
明治機械,6334,機械,スタンダード（内国株式）,2025-03-31,東京都,4124414464.0,1.402386,,13.5097,12.686279497700955,0.2116,0.016574586,28.35,,27.88300044385264,6511496000.0,267595000.0,-0.1105,120428000.0,0.049640004,0.110190004,0.44465336248364395,3794733000.0,2396236000.0,4850718000.0,2011817000.0,1652416000.0,149409000.0,1160571300.0,0.2813905610432851
東京機械製作所,6335,機械,スタンダード（内国株式）,2025-03-31,東京都,4262691328.0,0.53849036,,643.90247,-48.47162856697147,0.0,0.0,0.82,,-9.551979450417885,7401882000.0,641395000.0,-0.057529997,345647000.0,0.0015700001,0.00756,0.562437508807946,5240765000.0,2744885000.0,11410023000.0,32964000.0,7554941000.0,255778000.0,6348302600.0,1.4892710054562037
石井表記,6336,機械,スタンダード（内国株式）,2025-01-31,広島県,6182163968.0,0.6132268,,7.031108,5.102631126491287,0.18190001,0.026246719,109.94,,135.04458495132323,14821000000.0,911000000.0,0.11021,788000000.0,0.0651,0.10516,0.6202547770700637,5962000000.0,3824000000.0,10132000000.0,2087000000.0,4086000000.0,124000000.0,4256800000.0,0.688561484624796
テセック,6337,機械,スタンダード（内国株式）,2025-03-31,東京都,11825348608.0,0.84575504,8.787041,23.803917,8.401491665538623,0.749,0.033816423,93.43,253.1,271.8464022967881,5892000000.0,439000000.0,0.13116,427000000.0,0.08653,0.03662,0.9152126147085433,1311000000.0,834000000.0,9300000000.0,363000000.0,4352000000.0,3607000000.0,10513900000.0,0.8890985245785661
タカトリ,6338,機械,スタンダード（内国株式）,2025-09-30,奈良県,7438352384.0,0.74488664,,13.1011305,8.582121707119853,0.37330002,0.030234316,107.09,,354.9164343159218,7330581000.0,820448000.0,0.16272,584879000.0,0.07967,0.05784,0.6452139876762837,5645327000.0,5584240000.0,12973691000.0,4134597000.0,5120396000.0,962873000.0,8002375100.0,1.0758262968575165
新東工業,6339,機械,プライム（内国株式）,2025-03-31,愛知県,59501576192.0,0.49189883,,19.067654,7.07641302767973,0.741,0.04074074,59.42,,166.2299994627025,150224000000.0,3005000000.0,0.01612,2757000000.0,0.01492,0.02676,0.5052203882346978,109640000000.0,54145000000.0,119723000000.0,51171000000.0,40533000000.0,32985000000.0,33172500000.0,0.5575062397163867
澁谷工業,6340,機械,プライム（内国株式）,2025-06-30,石川県,96140591104.0,0.88785326,8.360399,9.560099,9.893557644018905,0.2615,0.02761628,363.49,415.65,353.539994044653,129017000000.0,13749000000.0,0.04916,10052000000.0,0.06724,0.08448,0.6769347534279226,51497000000.0,42723000000.0,105574000000.0,3696000000.0,45579000000.0,3639000000.0,56624300000.0,0.5889739115369773
太平製作所,6342,機械,スタンダード（内国株式）,2025-03-31,愛知県,3728020992.0,0.52348,,22.43364,4.08976116673726,0.62700003,0.027691243,127.71,,762.8303507516106,7855530000.0,907977000.0,0.14942999,576746000.0,0.02001,0.01911,0.6634069252524226,3498574000.0,3092536000.0,7704958000.0,795048000.0,3520952000.0,582538000.0,4614160600.0,1.2376970542552137
フリージア・マクロス,6343,機械,スタンダード（内国株式）,2025-03-31,東京都,7560245248.0,0.5349961,,8.333333,7.349102657120703,0.0298,0.003550296,20.16,,14.610888923069005,6971719000.0,1348705000.0,0.23382999,906700000.0,0.14525,0.088290006,0.377892017083399,13525813000.0,3701442000.0,8768980000.0,10222220000.0,1110017000.0,6383065000.0,-288687500.0,-0.038184938521190155
アイチ　コーポレーション,6345,機械,プライム（内国株式）,2025-03-31,埼玉県,89673637888.0,1.2557738,16.136152,16.339254,14.27881437107662,0.64739996,0.047135606,85.01,86.08,70.2599996131091,59306955000.0,7440218000.0,0.13023,6334645000.0,0.11062,0.08031,0.8372304846645161,16335377000.0,14612890000.0,71048447000.0,214581000.0,46871546000.0,5395663000.0,58490034100.0,0.6522545028568207
キクカワエンタープライズ,6346,機械,スタンダード（内国株式）,2025-03-31,三重県,7387054080.0,0.59144884,,10.482108,8.588231958182737,0.2497,0.0,580.99,,512.1365130081368,5533700000.0,1024218000.0,0.15774,743887000.0,0.12585,0.058029998,0.8462789411877911,2231752000.0,1302856000.0,10497859000.0,,7757520000.0,1520989000.0,9330799300.0,1.2631286029518278
プラコー,6347,機械,スタンダード（内国株式）,2025-03-31,埼玉県,3204905984.0,2.0996878,,,-7.580358192181395,4.3796,0.018292682,-2.67,,-28.608460904278054,2227703000.0,-139117000.0,0.025,-95803000.0,-0.042659998,,0.5188868590124711,1468709000.0,466213000.0,2272702000.0,1142299000.0,1142526000.0,22653000.0,819850100.0,0.25581096733975206
小森コーポレーション,6349,機械,プライム（内国株式）,2025-03-31,東京都,85637431296.0,0.73432,36.107384,11.819846,13.063121340268326,0.4977,0.0518426,136.55,44.7,86.7899992263516,111050000000.0,7118000000.0,0.08926,7248000000.0,0.07602,0.0759,0.6679408958158632,57418000000.0,53163000000.0,124039000000.0,10305000000.0,48148000000.0,20794000000.0,81176800000.0,0.9479125981653732
鶴見製作所,6351,機械,プライム（内国株式）,2025-03-31,大阪府,108165259264.0,1.1092418,15.257104,13.517563,10.81878920477501,0.1558,0.012172285,166.82,147.8,168.81000171559683,68058000000.0,10253000000.0,0.13452,8783000000.0,0.108059995,0.08651,0.717806385874731,35659000000.0,25828000000.0,81657000000.0,15679000000.0,31145000000.0,12662000000.0,54861400000.0,0.5071998197323158
日本ギア工業,6356,機械,スタンダード（内国株式）,2025-03-31,東京都,13325946880.0,2.4443367,,8.997405,5.517729678936012,0.0769,0.0045454544,104.03,,108.12810300294618,9555548000.0,2105778000.0,0.10497,1550400000.0,0.03791,0.07383,0.8245889750295167,2672167000.0,2016983000.0,10483231000.0,109795000.0,4496297000.0,1060316000.0,8553285200.0,0.6418519657193771
三精テクノロジーズ,6357,機械,スタンダード（内国株式）,2025-03-31,大阪府,44539580416.0,0.9717163,,11.81577,11.038659403261017,0.2894,0.024824163,207.35,,109.76823992859417,61861600000.0,4797324000.0,0.0735,2995460000.0,0.05849,0.08606,0.513417780814368,42483895000.0,27595944000.0,54169895000.0,16746885000.0,21846573000.0,8058452000.0,17326916400.0,0.3890228924064052
酒井重工業,6358,機械,プライム（内国株式）,2025-03-31,東京都,18642907136.0,0.6205615,8.214623,32.954372,10.954688361265239,1.599,0.050166428,65.97,264.65,287.3929580781912,27854055000.0,1583769000.0,0.07403,1435953000.0,0.02132,0.018860001,0.705010822271392,12494099000.0,10429707000.0,26611283000.0,5417510000.0,7668034000.0,5661936000.0,18080539200.0,0.9698347509914883
東京自働機械製作所,6360,機械,スタンダード（内国株式）,2025-03-31,東京都,5550862336.0,2.3092492,,7.569378,3.4397387092759946,0.4592,0.010810811,522.5,,797.4649462543753,12890103000.0,1564957000.0,-0.01572,1222328000.0,0.0016699999,0.0037,0.5953302192968847,6416423000.0,4107799000.0,9860141000.0,1069330000.0,3684314000.0,3762982000.0,6077805400.0,1.0949299463945488
荏原製作所,6361,機械,プライム（内国株式）,2024-12-31,東京都,2098481070080.0,4.404589,30.036629,28.844221,12.376560068989864,0.3773,0.0,159.2,152.88,130.51036800013856,866668000000.0,97954000000.0,0.09069,71402000000.0,0.08106,,0.47088256217135865,519749000000.0,405340000000.0,705309000000.0,150432000000.0,171031000000.0,5983000000.0,189748100000.0,0.09042164006405179
酉島製作所,6363,機械,プライム（内国株式）,2025-03-31,大阪府,55238602752.0,1.0106807,9.134029,15.7511635,11.548856425963542,0.458,0.029858053,133.26,229.8,234.18000282596012,86501000000.0,5449000000.0,0.01512,4068000000.0,0.0394,0.066750005,0.48455730360401655,59206000000.0,37338000000.0,81190000000.0,22728000000.0,17115000000.0,10463000000.0,29308100000.0,0.5305727976426567
ＡＩＲＭＡＮ,6364,機械,プライム（内国株式）,2025-03-31,新潟県,50753859584.0,1.2011726,8.52459,10.283455,10.427194150938742,0.31309998,0.03137039,182.04,219.6,182.16160749928923,54827987000.0,6918812000.0,0.12579,4812530000.0,0.090229996,0.12118,0.6365095780512073,23164732000.0,12700986000.0,47507097000.0,7915447000.0,19245867000.0,3888325000.0,27064192500.0,0.5332440275839023
電業社機械製作所,6365,機械,スタンダード（内国株式）,2025-03-31,東京都,22836504576.0,0.8049644,,7.702416,9.131994332705357,0.2447,0.032527883,715.36,,412.97896119980066,28077000000.0,3235000000.0,0.05519,2426000000.0,0.099580005,0.11134,0.6876868714324544,12639000000.0,11700000000.0,30815000000.0,67000000.0,6515000000.0,3765000000.0,20811500000.0,0.9113259838316861
千代田化工建設,6366,建設業,スタンダード（内国株式）,2025-03-31,神奈川県,216384765952.0,4.8543973,14.263751,28.372408,-5.793123364032594,0.0,0.0,29.43,58.54,-69.22000012802486,456969000000.0,24422000000.0,0.10075,26987000000.0,0.07338,1.14266,0.05141486311204813,435580000000.0,409531000000.0,437274000000.0,23599000000.0,153340000000.0,3976000000.0,4477200000.0,0.020690920547489763
ダイキン工業,6367,機械,プライム（内国株式）,2025-03-31,大阪府,5784833359872.0,1.9372485,19.949507,21.115469,22.561099339701116,0.33150002,0.015259661,935.57,990.25,888.6399997902585,4752335000000.0,401669000000.0,0.09905,264757000000.0,0.05784,0.098629996,0.5465158093557974,2266724000000.0,1543047000000.0,2853654000000.0,986849000000.0,802663000000.0,160032000000.0,698952400000.0,0.12082498431993996
オルガノ,6368,機械,プライム（内国株式）,2025-03-31,東京都,668126478336.0,5.1938505,32.050293,24.231205,19.214981403582364,0.3071,0.013514506,599.64,453.35,376.91999747849013,163269000000.0,31121000000.0,0.23331,24150000000.0,0.16038,0.23253,0.6221681516080578,73203000000.0,64401000000.0,164367000000.0,22557000000.0,16751000000.0,2373000000.0,92825100000.0,0.1389334250472833
トーヨーカネツ,6369,機械,プライム（内国株式）,2025-03-31,東京都,39521214464.0,1.003637,10.015767,10.688597,8.97227224782087,0.6018,0.06771463,237.73,253.7,228.06499557185566,60474000000.0,4132000000.0,0.08416,3638000000.0,0.06179,0.096090004,0.5768580580105581,28528000000.0,20393000000.0,40140000000.0,13985000000.0,6516000000.0,6497000000.0,16159900000.0,0.40889178683312233
栗田工業,6370,機械,プライム（内国株式）,2025-03-31,東京都,765987389440.0,2.2787406,20.855059,34.3474,23.422466077591235,0.5007,0.015015457,203.8,335.65,259.7000005453976,408888000000.0,31274000000.0,0.15134,20305000000.0,0.054770004,0.06797,0.6121279025920441,210445000000.0,132567000000.0,220950000000.0,93470000000.0,62951000000.0,15541000000.0,21383700000.0,0.02791651702730152
椿本チエイン,6371,機械,プライム（内国株式）,2025-03-31,大阪府,232481095680.0,0.91474885,12.107828,10.995343,9.355503802114969,0.4013,0.03751617,216.91,196.98,170.55000035349295,279193000000.0,22854000000.0,0.07141,22122000000.0,0.07911,0.08663,0.6993297623213373,109350000000.0,62505000000.0,193313000000.0,27237000000.0,67945000000.0,39876000000.0,111876200000.0,0.48122708503573414
日機装,6376,精密機器,プライム（内国株式）,2024-12-31,東京都,117625225216.0,0.79633516,14.513491,16.997032,7.054695495464168,0.3158,0.020382952,104.43,122.3,136.90009055236945,213379000000.0,6398000000.0,0.04513,7957000000.0,0.051880002,0.07976,0.43023930852093145,183558000000.0,82653000000.0,180137000000.0,107213000000.0,34663000000.0,,-3421000000.0,-0.02908389755443935
木村化工機,6378,機械,スタンダード（内国株式）,2025-03-31,兵庫県,26580049920.0,1.3724407,,12.637725,8.465912897861127,0.38599998,0.033634126,106.19,,78.46277669251084,26431000000.0,3018000000.0,0.15047,2309000000.0,0.079239994,0.113129996,0.5641864991595151,14778000000.0,10848000000.0,24394000000.0,1542000000.0,9892000000.0,2024000000.0,11032800000.0,0.41507822721199766
レイズネクスト,6379,建設業,プライム（内国株式）,2025-03-31,神奈川県,135414374400.0,1.5541292,18.51551,12.665454,14.288917572229588,0.5102,0.040207006,197.94,135.4,134.20000109966617,157371000000.0,10859000000.0,0.12826,8100000000.0,0.0622,0.12757,0.7382461196569325,29545000000.0,26414000000.0,87315000000.0,1500000000.0,3575000000.0,4711000000.0,61067700000.0,0.4509691107061674
オリエンタルチエン工業,6380,機械,スタンダード（内国株式）,2025-03-31,石川県,4912544256.0,2.7246492,,30.939081,16.994501567300716,0.26209998,0.009630819,114.58,,107.67108402701066,4055683000.0,142675000.0,-0.060289998,100333000.0,0.038540002,,0.36174435460622145,3274464000.0,1904478000.0,2665127000.0,2099381000.0,358342000.0,223958000.0,-452566400.0,-0.09212464588939878
アネスト岩田,6381,機械,プライム（内国株式）,2025-03-31,神奈川県,67271655424.0,1.4182453,12.890566,15.863286,10.356709558119926,0.59400004,0.039000608,107.67,132.5,122.12800129067824,54411000000.0,5907000000.0,0.111260004,4276000000.0,0.07903,0.097399995,0.6770324557093725,15643000000.0,12161000000.0,45229000000.0,2869000000.0,21336000000.0,3173000000.0,31807100000.0,0.47281577656334023
トリニティ工業,6382,機械,スタンダード（内国株式）,2025-03-31,愛知県,21703933952.0,0.6633233,,7.8320622,8.559783290470753,0.38419998,0.05,171.73,,128.03215374090428,40217018000.0,3245861000.0,0.08292,2403191000.0,0.0674,0.089490004,0.7582478353976467,9583337000.0,7992873000.0,25699240000.0,178579000.0,9358834000.0,3169053000.0,18334240100.0,0.8447427153320523
ダイフク,6383,機械,プライム（内国株式）,2024-03-31,大阪府,1959844773888.0,4.6494017,37.111824,33.933914,20.70897953252989,0.31149998,0.0071456926,157.07,143.62,109.10611577022252,611477000000.0,62080000000.0,0.15114,45461000000.0,0.09984,0.19329001,0.5546820107899975,287402000000.0,211392000000.0,496426000000.0,70616000000.0,142044000000.0,23517000000.0,225485900000.0,0.11505293837770333
昭和真空,6384,機械,スタンダード（内国株式）,2025-03-31,神奈川県,9967662080.0,0.89267987,,14.336472,50.8324165101113,0.6218,0.044871796,112.58,,26.669097323285392,8480131000.0,792275000.0,0.07611,561931000.0,0.0722,0.062280003,0.7501096826248549,3861155000.0,2910860000.0,11725302000.0,568579000.0,4978440000.0,173248000.0,7985420600.0,0.801132756699553
サムコ,6387,機械,プライム（内国株式）,2024-07-31,京都府,36587646976.0,2.6982183,21.526464,21.5703,23.166092775370736,0.284,0.0,211.17,211.6,183.25000096480719,,,0.10087,,0.18165001,0.13126999,0.7632026507777196,3816232000.0,2833557000.0,11188327000.0,1111261000.0,6592297000.0,369068000.0,7630442600.0,0.20855242768154122
加藤製作所,6390,機械,プライム（内国株式）,2025-03-31,東京都,15247627264.0,0.3678579,4.576498,,3.8701544542527744,0.17979999,0.07906626,-225.91,298.7,361.44267775170533,52932000000.0,904000000.0,-0.06163,-6033000000.0,-0.04921,-0.06122,0.43408566673479515,58146000000.0,40630000000.0,80292000000.0,43808000000.0,14763000000.0,2823000000.0,24122100000.0,1.5820231949762331
加地テック,6391,機械,スタンダード（内国株式）,2025-03-31,大阪府,6095760384.0,0.7741753,,12.798694,14.73700682439988,0.139,0.0,287.92,,349.5483146488446,7003943000.0,620082000.0,0.076220006,578915000.0,0.07209,0.061929997,0.6763667585834009,3740998000.0,1931262000.0,7421054000.0,1371856000.0,1672461000.0,,3680056000.0,0.6037074570154233
ヤマダコーポレーション,6392,機械,スタンダード（内国株式）,2025-03-31,東京都,16516777984.0,0.96408933,,9.722144,6.886469503088167,0.2959,0.030927835,709.72,,801.731299623903,14628739000.0,1962778000.0,0.14315,1607420000.0,0.111940004,0.102340005,0.8501083654164213,2599389000.0,1497386000.0,11258422000.0,943243000.0,4096635000.0,349903000.0,8903965100.0,0.5390860801438014
油研工業,6393,機械,スタンダード（内国株式）,2025-03-31,神奈川県,11594669056.0,0.5353365,,9.962108,10.724618914865838,0.6415,0.06511628,327.24,,199.68243938605625,33496199000.0,1920831000.0,0.06561,1249115000.0,0.036760002,0.057439998,0.5148333389980165,18702426000.0,12715803000.0,29495220000.0,7225180000.0,6508567000.0,3613639000.0,13322341300.0,1.1490057401082927
タダノ,6395,機械,プライム（内国株式）,2024-12-31,香川県,140683362304.0,0.71591663,11.927685,24.58655,18.013919660663692,0.6836,0.02833638,45.35,93.48,61.264058891682495,291500000000.0,23783000000.0,0.02839,6642000000.0,0.03429,0.05704,0.4679715037851183,214526000000.0,138372000000.0,292387000000.0,122472000000.0,93125000000.0,11435000000.0,85865500000.0,0.6103458048895283
宇野澤組鐵工所,6396,機械,スタンダード（内国株式）,2025-03-31,東京都,4682613760.0,1.3177433,,11.025875,8.082801125272876,0.13,0.0,384.55,,384.2264492753623,4954532000.0,594310000.0,0.12982,396864000.0,0.08492,0.12621,0.3985214766572937,5066985000.0,2204688000.0,5512020000.0,2295121000.0,2883043000.0,523921000.0,811779700.0,0.1733603798234258
不二精機,6400,機械,スタンダード（内国株式）,2024-12-31,大阪府,2275414272.0,0.65119404,,8.912147,10.105322382439644,0.22209999,0.025641026,31.53,,28.730641781944314,8251311000.0,404873000.0,0.05723,139228000.0,0.03133,0.07857,0.3721333740383208,5925183000.0,4016769000.0,4783059000.0,3533343000.0,1458104000.0,212882000.0,-993106600.0,-0.43645089697319084
兼松エンジニアリング,6402,機械,スタンダード（内国株式）,2025-03-31,高知県,8128895488.0,3.7207217,13.185067,10.022944,9.183439328875274,0.0725,0.0057335403,165.62,125.9,126.79204851931482,13300759000.0,954443000.0,-0.00062,700690000.0,-0.01511,-0.025339998,0.5911210417452271,4938990000.0,3493298000.0,6706357000.0,1490853000.0,1579529000.0,20935000.0,1782021500.0,0.219220618918111
水道機工,6403,機械,スタンダード（内国株式）,2025-03-31,東京都,13837436928.0,1.3435708,,23.492132,17.719112522884025,0.40060002,0.017054264,137.28,,85.60765103802193,25966000000.0,1479000000.0,0.08519,427000000.0,0.020060001,0.060060002,0.390520053732489,15880000000.0,13212000000.0,20794000000.0,1980000000.0,4145000000.0,1493000000.0,5959100000.0,0.43065056274560387
鈴茂器工,6405,機械,スタンダード（内国株式）,2025-03-31,東京都,14237213696.0,1.1489967,10.039339,22.908438,13.11308257575756,0.6104,0.027178258,55.7,127.1,88.23252347620453,15568092000.0,1890110000.0,0.015190001,1462998000.0,0.048839998,0.05159,0.8180593152488023,3502854000.0,2007907000.0,10841277000.0,153860000.0,5597109000.0,47229000.0,7371483300.0,0.5177616531857667
フジテック,6406,機械,プライム（内国株式）,2025-03-31,滋賀県,442163134464.0,2.8936617,25.843979,28.546234,15.928505275134887,0.45369998,0.01590387,198.45,219.2,228.44000116897732,241253000000.0,16171000000.0,0.12283,14514000000.0,0.064559996,0.08021,0.5935170462561533,91624000000.0,87238000000.0,195424000000.0,4290000000.0,82942000000.0,7844000000.0,109290800000.0,0.24717302615579823
ＣＫＤ,6407,機械,プライム（内国株式）,2025-03-31,愛知県,238205911040.0,1.6865687,14.135607,18.968819,23.112562677627558,0.39360002,0.022492401,187.94,252.2,124.94000055412344,155634000000.0,19023000000.0,0.11252,13520000000.0,0.082320005,0.092089996,0.6474223088487056,74347000000.0,39983000000.0,131473000000.0,35801000000.0,35333000000.0,8599000000.0,63145300000.0,0.26508704055373555
小倉クラッチ,6408,機械,スタンダード（内国株式）,2025-03-31,群馬県,5610225152.0,0.32835215,,5.06976,-8.08176366556327,0.067600004,0.013386881,739.68,,-399.6081434526411,43907000000.0,465000000.0,0.02429,1162000000.0,0.02606,0.06483,0.37651287941633166,29312000000.0,22087000000.0,31118000000.0,18618000000.0,7933000000.0,1010000000.0,2513000000.0,0.447932111798425
平和,6412,機械,プライム（内国株式）,2025-03-31,東京都,204749996032.0,0.8177372,9.153439,16.44096,11.143672193740864,0.6334,0.039177276,126.27,226.8,168.43000030023552,145867000000.0,27691000000.0,0.12665,13064000000.0,0.060599998,0.050279997,0.2321390873698885,807284000000.0,111411000000.0,137807000000.0,628425000000.0,77799000000.0,8520000000.0,-663513000000.0,-3.2406007954027056
理想科学工業,6413,機械,プライム（内国株式）,2025-03-31,東京都,80209952768.0,1.2340449,8.71989,19.952755,20.332391251187172,0.78699994,0.039714057,63.5,145.3,72.74000048212271,78723000000.0,6183000000.0,0.055069998,4088000000.0,0.052410003,0.06328,0.7479839389951749,22407000000.0,17990000000.0,41232000000.0,4412000000.0,13610000000.0,4288000000.0,21826600000.0,0.2721183499899502
ＳＡＮＫＹＯ,6417,機械,プライム（内国株式）,2025-03-31,東京都,502890364928.0,2.0176625,1696.0,9.837968,7.696329889963259,0.4059,0.04111198,258.59,1.5,201.42999984152522,191821000000.0,73605000000.0,0.33582002,53992000000.0,0.28054002,0.21645,0.8464401010961988,51705000000.0,41860000000.0,294541000000.0,,180064000000.0,5349000000.0,246580300000.0,0.4903261569453682
日本金銭機械,6418,機械,プライム（内国株式）,2025-03-31,大阪府,27909109760.0,0.830934,33.88158,6.0350385,10.881560655408155,0.2696,0.04509804,170.67,30.4,112.58999935984903,37815935000.0,4910594000.0,0.05303,3810465000.0,0.14705,0.14171,0.6485978180595287,17354008000.0,8068419000.0,41465835000.0,10860265000.0,17457475000.0,950992000.0,24777521400.0,0.8877933267334716
マースグループホールディングス,6419,機械,プライム（内国株式）,2025-03-31,東京都,59977891840.0,0.7351132,18.340858,8.303738,6.015387467335086,0.3832,0.046511628,391.39,177.2,499.8899902542835,42250771000.0,12331582000.0,0.29338,8716277000.0,0.21613,0.09139,0.8991891416842419,8770635000.0,5996279000.0,52004781000.0,544581000.0,36373416000.0,16113027000.0,54513264900.0,0.9088893128391756
ガリレイ,6420,機械,プライム（内国株式）,2025-03-31,大阪府,155761590272.0,1.4830481,7.3782167,12.336858,9.405646673780094,0.2351,0.019023137,314.91,526.55,307.75995493790043,130639000000.0,16572000000.0,0.12355,12008000000.0,0.091639996,0.12553,0.7239937271301621,38358000000.0,36032000000.0,96318000000.0,,53408000000.0,11752000000.0,66186400000.0,0.4249211881081943
高見沢サイバネティックス,6424,機械,スタンダード（内国株式）,2025-03-31,東京都,4169842432.0,0.68746114,,7.082555,9.677434780491621,0.1495,0.021482278,133.85,,148.96703590502804,15391532000.0,1374309000.0,0.08081,1001137000.0,0.042379998,0.10267,0.3568405077437163,10884154000.0,6567068000.0,11853753000.0,4728307000.0,2829879000.0,929234000.0,1620062800.0,0.38851894919755087
ユニバーサルエンターテインメント,6425,機械,スタンダード（内国株式）,2024-12-31,東京都,62380171264.0,0.17889036,4.9172316,,6.171262968211224,0.0,0.0,-335.16,163.71,367.0000010194803,126328000000.0,3025000000.0,-0.053390004,-15569000000.0,-0.053400002,-0.01901,0.5842824295387922,263064000000.0,43341000000.0,78856000000.0,187433000000.0,23795000000.0,10250000000.0,-177033000000.0,-2.8379691240470653
オーイズミ,6428,機械,スタンダード（内国株式）,2025-03-31,神奈川県,7603369984.0,0.4031907,,304.5045,16.867497489560648,10.7143,0.035714287,1.11,,23.5139209264881,20113318000.0,93600000.0,0.10311,246319000.0,0.00131,0.00132,0.4699156845712483,20651399000.0,8631415000.0,17931210000.0,15991143000.0,6970929000.0,400744000.0,-2439668200.0,-0.32086669531192974
ダイコク電機,6430,機械,プライム（内国株式）,2025-03-31,愛知県,41859489792.0,0.8532826,46.221863,6.644326,6.658674332177472,0.2542,0.038650736,432.7,62.2,572.5993270134044,57415710000.0,12212357000.0,0.23003,7727428000.0,0.11727,0.13226,0.7908203250373745,11978847000.0,10974440000.0,36122959000.0,,16960449000.0,296151000.0,24351417700.0,0.5817418659664106
竹内製作所,6432,機械,プライム（内国株式）,2025-02-28,長野県,334437744640.0,1.980303,13.432033,12.746479,9.208322307880684,0.35209998,0.028368793,568.0,539.01,548.5800014320268,213230000000.0,37146000000.0,0.19535999,26113000000.0,0.12086,0.15715,0.7670380951506076,50720000000.0,49974000000.0,177254000000.0,,46482000000.0,168000000.0,126651600000.0,0.37870007805587863
ヒーハイスト,6433,機械,スタンダード（内国株式）,2025-03-31,埼玉県,6269105664.0,2.425187,,,-7.292879984774206,0.0,0.0009057971,-58.55,,-35.440103119861504,2245026000.0,-121495000.0,-0.24607,-203461000.0,-0.18065001,-0.13116999,0.5628749199461854,2188934000.0,859505000.0,2394514000.0,1415710000.0,559165000.0,276538000.0,399156600.0,0.06367042149124
アマノ,6436,機械,プライム（内国株式）,2025-03-31,神奈川県,301819592704.0,2.3204694,16.896484,17.02366,19.96459416672707,0.7003,0.042402826,249.77,251.65,182.4800008320677,175423000000.0,23040000000.0,0.15475,17828000000.0,0.09904,0.13446,0.699441179800142,57777000000.0,46893000000.0,128119000000.0,15327000000.0,66466000000.0,17097000000.0,82309900000.0,0.2727122492697909
ＪＵＫＩ,6440,機械,プライム（内国株式）,2024-12-31,東京都,15124809728.0,0.49812052,15.089287,,-1.9020452652158606,0.0,0.0,-36.81,33.6,-238.52435104762878,95185000000.0,-963000000.0,0.02945,-3235000000.0,0.01512,0.04696,0.2194713786484225,109986000000.0,86352000000.0,105384000000.0,81630000000.0,13170000000.0,5853000000.0,-504900000.0,-0.033382238129270304
サンデン,6444,機械,スタンダード（内国株式）,2024-12-31,群馬県,15380055040.0,0.7933588,1.1633788,,-5.109663562369753,0.0,0.0,-40.86,118.62,-30.138970623063503,183848000000.0,-6446000000.0,-0.01285,-777000000.0,-0.02228,-0.18845,0.12895890207968813,151877000000.0,139792000000.0,100636000000.0,73370000000.0,17893000000.0,22642000000.0,-35391600000.0,-2.3011361082879453
ジャノメ,6445,機械,プライム（内国株式）,2025-03-31,東京都,21570367488.0,0.6258542,,36.867912,10.750906529380199,1.3774,0.03820034,32.63,,60.11161307467446,36340000000.0,2230000000.0,0.030250002,1794000000.0,0.01652,0.01768,0.6963468939531322,14188000000.0,7146000000.0,25860000000.0,2466000000.0,7134000000.0,1808000000.0,12937600000.0,0.5997857944329149
ブラザー工業,6448,電気機器,プライム（内国株式）,2025-03-31,愛知県,804054171648.0,1.1396049,13.519902,14.90114,21.46295831886949,0.4653,0.032010242,214.95,236.91,123.48000002497305,876558000000.0,69888000000.0,0.101330005,54778000000.0,0.061890002,0.0797,0.7413177504958988,241179000000.0,183343000000.0,574073000000.0,600000000.0,172776000000.0,33570000000.0,356393000000.0,0.44324501080509565
マックス,6454,機械,プライム（内国株式）,2025-03-31,東京都,306589401088.0,2.9204755,27.466774,23.993809,13.926171546735278,0.40150002,0.01649783,284.24,248.3,222.5234267481774,91839000000.0,14468000000.0,0.18693,11225000000.0,0.13655,0.12667,0.8498768166534255,18580000000.0,14622000000.0,74246000000.0,1518000000.0,40175000000.0,20448000000.0,69979600000.0,0.22825185656014846
モリタホールディングス,6455,輸送用機器,プライム（内国株式）,2025-03-31,大阪府,123577712640.0,1.2456186,21.454006,13.301444,11.462634816502105,0.2667,0.022382671,217.42,134.8,137.08999918535105,111743000000.0,13737000000.0,0.12984,9472000000.0,0.087519996,0.104849994,0.6733634689435795,45651000000.0,36138000000.0,87132000000.0,0.0,29892000000.0,14298000000.0,51489600000.0,0.41665765533301913
グローリー,6457,機械,プライム（内国株式）,2025-03-31,兵庫県,223299665920.0,1.0330846,21.896553,20.132584,5.062622692656904,0.52889997,0.027247956,208.17,191.4,532.1094516233564,369017000000.0,35174000000.0,0.0588,16053000000.0,0.03566,0.053969998,0.532771054329737,205590000000.0,111698000000.0,224625000000.0,85598000000.0,51580000000.0,11011000000.0,26742700000.0,0.11976148683348643
新晃工業,6458,機械,プライム（内国株式）,2025-03-31,大阪府,98364776448.0,1.6243061,4.1143017,14.103314,13.635683275216982,0.5067,0.036389083,102.6,351.7,88.35772794413857,57005000000.0,9987000000.0,0.14064999,7829000000.0,0.12443,0.118669994,0.7172841394402155,20718000000.0,15379000000.0,48153000000.0,2412000000.0,15669000000.0,13212000000.0,36683400000.0,0.3729322764169802
大和冷機工業,6459,機械,プライム（内国株式）,2024-12-31,大阪府,79080308736.0,1.139414,,14.882943,12.706176504377114,0.5571,0.006289308,107.64,,112.17000098839385,47938577000.0,8076565000.0,0.1716,5441648000.0,0.10257,0.06661,0.7297933242535278,25282324000.0,24861235000.0,69259838000.0,,49586391000.0,546569000.0,44360112300.0,0.56095016583826
セガサミーホールディングス,6460,機械,プライム（内国株式）,2025-03-31,東京都,517888737280.0,1.3680271,9.962383,30.076933,12.126194473263714,0.66,0.021539688,81.89,247.23,149.97999986869092,428948000000.0,48127000000.0,0.08814,45051000000.0,0.04164,0.04662,0.5917999556435791,263174000000.0,94179000000.0,388744000000.0,154139000000.0,200360000000.0,51185000000.0,161399500000.0,0.31164898632027654
ＴＰＲ,6463,機械,プライム（内国株式）,2025-03-31,東京都,88065458176.0,0.54686475,4.341683,8.609272,9.085354476398052,0.3184,0.037119526,157.04,311.4,121.53704692412647,192494000000.0,11214000000.0,0.061189998,8866000000.0,0.05573,0.06593,0.5584603415598792,93148000000.0,63967000000.0,149529000000.0,33570000000.0,62461000000.0,35651000000.0,81336700000.0,0.9235936732134807
ツバキ・ナカシマ,6464,機械,プライム（内国株式）,2024-12-31,奈良県,13809312768.0,0.2357705,3.2581227,,-29.443196472283116,19.379799,0.028409092,-56.02,110.8,-24.04430384370149,75921000000.0,814000000.0,0.00599,912000000.0,-0.01359,-0.0107700005,0.35182948815540205,113213000000.0,26748000000.0,84963000000.0,92650000000.0,23060000000.0,,-28250000000.0,-2.045720918528478
ホシザキ,6465,機械,プライム（内国株式）,2024-12-31,愛知県,761931497472.0,2.0616267,20.438316,19.283283,21.794569119876726,0.39450002,0.021133525,279.05,263.28,226.6599997494211,445495000000.0,51480000000.0,0.124630004,37170000000.0,0.083900005,0.1107,0.6690431367934935,161268000000.0,128590000000.0,390307000000.0,,239035000000.0,11272000000.0,236929400000.0,0.31095892581695883
ＴＶＥ,6466,機械,スタンダード（内国株式）,2025-09-30,兵庫県,7143219712.0,0.59812206,,11.943519,7.392346174231256,0.157,0.012861736,254.95,,308.37229112847376,10183746000.0,595739000.0,0.0234,597568000.0,0.05863,0.05198,0.7497331473237054,3987020000.0,2568594000.0,7352676000.0,468518000.0,2392771000.0,2329789000.0,4996508300.0,0.6994756568394911
ニチダイ,6467,機械,スタンダード（内国株式）,2025-03-31,京都府,3124869120.0,0.30145362,3.6421053,,71.99498028044987,0.9615,0.017910447,-33.02,95.0,4.971145920119391,11602714000.0,153657000.0,-0.07498,56477000.0,-0.02623,-0.026630001,0.7224520977754293,4003267000.0,3501554000.0,8372840000.0,1986850000.0,3003596000.0,74283000.0,4421571100.0,1.4149620128730382
放電精密加工研究所,6469,機械,スタンダード（内国株式）,2025-02-28,神奈川県,35032793088.0,4.439019,116.725975,41.341064,57.4298844585106,0.1515,0.004095563,79.34,28.1,32.48039933638174,12898294000.0,689018000.0,0.07051,583223000.0,0.061869998,0.11189,0.4190553794551139,9287194000.0,5603125000.0,7794452000.0,5796299000.0,2598222000.0,279663000.0,-1296977900.0,-0.03702182400193098
大豊工業,6470,機械,スタンダード（内国株式）,2025-03-31,愛知県,24381157376.0,0.35737976,19.09091,906.3158,14.71549141890164,20.833302,0.023923445,0.95,45.1,60.41999958013807,112789000000.0,619000000.0,0.02476,-4187000000.0,0.00028,0.00275,0.5613147397331938,53055000000.0,25379000000.0,63902000000.0,26115000000.0,19952000000.0,5063000000.0,14391100000.0,0.5902549980734761
日本精工,6471,機械,プライム（内国株式）,2025-03-31,東京都,529447485440.0,0.7993351,18.603851,29.522509,46.661082462525926,0.9285,0.033398822,36.65,58.16,17.199999985434015,796667000000.0,23555000000.0,0.05099,10647000000.0,0.022179998,0.027999999,0.534185346478148,550354000000.0,301291000000.0,636662000000.0,,138253000000.0,46085000000.0,118567500000.0,0.22394572315602534
ＮＴＮ,6472,機械,プライム（内国株式）,2025-03-31,大阪府,196950720512.0,0.81946087,15.669756,,15.89282325960505,1.4978999,0.03003003,-35.69,23.74,18.64999998570543,825587000000.0,22960000000.0,0.02898,-23801000000.0,-0.022820001,-0.06644,0.27192690544998105,607728000000.0,422513000000.0,533861000000.0,353992000000.0,131517000000.0,23235000000.0,-57602500000.0,-0.29247163884577076
ジェイテクト,6473,機械,プライム（内国株式）,2025-03-31,愛知県,595600474112.0,0.7951179,14.89294,30.97682,11.378514906754392,0.911,0.030907558,60.4,125.63,117.31999993880021,1884397000000.0,38453000000.0,0.026349999,13713000000.0,0.01036,0.02767,0.4759475428183757,787922000000.0,482250000000.0,762843000000.0,240474000000.0,119060000000.0,190027000000.0,107939900000.0,0.1812287005998964
不二越,6474,機械,プライム（内国株式）,2024-11-30,東京都,106822836224.0,0.67940176,17.980206,25.354078,13.092009033844706,0.5168,0.022222223,193.46,272.8,276.902662443284,239892000000.0,6639000000.0,0.03739,3351000000.0,0.01795,0.0217,0.4744665533506394,170095000000.0,93848000000.0,170438000000.0,94356000000.0,34263000000.0,27102000000.0,19314400000.0,0.1808077812079344
ミネベアミツミ,6479,電気機器,プライム（内国株式）,2025-03-31,東京都,1234907955200.0,1.5749588,14.316309,19.618475,21.596425695083248,0.3191,0.015673982,156.74,214.79,133.0400000967116,1522703000000.0,94482000000.0,0.06552,59457000000.0,0.040710002,0.08208,0.46910993971532305,830189000000.0,477232000000.0,904144000000.0,463597000000.0,214256000000.0,37481000000.0,100191700000.0,0.0811329294447483
日本トムソン,6480,機械,プライム（内国株式）,2025-03-31,東京都,60602650624.0,0.76919603,13.2996645,18.846237,15.964399803799932,0.5095,0.028450362,46.11,65.34,37.71000003060236,54384000000.0,1593000000.0,0.05302,978000000.0,0.04764,0.03604,0.6267797059652264,45035000000.0,17046000000.0,79162000000.0,34903000000.0,24434000000.0,11110000000.0,41904000000.0,0.6914549045055314
ＴＨＫ,6481,機械,プライム（内国株式）,2024-12-31,東京都,467137396736.0,1.4754868,21.31357,70.40351,16.747747653020625,4.2584,0.061854403,59.23,195.65,150.07782707536475,352759000000.0,17294000000.0,0.049250003,10439000000.0,0.01827,0.01957,0.6761241271866596,177624000000.0,80929000000.0,326804000000.0,96514000000.0,138293000000.0,11152000000.0,156986400000.0,0.3360604419532696
ＹＵＳＨＩＮ,6482,機械,スタンダード（内国株式）,2025-03-31,京都府,25235177472.0,0.71783686,12.35637,19.82897,13.139199026026649,0.53419995,0.027137043,37.42,60.05,49.72441531357068,26126713000.0,2586662000.0,-0.00191,1692927000.0,0.0517,0.03785,0.8554137094897459,5546996000.0,4881080000.0,26420335000.0,,11689145000.0,559944000.0,21265299800.0,0.8426847730155722
ＫＶＫ,6484,機械,スタンダード（内国株式）,2025-03-31,岐阜県,21185466368.0,0.717179,,8.969173,7.283074070255895,0.2718,0.016,294.23,,248.7675147679044,29648936000.0,2660920000.0,0.08596,2110780000.0,0.07715,0.08266,0.7808302291984,7950678000.0,7377344000.0,20813181000.0,190231000.0,5455618000.0,1686605000.0,14043126500.0,0.6628660543065369
前澤給装工業,6485,機械,スタンダード（内国株式）,2025-03-31,東京都,33081876480.0,0.8242856,,11.484099,15.078753662109374,0.45599997,0.040617127,141.5,,78.0952380952381,31957000000.0,3047000000.0,0.08914,2379000000.0,0.0,0.07348,0.8642114874559763,6246000000.0,5006000000.0,29934000000.0,,10123000000.0,7262000000.0,28771400000.0,0.8697027817449853
イーグル工業,6486,機械,プライム（内国株式）,2025-03-31,東京都,137889431552.0,1.1443582,15.2,19.855005,10.547344733126772,0.71900004,0.037709977,153.11,200.0,160.84000091466882,168172000000.0,8494000000.0,0.05925,4877000000.0,0.040560003,0.07373,0.5593953332940182,80968000000.0,47140000000.0,111369000000.0,40395000000.0,26185000000.0,18196000000.0,43138200000.0,0.3128463110947846
ヨシタケ,6488,機械,スタンダード（内国株式）,2025-03-31,愛知県,13124802560.0,0.7631584,10.955415,12.272566,9.835661759344816,0.32119998,0.026036644,84.09,94.2,89.03156784291079,9843323000.0,1068874000.0,0.14578,932983000.0,0.10483,0.06395,0.8302848322612778,3293905000.0,2078529000.0,10642923000.0,1147241000.0,3555202000.0,3827805000.0,10028481500.0,0.7640862751386029
前澤工業,6489,機械,スタンダード（内国株式）,2025-05-31,埼玉県,37982060544.0,1.2435676,35.032467,12.366762,6.5861741432703065,0.2752,0.014669927,174.5,61.6,196.64999959066057,37499000000.0,4654000000.0,0.1204,3077000000.0,0.08701,0.11526,0.7012962659103162,12743000000.0,10171000000.0,29903000000.0,2422000000.0,10342000000.0,4198000000.0,20098600000.0,0.5291603381211228
ＰＩＬＬＡＲ,6490,機械,プライム（内国株式）,2025-03-31,大阪府,130068856832.0,1.7132366,11.429155,15.707983,12.659393944661337,0.3513,0.023818897,355.87,489.1,462.50000214517627,57988000000.0,11335000000.0,0.19779,8299000000.0,0.14684,0.115830004,0.7532303299168834,24197000000.0,10600000000.0,51008000000.0,11825000000.0,21883000000.0,6262000000.0,31194400000.0,0.2398298928719841
岡野バルブ製造,6492,機械,スタンダード（内国株式）,2024-11-30,福岡県,13080692736.0,1.0899669,,11.910155,6.120422414999832,0.102299996,0.009991966,684.29,,433.84001946989355,8169000000.0,1186000000.0,0.21025999,1102000000.0,0.113620006,,0.7866995073891626,3031000000.0,2066000000.0,9245000000.0,858000000.0,4403000000.0,1352000000.0,7160400000.0,0.5474022014364363
ＮＩＴＴＡＮ,6493,輸送用機器,スタンダード（内国株式）,2025-03-31,神奈川県,21546563584.0,0.7302434,,10.664386,16.920810239702668,0.18530001,0.019756839,70.14,,20.923687508703523,51446480000.0,1507641000.0,0.06652,630206000.0,0.04009,0.080010004,0.4357815876523435,28567528000.0,16230934000.0,31532615000.0,12010759000.0,9272996000.0,7664081000.0,8329943700.0,0.38660195940412656
ＮＦＫホールディングス,6494,機械,スタンダード（内国株式）,2025-03-31,東京都,6775439360.0,1.183694,,40.406975,5.848175787675606,0.0,0.0,3.44,,17.954316664228198,2082243000.0,137108000.0,0.15833001,105630000.0,0.074939996,0.026630001,0.898038580589549,585516000.0,408445000.0,3772110000.0,42937000.0,2583740000.0,1490738000.0,4230110600.0,0.6243300803447822
宮入バルブ製作所,6495,機械,スタンダード（内国株式）,2025-03-31,東京都,9005045760.0,2.9930534,,149.6,33.07562311584447,1.6,0.0,1.25,,3.6761886941516457,6785681000.0,81991000.0,0.04053,-74849000.0,0.0572,0.10539,0.44679741791165883,4922349000.0,2803255000.0,3522617000.0,2630662000.0,436795000.0,654873000.0,-941320900.0,-0.1045326059509108
中北製作所,6496,機械,スタンダード（内国株式）,2025-05-31,,25134135296.0,0.9315494,,16.090464,12.740349344356021,0.2348,0.016528925,447.47,,288.5378108877467,23768125000.0,1159040000.0,0.05922,1730055000.0,0.07279,,0.6983528800492368,10995766000.0,9493103000.0,23192378000.0,3078700000.0,5492316000.0,2675365000.0,14069367500.0,0.5597712964582905
ハマイ,6497,機械,スタンダード（内国株式）,2024-12-31,東京都,8162914304.0,0.484218,,9.950167,6.715564676524816,0.2858,0.016353229,122.41,,136.0381686607395,12092900000.0,1117649000.0,0.07539,396769000.0,0.07204,0.05549,0.741801689621928,5589059000.0,3487880000.0,12410805000.0,168605000.0,4334365000.0,4035557000.0,9646635900.0,1.1817637109424197
キッツ,6498,機械,プライム（内国株式）,2024-12-31,東京都,165429575680.0,1.4771678,14.559914,14.348154,9.267798560405199,0.3468,0.026578072,132.7,130.77,118.07624838123161,172042000000.0,14220000000.0,0.08851,11824000000.0,0.06607,0.107559994,0.6286614154959804,62598000000.0,35419000000.0,106377000000.0,34778000000.0,30729000000.0,5512000000.0,47637400000.0,0.2879618097561211
日立製作所,6501,電気機器,プライム（内国株式）,2025-03-31,,24090702249984.0,3.9517632,29.921967,31.937204,21.33732240669581,0.2693,0.0085502565,166.89,178.13,126.75000000870217,9783370000000.0,971606000000.0,0.14825,615724000000.0,0.07943,0.13979,0.4401334817434013,7253396000000.0,5907845000000.0,6597843000000.0,1206116000000.0,866242000000.0,349567000000.0,-410856100000.0,-0.017054550578751722
三菱電機,6503,電気機器,プライム（内国株式）,2025-03-31,東京都,10307458039808.0,2.5521927,30.501392,26.396603,18.113541898623566,0.2886,0.011674804,190.82,165.14,135.74000002292274,5521711000000.0,391850000000.0,0.079169996,324084000000.0,0.07037,0.1035,0.6194912542662117,2299314000000.0,1847029000000.0,3747535000000.0,360661000000.0,757331000000.0,312836000000.0,1667206200000.0,0.16174756118930128
富士電機,6504,電気機器,プライム（内国株式）,2025-03-31,東京都,1842483167232.0,2.5710886,20.578842,21.756536,18.570636172537117,0.3064,0.014396728,574.54,607.42,527.5700011485656,1123407000000.0,117647000000.0,0.08248,92239000000.0,0.07126,0.12086,0.5271903518966601,581518000000.0,431466000000.0,766672000000.0,101293000000.0,63542000000.0,108713000000.0,261253100000.0,0.14179402267890776
東洋電機製造,6505,電気機器,スタンダード（内国株式）,2025-05-31,東京都,19558498304.0,0.68354505,17.795082,9.384861,10.237216939507958,0.3027,0.03281763,231.33,122.0,99.47866794339824,40539000000.0,2384000000.0,0.043759998,2128000000.0,0.0612,0.09255999,0.5146213117834993,25827000000.0,17244000000.0,30086000000.0,9207000000.0,5007000000.0,14178000000.0,14183600000.0,0.7251885998374039
安川電機,6506,電気機器,プライム（内国株式）,2025-02-28,福岡県,1276242952192.0,2.7553592,24.017765,22.303299,29.166443929243076,0.3085,0.013616339,220.64,204.89,193.69000036004246,537682000000.0,50157000000.0,0.07303,56987000000.0,0.0687,,0.5797298641791727,304165000000.0,179505000000.0,462837000000.0,109526000000.0,59028000000.0,74735000000.0,210986500000.0,0.16531844476603924
シンフォニアテクノロジー,6507,電気機器,プライム（内国株式）,2025-03-31,,305821155328.0,3.6971488,29.961306,25.257467,11.380613465672775,0.2681,0.011710795,429.18,361.8,266.22685677803787,119150000000.0,15734000000.0,0.11688,12097000000.0,0.1004,0.15691,0.5871529380729407,56340000000.0,38296000000.0,77049000000.0,14935000000.0,10221000000.0,14086000000.0,30569200000.0,0.09995776769338881
明電舎,6508,電気機器,プライム（内国株式）,2025-03-31,東京都,270827618304.0,1.9001181,19.750555,14.70878,11.081965899317234,0.3325,0.022920204,405.88,302.27,247.00000255707278,301101000000.0,21517000000.0,0.03359,18487000000.0,0.05901,0.13855,0.40655403445760474,199136000000.0,118069000000.0,217116000000.0,44565000000.0,30679000000.0,23498000000.0,34428600000.0,0.1271236671341045
オリジン,6513,電気機器,スタンダード（内国株式）,2025-03-31,埼玉県,5614096896.0,0.24512494,,,-4.497158073271355,0.6589,0.037558686,-183.97,,-255.1086208785989,28803206000.0,-246662000.0,-0.04993,-83748000.0,-0.035150003,-0.03261,0.5254800570259421,18781574000.0,8760745000.0,25268259000.0,2540064000.0,6760829000.0,7711534000.0,11884758800.0,2.1169493544843867
山洋電気,6516,電気機器,プライム（内国株式）,2025-03-31,東京都,149164261376.0,1.2668414,6.861736,19.87413,7.910997145005969,0.2994,0.015007109,211.33,612.09,289.1733332891721,97847000000.0,7936000000.0,0.11568,5637000000.0,0.0739,0.06692,0.7783324635372318,32281000000.0,23533000000.0,94862000000.0,7281000000.0,28898000000.0,11845000000.0,70872500000.0,0.47513056643877255
デンヨー,6517,電気機器,プライム（内国株式）,2025-03-31,東京都,73657171968.0,0.9623705,13.111192,14.951881,9.086465304381928,0.3719,0.025531914,242.11,276.1,246.8300027269992,70753000000.0,7394000000.0,0.08766,5647000000.0,0.07247,0.064959995,0.7495514194543321,22447000000.0,17575000000.0,66647000000.0,4449000000.0,23500000000.0,10758000000.0,51730600000.0,0.702315858969906
三相電機,6518,電気機器,スタンダード（内国株式）,2025-03-31,兵庫県,4737560576.0,0.39244205,,8.655293,5.35910859460858,0.2091,0.024752475,119.58,,216.97249724972497,16029586000.0,69704000.0,0.041750003,236872000.0,0.03133,0.045700002,0.6428448549922338,6610366000.0,4349882000.0,10829394000.0,1856975000.0,2706411000.0,974133000.0,4900921100.0,1.034481991602929
オキサイド,6521,電気機器,グロース（内国株式）,2025-02-28,山梨県,19516631040.0,3.6935067,36.47948,,-74.67532242252601,0.0,0.0,-245.77,46.3,-41.58000125438184,8394851000.0,126321000.0,-0.04992,-2703613000.0,-0.29857,-0.41742,0.29731164058610077,12793204000.0,6346888000.0,8524155000.0,10369234000.0,2245402000.0,,-4269049000.0,-0.21873903294325944
アスタリスク,6522,電気機器,グロース（内国株式）,2025-08-31,大阪府,3025127424.0,1.7516693,,,-8.866342665955088,0.0,0.0,-24.42,,-54.81403305853934,1666306000.0,-125649000.0,-0.21693,-182293000.0,-0.109239995,-0.11145,0.6217528107340214,1051986000.0,984390000.0,1729612000.0,721678000.0,932258000.0,101250000.0,748501000.0,0.24742792454351833
ＰＨＣホールディングス,6523,電気機器,プライム（内国株式）,2025-03-31,東京都,146877972480.0,1.0015001,12.84292,25.399256,-11.315423378968516,0.9182,0.03687445,45.71,90.4,-102.47205160636227,361593000000.0,22952000000.0,0.07215,10484000000.0,0.01613,0.04133,0.26599772386672227,391311000000.0,140555000000.0,172790000000.0,255260000000.0,39592000000.0,13932000000.0,-208768600000.0,-1.4213744680362297
湖北工業,6524,電気機器,スタンダード（内国株式）,2024-12-31,滋賀県,76421234688.0,3.5265903,24.060028,38.291798,23.246876176687607,0.38880002,0.009677419,77.04,122.61,70.54666663850729,15924000000.0,3940000000.0,0.30076,3252000000.0,0.17101999,0.12768,0.8167619578859294,5256000000.0,2945000000.0,18331000000.0,2308000000.0,9327000000.0,856000000.0,13674200000.0,0.17893194287983918
ＫＯＫＵＳＡＩ　ＥＬＥＣＴＲＩＣ,6525,電気機器,プライム（内国株式）,2025-03-31,東京都,1384763621376.0,6.6476455,31.015373,41.36104,40.3721437687976,0.2582,0.0059725586,143.42,191.26,93.70000004732323,238933000000.0,51320000000.0,0.19861999,36004000000.0,0.1387,0.1713,0.5744102696244934,145344000000.0,82671000000.0,172852000000.0,60184000000.0,44755000000.0,1706000000.0,28702200000.0,0.02072714762067438
ソシオネクスト,6526,電気機器,プライム（内国株式）,2025-03-31,神奈川県,410159251456.0,3.1557543,16.380878,41.60889,27.499962843675057,0.8872,0.02205558,56.25,142.88,144.8000003324405,188535000000.0,25000000000.0,0.04419,19600000000.0,0.05704,0.07519,0.804676123819813,33266000000.0,31271000000.0,126290000000.0,1298000000.0,72837000000.0,0.0,93024000000.0,0.22679971174557106
ベイカレント,6532,サービス業,プライム（内国株式）,2025-02-28,東京都,1036914393088.0,10.013052,27.285805,29.930302,18.529114773254825,0.38189998,0.012807301,228.13,250.24,166.04000009707798,116056000000.0,42615000000.0,0.32391,30760000000.0,0.26545,0.37635,0.7572373962218746,30264000000.0,24159000000.0,88599000000.0,8082000000.0,60552000000.0,2234000000.0,59898800000.0,0.05776638881597293
Ｏｒｃｈｅｓｔｒａ　Ｈｏｌｄｉｎｇｓ,6533,サービス業,プライム（内国株式）,2024-12-31,東京都,10282915840.0,1.6086352,25.616922,57.794273,22.573677493233227,0.5836,0.00990991,18.86,42.55,47.810001667529335,14036930000.0,801190000.0,0.19018999,331752000.0,0.04171,0.105220005,0.44279223496816256,6695691000.0,4696665000.0,7128774000.0,2881467000.0,3278490000.0,970629000.0,1112523300.0,0.10819142326073924
アイモバイル,6535,サービス業,プライム（内国株式）,2024-07-31,東京都,28303822848.0,1.9212844,9.398847,9.832555,10.398438541275151,0.5062,0.051896207,51.36,53.73,41.98999978657975,,,0.00079,,0.08361,0.15262,0.638312642927148,8857000000.0,8730000000.0,21383000000.0,,18602000000.0,477000000.0,12859900000.0,0.45435205233800086
ＷＡＳＨハウス,6537,サービス業,グロース（内国株式）,2023-12-31,宮崎県,2597012736.0,1.5011649,11.682243,,145.152273,0.0,0.0,-1.64,32.1,1.591432192040148,1914000000.0,14000000.0,-0.01794,-33000000.0,0.01418,0.02118,0.4078469363041899,2366000000.0,1246000000.0,2405000000.0,854000000.0,1013000000.0,1000000.0,39700000.0,0.015286794496490294
ディスラプターズ,6538,サービス業,スタンダード（内国株式）,2025-03-31,東京都,7492180992.0,3.2788649,9.093167,19.645733,-2.3757841284496872,0.2682,0.014044944,18.63,40.25,-78.68163200153491,4294000000.0,352000000.0,0.12798999,211000000.0,0.080579996,0.1757,0.5799894403379092,1591000000.0,966000000.0,1642000000.0,828000000.0,1067000000.0,2000000.0,52400000.0,0.006993958108587027
ＭＳ－Ｊａｐａｎ,6539,サービス業,プライム（内国株式）,2025-03-31,東京都,26069168128.0,2.956362,,25.222408,23.94831018833865,1.3478,0.053691275,41.59,,45.39966413944454,7474012000.0,1604916000.0,0.23674,1032737000.0,0.13716,0.11501,0.8920630677573548,1067396000.0,916595000.0,5778115000.0,186761000.0,4298269000.0,1457114000.0,5730698800.0,0.21982668460543828
船場,6540,サービス業,スタンダード（内国株式）,2024-12-31,東京都,18697750528.0,1.3455849,,10.079972,8.061707553548368,0.3452,0.03470214,173.81,,97.83999742608998,28956961000.0,1918287000.0,0.03162,1499219000.0,0.046550002,0.112749994,0.5842174595415134,9696132000.0,9469408000.0,20972813000.0,,12489850000.0,265486000.0,11462521200.0,0.6130427926522392
ＦＣホールディングス,6542,サービス業,スタンダード（内国株式）,2024-06-30,,9181960192.0,1.1373662,,12.194911,5.3596567692610515,0.303,0.031937543,115.54,,127.88189723320158,8526716000.0,1135221000.0,0.12354,670617000.0,0.09196,0.1043,0.8109723693328826,1755007000.0,1465510000.0,4274853000.0,166043000.0,1723536000.0,119423000.0,2603442100.0,0.2835388136694723
日宣,6543,サービス業,スタンダード（内国株式）,2025-02-28,東京都,4926017024.0,1.4030241,,14.792626,11.098908027987882,0.4723,0.03282626,86.8,,51.77000419210484,5533651000.0,393459000.0,0.062589996,248661000.0,0.05644,0.09891,0.7030158391716141,1451361000.0,850760000.0,2470443000.0,311655000.0,1739571000.0,344244000.0,1260052800.0,0.2557954619037874
ジャパンエレベーターサービスホールディングス,6544,サービス業,プライム（内国株式）,2025-03-31,東京都,314549895168.0,15.346112,22.149754,50.184715,48.27422692993353,0.4398,0.008967313,35.19,79.73,25.260703185131856,49375000000.0,8625000000.0,0.19475001,5530000000.0,0.1188,0.33546,0.5637020928065072,15093000000.0,12268000000.0,16717000000.0,5003000000.0,2344000000.0,63000000.0,1668100000.0,0.005303133225045501
インターネットインフィニティー,6545,サービス業,グロース（内国株式）,2025-03-31,東京都,3616237568.0,2.2245748,12.973485,15.101411,19.046354977773834,0.26459998,0.0,45.36,52.8,23.990001717192218,5161692000.0,401035000.0,0.08762,255060000.0,0.051859997,0.19433,0.3804715018055078,2681924000.0,1966001000.0,3306774000.0,1468189000.0,2299844000.0,,624850000.0,0.17279008589736547
フルテック,6546,サービス業,スタンダード（内国株式）,2024-12-31,北海道,6306988544.0,0.92099726,,15.786645,24.442397178118412,0.4302,0.035805628,74.43,,44.56475366314868,13813726000.0,612999000.0,0.02681,457900000.0,0.022449998,0.04559,0.5465388399698651,5546585000.0,4773391000.0,7498316000.0,696837000.0,2835904000.0,859897000.0,2553658900.0,0.4048935370953482
グリーンズ,6547,サービス業,スタンダード（内国株式）,2025-06-30,三重県,31028430848.0,2.7716322,8.556393,6.1261554,5.381463012491778,0.0949,0.014644352,368.91,264.13,355.5119553986687,49645000000.0,6307000000.0,0.17478001,5260000000.0,0.10255,0.52254003,0.3460976024485632,19228000000.0,7831000000.0,14322000000.0,12232000000.0,10013000000.0,121000000.0,-4821300000.0,-0.15538330067731307
旅工房,6548,サービス業,グロース（内国株式）,2025-06-30,東京都,2746848000.0,4.0694437,,,-12.087087305093867,0.0,0.0,-38.86,,-17.704844401166348,3722853000.0,-111626000.0,0.04388,-767900000.0,-0.15662,,0.15812870488595462,3101255000.0,2565875000.0,3444176000.0,500000000.0,2603535000.0,,342921000.0,0.12484163666864712
ディーエムソリューションズ,6549,サービス業,スタンダード（内国株式）,2025-03-31,東京都,4389408256.0,1.2793384,,9.70163,9.401685957952063,0.2318,0.023690773,163.89,,141.65000908595312,21155962000.0,678865000.0,0.02706,496106000.0,0.021189999,0.14439,0.40877516229236693,4841769000.0,2941278000.0,4341384000.0,2309550000.0,1361152000.0,65500000.0,-454535000.0,-0.10355268261472009
ツナググループ・ホールディングス,6551,サービス業,スタンダード（内国株式）,2025-09-30,東京都,6206470144.0,3.0908706,,12.294543,15.952562537144866,0.23020001,0.018766755,60.84,,41.26999923174569,18269126000.0,877307000.0,0.04066,511417000.0,0.02797,0.25159,0.452024308035006,2381764000.0,2346802000.0,3287809000.0,159164000.0,1148474000.0,,906045000.0,0.14598394562099096
ＧａｍｅＷｉｔｈ,6552,サービス業,スタンダード（内国株式）,2025-05-31,,3160829184.0,1.1793683,31.754387,,-14.872701241116918,0.0,0.0,-13.5,5.7,-19.566048916218687,3451913000.0,-196885000.0,0.0024899999,-235822000.0,-0.02938,-0.038900003,0.7993488059151225,671596000.0,640629000.0,2778102000.0,44981000.0,2142876000.0,233744000.0,2270126800.0,0.7182060996814689
エスユーエス,6554,サービス業,グロース（内国株式）,2025-09-30,京都府,10543931392.0,2.4950132,,11.615566,10.46382989427474,0.442,0.039028622,101.76,,66.26000049970166,15015000000.0,1213000000.0,0.061100002,915000000.0,0.060939997,0.22851999,0.62933730454207,2398000000.0,2321000000.0,5570000000.0,9000000.0,3407000000.0,192000000.0,3306400000.0,0.31358322404380073
ＭＳ＆Ｃｏｎｓｕｌｔｉｎｇ,6555,サービス業,スタンダード（内国株式）,2025-02-28,東京都,1979911552.0,0.6849475,,,21.083645690152668,0.0,0.0,-50.11,,28.031205261433158,2552146000.0,-237844000.0,0.18876,-276099000.0,-0.074829996,-0.0728,0.7658534217294792,826397000.0,778233000.0,1088503000.0,208177000.0,578930000.0,45636000.0,294051200.0,0.1485173414453617
ＡＩＡＩグループ,6557,サービス業,グロース（内国株式）,2025-03-31,東京都,9167905792.0,3.1871154,10.14245,19.560438,11.697247800461987,0.0,0.0,72.8,140.4,56.679999544321404,13071341000.0,733473000.0,0.063039996,421875000.0,0.03471,0.17922,0.22592487264127079,9654611000.0,3881368000.0,4651054000.0,7155199000.0,2346970000.0,749802000.0,-4478695600.0,-0.48851893786999334
クックビズ,6558,サービス業,グロース（内国株式）,2024-11-30,大阪府,2272209408.0,1.9321495,,,9.749506859357,0.0,0.0,-113.36,,96.20999436497273,3276685000.0,93420000.0,-0.15008001,2778000.0,-0.13307,-0.277,0.39740453497142025,2264285000.0,994574000.0,2788846000.0,1759041000.0,2237162000.0,,524561000.0,0.23085944374366396
エル・ティー・エス,6560,サービス業,プライム（内国株式）,2024-12-31,東京都,9934484480.0,2.1387486,12.283985,12.077922,29.205277804939172,0.16229999,0.014265335,184.8,181.7,97.70999200887223,16592000000.0,1108000000.0,0.08726,973000000.0,0.0433,0.16714,0.4001929486055078,6838000000.0,3653000000.0,8281000000.0,3881000000.0,5447000000.0,560000000.0,1835000000.0,0.1847101380745224
ＨＡＮＡＴＯＵＲ　ＪＡＰＡＮ,6561,サービス業,グロース（内国株式）,2024-12-31,東京都,11111591936.0,2.6678483,,6.5735717,17.08021908081958,0.2228,0.033444814,134.63,,97.31612798804066,6662439000.0,1732358000.0,0.17259,1627143000.0,0.24583,0.48353,0.3239400068594887,7257838000.0,2820682000.0,4653964000.0,5268542000.0,2549949000.0,,-2603874000.0,-0.23433851917867982
ジーニー,6562,サービス業,グロース（内国株式）,2025-03-31,東京都,13006081024.0,1.5274314,8.325516,12.158923,17.66845915822994,0.0,0.0,87.59,127.92,58.29597197898424,11321923000.0,2520609000.0,0.12716,1954240000.0,0.08479,0.13685,0.33023963859433103,15181125000.0,7367749000.0,7887185000.0,10218858000.0,2861486000.0,510936000.0,-6936284800.0,-0.533310901815892
みらいワークス,6563,サービス業,グロース（内国株式）,2025-09-30,東京都,3335574784.0,2.5540385,11.8114605,37.412178,88.5760194713418,0.0,0.0,17.08,54.1,12.430000880274616,11144579000.0,284179000.0,0.02019,91164000.0,0.008169999,,0.42078641373825065,1798742000.0,1798742000.0,2749978000.0,,1447732000.0,,951236000.0,0.2851790355781752
ミダックホールディングス,6564,サービス業,プライム（内国株式）,2025-03-31,静岡県,55155036160.0,3.3816688,18.368664,19.11384,22.766792604341497,0.1342,0.0072727273,104.27,108.5,68.99000037334717,10905457000.0,4534483000.0,0.31075,2862856000.0,0.25863,0.19188999,0.54231124366338,13040885000.0,3993375000.0,9605214000.0,9323316000.0,8115702000.0,255064000.0,-3257126200.0,-0.05905401259372504
ＡＢホテル,6565,サービス業,スタンダード（内国株式）,2025-03-31,愛知県,22992715776.0,1.6483421,,8.096641,11.421465754550532,0.0848,0.0,200.33,,163.1422488533097,10679046000.0,3962840000.0,0.40441,2542465000.0,0.24638,0.22413999,0.48502142562657646,13536510000.0,4568778000.0,6738203000.0,10583265000.0,5920492000.0,500000.0,-6797957000.0,-0.2956569839868924
要興業,6566,サービス業,スタンダード（内国株式）,2025-03-31,東京都,23061012480.0,1.1550722,,15.074178,10.797812259582487,0.2905,0.019021738,96.39,,81.01682288308285,14506733000.0,2108704000.0,0.14086,1513972000.0,0.10406,0.078889996,0.81134329548452,4551629000.0,2192406000.0,7328392000.0,978779000.0,5635373000.0,3070971000.0,4926442700.0,0.21362647040204888
神戸天然物化学,6568,サービス業,グロース（内国株式）,2025-03-31,兵庫県,9188992000.0,1.9007206,8.180565,13.423046,7.193511339140151,0.121400006,0.008718396,88.43,145.1,193.5001037471178,8178920000.0,771860000.0,0.06461,737329000.0,0.08478,,0.6708976007625874,6632218000.0,2268579000.0,7475498000.0,3119023000.0,2385561000.0,232610000.0,1006107000.0,0.10949046424243268
共和コーポレーション,6570,サービス業,スタンダード（内国株式）,2025-03-31,長野県,7353639424.0,1.3767332,,7.24067,7.971376607259335,0.13229999,0.018101368,170.15,,108.11999179099938,16705339000.0,1294984000.0,0.1025,917229000.0,0.05582,0.21020001,0.31641322440400277,10525364000.0,5510177000.0,6688442000.0,5909304000.0,4499974000.0,330733000.0,-3605408900.0,-0.49028905173580617
キュービーネットホールディングス,6571,サービス業,プライム（内国株式）,2025-06-30,東京都,18432645120.0,1.2561692,12.683372,18.224667,11.382340650782357,0.45790002,0.02523432,76.38,109.75,97.3248241065136,25543000000.0,1685000000.0,0.08871,1022000000.0,0.04068,0.07382,0.42918944199234166,19528000000.0,6135000000.0,6884000000.0,15752000000.0,5271000000.0,2017000000.0,-11232100000.0,-0.6093590977787999
オープングループ,6572,サービス業,プライム（内国株式）,2025-02-28,東京都,16437969920.0,1.5480527,38.81579,40.915394,95.65265117327259,0.4161,0.009966778,7.21,7.6,2.669999994692904,7224445000.0,653676000.0,0.10639,435456000.0,0.05747,0.03857,0.6001166809366848,7984503000.0,5978803000.0,15577862000.0,4278788000.0,10510244000.0,1746585000.0,8815968500.0,0.5363173520152056
アジャイルメディア・ネットワーク,6573,サービス業,グロース（内国株式）,2024-12-31,東京都,2648593664.0,5.413086,,,-15.556489425121313,0.0,0.0,-8.99,,-27.062661021718075,455521000.0,-301962000.0,-0.57025003,-337676000.0,-0.54402,-0.88848996,0.6136940407589347,214635000.0,104175000.0,483964000.0,138324000.0,344118000.0,20191000.0,283462700.0,0.1070238533954297
コンヴァノ,6574,サービス業,グロース（内国株式）,2025-03-31,東京都,67715076096.0,5.107527,,40.797546,-10.027957820382609,0.0,0.0,3.26,,-0.7718420749024302,3240603000.0,134698000.0,0.59578,77838000.0,0.26128998,0.19715,0.5509282889919145,1420884000.0,848342000.0,1384199000.0,705117000.0,806173000.0,171530000.0,83386000.0,0.0012314244450051751
ベストワンドットコム,6577,サービス業,グロース（内国株式）,2024-07-31,東京都,2999164416.0,2.6994646,,322.76422,243.962539780081,2.4233,0.007602636,6.15,,19.01000660334231,3137160000.0,263768000.0,-0.00818,248621000.0,-0.01232,-0.02724,0.4011883805117864,1718160000.0,964141000.0,2292578000.0,988731000.0,1602898000.0,209246000.0,720890200.0,0.24036368134877203
コレックホールディングス,6578,サービス業,スタンダード（内国株式）,2025-02-28,東京都,3130209024.0,3.2303455,,485.22726,22.286753336588543,9.0909,0.019704433,0.88,,12.0,6468054000.0,220686000.0,-0.02071,19944000.0,0.00084,0.00606,0.3678197386871311,1861078000.0,1701626000.0,2719728000.0,792781000.0,1562885000.0,730000.0,859161000.0,0.274474002666475
ログリー,6579,サービス業,グロース（内国株式）,2025-03-31,東京都,1228369024.0,2.9960115,,,-43.88329608106094,0.0,0.0,-44.52,,-12.533242694077572,1605189000.0,-162161000.0,-0.02564,-189375000.0,-0.10903,-0.34107,0.43623136741373164,629424000.0,614844000.0,963603000.0,263192000.0,754980000.0,94966000.0,400655200.0,0.32616843324111694
ライトアップ,6580,サービス業,グロース（内国株式）,2025-03-31,東京都,13273216000.0,4.1067924,16.781088,21.711079,17.9969985102948,0.1507,0.0065264683,119.34,154.4,44.45999614420667,4003770000.0,720720000.0,0.22869,485040000.0,0.14128,,0.7453931926635092,1065765000.0,1061714000.0,3740374000.0,5785000.0,2722706000.0,51159000.0,2710420300.0,0.20420222951242561
三櫻工業,6584,輸送用機器,プライム（内国株式）,2025-03-31,東京都,31404122112.0,0.67925787,6.277738,12.258876,9.172323619376195,0.39130002,0.03207331,71.54,139.7,117.4142420690662,159538000000.0,4860000000.0,0.029040001,737000000.0,0.01633,0.065359995,0.3779388413665932,69051000000.0,41878000000.0,70348000000.0,39674000000.0,22692000000.0,6707000000.0,5991900000.0,0.19079979305361325
マキタ,6586,機械,プライム（内国株式）,2025-03-31,愛知県,1337367855104.0,1.4100934,20.546999,16.921019,25.70747018698788,0.3482,0.021594685,298.8,246.07,162.1300002731173,753130000000.0,107038000000.0,0.13257,79338000000.0,0.10727999,0.08685,0.8368595377420303,174029000000.0,138998000000.0,756437000000.0,10152000000.0,253279000000.0,35881000000.0,607524700000.0,0.4542689565039351
東芝テック,6588,電気機器,プライム（内国株式）,2025-03-31,東京都,150698917888.0,1.5317267,11.467742,,-23.900380078819385,0.0796,0.00884017,-123.9,248.0,-123.92000033700623,577023000000.0,20251000000.0,0.00765,29937000000.0,-0.01202,-0.061680004,0.3120584575498526,230690000000.0,169652000000.0,209574000000.0,40625000000.0,47945000000.0,37148000000.0,4887600000.0,0.03243288053091717
芝浦メカトロニクス,6590,電気機器,プライム（内国株式）,2025-03-31,神奈川県,296428634112.0,6.056857,30.341305,25.630257,9.220283868071103,0.3158,0.013314176,880.99,744.2,666.2700214406648,80915000000.0,14136000000.0,0.16894,10328000000.0,0.13302,0.25798,0.49678719919365,47928000000.0,38742000000.0,74154000000.0,8736000000.0,28478000000.0,,26226000000.0,0.0884732343033062
マブチモーター,6592,電気機器,プライム（内国株式）,2024-12-31,千葉県,360948006912.0,1.15275,11.180455,39.362274,14.628684325773877,1.0333999,0.026506023,37.32,131.39,75.24499996374551,196212000000.0,21645000000.0,0.14096,12831000000.0,0.100760005,0.06439,0.9003602928541448,35367000000.0,28823000000.0,238478000000.0,517000000.0,134944000000.0,12415000000.0,211801500000.0,0.5867922690916471
ニデック,6594,電気機器,プライム（内国株式）,2025-03-31,京都府,2387763527680.0,1.3571155,10.988025,19.877851,28.337847821666816,0.1907,0.009478673,104.79,189.57,108.29898672585963,2607813000000.0,238116000000.0,0.07153,164365000000.0,0.04586,0.06313,0.5169942755523053,1579992000000.0,1065717000000.0,1628017000000.0,636046000000.0,246239000000.0,5973000000.0,52206100000.0,0.02186401601113512
ＨＰＣシステムズ,6597,電気機器,グロース（内国株式）,2024-06-30,東京都,7696064512.0,3.1760218,18.580767,19.724453,45.649826328871136,0.2775,0.015538291,100.89,107.1,42.41999875796157,6945329000.0,425980000.0,0.087790005,299043000.0,0.06806,0.20381,0.522081165277957,2277386000.0,1751702000.0,4412971000.0,1257910000.0,1834204000.0,51200000.0,2171425000.0,0.2821474529760283
エブレン,6599,電気機器,スタンダード（内国株式）,2025-03-31,東京都,4457429504.0,0.9147199,,12.409158,10.766964098281344,0.1681,0.013373454,238.05,,220.05540202919872,4025988000.0,464597000.0,0.12402,313410000.0,0.08904,0.07574,0.8106392698008293,1117992000.0,706830000.0,4645755000.0,,2730393000.0,299918000.0,3737705600.0,0.838533867253731
バルミューダ,6612,電気機器,グロース（内国株式）,2024-12-31,東京都,5838202368.0,1.646417,,,-5.435839591984548,0.0,0.0,-42.68,,-245.59223601236002,12462000000.0,12000000.0,-0.29006,67000000.0,-0.05294,-0.14682999,0.7034940148819152,1833000000.0,1807000000.0,5532000000.0,428000000.0,1345000000.0,,3699000000.0,0.6335854372357378
ＱＤレーザ,6613,電気機器,グロース（内国株式）,2025-03-31,神奈川県,16538631168.0,3.2698088,127.741936,,-35.11087381015737,0.0,0.0,-7.33,3.1,-15.436813191564676,1308870000.0,-445690000.0,-0.24901,-445768000.0,-0.22101,-0.05856,0.9479459006282025,286603000.0,256096000.0,4554880000.0,0.0,3754424000.0,,4268277000.0,0.25807921808296536
シキノハイテック,6614,電気機器,スタンダード（内国株式）,2025-03-31,富山県,3095741696.0,1.330151,4.8287673,,21.14600584451588,0.2378,0.0,-18.81,146.0,115.12999517176605,6516011000.0,56301000.0,0.00179,-14584000.0,-0.01235,-0.03364,0.4565374634990813,2941510000.0,1568518000.0,3546848000.0,685083000.0,557141000.0,96584000.0,672946800.0,0.2173782137151536
ユー・エム・シー・エレクトロニクス,6615,電気機器,プライム（内国株式）,2025-03-31,埼玉県,9989605376.0,0.63017905,2.616065,,10.026985360051468,0.2173,0.029498525,-59.46,135.7,36.12000019245132,131938000000.0,2150000000.0,0.02323,-2508000000.0,-0.013300001,-0.096269995,0.20765762094912124,58311000000.0,46036000000.0,45732000000.0,31753000000.0,11559000000.0,,-12579000000.0,-1.259208900305613
トレックス・セミコンダクター,6616,電気機器,プライム（内国株式）,2025-03-31,東京都,15983987712.0,0.9132663,16.60066,,-4.436567476755682,0.609,0.05865922,-183.37,90.9,-390.72999770255996,23957700000.0,-632167000.0,0.041539997,-2358567000.0,-0.08695,-0.10757,0.5177526789902809,16207367000.0,7054217000.0,20836112000.0,12984430000.0,9429457000.0,1232434000.0,5491448800.0,0.34355937322682545
東光高岳,6617,電気機器,プライム（内国株式）,2025-03-31,東京都,68141207552.0,1.0867815,26.187538,13.858057,8.417903814528858,0.2023,0.015480649,306.32,162.1,290.2702205574867,106624000000.0,6095000000.0,0.07628,3824000000.0,0.04578,0.080369994,0.5364269876464999,47198000000.0,27025000000.0,70255000000.0,3710000000.0,13432000000.0,1359000000.0,24008300000.0,0.3523315899806847
ダブル・スコープ,6619,電気機器,プライム（内国株式）,2025-01-31,東京都,9227398144.0,0.21377526,2.813599,,16.97656633877181,0.0,0.0,-189.78,59.71,78.52000065264302,31047000000.0,-1008000000.0,-1.17685,-3713000000.0,0.0,,0.8267947202849582,10406000000.0,8492000000.0,6761000000.0,8313000000.0,262000000.0,38334000000.0,23188800000.0,2.5130377640720125
宮越ホールディングス,6620,不動産業,プライム（内国株式）,2025-03-31,東京都,35052249088.0,1.3643245,,152.08333,101.60277108768658,0.0,0.0,5.76,,13.39530394132077,1030000000.0,284000000.0,-0.22694999,365000000.0,0.30236,0.00908,0.9119980597997436,870000000.0,358000000.0,12794000000.0,,11844000000.0,,11924000000.0,0.3401778861625782
ダイヘン,6622,電気機器,プライム（内国株式）,2025-03-31,大阪府,268717228032.0,1.8597507,16.97116,20.94397,13.475268394105196,0.3104,0.015796963,536.67,662.3,673.2000072976938,226375000000.0,16179000000.0,0.06708,11961000000.0,0.05485,0.09149,0.47675668598441256,136950000000.0,86891000000.0,193568000000.0,68944000000.0,30354000000.0,15980000000.0,67804000000.0,0.25232472252179383
ＪＡＬＣＯホールディングス,6625,不動産業,スタンダード（内国株式）,2025-03-31,東京都,45362163712.0,2.6139386,,,9.123512757200366,29.508202,0.044444446,-1.68,,39.295554060204374,6859010000.0,2528992000.0,0.18499,65779000.0,0.01296,0.0057300003,0.2452467882663816,58607676000.0,12454394000.0,23293876000.0,50875404000.0,3958931000.0,604819000.0,-34890426700.0,-0.7691526118885323
ＳＥＭＩＴＥＣ,6626,電気機器,スタンダード（内国株式）,2025-03-31,東京都,23522660352.0,1.053933,8.692476,8.458915,8.997009478996423,0.1421,0.017316017,281.36,273.8,191.9399985472452,25334323000.0,3915977000.0,0.14607,3113136000.0,0.11738,0.13321,0.7444811337553782,7971060000.0,4897408000.0,23416799000.0,2785094000.0,12139909000.0,198782000.0,15584886400.0,0.6625477801738061
テラプローブ,6627,電気機器,スタンダード（内国株式）,2024-12-31,神奈川県,60222259200.0,1.5519153,16.729845,20.203869,13.85426905775275,0.33540002,0.017160686,327.66,395.7,450.1060719266485,37108684000.0,6949276000.0,0.19361,3509214000.0,0.0801,0.11359999,0.49634407387008805,21433327000.0,7877771000.0,25058988000.0,13769561000.0,11690038000.0,,3625661000.0,0.06020466598503166
テクノホライゾン,6629,電気機器,スタンダード（内国株式）,2025-03-31,愛知県,14043031552.0,1.4355999,12.329902,119.49541,6.788799701314387,1.3792999,0.010704728,8.72,84.51,74.30098728145,50624704000.0,373646000.0,0.070149995,-616157000.0,0.00234,0.01086,0.26977103249698303,27298975000.0,22560911000.0,28260671000.0,16593939000.0,3438718000.0,457291000.0,1281799700.0,0.09127656626374572
ヤーマン,6630,電気機器,プライム（内国株式）,2025-04-30,東京都,39725293568.0,1.6180723,26.990654,,128.61128270639574,0.7004,0.011904762,-9.04,26.75,7.2340019320237925,25040000000.0,633000000.0,-0.048660003,706000000.0,-0.02081,-0.020079998,0.8797051229786655,3539000000.0,2979000000.0,25640000000.0,595000000.0,16968000000.0,1153000000.0,22908100000.0,0.5766628246758435
ＪＶＣケンウッド,6632,電気機器,プライム（内国株式）,2025-03-31,神奈川県,183963484160.0,1.4232894,11.754386,11.382332,10.890192685781242,0.143,0.013168724,111.84,108.3,83.83999978563344,370308000000.0,21689000000.0,0.0608,20276000000.0,0.04595,0.13054,0.39926149564684554,181938000000.0,126148000000.0,196825000000.0,50374000000.0,48597000000.0,8472000000.0,20817400000.0,0.11316050081925128
ＣＧＳホールディングス,6633,電気機器,スタンダード（内国株式）,2024-12-31,東京都,3496503040.0,1.0660084,,12.746796,40.11565353330174,0.3465,0.027027028,28.87,,7.196295126828755,3927559000.0,158497000.0,0.09304,121866000.0,0.058569998,0.10381,0.5275136730027561,2816025000.0,1420992000.0,3933577000.0,,2866225000.0,939199000.0,1774991300.0,0.5076475780784678
ネクスグループ,6634,電気機器,スタンダード（内国株式）,2024-11-30,岩手県,4596597760.0,1.377097,,,-6.032796701784582,0.0,0.0,-34.13,,-24.20104757662582,2130262000.0,-246763000.0,-0.02984,-289693000.0,-0.30562,-0.29611,0.7289825762682764,1609765000.0,1390289000.0,2903001000.0,326876000.0,1148810000.0,795509000.0,1850092300.0,0.4024916680984503
大日光・エンジニアリング,6635,電気機器,スタンダード（内国株式）,2024-12-31,栃木県,3348966656.0,0.49402088,,12.628157,8.717120109846425,0.35,0.027888447,39.99,,51.609999437391,38960122000.0,643425000.0,0.02121,277378000.0,0.0057800002,0.03778,0.23282315757545557,21540211000.0,16570094000.0,23673193000.0,12427762000.0,4296872000.0,961443000.0,2805992100.0,0.8378680316129131
寺崎電気産業,6637,電気機器,スタンダード（内国株式）,2025-03-31,大阪府,61235240960.0,1.1352053,19.136806,12.755795,7.821965457259426,0.1356,0.011173184,368.46,245.6,308.14525157930956,56404866000.0,5618453000.0,0.096260004,4451526000.0,0.08189,0.09415,0.6960074840179395,22463872000.0,16608469000.0,51199382000.0,3256500000.0,17614783000.0,1143456000.0,29535929200.0,0.4823354776915701
ミマキエンジニアリング,6638,電気機器,プライム（内国株式）,2025-03-31,長野県,47160111104.0,1.3574386,11.438597,8.335038,8.645106154968579,0.2558,0.03037667,195.56,142.5,128.63999878975946,83963694000.0,9111806000.0,0.10296,6156161000.0,0.06868,0.17606,0.4229590679212729,43800346000.0,37291559000.0,57603719000.0,22940698000.0,15448305000.0,143815000.0,13904043500.0,0.2948263516457385
戸上電機製作所,6643,電気機器,スタンダード（内国株式）,2025-03-31,佐賀県,21052127232.0,0.93245906,,9.423199,6.642514589587074,0.2746,0.03236246,473.3,,421.8813139825307,27648124000.0,3369652000.0,0.10141,2393075000.0,0.07974,0.10421,0.6914118107084407,9749678000.0,6539956000.0,20807625000.0,766774000.0,7713793000.0,1879209000.0,12373393300.0,0.5877502621774009
大崎電気工業,6644,電気機器,プライム（内国株式）,2025-03-31,東京都,55790735360.0,1.0800227,16.613544,16.146101,12.86524600198728,0.3744,0.023089172,77.48,75.3,50.540000058371916,97102000000.0,5702000000.0,0.03716,3504000000.0,0.03697,0.06996,0.5234745754280541,37173000000.0,29240000000.0,59547000000.0,8268000000.0,11552000000.0,8344000000.0,28214800000.0,0.5057255441775199
オムロン,6645,電気機器,プライム（内国株式）,2025-03-31,京都府,789470904320.0,1.0149959,14.811672,27.63819,126.80003423160616,0.715,0.012925677,145.27,271.07,41.17000009905182,801753000000.0,56782000000.0,0.055609997,16271000000.0,0.0349,0.02908,0.5668164694997025,427358000000.0,233283000000.0,539336000000.0,184203000000.0,149023000000.0,41114000000.0,140757800000.0,0.17829384114065586
森尾電機,6647,電気機器,スタンダード（内国株式）,2025-03-31,東京都,2988397568.0,0.5606749,,5.461494,11.110060116077788,0.1451,0.026200874,413.44,,154.06327272727273,9212733000.0,735627000.0,-0.024939999,568705000.0,0.063590005,0.11282,0.5793022835094942,3746322000.0,3143043000.0,5735234000.0,1409620000.0,933734000.0,1279784000.0,2884760800.0,0.9653202876652857
かわでん,6648,電気機器,スタンダード（内国株式）,2025-03-31,東京都,36547760128.0,4.641504,,12.866487,11.146724556107007,0.32119998,0.0042034467,177.36,,46.47833856351328,24218746000.0,2589560000.0,0.0137600005,1963138000.0,0.00695,0.011109999,0.6977841913271033,7685196000.0,6267800000.0,19158767000.0,1131148000.0,8119491000.0,813429000.0,12042971300.0,0.3295132521889797
日東工業,6651,電気機器,プライム（内国株式）,2025-03-31,愛知県,158767562752.0,1.3886418,15.262582,15.404718,16.90799067538945,0.5814,0.03896424,271.67,274.2,229.7699974642251,184683000000.0,13433000000.0,0.07296,12097000000.0,0.053790003,0.09078,0.6260732910270423,67393000000.0,39920000000.0,106841000000.0,28563000000.0,34027000000.0,5970000000.0,43627000000.0,0.27478534811387617
ＩＤＥＣ,6652,電気機器,プライム（内国株式）,2025-03-31,大阪府,86843006976.0,1.3131369,14.69398,38.494762,16.50922284443517,1.7036,0.044127632,76.4,200.15,149.51999907173425,67380000000.0,3653000000.0,0.12441,1778000000.0,0.03292,0.03454,0.5951350544694821,43408000000.0,27662000000.0,51480000000.0,26224000000.0,19208000000.0,605000000.0,8495500000.0,0.09782595393487264
正興電機製作所,6653,電気機器,プライム（内国株式）,2024-12-31,福岡県,31352172544.0,1.8230121,17.654226,18.240479,10.317409195979113,0.354,0.018518519,127.08,131.3,98.92000260385099,29099000000.0,2018000000.0,0.07154,1536000000.0,0.06158,0.114829995,0.52362269625136,14449000000.0,11574000000.0,20060000000.0,2714000000.0,3168000000.0,4131000000.0,8502700000.0,0.271199706752928
不二電機工業,6654,電気機器,スタンダード（内国株式）,2025-01-31,京都府,5876291072.0,0.58037144,,30.9628,17.83353398667594,0.875,0.0,36.56,,62.95000040476762,3927448000.0,302209000.0,0.040430002,240483000.0,0.045440003,0.01692,0.9255040916179824,834971000.0,647178000.0,6553712000.0,120000000.0,3780363000.0,1247691000.0,6592124700.0,1.1218172516012495
インスペック,6656,電気機器,スタンダード（内国株式）,2025-04-30,秋田県,2355400960.0,2.0115347,11.117424,,-11.071032860691806,0.0,0.005444646,-91.86,52.8,-88.33864123666658,2237768000.0,108720000.0,-1.13495,-142270000.0,-0.45313,-0.56275004,0.31944793901921664,2042121000.0,1433208000.0,2229608000.0,1673866000.0,540332000.0,,187487000.0,0.07959876181760578
シライ電子工業,6658,電気機器,スタンダード（内国株式）,2025-03-31,滋賀県,10800115712.0,1.1225189,,5.9515,5.233122214616561,0.2467,0.04249292,121.65,,104.37000070679618,29337000000.0,2576000000.0,0.07624,2075000000.0,0.06387,0.19844,0.5102806620746376,9401000000.0,7739000000.0,10439000000.0,2889000000.0,907000000.0,634000000.0,1481800000.0,0.13720223370880863
メディアリンクス,6659,電気機器,スタンダード（内国株式）,2025-03-31,東京都,3719738880.0,1.1154968,,,-11.391157953304347,0.0,0.0,-8.08,,-7.9008648961708765,2789756000.0,-522882000.0,-0.28763,-561936000.0,-0.15741,-0.15958999,0.6659820351004988,1225229000.0,1111387000.0,3423745000.0,646600000.0,356348000.0,0.0,2198516000.0,0.5910404119549381
ユビテック,6662,電気機器,スタンダード（内国株式）,2024-06-30,東京都,3801441280.0,2.5125136,,,-12.946673447430056,0.0,0.0,-33.38,,-19.541699342870277,1016084000.0,-245989000.0,0.08031,-344276000.0,-0.28237,-0.22208999,0.8359216696884605,354993000.0,349737000.0,2089108000.0,,1434391000.0,,1734115000.0,0.4561730334027414
太洋テクノレックス,6663,電気機器,スタンダード（内国株式）,2024-12-31,和歌山県,1580349696.0,0.6387828,,,-14.735924929254958,4.1096,0.011111111,-19.87,,-21.283101786363652,3519300000.0,-54088000.0,0.023740001,-79780000.0,-0.030480001,-0.0422,0.5501036933221852,2012305000.0,851393000.0,2538830000.0,692925000.0,1389169000.0,466057000.0,852764900.0,0.5396051912803987
オプトエレクトロニクス,6664,電気機器,スタンダード（内国株式）,2024-11-30,埼玉県,5129999872.0,0.41050312,,,-2.803274405643125,0.0,0.0,-64.46,,-131.98850574712642,6342509000.0,-532021000.0,-0.0446,-672018000.0,-0.06644,-0.0805,0.36274559717357163,8611596000.0,4347781000.0,10836418000.0,6829568000.0,4701792000.0,8000000.0,2230422000.0,0.4347801278073794
リバーエレテック,6666,電気機器,スタンダード（内国株式）,2025-03-31,山梨県,3736404480.0,0.8629112,,,-41.21956753752732,5.5556,0.02283105,-25.91,,-15.920020728783012,5698619000.0,-75720000.0,-0.086219996,-79487000.0,-0.03662,-0.04784,0.41685007588308215,6291969000.0,2831607000.0,6417722000.0,4730827000.0,2849439000.0,165443000.0,241563100.0,0.06465121784673591
アドテック　プラズマ　テクノロジー,6668,電気機器,スタンダード（内国株式）,2025-08-31,広島県,11899933696.0,0.8856097,6.1405835,5.924251,12.553359641287582,0.0939,0.01696222,234.46,226.2,141.72636972752784,12680000000.0,4822000000.0,0.088649996,2007000000.0,0.14113,0.13802,0.48418384216907306,14038000000.0,9308000000.0,21204000000.0,12294000000.0,8284000000.0,450000000.0,7481000000.0,0.6286589649247067
ＭＣＪ,6670,電気機器,スタンダード（内国株式）,2025-03-31,東京都,151238311936.0,1.6841059,11.22807,10.946907,10.45511676676544,0.2941,0.026824703,146.16,142.5,124.16000019541536,207171000000.0,19378000000.0,0.0946,14052000000.0,0.06617,0.16153999,0.6656481495282527,44663000000.0,38080000000.0,119152000000.0,13443000000.0,57725000000.0,920000000.0,75133000000.0,0.49678549726073556
ジーエス・ユアサ　コーポレーション,6674,電気機器,プライム（内国株式）,2025-03-31,京都府,381419061248.0,1.0753953,13.419455,12.11986,8.174374052868963,0.2709,0.022009322,313.7,283.32,369.7400005013815,580340000000.0,50029000000.0,0.07421,30416000000.0,0.05353,0.09191,0.5002536980819848,302751000000.0,186273000000.0,320219000000.0,115054000000.0,60788000000.0,78432000000.0,72370400000.0,0.1897398618810624
サクサ,6675,電気機器,スタンダード（内国株式）,2025-03-31,東京都,38276329472.0,1.2372346,21.91553,11.950313,5.814587220982143,0.3628,0.031446543,551.45,300.7,479.78067169294036,43971000000.0,3243000000.0,0.03463,3502000000.0,0.06874,0.108109996,0.680574298166051,14439000000.0,11617000000.0,29476000000.0,2744000000.0,10291000000.0,2933000000.0,17090100000.0,0.4464926557940148
ＢＵＦＦＡＬＯ,6676,電気機器,スタンダード（内国株式）,2025-03-31,東京都,58636673024.0,1.4355987,45.825603,8.092656,18.74403687295131,0.16389999,0.02047083,610.43,107.8,179.63935788591434,143170000000.0,8900000000.0,0.08971,6006000000.0,0.067090005,0.17167999,0.5865392128773474,31748000000.0,30795000000.0,69043000000.0,,31609000000.0,2298000000.0,38903600000.0,0.6634687473499179
エスケーエレクトロニクス,6677,電気機器,スタンダード（内国株式）,2025-09-30,京都府,33540988928.0,0.9696729,13.620072,12.279968,10.399375915241903,0.4943,0.040498443,263.03,237.15,220.66000277921452,29187200000.0,3854180000.0,0.095319994,2731041000.0,0.09357,0.08182,0.8135350981265487,7928353000.0,7197849000.0,24551072000.0,0.0,9684641000.0,1468041000.0,17650347700.0,0.5262321793161411
テクノメディカ,6678,電気機器,スタンダード（内国株式）,2025-03-31,神奈川県,15744980992.0,1.1127981,,15.941012,9.681041535516515,0.47779998,0.0,142.4,,172.9510389211359,9905864000.0,1300389000.0,0.11461,1004583000.0,0.09967,0.07105,0.8021276778400654,3549556000.0,3275163000.0,15678302000.0,,9061387000.0,,12128746000.0,0.7703245882711829
ズーム,6694,電気機器,スタンダード（内国株式）,2024-12-31,東京都,2738852352.0,0.43473834,,,41.49434078062242,3.2944,0.049441785,-26.15,,20.61000001853709,18072018000.0,531518000.0,-0.032360002,40876000.0,-0.010089999,-0.0031,0.3567558859881453,11466021000.0,7760687000.0,14965019000.0,8157509000.0,3315656000.0,1390000.0,3499971000.0,1.2778969254929737
トラース・オン・プロダクト,6696,電気機器,グロース（内国株式）,2025-01-31,神奈川県,1466763520.0,3.9113765,,77.74936,-15.323749178417433,0.0,0.0,3.91,,-18.46806526946997,411492000.0,5269000.0,-0.58787996,2346000.0,-0.62628,-0.40749002,0.7596203299346878,130399000.0,70398000.0,461103000.0,60000000.0,314851000.0,,330704000.0,0.22546511110393583
ダイヤモンドエレクトリックホールディングス,6699,電気機器,プライム（内国株式）,2025-03-31,大阪府,4986771968.0,0.43755117,,2.625448,-3.0503414954958177,0.168,0.06613757,223.2,,-226.56156694135913,91724000000.0,2271000000.0,0.0425,411000000.0,0.01985,0.17802,0.14368425035949445,67727000000.0,53467000000.0,50928000000.0,38473000000.0,7492000000.0,2802000000.0,-14837600000.0,-2.9753917153646756
日本電気,6701,電気機器,プライム（内国株式）,2025-03-31,東京都,7782904889344.0,3.9479933,8.120062,33.129044,19.37670895625036,0.17040001,0.005276117,176.22,718.96,112.24799996132906,3423431000000.0,256497000000.0,0.09739,175183000000.0,0.06689,0.118030004,0.4523410286214293,2243857000000.0,1633416000000.0,2224994000000.0,666359000000.0,584615000000.0,221133000000.0,135930100000.0,0.017465214072718442
富士通,6702,電気機器,プライム（内国株式）,2025-03-31,神奈川県,8006936297472.0,4.0847273,29.973633,27.964329,17.62294303856819,0.1783,0.0066820276,162.6,151.7,135.34000002770853,3550116000000.0,265089000000.0,0.08799,219807000000.0,0.13046,0.1481,0.4977302928005196,1595741000000.0,1352078000000.0,2117581000000.0,247092000000.0,236079000000.0,,521840000000.0,0.06517349215888711
沖電気工業,6703,電気機器,プライム（内国株式）,2025-03-31,東京都,189021175808.0,1.2996323,16.716532,17.699617,3.728481837196306,0.3653,0.02186589,123.11,130.35,295.9299996847905,452457000000.0,18628000000.0,0.02734,12479000000.0,0.02461,0.07518,0.35445110897521687,265220000000.0,166992000000.0,231878000000.0,103002000000.0,36865000000.0,38380000000.0,-6476000000.0,-0.034260711649461206
電気興業,6706,電気機器,プライム（内国株式）,2025-03-31,東京都,23721334784.0,0.67929286,22.981419,18.463732,-10.078571640500336,0.6104,0.033695247,147.37,118.4,-198.93000410840267,32580000000.0,935000000.0,0.0496,777000000.0,0.03996,0.03121,0.6879055379508073,15910000000.0,11353000000.0,38343000000.0,5728000000.0,16180000000.0,2988000000.0,24524600000.0,1.0338625639456764
サンケン電気,6707,電気機器,プライム（内国株式）,2025-03-31,埼玉県,129120100352.0,1.0478232,1.9913981,97.02569,-19.619631779092703,0.0,0.0,66.57,3243.45,-335.98999584817096,121619000000.0,-3788000000.0,-0.02823,50934000000.0,0.01711,0.01116,0.5690883053418614,111139000000.0,54363000000.0,136955000000.0,63141000000.0,51405000000.0,15632000000.0,36758400000.0,0.2846837936137852
アイホン,6718,電気機器,プライム（内国株式）,2025-03-31,愛知県,50491977728.0,0.7538817,12.62275,18.158808,10.011510949349466,0.76519996,0.043726876,169.89,244.4,283.97299804997056,63316000000.0,3815000000.0,0.04409,3619000000.0,0.04445,0.04224,0.8666095512545919,10276000000.0,8863000000.0,56333000000.0,413000000.0,25229000000.0,9059000000.0,52398300000.0,1.037754953514979
ウインテスト,6721,電気機器,スタンダード（内国株式）,2024-12-31,神奈川県,6168714752.0,8.508434,,,-6.785057640847356,0.0,0.0,-28.03,,-13.8539722100667,417090000.0,-1083829000.0,-2.01639,-1105888000.0,0.0,-1.3440499,0.5855654768129533,495374000.0,376632000.0,1171393000.0,244194000.0,90703000.0,,676019000.0,0.10958830602125401
ルネサスエレクトロニクス,6723,電気機器,プライム（内国株式）,2024-12-31,東京都,4378227376128.0,1.9602283,11.548734,,13.560277165128113,0.3081,0.012278009,-53.79,209.54678,186.0685142548974,1348479000000.0,222977000000.0,0.20546,219084000000.0,-0.037469998,-0.02135,0.5650636152035126,1948138000000.0,491438000000.0,617326000000.0,1400672000000.0,229249000000.0,450702000000.0,-1015320600000.0,-0.23190220899352315
セイコーエプソン,6724,電気機器,プライム（内国株式）,2025-03-31,長野県,653673168896.0,0.797935,10.101009,13.03098,15.84217373517619,0.47259998,0.036770187,156.55,201.96,158.66000014431862,1362944000000.0,75108000000.0,0.049089998,55177000000.0,0.03728,0.06264,0.5525393402226355,651570000000.0,444117000000.0,880855000000.0,224708000000.0,267000000000.0,23990000000.0,246078000000.0,0.3764541849187499
ワコム,6727,電気機器,プライム（内国株式）,2025-03-31,埼玉県,109389250560.0,3.28526,13.077047,18.693953,20.77747504213759,0.75839996,0.041509435,43.49,62.17,29.64000000493825,115680799000.0,10209629000.0,0.11622,5224744000.0,0.05368,0.1766,0.4360455175962479,39911749000.0,31028169000.0,56498349000.0,12000000000.0,24364228000.0,3167139000.0,18803597300.0,0.17189620738544348
アルバック,6728,電気機器,プライム（内国株式）,2025-06-30,神奈川県,386658304000.0,1.7749517,11.975902,23.168392,24.57034499222727,0.48409998,0.02249657,338.91,655.65,410.61750150706547,251184000000.0,26523000000.0,0.043319996,16687000000.0,0.06018,0.07395,0.595810825943444,143981000000.0,100655000000.0,270077000000.0,46599000000.0,98951000000.0,7996000000.0,131693200000.0,0.3405932282783716
アクセル,6730,電気機器,スタンダード（内国株式）,2025-03-31,東京都,13328291840.0,0.9790137,,11.797217,11.501321793857155,0.4286,0.03682488,104.94,,161.49000471704005,15244000000.0,1462000000.0,0.094790004,978000000.0,0.07763,0.08744001,0.8579311261800292,2029000000.0,1984000000.0,12411000000.0,,5000000000.0,2179000000.0,11907300000.0,0.8933852997024411
ピクセラ,6731,電気機器,スタンダード（内国株式）,2025-09-30,大阪府,5221143552.0,6.1788225,,,-1.2121108481757787,0.0,0.0,-13.53,,-64.35055021361259,1001129000.0,-796023000.0,-1.05023,-853899000.0,-0.85214996,-1.6341001,0.7509370378064348,280550000.0,238499000.0,1091481000.0,6275000.0,575476000.0,,810931000.0,0.15531674084872968
ニューテック,6734,電気機器,スタンダード（内国株式）,2025-02-28,東京都,5142387200.0,1.7997013,,15.431774,9.54012255909486,0.2919,0.018925056,171.27,,151.74750747366608,4695130000.0,362851000.0,0.06882,267078000.0,0.066199996,0.13574,0.5712286522847585,2026764000.0,1916508000.0,4496714000.0,150687000.0,2988189000.0,80996000.0,2526647200.0,0.4913374084316327
サン電子,6736,電気機器,スタンダード（内国株式）,2025-03-31,愛知県,206139473920.0,4.4921207,,10.039614,-19.8891136446026,0.052399997,0.005364807,954.22,,-169.82000285639108,10837189000.0,1332000.0,-0.02523,17228604000.0,2.18278,0.52939,0.8961143238565202,5519182000.0,5240433000.0,16733345000.0,2545494000.0,2148549000.0,10774890000.0,18756586000.0,0.09098978300138276
ＥＩＺＯ,6737,電気機器,プライム（内国株式）,2025-03-31,石川県,90453434368.0,0.7146371,11.487674,21.554403,18.04814969543108,1.0124,0.04818467,106.15,199.17,132.56500078350436,80493000000.0,3706000000.0,0.03779,4148000000.0,0.05357,0.03375,0.7882402905697932,33407000000.0,18743000000.0,80709000000.0,5591000000.0,21058000000.0,50716000000.0,82803200000.0,0.915423505791103
ジャパンディスプレイ,6740,電気機器,プライム（内国株式）,2025-03-31,東京都,81488265216.0,-31.96347,-4.402516,,-2.1016280522645725,0.0,0.0,-11.76,-4.77,-11.419718143816752,188012000000.0,-37067000000.0,-0.15531999,-78220000000.0,-0.48019,-2.30103,0.04653754956732036,141142000000.0,124850000000.0,100156000000.0,59500000000.0,21073000000.0,3110000000.0,-38809000000.0,-0.47625262235156723
日本信号,6741,電気機器,プライム（内国株式）,2025-03-31,東京都,84949229568.0,0.81232834,15.459705,10.273817,11.316577447284166,0.3471,0.034848485,132.57,88.1,85.70999952720017,106859000000.0,9906000000.0,0.08687,8503000000.0,0.07474,0.08251,0.6173123195380174,63618000000.0,54019000000.0,110198000000.0,19207000000.0,11291000000.0,28282000000.0,66377400000.0,0.7813773042740352
京三製作所,6742,電気機器,プライム（内国株式）,2025-03-31,神奈川県,38477926400.0,0.7545077,10.423729,8.064516,8.940089915886302,0.3015,0.03782895,76.26,59.0,54.76000026598626,85367000000.0,6115000000.0,0.00593,4783000000.0,0.05242,0.09843001,0.41038054045474387,74295000000.0,58437000000.0,92833000000.0,33000000000.0,8170000000.0,11991000000.0,26931700000.0,0.6999259710627234
大同信号,6743,電気機器,スタンダード（内国株式）,2025-03-31,,13164376064.0,0.511079,,8.898896,13.44549405815454,0.1608,0.018203884,93.27,,32.08408565656311,21914135000.0,1152499000.0,0.11161,1542527000.0,0.06238,0.05598,0.5350200102292836,16485629000.0,11677604000.0,27439449000.0,6321933000.0,3646601000.0,5950234000.0,15118983800.0,1.148477050981943
能美防災,6744,電気機器,プライム（内国株式）,2025-03-31,東京都,235452121088.0,1.8264282,24.077528,22.152073,15.298784412350328,0.53110003,0.025,180.57,166.13,142.10000067950781,133696000000.0,15681000000.0,0.09907,11098000000.0,0.07829,0.08121,0.7720237060829234,36849000000.0,30032000000.0,117150000000.0,150000000.0,43408000000.0,9755000000.0,87129500000.0,0.3700518797511084
ホーチキ,6745,電気機器,プライム（内国株式）,2025-03-31,東京都,113275527168.0,1.8370988,19.138655,13.506701,9.087959649836014,0.2699,0.020426488,337.24,238.0,228.2299987510042,100900000000.0,9553000000.0,0.12317,7650000000.0,0.080620006,0.14475,0.6593608833863142,30336000000.0,23055000000.0,66087000000.0,1273000000.0,21161000000.0,5280000000.0,39447000000.0,0.3482393857368307
星和電機,6748,電気機器,スタンダード（内国株式）,2024-12-31,京都府,11562997760.0,0.6454007,,7.521454,7.505293173847085,0.1514,0.020930232,118.86,,60.368787564164684,25215213000.0,1772185000.0,0.06123,1350472000.0,0.058330003,0.08906,0.5675014171900337,13107893000.0,10370582000.0,20914854000.0,5628334000.0,3813692000.0,4034609000.0,10631187300.0,0.919414456411691
エレコム,6750,電気機器,プライム（内国株式）,2025-03-31,大阪府,138677108736.0,1.5285021,13.64366,12.828252,12.367472355178275,0.3771,0.029291155,132.52,124.6,119.92999979581272,118007000000.0,13532000000.0,0.105349995,9300000000.0,0.084750004,0.12595001,0.7205246644587764,32051000000.0,29263000000.0,94222000000.0,500000000.0,43718000000.0,2639000000.0,64018300000.0,0.4616356699639002
パナソニック　ホールディングス,6752,電気機器,プライム（内国株式）,2025-03-31,大阪府,5020719775744.0,1.0444102,12.7361555,15.710841,7.245903726662032,0.3506,0.022813689,136.88,168.85,190.15000001728075,8458185000000.0,406534000000.0,0.037,366205000000.0,0.03983,0.07039,0.502443009031925,4468362000000.0,2682753000000.0,3615479000000.0,1568243000000.0,847561000000.0,185686000000.0,-722902800000.0,-0.1439838971879039
シャープ,6753,電気機器,プライム（内国株式）,2025-03-31,大阪府,510089494528.0,2.4395697,14.438522,8.700852,-3.638685656544206,0.0,0.0,90.29,54.41,-230.99000005355063,2160146000000.0,27338000000.0,0.028570002,36095000000.0,0.0291,0.32147,0.10637876359434008,1286022000000.0,756923000000.0,979817000000.0,521348000000.0,279307000000.0,185710000000.0,-176208000000.0,-0.34544526380228663
アンリツ,6754,電気機器,プライム（内国株式）,2025-03-31,神奈川県,290980855808.0,2.3304756,32.60901,27.358604,20.09400481994478,0.4809,0.017687375,83.1,69.72,58.29000000303792,112979000000.0,12125000000.0,0.13159001,9257000000.0,0.09724,0.08728,0.7775205536020422,35558000000.0,28654000000.0,106119000000.0,3561000000.0,50094000000.0,2208000000.0,72106600000.0,0.24780530595311268
ＯＳＧコーポレーション,6757,電気機器,スタンダード（内国株式）,2025-01-31,大阪府,5211555328.0,2.1886714,,97.94722,123.30082193773634,3.9216,0.03968254,10.23,,9.549972098112239,7929936000.0,133956000.0,-0.02438,33841000.0,-0.00593,-0.040289998,0.40133706393301927,3495498000.0,2621518000.0,4137834000.0,1612866000.0,2364691000.0,304972000.0,855816400.0,0.1642151615280712
ソニーグループ,6758,電気機器,プライム（内国株式）,2025-03-31,東京都,22851694362624.0,2.9817278,20.933407,19.175,16.308542970043938,0.112399995,0.005658954,200.0,183.2,157.13569885318185,12957064000000.0,1412640000000.0,0.14869,1141600000000.0,0.088999994,0.15387,0.23176564487415172,26783022000000.0,10688788000000.0,7454988000000.0,4198246000000.0,2980956000000.0,17103734000000.0,-7355420200000.0,-0.3218763599442521
ＴＤＫ,6762,電気機器,プライム（内国株式）,2025-03-31,東京都,3990442475520.0,2.0859149,19.671595,23.101856,21.973333198614,0.3518,0.014726185,91.01,106.88,65.6380000018488,2204806000000.0,224192000000.0,0.14084,167161000000.0,0.0752,0.096379995,0.5082911773966056,1730161000000.0,1098460000000.0,1836858000000.0,608400000000.0,697307000000.0,183840000000.0,235385000000.0,0.05898719288500122
帝国通信工業,6763,電気機器,プライム（内国株式）,2025-03-31,神奈川県,25432086528.0,0.9352869,,14.744934,12.598156720663498,0.4571,0.032075472,186.03,,141.13285247745918,16790040000.0,1663031000.0,0.081499994,2009828000.0,0.10141,0.06587,0.8304886004271538,5051080000.0,2803244000.0,21249618000.0,46886000.0,13138828000.0,2707875000.0,18094050500.0,0.7114654348190805
タムラ製作所,6768,電気機器,プライム（内国株式）,2025-03-31,東京都,49465180160.0,0.81821436,15.133821,23.623243,21.04677496260583,0.3797,0.021207178,26.33,41.1,27.270000162037366,114051000000.0,5196000000.0,0.05819,2782000000.0,0.01802,0.03497,0.5141538263582848,60317000000.0,44037000000.0,78607000000.0,33947000000.0,20295000000.0,6922000000.0,23135400000.0,0.46771082052397805
ザインエレクトロニクス,6769,電気機器,スタンダード（内国株式）,2024-12-31,東京都,8604762112.0,0.98698467,43.244682,,-125.21903425621731,0.4756,0.018939395,-26.08,18.8,-6.443725428710131,4614116000.0,28023000.0,-0.09099,339788000.0,0.0014200001,0.001,0.916032431337721,736964000.0,595870000.0,9557642000.0,,7306140000.0,415890000.0,9111801000.0,1.0589253812482387
アルプスアルパイン,6770,電気機器,プライム（内国株式）,2025-03-31,東京都,386718564352.0,0.93827677,18.521633,8.112976,-7.747605972111073,0.2456,0.030410543,244.3,107.01,-145.03999978828267,990407000000.0,34107000000.0,0.06558,37837000000.0,0.04982,0.12442,0.5589194224499301,325200000000.0,226861000000.0,494946000000.0,100787000000.0,147941000000.0,60033000000.0,211769100000.0,0.5476052083376142
池上通信機,6771,電気機器,スタンダード（内国株式）,2025-03-31,東京都,4041503488.0,0.3194611,3.6670547,9.8699665,7.837130371280721,0.188,0.01910828,63.83,171.8,106.05517243102821,20734000000.0,255000000.0,-0.0383,235000000.0,0.01905,0.03289,0.4735619430671613,15183000000.0,10954000000.0,23543000000.0,9697000000.0,4200000000.0,403000000.0,8642100000.0,2.1383378798657615
東京コスモス電機,6772,電気機器,スタンダード（内国株式）,2025-03-31,神奈川県,10385334272.0,1.3895284,,26.82501,4.649941141632917,0.6114,0.022264631,57.26,,141.40264511388685,10506474000.0,1040448000.0,0.02253,709008000.0,0.03798,0.053319998,0.6305272300291687,4439062000.0,2559718000.0,7838414000.0,1506024000.0,3344533000.0,703799000.0,3892011300.0,0.3747603301025456
ＴＢグループ,6775,電気機器,スタンダード（内国株式）,2025-03-31,東京都,1663524864.0,3.1268888,,,-11.237286674989255,0.0,0.0,-14.87,,-17.88688015296114,2329863000.0,-196379000.0,-0.00805,-193499000.0,-0.08337,-0.33972,0.3869642282178633,957690000.0,635394000.0,1146445000.0,546284000.0,256766000.0,232446000.0,351467200.0,0.21127859739642582
天昇電気工業,6776,化学,スタンダード（内国株式）,2025-03-31,東京都,4406603776.0,0.43655685,,4.341267,7.468680436548869,0.0838,0.01923077,59.66,,55.719101436624165,27885000000.0,915000000.0,0.02184,1264000000.0,0.04125,0.10487001,0.48024233655845916,11496000000.0,8042000000.0,8876000000.0,4485000000.0,3298000000.0,3983000000.0,168100000.0,0.03814729177956389
ｓａｎｔｅｃ　Ｈｏｌｄｉｎｇｓ,6777,電気機器,スタンダード（内国株式）,2025-03-31,愛知県,107255177216.0,4.660837,20.624151,19.668312,14.983425109713194,0.3125,0.016129032,463.69,442.2,327.4899990536227,24026716000.0,7429087000.0,0.30992,5067844000.0,0.21993999,0.2542,0.7257066180591142,8099163000.0,5224656000.0,20268057000.0,2717610000.0,12539970000.0,2591694000.0,13983079800.0,0.13037207305936974
アルチザネットワークス,6778,電気機器,スタンダード（内国株式）,2024-07-31,東京都,5267718144.0,0.82282406,27.39726,40.485832,67.7639973166204,1.3486,0.03527337,14.82,21.9,12.938773607508004,2819632000.0,32556000.0,-0.73968005,-143286000.0,0.06954,0.02882,0.7831889304385377,1934995000.0,1547273000.0,7688448000.0,1499102000.0,6455131000.0,190431000.0,5886754700.0,1.1175151249702096
日本電波工業,6779,電気機器,プライム（内国株式）,2025-03-31,東京都,23126528000.0,0.7710384,5.793509,19.491854,12.769750702717053,0.5824,0.029673591,51.56,173.47,101.10902828245652,53064000000.0,4623000000.0,0.04654,1792000000.0,0.02221,0.04061,0.4078185733061156,42354000000.0,12155000000.0,43482000000.0,29550000000.0,15881000000.0,1462000000.0,2151400000.0,0.09302736666740463
鈴木,6785,電気機器,プライム（内国株式）,2025-06-30,長野県,34375094272.0,1.2268682,12.083754,12.444144,8.53628435086874,0.44189999,0.035416666,192.46,198.2,158.10999487881907,33322765000.0,4292615000.0,0.14409,2760595000.0,0.08262999,0.11797,0.6768633650313973,11870963000.0,9800748000.0,19463936000.0,2454542000.0,6807020000.0,2574562000.0,9395166400.0,0.2733131820863912
ＲＶＨ,6786,サービス業,スタンダード（内国株式）,2025-03-31,東京都,1443298432.0,2.2693791,,,-1.8684317029137008,0.0,0.0,-12.35,,-32.11249301027905,1469510000.0,-50749000.0,-0.19655001,-230861000.0,-0.22767,-0.39292,0.7133243696710806,301057000.0,195078000.0,880203000.0,111331000.0,525563000.0,57359000.0,619297300.0,0.42908471752569605
メイコー,6787,電気機器,プライム（内国株式）,2025-03-31,神奈川県,258409414656.0,2.223049,15.966386,14.366423,12.243526312577279,0.13270001,0.008675373,700.94,630.7,428.7000060836738,206806000000.0,19083000000.0,0.09984,14924000000.0,0.0817,0.15937,0.4222010719050108,140761000000.0,100257000000.0,114112000000.0,87570000000.0,23152000000.0,2145000000.0,-25147500000.0,-0.09731650076866152
日本トリム,6788,電気機器,プライム（内国株式）,2025-03-31,大阪府,36208574464.0,1.5801245,12.455289,18.21953,12.928531710367386,0.48599997,0.025793651,267.57,391.4,280.5099880354139,22463830000.0,3285637000.0,0.15258001,2241402000.0,0.08682,0.092089996,0.6779236810865396,9807611000.0,7155031000.0,24750348000.0,1193657000.0,15394490000.0,1306584000.0,15857345800.0,0.43794449338970803
フォスター電機,6794,電気機器,プライム（内国株式）,2025-03-31,東京都,59090423808.0,0.9513681,22.903421,14.129909,11.199458280842675,0.4028,0.027624309,186.13,114.83,103.65652905212673,137607000000.0,6797000000.0,0.07416,3902000000.0,0.03021,0.08554,0.569805103626458,38095000000.0,33886000000.0,83045000000.0,8570000000.0,20388000000.0,2328000000.0,46579600000.0,0.7882766275521921
名古屋電機工業,6797,電気機器,スタンダード（内国株式）,2025-03-31,愛知県,15304689664.0,0.6869252,,6.9318,6.719801063593532,0.22629999,0.03359684,187.83,,143.54195237767797,17262298000.0,2752104000.0,0.05895,2206550000.0,0.1277,0.10293999,0.8134199822438416,5137945000.0,4881443000.0,19146575000.0,,4442861000.0,1133113000.0,14801809100.0,0.9671420606990231
ＳＭＫ,6798,電気機器,プライム（内国株式）,2025-03-31,東京都,17183356928.0,0.5913382,,,-32.21899552608561,1.2376,0.037907507,-282.61,,-74.94252873563218,48051000000.0,-220000000.0,0.02508,-1884000000.0,-0.037609998,-0.059499998,0.5065702794535747,28463000000.0,16647000000.0,33149000000.0,15614000000.0,10475000000.0,4205000000.0,7629500000.0,0.4440052099230887
ヨコオ,6800,電気機器,プライム（内国株式）,2025-03-31,東京都,52798517248.0,0.9885697,12.554041,17.693932,22.551232280011682,0.38259998,0.02242563,128.01,180.42,64.82196482196483,82884000000.0,4227000000.0,0.03562,2227000000.0,0.03521,0.05807,0.680890951519442,24250000000.0,19100000000.0,47556000000.0,10509000000.0,17122000000.0,2813000000.0,25275100000.0,0.47870851905329626
ティアック,6803,電気機器,スタンダード（内国株式）,2025-03-31,東京都,2736213504.0,0.8219344,,12.226512,-53.72435261132582,0.1287,0.010752688,7.77,,-1.839958340565874,15668000000.0,339000000.0,0.01615,81000000.0,0.013789999,0.070650004,0.3289875173370319,7257000000.0,5557000000.0,8568000000.0,4212000000.0,1552000000.0,143000000.0,1411100000.0,0.5157126802923636
ホシデン,6804,電気機器,プライム（内国株式）,2025-03-31,大阪府,124911509504.0,0.8975269,10.173667,35.98057,8.979122287004431,0.9279,0.025906736,70.01,247.6,205.6199982984026,247571000000.0,13573000000.0,0.04421,10037000000.0,0.0311,0.08299,0.7006026592902901,59963000000.0,45236000000.0,171516000000.0,11240000000.0,59564000000.0,7228000000.0,116612600000.0,0.9335616906964507
ヒロセ電機,6806,電気機器,プライム（内国株式）,2025-03-31,神奈川県,580832067584.0,1.5605779,17.594149,19.15181,19.289129166032218,0.53400004,0.027769906,918.19,999.48,772.3300058782247,189420000000.0,42672000000.0,0.20033,33033000000.0,0.15755,0.083009996,0.8879280152375104,46719000000.0,29064000000.0,248776000000.0,5201000000.0,85666000000.0,63785000000.0,246706500000.0,0.42474669318136654
日本航空電子工業,6807,電気機器,プライム（内国株式）,2025-03-31,東京都,171764137984.0,1.2548058,11.892094,21.258135,13.152796658839145,0.50090003,0.023529412,119.86,214.26,181.80655494514053,221644000000.0,15615000000.0,0.055749997,11592000000.0,0.03694,0.06097,0.6205556896455692,81749000000.0,48921000000.0,125279000000.0,37000000000.0,52874000000.0,3748000000.0,46153600000.0,0.2687033541559138
ＴＯＡ,6809,電気機器,プライム（内国株式）,2025-03-31,兵庫県,49929142272.0,1.0336223,23.465347,16.304668,17.132466067717054,0.5899,0.037082817,101.75,70.7,62.58365118223244,50626000000.0,3589000000.0,0.06922,2364000000.0,0.05889,0.06893,0.7213609208800816,16046000000.0,9964000000.0,45249000000.0,2981000000.0,18966000000.0,9004000000.0,35505800000.0,0.7111237722966346
マクセル,6810,電気機器,プライム（内国株式）,2025-03-31,東京都,102293905408.0,1.0709409,13.536495,25.445183,9.251932067314222,0.5369,0.020466639,93.22,175.23,164.59000148466987,129806000000.0,9318000000.0,0.08930001,4090000000.0,0.039890002,0.05664,0.555308362814107,70343000000.0,44380000000.0,84191000000.0,18836000000.0,33072000000.0,9667000000.0,20614900000.0,0.2015261800571336
古野電気,6814,電気機器,プライム（内国株式）,2025-02-28,兵庫県,256575635456.0,3.1291428,36.00887,15.48082,10.506582680821893,0.2859,0.018292682,524.52,225.5,197.623338657551,126953000000.0,13182000000.0,0.09899,11457000000.0,0.11924,0.21597,0.5844040188149192,50901000000.0,35690000000.0,91605000000.0,19845000000.0,16113000000.0,4548000000.0,43887600000.0,0.17105131561693535
スミダコーポレーション,6817,電気機器,プライム（内国株式）,2024-12-31,東京都,38085775360.0,0.6461017,7.7315435,21.654135,6.429068433816485,0.9957,0.04584775,53.2,149.0,164.68118094097605,143978000000.0,4514000000.0,0.05752,590000000.0,0.01421,0.03182,0.39689779786960466,86852000000.0,61669000000.0,69672000000.0,57975000000.0,4286000000.0,636000000.0,-16734800000.0,-0.4393976449689378
伊豆シャボテンリゾート,6819,サービス業,スタンダード（内国株式）,2025-03-31,東京都,9233961984.0,1.5413079,,9.96008,24.39419136959115,0.29930001,0.030549899,50.1,,17.51999990462947,5489630000.0,1191076000.0,0.27372998,906862000.0,0.1667,0.16700001,0.7923706421972934,1509949000.0,777988000.0,2485268000.0,403040000.0,2067895000.0,194601000.0,1111539700.0,0.12037516527856652
アイコム,6820,電気機器,プライム（内国株式）,2025-03-31,大阪府,43343933440.0,0.6407843,,18.576612,13.572002126107344,0.51060003,0.028240899,162.57,,241.18999701944637,37468000000.0,3727000000.0,0.04579,2951000000.0,0.063769996,0.035099998,0.911636530965786,6529000000.0,4515000000.0,48685000000.0,,27005000000.0,8447000000.0,48068900000.0,1.1090110238043038
大井電気,6822,電気機器,スタンダード（内国株式）,2025-03-31,神奈川県,5271231488.0,0.70754784,,3.923482,3.2020372514872686,0.0199,0.005148005,1004.21,,583.3402457757296,29046192000.0,1484454000.0,0.03068,1049930000.0,0.04368,0.16928,0.29825543490279455,14761329000.0,11380087000.0,18145109000.0,5530175000.0,3884169000.0,664452000.0,3848896400.0,0.7301702474577417
リオン,6823,電気機器,プライム（内国株式）,2025-03-31,東京都,33476812800.0,1.0280313,10.126818,10.744816,12.97508180330384,0.2849,0.027047332,252.68,268.1,215.45632767037097,27877879000.0,4033992000.0,0.16524,2859770000.0,0.10939,0.09936,0.8033149737697948,7696788000.0,5454857000.0,22683445000.0,,6014015000.0,1188399000.0,15818536300.0,0.47252217212266995
新コスモス電機,6824,電気機器,スタンダード（内国株式）,2025-03-31,大阪府,51359592448.0,1.0255686,,15.206412,9.666283092420356,0.21959999,0.014545455,273.24,,239.62882591093117,42153556000.0,5155293000.0,0.17738001,3376817000.0,0.08716,0.08604,0.708205472579943,16027167000.0,9099732000.0,42910272000.0,4890838000.0,19973854000.0,7568157000.0,32180814900.0,0.6265784708588192
アオイ電子,6832,電気機器,スタンダード（内国株式）,2025-03-31,香川県,27515787264.0,0.63889176,34.181973,240.88235,-5.7267531841602715,5.3465004,0.022594143,10.2,71.88,-439.81000553260196,34974678000.0,438840000.0,0.02459,178045000.0,0.0031,0.00262,0.831815220068421,8677100000.0,7651274000.0,33429242000.0,1764595000.0,17701231000.0,2951046000.0,26817874200.0,0.9746359042064151
精工技研,6834,電気機器,スタンダード（内国株式）,2025-03-31,千葉県,102803177472.0,3.464303,69.95134,28.005064,21.43563803673698,0.1826,0.006265664,410.64,164.4,83.42000399883543,19982809000.0,2817253000.0,0.23965,2225362000.0,0.15972,0.12767,0.8141662276679617,6238930000.0,4786530000.0,24042144000.0,,14072417000.0,503746000.0,18155836200.0,0.1766077337925184
アライドテレシスホールディングス,6835,電気機器,スタンダード（内国株式）,2024-12-31,東京都,31665252352.0,1.6111335,,8.752544,9.550306056661004,0.0582,0.007380074,34.39,,9.93323003473018,48458725000.0,3424837000.0,0.12953,3601588000.0,0.08944,0.25055,0.41843556533234755,27034898000.0,20723597000.0,35420151000.0,7668254000.0,14259346000.0,1892000.0,8386577400.0,0.26485111524684557
ぷらっとホーム,6836,電気機器,スタンダード（内国株式）,2025-03-31,東京都,4570311168.0,10.53069,,160.23294,-11.035644956421212,0.0,0.0,6.01,,-23.52981248667761,1167384000.0,-46007000.0,-0.313,12046000.0,-0.19274999,-0.11675,0.5746071493577051,308500000.0,272116000.0,676064000.0,,355023000.0,1400000.0,368544000.0,0.08063871068132926
京写,6837,電気機器,スタンダード（内国株式）,2025-03-31,京都府,4511434752.0,0.49570787,6.806167,9.935691,9.754094234651982,0.3536,0.03642384,31.1,45.4,41.84436086964775,26229000000.0,1277000000.0,0.02503,614000000.0,0.0175,0.04815,0.39706714066413507,14656000000.0,9774000000.0,15834000000.0,8485000000.0,5422000000.0,592000000.0,1592400000.0,0.35296975076367015
多摩川ホールディングス,6838,電気機器,スタンダード（内国株式）,2024-03-31,東京都,4899067392.0,0.89563847,,,-8.329466052135905,0.2874,0.0,-71.03,,-80.82001377057446,4153982000.0,-215254000.0,0.065120004,-443350000.0,0.04797,0.052789997,0.5106010763441899,4685542000.0,1737944000.0,8120921000.0,3218976000.0,1210571000.0,272857000.0,3626378900.0,0.740218210903109
ＡＫＩＢＡホールディングス,6840,電気機器,スタンダード（内国株式）,2025-03-31,東京都,3995292416.0,1.0818554,,11.12532,13.373453191918433,0.0,0.0,39.1,,31.85415119689741,18272045000.0,716208000.0,0.03412,112268000.0,0.01801,0.110869996,0.2591600047138639,9649855000.0,6817602000.0,12657642000.0,7340956000.0,5369166000.0,,3007787000.0,0.7528327558590395
横河電機,6841,電気機器,プライム（内国株式）,2025-03-31,東京都,1320506359808.0,2.7284024,24.00037,23.49051,14.43044194723978,0.2762,0.011654566,220.77,216.08,234.83000007785157,562404000000.0,83523000000.0,0.15012999,52123000000.0,0.09851,0.12552,0.6513500908413791,242565000000.0,197784000000.0,496313000000.0,34051000000.0,188754000000.0,64290000000.0,298751000000.0,0.22623972825351482
新電元工業,6844,電気機器,プライム（内国株式）,2025-03-31,東京都,36227317760.0,0.5416035,19.570671,33.4063,-42.61008633256376,0.6192,0.019374069,105.07,179.35,-69.07999706215968,105830000000.0,129000000.0,0.03193,-2436000000.0,0.00989,0.01613,0.4845783026608838,70352000000.0,30920000000.0,84189000000.0,40281000000.0,20397000000.0,14913000000.0,24276100000.0,0.6701048131916681
アズビル,6845,電気機器,プライム（内国株式）,2025-03-31,東京都,725168947200.0,3.14653,24.06971,17.109514,17.731790658996108,0.311,0.041447137,83.55,59.39,57.097500046059636,300378000000.0,41486000000.0,0.15043001,40955000000.0,0.14786,0.18958999,0.7528533160674385,74558000000.0,67786000000.0,230770000000.0,5482000000.0,88495000000.0,22791000000.0,172165700000.0,0.23741460616144816
東亜ディーケーケー,6848,電気機器,スタンダード（内国株式）,2025-03-31,東京都,16694764544.0,0.77114064,,16.521906,14.149013218663265,0.4248,0.025851939,51.81,,65.52999846166807,18058000000.0,1341000000.0,0.02301,1113000000.0,0.056420002,0.047280002,0.7649809793040868,6734000000.0,3312000000.0,17750000000.0,1200000000.0,5058000000.0,2508000000.0,12771600000.0,0.7650062968147723
日本光電工業,6849,電気機器,プライム（内国株式）,2025-03-31,東京都,292464951296.0,1.6900642,16.396578,16.395084,19.334870200283824,0.2913,0.01849711,109.85,109.84,101.22500026828251,225424000000.0,20713000000.0,0.09191,14098000000.0,0.07869,0.10403,0.6951865446266784,76984000000.0,72296000000.0,183085000000.0,26076000000.0,28428000000.0,4117000000.0,108982900000.0,0.3726357620530735
チノー,6850,電気機器,プライム（内国株式）,2025-03-31,東京都,23729414144.0,1.0739247,5.6449656,12.998137,12.092789745711134,0.3725,0.028673835,107.4,247.3,103.42338471048991,29329000000.0,2882000000.0,0.077309996,1991000000.0,0.060159996,0.08425,0.5819409506156494,12733000000.0,9390000000.0,27268000000.0,2607000000.0,8127000000.0,1390000000.0,15508000000.0,0.6535348873718911
共和電業,6853,電気機器,スタンダード（内国株式）,2024-12-31,東京都,19211546624.0,1.0959297,,19.23966,11.204992346028728,0.5657,0.04070556,38.93,,32.91112925630107,15350156000.0,1356680000.0,0.041550003,1066815000.0,0.06861,0.0621,0.7534216196389051,5941906000.0,4078386000.0,16513019000.0,741876000.0,5684363000.0,1711584000.0,11769221800.0,0.612611885463574
日本電子材料,6855,電気機器,スタンダード（内国株式）,2025-03-31,兵庫県,53431312384.0,1.8512318,13.698187,14.03497,51.7835462587608,0.2158,0.016581632,301.39,308.8,49.2751326942882,23829000000.0,4588000000.0,0.17181998,3454000000.0,0.14462,0.13787,0.7002935347098522,11946000000.0,6789000000.0,28463000000.0,5880000000.0,12148000000.0,74000000.0,16568800000.0,0.31009532165190695
堀場製作所,6856,電気機器,プライム（内国株式）,2024-12-31,京都府,719603105792.0,2.2221854,17.744892,19.892498,11.058558893488682,0.2847,0.015007657,861.38,965.63,948.8299952890457,317369000000.0,48340000000.0,0.14296,33591000000.0,0.113859996,0.12336001,0.6534002192618186,166914000000.0,100283000000.0,336801000000.0,64404000000.0,144272000000.0,16014000000.0,181096800000.0,0.2516620600194376
アドバンテスト,6857,電気機器,プライム（内国株式）,2025-03-31,東京都,15968556285952.0,26.201315,92.47887,61.670734,78.95294888875893,0.1377,0.0024372046,356.49,237.73,84.1599999658442,779707000000.0,228161000000.0,0.41255,161177000000.0,0.26774,0.48179,0.5929911848374522,347671000000.0,309424000000.0,599753000000.0,93503000000.0,262544000000.0,30167000000.0,273198900000.0,0.017108553529058913
小野測器,6858,電気機器,スタンダード（内国株式）,2024-12-31,神奈川県,7067594752.0,0.454855,,15.75645,10.229955520214759,0.3484,0.023291925,43.03,,40.65999904569683,11804000000.0,144000000.0,-0.058000002,1459000000.0,0.03895,0.03647,0.7369186728612324,5397000000.0,3452000000.0,11323000000.0,1398000000.0,4240000000.0,2217000000.0,7477900000.0,1.058054438942455
エスペック,6859,電気機器,プライム（内国株式）,2025-03-31,大阪府,72910086144.0,1.2705541,12.610081,13.455694,12.519077042900358,0.41979998,0.031626508,250.08,266.85,227.60168559912054,67288000000.0,7529000000.0,0.12612,6003000000.0,0.08136,0.098400004,0.7474521075322689,19155000000.0,15421000000.0,50589000000.0,126000000.0,12768000000.0,4006000000.0,34238200000.0,0.469594836746981
キーエンス,6861,電気機器,プライム（内国株式）,2025-03-31,大阪府,14161045094400.0,4.323197,31.26824,34.67422,45.510049948892274,0.2669,0.007869884,1683.96,1867.39,1524.1399993604782,1059145000000.0,549775000000.0,0.50270003,398656000000.0,0.37550998,0.13139,0.9450715427103779,180672000000.0,168040000000.0,1632589000000.0,,579051000000.0,1544785000000.0,2533266500000.0,0.17888979825378729
ミナトホールディングス,6862,電気機器,スタンダード（内国株式）,2025-03-31,東京都,11717608448.0,1.8323034,13.592401,21.26165,5.6484676019028015,0.189,0.009459459,74.03,115.8,197.78000147999902,24540461000.0,767204000.0,0.07685,373818000.0,0.02184,0.089770004,0.3366162255918729,11643027000.0,9879321000.0,12523238000.0,9070502000.0,2004591000.0,725003000.0,1387713100.0,0.1184297210611146
ニレコ,6863,電気機器,スタンダード（内国株式）,2025-03-31,東京都,15281124352.0,0.9442322,12.566372,10.5665245,13.459180671477549,0.52599996,0.03397129,201.58,169.5,135.0899975246523,10756978000.0,1907420000.0,0.21098,1562563000.0,0.13891,0.092860006,0.8604775703838341,2679666000.0,1953354000.0,13267998000.0,142697000.0,4815230000.0,1560952000.0,11680998400.0,0.7644069985250258
エヌエフホールディングス,6864,電気機器,スタンダード（内国株式）,2025-03-31,神奈川県,8254078464.0,0.67689687,,,26.93579477153023,0.4984,0.028169014,-2.87,,46.14405813622115,9083365000.0,547578000.0,0.06053,450649000.0,-0.00223,-0.024430001,0.725303222505691,3654750000.0,3174436000.0,12879221000.0,1422123000.0,5445339000.0,245134000.0,9396064800.0,1.1383541895053155
日置電機,6866,電気機器,プライム（内国株式）,2024-12-31,長野県,84888215552.0,2.0838637,12.837838,14.494094,12.7579365546552,0.46220002,0.03311258,432.59,488.4,463.5080847869185,39270659000.0,7525888000.0,0.1517,6187858000.0,0.14147,0.14588,0.8268390481368083,8339393000.0,7261401000.0,30471715000.0,,18315498000.0,741604000.0,22651444800.0,0.2668385081804953
リーダー電子,6867,電気機器,スタンダード（内国株式）,2025-03-31,神奈川県,2147151232.0,0.56208956,5.542035,27.740864,20.41201775298848,0.8301,0.02952756,18.06,90.4,31.35797134409825,4117038000.0,-179447000.0,-0.10493,-185245000.0,0.01466,0.01969,0.7069717648258333,1327788000.0,860520000.0,3571280000.0,269021000.0,1229114000.0,190138000.0,2376588600.0,1.106856640827431
シスメックス,6869,電気機器,プライム（内国株式）,2025-03-31,兵庫県,991167840256.0,2.0554488,15.021723,21.232143,33.184176662420796,0.4676,0.022264631,74.91,105.88,79.24000004297308,508643000000.0,90796000000.0,0.1761,53669000000.0,0.09362,0.10059,0.6971265715471058,200734000000.0,122826000000.0,364821000000.0,64735000000.0,89570000000.0,12034000000.0,172510800000.0,0.1740480199150163
日本フェンオール,6870,電気機器,スタンダード（内国株式）,2024-12-31,東京都,10188787712.0,0.7217389,,9.257184,20.46506528256302,0.3772,0.04072647,196.28,,68.83820906171958,12515938000.0,1181954000.0,0.04955,1115850000.0,0.0987,0.09403,0.6958918139528975,5936755000.0,4674360000.0,13842316000.0,1240300000.0,6289149000.0,2883727000.0,9924169900.0,0.9740285282724713
日本マイクロニクス,6871,電気機器,プライム（内国株式）,2024-12-31,東京都,314377895936.0,5.4990954,37.030273,31.614237,32.43512481554871,0.2731,0.0035019456,256.53,219.01,106.98000046866935,55643000000.0,12572000000.0,0.21582001,8811000000.0,0.10529,0.10159001,0.6206275784473059,30344000000.0,27612000000.0,44537000000.0,1175000000.0,23949000000.0,1886000000.0,15513200000.0,0.04934570846277986
協立電機,6874,電気機器,スタンダード（内国株式）,2025-06-30,静岡県,22010662912.0,1.0978433,,10.297828,7.699656472608656,0.2635,0.026717557,265.59,,219.71499462177812,38246325000.0,3354709000.0,0.06367,2138124000.0,0.05703,0.11434,0.6174339555648396,11581942000.0,10804837000.0,22749422000.0,814200000.0,8130014000.0,2142983000.0,12667568100.0,0.5755196084118741
メガチップス,6875,電気機器,プライム（内国株式）,2025-03-31,大阪府,127050358784.0,0.7816771,29.810593,51.702393,15.424014054619127,0.3778,0.007434944,158.6,275.07,242.29999481045667,42326428000.0,2190013000.0,0.09562001,5371919000.0,0.06966,0.01811,0.7856788884285223,31699475000.0,7962618000.0,43602421000.0,,20830306000.0,101636005000.0,83048149500.0,0.6536632426295723
ＯＢＡＲＡ　ＧＲＯＵＰ,6877,電気機器,スタンダード（内国株式）,2025-09-30,神奈川県,58805374976.0,0.7951396,7.3907213,10.186017,10.525269190971452,0.39630002,0.038961038,378.46,521.6,371.39000109196616,61682000000.0,9700000000.0,0.15906,6762000000.0,0.10963,0.09121,0.7178272175671772,29152000000.0,16838000000.0,69243000000.0,7942000000.0,26118000000.0,1681000000.0,41267700000.0,0.7017674832758471
三社電機製作所,6882,電気機器,スタンダード（内国株式）,2025-03-31,大阪府,13510134784.0,0.5630631,8.43724,38.96353,7.664053974226433,1.5379,0.042735044,26.05,120.3,222.18081864496318,25440000000.0,1074000000.0,0.02688,502000000.0,0.01364,0.014520001,0.7250603199189777,9230000000.0,8691000000.0,24900000000.0,3296000000.0,5760000000.0,88000000.0,15731600000.0,1.1644295376409473
アクモス,6888,情報・通信業,スタンダード（内国株式）,2025-06-30,東京都,5570911744.0,1.8122684,,14.38849,12.274034218578883,0.64199996,0.045289855,38.92,,43.011634164433225,6421748000.0,583985000.0,-0.02322,386028000.0,0.05559,0.11349,0.6252971020097333,1711654000.0,1421068000.0,4587275000.0,400694000.0,2903929000.0,19484000.0,2889259800.0,0.5186332027449186
フェローテック,6890,電気機器,スタンダード（内国株式）,2025-03-31,東京都,255737380864.0,1.148308,12.405707,22.86432,9.3445399707126,0.6704,0.03065134,238.8,440.12,291.9899979648948,274390000000.0,24090000000.0,0.10628,15692000000.0,0.04572,0.05041,0.39432361016528666,277047000000.0,151750000000.0,295367000000.0,168275000000.0,117727000000.0,11654000000.0,26477800000.0,0.10353511837239303
パルステック工業,6894,電気機器,スタンダード（内国株式）,2025-03-31,静岡県,2907280384.0,0.7674974,,7.2409444,7.391166986229737,0.2726,0.03773585,293.47,,239.04166666666666,2486548000.0,336150000.0,0.18111,355982000.0,0.15649,0.10929,0.7681214339763989,1166294000.0,736323000.0,3609341000.0,3740000.0,1952139000.0,61913000.0,2486386100.0,0.8552274880963115
ツインバード,6897,電気機器,スタンダード（内国株式）,2025-02-28,新潟県,4519679488.0,0.5426478,,,47.14834876367919,4.5455,0.032019705,-29.32,,10.168617030478023,10056718000.0,4833000.0,0.13241,-101798000.0,0.0063099996,0.008119999,0.7124755405327198,3124957000.0,2560504000.0,6087988000.0,2042287000.0,610667000.0,238610000.0,3130058000.0,0.6925398157790785
トミタ電機,6898,電気機器,スタンダード（内国株式）,2025-01-31,鳥取県,2936726784.0,0.7454541,,115.07683,-32.39826254688337,0.0,0.0,31.24,,-47.47168147595469,1421929000.0,-171617000.0,0.05128,-171150000.0,0.06757,0.02747,0.8038733467798133,938640000.0,216136000.0,2572154000.0,,1248408000.0,51974000.0,1669895800.0,0.5686248407914545
ＡＳＴＩ,6899,電気機器,スタンダード（内国株式）,2025-03-31,静岡県,8233122816.0,0.34213445,,9.107254,3.721425648327371,0.3803,0.04464286,289.22,,862.255918106206,65441375000.0,1517928000.0,0.02192,624896000.0,0.0137600005,0.0378,0.5329785688521418,21466033000.0,12034848000.0,29599404000.0,13500291000.0,4391504000.0,702729000.0,8625281300.0,1.0476318029943499
澤藤電機,6901,電気機器,スタンダード（内国株式）,2025-03-31,群馬県,5604970496.0,0.4544694,,,9.886207890536694,0.5572,0.024653314,-57.55,,119.81909865445702,23601000000.0,76000000.0,-0.04101,247000000.0,-0.0108,-0.022330001,0.5006369426751592,12343000000.0,9586000000.0,13065000000.0,4766000000.0,769000000.0,4116000000.0,3603200000.0,0.6428579780342166
デンソー,6902,輸送用機器,プライム（内国株式）,2025-03-31,愛知県,5940938539008.0,1.2049705,11.45628,17.37045,26.268575340856717,0.5033,0.029739777,127.17,192.82,104.96999999946306,7161777000000.0,518953000000.0,0.056750003,419081000000.0,0.04941,0.07916,0.6127096615384615,2936082000000.0,2109338000000.0,3909839000000.0,699384000000.0,986531000000.0,1622081000000.0,2109213700000.0,0.3550303855444682
原田工業,6904,電気機器,スタンダード（内国株式）,2025-03-31,東京都,10068319232.0,0.7686333,5.9130435,11.683848,17.659191087771237,0.1842,0.015923567,40.74,80.5,40.72064367816092,44817176000.0,1729418000.0,0.08132,166225000.0,0.0202,0.061539996,0.34370193013923744,25551173000.0,23832313000.0,28808765000.0,16534101000.0,6448602000.0,,3257592000.0,0.3235487398578345
コーセル,6905,電気機器,プライム（内国株式）,2025-05-31,富山県,45782319104.0,0.82419413,11.335166,,8.420097511066198,2.3989,0.051594745,-10.18,98.19,155.86813870420679,27052756000.0,628061000.0,-0.04456,-113661000.0,-0.01704,-0.00699,0.9306306551359046,4162030000.0,2830896000.0,47760770000.0,281754000.0,27789017000.0,3355399000.0,45947519300.0,1.0036083841804677
ジオマテック,6907,電気機器,スタンダード（内国株式）,2025-03-31,神奈川県,9239212032.0,0.8778351,,17.227139,-2.3501180084229265,0.0,0.0,67.8,,-211.0532314642559,5280866000.0,323760000.0,0.01084,360456000.0,0.00364,0.0022,0.556563428018599,7253931000.0,5707343000.0,10744295000.0,2033685000.0,3029193000.0,2703479000.0,5382799300.0,0.5826037200311759
イリソ電子工業,6908,電気機器,プライム（内国株式）,2025-03-31,神奈川県,68321611776.0,0.96252036,15.475385,18.99448,12.241015918468337,0.593,0.030627871,168.47,206.78,237.7499982890332,56332000000.0,5307000000.0,0.104169995,2662000000.0,0.060749996,0.04849,0.7729123344642662,20174000000.0,14241000000.0,52209000000.0,9321000000.0,24314000000.0,276000000.0,32228200000.0,0.4717131104234446
菊水ホールディングス,6912,電気機器,スタンダード（内国株式）,2025-03-31,神奈川県,15655585792.0,1.0835816,,10.661222,8.301636163234367,0.3005,0.028479312,176.34,,155.37660040984832,13429290000.0,1997364000.0,0.15975,1439924000.0,0.10403,0.10599,0.8058548758770349,3387886000.0,2531945000.0,11589028000.0,14435000.0,4716583000.0,2950652000.0,10266598400.0,0.6557786170637083
オプテックスグループ,6914,電気機器,プライム（内国株式）,2024-12-31,滋賀県,89657204736.0,1.6772777,14.75381,14.665268,13.210849103798626,0.26209998,0.017530192,171.63,170.6,128.67999872995523,63269000000.0,7125000000.0,0.14815,5689000000.0,0.106750004,0.13562,0.6871654083733699,22769000000.0,17543000000.0,58025000000.0,8894000000.0,21065000000.0,1264000000.0,36140800000.0,0.4030997855266439
千代田インテグレ,6915,電気機器,スタンダード（内国株式）,2024-12-31,東京都,31022446592.0,0.7783193,,13.111182,10.922926007008632,0.6453,0.050314464,247.88,,230.48676170969236,41214000000.0,3857000000.0,0.08737001,3234000000.0,0.072119996,0.071339995,0.8102561103964449,9735000000.0,8356000000.0,34283000000.0,1412000000.0,18168000000.0,2996000000.0,26645200000.0,0.8589006647487051
アバールデータ,6918,電気機器,スタンダード（内国株式）,2025-03-31,東京都,17449895936.0,1.813279,8.836207,22.03624,7.161285531478965,0.5838,0.01867816,130.24,324.8,853.6702576612947,10980379000.0,1420667000.0,0.17521,1137953000.0,0.086689994,0.068969995,0.9020841588359438,2177301000.0,1655138000.0,16173356000.0,,6124907000.0,2677284000.0,15870153800.0,0.9094698248176418
ケル,6919,電気機器,スタンダード（内国株式）,2025-03-31,東京都,10891181056.0,0.7151606,,33.185547,14.674619268944433,1.7711,0.055555556,45.11,,117.30006964797428,11871771000.0,596528000.0,0.04478,401552000.0,0.02757,0.02155,0.818287980239658,3380815000.0,2876290000.0,11541717000.0,466002000.0,4878090000.0,2321180000.0,9785728000.0,0.8985001672163919
レーザーテック,6920,電気機器,プライム（内国株式）,2025-06-30,神奈川県,2980925669376.0,14.451189,30.288324,35.238724,52.200962149298014,0.3508,0.010249221,938.74,1092.17,654.4900018276663,251477000000.0,122843000000.0,0.49342,84652000000.0,0.35244998,0.54182,0.6368245241974387,119703000000.0,117919000000.0,286861000000.0,,86087000000.0,1007000000.0,167862900000.0,0.056312340064198545
スタンレー電気,6923,電気機器,プライム（内国株式）,2025-03-31,東京都,403806650368.0,0.9437104,12.628499,15.669921,15.778609726655247,0.4365,0.028380102,203.83,252.92,162.40999988593236,509565000000.0,49003000000.0,0.07661,32058000000.0,0.06,0.06917,0.6481947158836987,150701000000.0,91015000000.0,390038000000.0,44575000000.0,219514000000.0,77828000000.0,293816600000.0,0.7276170408095977
ウシオ電機,6925,電気機器,プライム（内国株式）,2025-03-31,東京都,226213036032.0,1.2263414,25.547983,55.280987,17.69392279918921,1.3975,0.024774376,50.18,108.58,105.29398945882687,177616000000.0,8826000000.0,0.07072,6797000000.0,0.0273,0.0233,0.6743871592713182,96796000000.0,51396000000.0,186560000000.0,41398000000.0,61348000000.0,37473000000.0,115995100000.0,0.5127692993943611
岡谷電機産業,6926,電気機器,スタンダード（内国株式）,2025-03-31,東京都,4364891648.0,0.69648826,,,49.7359888224741,0.0,0.0,-84.1,,5.408558397424432,9598649000.0,-1749110000.0,-0.1749,-1705900000.0,-0.18729,-0.26666,0.5032900050899158,6976500000.0,3567293000.0,8823837000.0,4001454000.0,3299166000.0,2121797000.0,3332594900.0,0.7635000290389797
ヘリオス　テクノ　ホールディング,6927,電気機器,スタンダード（内国株式）,2025-03-31,東京都,18932189184.0,1.1948363,,30.30215,3.9903077854920403,1.1898,0.038752362,34.42,,126.2947656330033,9869997000.0,900376000.0,0.11841,728296000.0,0.06519,0.03959,0.7608565726794909,5062509000.0,4806875000.0,18022170000.0,50705000.0,12013854000.0,1079200000.0,13715101000.0,0.7244329151111022
エノモト,6928,電気機器,スタンダード（内国株式）,2025-03-31,山梨県,15840857088.0,0.7254491,14.463856,20.015005,83.45882596900722,0.5916,0.02978188,119.96,166.0,18.100001298357668,26880395000.0,618625000.0,0.055689998,447931000.0,0.027209999,0.035150003,0.6670540009748838,10932177000.0,7655154000.0,17610154000.0,4036000000.0,4445869000.0,523139000.0,7044174300.0,0.444683912042626
日本セラミック,6929,電気機器,プライム（内国株式）,2024-12-31,鳥取県,80109395968.0,1.7335792,21.42007,13.141426,16.311726092124246,0.3475,0.026490066,287.64,176.47,156.53035485130508,25037000000.0,4962000000.0,0.22918,4162000000.0,0.25267,0.13927001,0.8550910929439388,6101000000.0,4931000000.0,45772000000.0,70000000.0,32330000000.0,1779000000.0,40916300000.0,0.5107553178449151
遠藤照明,6932,電気機器,スタンダード（内国株式）,2025-03-31,大阪府,36670480384.0,0.8106839,8.532646,7.1362877,4.540649209811848,0.2011,0.02736513,347.94,291.0,314.62823685895853,53735000000.0,4930000000.0,0.09912,4799000000.0,0.0953,0.11886,0.6509820148669219,23617000000.0,14551000000.0,43072000000.0,13082000000.0,15692000000.0,93000000.0,19520100000.0,0.5323109977178531
山一電機,6941,電気機器,プライム（内国株式）,2025-03-31,東京都,110568243200.0,2.6640377,18.53794,19.317926,22.867413680803313,0.28620002,0.015136055,311.11,324.2,100.43476633028202,45298813000.0,8225047000.0,0.21497,5240971000.0,0.13045,0.14057,0.740471702728603,13713312000.0,10443263000.0,32112340000.0,6302239000.0,12981469000.0,65042000.0,18444557400.0,0.16681604831720795
ソフィアホールディングス,6942,情報・通信業,スタンダード（内国株式）,2025-03-31,東京都,5586816512.0,1.8450522,,,-45.02758933101792,0.0,0.0,-36.78,,-24.473884042485725,523000000.0,57037000.0,-0.01283,-82603000.0,0.00733,0.01904,0.4061090283787665,4429012000.0,2930873000.0,4510597000.0,2314466000.0,2747381000.0,133007000.0,174689900.0,0.03126823650370138
ＮＫＫスイッチズ,6943,電気機器,スタンダード（内国株式）,2025-03-31,神奈川県,3866929664.0,0.30369353,,,13.004622075811659,0.41669998,0.017429193,-515.5,,473.0691452127246,7564435000.0,-452477000.0,0.01712,-404091000.0,-0.056789998,-0.03299,0.8481560986294491,2272194000.0,1514606000.0,9413863000.0,254347000.0,4688875000.0,1175166000.0,7964285200.0,2.059588844903283
日本アビオニクス,6946,電気機器,スタンダード（内国株式）,2025-03-31,神奈川県,78233616384.0,5.9524946,33.89939,32.269875,17.675373535959675,0.0366,0.001242236,163.93,156.05,131.86000284213836,20122000000.0,2796000000.0,0.18197,1964000000.0,0.10667,0.19406,0.518596960576673,12956000000.0,8724000000.0,19340000000.0,4790000000.0,1934000000.0,19000000.0,6397300000.0,0.08177175357201495
図研,6947,電気機器,プライム（内国株式）,2025-03-31,神奈川県,110777982976.0,2.8160417,26.2,20.069708,24.96566314352436,0.38279998,0.020100502,261.09,200.0,171.37000119165592,40736294000.0,5392253000.0,0.14945,5226214000.0,0.1385,0.14158,0.6313557361239783,23325693000.0,19379447000.0,48495961000.0,,28218445000.0,3410311000.0,27557485700.0,0.24876320149257744
日本電子,6951,電気機器,プライム（内国株式）,2025-03-31,東京都,272748756992.0,1.8966829,9.728357,15.470142,14.221039737701135,0.33380002,0.022330098,344.47,547.78,424.9199995692849,196695000000.0,35502000000.0,0.14654,18688000000.0,0.09201,0.12795,0.6142004440728854,85835000000.0,72995000000.0,169492000000.0,9284000000.0,36144000000.0,14769000000.0,93995300000.0,0.3446222854931543
カシオ計算機,6952,電気機器,プライム（内国株式）,2025-03-31,東京都,300337102848.0,1.340514,24.947906,37.436043,24.021024075041517,1.2777,0.034870204,35.18,52.79,51.37925715370409,261757000000.0,14236000000.0,0.08172,8064000000.0,0.04868,0.05637,0.6599727418557249,112717000000.0,61403000000.0,235883000000.0,46761000000.0,72174000000.0,4866000000.0,126572200000.0,0.42143377824370215
ファナック,6954,電気機器,プライム（内国株式）,2025-03-31,山梨県,6186846388224.0,3.494552,38.299347,39.2447,29.090078852710896,0.6,0.015742728,168.94,173.11,140.23000001020455,797129000000.0,158846000000.0,0.20613001,147557000000.0,0.19278999,0.09233,0.8903032527615717,197141000000.0,157586000000.0,1085787000000.0,,590504000000.0,192214000000.0,1023195800000.0,0.1653824478247179
ＦＤＫ,6955,電気機器,スタンダード（内国株式）,2025-03-31,東京都,12835897344.0,0.7604205,,41.986458,213.35985545,0.0,0.0,8.86,,3.477692644827858,63171000000.0,1395000000.0,0.0223,536000000.0,0.00506,0.01937,0.35183426845058263,29925000000.0,28879000000.0,31734000000.0,14708000000.0,4600000000.0,211000000.0,1956700000.0,0.15243967348450618
芝浦電子,6957,電気機器,スタンダード（内国株式）,2025-03-31,埼玉県,107178172416.0,2.9620323,24.515553,Infinity,26078235.170144316,0.71300006,0.021156559,0.0,290.02,250.7301153371651,34028000000.0,5449000000.0,0.16764,3749000000.0,0.09252,0.08926,0.8284052895085426,7615000000.0,7229000000.0,30814000000.0,297000000.0,12461000000.0,482000000.0,23536400000.0,0.21960068425729556
日本シイエムケイ,6958,電気機器,プライム（内国株式）,2025-03-31,東京都,37785448448.0,0.5087852,7.401201,14.054627,9.149299520680072,0.53040004,0.038910504,37.71,71.61,64.20398714254785,95486000000.0,3808000000.0,0.012359999,3789000000.0,0.02786,0.03679,0.5325838158071899,67114000000.0,33686000000.0,62382000000.0,44234000000.0,22193000000.0,4041000000.0,-1903300000.0,-0.050371242850784335
フクダ電子,6960,電気機器,スタンダード（内国株式）,2025-03-31,東京都,235303190528.0,1.3214678,13.592691,13.246354,10.636099735478146,0.19950001,0.016209476,651.5,634.9,622.4400061135176,139007000000.0,25874000000.0,0.18832001,18605000000.0,0.13245,0.10557,0.8207580844113301,39670000000.0,35219000000.0,127139000000.0,3317000000.0,72374000000.0,32090000000.0,109932000000.0,0.4671929851580937
エンプラス,6961,電気機器,プライム（内国株式）,2025-03-31,東京都,77527285760.0,1.3452125,13.599515,19.04845,18.48480563221232,0.1852,0.008966245,458.83,642.67,383.0000057844904,38069000000.0,5287000000.0,0.18031,3943000000.0,0.1043,0.07516,0.8832815611310235,6561000000.0,5168000000.0,38695000000.0,1438000000.0,24050000000.0,746000000.0,32656200000.0,0.42122202112290225
大真空,6962,電気機器,プライム（内国株式）,2025-03-31,兵庫県,18669150208.0,0.506447,12.62637,41.25088,12.660615272999872,1.9663,0.04786325,14.23,46.49,58.12000010037012,38620931000.0,915023000.0,0.010729999,285588000.0,0.01194,0.01464,0.4122218211796004,44670703000.0,24874535000.0,48934375000.0,33647307000.0,18707732000.0,2759028000.0,6194991600.0,0.33183040100804145
ローム,6963,電気機器,プライム（内国株式）,2025-03-31,京都府,932854300672.0,1.0321515,27.811026,,17.222112172935756,2.2183,0.02149613,-111.38,86.89,134.35000006099463,448466000000.0,-40061000000.0,0.05826,-50065000000.0,-0.09077,-0.045089997,0.6170548285112423,551113000000.0,219623000000.0,561245000000.0,400000000000.0,196602000000.0,351511000000.0,256189700000.0,0.2746299178933395
サンコー,6964,電気機器,スタンダード（内国株式）,2025-03-31,長野県,5616788992.0,0.35650823,,10.672736,7.450409028271768,0.3371,0.032310177,59.31,,79.40047006266563,16838185000.0,546075000.0,0.033770002,569572000.0,0.0304,0.03381,0.7084332331235067,6426254000.0,5400448000.0,15143376000.0,109894000.0,4891829000.0,1277957000.0,9611691900.0,1.7112431878231398
浜松ホトニクス,6965,電気機器,プライム（内国株式）,2025-09-30,静岡県,509148069888.0,1.5977795,20.387718,36.30701,22.51723509979092,0.80300003,0.02228739,47.36,84.34,81.18999994023356,212051000000.0,16168000000.0,0.06852,14203000000.0,0.06698,0.044359997,0.7066249384626204,131555000000.0,108532000000.0,236446000000.0,70996000000.0,90559000000.0,4726000000.0,108199200000.0,0.21251028217351614
三井ハイテック,6966,電気機器,プライム（内国株式）,2025-01-31,福岡県,138524246016.0,1.2191023,11.726485,14.851097,3.1352132599770197,0.3525,0.02406417,51.04,64.64,425.2961615277284,214890000000.0,16018000000.0,0.05274,12219000000.0,0.0,,0.4916583965882574,113371000000.0,44327000000.0,108220000000.0,76373000000.0,44384000000.0,1548000000.0,-4067400000.0,-0.02936236880531515
松尾電機,6969,電気機器,スタンダード（内国株式）,2025-03-31,大阪府,2738764288.0,0.9627623,,4.574428,63.25049371571418,0.0,0.0,186.69,,8.980167056923447,4545178000.0,491165000.0,0.03309,449974000.0,-0.081520006,-0.15672,0.4185402768550288,3833343000.0,2593040000.0,4252421000.0,2383382000.0,1157656000.0,15000000.0,429578000.0,0.156851030182558
京セラ,6971,電気機器,プライム（内国株式）,2025-03-31,京都府,3056520921088.0,0.97059,25.307262,72.61943,26.99032080379484,1.6072,0.022301517,31.19,89.5,71.5799999981587,2014454000000.0,27299000000.0,0.04557,24097000000.0,0.0217,0.01449,0.7132717857596479,1268073000000.0,491682000000.0,1435748000000.0,342382000000.0,444744000000.0,50068000000.0,202722600000.0,0.0663246237254083
太陽誘電,6976,電気機器,プライム（内国株式）,2025-03-31,東京都,430924333056.0,1.327751,18.399275,112.46736,53.7233001023443,2.9412,0.024896266,30.64,187.29,63.4900001951953,341438000000.0,10460000000.0,0.06225,2328000000.0,0.012250001,0.01319,0.5568312665303531,254019000000.0,79645000000.0,279284000000.0,164400000000.0,78166000000.0,20000000.0,25279000000.0,0.058662270985553544
日本抵抗器製作所,6977,電気機器,スタンダード（内国株式）,2024-12-31,富山県,1243389056.0,0.9891723,,,22.607973503659203,2.4773,0.02719855,-285.82,,41.504446240905416,6454650000.0,-133400000.0,-0.01525,-181411000.0,-0.05231,-0.17488001,0.19501725537633538,5831142000.0,3606882000.0,5624775000.0,4219409000.0,1674309000.0,308521000.0,9597700.0,0.007718983815794499
村田製作所,6981,電気機器,プライム（内国株式）,2025-03-31,京都府,6021548867584.0,2.3287263,20.895712,25.957314,28.676224227177798,0.471,0.017958695,127.44,158.31,95.7200000198175,1743352000000.0,279702000000.0,0.21271999,233818000000.0,0.13382,0.091630004,0.8522588050831618,448219000000.0,276517000000.0,1497935000000.0,59993000000.0,625148000000.0,40274000000.0,1077907800000.0,0.17900839529888002
リード,6982,輸送用機器,スタンダード（内国株式）,2025-03-31,埼玉県,1577137024.0,0.6373173,,,33.50453370553321,0.53220004,0.0,-88.21,,18.79229846322688,4186015000.0,-90693000.0,-0.1693,-104999000.0,-0.05764,-0.089320004,0.3298311993492757,5282879000.0,2516683000.0,2569390000.0,3707990000.0,1435501000.0,936557000.0,-2057899100.0,-1.3048321538864591
双葉電子工業,6986,電気機器,プライム（内国株式）,2025-03-31,千葉県,27697301504.0,0.3529127,24.734848,98.78971,-11.618612372150805,1.506,0.016393442,6.61,26.4,-43.71000013367621,48116000000.0,-1293000000.0,-0.048660003,-281000000.0,0.00634,0.00789,0.7633198140271046,12782000000.0,6534000000.0,58955000000.0,700000000.0,31285000000.0,13343000000.0,55513100000.0,2.0042782865320974
日東電工,6988,化学,プライム（内国株式）,2025-03-31,大阪府,2522855505920.0,2.4071884,19.54185,20.470074,18.5957141779894,0.3169,0.01569264,182.95,191.64,143.8600000921621,1013878000000.0,185668000000.0,0.19395,137237000000.0,0.12547,0.12267,0.7898231360445412,276806000000.0,221735000000.0,750209000000.0,455000000.0,363344000000.0,11096000000.0,481170200000.0,0.1907244385859243
北陸電気工業,6989,電気機器,スタンダード（内国株式）,2025-03-31,富山県,22707030016.0,0.99758494,,9.363272,4.2572001327241935,0.2911,0.030832477,309.08,,307.28728528028523,43185000000.0,2601000000.0,0.063379996,2194000000.0,0.058140002,0.11136,0.5258015974071073,20483000000.0,11279000000.0,30625000000.0,8892000000.0,11931000000.0,1431000000.0,11143700000.0,0.49075990969086847
大黒屋ホールディングス,6993,小売業,スタンダード（内国株式）,2025-03-31,東京都,84229423104.0,22.636484,,,-7.828290844538002,0.0,0.0,-5.45,,-4.598704968290507,10232047000.0,-904499000.0,-0.06436,-968055000.0,-0.09493,-0.68439,0.0675063011603499,5284469000.0,4538371000.0,4870956000.0,4450000000.0,559230000.0,66199000.0,-367173700.0,-0.004359209483681756
指月電機製作所,6994,電気機器,スタンダード（内国株式）,2025-03-31,兵庫県,21542551552.0,0.89440095,,11.868651,63.01390524987939,0.2922,0.025029797,71.87,,6.71728868564685,27346541000.0,1990792000.0,0.11404,1194672000.0,0.06539,0.07738,0.6098376500837771,14597582000.0,6882547000.0,20112977000.0,8800000000.0,5929507000.0,1745251000.0,6737070700.0,0.3127331822202154
東海理化電機製作所,6995,輸送用機器,プライム（内国株式）,2025-03-31,愛知県,278731128832.0,0.83769983,12.680529,7.800591,8.764846050837525,0.25010002,0.033070866,419.84,258.27,276.7999986455179,617660000000.0,35440000000.0,0.07556,27808000000.0,0.05673,0.10944,0.6186122886746441,173066000000.0,131179000000.0,285523000000.0,11062000000.0,75074000000.0,32579000000.0,135262300000.0,0.48527877229502714
ニチコン,6996,電気機器,プライム（内国株式）,2025-03-31,京都府,107924553728.0,0.96060157,17.87144,31.615187,11.191884143511556,0.7087,0.02208589,50.83,89.92,108.9799994961012,175751000000.0,5204000000.0,0.01758,5877000000.0,0.01998,0.03411,0.5734232690490285,78770000000.0,51558000000.0,108254000000.0,25863000000.0,25519000000.0,26688000000.0,48165600000.0,0.4462895452075786
日本ケミコン,6997,電気機器,プライム（内国株式）,2025-03-31,東京都,33581461504.0,0.6011198,8.518833,269.05188,-1.385609459208116,0.0,0.0,5.59,176.55,-1029.150018082994,122684000000.0,3740000000.0,0.0241,37000000.0,0.0018000001,0.00505,0.3449127853376111,106035000000.0,60631000000.0,86620000000.0,78384000000.0,23870000000.0,15007000000.0,-8910100000.0,-0.2653279399093065
日本タングステン,6998,電気機器,スタンダード（内国株式）,2025-03-31,福岡県,8184350208.0,0.63746005,,13.090428,11.140711300675395,0.3884,0.032615785,128.72,,108.59000514514692,12392000000.0,690000000.0,0.03121,676000000.0,0.05159,0.049790002,0.712357511484149,5072000000.0,4557000000.0,10145000000.0,2482000000.0,3307000000.0,1730000000.0,6284000000.0,0.7678068313667157
ＫＯＡ,6999,電気機器,プライム（内国株式）,2025-03-31,長野県,52402896896.0,0.65833616,26.168398,26.344286,18.682887554372076,0.5602,0.021645023,53.56,53.92,74.65999973630379,64120000000.0,1180000000.0,0.04514,260000000.0,0.0297,0.025090002,0.5525342199271389,63256000000.0,15935000000.0,57505000000.0,44709000000.0,26642000000.0,4942000000.0,-2291600000.0,-0.04373040682365256
三井Ｅ＆Ｓ,7003,機械,プライム（内国株式）,2025-03-31,東京都,680241725440.0,3.5625005,51.114483,28.012299,7.37274459193966,0.1452,0.0055599683,240.68,131.9,254.42000034713487,315112000000.0,23131000000.0,0.12921,39074000000.0,0.072459996,0.13796,0.3781043249067256,275060000000.0,200792000000.0,239646000000.0,105242000000.0,35353000000.0,29674000000.0,-14642200000.0,-0.021524995383852705
カナデビア,7004,機械,プライム（内国株式）,2025-03-31,大阪府,169759064064.0,0.95426524,7.525919,9.581237,11.388376263865732,0.2373,0.026068822,105.31,134.07,112.73999974721175,610523000000.0,26947000000.0,-0.026180001,22103000000.0,0.02915,0.101110004,0.31060121443544497,411773000000.0,294283000000.0,357114000000.0,135763000000.0,70763000000.0,27571000000.0,-35359300000.0,-0.2082910871060727
三菱重工業,7011,機械,プライム（内国株式）,2025-03-31,東京都,15039877611520.0,6.037854,48.300423,55.211544,20.40448342058865,0.2953,0.005631159,81.07,92.67,66.03999999339669,5027176000000.0,385952000000.0,0.06414,245447000000.0,0.05229,0.109110005,0.35241459430983146,4189101000000.0,3146299000000.0,3911632000000.0,1131274000000.0,657816000000.0,470907000000.0,52165900000.0,0.0034685056186921906
川崎重工業,7012,輸送用機器,プライム（内国株式）,2025-03-31,東京都,2243411836928.0,2.9449136,23.5224,23.280827,31.784859923846152,0.2691,0.013339071,576.44,570.52,151.50999981223197,2129321000000.0,119950000000.0,0.01947,88001000000.0,0.04302,0.13474,0.23298853710252504,2291888000000.0,1847303000000.0,2023901000000.0,,132776000000.0,71802000000.0,-217725600000.0,-0.09705110600563693
ＩＨＩ,7013,機械,プライム（内国株式）,2025-03-31,東京都,3626772201472.0,6.7081327,5.9150014,28.05018,-8.795147739827186,0.16389999,0.0064102565,121.96,578.36,-64.39714283469614,1626831000000.0,143517000000.0,0.1292,112740000000.0,0.081709996,0.26757,0.2150186217411953,1731732000000.0,1117925000000.0,1302263000000.0,514723000000.0,136809000000.0,51509000000.0,-393412700000.0,-0.10847460996870037
名村造船所,7014,輸送用機器,スタンダード（内国株式）,2025-03-31,大阪府,313290850304.0,2.6518166,,15.700609,6.788033725577262,0.174,0.0124533,287.25,,285.5199993280536,159227000000.0,29466000000.0,0.1388,26245000000.0,0.13124,0.19169001,0.5011744332343078,103895000000.0,78410000000.0,141310000000.0,18261000000.0,90140000000.0,32552000000.0,60201400000.0,0.19215818126058873
内海造船,7018,輸送用機器,スタンダード（内国株式）,2025-03-31,広島県,28421595136.0,2.379571,,16.292467,3.798069515861474,0.038900003,0.0027210885,1029.31,,1333.924090810673,44648000000.0,1417000000.0,0.08412,1017000000.0,0.04006,0.15923001,0.25551946523560704,31630000000.0,26398000000.0,28451000000.0,5680000000.0,4702000000.0,1014000000.0,-2469200000.0,-0.08687760092931611
ニッチツ,7021,機械,スタンダード（内国株式）,2025-03-31,,4825347584.0,0.4102569,,38.369003,16.80537816948668,0.5781,0.008733625,64.01,,121.11407296666225,9850916000.0,270070000.0,0.01814,241946000.0,0.01249,0.010930001,0.6960487518199578,4905085000.0,3146079000.0,7562962000.0,1262200000.0,2670656000.0,2547843000.0,4441367100.0,0.9204242850249356
サノヤスホールディングス,7022,機械,スタンダード（内国株式）,2025-03-31,大阪府,9544324096.0,0.9518625,,7.2667003,12.442051447078564,0.1912,0.027075812,39.22,,13.510000181605013,25006000000.0,1066000000.0,0.0436,1182000000.0,0.0509,0.14057,0.367479674796748,17505000000.0,10420000000.0,12806000000.0,8093000000.0,2016000000.0,4805000000.0,-1335500000.0,-0.13992609498243092
スプリックス,7030,サービス業,スタンダード（内国株式）,2025-09-30,東京都,24082235392.0,2.4128075,12.432826,22.126762,27.801474995088746,0.6158,0.027279254,61.69,109.79,28.3699999506362,35127000000.0,2170000000.0,0.13797,1087000000.0,0.030940002,0.11125,0.4438959306204136,12504000000.0,11148000000.0,11276000000.0,1144000000.0,6460000000.0,594000000.0,-812200000.0,-0.03372610502220275
インバウンドテック,7031,サービス業,グロース（内国株式）,2025-03-31,東京都,1434788736.0,0.9322861,,,14.369354532841072,0.0,0.0,-202.44,,78.56998708046888,2544543000.0,21387000.0,0.03158,-414576000.0,0.061539996,,0.5822694486743497,860235000.0,742388000.0,2064593000.0,652000000.0,1407147000.0,,1204358000.0,0.8393974456180844
マネジメントソリューションズ,7033,サービス業,プライム（内国株式）,2023-10-31,東京都,21680773120.0,4.107871,10.478723,14.075737,91.06399749769722,0.1838,0.018921265,97.97,131.6,31.039999807994683,16931288000.0,2207591000.0,0.11451,1620788000.0,0.08894,,0.5981371387782554,2730459000.0,2061676000.0,4976689000.0,650749000.0,2640389000.0,7400000.0,2251410000.0,0.1038436216060546
プロレド・パートナーズ,7034,サービス業,プライム（内国株式）,2024-10-31,,6453421056.0,0.9364661,17.90909,,5.150163468987276,0.0,0.0,-3.51,33.0,74.9490773107252,3205046000.0,-90541000.0,0.45332,319681000.0,0.01673,0.40376,0.4879448331518976,1791645000.0,934935000.0,6257437000.0,996200000.0,5519365000.0,6324438000.0,8892898600.0,1.3780130759842366
ａｎｄ　ｆａｃｔｏｒｙ,7035,サービス業,スタンダード（内国株式）,2025-08-31,東京都,2488834048.0,2.7964418,,,43.30454065662244,0.0,0.0,-28.95,,7.897555194311913,3209035000.0,-270051000.0,-0.12769,-323033000.0,-0.10159001,-0.30753002,0.44119446303210763,1127646000.0,890042000.0,1840487000.0,357061000.0,860671000.0,45832000.0,744923400.0,0.29930617535492665
イーエムネットジャパン,7036,サービス業,グロース（内国株式）,2024-12-31,東京都,3820255744.0,2.6979177,8.241667,29.90626,38.234350734651436,0.96819997,0.0,33.07,120.0,18.909999038881878,1329624000.0,93124000.0,0.104399994,69753000.0,0.0856,0.08908,0.5197596832241712,1299416000.0,1126085000.0,2178291000.0,403000.0,962361000.0,275570000.0,1071774000.0,0.2805503274704323
テノ．ホールディングス,7037,サービス業,スタンダード（内国株式）,2024-12-31,福岡県,4180247040.0,2.1470206,,,22.137434603653563,0.4346,0.009635975,-60.32,,21.909999855394002,16017000000.0,197000000.0,0.05045,-466000000.0,-0.00796,-0.0692,0.17809484705399303,8007000000.0,4947000000.0,4438000000.0,5365000000.0,2171000000.0,10000000.0,-3562000000.0,-0.8521027503675955
フロンティア・マネジメント,7038,サービス業,プライム（内国株式）,2024-12-31,東京都,6720601600.0,2.9856052,,,22.626748075723437,0.0,0.0,-94.18,,66.47000244872409,9265110000.0,-632133000.0,-0.02228,-694858000.0,-0.10018,-0.10709,0.19069482035970628,3415637000.0,2122901000.0,11470340000.0,1396795000.0,7561180000.0,296000.0,8054910200.0,1.1985400533190362
ブリッジインターナショナルグループ,7039,サービス業,グロース（内国株式）,2024-12-31,東京都,7204077568.0,1.5576203,13.577235,10.198992,8.696621469645839,0.3054,0.008754377,196.49,147.6,171.4075132473635,8615418000.0,950459000.0,0.08737001,661855000.0,0.074710004,0.14819,0.7301504216626702,1590783000.0,1285887000.0,4614940000.0,431729000.0,2695946000.0,343156000.0,3264366200.0,0.45312757520825186
サン・ライフホールディング,7040,サービス業,スタンダード（内国株式）,2025-03-31,神奈川県,6031307776.0,0.8883943,,7.159991,5.310130262005033,0.23979999,0.034518827,137.57,,182.27234452298782,13856017000.0,1305386000.0,0.07417,835463000.0,0.05967,0.12954001,0.1826134653509378,29553525000.0,2471232000.0,12223841000.0,,10674493000.0,4174898000.0,-14407255400.0,-2.388744851876052
ＣＲＧホールディングス,7041,サービス業,グロース（内国株式）,2025-09-30,東京都,1844948608.0,0.6316158,,12.015925,-6.9960347671187595,0.32560003,0.027950311,27.63,,-67.11436834941227,16420175000.0,279394000.0,0.0110599995,153323000.0,0.00932,0.05381,0.3222972132662971,6141323000.0,5634396000.0,5519189000.0,4492942000.0,3511826000.0,1117713000.0,160265100.0,0.0868669725026834
アクセスグループ・ホールディングス,7042,サービス業,スタンダード（内国株式）,2025-03-31,東京都,2416552448.0,1.93808,,13.476457,8.421266202776337,0.2706,0.037128713,55.43,,47.4216866391182,3594937000.0,230764000.0,0.00947,188644000.0,0.04644,0.15525,0.5086700658839962,1143906000.0,838266000.0,2053560000.0,599656000.0,1421604000.0,20869000.0,924262300.0,0.38247144222544927
アルー,7043,サービス業,グロース（内国株式）,2024-12-31,東京都,2479258368.0,1.9025905,10.981941,42.32275,30.25490058098692,0.3041,0.0069444445,22.99,88.6,22.119996046874114,3089020000.0,-64558000.0,0.08469,-73706000.0,0.04694,0.13464,0.6230312724794609,716895000.0,548330000.0,1367037000.0,448842000.0,822647000.0,11884000.0,658460800.0,0.2655878098462064
ピアラ,7044,サービス業,スタンダード（内国株式）,2024-12-31,東京都,3914142976.0,7.169212,,17.573221,-2.1416314963706404,0.0,0.0,31.07,,-141.94785634932052,13488568000.0,-149432000.0,0.00054000004,-114160000.0,0.01324,0.47151002,0.10362730095948507,3760929000.0,3635306000.0,3590437000.0,1478880000.0,1358519000.0,267704000.0,16900800.0,0.004317880083489316
ＴＤＳＥ,7046,サービス業,グロース（内国株式）,2025-03-31,東京都,3346959616.0,1.502245,42.526596,28.852402,20.858451329773164,0.1807,0.0,55.42,37.6,96.15001485804208,2699081000.0,198774000.0,0.04832,136557000.0,0.040370002,0.05298,0.808620188545119,522824000.0,502824000.0,2465835000.0,931000.0,1955492000.0,42079000.0,1972466300.0,0.5893307736880683
ポート,7047,サービス業,グロース（内国株式）,2025-03-31,東京都,28514318336.0,3.0180278,11.812263,13.408475,18.949981166663537,0.0154,0.0012065637,162.36,184.3,113.99000238784002,21963000000.0,2948000000.0,0.16115999,1887000000.0,0.08758,0.2561,0.37445554137885523,14223000000.0,6838000000.0,7287000000.0,8444000000.0,2543000000.0,3116000000.0,-4754800000.0,-0.16675131223449072
ベルトラ,7048,サービス業,グロース（内国株式）,2024-12-31,東京都,6770793472.0,2.870175,,,-363.63261800790184,0.0,0.0,-5.89,,-1.6225167126981417,4304918000.0,-175595000.0,-0.04236,-407943000.0,-0.04684,-0.09149,0.29261708097444283,5696208000.0,5695769000.0,7846681000.0,0.0,5166676000.0,9774000.0,2157314800.0,0.31862067701834046
識学,7049,サービス業,グロース（内国株式）,2025-02-28,東京都,8355077120.0,2.7878146,44.72973,14.770191,-45.91876003477905,0.0,0.0,67.23,22.2,-11.128349276264572,5369123000.0,330879000.0,0.33671,426572000.0,0.09037,0.14574,0.5181240563419642,1457779000.0,1346081000.0,4150368000.0,345139000.0,2312580000.0,91272000.0,2756479400.0,0.3299166914212756
フロンティアインターナショナル,7050,サービス業,グロース（内国株式）,2025-04-30,東京都,13505446912.0,1.4776198,,11.890769,14.823710197592291,0.38779998,0.033176944,255.24,,109.67000075715211,20335121000.0,1277679000.0,0.100559995,876068000.0,0.04343,0.14109,0.6180156868361235,5453252000.0,4752593000.0,11861924000.0,310022000.0,7499018000.0,567931000.0,6806223700.0,0.5039613827182915
エヌ・シー・エヌ,7057,サービス業,スタンダード（内国株式）,2025-03-31,東京都,3327299328.0,1.7071921,,33.951935,6516.982605130065,0.8831,0.026411658,32.87,,0.1374894692502106,8124229000.0,178518000.0,0.02783,193686000.0,0.01214,0.06269,0.3559611366341018,3456602000.0,2433321000.0,4194291000.0,164786000.0,2668596000.0,573312000.0,1139007400.0,0.34232189163595445
共栄セキュリティーサービス,7058,サービス業,スタンダード（内国株式）,2025-03-31,東京都,4326960640.0,0.9065496,8.776049,19.885609,16.738530689094826,0.5985,0.030779753,150.36,340.7,170.3899928837919,10113415000.0,484864000.0,0.10316,-38704000.0,0.02031,0.046279997,0.7134410879542725,1820442000.0,1422263000.0,3468011000.0,480368000.0,2189268000.0,85465000.0,1707394500.0,0.39459441442943194
コプロ・ホールディングス,7059,サービス業,プライム（内国株式）,2025-03-31,愛知県,39132246016.0,4.5250072,,20.01957,22.752493475673397,0.6847,0.04950495,51.1,,37.194999862500644,30015113000.0,2763955000.0,0.09928001,1820790000.0,0.05975,0.24076,0.6433054190628987,4657532000.0,4427068000.0,10778471000.0,,6190871000.0,,6120939000.0,0.15641675659243612
ギークス,7060,サービス業,スタンダード（内国株式）,2025-03-31,東京都,5831420416.0,2.0371804,21.908396,25.844215,-3.455027163679473,0.8997,0.03327787,22.21,26.2,-142.75384561126916,25162448000.0,495540000.0,0.03882,49795000.0,0.00881,0.02704,0.38538860980427675,4503758000.0,2652347000.0,6452119000.0,2140109000.0,3606612000.0,25895000.0,1966487500.0,0.337222727863084
日本ホスピスホールディングス,7061,サービス業,グロース（内国株式）,2024-12-31,東京都,9201858560.0,2.484975,8.173653,17.316841,26.32393245842556,0.2379,0.013550135,63.06,133.6,84.25999598891379,12115287000.0,1286887000.0,0.111719996,639580000.0,0.0372,0.14603,0.18823158298185566,14863927000.0,2989415000.0,3787112000.0,13188214000.0,1526291000.0,,-11076815000.0,-1.203758450292894
フレアス,7062,サービス業,グロース（内国株式）,2025-03-31,東京都,2118130432.0,1.0877442,,27.544098,39.389000651745135,0.0,0.0,29.48,,24.55000086317643,7582581000.0,-105098000.0,0.041360002,-244549000.0,0.01092,0.051820002,0.1779579737583378,7152503000.0,2128236000.0,3464914000.0,6138905000.0,814999000.0,,-3687589000.0,-1.740964080534961
Ｂｉｒｄｍａｎ,7063,サービス業,グロース（内国株式）,2024-06-30,東京都,3774240768.0,4.0702477,,,-825.682513035737,0.0,0.0,-69.81,,-1.5381214691475877,2085456000.0,-1840223000.0,-17.625,-3028783000.0,-2.38168,,-3.84889610044156,1822894000.0,1405298000.0,302619000.0,1471137000.0,115844000.0,16396000.0,-1508797800.0,-0.3997619369681929
ハウテレビジョン,7064,サービス業,グロース（内国株式）,2025-01-31,東京都,3716610048.0,2.5620828,5.308978,15.887415,12.935769982802267,0.0,0.0,85.98,257.3,111.01001346724011,2166937000.0,402370000.0,-0.10163,243303000.0,0.06335,,0.5580766666525117,1040672000.0,634130000.0,1842924000.0,615805000.0,1599927000.0,,802252000.0,0.21585584434173063
ユーピーアール,7065,サービス業,スタンダード（内国株式）,2025-08-31,東京都,6901206016.0,0.75456023,6.2461004,20.509901,14.983694353018791,0.5696,0.028901733,43.93,144.25,77.9878767717678,15354233000.0,277701000.0,0.00525,336209000.0,0.021879999,0.04147,0.4166361628112936,12653460000.0,4263160000.0,6182679000.0,9189736000.0,3266184000.0,101157000.0,-6399971100.0,-0.9273699531881936
ピアズ,7066,サービス業,グロース（内国株式）,2025-09-30,東京都,4253023488.0,1.5441238,,10.50523,14.275783333902478,0.3006,0.028969957,44.93,,57.6900004032163,6103869000.0,559086000.0,0.10188,432354000.0,0.07078,0.15346,0.6191258604969918,1697286000.0,1281634000.0,2821437000.0,782945000.0,1763206000.0,387395000.0,1395327500.0,0.32807895463943415
ブランディングテクノロジー,7067,サービス業,グロース（内国株式）,2025-03-31,東京都,1790012288.0,1.5054772,15.086321,49.007763,526.0143341216208,0.431,0.009803922,23.18,75.3,2.0500006215890303,5028735000.0,110625000.0,0.0194,76951000.0,0.0070700003,0.029979998,0.5693974220121683,890109000.0,730101000.0,1906992000.0,215020000.0,1204608000.0,11346000.0,1024825200.0,0.572524114426638
フィードフォースグループ,7068,サービス業,グロース（内国株式）,2025-05-31,東京都,16214208512.0,4.655026,,16.959064,33.569856270165474,0.2544,0.015384615,39.33,,17.949999952563424,4373000000.0,1592000000.0,0.36945,1002000000.0,0.28069,0.40030998,0.43394747157977265,4332000000.0,3194000000.0,6425000000.0,2200000000.0,4233000000.0,,2093000000.0,0.12908431505928816
サイバー・バズ,7069,サービス業,グロース（内国株式）,2025-09-30,東京都,3198757120.0,4.2593317,5.092889,8.295075,-2.154552587118185,0.0,0.0,95.84,156.1,-488.2684257927997,7131164000.0,349564000.0,0.07971,385969000.0,0.053990003,0.69873,0.24209410089449995,2355736000.0,1728110000.0,2483304000.0,1216000000.0,1276957000.0,23496000.0,144015200.0,0.0450222366367097
アンビスホールディングス,7071,サービス業,プライム（内国株式）,2025-09-30,東京都,44475432960.0,1.2308822,3.9290023,12.153518,25.303998633442873,0.1066,0.0,37.52,116.06,75.81000024410453,49174000000.0,6163000000.0,0.11444,3660000000.0,0.07443,0.10556,0.4304144281510953,47815000000.0,19444000000.0,21738000000.0,40151000000.0,10833000000.0,,-26077000000.0,-0.5863236907317563
インティメート・マージャー,7072,サービス業,グロース（内国株式）,2025-09-30,東京都,3378050560.0,2.2078767,9.945255,23.330479,43.908186801852985,0.0,0.0,46.72,109.6,16.989997864555814,3363631000.0,227707000.0,0.05589,153480000.0,0.045500003,0.0988,0.6987624965485452,634653000.0,546329000.0,2112365000.0,100000000.0,1625786000.0,,1477712000.0,0.4374451991624424
ジェイック,7073,サービス業,グロース（内国株式）,2025-01-31,東京都,2501372416.0,2.3465028,,14.710204,342.10122754925044,0.245,0.017090771,183.75,,6.189999552128587,4190221000.0,238198000.0,0.0959,137777000.0,0.042659998,0.19601999,0.3438631506437996,1867582000.0,1048577000.0,1904218000.0,1052356000.0,1401166000.0,44801000.0,67996700.0,0.027183757030764345
トゥエンティーフォーセブンホールディングス,7074,サービス業,グロース（内国株式）,2024-11-30,東京都,1926343168.0,16.897425,,,-2.17098858909722,0.0,0.0,-23.82,,-102.71818153255792,2527254000.0,-363499000.0,-0.08084,-435661000.0,-0.090909995,-127.33333,0.14396048880590837,878936000.0,596073000.0,798754000.0,,651321000.0,,-80182000.0,-0.041623943922332325
ＱＬＳホールディングス,7075,サービス業,グロース（内国株式）,2025-03-31,大阪府,5720960512.0,3.0957623,,12.707641,,0.133,0.010638298,60.2,,,10548294000.0,610645000.0,0.06703,372226000.0,0.04025,0.29116,0.3210337430252444,3433402000.0,2150180000.0,3242445000.0,1950516000.0,1681223000.0,,-190957000.0,-0.033378485937712414
ＡＬｉＮＫインターネット,7077,サービス業,グロース（内国株式）,2025-02-28,東京都,1953185408.0,1.2184565,13.280098,,21.134677602019433,0.0,0.0,-35.28,81.4,55.1699922732007,888430000.0,43396000.0,-0.16031,57254000.0,-0.06667,,0.9053216965162578,173722000.0,157734000.0,1506385000.0,,743377000.0,,1332663000.0,0.6823023531414791
ＩＮＣＬＵＳＩＶＥ　Ｈｏｌｄｉｎｇｓ,7078,サービス業,グロース（内国株式）,2025-03-31,東京都,3759677184.0,2.4429276,83.111115,,23.91725915035702,0.0,0.0,-128.96,4.5,30.94000007893688,4897245000.0,-366589000.0,-0.20524,-1073835000.0,-0.28076,-0.62966996,0.4721107893908858,1633879000.0,913630000.0,2747970000.0,689910000.0,2152911000.0,189121000.0,1246475700.0,0.3315379589781291
ＷＤＢココ,7079,サービス業,グロース（内国株式）,2025-03-31,東京都,6661440000.0,1.5201821,6.6618567,9.092699,12.719448360634813,0.2627,0.0,304.64,415.8,356.47002308793196,5326810000.0,1306173000.0,0.14261,912899000.0,0.1423,0.17802,0.7691228271193056,1289591000.0,1079844000.0,4895010000.0,29812000.0,3478664000.0,,3605419000.0,0.54123717994908
スポーツフィールド,7080,サービス業,グロース（内国株式）,2024-12-31,東京都,6042330112.0,2.8716176,,8.668763,10.249672697428487,0.16770001,0.01948843,95.4,,80.31999522442496,3845234000.0,874069000.0,-0.03601,595295000.0,0.1537,0.34611,0.6513347997837257,944071000.0,762900000.0,2258208000.0,159100000.0,1704249000.0,,1314137000.0,0.2174884482709971
コーユーレンティア,7081,サービス業,スタンダード（内国株式）,2024-12-31,東京都,14839449600.0,1.2275172,,8.481437,6.681766582749636,0.2529,0.030303031,158.11,,144.8600012204735,31861162000.0,2081898000.0,0.11567,1549394000.0,0.06102,0.18187,0.6044094995923696,7241599000.0,6566261000.0,8241991000.0,1246199000.0,2104417000.0,263829000.0,1185072300.0,0.07985958589730983
ジモティー,7082,サービス業,グロース（内国株式）,2024-12-31,東京都,9482499072.0,11.596629,10.374331,19.117067,18.02242403667354,0.0,0.0,50.74,93.5,41.919999133448705,1774017000.0,559693000.0,0.24632,471599000.0,0.26367,0.34453,0.7793117841257956,379625000.0,356677000.0,1543351000.0,75000000.0,1302500000.0,2369000.0,1165384300.0,0.12289843543893995
ＡＨＣグループ,7083,サービス業,グロース（内国株式）,2024-11-30,東京都,1849876864.0,1.5257646,13.9502325,32.689503,19.3496815096636,0.3642,0.011363637,27.44,64.3,31.360007245633444,6268694000.0,144934000.0,0.02059,98315000.0,0.00735,0.03906,0.2078137255781193,4593321000.0,1251853000.0,3568943000.0,3901713000.0,2419112000.0,89177000.0,-961954100.0,-0.5200098010415465
Ｓｍｉｌｅ　Ｈｏｌｄｉｎｇｓ,7084,サービス業,グロース（内国株式）,2025-03-31,東京都,9346224128.0,1.482586,37.759068,35.17982,20.292008328598815,1.7208,0.04801213,82.86,77.2,40.62999679713652,13656500000.0,410583000.0,0.06802,151558000.0,0.01884,0.042280003,0.42684695843212356,8724574000.0,5271426000.0,6741704000.0,4588267000.0,4671012000.0,16095000.0,-1971603500.0,-0.21095187457503267
カーブスホールディングス,7085,サービス業,プライム（内国株式）,2025-08-31,東京都,72544288768.0,3.5986009,17.318682,16.85922,19.61987721439682,0.36360002,0.021410579,46.74,45.5,38.739809846631964,37566000000.0,6342000000.0,0.13214,4303000000.0,0.11455,0.2175,0.5141946180334142,19046000000.0,11451000000.0,16916000000.0,5374000000.0,8703000000.0,,-2130000000.0,-0.029361374081588128
ウイルテック,7087,サービス業,スタンダード（内国株式）,2025-03-31,大阪府,8626891776.0,1.0661983,,13.675994,8.29489954882959,0.4053,0.030487806,98.64,,103.85725210552646,44578000000.0,1052000000.0,0.01914,710000000.0,0.0139999995,0.07967,0.4455112288252497,10049000000.0,6955000000.0,15120000000.0,1106000000.0,4930000000.0,41000000.0,5099700000.0,0.5911399067491907
フォーラムエンジニアリング,7088,サービス業,プライム（内国株式）,2025-03-31,東京都,89521225728.0,6.91871,28.650928,28.411371,22.523287553580843,0.5348,0.01890136,59.8,59.3,38.949999700090736,34688000000.0,4202000000.0,0.13413,2884000000.0,0.087510005,0.24134001,0.6876131643412504,5615000000.0,5526000000.0,15960000000.0,96000000.0,11633000000.0,10000000.0,10352000000.0,0.11563738002709399
フォースタートアップス,7089,サービス業,グロース（内国株式）,2025-03-31,東京都,6151962624.0,2.5463436,5.3226724,12.183006,11.557360930986867,0.0,0.0,76.5,175.1,52.9100028675651,3693767000.0,452969000.0,0.30931,353748000.0,0.14294,,0.5907202503169329,1187276000.0,788273000.0,2812898000.0,513000000.0,1895360000.0,89283000.0,1688120100.0,0.2744035039182969
リグア,7090,サービス業,グロース（内国株式）,2025-03-31,大阪府,1411649792.0,5.189885,,,28.382741797569295,0.0,0.0,-181.92,,71.17000938129921,2872367000.0,-154729000.0,-0.04006,-301000000.0,-0.102299996,-0.66914004,0.10177840423219535,2822391000.0,2047126000.0,2734618000.0,2101718000.0,1352070000.0,,-87773000.0,-0.0621776027577242
リビングプラットフォーム,7091,サービス業,グロース（内国株式）,2025-03-31,北海道,5004094976.0,2.2270117,19.76991,11.324007,23.89714346448376,0.0,0.0,98.64,56.5,42.390003705067656,19204574000.0,341272000.0,0.0327,365591000.0,0.021300001,0.22,0.1693945366005208,10063198000.0,2696599000.0,3868849000.0,6538725000.0,1592802000.0,70373000.0,-6145087900.0,-1.228011844194062
Ｆａｓｔ　Ｆｉｔｎｅｓｓ　Ｊａｐａｎ,7092,サービス業,プライム（内国株式）,2025-03-31,東京都,43360661504.0,2.955131,23.400808,18.7343,9.143459506827083,0.3648,0.019480519,123.41,98.8,111.96999900213265,18009000000.0,3339000000.0,0.2117,2026000000.0,0.12092,0.1683,0.634455698512638,8012000000.0,5344000000.0,10747000000.0,2142000000.0,8085000000.0,2000000.0,2736400000.0,0.06310789330895167
アディッシュ,7093,サービス業,グロース（内国株式）,2024-12-31,東京都,1159392128.0,2.2338984,,,-8.092738809406773,0.0,0.0,-45.21,,-110.46939992192006,3592309000.0,-132363000.0,0.0085,-115330000.0,-0.010729999,-0.08935001,0.26265693404517554,988314000.0,731642000.0,1145470000.0,485840000.0,579323000.0,,157156000.0,0.13555034246359832
ＮｅｘＴｏｎｅ,7094,サービス業,グロース（内国株式）,2025-03-31,東京都,17119455232.0,3.327585,14.864407,22.09068,24.42259559322034,0.0,0.0,79.4,118.0,54.66249461095745,19412000000.0,1005000000.0,0.05361,692000000.0,0.03825,0.12877,0.32081451014766366,9117000000.0,8570000000.0,12272000000.0,,9629000000.0,,3155000000.0,0.18429324749204729
Ｍａｃｂｅｅ　Ｐｌａｎｅｔ,7095,サービス業,プライム（内国株式）,2025-04-30,東京都,21736009728.0,1.6528032,5.3887873,7.7627387,17.83454800987405,0.089499995,0.011968086,200.96,289.49,186.0900008707839,51675000000.0,5171000000.0,0.08189999,3443000000.0,0.06132,0.2743,0.5267903589387897,10840000000.0,9205000000.0,16376000000.0,3164000000.0,7506000000.0,1797000000.0,6793900000.0,0.3125642693860318
ステムセル研究所,7096,サービス業,グロース（内国株式）,2025-03-31,東京都,8348185600.0,3.2069383,10.893561,42.534634,64.6750635567782,0.0,0.0,19.49,76.1,30.34981321525266,2679175000.0,418509000.0,0.09231,385796000.0,0.07277,0.06747,0.3503358712822488,4873091000.0,4318050000.0,5172467000.0,518962000.0,3200846000.0,647856000.0,752875200.0,0.09018429106319821
さくらさくプラス,7097,サービス業,グロース（内国株式）,2024-07-31,東京都,14436962304.0,2.4247508,,24.139208,9.648267215158317,0.1776,0.003697997,135.05,,69.86000699459885,17212000000.0,776000000.0,0.07106,607000000.0,0.0387,0.13003999,0.3862003226279513,8351000000.0,3202000000.0,4019000000.0,4488000000.0,1492000000.0,,-4332000000.0,-0.3000631233067463
日本車輌製造,7102,輸送用機器,プライム（内国株式）,2025-03-31,愛知県,55986806784.0,0.7907294,,6.0491734,6.211730677843039,0.0624,0.010526316,641.41,,372.9300080165051,96340000000.0,6936000000.0,0.10574,6416000000.0,0.09505,0.13892001,0.49287151962428716,66517000000.0,27586000000.0,74180000000.0,35983000000.0,3445000000.0,17511000000.0,19920700000.0,0.35581061225468874
三菱ロジスネクスト,7105,輸送用機器,スタンダード（内国株式）,2025-03-31,京都府,164452564992.0,1.35121,17.988304,,7.033640751714621,0.2962,0.015604681,-18.93,85.5,257.2899994023056,665594000000.0,20767000000.0,0.01191,8664000000.0,-0.00308,-0.01652,0.24204325345996439,387837000000.0,193619000000.0,284919000000.0,230089000000.0,16602000000.0,7491000000.0,-97674300000.0,-0.5939360082632429
クラシコム,7110,小売業,グロース（内国株式）,2024-07-31,,16885361664.0,3.2578337,,23.57481,15.0317734957857,0.49400002,0.020609703,97.18,,94.80568175000954,7012802000.0,1083700000.0,0.13317001,785757000.0,0.09493,0.17378001,0.844563552422648,869945000.0,766602000.0,4890432000.0,152777000.0,4195709000.0,,4020487000.0,0.23810487924411922
ＩＮＥＳＴ,7111,卸売業,スタンダード（内国株式）,2025-03-31,東京都,3799344640.0,0.78922886,,,-45.03074496644295,0.0,0.0,-8.37,,-22.3180851382523,18960000000.0,208000000.0,0.02767,42000000.0,-0.00321,-0.01359,0.3603247750713188,8728000000.0,4585000000.0,4770000000.0,5442000000.0,1671000000.0,708000000.0,-3462400000.0,-0.911315063010446
キューブ,7112,小売業,グロース（内国株式）,2024-12-31,東京都,4113543936.0,3.7660973,,57.412167,17.643312212832615,0.0,0.0,11.67,,31.399999802591253,4863766000.0,166053000.0,0.01612,108774000.0,-0.049850002,,0.8311309442072088,809181000.0,667111000.0,3882309000.0,,2903847000.0,,3073128000.0,0.7470755260701802
フーディソン,7114,卸売業,グロース（内国株式）,2025-03-31,東京都,3663601664.0,1.6289718,9.77354,44.444443,35.498784714000344,0.0,0.0,18.45,83.9,41.0999985423328,6866324000.0,167388000.0,0.0070700003,142798000.0,0.011519999,0.03767,0.7124206285198732,925322000.0,622838000.0,2893110000.0,195774000.0,2055954000.0,,1967788000.0,0.5371184371205701
アルファパーチェス,7115,卸売業,スタンダード（内国株式）,2024-12-31,東京都,22467100672.0,3.5269022,,26.331932,12.3037985878977,0.3065,0.012134831,88.03,,87.0099960714487,55952804000.0,1242400000.0,0.022219999,865914000.0,0.016929999,0.16237,0.3303178148906977,12309522000.0,12274792000.0,15925901000.0,23364000.0,5759082000.0,,3616379000.0,0.16096331488410398
ダイワ通信,7116,卸売業,スタンダード（内国株式）,2025-03-31,石川県,3167139584.0,1.3824264,,,25.129071321909812,0.1618,0.008539709,-43.76,,43.32909610311505,5241044000.0,453881000.0,0.0896,-163791000.0,-0.021659998,-0.04894,0.42626563323117045,3051669000.0,2530938000.0,2590562000.0,1634034000.0,777688000.0,59998000.0,-419108400.0,-0.1323302585453714
ハルメクホールディングス,7119,小売業,グロース（内国株式）,2025-03-31,東京都,14791954432.0,1.7570597,,18.896086,22.146648906803932,0.49240002,0.027131783,71.02,,42.61033031957748,33930000000.0,1069000000.0,0.0077,623000000.0,0.02338,0.097270004,0.39223663427942373,12698000000.0,8919000000.0,7591000000.0,4807000000.0,2394000000.0,315000000.0,-4886500000.0,-0.33034850279344075
ＳＨＩＮＫＯ,7120,卸売業,スタンダード（内国株式）,2025-03-31,東京都,4473406976.0,0.72831595,,9.56933,9.395230675504415,0.3254,0.0,99.38,,74.64666446822335,16904476000.0,687690000.0,0.05212,512872000.0,0.028889999,0.27862,0.274870797027582,4618804000.0,3063861000.0,5061674000.0,85956000.0,1534412000.0,,442870000.0,0.0990006056627565
近畿車輛,7122,輸送用機器,スタンダード（内国株式）,2025-03-31,大阪府,17496473600.0,0.5199083,,21.124771,3.6591655388542574,0.4157,0.02020202,120.38,,635.5307466519824,30257000000.0,233000000.0,0.03263,560000000.0,0.025109999,0.02431,0.5712586045721084,25225000000.0,20514000000.0,39687000000.0,5413000000.0,6350000000.0,6329000000.0,18892300000.0,1.0797775844385007
グローバルスタイル,7126,小売業,スタンダード（内国株式）,2024-07-31,大阪府,4978134016.0,1.8785405,6.650135,9.895345,11.394762057818525,0.2215,0.0,149.06,221.8,142.65999166177053,11167786000.0,629967000.0,-0.092250004,443764000.0,0.04356,0.20844,0.3268737069632235,5056763000.0,3683431000.0,3810095000.0,3042708000.0,901354000.0,8430000.0,-1240767000.0,-0.24924339039730664
一家ホールディングス,7127,小売業,スタンダード（内国株式）,2025-03-31,千葉県,4982536192.0,5.4513426,18.126648,,64.04078132793215,0.0,0.0,-9.3,37.9,10.789999523297698,10089884000.0,-74556000.0,-0.01148,-172203000.0,-0.0061299996,-0.0712,0.15539171181622413,4812843000.0,1869437000.0,2071732000.0,3387051000.0,1454656000.0,188799000.0,-2608951700.0,-0.5236192170944897
フルサト・マルカホールディングス,7128,卸売業,プライム（内国株式）,2024-12-31,大阪府,56317128704.0,0.783319,13.329539,20.472027,12.516347423231338,0.655,0.032952547,114.4,175.7,188.2424895033175,161716000000.0,3860000000.0,0.01319,4613000000.0,0.012940001,0.02937,0.5987121444119814,47450000000.0,45350000000.0,86599000000.0,1728000000.0,27533000000.0,3116000000.0,41330200000.0,0.7338832953865503
ミアヘルサホールディングス,7129,小売業,スタンダード（内国株式）,2025-03-31,東京都,3271529472.0,0.8416594,,9.758132,461.6439153967985,0.25030002,0.026155187,119.9,,2.1999999204483847,23825724000.0,641174000.0,0.02349,299868000.0,0.01345,0.08879,0.2857983516006363,9482456000.0,6475389000.0,5458888000.0,3367101000.0,1625812000.0,,-4023568000.0,-1.229873682764121
ヤマエグループホールディングス,7130,卸売業,プライム（内国株式）,2025-03-31,福岡県,73003073536.0,0.7957782,,9.551621,7.739388690323207,0.254,0.027279813,275.66,,347.2599950284656,1006914000000.0,15786000000.0,0.014249999,8540000000.0,0.00738,0.09064999,0.2232547075320513,307708000000.0,208593000000.0,206280000000.0,126988000000.0,43992000000.0,20238000000.0,-87261400000.0,-1.1953113173648613
のむら産業,7131,卸売業,スタンダード（内国株式）,2024-10-31,東京都,4145310208.0,1.7852323,,11.1197815,7.1931636716566105,0.2093,0.028617363,281.93,,219.55428641434924,6612904000.0,505256000.0,0.1004,339223000.0,0.071440004,0.24365999,0.4610855572038724,2201470000.0,2125317000.0,3140171000.0,78509000.0,1462453000.0,140350000.0,1036946000.0,0.2501491922121549
ＨＹＵＧＡ　ＰＲＩＭＡＲＹ　ＣＡＲＥ,7133,小売業,グロース（内国株式）,2025-03-31,福岡県,8578198528.0,3.6271431,8.755459,15.6518345,32.72255988765762,0.2602,0.017391304,76.86,137.4,59.25999679128778,9984799000.0,1051676000.0,0.04106,719030000.0,0.05224,,0.3363651525439882,4679430000.0,1945702000.0,2703139000.0,2645392000.0,565926000.0,999000.0,-1975591700.0,-0.23030379788384397
アップガレージグループ,7134,小売業,スタンダード（内国株式）,2025-03-31,神奈川県,8978708480.0,1.9851229,11.569827,12.719936,9.283428580379221,0.3362,0.025706941,89.23,98.1,80.27999721790555,13981821000.0,1044571000.0,0.03549,785873000.0,0.04976,0.1657,0.699214587422284,1980924000.0,1542691000.0,4146219000.0,319778000.0,1873626000.0,18849000.0,2178489300.0,0.24262835850529807
ジャパンクラフトホールディングス,7135,小売業,スタンダード（内国株式）,2024-06-30,愛知県,8210561024.0,0.71797115,,,-2.583067370673343,0.0,0.0,-6.91,,-107.72334318152008,15393669000.0,-1592955000.0,-0.16222,-2091636000.0,-0.0838,-0.16896999,0.26278729676201,8322925000.0,6120500000.0,7312374000.0,3341625000.0,1907672000.0,170297000.0,-891343100.0,-0.1085605596736382
ＴＯＲＩＣＯ,7138,小売業,グロース（内国株式）,2025-03-31,東京都,4450977280.0,2.915818,,,-4.775487921207698,0.0,0.0,-50.12,,-44.728415112292275,3677329000.0,-260185000.0,-0.013259999,-445558000.0,-0.121379994,-0.34728,0.54697252998965,667502000.0,501817000.0,1408533000.0,259683000.0,634881000.0,,741031000.0,0.16648725737822684
ペットゴー,7140,小売業,グロース（内国株式）,2025-03-31,東京都,1509974912.0,1.2894751,6.373016,,10.272111347097942,0.0,0.0,-15.64,126.0,88.19997850353924,9032575000.0,228482000.0,-0.05046,128341000.0,-0.00361,-0.02096,0.3703688377027115,2084467000.0,1776663000.0,3213675000.0,1111691000.0,1263596000.0,,1129208000.0,0.7478322924612936
ＦＰＧ,7148,証券、商品先物取引業,プライム（内国株式）,2025-09-30,東京都,173160513536.0,3.03471,6.4423676,9.5700865,9.060869379640666,0.6032,0.06766995,216.09,321.0,240.07000087756927,129764000000.0,25418000000.0,0.16308,18156000000.0,0.13992,0.32843,0.44979780382635565,69672000000.0,41000000000.0,119535000000.0,54003000000.0,14321000000.0,84000000.0,49921800000.0,0.28829782830149253
島根銀行,7150,銀行業,スタンダード（内国株式）,2025-03-31,島根県,4554699264.0,0.31305924,,29.483767,10.627220824175632,0.5316,0.019417476,18.79,,50.671181521344785,8682000000.0,,0.04156,609000000.0,0.04599,0.025050001,0.02623320317238736,553839000000.0,,,19967000000.0,46561000000.0,117607000000.0,,
ライフネット生命保険,7157,保険業,プライム（内国株式）,2025-03-31,東京都,160359284736.0,1.6333691,-563.8418,21.900373,19.455264039065224,0.0,0.0,91.14,-3.54,75.96915657542596,29288000000.0,,0.39229,5993000000.0,0.23279,0.0762,0.7928265248153695,24058000000.0,,,1294000000.0,17234000000.0,1237000000.0,,
じもとホールディングス,7161,銀行業,スタンダード（内国株式）,2025-03-31,,11825106944.0,0.13839924,,64.43149,-0.5747274384931493,0.7299,0.012224939,6.86,,-1023.1564257991365,32484000000.0,,0.04369,1563000000.0,0.04642,0.019170001,0.03329784179982048,2393977000000.0,,,82930000000.0,168160000000.0,363359000000.0,,
アストマックス,7162,電気・ガス業,スタンダード（内国株式）,2025-03-31,,2905259520.0,0.5846762,,,6.789968015445607,0.155,0.03211009,-52.51,,34.670053458521224,20666677000.0,-176720000.0,-0.01762,-146994000.0,-0.03066,-0.11798,0.33700318409459235,9919462000.0,5686634000.0,8624511000.0,4269680000.0,2747397000.0,447223000.0,-981894900.0,-0.33797149385126185
全国保証,7164,その他金融業,プライム（内国株式）,2025-03-31,東京都,422622756864.0,1.8373147,6.753572,13.598666,12.28988220483618,0.6458,0.048304543,233.92,471.01,209.54000053920385,56972000000.0,41976000000.0,0.53133,32089000000.0,0.54750997,0.14159,0.48472373973899163,253721000000.0,39498000000.0,160396000000.0,30000000000.0,137577000000.0,285124000000.0,106261800000.0,0.2514341650423596
めぶきフィナンシャルグループ,7167,銀行業,プライム（内国株式）,2025-03-31,,1058687811584.0,1.0344391,28.768171,15.545755,11.472363409203343,0.2894,0.019030359,72.56,39.21,41.66000000353523,280218000000.0,,0.35678002,58228000000.0,0.21788,0.06917,0.0451214813785104,20442374000000.0,,,1884405000000.0,3230771000000.0,4218566000000.0,,
ジャパンインベストメントアドバイザー,7172,証券、商品先物取引業,プライム（内国株式）,2024-12-31,東京都,127394529280.0,1.8049984,12.852779,14.976154,22.737715560525867,0.4129,0.028543307,140.49,163.7,39.02486603585675,31129000000.0,12113000000.0,0.44443,8055000000.0,0.32867,0.18962999,0.27293328869035466,177214000000.0,160498000000.0,221643000000.0,150730000000.0,51564000000.0,10443000000.0,51739100000.0,0.4061328244816762
東京きらぼしフィナンシャルグループ,7173,銀行業,プライム（内国株式）,2025-03-31,,284433514496.0,0.7143411,,10.431015,5.342807031578998,0.18879999,0.019252548,900.2,,839.6000031944862,146448000000.0,,0.45891997,31361000000.0,0.24385001,0.098450005,0.052334138550547,6723250000000.0,,,79326000000.0,980840000000.0,904936000000.0,,
今村証券,7175,証券、商品先物取引業,スタンダード（内国株式）,2025-03-31,石川県,6687479808.0,0.5364144,,9.952786,7.2846586164758955,0.3806,0.0,131.32,,190.72718701555365,4186372000.0,986398000.0,0.27089,760709000.0,0.16638,0.055019997,0.6135138469830648,7617976000.0,7010211000.0,14832027000.0,590104000.0,6196999000.0,2102043000.0,8685481100.0,1.2987674504242779
ＧＭＯフィナンシャルホールディングス,7177,証券、商品先物取引業,スタンダード（内国株式）,2024-12-31,東京都,103476707328.0,1.9752342,,11.013437,10.403800928422207,0.5993,0.06224513,79.63,,65.40754338040516,53266000000.0,8927000000.0,0.34582,4745000000.0,0.22243,0.19945,0.03449482298048921,1346379000000.0,1273373000000.0,1357691000000.0,250407000000.0,117708000000.0,12390000000.0,19985000000.0,0.1931352525225956
九州フィナンシャルグループ,7180,銀行業,プライム（内国株式）,2025-03-31,熊本県,479128518656.0,0.6481158,14.853529,13.202746,17.50430458746367,0.284,0.022492971,84.49,75.1,61.00999995367734,208615000000.0,,0.23646,30368000000.0,0.16317,0.05037,0.05300193626174879,12573647000000.0,,,1278924000000.0,1890214000000.0,1876247000000.0,,
かんぽ生命保険,7181,保険業,プライム（内国株式）,2025-03-31,東京都,1836244926464.0,0.49272075,22.011177,12.274465,12.07230363305747,0.2775,0.023612263,410.69,229.02,227.44999980496297,3540691000000.0,,0.14817001,123472000000.0,0.04996,0.04349,0.054426804410231684,56314266000000.0,,,500000000000.0,1976083000000.0,46528793000000.0,,
ゆうちょ銀行,7182,銀行業,プライム（内国株式）,2025-03-31,東京都,8818593366016.0,0.95134413,21.0441,20.519005,15.921570214759512,0.4825,0.025629696,120.23,117.23,98.43000000070478,1680312000000.0,,0.44554,414324000000.0,0.25601998,0.04731,0.038699031471673015,224510542000000.0,,,2510100000000.0,64639102000000.0,144180980000000.0,,
あんしん保証,7183,その他金融業,スタンダード（内国株式）,2025-03-31,東京都,2675182848.0,1.1036263,14.259259,25.04065,11.633691404750742,0.4878,0.0,6.15,10.8,21.415945375003453,5376184000.0,58216000.0,0.026010001,89580000.0,0.01845,0.04422,0.18366233788253492,10495997000.0,10495995000.0,11436584000.0,600000000.0,929314000.0,572000.0,940987400.0,0.3517469472053074
富山第一銀行,7184,銀行業,プライム（内国株式）,2025-03-31,,124130484224.0,0.70651126,,12.303762,10.859836949315962,0.2928,0.025739321,160.52,,83.02562732743586,46215000000.0,,0.38382,13354000000.0,0.25728,0.062140003,0.0956669880301007,1441732000000.0,,,19809000000.0,80709000000.0,487073000000.0,,
ヒロセ通商,7185,証券、商品先物取引業,スタンダード（内国株式）,2025-03-31,大阪府,22276333568.0,1.098276,,13.5125065,6.74638063218625,0.1452,0.010803324,268.64,,476.5899672009471,10203547000.0,3064916000.0,0.14265001,2229517000.0,0.17662,0.084680006,0.16805096323433416,97856072000.0,97037153000.0,117077409000.0,7400000000.0,13591822000.0,,19221337000.0,0.8628590939943318
横浜フィナンシャルグループ,7186,銀行業,プライム（内国株式）,2025-03-31,東京都,1559374594048.0,1.1424698,18.63526,16.86828,15.290805790036693,0.40330002,0.024193548,81.84,74.08,47.39000001512379,314419000000.0,,0.41332,82805000000.0,0.26224002,0.07026,0.051937878940535885,23500547000000.0,,,2262436000000.0,4445659000000.0,2949911000000.0,,
ジェイリース,7187,その他金融業,プライム（内国株式）,2025-03-31,大分県,26162460672.0,3.9136057,11.275117,11.154434,11.966020730517974,0.36310002,0.033403657,130.8,129.4,99.79000206418236,17267928000.0,3102498000.0,0.15878001,2089102000.0,0.12145001,0.39611,0.3782435246499914,9725498000.0,8193646000.0,11555655000.0,2354571000.0,2351163000.0,128680000.0,1920233000.0,0.07339649829096932
西日本フィナンシャルホールディングス,7189,銀行業,プライム（内国株式）,2025-03-31,福岡県,495710601216.0,0.85085195,14.860126,13.864432,10.616740604993579,0.3505,0.026603606,256.7,239.5,168.05559286995776,153470000000.0,,0.4063,30982000000.0,0.21021,0.06165,0.04031437330419966,13024322000000.0,,,2011116000000.0,1674158000000.0,1691116000000.0,,
イントラスト,7191,その他金融業,スタンダード（内国株式）,2025-03-31,東京都,26534406144.0,3.492745,16.587412,16.79411,15.03581467615298,0.425,0.025062656,70.62,71.5,54.82000040919049,10572954000.0,2329655000.0,0.24445,1360035000.0,0.13904999,0.22373,0.6189259456619387,4291507000.0,4108557000.0,10004890000.0,,6822625000.0,381588000.0,5980494600.0,0.22538641217536043
日本モーゲージサービス,7192,その他金融業,スタンダード（内国株式）,2025-03-31,東京都,7512711680.0,0.8380044,,7.1249304,8.13532585104084,0.2789,0.039447732,71.72,,59.48302836541732,7565785000.0,1400225000.0,0.21530001,982664000.0,0.13639,0.12332,0.3971694792982864,13320160000.0,11596050000.0,20128570000.0,7344854000.0,5199357000.0,1531000.0,6809481700.0,0.9063946534948084
Ｃａｓａ,7196,その他金融業,スタンダード（内国株式）,2025-01-31,東京都,7100445696.0,1.0463102,,6.56333,14.540927256562986,0.28350002,0.044630405,112.9,,58.32000267528695,12157323000.0,1303172000.0,-0.016900001,602467000.0,0.07655,0.14953,0.47654928312242434,8256965000.0,8053104000.0,9155079000.0,178760000.0,2989612000.0,167152000.0,1015120400.0,0.14296572968255541
ＳＢＩアルヒ,7198,その他金融業,プライム（内国株式）,2025-03-31,東京都,40683413504.0,0.9692301,16.180887,22.473013,22.1680495243457,0.9802,0.04464286,40.76,56.61,39.32774766902027,22292000000.0,7100000000.0,-0.11873999,1904000000.0,0.07751,0.04281,0.2042162787644825,163528000000.0,418000000.0,167167000000.0,109877000000.0,20149000000.0,1033000000.0,4362100000.0,0.10722059985382293
プレミアグループ,7199,その他金融業,プライム（内国株式）,2025-03-31,東京都,76796731392.0,3.3570447,11.031968,16.81484,16.688423381413564,0.4017,0.024828315,116.98,178.3,118.8900008452336,36409000000.0,6815000000.0,0.18618,4651000000.0,0.11399,0.21988001,0.1022931217160032,166039000000.0,1821000000.0,17159000000.0,51188000000.0,17159000000.0,83085000000.0,-90720500000.0,-1.1813067868335143
日産自動車,7201,輸送用機器,プライム（内国株式）,2025-03-31,神奈川県,1451430772736.0,0.30567825,6.161152,,5.235332508403809,0.0,0.0,-255.86,67.39,114.07107595332286,12633214000000.0,69798000000.0,0.01792,-670898000000.0,-0.07459,-0.15868,0.26064588736578836,13578712000000.0,8070190000000.0,12323467000000.0,8099861000000.0,1961513000000.0,1428641000000.0,-255196300000.0,-0.17582395577775
いすゞ自動車,7202,輸送用機器,プライム（内国株式）,2025-03-31,神奈川県,1796077780992.0,1.2942215,10.232275,14.115702,8.640428142813796,0.499,0.037141703,184.44,254.44,220.2171837440313,3235648000000.0,229462000000.0,0.05531,140062000000.0,0.04217,0.11322,0.41560132109913994,1765654000000.0,1135926000000.0,1815343000000.0,758844000000.0,358711000000.0,196013000000.0,186898100000.0,0.10405902348882322
トヨタ自動車,7203,輸送用機器,プライム（内国株式）,2025-03-31,愛知県,47454565171200.0,1.2657211,11.230029,10.303648,9.914232663502943,0.2688,0.028485756,353.37,324.22,365.9430639640141,48036704000000.0,4795586000000.0,0.06783,4765086000000.0,0.09378,0.12938,0.38380670791607174,56722436000000.0,29434220000000.0,37078676000000.0,38792879000000.0,8982404000000.0,9882841000000.0,-12725771300000.0,-0.2681674830248624
日野自動車,7205,輸送用機器,プライム（内国株式）,2025-03-31,東京都,231914029056.0,1.1278112,9.125819,9.52381,16.966745251730384,0.0,0.0,42.42,44.27,29.769999997613102,1697229000000.0,57497000000.0,0.0558,-217753000000.0,0.0152900005,0.11853,0.1207349578535767,1227160000000.0,1021370000000.0,836177000000.0,422471000000.0,193603000000.0,102776000000.0,-319039800000.0,-1.3756813302698554
カネミツ,7208,輸送用機器,スタンダード（内国株式）,2025-03-31,兵庫県,5495840256.0,0.47383782,,8.759954,7.670518485396078,0.24780001,0.0291587,123.06,,123.65558380598475,11117218000.0,755104000.0,0.07524,540606000.0,0.056760002,0.0552,0.7126216156139509,4429851000.0,3227768000.0,8035376000.0,1124681000.0,4142954000.0,1123255000.0,4391803500.0,0.799114110932412
三菱自動車工業,7211,輸送用機器,プライム（内国株式）,2025-03-31,東京都,508707930112.0,0.5864013,4.165023,,4.164891050660991,0.5226,0.03362927,-3.71,91.26,113.36000001383395,2788232000000.0,138831000000.0,0.0178,40987000000.0,-0.00226,0.00051,0.41604643086129517,1272355000000.0,1003936000000.0,1391131000000.0,314789000000.0,452510000000.0,102736000000.0,190691200000.0,0.37485399521492885
エフテック,7212,輸送用機器,スタンダード（内国株式）,2025-03-31,埼玉県,15545740288.0,0.31339052,3.1266341,,7.881861768380866,0.2207,0.024937656,-95.08,267.7,90.6013555965394,300831000000.0,5481000000.0,0.01408,-6925000000.0,-0.0059399996,-0.05922,0.2901185548140013,113310000000.0,82047000000.0,81495000000.0,72737000000.0,14356000000.0,9242000000.0,-25345600000.0,-1.630388745112683
レシップホールディングス,7213,輸送用機器,スタンダード（内国株式）,2025-03-31,岐阜県,6884617728.0,0.7110739,7.6068377,5.0271125,3.386486922679757,0.1299,0.026136363,88.52,58.5,178.02519798474466,25931893000.0,3531894000.0,0.03454,2255463000.0,0.05567,0.14513999,0.4950374188981107,10302849000.0,9401129000.0,16088045000.0,1746848000.0,2073769000.0,750496000.0,6310543200.0,0.9166149014105435
ＧＭＢ,7214,輸送用機器,スタンダード（内国株式）,2025-03-31,,4874116096.0,0.21339332,,,14.100457244499662,0.35819998,0.043336947,-8.53,,77.23900053200158,103712142000.0,1943064000.0,0.040510003,592367000.0,-0.00044,0.00796,0.26102363422076463,54568536000.0,47761924000.0,53918973000.0,32060614000.0,6144438000.0,997123000.0,48423100.0,0.009934744894513075
ファルテック,7215,輸送用機器,スタンダード（内国株式）,2025-03-31,神奈川県,3591725056.0,0.20121707,,11.331361,-6.7069590886075945,0.0,0.0,33.8,,-84.24085976008203,79114000000.0,2362000000.0,0.020399999,328000000.0,0.00425,0.0235,0.27770706293292285,46130000000.0,32085000000.0,41921000000.0,25690000000.0,14776000000.0,256000000.0,-4029800000.0,-1.1219678391774985
テイン,7217,輸送用機器,スタンダード（内国株式）,2025-03-31,神奈川県,3971562240.0,0.647538,,23.263887,10.351855327349929,0.98440003,0.044155844,17.28,,45.12597877267211,5316141000.0,317411000.0,0.096420005,247681000.0,0.05396,0.04773,0.770372204343059,1848439000.0,1022089000.0,3919611000.0,448938000.0,1272479000.0,,2071172000.0,0.5215005770625919
田中精密工業,7218,輸送用機器,スタンダード（内国株式）,2025-03-31,富山県,12425835520.0,0.49641794,,6.9015756,5.883717583576313,0.18879999,0.027173912,185.32,,228.74522703298422,40474435000.0,2704628000.0,0.055409998,1788623000.0,0.04349,0.0732,0.5502299524783101,12661940000.0,10655424000.0,21751186000.0,4091715000.0,9676322000.0,3113889000.0,11268968300.0,0.9068982348802248
エッチ・ケー・エス,7219,輸送用機器,スタンダード（内国株式）,2025-08-31,静岡県,3158056704.0,0.296559,,8.740602,8.324908779728954,0.2545,0.0,255.36,,245.93069306930693,8976620000.0,394811000.0,-0.01935,361443000.0,0.03451,0.02942,0.8048329311784724,2582784000.0,1845446000.0,6985858000.0,536854000.0,2002252000.0,671450000.0,4873089000.0,1.5430657067771256
武蔵精密工業,7220,輸送用機器,プライム（内国株式）,2025-03-31,愛知県,176115220480.0,1.4824133,15.126098,19.249231,13.490148839648862,0.35830003,0.028593214,139.59,177.64,121.24000066551133,347196000000.0,19721000000.0,0.0529,7782000000.0,0.026700001,0.08375,0.4024887242832993,161158000000.0,95038000000.0,146908000000.0,96788000000.0,33849000000.0,13135000000.0,-5055500000.0,-0.028705639332144563
日産車体,7222,輸送用機器,スタンダード（内国株式）,2025-03-31,神奈川県,144392585216.0,0.8063473,,17.587856,339.33018314855195,0.2146,0.012440192,60.61,,3.0099999965240785,350508000000.0,5147000000.0,0.03366,3033000000.0,0.02104,0.04679,0.654132998410599,93354000000.0,88474000000.0,174219000000.0,17147000000.0,70883000000.0,324000000.0,81091800000.0,0.5616064002087989
新明和工業,7224,輸送用機器,プライム（内国株式）,2025-03-31,兵庫県,138063609856.0,1.2131432,18.870823,16.107641,10.575954966478811,0.4165,0.027369488,129.69,110.7,110.3799992593819,266441000000.0,13970000000.0,0.048260003,8957000000.0,0.03229,0.074939996,0.4204501525654643,153378000000.0,93393000000.0,179037000000.0,51198000000.0,28474000000.0,14483000000.0,35797100000.0,0.25927976269298103
極東開発工業,7226,輸送用機器,プライム（内国株式）,2025-03-31,大阪府,127440306176.0,1.1563827,19.743896,99.99999,25.600392597540004,4.6279,0.048648648,33.15,167.9,91.49000050357392,140449000000.0,6656000000.0,0.067140006,5820000000.0,0.00841,0.0114400005,0.6184087180689009,70478000000.0,52023000000.0,96933000000.0,29546000000.0,20291000000.0,15379000000.0,37220300000.0,0.29206066053072194
デイトナ,7228,輸送用機器,スタンダード（内国株式）,2024-12-31,静岡県,9208502272.0,1.0056138,6.7906647,7.735977,5.910211208349796,0.258,0.03359375,500.26,569.9,477.6300182168214,14578068000.0,1714833000.0,0.11612,1208505000.0,0.079,0.13588001,0.787155957092301,2298883000.0,2009299000.0,8436484000.0,1041616000.0,2340020000.0,,6137601000.0,0.6665145773664419
ユタカ技研,7229,輸送用機器,スタンダード（内国株式）,2025-03-31,静岡県,46825041920.0,0.45162168,,8.98059,5.0639017858097395,0.102299996,0.011374407,351.87,,502.62664261329144,179213000000.0,6347000000.0,0.01705,4548000000.0,0.02996,0.0519,0.6066160752458315,56858000000.0,53182000000.0,118426000000.0,,42762000000.0,,61568000000.0,1.3148519996028656
トピー工業,7231,輸送用機器,プライム（内国株式）,2025-03-31,,72779005952.0,0.5330559,10.261194,11.734585,12.353659479224447,0.3664,0.035816167,281.22,321.6,204.8630887185104,300610000000.0,5301000000.0,0.02303,6387000000.0,0.02753,0.059910003,0.48012961799603193,145039000000.0,95852000000.0,155185000000.0,68793000000.0,27474000000.0,30748000000.0,31669600000.0,0.43514746575251495
東京ラヂエーター製造,7235,輸送用機器,スタンダード（内国株式）,2025-03-31,神奈川県,15523815424.0,0.7003752,,8.101794,4.24157246913659,0.3057,0.038151365,201.19,,179.06765660835717,34060230000.0,1714976000.0,0.06058,1422928000.0,0.05474,0.08292,0.6671305231174337,8967336000.0,7687305000.0,21122106000.0,,8413749000.0,1806728000.0,13419479600.0,0.8644446763553584
ティラド,7236,輸送用機器,プライム（内国株式）,2025-03-31,東京都,48678359040.0,1.0558673,,6.9976754,18.869858633753765,0.2555,0.03785104,1213.26,,190.51262433052793,159235000000.0,7323000000.0,0.062649995,4250000000.0,0.04833,0.16150999,0.4994358164249226,48744000000.0,32003000000.0,61419000000.0,21510000000.0,16926000000.0,2841000000.0,14663700000.0,0.3012365307538518
曙ブレーキ工業,7238,輸送用機器,プライム（内国株式）,2025-03-31,東京都,32843073536.0,0.7145684,6.4361706,,5.572755406720741,0.0,0.0,-7.43,18.8,25.84000005209919,161672000000.0,3123000000.0,0.02408,168000000.0,-0.00854,-0.01122,0.38590776615806616,72382000000.0,31337000000.0,64951000000.0,35270000000.0,18303000000.0,85000000.0,-7371500000.0,-0.22444610708921442
タチエス,7239,輸送用機器,プライム（内国株式）,2025-03-31,東京都,72992956416.0,0.76928645,8.785625,5.7836633,11.563548975374847,0.2823,0.049951877,367.76,242.1,158.2500013206958,285394000000.0,9625000000.0,0.026730001,11310000000.0,0.04817,0.1329,0.5598957879004635,73774000000.0,62052000000.0,112786000000.0,14516000000.0,43680000000.0,6459000000.0,43533300000.0,0.5964041208564822
ＮＯＫ,7240,輸送用機器,プライム（内国株式）,2025-03-31,東京都,480994918400.0,0.8031856,15.963448,16.000761,10.254542101597416,0.65269995,0.04173187,183.96,184.39,188.3399994818594,766859000000.0,37265000000.0,0.04646,30320000000.0,0.041020002,0.05559,0.6442920458857396,275248000000.0,186251000000.0,420723000000.0,61690000000.0,136762000000.0,162144000000.0,258975800000.0,0.5384169148012354
フタバ産業,7241,輸送用機器,プライム（内国株式）,2025-03-31,愛知県,96529498112.0,0.78549355,5.2958436,8.8013,7.6289586810972025,0.3089,0.035680752,123.05,204.5,143.43685022469649,707104000000.0,15178000000.0,0.02668,6208000000.0,0.01602,0.08754,0.37468343139659716,190748000000.0,138070000000.0,146439000000.0,53905000000.0,13719000000.0,20399000000.0,-30029700000.0,-0.31109350599914576
カヤバ,7242,輸送用機器,プライム（内国株式）,2025-03-31,東京都,195601219584.0,0.87296766,7.3977795,8.334689,8.18628812628775,0.235,0.017184036,553.11,623.16,294.7500026925892,438316000000.0,20329000000.0,0.05816,14899000000.0,0.058930002,0.122779995,0.4870031439479003,228089000000.0,169733000000.0,258337000000.0,98968000000.0,47428000000.0,21915000000.0,45588500000.0,0.23306858769570318
市光工業,7244,電気機器,プライム（内国株式）,2024-12-31,神奈川県,51397283840.0,0.71038604,8.330733,9.032476,5.686285586318619,0.2284,0.025911707,59.12,64.1,81.52585869076523,125544000000.0,4883000000.0,0.03445,4470000000.0,0.0,0.083859995,0.538462129772694,59139000000.0,48082000000.0,66512000000.0,4379000000.0,12642000000.0,3474000000.0,9804800000.0,0.19076494451579176
大同メタル工業,7245,輸送用機器,プライム（内国株式）,2025-03-31,愛知県,49677361152.0,0.66906434,15.611193,12.882839,11.722895990836744,0.2794,0.023023022,82.28,67.9,54.49999962874659,136303000000.0,7098000000.0,0.060450003,2720000000.0,0.0286,0.05826,0.3699251484826296,114564000000.0,70092000000.0,107585000000.0,65793000000.0,29147000000.0,8034000000.0,-1355200000.0,-0.02728003196171059
プレス工業,7246,輸送用機器,プライム（内国株式）,2025-03-31,神奈川県,85071585280.0,0.750829,11.246719,14.051483,8.186494668422759,0.4427,0.036585364,60.99,76.2,79.40999962801753,189883000000.0,9646000000.0,0.06046,6080000000.0,0.031040002,0.05909,0.576399142412168,70284000000.0,53617000000.0,87789000000.0,10070000000.0,26269000000.0,8001000000.0,23105700000.0,0.27160302613324006
ミクニ,7247,輸送用機器,スタンダード（内国株式）,2025-03-31,東京都,12979144704.0,0.34257516,8.635346,4.589228,13.647163557920228,0.1664,0.038674034,84.11,44.7,33.160150112282054,101428000000.0,3031000000.0,0.023440002,1995000000.0,0.02816,0.0731,0.34494770350159165,71116000000.0,46344000000.0,60718000000.0,41147000000.0,1756000000.0,8740000000.0,-4280000000.0,-0.32975978753676743
太平洋工業,7250,輸送用機器,プライム（内国株式）,2025-03-31,岐阜県,178211602432.0,1.0257508,16.172577,13.5931225,5.563918779783186,0.253,0.01001565,229.16,192.61,288.90000039827146,206129000000.0,13676000000.0,0.08095,13221000000.0,0.070879996,0.089779995,0.5719810310749972,123680000000.0,61439000000.0,97080000000.0,60944000000.0,35609000000.0,38290000000.0,203000000.0,0.00113909530709404
ユニバンス,7254,輸送用機器,スタンダード（内国株式）,2025-03-31,静岡県,17112132608.0,0.608107,,8.064516,8.49472343429323,0.1475,0.01858736,101.68,,85.16076124825618,53915906000.0,4031243000.0,0.091309994,2948112000.0,0.03957,0.079730004,0.593368239407668,18249310000.0,11070368000.0,23784526000.0,580348000.0,7978884000.0,4524190000.0,8702149000.0,0.5085367907873567
桜井製作所,7255,輸送用機器,スタンダード（内国株式）,2025-03-31,静岡県,2162337536.0,0.44332972,,5.809388,5.573340440696652,0.0892,0.015923567,112.06,,89.35547526403558,4964077000.0,163563000.0,-0.01533,211910000.0,0.07411,0.08003,0.6594007793037923,2510798000.0,1613807000.0,2971364000.0,1592903000.0,1289254000.0,422592000.0,756380400.0,0.3497975627797639
河西工業,7256,輸送用機器,スタンダード（内国株式）,2024-03-31,神奈川県,5881328640.0,0.83529794,,,-6.080693187940987,0.0,0.0,-154.84,,-40.291458955020985,,,-0.0023999999,,-0.02769,-0.27817,0.07130546876094664,122494000000.0,111640000000.0,83630000000.0,74178000000.0,24118000000.0,2730000000.0,-36953000000.0,-6.283104084453951
アイシン,7259,輸送用機器,プライム（内国株式）,2025-03-31,愛知県,2232671010816.0,1.1170217,13.482851,13.9358,17.44428784851335,0.2716,0.020188425,220.87,228.29,112.31000002771484,4896104000000.0,202942000000.0,0.0385,107586000000.0,0.03376,0.08877,0.46001069132649985,2240987000000.0,1178154000000.0,1897753000000.0,794660000000.0,527191000000.0,885677000000.0,276739900000.0,0.12395014700300905
マツダ,7261,輸送用機器,プライム（内国株式）,2025-03-31,広島県,809606316032.0,0.46495217,4.6825976,24.216982,4.964385547834145,1.0373,0.044176705,53.0,274.1,329.3799999552466,5018893000000.0,186125000000.0,-0.00682,114079000000.0,0.0068800002,0.0195,0.4382993882028253,2280052000000.0,1501393000000.0,2227652000000.0,722999000000.0,1001379000000.0,271063000000.0,137344100000.0,0.16964306883516386
ムロコーポレーション,7264,輸送用機器,スタンダード（内国株式）,2025-03-31,栃木県,8567550464.0,0.39266464,,41.779613,6.631288767834069,1.3549,0.033430234,33.94,,218.02675022339298,22590057000.0,755183000.0,0.063319996,486277000.0,0.009,0.00929,0.7237676748953946,8423065000.0,6925852000.0,16358366000.0,2391058000.0,8491632000.0,1852793000.0,9232256100.0,1.077584093469076
エイケン工業,7265,輸送用機器,スタンダード（内国株式）,2024-10-31,静岡県,3657761280.0,1.1367186,,11.02158,22.21889940527447,0.3396,0.021186441,323.91,,133.78324025879695,7284909000.0,279768000.0,0.03687,217848000.0,0.053839996,0.07047,0.7811368803022493,1626072000.0,1338841000.0,4671334000.0,474296000.0,1487919000.0,629090000.0,3485625000.0,0.9529394438775403
今仙電機製作所,7266,輸送用機器,スタンダード（内国株式）,2025-03-31,愛知県,19443841024.0,0.37426668,,15.753188,-186.2686616367669,0.4225,0.026400862,58.02,,-3.2600000156112676,94341000000.0,398000000.0,0.02116,2084000000.0,0.01385,0.02459,0.6728115305562293,25292000000.0,20504000000.0,52626000000.0,2920000000.0,15230000000.0,2246000000.0,28906200000.0,1.4866507067364099
本田技研工業,7267,輸送用機器,プライム（内国株式）,2025-03-31,東京都,6241703690240.0,0.5219793,7.0285788,10.548649,7.720296462562802,0.45400003,0.06579368,152.01,228.14,225.88194880960205,21688767000000.0,1213486000000.0,0.03665,835837000000.0,0.03034,0.05819,0.4005258080950246,18148045000000.0,8615157000000.0,11687762000000.0,4422236000000.0,4528795000000.0,873459000000.0,-5848861700000.0,-0.9370617367091172
スズキ,7269,輸送用機器,プライム（内国株式）,2025-03-31,静岡県,4520290025472.0,1.4487233,13.293617,11.549837,10.159307625836933,0.21200001,0.018655097,202.86,176.25,163.87447428553583,5825161000000.0,642852000000.0,0.09161,416050000000.0,0.06708,0.13892001,0.4956339677095303,2305587000000.0,1602557000000.0,2528681000000.0,725299000000.0,842710000000.0,1344493000000.0,1164239100000.0,0.2575584959016944
ＳＵＢＡＲＵ,7270,輸送用機器,プライム（内国株式）,2025-03-31,東京都,2542361116672.0,0.93064874,7.9215016,9.7493725,6.32994289689777,0.3418,0.037587147,362.69,446.38,509.17999968770937,4685763000000.0,405298000000.0,0.02242,338062000000.0,0.05524,0.10031,0.5334877676904772,2372538000000.0,1262463000000.0,3191220000000.0,399500000000.0,941460000000.0,145386000000.0,920452200000.0,0.36204620734795134
安永,7271,輸送用機器,スタンダード（内国株式）,2025-03-31,三重県,11632459776.0,1.013104,,15.678377,12.783831414640373,0.18049999,0.014450867,72.01,,54.22999790852677,31470000000.0,762000000.0,0.06249,742000000.0,0.03877,0.1126,0.3065801518496581,25755000000.0,16011000000.0,20758000000.0,17470000000.0,7070000000.0,750000000.0,-4472000000.0,-0.38444147550173313
ヤマハ発動機,7272,輸送用機器,プライム（内国株式）,2024-12-31,静岡県,1215362498560.0,1.0987461,6.6235137,25.009977,7.48990953834644,0.9988,0.021168502,50.12,189.25,157.84369347838165,2576179000000.0,174453000000.0,0.04077,108069000000.0,0.0061299996,0.0233,0.41730468212513666,1556916000000.0,1147861000000.0,1608368000000.0,951973000000.0,372999000000.0,84827000000.0,110830900000.0,0.09119164046226205
イクヨ,7273,輸送用機器,スタンダード（内国株式）,2025-03-31,神奈川県,23852838912.0,1.580299,,7.309863,8.246498824890027,0.0269,0.003896104,111.63,,32.07235643566956,17736188000.0,39279000.0,0.03063,44549000.0,0.12718001,0.34585997,0.4322533218510749,9184068000.0,6948653000.0,8152616000.0,3145703000.0,1496485000.0,349818000.0,-786579400.0,-0.03297634310540218
小糸製作所,7276,電気機器,プライム（内国株式）,2025-03-31,,640586809344.0,1.0528601,15.773183,14.8490305,14.92854924251457,0.3473,0.023753976,161.29,151.84,130.8999999250701,916709000000.0,44874000000.0,0.03498,46240000000.0,0.0509,0.07572,0.704757110495847,210089000000.0,173359000000.0,546361000000.0,5728000000.0,270845000000.0,100620000000.0,406706000000.0,0.6348959954646768
ＴＢＫ,7277,輸送用機器,スタンダード（内国株式）,2025-03-31,東京都,11753739264.0,0.3692401,,34.10138,31.188496122980695,0.73660004,0.022038568,10.85,,11.66672523456443,54415000000.0,941000000.0,0.02585,-1204000000.0,0.0057599996,0.014780001,0.5317270588235294,24015000000.0,17774000000.0,26402000000.0,8109000000.0,4139000000.0,3364000000.0,4741800000.0,0.4034290614667152
エクセディ,7278,輸送用機器,プライム（内国株式）,2025-03-31,大阪府,212713127936.0,1.1612018,19.439526,17.420979,-12.926277774911064,0.8983,0.05263158,334.08,299.39,-213.43000025148243,309564000000.0,21846000000.0,0.07739,12744000000.0,0.041840002,0.06928,0.593849535391824,109644000000.0,47641000000.0,168480000000.0,56292000000.0,68160000000.0,5383000000.0,62604100000.0,0.2943123473734822
ハイレックスコーポレーション,7279,輸送用機器,スタンダード（内国株式）,2024-10-31,兵庫県,122732912640.0,0.69964415,,14.739884,-15.772831276020444,0.20459999,0.014153847,224.9,,-79.75000041328151,308382000000.0,365000000.0,0.00318,1973000000.0,0.027679998,0.05131,0.6253015614593355,85674000000.0,69689000000.0,146659000000.0,11133000000.0,50175000000.0,45612000000.0,92913400000.0,0.7570373586140944
ミツバ,7280,電気機器,プライム（内国株式）,2025-03-31,群馬県,53203337216.0,0.5175069,10.87406,5.7539287,5.2521068576611025,0.0497,0.0093632955,201.08,106.4,307.0211589884528,349353000000.0,20931000000.0,0.06102,11864000000.0,0.03354,0.11564,0.28691827519833063,222649000000.0,152281000000.0,210648000000.0,160315000000.0,97912000000.0,16201000000.0,-660300000.0,-0.012410875605777338
豊田合成,7282,輸送用機器,プライム（内国株式）,2025-03-31,愛知県,530903957504.0,0.94241023,11.857663,11.578918,7.872890968984765,0.2913,0.026080476,360.31,351.84,400.1999988877716,1059798000000.0,59844000000.0,0.052849997,36331000000.0,0.04247,0.09104,0.5943064863603855,324636000000.0,185715000000.0,438148000000.0,109525000000.0,118769000000.0,57544000000.0,153792800000.0,0.28968102012846886
愛三工業,7283,輸送用機器,プライム（内国株式）,2025-03-31,愛知県,131049783296.0,0.9990606,11.193376,10.700317,8.454897257915217,0.3445,0.032385122,214.76,205.3,187.44999910137645,337259000000.0,18343000000.0,0.07062,13234000000.0,0.03836,0.097270004,0.4512794785070203,160646000000.0,85745000000.0,174864000000.0,56215000000.0,85776000000.0,6443000000.0,18728100000.0,0.1429082866752946
盟和産業,7284,輸送用機器,スタンダード（内国株式）,2025-03-31,神奈川県,4219639552.0,0.3660022,,6.939809,-10.790209958704764,0.2877,0.040355124,173.78,,-87.31383227251152,23250412000.0,505159000.0,0.03095,452884000.0,0.02599,0.05213,0.4806118570944904,12972151000.0,10115760000.0,14404083000.0,6396901000.0,3369214000.0,768643000.0,1969982100.0,0.4668602793492822
日本精機,7287,輸送用機器,スタンダード（内国株式）,2025-03-31,新潟県,135356489728.0,0.6095623,12.2720175,14.999045,16.307901025317637,0.41369998,0.029411765,157.01,191.9,87.92999988934092,316397000000.0,9585000000.0,0.04658,6122000000.0,0.02844,0.04129,0.6525060600129481,111865000000.0,78621000000.0,216499000000.0,32278000000.0,35305000000.0,24379000000.0,121699300000.0,0.8991020692436378
日本プラスト,7291,輸送用機器,スタンダード（内国株式）,2025-03-31,静岡県,8167186432.0,0.24447401,,21.840242,3.976658280824675,0.88379997,0.04117647,19.78,,129.7173292929369,120591000000.0,2772000000.0,0.01423,56000000.0,0.0032499998,0.011030001,0.41258198239095895,49171000000.0,39237000000.0,48015000000.0,24751000000.0,14943000000.0,3510000000.0,1301000000.0,0.15929598409833384
村上開明堂,7292,輸送用機器,スタンダード（内国株式）,2025-03-31,静岡県,78084603904.0,0.8754567,,11.655052,9.706713435402472,0.38919997,0.032281205,578.29,,493.7299980433632,109205000000.0,8864000000.0,0.08668,5943000000.0,0.060500003,0.08484,0.769696864775029,23268000000.0,20029000000.0,78598000000.0,215000000.0,47576000000.0,4831000000.0,58711700000.0,0.7518985442019052
ヨロズ,7294,輸送用機器,プライム（内国株式）,2025-03-31,,21481185280.0,0.48592448,6.522827,,-5.691348566142552,0.8111,0.030451866,-438.98,159.9,-162.06999797433144,178414000000.0,298000000.0,0.01885,-13448000000.0,-0.062529996,-0.16845,0.3845067020007174,75401000000.0,51292000000.0,81159000000.0,42761000000.0,27929000000.0,7372000000.0,10918400000.0,0.5082773533062697
エフ・シー・シー,7296,輸送用機器,プライム（内国株式）,2025-03-31,静岡県,187687075840.0,0.9914954,14.0134535,10.984805,8.133687253867587,0.2976,0.028263796,352.76,276.52,245.90999959407057,256619000000.0,17330000000.0,0.07717,15859000000.0,0.06697,0.09165,0.7482332011957369,60765000000.0,48517000000.0,162913000000.0,3000000000.0,68496000000.0,16709000000.0,113844300000.0,0.6065644077541615
カーメイト,7297,輸送用機器,スタンダード（内国株式）,2025-03-31,東京都,6221626368.0,0.4294627,,,29.27564919071178,0.7389,0.033333335,-85.82,,30.122140387019364,15523458000.0,300980000.0,-0.029560002,-332080000.0,-0.04146,-0.040599998,0.7297376163412952,5495001000.0,2479936000.0,17195216000.0,1460000000.0,10674721000.0,2073787000.0,13151865900.0,2.1138951653613667
フジオーゼックス,7299,輸送用機器,スタンダード（内国株式）,2025-03-31,静岡県,19739043840.0,0.63490003,,8.46231,7.9793130007692685,0.2354,0.028213166,229.37,,188.07522144144892,25544048000.0,2616093000.0,0.074260004,1546794000.0,0.08322,0.077199996,0.8219721993177806,6065995000.0,5357103000.0,18420106000.0,2124171000.0,5962207000.0,140510000.0,12452468000.0,0.6308546706181286
新家工業,7305,鉄鋼,スタンダード（内国株式）,2025-03-31,大阪府,25122379776.0,0.7879059,,13.445592,11.596069517158856,0.76489997,0.05928854,391.95,,303.8437765032271,42845000000.0,1641000000.0,0.02826,2128000000.0,0.04934,0.06197,0.5976565501344603,20483000000.0,15593000000.0,29180000000.0,5742000000.0,6703000000.0,9306000000.0,15211200000.0,0.6054840399527602
シマノ,7309,輸送用機器,プライム（内国株式）,2024-12-31,大阪府,1459969720320.0,1.7801714,18.346083,41.05176,31.32458183613306,0.7888,0.019211385,411.31,920.36,676.7547194930718,450993000000.0,65086000000.0,0.074310005,76329000000.0,0.10937,0.062090002,0.9201650133009647,75343000000.0,55802000000.0,711461000000.0,3561000000.0,534045000000.0,25892000000.0,654242400000.0,0.4481205266754446
テイ・エス　テック,7313,輸送用機器,プライム（内国株式）,2025-03-31,埼玉県,225958494208.0,0.7504223,18.599594,42.69077,22.32701528089579,1.9289999,0.046925567,45.08,103.47,80.09000002015188,460514000000.0,16429000000.0,0.011360001,8630000000.0,0.01209,0.02557,0.7084322078979384,106681000000.0,91135000000.0,255033000000.0,,111543000000.0,35001000000.0,172852700000.0,0.764975446512248
小田原機器,7314,輸送用機器,スタンダード（内国株式）,2024-12-31,神奈川県,3685876992.0,0.9556106,,131.50685,17.062765341361633,3.2184,0.023829788,8.76,,60.97781059674106,6110019000.0,390229000.0,-0.06633,293396000.0,-0.01272,-0.024149999,0.4201734232309253,5712165000.0,5417510000.0,8647680000.0,3716400000.0,2549143000.0,211251000.0,3083390700.0,0.8365419428516837
松屋アールアンドディ,7317,輸送用機器,グロース（内国株式）,2025-03-31,福井県,23016445952.0,3.337165,20.16854,14.2649,16.301021890961355,0.1325,0.00929368,75.5,53.4,44.42999950407017,9567398000.0,1953594000.0,0.2373,1560404000.0,0.17713,0.24895,0.6355386348961494,3975413000.0,2114146000.0,7501356000.0,2485537000.0,4137356000.0,,3525943000.0,0.15319233070793084
セレンディップ・ホールディングス,7318,輸送用機器,グロース（内国株式）,2025-03-31,愛知県,18787186688.0,1.6916249,,3.7721238,18.2583052921449,0.0,0.0,271.2,,28.822499765430234,25124596000.0,734597000.0,0.01699,2088163000.0,0.14371,0.50186,0.2522197411796393,24109798000.0,13099530000.0,16193903000.0,13578112000.0,6502528000.0,2902877000.0,-5883881100.0,-0.3131858536200223
Ｓｏｌｖｖｙ,7320,その他金融業,グロース（内国株式）,2024-06-30,東京都,16468198400.0,3.699049,5.589083,,15.20951693070945,0.07,0.01609517,-56.93,260.15,74.86500246183851,5359054000.0,1240315000.0,0.10031,973305000.0,-0.10455,-0.18394,0.12219639719290849,21588449000.0,4012265000.0,8587952000.0,2512778000.0,2626435000.0,3509787000.0,-10543646100.0,-0.6402428391924159
三十三フィナンシャルグループ,7322,銀行業,プライム（内国株式）,2025-03-31,,123321294848.0,0.55656934,,13.071535,7.348955004002736,0.35009998,0.0281909,362.62,,265.48000488354006,67700000000.0,,0.20079,8653000000.0,0.12742,0.04358,0.04566182511626505,4304803000000.0,,,304159000000.0,428222000000.0,951429000000.0,,
アイリックコーポレーション,7325,保険業,グロース（内国株式）,2024-06-30,東京都,6697235968.0,1.8139856,14.945255,15.552602,376.2864577807544,0.4748,0.029761905,52.66,54.8,1.8549004981597292,7921787000.0,495426000.0,0.04476,351623000.0,0.03876,0.10727,0.7004308453906601,1508088000.0,1437085000.0,3016778000.0,90000000.0,1870849000.0,133481000.0,1602126700.0,0.23922207723531116
ＳＢＩインシュアランスグループ,7326,保険業,グロース（内国株式）,2025-03-31,東京都,50981076992.0,1.1342232,,19.495064,17.81250431941406,0.2182,0.011307768,105.36,,58.44999953240001,116883000000.0,,0.07022,1988000000.0,0.1471,0.44263,0.1947692844741266,175193000000.0,,,,34328000000.0,146926000000.0,,
第四北越フィナンシャルグループ,7327,銀行業,プライム（内国株式）,2025-03-31,,467525074944.0,0.8850735,,12.452857,8.763082669654166,0.363,0.0303207,143.18,,79.11833332422854,141309000000.0,,0.19891001,29349000000.0,0.19534001,0.07351,0.043620868888436255,10498929000000.0,,,985858000000.0,2147289000000.0,2919007000000.0,,
ひろぎんホールディングス,7337,銀行業,プライム（内国株式）,2025-03-31,広島県,509778034688.0,0.9357244,,13.552778,11.307383844206948,0.4098,0.032247964,125.62,,90.30000013826586,148840000000.0,,0.31488,35835000000.0,0.23323,0.069699995,0.04158736818331499,11627271000000.0,,,1443632000000.0,1726986000000.0,1925611000000.0,,
ブロードマインド,7343,保険業,グロース（内国株式）,2025-03-31,東京都,7745580032.0,2.0567656,10.543478,23.405722,21.9867958511126,0.7235,0.03125,58.02,128.8,78.71000496233299,6021968000.0,519610000.0,0.13978,231620000.0,0.05587,0.08067001,0.736392576788614,1412031000.0,1277141000.0,3844982000.0,2128000.0,1983173000.0,,2432951000.0,0.31410830305135756
アイ・パートナーズフィナンシャル,7345,その他金融業,グロース（内国株式）,2025-03-31,神奈川県,2386627584.0,3.7846756,,863.0953,182.83751586957192,4.6512,0.0057471264,0.84,,2.259999738411874,3797196000.0,753117000.0,0.01322,-9735000.0,0.00078,0.00479,0.6301712967036484,369879000.0,330452000.0,833648000.0,15904000.0,495287000.0,,463769000.0,0.19431980217991146
マーキュリアホールディングス,7347,証券、商品先物取引業,プライム（内国株式）,2024-12-31,東京都,15788068864.0,0.96439195,,226.66667,12.426128489053063,6.1798,0.027329193,3.6,,53.85000117139452,5565871000.0,975316000.0,0.2318,505721000.0,0.01467,0.00838,0.8315836457020648,2157082000.0,1410010000.0,20250164000.0,,3365405000.0,272461000.0,18283804700.0,1.1580773340614687
おきなわフィナンシャルグループ,7350,銀行業,プライム（内国株式）,2025-03-31,沖縄県,108004769792.0,0.67188877,13.496933,11.554886,8.439731051750053,0.2969,0.026915114,437.91,374.9,290.1599943691724,53617000000.0,,0.26342,7941000000.0,0.15884,0.058769997,0.05152931714289359,2825534000000.0,,,99840000000.0,349388000000.0,590179000000.0,,
グッドパッチ,7351,サービス業,グロース（内国株式）,2025-08-31,東京都,5388750336.0,1.3003737,17.13889,13.375243,314.79843545638346,0.2169,0.01607717,46.13,36.0,1.259999993444329,5085553000.0,557484000.0,0.0376,407051000.0,0.08004,0.10005999,0.7902453336505619,1100253000.0,956456000.0,3395698000.0,248404000.0,2733133000.0,1310160000.0,3212557000.0,0.5961599257138047
ＴＷＯＳＴＯＮＥ＆Ｓｏｎｓ,7352,サービス業,グロース（内国株式）,2025-08-31,東京都,38279237632.0,11.390996,69.291336,85.271324,240.9466150184925,0.0484,0.0006289308,10.32,12.7,3.980000006322043,18077366000.0,819999000.0,-0.01476,494316000.0,0.02733,0.16660999,0.3379271140455193,6479943000.0,3931461000.0,7216730000.0,3637281000.0,4557240000.0,40278000.0,764981600.0,0.0199842433476393
ＫＩＹＯラーニング,7353,サービス業,グロース（内国株式）,2024-12-31,東京都,4610697216.0,3.300492,,19.239565,55.23576014681253,0.0,0.0,34.98,,16.33000066628125,4467921000.0,212788000.0,0.18431999,209635000.0,0.03715,0.13978,0.2976700215213923,3063031000.0,3059051000.0,3837219000.0,458091000.0,3476268000.0,27758000.0,793618600.0,0.17212550788327455
ダイレクトマーケティングミックス,7354,サービス業,プライム（内国株式）,2024-12-31,,13790961664.0,0.9420975,2.7247705,13.095238,64.48833274763687,0.1985,0.015517241,22.68,109.0,6.565038351081589,20952415000.0,1433887000.0,0.07351,834296000.0,0.05688,,0.5509577368317068,11211817000.0,6114083000.0,8301362000.0,5770799000.0,5167540000.0,1326778000.0,-1981710400.0,-0.14369631707214933
Ｒｅｔｔｙ,7356,サービス業,グロース（内国株式）,2025-09-30,東京都,2393944576.0,7.0618353,-8.205129,205.12822,-29.432505065919496,0.0,0.0,0.78,-19.5,-5.3682144841606245,1630179000.0,19465000.0,0.04715,11734000.0,0.00675,0.03374,0.3639358259401444,592988000.0,264248000.0,764046000.0,454446000.0,367807000.0,,171058000.0,0.07145445292046727
ジオコード,7357,サービス業,スタンダード（内国株式）,2025-02-28,東京都,4114228992.0,3.6787386,,401.3624,125.76959724381176,8.8889,0.0,3.67,,5.130000685828969,1582072000.0,-25081000.0,0.04731,16732000.0,0.00601,0.00875,0.6373032893641607,666675000.0,591017000.0,1301468000.0,159463000.0,939860000.0,277268000.0,828880600.0,0.2014668122780075
ポピンズ,7358,サービス業,スタンダード（内国株式）,2024-12-31,東京都,14242877440.0,1.5891439,13.527778,15.738446,15.851937183602045,0.4311,0.028571429,92.83,108.0,68.59000330589632,31690000000.0,1574000000.0,0.04539,776000000.0,0.03192,0.12509,0.5088548522196961,8209000000.0,5467000000.0,12515000000.0,3980000000.0,8373000000.0,,4306000000.0,0.30232655010475185
東京通信グループ,7359,サービス業,グロース（内国株式）,2024-12-31,東京都,3042369792.0,4.219822,,,-35.920290280160934,0.0,0.0,-20.79,,-20.4341333066953,5861558000.0,-230996000.0,0.026129998,-413539000.0,0.0011,0.38175,0.15157279395006457,2986276000.0,1794032000.0,1689480000.0,1742268000.0,771144000.0,259170000.0,-1115377000.0,-0.3666145394070492
オンデック,7360,サービス業,グロース（内国株式）,2024-11-30,大阪府,2299910912.0,2.410807,6.989674,20.749823,-14.362437481997434,0.0,0.0,42.41,125.9,-55.00459103757449,1665082000.0,367009000.0,-0.44131002,239075000.0,0.05136,0.0783,0.6571854719289976,575986000.0,516853000.0,1401708000.0,46668000.0,888558000.0,102725000.0,897629500.0,0.39028881306512103
ヒューマンクリエイションホールディングス,7361,サービス業,グロース（内国株式）,2025-09-30,東京都,4339679744.0,2.8382483,5.4086356,11.147306,8.15594142323129,0.21440001,0.01942446,125.86,259.4,123.05999429098722,8945582000.0,781936000.0,0.08878,398482000.0,0.04449,0.27629,0.3404261235225238,2965117000.0,1848091000.0,2526857000.0,1143479000.0,1417293000.0,89670000.0,-375491000.0,-0.08652504842532453
Ｔ．Ｓ．Ｉ,7362,サービス業,グロース（内国株式）,2024-12-31,京都府,1213473920.0,0.89423287,,15.441176,14.095060473047653,0.0,0.0,51.68,,82.86590910577722,4707895000.0,132857000.0,0.00642,113770000.0,0.01435,0.05185,0.2731383540586838,3488760000.0,1860565000.0,1782644000.0,2807358000.0,1131494000.0,,-1706116000.0,-1.405976652551379
ベビーカレンダー,7363,サービス業,グロース（内国株式）,2024-12-31,東京都,1439455232.0,1.8152062,,28.99695,-13.681261626862993,0.0,0.0,55.73,,-111.17395759858395,1528358000.0,50091000.0,0.100839995,17186000.0,0.03928,0.097040005,0.45194779703808613,854409000.0,652396000.0,708181000.0,484959000.0,394203000.0,,-146228000.0,-0.10158565320355861
ＬＩＴＡＬＩＣＯ,7366,サービス業,プライム（内国株式）,2025-03-31,東京都,45393924096.0,3.4911327,15.15792,15.912733,20.999675650658318,0.1109,0.006960557,81.13,85.17,99.03999928031865,33214000000.0,3477000000.0,0.11724,2402000000.0,0.08493,0.23916,0.3810353257547977,20255000000.0,11624000000.0,11318000000.0,13203000000.0,4335000000.0,1528000000.0,-7867400000.0,-0.1733139435877335
セルム,7367,サービス業,スタンダード（内国株式）,2025-03-31,東京都,7679196672.0,2.5120118,,11.936786,12.460858840689164,0.5376,0.046376813,29.74,,26.57000020669082,8184641000.0,1074748000.0,0.16364999,552623000.0,0.06751,0.22944,0.3853004963009461,4476743000.0,1948287000.0,2866136000.0,2729040000.0,1701954000.0,109636000.0,-1533861800.0,-0.19974248160524258
表示灯,7368,サービス業,スタンダード（内国株式）,2025-03-31,愛知県,8156446720.0,1.013727,15.104895,10.757642,16.920303963676616,0.3861,0.0,160.63,114.4,85.14678434554541,10020947000.0,980141000.0,0.09852,725806000.0,0.07539,0.096999995,0.5437959525583378,6597341000.0,6356619000.0,7511085000.0,9350000.0,6113571000.0,214688000.0,1064025600.0,0.13045209961231746
メイホーホールディングス,7369,サービス業,グロース（内国株式）,2025-06-30,岐阜県,2728549632.0,1.3143339,,16.417067,-38.796531940722055,0.0,0.0,35.39,,-18.730197021785514,13007061000.0,472174000.0,-0.048600003,168261000.0,0.01023,0.06468,0.3313848937891653,4413763000.0,2747504000.0,2844930000.0,1741217000.0,754210000.0,,-1568833000.0,-0.5749695668354257
Ｅｎｊｉｎ,7370,サービス業,グロース（内国株式）,2025-05-31,東京都,5873697792.0,1.3059666,8.879402,10.888627,8.84461678912637,0.4973,0.046398047,76.41,93.7,104.42999765489084,2919699000.0,841035000.0,0.06392,539211000.0,0.17663,0.11141,0.8756721640405557,659290000.0,634548000.0,4506270000.0,,4127950000.0,73177000.0,3898203900.0,0.6636711724102268
Ｚｅｎｋｅｎ,7371,サービス業,グロース（内国株式）,2024-06-30,,8330353664.0,0.67958504,,25.202354,28.483504883668616,0.4786,0.019667171,27.18,,19.240000353930622,,,0.03967,,0.061350003,0.02795,0.8561917281250774,2054730000.0,1282267000.0,4806400000.0,554048000.0,3605115000.0,1013334000.0,3461003800.0,0.41546901123260643
デコルテ・ホールディングス,7372,サービス業,グロース（内国株式）,2025-09-30,兵庫県,2035602048.0,0.40859133,11.278409,13.973953,14.905980329351472,0.0,0.0,28.41,35.2,20.797021943573668,6046172000.0,294861000.0,-0.0071799997,145543000.0,0.02398,0.02955,0.40431276864422466,7340509000.0,2181131000.0,809486000.0,5884003000.0,329696000.0,567268000.0,-6133935400.0,-3.0133273868665316
アイドマ・ホールディングス,7373,サービス業,グロース（内国株式）,2025-08-31,東京都,47710158848.0,6.6328754,21.770092,25.579727,16.57621343337399,0.239,0.009803922,125.49,147.45,90.68999738522915,13269538000.0,3102588000.0,0.21974,1954663000.0,0.14726,0.28129,0.6599931934536067,3692281000.0,3581646000.0,7797928000.0,133075000.0,5355642000.0,920732000.0,4750159400.0,0.0995628502335017
コンフィデンス・インターワークス,7374,サービス業,グロース（内国株式）,2025-03-31,東京都,10197638144.0,1.660854,10.53583,9.982873,13.030755316367046,0.42830002,0.04350528,163.48,154.9,119.99999338440244,8392191000.0,1303132000.0,0.14107999,1039183000.0,0.1157,0.17627001,0.8794319025016222,797489000.0,793935000.0,4829268000.0,5629000.0,3994242000.0,15000000.0,4042279000.0,0.3963936494822933
リファインバースグループ,7375,サービス業,グロース（内国株式）,2024-06-30,東京都,2842693120.0,10.225466,,19.45017,-12.054535951984787,0.0,0.0,43.65,,-151.81007442254045,3852638000.0,32676000.0,0.0161,4928000.0,0.028269999,0.51818,0.03868424602144199,3235710000.0,1010151000.0,1308827000.0,2658765000.0,511956000.0,20000000.0,-1912883000.0,-0.6729122417547484
ＢＣＣ,7376,サービス業,グロース（内国株式）,2025-09-30,大阪府,2574537216.0,3.569869,,,-290.20357891121415,0.0,0.0,-66.27,,-5.237702462880494,1467462000.0,-98051000.0,-0.09686,-73653000.0,-0.04976,-0.12076,0.5583099924504147,449905000.0,288229000.0,843748000.0,211679000.0,599155000.0,41100000.0,422613000.0,0.16415105494439278
ＤＮホールディングス,7377,サービス業,スタンダード（内国株式）,2025-06-30,,16868399104.0,1.1434867,,8.733088,8.169811429984136,0.3393,0.039100684,235.77,,192.18999352870298,36975577000.0,2715926000.0,-0.03263,1922581000.0,0.04908,0.13312,0.606493528092218,10055930000.0,7642406000.0,16533523000.0,843501000.0,2899140000.0,901714000.0,7108792800.0,0.42142664257417844
アシロ,7378,サービス業,グロース（内国株式）,2024-10-31,東京都,12311906304.0,3.9998417,31.254545,47.14756,-408.1076172919397,0.66339993,0.0,36.46,55.0,-1.6915131394835898,4798254000.0,328712000.0,0.14991,142160000.0,0.1539,0.35051998,0.5606573473680894,1765486000.0,1289498000.0,2425724000.0,678495000.0,1596471000.0,120882000.0,744855400.0,0.060498787239633624
十六フィナンシャルグループ,7380,銀行業,プライム（内国株式）,2025-03-31,,272748167168.0,0.61167216,,12.639942,8.344284269941655,0.32849997,0.037483267,609.18,,530.5500046949749,120240000000.0,,0.21806,20840000000.0,0.1612,0.05014,0.05518112950641546,7171929000000.0,,,508231000000.0,1076465000000.0,1307046000000.0,,
ＣＣＩグループ,7381,銀行業,プライム（内国株式）,2025-03-31,石川県,207702769664.0,0.8498225,,19.695997,12.629177784437017,0.3642,0.01901566,46.71,,37.81499994134603,75394000000.0,,0.20246,8120000000.0,0.14551,0.04306,0.03316419185148919,6172180000000.0,,,585990000000.0,1653620000000.0,1875204000000.0,,
ネットプロテクションズホールディングス,7383,その他金融業,プライム（内国株式）,2025-03-31,東京都,54189350912.0,2.6782248,49.545456,29.475393,-25.867943236714975,0.0,0.0,18.49,11.0,-8.543392800024764,23031000000.0,2102000000.0,0.13243,1350000000.0,0.07732,0.095010005,0.2705510388437218,51620000000.0,46249000000.0,50540000000.0,10282000000.0,17039000000.0,958000000.0,-409400000.0,-0.007554989921633111
プロクレアホールディングス,7384,銀行業,プライム（内国株式）,2025-03-31,,67924553728.0,0.4095295,,91.56811,17.936206697409148,1.915,0.010964912,26.21,,99.1866483574522,73772000000.0,,0.03571,1227000000.0,0.00942,0.0044299997,0.026115696044075185,5903338000000.0,,,420065000000.0,1481761000000.0,935454000000.0,,
ＦＰパートナー,7388,保険業,プライム（内国株式）,2024-11-30,東京都,49823834112.0,4.4290867,9.5393,17.093344,27.244349667061638,0.7408,0.04442344,126.95,227.48,164.3600013352493,35617526000.0,5330006000.0,0.094849996,3903160000.0,0.069860004,0.21003,0.6387155113306785,6693056000.0,5892045000.0,11369161000.0,590940000.0,8755086000.0,1007000.0,4676809900.0,0.09386692098979987
あいちフィナンシャルグループ,7389,銀行業,プライム（内国株式）,2025-03-31,愛知県,247560142848.0,0.62242955,,20.795809,14.79064228705004,0.4094,0.021528525,244.28,,168.22999894377114,87394000000.0,,0.38334998,9097000000.0,0.12982,0.03136,0.052030228976244694,6445893000000.0,,,336166000000.0,612643000000.0,1197995000000.0,,
ナンシン,7399,輸送用機器,スタンダード（内国株式）,2025-03-31,東京都,4019618560.0,0.34335184,,16.13162,23.61524269674223,0.535,0.03372681,37.38,,23.319896566881976,9818215000.0,122296000.0,0.016139999,212726000.0,0.02528,0.02125,0.8126754591423142,2706429000.0,1729504000.0,9890736000.0,452343000.0,3514836000.0,344932000.0,7425759400.0,1.8473791204705752
ＡｅｒｏＥｄｇｅ,7409,輸送用機器,グロース（内国株式）,2025-06-30,栃木県,34299029504.0,2.7778046,12.166806,50.725143,17.645243032139014,0.0,0.0,57.23,238.6,53.99000089012848,3602276000.0,655175000.0,0.21261999,734432000.0,0.22336,0.24962,0.47375893330787283,4321178000.0,940058000.0,3013606000.0,3594236000.0,1573893000.0,,-1307572000.0,-0.038122711310170136
アトム,7412,小売業,スタンダード（内国株式）,2025-03-31,神奈川県,107770036224.0,10.376376,,157.1831,-116.94480103809525,0.0,0.0,3.55,,-7.789999999258095,35477000000.0,252000000.0,0.00839,530000000.0,0.01035,0.03081,0.3845384169782506,11687000000.0,7662000000.0,8597000000.0,5375000000.0,6703000000.0,199000000.0,-2950700000.0,-0.027379595510824275
創健社,7413,卸売業,スタンダード（内国株式）,2025-03-31,神奈川県,1993602048.0,1.742659,,53.75472,197.83735983132732,0.3783,0.007399186,53.0,,11.08245028617159,4950632000.0,65881000.0,-0.00447,47544000.0,0.00758,0.03304,0.39425748541033323,1783120000.0,1078761000.0,2297555000.0,850750000.0,1246139000.0,384740000.0,783753000.0,0.39313412663588915
小野建,7414,卸売業,プライム（内国株式）,2025-03-31,福岡県,35976859648.0,0.37309247,,15.599745,7.8053823772595194,0.7335,0.04842105,94.04,,223.61000241969234,271942000000.0,6811000000.0,0.011729999,4885000000.0,0.01385,0.03749,0.4784847442637449,105258000000.0,81023000000.0,112648000000.0,56735000000.0,4438000000.0,3032000000.0,9512400000.0,0.2644032884768142
はるやまホールディングス,7416,小売業,スタンダード（内国株式）,2025-03-31,岡山県,11493523456.0,0.5381871,,,24.505082037385776,0.37669998,0.020394737,-26.72,,24.797974178354963,36135998000.0,625676000.0,-0.23294,670014000.0,-0.01035,-0.01691,0.5561850800253378,19283559000.0,12545757000.0,23503388000.0,8771174000.0,10551126000.0,567654000.0,4617186800.0,0.40172074452849144
南陽,7417,卸売業,スタンダード（内国株式）,2025-03-31,福岡県,18560493568.0,0.713826,,9.983306,7.747271822812029,0.3875,0.038952317,149.75,,156.5374636370784,36535000000.0,2851000000.0,0.05925,2038000000.0,0.052199997,0.07335,0.6228246887211475,15540000000.0,14401000000.0,25183000000.0,1546000000.0,9028000000.0,3052000000.0,11779400000.0,0.6346490709874639
ノジマ,7419,小売業,プライム（内国株式）,2025-03-31,神奈川県,360004222976.0,1.5932446,4.197906,10.19521,2.7198784355518058,0.1258,0.01275624,121.92,296.1,201.10999955981077,853427000000.0,48374000000.0,0.05627,32292000000.0,0.04065,0.18170999,0.32861929113031213,415503000000.0,305202000000.0,396676000000.0,87615000000.0,66614000000.0,31412000000.0,3161400000.0,0.008781563654631789
佐鳥電機,7420,卸売業,プライム（内国株式）,2025-05-31,東京都,27430285312.0,0.8292284,,10.86104,13.056318067221563,0.4887,0.046211716,175.95,,148.8128106018774,156242000000.0,3997000000.0,0.02537,2524000000.0,0.0182,0.089049995,0.4083133291219204,45845000000.0,39800000000.0,69954000000.0,19721000000.0,9128000000.0,3207000000.0,26353900000.0,0.9607592374721268
カッパ・クリエイト,7421,小売業,プライム（内国株式）,2025-03-31,,76298772480.0,6.728292,,58.917683,56.69523986080163,0.1909,0.0032509754,26.24,,28.28999981538546,73208000000.0,1435000000.0,0.029000001,1032000000.0,0.017719999,0.116459996,0.3490924304840371,20183000000.0,11655000000.0,13445000000.0,7247000000.0,7940000000.0,861000000.0,-6135300000.0,-0.08041151647109697
東邦レマック,7422,卸売業,スタンダード（内国株式）,2024-12-31,東京都,2554276352.0,0.48405978,,40.813007,-12.827236172474352,0.9283,0.023952097,12.3,,-26.653293620231675,4757089000.0,6438000.0,0.088190004,124349000.0,0.033469997,0.109969996,0.7647421148370134,1436483000.0,1060639000.0,3858012000.0,800000000.0,1891732000.0,705039000.0,2915056300.0,1.1412454637954539
初穂商事,7425,卸売業,スタンダード（内国株式）,2024-12-31,愛知県,7256697856.0,0.7351533,,7.991714,4.774879230411064,0.2471,0.032458235,275.16,,297.47960747825385,34827884000.0,1288992000.0,0.0385,974136000.0,0.02544,0.09495,0.43253881966137414,11279455000.0,10292589000.0,15501938000.0,1269210000.0,6160366000.0,722523000.0,4728249100.0,0.6515703414729577
山大,7426,卸売業,スタンダード（内国株式）,2025-03-31,宮城県,1273021440.0,0.64456797,,,-19.02144600867098,11.0701,0.018181818,-1224.36,,-137.24324324324326,4138547000.0,-375533000.0,-0.09041,-1436955000.0,-0.34702998,,0.4137360422820992,3056075000.0,1611388000.0,2727980000.0,1555306000.0,1233531000.0,21972000.0,-312714600.0,-0.24564755170187863
エコートレーディング,7427,卸売業,スタンダード（内国株式）,2025-02-28,大阪府,5630802944.0,0.47083923,,7.4915147,5.739830837296016,0.2425,0.016129032,123.74,,201.6503830379994,106388553000.0,1359739000.0,0.0023700001,1001758000.0,0.0064700004,0.058280002,0.33643097948313355,22585846000.0,22206388000.0,31990350000.0,3250000000.0,4221255000.0,727563000.0,9913798100.0,1.76063666205258
伯東,7433,卸売業,プライム（内国株式）,2025-03-31,東京都,73990430720.0,1.1157084,,16.22492,18.541280212746077,0.94879997,0.058598727,242.22,,276.1999982600734,183133000000.0,7914000000.0,0.03403,5131000000.0,0.02575,0.06945,0.5027459041541388,64830000000.0,47196000000.0,109532000000.0,35281000000.0,14929000000.0,8333000000.0,50535100000.0,0.6829950779883769
オータケ,7434,卸売業,スタンダード（内国株式）,2025-05-31,愛知県,8219041792.0,0.5200609,,9.702321,9.999561558353534,0.171,0.019151138,216.34,,193.56032975268548,32993580000.0,977992000.0,0.024419999,855073000.0,0.025910001,,0.5903884423747365,10676472000.0,9293911000.0,17228480000.0,71500000.0,2715444000.0,3269683000.0,8840786100.0,1.0756468118467502
ナ・デックス,7435,卸売業,スタンダード（内国株式）,2025-04-30,愛知県,7949205504.0,0.42476475,,11.002801,11.27716448840548,0.3697,0.033570703,89.25,,90.1746235541329,36890907000.0,762769000.0,0.04808,251788000.0,0.02016,0.04506,0.6047537371157757,11846092000.0,10954674000.0,21768377000.0,352298000.0,3629121000.0,2335851000.0,11557380700.0,1.453903876832016
コンドーテック,7438,卸売業,プライム（内国株式）,2025-03-31,大阪府,39829303296.0,1.0689564,14.809524,12.412197,9.305925579394682,0.39099997,0.03173575,125.28,105.0,127.98400689898475,79175000000.0,4466000000.0,0.06176,3272000000.0,0.0395,0.084259994,0.5567765567765568,26897000000.0,23401000000.0,40740000000.0,5842000000.0,15476000000.0,280000000.0,14039000000.0,0.35247917583860716
中山福,7442,卸売業,スタンダード（内国株式）,2025-03-31,大阪府,9298561024.0,0.41042387,,12.516331,473.92601761432843,0.26139998,0.022421524,38.27,,0.7471151358344114,40949509000.0,154573000.0,0.00658,526983000.0,0.0178,0.0328,0.6830935027281911,10393352000.0,8800412000.0,20783639000.0,4436118000.0,7250595000.0,3582469000.0,12898015300.0,1.3870979893243318
横浜魚類,7443,卸売業,スタンダード（内国株式）,2025-03-31,神奈川県,4061020672.0,2.4249082,,20.649061,22.09520283771402,0.0955,0.0047095763,31.43,,25.99518550261924,20204963000.0,157061000.0,0.00457,181119000.0,-0.00104,-0.02678,0.4651346698937396,2892771000.0,2099893000.0,3115588000.0,501000000.0,593894000.0,748313000.0,746636100.0,0.18385429681457185
ハリマ共和物産,7444,卸売業,スタンダード（内国株式）,2025-03-31,兵庫県,10556304384.0,0.4104158,,6.9826236,8.96466295278901,0.17809999,0.025906736,280.84,,261.73727745998383,61824355000.0,1911798000.0,0.03909,1289072000.0,0.02567,0.05994,0.6826104617762289,11490774000.0,8673591000.0,17734816000.0,2461685000.0,3584974000.0,3010399000.0,8351321300.0,0.7911216838970603
ライトオン,7445,小売業,スタンダード（内国株式）,2025-08-31,茨城県,10752834560.0,21.63513,29.881657,,-1.0085466888486245,0.0,0.0,-13.2,10.14,-410.49165554509926,28130000000.0,-454000000.0,-0.0458,-449000000.0,-0.01596,-1.10455,0.04143738535934634,11497000000.0,7831000000.0,6986000000.0,4641000000.0,578000000.0,4000000.0,-4508200000.0,-0.419256892203129
東北化学薬品,7446,卸売業,スタンダード（内国株式）,2025-09-30,青森県,3437154816.0,0.43365568,,8.018749,13.58528811583458,0.2206,0.027522936,475.76,,263.5386353597169,34442625000.0,518396000.0,0.009190001,428799000.0,0.01243,0.05553,0.43029009608568763,10403176000.0,9472346000.0,12825935000.0,813748000.0,924596000.0,2003550000.0,3825244000.0,1.1129100098120224
ナガイレーベン,7447,卸売業,プライム（内国株式）,2025-08-31,東京都,54691942400.0,1.4450879,19.160545,21.95767,26.47238182747138,0.72080004,0.03280481,83.16,95.3,88.77000129629403,16983838000.0,3583443000.0,0.13697,2573481000.0,0.14839,0.06271,0.9245110699674498,3373765000.0,2507103000.0,36200109000.0,,24246113000.0,212465000.0,32975069500.0,0.6029237224531269
サンデー,7450,小売業,スタンダード（内国株式）,2025-02-28,青森県,13759382528.0,1.37468,,,-89.99687058036545,0.7089,0.014880952,-196.79,,-13.913328294468018,46587476000.0,-303436000.0,0.03121,-2118082000.0,0.01642,0.07926,0.28041899630427125,23651926000.0,17832098000.0,13110142000.0,13628911000.0,577784000.0,135649000.0,-10446829700.0,-0.7592513456720141
良品計画,7453,小売業,プライム（内国株式）,2025-08-31,東京都,1493908062208.0,4.4990215,17.883675,29.415144,17.228504789759626,0.2609,0.0089126555,95.75,157.49,78.35999996749925,784629000000.0,73840000000.0,0.07459,50846000000.0,0.0648,0.16075,0.5901227723194532,226830000000.0,134689000000.0,367068000000.0,102126000000.0,134926000000.0,2841000000.0,142226700000.0,0.09520445307041758
パリミキホールディングス,7455,小売業,スタンダード（内国株式）,2025-03-31,東京都,32596645888.0,0.9815014,20.13986,32.25084,12.260163709291266,0.4477,0.013864818,17.86,28.6,32.64999974981213,50782000000.0,1389000000.0,0.07721,887000000.0,0.02001,0.03128,0.7499360241944865,10214000000.0,8655000000.0,27141000000.0,1945000000.0,13612000000.0,2763000000.0,18861100000.0,0.5786208821854107
松田産業,7456,卸売業,プライム（内国株式）,2025-03-31,東京都,148849442816.0,1.4555835,16.405582,13.665481,8.455655420317104,0.21350001,0.016981132,421.5,351.1,280.2000011152621,468841000000.0,12676000000.0,0.0305,9456000000.0,0.02042,0.11191,0.5905328596802842,68768000000.0,48613000000.0,116124000000.0,33471000000.0,12878000000.0,7894000000.0,52881800000.0,0.35527039268376537
第一興商,7458,卸売業,プライム（内国株式）,2025-03-31,東京都,176205922304.0,1.4929165,11.935439,12.12563,15.586322503344062,0.4053,0.033868093,140.57,142.81,116.75999957004673,153020000000.0,17953000000.0,0.105349995,18178000000.0,0.09245,0.12715,0.5579841005943167,91456000000.0,35990000000.0,67543000000.0,53571000000.0,41949000000.0,7044000000.0,-18982200000.0,-0.10772736666166578
メディパルホールディングス,7459,卸売業,プライム（内国株式）,2025-03-31,,589327499264.0,0.9478757,16.691792,14.676794,11.3697908777603,0.32639998,0.022939067,196.16,172.48,195.82999955903546,3671328000000.0,55613000000.0,0.01158,40279000000.0,0.01085,0.06752,0.3394900996392297,1067037000000.0,1009447000000.0,1282746000000.0,,261407000000.0,199078000000.0,355063600000.0,0.6024894484703874
ヤギ,7460,卸売業,スタンダード（内国株式）,2025-03-31,,30139914240.0,0.6733521,,8.3473625,6.672907877179382,0.32729998,0.041358937,427.68,,249.44778871447713,83376000000.0,3573000000.0,0.031070001,2625000000.0,0.04289,0.08488,0.5451790494469417,36020000000.0,24649000000.0,55969000000.0,13340000000.0,11839000000.0,10858000000.0,27549600000.0,0.9140570135875742
キムラ,7461,卸売業,スタンダード（内国株式）,2025-03-31,北海道,7460815360.0,0.4446786,,5.9197364,7.670049004357124,0.16479999,0.028,84.97,,69.55421701042994,36249862000.0,1948525000.0,0.05565,1184211000.0,0.03365,0.07384,0.5180578893097594,12293467000.0,7927251000.0,12725881000.0,6608173000.0,3759238000.0,1033398000.0,1155792600.0,0.15491505207280723
ＣＡＰＩＴＡ,7462,小売業,スタンダード（内国株式）,2025-03-31,東京都,2503599104.0,2.0663543,,21.718971,63.45903867575033,0.3923,0.0,28.04,,6.295592336186684,3369499000.0,79461000.0,0.00659,30110000.0,0.012309999,0.060089998,0.5276174493624133,1364648000.0,797058000.0,1107608000.0,875833000.0,605381000.0,3545000.0,-254558500.0,-0.10167702153004125
アドヴァングループ,7463,小売業,スタンダード（内国株式）,2025-03-31,東京都,32444436480.0,0.5589093,,4.504249,3.854398448385516,0.18879999,0.021691974,211.8,,278.8622099477432,18518822000.0,3150996000.0,0.13081001,6012061000.0,0.31394,0.09725001,0.6708348786719802,26429504000.0,7934045000.0,27863714000.0,22050286000.0,16065170000.0,2591220000.0,3248064000.0,0.10011158621917295
セフテック,7464,卸売業,スタンダード（内国株式）,2025-03-31,東京都,2900925184.0,0.40504396,,12.871209,10.622163588773525,0.66910005,0.051671732,126.95,,191.78034449929106,10312082000.0,354836000.0,0.03855,229982000.0,0.02204,0.031889997,0.5816250703678626,5197145000.0,3479697000.0,7991334000.0,3350215000.0,4451834000.0,503752000.0,3146815400.0,1.0847626879025365
ＳＰＫ,7466,卸売業,プライム（内国株式）,2025-03-31,大阪府,24363241472.0,0.87906337,,9.253719,8.256192393289195,0.2493,0.027173912,260.76,,238.20026273420427,68720867000.0,3311341000.0,0.054580003,2497319000.0,0.036679998,0.09802,0.6096658657998318,17110474000.0,11476672000.0,34296363000.0,7588548000.0,7872454000.0,430178000.0,17487013600.0,0.7177621918699669
萩原電気ホールディングス,7467,卸売業,プライム（内国株式）,2025-03-31,愛知県,37482393600.0,0.74046606,,14.059228,8.93429176775042,0.6917,0.05020353,267.44,,458.72344973315495,258742000000.0,7112000000.0,0.0227,3699000000.0,0.0105,0.051620003,0.3903857530289411,77184000000.0,47795000000.0,118323000000.0,43638000000.0,13534000000.0,1284000000.0,42037800000.0,1.121534564964389
鳥羽洋行,7472,卸売業,スタンダード（内国株式）,2025-03-31,東京都,15863435264.0,0.75945216,,12.376389,13.357249062929549,0.3967,0.031668697,327.64,,264.6899831424909,31565763000.0,1684318000.0,0.048270002,1231441000.0,0.040749997,0.062810004,0.6828229186907732,9746401000.0,9280787000.0,23284672000.0,0.0,10472282000.0,2382540000.0,15206049000.0,0.9585596528709105
アルビス,7475,小売業,プライム（内国株式）,2025-03-31,富山県,22667954176.0,0.70504653,10.685309,15.332015,14.727209140175118,0.39540002,0.025993316,176.95,253.9,178.43661117345806,98185000000.0,2069000000.0,0.01491,1622000000.0,0.015140001,0.047399998,0.6110985063339005,20569000000.0,13202000000.0,14674000000.0,8210000000.0,6218000000.0,1035000000.0,-5170500000.0,-0.2280973377595026
アズワン,7476,卸売業,プライム（内国株式）,2025-03-31,大阪府,176904765440.0,2.532298,19.473063,20.333416,24.639157666868165,0.53400004,0.027083334,121.77,127.15,103.4954326637602,103751000000.0,11594000000.0,0.11375,8229000000.0,0.08197,0.12874,0.6661473936488915,33432000000.0,26494000000.0,69957000000.0,7187000000.0,22573000000.0,14573000000.0,46726100000.0,0.2641313809935091
ムラキ,7477,卸売業,スタンダード（内国株式）,2025-03-31,東京都,2021540352.0,0.73886704,,31.45571,10.897698910077946,0.71849996,0.022108844,45.27,,139.70683579985905,7543131000.0,143889000.0,0.024719998,90954000.0,0.00825,0.02319,0.6806227943143957,1262813000.0,963600000.0,2685065000.0,807000.0,1435397000.0,222936000.0,1578307200.0,0.7807448406550531
スズデン,7480,卸売業,スタンダード（内国株式）,2025-03-31,,24480718848.0,1.363619,,14.67003,13.296422375916817,0.8404,0.05920663,118.95,,149.3751456703349,46631604000.0,2423289000.0,0.04541,1789904000.0,0.03674,0.09664,0.6423194631853907,10410086000.0,9080080000.0,23369609000.0,722429000.0,8126417000.0,424477000.0,13256656900.0,0.5415142007189477
尾家産業,7481,卸売業,スタンダード（内国株式）,2025-03-31,,21076942848.0,1.362465,,7.490427,4.588718461664408,0.265,0.039417308,339.5,,344.35075398725485,119256000000.0,3565000000.0,0.03229,2812000000.0,0.0216,,0.38497752480251085,23123000000.0,20227000000.0,26492000000.0,295000000.0,6128000000.0,811000000.0,3936700000.0,0.18677756202074416
シモジマ,7482,卸売業,プライム（内国株式）,2025-03-31,東京都,32746891264.0,0.9190561,,14.105793,12.807239706364289,0.5442,0.0393586,99.25,,101.69782198593724,60680000000.0,2987000000.0,0.045689996,2088000000.0,0.03731,0.06603,0.8390172788757976,6667000000.0,5430000000.0,23232000000.0,540000000.0,8086000000.0,2389000000.0,18237300000.0,0.5569169865003036
ドウシシャ,7483,卸売業,プライム（内国株式）,2025-03-31,大阪府,121825804288.0,1.3332071,19.775475,15.4904175,11.768562482956039,0.4286,0.028315946,221.75,173.7,167.30999829392397,113939000000.0,8996000000.0,0.09498999,6409000000.0,0.06616,0.08796,0.8594438892481335,12829000000.0,11868000000.0,80665000000.0,398000000.0,54817000000.0,2404000000.0,69518800000.0,0.5706410099756484
サンリン,7486,卸売業,スタンダード（内国株式）,2025-03-31,長野県,9787366400.0,0.46359265,,16.474464,11.723589912022181,0.45279998,0.028097063,48.56,,57.06366674818619,30826000000.0,917000000.0,-0.02486,821000000.0,0.01911,0.02945,0.7188757783205476,8172000000.0,6141000000.0,13713000000.0,2954000000.0,6156000000.0,6205000000.0,9884500000.0,1.0099243857877847
小津産業,7487,卸売業,スタンダード（内国株式）,2025-05-31,東京都,14973009920.0,0.7690086,,36.653633,26.905478111281475,0.514,0.014037058,48.59,,65.05312840833861,10220514000.0,430411000.0,0.083100006,408849000.0,0.044320002,0.02545,0.7240998741737208,7194846000.0,3878370000.0,13986364000.0,2570000000.0,8362516000.0,7812873000.0,12260529100.0,0.818841980704438
日新商事,7490,卸売業,スタンダード（内国株式）,2025-03-31,東京都,8632642560.0,0.33466336,,27.376667,19.368884307938366,0.5505,0.0208,47.23,,44.50183361082636,39034644000.0,384868000.0,-0.00903,615455000.0,0.00791,0.010369999,0.5776552704284033,16778552000.0,5498721000.0,15637610000.0,9818410000.0,4230004000.0,8148730000.0,4563169000.0,0.5285946879283278
コナカ,7494,小売業,スタンダード（内国株式）,2025-09-30,神奈川県,8483803648.0,0.51005846,,17.709066,-2.3576087190322927,0.70269996,0.040650405,14.23,,-101.12345783837083,55487000000.0,-767000000.0,-0.19775999,478000000.0,0.00861,0.029089998,0.39345697118796424,25641000000.0,19985000000.0,18570000000.0,14329000000.0,3203000000.0,3685000000.0,-4491500000.0,-0.5294205507760473
西川計測,7500,卸売業,スタンダード（内国株式）,2025-06-30,,41739173888.0,10.715811,,15.549273,10.590307852555325,0.404,0.001908397,792.32,,748.0639053254438,38719270000.0,3757397000.0,0.02599,2681935000.0,0.00944,0.057210002,0.6044674036398384,13401261000.0,12360687000.0,22455743000.0,17533000.0,8606995000.0,9746397000.0,15876959900.0,0.3803851015979169
ティムコ,7501,卸売業,スタンダード（内国株式）,2024-11-30,東京都,4130825472.0,0.9406919,,,16.90804958669028,2.2099001,0.0,-63.83,,43.897819063004846,3212048000.0,-30066000.0,-0.07955,-109271000.0,-0.04765,-0.03322,0.8175308189759495,1010245000.0,767546000.0,3716831000.0,925000.0,1616605000.0,593734000.0,3122199800.0,0.7558295118404847
プラザホールディングス,7502,サービス業,スタンダード（内国株式）,2025-03-31,東京都,4541563392.0,2.163679,,12.86091,87.71805787624449,0.32959998,0.025947068,151.7,,24.340084505957368,18644069000.0,336437000.0,-0.0044299997,275856000.0,0.01805,0.18080999,0.19099403180211497,9404247000.0,5957967000.0,7389239000.0,6544474000.0,1682989000.0,46183000.0,-1982679900.0,-0.4365632996541469
高速,7504,卸売業,プライム（内国株式）,2025-03-31,宮城県,59053703168.0,1.4195946,,16.285591,13.605394073037411,0.29659998,0.018506056,185.44,,161.19638792423123,115915464000.0,4532467000.0,0.044850003,3465564000.0,0.02944,0.09038,0.6493337098417856,21477246000.0,19824221000.0,32987524000.0,350739000.0,8178780000.0,5931900000.0,15662608000.0,0.26522651687806853
扶桑電通,7505,卸売業,スタンダード（内国株式）,2025-09-30,東京都,22294525952.0,1.5753576,,8.830989,3.6201782954408857,0.4011,0.0,216.85,,247.0478260313019,54684023000.0,3428522000.0,0.07763,2517769000.0,0.04603,0.18022,0.3879496997710593,24307899000.0,20451243000.0,27634979000.0,1335864000.0,8855259000.0,9619935000.0,10061034500.0,0.4512782429938791
ハウス　オブ　ローゼ,7506,小売業,スタンダード（内国株式）,2025-03-31,東京都,6992513536.0,1.3013985,,112.56624,60.096021964912424,1.8896,0.028964518,13.21,,25.946159751447656,11594399000.0,122027000.0,0.078099996,79624000.0,0.022769999,0.06078,0.6783490115329753,2680254000.0,1278341000.0,5383733000.0,73009000.0,3029873000.0,291111000.0,2907256700.0,0.41576704643221446
Ｇ‐７ホールディングス,7508,小売業,プライム（内国株式）,2025-03-31,兵庫県,62736203776.0,1.8488812,11.124031,12.207571,11.683232691302461,0.3405,0.028551035,117.55,129.0,117.44547579601934,214129000000.0,7123000000.0,0.02488,4939000000.0,0.022950001,0.1591,0.46073868699871273,38122000000.0,27387000000.0,34898000000.0,14010000000.0,16869000000.0,123000000.0,-3137900000.0,-0.050017371328426104
アイエーグループ,7509,小売業,スタンダード（内国株式）,2025-03-31,神奈川県,6124297216.0,0.38879487,,4.7214355,3.6477346683478404,0.1518,0.03206651,889.56,,924.1821155004734,37289572000.0,1797359000.0,0.02625,1254769000.0,0.03313,0.087469995,0.5524457359174643,12421464000.0,7767670000.0,11862315000.0,4440806000.0,1369452000.0,109948000.0,-482185400.0,-0.07873318080322246
たけびし,7510,卸売業,プライム（内国株式）,2025-03-31,京都府,36862078976.0,0.8854051,11.143412,13.209281,12.442580721617603,0.379,0.029583147,174.12,206.4,156.55712050078247,100965000000.0,3427000000.0,0.03753,2659000000.0,0.026400002,0.06834,0.6408811153677071,22848000000.0,21300000000.0,50876000000.0,1495000000.0,8960000000.0,5666000000.0,31994200000.0,0.8679434499836713
イオン北海道,7512,小売業,スタンダード（内国株式）,2025-02-28,北海道,126527111168.0,1.6576815,18.41785,39.598778,20.081203815350037,0.6993,0.0,22.93,49.3,44.43000001126354,377481000000.0,7900000000.0,0.01958,3606000000.0,0.01286,0.13736,0.39015390201963024,114201000000.0,79858000000.0,37446000000.0,56333000000.0,4370000000.0,40000000.0,-76727000000.0,-0.6064075856290082
コジマ,7513,小売業,プライム（内国株式）,2025-08-31,,95974023168.0,1.3813462,,20.381329,18.659458303771103,0.32869998,0.016949153,60.84,,51.67999976646478,282790000000.0,7325000000.0,0.01846,4709000000.0,0.01796,0.07609,0.5815740234795423,50540000000.0,35829000000.0,84024000000.0,9585000000.0,26854000000.0,9436000000.0,40089200000.0,0.4177088620097223
ヒマラヤ,7514,小売業,スタンダード（内国株式）,2025-08-31,岐阜県,10778622976.0,0.6600506,,996.59094,52.44460475926816,28.888899,0.030409357,0.88,,16.733819919240634,60447000000.0,286000000.0,0.0015199999,11000000.0,0.00017999999,0.00067000004,0.47102431707387427,18338000000.0,14232000000.0,22955000000.0,4843000000.0,3691000000.0,618000000.0,5049600000.0,0.4684828489913404
マルヨシセンター,7515,小売業,スタンダード（内国株式）,2025-02-28,香川県,4337694720.0,1.4217288,,63.561646,30.801883390486154,0.4107,0.0063761957,73.0,,145.71789930137317,41738513000.0,132825000.0,0.00137,13796000.0,0.0015700001,0.03036,0.18499999783940094,12966327000.0,6611047000.0,3070406000.0,7674105000.0,653648000.0,289613000.0,-9693191900.0,-2.2346413304069492
コーナン商事,7516,小売業,プライム（内国株式）,2025-02-28,大阪府,109892575232.0,0.6400184,7.1957088,8.097419,8.171995490597059,0.2394,0.025094103,480.4,540.6,473.7500056884384,501403000000.0,25002000000.0,0.03013,14210000000.0,0.026129998,0.08015,0.3461125747902949,313216000000.0,123480000000.0,170496000000.0,193187000000.0,10842000000.0,4515000000.0,-139559500000.0,-1.2699629588747792
エコス,7520,小売業,プライム（内国株式）,2025-02-28,東京都,33233135616.0,1.1537683,,7.454449,6.908390003880799,0.16379999,0.021666666,396.81,,320.0800110569842,137175000000.0,6027000000.0,0.040700004,4131000000.0,0.03158,0.16575001,0.46552172330728037,30841000000.0,21245000000.0,23984000000.0,12748000000.0,13457000000.0,527000000.0,-6488100000.0,-0.19522984755240255
ムサシ,7521,卸売業,スタンダード（内国株式）,2025-03-31,東京都,17723887616.0,0.50269127,11.432967,5.5373416,15.564021911223211,0.0767,0.015286624,469.72,227.5,112.56237158790725,37391000000.0,3354000000.0,0.1175,3432000000.0,0.07852,0.0956,0.6818774969384273,15846000000.0,12819000000.0,34843000000.0,3516000000.0,22291000000.0,3559000000.0,21488300000.0,1.2123920251334548
ワタミ,7522,小売業,プライム（内国株式）,2025-03-31,東京都,38260129792.0,1.4793955,39.259262,11.5847,9.151002391223406,0.121400006,0.01048218,82.35,24.3,104.6375146717279,88713000000.0,4569000000.0,0.04592,3522000000.0,0.04222,0.14935,0.3747884349078905,44359000000.0,18964000000.0,56408000000.0,29076000000.0,45753000000.0,686000000.0,12529200000.0,0.32747405897770354
アールビバン,7523,小売業,スタンダード（内国株式）,2025-03-31,東京都,15700586496.0,1.0035532,,11.541809,5.8850628651480505,0.2008,0.017564403,149.37,,163.85854019833556,10731448000.0,2113962000.0,0.28444,1266065000.0,0.123780005,0.08692,0.44044649898635374,19457618000.0,16474481000.0,29681055000.0,11748868000.0,5752535000.0,2336716000.0,11859138200.0,0.7553309045506882
マルシェ,7524,小売業,スタンダード（内国株式）,2025-03-31,大阪府,1935505664.0,0.33597708,,67.7193,60.93869013519707,0.0,0.104166664,2.85,,4.348633018072387,4581766000.0,44647000.0,0.02574,34955000.0,0.017549999,0.04933,0.11966446956052819,3016850000.0,2220084000.0,2583592000.0,2013507000.0,2116357000.0,32523000.0,-410491900.0,-0.21208509364506825
リックス,7525,卸売業,プライム（内国株式）,2025-03-31,福岡県,31126812672.0,1.1716344,,10.708012,10.98436053517841,0.42360002,0.040371846,358.61,,343.787903821002,54727738000.0,3882140000.0,0.07492,2841313000.0,0.05294,0.11333,0.5819662429148552,17760378000.0,16284631000.0,32408401000.0,1787105000.0,8176129000.0,3916521000.0,17389587700.0,0.5586690768259333
システムソフト,7527,情報・通信業,スタンダード（内国株式）,2025-09-30,東京都,5681738752.0,1.3073425,11.355932,,-3.4881862879968555,0.0,0.0,-3.04,5.9,-18.060962001022805,1373351000.0,-493947000.0,-0.0101,-258153000.0,-0.18791,-0.059180003,0.8925079439792616,515177000.0,452866000.0,4418138000.0,82110000.0,3242881000.0,256133000.0,4082254100.0,0.7184867657920785
清和中央ホールディングス,7531,卸売業,スタンダード（内国株式）,2024-12-31,,5972860928.0,0.3807864,,,52.55525710255171,1.2975999,0.00672043,-5.61,,26.238090364017754,51471676000.0,-99862000.0,-0.00691,-101233000.0,-0.00071000005,-0.00283,0.4194512914641137,21519468000.0,19679020000.0,26505841000.0,300000000.0,1478602000.0,1752950000.0,6213438000.0,1.0402783649075447
パン・パシフィック・インターナショナルホールディングス,7532,小売業,プライム（内国株式）,2025-06-30,東京都,2722955788288.0,4.419442,5.145324,30.238808,25.463499134701973,0.2319,0.0076695518,30.15,177.19,29.618000004275363,2246758000000.0,162296000000.0,0.072119996,90512000000.0,0.0,,0.4022664070638096,886981000000.0,441593000000.0,527990000000.0,442588000000.0,171958000000.0,37901000000.0,-332460300000.0,-0.12209537203284056
丸文,7537,卸売業,プライム（内国株式）,2025-03-31,東京都,35638386688.0,0.6544437,5.5619125,11.397705,10.735004942853866,0.5528,0.04910714,119.41,244.7,130.0542082459645,210837000000.0,8958000000.0,0.037320003,4272000000.0,0.01449,0.05817,0.3766172762753428,84268000000.0,79222000000.0,130199000000.0,50532000000.0,24246000000.0,3723000000.0,48537100000.0,1.3619331431841497
大水,7538,卸売業,スタンダード（内国株式）,2025-03-31,大阪府,5150328320.0,0.42911816,,4.3548017,4.257363094000915,0.0687,0.016129032,87.26,,74.94614870385502,99302000000.0,681000000.0,0.0051200003,1189000000.0,0.011569999,0.106309995,0.4611513687600644,13385000000.0,9613000000.0,17912000000.0,3000000000.0,3001000000.0,3735000000.0,7141500000.0,1.386610630679172
アイナボホールディングス,7539,卸売業,スタンダード（内国株式）,2025-09-30,東京都,17377107968.0,0.6607768,,10.332919,10.863507822856288,0.35919997,0.034666665,72.39,,54.859236522415806,92272175000.0,2531850000.0,0.02313,1679268000.0,0.0182,0.06564,0.5538766628560645,21182632000.0,19431463000.0,32910289000.0,391477000.0,13124840000.0,2109507000.0,13204311900.0,0.7598682084680479
スリーエフ,7544,小売業,スタンダード（内国株式）,2025-02-28,,4408278528.0,1.0808302,,11.554497,14.890931169843121,0.2384,0.008474576,50.37,,28.649164183739103,13915000000.0,1009000000.0,0.080170006,289000000.0,0.027390001,0.19797,0.7529825933893995,674000000.0,642000000.0,4485000000.0,,4157000000.0,38000000.0,3837600000.0,0.8705439040715715
西松屋チェーン,7545,小売業,プライム（内国株式）,2025-02-28,兵庫県,125555466240.0,1.2870282,12.799168,15.014001,16.29186529415177,0.2296,0.0076445295,139.27,163.37,136.30999891842785,185974000000.0,12180000000.0,0.058390003,8195000000.0,0.04202,0.0861,0.6127481587410287,57680000000.0,53480000000.0,110952000000.0,655000000.0,66742000000.0,11203000000.0,61114100000.0,0.4867498152822757
ゼンショーホールディングス,7550,小売業,プライム（内国株式）,2025-03-31,東京都,1367485448192.0,5.2841754,27.722271,37.988438,31.827171920295218,0.3042,0.007914076,230.07,315.27,195.40999972680927,1136684000000.0,75128000000.0,0.07653,39290000000.0,0.03161,0.15732999,0.2952383997717403,572739000000.0,191114000000.0,252006000000.0,365701000000.0,79695000000.0,1528000000.0,-319663400000.0,-0.23376000119243542
ゼンショーホールディングス第１回社債型種類株式,75505,小売業,プライム（内国株式）,,東京都,,3.04354,,,,,0.013908206,,,,,,0.07653,,0.03161,0.15732999,,,,,,,,,
ウェッズ,7551,輸送用機器,スタンダード（内国株式）,2025-03-31,東京都,10954040320.0,0.63453835,,7.971522,6.532960313530701,0.3152,0.040723983,85.68,,93.92075521038086,35138284000.0,2246936000.0,0.04186,1430859000.0,0.03966,0.08303001,0.661363657798264,7053486000.0,4759682000.0,16906578000.0,1321680000.0,8870918000.0,635005000.0,10297595500.0,0.9400728132430318
ハピネット,7552,卸売業,プライム（内国株式）,2025-03-31,東京都,128933945344.0,2.1204848,8.548552,14.463766,10.130583869997844,0.32009998,0.022048846,202.99,343.45,145.28000153999892,364418000000.0,11682000000.0,0.04743,6764000000.0,0.02307,0.15974,0.45837038500806904,65782000000.0,58522000000.0,96938000000.0,,41005000000.0,9136000000.0,37551200000.0,0.29124370544787226
幸楽苑,7554,小売業,プライム（内国株式）,2025-03-31,福島県,21899372544.0,3.5695152,90.95238,24.805195,-41.68889502611423,0.0,0.0,46.2,12.6,-32.57462207020212,18843888000.0,443837000.0,0.03496,799623000.0,0.03129,0.49212003,0.4795881608571776,6502331000.0,4949297000.0,6018182000.0,1790664000.0,4721957000.0,78300000.0,-429339000.0,-0.01960508225235113
大田花き,7555,卸売業,スタンダード（内国株式）,2025-03-31,東京都,3836106240.0,0.7480708,,30.184149,21.371184340921786,0.4806,0.01604278,24.98,,35.820916060546494,3857541000.0,276116000.0,-0.01367,221684000.0,0.03393,0.02493,0.6201891729591562,3185165000.0,2018911000.0,3877489000.0,440973000.0,1746991000.0,1153783000.0,1499972100.0,0.39101422279691606
ハークスレイ,7561,小売業,スタンダード（内国株式）,2025-03-31,大阪府,12130184192.0,0.48793986,5.113016,10.957074,10.081060408592286,0.45099998,0.041538462,59.87,128.3,86.76000113584611,45175000000.0,1932000000.0,0.051609997,1204000000.0,0.02232,0.044359997,0.3357620493823798,48767000000.0,16886000000.0,29557000000.0,35304000000.0,12338000000.0,3244000000.0,-16939200000.0,-1.3964503532577521
安楽亭,7562,小売業,スタンダード（内国株式）,2025-03-31,,17156524032.0,2.231597,,46.080376,16.17986130461567,0.1861,0.0040431265,80.62,,217.28196396916724,30353499000.0,1459945000.0,0.03229,589601000.0,0.012150001,0.04948,0.3062295867914708,16826641000.0,7318635000.0,10659537000.0,11164367000.0,7191117000.0,185860000.0,-6037002000.0,-0.3518779205356462
ワークマン,7564,小売業,スタンダード（内国株式）,2025-03-31,東京都,546808168448.0,3.9205773,31.369978,29.37437,19.98708813343435,0.3205,0.0,228.09,213.58,195.87999885947013,136933000000.0,24408000000.0,0.15664,16892000000.0,0.12622,0.1407,0.8340021327613095,26930000000.0,22145000000.0,121066000000.0,1807000000.0,80381000000.0,1000000.0,94136700000.0,0.1721567186298391
萬世電機,7565,卸売業,スタンダード（内国株式）,2025-03-31,大阪府,9450167296.0,0.766002,,10.460288,7.804583576223133,0.2515,0.023255814,556.39,,468.3725404459991,24422861000.0,1134582000.0,0.05624,873064000.0,0.03682,0.072859995,0.5749513491661425,8672067000.0,7965166000.0,17177140000.0,300000000.0,7194991000.0,1259383000.0,9386641100.0,0.99327777022245
栄電子,7567,卸売業,スタンダード（内国株式）,2025-03-31,東京都,2579997952.0,0.56504524,,44.75771,10.804201102872986,0.8811,0.01984127,11.35,,45.43217052431944,6428380000.0,63441000.0,0.00992,37265000.0,0.00881,0.01287,0.6685141288119223,2218444000.0,1974734000.0,4125519000.0,500000000.0,1156490000.0,785651000.0,2457030700.0,0.9523382365847708
橋本総業ホールディングス,7570,卸売業,スタンダード（内国株式）,2025-03-31,東京都,25724702720.0,0.73697066,,8.8292265,9.993065878039358,0.32720003,0.03763441,149.73,,128.330001212962,165339000000.0,2446000000.0,0.02071,2890000000.0,0.01752,0.08834,0.3779649122807018,53184000000.0,44115000000.0,48674000000.0,15021000000.0,4810000000.0,14302000000.0,5501400000.0,0.2138566987490536
ヤマノホールディングス,7571,小売業,スタンダード（内国株式）,2025-03-31,東京都,3871190272.0,2.982428,,32.45614,-79.82811361981064,0.2924,0.009090909,3.42,,-0.8267763950220794,13964604000.0,256049000.0,0.041479997,41824000.0,0.00819,0.09551,0.16683026912835375,6628930000.0,4817620000.0,6077215000.0,2840107000.0,2438983000.0,121975000.0,-466332500.0,-0.12046230415821835
日本ライフライン,7575,卸売業,プライム（内国株式）,2025-03-31,東京都,113162027008.0,1.8558447,13.234329,11.721532,11.798169291010232,0.38509998,0.032776747,137.61,121.88,98.72999981791114,56610000000.0,12336000000.0,0.22824,9317000000.0,0.16674,0.16705999,0.7975320474421947,15210000000.0,14334000000.0,44336000000.0,3833000000.0,11014000000.0,7374000000.0,34287800000.0,0.3029974003344428
ニチリョク,7578,小売業,スタンダード（内国株式）,2025-03-31,東京都,2103444608.0,0.22610904,,3.9973571,19.456161660884803,0.0,0.12820514,30.27,,17.52658134443628,2242603000.0,-98140000.0,-0.103999995,-271014000.0,-0.0911,-0.10455,0.6134015019715684,2890123000.0,2270837000.0,632649000.0,2221799000.0,107064000.0,29491000.0,-2236830300.0,-1.0634129805428183
サイゼリヤ,7581,小売業,プライム（内国株式）,2025-08-31,埼玉県,292415307776.0,2.5233836,21.4206,26.276276,31.58127121571156,0.13260001,0.0050847456,226.44,277.77,164.87000043963985,256714000000.0,15499000000.0,0.07152,11164000000.0,0.04349,0.097950004,0.6528760741392954,62290000000.0,35319000000.0,96465000000.0,25206000000.0,67152000000.0,,34175000000.0,0.11687144650504824
かんなん丸,7585,小売業,スタンダード（内国株式）,2024-06-30,,1589385472.0,1.3584743,,,-4.965840501779986,0.0,0.014527845,-57.35,,-77.52967495875035,1649628000.0,-180657000.0,-0.34589002,-206628000.0,-0.01203,-0.00682,0.3645691801424678,1132705000.0,387786000.0,797553000.0,787971000.0,717539000.0,65036000.0,-289626800.0,-0.18222564953708095
タカショー,7590,卸売業,スタンダード（内国株式）,2025-01-31,和歌山県,7350285312.0,0.6080664,17.651821,,-114.75599682636044,5.7935,0.011494253,-10.98,24.7,-4.446976047462026,19890018000.0,-150677000.0,-0.053600002,-242934000.0,-0.00067000004,-0.00079,0.529799899037056,11058380000.0,9810329000.0,15125705000.0,5792632000.0,3649382000.0,180245000.0,4193496500.0,0.57052159501261
ＶＴホールディングス,7593,小売業,プライム（内国株式）,2025-03-31,愛知県,62312771584.0,0.86432654,7.6571426,11.232187,8.760288474786401,0.50270003,0.04477612,47.72,70.0,56.780000010174106,351630000000.0,10859000000.0,0.04137,5302000000.0,0.015700001,0.082150005,0.25636559913638,197493000000.0,133507000000.0,126007000000.0,70884000000.0,14643000000.0,26119000000.0,-53202700000.0,-0.8538008926192718
アルゴグラフィックス,7595,情報・通信業,プライム（内国株式）,2025-03-31,東京都,110555185152.0,2.5634203,6.469902,17.492933,12.725064927776067,1.0337,0.021820448,91.98,248.69,76.52979565759598,69541642000.0,10199639000.0,0.15251,7447460000.0,0.106979996,0.15015,0.6612071477650262,26820680000.0,20156419000.0,61792449000.0,,37896121000.0,21185887000.0,49801889900.0,0.4504708651297398
魚力,7596,小売業,プライム（内国株式）,2025-03-31,東京都,32953565184.0,1.815323,,24.292622,24.34496326797257,0.535,0.02217484,97.19,,97.5872215565927,36629490000.0,1493652000.0,0.01698,1428241000.0,0.03388,0.07624,0.7627007190240678,5215852000.0,4696320000.0,14609327000.0,34793000.0,11092206000.0,5251895000.0,13069801500.0,0.3966126707997532
ＩＤＯＭ,7599,卸売業,プライム（内国株式）,2025-02-28,東京都,133441208320.0,1.6146708,8.857047,10.999834,7.646766168575357,0.3,0.02826053,120.82,150.05,113.96000045815067,496678000000.0,19890000000.0,0.034140002,13447000000.0,0.02331,0.15458,0.3610054489845074,139211000000.0,70389000000.0,164358000000.0,79277000000.0,15416000000.0,,25147000000.0,0.18845003216469675
日本エム・ディ・エム,7600,精密機器,プライム（内国株式）,2025-03-31,東京都,13203121152.0,0.5429141,8.240131,,14.638560243989472,0.26,0.030181086,-33.73,60.8,48.309999821451434,25114033000.0,1555941000.0,0.01011,-461798000.0,-0.03565,-0.03637,0.7330357281292016,8925706000.0,7258313000.0,23866617000.0,3286529000.0,3182342000.0,,14940911000.0,1.1316196244807435
ポプラ,7601,小売業,スタンダード（内国株式）,2025-02-28,広島県,2494760448.0,2.281272,,10.352804,7.526291874728086,0.0,0.0,17.29,,39.195928740228126,12028050000.0,408359000.0,0.01551,376335000.0,0.01826,0.25537002,0.20655602489572114,2999415000.0,1624304000.0,1741232000.0,533603000.0,806120000.0,61412000.0,-1215194600.0,-0.48709871161144846
レダックス,7602,卸売業,スタンダード（内国株式）,2025-03-31,東京都,3523949824.0,0.7796341,,,53.297891986539355,0.0,0.0,-10.84,,3.5273440091679484,20034349000.0,-199909000.0,0.00374,-187403000.0,-0.011510001,-0.042880002,0.6516031436229146,2214572000.0,1863554000.0,5431973000.0,658529000.0,1654001000.0,62908000.0,3261436600.0,0.9255059699737654
ジーイエット,7603,小売業,スタンダード（内国株式）,2025-02-28,東京都,4046582784.0,1.0920501,,,-5.0641155516941785,0.0,0.0,-89.0,,-74.44537869478042,13119000000.0,-1208000000.0,-0.23233,-1472000000.0,-0.1472,-0.66076,0.16910858551280294,6068000000.0,3071000000.0,5111000000.0,928000000.0,1961000000.0,,-957000000.0,-0.23649584132664564
梅の花グループ,7604,小売業,スタンダード（内国株式）,2025-04-30,福岡県,7430411776.0,4.6094356,,,8.096591588559974,0.16049999,0.012121212,-47.46,,127.27663816757912,29440638000.0,550530000.0,-0.0155,-383550000.0,-0.014140001,-0.16343,0.07977402329226381,21125391000.0,9230537000.0,6845740000.0,16581334000.0,2076535000.0,348026000.0,-14036032800.0,-1.8889979752314605
ユナイテッドアローズ,7606,小売業,プライム（内国株式）,2025-03-31,東京都,67807903744.0,1.8094072,11.514469,19.294247,10.684477068342902,0.5189,0.027661357,127.24,213.21,175.42999958049347,150910000000.0,7984000000.0,-0.00442,4282000000.0,0.022449998,0.09545,0.5392204385389638,32320000000.0,27767000000.0,44816000000.0,1028000000.0,6665000000.0,,12496000000.0,0.1842853017131607
進和,7607,卸売業,プライム（内国株式）,2025-08-31,愛知県,42884759552.0,0.98665607,12.227741,12.949698,11.57370665878225,0.5016,0.03993559,247.11,261.7,203.92981665576968,86146486000.0,4536054000.0,0.03339,3312345000.0,0.03845,0.07774,0.5841527398458479,30799926000.0,28897530000.0,62290395000.0,663185000.0,29636513000.0,2680182000.0,33366596400.0,0.7780525470719095
エスケイジャパン,7608,卸売業,スタンダード（内国株式）,2025-02-28,東京都,12994572288.0,2.1071131,,10.603779,7.396359435061814,0.2054,0.01968504,146.08,,91.0254681359328,13274754000.0,1229075000.0,0.14456001,929140000.0,0.083909996,0.21693,0.8234362168050715,1195804000.0,1107147000.0,6325451000.0,,3778329000.0,161466000.0,5242673200.0,0.40345100121851735
ダイトロン,7609,卸売業,プライム（内国株式）,2024-12-31,大阪府,53295628288.0,1.6050478,6.3856635,10.89578,3.5237318286687094,0.3659,0.034246575,232.2,396.2,361.6765156292226,93542920000.0,6200103000.0,0.05545,4382030000.0,0.053039998,0.16569,0.4508565987241237,40149755000.0,36353299000.0,65204907000.0,619163000.0,19561035000.0,2190980000.0,26588838000.0,0.49889341497802964
テイツー,7610,小売業,スタンダード（内国株式）,2025-02-28,岡山県,9545462784.0,1.5245917,,14.285714,13.833609594200693,0.38099998,0.026845638,10.5,,8.844460034583681,36477578000.0,911916000.0,0.03573,501585000.0,0.01733,0.110369995,0.4594051540362946,7233578000.0,4731510000.0,9292060000.0,3730403000.0,2896446000.0,661348000.0,2521425600.0,0.26414912058809614
ハイデイ日高,7611,小売業,プライム（内国株式）,2025-02-28,,118271000576.0,4.9983416,30.961357,25.949919,30.958860868876762,0.3395,0.012409813,126.59,106.1,85.14999902035781,55629711000.0,5514246000.0,0.105179995,4092077000.0,0.08053,0.19529,0.7509255974610491,8577900000.0,6672157000.0,17710683000.0,,13341638000.0,1250165000.0,10007898500.0,0.08461836334570455
シークス,7613,卸売業,プライム（内国株式）,2024-12-31,大阪府,61771411456.0,0.6264443,7.8738737,12.362093,7.719998913320264,0.45270002,0.036557503,106.05,166.5,173.37999956109547,302314000000.0,8560000000.0,0.028399998,3754000000.0,0.01597,0.04832,0.46207077302238325,116452000000.0,78469000000.0,156211000000.0,52865000000.0,22816000000.0,2427000000.0,41457900000.0,0.6711502784670966
オーエムツーネットワーク,7614,小売業,スタンダード（内国株式）,2025-01-31,東京都,10621488128.0,0.601273,,10.775571,7.179911622128937,0.2297,0.02182285,148.02,,198.4967790776372,32778259000.0,1474537000.0,0.03081,1098835000.0,0.027460001,0.0553,0.7812989317407514,4825119000.0,3485095000.0,12830576000.0,507134000.0,9738132000.0,2335369000.0,9640215300.0,0.9076143741654051
京都きもの友禅ホールディングス,7615,小売業,スタンダード（内国株式）,2025-03-31,東京都,2685323264.0,1.0489962,,,-1.3476442573714003,0.0,0.0,-27.84,,-119.46772979542304,5161206000.0,-734724000.0,0.04152,-923106000.0,-0.06582,-0.15444,0.27200799927329306,5297351000.0,4968233000.0,5305001000.0,606758000.0,1668196000.0,,7650000.0,0.002848819023972825
コロワイド,7616,小売業,プライム（内国株式）,2025-03-31,神奈川県,187098759168.0,2.4057946,,136.11755,77.73999944349266,0.3843,0.0028368793,12.93,,27.520000006062926,269156000000.0,10614000000.0,0.03731,1249000000.0,0.00784,0.03196,0.2483361411285415,225118000000.0,93776000000.0,95631000000.0,163167000000.0,71537000000.0,20433000000.0,-115183900000.0,-0.6156315547585962
田中商事,7619,卸売業,スタンダード（内国株式）,2025-03-31,東京都,7366845440.0,0.48812917,,8.331035,6.392769083599512,0.2759,0.033444814,108.75,,140.2311837716358,41452421000.0,1220724000.0,0.030079998,878022000.0,0.020499999,0.05973,0.505227219966142,14582168000.0,12463010000.0,16371397000.0,4036800000.0,3075427000.0,,1789229000.0,0.24287587062502564
うかい,7621,小売業,スタンダード（内国株式）,2025-03-31,東京都,19008456704.0,3.935827,36.47629,,24.444962964029543,0.6145,0.0014880953,-32.79,92.8,155.2100133236743,13462856000.0,721723000.0,-0.16267,136924000.0,-0.05928,-0.16137,0.4374746014992431,6132221000.0,3049244000.0,6876459000.0,2485523000.0,5413926000.0,136230000.0,839599000.0,0.044169761547412784
ＮａＩＴＯ,7624,卸売業,スタンダード（内国株式）,2025-02-28,,7721333760.0,0.6001353,,20.317003,20.60481829710145,0.5764,0.029850746,6.94,,6.300104088676248,43555000000.0,464000000.0,-8.9999994e-05,314000000.0,0.00745,0.025220001,0.7494485080691977,4316000000.0,4158000000.0,14207000000.0,73000000.0,113000000.0,284000000.0,10089800000.0,1.306743150033188
グローバルダイニング,7625,小売業,スタンダード（内国株式）,2024-12-31,東京都,4230556160.0,0.7937237,,93.764435,6.529994579296468,0.0,0.0,4.33,,80.82999941244653,11788633000.0,753060000.0,0.03283,514916000.0,0.00329,0.00819,0.5212098248142747,4900292000.0,1833605000.0,2043295000.0,2819156000.0,788912000.0,,-2856997000.0,-0.6753242108006906
オーハシテクニカ,7628,卸売業,プライム（内国株式）,2025-03-31,東京都,32175931392.0,0.841377,,14.206662,20.70489592811788,0.4011,0.029957807,88.55,,37.53463424780546,40017105000.0,1782667000.0,0.057740003,1522562000.0,0.05761,0.058509998,0.8040801700616903,9029776000.0,7912718000.0,37642177000.0,,21824330000.0,2566782000.0,30409148400.0,0.9450899192170928
壱番屋,7630,小売業,プライム（内国株式）,2025-02-28,愛知県,146038865920.0,4.61157,42.36111,48.56688,69.45876837442653,0.8506,0.01748634,18.84,21.6,16.8370388338088,61006655000.0,4925674000.0,0.06506,3171652000.0,0.04382,0.089899994,0.6880291607982526,13985517000.0,7369519000.0,21438050000.0,1499345000.0,15480677000.0,531443000.0,7824543100.0,0.05357849809848756
星医療酸器,7634,卸売業,スタンダード（内国株式）,2025-03-31,東京都,15709696000.0,0.81962204,,10.733644,11.208766587228162,0.1707,0.015655577,468.62,,450.7042615147167,15102329000.0,1982295000.0,0.1328,1463492000.0,0.09632,0.07831,0.7494744311117099,5874083000.0,4351206000.0,13783412000.0,1093105000.0,10625818000.0,3353833000.0,10257012100.0,0.6529096489200046
杉田エース,7635,卸売業,スタンダード（内国株式）,2025-03-31,東京都,9083062272.0,0.7949469,,15.23441,10.043746615014037,0.35970002,0.02361275,111.13,,133.83038210624417,75661000000.0,830000000.0,0.00972,517000000.0,0.00784,0.05313,0.302448279446928,26839000000.0,22386000000.0,29126000000.0,3593000000.0,6255000000.0,883000000.0,2905100000.0,0.31983706739030493
ハンズマン,7636,小売業,スタンダード（内国株式）,2024-06-30,,11516785664.0,0.64603025,10.813953,11.271209,11.274226072923584,0.4038,0.0,74.26,77.4,84.84859969406423,34121000000.0,872000000.0,0.01575,789000000.0,0.02791,0.054899998,0.6820021380574222,8329000000.0,5707000000.0,10200000000.0,4051000000.0,1633000000.0,71000000.0,1920700000.0,0.1667739641976548
白銅,7637,卸売業,プライム（内国株式）,2025-03-31,,27367544832.0,1.1532404,12.438145,16.115675,14.142727122041885,0.45450002,0.029097132,149.73,194.0,168.99359316015952,66410187000.0,2983391000.0,0.03964,2236985000.0,0.02546,0.0722,0.530898542303373,20990060000.0,20919795000.0,35028630000.0,,5473665000.0,1244509000.0,14909726300.0,0.5447959030130657
ＮＥＷ　ＡＲＴ　ＨＯＬＤＩＮＧＳ,7638,小売業,スタンダード（内国株式）,2025-03-31,東京都,25493446656.0,2.4428372,,9.5932865,23.905552680225988,0.2904,0.030262273,154.9,,70.6679926824026,27644229000.0,3890206000.0,0.15427,1984825000.0,0.08221,0.24244,0.3635677940723164,16656215000.0,12421076000.0,17548747000.0,9165854000.0,1353480000.0,1128000.0,893321600.0,0.03504122498829528
トップカルチャー,7640,小売業,スタンダード（内国株式）,2024-10-31,新潟県,3512456960.0,4.772409,,,-1.5949030806281124,0.0,0.0,-48.76,,-110.97853038837508,18414028000.0,-501958000.0,-0.041389998,-717624000.0,-0.04217,-0.60352004,0.10101189072999602,14162591000.0,9334123000.0,8748797000.0,9760091000.0,988928000.0,32254000.0,-5391216200.0,-1.5348846295898813
ダイイチ,7643,小売業,スタンダード（内国株式）,2025-09-30,北海道,20273614848.0,2.1776924,,20.775784,10.645475830560311,0.4145,0.005235602,86.88,,125.22717880270376,59160493000.0,1308590000.0,0.01956,979425000.0,0.022130001,0.094519995,0.6296737384266939,10124026000.0,6284927000.0,10987269000.0,1225788000.0,7645359000.0,137366000.0,959399200.0,0.04732255235156769
ＰＬＡＮＴ,7646,小売業,スタンダード（内国株式）,2025-09-30,福井県,14084092928.0,0.91932726,,10.465296,29.19014846405715,0.3848,0.0,194.93,,49.77101243511701,97763000000.0,2008000000.0,0.01764,1345000000.0,0.0137600005,0.090550005,0.4139263422410765,21690000000.0,11620000000.0,15800000000.0,6191000000.0,3699000000.0,33000000.0,-5866900000.0,-0.4165621478069248
スギホールディングス,7649,小売業,プライム（内国株式）,2025-02-28,愛知県,662722904064.0,2.3623276,23.618187,16.075504,19.684164571366974,0.15359999,0.0054303557,227.8,155.05,121.45999970578596,878021000000.0,42564000000.0,0.04177,25689000000.0,0.04257,0.16108999,0.5063540665217848,244412000000.0,216079000000.0,246479000000.0,45352000000.0,52788000000.0,13936000000.0,11822200000.0,0.017838828155029806
オーウエル,7670,卸売業,スタンダード（内国株式）,2025-03-31,大阪府,10613640192.0,0.49324468,,6.0042114,7.4082166687693265,0.256,0.04217432,175.71,,149.31074403324521,69416000000.0,1239000000.0,0.01191,1779000000.0,0.02619,0.08392999,0.4663029244871235,24283000000.0,19710000000.0,29945000000.0,3759000000.0,6545000000.0,10419000000.0,12955300000.0,1.2206273969759234
ダイコー通産,7673,卸売業,スタンダード（内国株式）,2025-05-31,愛媛県,9358547968.0,1.093033,,11.461599,10.942308164448185,0.3397,0.0,153.12,,112.90413925460187,21728642000.0,1171407000.0,0.07021,816342000.0,0.038510002,0.10413,0.47830373693638184,9175128000.0,8116461000.0,13054536000.0,739190000.0,7399468000.0,1297835000.0,4787892500.0,0.5116063428185017
ＮＡＴＴＹ　ＳＷＡＮＫＹホールディングス,7674,小売業,グロース（内国株式）,2025-01-31,,7463569408.0,4.4638543,26.567944,,33.89147347698742,0.1929,0.0032894737,-289.14,114.8,109.74001277776475,7196461000.0,2464000.0,-0.07395,-268353000.0,-0.10779,-0.38804,0.5533786403655134,1834905000.0,1133182000.0,1870714000.0,914235000.0,1155820000.0,,35809000.0,0.004797838412491655
ヤシマキザイ,7677,卸売業,スタンダード（内国株式）,2025-03-31,東京都,8587800576.0,0.8868031,,,14.555702268108917,0.1846,0.008389262,-55.3,,137.1548144350756,29046781000.0,-44013000.0,0.00957,-509637000.0,-0.0049900003,-0.01636,0.36874575373349533,16030302000.0,14439074000.0,21796823000.0,17047000.0,9571185000.0,2128210000.0,7256268000.0,0.8449506874063677
あさくま,7678,小売業,スタンダード（内国株式）,2025-01-31,,25561307136.0,8.9365835,,75.66462,-710.5290000821354,0.0,0.0,63.57,,-2.291250603158783,8350136000.0,179671000.0,0.01206,567974000.0,0.02459,,0.7050220938703083,1284845000.0,1107886000.0,2601490000.0,80352000.0,2062036000.0,,1316645000.0,0.051509298526665144
薬王堂ホールディングス,7679,小売業,プライム（内国株式）,2025-02-28,岩手県,40360804352.0,1.019667,9.918738,9.14258,14.320709379377297,0.1234,0.012767898,226.96,209.2,195.20295749066472,151957000000.0,5484000000.0,0.028859999,4275000000.0,0.026619999,0.11316,0.46346403921176355,42910000000.0,26473000000.0,39064000000.0,18187000000.0,7166000000.0,105000000.0,-3772500000.0,-0.09346939587969488
レオクラン,7681,卸売業,スタンダード（内国株式）,2025-09-30,大阪府,5998746112.0,1.06474,4.029435,39.309273,44.20601271196453,0.65989995,0.016650343,25.77,251.4,22.959998163969658,21489527000.0,288291000.0,-0.04368,152777000.0,0.0070700003,0.02942,0.5184136608054739,5050045000.0,4166415000.0,9298148000.0,,4776831000.0,607191000.0,4673136700.0,0.7790189170786497
浜木綿,7682,小売業,スタンダード（内国株式）,2025-07-31,愛知県,8652604416.0,5.4316387,,106.524635,79.40412412417547,0.3994,0.0,37.55,,54.08404953016468,6092106000.0,189451000.0,0.020060001,81167000.0,0.014789999,0.05863,0.3401610103861141,3116698000.0,1059538000.0,1804147000.0,2045950000.0,1341765000.0,9815000.0,-1305680500.0,-0.15090028819364437
ダブルエー,7683,小売業,プライム（内国株式）,2025-01-31,東京都,26252591104.0,2.4201279,10.051132,25.913372,19.58398498295041,0.2732,0.0061416184,53.1,136.9,60.86999910770503,22800935000.0,1670976000.0,0.0091,996856000.0,0.038399998,0.084180005,0.8184069505836247,2385206000.0,1819812000.0,10001640000.0,315707000.0,2895704000.0,204514000.0,7759593800.0,0.29557439756175924
ＢｕｙＳｅｌｌ　Ｔｅｃｈｎｏｌｏｇｉｅｓ,7685,卸売業,グロース（内国株式）,2024-12-31,東京都,156308996096.0,7.6768403,21.780222,37.183716,31.21048076287059,0.1101,0.003058104,136.35,232.78,49.77999943826729,59973669000.0,4733797000.0,0.10425,2411292000.0,0.055560004,0.32522,0.2694149153916963,33882221000.0,13127947000.0,23820676000.0,26920416000.0,13217970000.0,15180000.0,-10050919000.0,-0.06430160292135102
ひとまいる,7686,小売業,スタンダード（内国株式）,2025-03-31,東京都,12688703488.0,2.894022,5.1459384,20.552433,11.3070199776283,0.9363,0.04587156,21.36,85.31,54.94999929030095,134514000000.0,1782000000.0,0.008090001,536000000.0,0.00454,0.14583999,0.11725228098394298,31831000000.0,27003000000.0,22248000000.0,9188000000.0,2837000000.0,380000000.0,-9317000000.0,-0.7342751770353293
ミクリード,7687,卸売業,グロース（内国株式）,2025-03-31,東京都,3240955648.0,2.111632,8.291033,11.138895,15.474169435572168,0.18879999,0.0,43.99,59.1,33.639997775517266,6776000000.0,372000000.0,0.06356,258000000.0,0.040289998,0.20653,0.5982795698924731,934000000.0,858000000.0,1975000000.0,,918000000.0,,1041000000.0,0.3212015569057241
コパ・コーポレーション,7689,卸売業,グロース（内国株式）,2025-02-28,東京都,1365885824.0,1.3838774,,,-1.936971939081986,0.0,0.0,-144.47,,-432.6340423894649,2052289000.0,-281839000.0,0.055999998,-437770000.0,-0.22268,-0.35637,0.8171293476304515,232672000.0,215752000.0,1265753000.0,,658733000.0,,1033081000.0,0.7563450632898581
アースインフィニティ,7692,電気・ガス業,スタンダード（内国株式）,2024-07-31,大阪府,11453540352.0,10.011552,,24.821003,47.24996833973033,0.50119996,0.0,4.19,,3.506965201744774,5000237000.0,277349000.0,0.13437,150280000.0,0.08681,0.63185,0.37519899352697883,1478456000.0,918635000.0,1587676000.0,885959000.0,566127000.0,76247000.0,162592900.0,0.014195863899113804
いつも,7694,小売業,グロース（内国株式）,2025-03-31,東京都,4248964096.0,1.8697014,,,15.90122368619213,0.0,0.0,-14.8,,43.32999859616433,13940858000.0,74435000.0,0.00848,-98093000.0,-0.0059100003,-0.0381,0.2744712898647988,6246467000.0,3839647000.0,6731209000.0,4120366000.0,2932258000.0,158055000.0,595380500.0,0.14012368345510257
交換できるくん,7695,小売業,グロース（内国株式）,2025-03-31,東京都,6004167680.0,3.5355577,6.095527,82.20859,7.160072538995253,0.0,0.0,9.78,131.9,99.57999672724722,10292863000.0,163301000.0,0.01274,90800000.0,0.02883,,0.4252341338092893,2285107000.0,1883792000.0,2121026000.0,590983000.0,832654000.0,350455000.0,81237500.0,0.013530185086369873
アイスコ,7698,卸売業,スタンダード（内国株式）,2025-03-31,神奈川県,9564091392.0,2.2431004,18.135214,18.064085,9.9163063187752,0.148,0.0,135.13,134.6,80.73999444469905,54717434000.0,627979000.0,0.02726,481663000.0,0.0097,0.13621001,0.2211956647608978,13518076000.0,10331769000.0,9668902000.0,2474264000.0,1470557000.0,35399000.0,-3824394700.0,-0.39987015423116523
島津製作所,7701,精密機器,プライム（内国株式）,2025-03-31,京都府,1251404677120.0,2.4346163,20.182674,22.456705,21.226961407992572,0.32650003,0.014978602,192.86,214.59,193.54000011204465,539047000000.0,71720000000.0,0.14058,53776000000.0,0.10308,0.111669995,0.7409610861424892,174113000000.0,151288000000.0,454457000000.0,11747000000.0,143414000000.0,15182000000.0,290971400000.0,0.23251583226430447
ＪＭＳ,7702,精密機器,スタンダード（内国株式）,2025-03-31,広島県,10989860864.0,0.27016726,,69.78193,-339.06033165468,2.6439002,0.03837472,6.42,,-1.4711544614924912,69749000000.0,873000000.0,0.0094800005,89000000.0,0.0023,0.00133,0.5014490617938894,40507000000.0,25629000000.0,45773000000.0,24550000000.0,5511000000.0,,5266000000.0,0.4791689417333828
プレシジョン・システム・サイエンス,7707,精密機器,グロース（内国株式）,2024-06-30,千葉県,5791634432.0,1.5201148,8.418973,,-7.135852506626192,0.0,0.0,-9.22,25.3,-47.92699956766574,3979954000.0,-956246000.0,0.042519998,-1121480000.0,-0.02434,-0.030669998,0.6476709656087241,2253685000.0,1958884000.0,4609933000.0,1366633000.0,1915220000.0,55172000.0,2394868400.0,0.4135047589965015
クボテック,7709,精密機器,スタンダード（内国株式）,2025-03-31,大阪府,2588344320.0,8.715001,,,-11.289576384109646,0.0,0.0,-20.94,,-19.84131134586108,1662057000.0,-125328000.0,0.040700004,-200891000.0,-0.18062,-0.67609,0.11650221414587436,1533450000.0,1393990000.0,1485801000.0,251598000.0,438697000.0,368000.0,-47391400.0,-0.018309542371858778
助川電気工業,7711,精密機器,スタンダード（内国株式）,2025-09-30,茨城県,41251221504.0,14.066126,,51.994995,19.26028671345872,0.2777,0.0027113238,143.86,,115.67556668412834,5467931000.0,1165106000.0,0.05325,794456000.0,0.02753,0.031689998,0.6479968293577515,2656475000.0,1960826000.0,4687123000.0,994753000.0,513472000.0,1036246000.0,2756020200.0,0.06681063249806451
シグマ光機,7713,精密機器,スタンダード（内国株式）,2025-05-31,埼玉県,11126102016.0,0.62014955,7.4173746,11.28673,15.32948304027508,0.3017,0.013401404,139.19,211.8,97.02999597745625,11580528000.0,1131048000.0,0.12738,986017000.0,0.08404,0.05515,0.8686151623035125,2571044000.0,1756414000.0,11943814000.0,204138000.0,3130895000.0,1031780000.0,10095016000.0,0.9073272908591673
長野計器,7715,精密機器,プライム（内国株式）,2025-03-31,東京都,48512299008.0,1.0762254,7.447961,9.348938,7.671290820238199,0.1718,0.019615857,279.39,350.7,283.5600019876226,69544777000.0,7653279000.0,0.11524,6054539000.0,0.08045,0.12149999,0.5884209934120813,29750617000.0,20305685000.0,43791727000.0,14620808000.0,10118369000.0,9320227000.0,20565268900.0,0.42391866228827146
ナカニシ,7716,精密機器,スタンダード（内国株式）,2024-12-31,栃木県,166421741568.0,1.3942276,15.01236,33.355526,8.475320737448483,0.86480004,0.026065163,60.08,133.49,266.8699991372301,77041446000.0,14596193000.0,0.15098,8577872000.0,0.084350005,0.05669,0.7655709831428318,37100183000.0,27925235000.0,84886057000.0,18728511000.0,46051104000.0,5847139000.0,51878871300.0,0.3117313327646092
ブイ・テクノロジー,7717,精密機器,プライム（内国株式）,2025-03-31,神奈川県,29447073792.0,0.8877087,13.755796,38.26781,29.451529066626225,0.981,0.025518341,81.4,226.45,80.650001694894,46182000000.0,1822000000.0,0.01234,800000000.0,0.01787,0.020599999,0.4576166992254204,39620000000.0,24263000000.0,65392000000.0,21240000000.0,26671000000.0,1046000000.0,26504200000.0,0.9000622672124555
スター精密,7718,機械,プライム（内国株式）,2024-12-31,静岡県,105109282816.0,1.0689358,11.576173,24.270555,7.422791534233918,0.71839994,0.029639764,90.48,189.7,218.16999877378493,64994694000.0,4021246000.0,0.06082,1855111000.0,0.04407,0.0355,0.801026814374164,18353564000.0,15811490000.0,68329772000.0,2068053000.0,23619570000.0,903529000.0,50608678300.0,0.48148628688289574
東京衡機,7719,精密機器,スタンダード（内国株式）,2025-02-28,神奈川県,2360323328.0,1.4614719,,29.137325,18.588234018966503,0.0,0.0,11.36,,12.750000874648828,3483885000.0,25150000.0,-0.02379,62941000.0,0.021170001,0.03988,0.4304857847817521,2149157000.0,1163685000.0,2696622000.0,842035000.0,494578000.0,89693000.0,610250100.0,0.25854512928832096
東京計器,7721,精密機器,プライム（内国株式）,2025-03-31,東京都,111746424832.0,2.7353299,33.370956,24.42792,18.431019472064392,0.1257,0.005546751,278.37,203.77,138.65546218487395,57650000000.0,4856000000.0,0.07552,3797000000.0,0.07437,0.11892,0.528373661712224,35489000000.0,24060000000.0,56190000000.0,19479000000.0,7597000000.0,4577000000.0,23904900000.0,0.21392093783706026
国際計測器,7722,精密機器,スタンダード（内国株式）,2025-03-31,東京都,13743649792.0,1.1839814,22.270742,8.737365,-26.170336301999203,0.257,0.03275109,116.74,45.8,-18.77771312190864,13204277000.0,1211076000.0,0.14479999,940376000.0,0.10925,0.14407,0.538567210439854,9239334000.0,6883680000.0,15864572000.0,3410034000.0,7899193000.0,1889059000.0,7947579300.0,0.5782728329287161
愛知時計電機,7723,精密機器,プライム（内国株式）,2025-03-31,愛知県,43263242240.0,0.89451706,11.204627,11.05949,11.090894984983429,0.3348,0.031680953,253.99,250.7,206.84000475979644,54286000000.0,3940000000.0,0.053179998,3533000000.0,0.069460005,0.083780006,0.7459661989795918,15933000000.0,11255000000.0,38190000000.0,957000000.0,10268000000.0,9145000000.0,28658500000.0,0.6624214579438787
インターアクション,7725,精密機器,プライム（内国株式）,2025-05-31,神奈川県,14537365504.0,1.3817257,13.636364,16.087587,13.649322995999764,0.4807,0.030345801,89.51,105.6,104.15000266194976,6668651000.0,1418811000.0,0.13517,979266000.0,0.079629995,0.03392,0.8615043497713354,1891361000.0,1495647000.0,12155541000.0,748182000.0,9080481000.0,130429000.0,10355480300.0,0.7123354157361358
黒田精工,7726,機械,スタンダード（内国株式）,2025-03-31,神奈川県,5581949952.0,0.50215507,3.791793,68.49691,15.450149825534407,1.3699001,0.020304568,14.57,263.2,87.51079742968503,17284135000.0,311595000.0,0.023039998,172589000.0,0.00485,0.00824,0.4352384480178963,14577293000.0,8469953000.0,13054229000.0,7552321000.0,3290414000.0,2367790000.0,134389000.0,0.02407563685730445
オーバル,7727,精密機器,スタンダード（内国株式）,2025-03-31,東京都,13435981824.0,0.89051133,,11.933395,10.344761797929909,0.3515,0.030303031,54.05,,49.1999999821442,15048652000.0,1422551000.0,0.089090005,1029794000.0,0.07892,0.07691,0.6477423461753556,8172991000.0,4554694000.0,13452205000.0,1638755000.0,4172916000.0,1084479000.0,6038349300.0,0.4494163045988949
東京精密,7729,精密機器,プライム（内国株式）,2025-03-31,東京都,502345433088.0,2.8070042,20.300076,23.290379,23.559065871213793,0.4701,0.021358393,531.55,609.85,475.4200031997253,150534000000.0,29703000000.0,0.21937999,25637000000.0,0.13895,0.1251,0.7361568719741797,61726000000.0,46933000000.0,169341000000.0,20083000000.0,54541000000.0,3246000000.0,109887200000.0,0.21874828108718997
マニー,7730,精密機器,プライム（内国株式）,2025-08-31,栃木県,145685348352.0,2.71999,19.948746,31.367973,30.358190377414957,0.8273,0.02631579,47.15,74.14,63.82000022762399,29968000000.0,8193000000.0,0.26769,4643000000.0,0.15493,0.08769,0.9236725472950834,4426000000.0,3494000000.0,29978000000.0,76000000.0,18424000000.0,311000000.0,25769700000.0,0.17688601009990465
ニコン,7731,精密機器,プライム（内国株式）,2025-03-31,東京都,601707839488.0,0.9209495,17.263197,72.02522,15.562892001452559,1.9639,0.028264556,25.38,105.89,93.53000007345709,715285000000.0,2423000000.0,-0.0235,6123000000.0,0.012250001,0.0128999995,0.5744880298672507,471291000000.0,305545000000.0,620220000000.0,193570000000.0,163590000000.0,76111000000.0,202206700000.0,0.3360546210799912
オリンパス,7733,精密機器,プライム（内国株式）,2025-03-31,東京都,2282670260224.0,3.1293516,16.491564,23.998148,10.790005714642684,0.2317,0.009640877,86.34,125.64,199.4400000468988,997332000000.0,161996000000.0,0.13543001,117855000000.0,0.10031,0.13604,0.524650585625889,681093000000.0,425361000000.0,679443000000.0,229102000000.0,252532000000.0,43440000000.0,28758000000.0,0.012598403063777576
理研計器,7734,精密機器,プライム（内国株式）,2025-03-31,東京都,149652668416.0,1.8617872,13.978266,17.67813,20.66052841448477,0.2696,0.015797788,185.54,234.65,179.90999891006152,49038948000.0,10642294000.0,0.18812999,8007557000.0,0.16451,0.10892,0.8354528534676103,15259155000.0,11771421000.0,60548326000.0,3330466000.0,18320799000.0,7119804000.0,50273033800.0,0.33593142262089526
ＳＣＲＥＥＮホールディングス,7735,電気機器,プライム（内国株式）,2025-03-31,京都府,1541033820160.0,3.5882225,18.63496,26.167505,30.8301371571435,0.4988,0.019352831,622.91,874.7,608.160001184283,625269000000.0,135684000000.0,0.15932,99467000000.0,0.14864999,0.22429001,0.6266157396165872,250595000000.0,239723000000.0,480046000000.0,4562000000.0,140397000000.0,45365000000.0,261206500000.0,0.1695008224886848
キヤノン電子,7739,電気機器,プライム（内国株式）,2024-12-31,埼玉県,149090828288.0,1.2143997,,20.618849,12.307195514022059,0.39580002,0.01920439,176.78,,160.61356239902946,100656000000.0,10398000000.0,0.08653,7655000000.0,0.06586,0.05783,0.8567703377945042,20153000000.0,17549000000.0,72656000000.0,829000000.0,30213000000.0,28968000000.0,72780600000.0,0.4881628255455735
タムロン,7740,精密機器,プライム（内国株式）,2024-12-31,埼玉県,170667098112.0,2.1057656,3.2069528,12.938302,9.4422550693694,0.4429,0.055235352,81.85,330.22,64.63957161397335,88475000000.0,19205000000.0,0.19561,14526000000.0,0.14866,0.15556,0.8057327957410162,19851000000.0,16607000000.0,72310000000.0,2221000000.0,38384000000.0,6699000000.0,57148300000.0,0.3348524738054462
ＨＯＹＡ,7741,精密機器,プライム（内国株式）,2025-03-31,東京都,8370541559808.0,8.375901,36.23443,40.765076,36.01387223191843,0.3948,0.009892828,607.26,683.19,515.2671588742263,885815000000.0,480792000000.0,0.12503,202102000000.0,0.23448,0.21204,0.7891439367792344,262649000000.0,179508000000.0,879731000000.0,37283000000.0,533967000000.0,51384000000.0,653050800000.0,0.07801774775669107
シード,7743,精密機器,プライム（内国株式）,2025-03-31,東京都,17584420864.0,0.9520532,12.548596,12.791722,8.033755982979347,0.33009997,0.025906736,45.42,46.3,77.40068002898536,33231633000.0,1562007000.0,0.058390003,1092466000.0,0.04099,0.07512,0.34896595471723574,33375857000.0,18139258000.0,20677162000.0,26339815000.0,7116716000.0,1031648000.0,-11976541400.0,-0.6810881912249481
ノーリツ鋼機,7744,精密機器,プライム（内国株式）,2024-12-31,東京都,197133352960.0,0.89687634,5.8967137,17.4396,9.841961752883847,0.71839994,0.080361895,108.03,319.5,95.1936138609518,106539000000.0,20507000000.0,0.20879,16120000000.0,0.14456001,0.07555,0.7423839555329895,76409000000.0,37798000000.0,135122000000.0,37379000000.0,92856000000.0,23423000000.0,75109100000.0,0.38100655658832255
Ａ＆Ｄホロンホールディングス,7745,精密機器,プライム（内国株式）,2025-03-31,東京都,60663046144.0,1.3751119,8.479117,9.490959,14.579651605227053,0.1929,0.021718146,233.38,261.23,192.7300017436264,67083000000.0,8813000000.0,0.11525,6468000000.0,0.09544,0.15627,0.6189116730671691,26211000000.0,22780000000.0,51668000000.0,13579000000.0,13346000000.0,315000000.0,25677500000.0,0.4232807554544421
岡本硝子,7746,精密機器,スタンダード（内国株式）,2025-03-31,千葉県,14574927872.0,5.708946,,,31.05038060111434,0.0,0.0,-1.94,,4.379978517722878,4686676000.0,126190000.0,-0.14624,89009000.0,-0.01293,-0.0269,0.207771596494852,6876615000.0,3106702000.0,4191651000.0,5931056000.0,1812395000.0,161135000.0,-2572169500.0,-0.1764790551685277
朝日インテック,7747,精密機器,プライム（内国株式）,2025-06-30,愛知県,777400287232.0,5.272468,36.83681,62.406815,38.50366962114465,0.5164,0.008176143,46.95,79.54,58.20000005890688,120025000000.0,30083000000.0,0.36153,12737000000.0,0.12136,0.102189995,0.7793226252284057,41837000000.0,27856000000.0,103359000000.0,11098000000.0,54200000000.0,19389000000.0,75094300000.0,0.09659669700840948
メディキット,7749,精密機器,スタンダード（内国株式）,2025-03-31,東京都,43260522496.0,0.9555909,,14.18332,15.193337851693146,0.45119998,0.032040473,210.67,,187.95000272483068,22553238000.0,4486794000.0,0.20229,3013544000.0,0.13304,0.06826,0.8605931427171357,7314791000.0,6159498000.0,33243669000.0,,21559317000.0,778786000.0,26474028200.0,0.611967370538529
キヤノン,7751,電気機器,プライム（内国株式）,2024-12-31,東京都,4150625566720.0,1.3118236,13.032084,25.976025,12.828667254770036,0.8789,0.03374104,181.86,362.49,264.08940007410234,4509821000000.0,444854000000.0,0.079730004,160025000000.0,0.03518,0.053850003,0.5862172720345264,2121195000000.0,1546306000000.0,2450083000000.0,663500000000.0,501565000000.0,,328888000000.0,0.07923817620096751
リコー,7752,電気機器,プライム（内国株式）,2025-03-31,東京都,819412205568.0,0.76145893,12.466441,13.639379,17.798408492607287,0.3694,0.027669387,105.54,115.47,72.54999999967154,2527876000000.0,65140000000.0,0.03554,45709000000.0,0.02395,0.058569998,0.43701969948046726,1302368000000.0,859843000000.0,1213449000000.0,516217000000.0,190657000000.0,183524000000.0,39547800000.0,0.048263620838532986
ＩＭＶ,7760,精密機器,スタンダード（内国株式）,2025-09-30,大阪府,39971409920.0,3.3634644,23.653484,20.629055,7.981457221955628,0.2465,0.013495277,121.77,106.2,88.70285308254527,17941000000.0,2323000000.0,0.13374,1935000000.0,0.10785,0.17511,0.5099343432176114,11420000000.0,10232000000.0,16384000000.0,3355000000.0,4876000000.0,206000000.0,5108200000.0,0.12779634269153145
シチズン時計,7762,精密機器,プライム（内国株式）,2025-03-31,東京都,325001641984.0,1.2335572,16.491272,13.836086,9.877149802785526,0.4779,0.035114504,96.27,80.77,93.59999991519818,316885000000.0,20592000000.0,0.09868,23876000000.0,0.07345,0.08861,0.6158483174187587,151407000000.0,77553000000.0,271950000000.0,68260000000.0,93755000000.0,36993000000.0,146438100000.0,0.4505764928018709
リズム,7769,精密機器,プライム（内国株式）,2025-03-31,埼玉県,33222055936.0,1.0151762,,43.835766,65.77564553852201,0.79410005,0.018295739,91.82,,57.776162790697676,32666000000.0,818000000.0,0.05718,758000000.0,0.067090005,0.07221,0.694276273479254,13786000000.0,6351000000.0,28363000000.0,7646000000.0,13219000000.0,3512000000.0,17035400000.0,0.5127738040299951
日本精密,7771,精密機器,スタンダード（内国株式）,2025-03-31,埼玉県,4031216896.0,2.4838145,,19.447397,4.114559667064968,0.0,0.0,9.41,,17.741874199645032,7158415000.0,275644000.0,0.05727,-20016000.0,0.02852,0.13359,0.2606562170360813,4169669000.0,3244175000.0,3208865000.0,2940844000.0,875858000.0,27840000.0,-941316000.0,-0.23350666170654985
ジャパン・ティッシュエンジニアリング,7774,精密機器,グロース（内国株式）,2025-03-31,愛知県,21807544320.0,3.9991958,37.03448,,180.6853532189231,0.0,0.0,-9.86,14.5,3.5254656155122555,2455474000.0,-238310000.0,-0.23023,-255304000.0,-0.17496,-0.07092,0.8943720165392546,687954000.0,637229000.0,4824949000.0,,3885449000.0,150000000.0,4241995000.0,0.19451960925786624
大研医器,7775,精密機器,スタンダード（内国株式）,2025-03-31,大阪府,13215080448.0,1.7331284,10.913404,13.203215,15.473843812532078,0.66019994,0.0,34.84,42.15,34.41196369910666,9951701000.0,1512074000.0,0.15398,1097620000.0,0.09907,0.13414,0.6722058756583331,3665092000.0,2829984000.0,6985015000.0,2026450000.0,2995993000.0,8797000.0,3326080900.0,0.2516882824200572
セルシード,7776,精密機器,グロース（内国株式）,2024-12-31,東京都,9914551296.0,4.9504094,,,-9.172933396650341,0.0,0.0,-29.77,,-29.43442280945758,193277000.0,-846379000.0,-5.69697,-859840000.0,0.0,-0.71658,0.8890786343586987,269881000.0,103144000.0,2312219000.0,143750000.0,2134299000.0,20536000.0,2056713200.0,0.20744390125146417
スリー・ディー・マトリックス,7777,精密機器,グロース（内国株式）,2025-04-30,東京都,45560541184.0,11.522559,-29.609375,,-34.38395428660887,0.0,0.0,-3.27,-12.8,-3.489999986613961,6934144000.0,-1156166000.0,0.13432999,-2501245000.0,0.00059,0.00174,0.3402661090230182,4296926000.0,1578888000.0,6418787000.0,2940683000.0,1580268000.0,7688000.0,2127242600.0,0.04669045943525902
ＣＹＢＥＲＤＹＮＥ,7779,精密機器,グロース（内国株式）,2025-03-31,茨城県,47293358080.0,1.1943991,149.33333,,-30.042918414634148,0.0,0.0,-0.95,1.5,-6.990000009376829,4384000000.0,-926000000.0,-0.07788,-577000000.0,-0.048049998,-0.00638,0.8151894040826415,8954000000.0,1085000000.0,16758000000.0,434000000.0,6824000000.0,15333000000.0,18537100000.0,0.39195990203620573
メニコン,7780,精密機器,プライム（内国株式）,2025-03-31,愛知県,119341187072.0,1.3796532,15.725728,24.112627,27.506537085287714,0.41919997,0.017687934,66.77,102.38,55.16999976499866,121491000000.0,10052000000.0,0.10273,5621000000.0,0.042090002,0.059770003,0.4597024807509531,101131000000.0,26492000000.0,82669000000.0,75089000000.0,42046000000.0,822000000.0,-17886600000.0,-0.14987784551873776
平山ホールディングス,7781,精密機器,スタンダード（内国株式）,2024-06-30,東京都,10322905088.0,2.0437362,13.443114,12.070974,10.864289566199233,0.4481,0.038138825,111.59,100.2,71.96000316079027,35292145000.0,1119022000.0,0.05282,757112000.0,0.026080001,0.2031,0.3630191271653836,7828016000.0,5000773000.0,10684518000.0,1665200000.0,5949094000.0,145710000.0,2958499000.0,0.286595582811194
シンシア,7782,精密機器,スタンダード（内国株式）,2024-12-31,東京都,3253662464.0,1.1691211,36.086956,8.524478,11.074210385363918,0.3252,0.037401576,58.42,13.8,46.469997622004385,6539394000.0,484854000.0,0.0637,301747000.0,0.04639,0.1242,0.49073464408555884,2799093000.0,2019648000.0,4615209000.0,2050546000.0,1888377000.0,,1816116000.0,0.5581759079481454
ドリームベッド,7791,その他製品,スタンダード（内国株式）,2025-03-31,広島県,3585648384.0,0.7607728,9.05307,7.9062157,11.767096192768545,0.3089,0.0,110.04,96.1,61.983918172377685,11509308000.0,595149000.0,0.05235,415092000.0,0.03838,0.1,0.400087523180952,6759737000.0,4701660000.0,4456970000.0,3904915000.0,797126000.0,172628000.0,-2181927400.0,-0.6085168333114506
コラントッテ,7792,その他製品,グロース（内国株式）,2025-09-30,大阪府,13601718272.0,2.6286473,,10.276842,9.063979291454404,0.2886,0.0,145.57,,112.27999530025332,6917910000.0,1810086000.0,0.19133,1328215000.0,0.19198999,0.28627002,0.7693634518930298,1549188000.0,1527296000.0,4826164000.0,12902000.0,2180025000.0,99331000.0,3346507700.0,0.24603565763371224
イメージ・マジック,7793,その他製品,グロース（内国株式）,2024-12-31,東京都,3622562048.0,1.7477285,,15.086838,54.46941062766536,0.3139,0.0,95.58,,19.54999730644836,4376930000.0,344146000.0,0.11626001,220367000.0,0.03355,,0.5982750054085954,1214401000.0,971034000.0,1871941000.0,284114000.0,940857000.0,,657540000.0,0.18151241891440476
イーディーピー,7794,その他製品,グロース（内国株式）,2025-03-31,大阪府,6384899072.0,2.1135032,4.363817,,-158.8753446863548,0.0,0.0,-162.47,100.6,-8.478345099166848,902729000.0,-976294000.0,-2.3238099,-2306367000.0,0.0,,0.7809620249232143,958897000.0,354000000.0,2721889000.0,636289000.0,1441911000.0,,1762992000.0,0.2761190083225171
ＫＹＯＲＩＴＳＵ,7795,その他製品,スタンダード（内国株式）,2025-03-31,東京都,9346580480.0,0.53202343,,8.042601,8.318070707864969,0.2938,0.03652968,27.23,,20.709999768186286,40353108000.0,1249423000.0,0.03486,715658000.0,0.02789,0.068,0.4173949132270419,24626798000.0,14561455000.0,19329971000.0,13775317000.0,9222899000.0,3342501000.0,-2957076300.0,-0.3163805529014179
アミファ,7800,その他製品,スタンダード（内国株式）,2025-09-30,東京都,2043565824.0,0.95493734,13.760162,10.504268,-6.06356006741784,0.4035,0.0,64.45,49.2,-94.19603726649552,8842205000.0,270322000.0,0.04776,194503000.0,0.02194,0.09645,0.5833258649662942,1529627000.0,1036259000.0,3458284000.0,500665000.0,842213000.0,,1928657000.0,0.9437704317372652
ブシロード,7803,その他製品,グロース（内国株式）,2025-06-30,東京都,42585985024.0,1.6519012,8.384513,12.743506,33.86360899991674,0.0913,0.0076791807,24.64,37.45,5.650000018602937,56175627000.0,4868227000.0,0.12117,3418196000.0,0.08708,0.20836,0.4857132609871377,24575175000.0,16632840000.0,39250764000.0,11586835000.0,25042207000.0,5005088000.0,18179150600.0,0.4268810640344436
ビーアンドピー,7804,その他製品,スタンダード（内国株式）,2024-10-31,東京都,5951704064.0,1.5731138,15.408468,12.982316,9.54346403935164,0.3015,0.032193158,199.04,167.7,130.02997614391322,3536204000.0,550522000.0,0.15849,391885000.0,0.109230004,,0.8282459402102482,710500000.0,558319000.0,3800264000.0,,2983032000.0,,3089764000.0,0.5191393871024297
プリントネット,7805,その他製品,スタンダード（内国株式）,2025-08-31,鹿児島県,3370166528.0,0.8083896,,7.7816234,14.99875300152597,0.1451,0.0,89.57,,43.577621771960935,9213750000.0,563277000.0,0.04922,433039000.0,0.047,0.1089,0.5569143224965545,3317861000.0,2495046000.0,3325265000.0,1138251000.0,1526957000.0,96036000.0,74629200.0,0.02214406895919417
ＭＴＧ,7806,その他製品,グロース（内国株式）,2025-09-30,愛知県,179650101248.0,3.5201583,59.45102,22.877453,27.454693496474533,0.125,0.005055612,199.76,76.87,57.40999987480136,98810000000.0,10666000000.0,0.0465,7934000000.0,0.080299996,0.16271,0.6781207196904214,24202000000.0,19728000000.0,44804000000.0,3714000000.0,11297000000.0,3662000000.0,23165400000.0,0.12894732504503886
幸和製作所,7807,その他製品,スタンダード（内国株式）,2025-02-28,大阪府,3559701248.0,1.1625417,,8.17688,8.740563473146079,0.1144,0.014084507,104.93,,153.0400057042989,6368477000.0,797366000.0,0.1376,616203000.0,0.06823,0.14915,0.5972969649928673,1883295000.0,1818561000.0,3849238000.0,393501000.0,1687799000.0,122933000.0,2051996100.0,0.5764517741911357
シー・エス・ランバー,7808,その他製品,スタンダード（内国株式）,2025-05-31,千葉県,5919267328.0,0.5207414,,5.1125565,4.182269879667057,0.1278,0.024960998,625.91,,776.1133596672989,20673104000.0,1774657000.0,0.05506,1157929000.0,0.055180002,0.10686,0.4190748287612563,15649287000.0,7937394000.0,9569614000.0,10164977000.0,5045070000.0,311658000.0,-5861512400.0,-0.9902428924392719
壽屋,7809,その他製品,スタンダード（内国株式）,2024-06-30,東京都,12081065984.0,1.5330963,8.130435,11.005665,12.73587324985247,0.2943,0.0,135.93,184.0,218.9200062276195,16379234000.0,1656430000.0,0.037249997,1103775000.0,0.07206,0.16928,0.5995825655343777,4819001000.0,2315850000.0,8129232000.0,3066275000.0,2964420000.0,,3310231000.0,0.27400156611875354
クロスフォー,7810,その他製品,スタンダード（内国株式）,2024-07-31,山梨県,2488850432.0,1.3750495,,113.1783,-14.359444019092948,0.2692,0.0023809522,1.29,,-16.09291923959893,3413982000.0,-16478000.0,0.022869999,28391000.0,0.00603,0.01164,0.3431512708752704,3427526000.0,1545934000.0,3603377000.0,3191232000.0,958540000.0,456000.0,176170200.0,0.07078376335312062
中本パックス,7811,その他製品,スタンダード（内国株式）,2025-02-28,大阪府,17670823936.0,0.90653646,8.688274,9.766236,12.548925065119365,0.3325,0.034836065,204.48,229.85,128.4825969617802,49132185000.0,2871051000.0,0.06802,2010130000.0,0.03663,0.0954,0.48317500946541037,19661001000.0,16220726000.0,24714356000.0,8275336000.0,7642338000.0,1111226000.0,5831213200.0,0.3299910191578743
クレステック,7812,その他製品,スタンダード（内国株式）,2024-06-30,静岡県,6058029568.0,0.71245784,,8.323618,6.347252347727557,0.3165,0.038287155,240.16,,276.418857802112,19066764000.0,1180956000.0,0.11224,910732000.0,0.05481,0.11948,0.4136567079127773,10540414000.0,6712268000.0,11305286000.0,6913232000.0,5682722000.0,109505000.0,841525500.0,0.13891076142070094
プラッツ,7813,その他製品,スタンダード（内国株式）,2024-06-30,福岡県,2677566720.0,0.8744502,7.674419,14.47104,10.83758583150837,0.32900003,0.02252816,54.73,103.2,62.84903727887711,6387477000.0,37488000.0,-0.01171,65675000.0,0.01777,0.048410002,0.5091617029088981,3079920000.0,1705947000.0,4340445000.0,2098754000.0,2055932000.0,1057946000.0,2001087200.0,0.7473528801553075
日本創発グループ,7814,その他製品,スタンダード（内国株式）,2024-12-31,東京都,36609138688.0,2.1495569,,12.51214,10.407162988982133,0.2184,0.017810881,61.78,,50.93626873552947,80100000000.0,4351000000.0,0.00449,2871000000.0,0.02868,0.14679,0.20451912706549671,59111000000.0,44367000000.0,34857000000.0,42975000000.0,12244000000.0,5745000000.0,-20232500000.0,-0.5526625516221705
東京ボード工業,7815,その他製品,スタンダード（内国株式）,2025-03-31,東京都,982322112.0,0.6655299,,,-2.735303701722288,0.0,0.0,-43.13,,-369.24601804328057,7733749000.0,-32852000.0,-0.029460002,293126000.0,-0.01469,-0.03751,0.12335379432654123,10123559000.0,7089259000.0,4765693000.0,7422797000.0,1776880000.0,112001000.0,-5279465300.0,-5.374474661118083
パラマウントベッドホールディングス,7817,その他製品,プライム（内国株式）,2025-03-31,東京都,196580327424.0,1.4317576,18.053053,21.645157,13.522623193431087,0.3025,0.013980028,161.93,194.15,182.60999922981284,108583000000.0,12977000000.0,0.06279,9083000000.0,0.0858,0.0671,0.7500641981784109,45744000000.0,25759000000.0,94531000000.0,6805000000.0,34943000000.0,21682000000.0,63964400000.0,0.3253855603874162
トランザクション,7818,その他製品,プライム（内国株式）,2025-08-31,東京都,63707959296.0,3.2399921,7.237728,15.927704,13.742449504219017,0.8043,0.025401069,70.82,155.85,64.69905338550652,27453452000.0,5706383000.0,0.21316999,4078402000.0,0.14854,0.2157,0.8262548411808622,4134817000.0,3475403000.0,15731915000.0,434606000.0,6558981000.0,4652600000.0,14853918000.0,0.23315639308089758
粧美堂,7819,その他製品,スタンダード（内国株式）,2025-09-30,東京都,11501481984.0,1.5528337,,11.779009,8.918064788711188,0.3782,0.032482598,74.03,,58.59040878295183,22122189000.0,1469488000.0,0.04835,977908000.0,0.044159997,0.14238,0.45452307993189495,8510634000.0,5959770000.0,12158913000.0,5072863000.0,4729946000.0,1465115000.0,4673859500.0,0.4063701970321671
ニホンフラッシュ,7820,その他製品,プライム（内国株式）,2025-03-31,徳島県,19024650240.0,0.6629491,3.1932774,,16.172832012022614,0.86980003,0.06352941,-119.13,261.8,56.0409393709419,23976557000.0,5619712000.0,0.07374,-2792491000.0,-0.113929994,-0.097320005,0.7140109992833255,11272650000.0,10250191000.0,25638713000.0,2033659000.0,10450626000.0,2405901000.0,16050193700.0,0.843652498076096
前田工繊,7821,その他製品,プライム（内国株式）,2025-06-30,福井県,131849469952.0,1.87358,15.278211,14.069993,13.84632671375214,0.1861,0.01315124,139.73,128.68,117.07999985854728,64108000000.0,12032000000.0,0.18072,9489000000.0,0.14544,0.14595,0.7870835681183086,18515000000.0,12713000000.0,54862000000.0,3869000000.0,22270000000.0,935000000.0,37001500000.0,0.28063442358524804
永大産業,7822,その他製品,スタンダード（内国株式）,2025-03-31,大阪府,10518501376.0,0.23576681,,33.286713,3.831924629838008,1.3986,0.04310345,7.15,,72.83566249442843,71202000000.0,-293000000.0,0.00028,-29000000.0,0.0043599997,-0.01007,0.4987826047748946,46923000000.0,21729000000.0,46443000000.0,24517000000.0,7740000000.0,5957000000.0,3689900000.0,0.35080092382924644
アートネイチャー,7823,その他製品,スタンダード（内国株式）,2025-03-31,東京都,26256062464.0,0.9590557,,25.409836,16.502110972739743,0.8836,0.017326733,31.72,,44.39999990281806,43340000000.0,2182000000.0,0.10144,821000000.0,0.02398,0.03852,0.5443455855710777,22625000000.0,13510000000.0,27870000000.0,,18163000000.0,2092000000.0,6709400000.0,0.2555371739079056
フルヤ金属,7826,その他製品,プライム（内国株式）,2025-06-30,東京都,95355035648.0,1.4783953,9.718952,14.79335,13.804175305751833,0.36580002,0.026928471,262.28,399.22,301.7913331638252,57379000000.0,9538000000.0,0.14702,6468000000.0,0.10751,0.11407,0.5208777368726991,59285000000.0,46552000000.0,99708000000.0,29190000000.0,13047000000.0,52000000.0,40459400000.0,0.4243027096057575
オービス,7827,その他製品,スタンダード（内国株式）,2024-10-31,広島県,2914898944.0,0.51031137,,6.8750525,3.4055160801761764,0.2804,0.037523452,238.98,,432.54327578405787,11444106000.0,580018000.0,0.037,434972000.0,0.03331,0.075729996,0.43400375986313994,7052329000.0,2980044000.0,6375531000.0,4778325000.0,875548000.0,188658000.0,-544737400.0,-0.18688037234405064
ウイルコホールディングス,7831,その他製品,スタンダード（内国株式）,2024-10-31,石川県,2213829888.0,0.9865825,,,1634.6488749694824,0.0,0.022988506,-8.08,,0.08130742336775347,8600000000.0,-213000000.0,-0.113809995,-436000000.0,-0.111820005,-0.38026002,0.38405251264392554,5724000000.0,3442000000.0,4556000000.0,2080000000.0,2517000000.0,947000000.0,-505100000.0,-0.22815664506919875
バンダイナムコホールディングス,7832,その他製品,プライム（内国株式）,2025-03-31,東京都,2718301159424.0,3.2318249,24.713083,21.362434,17.835936553288025,0.1731,0.019672908,196.56,169.91,153.84999995331125,1241513000000.0,180229000000.0,0.15597999,129301000000.0,0.10007,0.15993,0.7190523436564741,309421000000.0,278607000000.0,704942000000.0,,388460000000.0,173350000000.0,516866000000.0,0.19014302304514427
アイフィスジャパン,7833,その他製品,スタンダード（内国株式）,2024-12-31,東京都,6619035648.0,1.1479427,,14.812419,11.849780869648448,0.42069998,0.029279279,46.38,,46.49119916402991,5859006000.0,677952000.0,0.100839995,422037000.0,0.06448,0.07682,0.8257927711966352,1196180000.0,927814000.0,5608895000.0,5808000.0,4899154000.0,2754000.0,4414642800.0,0.6669616292720713
アビックス,7836,その他製品,スタンダード（内国株式）,2025-03-31,神奈川県,3126531584.0,1.7564634,,15.532286,41.526893174889565,0.0,0.0,5.73,,2.287674148892133,4347136000.0,268808000.0,0.067140006,181617000.0,0.041139998,0.123059995,0.5448826313793731,1445793000.0,1003136000.0,2566492000.0,378257000.0,661416000.0,56098000.0,1159967600.0,0.37100779852540905
アールシーコア,7837,その他製品,スタンダード（内国株式）,2025-03-31,東京都,1539719936.0,0.6761645,,,0.9090797968153665,0.0,0.0,-96.82,,501.60613138410037,10990391000.0,-491487000.0,0.00106,-530768000.0,-0.03574,-0.15965,0.3695867951594546,4088316000.0,2648343000.0,4948543000.0,818588000.0,3107633000.0,,860227000.0,0.5586905643598811
ＳＨＯＥＩ,7839,その他製品,プライム（内国株式）,2025-09-30,東京都,94533050368.0,2.966381,12.645197,15.1197605,15.702243754669922,0.4991,0.033575825,120.24,143.77,139.89999969469667,32363623000.0,8899160000.0,0.23273,6318367000.0,0.19522,0.20454,0.8513902476484846,5612305000.0,4926602000.0,29609874000.0,467193000.0,19941931000.0,,23997569000.0,0.2538537464577925
フランスベッドホールディングス,7840,その他製品,プライム（内国株式）,2025-03-31,,44419002368.0,1.1343532,,19.003426,14.016495439710042,0.5715,0.030372057,70.04,,86.85000090341737,60561000000.0,4697000000.0,0.06713,2946000000.0,0.04405,0.0687,0.572819094910281,30282000000.0,15546000000.0,38483000000.0,17208000000.0,7223000000.0,326000000.0,8429200000.0,0.1897656307128703
遠藤製作所,7841,その他製品,スタンダード（内国株式）,2024-12-31,新潟県,11243171840.0,0.4999187,,11.881096,9.982033053115027,0.37150002,0.0330033,107.65,,87.16475664865418,17416558000.0,1546863000.0,0.05889,1118395000.0,0.04295,0.034930002,0.8383764283253844,4280097000.0,3049283000.0,17166328000.0,175000000.0,9761585000.0,791004000.0,13439933800.0,1.1953863190265
マーベラス,7844,情報・通信業,プライム（内国株式）,2025-03-31,東京都,30710595584.0,1.1939441,16.9,33.267715,-79.54388506996435,0.65529996,0.019569471,15.24,30.0,-8.541009408871783,27963000000.0,1817000000.0,-0.00139,818000000.0,0.026129998,0.036310002,0.7945172172750206,6716000000.0,6551000000.0,22636000000.0,,7880000000.0,,15920000000.0,0.5183878624709645
パイロットコーポレーション,7846,その他製品,プライム（内国株式）,2024-12-31,東京都,181643460608.0,1.2920997,12.617571,13.528564,11.382787434034494,0.3437,0.025941422,360.94,387.0,346.29140686783995,126168000000.0,17806000000.0,0.084630005,15181000000.0,0.109060004,0.09852,0.7914499634976598,35124000000.0,32748000000.0,108294000000.0,855000000.0,39977000000.0,8937000000.0,79425900000.0,0.43726264482158794
グラファイトデザイン,7847,その他製品,スタンダード（内国株式）,2025-02-28,埼玉県,4222029824.0,2.0257845,23.417267,21.707235,29.427710208518384,1.0002999,0.007898894,29.99,27.8,27.032703307366276,3074054000.0,534450000.0,0.19444,376830000.0,0.15354,0.34506,0.7434102955907946,1740498000.0,944026000.0,5052667000.0,756135000.0,3967417000.0,158681000.0,3423245700.0,0.8108056652136051
スターツ出版,7849,情報・通信業,スタンダード（内国株式）,2024-12-31,東京都,14360040448.0,1.384498,7.363654,9.450411,7.137112288230863,0.3032,0.0,395.75,507.9,463.0542757156664,8581520000.0,2338260000.0,0.19664,1826592000.0,0.1822,0.14828,0.8151796764331866,2214370000.0,2021745000.0,10615845000.0,,6219450000.0,180375000.0,8527737500.0,0.5938519136405151
総合商研,7850,その他製品,スタンダード（内国株式）,2025-07-31,北海道,2603468800.0,0.8215426,,8.143353,9.44037211463603,0.1877,0.022883296,106.59,,91.51729676908936,16236035000.0,351172000.0,0.020750001,319659000.0,0.02116,0.114989996,0.3931326378524558,4809148000.0,2931515000.0,3484448000.0,2830433000.0,1298768000.0,989803000.0,-631837900.0,-0.24269079007207614
カワセコンピュータサプライ,7851,その他製品,スタンダード（内国株式）,2025-03-31,東京都,1186769664.0,0.48109746,,12.700803,-9.289061192491417,0.1507,0.0,19.92,,-24.244467641993896,2831270000.0,79111000.0,0.01176,100114000.0,0.03259,0.03876,0.6984528151131449,1031823000.0,712930000.0,1635638000.0,606807000.0,1112016000.0,814726000.0,1174123200.0,0.9893437923266634
萩原工業,7856,その他製品,プライム（内国株式）,2024-10-31,岡山県,23954124800.0,0.7785359,,13.831247,6.654307958045679,0.525,0.03796729,123.85,,223.08982875622,33118244000.0,2097568000.0,0.01712,1518253000.0,0.05619,0.05982,0.6827876125397082,13484296000.0,8798175000.0,21948716000.0,5447154000.0,5600521000.0,515436000.0,8825225200.0,0.36842194292984565
セキ,7857,その他製品,スタンダード（内国株式）,2025-03-31,愛媛県,5590024704.0,0.35404554,,49.8329,14.634747274057965,0.96730006,0.019504877,26.93,,87.70135613426952,12302163000.0,224345000.0,-0.03906,280418000.0,0.00931,0.00767,0.8289466613107732,2958534000.0,1942998000.0,7631013000.0,216000000.0,4261345000.0,4804270000.0,8035468000.0,1.4374655615117653
アルメディオ,7859,その他製品,スタンダード（内国株式）,2025-03-31,東京都,3426084096.0,0.4540868,,,8.733026559792494,0.0,0.0,-9.03,,123.43945052946393,5800748000.0,867137000.0,-0.39192,476399000.0,-0.048499998,-0.02236,0.846927395749545,1483212000.0,1014682000.0,7514795000.0,545316000.0,4100312000.0,,6031583000.0,1.7604888937320469
エイベックス,7860,情報・通信業,プライム（内国株式）,2025-03-31,東京都,52789223424.0,1.0672901,8.625,124.448906,55.47331901643855,5.01,0.03984064,9.98,144.0,21.82999981642452,131691000000.0,-1815000000.0,-0.010829999,1138000000.0,0.00265,0.00983,0.4728954322385806,54849000000.0,52834000000.0,77774000000.0,3000000.0,35690000000.0,9839000000.0,29812300000.0,0.5647421588408172
平賀,7863,その他製品,スタンダード（内国株式）,2025-03-31,東京都,3004343552.0,2.787328,,15.601671,4.588026297146636,0.5968,0.004816956,66.98,,195.91534308614746,9792084000.0,365293000.0,0.026770001,311887000.0,0.03014,0.21535,0.5753620104758114,3057481000.0,2334325000.0,3981806000.0,592440000.0,2256130000.0,687355000.0,1405473500.0,0.4678138420835301
フジシールインターナショナル,7864,その他製品,プライム（内国株式）,2025-03-31,大阪府,169509470208.0,1.1426321,16.502335,10.913584,10.155953589249945,0.2504,0.023137877,291.38,192.7,187.76999930917742,212345000000.0,18844000000.0,0.10356,12199000000.0,0.07229,0.10696,0.6923344549189313,64553000000.0,56220000000.0,133075000000.0,9739000000.0,34394000000.0,3530000000.0,70993000000.0,0.4188143583534691
ピープル,7865,その他製品,スタンダード（内国株式）,2025-01-31,東京都,1614634496.0,0.8226025,,21.227365,13.672751268062093,0.0,0.14285715,19.88,,71.52912978710368,1915624000.0,-49514000.0,0.1236,-72002000.0,0.07372,0.15435,0.9254029838284638,171543000.0,132822000.0,1968800000.0,,1441110000.0,52643000.0,1834107100.0,1.1359271120143342
タカラトミー,7867,その他製品,プライム（内国株式）,2025-03-31,東京都,253087842304.0,2.3181221,13.22266,15.872353,24.91955947386573,0.3793,0.024096385,179.4,215.35,107.64999995225556,250235000000.0,24871000000.0,0.10429,16350000000.0,0.06224,0.15435,0.641835072691078,59373000000.0,50933000000.0,114402000000.0,10802000000.0,56163000000.0,3890000000.0,57752000000.0,0.22818954665799543
広済堂ホールディングス,7868,その他製品,プライム（内国株式）,2025-03-31,東京都,66835632128.0,1.3629239,10.949074,16.355463,21.557971649529264,0.4405,0.029107142,28.92,43.2,29.22260274508072,38302000000.0,8302000000.0,0.16099001,4462000000.0,0.108380005,0.083900005,0.6181575779541012,29319000000.0,16234000000.0,38021000000.0,22593000000.0,11713000000.0,1758000000.0,9932600000.0,0.1486123446992709
フクビ化学工業,7871,化学,スタンダード（内国株式）,2025-03-31,福井県,18408226816.0,0.49088615,,11.538462,10.045485164337014,0.35979998,0.03104925,80.6,,85.6097238578977,39973000000.0,1550000000.0,0.03399,1466000000.0,0.04003,0.04374,0.6873978623889401,15718000000.0,13394000000.0,35454000000.0,1078000000.0,14184000000.0,5845000000.0,23827500000.0,1.2943940901081084
エステールホールディングス,7872,その他製品,スタンダード（内国株式）,2025-03-31,東京都,6307496960.0,0.58203334,,,-6.646167775295363,2.8571,0.045302015,-62.31,,-93.2469759024669,31271000000.0,189000000.0,0.02174,-345000000.0,-0.02082,-0.05365,0.3986543032169518,17637000000.0,10087000000.0,23921000000.0,9602000000.0,5112000000.0,226000000.0,6442200000.0,1.0213560213907737
レック,7874,化学,プライム（内国株式）,2025-03-31,東京都,33939505152.0,0.9337631,13.337621,15.944035,49.52365129981405,0.3076,0.019175455,65.04,77.75,22.659999882145225,66304000000.0,2711000000.0,0.07052,1729000000.0,0.0308,0.059759997,0.3873586741369477,53377000000.0,9777000000.0,55449000000.0,46339000000.0,29955000000.0,9026000000.0,8390200000.0,0.2472104399408304
竹田ｉＰホールディングス,7875,その他製品,スタンダード（内国株式）,2025-03-31,愛知県,9365920768.0,0.5009274,,6.736842,7962.371420704789,0.2467,0.03713768,166.25,,0.10299938817637223,34198000000.0,1380000000.0,0.03258,1248000000.0,0.04078,0.077010006,0.5780614837398373,13146000000.0,9261000000.0,15617000000.0,2594000000.0,6986000000.0,2872000000.0,4481400000.0,0.47847938403572027
永大化工,7877,化学,スタンダード（内国株式）,2025-03-31,大阪府,2239986688.0,0.31691942,,8.038671,11.109833958501186,0.2206,0.02748763,226.53,,135.0812030075188,8857662000.0,290779000.0,0.043270003,185232000.0,0.03276,0.041739997,0.7312571270452857,2647536000.0,1482400000.0,5813964000.0,1123433000.0,2382204000.0,234512000.0,3330586400.0,1.486877764873574
光・彩,7878,その他製品,スタンダード（内国株式）,2025-01-31,山梨県,1556260096.0,1.3774943,,22.837067,20.579218208355286,0.5487,0.0101936795,45.54,,61.466848956976015,3930970000.0,149404000.0,-0.05922,88402000.0,-0.07572,-0.15696,0.48419416524832226,1550436000.0,1467036000.0,2324658000.0,1071818000.0,685476000.0,172147000.0,894724900.0,0.5749199007927271
ノダ,7879,その他製品,スタンダード（内国株式）,2024-11-30,東京都,10677129216.0,0.3221534,,,6.321125753548615,0.4322,0.05637982,-212.12,,176.53339199609556,67039445000.0,444654000.0,-0.00195,-4612224000.0,-0.04837,-0.075229995,0.45171595445977497,35260132000.0,25535092000.0,47180184000.0,12731092000.0,22137964000.0,9302231000.0,18431613700.0,1.7262705477404612
サンメッセ,7883,その他製品,スタンダード（内国株式）,2025-03-31,岐阜県,5664994304.0,0.44349203,,16.26984,21.818579883113596,0.3527,0.021917809,22.68,,16.596816083332342,16436392000.0,135107000.0,-0.0498,332274000.0,0.021170001,0.028450001,0.6001102984745105,7773175000.0,4972615000.0,7488970000.0,1580000000.0,3014211000.0,4201538000.0,2656871600.0,0.46899810616296783
タカノ,7885,その他製品,スタンダード（内国株式）,2025-03-31,長野県,12238150656.0,0.3820721,24.437689,16.275303,25.765284497370427,0.405,0.025252525,49.4,32.9,39.500038760759395,23969636000.0,451226000.0,0.02631,520478000.0,0.02997,0.02375,0.8293930961839039,6563287000.0,5780538000.0,24405180000.0,201212000.0,8907009000.0,3607813000.0,20367362100.0,1.664251623672772
ヤマト　モビリティ　＆　Ｍｆｇ．,7886,化学,スタンダード（内国株式）,2025-03-31,埼玉県,1338984960.0,1.2352259,,,-7.900594880475289,0.0,0.0,-415.25,,-113.28260890984427,16072189000.0,202774000.0,-0.04445,-339453000.0,-0.040430002,-0.39431,0.1871371668319151,6123058000.0,3639306000.0,5863684000.0,3195235000.0,2002429000.0,45304000.0,-227661200.0,-0.1700252107387375
南海プライウッド,7887,その他製品,スタンダード（内国株式）,2025-03-31,香川県,9789434880.0,0.39797688,,6.619912,6.630300639396343,0.0983,0.016008537,1525.7,,981.0868665977249,24921443000.0,961739000.0,0.07029,101132000.0,0.05732,0.060879998,0.7514876100423867,8019644000.0,5017126000.0,17842100000.0,4210158000.0,3314660000.0,876922000.0,10436301400.0,1.0660780247204626
三光合成,7888,化学,プライム（内国株式）,2025-05-31,富山県,27557322752.0,0.83732855,7.552214,7.143986,7.423958363009232,0.18969999,0.02669633,126.54,119.7,85.68490334680574,91101000000.0,5656000000.0,0.05312,3857000000.0,0.04223,0.125,0.4232630305580392,43276000000.0,26180000000.0,40097000000.0,24199000000.0,12029000000.0,22000000.0,-3163600000.0,-0.11480070210268879
プロネクサス,7893,その他製品,プライム（内国株式）,2025-03-31,東京都,29406146560.0,1.1837299,,,16.458568947010317,2.0362,0.030901287,-23.9,,69.76000063978817,30995936000.0,208859000.0,-0.022939999,450961000.0,-0.01935,-0.0228,0.6457838572892317,13640236000.0,9127469000.0,18341356000.0,2709608000.0,12309317000.0,6084689000.0,8960402300.0,0.30471188333763105
セブン工業,7896,その他製品,スタンダード（内国株式）,2025-03-31,岐阜県,2383576320.0,0.4941324,,21.031902,-2.785350243579382,0.7874,0.0,25.39,,-175.40322580645162,15418000000.0,191000000.0,0.00622,184000000.0,-0.00052,-0.00125,0.5768598062511424,4630000000.0,3016000000.0,6782000000.0,1942000000.0,1197000000.0,26000000.0,2170200000.0,0.9104806008477211
ホクシン,7897,その他製品,スタンダード（内国株式）,2025-03-31,,3175436032.0,0.5816943,,,21.756144120894458,2.7778,0.013513514,-1.2,,5.598662373447692,10224605000.0,-68365000.0,0.0664,20343000.0,0.019,,0.42413244378494425,7906813000.0,5742460000.0,7603727000.0,5015200000.0,1683142000.0,407337000.0,-17950100.0,-0.005652798487864485
ウッドワン,7898,その他製品,スタンダード（内国株式）,2025-03-31,広島県,9280882688.0,0.20454638,,3.8949876,-4.04812371828956,0.0938,0.024742268,255.97,,-248.66515684487635,65157000000.0,1310000000.0,0.01567,1777000000.0,0.03672,0.05526,0.4378293146338119,56495000000.0,31111000000.0,29453000000.0,39929000000.0,5440000000.0,3276000000.0,-24748800000.0,-2.6666429080069847
マツモト,7901,その他製品,スタンダード（内国株式）,2025-04-30,福岡県,792441280.0,1.5150269,,,-21.383892384966224,0.0,0.0,-380.08,,-76.50618374558304,2169091000.0,-265190000.0,-1.85625,-653358000.0,-0.20047002,-0.57757,0.39565244909349306,1260420000.0,718047000.0,605736000.0,348324000.0,219842000.0,247950000.0,-481119000.0,-0.6071352062830447
ソノコム,7902,その他製品,スタンダード（内国株式）,2025-03-31,,3456620544.0,0.38003677,,14.541558,12.892989620127207,0.18360001,0.0,65.33,,67.19704856171498,2423114000.0,201970000.0,0.14441,210719000.0,0.09165,0.026400002,0.9354385066147092,614996000.0,377123000.0,5067927000.0,0.0,3767450000.0,2285377000.0,6052694900.0,1.75104406831877
ヨネックス,7906,その他製品,スタンダード（内国株式）,2025-03-31,東京都,284459073536.0,3.855345,26.829662,24.658855,10.636698196035772,0.16319999,0.00653789,134.84,123.93,102.45000057764732,138276000000.0,14180000000.0,0.064770006,10591000000.0,0.076469995,0.16227,0.6316783963633377,40125000000.0,24931000000.0,73216000000.0,11206000000.0,29478000000.0,276000000.0,33284200000.0,0.1170087478182962
きもと,7908,化学,スタンダード（内国株式）,2025-03-31,三重県,12086373376.0,0.62390876,,12.192903,30.005159043801925,0.36400002,0.031746034,21.98,,7.25887438563379,11294000000.0,1341000000.0,0.17732,989000000.0,0.08963,0.052360002,0.8172350950273366,4212000000.0,2572000000.0,16901000000.0,,12885000000.0,1185000000.0,13518500000.0,1.1184910129322816
ＴＯＰＰＡＮホールディングス,7911,その他製品,プライム（内国株式）,2025-03-31,東京都,1307445297152.0,1.0309582,17.301645,15.753961,15.64507060284784,0.2044,0.012875536,293.45,267.2,236.55890132045445,1717960000000.0,84093000000.0,0.02412,89348000000.0,0.049489997,0.06525,0.51431898777259,1096481000000.0,822884000000.0,1406905000000.0,467596000000.0,768989000000.0,310633000000.0,527867100000.0,0.4037393389611402
大日本印刷,7912,その他製品,プライム（内国株式）,2025-03-31,東京都,1246445436928.0,1.0833646,14.135419,11.616076,10.191839008091662,0.1591,0.014532244,238.85,196.28,221.53000002360506,1457609000000.0,93612000000.0,0.06353,110682000000.0,0.05466,0.06899,0.592253360294248,709062000000.0,435780000000.0,824692000000.0,175759000000.0,254995000000.0,393125000000.0,390817500000.0,0.3135456141290967
