会社名,銘柄コード,業種,優先市場,市場タイプ,決算月,都道府県,時価総額,PBR,PER(会予),PER(過去12ヶ月),PER(前年度),配当方向性,配当利回り,EPS(過去12ヶ月),EPS(予想),EPS(前年度),売上高,営業利益,営業利益率,当期純利益,純利益率,ROE,自己資本比率,負債,流動負債,流動資産,総負債,現金及び現金同等物,投資有価証券,ネットキャッシュ,ネットキャッシュ比率
レアジョブ,6096,サービス業,スタンダード（内国株式）,JP,2025-03-31,東京都,3561424640.0,1.587457,29.370079,10.9224,-24.976539869182687,0.2342,0.0,34.15,12.7,-30.485751543458445,9715742000.0,442193000.0,-0.014199999,268908000.0,0.03385,0.15573,0.3278891819684764,3959707000.0,2440109000.0,3444468000.0,2100389000.0,2552993000.0,2524000.0,-513472200.0,-0.14417606769857133
リクルートホールディングス,6098,サービス業,プライム（内国株式）,JP,2025-03-31,東京都,14923729993728.0,9.453171,35.422794,30.854248,29.55697402760773,0.0719,0.0023169601,347.44,302.63,222.90000003264836,3557478000000.0,490543000000.0,0.14045,408504000000.0,0.1344,0.30831,0.5834902454755195,1144893000000.0,802185000000.0,1470378000000.0,208940000000.0,808625000000.0,163102000000.0,439656400000.0,0.029460222088229585
エラン,6099,サービス業,プライム（内国株式）,JP,2025-12-31,長野県,43850510336.0,3.0203803,12.350937,15.843532,18.569102909322048,0.32770002,0.02097902,45.76,58.7,38.940000231192144,55448687000.0,4272707000.0,0.09765001,2767760000.0,0.05139,0.21585,0.5492691358595602,11613885000.0,11054363000.0,18535104000.0,828626000.0,6845410000.0,1160538000.0,7733595600.0,0.1763627273831507
ツガミ,6101,機械,プライム（内国株式）,JP,2025-03-31,東京都,332019466240.0,4.1526475,63.579697,20.024118,8.122053407486638,0.2384,0.012801205,356.57,112.3,228.54999775978652,,,0.30135,,0.12967,0.25518,0.4940615524798517,43192000000.0,38317000000.0,102799000000.0,11524000000.0,27729000000.0,4859000000.0,63008300000.0,0.1897729091415818
オークマ,6103,機械,プライム（内国株式）,JP,2025-03-31,愛知県,255192530944.0,1.0487078,15.670752,20.858395,22.027112564452235,0.4807,0.024009604,207.83,276.63,158.46000012723064,,,0.07299,,0.05322,0.051119998,0.7629893214563602,60104000000.0,42737000000.0,184600000000.0,10000000000.0,53079000000.0,34033000000.0,148319100000.0,0.5812047063107324
芝浦機械,6104,機械,プライム（内国株式）,JP,2025-03-31,東京都,91750408192.0,0.7740168,7.7375607,89.2775,6.90419422095054,3.2177,0.036082473,43.46,501.45,529.5599952126465,,,0.062329996,,0.00774,0.008719999,0.5870034618024418,82437000000.0,71472000000.0,151150000000.0,10135000000.0,36388000000.0,11754000000.0,76940800000.0,0.8385880947689202
アマダ,6113,機械,プライム（内国株式）,JP,2025-03-31,神奈川県,959545671680.0,1.7919806,24.101084,31.924786,13.497720317571599,0.6414,0.021331498,96.79,128.21,118.95000009132437,396670000000.0,49076000000.0,0.12847,32386000000.0,0.069860004,,0.7989216653254161,126142000000.0,106809000000.0,414511000000.0,10954000000.0,104841000000.0,18033000000.0,300992100000.0,0.3136818901731008
アイダエンジニアリング,6118,機械,プライム（内国株式）,JP,2025-03-31,神奈川県,60264427520.0,0.69556165,14.402597,14.326314,17.405969543894166,0.5039,0.0,77.41,77.0,46.949999771770834,76006000000.0,5530000000.0,0.07169,5101000000.0,0.054169998,0.050029997,0.6807312269049828,39226000000.0,33201000000.0,88927000000.0,3120000000.0,35856000000.0,10496000000.0,57048200000.0,0.9466314100647081
岡本工作機械製作所,6125,機械,スタンダード（内国株式）,JP,2025-03-31,群馬県,34901078016.0,0.8182753,6.633999,28.279148,6.158353130334655,0.85690004,0.03282051,186.71,795.9,969.8255676331999,43734000000.0,3016000000.0,0.0596,2024000000.0,0.02903,0.029660001,0.607179210825699,26242000000.0,19874000000.0,47214000000.0,11819000000.0,9899000000.0,404000000.0,21254800000.0,0.6090012460433452
ＦＵＪＩ,6134,機械,プライム（内国株式）,JP,2025-03-31,愛知県,728183996416.0,3.1347582,44.41049,46.343647,17.617900952598127,0.5034,0.011732499,178.73,186.51,119.63999966475349,,,0.19556999,,0.08708999,0.06985,0.8946739312863043,25610000000.0,22256000000.0,155427000000.0,,57580000000.0,20962000000.0,144490400000.0,0.1984256736088099
牧野フライス製作所,6135,機械,プライム（内国株式）,JP,2025-03-31,東京都,331459756032.0,1.2696933,25.808214,15.787949,18.44398594143714,0.3008,0.019313306,897.52,549.05,613.1699982874628,,,0.10357001,,0.080369994,0.08607,0.6165155011620082,140389000000.0,97610000000.0,228604000000.0,57200000000.0,64055000000.0,25226000000.0,105873200000.0,0.3194149457763395
オーエスジー,6136,機械,プライム（内国株式）,JP,2025-11-30,愛知県,286698864640.0,1.5721931,18.229303,22.84779,11.076781723895683,0.3932,0.017793594,152.75,191.45,148.94000080792662,160619000000.0,20331000000.0,0.14392,14334000000.0,0.10132,0.0929,0.6754265051419691,73843000000.0,25208000000.0,148243000000.0,44956000000.0,52350000000.0,7498000000.0,79648600000.0,0.2778127499737838
小池酸素工業,6137,機械,スタンダード（内国株式）,JP,2025-03-31,東京都,31306551296.0,0.6669908,,9.04158,8.0783496986509,0.3048,0.034843206,164.02,,145.55846630150035,55206000000.0,5453000000.0,0.12093,3633000000.0,0.062280003,0.07783,0.5693985415133471,29167000000.0,22565000000.0,41686000000.0,7232000000.0,16984000000.0,11019000000.0,20232300000.0,0.6462640936941865
ダイジェット工業,6138,機械,スタンダード（内国株式）,JP,2025-03-31,大阪府,3277531392.0,0.34500524,,4.1823077,-17.62062953182563,0.2085,0.0,263.73,,-44.0724312926713,8793113000.0,219183000.0,0.14538999,205422000.0,0.08427,0.08981,0.4975815269081181,8016245000.0,3513817000.0,8394425000.0,5314332000.0,1346849000.0,1659690000.0,1539963000.0,0.4698545386197784
旭ダイヤモンド工業,6140,機械,プライム（内国株式）,JP,2025-03-31,東京都,63299497984.0,1.0179272,24.731993,32.167316,22.088784598164676,0.7331,0.0,40.88,53.17,40.562372581451704,41006000000.0,2312000000.0,0.0541,2493000000.0,0.047849998,0.03237,0.8074812379667587,12772000000.0,6640000000.0,34456000000.0,2234000000.0,14752000000.0,10778000000.0,29228600000.0,0.46175089741451053
ＤＭＧ森精機,6141,機械,プライム（内国株式）,JP,2025-12-31,東京都,517978750976.0,1.5259674,12.903793,109.32102,57.679035354726146,3.1176002,0.030955188,33.58,284.49,42.50999996682012,527195000000.0,18976000000.0,0.02489,24033000000.0,0.046479996,0.025120001,0.39182705862721745,526810000000.0,383124000000.0,347844000000.0,125676000000.0,39859000000.0,28930000000.0,-158715000000.0,-0.30641218332014913
ソディック,6143,機械,プライム（内国株式）,JP,2025-12-31,神奈川県,100710096896.0,1.7208341,88.30998,24.181751,8.802109918817873,0.3479,0.005359057,83.41,22.84,81.05999925223874,80572000000.0,4225000000.0,0.14152999,4514000000.0,0.08291,0.13653,0.5813802626930858,65106000000.0,37746000000.0,108208000000.0,36611000000.0,45064000000.0,6339000000.0,47539300000.0,0.47204105114795264
西部電機,6144,機械,スタンダード（内国株式）,JP,2025-03-31,福岡県,42534141952.0,1.2621876,,12.138109,11.711795983886718,0.36029997,0.0,233.15,,155.57762330354188,,,0.118990004,,0.089549996,0.10901,0.6634849496886513,15618000000.0,11788000000.0,23409000000.0,416000000.0,8436000000.0,5571000000.0,11690700000.0,0.2748544924967104
ＮＩＴＴＯＫＵ,6145,機械,スタンダード（内国株式）,JP,2025-03-31,埼玉県,53998342144.0,1.3413395,29.059208,15.706292,12.23713868638215,0.4023,0.0,203.74,110.12,151.88345446739942,33268000000.0,1120000000.0,0.10553,1307000000.0,0.08109,0.08885,0.6023007531242242,23815000000.0,16328000000.0,41527000000.0,8033000000.0,14907000000.0,2999000000.0,19811300000.0,0.3668871897431266
ディスコ,6146,機械,プライム（内国株式）,JP,2025-03-31,東京都,9246387208192.0,15.731649,62.64053,68.39479,69.57925849772157,0.4041,0.0063204006,1246.44,1360.94,777.2899982905251,393313000000.0,166834000000.0,0.4399,123891000000.0,0.3102,,0.7527316702518166,161387000000.0,160392000000.0,424502000000.0,,229167000000.0,3510000000.0,265572000000.0,0.028721704382519454
ヤマザキ,6147,機械,スタンダード（内国株式）,JP,2025-03-31,静岡県,745457024.0,0.7167847,,,-43.76659034910346,0.77459997,0.061349694,-81.22,,-7.441093596012486,3093870000.0,77791000.0,-0.11852,57305000.0,-0.15471,-0.29364002,0.3583665507375456,2530098000.0,1867528000.0,2183228000.0,1961237000.0,847190000.0,186145000.0,-216568500.0,-0.2905177535760935
小田原エンジニアリング,6149,機械,スタンダード（内国株式）,JP,2025-12-31,神奈川県,11694909440.0,0.6346271,11.054625,5.046166,10.636897653369795,0.1728,0.03411306,405.06,184.9,151.74999539555677,18238272000.0,3051611000.0,0.103590004,2315350000.0,0.13768,0.15281,0.7454137455395071,6328138000.0,6083726000.0,17096136000.0,,8725222000.0,615362000.0,11198751400.0,0.9575748711398316
タケダ機械,6150,機械,スタンダード（内国株式）,JP,2025-05-31,石川県,2471978752.0,0.46404713,,9.61181,7.815825030179733,0.286,0.029739777,279.76,,464.5107399346761,4890771000.0,431529000.0,0.00717,293670000.0,0.0515,0.043130003,0.6847483722513507,2401405000.0,1559083000.0,5267692000.0,1512075000.0,1478277000.0,107143000.0,2941287100.0,1.189851287200708
日東工器,6151,機械,プライム（内国株式）,JP,2025-03-31,東京都,30350100480.0,0.4971083,,14.122371,19.901190031079725,0.3491,0.0,114.57,,93.48995092209225,27256000000.0,2345000000.0,0.00861,1345000000.0,0.07857,0.036,0.8733728699046618,8423000000.0,4174000000.0,38687000000.0,1586000000.0,20305000000.0,4123000000.0,33150100000.0,1.0922566803969935
高松機械工業,6155,機械,スタンダード（内国株式）,JP,2025-03-31,石川県,5115170304.0,0.31454742,,,-9.768813573628492,0.7161,0.02096436,-9.92,,-52.183042967794655,13893000000.0,-160000000.0,0.04547,-645000000.0,-0.01289,-0.01008,0.7429693206720234,5624000000.0,3788000000.0,13404000000.0,1722000000.0,5355000000.0,1116000000.0,8561200000.0,1.673688165046088
エーワン精密,6156,機械,スタンダード（内国株式）,JP,2024-06-30,東京都,10086528000.0,1.3987225,,,,8.5106,0.0,-34.8,,,,,0.1295,,-0.09907,-0.02123,0.9152526099407611,758206000.0,210657000.0,6569229000.0,2903000.0,5917303000.0,873002000.0,6422124400.0,0.6367031747693557
日進工具,6157,機械,スタンダード（内国株式）,JP,2025-03-31,東京都,20382439424.0,1.1765392,5.024602,14.9913645,17.250713809810794,0.518,0.0,57.9,172.75,52.58999928104535,9431090000.0,1767267000.0,0.26738,1264700000.0,0.15189,0.07953,0.9234766880404134,1526021000.0,1301067000.0,13791530000.0,,9868215000.0,660233000.0,12727672100.0,0.6244430234888061
和井田製作所,6158,機械,スタンダード（内国株式）,JP,2025-03-31,岐阜県,6287546368.0,0.59507346,,22.762693,9.201233035698781,0.80300003,0.03628602,42.35,,112.23999369256208,7554307000.0,709373000.0,0.05723,435087000.0,0.041300002,0.02476,0.8146708398282756,2247052000.0,1478558000.0,8794513000.0,744230000.0,4812270000.0,410023000.0,6834477100.0,1.0869863536567401
ミクロン精密,6159,機械,スタンダード（内国株式）,JP,2025-08-31,山形県,9186411520.0,0.64752316,,14.118482,,0.0887,0.0062877266,140.95,,,5782372000.0,629600000.0,-0.0058,782936000.0,0.13656001,0.046919998,0.8738948406666254,1931363000.0,1473713000.0,11054380000.0,329300000.0,6725372000.0,1831389000.0,10404989300.0,1.132650031772145
エスティック,6161,機械,スタンダード（内国株式）,JP,2025-03-31,大阪府,10286836736.0,0.91224176,9.304003,8.844704,7.675237667280686,0.2485,0.0,116.68,110.92,113.98999842304796,7881304000.0,1637412000.0,0.24248,1181838000.0,0.14478,0.107200004,0.8608468132697182,1485826000.0,1160544000.0,8421127000.0,35302000.0,3360567000.0,277427000.0,7129499900.0,0.693070190863385
パンチ工業,6165,機械,スタンダード（内国株式）,JP,2025-03-31,東京都,14676752384.0,0.6359631,5.2667985,17.23246,-17.66922927004915,0.6322,0.03857988,30.93,101.2,-23.59725175854736,40822000000.0,1686000000.0,0.03872,868000000.0,0.02021,0.0379,0.6674855929633,10936000000.0,8668000000.0,23518000000.0,3101000000.0,6495000000.0,1248000000.0,13455600000.0,0.9167968258883177
中村超硬,6166,機械,グロース（内国株式）,JP,2025-03-31,大阪府,6160682496.0,5.6159453,6.983135,22.288677,25.821849472761905,0.0,0.0,25.08,80.05,13.081419219974704,2640960000.0,7776000.0,-0.19664,-32793000.0,0.099709995,0.2881,0.15308051561966046,4535347000.0,3291986000.0,2458717000.0,2923515000.0,1308830000.0,1572000.0,-2075529600.0,-0.33689929668467694
冨士ダイス,6167,機械,プライム（内国株式）,JP,2025-03-31,東京都,18991296512.0,0.92909116,15.823817,33.402203,17.817938569172114,1.3778999,0.0,29.04,61.3,35.703219730455295,16595000000.0,488000000.0,0.082370006,426000000.0,0.03284,0.02782,0.8103347263992501,4856000000.0,3395000000.0,14909000000.0,68000000.0,6945000000.0,183000000.0,10181100000.0,0.53609294097256
土木管理総合試験所,6171,サービス業,スタンダード（内国株式）,JP,2025-12-31,長野県,5446439424.0,1.0321085,12.082019,11.274653,11.515269559972426,0.3534,0.031578947,33.97,31.7,25.5,7695661000.0,670179000.0,0.1357,482989000.0,0.07053,0.11121,0.7038353496655632,2177465000.0,1421704000.0,4313381000.0,612194000.0,2223659000.0,345615000.0,2377846500.0,0.4365873398907007
アクアライン,6173,サービス業,グロース（内国株式）,JP,2025-02-28,広島県,137471904.0,0.91375554,0.08547008,,-4.390073046373135,0.0,0.0,-96.85,152.1,-123.68814693154144,3462536000.0,-399566000.0,-0.36,-346761000.0,-0.38549998,,-0.5339760633436745,1258882000.0,1186155000.0,727264000.0,452784000.0,74428000.0,,-531618000.0,-3.867102909988066
ブランジスタ,6176,サービス業,スタンダード（内国株式）,JP,2025-09-30,東京都,13298216960.0,1.9448912,17.050093,6.2267094,15.139941868633525,0.0,0.0,147.59,53.9,44.38655666753664,5196705000.0,1151711000.0,0.27371,656915000.0,0.40296,0.37813,0.6791563758670207,2691830000.0,1166864000.0,3756008000.0,758734000.0,1767883000.0,4759112000.0,4395556400.0,0.3305372752769406
ＡｐｐＢａｎｋ,6177,サービス業,グロース（内国株式）,JP,2025-12-31,東京都,1993079424.0,2.2961113,,,-4.794779457051766,0.0,0.0,-29.27,,-19.187535281668477,1242240000.0,-170889000.0,-0.1875,-519247000.0,-0.41787,,0.7491477969910161,307677000.0,263676000.0,933517000.0,80531000.0,735756000.0,,625840000.0,0.31400655310763975
日本郵政,6178,サービス業,プライム（内国株式）,JP,2025-03-31,東京都,6413837402112.0,0.6602335,18.360378,17.70196,12.887990206648672,0.3872,0.02157032,129.11,124.48,119.29999998387072,,,0.07849,,0.03273,0.0468,0.03058912204080548,281860113000000.0,,,3418135000000.0,67122254000000.0,191554546000000.0,,
ＧＭＯメディア,6180,サービス業,グロース（内国株式）,JP,2025-12-31,東京都,6485390336.0,2.275908,,10.1960125,13.56787882903471,0.6803,0.0,354.06,,316.8399244490336,7115026000.0,901387000.0,0.112229995,646884000.0,-0.02829,-0.04723,0.49938932644980905,3159796000.0,3128805000.0,4997651000.0,20711000.0,1782944000.0,199384000.0,1977423800.0,0.30490436158074297
タメニー,6181,サービス業,グロース（内国株式）,JP,2025-03-31,東京都,3237737216.0,12.605042,3.9344263,,802.5350752378207,0.0,0.0,-7.37,18.3,0.13208145446924957,5909037000.0,-56208000.0,0.02776,-848709000.0,-0.042290002,-1.22481,-0.19358259004746797,4284459000.0,2344093000.0,2292032000.0,3406062000.0,1375950000.0,,-1992427000.0,-0.6153763777226817
メタリアル,6182,サービス業,グロース（内国株式）,JP,2026-02-28,東京都,5465560064.0,2.7232435,21.271187,113.83221,,0.0,0.0,4.41,23.6,,4487157000.0,214005000.0,0.085080005,48201000.0,0.0107,0.02422,0.42940826256253034,2668160000.0,1689780000.0,3592764000.0,1509143000.0,2904477000.0,57887000.0,965124900.0,0.17658298302437245
ベルシステム２４ホールディングス,6183,サービス業,プライム（内国株式）,JP,2026-02-28,東京都,101630050304.0,1.3747163,11.74096,12.414858,10.903725204401741,0.5452,0.0433213,110.11,116.43,108.11999977087153,145826000000.0,12652000000.0,0.069409996,8181000000.0,0.0561,0.11481,0.43532896402682825,95039000000.0,45790000000.0,29717000000.0,48738000000.0,7194000000.0,6823000000.0,-60545900000.0,-0.5957480077879781
鎌倉新書,6184,サービス業,プライム（内国株式）,JP,2026-01-31,東京都,19650000896.0,3.4797199,16.391752,23.256948,27.29773328955568,0.9761,0.0,20.51,29.1,18.540000014564402,8335519000.0,1161950000.0,0.13784,765145000.0,0.1434,0.16489,0.7748176439050591,1751548000.0,1380390000.0,5796121000.0,54214000.0,4204668000.0,316109000.0,4265849300.0,0.21709155753109233
ＳＭＮ,6185,サービス業,スタンダード（内国株式）,JP,2025-03-31,東京都,5412002304.0,1.2274742,,12.428619,20.21617931755471,0.0,0.0,29.77,,20.033459024985913,,,0.081,,0.035150003,0.10347,0.6674631844601385,1982930000.0,1860009000.0,4377902000.0,76005000.0,2476134000.0,,2394972000.0,0.4425297450871152
一蔵,6186,サービス業,スタンダード（内国株式）,JP,2025-03-31,埼玉県,2067584256.0,0.76266456,2.4333117,,4.705227803158844,0.36400002,0.03763441,-260.92,153.7,114.1289710259452,19932772000.0,123353000.0,0.03802,-96945000.0,-0.074099995,-0.40666,0.21882792487553268,15624093000.0,12840905000.0,10289794000.0,5973691000.0,4766169000.0,100000000.0,-5264299000.0,-2.5461109914739066
グローバルキッズＣＯＭＰＡＮＹ,6189,サービス業,スタンダード（内国株式）,JP,2025-09-30,東京都,8929485824.0,1.1201247,,25.489664,23.27438312874222,1.0878,0.021436227,36.76,,27.139999567456258,26997000000.0,858000000.0,0.04167,72000000.0,0.01171,0.043959998,0.38438154091498056,12353000000.0,4805000000.0,6612000000.0,6687000000.0,2641000000.0,27000000.0,-5722100000.0,-0.6408095732254336
フェニックスバイオ,6190,サービス業,グロース（内国株式）,JP,2025-03-31,広島県,1546674432.0,0.9965436,,12.329657,69.53344131473197,0.0,0.0,30.82,,6.975061076075974,1541388000.0,-142075000.0,0.041100003,-448933000.0,0.07987,0.08573,0.5974624366943766,919936000.0,566623000.0,1717435000.0,565364000.0,1149390000.0,9397000.0,804076900.0,0.519874695904975
エアトリ,6191,サービス業,プライム（内国株式）,JP,2025-09-30,東京都,17724729344.0,1.0543096,8.906565,6.5372915,14.122546943807816,0.082200006,0.013140605,121.61,89.26,89.58043381761503,28104000000.0,3105000000.0,0.13241,1779000000.0,0.0837,0.17357,0.47438330170777987,15638000000.0,12363000000.0,23677000000.0,4432000000.0,12112000000.0,2307000000.0,9653900000.0,0.5446571178965812
バーチャレクス・ホールディングス,6193,サービス業,グロース（内国株式）,JP,2025-03-31,東京都,2790824192.0,1.6821103,,,13.299095596320399,0.2001,0.0,-28.75,,68.43999705727316,6488911000.0,279247000.0,0.117580004,111005000.0,-0.011770001,-0.047220003,0.4683050477723239,2013264000.0,1600083000.0,2679051000.0,1037360000.0,1365456000.0,449038000.0,980113600.0,0.35119145190497186
アトラエ,6194,サービス業,プライム（内国株式）,JP,2025-09-30,東京都,15643053056.0,3.1757824,,14.306123,29.93683499497318,0.633,0.0,49.0,,27.948969036202413,7634032000.0,1853357000.0,0.22650999,1171609000.0,0.1399,0.11271,0.7200215240811741,2020874000.0,2020872000.0,5034006000.0,500000000.0,4160593000.0,1101394000.0,3784107800.0,0.24190340507402291
ホープ,6195,サービス業,グロース（内国株式）,JP,2025-03-31,福岡県,2884244992.0,2.8264332,18.849558,11.800554,13.93596999217154,0.0,0.0,18.05,11.3,15.929999858259409,3140691000.0,291628000.0,0.15561,358008000.0,-0.23807,,0.5385590190874882,995272000.0,965159000.0,1804876000.0,139720000.0,977609000.0,5792000.0,813658400.0,0.2821044683294366
ストライクグループ,6196,サービス業,プライム（内国株式）,JP,2025-09-30,東京都,73104916480.0,3.6697407,3.5653079,15.143198,16.925249533174977,0.71550006,0.0,83.8,355.93,86.01333270077552,20314153000.0,6332320000.0,0.29642,4719993000.0,0.22891001,0.25167,0.8671965857656806,3288631000.0,3036412000.0,21150281000.0,,20149284000.0,826717000.0,18440351900.0,0.2522450306751243
ソラスト,6197,サービス業,プライム（内国株式）,JP,2025-03-31,東京都,100601741312.0,4.299419,25.957945,27.25043,21.159324215187702,0.26950002,0.00990099,40.77,42.8,24.10999996805986,137435000000.0,7017000000.0,0.05169,3960000000.0,0.026500002,0.16212,0.323580181748149,47415000000.0,22362000000.0,31166000000.0,23076000000.0,14004000000.0,409000000.0,-15962700000.0,-0.1586722037990801
キャリア,6198,サービス業,グロース（内国株式）,JP,2025-09-30,東京都,2024452992.0,1.093035,2.88381,,13.010898503508091,0.0,0.0,-9.67,83.57,29.360001532330948,14935902000.0,-9117000.0,-0.00601,-150151000.0,0.014989999,0.12938,0.42789469029790583,2451862000.0,2049769000.0,3459819000.0,914890000.0,1860624000.0,,1007957000.0,0.4978910372249335
セラク,6199,情報・通信業,スタンダード（内国株式）,JP,2025-08-31,東京都,14818248704.0,1.5852934,6.4375715,9.99911,12.039948316949998,0.1174,0.0,112.41,174.6,114.08999932156476,24776494000.0,2550693000.0,0.05978,1709688000.0,0.03891,0.15803,0.6681588485910293,4421563000.0,4283083000.0,10911126000.0,27798000.0,7765946000.0,550192000.0,6874697400.0,0.46393454026347
インソース,6200,サービス業,プライム（内国株式）,JP,2025-09-30,東京都,49049534464.0,3.9486141,10.145934,11.708099,25.344636294507527,0.501,0.042955328,49.88,57.56,39.9800002130121,14510945000.0,5978600000.0,0.40577,4130091000.0,0.27803,0.36915,0.7732201380840364,3662368000.0,3592701000.0,10200841000.0,,8191258000.0,96648000.0,6606126600.0,0.13468275840311145
豊田自動織機,6201,輸送用機器,プライム（内国株式）,JP,2025-03-31,愛知県,6144663748608.0,0.9073867,21.05339,27.472527,15.175737483740736,0.0,0.0,744.38,971.34,856.9600003909885,,,0.04244,,0.051220004,0.038340002,0.5215819545974517,4388235000000.0,1622284000000.0,3109426000000.0,1730082000000.0,378455000000.0,4081905000000.0,1578524500000.0,0.25689355261426566
豊和工業,6203,機械,スタンダード（内国株式）,JP,2025-03-31,愛知県,18686287872.0,0.8888077,15.557789,25.174824,-10.977685892560507,0.32569999,0.0,61.49,99.5,-72.42367100904508,24827000000.0,1253000000.0,0.051810004,749000000.0,0.03079,0.03727,0.5502334733194326,15315000000.0,8416000000.0,21604000000.0,7968000000.0,2917000000.0,6530000000.0,10860000000.0,0.5811748205095831
石川製作所,6208,機械,スタンダード（内国株式）,JP,2025-03-31,石川県,10902744064.0,1.7803308,,17.238659,33.406885074977154,0.19709998,0.0116959065,101.4,,39.4980286415263,16203896000.0,692602000.0,0.058229998,423589000.0,0.034479998,0.1107,0.25844544111445505,15453383000.0,13136089000.0,15992226000.0,8988328000.0,932830000.0,1414462000.0,1528966400.0,0.14023684230546385
リケンＮＰＲ,6209,機械,プライム（内国株式）,JP,2025-03-31,東京都,107209555968.0,0.66848934,,7.657277,2.5346065663922084,0.4034,0.0,520.42,,1088.8299793062743,170340000000.0,11810000000.0,0.07141,8756000000.0,0.086,0.092709996,0.6631240156132302,64376000000.0,35726000000.0,105376000000.0,19337000000.0,28021000000.0,37109000000.0,66976300000.0,0.6247232291493786
津田駒工業,6217,機械,スタンダード（内国株式）,JP,2025-11-30,石川県,5710352384.0,2.172888,4.0803285,,,0.0,0.0,-41.04,219.1,,35447000000.0,-80000000.0,-0.01931,-262000000.0,-0.00429,-0.05585,0.09686318585879228,26379000000.0,20117000000.0,17858000000.0,12129000000.0,3467000000.0,189000000.0,-8388700000.0,-1.4690336840690497
エンシュウ,6218,機械,スタンダード（内国株式）,JP,2025-03-31,静岡県,3706826752.0,0.34855038,,15.671641,-1.3857502394422812,0.2665,0.0,37.52,,-358.6479116492046,,,0.02337,,0.01228,0.02246,0.3480813095397826,19435000000.0,9420000000.0,15249000000.0,11798000000.0,4440000000.0,13000000.0,-4176900000.0,-1.1268128454469513
島精機製作所,6222,機械,プライム（内国株式）,JP,2025-03-31,和歌山県,31680921600.0,0.38471058,14.66248,37.04879,-2.2456959590835703,0.7925,0.022050716,25.21,63.7,-413.56433061969466,,,-0.072119996,,0.02555,0.010720001,0.7817816005231125,21667000000.0,17632000000.0,74205000000.0,9981000000.0,14129000000.0,6115000000.0,56818500000.0,1.7934610841624001
西部技研,6223,機械,スタンダード（内国株式）,JP,2025-12-31,福岡県,41899487232.0,1.334421,,12.50145,10.548728942871094,0.4058,0.032512773,172.46,,162.73170731707316,34322000000.0,4531000000.0,0.15948,3455000000.0,0.1071,0.13670999,0.6658505716123411,15973000000.0,14967000000.0,33207000000.0,4185000000.0,15505000000.0,524000000.0,17600800000.0,0.4200719665742758
ＪＲＣ,6224,機械,グロース（内国株式）,JP,2026-02-28,大阪府,16924855296.0,2.8990831,,12.49404,,0.3149,0.025462963,104.85,,,13746885000.0,1964064000.0,0.16150999,1423009000.0,0.103520006,0.27232,0.43866581980854635,7471569000.0,3773000000.0,8076244000.0,4385387000.0,2585441000.0,190690000.0,738158000.0,0.043613844082581635
守谷輸送機工業,6226,機械,スタンダード（内国株式）,JP,2025-03-31,神奈川県,78711840768.0,2.6432052,31.69034,19.047213,13.061229781720877,0.252,0.0,117.13,70.4,48.66000054081045,19435433000.0,4092941000.0,0.28919,2840888000.0,0.17542,0.31384,0.6682545527525938,5702754000.0,4962623000.0,12726158000.0,28438000.0,5812420000.0,1091710000.0,7787601000.0,0.09893811304646835
ＡＩメカテック,6227,機械,スタンダード（内国株式）,JP,2025-06-30,茨城県,156889104384.0,14.265604,33.534378,52.595066,121.39349042842268,0.0945,0.001910828,158.57,248.7,6.37000013397684,21005577000.0,2095320000.0,0.13387999,337742000.0,0.1114,0.33606997,0.39677492748102144,16512396000.0,12804041000.0,23649107000.0,8435304000.0,3647468000.0,,7136711000.0,0.04548888865177193
ジェイ・イー・ティ,6228,機械,スタンダード（内国株式）,JP,2025-12-31,岡山県,10566713344.0,1.0871106,,,24.49623667037037,0.0,0.0,-177.98,,41.19000047139667,14662000000.0,-1493000000.0,0.05795,-2336000000.0,-0.15932,-0.2141,0.49810373103731037,9793000000.0,5573000000.0,18103000000.0,4945000000.0,2704000000.0,,8310000000.0,0.7864318572357781
オーケーエム,6229,機械,スタンダード（内国株式）,JP,2025-03-31,滋賀県,6569502720.0,0.6111548,,8.395228,13.344974937582597,0.3095,0.0,177.72,,112.49999174479213,10438263000.0,783574000.0,0.050219998,553410000.0,0.0718,0.07563,0.7834027699121477,2851245000.0,2298227000.0,8744524000.0,802917000.0,2055771000.0,243378000.0,6063643600.0,0.9229988719755032
ＳＡＮＥＩ,6230,機械,スタンダード（内国株式）,JP,2025-03-31,大阪府,9911041024.0,0.6523426,6.4186187,8.120476,6.499159859621878,0.24,0.029357798,266.61,337.3,294.5627686979711,28465447000.0,1883799000.0,0.06052,1254463000.0,0.04201,0.082399994,0.5828050276420175,9677716000.0,6976134000.0,15618110000.0,2795547000.0,2155225000.0,484999000.0,6279893300.0,0.633626002030763
木村工機,6231,機械,スタンダード（内国株式）,JP,2025-03-31,大阪府,40163258368.0,2.8779414,14.047854,12.366053,7.909951289994406,0.2172,0.0,921.07,810.8,576.9868638830111,16042155000.0,3675847000.0,0.26125,2496235000.0,0.18290001,0.25382,0.5301548566082428,10425657000.0,4003030000.0,10689494000.0,4555534000.0,1598420000.0,67400000.0,311017000.0,0.007743818919029792
ＡＣＳＬ,6232,機械,グロース（内国株式）,JP,2025-12-31,東京都,33068189696.0,11.077369,-32.257465,,-4.964392089722678,0.0,0.0,-84.69,-53.6,-159.93901884658644,2598734000.0,-1840401000.0,-0.15347,-1363939000.0,-0.56416,-0.81375,0.3099186428147902,3909101000.0,1045413000.0,5346079000.0,2863687000.0,2018722000.0,50020000.0,1471992000.0,0.04451383681816895
ＫＬＡＳＳ,6233,機械,スタンダード（内国株式）,JP,2025-09-30,兵庫県,2033196032.0,0.64058554,6.5878377,14.079422,28.19058552352595,0.3609,0.0,27.7,59.2,14.148412062275792,9569361000.0,267516000.0,0.08411,172739000.0,0.02258,0.07316,0.31355006608329306,6713017000.0,4165280000.0,5322606000.0,3865602000.0,1308567000.0,292622000.0,-1185575600.0,-0.5831093418148083
オプトラン,6235,機械,プライム（内国株式）,JP,2025-12-31,埼玉県,155387625472.0,1.9291519,22.212717,53.181324,12.049461367133995,0.73870003,0.014229249,73.24,175.35,151.86464782753146,33861286000.0,3334561000.0,0.07311,2959661000.0,0.06279,0.02878,0.6660889408283791,28539781000.0,19881610000.0,56775671000.0,5405151000.0,31442433000.0,4182727000.0,31163798900.0,0.2005552167062077
イワキポンプ,6237,機械,プライム（内国株式）,JP,2025-03-31,東京都,72539537408.0,1.7542665,14.443463,14.9924345,13.349980181068634,0.353,0.0,218.11,226.4,202.31784409796563,45763291000.0,5845158000.0,0.11437,4468172000.0,0.10138,0.12326,0.6996349842699511,16040846000.0,12105740000.0,37405328000.0,2757011000.0,8801530000.0,2161607000.0,22877606900.0,0.3153812075106637
フリュー,6238,機械,プライム（内国株式）,JP,2025-03-31,東京都,36127916032.0,1.5291,12.247463,17.541151,15.849551658666082,0.5141,0.0,77.76,111.37,61.50065140371804,,,0.03326,,0.04602,0.08947,0.7977108961086251,5686443000.0,5362082000.0,22393180000.0,278403000.0,11733051000.0,14477000.0,16716870900.0,0.4627134010495698
ナガオカ,6239,機械,スタンダード（内国株式）,JP,2025-06-30,大阪府,9518633984.0,1.2196264,,12.559721,9.839782076825836,0.32169998,0.026819924,108.84,,166.60961909014617,8917041000.0,1519853000.0,0.09285,970374000.0,0.085710004,0.09864,0.7490058016767139,2515879000.0,2381433000.0,7700966000.0,231106000.0,2519603000.0,152200000.0,5291627000.0,0.5559229411378531
ヤマシンフィルタ,6240,機械,プライム（内国株式）,JP,2025-03-31,神奈川県,36619075584.0,1.6045636,24.408354,21.364744,23.990412838024593,0.7311,0.0,24.62,21.55,24.319999923225506,,,0.114630006,,0.082040004,0.07561,0.8490018919391442,4022968000.0,3389226000.0,14434181000.0,319533000.0,6014576000.0,,10411213000.0,0.28431119120191495
ヒラノテクシード,6245,機械,スタンダード（内国株式）,JP,2025-03-31,奈良県,27369277440.0,0.69466937,11.627009,20.829493,26.585683371588143,0.96790004,0.047323942,86.8,155.5,59.913916626813254,,,-0.022079999,,0.04067,0.03382,0.6198492250940094,23452752000.0,22505509000.0,48505434000.0,6836550000.0,11755531000.0,4481501000.0,28189732700.0,1.029977234941574
テクノスマート,6246,機械,スタンダード（内国株式）,JP,2025-03-31,大阪府,20545378304.0,0.9878296,,11.470268,7.929161267549056,0.56299996,0.0,156.23,,204.6662145137657,,,0.0137,,0.08637,0.08866,0.6018462705692575,12987355000.0,10096165000.0,25217324000.0,2000000000.0,6896070000.0,1908069000.0,13565617300.0,0.6602758586031436
日阪製作所,6247,機械,プライム（内国株式）,JP,2025-03-31,大阪府,42280644608.0,0.67078793,31.498531,12.3464365,10.938008557508686,0.42240003,0.0,130.24,51.05,85.79753971654975,38353000000.0,2931000000.0,0.066360004,3782000000.0,0.07683,0.056160003,0.7212474454937906,22678000000.0,14779000000.0,38651000000.0,5000000000.0,12914000000.0,12387000000.0,24643900000.0,0.5828648126934441
横田製作所,6248,機械,スタンダード（内国株式）,JP,2025-03-31,広島県,3266848768.0,1.047739,,9.647729,8.58537838648125,0.32869998,0.0,182.53,,146.03420544713703,2276777000.0,455938000.0,0.23417,319468000.0,0.14645,0.111990005,0.8050146427723391,707021000.0,592950000.0,2816826000.0,4534000.0,2089181000.0,,2109805000.0,0.6458226718868426
ゲームカードホールディングス,6249,機械,スタンダード（内国株式）,JP,2025-03-31,東京都,35109023744.0,0.58150625,3.3833468,10.764202,5.059521264406744,0.42990002,0.04008016,232.53,739.8,456.9030974852639,,,-0.08487,,0.1285,0.05483,0.8744292237442922,8415000000.0,6022000000.0,57430000000.0,397000000.0,11303000000.0,7434000000.0,54218800000.0,1.5442981381464869
やまびこ,6250,機械,プライム（内国株式）,JP,2025-12-31,東京都,152174280704.0,2.9657598,11.320754,10.546609,6.362905930868299,0.2551,0.006868132,352.72,328.6,386.2104329368152,174020000000.0,19723000000.0,0.042379998,14444000000.0,0.0396,0.10637,0.707862516595368,49510000000.0,33953000000.0,122878000000.0,16429000000.0,16887000000.0,5164000000.0,76982800000.0,0.5058857491808499
野村マイクロ・サイエンス,6254,機械,プライム（内国株式）,JP,2025-03-31,神奈川県,174788296704.0,4.3764706,19.435455,46.345177,23.850758015742905,0.823,0.0,98.5,234.88,209.6999979182512,96359952000.0,15372162000.0,0.13334,10199642000.0,0.067880005,0.099350005,0.3169458707823749,79769206000.0,78894628000.0,108990341000.0,53203241000.0,17330150000.0,846167000.0,29813451900.0,0.17056892516372765
エヌ・ピー・シー,6255,機械,グロース（内国株式）,JP,2025-08-31,東京都,15062313984.0,1.4911691,8.379953,19.538044,13.987888597138783,0.2717,0.013531799,36.8,85.8,77.80591377630661,9272037000.0,1920457000.0,0.12691,1325483000.0,0.10955,0.07929,0.8392194515649066,2075924000.0,1972677000.0,9649605000.0,,6421790000.0,,7573681000.0,0.5028232055210887
藤商事,6257,機械,スタンダード（内国株式）,JP,2025-03-31,大阪府,20819929088.0,0.484915,9.281716,,9.158908997973956,0.4477,0.025252525,-99.59,107.2,122.85086923448264,,,0.13668,,0.0014399999,0.0010899999,0.8797630242618018,6393000000.0,4573000000.0,32425000000.0,,21551000000.0,9719000000.0,32835300000.0,1.5771091179616605
平田機工,6258,機械,プライム（内国株式）,JP,2025-03-31,熊本県,87558799360.0,1.1420423,4.688653,14.392147,17.634033512606834,0.35259998,0.0,198.65,609.77,139.42333167095964,88483792000.0,6898152000.0,0.05804,4778142000.0,0.06404,0.08328,0.5266540484735792,61439291000.0,43295311000.0,88035288000.0,34166854000.0,12882428000.0,2738741000.0,28513115700.0,0.3256453481364868
ＰＥＧＡＳＵＳ,6262,機械,スタンダード（内国株式）,JP,2025-03-31,大阪府,12712948736.0,0.3898003,5.49121,40.19682,-169.7903696988332,2.2693,0.05859375,13.21,96.7,-2.9340253594589156,22040325000.0,1573460000.0,0.010140001,964908000.0,0.01491,0.013730001,0.7000735262576687,12754160000.0,7775074000.0,31074543000.0,6740666000.0,9456876000.0,513463000.0,18679807100.0,1.4693528219069505
マルマエ,6264,機械,プライム（内国株式）,JP,2025-08-31,鹿児島県,74614300672.0,7.006675,25.189394,44.025158,931.4683800976832,0.5223,0.008639309,60.42,105.6,0.7744729172833041,11403403000.0,2103905000.0,0.19436,1355987000.0,0.107880004,0.19094999,0.3206299020203634,17271929000.0,4623210000.0,10477608000.0,13531086000.0,4252863000.0,,-6794321000.0,-0.09105923313370487
コンバム,6265,機械,スタンダード（内国株式）,JP,2025-12-31,東京都,5033216000.0,0.84055036,,20.438408,12.534411687960716,0.3084,0.015128593,161.95,,159.3265114175434,1982229000.0,294700000.0,0.19073,248657000.0,0.12536,0.04281,0.9363157483020973,363708000.0,219992000.0,3867515000.0,,3006181000.0,538229000.0,3880567300.0,0.7709916085461065
タツモ,6266,機械,プライム（内国株式）,JP,2025-12-31,岡山県,60432740352.0,2.301035,14.557183,17.096642,7.269642658559014,0.1392,0.009189189,244.2,286.8,289.940008457589,35428641000.0,4768774000.0,0.014579999,3541412000.0,0.08253,0.111379996,0.566023417889285,19855814000.0,14393086000.0,37809969000.0,7926351000.0,16274465000.0,23924000.0,17970901800.0,0.29737029456757474
ゼネラルパッカー,6267,機械,スタンダード（内国株式）,JP,2024-07-31,愛知県,6227007488.0,0.8404653,,8.860153,,0.2755,0.0,417.6,,,,,0.09814999,,0.06901,0.09972,0.5777939659753775,5024959000.0,4588784000.0,9047356000.0,245631000.0,3057548000.0,89091000.0,4084760700.0,0.6559749137722573
ナブテスコ,6268,機械,プライム（内国株式）,JP,2025-12-31,東京都,590609973248.0,2.1546638,46.71858,40.64844,32.461936306808475,0.6451,0.016775005,123.99,107.88,84.23999973426812,307912000000.0,20725000000.0,0.098850004,15695000000.0,0.05594,0.06266,0.5860717125978737,175157000000.0,134955000000.0,256426000000.0,59796000000.0,73340000000.0,17082000000.0,93226400000.0,0.15784765619061733
三井海洋開発,6269,機械,プライム（内国株式）,JP,2025-12-31,東京都,677666029568.0,2.7862327,27.254488,11.701123,1017.7462271880186,0.17549999,9.13811e-05,847.44,363.83,3.2300146316050378,4581232000.0,303912000.0,0.07089,360677000.0,0.08456001,0.32432997,0.30504714679379125,3288530000.0,2964750000.0,2779612000.0,420283000.0,1326950000.0,15426000.0,-498119800.0,-0.0007350520437294791
レオン自動機,6272,機械,プライム（内国株式）,JP,2025-03-31,栃木県,38858731520.0,0.9022583,9.036107,9.971589,10.516710107523572,0.4018,0.0,144.31,159.25,136.71999986607645,39214430000.0,5298159000.0,0.13926,3889835000.0,0.09278,0.095340006,0.7862153637428166,10527269000.0,8867041000.0,29073703000.0,1418782000.0,15777876000.0,1953777000.0,19914077900.0,0.5124736995017587
ＳＭＣ,6273,機械,プライム（内国株式）,JP,2025-03-31,東京都,4427942461440.0,2.0935016,21.360779,26.56389,19.936224356725393,0.3788,0.015264845,2640.05,3283.12,2766.919980080951,,,0.22783001,,0.19857,0.08274999,0.9178933218200781,172462000000.0,135639000000.0,1421842000000.0,5041000000.0,655779000000.0,145267000000.0,1351066900000.0,0.3051229576187002
シリウスビジョン,6276,電気機器,スタンダード（内国株式）,JP,2025-12-31,神奈川県,1286211840.0,0.40229192,,,-8.738968740390884,0.0,0.036231883,-157.46,,-35.13000322121169,2064763000.0,-140550000.0,0.00587,-731214000.0,-0.04817,-0.06286,0.6624198233639269,791444000.0,627501000.0,2086906000.0,278730000.0,1086943000.0,331762000.0,1527695400.0,1.1877478907362569
ホソカワミクロン,6277,機械,プライム（内国株式）,JP,2025-09-30,大阪府,75377868800.0,1.0651406,11.111111,24.816532,11.279774756596522,0.6039,0.025227044,207.12,462.6,370.8900004067826,77994000000.0,7051000000.0,0.049990002,4527000000.0,0.03837,0.04512,0.6542916658555104,35516000000.0,28920000000.0,67013000000.0,1285000000.0,31942000000.0,2947000000.0,33559900000.0,0.4452221923260319
ユニオンツール,6278,機械,プライム（内国株式）,JP,2025-12-31,東京都,507813429248.0,5.583319,68.658264,74.85344,16.091826162170374,0.3532,0.005097879,353.09,384.95,305.8176555716353,40165000000.0,8728000000.0,0.28157,6114000000.0,0.16794,0.09516,0.9069748985283781,8205000000.0,6681000000.0,45673000000.0,,16433000000.0,10582000000.0,44875400000.0,0.08836985675320586
瑞光,6279,機械,プライム（内国株式）,JP,2026-02-28,大阪府,23246921728.0,0.6532427,3.6968193,12.016648,-36.98575783951151,0.1611,0.01343785,74.48,242.1,-29.41111119172601,21170251000.0,162723000.0,-0.09505,1972695000.0,0.09315,0.055159997,0.6917141166241596,16116222000.0,8794195000.0,32702210000.0,6225942000.0,13403212000.0,1284485000.0,17485127500.0,0.7521480781233867
オイレス工業,6282,機械,プライム（内国株式）,JP,2025-03-31,神奈川県,79346343936.0,0.99544317,,15.885946,11.589183228975195,0.4948,0.031704586,171.85,,177.79000273438166,67604000000.0,6948000000.0,0.10586,6308000000.0,0.07263,0.06408,0.8160045415109093,16517000000.0,13496000000.0,59319000000.0,1358000000.0,25203000000.0,7545000000.0,48083500000.0,0.60599515509856
日精エー・エス・ビー機械,6284,機械,プライム（内国株式）,JP,2025-09-30,長野県,138517381120.0,2.2416718,22.492699,16.274195,12.225003477972678,0.35209998,0.022650057,567.77,410.8,385.52000471243,43654000000.0,10641000000.0,0.30866,7740000000.0,0.18597001,0.14529,0.7512438445640803,19442000000.0,12891000000.0,61477000000.0,6117000000.0,32469000000.0,775000000.0,42577500000.0,0.30738019774655123
靜甲,6286,機械,スタンダード（内国株式）,JP,2025-03-31,静岡県,9164279808.0,0.52508336,16.59649,8.772256,5.991627655600436,0.1607,0.0,161.76,85.5,120.53338485316847,40099518000.0,1429134000.0,0.037219997,1045444000.0,0.027420001,0.073709995,0.5761826564849645,11731423000.0,10204132000.0,15544587000.0,2867632000.0,7095998000.0,2736492000.0,5728708400.0,0.625112777001756
サトー,6287,機械,プライム（内国株式）,JP,2025-03-31,東京都,74636132352.0,0.87478673,9.808021,14.67603,9.58902851703894,0.48509997,0.0,156.65,234.4,220.36000063232936,,,0.05684,,0.03112,0.061690003,0.5477435835056562,59521000000.0,41677000000.0,91558000000.0,19490000000.0,27432000000.0,163000000.0,32151100000.0,0.4307712496189985
技研製作所,6289,機械,プライム（内国株式）,JP,2025-08-31,高知県,45937901568.0,1.1646954,18.304022,27.118898,18.705550523196315,0.73300004,0.028177114,66.78,98.94,90.9747894560779,26337000000.0,2566000000.0,0.05098,1487000000.0,0.0608,0.04341,0.8421096640675627,7553000000.0,6747000000.0,23849000000.0,1024000000.0,8585000000.0,2220000000.0,17850000000.0,0.3885680318587773
日本エアーテック,6291,機械,スタンダード（内国株式）,JP,2025-12-31,東京都,12834061312.0,1.3351982,,11.477313,9.72252214355722,0.4912,0.005520505,111.96,,109.75089860806214,14162334000.0,1163958000.0,-0.05412,1131475000.0,0.0043599997,0.00332,0.7431891526950496,5104329000.0,3955460000.0,12458436000.0,1566366000.0,3707142000.0,517767000.0,7716543900.0,0.6012550285064432
カワタ,6292,機械,スタンダード（内国株式）,JP,2025-03-31,大阪府,5860946944.0,0.44498873,,159.20303,7.161469565107206,7.1834,0.046116505,5.27,,133.10267476927578,20766991000.0,984441000.0,-0.022650002,576134000.0,0.0018600001,0.0029699998,0.522304056145884,11824252000.0,7482790000.0,18524916000.0,6110789000.0,6866390000.0,479421000.0,7036258700.0,1.2005327410791862
オカダアイヨン,6294,機械,プライム（内国株式）,JP,2025-03-31,大阪府,16308056064.0,0.9018732,6.327966,11.351654,12.537166612518659,0.42049998,0.0,178.3,319.85,234.0899890715345,26582659000.0,2279268000.0,0.044099998,1475214000.0,0.05524,0.08443,0.4789292613713395,18755787000.0,15682261000.0,24503714000.0,12465834000.0,4849253000.0,523395000.0,6114303500.0,0.37492534217473733
ワイエイシイホールディングス,6298,機械,プライム（内国株式）,JP,2025-03-31,東京都,23868116992.0,1.4408321,7.6190476,18.883644,14.955320412127294,0.5554,0.0,72.02,178.5,76.7200006930247,23041000000.0,1358000000.0,0.02041,559000000.0,0.05011,0.07867,0.4116487367959889,23996000000.0,15011000000.0,29760000000.0,16436000000.0,7182000000.0,2313000000.0,7383100000.0,0.30932896811569305
小松製作所,6301,機械,プライム（内国株式）,JP,2025-03-31,東京都,6093071712256.0,1.7496984,16.052086,16.478523,9.1326900949457,0.45900002,0.029118774,413.69,424.68,473.4199999761359,,,0.12184,,0.091079995,0.113900006,0.5496468967041441,2428670000000.0,1649360000000.0,3298303000000.0,1220702000000.0,385569000000.0,10636000000.0,877078200000.0,0.1439468040784401
住友重機械工業,6302,機械,プライム（内国株式）,JP,2025-12-31,東京都,653749780480.0,0.95535517,16.379414,21.25495,49.00902077359045,0.48560002,0.024801588,257.54,334.2,63.85999995616397,1066881000000.0,51482000000.0,0.05234,30937000000.0,0.029930001,0.049239997,0.516207544412193,634304000000.0,409516000000.0,786782000000.0,252703000000.0,111072000000.0,23374000000.0,168839800000.0,0.25826364312663086
日立建機,6305,機械,プライム（内国株式）,JP,2025-03-31,東京都,1182599872512.0,1.3137577,12.937535,16.15237,9.581270682572134,0.5086,0.03300019,344.16,429.68,438.67999930859963,1371285000000.0,154730000000.0,0.09391,81428000000.0,0.05208,0.09119,0.45188960841002207,933054000000.0,613256000000.0,1000755000000.0,610423000000.0,147136000000.0,26296000000.0,86108200000.0,0.0728126241186672
日工,6306,機械,プライム（内国株式）,JP,2025-03-31,兵庫県,32754898944.0,0.8758471,,12.9120455,12.636354965735247,0.6074,0.047393367,65.83,,52.279866695447915,,,0.10998,,0.051370002,0.07053,0.5421734013338564,29167000000.0,21515000000.0,40126000000.0,10250000000.0,14038000000.0,5565000000.0,14854500000.0,0.45350468109812403
サンセイ,6307,機械,スタンダード（内国株式）,JP,2025-03-31,大阪府,3279703808.0,0.6154448,,4.265211,9.146379618282943,0.1516,0.0,98.94,,41.9983723256764,5781584000.0,454983000.0,0.18073,346003000.0,0.10909,0.15371001,0.7305861319651319,1724835000.0,1246740000.0,3470248000.0,355162000.0,1084811000.0,251380000.0,1921379000.0,0.5858391831949235
巴工業,6309,機械,プライム（内国株式）,JP,2025-10-31,東京都,52698898432.0,1.2472818,4.7085085,13.007835,9.716995227499075,0.5225,0.02089379,137.84,380.8,120.79921749884248,59365470000.0,5352550000.0,0.1309,3851323000.0,0.06926,0.096,0.7579412022854067,13648670000.0,12693373000.0,41756441000.0,,13367527000.0,2202432000.0,29649473400.0,0.5626203636544355
井関農機,6310,機械,プライム（内国株式）,JP,2025-12-31,東京都,40096985088.0,0.53426325,12.808095,14.537698,-6.841836292399641,0.32819998,0.023364486,121.89,138.35,-133.63000196067316,185770000000.0,4230000000.0,0.05059,2757000000.0,0.01428,0.03956,0.3522854755937463,131049000000.0,96922000000.0,102431000000.0,62172000000.0,12891000000.0,13200000000.0,-19378000000.0,-0.4832782304572654
ＴＯＷＡ,6315,機械,プライム（内国株式）,JP,2025-03-31,京都府,225084047360.0,3.1876643,15.529558,49.05969,14.424206060408432,0.32669997,0.006802721,61.15,193.18,108.27999966186874,,,0.18535,,0.08448,0.06959,0.7375643718906529,21842120000.0,18009944000.0,50652299000.0,10064783000.0,21338921000.0,4446381000.0,31922645700.0,0.1418254473136554
丸山製作所,6316,機械,スタンダード（内国株式）,JP,2025-09-30,東京都,9688945664.0,0.4554548,,8.388268,,0.2522,0.030144695,297.32,,,41266000000.0,1080000000.0,0.06057,743000000.0,0.02743,0.06113,0.5267384465870438,18308000000.0,15070000000.0,22700000000.0,7127000000.0,3877000000.0,4762000000.0,7725400000.0,0.7973416579994147
北川鉄工所,6317,機械,スタンダード（内国株式）,JP,2025-03-31,広島県,15200248832.0,0.3307566,3.875914,4.8583593,10.870530290876117,0.3016,0.06451613,338.18,423.9,137.2549019607843,57280000000.0,1873000000.0,0.05751,1246000000.0,0.05355,0.071339995,0.5089390243902439,40263000000.0,25407000000.0,41500000000.0,14044000000.0,11503000000.0,4323000000.0,4263100000.0,0.2804625139441928
タクミナ,6322,機械,スタンダード（内国株式）,JP,2025-03-31,大阪府,11116498944.0,0.9769311,,9.022135,11.139729959205534,0.3026,0.034285713,178.45,,165.2156752948577,11119396000.0,1603323000.0,0.16454001,1217452000.0,0.11035,0.113579996,0.69910872772303,4432216000.0,3671889000.0,9595059000.0,388000000.0,3213766000.0,1888491000.0,6484786700.0,0.5833479346930616
ローツェ,6323,機械,プライム（内国株式）,JP,2026-02-28,広島県,781310033920.0,5.999507,32.77317,41.25458,12.908775623786315,0.1555,0.0040786946,109.2,137.46,133.99000036833928,128794000000.0,31155000000.0,0.22214001,19048000000.0,0.1479,0.13018,0.6600490618442794,57343000000.0,40328000000.0,154970000000.0,23794000000.0,74341000000.0,1731000000.0,98838700000.0,0.12650381501451485
ハーモニック・ドライブ・システムズ,6324,機械,プライム（内国株式）,JP,2025-03-31,東京都,649414180864.0,8.078296,90.63284,402.81854,93.48022718752595,1.1772,0.0030534351,17.03,75.69,36.57223681111869,,,0.0792,,0.027,0.020179998,0.6947887375932351,34678617000.0,13896702000.0,53164779000.0,20740282000.0,24900137000.0,409931000.0,18773113700.0,0.02890776680457407
タカキタ,6325,機械,スタンダード（内国株式）,JP,2025-03-31,三重県,4438426624.0,0.5320676,8.543478,21.943048,7.584858000909947,0.55799997,0.012787724,17.91,46.0,61.66999812716613,7007957000.0,344723000.0,0.10163999,566419000.0,0.012,0.02162,0.8146892001039323,1840051000.0,1720158000.0,6193221000.0,108404000.0,1773021000.0,829267000.0,4933656900.0,1.1115778896337118
クボタ,6326,機械,プライム（内国株式）,JP,2025-12-31,大阪府,3233469693952.0,1.2029737,14.44467,17.38519,9.058418390767049,0.3059,0.018467221,163.53,196.82,197.60999993571846,3018891000000.0,265470000000.0,0.12104,186687000000.0,0.070149995,0.08871,0.4227273921341957,3331885000000.0,1770928000000.0,2923181000000.0,2242079000000.0,276959000000.0,181982000000.0,-281316600000.0,-0.08700146487415202
北川精機,6327,機械,スタンダード（内国株式）,JP,2024-06-30,広島県,30588366848.0,5.4110756,50.67659,61.49425,7.921725887483388,0.1974,0.003940887,60.9,73.9,85.05576457941413,,,0.12178001,,0.09368,0.118310004,0.5649523441705262,3667738000.0,2911482000.0,6449231000.0,1441713000.0,3435554000.0,122862000.0,2867496400.0,0.09374467143830169
荏原実業,6328,機械,プライム（内国株式）,JP,2025-12-31,東京都,56645079040.0,1.8926722,8.188653,13.011132,14.37063277429323,0.2714,0.042900044,184.15,292.6,132.10999837509306,41211000000.0,6121000000.0,0.23302001,4384000000.0,0.113170005,0.17305,0.5774516895732148,20444000000.0,17383000000.0,35168000000.0,1523000000.0,15170000000.0,8924000000.0,20970800000.0,0.37021397719634996
東洋エンジニアリング,6330,建設業,プライム（内国株式）,JP,2025-03-31,千葉県,150993076224.0,2.5019796,18.365725,,5.490418453276224,0.0,0.0,-255.09,113.2,167.58999865344396,278091000000.0,2592000000.0,0.03903,2020000000.0,-0.08169,-0.28717,0.20938736488042484,226357000000.0,182638000000.0,244209000000.0,51449000000.0,90324000000.0,6889000000.0,22674300000.0,0.15016781277018562
三菱化工機,6331,機械,プライム（内国株式）,JP,2025-03-31,神奈川県,87479386112.0,1.9469733,10.446136,11.593152,6.270572407782997,0.3471,0.0,331.23,367.6,213.79000291830585,,,0.1232,,0.08958,0.18149,0.5776437875902922,27949000000.0,21813000000.0,50839000000.0,3300000000.0,10823000000.0,4434000000.0,25993800000.0,0.29714200287962805
月島ホールディングス,6332,機械,プライム（内国株式）,JP,2025-03-31,東京都,105780748288.0,1.0773505,23.353712,6.481324,20.924049538921402,0.2011,0.032651454,412.57,114.5,62.37095042323178,139235000000.0,8921000000.0,0.097440004,6669000000.0,0.113520004,0.16217,0.4840570513087262,80196000000.0,48126000000.0,111716000000.0,21648000000.0,30561000000.0,24363000000.0,48574100000.0,0.45919603317374486
ＴＥＩＫＯＫＵ,6333,機械,プライム（内国株式）,JP,2025-03-31,兵庫県,46901518336.0,1.4958702,12.824811,11.511549,12.991912995749885,0.50060004,0.044630874,265.82,238.6,219.27000414320605,,,0.17156,,0.14922,0.14186,0.7722039906626404,8891853000.0,7634232000.0,31623710000.0,586067000.0,13886562000.0,1147726000.0,23535265200.0,0.5018017760404814
明治機械,6334,機械,スタンダード（内国株式）,JP,2025-03-31,東京都,4835148800.0,1.5754828,,191.88036,12.4959854420463,2.5424001,0.013333334,2.34,,27.88300044385264,6511496000.0,267595000.0,0.07725,120428000.0,0.00454,0.00819,0.44465336248364395,3794733000.0,2396236000.0,4850718000.0,2011817000.0,1652416000.0,149409000.0,1160571300.0,0.24002804215663434
東京機械製作所,6335,機械,スタンダード（内国株式）,JP,2025-03-31,東京都,4288851200.0,0.4657445,,4.1233964,-48.47162856697147,0.0,0.0,130.96,,-9.551979450417885,7401882000.0,641395000.0,0.18177,345647000.0,0.125,0.111999996,0.562437508807946,5240765000.0,2744885000.0,11410023000.0,32964000.0,7554941000.0,255778000.0,6348302600.0,1.480187188587937
石井表記,6336,機械,スタンダード（内国株式）,JP,2026-01-31,広島県,13163922432.0,1.2142718,,14.900542,5.118601830806829,0.2531,0.016,110.6,,96.66339548577037,15651000000.0,1143000000.0,0.08939999,890000000.0,0.061750002,0.09786,0.6686561537978262,5274000000.0,3791000000.0,10756000000.0,1274000000.0,4368000000.0,136000000.0,5577200000.0,0.42367311329960894
テセック,6337,機械,スタンダード（内国株式）,JP,2025-03-31,東京都,12894848000.0,0.91511625,9.770842,28.553284,8.081921412986025,1.1562,0.0,86.61,253.1,271.8464022967881,5892000000.0,439000000.0,0.02939,427000000.0,0.083170004,0.03265,0.9152126147085433,1311000000.0,834000000.0,9300000000.0,363000000.0,4352000000.0,3607000000.0,10513900000.0,0.8153566447623113
タカトリ,6338,機械,スタンダード（内国株式）,JP,2025-09-30,奈良県,8586402304.0,0.8719817,,34.18985,8.582121707119853,0.84839994,0.026755853,47.09,,354.9164343159218,7330581000.0,820448000.0,0.06415,584879000.0,0.04119,0.02586,0.6452139876762837,5645327000.0,5584240000.0,12973691000.0,4134597000.0,5120396000.0,962873000.0,8002375100.0,0.9319823153723034
新東工業,6339,機械,プライム（内国株式）,JP,2025-03-31,愛知県,61549268992.0,0.5541235,,,15.722251119498667,0.741,0.03816132,-309.81,,52.59000028898749,,,0.03198,,-0.0923,-0.12826,0.5052203882346978,109640000000.0,54145000000.0,119723000000.0,51171000000.0,40533000000.0,32985000000.0,33172500000.0,0.5389584725094244
澁谷工業,6340,機械,プライム（内国株式）,JP,2025-06-30,石川県,113708376064.0,1.0063399,9.888127,12.663689,9.893558334579039,0.3005,0.024904214,324.55,415.65,353.539994044653,129017000000.0,13749000000.0,0.09427,10052000000.0,0.06756,0.08125,0.6769347534279226,51497000000.0,42723000000.0,105574000000.0,3696000000.0,45579000000.0,3639000000.0,56624300000.0,0.4979782665098426
太平製作所,6342,機械,スタンダード（内国株式）,JP,2025-03-31,愛知県,3495794944.0,0.48284465,,7.956766,4.004557942449304,0.2369,0.02987304,337.7,,762.8303507516106,7855530000.0,907977000.0,-0.07971,576746000.0,0.06888,0.061979998,0.6634069252524226,3498574000.0,3092536000.0,7704958000.0,795048000.0,3520952000.0,582538000.0,4614160600.0,1.3199174076041
フリージア・マクロス,6343,機械,スタンダード（内国株式）,JP,2025-03-31,東京都,5850141696.0,0.34593698,,3.3942559,7.32404885296568,0.015700001,0.0,38.3,,14.610888923069005,6971719000.0,1348705000.0,0.12251,906700000.0,0.25069,0.106079996,0.377892017083399,13525813000.0,3701442000.0,8768980000.0,10222220000.0,1110017000.0,6383065000.0,-288687500.0,-0.04934709533572296
アイチ　コーポレーション,6345,機械,プライム（内国株式）,JP,2025-03-31,埼玉県,88381726720.0,1.1721994,15.9038105,13.593487,13.959139915168327,0.5957,0.044444446,100.71,86.08,70.2599996131091,59306955000.0,7440218000.0,0.17023,6334645000.0,0.11169,0.083529994,0.8372304846645161,16335377000.0,14612890000.0,71048447000.0,214581000.0,46871546000.0,5395663000.0,58490034100.0,0.6617887686817984
キクカワエンタープライズ,6346,機械,スタンダード（内国株式）,JP,2025-03-31,三重県,6903087616.0,0.5368327,,21.218777,8.481711096516733,0.3725,0.0,268.63,,512.1365130081368,5533700000.0,1024218000.0,0.05901,743887000.0,0.08448,0.02589,0.8462789411877911,2231752000.0,1302856000.0,10497859000.0,,7757520000.0,1520989000.0,9330799300.0,1.351684900880157
プラコー,6347,機械,スタンダード（内国株式）,JP,2025-03-31,埼玉県,2309842176.0,1.381136,,27.554535,-19.59098499835314,0.6881,0.0,8.71,,-10.705648907951847,,,0.11866,,0.03061,0.0504,0.5188868590124711,1468709000.0,466213000.0,2272702000.0,1142299000.0,1142526000.0,22653000.0,819850100.0,0.3549377132855678
小森コーポレーション,6349,機械,プライム（内国株式）,JP,2025-03-31,東京都,77683818496.0,0.63211423,32.75168,10.542993,12.778434071772557,0.5039,0.0,138.86,44.7,86.7899992263516,111050000000.0,7118000000.0,0.07405,7248000000.0,0.062140003,0.06184,0.6679408958158632,57418000000.0,53163000000.0,124039000000.0,10305000000.0,48148000000.0,20794000000.0,81176800000.0,1.044964080958248
鶴見製作所,6351,機械,プライム（内国株式）,JP,2025-03-31,大阪府,103880318976.0,1.0199927,14.682002,20.163538,10.736426984573423,0.25100002,0.01284491,107.62,147.8,168.79837067209775,68058000000.0,10253000000.0,0.13997,8783000000.0,0.06682,0.05407,0.717806385874731,35659000000.0,25828000000.0,81657000000.0,15679000000.0,31145000000.0,12662000000.0,54861400000.0,0.5281212123797474
日本ギア工業,6356,機械,スタンダード（内国株式）,JP,2025-03-31,東京都,20401510400.0,3.7422376,,11.645672,5.494976425665544,0.0813,0.0028248588,123.05,,108.12810300294618,9555548000.0,2105778000.0,0.10497,1550400000.0,0.03791,0.07383,0.8245889750295167,2672167000.0,2016983000.0,10483231000.0,109795000.0,4496297000.0,1060316000.0,8553285200.0,0.4192476455076581
三精テクノロジーズ,6357,機械,スタンダード（内国株式）,JP,2025-03-31,大阪府,42430816256.0,0.84633416,,8.644784,10.746244216395443,0.25280002,0.037926674,276.93,,109.76823992859417,61861600000.0,4797324000.0,0.14076,2995460000.0,0.06982,0.10299,0.513417780814368,42483895000.0,27595944000.0,54169895000.0,16746885000.0,21846573000.0,8058452000.0,17326916400.0,0.40835689550398074
酒井重工業,6358,機械,プライム（内国株式）,JP,2025-03-31,東京都,17656111104.0,0.55884373,7.780087,9.998057,12.513353862586706,0.5196,0.05263158,205.94,264.65,168.51930524586317,,,0.102180004,,0.06401,0.05718,0.705010822271392,12494099000.0,10429707000.0,26611283000.0,5417510000.0,7668034000.0,5661936000.0,18080539200.0,1.0240385945410055
東京自働機械製作所,6360,機械,スタンダード（内国株式）,JP,2025-03-31,東京都,6168215552.0,2.5661566,,8.407944,3.3021490874299384,0.4592,0.009090909,522.72,,797.4649462543753,12890103000.0,1564957000.0,-0.01572,1222328000.0,0.0016699999,0.0037,0.5953302192968847,6416423000.0,4107799000.0,9860141000.0,1069330000.0,3684314000.0,3762982000.0,6077805400.0,0.9853425757842258
荏原製作所,6361,機械,プライム（内国株式）,JP,2025-12-31,東京都,2834902286336.0,2.2580042,40.580845,37.310562,15.632081741786486,0.35509998,0.0054486017,166.28,152.88,154.43216273319968,958285000000.0,113802000000.0,0.074200004,76633000000.0,0.04546,0.09571999,0.470222260005304,560536000000.0,448343000000.0,717392000000.0,224735000000.0,143485000000.0,5086000000.0,160416200000.0,0.05658614788001446
酉島製作所,6363,機械,プライム（内国株式）,JP,2025-03-31,大阪府,77311647744.0,1.3099447,13.033072,13.3413515,11.430595534327624,0.28079998,0.023376623,224.49,229.8,234.18000282596012,86501000000.0,5449000000.0,0.118149996,4068000000.0,0.06397,0.102290004,0.48455730360401655,59206000000.0,37338000000.0,81190000000.0,22728000000.0,17115000000.0,10463000000.0,29308100000.0,0.37909035514347245
ＡＩＲＭＡＮ,6364,機械,プライム（内国株式）,JP,2025-03-31,新潟県,47331655680.0,1.0517211,8.000911,8.574078,10.155407829535545,0.35119998,0.04230317,204.92,219.6,182.16160749928923,54827987000.0,6918812000.0,0.117589995,4812530000.0,0.10064,0.1301,0.6365095780512073,23164732000.0,12700986000.0,47507097000.0,7915447000.0,19245867000.0,3888325000.0,27064192500.0,0.5717989812774705
電業社機械製作所,6365,機械,スタンダード（内国株式）,JP,2025-03-31,東京都,22827249664.0,0.7446036,,8.7239275,7.109814785997156,0.3012,0.0,630.45,,576.6304010671228,,,0.21440001,,0.09277,0.089420006,0.6876868714324544,12639000000.0,11700000000.0,30815000000.0,67000000.0,6515000000.0,3765000000.0,20811500000.0,0.9116954651274103
千代田化工建設,6366,建設業,スタンダード（内国株式）,JP,2025-03-31,神奈川県,197741527040.0,1.7367672,13.033823,9.403501,-5.793123364032594,0.0,0.0,81.14,58.54,-69.22000012802486,456969000000.0,24422000000.0,0.041690003,26987000000.0,0.1714,1.20483,0.05141486311204813,435580000000.0,409531000000.0,437274000000.0,23599000000.0,153340000000.0,3976000000.0,4477200000.0,0.02264167808866133
ダイキン工業,6367,機械,プライム（内国株式）,JP,2025-03-31,大阪府,6501931941888.0,2.1018474,23.590002,24.861115,22.35795359165623,0.36200002,0.014763352,939.62,990.25,888.6399997902585,4752335000000.0,401669000000.0,0.0794,264757000000.0,0.05488,0.09262,0.5465158093557974,2266724000000.0,1543047000000.0,2853654000000.0,986849000000.0,802663000000.0,160032000000.0,698952400000.0,0.10749918735646463
オルガノ,6368,機械,プライム（内国株式）,JP,2025-03-31,東京都,746983260160.0,5.2251205,35.83324,26.328585,19.07916376812931,0.3238,0.013192612,617.01,453.35,376.91999747849013,163269000000.0,31121000000.0,0.23107,24150000000.0,0.15987,0.21504,0.6221681516080578,73203000000.0,64401000000.0,164367000000.0,22557000000.0,16751000000.0,2373000000.0,92825100000.0,0.12426664016556052
トーヨーカネツ,6369,機械,プライム（内国株式）,JP,2025-03-31,東京都,34302611456.0,0.8511418,8.675601,13.385635,8.80286285449339,0.6261,0.0,164.43,253.7,228.06499557185566,60474000000.0,4132000000.0,0.03199,3638000000.0,0.04287,0.06459,0.5768580580105581,28528000000.0,20393000000.0,40140000000.0,13985000000.0,6516000000.0,6497000000.0,16159900000.0,0.4710982433721795
栗田工業,6370,機械,プライム（内国株式）,JP,2025-03-31,東京都,946990481408.0,2.7893429,25.90794,24.01215,23.25154131801084,0.3095,0.013360372,362.15,335.65,259.7000005453976,408888000000.0,31274000000.0,0.14468001,20305000000.0,0.03961,0.1179,0.6121279025920441,210445000000.0,132567000000.0,220950000000.0,93470000000.0,62951000000.0,15541000000.0,21383700000.0,0.022580691590697286
椿本チエイン,6371,機械,プライム（内国株式）,JP,2025-03-31,大阪府,271938306048.0,0.917607,13.270383,8.839442,8.724984306337264,0.2705,0.03157064,295.72,196.98,212.65000082283882,,,0.07915,,0.10041001,0.10541,0.6993297623213373,109350000000.0,62505000000.0,193313000000.0,27237000000.0,67945000000.0,39876000000.0,111876200000.0,0.4114028715772491
日機装,6376,精密機器,プライム（内国株式）,JP,2025-12-31,東京都,241804886016.0,1.4801043,30.294357,17.992424,7.863679973489955,0.1942,0.011111111,205.92,122.3,120.00000060324243,215642000000.0,15331000000.0,0.06665,13652000000.0,0.06531,0.09738,0.44167325181708267,197901000000.0,87625000000.0,194408000000.0,110100000000.0,44584000000.0,,-3493000000.0,-0.014445531095549788
木村化工機,6378,機械,スタンダード（内国株式）,JP,2025-03-31,兵庫県,23079464960.0,1.1193845,,10.405628,8.254006428062203,0.35619998,0.035042737,115.13,,78.46277669251084,26431000000.0,3018000000.0,0.14239,2309000000.0,0.08076,0.11366,0.5641864991595151,14778000000.0,10848000000.0,24394000000.0,1542000000.0,9892000000.0,2024000000.0,11032800000.0,0.47803534523531693
レイズネクスト,6379,建設業,プライム（内国株式）,JP,2025-03-31,神奈川県,123462844416.0,1.3496894,16.88331,11.799318,13.845468512839375,0.60400003,0.052419353,193.74,135.4,134.20000109966617,157371000000.0,10859000000.0,0.07843,8100000000.0,0.05993,0.12052,0.7382461196569325,29545000000.0,26414000000.0,87315000000.0,1500000000.0,3575000000.0,4711000000.0,61067700000.0,0.4946241137474232
オリエンタルチエン工業,6380,機械,スタンダード（内国株式）,JP,2025-03-31,石川県,7200594944.0,3.210703,,52.52357,16.920399613490066,0.3323,0.0,90.15,,107.67108402701066,4055683000.0,142675000.0,-0.01308,100333000.0,0.03066,0.06295,0.36174435460622145,3274464000.0,1904478000.0,2665127000.0,2099381000.0,358342000.0,223958000.0,-452566400.0,-0.0628512509757416
アネスト岩田,6381,機械,プライム（内国株式）,JP,2025-03-31,神奈川県,64210567168.0,1.2693934,12.332075,12.01029,10.069369351243646,0.6395,0.054037265,136.05,132.5,122.12800129067824,54411000000.0,5907000000.0,0.10755,4276000000.0,0.0958,0.113649994,0.6770324557093725,15643000000.0,12161000000.0,45229000000.0,2869000000.0,21336000000.0,3173000000.0,31807100000.0,0.4953561602528781
トリニティ工業,6382,機械,スタンダード（内国株式）,JP,2025-03-31,愛知県,19864344576.0,0.5734488,,7.3854094,7.470220419629048,0.4019,0.054427296,166.68,,149.22944610034773,,,0.0876,,0.06902,0.08245,0.7582478353976467,9583337000.0,7992873000.0,25699240000.0,178579000.0,9358834000.0,3169053000.0,18334240100.0,0.9229723150368291
ダイフク,6383,機械,プライム（内国株式）,JP,2025-12-31,大阪府,2553377193984.0,5.571129,48.349815,34.326958,29.388640519962028,0.3852,0.011875762,202.29,143.62,118.45000010435147,660724000000.0,101443000000.0,0.15223,78096000000.0,0.11993,,0.5987011592246732,302651000000.0,227180000000.0,583765000000.0,61380000000.0,261252000000.0,7268000000.0,286201600000.0,0.11208747406153632
昭和真空,6384,機械,スタンダード（内国株式）,JP,2025-03-31,神奈川県,10148566016.0,0.83362633,,11.693118,48.84068384507202,0.4982,0.043640897,140.51,,26.66999783928326,8480131000.0,792275000.0,0.23256001,561931000.0,0.092989996,0.07297,0.7501096826248549,3861155000.0,2910860000.0,11725302000.0,568579000.0,4978440000.0,173248000.0,7985420600.0,0.7868521116589641
サムコ,6387,機械,プライム（内国株式）,JP,2024-07-31,京都府,122091569152.0,8.793314,71.83365,70.21434,23.164094180093493,0.2779,0.0,216.48,211.6,183.26581175298804,,,0.22410999,,0.17679001,0.13101,0.7632026507777196,3816232000.0,2833557000.0,11188327000.0,1111261000.0,6592297000.0,369068000.0,7630442600.0,0.062497702773402386
加藤製作所,6390,機械,プライム（内国株式）,JP,2025-03-31,東京都,13892767744.0,0.32715806,4.158018,3.1146553,-2.389383287944018,0.17559999,0.05794702,398.76,298.7,-514.4723379659437,,,-0.04334,,0.080340005,0.10333,0.43408566673479515,58146000000.0,40630000000.0,80292000000.0,43808000000.0,14763000000.0,2823000000.0,24122100000.0,1.736306288602416
加地テック,6391,機械,スタンダード（内国株式）,JP,2025-03-31,大阪府,6699364352.0,0.79049116,,9.25545,14.543098656066723,0.1372,0.0,437.58,,349.5483146488446,7003943000.0,620082000.0,0.095769994,578915000.0,0.092700005,0.08875,0.6763667585834009,3740998000.0,1931262000.0,7421054000.0,1371856000.0,1672461000.0,,3680056000.0,0.549314204548581
ヤマダコーポレーション,6392,機械,スタンダード（内国株式）,JP,2025-03-31,東京都,17712898048.0,0.9779109,,10.224949,7.9765950413502305,0.304,0.029972753,723.72,,671.7175094024237,,,0.18088,,0.10674,0.098780006,0.8501083654164213,2599389000.0,1497386000.0,11258422000.0,943243000.0,4096635000.0,349903000.0,8903965100.0,0.5026825692707787
油研工業,6393,機械,スタンダード（内国株式）,JP,2025-03-31,神奈川県,10257150976.0,0.4371089,,8.757706,10.417714374566515,0.6415,0.0,329.31,,199.68243938605625,33496199000.0,1920831000.0,0.06204,1249115000.0,0.031770002,0.04579,0.5148333389980165,18702426000.0,12715803000.0,29495220000.0,7225180000.0,6508567000.0,3613639000.0,13322341300.0,1.2988344747164224
タダノ,6395,機械,プライム（内国株式）,JP,2025-12-31,香川県,169256632320.0,0.822069,14.323919,9.246599,21.02842903309506,0.3039,0.034700315,144.81,93.48,52.28891950403464,349477000000.0,18556000000.0,0.04676,18298000000.0,0.04715,0.085080005,0.448955246014974,252585000000.0,158032000000.0,325320000000.0,146016000000.0,81842000000.0,11631000000.0,80876700000.0,0.47783474651139746
宇野澤組鐵工所,6396,機械,スタンダード（内国株式）,JP,2025-03-31,東京都,4268467456.0,1.1238723,,9.84262,8.777335304884042,0.1273,0.0,392.68,,359.4782608695652,,,0.18725,,0.08806,0.12104999,0.3985214766572937,5066985000.0,2204688000.0,5512020000.0,2295121000.0,2883043000.0,523921000.0,811779700.0,0.19018059956364816
不二精機,6400,機械,スタンダード（内国株式）,JP,2025-12-31,大阪府,2104611584.0,0.52518994,,9.122807,13.044795227971385,0.2456,0.026923077,28.5,,17.190764291887888,8719263000.0,474119000.0,0.08651,230783000.0,0.02856,0.065960005,0.37796017942448457,6094465000.0,3724356000.0,5171814000.0,3755897000.0,1871042000.0,191714000.0,-788451200.0,-0.37463026716857606
兼松エンジニアリング,6402,機械,スタンダード（内国株式）,JP,2025-03-31,高知県,6468837888.0,2.9608877,10.492455,6.2103333,8.817880320031932,0.056399997,0.0070304647,212.71,125.9,126.79204851931482,13300759000.0,954443000.0,-0.00062,700690000.0,-0.01511,-0.025339998,0.5911210417452271,4938990000.0,3493298000.0,6706357000.0,1490853000.0,1579529000.0,20935000.0,1782021500.0,0.27547784174739237
水道機工,6403,機械,スタンダード（内国株式）,JP,2025-03-31,東京都,17137043456.0,1.462831,,14.0056505,17.719112522884025,0.0,0.0,286.67,,85.60765103802193,25966000000.0,1479000000.0,0.1457,427000000.0,0.03935,0.11209,0.390520053732489,15880000000.0,13212000000.0,20794000000.0,1980000000.0,4145000000.0,1493000000.0,5959100000.0,0.3477320936543233
鈴茂器工,6405,機械,スタンダード（内国株式）,JP,2025-03-31,東京都,11503535104.0,0.89612204,8.111723,20.255402,12.892877609757326,0.6875,0.034313727,50.9,127.1,88.22999865893873,15568092000.0,1890110000.0,0.12597,1462998000.0,0.03795,0.04163,0.8180593152488023,3502854000.0,2007907000.0,10841277000.0,153860000.0,5597109000.0,47229000.0,7371483300.0,0.6408015652020563
ＣＫＤ,6407,機械,プライム（内国株式）,JP,2025-03-31,愛知県,493910753280.0,3.2168844,29.302141,36.371693,10.274957900504244,0.3986,0.012198796,203.18,252.2,202.39117387659277,,,0.15561,,0.086,0.09362,0.6474223088487056,74347000000.0,39983000000.0,131473000000.0,35801000000.0,35333000000.0,8599000000.0,63145300000.0,0.12784759104890894
小倉クラッチ,6408,機械,スタンダード（内国株式）,JP,2025-03-31,群馬県,6275183104.0,0.31601867,,4.176415,-7.9144391029685535,0.0996,0.023923445,1004.45,,-399.6081434526411,43907000000.0,465000000.0,0.04119,1162000000.0,0.03605,0.07998,0.37651287941633166,29312000000.0,22087000000.0,31118000000.0,18618000000.0,7933000000.0,1010000000.0,2513000000.0,0.4004664020716996
平和,6412,機械,プライム（内国株式）,JP,2025-03-31,東京都,204749668352.0,0.8233459,9.153439,17.535265,17.583930796747623,0.6761,0.038314175,118.39,226.8,132.46000040557257,,,0.00985,,0.04521,0.04743,0.2321390873698885,807284000000.0,111411000000.0,137807000000.0,628425000000.0,77799000000.0,8520000000.0,-663513000000.0,-3.2406059816385473
理想科学工業,6413,機械,プライム（内国株式）,JP,2025-03-31,東京都,62713704448.0,0.9126265,6.868548,14.526929,19.47303404551805,0.7277,0.05102041,68.7,145.3,72.74000048212271,78723000000.0,6183000000.0,0.06311,4088000000.0,0.055419996,0.064720005,0.7479839389951749,22407000000.0,17990000000.0,41232000000.0,4412000000.0,13610000000.0,4288000000.0,21826600000.0,0.34803557200321106
ＳＡＮＫＹＯ,6417,機械,プライム（内国株式）,JP,2025-03-31,東京都,314836877312.0,1.2594777,1062.6666,7.093903,8.783878103528204,0.4005,0.056355666,224.7,1.5,242.71000046521814,,,0.040289998,,0.26088,0.17472,0.8464401010961988,51705000000.0,41860000000.0,294541000000.0,,180064000000.0,5349000000.0,246580300000.0,0.7832001832353379
日本金銭機械,6418,機械,プライム（内国株式）,JP,2025-03-31,大阪府,26474035200.0,0.7385904,32.105263,5.637382,10.676827522346846,0.231,0.041194644,173.13,30.4,112.58999935984903,37815935000.0,4910594000.0,0.02612,3810465000.0,0.14868,0.13826,0.6485978180595287,17354008000.0,8068419000.0,41465835000.0,10860265000.0,17457475000.0,950992000.0,24777521400.0,0.9359178233622655
マースグループホールディングス,6419,機械,プライム（内国株式）,JP,2025-03-31,東京都,54112882688.0,0.6407918,16.800226,8.273811,5.872617773969759,0.4168,0.0,359.81,177.2,499.8899902542835,42250771000.0,12331582000.0,0.21679,8716277000.0,0.20569,0.08099,0.8991891416842419,8770635000.0,5996279000.0,52004781000.0,544581000.0,36373416000.0,16113027000.0,54513264900.0,1.0073990183503714
ガリレイ,6420,機械,プライム（内国株式）,JP,2025-03-31,大阪府,136507006976.0,1.2049237,6.4666224,11.102778,9.188389567920217,0.2673,0.024117647,306.68,526.55,307.75995493790043,130639000000.0,16572000000.0,0.12964,12008000000.0,0.08799,0.11338,0.7239937271301621,38358000000.0,36032000000.0,96318000000.0,,53408000000.0,11752000000.0,66186400000.0,0.4848571620329832
高見沢サイバネティックス,6424,機械,スタンダード（内国株式）,JP,2025-03-31,東京都,3650121984.0,0.58146954,,7.748849,9.439699431633402,0.2037,0.0,112.92,,148.97001625093554,15391532000.0,1374309000.0,0.15385,1001137000.0,0.03846,0.078379996,0.3568405077437163,10884154000.0,6567068000.0,11853753000.0,4728307000.0,2829879000.0,929234000.0,1620062800.0,0.4438379887306254
ユニバーサルエンターテインメント,6425,機械,スタンダード（内国株式）,JP,2025-12-31,東京都,51918880768.0,0.40932906,4.0926027,,-5.156281129680776,0.0,0.05873715,-2986.46,163.71,-200.91999911264313,122827000000.0,-3228000000.0,0.12302,-231425000000.0,-0.10973,-0.04901,0.34709635632731495,243947000000.0,41639000000.0,93415000000.0,194365000000.0,40000000000.0,9955000000.0,-143563500000.0,-2.76515013182805
オーイズミ,6428,機械,スタンダード（内国株式）,JP,2025-03-31,神奈川県,7018495488.0,0.37616557,,11.760271,16.2841833132117,0.4525,0.0,26.53,,23.5139209264881,20113318000.0,93600000.0,-0.039979998,246319000.0,0.02744,0.03225,0.4699156845712483,20651399000.0,8631415000.0,17931210000.0,15991143000.0,6970929000.0,400744000.0,-2439668200.0,-0.3476055807361089
ダイコク電機,6430,機械,プライム（内国株式）,JP,2025-03-31,愛知県,30706665472.0,0.6182405,33.906754,5.3323555,4.998468379801959,0.25280002,0.0,395.51,62.2,526.8377502553764,,,-0.030550001,,0.10589,0.121199995,0.7908203250373745,11978847000.0,10974440000.0,36122959000.0,,16960449000.0,296151000.0,24351417700.0,0.7930336077098616
竹内製作所,6432,機械,プライム（内国株式）,JP,2026-02-28,長野県,351528091648.0,1.8804828,14.118476,12.438705,9.17343781245875,0.3432,0.028455285,611.8,539.01,552.4500003448449,225284000000.0,37692000000.0,0.119160004,28270000000.0,0.12549,0.15975,0.8303225204656803,38200000000.0,37405000000.0,183948000000.0,,57170000000.0,367000000.0,146004900000.0,0.41534347743167255
ヒーハイスト,6433,機械,スタンダード（内国株式）,JP,2025-03-31,埼玉県,6231663104.0,2.9674559,,,-7.292879984774206,0.0,0.0,-115.16,,-35.440103119861504,2245026000.0,-121495000.0,-0.15970999,-203461000.0,-0.43888,-0.29198998,0.5628749199461854,2188934000.0,859505000.0,2394514000.0,1415710000.0,559165000.0,276538000.0,399156600.0,0.06405298125692772
アマノ,6436,機械,プライム（内国株式）,JP,2025-03-31,神奈川県,247745675264.0,1.7871901,14.214187,12.493014,19.32322331522575,0.6286,0.050167225,286.32,251.65,182.4800008320677,175423000000.0,23040000000.0,0.15041,17828000000.0,0.11416,0.1468,0.699441179800142,57777000000.0,46893000000.0,128119000000.0,15327000000.0,66466000000.0,17097000000.0,82309900000.0,0.332235466521423
ＪＵＫＩ,6440,機械,プライム（内国株式）,JP,2025-12-31,東京都,15960844288.0,0.49583453,16.07143,11.496699,-3.3441749969677694,0.21290001,0.01984127,46.97,33.6,-109.00000030324576,88761000000.0,2663000000.0,0.019340001,1399000000.0,0.01604,0.04482,0.26803157702704944,87909000000.0,67248000000.0,89647000000.0,66432000000.0,13136000000.0,2125000000.0,3225500000.0,0.20208830697164684
サンデン,6444,機械,スタンダード（内国株式）,JP,2025-12-31,群馬県,16792412160.0,0.57938766,1.2645422,60.97561,-21.203438476190478,0.0,0.0,2.46,118.62,-6.979999973409524,190875000000.0,-1508000000.0,-0.00897,274000000.0,0.01053,0.09932999,0.14389144171564322,157507000000.0,142312000000.0,103859000000.0,81698000000.0,18130000000.0,23808000000.0,-36982400000.0,-2.2023280305192316
ジャノメ,6445,機械,プライム（内国株式）,JP,2025-03-31,東京都,21890512896.0,0.63445383,,39.156445,10.018352928136105,1.6472,0.043273013,33.43,,98.81031064111038,,,0.07897,,0.015140001,0.01829,0.6963468939531322,14188000000.0,7146000000.0,25860000000.0,2466000000.0,7134000000.0,1808000000.0,12937600000.0,0.5910140187882056
ブラザー工業,6448,電気機器,プライム（内国株式）,JP,2025-03-31,愛知県,947584892928.0,1.2469572,16.14115,15.454251,21.101324523869536,0.404,0.026511135,247.44,236.91,123.48000002497305,876558000000.0,69888000000.0,0.06528,54778000000.0,0.07569,0.08583,0.7413177504958988,241179000000.0,183343000000.0,574073000000.0,600000000.0,172776000000.0,33570000000.0,356393000000.0,0.3761066714547967
マックス,6454,機械,プライム（内国株式）,JP,2025-03-31,東京都,294176882688.0,2.5511916,6.588804,21.360493,13.62082726124446,0.48330003,0.022465087,76.59,248.3,55.63085609388821,91839000000.0,14468000000.0,0.1461,11225000000.0,0.13946,0.12546,0.8498768166534255,18580000000.0,14622000000.0,74246000000.0,1518000000.0,40175000000.0,20448000000.0,69979600000.0,0.23788273014715236
モリタホールディングス,6455,輸送用機器,プライム（内国株式）,JP,2025-03-31,大阪府,100266131456.0,0.98984206,18.137981,10.877302,9.65249204314098,0.2848,0.026479106,224.78,134.8,217.4699996668613,,,0.16642,,0.081099994,0.095319994,0.6733634689435795,45651000000.0,36138000000.0,87132000000.0,0.0,29892000000.0,14298000000.0,51489600000.0,0.5135293368987243
グローリー,6457,機械,プライム（内国株式）,JP,2025-03-31,兵庫県,207226257408.0,0.9680687,20.888193,14.49286,9.176879918839857,0.4063,0.0,275.86,191.4,287.7500021958123,,,0.16402,,0.04531,0.06864,0.532771054329737,205590000000.0,111698000000.0,224625000000.0,85598000000.0,51580000000.0,11011000000.0,26742700000.0,0.1290507309956735
新晃工業,6458,機械,プライム（内国株式）,JP,2025-03-31,大阪府,83261186048.0,1.3205917,3.525732,12.457303,13.308426677669074,0.5021,0.0,99.54,351.7,88.35772794413857,57005000000.0,9987000000.0,0.18444,7829000000.0,0.115030006,0.10564,0.7172841394402155,20718000000.0,15379000000.0,48153000000.0,2412000000.0,15669000000.0,13212000000.0,36683400000.0,0.4405822417525022
大和冷機工業,6459,機械,プライム（内国株式）,JP,2025-12-31,大阪府,83688988672.0,1.1956904,,16.575874,13.50005756359714,0.48619998,0.005924171,102.8,,110.23999941331185,46919736000.0,7477530000.0,0.1333,5076080000.0,0.10257,0.06661,0.754192533918246,22993644000.0,22584609000.0,69228822000.0,,39410621000.0,775609000.0,46778104300.0,0.5589517216337285
セガサミーホールディングス,6460,機械,プライム（内国株式）,JP,2025-03-31,東京都,433362108416.0,1.2204947,8.645796,,13.935093004841512,0.66,0.025108423,-27.38,247.23,209.01999963356198,,,0.17917,,-0.01181,-0.015620001,0.5917999556435791,263174000000.0,94179000000.0,388744000000.0,154139000000.0,200360000000.0,51185000000.0,161399500000.0,0.3724356533845058
ＴＰＲ,6463,機械,プライム（内国株式）,JP,2025-03-31,東京都,92418187264.0,0.5301974,4.6050096,10.025168,8.86187982881482,0.39130002,0.0,143.04,311.4,121.5338566333535,192494000000.0,11214000000.0,0.063779995,8866000000.0,0.0493,0.058390003,0.5584603415598792,93148000000.0,63967000000.0,149529000000.0,33570000000.0,62461000000.0,35651000000.0,81336700000.0,0.8800940854602045
ツバキ・ナカシマ,6464,機械,プライム（内国株式）,JP,2025-12-31,大阪府,14308897792.0,0.37347826,3.375451,,28.58525416666667,0.0,0.0,-691.7,110.8,16.512009907205943,69837000000.0,-22260000000.0,0.06337,-26990000000.0,-0.37994,-0.54837,0.24420076751638556,114623000000.0,86870000000.0,88091000000.0,92844000000.0,34633000000.0,,-26532000000.0,-1.854230869888095
ホシザキ,6465,機械,プライム（内国株式）,JP,2025-12-31,愛知県,730800259072.0,1.88961,19.993923,19.523775,23.84699206810832,0.42650002,0.02209414,269.62,263.28,256.86270262248433,485890000000.0,51933000000.0,0.12561,38148000000.0,0.07653,0.10029,0.6820302755512937,161732000000.0,135598000000.0,342313000000.0,6390000000.0,177089000000.0,16712000000.0,192279400000.0,0.26310800743853624
ＴＶＥ,6466,機械,スタンダード（内国株式）,JP,2025-09-30,兵庫県,9371411456.0,0.72148824,,9.131638,,0.091400005,0.010825439,437.49,,,10183746000.0,595739000.0,0.13968,597568000.0,0.08943,0.084680006,0.7497331473237054,3987020000.0,2568594000.0,7352676000.0,468518000.0,2392771000.0,2329789000.0,4996508300.0,0.5331649691681193
ニチダイ,6467,機械,スタンダード（内国株式）,JP,2025-03-31,京都府,2962303744.0,0.28020272,3.4526315,,71.59169066921606,0.9615,0.012307692,-83.49,95.0,4.969999955817314,11602714000.0,153657000.0,-0.03486,56477000.0,-0.0686,-0.07206,0.7224520977754293,4003267000.0,3501554000.0,8372840000.0,1986850000.0,3003596000.0,74283000.0,4421571100.0,1.4926123321943856
放電精密加工研究所,6469,機械,スタンダード（内国株式）,JP,2026-02-28,神奈川県,26327998464.0,3.0314324,87.72242,32.025463,,0.2336,0.007553504,76.97,28.1,,14312812000.0,1122919000.0,0.06987,823056000.0,0.0575,0.09493,0.4567274941865855,9328943000.0,5038025000.0,8074612000.0,5566240000.0,2738751000.0,680683000.0,-777852900.0,-0.0295447031821887
大豊工業,6470,機械,スタンダード（内国株式）,JP,2025-03-31,愛知県,32250193920.0,0.50576216,25.18847,,14.466777701270573,20.833302,0.0,-210.72,45.1,60.41999958013807,112789000000.0,479000000.0,0.02221,-4187000000.0,-0.04998,-0.08683,0.5613147397331938,53055000000.0,25379000000.0,63902000000.0,26115000000.0,19952000000.0,5063000000.0,14391100000.0,0.44623297570546827
日本精工,6471,機械,プライム（内国株式）,JP,2025-03-31,東京都,590121140224.0,0.8781888,20.7359,25.946644,45.97280816711202,0.7307,0.030867,46.48,58.16,17.199999985434015,796667000000.0,23555000000.0,0.04281,10647000000.0,0.02508,0.03571,0.534185346478148,550354000000.0,301291000000.0,636662000000.0,,138253000000.0,46085000000.0,118567500000.0,0.20092061090201543
ＮＴＮ,6472,機械,プライム（内国株式）,JP,2025-03-31,大阪府,259323658240.0,0.87345517,18.374052,18.625107,-5.360304869985277,0.4701,0.026724976,23.42,23.74,-44.899999988115205,,,0.05262,,0.015579999,0.04994,0.27192690544998105,607728000000.0,422513000000.0,533861000000.0,353992000000.0,131517000000.0,23235000000.0,-57602500000.0,-0.2221258962292202
ジェイテクト,6473,機械,プライム（内国株式）,JP,2025-03-31,愛知県,658312003584.0,0.8330869,16.461037,54.94155,27.463284506568314,1.5957,0.030128045,37.64,125.63,40.33999998140824,,,-0.02484,,0.00622,0.01798,0.4759475428183757,787922000000.0,482250000000.0,762843000000.0,240474000000.0,119060000000.0,190027000000.0,107939900000.0,0.16396465416451572
不二越,6474,機械,プライム（内国株式）,JP,2025-11-30,東京都,125658808320.0,0.71683365,21.151028,24.698229,20.608108163916206,0.42830002,0.01814882,233.62,272.8,144.10000153087438,235903000000.0,9776000000.0,0.04237,5250000000.0,0.02063,0.02859,0.514933820311203,157048000000.0,80696000000.0,168690000000.0,86320000000.0,32204000000.0,29619000000.0,32375300000.0,0.25764449331362244
ミネベアミツミ,6479,電気機器,プライム（内国株式）,JP,2025-03-31,東京都,1797541593088.0,1.9995542,20.838959,18.137613,15.108979334697088,0.2028,0.011811954,246.78,214.79,147.56999997729005,,,0.14739001,,0.059499998,0.11915,0.46910993971532305,830189000000.0,477232000000.0,904144000000.0,463597000000.0,214256000000.0,37481000000.0,100191700000.0,0.055738181739583836
日本トムソン,6480,機械,プライム（内国株式）,JP,2025-03-31,東京都,141735165952.0,1.6529448,30.440773,34.0,15.68945835633842,0.5042,0.015885837,58.5,65.34,37.71000003060236,54384000000.0,1593000000.0,0.100150004,978000000.0,0.064559996,0.05124,0.6267797059652264,45035000000.0,17046000000.0,79162000000.0,34903000000.0,24434000000.0,11110000000.0,41904000000.0,0.295649987203537
ＴＨＫ,6481,機械,プライム（内国株式）,JP,2025-12-31,東京都,834725740544.0,3.301856,38.067978,82.893715,40.599829032217045,2.7379,0.034770317,89.85,195.65,85.17000030783257,240444000000.0,16023000000.0,0.11323,-69891000000.0,-0.25741,0.05193,0.5525104018672621,207243000000.0,100368000000.0,284367000000.0,123205000000.0,110008000000.0,10880000000.0,84740000000.0,0.1015183741006645
ＹＵＳＨＩＮ,6482,機械,スタンダード（内国株式）,JP,2025-03-31,京都府,21917382656.0,0.670206,11.656953,82.06331,12.948500738675328,2.3502,0.0,8.53,60.05,49.72441531357068,26126713000.0,2586662000.0,0.08236,1692927000.0,0.01238,0.0095,0.8554137094897459,5546996000.0,4881080000.0,26420335000.0,,11689145000.0,559944000.0,21265299800.0,0.9702481420234049
ＫＶＫ,6484,機械,スタンダード（内国株式）,JP,2025-03-31,岐阜県,18664290304.0,0.6059835,,8.518668,6.955194122076243,0.29299998,0.034617048,272.93,,264.03470060272736,,,0.08127,,0.07084,0.07405,0.7808302291984,7950678000.0,7377344000.0,20813181000.0,190231000.0,5455618000.0,1686605000.0,14043126500.0,0.7524061333845828
前澤給装工業,6485,機械,スタンダード（内国株式）,JP,2025-03-31,東京都,29315416064.0,0.7304439,,11.003286,11.173772938581239,0.4584,0.045294944,130.87,,113.54570150052147,,,0.08914,,0.0,0.07348,0.8642114874559763,6246000000.0,5006000000.0,29934000000.0,,10123000000.0,7262000000.0,28771400000.0,0.9814426626996413
イーグル工業,6486,機械,プライム（内国株式）,JP,2025-03-31,東京都,132755013632.0,0.99762326,14.605,13.476356,10.320332204496713,0.5767,0.04423213,216.75,200.0,160.84000091466882,168172000000.0,8494000000.0,0.07621,4877000000.0,0.055370003,0.09239,0.5593953332940182,80968000000.0,47140000000.0,111369000000.0,40395000000.0,26185000000.0,18196000000.0,43138200000.0,0.32494591970424636
ヨシタケ,6488,機械,スタンダード（内国株式）,JP,2025-03-31,愛知県,11700405248.0,0.6382502,9.766455,7.9160213,9.47946432535775,0.30110002,0.0,116.22,94.2,89.03000181314236,9843323000.0,1068874000.0,0.11509,932983000.0,0.1429,0.083620004,0.8302848322612778,3293905000.0,2078529000.0,10642923000.0,1147241000.0,3555202000.0,3827805000.0,10028481500.0,0.8571054837364894
ＰＩＬＬＡＲ,6490,機械,プライム（内国株式）,JP,2025-03-31,大阪府,221069623296.0,2.785729,19.771008,24.890604,12.52418068515335,0.33490002,0.0,388.5,489.1,462.50000214517627,57988000000.0,11335000000.0,0.20805,8299000000.0,0.15032,0.11667,0.7532303299168834,24197000000.0,10600000000.0,51008000000.0,11825000000.0,21883000000.0,6262000000.0,31194400000.0,0.14110667732143561
岡野バルブ製造,6492,機械,スタンダード（内国株式）,JP,2024-11-30,福岡県,24052912128.0,1.8102684,,21.885324,6.098485550218711,0.102299996,0.0065222224,684.02,,433.84001946989355,8169000000.0,1186000000.0,0.33630002,1102000000.0,0.113620006,,0.7866995073891626,3031000000.0,2066000000.0,9245000000.0,858000000.0,4403000000.0,1352000000.0,7160400000.0,0.2976936830723535
ＮＩＴＴＡＮ,6493,輸送用機器,スタンダード（内国株式）,JP,2025-03-31,神奈川県,14028239872.0,0.4528017,,6.297685,16.56544520799365,0.2586,0.0,77.33,,20.923687508703523,51446480000.0,1507641000.0,0.09599,630206000.0,0.0431,0.088199995,0.4357815876523435,28567528000.0,16230934000.0,31532615000.0,12010759000.0,9272996000.0,7664081000.0,8329943700.0,0.5937982081862138
ＮＦＫホールディングス,6494,機械,スタンダード（内国株式）,JP,2025-03-31,東京都,4484463616.0,0.7655311,,49.462364,5.848175787675606,0.0,0.0,1.86,,17.954316664228198,2082243000.0,137108000.0,0.11655,105630000.0,0.02389,0.01437,0.898038580589549,585516000.0,408445000.0,3772110000.0,42937000.0,2583740000.0,1490738000.0,4230110600.0,0.9432812845013391
宮入バルブ製作所,6495,機械,スタンダード（内国株式）,JP,2025-03-31,東京都,6838055936.0,2.2728,,112.69841,32.77077845275928,1.5873,0.0,1.26,,3.6761886941516457,6785681000.0,81991000.0,0.04053,-74849000.0,0.0572,0.10539,0.44679741791165883,4922349000.0,2803255000.0,3522617000.0,2630662000.0,436795000.0,654873000.0,-941320900.0,-0.13765914008457739
中北製作所,6496,機械,スタンダード（内国株式）,JP,2025-05-31,,16965540864.0,0.61156225,,10.87297,12.607132875557747,0.2348,0.010928961,446.98,,288.5378108877467,23768125000.0,1159040000.0,0.04084,1730055000.0,0.060300004,,0.6983528800492368,10995766000.0,9493103000.0,23192378000.0,3078700000.0,5492316000.0,2675365000.0,14069367500.0,0.8292908320921539
ハマイ,6497,機械,スタンダード（内国株式）,JP,2025-12-31,東京都,8947036160.0,0.5146412,,9.233643,17.560536824687127,0.2765,0.03021148,144.58,,59.22676757499086,12715002000.0,1222972000.0,0.085939996,969459000.0,0.07466,0.05768,0.7666132274125886,5204982000.0,2994047000.0,12514166000.0,174801000.0,4248484000.0,4508495000.0,10465130500.0,1.169675668327689
キッツ,6498,機械,プライム（内国株式）,JP,2025-12-31,東京都,220876390400.0,3.0660262,19.43106,19.260216,8.266069764726383,0.402,0.0066401064,131.93,130.77,132.640000656918,176682000000.0,15455000000.0,0.03596,11465000000.0,0.03033,0.04796,0.6410199376101994,64536000000.0,27232000000.0,110281000000.0,36305000000.0,28239000000.0,5677000000.0,49718900000.0,0.22509830004900333
日立製作所,6501,電気機器,プライム（内国株式）,JP,2025-03-31,,21301313929216.0,3.273681,26.592937,26.838528,27.232429759383525,0.2831,0.010736526,176.5,178.13,133.720000014238,,,0.121070005,,0.07579,0.13299,0.4401334817434013,7253396000000.0,5907845000000.0,6597843000000.0,1206116000000.0,866242000000.0,349567000000.0,-410856100000.0,-0.019287828974553854
三菱電機,6503,電気機器,プライム（内国株式）,JP,2025-03-31,東京都,11988021280768.0,2.6860619,35.47293,29.50985,18.01168594067425,0.2773,0.009918846,198.51,165.14,135.74000002292274,5521711000000.0,391850000000.0,0.07956,324084000000.0,0.06917,0.09964,0.6194912542662117,2299314000000.0,1847029000000.0,3747535000000.0,360661000000.0,757331000000.0,312836000000.0,1667206200000.0,0.1390726760449321
富士電機,6504,電気機器,プライム（内国株式）,JP,2025-03-31,東京都,2119700971520.0,2.6452408,23.640974,21.595934,10.057796006598771,0.3007,0.014798372,664.94,607.42,642.6900006357293,,,0.16527,,0.07986,0.1289,0.5271903518966601,581518000000.0,431466000000.0,766672000000.0,101293000000.0,63542000000.0,108713000000.0,261253100000.0,0.12324997889332477
東洋電機製造,6505,電気機器,スタンダード（内国株式）,JP,2025-05-31,東京都,17971779584.0,0.57882005,16.336065,8.275204,9.892142197422293,0.2906,0.036157023,240.84,122.0,99.47866794339824,40539000000.0,2384000000.0,0.11287,2128000000.0,0.067140006,0.094960004,0.5146213117834993,25827000000.0,17244000000.0,30086000000.0,9207000000.0,5007000000.0,14178000000.0,14183600000.0,0.7892151099286484
安川電機,6506,電気機器,プライム（内国株式）,JP,2025-02-28,福岡県,1726093721600.0,3.5696874,32.480843,49.089027,28.982906749522034,0.5011,0.010734017,135.57,204.89,193.69000036004246,537682000000.0,50157000000.0,0.087969996,56987000000.0,0.065,0.0784,0.5797298641791727,304165000000.0,179505000000.0,462837000000.0,109526000000.0,59028000000.0,74735000000.0,210986500000.0,0.12223351337169941
シンフォニアテクノロジー,6507,電気機器,プライム（内国株式）,JP,2025-03-31,,387684499456.0,3.9197192,37.976784,26.752338,11.226955192876948,0.3016,0.0,513.6,361.8,266.22685677803787,119150000000.0,15734000000.0,0.19962999,12097000000.0,0.11309,0.16195999,0.5871529380729407,56340000000.0,38296000000.0,77049000000.0,14935000000.0,10221000000.0,14086000000.0,30569200000.0,0.07885071506055771
明電舎,6508,電気機器,プライム（内国株式）,JP,2025-03-31,東京都,422338494464.0,2.4149082,30.80028,17.881493,10.93348688706388,0.3015,0.01764045,520.65,302.27,247.00000255707278,301101000000.0,21517000000.0,0.16382,18487000000.0,0.07243,0.14968,0.40655403445760474,199136000000.0,118069000000.0,217116000000.0,44565000000.0,30679000000.0,23498000000.0,34428600000.0,0.08151897222557032
オリジン,6513,電気機器,スタンダード（内国株式）,JP,2025-03-31,埼玉県,5634562560.0,0.24740125,,,-4.435833092578347,0.6589,0.032771535,-422.29,,-255.1086208785989,28803206000.0,-246662000.0,-0.01311,-83748000.0,-0.082600005,-0.07964,0.5254800570259421,18781574000.0,8760745000.0,25268259000.0,2540064000.0,6760829000.0,7711534000.0,11884758800.0,2.109260243975355
山洋電気,6516,電気機器,プライム（内国株式）,JP,2025-03-31,東京都,232623505408.0,1.8181096,10.70104,26.88172,7.787937065590591,0.4239,0.0,243.66,612.09,289.1733332891721,97847000000.0,7936000000.0,0.11432,5637000000.0,0.08068,0.07181,0.7783324635372318,32281000000.0,23533000000.0,94862000000.0,7281000000.0,28898000000.0,11845000000.0,70872500000.0,0.3046661165031291
デンヨー,6517,電気機器,プライム（内国株式）,JP,2025-03-31,東京都,75306459136.0,0.91883177,13.491488,13.466615,8.94745064691664,0.36169997,0.027548209,276.61,276.1,246.8300027269992,70753000000.0,7394000000.0,0.14104,5647000000.0,0.07807,0.07123,0.7495514194543321,22447000000.0,17575000000.0,66647000000.0,4449000000.0,23500000000.0,10758000000.0,51730600000.0,0.6869344355518949
三相電機,6518,電気機器,スタンダード（内国株式）,JP,2025-03-31,兵庫県,9072313344.0,0.71979654,,15.946576,29.81365032170922,0.2011,0.012893244,124.29,,25.984203598069328,,,0.02142,,0.03105,0.04637,0.6428448549922338,6610366000.0,4349882000.0,10829394000.0,1856975000.0,2706411000.0,974133000.0,4900921100.0,0.5402063304219136
オキサイド,6521,電気機器,グロース（内国株式）,JP,2026-02-28,山梨県,51951767552.0,11.038098,96.76026,,-5.305235690167194,0.0,0.0,-47.08,46.3,-243.9099929901926,10040393000.0,542746000.0,0.21765,-538075000.0,-0.053590003,-0.10647,0.3178055920500643,10078161000.0,6592547000.0,7766505000.0,7542645000.0,2287394000.0,,-2311656000.0,-0.044496195392893956
アスタリスク,6522,電気機器,グロース（内国株式）,JP,2025-08-31,大阪府,5707491328.0,3.2391248,,,-8.866342665955088,0.0,0.0,-22.65,,-54.81403305853934,1666306000.0,-125649000.0,0.021559998,-182293000.0,-0.109610006,-0.09742,0.6217528107340214,1051986000.0,984390000.0,1729612000.0,721678000.0,932258000.0,101250000.0,748501000.0,0.13114360705691816
ＰＨＣホールディングス,6523,電気機器,プライム（内国株式）,JP,2025-03-31,東京都,133976268800.0,0.8287124,11.7146015,23.177938,-11.105879295750007,0.9182,0.039252337,45.69,90.4,-102.47205160636227,361593000000.0,22952000000.0,0.058530003,10484000000.0,0.00135,0.00145,0.26599772386672227,391311000000.0,140555000000.0,172790000000.0,255260000000.0,39592000000.0,13932000000.0,-208768600000.0,-1.558250590719541
湖北工業,6524,電気機器,スタンダード（内国株式）,JP,2025-12-31,滋賀県,139630657536.0,5.8836436,43.960526,46.95531,24.23416238258908,0.2876,0.0062381853,114.79,122.61,120.49999940713407,17454000000.0,4624000000.0,0.26805001,2992000000.0,0.19859,0.16747,0.8276775309862636,4880000000.0,2584000000.0,17027000000.0,2053000000.0,8517000000.0,1952000000.0,13513400000.0,0.09677960584347986
ＫＯＫＵＳＡＩ　ＥＬＥＣＴＲＩＣ,6525,電気機器,プライム（内国株式）,JP,2025-03-31,東京都,2326721462272.0,10.605068,52.065254,77.379745,40.22937752270508,0.2879,0.0,128.69,191.26,93.70000004732323,238933000000.0,51320000000.0,0.15022,36004000000.0,0.12804,0.1449,0.5744102696244934,145344000000.0,82671000000.0,172852000000.0,60184000000.0,44755000000.0,1706000000.0,28702200000.0,0.012335898587522737
ソシオネクスト,6526,電気機器,プライム（内国株式）,JP,2025-03-31,神奈川県,421287264256.0,3.166883,16.825308,48.683678,,1.0113,0.022075055,49.38,142.88,,,,0.087740004,,0.04348,0.06466,0.804676123819813,33266000000.0,31271000000.0,126290000000.0,1298000000.0,72837000000.0,0.0,93024000000.0,0.2208089536347173
ベイカレント,6532,サービス業,プライム（内国株式）,JP,2026-02-28,東京都,822003695616.0,7.115369,21.91496,22.02675,31.40793791732554,0.4013,0.018034264,248.97,250.24,202.1599994132365,148332000000.0,50931000000.0,0.37120998,37840000000.0,0.2551,0.35793,0.7431691907165762,40447000000.0,35486000000.0,114292000000.0,6575000000.0,72308000000.0,6029000000.0,78065300000.0,0.09496952436630929
Ｏｒｃｈｅｓｔｒａ　Ｈｏｌｄｉｎｇｓ,6533,サービス業,プライム（内国株式）,JP,2025-12-31,東京都,8967712768.0,1.369273,22.561693,,-28.202015337949252,0.5836,0.012474013,-8.95,42.55,-27.585228789068754,1287417000.0,75190000.0,0.14643,-86285000.0,0.06583,0.16555001,0.18760785098106011,5198867000.0,3312689000.0,2269294000.0,4601317000.0,223260000.0,,-2929573000.0,-0.32668006612051204
アイモバイル,6535,サービス業,プライム（内国株式）,JP,2024-07-31,東京都,28440100864.0,1.658798,9.4360695,11.741547,10.398438541275151,0.6021,0.053169735,43.18,53.73,41.98999978657975,,,0.21033001,,0.112749994,0.14436,0.638312642927148,8857000000.0,8730000000.0,21383000000.0,,18602000000.0,477000000.0,12859900000.0,0.45217490829219587
ＷＡＳＨハウス,6537,サービス業,グロース（内国株式）,JP,2025-12-31,宮崎県,2389251584.0,1.4247191,10.747664,226.9737,77.74282954838709,0.0,0.0,1.52,32.1,4.476297068444171,2529000000.0,20000000.0,-0.07106,10000000.0,0.0226,0.032360002,0.3970387243735763,2553000000.0,1464000000.0,2589000000.0,1030000000.0,1085000000.0,2000000.0,37400000.0,0.015653437356892425
ディスラプターズ,6538,サービス業,スタンダード（内国株式）,JP,2025-03-31,東京都,4523967488.0,1.6823995,5.490683,6.6466165,15.114009790152167,0.1503,0.0,33.25,40.25,10.309656644947493,,,0.15245,,0.13297,0.27829,0.5799894403379092,1591000000.0,966000000.0,1642000000.0,828000000.0,1067000000.0,2000000.0,52400000.0,0.011582753443519
ＭＳ－Ｊａｐａｎ,6539,サービス業,プライム（内国株式）,JP,2025-03-31,東京都,23486130176.0,2.4675498,,22.705431,22.65878643475574,1.3449,0.05907173,41.62,,45.39966413944454,7474012000.0,1604916000.0,0.39361998,1032737000.0,0.13522,0.11115,0.8920630677573548,1067396000.0,916595000.0,5778115000.0,186761000.0,4298269000.0,1457114000.0,5730698800.0,0.24400353557846174
船場,6540,サービス業,スタンダード（内国株式）,JP,2025-12-31,東京都,15855837184.0,1.1262097,,10.455216,8.830145971983377,0.5346,0.050904218,142.13,,140.74999683147533,32831820000.0,2305370000.0,0.055710003,1515125000.0,0.044260003,0.10649,0.659017510408257,7548818000.0,7110202000.0,19840189000.0,,9740011000.0,197148000.0,12429374600.0,0.7838989802785301
日宣,6543,サービス業,スタンダード（内国株式）,JP,2026-02-28,東京都,4591353856.0,1.1472648,,6.860376,10.275400065693507,0.1886,0.027705628,169.67,,64.82000792315836,6481269000.0,485719000.0,0.02927,662459000.0,0.102139995,0.17803,0.6956168989140166,1751659000.0,1239555000.0,3509215000.0,209588000.0,2590516000.0,278993000.0,1952851100.0,0.4253323009395162
ジャパンエレベーターサービスホールディングス,6544,サービス業,プライム（内国株式）,JP,2025-03-31,東京都,281016893440.0,11.4289875,19.716543,38.42581,47.661683942188446,0.5128,0.012987013,40.91,79.73,25.260703185131856,49375000000.0,8625000000.0,0.19489,5530000000.0,0.12706,0.32522,0.5637020928065072,15093000000.0,12268000000.0,16717000000.0,5003000000.0,2344000000.0,63000000.0,1668100000.0,0.005935942069461944
インターネットインフィニティー,6545,サービス業,グロース（内国株式）,JP,2025-03-31,東京都,3747476480.0,2.0761082,13.276515,16.256958,18.59525712015464,0.4172,0.0,43.12,52.8,23.990001717192218,5161692000.0,401035000.0,0.104320005,255060000.0,0.05414,0.18574,0.3804715018055078,2681924000.0,1966001000.0,3306774000.0,1468189000.0,2299844000.0,,624850000.0,0.16673887170067042
フルテック,6546,サービス業,スタンダード（内国株式）,JP,2025-12-31,北海道,6065443328.0,1.0565181,,24.238525,13.11147851142625,0.6868,0.022522522,46.62,,85.30735051652026,13566729000.0,456087000.0,0.0583,250059000.0,0.027320001,0.05314,0.6122023534015092,4432168000.0,3776613000.0,6632381000.0,823053000.0,1802453000.0,921741000.0,2845431700.0,0.46912180134708203
グリーンズ,6547,サービス業,スタンダード（内国株式）,JP,2025-06-30,三重県,28389310464.0,2.1516614,7.8256917,5.8699913,5.381463012491778,0.0994,0.01686747,352.13,264.13,355.5119553986687,49645000000.0,6307000000.0,0.06489,5260000000.0,0.09592,0.41573003,0.3460976024485632,19228000000.0,7831000000.0,14322000000.0,12232000000.0,10013000000.0,121000000.0,-4821300000.0,-0.1698280064291737
旅工房,6548,サービス業,グロース（内国株式）,JP,2025-06-30,東京都,2688515584.0,3.1439998,,,-12.087087305093867,0.0,0.0,-19.48,,-17.704844401166348,3722853000.0,-111626000.0,-0.049590003,-767900000.0,-0.0959,,0.15812870488595462,3101255000.0,2565875000.0,3444176000.0,500000000.0,2603535000.0,,342921000.0,0.12755031142121884
ディーエムソリューションズ,6549,サービス業,スタンダード（内国株式）,JP,2025-03-31,東京都,5755984384.0,3.2029963,,9.33596,9.294209798072682,0.1612,0.0,223.33,,141.65000908595312,21155962000.0,678865000.0,0.0137600005,496106000.0,0.01512,0.121520005,0.40877516229236693,4841769000.0,2941278000.0,4341384000.0,2309550000.0,1361152000.0,65500000.0,-454535000.0,-0.07896737893582166
ツナググループ・ホールディングス,6551,サービス業,スタンダード（内国株式）,JP,2025-09-30,東京都,4301394432.0,1.9108845,,8.228353,15.952562537144866,0.2232,0.026565464,62.71,,41.26999923174569,18269126000.0,877307000.0,0.05582,511417000.0,0.029000001,0.23595,0.452024308035006,2381764000.0,2346802000.0,3287809000.0,159164000.0,1148474000.0,,906045000.0,0.21063983187859392
ＧａｍｅＷｉｔｈ,6552,サービス業,スタンダード（内国株式）,JP,2025-05-31,,3178292224.0,1.1231796,31.929825,,-14.872701241116918,0.0,0.0,-0.96,5.7,-19.566048916218687,3451913000.0,-196885000.0,0.13983,-235822000.0,0.1708,0.16217,0.7993488059151225,671596000.0,640629000.0,2778102000.0,44981000.0,2142876000.0,233744000.0,2270126800.0,0.7142599358415698
エスユーエス,6554,サービス業,グロース（内国株式）,JP,2025-09-30,京都府,8689944576.0,1.9238299,,8.576998,10.46382989427474,0.3986,0.046728972,112.86,,66.26000049970166,15015000000.0,1213000000.0,0.12895,915000000.0,0.06497,0.23044,0.62933730454207,2398000000.0,2321000000.0,5570000000.0,9000000.0,3407000000.0,192000000.0,3306400000.0,0.3804857408563523
ＭＳ＆Ｃｏｎｓｕｌｔｉｎｇ,6555,サービス業,スタンダード（内国株式）,JP,2026-02-28,東京都,1885415808.0,0.6373215,,10.420294,,0.0,0.0,40.21,,,2584946000.0,252089000.0,0.14513999,173072000.0,0.06695,0.06329,0.7980980475855297,789293000.0,766601000.0,1428611000.0,186296000.0,1029998000.0,40210000.0,667465000.0,0.35401474686267187
ＡＩＡＩグループ,6557,サービス業,グロース（内国株式）,JP,2025-03-31,東京都,3908728064.0,1.2041672,4.294872,6.3681483,11.697247800461987,0.0,0.0,94.69,140.4,56.679999544321404,13071341000.0,733473000.0,0.10212,421875000.0,0.04244,0.20488001,0.22592487264127079,9654611000.0,3881368000.0,4651054000.0,7155199000.0,2346970000.0,749802000.0,-4478695600.0,-1.1458191838029077
クックビズ,6558,サービス業,グロース（内国株式）,JP,2025-11-30,大阪府,1817767552.0,1.7717055,,,979.798117350612,0.0,0.0,-145.12,,0.9899998610151383,2860676000.0,-374078000.0,-0.04899,-404687000.0,-0.115380004,-0.26573,0.30359339164409027,2519659000.0,1070696000.0,2600330000.0,2042273000.0,1863306000.0,58000.0,80711600.0,0.044401496721182536
エル・ティー・エス,6560,サービス業,プライム（内国株式）,JP,2025-12-31,東京都,7362021888.0,1.4650795,9.201982,10.917401,10.906431856805376,0.22850001,0.021367522,153.15,181.7,212.819987318291,17101000000.0,1186000000.0,0.11319,696000000.0,0.04587,0.16011,0.474728342139368,5269000000.0,3102000000.0,6877000000.0,2917000000.0,3376000000.0,551000000.0,1993700000.0,0.27080875747594624
ＨＡＮＡＴＯＵＲ　ＪＡＰＡＮ,6561,サービス業,グロース（内国株式）,JP,2025-12-31,東京都,9793267712.0,2.2096694,,7.070982,8.202926008942216,0.36259997,0.052287582,110.31,,129.59748900847836,7180131000.0,1998226000.0,0.27959,1385131000.0,0.19614,0.35568002,0.3997447670243773,6735066000.0,2593895000.0,5297257000.0,4253544000.0,2947183000.0,,-1437809000.0,-0.14681606204211156
ジーニー,6562,サービス業,グロース（内国株式）,JP,2025-03-31,東京都,11042163712.0,1.1203607,7.066917,14.764005,17.668442035937662,0.0,0.0,61.23,127.92,58.29602847296763,11321923000.0,2520609000.0,0.07209,1954240000.0,0.06474,0.10042,0.33023963859433103,15181125000.0,7367749000.0,7887185000.0,10218858000.0,2861486000.0,510936000.0,-6936284800.0,-0.6281635538931593
みらいワークス,6563,サービス業,グロース（内国株式）,JP,2025-09-30,東京都,2507752704.0,0.78680533,8.853974,21.98256,88.5760194713418,0.0,0.0,21.79,54.1,12.430000880274616,11144579000.0,284179000.0,0.04876,91164000.0,0.022950001,0.11862001,0.42078641373825065,1798742000.0,1798742000.0,2749978000.0,,1447732000.0,,951236000.0,0.3793181036083532
ミダックホールディングス,6564,サービス業,プライム（内国株式）,JP,2025-03-31,静岡県,54668451840.0,3.0335798,18.202765,18.944843,22.557282508903317,0.1725,0.0,104.25,108.5,68.99000037334717,10905457000.0,4534483000.0,0.41502997,2862856000.0,0.24384001,0.17256,0.54231124366338,13040885000.0,3993375000.0,9605214000.0,9323316000.0,8115702000.0,255064000.0,-3257126200.0,-0.05957963122008176
要興業,6566,サービス業,スタンダード（内国株式）,JP,2025-03-31,東京都,18617044992.0,0.8934611,,11.78776,11.146187473986771,0.2914,0.0,99.51,,95.39046357472355,,,0.15955,,0.105629995,0.078150004,0.81134329548452,4551629000.0,2192406000.0,7328392000.0,978779000.0,5635373000.0,3070971000.0,4926442700.0,0.26462001365506505
神戸天然物化学,6568,サービス業,グロース（内国株式）,JP,2025-03-31,兵庫県,9777287168.0,2.022418,8.704342,12.749849,7.097446786116161,0.33330002,0.008136696,99.06,145.1,193.5001037471178,8178920000.0,771860000.0,0.06461,737329000.0,0.08478,,0.6708976007625874,6632218000.0,2268579000.0,7475498000.0,3119023000.0,2385561000.0,232610000.0,1006107000.0,0.10290247005251918
共和コーポレーション,6570,サービス業,スタンダード（内国株式）,JP,2025-03-31,長野県,9868298240.0,1.6734432,,8.800939,7.890367277881334,0.13340001,0.015508685,187.48,,108.11999179099938,16705339000.0,1294984000.0,0.12003,917229000.0,0.054130003,0.2084,0.31641322440400277,10525364000.0,5510177000.0,6688442000.0,5909304000.0,4499974000.0,330733000.0,-3605408900.0,-0.3653526486852509
キュービーネットホールディングス,6571,サービス業,プライム（内国株式）,JP,2025-06-30,東京都,16935878656.0,1.1095285,11.462415,15.233712,11.382340650782357,0.4239,0.027844073,82.58,109.75,97.3248241065136,25543000000.0,1685000000.0,0.02964,1022000000.0,0.03724,0.06779,0.42918944199234166,19528000000.0,6135000000.0,6884000000.0,15752000000.0,5271000000.0,2017000000.0,-11232100000.0,-0.6632133016624278
オープングループ,6572,サービス業,プライム（内国株式）,JP,2026-02-28,東京都,11200107520.0,1.053139,26.447369,18.4573,,0.45,0.024019608,10.89,7.6,,8148088000.0,1004766000.0,0.13379,639216000.0,0.07842,0.05677,0.5424769589900903,8968246000.0,6722164000.0,14690006000.0,4409101000.0,10312431000.0,1611744000.0,6849980800.0,0.6115995572156793
ＣＲＡＶＩＡ,6573,サービス業,グロース（内国株式）,JP,2025-12-31,東京都,1149627008.0,1.8633077,,,-5.865348227294803,0.0,0.0,-8.16,,-13.980414601541872,546224000.0,-282201000.0,-0.36471,-258588000.0,0.0033399998,,0.6428216149042031,234722000.0,136730000.0,344920000.0,130748000.0,89161000.0,151297000.0,216105900.0,0.1879791432318194
コンヴァノ,6574,サービス業,グロース（内国株式）,JP,2025-03-31,東京都,42216779776.0,3.7972367,,,-9.942248573252394,0.0,0.0,-2.01,,-0.7718420749024302,3240603000.0,134698000.0,-0.44494998,77838000.0,-0.06838,-0.16797,0.5509282889919145,1420884000.0,848342000.0,1384199000.0,705117000.0,806173000.0,171530000.0,83386000.0,0.0019751861805292043
ベストワンドットコム,6577,サービス業,グロース（内国株式）,JP,2024-07-31,東京都,3080692480.0,2.873782,,,17.041367196195424,2.4233,0.0074294205,-40.38,,162.0699658091243,,,-0.039219998,,0.00826,0.01858,0.4011883805117864,1718160000.0,964141000.0,2292578000.0,988731000.0,1602898000.0,209246000.0,720890200.0,0.2340026486512539
コレックホールディングス,6578,サービス業,スタンダード（内国株式）,JP,2026-02-28,東京都,3277609472.0,3.0573912,,82.59259,,1.6667,0.0,5.4,,,6685077000.0,63105000.0,-0.02664,40250000.0,0.011849999,,0.3489468867744745,2001974000.0,1854731000.0,2678863000.0,733896000.0,1460042000.0,,676889000.0,0.20651911271996715
ログリー,6579,サービス業,グロース（内国株式）,JP,2025-03-31,東京都,1296823040.0,0.51675594,,,-43.88329608106094,0.0,0.0,-19.32,,-12.533242694077572,1605189000.0,-162161000.0,0.05644,-189375000.0,0.01632,0.033180002,0.43623136741373164,629424000.0,614844000.0,963603000.0,263192000.0,754980000.0,94966000.0,400655200.0,0.3089513277000384
ライトアップ,6580,サービス業,グロース（内国株式）,JP,2025-03-31,東京都,3872595968.0,1.2021215,5.0,15.354018,17.726366736989437,0.2783,0.0,50.28,154.4,44.45999614420667,4003770000.0,720720000.0,-0.47696,485040000.0,0.07311,0.08049,0.7453931926635092,1065765000.0,1061714000.0,3740374000.0,5785000.0,2722706000.0,51159000.0,2710420300.0,0.6998975163938403
三櫻工業,6584,輸送用機器,プライム（内国株式）,JP,2025-03-31,東京都,36345692160.0,0.7571547,7.265569,23.826292,32.54501752213232,0.65769994,0.0,42.6,139.7,20.589336656830348,,,0.01005,,0.00956,0.04318,0.3779388413665932,69051000000.0,41878000000.0,70348000000.0,39674000000.0,22692000000.0,6707000000.0,5991900000.0,0.16485860204897526
マキタ,6586,機械,プライム（内国株式）,JP,2025-03-31,愛知県,1469926473728.0,1.4781888,23.18446,19.028719,16.691363881242747,0.50009996,0.02736727,299.81,246.07,294.899999673275,,,0.13627,,0.10213,0.08202,0.8368595377420303,174029000000.0,138998000000.0,756437000000.0,10152000000.0,253279000000.0,35881000000.0,607524700000.0,0.4133027813691982
東芝テック,6588,電気機器,プライム（内国株式）,JP,2025-03-31,東京都,170620551168.0,1.8137616,12.9838705,,-23.732125579145826,0.0796,0.006546645,-43.08,248.0,-123.92000033700623,577023000000.0,20251000000.0,0.06944,29937000000.0,-0.00401,-0.02842,0.3120584575498526,230690000000.0,169652000000.0,209574000000.0,40625000000.0,47945000000.0,37148000000.0,4887600000.0,0.028646021634213738
芝浦メカトロニクス,6590,電気機器,プライム（内国株式）,JP,2025-03-31,神奈川県,310472474624.0,5.584838,6.3558183,27.77941,9.098831451273636,0.3524,0.013143483,170.27,744.2,133.25400024932273,80915000000.0,14136000000.0,0.13420999,10328000000.0,0.12691,0.21715,0.49678719919365,47928000000.0,38742000000.0,74154000000.0,8736000000.0,28478000000.0,,26226000000.0,0.08447125637066923
マブチモーター,6592,電気機器,プライム（内国株式）,JP,2025-12-31,千葉県,382819532800.0,1.1325716,11.861633,14.719494,21.343422385164097,0.50060004,0.034788318,105.88,131.39,50.48999992055233,200417000000.0,25468000000.0,0.10564999,26272000000.0,0.14104,0.08934,0.9029346531122776,35927000000.0,28311000000.0,247715000000.0,1299000000.0,143405000000.0,16366000000.0,223244200000.0,0.5831578090259871
ニデック,6594,電気機器,プライム（内国株式）,JP,2025-03-31,京都府,3127133339648.0,1.7773457,14.390462,26.025568,28.337847821666816,0.1907,0.0076132473,104.82,189.57,108.29898672585963,2607813000000.0,238116000000.0,0.07153,164365000000.0,0.04586,0.06313,0.5169942755523053,1579992000000.0,1065717000000.0,1628017000000.0,636046000000.0,246239000000.0,5973000000.0,52206100000.0,0.016694555149949726
ＨＰＣシステムズ,6597,電気機器,グロース（内国株式）,JP,2024-06-30,東京都,16494328832.0,5.575193,39.822598,33.894936,18.990356518169428,0.2223,0.006542056,125.83,107.1,69.08999838505135,,,0.12234,,0.06808,0.21172,0.522081165277957,2277386000.0,1751702000.0,4412971000.0,1257910000.0,1834204000.0,51200000.0,2171425000.0,0.13164676308546144
エブレン,6599,電気機器,スタンダード（内国株式）,JP,2025-03-31,東京都,4587198976.0,0.89892185,,12.592685,10.614511146007654,0.19870001,0.0,241.41,,220.05540202919872,4025988000.0,464597000.0,0.15156999,313410000.0,0.09116,0.07362,0.8106392698008293,1117992000.0,706830000.0,4645755000.0,,2730393000.0,299918000.0,3737705600.0,0.81481218049522
バルミューダ,6612,電気機器,グロース（内国株式）,JP,2025-12-31,東京都,4880596992.0,1.9325398,,,105.81542637313433,0.0,0.0,-187.84,,7.909999786311946,10115000000.0,-866000000.0,-0.15042,-1596000000.0,-0.16268,-0.48074,0.6031337196823353,1849000000.0,1704000000.0,3972000000.0,769000000.0,673000000.0,,2123000000.0,0.43498776962734315
ＱＤレーザ,6613,電気機器,グロース（内国株式）,JP,2025-03-31,神奈川県,115855089664.0,23.628902,893.2258,,-29.50788334963479,0.0,0.0,-8.65,3.1,-10.675113367760371,,,-0.2674,,-0.2602,-0.07057,0.9479459006282025,286603000.0,256096000.0,4554880000.0,0.0,3754424000.0,,4268277000.0,0.036841514795584285
シキノハイテック,6614,電気機器,スタンダード（内国株式）,JP,2025-03-31,富山県,3587547392.0,1.5659951,5.5958905,,20.757768584194935,0.2378,0.0,-24.91,146.0,115.12999517176605,6516011000.0,56301000.0,-0.00564,-14584000.0,-0.01681,-0.04579,0.4565374634990813,2941510000.0,1568518000.0,3546848000.0,685083000.0,557141000.0,96584000.0,672946800.0,0.18757851157607788
ユー・エム・シー・エレクトロニクス,6615,電気機器,プライム（内国株式）,JP,2025-03-31,埼玉県,6415859200.0,0.37506476,1.6801769,26.886793,-3.398336537805974,1.1791999,0.0,8.48,135.7,-89.12664206420715,,,-0.00168,,0.0025099998,0.01818,0.20765762094912124,58311000000.0,46036000000.0,45732000000.0,31753000000.0,11559000000.0,,-12579000000.0,-1.9606103575340306
トレックス・セミコンダクター,6616,電気機器,プライム（内国株式）,JP,2025-03-31,東京都,25484922880.0,1.3584203,26.468647,21.99671,-5.674819410198652,0.512,0.0,109.38,90.9,-214.6239914505913,,,0.05686,,0.046230003,0.0641,0.5177526789902809,16207367000.0,7054217000.0,20836112000.0,12984430000.0,9429457000.0,1232434000.0,5491448800.0,0.21547833697034913
東光高岳,6617,電気機器,プライム（内国株式）,JP,2025-03-31,東京都,120659116032.0,1.7866135,46.637875,18.37851,8.630045118044228,0.2917,0.016949153,411.35,162.1,238.36450533100594,,,0.09217,,0.0589,0.10311,0.5364269876464999,47198000000.0,27025000000.0,70255000000.0,3710000000.0,13432000000.0,1359000000.0,24008300000.0,0.1989762629591349
ダブル・スコープ,6619,電気機器,プライム（内国株式）,JP,2026-01-31,東京都,12245950464.0,0.28627715,3.3997655,,-4.023602085645031,0.0,0.0,-225.88,59.71,-67.60111815490204,3630000000.0,-4919000000.0,-0.26263002,-12465000000.0,-2.73474,-0.27145,0.7871317590954542,11070000000.0,8566000000.0,3863000000.0,8145000000.0,271000000.0,34616000000.0,17024200000.0,1.3901901734819886
宮越ホールディングス,6620,不動産業,プライム（内国株式）,JP,2025-03-31,東京都,24128411648.0,0.98423105,,,101.60277108768658,0.0,0.0,-48.44,,13.39530394132077,1030000000.0,284000000.0,-159.85713,365000000.0,0.0,-0.0764,0.9119980597997436,870000000.0,358000000.0,12794000000.0,,11844000000.0,,11924000000.0,0.49418918136653966
ダイヘン,6622,電気機器,プライム（内国株式）,JP,2025-03-31,大阪府,382902534144.0,2.4859118,24.490412,27.430157,13.368534117744403,0.3044,0.012024048,591.32,662.3,673.2000072976938,226375000000.0,16179000000.0,0.08479,11961000000.0,0.05934,0.09656999,0.47675668598441256,136950000000.0,86891000000.0,193568000000.0,68944000000.0,30354000000.0,15980000000.0,67804000000.0,0.1770790056314974
ＪＡＬＣＯホールディングス,6625,不動産業,スタンダード（内国株式）,JP,2025-03-31,東京都,35934507008.0,1.8959835,,19.938652,501.3024270565107,1.1036,0.055555556,16.3,,0.6114951570204551,,,0.30174,,0.105909996,0.09475,0.2452467882663816,58607676000.0,12454394000.0,23293876000.0,50875404000.0,3958931000.0,604819000.0,-34890426700.0,-0.9709449107575746
ＳＥＭＩＴＥＣ,6626,電気機器,スタンダード（内国株式）,JP,2025-03-31,東京都,19364669440.0,0.8118336,7.3703437,7.3060355,8.82469534510195,0.1701,0.023737373,276.21,273.8,191.9399985472452,25334323000.0,3915977000.0,0.10828,3113136000.0,0.10566,0.11428001,0.7444811337553782,7971060000.0,4897408000.0,23416799000.0,2785094000.0,12139909000.0,198782000.0,15584886400.0,0.8048103505349585
テラプローブ,6627,電気機器,スタンダード（内国株式）,JP,2025-12-31,神奈川県,97701658624.0,4.4264493,27.141773,28.971434,7.367394650007396,0.29709998,0.0,370.71,395.7,385.7511829054823,41746379000.0,8893950000.0,0.10012,3367998000.0,0.03993,0.07158,0.40244889017763785,40644300000.0,15096602000.0,30818757000.0,29050153000.0,14371741000.0,,-9825543000.0,-0.10056679833669065
テクノホライゾン,6629,電気機器,スタンダード（内国株式）,JP,2025-03-31,愛知県,12520131584.0,1.0198033,10.992782,,-8.756760438765934,1.3792999,0.022075055,-45.75,84.51,-45.719151146397564,,,0.06463,,0.04792,0.22007999,0.26977103249698303,27298975000.0,22560911000.0,28260671000.0,16593939000.0,3438718000.0,457291000.0,1281799700.0,0.10237909173718793
ヤーマン,6630,電気機器,プライム（内国株式）,JP,2025-12-31,東京都,39450189824.0,1.626946,26.803738,,72.50324911497881,0.7004,0.018723994,-9.01,26.75,12.83217428142914,25040000000.0,633000000.0,-0.0023,706000000.0,-0.069409996,,0.8743232098676897,3503000000.0,3236000000.0,24691000000.0,118000000.0,14498000000.0,1350000000.0,22133000000.0,0.5610365906664186
ＪＶＣケンウッド,6632,電気機器,プライム（内国株式）,JP,2025-03-31,神奈川県,156044804096.0,1.0784111,10.133887,9.836874,9.49668173308682,0.16129999,0.016697587,111.57,108.3,134.06683505468203,,,0.058920003,,0.04704,0.120699994,0.39926149564684554,181938000000.0,126148000000.0,196825000000.0,50374000000.0,48597000000.0,8472000000.0,20817400000.0,0.13340655666556492
ＣＧＳホールディングス,6633,電気機器,スタンダード（内国株式）,JP,2025-12-31,福岡県,3144952576.0,0.9605841,,11.915047,22.00626558137899,0.36,0.030487806,27.78,,12.82664982633407,4982129000.0,342901000.0,0.07412,263954000.0,0.04721,0.088070005,0.47247915811723173,3604820000.0,1898255000.0,4223365000.0,,2780424000.0,1092751000.0,1383470700.0,0.4399019274750425
ＪＮグループ,6634,電気機器,スタンダード（内国株式）,JP,2025-11-30,岩手県,2539154432.0,0.8196233,,,-11.470226425906047,0.0,0.0,-20.05,,-9.066952659723535,3562181000.0,-223579000.0,-0.50805,-728086000.0,-0.33194,-0.35616,0.021683839772053955,131684284000.0,127837871000.0,128817403000.0,4199502000.0,1470853000.0,4068330000.0,-19050000.0,-0.007502497587354309
大日光・エンジニアリング,6635,電気機器,スタンダード（内国株式）,JP,2025-12-31,栃木県,4542657536.0,0.62536573,,21.808342,,0.5092,0.022008253,31.41,,,36954622000.0,638133000.0,0.00607,208833000.0,0.0073100002,0.04553,0.24067759228246272,20616851000.0,17134370000.0,23199904000.0,11740064000.0,5379688000.0,660759000.0,3045584300.0,0.6704410966189109
寺崎電気産業,6637,電気機器,スタンダード（内国株式）,JP,2025-03-31,大阪府,43600920576.0,0.78694504,14.474755,10.868236,7.759008451612507,0.16209999,0.0,327.1,245.6,308.14525157930956,56404866000.0,5618453000.0,0.107370004,4451526000.0,0.06663,0.07837,0.6960074840179395,22463872000.0,16608469000.0,51199382000.0,3256500000.0,17614783000.0,1143456000.0,29535929200.0,0.6774152657744105
ミマキエンジニアリング,6638,電気機器,プライム（内国株式）,JP,2025-03-31,長野県,52450877440.0,1.3146901,12.708772,7.777205,8.484913540476612,0.2148,0.028042626,232.86,142.5,128.63999878975946,83963694000.0,9111806000.0,0.13217,6156161000.0,0.08051,0.18685,0.4229590679212729,43800346000.0,37291559000.0,57603719000.0,22940698000.0,15448305000.0,143815000.0,13904043500.0,0.2650869571420462
戸上電機製作所,6643,電気機器,スタンダード（内国株式）,JP,2025-03-31,佐賀県,23553501184.0,0.9754779,,9.015565,6.7132360015856705,0.2484,0.02889577,563.47,,491.26618505066165,,,0.15609999,,0.087,0.114870004,0.6914118107084407,9749678000.0,6539956000.0,20807625000.0,766774000.0,7713793000.0,1879209000.0,12373393300.0,0.5253313808142164
大崎電気工業,6644,電気機器,プライム（内国株式）,JP,2025-03-31,東京都,64303505408.0,1.1319058,19.362549,11.478508,12.64390842077898,0.307,0.027817404,127.02,75.3,50.540000058371916,97102000000.0,5702000000.0,0.075279996,3504000000.0,0.05725,0.10158,0.5234745754280541,37173000000.0,29240000000.0,59547000000.0,8268000000.0,11552000000.0,8344000000.0,28214800000.0,0.43877545743392393
オムロン,6645,電気機器,プライム（内国株式）,JP,2025-03-31,京都府,1142810083328.0,1.3671858,21.440956,33.39654,125.32463497598657,0.5984,0.018943533,174.03,271.07,41.17000009905182,801753000000.0,56782000000.0,0.07836,16271000000.0,0.03712,0.03822,0.5668164694997025,427358000000.0,233283000000.0,539336000000.0,184203000000.0,149023000000.0,41114000000.0,140757800000.0,0.1231681467056157
森尾電機,6647,電気機器,スタンダード（内国株式）,JP,2025-03-31,東京都,3473925120.0,0.5737018,,5.3899226,3.8069382878456457,0.13350001,0.0,487.02,,417.2450476889215,,,0.15774,,0.07502,0.11554,0.5793022835094942,3746322000.0,3143043000.0,5735234000.0,1409620000.0,933734000.0,1279784000.0,2884760800.0,0.8304038516523925
かわでん,6648,電気機器,スタンダード（内国株式）,JP,2025-03-31,東京都,27786944512.0,3.528926,,14.147098,6.1218557848967246,0.4976,0.006246096,122.64,,122.57607705453472,,,0.0137600005,,0.00695,0.011109999,0.6977841913271033,7685196000.0,6267800000.0,19158767000.0,1131148000.0,8119491000.0,813429000.0,12042971300.0,0.4334039424449548
日東工業,6651,電気機器,プライム（内国株式）,JP,2025-03-31,愛知県,172803588096.0,1.3968005,16.611961,15.04492,16.568321008771413,0.5017,0.0,302.76,274.2,229.7699974642251,184683000000.0,13433000000.0,0.084300004,12097000000.0,0.0587,0.09521,0.6260732910270423,67393000000.0,39920000000.0,106841000000.0,28563000000.0,34027000000.0,5970000000.0,43627000000.0,0.25246582250226934
ＩＤＥＣ,6652,電気機器,プライム（内国株式）,JP,2025-03-31,大阪府,92337414144.0,1.3200666,15.613291,23.813152,16.165829060325947,0.991,0.0,131.23,200.15,149.51999907173425,67380000000.0,3653000000.0,0.08712,1778000000.0,0.05308,0.057919998,0.5951350544694821,43408000000.0,27662000000.0,51480000000.0,26224000000.0,19208000000.0,605000000.0,8495500000.0,0.09200495897309065
正興電機製作所,6653,電気機器,プライム（内国株式）,JP,2025-12-31,福岡県,30986799104.0,1.6084507,17.448591,15.190292,9.062613363663356,0.33169997,0.02254283,150.82,131.3,124.20150400258753,31380000000.0,2616000000.0,0.1339,2036000000.0,0.07233,0.13251,0.5210427768975947,16627000000.0,13373000000.0,21612000000.0,978000000.0,3260000000.0,5215000000.0,8635500000.0,0.2786831892838285
不二電機工業,6654,電気機器,スタンダード（内国株式）,JP,2026-01-31,京都府,5601164288.0,0.53491205,,24.433876,24.554171443219726,0.72400004,0.0,44.16,,43.88000370041323,,,0.02402,,0.057439998,0.02096,,,,,,,,,
インスペック,6656,電気機器,スタンダード（内国株式）,JP,2025-04-30,秋田県,4502146048.0,3.8448756,21.25,58.40708,-11.070861488806678,0.0,0.0022796353,19.21,52.8,-88.34000867853132,2237768000.0,108720000.0,-1.13495,-142270000.0,-0.45313,-0.56275004,0.31944793901921664,2042121000.0,1433208000.0,2229608000.0,1673866000.0,540332000.0,,187487000.0,0.041643917811881696
シライ電子工業,6658,電気機器,スタンダード（内国株式）,JP,2025-03-31,滋賀県,6688151552.0,0.6101214,,5.098308,4.989882177070294,0.4001,0.08293839,87.48,,104.37000070679618,29337000000.0,2576000000.0,0.042579997,2075000000.0,0.04496,0.12485,0.5102806620746376,9401000000.0,7739000000.0,10439000000.0,2889000000.0,907000000.0,634000000.0,1481800000.0,0.22155598426248102
メディアリンクス,6659,電気機器,スタンダード（内国株式）,JP,2025-03-31,東京都,4301427712.0,1.6913946,,,-11.392405011643003,0.0,0.0,-21.57,,-7.900000035815113,2789756000.0,-522882000.0,-0.43098998,-561936000.0,-0.62174,-0.58601004,0.6659820351004988,1225229000.0,1111387000.0,3423745000.0,646600000.0,356348000.0,0.0,2198516000.0,0.5111130878397986
ユビテック,6662,電気機器,スタンダード（内国株式）,JP,2024-06-30,東京都,3224568832.0,2.1612406,,,-10.397376523486969,0.0,0.0,-22.43,,-23.275102084967145,,,-0.09388,,-0.27751,-0.2023,0.8359216696884605,354993000.0,349737000.0,2089108000.0,,1434391000.0,,1734115000.0,0.5377819765517103
太洋テクノレックス,6663,電気機器,スタンダード（内国株式）,JP,2025-12-31,和歌山県,1885644544.0,0.70281124,,13.791594,-19.589542769831084,0.1313,0.009836066,22.84,,-13.353738318617385,3751667000.0,142572000.0,0.02927,136695000.0,0.04171,0.06007,0.58390688019966,1872564000.0,784061000.0,2604667000.0,571250000.0,1257565000.0,514537000.0,1092278900.0,0.5792602341069856
オプトエレクトロニクス,6664,電気機器,スタンダード（内国株式）,JP,2025-11-30,埼玉県,3527347456.0,0.3583036,,,,0.0,0.0,-36.6,,,6772484000.0,-254843000.0,-0.111820005,-226025000.0,-0.063990004,-0.06533,0.45561962986451915,6176838000.0,3413517000.0,8727047000.0,5263652000.0,3734650000.0,9901000.0,2557139700.0,0.7249469273718183
リバーエレテック,6666,電気機器,スタンダード（内国株式）,JP,2025-03-31,山梨県,6954321408.0,1.5164241,,,-40.942555700996586,5.5556,0.0,-1.52,,-15.920020728783012,5698619000.0,-75720000.0,0.057979997,-79487000.0,-0.00207,-0.00264,0.41685007588308215,6291969000.0,2831607000.0,6417722000.0,4730827000.0,2849439000.0,165443000.0,241563100.0,0.034735682437989496
アドテック　プラズマ　テクノロジー,6668,電気機器,スタンダード（内国株式）,JP,2025-08-31,広島県,28172017664.0,2.0145893,14.58886,17.19556,,0.119899996,0.0078018997,191.91,226.2,,12680000000.0,4822000000.0,0.14017999,2007000000.0,0.13848,0.1241,0.48418384216907306,14038000000.0,9308000000.0,21204000000.0,12294000000.0,8284000000.0,450000000.0,7481000000.0,0.2655471854811343
ＭＣＪ,6670,電気機器,スタンダード（内国株式）,JP,2025-03-31,東京都,205684572160.0,2.0502653,15.326316,14.231721,10.45511676676544,0.0,0.0,153.46,142.5,124.16000019541536,207171000000.0,19378000000.0,0.06501,14052000000.0,0.065349996,0.15442,0.6656481495282527,44663000000.0,38080000000.0,119152000000.0,13443000000.0,57725000000.0,920000000.0,75133000000.0,0.36528262285785235
ジーエス・ユアサ　コーポレーション,6674,電気機器,プライム（内国株式）,JP,2025-03-31,京都府,633818447872.0,1.6059741,22.299871,20.148611,8.083732867631893,0.2709,0.014523156,313.57,283.32,369.7400005013815,580340000000.0,50029000000.0,0.12613,30416000000.0,0.06874,0.11377,0.5002536980819848,302751000000.0,186273000000.0,320219000000.0,115054000000.0,60788000000.0,78432000000.0,72370400000.0,0.11418159291983127
サクサ,6675,電気機器,スタンダード（内国株式）,JP,2025-03-31,東京都,34359713792.0,1.1342988,6.558031,24.955708,5.651881395263672,0.5696,0.0,79.02,300.7,159.92689056431345,43971000000.0,3243000000.0,0.08116,3502000000.0,0.03118,0.043309998,0.680574298166051,14439000000.0,11617000000.0,29476000000.0,2744000000.0,10291000000.0,2933000000.0,17090100000.0,0.49738772864805125
ＢＵＦＦＡＬＯ,6676,電気機器,スタンダード（内国株式）,JP,2025-03-31,東京都,61426814976.0,1.4796878,24.03525,8.099153,5.803359340926651,0.1875,0.0,319.91,107.8,191.97377036101426,,,0.054959998,,0.0688,0.18336001,0.5865392128773474,31748000000.0,30795000000.0,69043000000.0,,31609000000.0,2298000000.0,38903600000.0,0.6333325277437871
エスケーエレクトロニクス,6677,電気機器,スタンダード（内国株式）,JP,2025-09-30,京都府,35141545984.0,0.9871222,14.2525835,12.078763,10.399375915241903,0.4645,0.04018547,279.83,237.15,220.66000277921452,29187200000.0,3854180000.0,0.15155,2731041000.0,0.09928001,0.08524,0.8135350981265487,7928353000.0,7197849000.0,24551072000.0,0.0,9684641000.0,1468041000.0,17650347700.0,0.5022644054429544
テクノメディカ,6678,電気機器,スタンダード（内国株式）,JP,2025-03-31,神奈川県,13339522048.0,0.9422138,,12.884739,9.169216035621774,0.8308,0.0,155.3,,172.9510389211359,9905864000.0,1300389000.0,0.20976,1004583000.0,0.09523,0.074310005,0.8021276778400654,3549556000.0,3275163000.0,15678302000.0,,9061387000.0,,12128746000.0,0.9092339258000978
ズーム,6694,電気機器,スタンダード（内国株式）,JP,2025-12-31,東京都,2758091264.0,0.500904,,,66.29407550210391,3.2944,0.049921997,-398.83,,9.406915127422321,17437011000.0,-56960000.0,0.04857,-1728030000.0,-0.08737001,-0.18992001,0.30095277483546806,11323451000.0,8114787000.0,14656341000.0,8411725000.0,3091856000.0,218275000.0,3485682500.0,1.2638024511722612
トラース・オン・プロダクト,6696,電気機器,グロース（内国株式）,JP,2026-01-31,神奈川県,1226027520.0,3.98063,,,875.0,0.0,0.0,-12.76,,0.48,485942000.0,-36149000.0,-0.54054,-61633000.0,-0.12577,,0.621853430325799,213390000.0,90711000.0,435369000.0,151670000.0,279254000.0,,221979000.0,0.18105547908092634
ダイヤモンドエレクトリックホールディングス,6699,電気機器,スタンダード（内国株式）,JP,2025-03-31,大阪府,5131199488.0,0.30375865,,4.98406,-2.9885753242389557,0.26569998,0.0,94.1,,-226.5591587525225,91724000000.0,2271000000.0,0.03367,411000000.0,0.00846,0.06397,0.14368425035949445,67727000000.0,53467000000.0,50928000000.0,38473000000.0,7492000000.0,2802000000.0,-14837600000.0,-2.8916435688574813
日本電気,6701,電気機器,プライム（内国株式）,JP,2025-03-31,東京都,5110733209600.0,2.3229063,5.3507843,18.962883,19.269872420150552,0.1872,0.009796339,202.87,718.96,112.24799996132906,3423431000000.0,256497000000.0,0.15059,175183000000.0,0.075430006,0.12557,0.4523410286214293,2243857000000.0,1633416000000.0,2224994000000.0,666359000000.0,584615000000.0,221133000000.0,135930100000.0,0.026596986073283757
富士通,6702,電気機器,プライム（内国株式）,JP,2025-03-31,神奈川県,5655377215488.0,2.7928965,21.489782,18.867924,17.434088521741923,0.2895,0.015337423,172.78,151.7,135.34000002770853,3550116000000.0,265089000000.0,0.13057,219807000000.0,0.12829,0.15623,0.4977302928005196,1595741000000.0,1352078000000.0,2117581000000.0,247092000000.0,236079000000.0,,521840000000.0,0.09227324369643673
沖電気工業,6703,電気機器,プライム（内国株式）,JP,2025-03-31,東京都,265009201152.0,1.4695894,23.4369,12.325506,6.892505052938644,0.2622,0.0,247.86,130.35,143.82999960236117,,,0.0917,,0.051020004,0.13194999,0.35445110897521687,265220000000.0,166992000000.0,231878000000.0,103002000000.0,36865000000.0,38380000000.0,-6476000000.0,-0.024436887367867626
電気興業,6706,電気機器,プライム（内国株式）,JP,2025-03-31,東京都,28637503488.0,0.7794639,27.744932,15.3497505,-9.883502757428321,0.467,0.031446543,214.01,118.4,-198.93000410840267,32580000000.0,935000000.0,0.03221,777000000.0,0.05369,0.051909998,0.6879055379508073,15910000000.0,11353000000.0,38343000000.0,5728000000.0,16180000000.0,2988000000.0,24524600000.0,0.8563805155109476
サンケン電気,6707,電気機器,プライム（内国株式）,JP,2025-03-31,埼玉県,177918459904.0,1.4840635,2.7439919,,3.360178868300153,0.0,0.0,-473.1,3243.45,2119.5300247819478,,,-0.14187999,,-0.122209996,-0.073070005,0.5690883053418614,111139000000.0,54363000000.0,136955000000.0,63141000000.0,51405000000.0,15632000000.0,36758400000.0,0.20660250779954953
アイホン,6718,電気機器,プライム（内国株式）,JP,2025-03-31,愛知県,44124983296.0,0.6300508,11.031096,17.887474,,0.8627,0.048561823,150.72,244.4,,,,0.09664,,0.03915,0.03605,0.8666095512545919,10276000000.0,8863000000.0,56333000000.0,413000000.0,25229000000.0,9059000000.0,52398300000.0,1.1874973333927583
ウインテスト,6721,電気機器,スタンダード（内国株式）,JP,2025-12-31,神奈川県,4366219264.0,12.320648,,,,0.0,0.0,-23.45,,,429053000.0,-1218661000.0,-3.7421398,-1242428000.0,-2.8951,-2.38388,0.37362717446753896,575864000.0,481484000.0,891876000.0,211123000.0,82957000.0,,316012000.0,0.0723765759098625
ルネサスエレクトロニクス,6723,電気機器,プライム（内国株式）,JP,2025-12-31,東京都,8142554923008.0,3.204762,17.394371,,16.71461165885217,0.3081,0.0064293914,-28.74,258.0145,120.85246096969256,1321212000000.0,201166000000.0,0.24341999,-51763000000.0,-0.00691,-0.00389,0.5848548404742645,1728712000000.0,616380000000.0,723559000000.0,1206567000000.0,295897000000.0,168363000000.0,-887298900000.0,-0.10897057599117999
セイコーエプソン,6724,電気機器,プライム（内国株式）,JP,2025-03-31,長野県,908572884992.0,1.0645224,14.039908,50.026463,14.222398734906838,1.3025999,0.02676311,56.68,201.96,168.7499999044269,,,-0.02382,,0.01288,0.021949999,0.5525393402226355,651570000000.0,444117000000.0,880855000000.0,224708000000.0,267000000000.0,23990000000.0,246078000000.0,0.270840131886796
ワコム,6727,電気機器,プライム（内国株式）,JP,2025-03-31,埼玉県,115658743808.0,3.1105933,13.913464,12.189966,20.366311423837754,0.324,0.026806526,70.96,62.17,29.64000000493825,115680799000.0,10209629000.0,0.12184,5224744000.0,0.0868,0.27969,0.4360455175962479,39911749000.0,31028169000.0,56498349000.0,12000000000.0,24364228000.0,3167139000.0,18803597300.0,0.1625782598090035
アルバック,6728,電気機器,プライム（内国株式）,JP,2025-06-30,神奈川県,455201783808.0,1.9823679,14.118813,36.54127,24.57034499222727,0.6473,0.018579358,253.33,655.65,410.61750150706547,251184000000.0,26523000000.0,0.09246001,16687000000.0,0.04975,0.06086,0.595810825943444,143981000000.0,100655000000.0,270077000000.0,46599000000.0,98951000000.0,7996000000.0,131693200000.0,0.28930730213383127
アクセル,6730,電気機器,スタンダード（内国株式）,JP,2025-03-31,東京都,12331252736.0,0.9067095,,10.074791,10.929766066485035,0.5018,0.04935065,113.65,,161.49000471704005,15244000000.0,1462000000.0,0.05193,978000000.0,0.08392,0.09355,0.8579311261800292,2029000000.0,1984000000.0,12411000000.0,,5000000000.0,2179000000.0,11907300000.0,0.9656196539738167
ピクセラ,6731,電気機器,スタンダード（内国株式）,JP,2025-09-30,大阪府,2078470528.0,26.294333,,,-1.2121106535389388,0.0,0.0,-96.5,,-643.505605468175,1001129000.0,-796023000.0,-1.7460899,-853899000.0,-1.04418,-1.5097799,0.7509370378064348,280550000.0,238499000.0,1091481000.0,6275000.0,575476000.0,,810931000.0,0.39015756493805814
サン電子,6736,電気機器,スタンダード（内国株式）,JP,2025-03-31,愛知県,196029825024.0,4.0699167,,9.545364,-19.774014467536546,0.052399997,0.0,954.39,,-169.82000285639108,10837189000.0,1332000.0,0.048460003,17228604000.0,0.97537005,0.20176001,0.8961143238565202,5519182000.0,5240433000.0,16733345000.0,2545494000.0,2148549000.0,10774890000.0,18756586000.0,0.09568230751470408
ＥＩＺＯ,6737,電気機器,プライム（内国株式）,JP,2025-03-31,石川県,100653170688.0,0.73507017,12.78305,14.088871,17.587524765926887,0.6089,0.044070512,180.71,199.17,132.56500078350436,80493000000.0,3706000000.0,0.045560002,4148000000.0,0.090059996,0.05605,0.7882402905697932,33407000000.0,18743000000.0,80709000000.0,5591000000.0,21058000000.0,50716000000.0,82803200000.0,0.8226586349343081
ジャパンディスプレイ,6740,電気機器,プライム（内国株式）,JP,2025-03-31,東京都,190139285504.0,-40.901505,-10.272536,,-0.8929568257478906,0.0,0.0,-3.2,-4.77,-20.157749491330904,,,0.00106,,-0.1497,,0.04653754956732036,141142000000.0,124850000000.0,100156000000.0,59500000000.0,21073000000.0,3110000000.0,-38809000000.0,-0.20410826672210025
日本信号,6741,電気機器,プライム（内国株式）,JP,2025-03-31,東京都,96674971648.0,0.8455414,17.593643,8.338713,11.027443421116901,0.3013,0.036363635,185.88,88.1,85.70999952720017,106859000000.0,9906000000.0,0.15424,8503000000.0,0.10163999,0.106879994,0.6173123195380174,63618000000.0,54019000000.0,110198000000.0,19207000000.0,11291000000.0,28282000000.0,66377400000.0,0.6866037700190337
京三製作所,6742,電気機器,プライム（内国株式）,JP,2025-03-31,神奈川県,59315200000.0,1.0655166,16.288136,11.811701,8.672021192583301,0.30719998,0.0,81.36,59.0,54.76000026598626,85367000000.0,6115000000.0,0.12051,4783000000.0,0.05414,0.09391,0.41038054045474387,74295000000.0,58437000000.0,92833000000.0,33000000000.0,8170000000.0,11991000000.0,26931700000.0,0.4540438201337937
大同信号,6743,電気機器,スタンダード（内国株式）,JP,2025-03-31,,13401786368.0,0.48168704,,7.4710097,5.189774231431573,0.3098,0.0,112.97,,95.68945917636546,,,0.09184,,0.069699995,0.06205,0.5350200102292836,16485629000.0,11677604000.0,27439449000.0,6321933000.0,3646601000.0,5950234000.0,15118983800.0,1.1281319806813384
能美防災,6744,電気機器,プライム（内国株式）,JP,2025-03-31,東京都,247224287232.0,1.7843425,25.281404,18.099546,15.064509062705302,0.5003,0.027294118,232.05,166.13,142.10000067950781,133696000000.0,15681000000.0,0.22001,11098000000.0,0.097729996,0.10148,0.7720237060829234,36849000000.0,30032000000.0,117150000000.0,150000000.0,43408000000.0,9755000000.0,87129500000.0,0.3524309887815998
ホーチキ,6745,電気機器,プライム（内国株式）,JP,2025-03-31,東京都,143987982336.0,1.9398212,8.109243,15.347913,8.244318769601731,0.3182,0.020898642,125.75,238.0,102.61666733714027,,,0.13947,,0.08858,0.14677,0.6593608833863142,30336000000.0,23055000000.0,66087000000.0,1273000000.0,21161000000.0,5280000000.0,39447000000.0,0.2739603636361076
星和電機,6748,電気機器,スタンダード（内国株式）,JP,2025-12-31,京都府,8928610304.0,0.75765526,,7.289366,5.002316561565841,0.1893,0.02202643,95.07,,103.01685842337228,25385622000.0,1648596000.0,0.13947,1232020000.0,0.05313,0.13538,0.6306155155129122,11132086000.0,8452667000.0,19714977000.0,3538342000.0,3409176000.0,4463067000.0,11707037900.0,1.3111825358483022
エレコム,6750,電気機器,プライム（内国株式）,JP,2025-03-31,大阪府,141667418112.0,1.3053008,14.117175,6.791506,12.135535707494347,0.2008,0.0,259.0,124.6,119.92999979581272,118007000000.0,13532000000.0,0.13206,9300000000.0,0.15281,0.21157,0.7205246644587764,32051000000.0,29263000000.0,94222000000.0,500000000.0,43718000000.0,2639000000.0,64018300000.0,0.45189148537589746
パナソニック　ホールディングス,6752,電気機器,プライム（内国株式）,JP,2025-03-31,大阪府,9362157338624.0,1.796521,23.748888,49.311363,7.191576499395736,0.4928,0.010526316,81.32,168.85,190.15000001728075,8458185000000.0,406534000000.0,0.03145,366205000000.0,0.02355,0.040749997,0.502443009031925,4468362000000.0,2682753000000.0,3615479000000.0,1568243000000.0,847561000000.0,185686000000.0,-722902800000.0,-0.07721540814291084
シャープ,6753,電気機器,プライム（内国株式）,JP,2025-03-31,大阪府,398804189184.0,1.4149563,11.288366,8.409091,17.569706990730463,0.0,0.0,73.04,54.41,55.59000003371284,,,0.01594,,0.02506,0.20856,0.10637876359434008,1286022000000.0,756923000000.0,979817000000.0,521348000000.0,279307000000.0,185710000000.0,-176208000000.0,-0.44184089530388876
アンリツ,6754,電気機器,プライム（内国株式）,JP,2025-03-31,神奈川県,503520165888.0,3.793939,56.4257,43.12178,19.879631006104947,0.5044,0.011849562,91.23,69.72,58.29000000303792,112979000000.0,12125000000.0,0.17633,9257000000.0,0.09941,0.09088001,0.7775205536020422,35558000000.0,28654000000.0,106119000000.0,3561000000.0,50094000000.0,2208000000.0,72106600000.0,0.1432049893629066
ＯＳＧコーポレーション,6757,電気機器,スタンダード（内国株式）,JP,2026-01-31,大阪府,4275436288.0,1.7246608,,39.990234,154.56051753678682,1.9522,0.04884005,20.48,,6.514264836694863,8185210000.0,207768000.0,0.042519998,106689000.0,0.012949999,0.01401,0.38357865143948155,3651435000.0,2562990000.0,3904382000.0,2015307000.0,2245335000.0,350497000.0,498294900.0,0.11654831610953478
ソニーグループ,6758,電気機器,プライム（内国株式）,JP,2025-03-31,東京都,19554356953088.0,2.4157436,18.12227,19.357473,16.245017127048186,0.1458,0.0075941677,171.51,183.2,157.13569885318185,12957064000000.0,1412640000000.0,0.07552,1141600000000.0,-0.02619,0.12367,0.23176564487415172,26783022000000.0,10688788000000.0,7454988000000.0,4198246000000.0,2980956000000.0,17103734000000.0,-7355420200000.0,-0.3761524972488774
ＴＤＫ,6762,電気機器,プライム（内国株式）,JP,2025-03-31,東京都,7414137487360.0,3.389757,36.54566,37.91497,17.872712938865945,0.3496,0.0102739725,103.02,106.88,87.97999998983151,,,0.06449,,0.07811,0.09922,0.5082911773966056,1730161000000.0,1098460000000.0,1836858000000.0,608400000000.0,697307000000.0,183840000000.0,235385000000.0,0.031748129893908274
帝国通信工業,6763,電気機器,プライム（内国株式）,JP,2025-03-31,神奈川県,26934446080.0,0.9407623,,21.421753,12.379362671097724,0.7339,0.034662046,136.17,,141.13285247745918,16790040000.0,1663031000.0,0.02178,2009828000.0,0.0738,0.04602,0.8304886004271538,5051080000.0,2803244000.0,21249618000.0,46886000.0,13138828000.0,2707875000.0,18094050500.0,0.6717810511587101
タムラ製作所,6768,電気機器,プライム（内国株式）,JP,2025-03-31,東京都,76951019520.0,1.224905,23.52798,,20.786537351849258,0.3797,0.01368421,-17.29,41.1,27.270000162037366,114051000000.0,5196000000.0,0.044239998,2782000000.0,-0.01121,-0.02219,0.5141538263582848,60317000000.0,44037000000.0,78607000000.0,33947000000.0,20295000000.0,6922000000.0,23135400000.0,0.3006509873983798
ザインエレクトロニクス,6769,電気機器,スタンダード（内国株式）,JP,2025-12-31,東京都,11195666432.0,1.3390348,56.648937,,28.186825776688043,0.4756,0.014520813,-31.3,18.8,31.5400009653549,4639402000.0,-342836000.0,-0.43308997,-334330000.0,-0.092530005,-0.04982,0.9128984482381345,748098000.0,604135000.0,9122344000.0,,6454287000.0,257938000.0,8554802600.0,0.7641173173531006
アルプスアルパイン,6770,電気機器,プライム（内国株式）,JP,2025-03-31,東京都,411106476032.0,0.91860795,19.689749,15.642168,8.285413676655347,0.46,0.030746343,134.7,107.01,183.99999961096282,,,0.03036,,0.02637,0.06311,0.5589194224499301,,226861000000.0,494946000000.0,100787000000.0,147941000000.0,60033000000.0,,
池上通信機,6771,電気機器,スタンダード（内国株式）,JP,2025-03-31,東京都,4150384128.0,0.29018086,3.766007,11.027782,7.677838972562765,0.2556,0.0,58.67,171.8,106.05517243102821,20734000000.0,255000000.0,0.13881,235000000.0,0.01763,0.026889998,0.4735619430671613,15183000000.0,10954000000.0,23543000000.0,9697000000.0,4200000000.0,403000000.0,8642100000.0,2.0822410007057544
東京コスモス電機,6772,電気機器,スタンダード（内国株式）,JP,2025-03-31,神奈川県,7382602752.0,0.95567656,,259.38242,4.49337767175086,9.615399,0.037071362,4.21,,141.40264511388685,10506474000.0,1040448000.0,0.00715,709008000.0,0.0029199999,0.00366,0.6305272300291687,4439062000.0,2559718000.0,7838414000.0,1506024000.0,3344533000.0,703799000.0,3892011300.0,0.5271868784956127
ＴＢグループ,6775,電気機器,スタンダード（内国株式）,JP,2025-03-31,東京都,1705448448.0,3.5674598,,,-11.237286674989255,0.0,0.0,-14.02,,-17.88688015296114,2329863000.0,-196379000.0,0.02063,-193499000.0,-0.07927,-0.36044,0.3869642282178633,957690000.0,635394000.0,1146445000.0,546284000.0,256766000.0,232446000.0,351467200.0,0.20608491591297867
天昇電気工業,6776,化学,スタンダード（内国株式）,JP,2025-03-31,東京都,4423617536.0,0.40167218,,8.768971,7.329857722167969,0.16860001,0.0,29.65,,55.719101436624165,27885000000.0,915000000.0,0.041729998,1264000000.0,0.023039998,0.04659,0.48024233655845916,11496000000.0,8042000000.0,8876000000.0,4485000000.0,3298000000.0,3983000000.0,168100000.0,0.03800057275114301
ｓａｎｔｅｃ　Ｈｏｌｄｉｎｇｓ,6777,電気機器,スタンダード（内国株式）,JP,2025-03-31,愛知県,294597525504.0,10.584089,56.648575,38.391983,11.616459495537189,0.32209998,0.0,652.48,442.2,430.9213804465871,,,0.34008998,,0.24334,0.31128,0.7257066180591142,8099163000.0,5224656000.0,20268057000.0,2717610000.0,12539970000.0,2591694000.0,13983079800.0,0.0474650280109367
アルチザネットワークス,6778,電気機器,スタンダード（内国株式）,JP,2024-07-31,東京都,5460867584.0,0.82853353,28.401827,30.520119,,0.9804,0.0,20.38,21.9,,,,0.3259,,0.0679,0.02717,0.7831889304385377,1934995000.0,1547273000.0,7688448000.0,1499102000.0,6455131000.0,190431000.0,5886754700.0,1.077988911001582
日本電波工業,6779,電気機器,プライム（内国株式）,JP,2025-03-31,東京都,87583318016.0,2.7508712,22.0211,42.61015,12.621148499043521,0.3343,0.0,89.65,173.47,101.10902828245652,53064000000.0,4623000000.0,0.079050004,1792000000.0,0.0378,0.06761,0.4078185733061156,42354000000.0,12155000000.0,43482000000.0,29550000000.0,15881000000.0,1462000000.0,2151400000.0,0.02456403854906451
鈴木,6785,電気機器,プライム（内国株式）,JP,2025-06-30,長野県,47098449920.0,1.5042222,16.54894,14.95668,8.532721296599975,0.4104,0.014240506,219.3,198.2,158.10999487881907,33322765000.0,4292615000.0,0.15326999,2760595000.0,0.096379995,0.1416,0.6768633650313973,11870963000.0,9800748000.0,19463936000.0,2454542000.0,6807020000.0,2574562000.0,9395166400.0,0.19947931229070903
ＲＶＨ,6786,サービス業,スタンダード（内国株式）,JP,2025-03-31,東京都,1291372288.0,1.6534821,,43.96552,-1.8684317029137008,0.0,0.0,1.16,,-32.11249301027905,1469510000.0,-50749000.0,0.26415002,-230861000.0,0.02318,0.03793,0.7133243696710806,301057000.0,195078000.0,880203000.0,111331000.0,525563000.0,57359000.0,619297300.0,0.47956527002691884
メイコー,6787,電気機器,プライム（内国株式）,JP,2025-03-31,神奈川県,780268077056.0,5.7255516,48.200413,40.057453,12.213549466212967,0.1516,0.0037277148,758.91,630.7,428.7000060836738,206806000000.0,19083000000.0,0.10312,14924000000.0,0.082229994,0.15383,0.4222010719050108,140761000000.0,100257000000.0,114112000000.0,87570000000.0,23152000000.0,2145000000.0,-25147500000.0,-0.03222930777186615
日本トリム,6788,電気機器,プライム（内国株式）,JP,2025-03-31,大阪府,34085761024.0,1.4357945,11.714359,17.003523,12.840506302438211,0.48220003,0.029312288,269.65,391.4,292.41001394471243,,,0.11318,,0.08403,0.089049995,0.6779236810865396,9807611000.0,7155031000.0,24750348000.0,1193657000.0,15394490000.0,1306584000.0,15857345800.0,0.4652190628466456
フォスター電機,6794,電気機器,プライム（内国株式）,JP,2025-03-31,東京都,63224410112.0,0.93377095,24.50579,12.723245,11.025133069934103,0.36189997,0.0,221.17,114.83,103.65652905212673,137607000000.0,6797000000.0,0.06142,3902000000.0,0.0367,0.089420006,0.569805103626458,38095000000.0,33886000000.0,83045000000.0,8570000000.0,20388000000.0,2328000000.0,46579600000.0,0.7367344340182177
名古屋電機工業,6797,電気機器,スタンダード（内国株式）,JP,2025-03-31,愛知県,13447438336.0,0.5605376,,8.849694,,0.3482,0.0,129.27,,,17262298000.0,2752104000.0,0.18359,2206550000.0,0.08771,0.06545,0.8134199822438416,5137945000.0,4881443000.0,19146575000.0,,4442861000.0,1133113000.0,14801809100.0,1.1007158932548684
ＳＭＫ,6798,電気機器,プライム（内国株式）,JP,2026-03-31,東京都,21295331328.0,0.68350655,,378.0899,-8.13404796964233,11.274,0.030349014,8.9,,-297.2592976759972,48204000000.0,430000000.0,0.03088,56000000.0,0.00112,0.00179,0.5406507592190889,26470000000.0,14417000000.0,30845000000.0,14212000000.0,9673000000.0,5271000000.0,8064700000.0,0.37870742069160446
ヨコオ,6800,電気機器,プライム（内国株式）,JP,2025-03-31,東京都,128906936320.0,2.1403868,30.650703,33.141556,22.324989101730537,0.3359,0.010873786,166.86,180.42,64.82196482196483,82884000000.0,4227000000.0,0.072859995,2227000000.0,0.043130003,0.06943,0.680890951519442,24250000000.0,19100000000.0,47556000000.0,10509000000.0,17122000000.0,2813000000.0,25275100000.0,0.19607245910535653
ティアック,6803,電気機器,スタンダード（内国株式）,JP,2025-03-31,東京都,2764942848.0,0.6793479,,4.7832584,29.611067372263214,0.0498,0.010526316,20.07,,2.812109429245938,,,0.13137999,,0.03625,0.15155,0.3289875173370319,7257000000.0,5557000000.0,8568000000.0,4212000000.0,1552000000.0,143000000.0,1411100000.0,0.5103541293885001
ホシデン,6804,電気機器,プライム（内国株式）,JP,2025-03-31,大阪府,136079106048.0,0.9057389,11.163166,9.200147,8.73499709538991,0.32619998,0.03617571,300.43,247.6,205.6199982984026,247571000000.0,13573000000.0,0.033889998,10037000000.0,0.03615,0.111549996,0.7006026592902901,59963000000.0,45236000000.0,171516000000.0,11240000000.0,59564000000.0,7228000000.0,116612600000.0,0.8569471345503
ヒロセ電機,6806,電気機器,プライム（内国株式）,JP,2025-03-31,神奈川県,931252207616.0,2.4631248,,28.672174,19.054114615670287,0.5091,0.018417213,992.6,,772.3300058782247,189420000000.0,42672000000.0,0.19176,33033000000.0,0.15687001,0.08859,0.8879280152375104,46719000000.0,29064000000.0,248776000000.0,5201000000.0,85666000000.0,63785000000.0,246706500000.0,0.26491910352789083
日本航空電子工業,6807,電気機器,プライム（内国株式）,JP,2025-03-31,東京都,158726094848.0,1.0995007,10.986652,22.4447,12.985103073874898,0.5722,0.026086956,104.88,214.26,181.80655494514053,221644000000.0,15615000000.0,0.04946,11592000000.0,0.03102,0.05085,0.6205556896455692,81749000000.0,48921000000.0,125279000000.0,37000000000.0,52874000000.0,3748000000.0,46153600000.0,0.29077512455779764
ＴＯＡ,6809,電気機器,プライム（内国株式）,JP,2025-03-31,兵庫県,54507257856.0,0.93464005,22.220652,19.954273,11.375941126252538,1.0794001,0.05462725,78.73,70.7,78.62836214826655,,,0.09368,,0.05982,0.06525,0.7213609208800816,16046000000.0,9964000000.0,45249000000.0,2981000000.0,18966000000.0,9004000000.0,35505800000.0,0.6513958213381601
マクセル,6810,電気機器,プライム（内国株式）,JP,2025-03-31,東京都,79509676032.0,0.91328496,12.309536,10.679804,19.918783776710594,0.2475,0.023419203,201.97,175.23,93.12000064842485,,,0.02019,,0.06382,0.09105,0.555308362814107,70343000000.0,44380000000.0,84191000000.0,18836000000.0,33072000000.0,9667000000.0,20614900000.0,0.25927536155100406
古野電気,6814,電気機器,プライム（内国株式）,JP,2026-02-28,兵庫県,184279449600.0,2.0625603,25.853659,11.004567,5.807400922702056,0.3022,0.028419184,529.78,225.5,362.6399963840453,140616000000.0,16247000000.0,0.09422,16735000000.0,0.11901,0.20661,0.6320208822613961,51593000000.0,34320000000.0,102496000000.0,14235000000.0,24283000000.0,7066000000.0,55849200000.0,0.30306797703828176
スミダコーポレーション,6817,電気機器,プライム（内国株式）,JP,2025-12-31,東京都,47430656000.0,0.75578254,9.61745,13.131128,47.49435030720473,0.48540002,0.037588652,109.13,149.0,17.772432793921926,147194000000.0,7440000000.0,0.03935,3618000000.0,0.025020001,0.06121,0.37889231070049373,98303000000.0,68209000000.0,74793000000.0,64023000000.0,6129000000.0,744000000.0,-22989200000.0,-0.48469074515857424
伊豆シャボテンリゾート,6819,サービス業,スタンダード（内国株式）,JP,2025-03-31,東京都,8511763456.0,1.3431637,,10.197295,10.33802694322872,0.3326,0.0,45.11,,49.009998696470724,,,0.21225001,,0.15006,0.13863,0.7923706421972934,1509949000.0,777988000.0,2485268000.0,403040000.0,2067895000.0,194601000.0,1111539700.0,0.13058865013647297
アイコム,6820,電気機器,プライム（内国株式）,JP,2025-03-31,大阪府,43630841856.0,0.5969469,,16.381958,13.34008118241149,0.4039,0.0,185.57,,241.18999701944637,37468000000.0,3727000000.0,0.12953,2951000000.0,0.07211,0.03795,0.911636530965786,6529000000.0,4515000000.0,48685000000.0,,27005000000.0,8447000000.0,48068900000.0,1.101718370657331
大井電気,6822,電気機器,スタンダード（内国株式）,JP,2025-03-31,神奈川県,7370539520.0,0.8181384,,5.33651,3.546364006577373,0.0678,0.0,1032.51,,800.8619374523265,,,0.080579996,,0.041950002,0.15075,0.29825543490279455,14761329000.0,11380087000.0,18145109000.0,5530175000.0,3884169000.0,664452000.0,3848896400.0,0.5222000899060372
リオン,6823,電気機器,プライム（内国株式）,JP,2025-03-31,東京都,44882358272.0,1.289604,13.5770235,13.407493,10.583324150860129,0.3132,0.024045262,271.49,268.1,232.190000607315,,,0.16315001,,0.11738,0.10102,0.8033149737697948,7696788000.0,5454857000.0,22683445000.0,,6014015000.0,1188399000.0,15818536300.0,0.35244441043260516
新コスモス電機,6824,電気機器,スタンダード（内国株式）,JP,2025-03-31,大阪府,53786984448.0,1.0083495,,10.4,9.0726991517259,0.21180001,0.0,425.0,,273.24001078454313,,,0.13350001,,0.103970006,0.105790004,0.708205472579943,16027167000.0,9099732000.0,42910272000.0,4890838000.0,19973854000.0,7568157000.0,32180814900.0,0.5983011546429352
アオイ電子,6832,電気機器,スタンダード（内国株式）,JP,2025-03-31,香川県,31155443712.0,0.720457,38.703396,445.12,123.54284415045329,8.6262,0.020729367,6.25,71.88,15.899999633856618,,,-0.00976,,0.00183,0.00162,0.831815220068421,8677100000.0,7651274000.0,33429242000.0,1764595000.0,17701231000.0,2951046000.0,26817874200.0,0.8607765130197995
精工技研,6834,電気機器,スタンダード（内国株式）,JP,2025-03-31,千葉県,231884685312.0,6.8522263,157.78589,37.317837,21.379743532984286,0.1438,0.0041288193,695.11,164.4,83.42000399883543,19982809000.0,2817253000.0,0.29129,2225362000.0,0.20639999,0.20143999,0.8141662276679617,6238930000.0,4786530000.0,24042144000.0,,14072417000.0,503746000.0,18155836200.0,0.07829683178762491
アライドテレシスホールディングス,6835,電気機器,スタンダード（内国株式）,JP,2025-12-31,東京都,24962922496.0,1.1721841,,8.711434,3.054639491542618,0.2904,0.033195022,27.55,,32.96999996466442,49950064000.0,4228756000.0,0.10976,2919832000.0,0.067930005,0.17038,0.4377365590307771,27395215000.0,22521410000.0,37178293000.0,6333173000.0,17029080000.0,1892000.0,9784402400.0,0.3919574080946584
ぷらっとホーム,6836,電気機器,スタンダード（内国株式）,JP,2025-03-31,東京都,3279423744.0,7.369488,,145.7806,-11.035644956421212,0.0,0.0,4.74,,-23.52981248667761,1167384000.0,-46007000.0,0.01235,12046000.0,0.01695,,0.5746071493577051,308500000.0,272116000.0,676064000.0,,355023000.0,1400000.0,368544000.0,0.11238071953168123
京写,6837,電気機器,スタンダード（内国株式）,JP,2025-03-31,京都府,5075739136.0,0.5198027,7.7533035,11.318328,9.588770232719774,0.3536,0.0,31.1,45.4,41.84436086964775,26229000000.0,1277000000.0,0.04359,614000000.0,0.00316,0.0076099997,0.39706714066413507,14656000000.0,9774000000.0,15834000000.0,8485000000.0,5422000000.0,592000000.0,1592400000.0,0.3137277069079068
多摩川ホールディングス,6838,電気機器,スタンダード（内国株式）,JP,2025-10-31,東京都,12827976704.0,1.9532894,,45.93208,-11.157878748040432,0.1224,0.0027855153,40.93,,-71.02038357895317,5587974000.0,278901000.0,0.24183,268648000.0,0.14573,,0.4852111159709164,5804848000.0,2374961000.0,6234815000.0,3718008000.0,1342652000.0,735216000.0,944618200.0,0.0736373491936145
ＡＫＩＢＡホールディングス,6840,電気機器,スタンダード（内国株式）,JP,2025-03-31,東京都,7237449216.0,1.6396581,,8.195528,13.375196115761518,0.0,0.0,96.15,,31.85000027760308,18272045000.0,716208000.0,0.07377,112268000.0,0.03297,0.22138001,0.2591600047138639,9649855000.0,6817602000.0,12657642000.0,7340956000.0,5369166000.0,,3007787000.0,0.41558661211060577
横河電機,6841,電気機器,プライム（内国株式）,JP,2025-03-31,東京都,1303265804288.0,2.5281663,23.8893,22.60664,14.299437936402999,0.3418,0.0,228.34,216.08,234.83000007785157,562404000000.0,83523000000.0,0.12979999,52123000000.0,0.09608,0.12125,0.6513500908413791,242565000000.0,197784000000.0,496313000000.0,34051000000.0,188754000000.0,64290000000.0,298751000000.0,0.22923259324157103
新電元工業,6844,電気機器,プライム（内国株式）,JP,2025-03-31,東京都,32833656832.0,0.45250353,17.9816,5.873996,-8.873199908674568,0.1821,0.03294893,549.03,179.35,-236.15001031944524,,,0.02434,,0.04968,0.08154,0.4845783026608838,70352000000.0,30920000000.0,84189000000.0,40281000000.0,20397000000.0,14913000000.0,24276100000.0,0.7393663192684733
アズビル,6845,電気機器,プライム（内国株式）,JP,2025-03-31,東京都,796056420352.0,3.1745777,26.603806,18.885965,17.494278841984798,0.311,0.020732103,83.66,59.39,57.09642145272406,300378000000.0,41486000000.0,0.1991,40955000000.0,0.12901,0.1573,0.7528533160674385,74558000000.0,67786000000.0,230770000000.0,5482000000.0,88495000000.0,22791000000.0,172165700000.0,0.21627323842683388
東亜ディーケーケー,6848,電気機器,スタンダード（内国株式）,JP,2025-03-31,東京都,16714267648.0,0.7288549,,17.854166,13.806572732801738,0.45830002,0.0,48.0,,65.52999846166807,18058000000.0,1341000000.0,0.02178,1113000000.0,0.053060003,0.04212,0.7649809793040868,6734000000.0,3312000000.0,17750000000.0,1200000000.0,5058000000.0,2508000000.0,12771600000.0,0.7641136464347708
日本光電工業,6849,電気機器,プライム（内国株式）,JP,2025-03-31,東京都,213963194368.0,1.2009226,12.176803,14.977603,19.12738624453279,0.35849997,0.023686158,89.3,109.84,101.22500026828251,225424000000.0,20713000000.0,0.12326,14098000000.0,0.061729997,0.080690004,0.6951865446266784,76984000000.0,72296000000.0,183085000000.0,26076000000.0,28428000000.0,4117000000.0,108982900000.0,0.5093534910147113
チノー,6850,電気機器,プライム（内国株式）,JP,2025-03-31,東京都,27130923008.0,1.1761315,6.6154466,13.579017,11.858433510833393,0.3529,0.0,120.48,247.3,103.42338471048991,29329000000.0,2882000000.0,0.1518,1991000000.0,0.06452,0.08993,0.5819409506156494,12733000000.0,9390000000.0,27268000000.0,2607000000.0,8127000000.0,1390000000.0,15508000000.0,0.5715986881621097
共和電業,6853,電気機器,スタンダード（内国株式）,JP,2025-12-31,東京都,21009778688.0,1.1572683,,21.328583,10.293363726010844,0.5345,0.024852071,39.29,,39.17217448777264,16272345000.0,1385873000.0,0.13626,1033330000.0,0.06744,0.06059,0.767121524028362,5529569000.0,3790740000.0,15458704000.0,401925000.0,4325500000.0,2076815000.0,11382905500.0,0.541790833165772
日本電子材料,6855,電気機器,スタンダード（内国株式）,JP,2025-03-31,兵庫県,122013474816.0,2.718781,26.97539,19.562716,51.34170122525623,0.1878,0.01038961,425.81,308.8,49.2751326942882,23829000000.0,4588000000.0,0.25555,3454000000.0,0.18562001,0.14977,0.7002935347098522,11946000000.0,6789000000.0,28463000000.0,5880000000.0,12148000000.0,74000000.0,16568800000.0,0.13579483761925681
堀場製作所,6856,電気機器,プライム（内国株式）,JP,2025-12-31,京都府,1117526163456.0,3.2420573,27.55196,30.219217,11.164684068839588,0.3298,0.011397131,880.4,965.63,795.339990976155,333081000000.0,53041000000.0,0.14765,37090000000.0,0.10885,0.11576,0.6726126275616029,169641000000.0,117978000000.0,352229000000.0,66483000000.0,162339000000.0,17126000000.0,194576200000.0,0.17411332849538336
アドバンテスト,6857,電気機器,プライム（内国株式）,JP,2025-03-31,東京都,21340857827328.0,26.824148,123.75384,57.269665,78.84562680503548,0.1149,0.0021591948,513.71,237.73,84.1599999658442,779707000000.0,228161000000.0,0.46671,161177000000.0,0.33258,0.57646,0.5929911848374522,347671000000.0,,599753000000.0,93503000000.0,262544000000.0,30167000000.0,273198900000.0,0.012801683147439163
小野測器,6858,電気機器,スタンダード（内国株式）,JP,2025-12-31,神奈川県,9507712000.0,0.5772397,,24.35247,4.075482523378138,0.5874,0.02396514,37.45,,136.39999921469501,13629000000.0,589000000.0,0.095319994,395000000.0,0.029690001,0.02873,0.7488408391865216,5181000000.0,3056000000.0,11235000000.0,1130000000.0,3774000000.0,2912000000.0,8092400000.0,0.8511406319417332
エスペック,6859,電気機器,プライム（内国株式）,JP,2025-03-31,大阪府,92557344768.0,1.4997274,16.076447,15.860106,12.238416908401819,0.4253,0.0,270.49,266.85,227.59764071616902,67288000000.0,7529000000.0,0.1224,6003000000.0,0.08394,0.09957,0.7474521075322689,19155000000.0,15421000000.0,50589000000.0,126000000.0,12768000000.0,4006000000.0,34238200000.0,0.36991337733185736
キーエンス,6861,電気機器,プライム（内国株式）,JP,2025-03-31,大阪府,18347026546688.0,5.285085,40.511086,41.174774,36.28229616412772,0.2996,0.007573671,1837.29,1867.39,1643.770000945138,,,0.536,,0.38073003,,0.9450715427103779,180672000000.0,168040000000.0,1632589000000.0,,579051000000.0,1544785000000.0,2533266500000.0,0.1380750441251912
ミナトホールディングス,6862,電気機器,スタンダード（内国株式）,JP,2025-03-31,東京都,15126471680.0,1.8730334,17.564766,7.1822033,5.605165908504639,0.0636,0.0,283.2,115.8,197.78000147999902,24540461000.0,767204000.0,0.14234,373818000.0,0.05764,0.30134,0.3366162255918729,11643027000.0,9879321000.0,12523238000.0,9070502000.0,2004591000.0,725003000.0,1387713100.0,0.09174069997002765
ニレコ,6863,電気機器,スタンダード（内国株式）,JP,2025-03-31,東京都,18831742976.0,1.1035533,15.522124,13.561855,13.114728044748498,0.4589,0.0,194.0,169.5,135.0899975246523,10756978000.0,1907420000.0,0.19342,1562563000.0,0.13074,0.085109994,0.8604775703838341,2679666000.0,1953354000.0,13267998000.0,142697000.0,4815230000.0,1560952000.0,11680998400.0,0.6202823825116335
エヌエフホールディングス,6864,電気機器,スタンダード（内国株式）,JP,2025-03-31,神奈川県,12563605504.0,0.9639104,,19.397486,26.240179517071464,0.39020002,0.0,92.28,,46.14405813622115,9083365000.0,547578000.0,0.18187,450649000.0,0.0708,0.03963,0.725303222505691,3654750000.0,3174436000.0,12879221000.0,1422123000.0,5445339000.0,245134000.0,9396064800.0,0.7478796430696969
日置電機,6866,電気機器,プライム（内国株式）,JP,2025-12-31,長野県,165959499776.0,3.8288665,25.348076,30.699797,,0.4961,0.016515277,403.26,488.4,,40531817000.0,6791606000.0,0.20256001,5457622000.0,0.14107001,0.1434,0.8536377106006566,7536618000.0,6957999000.0,30137389000.0,,18532887000.0,842254000.0,23190348800.0,0.13973498854419686
リーダー電子,6867,電気機器,スタンダード（内国株式）,JP,2025-03-31,神奈川県,1770006912.0,0.51417726,4.568584,20.99644,19.71137797470835,0.763,0.0,19.67,90.4,31.35797134409825,4117038000.0,-179447000.0,0.09495,-185245000.0,0.01672,0.02079,0.7069717648258333,1327788000.0,860520000.0,3571280000.0,269021000.0,1229114000.0,190138000.0,2376588600.0,1.342700180370821
シスメックス,6869,電気機器,プライム（内国株式）,JP,2025-03-31,兵庫県,874659119104.0,1.7493877,13.425576,24.973648,32.734463715841734,0.6328,0.02561366,56.92,105.88,79.24000004297308,508643000000.0,90796000000.0,0.10609999,53669000000.0,0.07091,0.072919995,0.6971265715471058,200734000000.0,122826000000.0,364821000000.0,64735000000.0,89570000000.0,12034000000.0,172510800000.0,0.1972320372955351
日本フェンオール,6870,電気機器,スタンダード（内国株式）,JP,2025-12-31,東京都,13446672384.0,0.8926361,,10.786254,8.205513440632247,0.3417,0.031825796,222.32,,199.01016586409844,12909850000.0,1056698000.0,0.1983,1247024000.0,0.081599995,0.07596,0.7597057256447067,4620454000.0,3188031000.0,12242169000.0,622948000.0,4830860000.0,3587871000.0,10133224700.0,0.7535860479546878
日本マイクロニクス,6871,電気機器,プライム（内国株式）,JP,2025-12-31,東京都,616351203328.0,8.330648,72.59943,51.004044,16.317251343230353,0.3049,0.006308101,311.74,219.01,228.36000017105619,70173000000.0,16542000000.0,0.19590999,12063000000.0,0.19198999,0.24232,0.6670066447195686,32974000000.0,23235000000.0,45500000000.0,6530000000.0,19305000000.0,10658000000.0,19986600000.0,0.032427291278222505
協立電機,6874,電気機器,スタンダード（内国株式）,JP,2025-06-30,静岡県,20931203072.0,0.95776284,,9.606842,7.699656472608656,0.2592,0.026717557,270.12,,219.71499462177812,38246325000.0,3354709000.0,0.12625,2138124000.0,0.06013,0.11059,0.6174339555648396,11581942000.0,10804837000.0,22749422000.0,814200000.0,8130014000.0,2142983000.0,12667568100.0,0.6052001911416934
メガチップス,6875,電気機器,プライム（内国株式）,JP,2025-03-31,大阪府,170172268544.0,0.96027035,42.06202,20.02319,18.460424609483127,0.4323,0.0,577.83,275.07,242.30000295888308,,,-0.18347,,0.25667998,0.061279997,0.7856788884285223,31699475000.0,7962618000.0,43602421000.0,,20830306000.0,101636005000.0,83048149500.0,0.488023990104633
ＯＢＡＲＡ　ＧＲＯＵＰ,6877,電気機器,スタンダード（内国株式）,JP,2025-09-30,神奈川県,86051659776.0,1.157791,11.445553,13.501289,10.403589356578347,0.3394,0.025510205,442.18,521.6,371.39000109196616,61682000000.0,9700000000.0,0.16867,6762000000.0,0.11067,0.10496,0.7178272175671772,29152000000.0,16838000000.0,69243000000.0,7942000000.0,26118000000.0,1681000000.0,41267700000.0,0.47956890206909936
三社電機製作所,6882,電気機器,スタンダード（内国株式）,JP,2025-03-31,大阪府,17463347200.0,0.700644,10.906068,45.81006,7.434591421854427,1.3962,0.0,28.64,120.3,222.18081864496318,25440000000.0,1074000000.0,0.122650005,502000000.0,0.0143,0.015470001,0.7250603199189777,9230000000.0,8691000000.0,24900000000.0,3296000000.0,5760000000.0,88000000.0,15731600000.0,0.9008353221082382
アクモス,6888,情報・通信業,スタンダード（内国株式）,JP,2025-06-30,東京都,5093405184.0,1.5122918,,14.406302,,0.70379996,0.048543688,35.54,,,6421748000.0,583985000.0,0.13853,386028000.0,0.04302,0.08879,0.6252971020097333,1711654000.0,1421068000.0,4587275000.0,400694000.0,2903929000.0,19484000.0,2889259800.0,0.5672550475811508
フェローテック,6890,電気機器,スタンダード（内国株式）,JP,2025-03-31,東京都,435596361728.0,1.6773252,21.130602,33.728645,9.23815622983876,0.5362,0.016263736,275.73,440.12,291.9899979648948,274390000000.0,24090000000.0,0.07403,15692000000.0,0.05152,0.05375,0.39432361016528666,277047000000.0,151750000000.0,295367000000.0,168275000000.0,117727000000.0,11654000000.0,26477800000.0,0.06078517252752806
パルステック工業,6894,電気機器,スタンダード（内国株式）,JP,2025-03-31,静岡県,2877030144.0,0.7178219,,10.0694275,7.100579979736796,0.4069,0.040495474,208.85,,239.04166666666666,2486548000.0,336150000.0,0.1683,355982000.0,0.11163,0.07243,0.7681214339763989,1166294000.0,736323000.0,3609341000.0,3740000.0,1952139000.0,61913000.0,2486386100.0,0.8642196902890705
ツインバード,6897,電気機器,スタンダード（内国株式）,JP,2026-02-28,新潟県,4223557888.0,0.5068125,,,-44.396483689952355,4.5455,0.032828283,-114.29,,-9.548926310951229,8998865000.0,-855339000.0,0.13241,-1218298000.0,0.0063099996,0.008119999,0.6612563101722468,3364194000.0,2577920000.0,5636640000.0,2128652000.0,1052604000.0,305641000.0,2486394700.0,0.5886967258254849
トミタ電機,6898,電気機器,スタンダード（内国株式）,JP,2026-01-31,鳥取県,3067429376.0,0.77071095,,24.718582,-10.377613672217352,0.0,0.0,151.91,,-220.66730101263278,1603226000.0,-61454000.0,-0.07883,123761000.0,0.07673,0.03143,0.8544205804120847,678395000.0,259090000.0,2456658000.0,,1112273000.0,63551000.0,1822748700.0,0.5942267862013199
ＡＳＴＩ,6899,電気機器,スタンダード（内国株式）,JP,2025-03-31,静岡県,6901393408.0,0.27617893,,9.6850605,9.968190078899442,0.3509,0.0,227.98,,199.96672,,,0.022119999,,0.011410001,0.02882,0.5329785688521418,21466033000.0,12034848000.0,29599404000.0,13500291000.0,4391504000.0,702729000.0,8625281300.0,1.2497883818652757
デンソー,6902,輸送用機器,プライム（内国株式）,JP,2026-03-31,愛知県,5132380012544.0,0.9343664,9.88746,7.3926864,8.759867340940293,0.2598,0.03613808,257.89,192.82,210.7399999919654,3878849000000.0,56058000000.0,0.08641,702141000000.0,0.05885,0.08941,0.629112455665849,3015007000000.0,1984245000000.0,4142805000000.0,811282000000.0,1189126000000.0,1799705000000.0,2387591500000.0,0.4652016207226493
原田工業,6904,電気機器,スタンダード（内国株式）,JP,2025-03-31,東京都,9412610048.0,0.6866013,5.5279503,21.696733,17.383266180184968,0.3657,0.0,20.51,80.5,40.72064367816092,44817176000.0,1729418000.0,-0.01987,166225000.0,0.01026,0.03197,0.34370193013923744,25551173000.0,23832313000.0,28808765000.0,16534101000.0,6448602000.0,,3257592000.0,0.34608806520059504
コーセル,6905,電気機器,プライム（内国株式）,JP,2025-05-31,富山県,61536702464.0,1.1255203,15.235767,,8.241660918336091,2.3989,0.039285716,-10.08,98.19,155.8699997823046,27052756000.0,628061000.0,-0.03847,-113661000.0,-0.027379999,-0.01138,0.9306306551359046,4162030000.0,2830896000.0,47760770000.0,281754000.0,27789017000.0,3355399000.0,45947519300.0,0.7466685321151237
ジオマテック,6907,電気機器,スタンダード（内国株式）,JP,2025-03-31,神奈川県,4769896448.0,0.4531974,,7.467492,-2.350153957104291,0.0,0.0,80.75,,-211.0500031287905,5280866000.0,323760000.0,0.01084,360456000.0,0.00364,0.0022,0.556563428018599,7253931000.0,5707343000.0,10744295000.0,2033685000.0,3029193000.0,2703479000.0,5382799300.0,1.1284939534184202
イリソ電子工業,6908,電気機器,プライム（内国株式）,JP,2025-03-31,神奈川県,64265015296.0,0.84891915,14.556534,17.865622,12.241015918468337,0.593,0.034246575,168.48,206.78,237.7499982890332,56332000000.0,5307000000.0,0.108389996,2662000000.0,0.05627,0.042480003,0.7729123344642662,20174000000.0,14241000000.0,52209000000.0,9321000000.0,24314000000.0,276000000.0,32228200000.0,0.5014890271411163
菊水ホールディングス,6912,電気機器,スタンダード（内国株式）,JP,2025-03-31,神奈川県,16388400128.0,1.0442429,,10.173697,7.752661625922563,0.3051,0.0,193.44,,173.40780949568662,,,0.12918,,0.10955,0.10815,0.8058548758770349,3387886000.0,2531945000.0,11589028000.0,14435000.0,4716583000.0,2950652000.0,10266598400.0,0.6264551951266588
オプテックスグループ,6914,電気機器,プライム（内国株式）,JP,2025-12-31,滋賀県,143254257664.0,2.4924622,23.56389,21.87517,10.746420039609188,0.3049,0.014017522,183.77,170.6,158.680001067722,65878000000.0,8157000000.0,0.16296,6595000000.0,0.10215,0.13075,0.7294480042631175,20792000000.0,15934000000.0,59488000000.0,6454000000.0,22884000000.0,1567000000.0,39792900000.0,0.27777813133717427
千代田インテグレ,6915,電気機器,スタンダード（内国株式）,JP,2025-12-31,東京都,28208730112.0,0.7413613,,11.750881,9.975289442758763,0.5873,0.05,272.32,,310.89000386737933,38042000000.0,2973000000.0,0.071880005,2624000000.0,0.09192,0.09099,0.8006797718192841,10028000000.0,7677000000.0,32404000000.0,1543000000.0,17371000000.0,3156000000.0,24585200000.0,0.8715457910507446
アバールデータ,6918,電気機器,スタンダード（内国株式）,JP,2025-03-31,東京都,18608969728.0,2.0217745,9.852217,35.03394,7.019557196171787,1.0946,0.017021276,91.34,324.8,853.669980376295,10980379000.0,1420667000.0,0.17521,1137953000.0,0.086689994,0.068969995,0.9020841588359438,2177301000.0,1655138000.0,16173356000.0,,6124907000.0,2677284000.0,15870153800.0,0.8528228070638947
ケル,6919,電気機器,スタンダード（内国株式）,JP,2025-03-31,東京都,9814430720.0,0.64134043,,46.59758,14.284855132497034,2.7663,0.059970014,28.95,,117.30006964797428,11871771000.0,596528000.0,0.0163,401552000.0,0.01633,0.0137600005,0.818287980239658,3380815000.0,2876290000.0,11541717000.0,466002000.0,4878090000.0,2321180000.0,9785728000.0,0.9970754574749293
レーザーテック,6920,電気機器,プライム（内国株式）,JP,2025-06-30,神奈川県,4329161359360.0,19.199076,44.223885,49.896694,52.20095618091043,0.35810003,0.007863636,968.0,1092.17,654.4900018276663,251477000000.0,122843000000.0,0.36821,84652000000.0,0.35205,0.4408,0.6368245241974387,119703000000.0,117919000000.0,286861000000.0,,86087000000.0,1007000000.0,167862900000.0,0.03877492337795788
スタンレー電気,6923,電気機器,プライム（内国株式）,JP,2025-03-31,東京都,452186996736.0,0.9948518,14.546102,15.304297,15.479103401307123,0.43240002,0.028856825,240.39,252.92,162.40999988593236,509565000000.0,49003000000.0,0.10198,32058000000.0,0.06329,0.07222,0.6481947158836987,150701000000.0,91015000000.0,390038000000.0,44575000000.0,219514000000.0,77828000000.0,293816600000.0,0.6497679104459935
ウシオ電機,6925,電気機器,プライム（内国株式）,JP,2025-03-31,東京都,336038854656.0,1.7244468,39.003498,44.654156,17.270623016545954,0.7378,0.0,94.84,108.58,105.29398945882687,177616000000.0,8826000000.0,0.080819994,6797000000.0,0.04461,0.040110003,0.6743871592713182,96796000000.0,51396000000.0,186560000000.0,41398000000.0,61348000000.0,37473000000.0,115995100000.0,0.3451835952683006
岡谷電機産業,6926,電気機器,スタンダード（内国株式）,JP,2025-03-31,東京都,4141010432.0,0.69914216,,,-2.8070015827422474,0.0,0.0,-73.45,,-76.23793350017877,,,-0.15545,,-0.15858,-0.24971001,0.5032900050899158,6976500000.0,3567293000.0,8823837000.0,4001454000.0,3299166000.0,2121797000.0,3332594900.0,0.8047781947727293
ヘリオス　テクノ　ホールディング,6927,電気機器,スタンダード（内国株式）,JP,2025-03-31,東京都,16481714176.0,0.95424455,,10.068751,19.50963708380015,1.0089,0.10282486,90.18,,40.13136799674715,,,-0.05726,,0.115380004,0.09809,0.7608565726794909,5062509000.0,4806875000.0,18022170000.0,50705000.0,12013854000.0,1079200000.0,13715101000.0,0.8321404468942539
エノモト,6928,電気機器,スタンダード（内国株式）,JP,2025-03-31,山梨県,22134935552.0,0.9526925,20.210844,17.57833,82.29926599089389,0.393,0.0,190.86,166.0,18.100001298357668,26880395000.0,618625000.0,0.04435,447931000.0,0.04047,0.05456,0.6670540009748838,10932177000.0,7655154000.0,17610154000.0,4036000000.0,4445869000.0,523139000.0,7044174300.0,0.31823785000194066
日本セラミック,6929,電気機器,プライム（内国株式）,JP,2025-12-31,鳥取県,79608832000.0,1.8097985,21.788406,11.839877,13.515834488027371,0.38509998,0.033333335,324.75,176.47,181.29000075443125,27325000000.0,6230000000.0,0.24124001,7004000000.0,0.26604,0.15274,0.8444436558491102,6324000000.0,5045000000.0,43276000000.0,12000000.0,29938000000.0,2095000000.0,38418500000.0,0.48259092659467734
遠藤照明,6932,電気機器,スタンダード（内国株式）,JP,2025-03-31,大阪府,34765328384.0,0.694973,8.089347,8.004353,4.166065625667457,0.29930001,0.038062282,294.09,291.0,324.78044327691623,,,0.13416,,0.07827,0.09231,0.6509820148669219,23617000000.0,14551000000.0,43072000000.0,13082000000.0,15692000000.0,93000000.0,19520100000.0,0.5614818242011402
山一電機,6941,電気機器,プライム（内国株式）,JP,2025-03-31,東京都,179770408960.0,3.862126,30.043182,19.777452,22.552289593608048,0.3007,0.01622807,492.48,324.2,100.43476633028202,45298813000.0,8225047000.0,0.17131001,5240971000.0,0.17216998,0.21040002,0.740471702728603,13713312000.0,10443263000.0,32112340000.0,6302239000.0,12981469000.0,65042000.0,18444557400.0,0.10260063103101705
ソフィアホールディングス,6942,情報・通信業,スタンダード（内国株式）,JP,2025-03-31,東京都,6045043200.0,2.0190527,,,-66.30180032289138,0.0,0.0,-7.34,,-16.620966468983244,523000000.0,57037000.0,-0.06364,-82603000.0,-0.00408,-0.01129,0.4061090283787665,4429012000.0,2930873000.0,4510597000.0,2314466000.0,2747381000.0,133007000.0,174689900.0,0.028898039967687906
ＮＫＫスイッチズ,6943,電気機器,スタンダード（内国株式）,JP,2025-03-31,神奈川県,4047506944.0,0.29538563,,,12.792934000014238,0.41669998,0.0,-491.37,,473.0697201302308,7564435000.0,-452477000.0,0.08044,-404091000.0,0.045739997,0.02901,0.8481560986294491,2272194000.0,1514606000.0,9413863000.0,254347000.0,4688875000.0,1175166000.0,7964285200.0,1.9677014295938908
日本アビオニクス,6946,電気機器,スタンダード（内国株式）,JP,2025-03-31,神奈川県,75127169024.0,4.6651254,32.55367,20.041029,17.64830440308719,0.0394,0.002008032,253.48,156.05,131.86000284213836,20122000000.0,2796000000.0,0.22655001,1964000000.0,0.13085,0.25414,0.518596960576673,12956000000.0,8724000000.0,19340000000.0,4790000000.0,1934000000.0,19000000.0,6397300000.0,0.08515294910096145
図研,6947,電気機器,プライム（内国株式）,JP,2025-03-31,神奈川県,94314053632.0,2.2849061,22.375,17.687048,24.146221389433755,0.395,0.022172948,253.01,200.0,171.37000119165592,40736294000.0,5392253000.0,0.15764,5226214000.0,0.12529,0.13297,0.6313557361239783,23325693000.0,19379447000.0,48495961000.0,,28218445000.0,3410311000.0,27557485700.0,0.29218854071870753
日本電子,6951,電気機器,プライム（内国株式）,JP,2025-03-31,東京都,321720385536.0,2.319547,12.059586,15.272223,14.032348428704683,0.3051,0.0,432.55,547.78,424.9199995692849,196695000000.0,35502000000.0,0.093219995,18688000000.0,0.1232,0.15697,0.6142004440728854,85835000000.0,72995000000.0,169492000000.0,9284000000.0,36144000000.0,14769000000.0,93995300000.0,0.2921645759046316
カシオ計算機,6952,電気機器,プライム（内国株式）,JP,2025-03-31,東京都,401508827136.0,1.7305421,34.031067,22.461864,34.2439346991287,0.5621,0.025714286,79.98,52.79,35.36122829962784,,,0.07199,,0.06598,0.080170006,0.6599727418557249,112717000000.0,61403000000.0,235883000000.0,46761000000.0,72174000000.0,4866000000.0,126572200000.0,0.31524138809811814
ファナック,6954,電気機器,プライム（内国株式）,JP,2025-03-31,山梨県,6853115248640.0,3.674848,42.423893,41.11522,26.789261662896585,0.6,0.015408632,178.62,173.11,157.30999991824106,,,0.23903999,,0.19414,0.09352,0.8903032527615717,197141000000.0,157586000000.0,1085787000000.0,,590504000000.0,192214000000.0,1023195800000.0,0.14930374915306627
ＦＤＫ,6955,電気機器,スタンダード（内国株式）,JP,2025-03-31,東京都,16493382656.0,0.8677971,,22.119389,213.35985545,0.0,0.0,21.61,,3.477692644827858,63171000000.0,1395000000.0,0.04085,536000000.0,0.012510001,0.04243,0.35183426845058263,29925000000.0,28879000000.0,31734000000.0,14708000000.0,4600000000.0,211000000.0,1956700000.0,0.1186354576747898
日本シイエムケイ,6958,電気機器,プライム（内国株式）,JP,2025-03-31,東京都,52756697088.0,0.6318986,10.333753,13.108946,8.831062775885238,0.354,0.0,56.45,71.61,64.20398714254785,95486000000.0,3808000000.0,0.05447,3789000000.0,0.04018,0.0504,0.5325838158071899,67114000000.0,33686000000.0,62382000000.0,44234000000.0,22193000000.0,4041000000.0,-1903300000.0,-0.03607693629540965
フクダ電子,6960,電気機器,スタンダード（内国株式）,JP,2025-03-31,東京都,312843927552.0,1.6705965,18.239092,16.952131,10.485538506908659,0.21219999,0.0,683.1,634.9,622.4400061135176,139007000000.0,25874000000.0,0.24995,18605000000.0,0.13451,0.10144,0.8207580844113301,39670000000.0,35219000000.0,127139000000.0,3317000000.0,72374000000.0,32090000000.0,109932000000.0,0.3513956651171611
エンプラス,6961,電気機器,プライム（内国株式）,JP,2025-03-31,東京都,110506262528.0,1.7797189,19.138905,27.964079,18.418735953053524,0.2045,0.0075503355,439.85,642.67,383.0000057844904,38069000000.0,5287000000.0,0.09483,3943000000.0,0.123009995,0.08899,0.8832815611310235,6561000000.0,5168000000.0,38695000000.0,1438000000.0,24050000000.0,746000000.0,32656200000.0,0.29551447359578914
大真空,6962,電気機器,プライム（内国株式）,JP,2025-03-31,兵庫県,30754400256.0,0.78817046,20.80017,73.36874,62.965629190874715,2.1196,0.0,13.18,46.49,8.869999936950782,,,0.06081,,0.010620001,0.01329,0.4122218211796004,44670703000.0,24874535000.0,48934375000.0,33647307000.0,18707732000.0,2759028000.0,6194991600.0,0.20143431666469888
ローム,6963,電気機器,プライム（内国株式）,JP,2025-03-31,京都府,2029386334208.0,2.6769679,60.501785,,-11.301395924617431,2.2183,0.010137876,-410.34,86.89,-129.70910236896776,,,0.01042,,-0.32926,,0.6170548285112423,551113000000.0,219623000000.0,561245000000.0,400000000000.0,196602000000.0,351511000000.0,256189700000.0,0.1262399848080095
サンコー,6964,電気機器,スタンダード（内国株式）,JP,2025-03-31,長野県,5803127808.0,0.35540968,,9.5880375,7.234455009707336,0.2933,0.0,68.21,,79.40047006266563,16838185000.0,546075000.0,0.049450003,569572000.0,0.03308,0.03788,0.7084332331235067,6426254000.0,5400448000.0,15143376000.0,109894000.0,4891829000.0,1277957000.0,9611691900.0,1.6562950563917684
浜松ホトニクス,6965,電気機器,プライム（内国株式）,JP,2025-09-30,静岡県,764647374848.0,2.387916,31.24852,57.70747,22.2967627941184,0.8321,0.015227409,45.67,84.34,81.18999994023356,212051000000.0,16168000000.0,0.12576,14203000000.0,0.061950002,0.0427,0.7066249384626204,131555000000.0,108532000000.0,236446000000.0,70996000000.0,90559000000.0,4726000000.0,108199200000.0,0.14150208783690432
三井ハイテック,6966,電気機器,プライム（内国株式）,JP,2026-01-31,福岡県,175073918976.0,1.5458919,14.820544,55.665314,13.14731785154292,1.0435,0.0,17.21,64.64,66.86183310533515,218329000000.0,12651000000.0,0.06183,3151000000.0,0.0144299995,0.02833,0.4699245624372391,127380000000.0,54862000000.0,108787000000.0,89012000000.0,48036000000.0,2006000000.0,-17188800000.0,-0.09818024352534387
松尾電機,6969,電気機器,スタンダード（内国株式）,JP,2025-03-31,大阪府,6199466496.0,1.8229351,,13.927649,63.25049371571418,0.0,0.0,116.1,,8.980167056923447,4545178000.0,491165000.0,0.03309,449974000.0,-0.081520006,-0.15672,0.4185402768550288,3833343000.0,2593040000.0,4252421000.0,2383382000.0,1157656000.0,15000000.0,429578000.0,0.06929273676648966
京セラ,6971,電気機器,プライム（内国株式）,JP,2025-03-31,京都府,5054886051840.0,1.5136973,42.87151,37.328533,26.690921107315535,0.50630003,0.014165077,102.79,89.5,71.5799999981587,2014454000000.0,27299000000.0,0.08668,24097000000.0,0.06809,0.04384,0.7132717857596479,1268073000000.0,491682000000.0,1435748000000.0,342382000000.0,444744000000.0,50068000000.0,202722600000.0,0.04010428680706029
太陽誘電,6976,電気機器,プライム（内国株式）,JP,2025-03-31,東京都,2411600281600.0,7.0020795,102.96866,180.35164,53.13722417191272,0.8368,0.0057233702,106.93,187.29,63.4900001951953,341438000000.0,10460000000.0,0.03683,2328000000.0,0.04167,0.04462,0.5568312665303531,254019000000.0,79645000000.0,279284000000.0,164400000000.0,78166000000.0,20000000.0,25279000000.0,0.010482251222507072
日本抵抗器製作所,6977,電気機器,スタンダード（内国株式）,JP,2025-12-31,富山県,1527945728.0,1.3081726,,,-5.4027616031710926,2.4773,0.021061499,-304.35,,-146.65400161681487,5905941000.0,-109824000.0,-0.018129999,-376511000.0,-0.052600004,-0.15853,0.1623664598013727,5554132000.0,3625089000.0,5154112000.0,4112254000.0,1662037000.0,479767000.0,-64183100.0,-0.042006138584524386
村田製作所,6981,電気機器,プライム（内国株式）,JP,2025-03-31,京都府,18312123645952.0,6.7355175,42.398952,78.91434,18.938410671987434,0.5092,0.007597008,127.48,237.27,125.07999996820281,,,0.28057,,0.12777,0.08826,0.8522588050831618,448219000000.0,276517000000.0,1497935000000.0,59993000000.0,625148000000.0,40274000000.0,1077907800000.0,0.05886306912515183
リード,6982,輸送用機器,スタンダード（内国株式）,JP,2025-03-31,埼玉県,1486497024.0,0.58430064,,,32.97855880346938,0.53220004,0.0,-26.8,,18.79229846322688,4186015000.0,-90693000.0,0.07113,-104999000.0,-0.01342,-0.02683,0.3298311993492757,5282879000.0,2516683000.0,2569390000.0,3707990000.0,1435501000.0,936557000.0,-2057899100.0,-1.3843950352906997
双葉電子工業,6986,電気機器,プライム（内国株式）,JP,2025-03-31,千葉県,25533904896.0,0.30472958,22.80303,10.119348,-80.86094904013311,0.3026,0.030981068,59.49,26.4,-6.6300000139206405,,,-0.065120004,,0.05868,0.02784,0.7633198140271046,12782000000.0,6534000000.0,58955000000.0,700000000.0,31285000000.0,13343000000.0,55513100000.0,2.174093630649356
日東電工,6988,化学,プライム（内国株式）,JP,2025-03-31,大阪府,2069573664768.0,1.818487,16.170946,15.72059,14.29488218647087,0.3044,0.019966722,197.13,191.64,195.6500000971571,,,0.14776,,0.12984,0.12172,0.7898231360445412,276806000000.0,221735000000.0,750209000000.0,455000000.0,363344000000.0,11096000000.0,481170200000.0,0.2324972568946655
北陸電気工業,6989,電気機器,スタンダード（内国株式）,JP,2025-03-31,富山県,18083289088.0,0.70048827,,9.103116,4.114037471797429,0.3753,0.0,253.21,,307.28728528028523,43185000000.0,2601000000.0,0.00678,2194000000.0,0.04605,0.08185001,0.5258015974071073,20483000000.0,11279000000.0,30625000000.0,8892000000.0,11931000000.0,1431000000.0,11143700000.0,0.6162429824447653
大黒屋ホールディングス,6993,小売業,スタンダード（内国株式）,JP,2025-03-31,東京都,71768711168.0,13.294956,,,-7.828290844538002,0.0,0.0,-5.59,,-4.598704968290507,10232047000.0,-904499000.0,-0.02485,-968055000.0,-0.17896,-0.6332,0.0675063011603499,5284469000.0,4538371000.0,4870956000.0,4450000000.0,559230000.0,66199000.0,-367173700.0,-0.005116069301293434
指月電機製作所,6994,電気機器,スタンダード（内国株式）,JP,2025-03-31,兵庫県,29017808896.0,1.1433803,,14.568276,62.067342179584394,0.3045,0.0,78.87,,6.71728868564685,27346541000.0,1990792000.0,0.08846,1194672000.0,0.07108,0.08111,0.6098376500837771,14597582000.0,6882547000.0,20112977000.0,8800000000.0,5929507000.0,1745251000.0,6737070700.0,0.23217020706648464
東海理化電機製作所,6995,輸送用機器,プライム（内国株式）,JP,2026-03-31,愛知県,252778545152.0,0.7268182,11.499594,8.578361,7.184474042013071,0.3321,0.0,346.22,258.27,307.5388157506346,644701000000.0,35623000000.0,0.036510002,29471000000.0,0.04571,0.090270005,0.6342393504688748,176814000000.0,124751000000.0,313639000000.0,12060000000.0,80905000000.0,18051000000.0,149460700000.0,0.5912713039396866
ニチコン,6996,電気機器,プライム（内国株式）,JP,2025-03-31,京都府,273335664640.0,2.2853575,45.262455,43.357834,11.077618803299334,0.3937,0.009499358,93.87,89.92,108.9799994961012,175751000000.0,5204000000.0,0.05133,5877000000.0,0.03718,0.057550002,0.5734232690490285,78770000000.0,51558000000.0,108254000000.0,25863000000.0,25519000000.0,26688000000.0,48165600000.0,0.17621410679589536
日本ケミコン,6997,電気機器,プライム（内国株式）,JP,2025-03-31,東京都,115368493056.0,1.8440368,27.131124,69.531136,-1.366550169678491,0.2907,0.0,68.89,176.55,-1029.150018082994,122684000000.0,3740000000.0,0.03923,37000000.0,0.0173,0.04058,0.3449127853376111,106035000000.0,60631000000.0,86620000000.0,78384000000.0,23870000000.0,15007000000.0,-8910100000.0,-0.07723165800280521
日本タングステン,6998,電気機器,スタンダード（内国株式）,JP,2025-03-31,福岡県,9568473088.0,0.71711546,,35.42528,8.571249106227716,0.899,0.0,55.61,,139.23001271812618,,,0.06718,,0.02113,0.02084,0.712357511484149,5072000000.0,4557000000.0,10145000000.0,2482000000.0,3307000000.0,1730000000.0,6284000000.0,0.6567401028572554
ＫＯＡ,6999,電気機器,プライム（内国株式）,JP,2025-03-31,長野県,101384814592.0,1.1446209,50.630566,25.66272,135.92296271575083,0.3007,0.012723658,106.38,53.92,7.02000000702,,,0.02839,,0.05466,0.04741,0.5525342199271389,63256000000.0,15935000000.0,57505000000.0,44709000000.0,26642000000.0,4942000000.0,-2291600000.0,-0.0226029904894734
三井Ｅ＆Ｓ,7003,機械,プライム（内国株式）,JP,2025-03-31,東京都,446595301376.0,1.949304,33.555725,11.6107025,7.322459799023244,0.1496,0.0,381.2,131.9,254.42000034713487,315112000000.0,23131000000.0,0.05663,39074000000.0,0.10888,0.19062,0.3781043249067256,275060000000.0,200792000000.0,239646000000.0,105242000000.0,35353000000.0,29674000000.0,-14642200000.0,-0.032786283140207866
カナデビア,7004,機械,プライム（内国株式）,JP,2025-03-31,大阪府,229298274304.0,1.1650748,10.16633,20.579796,11.113294701136999,0.37759998,0.019440124,66.23,134.07,112.73999974721175,610523000000.0,26947000000.0,0.07646,22103000000.0,0.01726,0.05663,0.31060121443544497,411773000000.0,294283000000.0,357114000000.0,135763000000.0,70763000000.0,27571000000.0,-35359300000.0,-0.15420656831076365
三菱重工業,7011,機械,プライム（内国株式）,JP,2025-03-31,東京都,12295006584832.0,3.980813,39.48419,34.920788,35.95329458286276,0.23889999,0.007062147,104.78,92.67,73.01999999643597,,,0.11003,,0.06677,0.12579,0.35241459430983146,4189101000000.0,3146299000000.0,3911632000000.0,1131274000000.0,657816000000.0,470907000000.0,52165900000.0,0.004242852546687985
川崎重工業,7012,輸送用機器,プライム（内国株式）,JP,2025-03-31,東京都,2428556541952.0,2.7656286,5.0927224,22.434563,17.568310623954833,0.2643,0.012067749,129.51,570.52,105.08800006144712,,,0.07436,,0.0468,,0.23298853710252504,2291888000000.0,1847303000000.0,2023901000000.0,,132776000000.0,71802000000.0,-217725600000.0,-0.08965226719613403
ＩＨＩ,7013,機械,プライム（内国株式）,JP,2025-03-31,東京都,2867737919488.0,4.39673,4.6770177,17.810112,-8.770017958262708,0.1317,0.008230452,151.88,578.36,-64.39714283469614,1626831000000.0,143517000000.0,0.12255,112740000000.0,0.097959995,0.27763999,0.2150186217411953,1731732000000.0,1117925000000.0,,514723000000.0,136809000000.0,51509000000.0,,
名村造船所,7014,輸送用機器,スタンダード（内国株式）,JP,2025-03-31,大阪府,261537595392.0,1.9093512,,12.110003,6.74288113450211,0.1609,0.0,310.9,,285.5199993280536,159227000000.0,29466000000.0,0.19677,26245000000.0,0.13576001,0.17898001,0.5011744332343078,103895000000.0,78410000000.0,141310000000.0,18261000000.0,90140000000.0,32552000000.0,60201400000.0,0.23018258583347617
内海造船,7018,輸送用機器,スタンダード（内国株式）,JP,2025-03-31,広島県,15557851136.0,1.1520067,,6.7686634,3.7716942390148596,0.073699996,0.011428571,1356.25,,1333.924090810673,44648000000.0,1417000000.0,0.054770004,1017000000.0,0.048899997,0.18874,0.25551946523560704,31630000000.0,26398000000.0,28451000000.0,5680000000.0,4702000000.0,1014000000.0,-2469200000.0,-0.158710864271378
ニッチツ,7021,機械,スタンダード（内国株式）,JP,2025-03-31,東京都,3496904448.0,0.28557962,,17.963469,16.670931983370927,0.35349998,0.0,99.09,,121.11407296666225,9850916000.0,270070000.0,0.01676,241946000.0,0.020680001,0.01653,0.6960487518199578,4905085000.0,3146079000.0,7562962000.0,1262200000.0,2670656000.0,2547843000.0,4441367100.0,1.2700853472104938
サノヤスホールディングス,7022,機械,スタンダード（内国株式）,JP,2025-03-31,大阪府,8407027200.0,0.6742128,,5.9184155,12.197129250090988,0.1768,0.0,42.41,,13.510000181605013,25006000000.0,1066000000.0,0.12029,1182000000.0,0.053189997,0.12602,0.367479674796748,17505000000.0,10420000000.0,12806000000.0,8093000000.0,2016000000.0,4805000000.0,-1335500000.0,-0.15885520151522764
スプリックス,7030,サービス業,スタンダード（内国株式）,JP,2025-09-30,東京都,18425726976.0,1.6879548,9.509063,10.972149,27.366718370780763,0.3993,0.035984848,95.15,109.79,28.3699999506362,35127000000.0,2170000000.0,0.049840003,1087000000.0,0.04543,0.16114001,0.4438959306204136,12504000000.0,11148000000.0,11276000000.0,1144000000.0,6460000000.0,594000000.0,-812200000.0,-0.044079671920565854
インバウンドテック,7031,サービス業,グロース（内国株式）,JP,2025-03-31,東京都,1770490240.0,1.0958698,,,14.369354532841072,0.0,0.0,-98.08,,78.56998708046888,2544543000.0,21387000.0,-0.26969,-414576000.0,-0.11017,-0.1275,0.5822694486743497,860235000.0,742388000.0,2064593000.0,652000000.0,1407147000.0,,1204358000.0,0.6802398413673266
マネジメントソリューションズ,7033,サービス業,プライム（内国株式）,JP,2025-12-31,東京都,21163085824.0,3.5071685,10.205167,12.00286,24.638331949724385,0.2861,0.024024025,111.89,131.6,97.70000030742453,23066816000.0,2742683000.0,0.15359999,1798654000.0,0.077360004,,0.6769095029186925,2695453000.0,2509991000.0,6946338000.0,323299000.0,3109032000.0,,4250885000.0,0.2008631933618718
プロレド・パートナーズ,7034,サービス業,プライム（内国株式）,JP,2025-10-31,東京都,4044689664.0,0.66872466,11.212121,19.639065,16.498057757577083,0.0,0.0,18.84,33.0,29.276173419757363,12302688000.0,4945304000.0,0.30347002,205842000.0,0.24499,0.15967,0.47799976845802056,2532736000.0,1664948000.0,12782955000.0,777000000.0,5843887000.0,626322000.0,10688644400.0,2.642636466064359
ａｎｄ　ｆａｃｔｏｒｙ,7035,サービス業,スタンダード（内国株式）,JP,2025-08-31,東京都,2545142528.0,3.1421618,,,43.30454065662244,0.0,0.0,-22.89,,7.897555194311913,3209035000.0,-270051000.0,-0.02483,-323033000.0,-0.08420999,-0.27137,0.44119446303210763,1127646000.0,890042000.0,1840487000.0,357061000.0,860671000.0,45832000.0,744923400.0,0.29268435531795883
イーエムネットジャパン,7036,サービス業,グロース（内国株式）,JP,2025-12-31,東京都,2413348608.0,3.1079412,5.2,,250.40325624110648,0.96819997,0.0,-116.37,120.0,3.249999612849474,1594782000.0,1315484000.0,0.09011,-449587000.0,-0.28168,-0.42418998,0.33258577791521987,1558226000.0,1382697000.0,1830223000.0,0.0,567499000.0,98387000.0,340867900.0,0.14124271100746005
テノ．ホールディングス,7037,サービス業,スタンダード（内国株式）,JP,2025-12-31,福岡県,4061464064.0,2.183583,,36.933945,-4.472132563505902,0.41529998,0.0115074795,24.07,,-102.00114871679928,18129000000.0,631000000.0,0.04908,110000000.0,0.00906,0.09222,0.17297919263591907,8625000000.0,5264000000.0,4964000000.0,5574000000.0,2518000000.0,10000000.0,-3654000000.0,-0.899675570784516
フロンティア・マネジメント,7038,サービス業,プライム（内国株式）,JP,2025-12-31,東京都,7135276544.0,4.297041,,,-12.094079158619458,0.0,0.0,-94.08,,-59.20252303704382,13489533000.0,-344307000.0,0.0036700002,-1106548000.0,-0.07333,-0.10757,0.0947379304482535,8490970000.0,3782519000.0,11435134000.0,5398303000.0,5323310000.0,296000.0,2944371200.0,0.4126499066775344
ブリッジインターナショナルグループ,7039,サービス業,グロース（内国株式）,JP,2025-12-31,東京都,5975895552.0,1.3497782,11.429539,11.309244,7.4518349871874445,0.5696,0.0,149.17,147.6,182.51699751672865,8564871000.0,873708000.0,0.114250004,536407000.0,0.076409996,0.12235,0.8354861750036318,924086000.0,900352000.0,4434930000.0,65087000.0,2637714000.0,341579000.0,3749949300.0,0.6275125238333483
サン・ライフホールディング,7040,サービス業,スタンダード（内国株式）,JP,2025-03-31,神奈川県,5878228992.0,0.85117704,,9.488041,5.225394048182825,0.3359,0.035416666,101.18,,182.27234452298782,13856017000.0,1305386000.0,0.08361,835463000.0,0.04375,0.091639996,0.1826134653509378,29553525000.0,2471232000.0,12223841000.0,,10674493000.0,4174898000.0,-14407255400.0,-2.450951710048658
ＣＲＧホールディングス,7041,サービス業,グロース（内国株式）,JP,2025-09-30,東京都,1455629312.0,0.49909267,,37.716763,-6.9960347671187595,1.2987,0.03422053,6.92,,-67.11436834941227,16420175000.0,279394000.0,0.0076099997,153323000.0,0.00228,0.01275,0.3222972132662971,6141323000.0,5634396000.0,5519189000.0,4492942000.0,3511826000.0,1117713000.0,160265100.0,0.11010021485470059
アクセスグループ・ホールディングス,7042,サービス業,スタンダード（内国株式）,JP,2025-03-31,東京都,1980880768.0,1.290644,,11.488512,8.215278589901365,0.3395,0.0,50.05,,47.4216866391182,3594937000.0,230764000.0,0.09083,188644000.0,0.04097,0.12189999,0.5086700658839962,1143906000.0,838266000.0,2053560000.0,599656000.0,1421604000.0,20869000.0,924262300.0,0.4665915863947648
アルー,7043,サービス業,グロース（内国株式）,JP,2025-12-31,東京都,2271824640.0,1.7435341,10.056434,9.47167,-20.208195820980006,0.0744,0.007865168,94.07,88.6,-28.9997513385227,3637843000.0,354035000.0,-0.19966999,242210000.0,0.07758,0.24131,0.5891302809426084,987020000.0,851816000.0,1930742000.0,467030000.0,1297034000.0,12267000.0,952308900.0,0.41918239781042255
ピアラ,7044,サービス業,スタンダード（内国株式）,JP,2025-12-31,東京都,3871475968.0,6.039728,,19.445444,-14.206009635599157,0.0,0.0,27.77,,-16.471902103572713,15731198000.0,40537000.0,0.01417,199286000.0,0.0057800002,0.14087,0.13626741286835808,3547150000.0,3519269000.0,3554168000.0,1470706000.0,1628597000.0,147098000.0,109986600.0,0.02840947507077487
ＴＤＳＥ,7046,サービス業,グロース（内国株式）,JP,2025-03-31,東京都,2629006336.0,1.1069269,33.404255,15.045519,20.702207701827632,0.119799994,0.0,83.48,37.6,96.15001485804208,2699081000.0,198774000.0,0.07914,136557000.0,0.0579,0.07593,0.808620188545119,522824000.0,502824000.0,2465835000.0,931000.0,1955492000.0,42079000.0,1972466300.0,0.7502706528281262
ポート,7047,サービス業,グロース（内国株式）,JP,2025-03-31,東京都,27022848000.0,2.5566306,11.177428,10.13231,18.850594366723364,0.059,0.0,203.31,184.3,113.99000238784002,21963000000.0,2948000000.0,0.096870005,1887000000.0,0.041360002,0.08585,0.37445554137885523,14223000000.0,6838000000.0,7287000000.0,8444000000.0,2543000000.0,3116000000.0,-4754800000.0,-0.17595480683605222
ベルトラ,7048,サービス業,グロース（内国株式）,JP,2025-12-31,東京都,4758427136.0,1.7981632,,34.120735,-24.14546296909127,0.0,0.0,3.81,,-11.182225014514254,4581627000.0,105125000.0,0.07823,140537000.0,0.03056,0.03006,0.2839333303801926,6353631000.0,6353155000.0,8336871000.0,,5686926000.0,7182000.0,1988267400.0,0.41784130410608017
識学,7049,サービス業,グロース（内国株式）,JP,2026-02-28,東京都,6933115392.0,2.4148786,37.117115,24.509222,,0.0,0.0,33.62,22.2,,6536914000.0,491543000.0,0.19323999,294117000.0,0.1295,0.42133,0.5977213944756237,1147226000.0,1097839000.0,4092673000.0,106269000.0,2098898000.0,116663000.0,3027111100.0,0.43661628702919475
フロンティアインターナショナル,7050,サービス業,グロース（内国株式）,JP,2025-04-30,東京都,11640938496.0,1.2220176,,10.247571,14.243961367022928,0.38779998,0.03870211,127.64,,54.835000378576055,20335121000.0,1277679000.0,0.0942,876068000.0,0.0435,0.1594,0.6180156868361235,5453252000.0,4752593000.0,11861924000.0,310022000.0,7499018000.0,567931000.0,6806223700.0,0.5846799811148148
エヌ・シー・エヌ,7057,サービス業,スタンダード（内国株式）,JP,2025-03-31,東京都,2568320768.0,1.1986268,,17.690569,6316.360883525774,0.6372,0.0,48.67,,0.1374894692502106,8124229000.0,178518000.0,0.02816,193686000.0,0.01711,0.07035,0.3559611366341018,3456602000.0,2433321000.0,4194291000.0,164786000.0,2668596000.0,573312000.0,1139007400.0,0.4434833118166025
共栄セキュリティーサービス,7058,サービス業,スタンダード（内国株式）,JP,2025-03-31,東京都,4337090560.0,0.8646513,8.796595,6.765695,16.738530689094826,0.0,0.0,442.97,340.7,170.3899928837919,10113415000.0,484864000.0,0.045229997,-38704000.0,0.05551,0.1347,0.7134410879542725,1820442000.0,1422263000.0,3468011000.0,480368000.0,2189268000.0,85465000.0,1707394500.0,0.3936727804918143
コプロ・ホールディングス,7059,サービス業,プライム（内国株式）,JP,2025-03-31,愛知県,29317920768.0,2.953075,,10.25057,22.109767597108583,0.5359,0.0,74.63,,37.194999862500644,30015113000.0,2763955000.0,0.11094,1820790000.0,0.07856,0.31436002,0.6433054190628987,4657532000.0,4427068000.0,10778471000.0,,6190871000.0,,6120939000.0,0.20877807292121814
ギークス,7060,サービス業,スタンダード（内国株式）,JP,2025-03-31,東京都,5862036480.0,1.9203568,22.0229,9.199617,-3.3356825976609428,0.4783,0.0,62.72,26.2,-142.75384561126916,25162448000.0,495540000.0,0.03309,49795000.0,0.02438,0.21884,0.38538860980427675,4503758000.0,2652347000.0,6452119000.0,2140109000.0,3606612000.0,25895000.0,1966487500.0,0.3354614913621281
日本ホスピスホールディングス,7061,サービス業,グロース（内国株式）,JP,2025-12-31,東京都,4698539008.0,1.3180134,4.1616764,16.904835,17.82580972596274,0.7603,0.043782838,32.89,133.6,76.18999969027487,14168928000.0,849007000.0,0.06916,278014000.0,0.020480001,0.08614001,0.1943409649914303,15246978000.0,3406596000.0,4552233000.0,13184245000.0,2013562000.0,,-10694745000.0,-2.2761852102942037
フレアス,7062,サービス業,グロース（内国株式）,JP,2025-03-31,東京都,1948575616.0,0.89457005,,3.8073394,38.90090836684431,0.0539,0.0,196.2,,24.55000086317643,7582581000.0,-105098000.0,0.07259,-244549000.0,0.06652,0.27267998,0.1779579737583378,7152503000.0,2128236000.0,3464914000.0,6138905000.0,814999000.0,,-3687589000.0,-1.8924536311143083
Ｂｉｒｄｍａｎ,7063,サービス業,グロース（内国株式）,JP,2024-06-30,東京都,2933639424.0,1.1571611,,,-1.795354059699886,0.0,0.0,-23.14,,-576.4879603597589,,,-5.4415603,,-2.6458302,-1.8254601,-3.84889610044156,1822894000.0,1405298000.0,302619000.0,1471137000.0,115844000.0,16396000.0,-1508797800.0,-0.5143092186642226
ハウテレビジョン,7064,サービス業,スタンダード（内国株式）,JP,2026-01-31,東京都,2239207680.0,1.56696,3.2024875,23.529411,12.8470685934822,0.0,0.0,35.02,257.3,89.31998701884177,2558118000.0,2034103000.0,0.19879,96583000.0,0.062030002,0.12168,0.5295713829910877,1270941000.0,1044933000.0,1833326000.0,399026000.0,1519770000.0,,562385000.0,0.25115356874803146
ユーピーアール,7065,サービス業,スタンダード（内国株式）,JP,2025-08-31,東京都,7353116160.0,0.7754819,6.6551127,10.396361,14.983694353018791,0.2708,0.026371308,92.34,144.25,77.9878767717678,15354233000.0,277701000.0,0.08208,336209000.0,0.04567,0.07991,0.4166361628112936,12653460000.0,4263160000.0,6182679000.0,9189736000.0,3266184000.0,101157000.0,-6399971100.0,-0.8703753566161533
ピアズ,7066,サービス業,グロース（内国株式）,JP,2025-09-30,東京都,3484719360.0,1.2335409,,8.642251,14.275783333902478,0.3014,0.035064936,44.78,,57.6900004032163,6103869000.0,559086000.0,0.10920999,432354000.0,0.062810004,0.15063,0.6191258604969918,1697286000.0,1281634000.0,2821437000.0,782945000.0,1763206000.0,387395000.0,1395327500.0,0.40041316268291977
ブランディングテクノロジー,7067,サービス業,グロース（内国株式）,JP,2025-03-31,東京都,1605603072.0,1.2761078,13.346613,35.944206,520.7489369948406,0.35709998,0.0,27.96,75.3,2.0500006215890303,5028735000.0,110625000.0,0.03904,76951000.0,0.00918,0.03582,0.5693974220121683,890109000.0,730101000.0,1906992000.0,215020000.0,1204608000.0,11346000.0,1024825200.0,0.6382805426022503
フィードフォースグループ,7068,サービス業,グロース（内国株式）,JP,2025-05-31,東京都,10835735552.0,3.2510543,,8.674054,33.22661087188721,0.1911,0.022123894,52.34,,17.949999952563424,4373000000.0,1592000000.0,0.41721,1002000000.0,0.27924,0.41903,0.43394747157977265,4332000000.0,3194000000.0,6425000000.0,2200000000.0,4233000000.0,,2093000000.0,0.19315716869942307
サイバー・バズ,7069,サービス業,グロース（内国株式）,JP,2025-09-30,東京都,4879336448.0,4.5630445,7.674567,8.271767,-2.154552587118185,0.0,0.0,144.83,156.1,-488.2684257927997,7131164000.0,349564000.0,0.101169996,385969000.0,0.07484,0.78466004,0.24209410089449995,2355736000.0,1728110000.0,2483304000.0,1216000000.0,1276957000.0,23496000.0,144015200.0,0.0295153247854082
アンビスホールディングス,7071,サービス業,プライム（内国株式）,JP,2025-09-30,東京都,32865089536.0,0.8644492,2.8864381,11.402315,25.303998633442873,0.1362,0.011396011,29.38,116.06,75.81000024410453,49174000000.0,6163000000.0,0.09515,3660000000.0,0.05629,0.07847,0.4304144281510953,47815000000.0,19444000000.0,21738000000.0,40151000000.0,10833000000.0,,-26077000000.0,-0.7934559244524676
インティメート・マージャー,7072,サービス業,グロース（内国株式）,JP,2025-09-30,東京都,3173146368.0,1.9233699,9.215328,18.280542,43.908186801852985,0.0,0.0,55.25,109.6,16.989997864555814,3363631000.0,227707000.0,0.05376,153480000.0,0.04388,0.16638,0.6987624965485452,634653000.0,546329000.0,2112365000.0,100000000.0,1625786000.0,,1477712000.0,0.46569298375334195
ジェイック,7073,サービス業,グロース（内国株式）,JP,2026-01-31,東京都,1993906176.0,1.861724,,15.8939905,14.393081875140483,0.4059,0.025498377,135.46,,143.34002642557664,4475801000.0,203414000.0,-0.02248,130027000.0,0.02905,0.12845999,0.3420747106373723,2070401000.0,1100105000.0,2225790000.0,1193894000.0,1761856000.0,91058000.0,219129600.0,0.10989965457632446
トゥエンティーフォーセブンホールディングス,7074,サービス業,グロース（内国株式）,JP,2025-11-30,東京都,1425663616.0,25.458403,,,-3.107797209298055,0.0,0.0,-24.75,,-73.04208888561024,2094682000.0,-177871000.0,-0.055749997,-209780000.0,-0.09981,-1.77119,0.0832952768307663,983593000.0,621701000.0,683349000.0,45544000.0,505459000.0,,-300244000.0,-0.21059946864772902
ＱＬＳホールディングス,7075,サービス業,グロース（内国株式）,JP,2025-03-31,大阪府,5703554560.0,2.7513497,,11.317391,,0.14850001,0.0,67.33,,,10548294000.0,610645000.0,0.067,372226000.0,0.04242,0.27597,0.3210337430252444,3433402000.0,2150180000.0,3242445000.0,1950516000.0,1681223000.0,,-190957000.0,-0.0334803494892841
ＡＬｉＮＫインターネット,7077,サービス業,グロース（内国株式）,JP,2026-02-28,東京都,1754433920.0,1.264002,11.928747,,,0.0,0.0,-150.76,81.4,,1015965000.0,-94617000.0,-0.15953,-272456000.0,-0.26798,-0.17841999,0.7545223134119539,451798000.0,435529000.0,1742171000.0,300000000.0,455389000.0,,1290373000.0,0.7354925057536508
ＩＮＣＬＵＳＩＶＥ　Ｈｏｌｄｉｎｇｓ,7078,サービス業,グロース（内国株式）,JP,2025-03-31,東京都,3679256320.0,2.2767708,81.333336,,23.91725915035702,0.0,0.0,-17.27,4.5,30.94000007893688,4897245000.0,-366589000.0,0.10326,-1073835000.0,-0.03816,-0.11354999,0.4721107893908858,1633879000.0,913630000.0,2747970000.0,689910000.0,2152911000.0,189121000.0,1246475700.0,0.338784686792357
ＷＤＢココ,7079,サービス業,グロース（内国株式）,JP,2025-03-31,東京都,6180469760.0,1.2924445,6.180856,9.097989,12.261219853374872,0.33630002,0.0,282.48,415.8,356.47002308793196,5326810000.0,1306173000.0,0.25190002,912899000.0,0.14102,0.14959,0.7691228271193056,1289591000.0,1079844000.0,4895010000.0,29812000.0,3478664000.0,,3605419000.0,0.5833567900184985
スポーツフィールド,7080,サービス業,グロース（内国株式）,JP,2025-12-31,東京都,5612838912.0,2.112927,,7.246377,7.223584698964781,0.199,0.027131783,105.57,,79.16000068615662,4784887000.0,1078875000.0,0.32501,783538000.0,0.15685001,0.35799,0.6255027415481905,1455275000.0,1042065000.0,3110038000.0,368888000.0,1778220000.0,,1654763000.0,0.29481747578078366
コーユーレンティア,7081,サービス業,スタンダード（内国株式）,JP,2025-12-31,東京都,14758838272.0,1.1557432,,7.7507153,7.485417012772744,0.18110001,0.023574144,171.21,,137.5600007280214,34701560000.0,3005594000.0,0.09854999,1937406000.0,0.060850002,0.17698999,0.6149601655422565,7906304000.0,7085774000.0,10455042000.0,323693000.0,3558035000.0,214788000.0,2699089600.0,0.1828795431087979
ジモティー,7082,サービス業,グロース（内国株式）,JP,2025-12-31,東京都,13822795776.0,7.5959,15.15508,29.675392,13.848580382910058,0.0,0.0,47.75,93.5,47.55000020165437,1932044000.0,549593000.0,0.33577,472234000.0,0.26096,0.32634997,0.6913008650615753,756491000.0,475516000.0,2180703000.0,361664000.0,1854213000.0,,1424212000.0,0.10303357027619592
ＡＨＣグループ,7083,サービス業,グロース（内国株式）,JP,2025-11-30,東京都,1845836672.0,1.6248558,13.9502325,1993.3334,28.696234138502817,25.0,0.016064256,0.45,64.3,45.59999369211296,6660074000.0,108982000.0,0.0,1018000.0,-0.00029999999,-0.0017299999,0.1938459196808048,4904481000.0,1467759000.0,3685526000.0,4197925000.0,2440593000.0,80243000.0,-1162784900.0,-0.6299500479314347
Ｓｍｉｌｅ　Ｈｏｌｄｉｎｇｓ,7084,サービス業,グロース（内国株式）,JP,2025-03-31,東京都,7497482240.0,1.2193348,30.297928,34.366737,19.9954327275024,1.3948,0.0,68.06,77.2,40.62999679713652,13656500000.0,410583000.0,-0.02397,151558000.0,0.015149999,0.03479,0.42684695843212356,8724574000.0,5271426000.0,6741704000.0,4588267000.0,4671012000.0,16095000.0,-1971603500.0,-0.26296874562519806
カーブスホールディングス,7085,サービス業,プライム（内国株式）,JP,2025-08-31,東京都,80488923136.0,3.5118878,19.208792,18.174257,19.369623967879228,0.3953,0.021689497,48.09,45.5,38.739809846631964,37566000000.0,6342000000.0,0.19660999,4303000000.0,0.112449996,0.20459,0.5141946180334142,19046000000.0,11451000000.0,16916000000.0,5374000000.0,8703000000.0,,-2130000000.0,-0.02646326869600424
ウイルテック,7087,サービス業,スタンダード（内国株式）,JP,2025-03-31,大阪府,8245748736.0,0.9578635,,9.262022,8.151561867415511,0.3053,0.0,140.79,,103.85725210552646,44578000000.0,1052000000.0,0.04859,710000000.0,0.01953,0.1071,0.4455112288252497,10049000000.0,6955000000.0,15120000000.0,1106000000.0,4930000000.0,41000000.0,5099700000.0,0.618464152046653
フォースタートアップス,7089,サービス業,グロース（内国株式）,JP,2025-03-31,東京都,9937185792.0,3.6110308,8.794974,31.048388,11.557360930986867,0.0,0.0,49.6,175.1,52.9100028675651,3693767000.0,452969000.0,0.29622,353748000.0,0.15509,0.25464,0.5907202503169329,1187276000.0,788273000.0,2812898000.0,513000000.0,1895360000.0,89283000.0,1688120100.0,0.16987909206236565
リグア,7090,サービス業,グロース（内国株式）,JP,2025-03-31,大阪府,1514393088.0,8.573256,,,28.382741797569295,0.0,0.0,-159.3,,71.17000938129921,2872367000.0,-154729000.0,0.07216,-301000000.0,-0.099630006,-0.97374,0.10177840423219535,2822391000.0,2047126000.0,2734618000.0,2101718000.0,1352070000.0,,-87773000.0,-0.057959192164511515
リビングプラットフォーム,7091,サービス業,グロース（内国株式）,JP,2025-03-31,北海道,5305449984.0,2.1255302,20.938053,13.3566675,23.79682062477694,0.056500003,0.0,88.57,56.5,42.390003705067656,19204574000.0,341272000.0,0.00396,365591000.0,0.01795,0.17422001,0.1693945366005208,10063198000.0,2696599000.0,3868849000.0,6538725000.0,1592802000.0,70373000.0,-6145087900.0,-1.1582595102266824
アディッシュ,7093,サービス業,グロース（内国株式）,JP,2025-12-31,東京都,1052080000.0,1.93042,,,-7.377491580681522,0.0,0.0,-1.0,,-66.689333985597,3696018000.0,2453000.0,0.01058,-1900000.0,0.00399,0.03215,0.4127509021757148,772323000.0,698232000.0,1141758000.0,287568000.0,545918000.0,,369435000.0,0.35114725115960765
ＮｅｘＴｏｎｅ,7094,サービス業,グロース（内国株式）,JP,2025-03-31,東京都,12425340928.0,2.2335696,10.779661,15.6862755,24.11148012406206,0.2468,0.015735641,81.09,118.0,54.66249461095745,19412000000.0,1005000000.0,0.0759,692000000.0,0.03808,0.12009,0.32081451014766366,9117000000.0,8570000000.0,12272000000.0,,9629000000.0,,3155000000.0,0.25391657406279583
Ｍａｃｂｅｅ　Ｐｌａｎｅｔ,7095,サービス業,プライム（内国株式）,JP,2025-04-30,東京都,12531163136.0,1.0033411,3.475077,5.936504,17.10089028216895,0.3245,0.0,169.46,289.49,186.0900008707839,51675000000.0,5171000000.0,0.08093,3443000000.0,0.04652,0.18886,0.5267903589387897,10840000000.0,9205000000.0,16376000000.0,3164000000.0,7506000000.0,1797000000.0,6793900000.0,0.5421603666208946
ステムセル研究所,7096,サービス業,グロース（内国株式）,JP,2025-03-31,東京都,6736955904.0,2.512044,8.791064,43.41337,64.6750635567782,0.0,0.0,15.41,76.1,30.34981321525266,2679175000.0,418509000.0,-0.02399,385796000.0,0.05514,0.04595,0.3503358712822488,4873091000.0,4318050000.0,5172467000.0,518962000.0,3200846000.0,647856000.0,752875200.0,0.11175302476790562
さくらさくプラス,7097,サービス業,グロース（内国株式）,JP,2024-07-31,東京都,12379663360.0,2.0422406,,16.37926,7.274646624992861,0.1531,0.009242801,169.91,,133.09999537329506,,,0.05469,,0.0403,0.13475999,0.3862003226279513,8351000000.0,3202000000.0,4019000000.0,4488000000.0,1492000000.0,,-4332000000.0,-0.3499287399039581
日本車輌製造,7102,輸送用機器,プライム（内国株式）,JP,2025-03-31,愛知県,46750703616.0,0.56841135,,4.0084624,4.618686289985638,0.0557,0.014469453,808.29,,444.6200009701808,,,0.1541,,0.116639994,0.15877,0.49287151962428716,66517000000.0,27586000000.0,74180000000.0,35983000000.0,3445000000.0,17511000000.0,19920700000.0,0.42610481680926665
クラシコム,7110,小売業,グロース（内国株式）,JP,2024-07-31,,16052517888.0,2.892346,,16.925709,12.836238053163322,0.37330002,0.022977501,128.68,,106.61048302428892,,,0.19156,,0.098900005,0.18028,0.844563552422648,869945000.0,766602000.0,4890432000.0,152777000.0,4195709000.0,,4020487000.0,0.25045834105598475
ＩＮＥＳＴ,7111,卸売業,スタンダード（内国株式）,JP,2025-03-31,東京都,3228597248.0,0.6326863,,17.913465,-45.03074496644295,0.0,0.0,24.73,,-22.3180851382523,18960000000.0,208000000.0,0.01682,42000000.0,0.0099,0.036429998,0.3603247750713188,8728000000.0,4585000000.0,4770000000.0,5442000000.0,1671000000.0,708000000.0,-3462400000.0,-1.072416202468373
キューブ,7112,小売業,グロース（内国株式）,JP,2025-12-31,東京都,4298987520.0,3.9459705,,123.809525,26.90028340412231,0.0,0.0,5.67,,17.880852509021878,4863553000.0,59325000.0,0.01612,34847000.0,-0.049850002,,0.8766014621307782,569051000.0,405271000.0,3258676000.0,,2111281000.0,,2689625000.0,0.6256414998850706
フーディソン,7114,卸売業,グロース（内国株式）,JP,2025-03-31,東京都,3364662784.0,1.4286227,8.998808,23.288095,35.498784714000344,0.0,0.0,32.42,83.9,41.0999985423328,6866324000.0,167388000.0,0.0201,142798000.0,0.01867,0.062800005,0.7124206285198732,925322000.0,622838000.0,2893110000.0,195774000.0,2055954000.0,,1967788000.0,0.584839589083766
アルファパーチェス,7115,卸売業,スタンダード（内国株式）,JP,2025-12-31,東京都,14079712256.0,2.1009972,,14.051935,13.129174107906225,0.31370002,0.022889843,102.05,,88.0799959719235,58922469000.0,1468544000.0,0.02723,1031264000.0,0.01737,0.16254,0.33961231725457125,13111553000.0,13039550000.0,17144750000.0,3372000.0,5367177000.0,,4033197000.0,0.28645450465660427
ハルメクホールディングス,7119,小売業,グロース（内国株式）,JP,2025-03-31,東京都,17717690368.0,1.9908823,,17.036644,21.887066007469883,0.36110002,0.0,94.15,,42.61033031957748,33930000000.0,1069000000.0,-0.03907,623000000.0,0.03108,0.123009995,0.39223663427942373,12698000000.0,8919000000.0,7591000000.0,4807000000.0,2394000000.0,315000000.0,-4886500000.0,-0.27579779861293485
ＳＨＩＮＫＯ,7120,卸売業,スタンダード（内国株式）,JP,2025-03-31,東京都,4670970880.0,2.0549817,,6.9193788,8.944343461691563,0.2996,0.0,143.51,,74.64666446822335,16904476000.0,687690000.0,0.06663,512872000.0,0.03482,0.33556998,0.274870797027582,4618804000.0,3063861000.0,5061674000.0,85956000.0,1534412000.0,,442870000.0,0.09481326503153023
近畿車輛,7122,輸送用機器,スタンダード（内国株式）,JP,2025-03-31,大阪府,15893069824.0,0.442039,,19.219568,3.576078381171404,0.4157,0.02175805,120.19,,635.5307466519824,30257000000.0,233000000.0,-0.07508,560000000.0,0.04232,0.04514,0.5712586045721084,25225000000.0,20514000000.0,39687000000.0,5413000000.0,6350000000.0,6329000000.0,18892300000.0,1.1887130811865487
グローバルスタイル,7126,小売業,スタンダード（内国株式）,JP,2024-07-31,大阪府,5120636928.0,1.7126005,6.8124437,11.407217,11.987171562084036,0.2492,0.0,132.46,221.8,132.39999379417918,,,0.13116999,,0.03837,0.16084999,0.3268737069632235,5056763000.0,3683431000.0,3810095000.0,3042708000.0,901354000.0,8430000.0,-1240767000.0,-0.24230716167658745
一家ホールディングス,7127,小売業,スタンダード（内国株式）,JP,2025-03-31,千葉県,5068325888.0,5.0269566,18.205805,63.186813,64.04078132793215,0.0,0.0,10.92,37.9,10.789999523297698,10089884000.0,-74556000.0,0.01387,-172203000.0,0.00676,0.08359,0.15539171181622413,4812843000.0,1869437000.0,2071732000.0,3387051000.0,1454656000.0,188799000.0,-2608951700.0,-0.5147561063855569
ユニソルホールディングス,7128,卸売業,プライム（内国株式）,JP,2025-12-31,大阪府,49365995520.0,0.6857911,11.68469,25.710709,13.006123785891583,1.265,0.04958272,79.85,175.7,190.76999907902712,159036000000.0,25970000000.0,0.020580001,1906000000.0,0.01229,0.028350001,0.6211331396342505,43146000000.0,40706000000.0,82534000000.0,1594000000.0,29760000000.0,3626000000.0,41926200000.0,0.8492931127665426
ミアヘルサホールディングス,7129,小売業,スタンダード（内国株式）,JP,2025-03-31,東京都,3152451328.0,0.80429584,,15.681628,454.99876800629806,0.4184,0.0,71.74,,2.1999999204483847,23825724000.0,641174000.0,0.055409998,299868000.0,0.01824,,0.2857983516006363,9482456000.0,6475389000.0,5458888000.0,3367101000.0,1625812000.0,,-4023568000.0,-1.2763299354577695
ヤマエグループホールディングス,7130,卸売業,プライム（内国株式）,JP,2025-03-31,福岡県,80354213888.0,0.7454146,,7.249499,7.5317587774848755,0.20030001,0.027434843,399.2,,347.2599950284656,1006914000000.0,15786000000.0,0.00636,8540000000.0,0.01021,0.1158,0.2232547075320513,307708000000.0,208593000000.0,206280000000.0,126988000000.0,43992000000.0,20238000000.0,-87261400000.0,-1.085959226999936
のむら産業,7131,卸売業,スタンダード（内国株式）,JP,2025-10-31,東京都,4905614336.0,1.885313,,6.9211254,7.4424130569679185,0.16600001,0.024722222,536.04,,256.53623933692296,7111932000.0,753445000.0,0.15764,508265000.0,0.092089996,0.30802,0.47302250717425853,2560688000.0,2487035000.0,3931182000.0,33640000.0,2268428000.0,134608000.0,1464719600.0,0.298580259204461
ＨＹＵＧＡ　ＰＲＩＭＡＲＹ　ＣＡＲＥ,7133,小売業,グロース（内国株式）,JP,2025-03-31,福岡県,7352960000.0,2.692398,7.503639,15.064289,32.14339740283559,0.2924,0.0,68.44,137.4,59.25999679128778,9984799000.0,1051676000.0,0.124350004,719030000.0,0.041810002,0.19639,0.3363651525439882,4679430000.0,1945702000.0,2703139000.0,2645392000.0,565926000.0,999000.0,-1975591700.0,-0.26867978337975457
アップガレージグループ,7134,小売業,スタンダード（内国株式）,JP,2025-03-31,神奈川県,9163214848.0,1.7851572,11.783895,11.822458,8.95477158693271,0.37330002,0.03135739,97.78,98.1,80.27999721790555,13981821000.0,1044571000.0,0.073070005,785873000.0,0.0507,0.1602,0.699214587422284,1980924000.0,1542691000.0,4146219000.0,319778000.0,1873626000.0,18849000.0,2178489300.0,0.23774290313355315
ジャパンクラフトホールディングス,7135,小売業,スタンダード（内国株式）,JP,2024-06-30,愛知県,8322508288.0,0.7277616,,,-2.583067370673343,0.0,0.0,-1.23,,-107.72334318152008,15393669000.0,-1592955000.0,-0.16222,-2091636000.0,-0.0838,-0.16896999,0.26278729676201,8322925000.0,6120500000.0,7312374000.0,3341625000.0,1907672000.0,170297000.0,-891343100.0,-0.10710029586695678
ＴＯＲＩＣＯ,7138,小売業,グロース（内国株式）,JP,2025-03-31,東京都,1950549120.0,1.1293514,,,-4.775487921207698,0.0,0.0,-50.11,,-44.728415112292275,3677329000.0,-260185000.0,-0.0035899999,-445558000.0,-0.114209995,-0.29861,0.54697252998965,667502000.0,501817000.0,1408533000.0,259683000.0,634881000.0,,741031000.0,0.37990891508540936
ペットゴー,7140,小売業,グロース（内国株式）,JP,2025-03-31,東京都,1583750272.0,1.5662029,6.6666665,,10.272111347097942,0.0,0.0,-143.62,126.0,88.19997850353924,9032575000.0,228482000.0,-0.04986,128341000.0,-0.03625,-0.22614999,0.3703688377027115,2084467000.0,1776663000.0,3213675000.0,1111691000.0,1263596000.0,,1129208000.0,0.7129962469234543
ＦＰＧ,7148,証券、商品先物取引業,プライム（内国株式）,JP,2025-09-30,東京都,125856661504.0,2.105154,4.682243,8.15828,8.823865752658898,0.6056,0.07441628,184.23,321.0,240.07000087756927,129764000000.0,25418000000.0,0.28102,18156000000.0,0.15129,0.26868,0.44979780382635565,69672000000.0,41000000000.0,119535000000.0,54003000000.0,14321000000.0,84000000.0,49921800000.0,0.3966560005916999
島根銀行,7150,銀行業,スタンダード（内国株式）,JP,2025-03-31,島根県,4044967680.0,0.3273952,,28.80562,10.525232938270294,0.5862,0.0,17.08,,50.671181521344785,8682000000.0,,-0.017819999,609000000.0,0.03575,0.027090002,0.02623320317238736,553839000000.0,,,19967000000.0,46561000000.0,117607000000.0,,
ライフネット生命保険,7157,保険業,プライム（内国株式）,JP,2025-03-31,東京都,132320509952.0,1.3841034,-465.25424,16.453547,23.556210556649425,0.0,0.0,100.1,-3.54,74.63000026138556,,,0.30150998,,0.24138,0.08566,0.7928265248153695,24058000000.0,,,1294000000.0,17234000000.0,1237000000.0,,
じもとホールディングス,7161,銀行業,スタンダード（内国株式）,JP,2025-03-31,,13511942144.0,0.15449189,,39.224808,-0.5688748053779241,0.3879,0.0,12.9,,-1023.1564257991365,32484000000.0,,0.04526,1563000000.0,0.06836,0.030269999,0.03329784179982048,2393977000000.0,,,82930000000.0,168160000000.0,363359000000.0,,
アストマックス,7162,電気・ガス業,スタンダード（内国株式）,JP,2025-03-31,東京都,3667725824.0,0.48460552,,1.8530818,6.551733747677229,0.0531,0.0,150.56,,34.66999943750922,20666677000.0,-176720000.0,0.19525999,-146994000.0,0.07744,0.30039,0.33700318409459235,9919462000.0,5686634000.0,8624511000.0,4269680000.0,2747397000.0,447223000.0,-981894900.0,-0.2677121865475624
全国保証,7164,その他金融業,プライム（内国株式）,JP,2025-03-31,東京都,379054456832.0,1.5462401,6.057196,11.711342,12.16187827646331,0.49240002,0.041870203,243.61,471.01,236.5386603234294,,,0.85477996,,0.55374,0.13445,0.48472373973899163,253721000000.0,39498000000.0,160396000000.0,30000000000.0,137577000000.0,285124000000.0,106261800000.0,0.280333862548663
めぶきフィナンシャルグループ,7167,銀行業,プライム（内国株式）,JP,2025-03-31,,1326643937280.0,1.2316194,36.049477,15.876671,11.327085526082495,0.3145,0.01997147,89.03,39.21,41.66000000353523,280218000000.0,,0.31711,58228000000.0,0.23975,0.08239,0.0451214813785104,20442374000000.0,,,1884405000000.0,3230771000000.0,4218566000000.0,,
ジャパンインベストメントアドバイザー,7172,証券、商品先物取引業,プライム（内国株式）,JP,2025-12-31,東京都,127306391552.0,1.6080084,12.522908,11.777548,8.191932503922436,0.4996,0.04298419,174.06,163.7,133.19000071977166,38738000000.0,18888000000.0,0.67407995,10542000000.0,0.30575,0.16031,0.25028607236268524,213169000000.0,197284000000.0,270049000000.0,179556000000.0,64833000000.0,13721000000.0,66484700000.0,0.5222416501597521
東京きらぼしフィナンシャルグループ,7173,銀行業,プライム（内国株式）,JP,2025-03-31,,402350538752.0,0.83687514,,11.408624,5.302438920243487,0.1657,0.014769766,1025.54,,839.6000031944862,146448000000.0,,0.36613,31361000000.0,0.25016,0.10661,0.052334138550547,6723250000000.0,,,79326000000.0,980840000000.0,904936000000.0,,
今村証券,7175,証券、商品先物取引業,スタンダード（内国株式）,JP,2025-03-31,石川県,6789813248.0,0.5150432,,6.4317565,7.006897677781405,0.3539,0.0,206.32,,190.72718701555365,4186372000.0,986398000.0,0.33701,760709000.0,0.2161,0.08347999,0.6135138469830648,7617976000.0,7010211000.0,14832027000.0,590104000.0,6196999000.0,2102043000.0,8685481100.0,1.2791929295784956
ＧＭＯフィナンシャルホールディングス,7177,証券、商品先物取引業,スタンダード（内国株式）,JP,2025-12-31,東京都,118697238528.0,3.8631537,,11.360813,15.711882563037262,0.65029997,0.0036254982,88.55,,40.21548789040043,49515000000.0,15869000000.0,0.3713,10448000000.0,0.24008,0.2074,0.03756302383621373,1353795000000.0,1272460000000.0,1372631000000.0,252074000000.0,138894000000.0,12479000000.0,27571300000.0,0.23228257322512258
九州フィナンシャルグループ,7180,銀行業,プライム（内国株式）,JP,2025-03-31,熊本県,621994246144.0,0.81737685,19.553928,16.769442,17.270036031157705,0.3084,0.018685121,87.57,75.1,61.00999995367734,208615000000.0,,0.14819999,30368000000.0,0.17409,0.051459998,0.05300193626174879,12573647000000.0,,,1278924000000.0,1890214000000.0,1876247000000.0,,
かんぽ生命保険,7181,保険業,プライム（内国株式）,JP,2025-03-31,東京都,1695311593472.0,0.40815195,6.831281,10.254982,9.354490174050207,0.2709,0.026822193,152.56,229.02,107.52032145134683,,,0.02925,,0.057789996,0.04565,0.054426804410231684,56314266000000.0,,,500000000000.0,1976083000000.0,46528793000000.0,,
ゆうちょ銀行,7182,銀行業,プライム（内国株式）,JP,2025-03-31,東京都,11391105761280.0,1.2370899,27.279705,21.746227,15.475113828006258,0.50310004,0.02304578,147.06,117.23,98.43000000070478,1680312000000.0,,0.43028,414324000000.0,0.28212,0.05881,0.038699031471673015,224510542000000.0,,,2510100000000.0,64639102000000.0,144180980000000.0,,
あんしん保証,7183,その他金融業,スタンダード（内国株式）,JP,2025-03-31,東京都,4447057408.0,1.8345995,23.703703,15.219976,11.633691404750742,0.0,0.0,16.82,10.8,21.415945375003453,5376184000.0,58216000.0,0.026010001,89580000.0,0.01845,0.04422,0.18366233788253492,10495997000.0,10495995000.0,11436584000.0,600000000.0,929314000.0,572000.0,940987400.0,0.2115977631202192
富山第一銀行,7184,銀行業,プライム（内国株式）,JP,2025-03-31,,153951649792.0,0.800787,,10.587545,10.621065399458695,0.3516,0.03364037,238.96,,83.02562732743586,46215000000.0,,0.45591998,13354000000.0,0.30738002,0.085760005,0.0956669880301007,1441732000000.0,,,19809000000.0,80709000000.0,487073000000.0,,
ヒロセ通商,7185,証券、商品先物取引業,スタンダード（内国株式）,JP,2025-03-31,大阪府,23013083136.0,1.0580921,,11.190569,6.676404644837017,0.1167,0.0,334.21,,476.5899672009471,10203547000.0,3064916000.0,0.38067,2229517000.0,0.19739,0.099209994,0.16805096323433416,97856072000.0,97037153000.0,117077409000.0,7400000000.0,13591822000.0,,19221337000.0,0.8352351958409056
横浜フィナンシャルグループ,7186,銀行業,プライム（内国株式）,JP,2025-03-31,東京都,1957311938560.0,1.3942419,23.771597,18.718111,13.779678405152614,0.4042,0.022093024,94.08,74.08,71.63754515600701,,,0.30902,,0.27456,0.07964,0.051937878940535885,23500547000000.0,,,2262436000000.0,4445659000000.0,2949911000000.0,,
ジェイリース,7187,その他金融業,プライム（内国株式）,JP,2025-03-31,大分県,23072765952.0,3.1414628,10.0,9.382251,12.122340465027754,0.39880002,0.0,137.92,129.4,116.39999794958794,,,0.1593,,0.11453,0.37148997,0.3782435246499914,9725498000.0,8193646000.0,11555655000.0,2354571000.0,2351163000.0,128680000.0,1920233000.0,0.08322508900730863
西日本フィナンシャルホールディングス,7189,銀行業,プライム（内国株式）,JP,2025-03-31,福岡県,588746981376.0,0.95434237,17.64927,14.673008,9.39235242013366,0.4097,0.02830415,288.08,239.5,221.3700003565413,,,0.18755,,0.20222001,0.06865,0.04031437330419966,13024322000000.0,,,2011116000000.0,1674158000000.0,1691116000000.0,,
イントラスト,7191,その他金融業,スタンダード（内国株式）,JP,2025-03-31,東京都,23961507840.0,2.9453256,14.979021,13.762529,14.76183006627211,0.4756,0.0,77.82,71.5,54.82000040919049,10572954000.0,2329655000.0,0.21697001,1360035000.0,0.14199,0.23093,0.6189259456619387,4291507000.0,4108557000.0,10004890000.0,,6822625000.0,381588000.0,5980494600.0,0.24958757353393668
日本モーゲージサービス,7192,その他金融業,スタンダード（内国株式）,JP,2025-03-31,東京都,8453638656.0,0.8859402,,7.2747974,7.763283285051956,0.3796,0.0,79.04,,59.48302836541732,7565785000.0,1400225000.0,0.17245,982664000.0,0.13681,0.12044,0.3971694792982864,13320160000.0,11596050000.0,20128570000.0,7344854000.0,5199357000.0,1531000.0,6809481700.0,0.8055089621280354
Ｃａｓａ,7196,その他金融業,スタンダード（内国株式）,JP,2026-01-31,東京都,6866103808.0,1.0409495,,61.31387,13.883179525772798,1.2165,0.0,12.33,,58.08999843702829,12753987000.0,-63204000.0,-0.04461,123451000.0,0.097600006,0.13626,0.43473702396290737,8578830000.0,8574762000.0,8757143000.0,615691000.0,2819149000.0,266290000.0,364716000.0,0.053118334676946384
ＳＢＩアルヒ,7198,その他金融業,プライム（内国株式）,JP,2025-03-31,東京都,35695206400.0,1.081068,14.1847725,19.788073,21.65370925730276,0.9857,0.4209861,40.58,56.61,39.32774766902027,22292000000.0,7100000000.0,0.29187,1904000000.0,0.19148001,0.15203,0.2042162787644825,163528000000.0,418000000.0,167167000000.0,109877000000.0,20149000000.0,1033000000.0,4362100000.0,0.12220408396349824
プレミアグループ,7199,その他金融業,プライム（内国株式）,JP,2025-03-31,東京都,74360659968.0,2.94372,10.729108,12.201812,16.42274667617024,0.3443,0.028346457,156.78,178.3,118.8900008452336,36409000000.0,6815000000.0,0.21591999,4651000000.0,0.1378,0.27462998,0.1022931217160032,166039000000.0,1821000000.0,17159000000.0,51188000000.0,17159000000.0,83085000000.0,-90720500000.0,-1.2200066545810677
日産自動車,7201,輸送用機器,プライム（内国株式）,JP,2025-03-31,神奈川県,1247858917376.0,0.2600258,-24.328562,,-2.1092581038416527,0.0,0.0,-152.58,-14.67,-187.08000001745603,,,0.01985,,-0.0444,-0.09856,0.26064588736578836,13578712000000.0,8070190000000.0,12323467000000.0,8099861000000.0,1961513000000.0,1428641000000.0,-255196300000.0,-0.20450733367889637
いすゞ自動車,7202,輸送用機器,プライム（内国株式）,JP,2025-03-31,神奈川県,1576521957376.0,1.0655712,9.015878,11.88601,8.469403906895339,0.4765,0.043091334,193.0,254.44,220.2171837440313,3235648000000.0,229462000000.0,0.03229,140062000000.0,0.03877,0.10679,0.41560132109913994,1765654000000.0,1135926000000.0,1815343000000.0,758844000000.0,358711000000.0,196013000000.0,186898100000.0,0.1185509019557695
トヨタ自動車,7203,輸送用機器,プライム（内国株式）,JP,2026-03-31,愛知県,37829396660224.0,0.94765735,8.952254,9.828654,7.288181488306952,0.3218,0.034228068,295.31,324.22,359.5624841161518,50684952000000.0,3766216000000.0,0.04566,3848098000000.0,0.07592,0.10233,0.37829768942462044,64502263000000.0,33605019000000.0,42824081000000.0,43205469000000.0,12659622000000.0,11135799000000.0,-13883122700000.0,-0.3669929717540939
カネミツ,7208,輸送用機器,スタンダード（内国株式）,JP,2025-03-31,兵庫県,6002875904.0,0.47976938,,8.078722,7.530812779488733,0.2168,0.027225584,145.32,,123.65558380598475,11117218000.0,755104000.0,0.07048,540606000.0,0.06722,0.06166,0.7126216156139509,4429851000.0,3227768000.0,8035376000.0,1124681000.0,4142954000.0,1123255000.0,4391803500.0,0.7316165734949699
三菱自動車工業,7211,輸送用機器,プライム（内国株式）,JP,2025-03-31,東京都,451024846848.0,0.49052784,3.692746,44.993324,14.30292428679433,1.3369,0.03096934,7.49,91.26,28.699999997969357,,,0.047709998,,0.0034599998,0.02185,0.41604643086129517,1272355000000.0,1003936000000.0,1391131000000.0,314789000000.0,452510000000.0,102736000000.0,190691200000.0,0.42279533230297817
エフテック,7212,輸送用機器,スタンダード（内国株式）,JP,2025-03-31,埼玉県,11979692032.0,0.20609841,2.4094133,2.5341818,7.728176736032886,0.0943,0.0,254.52,267.7,90.6013555965394,300831000000.0,5481000000.0,0.0429,-6925000000.0,0.01619,0.07473,0.2901185548140013,113310000000.0,82047000000.0,81495000000.0,72737000000.0,14356000000.0,9242000000.0,-25345600000.0,-2.115713820714018
レシップホールディングス,7213,輸送用機器,スタンダード（内国株式）,JP,2025-03-31,岐阜県,8973163520.0,0.8174518,9.91453,7.599581,3.217075595399712,0.3145,0.04232804,76.32,58.5,178.02999803083637,25931893000.0,3531894000.0,0.05666,2255463000.0,0.049250003,0.11169,0.4950374188981107,10302849000.0,9401129000.0,16088045000.0,1746848000.0,2073769000.0,750496000.0,6310543200.0,0.7032684945431598
ＧＭＢ,7214,輸送用機器,スタンダード（内国株式）,JP,2025-03-31,,4943366144.0,0.2168999,,,8.089873686358564,0.35819998,0.04366812,-194.56,,111.65942806604107,,,0.055409998,,-0.00983,-0.01518,0.26102363422076463,54568536000.0,47761924000.0,53918973000.0,32060614000.0,6144438000.0,997123000.0,48423100.0,0.009795572205140709
ファルテック,7215,輸送用機器,スタンダード（内国株式）,JP,2025-03-31,神奈川県,4004351232.0,0.21118885,,,-6.7069590886075945,0.0,0.0,-89.29,,-84.24085976008203,79114000000.0,2362000000.0,0.05187,328000000.0,-0.01143,-0.03365,0.27770706293292285,46130000000.0,32085000000.0,41921000000.0,25690000000.0,14776000000.0,256000000.0,-4029800000.0,-1.006355278677013
テイン,7217,輸送用機器,スタンダード（内国株式）,JP,2025-03-31,神奈川県,3993202432.0,0.59451556,,11.977634,9.959368222852605,0.471,0.0,33.98,,45.12597877267211,5316141000.0,317411000.0,0.12711,247681000.0,0.060060002,0.051960003,0.770372204343059,1848439000.0,1022089000.0,3919611000.0,448938000.0,1272479000.0,,2071172000.0,0.5186744311789501
田中精密工業,7218,輸送用機器,スタンダード（内国株式）,JP,2025-03-31,富山県,9159779328.0,0.35182917,,7.631044,5.8005554146187635,0.2601,0.0,123.05,,228.74522703298422,40474435000.0,2704628000.0,0.027409999,1788623000.0,0.02727,0.044359997,0.5502299524783101,12661940000.0,10655424000.0,21751186000.0,4091715000.0,9676322000.0,3113889000.0,11268968300.0,1.2302663521109665
エッチ・ケー・エス,7219,輸送用機器,スタンダード（内国株式）,JP,2025-08-31,静岡県,3252855040.0,0.29733592,,7.8533854,8.324908779728954,0.222,0.028710248,292.74,,245.93069306930693,8976620000.0,394811000.0,0.06576,361443000.0,0.04508,0.03879,0.8048329311784724,2582784000.0,1845446000.0,6985858000.0,536854000.0,2002252000.0,671450000.0,4873089000.0,1.498095961878461
武蔵精密工業,7220,輸送用機器,プライム（内国株式）,JP,2025-03-31,愛知県,304437362688.0,2.4948359,26.14839,243.83203,13.421554265215098,2.0736,0.0081883315,19.05,177.64,121.24000066551133,347196000000.0,19721000000.0,0.08329,7782000000.0,0.00364,0.018380001,0.4024887242832993,161158000000.0,95038000000.0,146908000000.0,96788000000.0,33849000000.0,13135000000.0,-5055500000.0,-0.016606043211526193
日産車体,7222,輸送用機器,スタンダード（内国株式）,JP,2025-03-31,神奈川県,130576375808.0,0.7103492,,18.942818,336.248455245803,0.3045,0.016506921,50.89,,3.0099999965240785,350508000000.0,5147000000.0,0.0344,3033000000.0,0.017070001,0.03825,0.654132998410599,93354000000.0,88474000000.0,174219000000.0,17147000000.0,70883000000.0,324000000.0,81091800000.0,0.6210296425996513
新明和工業,7224,輸送用機器,プライム（内国株式）,JP,2025-03-31,兵庫県,143994060800.0,1.1530873,19.665764,12.507181,10.452582997436103,0.3218,0.026477542,174.06,110.7,110.3799992593819,266441000000.0,13970000000.0,0.08369,8957000000.0,0.040370002,0.09669,0.4204501525654643,153378000000.0,93393000000.0,179037000000.0,51198000000.0,28474000000.0,14483000000.0,35797100000.0,0.248601225641662
極東開発工業,7226,輸送用機器,プライム（内国株式）,JP,2025-03-31,大阪府,82790522880.0,0.72996765,12.805242,22.370201,15.473280108664477,1.4577,0.06685769,96.11,167.9,151.7400002362138,,,0.06682,,0.022880001,0.03186,0.6184087180689009,70478000000.0,52023000000.0,96933000000.0,29546000000.0,20291000000.0,15379000000.0,37220300000.0,0.4495719884985947
デイトナ,7228,輸送用機器,スタンダード（内国株式）,JP,2025-12-31,静岡県,8732014592.0,0.91243356,6.308124,7.777345,7.198983511859694,0.292,0.0375,462.24,569.9,487.42992593596443,14376961000.0,1610949000.0,0.09969,1148821000.0,0.08154,0.13313,0.8071866323906572,2208963000.0,2078048000.0,9275962000.0,852474000.0,2545743000.0,,7066999000.0,0.8093205669255941
ユタカ技研,7229,輸送用機器,スタンダード（内国株式）,JP,2025-03-31,静岡県,44528238592.0,0.4088911,,7.980772,5.0639017858097395,0.0,0.0,376.53,,502.62664261329144,179213000000.0,6347000000.0,0.067,4548000000.0,0.032449998,0.05381,0.6066160752458315,56858000000.0,53182000000.0,118426000000.0,,42762000000.0,,61568000000.0,1.3826731518426014
トピー工業,7231,輸送用機器,プライム（内国株式）,JP,2025-03-31,,60133040128.0,0.41768342,8.650497,5.978553,7.42542331897311,0.2793,0.04802364,465.33,321.6,281.1303314406444,,,0.02401,,0.034089997,0.07254,0.48012961799603193,145039000000.0,95852000000.0,155185000000.0,68793000000.0,27474000000.0,30748000000.0,31669600000.0,0.5266588872371605
東京ラヂエーター製造,7235,輸送用機器,スタンダード（内国株式）,JP,2025-03-31,神奈川県,13939304448.0,0.57906586,,7.2770658,4.1341155123966455,0.3057,0.0,201.18,,179.06765660835717,34060230000.0,1714976000.0,0.050819997,1422928000.0,0.057600003,0.08472,0.6671305231174337,8967336000.0,7687305000.0,21122106000.0,,8413749000.0,1806728000.0,13419479600.0,0.9627079780100086
ティラド,7236,輸送用機器,プライム（内国株式）,JP,2026-03-31,東京都,81520574464.0,1.5379848,,9.747512,4.875184438189338,0.379,0.04014337,1477.3,,720.3389830508474,162278000000.0,11256000000.0,0.066139996,8765000000.0,0.05401,0.17236,0.5315216846327401,46656000000.0,26343000000.0,58790000000.0,21856000000.0,16441000000.0,3275000000.0,14426500000.0,0.17696759492747238
曙ブレーキ工業,7238,輸送用機器,プライム（内国株式）,JP,2025-03-31,東京都,30671632384.0,0.6057357,6.0106387,33.13783,180.920056,0.0,0.0,3.41,18.8,0.6190579556309667,,,0.02803,,0.011510001,0.04851,0.38590776615806616,72382000000.0,31337000000.0,64951000000.0,35270000000.0,18303000000.0,85000000.0,-7371500000.0,-0.24033608344384622
タチエス,7239,輸送用機器,プライム（内国株式）,JP,2025-03-31,東京都,74681466880.0,0.7119804,8.988021,8.02567,11.273504515660775,0.38740003,0.0,271.13,242.1,158.2500013206958,285394000000.0,9625000000.0,0.08125,11310000000.0,0.034560002,0.09519,0.5598957879004635,73774000000.0,62052000000.0,112786000000.0,14516000000.0,43680000000.0,6459000000.0,43533300000.0,0.5829197231751
ＮＯＫ,7240,輸送用機器,プライム（内国株式）,JP,2025-03-31,東京都,468195901440.0,0.758346,15.98514,16.03558,10.028287492454472,0.65269995,0.045193814,183.81,184.39,188.3399994818594,766859000000.0,37265000000.0,0.03253,30320000000.0,0.062750004,0.07882,0.6442920458857396,275248000000.0,186251000000.0,420723000000.0,61690000000.0,136762000000.0,162144000000.0,258975800000.0,0.5531355554448144
フタバ産業,7241,輸送用機器,プライム（内国株式）,JP,2025-03-31,愛知県,86507307008.0,0.6243662,4.748166,13.995388,7.4531408911743595,0.6198,0.04493208,69.38,204.5,143.43685022469649,707104000000.0,15178000000.0,0.02932,6208000000.0,0.023640001,0.12792,0.37468343139659716,190748000000.0,138070000000.0,146439000000.0,53905000000.0,13719000000.0,20399000000.0,-30029700000.0,-0.3471348379533179
カヤバ,7242,輸送用機器,プライム（内国株式）,JP,2025-03-31,東京都,159112839168.0,0.6835317,6.346685,6.2591,8.036267751544978,0.2469,0.04041451,631.88,623.16,294.7500026925892,438316000000.0,20329000000.0,0.04084,14899000000.0,0.060300004,0.12382,0.4870031439479003,228089000000.0,169733000000.0,258337000000.0,98968000000.0,47428000000.0,21915000000.0,45588500000.0,0.2865167904638115
市光工業,7244,電気機器,プライム（内国株式）,JP,2025-12-31,神奈川県,51493265408.0,1.6106551,8.346334,8.29586,8.344639118140085,0.2172,0.0047801146,64.49,64.1,46.47999993677888,117089000000.0,5816000000.0,0.0494,6203000000.0,0.04933,0.21043,0.610192763091923,49522000000.0,38813000000.0,69394000000.0,5544000000.0,12431000000.0,4368000000.0,22929600000.0,0.4452931819009803
大同メタル工業,7245,輸送用機器,プライム（内国株式）,JP,2025-03-31,愛知県,59736903680.0,0.733047,18.910162,15.6033535,11.479469867475547,0.2794,0.025577558,82.29,67.9,54.49999962874659,136303000000.0,7098000000.0,0.06485,2720000000.0,0.03096,0.06197,0.3699251484826296,114564000000.0,70092000000.0,107585000000.0,65793000000.0,29147000000.0,8034000000.0,-1355200000.0,-0.022686144016763343
プレス工業,7246,輸送用機器,プライム（内国株式）,JP,2025-03-31,神奈川県,81456709632.0,0.67851925,10.958006,9.7274,7.983762795060538,0.431,0.0,85.84,76.2,79.40999962801753,189883000000.0,9646000000.0,0.07615,6080000000.0,0.04192,0.07943,0.576399142412168,70284000000.0,53617000000.0,87789000000.0,10070000000.0,26269000000.0,8001000000.0,23105700000.0,0.28365619117670576
ミクニ,7247,輸送用機器,スタンダード（内国株式）,JP,2025-03-31,東京都,11970599936.0,0.29979858,7.9642057,4.2325525,13.377589463672395,0.1664,0.0,84.11,44.7,33.160150112282054,101428000000.0,3031000000.0,0.04287,1995000000.0,0.011569999,0.0308,0.34494770350159165,71116000000.0,46344000000.0,60718000000.0,41147000000.0,1756000000.0,8740000000.0,-4280000000.0,-0.357542648061311
ユニバンス,7254,輸送用機器,スタンダード（内国株式）,JP,2025-03-31,静岡県,15192229888.0,0.5193801,,16.444544,8.39112943835689,0.4067,0.0,44.27,,85.16076124825618,53915906000.0,4031243000.0,0.11337,2948112000.0,0.01632,0.034360003,0.593368239407668,18249310000.0,11070368000.0,23784526000.0,580348000.0,7978884000.0,4524190000.0,8702149000.0,0.5728026145045126
桜井製作所,7255,輸送用機器,スタンダード（内国株式）,JP,2025-03-31,静岡県,1504318592.0,0.31202164,,6.6628704,5.4470562968973315,0.21350001,0.0,70.24,,89.35547526403558,4964077000.0,163563000.0,0.05025,211910000.0,0.047480002,0.04755,0.6594007793037923,2510798000.0,1613807000.0,2971364000.0,1592903000.0,1289254000.0,422592000.0,756380400.0,0.502805990713967
河西工業,7256,輸送用機器,スタンダード（内国株式）,JP,2024-03-31,神奈川県,14819400704.0,0.8861167,,15.793815,-6.080693187940987,0.0,0.0,24.25,,-40.291458955020985,,,0.07379,,0.020650001,0.16627,0.07130546876094664,122494000000.0,111640000000.0,83630000000.0,74178000000.0,24118000000.0,2730000000.0,-36953000000.0,-2.4935556260399774
アイシン,7259,輸送用機器,プライム（内国株式）,JP,2026-03-31,愛知県,1719411277824.0,0.7813472,10.394673,7.6878214,13.02028124771961,0.22680001,0.030796304,308.67,228.29,125.20309925833585,2479761000000.0,29728000000.0,0.05373,223611000000.0,0.03355,0.085559994,0.4876860314776984,2016177000000.0,1141762000000.0,2040308000000.0,686002000000.0,592398000000.0,677756000000.0,498560200000.0,0.28995982894270217
マツダ,7261,輸送用機器,プライム（内国株式）,JP,2025-03-31,広島県,745897263104.0,0.3913624,4.314119,21.283297,4.83176592617376,0.9892,0.048608042,55.56,274.1,329.3799999552466,5018893000000.0,186125000000.0,0.052729998,114079000000.0,0.00713,0.01924,0.4382993882028253,2280052000000.0,1501393000000.0,2227652000000.0,722999000000.0,1001379000000.0,271063000000.0,137344100000.0,0.18413273086490758
ムロコーポレーション,7264,輸送用機器,スタンダード（内国株式）,JP,2025-03-31,栃木県,7510200832.0,0.33029294,,10.511628,6.520728159353791,0.38919997,0.036682617,118.25,,218.02000254872786,22590057000.0,755183000.0,0.0431,486277000.0,0.03085,0.03187,0.7237676748953946,8423065000.0,6925852000.0,16358366000.0,2391058000.0,8491632000.0,1852793000.0,9232256100.0,1.2292955017477754
エイケン工業,7265,輸送用機器,スタンダード（内国株式）,JP,2025-10-31,静岡県,3893016320.0,1.2099526,,17.1798,15.90264303753721,0.4971,0.02010724,221.19,,214.17258428115116,8100114000.0,411196000.0,0.03687,326533000.0,0.053839996,0.07047,0.7780942273297289,1727066000.0,1418899000.0,4922371000.0,469553000.0,1873825000.0,671391000.0,3665278700.0,0.9415009850254108
今仙電機製作所,7266,輸送用機器,スタンダード（内国株式）,JP,2025-03-31,愛知県,19266449408.0,0.3457452,,7.843985,6.484519980593163,0.2335,0.0,115.63,,95.24000160500425,,,0.03433,,0.02846,0.045700002,0.6728115305562293,25292000000.0,20504000000.0,52626000000.0,2920000000.0,15230000000.0,2246000000.0,28906200000.0,1.5003387177295517
本田技研工業,7267,輸送用機器,プライム（内国株式）,JP,2025-03-31,東京都,5675381948416.0,0.48025188,6.390813,,7.518647103526564,0.553,0.049610205,-106.11,228.14,225.88194880960205,21688767000000.0,1213486000000.0,-0.1728,835837000000.0,-0.019450001,-0.028499998,0.4005258080950246,18148045000000.0,8615157000000.0,11687762000000.0,4422236000000.0,4528795000000.0,873459000000.0,-5848861700000.0,-1.0305670619459222
スズキ,7269,輸送用機器,プライム（内国株式）,JP,2025-03-31,静岡県,3729286234112.0,1.1026597,10.967376,8.488867,10.033171250317302,0.2021,0.024625268,227.71,176.25,163.87447428553583,5825161000000.0,642852000000.0,0.1091,416050000000.0,0.0698,0.13873,0.4956339677095303,2305587000000.0,1602557000000.0,2528681000000.0,725299000000.0,842710000000.0,1344493000000.0,1164239100000.0,0.31218818479274574
ＳＵＢＡＲＵ,7270,輸送用機器,プライム（内国株式）,JP,2025-03-31,東京都,1838246526976.0,0.66077375,5.752946,20.473572,6.187573881770339,0.9204,0.046685528,125.43,446.38,509.17999968770937,4685763000000.0,405298000000.0,-0.0207,338062000000.0,0.01898,0.033069998,0.5334877676904772,2372538000000.0,1262463000000.0,3191220000000.0,399500000000.0,941460000000.0,145386000000.0,920452200000.0,0.5007229370448947
安永,7271,輸送用機器,スタンダード（内国株式）,JP,2025-03-31,三重県,10437273600.0,0.7106956,,5.5766587,12.599541881379029,0.1266,0.0,181.65,,54.14808206958073,31470000000.0,762000000.0,0.09161,742000000.0,0.05511,0.14351,0.3065801518496581,25755000000.0,16011000000.0,20758000000.0,17470000000.0,7070000000.0,750000000.0,-4472000000.0,-0.42846438364900197
ヤマハ発動機,7272,輸送用機器,プライム（内国株式）,JP,2025-12-31,静岡県,1195505876992.0,1.0280658,6.5099077,7.6707554,12.35548804787121,0.218,0.029374737,160.61,189.25,110.09999994559642,2534203000000.0,116293000000.0,0.08229,16109000000.0,0.01012,0.03845,0.3900782888626135,1704258000000.0,1126898000000.0,1690233000000.0,1044323000000.0,398904000000.0,73221000000.0,37229700000.0,0.0311413776515037
イクヨ,7273,輸送用機器,スタンダード（内国株式）,JP,2025-03-31,神奈川県,18346784768.0,1.373157,,6.8026476,8.210116399435009,0.0326,0.0,92.17,,32.07235643566956,17736188000.0,39279000.0,0.00664,44549000.0,0.09142999,0.26763,0.4322533218510749,9184068000.0,6948653000.0,8152616000.0,3145703000.0,1496485000.0,349818000.0,-786579400.0,-0.042872874454380254
小糸製作所,7276,電気機器,プライム（内国株式）,JP,2025-03-31,,734131060736.0,1.1901815,18.36802,46.221413,14.76356035091182,0.9299,0.020603385,60.34,151.84,130.8999999250701,916709000000.0,44874000000.0,0.06885,46240000000.0,0.01745,0.030450001,0.704757110495847,210089000000.0,173359000000.0,546361000000.0,5728000000.0,270845000000.0,100620000000.0,406706000000.0,0.5539964479806353
ＴＢＫ,7277,輸送用機器,スタンダード（内国株式）,JP,2025-03-31,東京都,9911130112.0,0.31565657,,,30.8522324650776,1.6985,0.0,-4.45,,11.66672523456443,54415000000.0,941000000.0,0.03616,-1204000000.0,-0.00239,0.0,0.5317270588235294,24015000000.0,17774000000.0,26402000000.0,8109000000.0,4139000000.0,3364000000.0,4741800000.0,0.47843181820999586
エクセディ,7278,輸送用機器,プライム（内国株式）,JP,2025-03-31,大阪府,211936051200.0,1.1054099,19.472927,15.579071,-12.593698372805633,0.8015,0.05050505,374.22,299.39,-213.43000025148243,309564000000.0,21846000000.0,0.07092,12744000000.0,0.04501,0.07764,0.593849535391824,109644000000.0,47641000000.0,168480000000.0,56292000000.0,68160000000.0,5383000000.0,62604100000.0,0.2953914619317018
ハイレックスコーポレーション,7279,輸送用機器,スタンダード（内国株式）,JP,2025-10-31,兵庫県,79807561728.0,0.3756574,,9.602811,27.471744846021632,0.20459999,0.023843931,224.83,,52.580000417335434,304123000000.0,3392000000.0,0.01002,8419000000.0,0.114989996,0.20296,0.6322956566316603,85305000000.0,72237000000.0,156554000000.0,8939000000.0,57666000000.0,43724000000.0,101855800000.0,1.2762675339856238
ミツバ,7280,電気機器,プライム（内国株式）,JP,2025-03-31,群馬県,50581979136.0,0.42212534,10.338346,5.411788,5.145874835662737,0.098400004,0.0,203.26,106.4,307.0211589884528,349353000000.0,20931000000.0,0.086689994,11864000000.0,0.03391,0.091309994,0.28691827519833063,222649000000.0,152281000000.0,210648000000.0,160315000000.0,97912000000.0,16201000000.0,-660300000.0,-0.013054056232648556
豊田合成,7282,輸送用機器,プライム（内国株式）,JP,2025-03-31,愛知県,564570750976.0,0.99298143,13.685198,9.758817,9.362978703905261,0.2796,0.030150754,493.4,351.84,285.85000087491454,,,0.08552,,0.05407,0.11326,0.5943064863603855,324636000000.0,185715000000.0,438148000000.0,109525000000.0,118769000000.0,57544000000.0,153792800000.0,0.27240660224450375
愛三工業,7283,輸送用機器,プライム（内国株式）,JP,2026-03-31,愛知県,106584768512.0,0.75138545,9.10375,Infinity,9.598785573832476,0.3515,0.044223327,0.0,205.3,211.7500001480042,330834000000.0,18290000000.0,0.04208,13074000000.0,0.03952,0.09613,0.45541871604874856,165148000000.0,92223000000.0,186234000000.0,75373000000.0,87663000000.0,2729000000.0,22996300000.0,0.21575596889729068
盟和産業,7284,輸送用機器,スタンダード（内国株式）,JP,2025-03-31,神奈川県,4387561472.0,0.3624287,,56.486485,-10.569461269054498,2.2553,0.039184954,22.2,,-87.31383227251152,23250412000.0,505159000.0,0.01615,452884000.0,0.0033399998,0.0063899998,0.4806118570944904,12972151000.0,10115760000.0,14404083000.0,6396901000.0,3369214000.0,768643000.0,1969982100.0,0.4489924785263499
日本精機,7287,輸送用機器,スタンダード（内国株式）,JP,2025-03-31,新潟県,151219519488.0,0.65202326,13.710266,18.38703,11.044801602310795,0.5593,0.0,143.09,191.9,104.73999997331029,,,0.03269,,0.02507,0.03844,0.6525060600129481,111865000000.0,78621000000.0,216499000000.0,32278000000.0,35305000000.0,24379000000.0,121699300000.0,0.8047856547359115
日本プラスト,7291,輸送用機器,スタンダード（内国株式）,JP,2025-03-31,静岡県,8416114176.0,0.225019,,4.207851,3.7916972937734386,0.2824,0.06772009,106.23,,129.7173292929369,120591000000.0,2772000000.0,0.0356,56000000.0,0.01752,0.055859998,0.41258198239095895,49171000000.0,39237000000.0,48015000000.0,24751000000.0,14943000000.0,3510000000.0,1301000000.0,0.15458440472564236
村上開明堂,7292,輸送用機器,スタンダード（内国株式）,JP,2025-03-31,静岡県,77851557888.0,0.82076,,12.800733,9.503548559564424,0.45720002,0.036253776,524.97,,493.7299980433632,109205000000.0,8864000000.0,0.0684,5943000000.0,0.05256,0.07595,0.769696864775029,23268000000.0,20029000000.0,78598000000.0,215000000.0,47576000000.0,4831000000.0,58711700000.0,0.754149327165228
ヨロズ,7294,輸送用機器,プライム（内国株式）,JP,2025-03-31,,18082564096.0,0.33156148,5.490932,9.669603,-1.7890852486942797,0.3635,0.0,90.8,159.9,-551.4500022696875,,,0.056160003,,0.011770001,0.03917,0.3845067020007174,75401000000.0,51292000000.0,81159000000.0,42761000000.0,27929000000.0,7372000000.0,10918400000.0,0.603808173555167
エフ・シー・シー,7296,輸送用機器,プライム（内国株式）,JP,2025-03-31,静岡県,163708567552.0,0.79852504,12.223348,8.723031,7.825795654616408,0.5008,0.05722714,387.48,276.52,245.90999959407057,256619000000.0,17330000000.0,0.071329996,15859000000.0,0.07192,0.09601,0.7482332011957369,60765000000.0,48517000000.0,162913000000.0,3000000000.0,68496000000.0,16709000000.0,113844300000.0,0.6954083204218299
カーメイト,7297,輸送用機器,スタンダード（内国株式）,JP,2025-03-31,東京都,5960628224.0,0.39209497,,21.209839,-17.81080684327282,0.7526,0.0,39.84,,-47.079999421565894,,,0.01127,,0.019299999,0.01871,0.7297376163412952,5495001000.0,2479936000.0,17195216000.0,1460000000.0,10674721000.0,2073787000.0,13151865900.0,2.2064563340899284
フジオーゼックス,7299,輸送用機器,スタンダード（内国株式）,JP,2025-03-31,静岡県,16716054528.0,0.52237666,,7.9849696,7.847423347304353,0.25370002,0.032162,212.9,,188.07522144144892,25544048000.0,2616093000.0,0.10909,1546794000.0,0.073699996,0.06859,0.8219721993177806,6065995000.0,5357103000.0,18420106000.0,2124171000.0,5962207000.0,140510000.0,12452468000.0,0.7449406185617343
新家工業,7305,鉄鋼,スタンダード（内国株式）,JP,2025-03-31,大阪府,23901282304.0,0.6946028,,15.718853,11.123636281601124,1.0028,0.06420546,159.49,,151.92188825161355,42845000000.0,1641000000.0,0.048850004,2128000000.0,0.0376,0.046690002,0.5976565501344603,20483000000.0,15593000000.0,29180000000.0,5742000000.0,6703000000.0,9306000000.0,15211200000.0,0.6364177371962311
シマノ,7309,輸送用機器,プライム（内国株式）,JP,2025-12-31,大阪府,1396817002496.0,1.6256533,17.791952,42.27006,24.607262566208963,0.8733,0.02021467,387.39,920.36,853.3599972416647,466243000000.0,51678000000.0,0.08841,33991000000.0,0.07871,0.043670002,0.9253994138022915,68749000000.0,58917000000.0,666119000000.0,4030000000.0,477324000000.0,29348000000.0,617913600000.0,0.44237262210857825
テイ・エス　テック,7313,輸送用機器,プライム（内国株式）,JP,2025-03-31,埼玉県,204840779776.0,0.6610561,16.96627,38.976463,21.76208533650288,1.9289999,0.051150896,45.04,103.47,80.09000002015188,460514000000.0,16429000000.0,0.035439998,8630000000.0,0.01613,0.02957,0.7084322078979384,106681000000.0,91135000000.0,255033000000.0,,111543000000.0,35001000000.0,172852700000.0,0.8438392989375455
小田原機器,7314,輸送用機器,スタンダード（内国株式）,JP,2025-12-31,神奈川県,3662501632.0,0.9191511,,38.258575,12.935807052986966,1.3197,0.03469211,30.32,,92.81200157156206,7672954000.0,155685000.0,0.05574,96621000.0,0.00935,0.01601,0.569692975098325,3139613000.0,2858600000.0,6206404000.0,1322960000.0,1494583000.0,166169000.0,3183109300.0,0.869107954024797
松屋アールアンドディ,7317,輸送用機器,グロース（内国株式）,JP,2025-03-31,福井県,23565176832.0,2.8906746,20.59925,15.2990265,16.301021890961355,0.0,0.0,71.9,53.4,44.42999950407017,9567398000.0,1953594000.0,0.184,1560404000.0,0.15853,0.20545,0.6355386348961494,3975413000.0,2114146000.0,7501356000.0,2485537000.0,4137356000.0,,3525943000.0,0.14962514498138607
セレンディップ・ホールディングス,7318,輸送用機器,グロース（内国株式）,JP,2025-03-31,愛知県,37571395584.0,2.789391,,9.299083,18.2583052921449,0.0,0.0,222.28,,28.822499765430234,25124596000.0,734597000.0,0.03471,2088163000.0,0.08104999,0.34069002,0.2522197411796393,24109798000.0,13099530000.0,16193903000.0,13578112000.0,6502528000.0,2902877000.0,-5883881100.0,-0.15660533787852388
Ｓｏｌｖｖｙ,7320,その他金融業,グロース（内国株式）,JP,2024-06-30,東京都,15721486336.0,3.1893573,5.389199,,15.362126373116528,0.07,0.016288951,-24.57,260.15,96.91999535965418,,,0.26005,,-0.065809995,-0.09032,0.12219639719290849,21588449000.0,4012265000.0,8587952000.0,2512778000.0,2626435000.0,3509787000.0,-10543646100.0,-0.6706519901910628
三十三フィナンシャルグループ,7322,銀行業,プライム（内国株式）,JP,2025-03-31,,186374062080.0,0.80636376,,15.108824,7.255038988341021,0.3035,0.02055968,118.54,,66.36999994481984,67700000000.0,,0.18899,8653000000.0,0.15012,0.05649,0.04566182511626505,4304803000000.0,,,304159000000.0,428222000000.0,951429000000.0,,
アイリックコーポレーション,7325,保険業,グロース（内国株式）,JP,2024-06-30,東京都,5560586240.0,1.4648542,12.408759,12.655872,16.29228917436443,0.7628,0.03671072,53.73,54.8,42.432425713719574,,,0.0731,,0.03958,0.11775,0.7004308453906601,1508088000.0,1437085000.0,3016778000.0,90000000.0,1870849000.0,133481000.0,1602126700.0,0.2881219049306571
ＳＢＩインシュアランスグループ,7326,保険業,グロース（内国株式）,JP,2025-03-31,東京都,54083624960.0,1.1276822,,18.779627,14.146096626662564,0.4007,0.021359669,116.03,,80.11999944705916,,,0.080290005,,0.14632,0.45282,0.1947692844741266,175193000000.0,,,,34328000000.0,146926000000.0,,
第四北越フィナンシャルグループ,7327,銀行業,プライム（内国株式）,JP,2025-03-31,,559534440448.0,0.98249125,,13.28018,8.606520955889202,0.3923,0.0,160.54,,79.11833332422854,141309000000.0,,0.31028,29349000000.0,0.20631,0.08033,0.043620868888436255,10498929000000.0,,,985858000000.0,2147289000000.0,2919007000000.0,,
ひろぎんホールディングス,7337,銀行業,プライム（内国株式）,JP,2025-03-31,広島県,630772006912.0,1.1092254,,14.501407,11.114943308830583,0.39790002,0.027864521,145.71,,90.30000013826586,148840000000.0,,0.26751,35835000000.0,0.22924,0.08151,0.04158736818331499,11627271000000.0,,,1443632000000.0,1726986000000.0,1925611000000.0,,
ブロードマインド,7343,保険業,グロース（内国株式）,JP,2025-03-31,東京都,6858543616.0,1.6902978,9.27795,38.74838,20.83311592964384,2.2410002,0.0,30.84,128.8,78.71000496233299,6021968000.0,519610000.0,0.1104,231620000.0,0.074489996,0.096499994,0.736392576788614,1412031000.0,1277141000.0,3844982000.0,2128000.0,1983173000.0,,2432951000.0,0.3547328902777951
アイ・パートナーズフィナンシャル,7345,その他金融業,グロース（内国株式）,JP,2025-03-31,神奈川県,3070652160.0,4.276874,,34.64538,182.18685672259943,0.1486,0.0,26.93,,2.259999738411874,3797196000.0,-797000.0,0.04142,-9735000.0,0.01963,0.13352999,0.6301712967036484,369879000.0,330452000.0,833648000.0,15904000.0,495287000.0,,463769000.0,0.15103273696751116
マーキュリアホールディングス,7347,証券、商品先物取引業,プライム（内国株式）,JP,2025-12-31,,14665877504.0,0.84749365,,Infinity,29.394000560884482,6.1798,0.02925532,0.0,,26.12000022518978,7215726000.0,2515202000.0,-0.14538,1684610000.0,0.23191,0.09749,0.7663101216689512,4263503000.0,2881361000.0,22461594000.0,684500000.0,5232547000.0,296310000.0,18405508000.0,1.2549885265972014
おきなわフィナンシャルグループ,7350,銀行業,プライム（内国株式）,JP,2025-03-31,沖縄県,140887818240.0,0.86804676,17.604694,12.485812,6.842483558409653,0.3214,0.0,528.6,374.9,371.6900001488445,,,0.20687,,0.17889999,0.071550004,0.05152931714289359,2825534000000.0,,,99840000000.0,349388000000.0,590179000000.0,,
グッドパッチ,7351,サービス業,グロース（内国株式）,JP,2025-08-31,東京都,4008893696.0,0.9273402,12.75,10.268456,314.79843545638346,0.22379999,0.02183406,44.7,36.0,1.259999993444329,5085553000.0,557484000.0,0.1354,407051000.0,0.07546,0.09375,0.7902453336505619,1100253000.0,956456000.0,3395698000.0,248404000.0,2733133000.0,1310160000.0,3212557000.0,0.8013574925185544
ＴＷＯＳＴＯＮＥ＆Ｓｏｎｓ,7352,サービス業,グロース（内国株式）,JP,2025-08-31,東京都,14103151616.0,3.7850835,25.03937,56.8873,240.94663035395888,0.08930001,0.0,5.59,12.7,3.980000006322043,18077366000.0,819999000.0,0.05677,494316000.0,0.02684,,0.3379271140455193,6479943000.0,3931461000.0,7216730000.0,3637281000.0,4557240000.0,40278000.0,764981600.0,0.05424189009867339
ＫＩＹＯラーニング,7353,サービス業,グロース（内国株式）,JP,2025-12-31,東京都,3929039360.0,2.7569585,,13.37386,23.517852219333605,0.0,0.0,42.77,,30.5299987985189,5031211000.0,304036000.0,-0.19764,294136000.0,0.06469,0.26837,0.3214509872795243,3380616000.0,3379791000.0,4419370000.0,453979000.0,4087310000.0,26285000.0,1057153500.0,0.2690615703070992
ダイレクトマーケティングミックス,7354,サービス業,スタンダード（内国株式）,JP,2025-12-31,,14211660800.0,0.9734911,2.8623853,10.859729,14.633199124960871,0.24370001,0.023026315,28.73,109.0,17.88718046879474,22694234000.0,2132604000.0,0.08177,1344550000.0,0.05922,0.09386,0.5427775086640104,12535739000.0,6099583000.0,9209910000.0,6365378000.0,5523088000.0,321608000.0,-3100703400.0,-0.2181802284501471
Ｒｅｔｔｙ,7356,サービス業,グロース（内国株式）,JP,2025-09-30,東京都,1704978688.0,4.927599,-5.8461537,325.7143,-29.432505065919496,0.0,0.0,0.35,-19.5,-5.3682144841606245,1630179000.0,19465000.0,0.02162,11734000.0,0.00317,0.01456,0.3639358259401444,592988000.0,264248000.0,764046000.0,454446000.0,367807000.0,,171058000.0,0.10032852680443592
ジオコード,7357,サービス業,スタンダード（内国株式）,JP,2026-02-28,東京都,4328354816.0,4.0128994,,,,8.8889,0.0,-2.75,,,1893429000.0,-7753000.0,-0.07249,-7600000.0,-0.0037,-0.0058600004,0.3835699505710751,1593210000.0,1219794000.0,1701523000.0,727555000.0,1055230000.0,386271000.0,378702700.0,0.08749345099900424
ポピンズ,7358,サービス業,スタンダード（内国株式）,JP,2025-12-31,東京都,13068551168.0,1.4036722,12.388889,11.56839,14.886308110934701,0.3891,0.032798834,115.66,108.0,78.62999793190946,34409000000.0,1841000000.0,0.082150005,1142000000.0,0.02854,0.110419996,0.5611515151515152,7241000000.0,5125000000.0,12106000000.0,2435000000.0,7606000000.0,,4865000000.0,0.37226773935832824
東京通信グループ,7359,サービス業,グロース（内国株式）,JP,2025-12-31,東京都,2186149632.0,2.729285,,9.517544,-6.7231283820873005,0.0,0.0,22.8,,-41.052317360971095,6219055000.0,195512000.0,0.03509,230425000.0,0.035639998,0.84380996,0.215490105403287,2781616000.0,2094703000.0,2067990000.0,1671593000.0,1138621000.0,130609000.0,-622199700.0,-0.2846098413816168
オンデック,7360,サービス業,グロース（内国株式）,JP,2025-11-30,大阪府,1536758528.0,1.7603209,4.6703734,,11.434758682421835,0.0,0.0,-58.04,125.9,91.47547657546731,864425000.0,-221614000.0,-1.11429,-151848000.0,-0.17477,-0.14674,0.822525102152896,205528000.0,153478000.0,818500000.0,36672000.0,664465000.0,102725000.0,684879500.0,0.445665006909921
ヒューマンクリエイションホールディングス,7361,サービス業,グロース（内国株式）,JP,2025-09-30,東京都,3570357504.0,2.3802755,4.4217424,15.072273,8.15594142323129,0.35459998,0.023096664,76.1,259.4,123.05999429098722,8945582000.0,781936000.0,-0.0062800003,398482000.0,0.025880001,0.16982001,0.3404261235225238,2965117000.0,1848091000.0,2526857000.0,1143479000.0,1417293000.0,89670000.0,-375491000.0,-0.10516902007133008
Ｔ．Ｓ．Ｉ,7362,サービス業,グロース（内国株式）,JP,2025-12-31,京都府,1253010688.0,0.8817814,,15.25361,11.103459157626038,0.0,0.0,54.02,,82.85706165435201,4886212000.0,40682000.0,0.00949,81970000.0,0.02227,0.08456001,0.24363616575854996,4392260000.0,1391613000.0,1944383000.0,3578449000.0,1186365000.0,,-2447877000.0,-1.9535962649346532
ベビーカレンダー,7363,サービス業,グロース（内国株式）,JP,2024-12-31,東京都,903222528.0,1.138997,,18.2014,-13.681261626862993,0.0,0.0,55.71,,-111.17395759858395,1528358000.0,50091000.0,0.100839995,17186000.0,0.03928,0.097040005,0.45194779703808613,854409000.0,652396000.0,708181000.0,484959000.0,394203000.0,,-146228000.0,-0.16189587335005
ＬＩＴＡＬＩＣＯ,7366,サービス業,プライム（内国株式）,JP,2025-03-31,東京都,55428567040.0,3.8599305,18.750734,19.289768,16.680595263982386,0.13270001,0.0,82.79,85.17,67.1400008776836,,,0.1388,,0.052649997,0.26485002,0.3810353257547977,20255000000.0,11624000000.0,11318000000.0,13203000000.0,4335000000.0,1528000000.0,-7867400000.0,-0.14193764010392862
セルム,7367,サービス業,スタンダード（内国株式）,JP,2025-03-31,東京都,7077892096.0,2.280359,,12.386707,12.156935006107382,0.56630003,0.0,26.48,,26.57000020669082,8184641000.0,1074748000.0,0.00774,552623000.0,0.056360003,0.19625,0.3853004963009461,4476743000.0,1948287000.0,2866136000.0,2729040000.0,1701954000.0,109636000.0,-1533861800.0,-0.21671166771062342
表示灯,7368,サービス業,スタンダード（内国株式）,JP,2025-03-31,愛知県,7896837632.0,0.92653257,14.6241255,9.82038,16.622950096698055,0.36400002,0.0,170.36,114.4,85.14678434554541,10020947000.0,980141000.0,0.11662,725806000.0,0.07422,0.098129995,0.5437959525583378,6597341000.0,6356619000.0,7511085000.0,9350000.0,6113571000.0,214688000.0,1064025600.0,0.13474072148682617
メイホーホールディングス,7369,サービス業,グロース（内国株式）,JP,2025-06-30,岐阜県,2032041216.0,0.833877,,26.181818,-38.796531940722055,0.0,0.0,16.5,,-18.730197021785514,13007061000.0,472174000.0,0.14197999,168261000.0,0.0086900005,0.04665,0.3313848937891653,4413763000.0,2747504000.0,2844930000.0,1741217000.0,754210000.0,,-1568833000.0,-0.7720478244472774
Ｅｎｊｉｎ,7370,サービス業,グロース（内国株式）,JP,2025-05-31,東京都,4815144448.0,1.1254709,7.5346856,11.947876,8.620702565804436,0.7614,0.0626741,59.09,93.7,104.42999765489084,2919699000.0,841035000.0,-0.044910002,539211000.0,0.13709,0.078049995,0.8756721640405557,659290000.0,634548000.0,4506270000.0,,4127950000.0,73177000.0,3898203900.0,0.8095715387352799
Ｚｅｎｋｅｎ,7371,サービス業,グロース（内国株式）,JP,2025-06-30,,9151163392.0,0.72312206,,25.354012,28.483504883668616,0.4377,0.017310252,29.66,,19.240000353930622,,,0.18343,,0.07477,0.03363,,,,,,,,,
デコルテ・ホールディングス,7372,サービス業,グロース（内国株式）,JP,2025-09-30,兵庫県,1850385920.0,0.35563844,10.227272,6.9484653,14.905980329351472,0.0,0.0,51.81,35.2,20.797021943573668,6046172000.0,294861000.0,-0.06141,145543000.0,0.0425,0.05229,0.40431276864422466,7340509000.0,2181131000.0,809486000.0,5884003000.0,329696000.0,567268000.0,-6133935400.0,-3.314949240426559
アイドマ・ホールディングス,7373,サービス業,グロース（内国株式）,JP,2025-08-31,東京都,16824848384.0,2.2161272,7.677179,9.0916395,16.57621343337399,0.2409,0.026455026,124.51,147.45,90.68999738522915,13269538000.0,3102588000.0,0.19410999,1954663000.0,0.13419,0.2672,0.6599931934536067,3692281000.0,3581646000.0,7797928000.0,133075000.0,5355642000.0,920732000.0,4750159400.0,0.2823299973696809
コンフィデンス・インターワークス,7374,サービス業,グロース（内国株式）,JP,2025-03-31,東京都,9449792512.0,1.4984406,9.761137,11.817117,12.698124886245283,0.5858,0.0,127.95,154.9,119.99999338440244,8392191000.0,1303132000.0,0.11392,1039183000.0,0.080240004,0.13215,0.8794319025016222,797489000.0,793935000.0,4829268000.0,5629000.0,3994242000.0,15000000.0,4042279000.0,0.427763783688037
リファインバースグループ,7375,サービス業,グロース（内国株式）,JP,2024-06-30,東京都,4242275840.0,9.202364,,29.582067,512.0525517451299,0.0,0.0,42.83,,1.4744580364395787,,,0.10024,,0.05037,0.61451,0.03868424602144199,3235710000.0,1010151000.0,1308827000.0,2658765000.0,511956000.0,20000000.0,-1912883000.0,-0.45090962307627785
ＢＣＣ,7376,サービス業,グロース（内国株式）,JP,2025-09-30,大阪府,4582179840.0,1.4290137,,,-290.20357308469414,0.0,0.0,-39.38,,-1.7459008209601645,1467462000.0,-98051000.0,-0.07835,-73653000.0,-0.08614001,-0.16952999,0.5583099924504147,449905000.0,288229000.0,843748000.0,211679000.0,599155000.0,41100000.0,422613000.0,0.09222968428930105
ＤＮホールディングス,7377,サービス業,スタンダード（内国株式）,JP,2025-06-30,,14984563712.0,0.9093994,,11.261956,8.169811429984136,0.4934,0.04378763,162.05,,192.18999352870298,36975577000.0,2715926000.0,0.1531,1922581000.0,0.04857,0.12037,0.606493528092218,10055930000.0,7642406000.0,16533523000.0,843501000.0,2899140000.0,901714000.0,7108792800.0,0.47440772628615857
アシロ,7378,サービス業,グロース（内国株式）,JP,2025-10-31,東京都,9903161344.0,3.743906,25.454546,11.880516,50.129068838874076,0.5615,0.0,117.84,55.0,19.599595268909177,6647361000.0,1419373000.0,0.16986,1023632000.0,0.13921,0.33811,0.6484375662707884,1693306000.0,1474782000.0,3334771000.0,425269000.0,2466157000.0,147692000.0,1744849400.0,0.17619115143036088
十六フィナンシャルグループ,7380,銀行業,プライム（内国株式）,JP,2025-03-31,,400434724864.0,0.8602984,,14.765232,8.219476986477543,0.3133,0.0,153.13,,106.10999977331196,120240000000.0,,0.34392,20840000000.0,0.18234,0.061929997,0.05518112950641546,7171929000000.0,,,508231000000.0,1076465000000.0,1307046000000.0,,
ＣＣＩグループ,7381,銀行業,プライム（内国株式）,JP,2026-03-31,石川県,222459314176.0,0.91646475,,17.934977,16.704914537926808,0.41099998,0.023255814,55.98,,35.48000005068572,144869000000.0,,0.0081,12632000000.0,0.08878,0.0545,0.03741073977333815,6283014000000.0,,,551537000000.0,1378941000000.0,1885641000000.0,,
ネットプロテクションズホールディングス,7383,その他金融業,プライム（内国株式）,JP,2025-03-31,東京都,35912642560.0,1.7075744,32.81818,20.891203,-25.867943236714975,0.0,0.0,17.28,11.0,-8.543392800024764,23031000000.0,2102000000.0,0.055949997,1350000000.0,0.07044,0.08555,0.2705510388437218,51620000000.0,46249000000.0,50540000000.0,10282000000.0,17039000000.0,958000000.0,-409400000.0,-0.011399885132819365
プロクレアホールディングス,7384,銀行業,プライム（内国株式）,JP,2025-03-31,,102217826304.0,0.6278939,,27.045252,17.793629809622313,0.3746,0.0,133.48,,99.1866483574522,73772000000.0,,-0.05351,1227000000.0,0.04772,0.023570001,0.026115696044075185,5903338000000.0,,,420065000000.0,1481761000000.0,935454000000.0,,
ＦＰパートナー,7388,保険業,プライム（内国株式）,JP,2025-11-30,東京都,46762123264.0,4.5454445,8.963426,23.806187,17.39558469408941,1.0972,0.0,85.65,227.48,162.8000018685988,32104060000.0,2984186000.0,0.052410003,2042386000.0,0.05641,0.16399999,0.6424111889133384,6580222000.0,5359194000.0,9904552000.0,1117300000.0,7519355000.0,1007000.0,3325034900.0,0.07110530206740615
あいちフィナンシャルグループ,7389,銀行業,プライム（内国株式）,JP,2025-03-31,愛知県,332930121728.0,0.7724955,,15.255752,15.581901368109648,0.3018,0.0987564,89.54,,36.88000000032433,,,0.17346,,0.21002,0.05558,0.052030228976244694,6445893000000.0,,,336166000000.0,612643000000.0,1197995000000.0,,
ナンシン,7399,輸送用機器,スタンダード（内国株式）,JP,2025-03-31,東京都,3781501696.0,0.32550701,,16.977879,23.226196813129288,0.5744,0.034305315,34.81,,23.319896566881976,9818215000.0,122296000.0,0.03148,212726000.0,0.023729999,0.01944,0.8126754591423142,2706429000.0,1729504000.0,9890736000.0,452343000.0,3514836000.0,344932000.0,7425759400.0,1.9637064840813971
ＡｅｒｏＥｄｇｅ,7409,輸送用機器,グロース（内国株式）,JP,2025-06-30,栃木県,40295329792.0,20.276575,14.207879,43.483837,17.645243032139014,0.0,0.0,77.96,238.6,53.99000089012848,3602276000.0,655175000.0,0.20661,734432000.0,0.20365,0.22812,0.47375893330787283,4321178000.0,940058000.0,3013606000.0,3594236000.0,1573893000.0,,-1307572000.0,-0.03244971580452476
アトム,7412,小売業,スタンダード（内国株式）,JP,2025-03-31,神奈川県,112212172800.0,10.804076,,,-116.94480103809525,0.0,0.0,-7.83,,-7.789999999258095,35477000000.0,252000000.0,0.00839,530000000.0,0.01035,0.03081,0.3845384169782506,11687000000.0,7662000000.0,8597000000.0,5375000000.0,6703000000.0,199000000.0,-2950700000.0,-0.026295721100233434
創健社,7413,卸売業,スタンダード（内国株式）,JP,2025-03-31,神奈川県,1749182464.0,1.4773624,,103.09278,196.34369494951594,0.823,0.0,24.25,,11.08245028617159,4950632000.0,65881000.0,-0.0055,47544000.0,0.00358,0.01451,0.39425748541033323,1783120000.0,1078761000.0,2297555000.0,850750000.0,1246139000.0,384740000.0,783753000.0,0.4480681782092231
小野建,7414,卸売業,プライム（内国株式）,JP,2025-03-31,福岡県,32373067776.0,0.34926805,,,7.615272375082213,0.7335,0.0,-89.62,,223.61000241969234,271942000000.0,6811000000.0,0.022049999,4885000000.0,-0.00876,-0.022060001,0.4784847442637449,105258000000.0,81023000000.0,112648000000.0,56735000000.0,4438000000.0,3032000000.0,9512400000.0,0.29383684196442095
はるやまホールディングス,7416,小売業,スタンダード（内国株式）,JP,2025-03-31,岡山県,10615396352.0,0.46844435,,,24.01623910344539,0.37669998,0.0,-69.41,,24.797974178354963,36135998000.0,625676000.0,0.11088,670014000.0,-0.031070001,-0.04671,0.5561850800253378,19283559000.0,12545757000.0,23503388000.0,8771174000.0,10551126000.0,567654000.0,4617186800.0,0.4349518988172398
南陽,7417,卸売業,スタンダード（内国株式）,JP,2025-03-31,福岡県,17983416320.0,0.6570405,,7.7627497,6.956963090920939,0.35790002,0.046703298,190.01,,163.09218950064022,,,0.07852,,0.064,0.088649996,0.6228246887211475,15540000000.0,14401000000.0,25183000000.0,1546000000.0,9028000000.0,3052000000.0,11779400000.0,0.6550145862385285
ノジマ,7419,小売業,プライム（内国株式）,JP,2026-03-31,神奈川県,432494542848.0,1.7473881,5.005066,11.83517,7.916448325840691,0.1412,0.012133928,125.22,296.1,106.49999986148272,982804000000.0,58074000000.0,0.06364,38931000000.0,0.03961,0.17407,0.4128748246360673,345438000000.0,238658000000.0,368520000000.0,79665000000.0,96300000000.0,38304000000.0,49894800000.0,0.11536515506401546
カッパ・クリエイト,7421,小売業,プライム（内国株式）,JP,2025-03-31,,70820659200.0,6.937093,,,56.69523986080163,0.0,0.0,-7.95,,28.28999981538546,73208000000.0,1435000000.0,0.00308,1032000000.0,-0.00538,-0.03814,0.3490924304840371,20183000000.0,11655000000.0,13445000000.0,7247000000.0,7940000000.0,861000000.0,-6135300000.0,-0.08663150088272548
東邦レマック,7422,卸売業,スタンダード（内国株式）,JP,2025-12-31,東京都,2045456384.0,0.38763353,,117.54385,17.747142171915957,3.314,0.030150754,3.42,,24.43624721466792,4547599000.0,-120625000.0,0.088190004,17478000.0,0.033469997,0.109969996,0.6743693950995292,2183376000.0,1394932000.0,4364732000.0,1529999000.0,1935032000.0,490029000.0,2524376300.0,1.2341384151459862
初穂商事,7425,卸売業,スタンダード（内国株式）,JP,2025-12-31,愛知県,7685637120.0,0.3128793,,9.230708,4.888788069252793,0.29729998,0.0,252.31,,296.1919712776467,35444619000.0,1216535000.0,0.01795,831658000.0,0.01345,0.0438,0.45120698119181585,11086134000.0,10462052000.0,16030582000.0,857574000.0,7599103000.0,670712000.0,5413946400.0,0.7044238903644725
山大,7426,卸売業,スタンダード（内国株式）,JP,2025-03-31,宮城県,665392576.0,0.3567789,,,-19.02144600867098,0.0,0.0,-252.78,,-137.24324324324326,4138547000.0,-375533000.0,-0.03896,-1436955000.0,-0.06826,-0.13927001,0.4137360422820992,3056075000.0,1611388000.0,2727980000.0,1555306000.0,1233531000.0,21972000.0,-312714600.0,-0.46997007673256636
エコートレーディング,7427,卸売業,スタンダード（内国株式）,JP,2026-02-28,大阪府,4998096384.0,0.41042018,,6.397202,4.95820625249649,0.2332,0.036540803,128.65,,166.37999875101812,105811956000.0,1110030000.0,0.01422,778311000.0,0.00735,0.06493,0.31307746433993616,26720632000.0,26287620000.0,36600773000.0,1650000000.0,6230654000.0,851223000.0,10475997100.0,2.0959974148429708
伯東,7433,卸売業,プライム（内国株式）,JP,2025-03-31,東京都,85189410816.0,1.2457507,,16.994667,18.112084173429388,0.7515,0.044692736,266.26,,276.1999982600734,183133000000.0,7914000000.0,0.01747,5131000000.0,0.02765,0.074,0.5027459041541388,64830000000.0,47196000000.0,109532000000.0,35281000000.0,14929000000.0,8333000000.0,50535100000.0,0.5932087041798
オータケ,7434,卸売業,スタンダード（内国株式）,JP,2025-05-31,愛知県,6824965632.0,0.39991596,,7.226814,9.785323353494567,0.1537,0.021022728,240.77,,193.56032975268548,32993580000.0,977992000.0,0.021170001,855073000.0,0.02627,,0.5903884423747365,10676472000.0,9293911000.0,17228480000.0,71500000.0,2715444000.0,3269683000.0,8840786100.0,1.2953597976447657
ナ・デックス,7435,卸売業,スタンダード（内国株式）,JP,2025-04-30,愛知県,11059881984.0,0.5887892,,17.176327,11.100280702023158,0.3821,0.0,81.1,,90.16999834049608,36890907000.0,762769000.0,0.02382,251788000.0,0.01763,0.03697,0.6047537371157757,11846092000.0,10954674000.0,21768377000.0,352298000.0,3629121000.0,2335851000.0,11557380700.0,1.0449822807078517
コンドーテック,7438,卸売業,プライム（内国株式）,JP,2025-03-31,大阪府,37580853248.0,0.9752392,13.961905,11.366103,9.149625532735033,0.40330002,0.03564085,128.98,105.0,127.98400689898475,79175000000.0,4466000000.0,0.05375,3272000000.0,0.039330002,0.083859995,0.5567765567765568,26897000000.0,23401000000.0,40740000000.0,5842000000.0,15476000000.0,280000000.0,14039000000.0,0.3735678886095311
中山福,7442,卸売業,スタンダード（内国株式）,JP,2025-03-31,大阪府,9200716800.0,0.38854373,,13.783076,462.34329753114275,0.3491,0.024844721,34.39,,0.7471151358344114,40949509000.0,154573000.0,0.01854,526983000.0,0.01549,0.02895,0.6830935027281911,10393352000.0,8800412000.0,20783639000.0,4436118000.0,7250595000.0,3582469000.0,12898015300.0,1.4018489624634463
横浜魚類,7443,卸売業,スタンダード（内国株式）,JP,2025-03-31,神奈川県,3929616384.0,2.3464441,,21.16616,21.831976183620576,0.2696,0.004761905,29.67,,26.000001278733134,20204963000.0,157061000.0,0.00457,181119000.0,-0.00104,-0.02678,0.4651346698937396,2892771000.0,2099893000.0,3115588000.0,501000000.0,593894000.0,748313000.0,746636100.0,0.19000228700186528
ハリマ共和物産,7444,卸売業,スタンダード（内国株式）,JP,2025-03-31,兵庫県,10350892032.0,0.3947205,,6.8385487,8.701770182762605,0.2134,0.0,281.2,,261.73727745998383,61824355000.0,1911798000.0,0.019550001,1289072000.0,0.02528,0.059270002,0.6826104617762289,11490774000.0,8673591000.0,17734816000.0,2461685000.0,3584974000.0,3010399000.0,8351321300.0,0.8068214096120137
東北化学薬品,7446,卸売業,スタンダード（内国株式）,JP,2025-09-30,青森県,4252285696.0,0.5038253,,7.649175,,0.1702,0.022580646,617.06,,,34442625000.0,518396000.0,0.02874,428799000.0,0.0156,0.06894,0.43029009608568763,10403176000.0,9472346000.0,12825935000.0,813748000.0,924596000.0,2003550000.0,3825244000.0,0.8995736113399658
ナガイレーベン,7447,卸売業,プライム（内国株式）,JP,2025-08-31,東京都,49419661312.0,1.2880105,17.303253,19.92027,26.47238182747138,0.725,0.03594967,82.78,95.3,88.77000129629403,16983838000.0,3583443000.0,0.19856001,2573481000.0,0.14852001,0.06384,0.9245110699674498,3373765000.0,2507103000.0,36200109000.0,,24246113000.0,212465000.0,32975069500.0,0.6672459629340488
良品計画,7453,小売業,プライム（内国株式）,JP,2025-08-31,東京都,1926375800832.0,5.2710853,23.042732,32.338264,17.151850989359342,0.2672,0.0048977397,112.22,157.49,78.35999996749925,784629000000.0,73840000000.0,0.03749,50846000000.0,-0.01726,-0.04765,0.5901227723194532,226830000000.0,134689000000.0,367068000000.0,102126000000.0,134926000000.0,2841000000.0,142226700000.0,0.07383123269020116
松田産業,7456,卸売業,プライム（内国株式）,JP,2025-03-31,東京都,165388206080.0,1.3961691,18.228424,9.88646,9.446178740959361,0.15439999,0.016528925,647.35,351.1,364.8699957709654,,,0.03558,,0.024360001,0.15426,0.5905328596802842,68768000000.0,48613000000.0,116124000000.0,33471000000.0,12878000000.0,7894000000.0,52881800000.0,0.3197434765960308
第一興商,7458,卸売業,プライム（内国株式）,JP,2025-03-31,東京都,172174213120.0,1.3874252,11.662349,11.838083,15.231984042003715,0.4053,0.033668045,140.69,142.81,116.75999957004673,153020000000.0,17953000000.0,0.10248,18178000000.0,0.09751,0.13225001,0.5579841005943167,91456000000.0,35990000000.0,67543000000.0,53571000000.0,41949000000.0,7044000000.0,-18982200000.0,-0.11024995936394962
メディパルホールディングス,7459,卸売業,プライム（内国株式）,JP,2025-03-31,,534161096704.0,0.81912977,15.129291,12.633133,11.238370339322232,0.3193,0.025018955,206.56,172.48,195.82999955903546,3671328000000.0,55613000000.0,0.011039999,40279000000.0,0.01114,0.06842,0.3394900996392297,1067037000000.0,1009447000000.0,1282746000000.0,,261407000000.0,199078000000.0,355063600000.0,0.6647125786413363
ヤギ,7460,卸売業,スタンダード（内国株式）,JP,2025-03-31,,38454607872.0,0.82264644,,10.675234,6.508412207499765,0.3515,0.03256785,443.55,,249.44778871447713,83376000000.0,3573000000.0,0.011519999,2625000000.0,0.04271,0.08163,0.5451790494469417,36020000000.0,24649000000.0,55969000000.0,13340000000.0,11839000000.0,10858000000.0,27549600000.0,0.7164186953017853
キムラ,7461,卸売業,スタンダード（内国株式）,JP,2025-03-31,北海道,6734016512.0,0.3996922,,9.521812,7.4463395415490785,0.2936,0.030567685,47.68,,69.55421701042994,36249862000.0,1948525000.0,-0.041360002,1184211000.0,0.019019999,0.03852,0.5180578893097594,12293467000.0,7927251000.0,12725881000.0,6608173000.0,3759238000.0,1033398000.0,1155792600.0,0.17163495188055755
ＣＡＰＩＴＡ,7462,小売業,スタンダード（内国株式）,JP,2025-03-31,東京都,2721475328.0,1.4663115,,18.023415,62.22223447075194,0.4356,0.024615385,36.73,,6.29999925029759,3369499000.0,79461000.0,-0.05657,30110000.0,0.06455,,0.5276174493624133,1364648000.0,797058000.0,1107608000.0,875833000.0,605381000.0,3545000.0,-254558500.0,-0.09353694938218451
アドヴァングループ,7463,小売業,スタンダード（内国株式）,JP,2025-03-31,東京都,30793451520.0,0.5128371,,3.8943388,3.5284447122509137,0.1699,0.0,235.47,,278.8622099477432,18518822000.0,3150996000.0,0.13419,6012061000.0,0.47329,0.14129,0.6708348786719802,26429504000.0,7934045000.0,27863714000.0,22050286000.0,16065170000.0,2591220000.0,3248064000.0,0.10547904959242452
セフテック,7464,卸売業,スタンダード（内国株式）,JP,2025-03-31,東京都,2732541440.0,0.37503996,,19.219368,10.234493338343027,0.741,0.03846154,80.96,,191.78034449929106,10312082000.0,354836000.0,-0.014099999,229982000.0,0.014140001,0.019709999,0.5816250703678626,5197145000.0,3479697000.0,7991334000.0,3350215000.0,4451834000.0,503752000.0,3146815400.0,1.1516075672030797
ＳＰＫ,7466,卸売業,プライム（内国株式）,JP,2025-03-31,大阪府,24817590272.0,0.85061675,,10.920562,8.129951228120994,0.32419997,0.030065898,112.54,,119.10013136710214,68720867000.0,3311341000.0,0.040289998,2497319000.0,0.03578,0.095970005,0.6096658657998318,17110474000.0,11476672000.0,34296363000.0,7588548000.0,7872454000.0,430178000.0,17487013600.0,0.7046217383856727
鳥羽洋行,7472,卸売業,スタンダード（内国株式）,JP,2025-03-31,東京都,13830125568.0,0.6343808,,12.545248,12.863754578082794,0.46150002,0.036723163,281.78,,264.6899831424909,31565763000.0,1684318000.0,0.05582,1231441000.0,0.03809,0.05175,0.6828229186907732,9746401000.0,9280787000.0,23284672000.0,0.0,10472282000.0,2382540000.0,15206049000.0,1.0994874142852034
アルビス,7475,小売業,プライム（内国株式）,JP,2025-03-31,富山県,20554059776.0,0.6231715,9.688854,15.596272,14.74682704733107,0.4438,0.0,157.73,253.9,187.6224910552539,,,0.021170001,,0.01312,0.040549997,0.6110985063339005,20569000000.0,13202000000.0,14674000000.0,8210000000.0,6218000000.0,1035000000.0,-5170500000.0,-0.251556142988226
アズワン,7476,卸売業,プライム（内国株式）,JP,2025-03-31,大阪府,151550574592.0,2.129236,16.72434,16.596424,24.26807348866198,0.5071,0.02998155,128.13,127.15,103.4954326637602,103751000000.0,11594000000.0,0.10678001,8229000000.0,0.08292,0.13314,0.6661473936488915,33432000000.0,26494000000.0,69957000000.0,7187000000.0,22573000000.0,14573000000.0,46726100000.0,0.3083201771144361
ムラキ,7477,卸売業,スタンダード（内国株式）,JP,2025-03-31,東京都,2789555200.0,1.0121754,,42.24898,10.810795566076008,0.64629996,0.0,46.51,,139.70683579985905,7543131000.0,143889000.0,-0.01958,90954000.0,0.0083099995,0.02387,0.6806227943143957,1262813000.0,963600000.0,2685065000.0,807000.0,1435397000.0,222936000.0,1578307200.0,0.5657917075811943
スズデン,7480,卸売業,スタンダード（内国株式）,JP,2025-03-31,,27275679744.0,1.6277179,,16.667957,14.29074622185241,0.806,0.049079753,129.05,,127.65506464756398,,,0.05114,,0.03751,0.09715,0.6423194631853907,10410086000.0,9080080000.0,23369609000.0,722429000.0,8126417000.0,424477000.0,13256656900.0,0.4860248039433792
尾家産業,7481,卸売業,スタンダード（内国株式）,JP,2025-03-31,,20942424064.0,1.2340847,,7.455894,4.492647014143055,0.3015,0.04,338.39,,344.35075398725485,119256000000.0,3565000000.0,0.028350001,2812000000.0,0.0217,0.17846,0.38497752480251085,23123000000.0,20227000000.0,26492000000.0,295000000.0,6128000000.0,811000000.0,3936700000.0,0.18797728419448742
シモジマ,7482,卸売業,プライム（内国株式）,JP,2025-03-31,東京都,30711904256.0,0.8328428,,11.20881,12.519032367982911,0.50380003,0.04528012,117.14,,101.69782198593724,60680000000.0,2987000000.0,0.0234,2088000000.0,0.04223,0.07595,0.8390172788757976,6667000000.0,5430000000.0,23232000000.0,540000000.0,8086000000.0,2389000000.0,18237300000.0,0.5938186003701509
ドウシシャ,7483,卸売業,プライム（内国株式）,JP,2025-03-31,大阪府,103237681152.0,1.0886604,16.568796,11.895512,11.564189008957987,0.4548,0.038009673,241.94,173.7,167.30999829392397,113939000000.0,8996000000.0,0.055209998,6409000000.0,0.07171,0.093760006,0.8594438892481335,12829000000.0,11868000000.0,80665000000.0,398000000.0,54817000000.0,2404000000.0,69518800000.0,0.6733859112705693
サンリン,7486,卸売業,スタンダード（内国株式）,JP,2025-03-31,長野県,9179691008.0,0.41783184,,18.429369,11.352940216267612,0.5345,0.028350515,41.13,,57.089998794585455,30826000000.0,917000000.0,0.06296,821000000.0,0.01648,0.02379,0.7188757783205476,8172000000.0,6141000000.0,13713000000.0,2954000000.0,6156000000.0,6205000000.0,9884500000.0,1.0767791629789898
小津産業,7487,卸売業,スタンダード（内国株式）,JP,2025-05-31,東京都,14340799488.0,0.73538804,,31.106243,26.561280536574042,0.45599997,0.014602804,54.78,,65.0499992618102,10220514000.0,430411000.0,0.05513,408849000.0,0.05049,0.028959999,0.7240998741737208,7194846000.0,3878370000.0,13986364000.0,2570000000.0,8362516000.0,7812873000.0,12260529100.0,0.8549404173916025
日新商事,7490,卸売業,スタンダード（内国株式）,JP,2025-03-31,東京都,14728235008.0,0.5611611,,4.022538,19.20486697037299,0.0383,0.009519492,548.41,,44.50183361082636,39034644000.0,384868000.0,-0.02228,615455000.0,0.092860006,0.153,0.5776552704284033,16778552000.0,5498721000.0,15637610000.0,9818410000.0,4230004000.0,8148730000.0,4563169000.0,0.3098245646896185
コナカ,7494,小売業,スタンダード（内国株式）,JP,2025-09-30,神奈川県,7432990208.0,0.4198417,,3.6303632,,0.165,0.02283105,60.6,,,55487000000.0,-767000000.0,0.06667,478000000.0,0.0383,0.11717,0.39345697118796424,25641000000.0,19985000000.0,18570000000.0,14329000000.0,3203000000.0,3685000000.0,-4491500000.0,-0.6042655612765204
西川計測,7500,卸売業,スタンダード（内国株式）,JP,2025-06-30,,33069465600.0,8.480451,,12.330846,10.590307852555325,0.4045,0.0025799794,790.7,,748.0639053254438,38719270000.0,3757397000.0,0.02599,2681935000.0,0.00944,0.057210002,0.6044674036398384,13401261000.0,12360687000.0,22455743000.0,17533000.0,8606995000.0,9746397000.0,15876959900.0,0.480109358041758
ティムコ,7501,卸売業,スタンダード（内国株式）,JP,2025-11-30,東京都,4266849280.0,0.99068826,,,-17.51718080593345,2.2099001,0.0,-52.03,,-44.120004344531,3219133000.0,-98280000.0,-0.02558,-128865000.0,-0.03503,-0.02648,0.7991236619509503,1097517000.0,852417000.0,3695388000.0,0.0,1188850000.0,592704000.0,3012763800.0,0.7060862951315684
プラザホールディングス,7502,サービス業,スタンダード（内国株式）,JP,2025-03-31,東京都,3758755840.0,1.6257855,,18.203337,85.33080601424594,0.564,0.0,88.72,,24.34000386789683,18644069000.0,336437000.0,0.045489997,275856000.0,0.010729999,0.09093001,0.19099403180211497,9404247000.0,5957967000.0,7389239000.0,6544474000.0,1682989000.0,46183000.0,-1982679900.0,-0.5274830248085494
高速,7504,卸売業,プライム（内国株式）,JP,2025-03-31,宮城県,59344859136.0,1.3956757,,15.744151,13.358411217817736,0.2905,0.018766755,192.77,,161.19638792423123,115915464000.0,4532467000.0,0.022720002,3465564000.0,0.03031,0.09149,0.6493337098417856,21477246000.0,19824221000.0,32987524000.0,350739000.0,8178780000.0,5931900000.0,15662608000.0,0.2639252704957335
扶桑電通,7505,卸売業,スタンダード（内国株式）,JP,2025-09-30,東京都,24095473664.0,1.4685217,,7.0920763,3.605651528660558,0.2988,0.0036782736,291.17,,247.0478260313019,54684023000.0,3428522000.0,0.12742,2517769000.0,0.054759998,0.21564,0.3879496997710593,24307899000.0,20451243000.0,27634979000.0,1335864000.0,8855259000.0,9619935000.0,10061034500.0,0.4175487330233211
ハウス　オブ　ローゼ,7506,小売業,スタンダード（内国株式）,JP,2025-03-31,東京都,6352983040.0,1.1823735,,3295.122,59.56700525184483,69.4444,0.029607698,0.41,,25.946159751447656,11594399000.0,122027000.0,0.078099996,79624000.0,0.022769999,0.06078,0.6783490115329753,2680254000.0,1278341000.0,5383733000.0,73009000.0,3029873000.0,291111000.0,2907256700.0,0.45762072426373107
Ｇ‐７ホールディングス,7508,小売業,プライム（内国株式）,JP,2025-03-31,兵庫県,58933264384.0,1.6589712,10.44186,12.357799,11.262366475104733,0.3668,0.029542098,109.0,129.0,117.44547579601934,214129000000.0,7123000000.0,0.0235,4939000000.0,0.02053,0.14,0.46073868699871273,38122000000.0,27387000000.0,34898000000.0,14010000000.0,16869000000.0,123000000.0,-3137900000.0,-0.05324497179647017
アイエーグループ,7509,小売業,スタンダード（内国株式）,JP,2025-03-31,神奈川県,6721868800.0,0.40125766,,4.8507934,3.588970732605749,0.1578,0.032608695,950.36,,924.1802065302559,37289572000.0,1797359000.0,0.026129998,1254769000.0,0.03471,0.08796,0.5524457359174643,12421464000.0,7767670000.0,11862315000.0,4440806000.0,1369452000.0,109948000.0,-482185400.0,-0.07173383092511416
たけびし,7510,卸売業,プライム（内国株式）,JP,2025-03-31,京都府,37262753792.0,0.84299153,11.264535,12.585255,10.902182503885683,0.39,0.031101512,184.74,206.4,166.2082760345043,,,0.03049,,0.026919998,0.06972,0.6408811153677071,22848000000.0,21300000000.0,50876000000.0,1495000000.0,8960000000.0,5666000000.0,31994200000.0,0.858610723689157
イオン北海道,7512,小売業,スタンダード（内国株式）,JP,2026-02-28,北海道,116866244608.0,1.533538,17.03854,31.425365,31.964130211232046,0.5977,0.0,26.73,49.3,25.86999999296933,404360000000.0,8340000000.0,0.01958,3732000000.0,0.01286,0.13736,0.38430249686018925,119127000000.0,80516000000.0,40349000000.0,50149000000.0,5558000000.0,,-78778000000.0,-0.6740868611312193
コジマ,7513,小売業,プライム（内国株式）,JP,2025-08-31,,110791950336.0,1.5486939,,22.011707,18.659458303771103,0.308,0.013986014,64.92,,51.67999976646478,282790000000.0,7325000000.0,0.03655,4709000000.0,0.01737,0.07229,0.5815740234795423,50540000000.0,35829000000.0,84024000000.0,9585000000.0,26854000000.0,9436000000.0,40089200000.0,0.3618421724540549
ヒマラヤ,7514,小売業,スタンダード（内国株式）,JP,2025-08-31,岐阜県,10441777152.0,0.6561377,,,51.573876414024575,28.888899,0.030303031,-16.82,,16.770000260504858,60447000000.0,286000000.0,0.014630001,11000000.0,-0.00339,-0.01277,0.47102431707387427,18338000000.0,14232000000.0,22955000000.0,4843000000.0,3691000000.0,618000000.0,5049600000.0,0.4835958406785964
マルヨシセンター,7515,小売業,スタンダード（内国株式）,JP,2026-02-28,香川県,4220685312.0,1.2911245,,32.15354,,0.21360001,0.006644518,140.42,,,42991719000.0,339667000.0,0.01223,131304000.0,0.0030500002,0.0467,0.19657049083131664,13102258000.0,7718607000.0,3442348000.0,6330396000.0,923235000.0,538925000.0,-9282662500.0,-2.1993258946854173
コーナン商事,7516,小売業,プライム（内国株式）,JP,2026-02-28,大阪府,115761111040.0,0.6676112,7.602664,9.507067,6.957550675852551,0.3008,0.031063322,432.31,540.6,492.3699975156278,519778000000.0,22397000000.0,0.02747,12263000000.0,0.02359,0.07236,0.34349723550049227,330947000000.0,142403000000.0,189346000000.0,206047000000.0,15518000000.0,6136000000.0,-137305800000.0,-1.1861133567779552
エコス,7520,小売業,プライム（内国株式）,JP,2026-02-28,東京都,25306134528.0,0.87019724,,9.609508,,0.29709998,0.030959751,235.6,,,137984000000.0,5737000000.0,0.048850004,2645000000.0,0.019170001,0.0943,0.5175106232294617,27251000000.0,19348000000.0,21340000000.0,9927000000.0,10150000000.0,1065000000.0,-5165500000.0,-0.20412046708613782
ムサシ,7521,卸売業,スタンダード（内国株式）,JP,2025-03-31,東京都,17744320512.0,0.4803682,11.446154,6.330222,3.2921375195340956,0.0875,0.0,411.36,227.5,503.6689169357206,,,0.17544001,,0.06906,0.07906,0.6818774969384273,15846000000.0,12819000000.0,34843000000.0,3516000000.0,22291000000.0,3559000000.0,21488300000.0,1.2109959344719934
ワタミ,7522,小売業,プライム（内国株式）,JP,2025-03-31,東京都,37136703488.0,1.2314861,38.107,10.229784,9.056856459719127,0.1105,0.010638298,90.52,24.3,104.6375146717279,88713000000.0,4569000000.0,0.03261,3522000000.0,0.04403,0.14247,0.3747884349078905,44359000000.0,18964000000.0,56408000000.0,29076000000.0,45753000000.0,686000000.0,12529200000.0,0.3373805110097768
アールビバン,7523,小売業,スタンダード（内国株式）,JP,2025-03-31,東京都,15585323008.0,0.9592145,,9.209388,8.06657470513106,0.16219999,0.0,184.92,,130.6054292757362,,,0.03816,,0.13311,0.1069,0.44044649898635374,19457618000.0,16474481000.0,29681055000.0,11748868000.0,5752535000.0,2336716000.0,11859138200.0,0.7609170624126728
マルシェ,7524,小売業,スタンダード（内国株式）,JP,2025-03-31,大阪府,1855277440.0,0.32205054,,,60.93869013519707,0.0,0.10752688,-7.12,,4.348633018072387,4581766000.0,44647000.0,0.02574,34955000.0,0.017549999,0.04933,0.11966446956052819,3016850000.0,2220084000.0,2583592000.0,2013507000.0,2116357000.0,32523000.0,-410491900.0,-0.22125634212422698
リックス,7525,卸売業,プライム（内国株式）,JP,2025-03-31,福岡県,28411322368.0,0.99003917,,8.927435,10.697812586122904,0.4,0.0,392.61,,343.787903821002,54727738000.0,3882140000.0,0.049439996,2841313000.0,0.05696,0.111590005,0.5819662429148552,17760378000.0,16284631000.0,32408401000.0,1787105000.0,8176129000.0,3916521000.0,17389587700.0,0.612065410921742
システムソフト,7527,情報・通信業,スタンダード（内国株式）,JP,2025-09-30,東京都,4866895360.0,0.9208841,7.79661,,-3.4881862879968555,0.0,0.0,-3.12,5.9,-18.060962001022805,1373351000.0,-493947000.0,-0.059019998,-258153000.0,-0.20736,-0.06041,0.8925079439792616,515177000.0,452866000.0,4418138000.0,82110000.0,3242881000.0,256133000.0,4082254100.0,0.8387799198542868
清和中央ホールディングス,7531,卸売業,スタンダード（内国株式）,JP,2025-12-31,大阪府,4995914752.0,0.3124734,,14.363267,-49.845156653103466,0.22610001,0.015698588,88.42,,-25.721034014379775,50026375000.0,400263000.0,0.011829999,348009000.0,0.008669999,0.02656,0.44062609444777506,20063019000.0,18186229000.0,25727038000.0,270000000.0,3124885000.0,1719579000.0,6867724300.0,1.3746680319656503
パン・パシフィック・インターナショナルホールディングス,7532,小売業,プライム（内国株式）,JP,2025-06-30,東京都,2502791266304.0,3.6477396,4.7248716,25.035887,25.463499134701973,0.24530001,0.0095872795,33.44,177.19,29.618000004275363,2246758000000.0,162296000000.0,0.07061,90512000000.0,0.0,,0.4022664070638096,886981000000.0,441593000000.0,527990000000.0,442588000000.0,171958000000.0,37901000000.0,-332460300000.0,-0.13283580795411723
丸文,7537,卸売業,プライム（内国株式）,JP,2025-03-31,東京都,43379585024.0,0.7625974,6.7552104,13.111763,10.503846637736158,0.39650002,0.03117207,126.07,244.7,130.0542082459645,210837000000.0,8958000000.0,0.0575,4272000000.0,0.01548,0.05968,0.3766172762753428,84268000000.0,79222000000.0,130199000000.0,50532000000.0,24246000000.0,3723000000.0,48537100000.0,1.1188926766622267
大水,7538,卸売業,スタンダード（内国株式）,JP,2025-03-31,大阪府,4411783168.0,0.383994,,6.7386446,4.18691048958422,0.1303,0.019662922,53.72,,74.94614870385502,99302000000.0,681000000.0,0.0043,1189000000.0,0.0069,0.06008,0.4611513687600644,13385000000.0,9613000000.0,17912000000.0,3000000000.0,3001000000.0,3735000000.0,7141500000.0,1.6187332260115281
アイナボホールディングス,7539,卸売業,スタンダード（内国株式）,JP,2025-09-30,東京都,18097283072.0,0.66676307,,10.072408,10.694981247499468,0.34919998,0.018445322,77.34,,54.859236522415806,92272175000.0,2531850000.0,0.04521,1679268000.0,0.01931,0.06801,0.5538766628560645,21182632000.0,19431463000.0,32910289000.0,391477000.0,13124840000.0,2109507000.0,13204311900.0,0.7296295166222838
スリーエフ,7544,小売業,スタンダード（内国株式）,JP,2026-02-28,,4256791552.0,1.0282099,,11.133122,,0.3568,0.031914894,50.48,,,15082000000.0,1421000000.0,0.06687,382000000.0,0.025320001,0.19139,0.7189996526571726,906000000.0,874000000.0,5113000000.0,,4768000000.0,38000000.0,4233600000.0,0.9945518704130336
西松屋チェーン,7545,小売業,プライム（内国株式）,JP,2026-02-28,兵庫県,115989479424.0,1.1795604,11.887128,16.808031,15.471482884045477,0.2771,0.016368287,115.54,163.37,135.4899990442127,193365000000.0,9942000000.0,-0.00786,6847000000.0,0.03541,0.0721,0.6156903857074215,61586000000.0,56454000000.0,118000000000.0,247000000.0,72489000000.0,14913000000.0,66853100000.0,0.5763721014353227
ゼンショーホールディングス,7550,小売業,プライム（内国株式）,JP,2025-03-31,東京都,1278140481536.0,3.74863,25.911125,29.612848,31.694560619670998,0.2719,0.009461335,275.86,315.27,195.40999972680927,1136684000000.0,75128000000.0,0.0627,39290000000.0,0.03624,0.15738,0.2952383997717403,572739000000.0,191114000000.0,252006000000.0,365701000000.0,79695000000.0,1528000000.0,-319663400000.0,-0.25010036425404963
ゼンショーホールディングス第１回社債型種類株式,75505,小売業,プライム（内国株式）,JP,,東京都,,2.2531245,,,,,0.015090543,,,,,,0.0627,,0.03624,0.15738,,,,,,,,,
ウェッズ,7551,輸送用機器,スタンダード（内国株式）,JP,2025-03-31,東京都,10873823232.0,0.6100321,,11.1366625,6.373670940573964,0.4437,0.039647575,60.88,,93.91999978052476,35138284000.0,2246936000.0,0.017719999,1430859000.0,0.056500003,0.10515001,0.661363657798264,7053486000.0,4759682000.0,16906578000.0,1321680000.0,8870918000.0,635005000.0,10297595500.0,0.9470078076766735
ハピネット,7552,卸売業,プライム（内国株式）,JP,2025-03-31,東京都,117636988928.0,1.9516836,7.9079924,13.376016,9.844308488322726,0.32009998,0.0,203.05,343.45,145.28000153999892,364418000000.0,11682000000.0,0.02073,6764000000.0,0.02299,0.17413999,0.45837038500806904,65782000000.0,58522000000.0,96938000000.0,,41005000000.0,9136000000.0,37551200000.0,0.31921252271242084
幸楽苑,7554,小売業,プライム（内国株式）,JP,2025-03-31,福島県,20812802048.0,3.028205,86.428566,18.020851,-41.3443585797032,0.16540001,0.0,60.43,12.6,-32.57462207020212,18843888000.0,443837000.0,0.03496,799623000.0,0.04598,0.46769002,0.4795881608571776,6502331000.0,4949297000.0,6018182000.0,1790664000.0,4721957000.0,78300000.0,-429339000.0,-0.02062860152178583
大田花き,7555,卸売業,スタンダード（内国株式）,JP,2025-03-31,東京都,3805580032.0,0.7287593,,46.28713,21.090722872494542,0.6184,0.0,16.16,,35.820916060546494,3857541000.0,276116000.0,0.01889,221684000.0,0.0224,0.01573,0.6201891729591562,3185165000.0,2018911000.0,3877489000.0,440973000.0,1746991000.0,1153783000.0,1499972100.0,0.3941507174693942
ハークスレイ,7561,小売業,スタンダード（内国株式）,JP,2025-03-31,大阪府,11723378688.0,0.4571409,4.941543,7.899327,10.061039987137601,0.349,0.0,80.26,128.3,65.1301434421086,,,0.05539,,0.02829,0.06003,0.3357620493823798,48767000000.0,16886000000.0,29557000000.0,35304000000.0,12338000000.0,3244000000.0,-16939200000.0,-1.4449076883730534
安楽亭,7562,小売業,スタンダード（内国株式）,JP,2025-03-31,,17156524032.0,2.075804,,20.174868,16.116494081510794,0.08140001,0.0,184.14,,217.28196396916724,30353499000.0,1459945000.0,0.06321,589601000.0,0.027609998,0.108339995,0.3062295867914708,16826641000.0,7318635000.0,10659537000.0,11164367000.0,7191117000.0,185860000.0,-6037002000.0,-0.3518779205356462
ワークマン,7564,小売業,スタンダード（内国株式）,JP,2025-03-31,東京都,587614519296.0,3.8292048,33.71102,28.50582,19.704282352260684,0.3523,0.012191781,252.58,213.58,195.87999885947013,136933000000.0,24408000000.0,0.12195,16892000000.0,0.12818,0.1428,0.8340021327613095,26930000000.0,22145000000.0,121066000000.0,1807000000.0,80381000000.0,1000000.0,94136700000.0,0.1602014533486712
萬世電機,7565,卸売業,スタンダード（内国株式）,JP,2025-03-31,大阪府,9904533504.0,0.77524525,,8.888889,9.371427125451822,0.2331,0.026229508,686.25,,431.782393669634,,,0.0442,,0.04127,0.08961,0.5749513491661425,8672067000.0,7965166000.0,17177140000.0,300000000.0,7194991000.0,1259383000.0,9386641100.0,0.9477115803797477
栄電子,7567,卸売業,スタンダード（内国株式）,JP,2025-03-31,東京都,2762832384.0,0.5735589,,24.274878,10.574767974337963,0.49060002,0.0,22.41,,45.43217052431944,6428380000.0,63441000.0,0.02918,37265000.0,0.015420001,0.024330001,0.6685141288119223,2218444000.0,1974734000.0,4125519000.0,500000000.0,1156490000.0,785651000.0,2457030700.0,0.8893158753419331
橋本総業ホールディングス,7570,卸売業,スタンダード（内国株式）,JP,2025-03-31,東京都,26990088192.0,0.73990023,,9.594632,9.819816972745054,0.3459,0.036075037,144.56,,128.330001212962,165339000000.0,2446000000.0,0.0175,2890000000.0,0.016339999,0.08193,0.3779649122807018,53184000000.0,44115000000.0,48674000000.0,15021000000.0,4810000000.0,14302000000.0,5501400000.0,0.20383038250429442
ヤマノホールディングス,7571,小売業,スタンダード（内国株式）,JP,2025-03-31,東京都,2929549312.0,1.9634886,,14.09396,-78.67675085547017,0.2517,0.0,5.96,,-0.8267763950220794,13964604000.0,256049000.0,0.051939998,41824000.0,0.01406,0.14686,0.16683026912835375,6628930000.0,4817620000.0,6077215000.0,2840107000.0,2438983000.0,121975000.0,-466332500.0,-0.15918233500621135
日本ライフライン,7575,卸売業,プライム（内国株式）,JP,2025-03-31,東京都,92112830464.0,1.397894,10.772892,9.855138,11.35233260372299,0.4052,0.040693294,133.23,121.88,98.72999981791114,56610000000.0,12336000000.0,0.18861,9317000000.0,0.15797,0.14864,0.7975320474421947,15210000000.0,14334000000.0,44336000000.0,3833000000.0,11014000000.0,7374000000.0,34287800000.0,0.37223696012034424
ニチリョク,7578,小売業,スタンダード（内国株式）,JP,2025-03-31,東京都,1457687424.0,0.14762491,,,19.456161660884803,0.0,0.1875,-12.07,,17.52658134443628,2242603000.0,-98140000.0,-0.103999995,-271014000.0,-0.0911,-0.10455,0.6134015019715684,2890123000.0,2270837000.0,632649000.0,2221799000.0,107064000.0,29491000.0,-2236830300.0,-1.5345061384024123
サイゼリヤ,7581,小売業,プライム（内国株式）,JP,2025-08-31,埼玉県,267259543552.0,2.1126065,19.584549,22.09855,31.58127121571156,0.122,0.0056179776,246.17,277.77,164.87000043963985,256714000000.0,15499000000.0,0.055040002,11164000000.0,0.04363,0.101339996,0.6528760741392954,62290000000.0,35319000000.0,96465000000.0,25206000000.0,67152000000.0,,34175000000.0,0.12787195377870822
かんなん丸,7585,小売業,スタンダード（内国株式）,JP,2024-06-30,,1585574016.0,1.3552166,,,-7.747413322492595,0.0,0.014423077,-55.33,,-54.2116423272061,,,-0.34589002,,-0.01203,-0.00682,0.3645691801424678,1132705000.0,387786000.0,797553000.0,787971000.0,717539000.0,65036000.0,-289626800.0,-0.18266368966530794
タカショー,7590,卸売業,スタンダード（内国株式）,JP,2026-01-31,和歌山県,6591654912.0,0.5155557,15.829959,33.22005,-28.195096063601596,0.42439997,0.012658228,11.77,24.7,-14.41021816116709,20246400000.0,218735000.0,0.01792,198619000.0,0.01905,0.031170001,0.5421056178739435,10599876000.0,9161144000.0,14649468000.0,5574683000.0,3506673000.0,194656000.0,4185851200.0,0.6350228062424395
ＶＴホールディングス,7593,小売業,プライム（内国株式）,JP,2025-03-31,,51152273408.0,0.7238759,6.285714,10.604964,8.554163679664114,0.5783,0.0,41.49,70.0,56.780000010174106,351630000000.0,10859000000.0,0.00882,5302000000.0,0.0126,0.07515,0.25636559913638,197493000000.0,133507000000.0,126007000000.0,70884000000.0,14643000000.0,26119000000.0,-53202700000.0,-1.040084759784681
アルゴグラフィックス,7595,情報・通信業,プライム（内国株式）,JP,2025-03-31,東京都,83142238208.0,1.7041893,4.865495,4.5911593,12.837743001804254,0.1518,0.0,263.55,248.69,76.52979565759598,69541642000.0,10199639000.0,0.16693,7447460000.0,0.26829,0.3484,0.6612071477650262,26820680000.0,20156419000.0,61792449000.0,,37896121000.0,21185887000.0,49801889900.0,0.598996261989108
魚力,7596,小売業,プライム（内国株式）,JP,2025-03-31,東京都,30859945984.0,1.6423582,,23.667309,23.09497688781514,0.557,0.0,93.42,,102.34828173476002,,,0.04666,,0.029860001,0.06999,0.7627007190240678,5215852000.0,4696320000.0,14609327000.0,34793000.0,11092206000.0,5251895000.0,13069801500.0,0.42351990851754306
ＩＤＯＭ,7599,卸売業,プライム（内国株式）,JP,2026-02-28,東京都,133742436352.0,1.5210619,8.877041,11.223458,8.023820295993827,0.3,0.02684766,118.68,150.05,133.92999959881755,562774000000.0,20209000000.0,0.040310003,11914000000.0,0.021170001,0.14055,0.3336052418911177,173902000000.0,82112000000.0,191621000000.0,105071000000.0,27462000000.0,,17719000000.0,0.13248599684071052
日本エム・ディ・エム,7600,精密機器,プライム（内国株式）,JP,2025-03-31,東京都,21530839040.0,0.8477038,13.4375,81.61838,14.208758277794136,1.7017,0.02122347,10.01,60.8,48.309999821451434,25114033000.0,1555941000.0,0.009509999,-461798000.0,0.011,0.01092,0.7330357281292016,8925706000.0,7258313000.0,23866617000.0,3286529000.0,3182342000.0,,14940911000.0,0.6939307368487949
ポプラ,7601,小売業,スタンダード（内国株式）,JP,2026-02-28,広島県,1944838272.0,2.2125676,,20.171148,,0.0,0.0,8.18,,,11654046000.0,302350000.0,0.0068,134666000.0,0.0115,0.16145,0.22233637031326822,3074826000.0,1727943000.0,1804608000.0,374686000.0,841144000.0,80412000.0,-1213929600.0,-0.6241802300361148
レダックス,7602,卸売業,スタンダード（内国株式）,JP,2025-03-31,東京都,2964217856.0,0.6274792,,17.417784,53.0464861010798,0.121800005,0.0068965517,8.21,,3.5273440091679484,20034349000.0,-199909000.0,0.01163,-187403000.0,0.00569,0.025799999,0.6516031436229146,2214572000.0,1863554000.0,5431973000.0,658529000.0,1654001000.0,62908000.0,3261436600.0,1.1002688595908654
ジーイエット,7603,小売業,スタンダード（内国株式）,JP,2026-02-28,東京都,4321654272.0,0.8246133,,,-2.5208152173913043,0.0,0.0,-138.51,,-95.20729577646982,11590000000.0,-2380000000.0,-0.51308,-3076000000.0,-0.26540002,-2.02969,0.2532073875652051,5297000000.0,2470000000.0,5769000000.0,913000000.0,1756000000.0,,472000000.0,0.1092174362623332
梅の花グループ,7604,小売業,スタンダード（内国株式）,JP,2025-04-30,福岡県,7668307456.0,3.9405491,,32.23758,8.052153867148636,0.3741,0.0,26.77,,127.27663816757912,29440638000.0,550530000.0,0.07605,-383550000.0,-0.00957,-0.13256,0.07977402329226381,21125391000.0,9230537000.0,6845740000.0,16581334000.0,2076535000.0,348026000.0,-14036032800.0,-1.8303951531074343
ユナイテッドアローズ,7606,小売業,プライム（内国株式）,JP,2025-03-31,東京都,68429803520.0,1.6171259,11.570751,11.143735,11.800599654678653,0.4021,0.03606159,221.38,213.21,175.4300001524053,,,0.0088599995,,0.037130002,0.15288,0.5392204385389638,32320000000.0,27767000000.0,44816000000.0,1028000000.0,6665000000.0,,12496000000.0,0.1826104907103495
進和,7607,卸売業,プライム（内国株式）,JP,2025-08-31,愛知県,42322931712.0,0.9126437,12.055788,11.415442,11.358542350353453,0.4702,0.04200323,276.38,261.7,203.92981665576968,86146486000.0,4536054000.0,0.07309,3312345000.0,0.04177,0.0828,0.5841527398458479,30799926000.0,28897530000.0,62290395000.0,663185000.0,29636513000.0,2680182000.0,33366596400.0,0.7883810277381949
エスケイジャパン,7608,卸売業,スタンダード（内国株式）,JP,2026-02-28,東京都,12331185152.0,1.852921,,9.237149,6.674520679306351,0.4777,0.032458562,79.57,,55.773111950443,16232632000.0,1859939000.0,0.09026,1333668000.0,0.08212,0.21797001,0.7797718686055575,1879916000.0,1758851000.0,7982049000.0,,4183339000.0,165011000.0,6217640700.0,0.5042208533371635
ダイトロン,7609,卸売業,プライム（内国株式）,JP,2025-12-31,大阪府,75727405056.0,2.0815094,9.0737,15.48501,6.659745863617558,0.4089,0.027417028,232.16,396.2,197.30874870547976,103142476000.0,7010906000.0,0.08128,4923468000.0,0.05105,0.16739,0.448210651399271,43709256000.0,40312094000.0,70877091000.0,478106000.0,21803877000.0,3074336000.0,29319870200.0,0.38717648093603785
テイツー,7610,小売業,スタンダード（内国株式）,JP,2026-02-28,岡山県,8990881792.0,1.2890131,,10.322108,,0.29299998,0.027972028,13.66,,,42233216000.0,1377803000.0,0.03427,867822000.0,0.02053,0.13215,0.48760060634837266,7330707000.0,5685710000.0,9692606000.0,2903519000.0,3089247000.0,642490000.0,2811642000.0,0.31272149551579825
ハイデイ日高,7611,小売業,プライム（内国株式）,JP,2026-02-28,,93247823872.0,3.749108,24.410933,19.823957,24.310419909442082,0.3977,0.019900497,130.65,106.1,107.90999958519248,62252860000.0,6584163000.0,0.08073,4731726000.0,0.076,0.18651,0.7275097198589313,9316177000.0,7271773000.0,15631764000.0,,12218467000.0,2429841000.0,8016475700.0,0.08596957405680701
シークス,7613,卸売業,プライム（内国株式）,JP,2025-12-31,大阪府,66134126592.0,0.6243369,8.426427,26.551855,,0.9282,0.035610463,52.84,166.5,,289491000000.0,8854000000.0,0.036310002,2488000000.0,0.00985,0.02822,0.4966949225928741,104080000000.0,71606000000.0,152751000000.0,39747000000.0,30069000000.0,2757000000.0,50600900000.0,0.7651253990571488
オーエムツーネットワーク,7614,小売業,スタンダード（内国株式）,JP,2026-01-31,東京都,10228592640.0,0.564866,,10.832922,8.303631793323564,0.2539,0.02318094,141.79,,163.94243637436767,35371072000.0,1295726000.0,0.05163,944255000.0,0.026689999,0.05342,0.7742190268301659,5280970000.0,3766028000.0,14120473000.0,814856000.0,10911580000.0,2590246000.0,10652675200.0,1.041460499496439
京都きもの友禅ホールディングス,7615,小売業,スタンダード（内国株式）,JP,2025-03-31,東京都,1966458624.0,0.6349546,,7.1161046,-1.332995950226059,0.112399995,0.016129032,13.35,,-119.46772979542304,5161206000.0,-734724000.0,0.04838,-923106000.0,0.03714,0.08708,0.27200799927329306,5297351000.0,4968233000.0,5305001000.0,606758000.0,1668196000.0,,7650000.0,0.0038902420354205223
コロワイド,7616,小売業,プライム（内国株式）,JP,2025-03-31,神奈川県,194008072192.0,2.3032575,,116.464584,77.54204326961731,0.3179,0.002712968,15.67,,27.520000006062926,269156000000.0,10614000000.0,0.041550003,1249000000.0,0.0074400003,0.018960001,0.2483361411285415,225118000000.0,93776000000.0,95631000000.0,163167000000.0,71537000000.0,20433000000.0,-115183900000.0,-0.5937067396144646
田中商事,7619,卸売業,スタンダード（内国株式）,JP,2025-03-31,東京都,7079187456.0,0.4525177,,7.538822,6.24021425406334,0.2689,0.035714287,115.27,,140.2311837716358,41452421000.0,1220724000.0,0.0337,878022000.0,0.0212,0.06118,0.505227219966142,14582168000.0,12463010000.0,16371397000.0,4036800000.0,3075427000.0,,1789229000.0,0.25274496700656374
うかい,7621,小売業,スタンダード（内国株式）,JP,2025-03-31,東京都,18559217664.0,3.842809,35.614223,62.606552,24.335179127172857,0.285,0.001506024,52.79,92.8,155.2100133236743,13462856000.0,721723000.0,-0.16267,136924000.0,-0.05928,-0.16137,0.4374746014992431,6132221000.0,3049244000.0,6876459000.0,2485523000.0,5413926000.0,136230000.0,839599000.0,0.04523892198476669
ＮａＩＴＯ,7624,卸売業,スタンダード（内国株式）,JP,2026-02-28,,7283244032.0,0.55440694,,25.626204,21.002710417450196,0.7707,0.030303031,5.19,,5.739999974042038,43518000000.0,404000000.0,0.01804,284000000.0,0.00653,0.02181,0.7470146707608325,4449000000.0,4306000000.0,14501000000.0,101000000.0,82000000.0,366000000.0,10308200000.0,1.415330854590264
グローバルダイニング,7625,小売業,スタンダード（内国株式）,JP,2025-12-31,東京都,4855985152.0,0.83050853,,15.86653,7.522605056714689,0.1702,0.010706638,29.37,,49.00999833814725,13660201000.0,688072000.0,0.06727,307898000.0,0.0454,0.11663,0.5044349548757906,5533568000.0,2200794000.0,2138288000.0,2653995000.0,890559000.0,,-3395280000.0,-0.6991948891362673
オーハシテクニカ,7628,卸売業,プライム（内国株式）,JP,2025-03-31,東京都,28876328960.0,0.7124858,,13.868074,15.914666420537186,0.45450002,0.03490566,81.41,,57.973139025691886,,,0.05544,,0.05093,0.051859997,0.8040801700616903,9029776000.0,7912718000.0,37642177000.0,,21824330000.0,2566782000.0,30409148400.0,1.05308221284372
壱番屋,7630,小売業,プライム（内国株式）,JP,2026-02-28,愛知県,142527545344.0,4.4137125,41.34259,55.74282,47.00322666328715,0.9963,0.017777778,16.02,21.6,19.875913250733568,65518000000.0,4723000000.0,0.086339995,2562000000.0,0.039100002,0.07975,0.6703618359593947,15287000000.0,8457000000.0,19945000000.0,1799000000.0,13279000000.0,605000000.0,5081500000.0,0.03565275742127917
星医療酸器,7634,卸売業,スタンダード（内国株式）,JP,2025-03-31,東京都,15155765248.0,0.7575988,,11.036774,11.117990159254807,0.2047,0.01857585,439.44,,450.7000666913577,15102329000.0,1982295000.0,0.13976,1463492000.0,0.0884,0.070650004,0.7494744311117099,5874083000.0,4351206000.0,13783412000.0,1093105000.0,10625818000.0,3353833000.0,10257012100.0,0.676772959475177
ハンズマン,7636,小売業,スタンダード（内国株式）,JP,2024-06-30,,11035199488.0,0.59980416,10.361757,11.99342,15.885570628190846,0.44849998,0.0,66.87,77.4,55.52999971284867,,,0.03143,,0.02855,0.05513,0.6820021380574222,8329000000.0,5707000000.0,10200000000.0,4051000000.0,1633000000.0,71000000.0,1920700000.0,0.17405213218742674
白銅,7637,卸売業,プライム（内国株式）,JP,2025-03-31,,40603316224.0,1.5944759,18.453608,18.913778,13.829523275851027,0.45439997,0.025671642,189.28,194.0,168.99359316015952,66410187000.0,2983391000.0,0.04998,2236985000.0,0.03151,0.0872,0.530898542303373,20990060000.0,20919795000.0,35028630000.0,,5473665000.0,1244509000.0,14909726300.0,0.36720464451095963
ＮＥＷ　ＡＲＴ　ＨＯＬＤＩＮＧＳ,7638,小売業,スタンダード（内国株式）,JP,2025-03-31,東京都,22816868352.0,2.0453074,,9.702363,10.780454878895759,0.5838,0.0,137.08,,125.38253731564852,,,0.15977,,0.07349,0.20811,0.3635677940723164,16656215000.0,12421076000.0,17548747000.0,9165854000.0,1353480000.0,1128000.0,893321600.0,0.03915180585777874
トップカルチャー,7640,小売業,スタンダード（内国株式）,JP,2025-10-31,新潟県,2591412736.0,1.7462288,,7.5764494,,0.0,0.0,21.91,,,17333260000.0,-391038000.0,0.00535,-731179000.0,0.01968,0.25195,0.04983193221070914,14019802000.0,10001531000.0,8283073000.0,9140312000.0,1204764000.0,12397000.0,-5728051100.0,-2.210397062739449
ダイイチ,7643,小売業,スタンダード（内国株式）,JP,2025-09-30,北海道,19103578112.0,2.0510123,,17.36998,10.514379420426913,0.38810003,0.0052878964,97.87,,125.22999652115705,59160493000.0,1308590000.0,0.01956,979425000.0,0.022130001,0.094519995,0.6296737384266939,10124026000.0,6284927000.0,10987269000.0,1225788000.0,7645359000.0,137366000.0,959399200.0,0.05022091643645276
ＰＬＡＮＴ,7646,小売業,スタンダード（内国株式）,JP,2025-09-30,福井県,12337388544.0,0.7863718,,9.853873,,0.4689,0.0,181.35,,,97763000000.0,2008000000.0,0.0248,1345000000.0,0.01289,0.081709996,0.4139263422410765,21690000000.0,11620000000.0,15800000000.0,6191000000.0,3699000000.0,33000000.0,-5866900000.0,-0.4755382372109233
スギホールディングス,7649,小売業,プライム（内国株式）,JP,2026-02-28,愛知県,528621633536.0,1.8199593,18.839085,11.748381,19.19637007857538,0.1408,0.011965812,248.63,155.05,141.96000014920472,1010336000000.0,48571000000.0,0.05546,44982000000.0,0.04452,0.16621,0.47267747557742723,324020000000.0,231652000000.0,311094000000.0,94040000000.0,111214000000.0,32688000000.0,9955600000.0,0.018833130103673684
オーウエル,7670,卸売業,スタンダード（内国株式）,JP,2025-03-31,大阪府,10281649152.0,0.45391116,,5.7146053,7.168579556654704,0.2516,0.0,178.84,,149.31074403324521,69416000000.0,1239000000.0,0.02648,1779000000.0,0.02634,0.08093,0.4663029244871235,24283000000.0,19710000000.0,29945000000.0,3759000000.0,6545000000.0,10419000000.0,12955300000.0,1.260041050659652
ダイコー通産,7673,卸売業,スタンダード（内国株式）,JP,2025-05-31,愛媛県,8734645248.0,0.9860739,,10.113607,10.537485302686282,0.32119998,0.0,161.96,,112.90413925460187,21728642000.0,1174407000.0,0.06858,816342000.0,0.04186,0.10832,0.47830373693638184,9175128000.0,8116461000.0,13054536000.0,739190000.0,7399468000.0,1297835000.0,4787892500.0,0.5481496230309181
ＮＡＴＴＹ　ＳＷＡＮＫＹホールディングス,7674,小売業,グロース（内国株式）,JP,2026-01-31,,6548364800.0,4.972185,23.310104,,-31.31291395967005,0.0,0.0,-380.07,114.8,-109.70144860707084,7683476000.0,-503147000.0,-0.05053,-930127000.0,-0.12104999,-0.51811004,0.4166093804076253,1845810000.0,1392177000.0,1338269000.0,600504000.0,650715000.0,,-507541000.0,-0.07750652498773435
ヤシマキザイ,7677,卸売業,スタンダード（内国株式）,JP,2025-03-31,東京都,7470151168.0,0.7255738,,14.860539,14.409207904718754,0.1429,0.0,174.96,,137.1548144350756,29046781000.0,-44013000.0,0.02937,-509637000.0,0.01482,0.051069997,0.36874575373349533,16030302000.0,14439074000.0,21796823000.0,17047000.0,9571185000.0,2128210000.0,7256268000.0,0.9713682945378382
あさくま,7678,小売業,スタンダード（内国株式）,JP,2026-01-31,,31406927872.0,10.980293,,96.72668,39.81845712127668,0.0,0.0,61.1,,106.8599917631257,10045883000.0,519096000.0,0.01206,325147000.0,0.02459,,0.6857014022572705,1556434000.0,1443261000.0,3128104000.0,0.0,2441411000.0,,1571670000.0,0.05004214377176253
薬王堂ホールディングス,7679,小売業,プライム（内国株式）,JP,2026-02-28,岩手県,32911075328.0,0.8181541,8.0879545,8.196086,,0.14039999,0.017180094,206.44,209.2,,163808000000.0,5287000000.0,0.01582,4028000000.0,0.02459,0.10423,0.38989851996161784,62946000000.0,32722000000.0,49616000000.0,34605000000.0,10013000000.0,110000000.0,-13253000000.0,-0.4026911873257647
レオクラン,7681,卸売業,スタンダード（内国株式）,JP,2025-09-30,大阪府,5459865600.0,0.9521911,3.6674623,124.7632,44.20601271196453,2.3098,0.019318182,7.39,251.4,22.959998163969658,21489527000.0,288291000.0,0.03674,152777000.0,0.00131,0.010240001,0.5184136608054739,5050045000.0,4166415000.0,9298148000.0,,4776831000.0,607191000.0,4673136700.0,0.8559069109686509
浜木綿,7682,小売業,スタンダード（内国株式）,JP,2025-07-31,愛知県,8785223680.0,5.15542,,107.25636,79.40412412417547,0.39580002,0.0,37.76,,54.08404953016468,6092106000.0,189451000.0,0.03371,81167000.0,0.00977,0.03636,0.3401610103861141,3116698000.0,1059538000.0,1804147000.0,2045950000.0,1341765000.0,9815000.0,-1305680500.0,-0.14862233991519724
ダブルエー,7683,小売業,プライム（内国株式）,JP,2026-01-31,東京都,26882195456.0,2.4302404,10.292185,39.14976,24.957738635940345,0.47259998,0.0,35.99,136.9,52.120001024773906,23327358000.0,1066414000.0,0.047909997,688073000.0,0.02949,0.06309,0.8221568431769609,2393280000.0,1830689000.0,9951243000.0,359313000.0,2623385000.0,266905000.0,7744796500.0,0.2881013387718447
ＢｕｙＳｅｌｌ　Ｔｅｃｈｎｏｌｏｇｉｅｓ,7685,卸売業,グロース（内国株式）,JP,2025-12-31,東京都,220733046784.0,9.130084,15.3363695,41.157482,32.297083880225436,0.1442,0.0033288947,86.74,232.78,41.81500003173463,100614584000.0,9044311000.0,0.099750005,5270087000.0,0.06734,0.39259,0.39161351792047927,33291583000.0,14677195000.0,33487892000.0,23994531000.0,19975714000.0,35830000.0,221390000.0,0.0010029762340780938
ひとまいる,7686,小売業,スタンダード（内国株式）,JP,2025-03-31,東京都,11978862592.0,2.3884935,4.8177238,10.28786,11.045887250614866,0.50049996,0.0,39.95,85.31,54.94999929030095,134514000000.0,1782000000.0,0.05801,536000000.0,0.0084,0.2546,0.11725228098394298,31831000000.0,27003000000.0,22248000000.0,9188000000.0,2837000000.0,380000000.0,-9317000000.0,-0.7777866995671436
ミクリード,7687,卸売業,グロース（内国株式）,JP,2025-03-31,東京都,2797804544.0,1.7196101,7.1573606,10.042735,15.321554319417043,0.2018,0.0,42.12,59.1,33.639997775517266,6776000000.0,372000000.0,0.00798,258000000.0,0.03637,0.18476999,0.5982795698924731,934000000.0,858000000.0,1975000000.0,,918000000.0,,1041000000.0,0.3720774570305366
コパ・コーポレーション,7689,卸売業,グロース（内国株式）,JP,2026-02-28,東京都,1016266496.0,1.3249894,,,,0.0,0.0,-91.84,,,1779529000.0,-271138000.0,-0.48148,-272126000.0,-0.15289,-0.30122,0.666226875139424,384529000.0,187806000.0,1144828000.0,192455000.0,559134000.0,,760299000.0,0.7481295536087417
アースインフィニティ,7692,電気・ガス業,スタンダード（内国株式）,JP,2024-07-31,大阪府,8480024576.0,5.852398,,11.0951,72.20263923586697,0.48990002,0.0,6.94,,1.3645667665775068,,,0.21649,,0.1076,0.64524,0.37519899352697883,1478456000.0,918635000.0,1587676000.0,885959000.0,566127000.0,76247000.0,162592900.0,0.019173635470369654
いつも,7694,小売業,グロース（内国株式）,JP,2025-03-31,東京都,2538466816.0,1.0001311,,16.235743,15.90122368619213,0.0,0.0,26.3,,43.32999859616433,13940858000.0,74435000.0,0.029860001,-98093000.0,0.00878,0.06408,0.2744712898647988,6246467000.0,3839647000.0,6731209000.0,4120366000.0,2932258000.0,158055000.0,595380500.0,0.23454334571061022
交換できるくん,7695,小売業,グロース（内国株式）,JP,2025-03-31,東京都,5459451392.0,2.6307075,5.5420775,58.43325,7.160072538995253,0.0,0.0,12.51,131.9,99.57999672724722,10292863000.0,163301000.0,0.04908,90800000.0,0.00722,0.04835,0.4252341338092893,2285107000.0,1883792000.0,2121026000.0,590983000.0,832654000.0,350455000.0,81237500.0,0.014880158127067724
アイスコ,7698,卸売業,スタンダード（内国株式）,JP,2025-03-31,神奈川県,9629490176.0,2.3053896,18.20208,26.455027,9.877343298712173,0.21620001,0.0,92.61,134.6,80.73999444469905,54717434000.0,627979000.0,0.00468,481663000.0,0.00648,0.093660004,0.2211956647608978,13518076000.0,10331769000.0,9668902000.0,2474264000.0,1470557000.0,35399000.0,-3824394700.0,-0.39715443186511645
島津製作所,7701,精密機器,プライム（内国株式）,JP,2025-03-31,京都府,1085837344768.0,1.9213121,17.512466,17.960238,20.676878028734475,0.32950002,0.018598383,209.24,214.59,183.55000022356674,,,0.14485,,0.107889995,0.113800004,0.7409610861424892,174113000000.0,151288000000.0,454457000000.0,11747000000.0,143414000000.0,15182000000.0,290971400000.0,0.26796960097386313
ＪＭＳ,7702,精密機器,スタンダード（内国株式）,JP,2025-03-31,広島県,10597176320.0,0.25394616,,,-332.55467127071296,2.6439002,0.03908046,-31.97,,-1.4711544614924912,69749000000.0,873000000.0,0.0115,89000000.0,-0.01189,-0.01978,0.5014490617938894,40507000000.0,25629000000.0,45773000000.0,24550000000.0,5511000000.0,,5266000000.0,0.49692482610311045
プレシジョン・システム・サイエンス,7707,精密機器,グロース（内国株式）,JP,2024-06-30,千葉県,5299929088.0,1.3623304,7.6284585,,-4.730556906944395,0.0,0.0,-1.29,25.3,-40.58718746584499,,,0.039389998,,0.02676,0.03474,0.6476709656087241,2253685000.0,1958884000.0,4609933000.0,1366633000.0,1915220000.0,55172000.0,2394868400.0,0.45186800808758293
クボテック,7709,精密機器,スタンダード（内国株式）,JP,2025-03-31,大阪府,881138496.0,15.736416,,,-11.289576384109646,0.0,0.0,-11.34,,-19.84131134586108,1662057000.0,-125328000.0,-0.16155,-200891000.0,-0.07422,-1.2093,0.11650221414587436,1533450000.0,1393990000.0,1485801000.0,251598000.0,438697000.0,368000.0,-47391400.0,-0.053784280467982185
助川電気工業,7711,精密機器,スタンダード（内国株式）,JP,2025-09-30,茨城県,26636431360.0,9.082806,,30.991337,,0.3078,0.003523316,155.85,,,5467931000.0,1165106000.0,0.05325,794456000.0,0.02753,0.031689998,0.6479968293577515,2656475000.0,1960826000.0,4687123000.0,994753000.0,513472000.0,1036246000.0,2756020200.0,0.10346807208336184
シグマ光機,7713,精密機器,スタンダード（内国株式）,JP,2025-05-31,埼玉県,15014204416.0,0.82576996,10.009442,15.572206,15.183421369979405,0.3084,0.01031941,136.14,211.8,97.02999597745625,11580528000.0,1131048000.0,0.08367,986017000.0,0.07876,0.04897,0.8686151623035125,2571044000.0,1756414000.0,11943814000.0,204138000.0,3130895000.0,1031780000.0,10095016000.0,0.672364363791542
長野計器,7715,精密機器,プライム（内国株式）,JP,2025-03-31,東京都,73826844672.0,1.5362034,11.334474,13.911248,7.601404748887012,0.18200001,0.0138851805,285.74,350.7,283.5600019876226,69544777000.0,7653279000.0,0.11007,6054539000.0,0.07974,0.118219994,0.5884209934120813,29750617000.0,20305685000.0,43791727000.0,14620808000.0,10118369000.0,9320227000.0,20565268900.0,0.27856085400057334
ナカニシ,7716,精密機器,スタンダード（内国株式）,JP,2025-12-31,栃木県,247902404608.0,2.129592,22.361225,,23.030950170358214,0.86480004,0.017910447,-28.64,133.49,101.05999949127583,81179143000.0,14089536000.0,0.20788999,-2398213000.0,0.013409999,0.00987,0.7122731742219746,46081023000.0,29902520000.0,102409148000.0,26772785000.0,61317878000.0,4959641000.0,59799873700.0,0.24122345160209152
ブイ・テクノロジー,7717,精密機器,プライム（内国株式）,JP,2025-03-31,神奈川県,59933847552.0,1.6573253,27.99735,26.02841,29.191474655825104,0.32860002,0.013071896,243.58,226.45,80.650001694894,46182000000.0,1822000000.0,0.15004,800000000.0,0.043420002,0.06777,0.4576166992254204,39620000000.0,24263000000.0,65392000000.0,21240000000.0,26671000000.0,1046000000.0,26504200000.0,0.44222423693063156
東京衡機,7719,精密機器,スタンダード（内国株式）,JP,2026-02-28,神奈川県,2802189568.0,1.5615265,,22.02817,,0.0,0.0,17.75,,,4473482000.0,152915000.0,0.09182999,133490000.0,0.02973,0.074939996,0.3552930353554584,3134770000.0,1595697000.0,3654525000.0,1395590000.0,1278494000.0,109644000.0,596505800.0,0.21287132277269258
東京計器,7721,精密機器,プライム（内国株式）,JP,2025-03-31,東京都,85780185088.0,1.8844507,25.617117,21.40046,15.250069533416081,0.16409999,0.007920792,243.92,203.77,231.12772433359189,,,0.15487,,0.06546,0.09345999,0.528373661712224,35489000000.0,24060000000.0,56190000000.0,19479000000.0,7597000000.0,4577000000.0,23904900000.0,0.27867624644871647
国際計測器,7722,精密機器,スタンダード（内国株式）,JP,2025-03-31,東京都,10226891776.0,0.8187499,16.572052,6.8421526,-25.40650243160184,0.3154,0.0,110.93,45.8,-18.770000601294974,13204277000.0,1211076000.0,0.12903,940376000.0,0.100080006,0.12687,0.538567210439854,9239334000.0,6883680000.0,15864572000.0,3410034000.0,7899193000.0,1889059000.0,7947579300.0,0.7771255894827218
愛知時計電機,7723,精密機器,プライム（内国株式）,JP,2025-03-31,愛知県,44414087168.0,0.8446634,11.547667,9.276468,10.840752358980252,0.36200002,0.039140977,312.08,250.7,206.84000475979644,54286000000.0,3940000000.0,0.07793,3533000000.0,0.08121,0.09663,0.7459661989795918,15933000000.0,11255000000.0,38190000000.0,957000000.0,10268000000.0,9145000000.0,28658500000.0,0.6452569855054507
インターアクション,7725,精密機器,プライム（内国株式）,JP,2025-05-31,神奈川県,19682062336.0,1.8318322,18.371212,54.755856,13.42393420517798,1.2106,0.023180593,35.43,105.6,104.15000266194976,6668651000.0,1418811000.0,0.26063,979266000.0,0.11294,0.05098,0.8615043497713354,1891361000.0,1495647000.0,12155541000.0,748182000.0,9080481000.0,130429000.0,10355480300.0,0.5261379688376981
黒田精工,7726,機械,スタンダード（内国株式）,JP,2025-03-31,神奈川県,7416498176.0,0.647277,5.037994,,15.299562939085185,1.3699001,0.008084075,-17.07,263.2,87.51079742968503,17284135000.0,311595000.0,0.038629998,172589000.0,-0.00492,-0.00802,0.4352384480178963,14577293000.0,8469953000.0,13054229000.0,7552321000.0,3290414000.0,2367790000.0,134389000.0,0.01812027682213779
オーバル,7727,精密機器,スタンダード（内国株式）,JP,2025-03-31,東京都,14863101952.0,0.94964045,,1.0308551,10.21128088848741,0.028199999,0.0,708.15,,49.1999999821442,15048652000.0,1422551000.0,0.060170002,1029794000.0,0.08981,0.08828,0.6477423461753556,8172991000.0,4554694000.0,13452205000.0,1638755000.0,4172916000.0,1084479000.0,6038349300.0,0.40626440695224264
東京精密,7729,精密機器,プライム（内国株式）,JP,2025-03-31,東京都,802010890240.0,4.1837645,32.401413,32.591663,23.30836443719687,0.4322,0.0140444925,606.29,609.85,475.4200031997253,150534000000.0,29703000000.0,0.23775,25637000000.0,0.14828,0.13453001,0.7361568719741797,61726000000.0,46933000000.0,169341000000.0,20083000000.0,54541000000.0,3246000000.0,109887200000.0,0.13701459835179608
マニー,7730,精密機器,プライム（内国株式）,JP,2025-08-31,栃木県,165681381376.0,2.9240832,22.68681,29.53468,30.047481074646033,0.70339996,0.023738872,56.95,74.14,63.82000022762399,29968000000.0,8193000000.0,0.34344003,4643000000.0,0.17915002,0.10177,0.9236725472950834,4426000000.0,3494000000.0,29978000000.0,76000000.0,18424000000.0,311000000.0,25769700000.0,0.15553769401232737
ニコン,7731,精密機器,プライム（内国株式）,JP,2025-03-31,東京都,682041540608.0,1.1623363,19.55331,,85.25494349996183,1.9639,0.019787287,-261.58,105.89,17.770000008039016,,,-0.00315,,-0.12713,-0.14019,0.5744880298672507,471291000000.0,305545000000.0,620220000000.0,193570000000.0,163590000000.0,76111000000.0,202206700000.0,0.29647270431613976
オリンパス,7733,精密機器,プライム（内国株式）,JP,2025-03-31,東京都,1790798725120.0,2.2861667,13.419293,27.576056,10.578484953006951,0.4902,0.017615972,61.14,125.64,199.4390914300702,997332000000.0,161996000000.0,0.16857,117855000000.0,0.06745,0.08719,0.524650585625889,681093000000.0,425361000000.0,679443000000.0,229102000000.0,252532000000.0,43440000000.0,28758000000.0,0.01605875612742183
理研計器,7734,精密機器,プライム（内国株式）,JP,2025-03-31,東京都,160004358144.0,1.8740699,15.001066,16.056929,20.46313289478312,0.2511,0.016081871,219.22,234.65,179.90999891006152,49038948000.0,10642294000.0,0.27714002,8007557000.0,0.18034,0.12226,0.8354528534676103,15259155000.0,11771421000.0,60548326000.0,3330466000.0,18320799000.0,7119804000.0,50273033800.0,0.31419790300183886
ＳＣＲＥＥＮホールディングス,7735,電気機器,プライム（内国株式）,JP,2025-03-31,京都府,2809844989952.0,5.7748365,16.988682,30.533411,30.555442021941115,0.30110002,0.010505558,486.68,874.7,304.0800005921415,625269000000.0,135684000000.0,0.24991,99467000000.0,0.15188,0.20278999,0.6266157396165872,250595000000.0,239723000000.0,480046000000.0,4562000000.0,140397000000.0,45365000000.0,261206500000.0,0.09296117790628092
タムロン,7740,精密機器,プライム（内国株式）,JP,2025-12-31,埼玉県,165276073984.0,1.9475325,3.1039913,14.08741,12.322288422997802,0.498,0.035574093,72.76,330.22,87.89999983843246,85071000000.0,16642000000.0,0.18621,11761000000.0,0.1383,0.14547,0.8101295664145748,20135000000.0,15499000000.0,70693000000.0,1045000000.0,35371000000.0,8997000000.0,56855900000.0,0.344005630273527
ＨＯＹＡ,7741,精密機器,プライム（内国株式）,JP,2026-03-31,東京都,8908120784896.0,8.754941,38.97891,35.74305,29.82087498687048,0.3966,0.011165784,745.04,683.19,581.2628766176949,995844000000.0,551126000000.0,0.46703,253084000000.0,0.26704,0.25062,0.7844279754661592,265893000000.0,199674000000.0,960752000000.0,42241000000.0,574092000000.0,11557000000.0,702948900000.0,0.07891102028969701
シード,7743,精密機器,スタンダード（内国株式）,JP,2025-03-31,東京都,14860500992.0,0.7711323,10.604752,13.079382,7.841015412982859,0.3998,0.030927835,37.54,46.3,77.39999991331263,33231633000.0,1562007000.0,0.01722,1092466000.0,0.03344,0.059660003,0.34896595471723574,33375857000.0,18139258000.0,20677162000.0,26339815000.0,7116716000.0,1031648000.0,-11976541400.0,-0.8059312001962416
ノーリツ鋼機,7744,精密機器,プライム（内国株式）,JP,2025-12-31,東京都,213825421312.0,0.68140376,6.312989,14.12564,11.257480965482408,0.5159,0.009240246,142.79,319.5,146.99333387966465,119223000000.0,20823000000.0,0.15874,15639000000.0,0.17592,0.073920004,0.757039476736095,73209000000.0,39220000000.0,141928000000.0,33630000000.0,97399000000.0,20730000000.0,83230000000.0,0.3892427733302873
Ａ＆Ｄホロンホールディングス,7745,精密機器,プライム（内国株式）,JP,2025-03-31,東京都,74959093760.0,1.5149988,10.477357,12.661331,7.987581949544724,0.2545,0.02088872,216.17,261.23,235.41000284326367,,,0.17208,,0.085439995,0.12874,0.6189116730671691,26211000000.0,22780000000.0,51668000000.0,13579000000.0,13346000000.0,315000000.0,25677500000.0,0.3425535010096686
岡本硝子,7746,精密機器,スタンダード（内国株式）,JP,2025-03-31,千葉県,21731426304.0,8.188456,,,31.05038060111434,0.0,0.0,-5.63,,4.379978517722878,4686676000.0,126190000.0,0.13551,89009000.0,-0.031489998,-0.06722,0.207771596494852,6876615000.0,3106702000.0,4191651000.0,5931056000.0,1812395000.0,161135000.0,-2572169500.0,-0.11836174322007355
朝日インテック,7747,精密機器,プライム（内国株式）,JP,2025-06-30,愛知県,942962638848.0,5.6732473,44.68192,53.427544,38.50366962114465,0.3652,0.0066657495,66.52,79.54,58.20000005890688,120025000000.0,30083000000.0,0.35154,12737000000.0,0.22428,0.19239001,0.7793226252284057,41837000000.0,27856000000.0,103359000000.0,11098000000.0,54200000000.0,19389000000.0,75094300000.0,0.07963655918726675
メディキット,7749,精密機器,スタンダード（内国株式）,JP,2025-03-31,東京都,41117765632.0,0.8794974,,13.754359,12.461209301458448,0.48459998,0.0,206.48,,204.55000538263766,,,0.11533,,0.12640001,0.06539,0.8605931427171357,7314791000.0,6159498000.0,33243669000.0,,21559317000.0,778786000.0,26474028200.0,0.6438586288209329
キヤノン,7751,電気機器,プライム（内国株式）,JP,2025-12-31,東京都,3696415211520.0,1.0947504,11.936881,11.788585,30.09093413192227,0.4357,0.03744442,367.05,362.49,165.43999992821026,4624727000000.0,455390000000.0,0.06526,332053000000.0,0.06612,0.09372,0.569157776211548,2360916000000.0,1704060000000.0,2617021000000.0,946159000000.0,585981000000.0,,256105000000.0,0.0692846948583699
リコー,7752,電気機器,プライム（内国株式）,JP,2025-03-31,東京都,831750864896.0,0.7215458,12.691608,15.009217,17.539447632728475,0.4096,0.027816411,97.64,115.47,72.5456160777481,2527876000000.0,65140000000.0,0.03816,45709000000.0,0.021340001,0.05094,0.43701969948046726,1302368000000.0,859843000000.0,1213449000000.0,516217000000.0,190657000000.0,183524000000.0,39547800000.0,0.047547651188730604
ＩＭＶ,7760,精密機器,スタンダード（内国株式）,JP,2025-09-30,大阪府,36337041408.0,2.7889364,,16.464472,,0.2167,0.014124294,138.48,,,17941000000.0,2323000000.0,0.19549999,1935000000.0,0.11055,0.18243,0.5099343432176114,11420000000.0,10232000000.0,16384000000.0,3355000000.0,4876000000.0,206000000.0,5108200000.0,0.14057831353532743
シチズン時計,7762,精密機器,プライム（内国株式）,JP,2025-03-31,東京都,538738458624.0,1.8375438,27.336884,17.321722,9.746602385132528,0.3687,0.021569528,127.47,80.77,93.59999991519818,316885000000.0,20592000000.0,0.07089,23876000000.0,0.08967,0.11017,0.6158483174187587,151407000000.0,77553000000.0,271950000000.0,68260000000.0,93755000000.0,36993000000.0,146438100000.0,0.27181668146361737
リズム,7769,精密機器,プライム（内国株式）,JP,2025-03-31,埼玉県,28980398080.0,0.85470206,,12.639328,38.704544862611314,0.5821,0.0,287.99,,91.8342621759147,,,0.022249999,,0.06649,0.07084,0.694276273479254,13786000000.0,6351000000.0,28363000000.0,7646000000.0,13219000000.0,3512000000.0,17035400000.0,0.5878249136873139
日本精密,7771,精密機器,スタンダード（内国株式）,JP,2025-03-31,埼玉県,7574600704.0,3.501385,,19.987349,4.114559667064968,0.0,0.0,15.81,,17.741874199645032,7158415000.0,275644000.0,0.03191,-20016000.0,0.04433,0.19954,0.2606562170360813,4169669000.0,3244175000.0,3208865000.0,2940844000.0,875858000.0,27840000.0,-941316000.0,-0.1242726893185154
ジャパン・ティッシュエンジニアリング,7774,精密機器,グロース（内国株式）,JP,2025-03-31,愛知県,24162920448.0,4.7468605,41.03448,,180.6853532189231,0.0,0.0,-18.1,14.5,3.5254656155122555,2455474000.0,-238310000.0,-0.13196999,-255304000.0,-0.33661997,-0.13463001,0.8943720165392546,687954000.0,637229000.0,4824949000.0,,3885449000.0,150000000.0,4241995000.0,0.1755580418819413
大研医器,7775,精密機器,スタンダード（内国株式）,JP,2025-03-31,大阪府,12065943552.0,1.5516878,9.964413,13.080037,15.107006386403619,0.6227,0.0,32.11,42.15,34.41196369910666,9951701000.0,1512074000.0,0.067,1097620000.0,0.0896,0.12059,0.6722058756583331,3665092000.0,2829984000.0,6985015000.0,2026450000.0,2995993000.0,8797000.0,3326080900.0,0.2756585828257652
セルシード,7776,精密機器,グロース（内国株式）,JP,2025-12-31,東京都,8280111616.0,3.6868434,,,-15.512851228135466,0.0,0.0,-31.82,,-25.72061023033204,83678000.0,-1046127000.0,-5.69697,-1104101000.0,0.0,-0.71658,0.7660039617354334,387460000.0,248136000.0,1521516000.0,132916000.0,1318909000.0,21396000.0,1149033200.0,0.13877025495401243
スリー・ディー・マトリックス,7777,精密機器,グロース（内国株式）,JP,2025-04-30,東京都,40992464896.0,6.344776,-26.640625,9.773574,-4.960317461903972,0.0,0.0,34.89,-12.8,-25.199999991940015,,,0.1774,,0.38167998,0.9221,0.3402661090230182,4296926000.0,1578888000.0,6418787000.0,2940683000.0,1580268000.0,7688000.0,2127242600.0,0.05189350299858582
ＣＹＢＥＲＤＹＮＥ,7779,精密機器,グロース（内国株式）,JP,2025-03-31,茨城県,55316324352.0,1.3961048,174.66667,358.9041,-67.0329669202773,0.0,0.0,0.73,1.5,-2.730000004589428,,,-0.34313,,0.03978,0.0037099998,0.8151894040826415,8954000000.0,1085000000.0,16758000000.0,434000000.0,6824000000.0,15333000000.0,18537100000.0,0.33511084145868014
メニコン,7780,精密機器,プライム（内国株式）,JP,2025-03-31,愛知県,121756393472.0,1.2810534,16.028522,25.84252,18.17693325573244,0.4409,0.017021276,63.5,102.38,69.15000010395259,,,0.03899,,0.0471,0.06531,0.4597024807509531,101131000000.0,26492000000.0,82669000000.0,75089000000.0,42046000000.0,822000000.0,-17886600000.0,-0.1469048112378044
平山ホールディングス,7781,精密機器,スタンダード（内国株式）,JP,2024-06-30,東京都,10966649856.0,1.9632322,14.281438,10.5484295,9.741167647648092,0.3831,0.03508772,135.66,100.2,98.86000073644375,,,0.0484,,0.030469999,0.22056,0.3630191271653836,7828016000.0,5000773000.0,10684518000.0,1665200000.0,5949094000.0,145710000.0,2958499000.0,0.2697723588194407
シンシア,7782,精密機器,スタンダード（内国株式）,JP,2025-12-31,東京都,3112596224.0,1.1272972,34.565216,11.708394,9.933005643948995,0.4175,0.036093418,40.74,13.8,47.23999817143773,7456078000.0,524522000.0,0.0739,264345000.0,0.031159999,0.091129996,0.5236125460528052,2564629000.0,2021644000.0,4653709000.0,1832594000.0,1658880000.0,,2089080000.0,0.6711696120081138
ドリームベッド,7791,その他製品,スタンダード（内国株式）,JP,2025-03-31,広島県,3232446208.0,0.6720748,8.283039,6.8069096,11.503756677896117,0.2908,0.0,116.94,96.1,61.983918172377685,11509308000.0,595149000.0,0.0643,415092000.0,0.03935,0.10245,0.400087523180952,6759737000.0,4701660000.0,4456970000.0,3904915000.0,797126000.0,172628000.0,-2181927400.0,-0.6750081082865154
コラントッテ,7792,その他製品,グロース（内国株式）,JP,2025-09-30,大阪府,12908441600.0,2.324172,,9.572961,9.063979291454404,0.2833,0.0,148.23,,112.27999530025332,6917910000.0,1810086000.0,0.27647,1328215000.0,0.16871999,0.26700002,0.7693634518930298,1549188000.0,1527296000.0,4826164000.0,12902000.0,2180025000.0,99331000.0,3346507700.0,0.2592495518591493
イメージ・マジック,7793,その他製品,グロース（内国株式）,JP,2025-12-31,東京都,3568686080.0,1.9076587,,11.08809,12.486024671773464,0.2455,0.0,130.32,,102.86998204422306,9402044000.0,556041000.0,-0.01796,329881000.0,0.03287,0.17895001,0.5860165554041651,1452345000.0,1291560000.0,2255990000.0,162124000.0,1167674000.0,,803645000.0,0.22519352556781908
イーディーピー,7794,その他製品,グロース（内国株式）,JP,2025-03-31,大阪府,16758546432.0,9.800283,10.765408,,-3.932807404025465,0.0,0.0,-164.93,100.6,-171.37884741320423,,,-1.54753,,0.0,-0.94189,0.7809620249232143,958897000.0,354000000.0,2721889000.0,636289000.0,1441911000.0,,1762992000.0,0.10519957725173668
ＫＹＯＲＩＴＳＵ,7795,その他製品,スタンダード（内国株式）,JP,2025-03-31,東京都,8021608960.0,0.45258948,,6.9429297,8.17340839717288,0.2908,0.0,27.51,,20.709999768186286,40353108000.0,1249423000.0,0.03714,715658000.0,0.02735,0.06631,0.4173949132270419,24626798000.0,14561455000.0,19329971000.0,13775317000.0,9222899000.0,3342501000.0,-2957076300.0,-0.3686387998649089
アミファ,7800,その他製品,スタンダード（内国株式）,JP,2025-09-30,東京都,2738995456.0,1.0736666,17.296747,5.351865,-6.06356006741784,0.16350001,0.0,159.01,49.2,-94.19603726649552,8842205000.0,270322000.0,0.11196,194503000.0,0.05415,0.21542,0.5833258649662942,1529627000.0,1036259000.0,3458284000.0,500665000.0,842213000.0,,1928657000.0,0.704147571977571
ブシロード,7803,その他製品,グロース（内国株式）,JP,2025-06-30,東京都,37485260800.0,1.3321942,7.3698263,8.020925,33.86360899991674,0.0654,0.007839722,34.41,37.45,5.650000018602937,56175627000.0,4868227000.0,0.075289994,3418196000.0,0.089940004,0.21193,0.4857132609871377,24575175000.0,16632840000.0,39250764000.0,11586835000.0,25042207000.0,5005088000.0,18179150600.0,0.48496796372829293
ビーアンドピー,7804,その他製品,スタンダード（内国株式）,JP,2025-10-31,東京都,5196549120.0,1.341476,13.297555,10.84947,10.139339489092732,0.3891,0.035730235,205.54,167.7,169.65996572902029,4495008000.0,701656000.0,0.1879,491324000.0,0.10399,,0.8114499590046107,885365000.0,680264000.0,4235261000.0,2999000.0,3345647000.0,,3349896000.0,0.6446385712216649
プリントネット,7805,その他製品,スタンダード（内国株式）,JP,2025-08-31,鹿児島県,3587752448.0,0.8159262,,8.6128845,14.99875300152597,0.1509,0.0,86.15,,43.577621771960935,9213750000.0,563277000.0,0.03663,433039000.0,0.044889998,0.09905,0.5569143224965545,3317861000.0,2495046000.0,3325265000.0,1138251000.0,1526957000.0,96036000.0,74629200.0,0.020801100711840416
ＭＴＧ,7806,その他製品,グロース（内国株式）,JP,2025-09-30,愛知県,279274815488.0,4.774419,92.36373,25.459892,27.454693496474533,0.089700006,0.0035410766,278.87,76.87,57.40999987480136,98810000000.0,10666000000.0,0.13596,7934000000.0,0.0936,0.20798,0.6781207196904214,24202000000.0,19728000000.0,44804000000.0,3714000000.0,11297000000.0,3662000000.0,23165400000.0,0.08294840320463977
幸和製作所,7807,その他製品,スタンダード（内国株式）,JP,2026-02-28,大阪府,3336863232.0,0.97483635,,7.8067274,5.866429165084396,0.12640001,0.01618929,102.86,,143.41001379633923,6394414000.0,747678000.0,0.12366,427358000.0,0.06678,0.13600999,0.6742872976092995,1551455000.0,1307552000.0,4074630000.0,201316000.0,1331473000.0,1980000.0,2524561000.0,0.7565671184212324
シー・エス・ランバー,7808,その他製品,スタンダード（内国株式）,JP,2025-05-31,千葉県,4635526144.0,1.6560471,,4.7586493,4.0611758863154765,0.1519,0.015692428,526.62,,776.1133596672989,20673104000.0,1774657000.0,0.058390003,1157929000.0,0.03342,,0.4190748287612563,15649287000.0,7937394000.0,9569614000.0,10164977000.0,5045070000.0,311658000.0,-5861512400.0,-1.2644761819727535
壽屋,7809,その他製品,スタンダード（内国株式）,JP,2024-06-30,東京都,10803600384.0,1.3314532,7.2663045,7.978279,13.682728717034518,0.2387,0.0,167.58,184.0,137.4600082941148,,,-0.040949997,,0.05406,0.12284,0.5995825655343777,4819001000.0,2315850000.0,8129232000.0,3066275000.0,2964420000.0,,3310231000.0,0.30640072590082207
クロスフォー,7810,その他製品,スタンダード（内国株式）,JP,2024-07-31,山梨県,2608178688.0,1.4275717,,92.72727,116.9025823053111,0.21209998,0.0022875816,1.65,,1.6699999805889192,,,0.03303,,0.0064,0.01375,0.3431512708752704,3427526000.0,1545934000.0,3603377000.0,3191232000.0,958540000.0,456000.0,176170200.0,0.06754529542417609
中本パックス,7811,その他製品,スタンダード（内国株式）,JP,2026-02-28,大阪府,16520495104.0,0.7856802,8.122688,7.620097,,0.2897,0.038049303,245.01,229.85,,49635946000.0,2961418000.0,0.04941,2175834000.0,0.04382,0.107250005,0.5189185284848364,18429607000.0,14934344000.0,25240547000.0,7748708000.0,7657287000.0,1154102000.0,7618811400.0,0.4611733093976891
クレステック,7812,その他製品,スタンダード（内国株式）,JP,2024-06-30,静岡県,6146906624.0,0.6432977,,7.3899875,5.895273274133654,0.2816,0.018536584,280.65,,295.4782738471821,,,0.10498,,0.05312,0.1066,0.4136567079127773,10540414000.0,6712268000.0,11305286000.0,6913232000.0,5682722000.0,109505000.0,841525500.0,0.13690227483110698
プラッツ,7813,その他製品,スタンダード（内国株式）,JP,2024-06-30,福岡県,3263114752.0,0.96885604,9.350776,18.248865,41.33545081356355,0.3403,0.018652849,52.88,103.2,18.52397158463657,,,0.062090002,,0.02863,0.07249,0.5091617029088981,3079920000.0,1705947000.0,4340445000.0,2098754000.0,2055932000.0,1057946000.0,2001087200.0,0.6132445078045481
日本創発グループ,7814,その他製品,スタンダード（内国株式）,JP,2025-12-31,東京都,26768644096.0,1.2752277,,4.857463,7.427485539068623,0.122700006,0.018683273,116.11,,58.910433979686054,86987000000.0,3011000000.0,0.04177,6530000000.0,0.06161,0.25182,0.24384537609631074,63776000000.0,38925000000.0,35643000000.0,48774000000.0,11511000000.0,8664000000.0,-22068200000.0,-0.8244048492279674
東京ボード工業,7815,その他製品,スタンダード（内国株式）,JP,2025-03-31,東京都,694623552.0,0.8860002,,,-2.735303701722288,0.0,0.0,-43.12,,-369.24601804328057,7733749000.0,-32852000.0,0.029749999,293126000.0,-0.108330004,,0.12335379432654123,10123559000.0,7089259000.0,4765693000.0,7422797000.0,1776880000.0,112001000.0,-5279465300.0,-7.600469757754485
トランザクション,7818,その他製品,プライム（内国株式）,JP,2025-08-31,東京都,75315527680.0,3.6771607,8.5466795,17.92732,,0.7678,0.021173848,74.3,155.85,,27453452000.0,5706383000.0,0.19485001,4078402000.0,0.1469,0.21416001,0.8262548411808622,4134817000.0,3475403000.0,15731915000.0,434606000.0,6558981000.0,4652600000.0,14853918000.0,0.19722251782011282
粧美堂,7819,その他製品,スタンダード（内国株式）,JP,2025-09-30,東京都,10299459584.0,1.4756151,,9.010504,8.791322144743269,0.36490002,0.02012195,90.45,,58.59040878295183,22122189000.0,1469488000.0,0.08071999,977908000.0,0.05098,0.17412001,0.45452307993189495,8510634000.0,5959770000.0,12158913000.0,5072863000.0,4729946000.0,1465115000.0,4673859500.0,0.4537965765952172
ニホンフラッシュ,7820,その他製品,プライム（内国株式）,JP,2025-03-31,徳島県,16157298688.0,0.5081392,2.711994,,15.81564074775993,0.86980003,0.0,-119.09,261.8,56.0409393709419,23976557000.0,5619712000.0,0.07151,-2792491000.0,0.06033,0.04124,0.7140109992833255,11272650000.0,10250191000.0,25638713000.0,2033659000.0,10450626000.0,2405901000.0,16050193700.0,0.993371108000897
前田工繊,7821,その他製品,プライム（内国株式）,JP,2025-06-30,福井県,118367715328.0,1.5890552,13.793908,12.021673,13.84632671375214,0.18969999,0.016119746,147.65,128.68,117.07999985854728,64108000000.0,12032000000.0,0.15557,9489000000.0,0.13716,0.13678001,0.7870835681183086,18515000000.0,12713000000.0,54862000000.0,3869000000.0,22270000000.0,935000000.0,37001500000.0,0.31259790642632485
永大産業,7822,その他製品,スタンダード（内国株式）,JP,2025-03-31,大阪府,10739478528.0,0.25663665,,33.986015,3.752093198418581,1.3986,0.041666668,7.15,,72.83566249442843,71202000000.0,-293000000.0,0.02237,-29000000.0,-0.03858,-0.13211,0.4987826047748946,46923000000.0,21729000000.0,46443000000.0,24517000000.0,7740000000.0,5957000000.0,3689900000.0,0.343582790391515
アートネイチャー,7823,その他製品,スタンダード（内国株式）,JP,2025-03-31,東京都,27726993408.0,0.9790465,,14.843885,16.182069556111596,0.5233,0.0,57.33,,44.39999990281806,43340000000.0,2182000000.0,0.10153,821000000.0,0.04256,0.06858,0.5443455855710777,22625000000.0,13510000000.0,27870000000.0,,18163000000.0,2092000000.0,6709400000.0,0.241980798324284
フルヤ金属,7826,その他製品,プライム（内国株式）,JP,2025-06-30,東京都,220655763456.0,2.9835684,22.468815,29.194468,13.804175305751833,0.3121,0.0,307.25,399.22,301.7913331638252,57379000000.0,9538000000.0,0.32089,6468000000.0,0.05371,0.05692,0.5208777368726991,59285000000.0,46552000000.0,99708000000.0,29190000000.0,13047000000.0,52000000.0,40459400000.0,0.18335981515419528
オービス,7827,その他製品,スタンダード（内国株式）,JP,2025-10-31,広島県,2858126592.0,0.51230097,,6.76067,6.170935148484818,0.2518,0.0,238.29,,246.65184014117332,12639123000.0,658949000.0,-0.021329999,421970000.0,0.02533,,0.45389118259508776,6874059000.0,2997858000.0,6916629000.0,4701055000.0,1129637000.0,179352000.0,168116400.0,0.058820487682583376
ウイルコホールディングス,7831,その他製品,スタンダード（内国株式）,JP,2025-10-31,石川県,1055513024.0,0.85053164,,,-7.498389334722396,0.0,0.0,-39.75,,-17.72501829417026,8478000000.0,1165000000.0,-0.07846,-948000000.0,-0.13935,-0.52314997,0.17869762746087833,6508000000.0,4434000000.0,3294000000.0,2532000000.0,1121000000.0,525000000.0,-2846500000.0,-2.696792872543466
バンダイナムコホールディングス,7832,その他製品,プライム（内国株式）,JP,2025-03-31,東京都,2305069154304.0,2.6778848,21.152374,16.5325,25.776888752818046,0.21149999,0.019912712,217.39,169.91,197.87451481750801,,,0.09284,,0.104320005,0.17034,0.7190523436564741,309421000000.0,278607000000.0,704942000000.0,,388460000000.0,173350000000.0,516866000000.0,0.22423014903258476
アイフィスジャパン,7833,その他製品,スタンダード（内国株式）,JP,2025-12-31,東京都,6108396544.0,1.0418549,,10.978355,11.66683780004867,0.43310001,0.04,57.75,,43.8038775487963,6956047000.0,851646000.0,0.13056,556292000.0,0.078590006,0.09509,0.8297931345190878,1219523000.0,943468000.0,5905439000.0,4504000.0,5037597000.0,2989000.0,4688008300.0,0.7674695423310095
アビックス,7836,その他製品,スタンダード（内国株式）,JP,2025-03-31,神奈川県,2775235840.0,1.408024,,11.897591,41.48471561002924,0.0,0.0,6.64,,2.2900000302046917,4347136000.0,268808000.0,0.07883,181617000.0,0.0431,0.12641,0.5448826313793731,1445793000.0,1003136000.0,2566492000.0,378257000.0,661416000.0,56098000.0,1159967600.0,0.41797082009433834
アールシーコア,7837,その他製品,スタンダード（内国株式）,JP,2025-03-31,東京都,1241739648.0,0.78046954,,,0.9090727047705407,0.0,0.0,-197.37,,501.61004461694745,10990391000.0,-491487000.0,-0.08288,-530768000.0,-0.07737,-0.40932998,0.3695867951594546,4088316000.0,2648343000.0,4948543000.0,818588000.0,3107633000.0,,860227000.0,0.6927595501887365
ＳＨＯＥＩ,7839,その他製品,プライム（内国株式）,JP,2025-09-30,東京都,93702176768.0,3.0795743,,14.885309,15.702243754669922,0.4882,0.032894738,122.94,,139.89999969469667,32363623000.0,8899160000.0,0.31775,6318367000.0,0.19580999,0.2174,0.8513902476484846,5612305000.0,4926602000.0,29609874000.0,467193000.0,19941931000.0,,23997569000.0,0.2561047120539824
フランスベッドホールディングス,7840,その他製品,プライム（内国株式）,JP,2025-03-31,,41715679232.0,1.0386873,,17.023016,13.774831361733053,0.5579,0.0,73.43,,86.85000090341737,60561000000.0,4697000000.0,0.073649995,2946000000.0,0.044460002,0.068,0.572819094910281,30282000000.0,15546000000.0,38483000000.0,17208000000.0,7223000000.0,326000000.0,8429200000.0,0.2020631128435272
遠藤製作所,7841,その他製品,スタンダード（内国株式）,JP,2025-12-31,新潟県,9437690880.0,0.63090926,,15.690286,9.76413783586382,0.5846,0.011131725,68.45,,127.74141567909531,18237248000.0,1027055000.0,0.025710002,600986000.0,0.01852,0.014839999,0.8327607774853973,4678639000.0,3054536000.0,16869856000.0,95549000.0,7389467000.0,941010000.0,12849924000.0,1.3615538126207414
マーベラス,7844,情報・通信業,プライム（内国株式）,JP,2025-03-31,東京都,27076202496.0,0.9759655,14.9,13.578373,-77.54697074215856,0.3644,0.0,32.92,30.0,-8.541009408871783,27963000000.0,1817000000.0,0.05789,818000000.0,0.0525,0.073460005,0.7945172172750206,6716000000.0,6551000000.0,22636000000.0,,7880000000.0,,15920000000.0,0.5879701927311217
パイロットコーポレーション,7846,その他製品,プライム（内国株式）,JP,2025-12-31,東京都,172945145856.0,1.2622535,12.739018,15.541755,12.180593250400506,0.37849998,0.024286581,317.21,387.0,388.52999863127695,126391000000.0,16650000000.0,0.13176,12064000000.0,0.100039996,0.09351,0.8084332929418696,33830000000.0,27294000000.0,110245000000.0,4748000000.0,39992000000.0,8093000000.0,82080100000.0,0.4746019299572749
グラファイトデザイン,7847,その他製品,スタンダード（内国株式）,JP,2026-02-28,埼玉県,4001507328.0,1.9199831,22.194244,27.755287,,1.3477,0.0080515295,22.23,27.8,,2711902000.0,156533000.0,0.19444,144367000.0,0.15354,0.34506,0.7155574981742835,1996548000.0,794420000.0,4537177000.0,1129263000.0,3157578000.0,213626000.0,2690167200.0,0.6722884601949678
スターツ出版,7849,情報・通信業,スタンダード（内国株式）,JP,2025-12-31,東京都,12624498688.0,1.200271,6.53672,9.253066,5.978844989986389,0.3345,0.0,358.8,507.9,475.7220766638365,8143367000.0,1756850000.0,0.15077,1377253000.0,0.15311,0.123459995,0.8349767611438078,2129146000.0,1872104000.0,10383367000.0,,5573685000.0,883374000.0,8872582800.0,0.7028067426101982
総合商研,7850,その他製品,スタンダード（内国株式）,JP,2025-07-31,北海道,2597469952.0,0.6762482,,11.958023,9.33235897231472,0.2761,0.0,72.42,,91.51729676908936,16236035000.0,351172000.0,0.14114,319659000.0,0.01363,0.060939997,0.3931326378524558,4809148000.0,2931515000.0,3484448000.0,2830433000.0,1298768000.0,989803000.0,-631837900.0,-0.24325128362447368
カワセコンピュータサプライ,7851,その他製品,スタンダード（内国株式）,JP,2025-03-31,東京都,769289408.0,0.30942053,,8.237067,10.990088818068081,0.1507,0.0,19.91,,21.44200331544251,,,-0.00139,,0.023599999,0.02708,0.6984528151131449,1031823000.0,712930000.0,1635638000.0,606807000.0,1112016000.0,814726000.0,1174123200.0,1.5262438138235748
萩原工業,7856,その他製品,プライム（内国株式）,JP,2025-10-31,岡山県,24163022848.0,0.7607403,,17.875755,13.146057930401172,0.72900003,0.020612486,95.94,,109.0300000847391,31936485000.0,1467900000.0,0.08094,1794441000.0,0.04348,0.0444,0.7240228867955854,11769314000.0,7828190000.0,21136603000.0,4523345000.0,5857015000.0,499665000.0,9717054500.0,0.40214564879262577
セキ,7857,その他製品,スタンダード（内国株式）,JP,2025-03-31,愛媛県,5410910208.0,0.33371845,,21.382715,14.493611399280415,0.42810002,0.0,60.75,,87.70135613426952,12302163000.0,224345000.0,0.040489998,280418000.0,0.02085,0.016,0.8289466613107732,2958534000.0,1942998000.0,7631013000.0,216000000.0,4261345000.0,4804270000.0,8035468000.0,1.4850492229790853
アルメディオ,7859,その他製品,スタンダード（内国株式）,JP,2025-03-31,東京都,5169179648.0,0.65399575,,,8.573923061249197,0.0,0.0,-23.47,,123.43945052946393,5800748000.0,867137000.0,-0.27164,476399000.0,-0.19815001,-0.05835,0.846927395749545,1483212000.0,1014682000.0,7514795000.0,545316000.0,4100312000.0,,6031583000.0,1.1668356317106663
エイベックス,7860,情報・通信業,プライム（内国株式）,JP,2025-03-31,東京都,50882641920.0,0.9866152,8.3125,14.306203,49.41013017947886,0.5975,0.0,83.67,144.0,26.110000237926805,,,0.02461,,0.02424,0.07644,0.4728954322385806,54849000000.0,52834000000.0,77774000000.0,3000000.0,35690000000.0,9839000000.0,29812300000.0,0.5859031464378806
平賀,7863,その他製品,スタンダード（内国株式）,JP,2025-03-31,東京都,2742721280.0,2.5446038,,14.540466,4.401521018744823,0.6099,0.005235602,65.61,,195.91534308614746,9792084000.0,365293000.0,0.026770001,311887000.0,0.03014,0.21535,0.5753620104758114,3057481000.0,2334325000.0,3981806000.0,592440000.0,2256130000.0,687355000.0,1405473500.0,0.5124375962839359
フジシールインターナショナル,7864,その他製品,プライム（内国株式）,JP,2025-03-31,大阪府,144508534784.0,0.89610475,14.058122,6.9942164,9.977439164988166,0.2091,0.030303031,387.32,192.7,187.76999930917742,212345000000.0,18844000000.0,0.08203,12199000000.0,0.09486,0.13477,0.6923344549189313,64553000000.0,56220000000.0,133075000000.0,9739000000.0,34394000000.0,3530000000.0,70993000000.0,0.49127202144921583
ピープル,7865,その他製品,スタンダード（内国株式）,JP,2026-01-31,,1350630272.0,0.6881011,,,-31.59019138357268,0.0,0.16853933,-15.59,,-16.46080562431815,1612901000.0,-173755000.0,0.1236,-61078000.0,0.07372,0.15435,0.9281924078554974,129953000.0,120732000.0,1696859000.0,,1154565000.0,85763000.0,1626940100.0,1.2045784355113285
タカラトミー,7867,その他製品,プライム（内国株式）,JP,2025-03-31,東京都,256045727744.0,2.3267896,13.684699,22.436237,19.24224213940233,0.4873,0.021876602,131.35,215.35,182.13999995588534,,,0.04287,,0.04318,0.10736,0.641835072691078,59373000000.0,50933000000.0,114402000000.0,10802000000.0,56163000000.0,3890000000.0,57752000000.0,0.22555346073862903
広済堂ホールディングス,7868,その他製品,プライム（内国株式）,JP,2025-03-31,東京都,70238126080.0,1.2465293,10.99537,14.820593,21.259030452540213,0.4161,0.0,32.05,43.2,29.22260274508072,38302000000.0,8302000000.0,0.21903999,4462000000.0,0.13078,0.09786,0.6181575779541012,29319000000.0,16234000000.0,38021000000.0,22593000000.0,11713000000.0,1758000000.0,9932600000.0,0.1414132260403266
フクビ化学工業,7871,化学,スタンダード（内国株式）,JP,2025-03-31,福井県,17377763328.0,0.43548283,,10.330627,11.087680779089538,0.3413,0.0,84.99,,73.81775031896217,,,0.046680003,,0.041389998,0.044299997,0.6873978623889401,15718000000.0,13394000000.0,35454000000.0,1078000000.0,14184000000.0,5845000000.0,23827500000.0,1.3711488383322514
エステールホールディングス,7872,その他製品,スタンダード（内国株式）,JP,2025-03-31,東京都,6234153984.0,0.5349368,,135.22726,-6.359969391586101,6.1224,0.0,4.4,,-93.2469759024669,31271000000.0,189000000.0,0.0837,-345000000.0,0.0013600001,0.004,0.3986543032169518,17637000000.0,10087000000.0,23921000000.0,9602000000.0,5112000000.0,226000000.0,6442200000.0,1.0333719726099084
レック,7874,化学,プライム（内国株式）,JP,2025-03-31,東京都,30846117888.0,0.8183825,12.115756,10.40654,48.78965101845624,0.2982,0.0,90.52,77.75,22.659999882145225,66304000000.0,2711000000.0,0.0046200003,1729000000.0,0.04361,0.08051,0.3873586741369477,53377000000.0,9777000000.0,55449000000.0,46339000000.0,29955000000.0,9026000000.0,8390200000.0,0.272001813338852
竹田ｉＰホールディングス,7875,その他製品,スタンダード（内国株式）,JP,2025-03-31,愛知県,12375284736.0,0.6232518,,11.081162,7763.613105478432,0.35209998,0.03167116,66.78,,0.05149969408818612,34198000000.0,1380000000.0,0.040999997,1248000000.0,0.032309998,0.05827,0.5780614837398373,13146000000.0,9261000000.0,15617000000.0,2594000000.0,6986000000.0,2872000000.0,4481400000.0,0.36212500121015395
永大化工,7877,化学,スタンダード（内国株式）,JP,2025-03-31,大阪府,2423226112.0,0.32706517,,7.427796,10.730843715092094,0.264,0.035842296,265.22,,135.0812030075188,8857662000.0,290779000.0,0.03479,185232000.0,0.036229998,0.04572,0.7312571270452857,2647536000.0,1482400000.0,5813964000.0,1123433000.0,2382204000.0,234512000.0,3330586400.0,1.3744430961298588
光・彩,7878,その他製品,スタンダード（内国株式）,JP,2026-01-31,山梨県,2026131072.0,1.7933917,,18.356833,17.2757648833264,0.4068,0.0074294205,73.76,,59.07629223124236,4241718000.0,179987000.0,-0.05922,110359000.0,-0.07572,-0.15696,0.45266246478970085,1870624000.0,1770110000.0,2680649000.0,1165177000.0,506805000.0,200156000.0,950134200.0,0.46894014564522707
ノダ,7879,その他製品,スタンダード（内国株式）,JP,2025-11-30,東京都,9343327232.0,0.28810415,,,-2.621052395559259,0.4322,0.051805336,-53.0,,-291.7739309743979,64686719000.0,-47549000.0,-0.01759,-829234000.0,-0.01472,-0.02084,0.4677790904236366,33256725000.0,23177028000.0,43667437000.0,12477488000.0,19228728000.0,10098306000.0,17479526200.0,1.8708031695747847
サンメッセ,7883,その他製品,スタンダード（内国株式）,JP,2025-03-31,岐阜県,5917961728.0,0.4200629,,12.80242,21.522936534617514,0.3026,0.0,29.76,,16.596816083332342,16436392000.0,135107000.0,0.053390004,332274000.0,0.02685,0.03522,0.6001102984745105,7773175000.0,4972615000.0,7488970000.0,1580000000.0,3014211000.0,4201538000.0,2656871600.0,0.448950453232806
タカノ,7885,その他製品,スタンダード（内国株式）,JP,2025-03-31,長野県,16058767360.0,0.49394876,32.066868,26.042953,25.30062662659174,0.4941,0.019550342,40.51,32.9,39.500038760759395,23969636000.0,451226000.0,0.09089,520478000.0,0.02484,0.019129999,0.8293930961839039,6563287000.0,5780538000.0,24405180000.0,201212000.0,8907009000.0,3607813000.0,20367362100.0,1.2683017098019658
ヤマト　モビリティ　＆　Ｍｆｇ．,7886,化学,スタンダード（内国株式）,JP,2025-03-31,埼玉県,1013894912.0,1.7862815,,,-7.898097907899403,0.0,0.0,-422.16,,-113.31842304776346,16072189000.0,202774000.0,-0.08465,-339453000.0,-0.084989995,-0.8362,0.1871371668319151,6123058000.0,3639306000.0,5863684000.0,3195235000.0,2002429000.0,45304000.0,-227661200.0,-0.2245412195144737
南海プライウッド,7887,その他製品,スタンダード（内国株式）,JP,2025-03-31,香川県,7453079040.0,0.29328975,,4.0653415,56.13591100041476,0.10569999,0.0,378.32,,20.91664943123061,,,0.05174,,0.06288,0.07171,0.7514876100423867,8019644000.0,5017126000.0,17842100000.0,4210158000.0,3314660000.0,876922000.0,10436301400.0,1.4002671035674406
三光合成,7888,化学,プライム（内国株式）,JP,2025-05-31,富山県,24234592256.0,0.6693159,6.641604,6.0562196,7.297053390169153,0.2133,0.036410924,131.27,119.7,85.68490334680574,91101000000.0,5656000000.0,0.058080003,3857000000.0,0.043920003,0.12641,0.4232630305580392,43276000000.0,26180000000.0,40097000000.0,24199000000.0,12029000000.0,22000000.0,-3163600000.0,-0.13054067370235023
プロネクサス,7893,その他製品,プライム（内国株式）,JP,2025-03-31,東京都,25566695424.0,1.095832,,12.472938,16.136426515188397,0.48080003,0.0,83.14,,69.76000063978817,30995936000.0,208859000.0,-0.05925,450961000.0,0.064229995,0.08757,0.6457838572892317,13640236000.0,9127469000.0,18341356000.0,2709608000.0,12309317000.0,6084689000.0,8960402300.0,0.35047166446034633
セブン工業,7896,その他製品,スタンダード（内国株式）,JP,2025-03-31,岐阜県,2182619648.0,0.45249203,,,11.995699666894,0.7874,0.0,-28.65,,41.22787362760475,,,0.00622,,-0.00052,-0.00125,0.5768598062511424,4630000000.0,3016000000.0,6782000000.0,1942000000.0,1197000000.0,26000000.0,2170200000.0,0.9943097515816004
ホクシン,7897,その他製品,スタンダード（内国株式）,JP,2025-03-31,,2806857728.0,0.5141762,,,21.349487450680666,2.7778,0.015151516,-0.97,,5.598662373447692,10224605000.0,-68365000.0,0.0664,20343000.0,0.019,,0.42413244378494425,7906813000.0,5742460000.0,7603727000.0,5015200000.0,1683142000.0,407337000.0,-17950100.0,-0.006395087225454129
ウッドワン,7898,その他製品,スタンダード（内国株式）,JP,2025-03-31,広島県,8061118464.0,0.18163039,,,-3.999546475194047,0.0938,0.027842227,-156.54,,-248.66515684487635,65157000000.0,1310000000.0,0.01066,1777000000.0,-0.022060001,-0.03371,0.4378293146338119,56495000000.0,31111000000.0,29453000000.0,39929000000.0,5440000000.0,3276000000.0,-24748800000.0,-3.0701446840813973
マツモト,7901,その他製品,スタンダード（内国株式）,JP,2025-04-30,福岡県,924892224.0,1.5651251,,,-21.385630298481612,0.0,0.0,-380.08,,-76.4999664338234,2169091000.0,-265190000.0,-1.0,-653358000.0,-0.14784999,-0.41957,0.39565244909349306,1260420000.0,718047000.0,605736000.0,348324000.0,219842000.0,247950000.0,-481119000.0,-0.5201892582891907
ソノコム,7902,その他製品,スタンダード（内国株式）,JP,2025-03-31,,3769328640.0,0.4033437,,12.353923,14.661920566346396,0.155,0.0,83.86,,58.52647132753121,,,0.10814,,0.11209,0.03331,0.9354385066147092,614996000.0,377123000.0,5067927000.0,0.0,3767450000.0,2285377000.0,6052694900.0,1.6057753191825694
ヨネックス,7906,その他製品,スタンダード（内国株式）,JP,2025-03-31,東京都,199164018688.0,2.474332,18.784798,17.255947,10.593147273956411,0.16319999,0.010729614,134.91,123.93,102.45000057764732,138276000000.0,14180000000.0,0.083859995,10591000000.0,0.07389,0.16118,0.6316783963633377,40125000000.0,24931000000.0,73216000000.0,11206000000.0,29478000000.0,276000000.0,33284200000.0,0.16711954407859833
きもと,7908,化学,スタンダード（内国株式）,JP,2026-03-31,三重県,10261487616.0,0.5465307,,18.665607,13.26344006252885,0.5556,0.0,12.59,,21.5116569798595,10546000000.0,1069000000.0,0.023529999,565000000.0,0.05357,0.029879998,0.8165627016562702,4264000000.0,2094000000.0,15323000000.0,,11140000000.0,1360000000.0,12011000000.0,1.1704930561210356
ＴＯＰＰＡＮホールディングス,7911,その他製品,プライム（内国株式）,JP,2025-03-31,東京都,1250259894272.0,0.92940366,16.497005,19.40568,13.415582153190316,0.2554,0.012868871,227.15,267.2,308.85002117078614,,,0.046240002,,0.0359,0.05034,0.51431898777259,1096481000000.0,822884000000.0,1406905000000.0,467596000000.0,768989000000.0,310633000000.0,527867100000.0,0.42220589688463606
大日本印刷,7912,その他製品,プライム（内国株式）,JP,2025-03-31,東京都,1148503457792.0,0.9679574,13.608111,11.349537,10.114693303722936,0.1699,0.0155521,235.34,196.28,221.53000002360506,1457609000000.0,93612000000.0,0.06429,110682000000.0,0.068730004,0.086260006,0.592253360294248,709062000000.0,435780000000.0,824692000000.0,175759000000.0,254995000000.0,393125000000.0,390817500000.0,0.34028413005507824
共同印刷,7914,その他製品,プライム（内国株式）,JP,2025-03-31,東京都,41911762944.0,0.6446532,,10.744153,15.774374038665668,0.55259997,0.0,141.1,,49.77857689874472,99977000000.0,2336000000.0,0.02893,3310000000.0,0.04032,0.061869998,0.4984782195168347,63256000000.0,26262000000.0,47780000000.0,13015000000.0,12254000000.0,17501000000.0,-3225300000.0,-0.07695452955079589
ＮＩＳＳＨＡ,7915,その他製品,プライム（内国株式）,JP,2025-12-31,京都府,67943469056.0,0.76173973,9.758256,67.85037,19.62964373202945,2.3663,0.010721944,21.12,146.85,79.92171117385216,194898000000.0,4400000000.0,0.0688,1001000000.0,0.01386,0.03286,0.461042699504238,132249000000.0,81041000000.0,116221000000.0,73797000000.0,39213000000.0,11075000000.0,-8275500000.0,-0.12179978613072011
光村印刷,7916,その他製品,スタンダード（内国株式）,JP,2025-03-31,東京都,5547574784.0,0.3047783,,15.704127,83.18975464132478,0.4338,0.02753304,115.32,,18.506065095228426,14756503000.0,-158794000.0,-0.02003,70563000.0,0.02498,0.019960001,0.6340731435456191,9944576000.0,5381532000.0,10377351000.0,3552541000.0,4145913000.0,5158886000.0,4043995200.0,0.728966324467308
ＺＡＣＲＯＳ,7917,化学,プライム（内国株式）,JP,2025-03-31,東京都,93444726784.0,0.98269004,3.4440022,12.422715,2.9400675393106037,0.3424,0.02814699,105.13,379.21,347.9999965892803,,,0.053629998,,0.04861,0.08519,0.597689798994322,53234000000.0,42566000000.0,86783000000.0,4669000000.0,14986000000.0,2667000000.0,35415900000.0,0.3790037300003542
ヴィア・ホールディングス,7918,小売業,スタンダード（内国株式）,JP,2025-03-31,東京都,4790696960.0,3.8665488,,,26.07684728703704,0.0,0.0,-11.23,,5.138658002825833,17373000000.0,199000000.0,0.00424,-19000000.0,-0.02942,-0.42720002,0.18177533385703062,5208000000.0,2127000000.0,1936000000.0,2582000000.0,927000000.0,371000000.0,-3012300000.0,-0.6287811617289188
野崎印刷紙業,7919,その他製品,スタンダード（内国株式）,JP,2025-03-31,京都府,3051280896.0,0.6607744,,8.52119,5.181926907951086,0.33830002,0.0,22.18,,31.454187657781628,,,0.0383,,0.025610002,0.07756,0.413090519387453,6043735000.0,4533340000.0,4852639000.0,2397338000.0,1433833000.0,263666000.0,-1006529800.0,-0.3298712358208269
ＴＡＫＡＲＡ　＆　ＣＯＭＰＡＮＹ,7921,その他製品,プライム（内国株式）,JP,2025-05-31,東京都,39626612736.0,1.3015082,,9.586261,10.492086526755287,0.32790002,0.03442623,320.25,,231.76000215905052,29678785000.0,4048828000.0,0.03684,4075516000.0,0.13103,0.13819,0.7572823301779016,9331158000.0,7567975000.0,26111519000.0,208890000.0,19145987000.0,3206222000.0,19024716400.0,0.48009948583660844
三光産業,7922,その他製品,スタンダード（内国株式）,JP,2025-03-31,,5565778432.0,0.62029177,,48.778835,-28.382364751092933,0.0,0.0,14.74,,-14.635953989814908,9666593000.0,82935000.0,0.03946,86096000.0,0.011039999,0.01285,0.7407992845604443,3070529000.0,2704658000.0,6603462000.0,1033512000.0,2280805000.0,1262473000.0,4416664100.0,0.7935393321815941
ムトー精工,7927,化学,スタンダード（内国株式）,JP,2025-03-31,岐阜県,15336736768.0,0.732029,,7.7224393,7.027278606438224,0.4021,0.053413842,285.92,,249.9000027906198,27574022000.0,2047511000.0,0.05071,1510598000.0,0.06703,0.09948,0.5922142321688408,11717345000.0,8073214000.0,19910168000.0,6653314000.0,10367739000.0,303414000.0,8405212800.0,0.5480444065218242
旭化学工業,7928,化学,スタンダード（内国株式）,JP,2025-08-31,愛知県,1823562624.0,0.32662767,,25.104603,20.247013815385664,0.41889998,0.016778523,23.9,,29.980003951889266,8359845000.0,-45595000.0,0.00992,47133000.0,0.00878,0.013409999,0.792281889395201,1387170000.0,1196669000.0,3157478000.0,120000000.0,1596243000.0,224952000.0,1927774400.0,1.057147352456375
未来工業,7931,化学,プライム（内国株式）,JP,2025-03-31,岐阜県,50020712448.0,0.902103,10.617496,10.64818,13.152280705684564,0.499,0.047540985,290.66,291.5,304.53000888470467,45113000000.0,6901000000.0,0.15682,4833000000.0,0.102819994,0.08715,0.7916572750905347,13137000000.0,10512000000.0,42478000000.0,245000000.0,21102000000.0,1774000000.0,30582800000.0,0.6114027270561758
ニッピ,7932,その他製品,スタンダード（内国株式）,JP,2025-03-31,東京都,32395202560.0,0.7904425,,12.315324,5.417603412487275,0.639,0.0,939.48,,885.9730438876553,49141000000.0,3628000000.0,0.11807,2457000000.0,0.05993,0.070549995,0.5676765661517414,29607000000.0,14692000000.0,27574000000.0,10646000000.0,8933000000.0,4789000000.0,1319300000.0,0.04072516594259567
アシックス,7936,その他製品,プライム（内国株式）,JP,2025-12-31,兵庫県,3185141350400.0,10.068821,44.45874,32.56977,35.009314301155804,0.203,0.006292135,137.95,101.06,88.16999995148342,810916000000.0,142520000000.0,0.22483,98719000000.0,0.13019,0.40855,0.4633730050470604,313127000000.0,243726000000.0,409933000000.0,98529000000.0,112267000000.0,3707000000.0,99400900000.0,0.03120768878515138
ツツミ,7937,その他製品,スタンダード（内国株式）,JP,2025-03-31,埼玉県,42457583616.0,0.6056372,,11.502964,25.902011176013552,0.48689997,0.0,236.2,,73.97000135387518,24835000000.0,2410000000.0,0.20194,1986000000.0,0.104779996,0.05353,0.9736059853238939,1838000000.0,1714000000.0,56415000000.0,,33640000000.0,52000000.0,54613400000.0,1.2863049506995288
リーガルコーポレーション,7938,その他製品,スタンダード（内国株式）,JP,2025-03-31,千葉県,6117796352.0,0.45004734,,25.791458,16.045618993340167,0.941,0.0,79.6,,133.22001832009244,23558000000.0,404000000.0,0.0395,700000000.0,0.010679999,0.01847,0.485375885444436,13513000000.0,9329000000.0,14958000000.0,9299000000.0,3771000000.0,3815000000.0,4115500000.0,0.6727095449417143
研創,7939,その他製品,スタンダード（内国株式）,JP,2025-03-31,広島県,2200894208.0,2.6283948,,10.624657,9.85621671406172,0.4032,0.0,54.59,,48.82390866788217,5868794000.0,264055000.0,0.05313,175029000.0,0.05362,0.21935,0.5881300186853567,2287780000.0,1776650000.0,2665122000.0,1397656000.0,575439000.0,28079000.0,396997300.0,0.18038000125447193
ウェーブロックホールディングス,7940,化学,スタンダード（内国株式）,JP,2025-03-31,東京都,8842045440.0,0.53153276,,29.270338,12.089387138682634,0.0,0.0,35.77,,54.09497016838495,25566685000.0,405543000.0,-0.01864,520797000.0,0.01201,0.0186,0.5693700180615078,12484032000.0,6700863000.0,17768462000.0,5435884000.0,3221936000.0,1068366000.0,6032286200.0,0.6822274598036899
ＪＳＰ,7942,化学,プライム（内国株式）,JP,2025-03-31,東京都,69213085696.0,0.63715,10.488482,10.482655,9.366788520273643,0.35729998,0.0,251.94,251.8,221.83000206523002,142250000000.0,6889000000.0,0.04498,5066000000.0,0.04539,0.06048,0.6563312025776946,48083000000.0,33993000000.0,78694000000.0,24105000000.0,17421000000.0,1728000000.0,31820600000.0,0.4597483218673921
ニチハ,7943,ガラス・土石製品,プライム（内国株式）,JP,2025-03-31,愛知県,99943596032.0,0.82151264,11.205003,40.576973,37.14902936570371,1.5374,0.038114343,74.18,268.63,78.31999954154146,,,0.08808,,0.0173,0.02022,0.7026401059423516,53298000000.0,34813000000.0,86002000000.0,16182000000.0,26481000000.0,10210000000.0,39851000000.0,0.3987349023067019
ローランド,7944,その他製品,プライム（内国株式）,JP,2025-12-31,静岡県,114601132032.0,2.7895694,13.29478,53.306343,17.352604209862275,2.0849001,0.039627038,81.51,326.82,214.75999905269853,100952000000.0,9413000000.0,0.076,2168000000.0,0.01694,0.04481,0.49206368221186675,42115000000.0,20170000000.0,58795000000.0,24037000000.0,15876000000.0,759000000.0,17211300000.0,0.15018438033573786
光陽社,7946,その他製品,スタンダード（内国株式）,JP,2025-03-31,東京都,951470656.0,0.55446357,,12.194358,80.42544956424112,0.3134,0.0,31.9,,17.951228168764143,,,0.039809998,,0.01739,0.0466,0.5622224757372022,1392977000.0,724166000.0,2089839000.0,433510000.0,1005863000.0,113349000.0,776206300.0,0.8157963623000056
エフピコ,7947,化学,プライム（内国株式）,JP,2025-03-31,広島県,203243339776.0,1.2359499,14.968134,13.670982,18.023805826544166,0.397,0.02891089,183.82,167.89,154.45999907244828,,,0.07067,,0.06183,0.09362,0.5250319957840849,138113000000.0,84372000000.0,98847000000.0,80513000000.0,19020000000.0,10274000000.0,-32074200000.0,-0.15781181334330485
小松ウオール工業,7949,その他製品,プライム（内国株式）,JP,2025-03-31,石川県,43509334016.0,1.1089985,,14.266751,9.722931727006747,0.7501,0.053344276,173.27,,149.0047049510854,44616000000.0,3636000000.0,0.12695,2650000000.0,0.06523,0.07915,0.8081529643254342,8970000000.0,6373000000.0,31322000000.0,189000000.0,16714000000.0,475000000.0,22684500000.0,0.5213708854210011
ヤマハ,7951,その他製品,プライム（内国株式）,JP,2025-03-31,静岡県,492464635904.0,1.0295134,14.674269,21.242884,17.714274255686856,0.4934,0.023582766,52.7,76.29,58.559999998735634,462080000000.0,20695000000.0,0.054899998,13351000000.0,0.050970003,0.051220004,0.7590913242163585,141166000000.0,106658000000.0,351933000000.0,19957000000.0,99819000000.0,54037000000.0,248592900000.0,0.5047934041876261
河合楽器製作所,7952,その他製品,プライム（内国株式）,JP,2025-03-31,静岡県,27097620480.0,0.5796902,6.445672,23.705599,60.20809987883391,0.7157,0.0,132.88,488.7,47.09849982556111,,,0.00587,,0.01584,0.025,0.6019651038639835,29451000000.0,17475000000.0,48518000000.0,8446000000.0,13300000000.0,7232000000.0,24129400000.0,0.8904619509971083
菊水化学工業,7953,その他製品,スタンダード（内国株式）,JP,2025-03-31,愛知県,4802182656.0,0.46960503,,17.789131,12.389050992928974,0.7896,0.044854883,21.53,,29.979925117501793,21390614000.0,264907000.0,-0.02199,165822000.0,0.0125,0.028299998,0.5873068684325086,6538900000.0,4961091000.0,10348348000.0,1831584000.0,4062634000.0,1750100000.0,5034518000.0,1.0483811967688719
クリナップ,7955,その他製品,プライム（内国株式）,JP,2025-03-31,東京都,31561938944.0,0.52217674,,9.248734,18.068974926649712,0.3412,0.037204057,96.77,,39.94231763393464,129987000000.0,2071000000.0,-0.00031,1719000000.0,0.025840001,0.05913,0.6309996131955573,33389000000.0,27812000000.0,55467000000.0,7181000000.0,18767000000.0,4811000000.0,25445700000.0,0.8062147273381406
ピジョン,7956,その他製品,プライム（内国株式）,JP,2025-12-31,東京都,236896780288.0,2.9030385,27.665222,27.59582,19.88294149825459,1.0606999,0.03813347,71.75,71.57,70.00000016724405,109170000000.0,13159000000.0,0.13156,8570000000.0,0.07656,0.10804,0.7531701911198314,24201000000.0,18127000000.0,76561000000.0,1359000000.0,39609000000.0,561000000.0,52752700000.0,0.22268221600929958
フジコピアン,7957,その他製品,スタンダード（内国株式）,JP,2025-12-31,大阪府,2481292544.0,0.30969995,,,5.714619439139741,0.2838,0.024630541,-1764.64,,259.85606415963605,8475562000.0,-230210000.0,0.02014,-2701073000.0,-0.28149998,-0.26819,0.5744206992714198,5903482000.0,2836078000.0,7599814000.0,2721695000.0,2541657000.0,1515851000.0,2757427700.0,1.1112868197132664
キングジム,7962,その他製品,プライム（内国株式）,JP,2025-06-30,東京都,22894206976.0,0.906854,,43.475933,-76.55121542365576,0.7487,0.017220173,18.7,,-11.155018664178202,39639500000.0,537715000.0,0.031489998,424944000.0,0.00989,0.015520001,0.6772779797419926,11460881000.0,8210456000.0,24063443000.0,6278288000.0,6831528000.0,2977800000.0,14687022000.0,0.641516957341934
興研,7963,その他製品,スタンダード（内国株式）,JP,2025-12-31,,8235416576.0,0.607769,,9.46502,10.194394529384104,0.19459999,0.020612486,179.82,,146.05233855146525,11857057000.0,1271615000.0,0.08833,885292000.0,0.06483,0.05728,0.6147481000490388,8646391000.0,5204940000.0,11529589000.0,5791241000.0,2684275000.0,1023433000.0,3599601100.0,0.4370879198133231
象印マホービン,7965,電気機器,プライム（内国株式）,JP,2025-11-30,大阪府,92195184640.0,1.0192828,19.437752,15.727903,14.709049519183512,0.4334,0.027816411,92.32,74.7,96.62999960432842,91151000000.0,7436000000.0,0.14238,5980000000.0,0.06972,0.072670005,0.7496704188216206,28746000000.0,21515000000.0,85366000000.0,1432000000.0,33177000000.0,11332000000.0,64552400000.0,0.7001710583048516
リンテック,7966,その他製品,プライム（内国株式）,JP,2025-03-31,東京都,391578976256.0,1.5208248,21.7336,22.599298,38.264625638896604,0.4161,0.019163763,264.61,275.15,76.62999997413024,315978000000.0,24564000000.0,0.06492,14476000000.0,0.0544,0.068909995,0.7206604967823985,94349000000.0,69989000000.0,192767000000.0,10345000000.0,55511000000.0,2109000000.0,99894300000.0,0.25510639247060285
信越ポリマー,7970,化学,プライム（内国株式）,JP,2025-03-31,東京都,187507228672.0,1.4473737,17.620846,19.946991,13.025458318553017,0.53,0.027300749,116.96,132.4,116.36999988313639,,,0.10614,,0.08599,0.07834,0.8049716317619683,29837000000.0,26566000000.0,99414000000.0,,44901000000.0,929000000.0,70227300000.0,0.3745311607311216
東リ,7971,化学,スタンダード（内国株式）,JP,2025-03-31,兵庫県,35806089216.0,0.6911304,,8.208664,6.060210116536613,0.4424,0.055555556,76.87,,61.68793163993913,105709000000.0,4377000000.0,0.06406,3507000000.0,0.039690003,0.089770004,0.5107746935564462,45687000000.0,32761000000.0,52734000000.0,9780000000.0,8212000000.0,8276000000.0,12840200000.0,0.3586038096073988
イトーキ,7972,その他製品,プライム（内国株式）,JP,2025-12-31,東京都,121152364544.0,2.0487945,14.3468075,12.878629,,0.3944,0.03076292,190.16,170.7,,153682000000.0,13686000000.0,0.17131001,9382000000.0,0.06325,0.18099001,0.4337994553410238,73912000000.0,49580000000.0,79406000000.0,34627000000.0,21629000000.0,6659000000.0,10155300000.0,0.083822548888939
任天堂,7974,その他製品,プライム（内国株式）,JP,2025-03-31,京都府,8196613734400.0,2.774727,20.891489,19.509384,44.233310152274775,0.60080004,0.030526903,364.44,340.33,239.4699999793088,,,0.14668,,0.18333,0.14931,0.8016224733449757,673070000000.0,597646000000.0,2752352000000.0,,1586275000000.0,369373000000.0,2337843100000.0,0.2852206015501757
リヒトラブ,7975,その他製品,スタンダード（内国株式）,JP,2026-02-28,大阪府,3650822912.0,0.3325581,,54.37089,,1.2645,0.023364486,19.79,,,9124181000.0,36034000.0,0.02955,67066000.0,0.0073400005,0.0062,0.8122740039155761,2537356000.0,1053803000.0,5724040000.0,282000000.0,728513000.0,1505555000.0,4240572500.0,1.161538809801356
三菱鉛筆,7976,その他製品,プライム（内国株式）,JP,2025-12-31,東京都,129873985536.0,1.0000917,14.7138815,22.726875,10.967453618552062,0.4376,0.01916443,114.27,176.5,204.80000186049682,89814000000.0,9692000000.0,0.14237,6235000000.0,0.07875,0.055,0.756951995847108,42573000000.0,14703000000.0,91793000000.0,14901000000.0,37067000000.0,32024000000.0,71636800000.0,0.5515869841396595
松風,7979,精密機器,プライム（内国株式）,JP,2025-03-31,京都府,73207234560.0,1.5064763,15.195391,15.016791,13.348899049752387,0.40150002,0.026660204,136.98,135.37,102.61999948956728,38698000000.0,5392000000.0,0.13061,4317000000.0,0.12219,0.10711,0.8532023842861143,7261000000.0,5218000000.0,27521000000.0,,10653000000.0,8709000000.0,26356300000.0,0.3600231610770464
重松製作所,7980,その他製品,スタンダード（内国株式）,JP,2025-03-31,東京都,5667757056.0,0.60071605,,8.071704,8.943814385711779,0.1519,0.0,98.74,,82.13711151736746,14112597000.0,1069333000.0,0.122329995,780581000.0,0.04502,0.078,0.4746365214762261,9480661000.0,7319801000.0,10433841000.0,5038672000.0,1475776000.0,1931600000.0,2305300000.0,0.40673938159709294
タカラスタンダード,7981,その他製品,プライム（内国株式）,JP,2025-03-31,大阪府,191906480128.0,0.9775039,,13.080769,12.56179264285533,0.50020003,0.03909673,232.02,,137.30000007923536,,,0.04879,,0.05963,0.056750003,0.7024058010790354,82408000000.0,63067000000.0,160391000000.0,6750000000.0,68059000000.0,14745000000.0,88304500000.0,0.4601433987070246
