会社名,銘柄コード,業種,優先市場,決算月,都道府県,時価総額,PBR,PER(会予),PER(過去12ヶ月),PER(前年度),配当方向性,配当利回り,EPS(過去12ヶ月),EPS(予想),EPS(前年度),売上高,営業利益,営業利益率,当期純利益,純利益率,ROE,自己資本比率,負債,流動負債,流動資産,総負債,現金及び現金同等物,投資有価証券,ネットキャッシュ,ネットキャッシュ比率
極洋,1301,水産・農林業,プライム（内国株式）,2025-03-31,東京都,57011228672,0.8097841,16.701462,8.326395,6.540848891265951,0.22559999,0.02739726,576.48,287.4,548.6136783733826,302681000000.0,11080000000.0,0.02434,6740000000.0,0.02152,0.119160004,0.3652267498366435,113763000000.0,74995000000.0,134258000000.0,79916000000.0,7514000000.0,14053000000.0,30332100000.0,0.5320372969772014
Ｖｅｒｉｔａｓ　Ｉｎ　Ｓｉｌｉｃｏ,130A,医薬品,グロース（内国株式）,2024-12-31,東京都,3340863744,1.6497263,,,,0.0,0.0,-51.14,,,194643000.0,-212850000.0,-5.45098,-236442000.0,-2.7095098,,0.9824758843873473,39410000.0,39410000.0,2232073000.0,,2173358000.0,,2192663000.0,0.6563162008441371
ニッスイ,1332,水産・農林業,プライム（内国株式）,2025-03-31,東京都,374693822464,1.366099,13.908589,14.084587,11.835510397130088,0.3418,0.024271844,87.72,88.83,76.66602455790529,886126000000.0,31783000000.0,0.041810002,25381000000.0,0.032479998,0.11085,0.4363657269585653,348939000000.0,226179000000.0,332568000000.0,215270000000.0,14707000000.0,30453000000.0,4946100000.0,0.013200377757696322
マルハニチロ,1333,水産・農林業,プライム（内国株式）,2025-03-31,東京都,191793790976,0.82726073,14.510103,8.748822,6.81212048017765,0.2529,0.029333333,435.03,262.3,413.60353182864924,1078631000000.0,30382000000.0,0.034089997,23264000000.0,0.02023,0.1071,0.33699984292678775,405816000000.0,236915000000.0,414576000000.0,270911000000.0,49240000000.0,44671000000.0,40029700000.0,0.20871217882652465
ＶＲＡＩＮ　Ｓｏｌｕｔｉｏｎ,135A,情報・通信業,グロース（内国株式）,2025-02-28,東京都,38987730944,26.18377,,108.70186,208.32058162532823,0.0,0.0,35.05,,32.69000089606134,2144641000.0,594987000.0,0.38146,425072000.0,0.15106,,0.7590650897301636,451393000.0,451393000.0,1539832000.0,5200000.0,488886000.0,,1088439000.0,0.027917474899049104
ユキグニファクトリー,1375,水産・農林業,プライム（内国株式）,2025-03-31,新潟県,41907609600,3.486968,6.651899,49.739708,30.647701513671876,0.7579,0.0151946815,21.13,158.0,33.84731101918014,53139000000.0,2420000000.0,0.092250004,1502000000.0,0.0164,0.06959,0.32655540297876834,25343000000.0,9502000000.0,11501000000.0,17159000000.0,3903000000.0,186000000.0,-13711800000.0,-0.3271911743684851
カネコ種苗,1376,水産・農林業,スタンダード（内国株式）,2025-05-31,群馬県,18017589248,0.71238285,,15.105091,13.174120906596784,0.35509998,0.023370234,107.05,,103.28880898088055,64508666000.0,1511651000.0,0.02497,1200256000.0,0.021389998,0.05633,0.5071656318283071,24306507000.0,22983956000.0,38277060000.0,,1934582000.0,2264370000.0,15555612000.0,0.8633570110788664
サカタのタネ,1377,水産・農林業,プライム（内国株式）,2025-05-31,神奈川県,179840532480,1.0952905,19.696611,18.656548,9.039632492444692,0.337,0.018270401,222.71,210.95,365.2200012116753,92920000000.0,12258000000.0,0.19252001,9711000000.0,0.12873,0.0747,0.844585466997581,29220000000.0,20037000000.0,113848000000.0,2868000000.0,29525000000.0,18464000000.0,97552800000.0,0.5424405647311393
ホクト,1379,水産・農林業,プライム（内国株式）,2025-03-31,長野県,65790631936,1.1268222,,11.933012,16.66145255572695,0.284,0.019398643,176.15,,106.37999937711115,83104000000.0,6628000000.0,-0.00603,4441000000.0,0.074439995,0.11423001,0.5278479836461625,50813000000.0,24823000000.0,38621000000.0,33066000000.0,16323000000.0,8374000000.0,-6330200000.0,-0.09621734605251869
Ｃｏｃｏｌｉｖｅ,137A,情報・通信業,グロース（内国株式）,2025-05-31,,3436514304,9.291721,,17.699253,34.798378716452746,,0.0,,,46.869999699981996,1301771000.0,279617000.0,,209170000.0,,,0.8409387789823908,168282000.0,168279000.0,1020383000.0,,,,852101000.0,0.24795502786302384
秋川牧園,1380,水産・農林業,スタンダード（内国株式）,2025-03-31,山口県,4152445440,1.9232068,,43.098225,43.807136586408845,0.4337,0.010111224,23.11,,23.576397217558167,7957457000.0,-3198000.0,0.00545,28185000.0,0.011510001,0.04442,0.30618201423382474,4939245000.0,2688933000.0,2933981000.0,3422129000.0,968035000.0,118784000.0,-1922115200.0,-0.46288752682563844
アクシーズ,1381,水産・農林業,スタンダード（内国株式）,2025-06-30,,23333296128,1.0695006,,13.568676,13.101524912478245,0.3671,0.027141133,306.22,,220.6307760878976,26426000000.0,2121000000.0,0.14521,1720000000.0,0.074260004,0.09665,0.8613758723828514,3476000000.0,2945000000.0,13081000000.0,69000000.0,7743000000.0,631000000.0,10046700000.0,0.43057354369852363
ホーブ,1382,水産・農林業,スタンダード（内国株式）,2025-06-30,北海道,1443324800,2.1736536,,58.48765,84.8225823018152,1.5413,0.026809651,32.4,,26.273431694591707,2412711000.0,38068000.0,-0.17459999,24712000.0,0.00125,0.00441,0.7069412633566734,313482000.0,158516000.0,936566000.0,4016000.0,306105000.0,,623084000.0,0.43170047379494897
ベルグアース,1383,水産・農林業,スタンダード（内国株式）,2024-10-31,愛媛県,4833226240,2.4274614,,,62.20497307943814,0.4,0.0033167496,-7.55,,50.863908148771976,7094887000.0,22459000.0,0.00691,39936000.0,0.00151,0.0098,0.3640227838875453,3557188000.0,1972654000.0,2821698000.0,2167386000.0,924359000.0,157408000.0,-625304400.0,-0.12937619075741838
ホクリヨウ,1384,水産・農林業,スタンダード（内国株式）,2025-03-31,北海道,28168196096,2.8449965,,9.532806,5.08265638540701,0.20030001,0.0030816642,349.32,,195.769719011344,19397000000.0,1932000000.0,0.14823,2181000000.0,0.07208,0.11241999,0.7364696086594504,5064000000.0,3555000000.0,6795000000.0,1519000000.0,4194000000.0,530000000.0,2102000000.0,0.07462316695169886
光フードサービス,138A,小売業,グロース（内国株式）,2024-11-30,愛知県,2654592000,2.0029447,,24.9371,,0.1863,0.007487832,107.31,,,2566847000.0,217082000.0,0.06113,100327000.0,0.04607,,0.5178734835211373,1161221000.0,519436000.0,1502113000.0,749016000.0,1321909000.0,,340892000.0,0.12841596750084383
エムビーエス,1401,建設業,グロース（内国株式）,2025-05-31,山口県,8710230016,2.481429,,19.194096,13.665392184884261,0.1539,0.0,65.02,,54.04999951153794,4713000000.0,626045000.0,0.11212,472287000.0,0.10578,0.15125,0.7577554803440234,1181763000.0,1169950000.0,3290133000.0,10775000.0,1827413000.0,712307000.0,2606984900.0,0.2993014989513682
ウエストホールディングス,1407,建設業,スタンダード（内国株式）,2025-08-31,広島県,60639027200,1.674048,5.7804995,11.312518,15.194268746184513,0.48119998,0.044187628,135.16,264.51,167.43483001288533,47250000000.0,8647000000.0,0.26239002,5357000000.0,0.11338,0.15732001,0.2438436578568255,112011000000.0,39666000000.0,89170000000.0,94121000000.0,35564000000.0,1722000000.0,-21635600000.0,-0.3567933227002692
ショーボンドホールディングス,1414,建設業,プライム（内国株式）,2025-06-30,東京都,258254389248,2.500236,16.25679,17.330957,20.38309786278707,0.601,0.03469751,291.79,311.07,273.729997745708,90712000000.0,20794000000.0,0.23716,15061000000.0,0.1681,0.14543,0.8137586620727033,22763000000.0,20538000000.0,100241000000.0,,32523000000.0,10286000000.0,84678200000.0,0.3278867795686682
ミライト・ワン,1417,建設業,プライム（内国株式）,2025-03-31,東京都,296391442432,1.1425467,15.366582,14.81498,13.30941393022194,0.3545,0.012077294,225.65,217.55,133.33999944685442,578599000000.0,27985000000.0,0.049640004,17179000000.0,0.0347,0.079380006,0.4862953960936439,267864000000.0,160983000000.0,321194000000.0,127491000000.0,53475000000.0,19397000000.0,66907900000.0,0.22574167273857926
インターライフホールディングス,1418,建設業,スタンダード（内国株式）,2025-02-28,東京都,8787450880,1.9090139,,9.050279,7.743214526691384,0.4789,0.054945055,62.65,,24.82373427926475,16940669000.0,875644000.0,0.09693,705077000.0,0.05515,0.22903,0.4465537708712912,5223472000.0,4049042000.0,6957357000.0,1749188000.0,1513427000.0,536023000.0,2109101100.0,0.24001284659243524
タマホーム,1419,建設業,プライム（内国株式）,2025-05-31,東京都,106386726912,4.1392407,,71.94668,13.855406473754714,3.8242998,0.053719006,51.01,,301.9400024653374,200817000000.0,4113000000.0,-0.15243,1478000000.0,0.0,0.04245,0.3710212129748001,58028000000.0,44837000000.0,67570000000.0,19049000000.0,31001000000.0,315000000.0,9762500000.0,0.09176426687208128
トライアルホールディングス,141A,小売業,グロース（内国株式）,2025-06-30,福岡県,283386052608,2.2955558,16.444193,24.27164,22.848431929108937,0.1675,0.006950478,95.42,140.84,108.7899999402744,803829000000.0,21106000000.0,0.01573,11752000000.0,0.00815,0.06544,0.4200137869942687,171257000000.0,151064000000.0,143172000000.0,38558000000.0,72325000000.0,5741000000.0,-24066300000.0,-0.08492408069669624
サンヨーホームズ,1420,建設業,スタンダード（内国株式）,2025-03-31,大阪府,7988814848,0.46858338,,7.256637,12.306734613165746,0.2602,0.035868004,96.05,,58.30869212387968,45518339000.0,956035000.0,-0.01534,673078000.0,0.021979999,0.07378,0.3030685213634473,35232145000.0,23316348000.0,45291402000.0,18407000000.0,10432054000.0,30140000.0,10080355000.0,1.2618085650744073
日本アクア,1429,建設業,プライム（内国株式）,2024-12-31,東京都,27941095424,2.6236892,10.669915,13.793104,12.990543226209324,0.5352,0.0,63.51,82.1,63.819999139593506,30265345000.0,2575689000.0,0.078099996,1839630000.0,0.05875,0.19830999,0.43810163917250866,13525928000.0,13415988000.0,18819894000.0,4526173000.0,2263300000.0,3380000.0,5296332000.0,0.18955348455847285
ジンジブ,142A,サービス業,グロース（内国株式）,2025-03-31,大阪府,2110190208,4.6789117,,9.258788,24.736678702143113,0.0,0.0,78.52,,62.6599883785414,2400260000.0,62546000.0,0.15299,-184425000.0,-0.05538,,0.18647821303869516,1700830000.0,1339666000.0,1843605000.0,514605000.0,1593893000.0,50000.0,142810000.0,0.06767636370341834
ファーストコーポレーション,1430,建設業,スタンダード（内国株式）,2025-05-31,東京都,11278026752,1.1859118,5.863354,6.756853,9.295180831931788,0.3007,0.04506438,139.71,161.0,79.10999787263096,43194307000.0,2579580000.0,0.058080003,1669537000.0,0.03697,0.17668,0.39216533382295893,15128862000.0,11596123000.0,24208066000.0,4714443000.0,5400034000.0,32033000.0,9101627100.0,0.807023010331657
Ｌｉｂ　Ｗｏｒｋ,1431,建設業,グロース（内国株式）,2025-06-30,熊本県,16553561088,3.7819636,,33.553253,40.99847633465793,0.30200002,0.006808511,21.22,,17.221355024098628,16004726000.0,833260000.0,-0.18759,494687000.0,0.02141,0.0731,0.40912648858982825,6808925000.0,4866377000.0,9304283000.0,3813001000.0,3897392000.0,10030000.0,2502379000.0,0.1511686208603189
ベステラ,1433,建設業,プライム（内国株式）,2025-01-31,東京都,10111101952,1.9347688,13.341347,19.607843,38.186762513070846,0.44169998,0.022914758,56.61,83.2,26.08257492101772,10897473000.0,373634000.0,0.03581,409806000.0,0.04907,0.10578,0.4393745681328702,6192955000.0,5293229000.0,7130366000.0,3752104000.0,1599484000.0,3403448000.0,3319824600.0,0.32833459851953434
ＪＥＳＣＯホールディングス,1434,建設業,スタンダード（内国株式）,2024-08-31,東京都,10211493888,1.366086,30.92437,11.68254,3.9614403241818636,0.23809999,0.020519836,126.0,47.6,173.10998941268983,14804607000.0,1143652000.0,0.14029,1012359000.0,0.05643,0.15043001,0.374038726015868,10987918000.0,6346864000.0,12998934000.0,5553036000.0,2692517000.0,239694000.0,2178801800.0,0.21336758596706512
ｒｏｂｏｔ　ｈｏｍｅ,1435,不動産業,スタンダード（内国株式）,2024-12-31,,18336372736,1.9316535,3.5081685,32.69231,16.902690101069606,0.3205,0.009803922,6.24,58.15,9.861010055159861,13157735000.0,1043975000.0,0.03991,912829000.0,0.035889998,0.062319998,0.7034606737293668,3922976000.0,3020042000.0,9823637000.0,1321375000.0,6501814000.0,1038034000.0,6627284800.0,0.3614283422036126
グリーンエナジー＆カンパニー,1436,建設業,グロース（内国株式）,2025-04-30,東京都,8837655552,1.6891547,,32.788887,11.31338720201059,0.19860001,0.006060606,65.51,,80.53000055322123,11616630000.0,543538000.0,0.00178,275507000.0,0.0225,0.05485,0.39043408823797116,8254681000.0,4266622000.0,11249763000.0,5757725000.0,979374000.0,234450000.0,3159197000.0,0.35747003053146376
岐阜造園,1438,建設業,スタンダード（内国株式）,2024-09-30,岐阜県,6001794048,1.4486592,,18.831434,17.66286513471715,0.33580002,0.019292604,98.24,,92.49000869024911,5198677000.0,447218000.0,0.02934,340464000.0,0.06123,0.09646,0.7216716020060705,1473507000.0,1219698000.0,3437601000.0,226672000.0,2447632000.0,286912000.0,2164932400.0,0.3607142102320936
イシン,143A,サービス業,グロース（内国株式）,2025-03-31,東京都,1766487808,1.4223157,,12.770714,28.652719494135997,0.0,0.0,71.57,,75.56001797466674,1393451000.0,245115000.0,0.114879996,177571000.0,0.09491,,0.5458102101709206,519220000.0,517700000.0,1734316000.0,,1399156000.0,392647000.0,1489948900.0,0.843452693674068
技研ホールディングス,1443,建設業,スタンダード（内国株式）,2025-03-31,東京都,3880002816,0.3463698,,6.45597,7.995471927681869,0.0297,0.004661017,37.02,,27.36193409300893,4906440000.0,623987000.0,0.15324001,491949000.0,0.11143,0.04778,0.6752903923732716,5248911000.0,2260660000.0,4082888000.0,3305471000.0,1648906000.0,5911023000.0,2971693100.0,0.7658997276356616
ニッソウ,1444,建設業,グロース（内国株式）,2024-07-31,東京都,3102517760,1.8217958,,15.313623,36.90175712599332,0.0,0.0,186.37,,63.926495205788946,4678961000.0,56392000.0,0.00978,25154000.0,0.038259998,0.12609,0.5424336375922353,1266260000.0,1114130000.0,2124963000.0,774358000.0,1382734000.0,33090000.0,881866000.0,0.2842420473364188
キャンディル,1446,建設業,スタンダード（内国株式）,2024-09-30,東京都,5140243456,1.735769,,29.411764,23.687531811283158,0.21200001,0.0,18.87,,24.369999429141853,13224257000.0,359205000.0,0.02925,137956000.0,0.014140001,0.06804,0.4563902644507627,3334644000.0,2959043000.0,3675954000.0,1499628000.0,1616316000.0,106500000.0,415860000.0,0.08090278282725759
ＳＡＡＦホールディングス,1447,建設業,グロース（内国株式）,2025-03-31,東京都,6123183104,2.2741275,,27.765488,33.43494096673967,0.0,0.0,9.04,,7.587152011621884,28855658000.0,334000000.0,0.02657,-129176000.0,0.00738,0.082609996,0.1558328199412921,14154678000.0,9510505000.0,10803735000.0,9484938000.0,3112252000.0,289202000.0,-3148501600.0,-0.5141936059274833
ＴＡＮＡＫＥＮ,1450,建設業,スタンダード（内国株式）,2025-03-31,東京都,12291336192,1.469377,5.4980545,8.368374,7.6742692540933595,0.32580003,0.0,168.85,257.0,125.32984047871788,12286088000.0,2328357000.0,0.12191,1576283000.0,0.10971,0.18719,0.7223834386152076,3160179000.0,3044877000.0,9949416000.0,,4116146000.0,241968000.0,6958614600.0,0.5661397989039726
Ｌ　ｉｓ　Ｂ,145A,情報・通信業,グロース（内国株式）,2024-12-31,東京都,5447662592,3.0875046,,75.76622,,0.0,0.0,14.03,,,1594038000.0,77143000.0,0.090050004,42941000.0,0.016280001,,0.6309998209297989,999414000.0,545541000.0,2240284000.0,758408000.0,1935112000.0,195309000.0,1377586300.0,0.25287658270595037
コロンビア・ワークス,146A,不動産業,スタンダード（内国株式）,2024-12-31,東京都,24931831808,1.6952409,,10.288007,,0.16469999,0.018081762,348.95,,,20981000000.0,3893000000.0,0.19054002,2238000000.0,0.107659996,0.26931,0.23184378952209406,40085000000.0,9117000000.0,40764000000.0,37648000000.0,4293000000.0,7000000.0,683900000.0,0.027430796311587246
ソラコム,147A,情報・通信業,グロース（内国株式）,2025-03-31,東京都,45339709440,4.2685885,33.62416,86.23064,141.0501183034197,0.0,0.0,11.62,29.8,12.570000091641285,8993031000.0,656540000.0,0.06645,352716000.0,0.052470002,,0.7696783841113143,3048330000.0,2319939000.0,12308184000.0,950167000.0,8917773000.0,161600000.0,9372974000.0,0.20672770328190263
ハッチ・ワーク,148A,情報・通信業,グロース（内国株式）,2024-12-31,東京都,4083622400,4.5390925,,19.960714,,0.0,0.0,106.91,,,2367523000.0,183253000.0,0.14029999,130952000.0,0.081829995,,0.3197329682066608,1653438000.0,1420487000.0,2102846000.0,527294000.0,1474198000.0,29500000.0,470058000.0,0.11510809618440726
中外鉱業,1491,非鉄金属,スタンダード（内国株式）,2025-03-31,東京都,11009537024,49.856434,,9.766074,39.6017305355875,0.2558,0.026809651,78.23,,15.171294313450149,162345165000.0,1417792000.0,0.01091,1218720000.0,0.0055199997,0.13612,0.49511375343211783,8343687000.0,6940037000.0,13126548000.0,2766278000.0,4141237000.0,110071000.0,4859910700.0,0.4414273451649914
シンカ,149A,情報・通信業,グロース（内国株式）,2024-12-31,東京都,2480344320,2.4231222,,58.83245,,0.0,0.0,13.19,,,1232218000.0,78065000.0,0.06862,16073000.0,0.03206,,0.795806359218719,250945000.0,250944000.0,1105847000.0,90000000.0,972053000.0,,854902000.0,0.3446706947525737
ＪＳＨ,150A,サービス業,グロース（内国株式）,2025-03-31,東京都,2379761920,1.2154044,9.438202,,24.035501873508927,0.0,0.0,-4.49,44.5,31.287052126372597,3967006000.0,176279000.0,-0.111719996,144153000.0,-0.00567,,0.6834676567641275,944090000.0,657317000.0,1449568000.0,469964000.0,810824000.0,1851000.0,506773700.0,0.2129514283512865
住石ホールディングス,1514,鉱業,スタンダード（内国株式）,2025-03-31,東京都,34577903616,1.2540953,,10.940753,11.507686189271332,0.5679,0.051457975,52.83,,121.83117005345184,10264000000.0,48000000.0,0.02572,4195000000.0,0.34453,0.1167,0.9647812166488794,1023000000.0,396000000.0,21227000000.0,63000000.0,15351000000.0,2806000000.0,22168200000.0,0.6411088493445352
日鉄鉱業,1515,鉱業,プライム（内国株式）,2025-03-31,,143595012096,0.9722268,,14.640995,11.649957371538099,0.4026,0.01476584,124.65,,79.37004087521039,196766000000.0,10257000000.0,0.10577,9019000000.0,0.050970003,0.06776,0.5890898038546251,88209000000.0,55606000000.0,101970000000.0,24367000000.0,38063000000.0,39161000000.0,41173700000.0,0.2867348900146577
三井松島ホールディングス,1518,その他製品,プライム（内国株式）,2025-03-31,福岡県,52897718272,0.9965517,6.569908,6.688996,2.286625799947341,0.19219999,0.028824834,203.02,206.7,241.8347574473531,60574000000.0,7619000000.0,0.16826001,8645000000.0,0.17346,0.19046,0.5554422028955937,52148000000.0,43841000000.0,71175000000.0,33206000000.0,8973000000.0,10945000000.0,26688500000.0,0.5045302684468878
ダイブ,151A,サービス業,グロース（内国株式）,2025-06-30,東京都,5489618432,2.4425159,,12.706334,32.229811702314976,0.0,0.0,52.1,,38.05999976997863,13781848000.0,755967000.0,0.01258,454620000.0,0.03299,0.21812999,0.5118512364823101,2167072000.0,1897467000.0,3371461000.0,406980000.0,2065504000.0,,1204389000.0,0.21939393692271836
カウリス,153A,情報・通信業,グロース（内国株式）,2024-12-31,東京都,9350064128,6.273854,,28.985508,,0.0,0.0,49.68,,,1225271000.0,412666000.0,0.36827,276298000.0,0.24063,,0.6499495814594154,708522000.0,608520000.0,1827983000.0,250000000.0,1733104000.0,,1119461000.0,0.11972762803279888
情報戦略テクノロジー,155A,情報・通信業,グロース（内国株式）,2024-12-31,東京都,14880432128,9.532197,,80.65753,,0.0,0.0,18.25,,,5847966000.0,413119000.0,0.09601,273173000.0,0.00648,,0.6224297830439212,1062910000.0,1015768000.0,2587097000.0,323768000.0,1836750000.0,,1524187000.0,0.1024289474182668
マテリアルグループ,156A,サービス業,グロース（内国株式）,2024-08-31,東京都,6915911168,3.1799319,,10.649659,,0.3718,0.0,67.42,,,5281603000.0,810511000.0,0.10885999,709632000.0,0.07443,0.22091,0.6212696267425842,1234672000.0,1011302000.0,1957071000.0,274176000.0,1122606000.0,,722399000.0,0.10445463836241108
グリーンモンスター,157A,サービス業,グロース（内国株式）,2025-06-30,東京都,2551628800,1.875306,,82.60427,19.49622571192338,1.0142,0.012300123,9.83,,54.36999864936555,2006859000.0,123675000.0,-0.025190001,32652000.0,0.01822,0.0291,0.785581548809497,390572000.0,311835000.0,1463780000.0,50794000.0,1185144000.0,,1073208000.0,0.4205972279353486
ＩＮＰＥＸ,1605,鉱業,プライム（内国株式）,2024-12-31,東京都,3950599995392,0.88074815,12.410582,9.191247,7.260046108810265,0.2566,0.015015015,362.41,268.4,248.38050326728668,2265837000000.0,1166960000000.0,0.50032,427344000000.0,0.21155001,0.09535,0.653284717518805,2243031000000.0,533663000000.0,870206000000.0,1063911000000.0,241675000000.0,123557000000.0,-1286335100000.0,-0.3256049970891479
アズパートナーズ,160A,サービス業,スタンダード（内国株式）,2025-03-31,東京都,8707532800,1.717045,8.090486,7.704248,,0.1743,0.022394137,315.67,300.6,,17917807000.0,1305131000.0,0.112270005,956657000.0,0.05466,,0.19446210817903756,17244666000.0,8934178000.0,16352654000.0,9309737000.0,6855982000.0,,-892012000.0,-0.10244141716009385
ＳＢＩレオスひふみ,165A,証券、商品先物取引業,グロース（内国株式）,2025-03-31,東京都,20530124800,2.943114,11.60221,15.129683,10.393134469768334,0.5256,0.034272302,13.88,18.1,12.987024415579402,11424107000.0,2070096000.0,0.17979999,1485925000.0,0.120120004,,0.6160808536245963,3731607000.0,3374356000.0,9442114000.0,,2502655000.0,,5710507000.0,0.2781525711913841
石油資源開発,1662,鉱業,プライム（内国株式）,2025-03-31,東京都,364996100096,0.6747693,9.457488,4.2052493,6.461005908002028,0.14739999,0.020891365,339.1,150.78,198.8851372637681,389082000000.0,62013000000.0,0.10325,81153000000.0,0.23304,0.15946001,0.7742716381210039,124344000000.0,49152000000.0,230838000000.0,0.0,118358000000.0,180280000000.0,232690000000.0,0.6375136609371954
Ｋ＆Ｏエナジーグループ,1663,鉱業,プライム（内国株式）,2024-12-31,千葉県,97946910720,0.95294505,24.450365,12.345679,9.060238952708103,0.1547,0.01301273,297.27,150.1,241.569995691055,92421000000.0,8821000000.0,0.090579994,6167000000.0,0.08761,0.08635,0.8074376083116361,20042000000.0,13728000000.0,49178000000.0,913000000.0,28498000000.0,15837000000.0,40221900000.0,0.41065001136158347
タスキホールディングス,166A,不動産業,グロース（内国株式）,2024-09-30,東京都,49236008960,1.472879,,14.970958,,0.2997,0.0,53.37,,,47455431000.0,4065285000.0,0.15321,2217276000.0,0.06629,0.19601999,0.35850980308861924,37486444000.0,16139526000.0,53172378000.0,33220846000.0,14430576000.0,844757000.0,16277263900.0,0.3305967368968486
リョーサン菱洋ホールディングス,167A,卸売業,プライム（内国株式）,2025-03-31,東京都,120063868928,0.9052951,,16.26025,,0.7605,0.023890786,184.13,,,359811000000.0,8542000000.0,0.02649,9387000000.0,0.021300001,,0.5702683707733556,99054000000.0,87242000000.0,190415000000.0,38396000000.0,30037000000.0,7986000000.0,96951200000.0,0.8074968836639753
イタミアート,168A,その他製品,グロース（内国株式）,2025-01-31,岡山県,1938930048,1.289577,,4.3554354,,0.066,0.015661707,302.84,,,3605561000.0,271569000.0,0.056020003,165042000.0,0.04577,0.20306998,0.33039779063422703,2440840000.0,768663000.0,1165488000.0,2049719000.0,625764000.0,,-1275352000.0,-0.6577607074146493
ＳＤＳホールディングス,1711,建設業,スタンダード（内国株式）,2025-03-31,東京都,2885611008,5.1437325,,,-45.59909825410381,0.0,0.0,-13.76,,-11.820409188716607,4035492000.0,-14691000.0,0.0463,-151714000.0,-0.03135,-0.16089001,0.1291914759763701,3966883000.0,2289630000.0,2596916000.0,3515521000.0,499637000.0,21930000.0,-1354616000.0,-0.4694381870059736
ダイセキ環境ソリューション,1712,建設業,スタンダード（内国株式）,2025-02-28,愛知県,30965420032,1.7037368,19.935064,21.645124,9.597859230976635,0.17639999,0.008143323,85.1,92.4,106.01565317249907,19944000000.0,2257000000.0,0.10113,1234000000.0,0.06348,0.086219996,0.6028383452171816,10066000000.0,5318000000.0,7476000000.0,6736000000.0,1413000000.0,728000000.0,-2080400000.0,-0.06718462071078293
第一カッター興業,1716,建設業,スタンダード（内国株式）,2025-06-30,神奈川県,15939426304,0.8244047,5.931352,12.03397,8.779576300666097,0.3398,0.028348688,117.75,238.9,174.39151568714095,20228578000.0,1647409000.0,0.1379,1327762000.0,0.08108,0.08758,0.8643659488136177,2889484000.0,2204477000.0,14403164000.0,331475000.0,9929000000.0,1314110000.0,12433557000.0,0.7800504712569108
明豊ファシリティワークス,1717,サービス業,スタンダード（内国株式）,2025-03-31,東京都,12605279232,2.2024078,13.105134,13.02077,12.451345101179292,0.5162,0.0,82.33,81.8,67.85000211936068,5716853000.0,1226695000.0,0.2579,910529000.0,0.16046,0.17788,0.6972469510254472,2430460000.0,1605283000.0,6324955000.0,,829338000.0,612580000.0,4323301000.0,0.34297542485411875
美樹工業,1718,建設業,スタンダード（内国株式）,2024-12-31,兵庫県,9825719296,0.5846383,,10.070459,5.670094588090508,0.2802,0.02913753,892.71,,767.9797065945335,27292198000.0,1134579000.0,0.08741,658231000.0,0.03909,0.07954,0.48324168050904925,14683711000.0,9076830000.0,15506712000.0,7254692000.0,2572905000.0,770584000.0,1362409800.0,0.13865751289624467
安藤・間,1719,建設業,プライム（内国株式）,2025-03-31,東京都,293152030720,1.5992885,19.43867,11.086738,12.258179830431194,0.4148,0.04331348,168.67,96.2,88.64000026979058,425160000000.0,35244000000.0,0.062979996,26444000000.0,0.06293,0.16108,0.4602633517396377,199792000000.0,186473000000.0,287813000000.0,27898000000.0,57294000000.0,28048000000.0,107654600000.0,0.3672312954325899
東急建設,1720,建設業,プライム（内国株式）,2025-03-31,東京都,134979100672,1.3111178,21.340033,20.325462,11.200197166420745,0.6059,0.015103338,62.68,59.7,68.98999969730234,293138000000.0,8840000000.0,0.038110003,6631000000.0,0.033269998,0.10892,0.37049742084829485,171650000000.0,147299000000.0,216723000000.0,27205000000.0,39666000000.0,27902000000.0,64604400000.0,0.4786252070014088
コムシスホールディングス,1721,建設業,プライム（内国株式）,2025-03-31,東京都,500081262592,1.321761,17.020603,15.949012,14.712759420207583,0.4446,0.028004667,269.86,252.87,228.15000018574116,614631000000.0,45998000000.0,0.07387,30076000000.0,0.05136,0.08627,0.694975265410483,158748000000.0,137932000000.0,327747000000.0,3009000000.0,38788000000.0,31261000000.0,190881700000.0,0.38170136391559656
日本電技,1723,建設業,スタンダード（内国株式）,2025-03-31,東京都,108824125440,2.5771825,,14.064785,9.47294250376683,0.2923,0.01225416,485.61,,292.86813436729824,43061000000.0,9123000000.0,0.28134,6414000000.0,0.16549999,0.19944,0.7467760844079718,13392000000.0,12308000000.0,32681000000.0,543000000.0,7947000000.0,15262000000.0,29972400000.0,0.27542054557125967
シンクレイヤ,1724,建設業,スタンダード（内国株式）,2024-12-31,愛知県,3335681536,0.54297405,,6.835152,6.590012746071197,0.2872,0.028050492,104.46,,93.31985044685769,11711000000.0,653000000.0,0.01878,547000000.0,0.052449998,0.09685001,0.5412262156448203,5208000000.0,4433000000.0,7544000000.0,2616000000.0,948000000.0,529000000.0,2706300000.0,0.8113184579500577
ビーアールホールディングス,1726,建設業,プライム（内国株式）,2025-03-31,広島県,15075784704,0.9941812,8.763158,13.193344,11.86944779395623,0.6141,0.046686746,25.24,38.0,29.58000007214634,40770000000.0,1953000000.0,0.02429,1268000000.0,0.02928,0.0769,0.35926358715093126,26868000000.0,22993000000.0,34627000000.0,19036000000.0,1709000000.0,476000000.0,8092200000.0,0.5367680793327413
オーテック,1736,建設業,スタンダード（内国株式）,2025-03-31,東京都,34041157632,1.4174953,,9.425139,13.286554181277296,0.3676,0.09090909,233.1,,90.41442394980992,31424058000.0,4024530000.0,0.14956,2874139000.0,0.1071,0.16290002,0.6454460518491489,11768793000.0,10047304000.0,21555712000.0,2050443000.0,8733738000.0,6297294000.0,14195024800.0,0.41699594806541274
ハンモック,173A,情報・通信業,グロース（内国株式）,2025-03-31,東京都,6388964352,2.2292275,,10.86941,,0.2147,0.0,139.75,,,4707880000.0,791514000.0,0.19815001,618078000.0,0.12345,,0.44427843207619705,3409957000.0,2259606000.0,3885001000.0,2635000.0,3165984000.0,673898000.0,946772600.0,0.1481887435643028
コーアツ工業,1743,建設業,スタンダード（内国株式）,2024-09-30,鹿児島県,843804642902016,0.4398514,,Infinity,12.716593758355193,0.0868,0.0,0.0,,100.11009806818342,12061116000.0,530694000.0,0.10184,593036000.0,0.02927,0.04441,0.5977368251536558,6026194000.0,5785257000.0,7987859000.0,246942000.0,878118000.0,1047754000.0,2695092800.0,3.193977211041441e-06
太洋基礎工業,1758,建設業,スタンダード（内国株式）,2025-01-31,愛知県,4594963968,0.5062637,,11.668434,18.013343325155624,0.2524,0.0,197.97,,107.96441358624486,13482097000.0,170141000.0,0.036340002,229764000.0,0.02726,0.043959998,0.7668376082311433,2688513000.0,2244380000.0,7604047000.0,139239000.0,3272716000.0,1665743000.0,6081554100.0,1.3235259606719074
Ｗｉｌｌ　Ｓｍａｒｔ,175A,情報・通信業,グロース（内国株式）,2024-12-31,東京都,1339989888,6.766241,,48.534893,,0.0,0.0,18.77,,,1085861000.0,36125000.0,-0.39153,27104000.0,-0.07273,,0.624429691222611,246705000.0,236680000.0,481911000.0,156882000.0,108053000.0,,235206000.0,0.1755281902545223
高松コンストラクショングループ,1762,建設業,プライム（内国株式）,2025-03-31,大阪府,146585747456,1.0453461,15.429723,14.084507,10.263232634768821,0.2875,0.010392902,298.91,272.85,263.2259176288127,346685000000.0,11461000000.0,0.064050004,6452000000.0,0.0293,0.07614,0.5105348039670035,131970000000.0,111695000000.0,203327000000.0,30000000000.0,35723000000.0,7518000000.0,76619600000.0,0.5226947457698681
工藤建設,1764,建設業,スタンダード（内国株式）,2024-06-30,神奈川県,3555943680,0.66107893,,9.310939,21.818189656143762,0.38,0.0416222,307.81,,108.19904458598727,20521368000.0,471904000.0,0.031089999,206760000.0,0.021470001,,0.3127939481953747,10671251000.0,6583260000.0,7360307000.0,6223076000.0,4417757000.0,289480000.0,-3108308000.0,-0.8741162064749012
東建コーポレーション,1766,建設業,プライム（内国株式）,2025-04-30,愛知県,197353553920,1.4779218,17.620934,12.515665,15.867642635972924,0.28120002,0.022418479,1172.93,833.1,665.2099933984807,366639000000.0,22261000000.0,0.06145,15778000000.0,0.0444,0.12908,0.5849262889055072,94912000000.0,66559000000.0,150464000000.0,,136576000000.0,,55552000000.0,0.28148467000760863
ソネック,1768,建設業,スタンダード（内国株式）,2025-03-31,兵庫県,10344400896,1.0895727,,10.718341,45.347688862547244,0.22700001,0.020604396,132.11,,19.841981972436983,15196595000.0,658750000.0,0.11283,500854000.0,0.05487,0.1067,0.7024182735713557,3837927000.0,3616080000.0,10295010000.0,,1311396000.0,762206000.0,6990627200.0,0.675788503392512
レジル,176A,電気・ガス業,グロース（内国株式）,2025-06-30,東京都,53155553280,5.137813,,23.980082,15.968592469391595,0.3142,0.013191645,114.47,,106.59999974248551,46647755000.0,3217149000.0,0.05948,2234774000.0,0.03519,0.18652001,0.3765137187682892,16873658000.0,8003770000.0,13306854000.0,11089659000.0,4293309000.0,138700000.0,-3469714000.0,-0.06527472269403495
藤田エンジニアリング,1770,建設業,スタンダード（内国株式）,2025-03-31,,15300620288,0.78861034,,11.723313,7.938667537255774,0.4576,0.021109771,142.11,,173.81035612846844,32646679000.0,2951713000.0,0.09455,1787461000.0,0.04577,0.069,0.6266728835141583,11309581000.0,9585076000.0,20575867000.0,566149000.0,6093482000.0,5750729000.0,13291796300.0,0.8687096372442178
三井住建道路,1776,建設業,スタンダード（内国株式）,2025-03-31,東京都,13788860416,1.0517019,,51.021797,17.9492573354513,1.3657001,0.026954178,29.36,,64.01429383564161,30157000000.0,225000000.0,0.02418,167000000.0,0.00861,0.02044,0.5521889635512116,10996000000.0,9117000000.0,17414000000.0,34000000.0,7027000000.0,,6418000000.0,0.46544818109499675
コージンバイオ,177A,化学,グロース（内国株式）,2025-03-31,埼玉県,7938314752,1.3658487,,10.9892435,,0.1697,0.015513898,141.32,,,5206287000.0,991135000.0,0.09883001,794759000.0,0.13819,,0.6377020482100992,3284828000.0,2487303000.0,5066964000.0,2386536000.0,3149267000.0,581277000.0,2189029900.0,0.2757549893632638
ヤマウラ,1780,建設業,プライム（内国株式）,2025-03-31,長野県,28296206336,1.1440667,,8.051487,8.93228742929278,0.15890001,0.0110589815,185.68,,157.24190677300754,35613772000.0,3891551000.0,0.12661,3002357000.0,0.08801,0.15211001,0.7546130609982733,7566640000.0,7465753000.0,24481777000.0,,12240900000.0,2209153000.0,18461544100.0,0.6524388421819006
ｆａｎｔａｓｉｓｔａ,1783,不動産業,スタンダード（内国株式）,2024-09-30,東京都,10712682496,1.6867921,,6300.0,8.377797116476572,0.0,0.0,0.01,,6.206882224174642,8806039000.0,701995000.0,0.096949995,290559000.0,-0.02802,-0.04072,0.4654358377229955,7598844000.0,6780919000.0,12415243000.0,5149445000.0,2965997000.0,,4816399000.0,0.4495978483258877
オリエンタル白石,1786,建設業,プライム（内国株式）,2025-03-31,東京都,53897080832,1.0292388,12.074927,15.126353,10.488482483564887,0.5233,0.018028846,27.7,34.7,35.69218064768116,64553000000.0,5435000000.0,0.09731,3715000000.0,0.05335,0.06864,0.6608915358238585,26306000000.0,18739000000.0,55812000000.0,3216000000.0,20206000000.0,3955000000.0,32274500000.0,0.5988172179603065
ナカボーテック,1787,建設業,スタンダード（内国株式）,2025-03-31,東京都,12975667200,1.617667,,13.946965,14.226255183635985,0.794,0.0,377.86,,339.1141348497157,14725604000.0,1457467000.0,0.06939,1047212000.0,0.0642,0.118389994,0.7187941006507291,3415589000.0,2510062000.0,10365854000.0,,1278922000.0,394880000.0,7226681000.0,0.5569409949108436
三東工業社,1788,建設業,スタンダード（内国株式）,2024-06-30,滋賀県,2928071936,0.83902955,,12.642072,10.843587080569982,0.1882,0.015217391,372.17,,367.59008689382705,7400142000.0,199296000.0,0.09157,132314000.0,0.03943,0.105500005,0.702294923291128,1306993000.0,1195835000.0,3311676000.0,40148000.0,1589904000.0,251498000.0,2180731600.0,0.7447670848480138
大本組,1793,建設業,スタンダード（内国株式）,2025-03-31,東京都,36494237696,1.0220923,,28.986677,34.59845562162316,0.7257,0.006664117,49.54,,35.71232196130813,70092000000.0,1822000000.0,0.024920002,1788000000.0,0.0196,0.03313,0.7195886353298794,25276000000.0,19015000000.0,67344000000.0,3000000000.0,10177000000.0,9825000000.0,48945500000.0,1.3411843373115515
マサル,1795,建設業,スタンダード（内国株式）,2024-09-30,東京都,3905949696,0.7401281,,13.792887,8.530478953460987,0.39270002,0.0,318.28,,391.7341511387046,8947614000.0,407518000.0,0.09241,277432000.0,0.038039997,0.07929,0.5885235978622678,3453986000.0,2597474000.0,6110529000.0,1134620000.0,2349228000.0,121047000.0,2741275900.0,0.7018205848394009
守谷商会,1798,建設業,スタンダード（内国株式）,2025-03-31,長野県,14590488576,0.8314143,,5.321984,5.123021752213667,0.0716,0.013293944,1257.05,,732.5320901496598,50266769000.0,2293448000.0,0.10955,1651794000.0,0.05021,0.16906,0.466867197113758,18203167000.0,17327829000.0,26528817000.0,836997000.0,9277827000.0,1154986000.0,9134140200.0,0.626033881759437
第一建設工業,1799,建設業,スタンダード（内国株式）,2025-03-31,新潟県,63888023552,2.2344277,19.08659,11.534043,11.76691569075767,0.415,0.0041958042,313.42,189.4,143.20602832586854,58005615000.0,7193905000.0,0.11156,5242713000.0,0.04704,0.060149997,0.8536553685848133,12284393000.0,10573417000.0,48897021000.0,,16361479000.0,7455064000.0,41831172800.0,0.6547576599541008
大成建設,1801,建設業,プライム（内国株式）,2025-03-31,東京都,2180372627456,2.553271,28.046219,16.339869,24.431313983636855,0.33040002,0.020454545,817.02,476.0,215.74247188844305,2154223000000.0,120161000000.0,0.089829996,123824000000.0,0.067600004,0.15679,0.3566266488858659,1528138000000.0,1292924000000.0,1599698000000.0,317959000000.0,240689000000.0,428326000000.0,371388200000.0,0.1703324447038788
大林組,1802,建設業,プライム（内国株式）,2025-03-31,東京都,2205616963584,1.8879985,23.079153,13.351225,16.165980551208563,0.3437,0.02576186,238.48,137.96,104.69000000001395,2620101000000.0,143442000000.0,0.10083,146052000000.0,0.066479996,0.14413,0.380653468639513,1832578000000.0,1453358000000.0,1809460000000.0,373633000000.0,394728000000.0,311557000000.0,194971900000.0,0.08839789647028373
清水建設,1803,建設業,プライム（内国株式）,2025-03-31,東京都,1874738937856,2.0912924,33.7433,18.796637,39.61017396358442,0.2881,0.015816895,147.42,82.12,23.57279713220297,1944360000000.0,71031000000.0,0.0476,66015000000.0,0.05065,0.11491,0.3407900320591686,1599963000000.0,1208382000000.0,1517057000000.0,591350000000.0,294162000000.0,299507000000.0,126748900000.0,0.06760882672280404
佐藤渡辺,1807,建設業,スタンダード（内国株式）,2025-03-31,東京都,11034132480,0.51421994,,9.451725,9.176294012239744,0.42810002,0.0453772,186.95,,195.52036381537917,40422787000.0,1177076000.0,0.01289,891639000.0,0.029460002,0.05554,0.6023508013516948,14005560000.0,10739421000.0,21049823000.0,2800000000.0,5030509000.0,3895195000.0,9770899500.0,0.8855158770034997
長谷工コーポレーション,1808,建設業,プライム（内国株式）,2025-03-31,東京都,794441023488,1.5166471,14.05052,20.66127,8.547029775279617,0.62259996,0.030115442,144.57,212.59,205.45253231849946,1177353000000.0,84700000000.0,0.06745,34450000000.0,0.032360002,0.07434,0.3897098087244168,833170000000.0,442824000000.0,1053200000000.0,420000000000.0,235976000000.0,102774000000.0,291971800000.0,0.36751853362014886
松井建設,1810,建設業,スタンダード（内国株式）,2025-03-31,東京都,43253616640,0.80349267,,10.449626,21.03472540744105,0.40919998,0.022192333,144.12,,39.82117309265842,99252000000.0,3383000000.0,0.06026,2726000000.0,0.04165,0.08231,0.6257618653182835,30271000000.0,25033000000.0,44767000000.0,3000000000.0,13462000000.0,14657000000.0,24755900000.0,0.5723428911400275
錢高組,1811,建設業,スタンダード（内国株式）,2025-03-31,東京都,59870867456,0.575697,,14.598541,10.888333449888108,0.20969999,0.014492754,572.66,,382.20918866080154,120659000000.0,3712000000.0,0.028210001,3504000000.0,0.03115,0.04182,0.468487770904571,109896000000.0,74562000000.0,112486000000.0,36901000000.0,12538000000.0,68058000000.0,50230600000.0,0.8389823320484745
鹿島建設,1812,建設業,プライム（内国株式）,2025-03-31,東京都,2711812046848,2.0910196,21.837011,16.286554,12.36030513344031,0.3216,0.01993413,357.35,266.52,238.76170115610535,2911816000000.0,151883000000.0,0.098290004,125817000000.0,0.056700002,0.13265,0.36418975091704026,2176604000000.0,1696974000000.0,2137129000000.0,792013000000.0,354486000000.0,397478000000.0,238759600000.0,0.08804430243516162
不動テトラ,1813,建設業,プライム（内国株式）,2025-03-31,東京都,39467347968,1.1597015,12.416746,17.95295,15.086832917399049,0.4131,0.02347418,145.38,210.2,131.98002890553147,69556000000.0,3176000000.0,0.05924,2202000000.0,0.04338,0.09588,0.5334694768348195,29472000000.0,27306000000.0,43666000000.0,11979000000.0,10393000000.0,3133000000.0,16387100000.0,0.41520651484580645
大末建設,1814,建設業,プライム（内国株式）,2025-03-31,,39115350016,1.6323228,,13.227699,12.393125948833957,0.4972,0.037935656,284.63,,118.7800033720056,89027000000.0,3695000000.0,0.06452,2060000000.0,0.0313,0.12668,0.41358035794585846,32602000000.0,28053000000.0,48264000000.0,3203000000.0,4458000000.0,898000000.0,16290600000.0,0.41647588461656065
鉄建建設,1815,建設業,プライム（内国株式）,2025-03-31,東京都,58855399424,0.77694046,18.19552,17.391125,9.112198562206572,0.50259995,0.029683698,242.94,232.2,282.0444915254237,185113000000.0,3460000000.0,0.028210001,3429000000.0,0.022920001,0.0577,0.31011719131771376,154988000000.0,127524000000.0,145960000000.0,55927000000.0,16529000000.0,23020000000.0,7086000000.0,0.12039677020882603
西松建設,1820,建設業,プライム（内国株式）,2025-03-31,東京都,223998853120,1.2682029,12.951168,12.453352,13.008703208012582,0.4827,0.03871876,455.54,438.03,313.8600024773354,366810000000.0,21099000000.0,0.06664,17543000000.0,0.048600003,0.09947,0.29075781273752377,410857000000.0,260859000000.0,299147000000.0,214212000000.0,43418000000.0,86058000000.0,-51469400000.0,-0.22977528359230914
三井住友建設,1821,建設業,プライム（内国株式）,2025-03-31,東京都,93499203584,1.3339123,8.477951,5.152144,16.08104810168116,0.12100001,0.023450587,115.68,70.3,25.580000000510832,462982000000.0,7587000000.0,0.029070001,855000000.0,0.04178,0.26399,0.1781820399823114,316160000000.0,254940000000.0,337524000000.0,78994000000.0,72668000000.0,3749000000.0,23988300000.0,0.25656154363335115
大豊建設,1822,建設業,スタンダード（内国株式）,2025-03-31,東京都,68310282240,0.9794381,3.8914027,21.049768,-28.139851335650707,0.7996,0.19090909,36.77,198.9,-23.538232587728764,143394000000.0,5534000000.0,0.025090002,3691000000.0,0.023039998,0.050640002,0.4774095380467426,76779000000.0,63861000000.0,120066000000.0,6868000000.0,21669000000.0,11491000000.0,51330700000.0,0.7514344593051999
佐田建設,1826,建設業,スタンダード（内国株式）,2025-03-31,群馬県,14021779456,1.3129014,,23.755102,149.7152497216797,1.223,0.051282052,49.0,,4.897479430586391,32264000000.0,961000000.0,0.03878,611000000.0,0.02397,0.0579,0.564625850340136,11968000000.0,10578000000.0,22255000000.0,1328000000.0,14103000000.0,415000000.0,10577500000.0,0.7543621715911262
ナカノフドー建設,1827,建設業,スタンダード（内国株式）,2025-03-31,東京都,37010223104,0.83088964,,11.723086,7.553686434456457,0.2393,0.021012416,91.87,,76.96478586068716,110538000000.0,3281000000.0,0.050819997,2904000000.0,0.02803,0.07057,0.5309846409401381,36211000000.0,33855000000.0,54430000000.0,674000000.0,20961000000.0,4402000000.0,21300400000.0,0.5755274681848078
田辺工業,1828,建設業,スタンダード（内国株式）,2025-03-31,新潟県,25880158208,1.0150675,,9.191245,7.401878465036401,0.3245,0.035568275,268.19,,179.70501263551833,50832166000.0,3837548000.0,0.09564,2593138000.0,0.055549998,0.11486,0.5433403202649364,20988127000.0,19091627000.0,35010887000.0,1426641000.0,10849611000.0,330657000.0,14254219900.0,0.5507779274546234
奥村組,1833,建設業,プライム（内国株式）,2025-03-31,大阪府,221681451008,1.1954929,,17.15285,13.772884197963359,0.59139997,0.017024793,360.29,,339.2992938620315,298222000000.0,9732000000.0,0.06765,2722000000.0,0.0419,0.040960003,0.45056752044649345,221012000000.0,174967000000.0,241135000000.0,69002000000.0,28714000000.0,60397000000.0,62400900000.0,0.28148904527762264
東鉄工業,1835,建設業,プライム（内国株式）,2025-03-31,東京都,154643824640,1.2535673,17.434862,12.062758,11.675590649471989,0.4166,0.01934016,372.22,257.53,241.00000310817256,160047602000.0,15526012000.0,0.10786,11564447000.0,0.07824,0.10882,0.6604357027089609,60338070000.0,55483592000.0,137954924000.0,10536988000.0,15714414000.0,15046446000.0,88149366200.0,0.5700154300063747
土屋ホールディングス,1840,建設業,スタンダード（内国株式）,2024-10-31,北海道,5773598720,0.47941512,,6.7065864,21.53451400035039,0.2994,0.044444446,33.4,,9.34114194084082,33278708000.0,152990000.0,-0.08555,758488000.0,0.01849,0.04832,0.47541617924489443,14263795000.0,9568846000.0,16098216000.0,4000463000.0,6830019000.0,790826000.0,2387999200.0,0.4136067149467568
サンユー建設,1841,建設業,スタンダード（内国株式）,2025-03-31,東京都,5201787904,0.43760315,,10.384114,9.210497103446025,0.19540001,0.018785222,153.6,,106.58630240734179,10411411000.0,689170000.0,0.07801,480272000.0,0.04834,0.042919997,0.8028366078682694,2844383000.0,1869668000.0,6313326000.0,112797000.0,3780004000.0,485386000.0,3808713200.0,0.7321930978906748
大盛工業,1844,建設業,スタンダード（内国株式）,2024-07-31,東京都,10838096896,1.8218364,,21.3211,10.14312130215021,0.4225,0.020104894,27.25,,18.330000263161793,5981731000.0,621863000.0,0.04321,414329000.0,0.0804,0.08957,0.47084659713460825,6313479000.0,2934808000.0,10870169000.0,4000237000.0,3447516000.0,58260000.0,4597472000.0,0.42419550628826563
イチケン,1847,建設業,スタンダード（内国株式）,2025-03-31,東京都,33209010176,0.9187974,,6.3613234,5.773217671545685,0.2016,0.017777778,719.19,,403.3499739222847,98999000000.0,6866000000.0,0.07727,4697000000.0,0.05407,,0.5042010591402621,33517000000.0,27085000000.0,62005000000.0,6731000000.0,19956000000.0,2504000000.0,30240800000.0,0.9106203358585764
富士ピー・エス,1848,建設業,スタンダード（内国株式）,2025-03-31,福岡県,9768657920,0.7738877,,3.4733999,18.787001490360858,0.0817,0.02389706,159.21,,23.357910733382113,33771000000.0,886000000.0,0.068390004,2187000000.0,0.081520006,0.24766001,0.325987922449412,25448000000.0,23929000000.0,27865000000.0,10776000000.0,3083000000.0,159000000.0,2528300000.0,0.2588175387760942
学びエイド,184A,情報・通信業,グロース（内国株式）,2025-04-30,,1766224640,4.7519445,,,,,0.0,,,,289910000.0,-297060000.0,,-318036000.0,,,0.616450890418442,84255000.0,53380000.0,151375000.0,37845000.0,29956000.0,,67120000.0,0.038001961064250585
南海辰村建設,1850,建設業,スタンダード（内国株式）,2025-03-31,大阪府,17613664256,0.982522,,8.525185,8.337147412110816,0.0698,0.008196721,71.67,,38.157762645257066,52944000000.0,2381000000.0,0.04927,1714000000.0,0.03943,0.12153,0.40331723703548183,25578000000.0,24057000000.0,39496000000.0,5981000000.0,3932000000.0,866000000.0,14524200000.0,0.8245984361290644
淺沼組,1852,建設業,プライム（内国株式）,2025-03-31,大阪府,82966568960,1.7630603,,14.005449,12.722854365673514,0.57240003,0.025896415,73.4,,57.9548275006205,167005000000.0,6868000000.0,0.0775,4692000000.0,0.03247,0.12896,0.3966244359597362,69103000000.0,52885000000.0,97664000000.0,21557000000.0,16833000000.0,6277000000.0,32954900000.0,0.3972069764134549
森組,1853,建設業,スタンダード（内国株式）,2025-03-31,大阪府,10643651584,3.626706,,12.04596,15.77944743053023,0.5187,0.0,26.98,,20.916223410670842,29453000000.0,1091000000.0,0.04404,921000000.0,0.01467,0.17448,0.5889095292676179,10401000000.0,10373000000.0,21906000000.0,831000000.0,4472000000.0,623000000.0,11941100000.0,1.1218988056646255
戸田建設,1860,建設業,プライム（内国株式）,2025-03-31,東京都,365844594688,1.0154831,13.311404,11.848526,18.372224083084387,0.3466,0.013014274,102.46,91.2,52.187026661058994,586660000000.0,26639000000.0,0.056339998,25185000000.0,0.04853,0.088360004,0.3705450143572997,570377000000.0,330319000000.0,458380000000.0,255468000000.0,82964000000.0,185721000000.0,18007700000.0,0.049222266124656966
熊谷組,1861,建設業,プライム（内国株式）,2025-03-31,東京都,267575951360,1.4550638,4.167666,19.493954,20.40768131456357,0.65449995,0.034068786,80.23,375.27,48.090000053433336,498581000000.0,14299000000.0,0.0458,9354000000.0,0.02747,0.07501,0.39311573444489367,280704000000.0,229398000000.0,357413000000.0,42135000000.0,50156000000.0,50372000000.0,111969400000.0,0.4184583832399608
北野建設,1866,建設業,スタンダード（内国株式）,2025-03-31,東京都,32620484608,0.698256,,12.315181,5.218787516880867,0.2525,0.020661157,108.89,,168.39288796823752,80852000000.0,3641000000.0,0.09285,3381000000.0,0.03272,0.056900002,0.6172723544431068,28362000000.0,23968000000.0,41519000000.0,,18750000000.0,10954000000.0,20824800000.0,0.638396401839255
植木組,1867,建設業,スタンダード（内国株式）,2025-03-31,新潟県,17715720192,0.59520626,,7.5699673,5.43567849994402,0.22469999,0.03375844,355.88,,289.17883548983366,50703574000.0,2853890000.0,0.058720004,1934620000.0,0.04084,0.08164,0.5697515981899156,21835514000.0,17083053000.0,32700693000.0,3850298000.0,6585135000.0,2512488000.0,12623920600.0,0.7125829750743446
アストロスケールホールディングス,186A,サービス業,グロース（内国株式）,2025-04-30,東京都,94731485184,6.494834,-198.017,,,0.0,0.0,-188.94,-3.53,,2456956000.0,-18755003000.0,-1.90034,-21551603000.0,0.0,-0.88197,0.18219485446237477,27498936000.0,20507468000.0,26224713000.0,13930005000.0,21300864000.0,630770000.0,-832684000.0,-0.008789939251798398
矢作建設工業,1870,建設業,プライム（内国株式）,2025-03-31,愛知県,100234149888,1.3715491,,9.624763,9.538150164165868,0.3099,0.03736264,241.98,,150.2196805913941,140698000000.0,8654000000.0,0.08952,5643000000.0,0.06068,0.14979,0.47723616696713356,75385000000.0,55473000000.0,108192000000.0,38600000000.0,15669000000.0,5662000000.0,36770400000.0,0.3668450327666433
ピーエス・コンストラクション,1871,建設業,プライム（内国株式）,2025-03-31,東京都,112508100608,1.8679123,27.431507,12.706219,8.923825467857297,0.4757,0.038910504,189.12,87.6,108.53878532772099,135627000000.0,12315000000.0,0.11189,8217000000.0,0.06151,0.15438,0.44237060136353906,72958000000.0,61742000000.0,104616000000.0,18560000000.0,22100000000.0,3749000000.0,34282300000.0,0.3047096148165026
日本ハウスホールディングス,1873,建設業,プライム（内国株式）,2025-04-30,東京都,12759422976,0.6022004,,11.236351,-275.71037527127595,0.38759997,0.034591194,28.39,,-1.1999999897872342,34980000000.0,2336000000.0,-0.03828,1135000000.0,0.0109,,0.511203887159166,20365000000.0,12633000000.0,12399000000.0,10337000000.0,6106000000.0,560000000.0,-7574000000.0,-0.5936005111082541
大東建託,1878,不動産業,プライム（内国株式）,2025-03-31,東京都,989433626624,2.0405178,2.1403944,10.471314,14.556725817302784,0.5007,0.14390573,285.16,1395.07,221.93199982130142,1842356000000.0,118875000000.0,0.07333,93858000000.0,0.04889,0.19804001,0.3814609787672874,755353000000.0,410833000000.0,756441000000.0,124475000000.0,235890000000.0,44160000000.0,32000000000.0,0.032341734846010536
新日本建設,1879,建設業,プライム（内国株式）,2025-03-31,千葉県,115049119744,0.91413283,,8.431566,7.4698657251777485,0.2442,0.013824885,233.29,,210.06000011865672,131661000000.0,18311000000.0,0.11654,12816000000.0,0.10258,0.11326,0.707199602206367,50641000000.0,48506000000.0,158693000000.0,,82653000000.0,1345000000.0,108993500000.0,0.9473649189365848
東亜道路工業,1882,建設業,プライム（内国株式）,2025-03-31,東京都,75694497792,1.4610012,,18.975904,14.252365455292335,1.5630001,0.082669936,86.32,,79.92738471718023,126575000000.0,5015000000.0,0.02806,4127000000.0,0.03217,0.07788,0.6107736907661953,33792000000.0,30401000000.0,60001000000.0,5900000000.0,12308000000.0,4087000000.0,29069900000.0,0.38404244493279854
東亜建設工業,1885,建設業,プライム（内国株式）,2025-03-31,東京都,226431991808,2.1407986,21.899776,14.534624,8.793996763017429,0.5659,0.026536312,201.45,133.7,127.72999950059355,330472000000.0,20622000000.0,0.07338,14908000000.0,0.046040002,0.15554,0.3564038148250981,191069000000.0,170508000000.0,242624000000.0,50470000000.0,41605000000.0,13822000000.0,61230400000.0,0.2704140855322224
日本国土開発,1887,建設業,プライム（内国株式）,2025-05-31,東京都,44047917056,0.6574575,,33.333332,-5.295588841687892,1.2041,0.036764707,16.59,,-86.21000015141598,123348000000.0,2318000000.0,0.05644,1332000000.0,0.00716,0.0137,0.47081742493725515,74221000000.0,55627000000.0,112609000000.0,30022000000.0,18136000000.0,9567000000.0,45084900000.0,1.0235421562086953
若築建設,1888,建設業,プライム（内国株式）,2025-03-31,東京都,58911764480,1.2267916,,13.404748,8.781062949780676,0.3648,0.027753305,345.4,,399.2159937279498,86462000000.0,5220000000.0,0.05508,3690000000.0,0.045450002,0.093660004,0.5258570029382957,42034000000.0,37830000000.0,70253000000.0,12699000000.0,13217000000.0,6705000000.0,32912500000.0,0.5586744904096955
東洋建設,1890,建設業,プライム（内国株式）,2025-03-31,東京都,163587620864,2.21931,17.966976,18.247562,16.26718360100532,0.60830003,0.033314187,95.41,96.9,74.50118399116519,172605000000.0,11651000000.0,0.05377,8311000000.0,0.04625,0.123100005,0.42703328733950646,100387000000.0,81676000000.0,123842000000.0,24005000000.0,21254000000.0,2415000000.0,25145500000.0,0.15371273123963905
五洋建設,1893,建設業,プライム（内国株式）,2025-03-31,東京都,476515368960,2.6071856,24.866655,24.38852,11.500372349851808,0.41009998,0.017386092,70.73,69.37,62.72215925638714,727491000000.0,21697000000.0,0.07597,12460000000.0,0.025320001,0.11026,0.2606453000710469,488008000000.0,378846000000.0,484031000000.0,166475000000.0,57270000000.0,22475000000.0,11755500000.0,0.024669718472368492
金下建設,1897,建設業,スタンダード（内国株式）,2024-12-31,京都府,6269229056,0.32760492,,40.0,21.929158745305266,0.6728,0.016949153,74.45,,125.24445862850824,9743000000.0,273000000.0,-0.01648,321000000.0,0.02349,0.01047,0.8451290972349387,3026000000.0,1438000000.0,12078000000.0,8000000.0,8831000000.0,7542000000.0,14331400000.0,2.285990808755672
世紀東急工業,1898,建設業,プライム（内国株式）,2025-03-31,,59014746112,1.4187945,,13.210333,22.97072634286254,0.65639997,0.04935225,121.95,,75.14672810048818,99358000000.0,5842000000.0,0.071830004,3887000000.0,0.045619998,0.10939,0.5050147778477639,40864000000.0,36656000000.0,51233000000.0,6706000000.0,7751000000.0,415000000.0,10659500000.0,0.1806243473414267
福田組,1899,建設業,プライム（内国株式）,2024-12-31,新潟県,65907527680,0.7502386,,12.195123,11.71218724922821,0.30629998,0.025252525,652.72,,409.2731183710688,166588000000.0,7665000000.0,0.06711,5309000000.0,0.03425,0.068,0.5927920231910037,57409000000.0,50004000000.0,105433000000.0,1203000000.0,32849000000.0,6609000000.0,52650300000.0,0.7988510850480137
Ｄ＆Ｍカンパニー,189A,サービス業,グロース（内国株式）,2025-05-31,,2426759936,1.1387898,,10.9172535,,0.204,0.019212296,98.01,,,1502672000.0,299553000.0,0.12184,220739000.0,0.14439,,0.22846311161229005,7160809000.0,6335712000.0,9092322000.0,6915260000.0,583357000.0,,1931513000.0,0.795922567925565
大成温調,1904,建設業,スタンダード（内国株式）,2025-03-31,東京都,26078887936,0.93328404,,11.77853,13.373549498722328,0.4182,0.015474794,365.92,,324.0800131685547,62502202000.0,3115405000.0,0.07197,2487400000.0,0.03566,0.08059,0.5953103282025176,18782054000.0,18243713000.0,30613983000.0,2700000000.0,12842783000.0,3878822000.0,14547104400.0,0.557811530756217
テノックス,1905,建設業,スタンダード（内国株式）,2025-03-31,東京都,8546099712,0.6449492,,11.3632345,18.835878875248696,0.4857,0.043035995,113.26,,58.059997689910595,23717112000.0,1115413000.0,0.01461,749323000.0,0.03675,0.05776,0.6165094200842213,7781731000.0,6966916000.0,16957282000.0,173464000.0,10230351000.0,572862000.0,9576554400.0,1.1205760197898331
日本ドライケミカル,1909,機械,スタンダード（内国株式）,2025-03-31,東京都,61271928832,2.17848,18.558376,13.262523,5.427268655576575,0.1088,0.004640371,689.16,492.5,481.5387988951243,55727078000.0,6128252000.0,0.14078,3958283000.0,0.07877,0.15895,0.5032262241507728,20421723000.0,17105986000.0,34771774000.0,5357969000.0,9535527000.0,2045477000.0,15781884900.0,0.25757121084390805
Ｃｈｏｒｄｉａ　Ｔｈｅｒａｐｅｕｔｉｃｓ,190A,医薬品,グロース（内国株式）,2024-08-31,神奈川県,7368909824,2.972399,,,,0.0,0.0,-31.2,,,0.0,-1801395000.0,0.0,-1827127000.0,0.0,-0.54131,0.8983082094046891,471073000.0,471072000.0,4605418000.0,,4329624000.0,,4134345000.0,0.5610524621341872
住友林業,1911,建設業,プライム（内国株式）,2024-12-31,東京都,1015165353984,1.1118002,2.6505716,9.191074,8.041554137994169,0.286,0.061393116,180.61,626.28,166.31000005606066,2053650000000.0,194588000000.0,0.07044,116528000000.0,0.04557,0.13878,0.407060546771346,1241001000000.0,662152000000.0,1546090000000.0,613411000000.0,181043000000.0,268895000000.0,493315500000.0,0.4859459575368597
日本基礎技術,1914,建設業,スタンダード（内国株式）,2025-03-31,大阪府,12090829824,0.5292988,25.820312,10.846735,10.362543567231702,0.39400002,0.036199097,60.94,25.6,46.5699818239791,30279627000.0,1891300000.0,0.064109996,1439806000.0,0.0396,0.050279997,0.7222626481430814,8826400000.0,4521645000.0,12560958000.0,3998128000.0,4097616000.0,5754158000.0,7762468600.0,0.6420128901815896
巴コーポレーション,1921,建設業,スタンダード（内国株式）,2025-03-31,,77963075584,1.1486405,,32.785107,10.384590347709237,0.24790001,0.011283498,64.45,,69.74577588368012,34670847000.0,3932460000.0,0.075289994,14849605000.0,0.0752,0.029560002,0.5354401782537961,43526746000.0,15472579000.0,30737134000.0,17859472000.0,11132287000.0,35767825000.0,12247865500.0,0.1570982854159434
大和ハウス工業,1925,建設業,プライム（内国株式）,2025-03-31,大阪府,3296026427392,1.241741,11.316947,10.834283,9.38865000198431,0.3151,0.014956066,491.68,470.71,457.1599999433202,5434819000000.0,546286000000.0,0.07715,325058000000.0,0.05661,0.114779994,0.3708492290678126,4332580000000.0,1833834000000.0,3882464000000.0,2432828000000.0,333198000000.0,220868000000.0,-295508400000.0,-0.0896559558940863
ライト工業,1926,建設業,プライム（内国株式）,2025-03-31,東京都,145178492928,1.6937593,16.040243,13.568303,11.19263297508933,0.44169998,0.03313253,249.11,210.72,170.30204601015467,121456000000.0,12812000000.0,0.12283,9919000000.0,0.08488,0.12818,0.7187032051649224,33536000000.0,31721000000.0,78411000000.0,1561000000.0,30947000000.0,8313000000.0,50694100000.0,0.34918464145471806
積水ハウス,1928,建設業,プライム（内国株式）,2025-01-31,大阪府,2266887356416,1.1967494,9.264558,11.547352,10.094405889609725,0.4722,0.041091952,302.84,377.46,309.1899998474719,4058583000000.0,331367000000.0,0.08489,217705000000.0,0.04658,0.10170999,0.4080571895805399,2790252000000.0,1555648000000.0,3712106000000.0,1899709000000.0,390559000000.0,205632000000.0,1065796400000.0,0.470158518015226
日特建設,1929,建設業,プライム（内国株式）,2025-03-31,東京都,52128718848,1.4987696,13.013556,15.528182,14.836324028212456,0.59720004,0.039056145,80.37,95.9,73.48718328156514,67215000000.0,3679000000.0,0.06339,2408000000.0,0.04483,0.10054,0.6035542443718611,22380000000.0,17547000000.0,40342000000.0,707000000.0,18151000000.0,4288000000.0,20963600000.0,0.4021506851362855
インテグループ,192A,サービス業,グロース（内国株式）,2025-05-31,東京都,4350620160,2.2879794,,14.388846,,0.0,0.022189349,141.29,,,1892197000.0,497306000.0,0.0,311117000.0,0.0,,0.8946456658089607,223924000.0,223924000.0,1958557000.0,,1912696000.0,,1734633000.0,0.39870936468974577
北陸電気工事,1930,建設業,プライム（内国株式）,2025-03-31,富山県,38283542528,0.8778817,,12.345898,15.1658055777153,0.4082,0.033093527,112.75,,78.91999998570937,55607000000.0,4352000000.0,0.05985,3187000000.0,0.05631,0.07348,0.7230138204819873,16815000000.0,13308000000.0,39658000000.0,330000000.0,22761000000.0,1366000000.0,23799200000.0,0.6216561589772845
ユアテック,1934,建設業,プライム（内国株式）,2025-03-31,宮城県,188409643008,1.2758228,25.492565,15.552532,13.362509522622181,0.4593,0.029422449,176.37,107.6,104.83263072670928,257204000000.0,16185000000.0,0.05987,11982000000.0,0.04644,0.08462,0.6321750002140832,85844000000.0,64954000000.0,154335000000.0,8236000000.0,33770000000.0,11102000000.0,76262400000.0,0.4047690913397774
日本リーテック,1938,建設業,プライム（内国株式）,2025-03-31,東京都,52819017728,0.8307808,,10.54869,11.444234554166776,0.3806,0.036150236,202.3,,111.3714107171056,68669727000.0,5199695000.0,0.09269,4733323000.0,0.07123,0.08144,0.6734863030084804,30896481000.0,24402291000.0,55695375000.0,1761861000.0,8314766000.0,16185080000.0,36128450000.0,0.6840045792984877
四電工,1939,建設業,プライム（内国株式）,2025-03-31,,71428456448,1.0715823,,14.025468,12.76218774659752,0.6227,0.04499664,107.59,,96.69162753310488,105877000000.0,8073000000.0,0.093100004,5173000000.0,0.05094,0.0789,0.6505269497139415,34741000000.0,26191000000.0,55270000000.0,8462000000.0,9457000000.0,12133000000.0,29022100000.0,0.4063100540486707
中電工,1941,建設業,プライム（内国株式）,2025-03-31,広島県,243467599872,1.0427058,,11.494105,19.58597968858828,0.3198,0.028058361,391.07,,145.2899991678363,221885000000.0,21699000000.0,0.12316,19895000000.0,0.09661999,0.09474,0.7709084722694795,64302000000.0,50696000000.0,129723000000.0,480000000.0,27744000000.0,102681000000.0,137297700000.0,0.5639259600545721
関電工,1942,建設業,プライム（内国株式）,2025-03-31,,1011405094912,2.5826712,29.181412,19.646614,12.335292656871399,0.4007,0.020587036,251.85,169.56,133.8040574263821,671888000000.0,58327000000.0,0.111260004,42380000000.0,0.070989996,0.14102,0.6098256025993833,222274000000.0,198888000000.0,385262000000.0,27108000000.0,60991000000.0,67429000000.0,210188300000.0,0.20781811467766828
きんでん,1944,建設業,プライム（内国株式）,2025-03-31,,1285671354368,2.085405,32.622257,21.50509,15.305581065427273,0.3484,0.0069810734,301.51,198.76,165.34109948159974,705058000000.0,60980000000.0,0.13693,47250000000.0,0.08242,0.10098,0.7290350532376447,221956000000.0,202457000000.0,503656000000.0,14936000000.0,104161000000.0,128500000000.0,371650000000.0,0.28907076348659316
東京エネシス,1945,建設業,プライム（内国株式）,2025-03-31,東京都,62969839616,0.8960871,29.377914,16.779179,13.28510235636242,0.4799,0.013933548,112.58,64.3,86.69148112688382,67722000000.0,2667000000.0,0.03375,2900000000.0,0.052600004,0.05456,0.6330992496368464,39655000000.0,28347000000.0,58018000000.0,19602000000.0,7648000000.0,15427000000.0,29161900000.0,0.46310900865928606
トーエネック,1946,建設業,プライム（内国株式）,2025-03-31,愛知県,184273453056,1.3140517,,12.195122,10.696878470062535,0.35639998,0.030005174,162.77,,99.95935307205202,270966000000.0,16042000000.0,0.080860004,10765000000.0,0.05623,0.11146,0.43994255556879325,173881000000.0,94343000000.0,146274000000.0,91166000000.0,43033000000.0,25958000000.0,-9436400000.0,-0.0512086784260363
弘電社,1948,建設業,スタンダード（内国株式）,2025-03-31,東京都,26637418496,1.2032987,,9.23347,11.965382532944592,0.2906,0.032128513,330.32,,101.49806171443436,39263000000.0,3081000000.0,0.08093,2737000000.0,0.069460005,0.13814001,0.6534232209737828,11464000000.0,10781000000.0,25825000000.0,514000000.0,892000000.0,1440000000.0,15369000000.0,0.5769703247447902
住友電設,1949,建設業,プライム（内国株式）,2025-03-31,大阪府,342614867968,2.871325,,26.8098,11.34540956337796,0.4016,0.008838643,363.3,,284.0900025367599,203639000000.0,17886000000.0,0.11278,12800000000.0,0.06814,0.12553,0.5755376384903101,78400000000.0,70157000000.0,150185000000.0,2533000000.0,64919000000.0,23712000000.0,88383400000.0,0.25796720534689394
ＷＯＬＶＥＳ　ＨＡＮＤ,194A,サービス業,グロース（内国株式）,2024-06-30,大阪府,14888208384,5.1620393,,25.50903,,0.0,0.0,78.09,,,4990639000.0,827469000.0,0.17582001,558406000.0,0.123900004,,0.36539722208007924,3670842000.0,1130512000.0,1297246000.0,3002058000.0,910879000.0,,-2373596000.0,-0.1594279136065053
日本電設工業,1950,建設業,プライム（内国株式）,2025-03-31,東京都,188834398208,0.9574374,18.163952,12.092102,12.179214959837045,0.33650002,0.02799378,267.53,178.1,164.3877120037947,216922000000.0,17934000000.0,0.07432,13192000000.0,0.07163,0.08055,0.6603371256596083,86739000000.0,73157000000.0,177804000000.0,4100000000.0,14979000000.0,41318000000.0,119987600000.0,0.6354117742247064
エクシオグループ,1951,建設業,プライム（内国株式）,2025-03-31,東京都,504179458048,1.5637431,20.753443,16.556604,16.049869924110496,0.4377,0.026661199,148.4,118.39,94.7299998064595,670822000000.0,42465000000.0,0.05889,26855000000.0,0.042859998,0.09472,0.49982957331071354,315724000000.0,206606000000.0,387728000000.0,129189000000.0,40010000000.0,32531000000.0,94775700000.0,0.18798009019831377
新日本空調,1952,建設業,プライム（内国株式）,2025-03-31,東京都,144440459264,1.955669,,12.330361,10.20172094770176,0.3491,0.015948962,257.9,,154.83000160467645,137684000000.0,11347000000.0,0.09951,9656000000.0,0.0796,0.16771,0.5864123351894792,48872000000.0,46899000000.0,89836000000.0,3856000000.0,20271000000.0,22443000000.0,56674100000.0,0.39236997922039507
クラフティア,1959,建設業,プライム（内国株式）,2025-03-31,福岡県,560292167680,1.7372326,15.944042,18.28148,15.238982156062614,0.3807,0.009438711,433.28,496.8,395.87130685430884,473953000000.0,41388000000.0,0.10925,28883000000.0,0.06629,0.09859,0.6348429387969013,176321000000.0,147529000000.0,299268000000.0,22474000000.0,71693000000.0,80153000000.0,179054100000.0,0.31957273424222354
ＭＵＳＣＡＴ　ＧＲＯＵＰ,195A,サービス業,グロース（内国株式）,2025-03-31,東京都,2567834368,2.5417812,,,,0.0,0.0,-33.74,,,2986723000.0,88007000.0,-0.05066,112934000.0,-0.02915,,0.32769504753276935,2389634000.0,970190000.0,1855867000.0,1987257000.0,543999000.0,,-533767000.0,-0.20786660021835177
サンテック,1960,建設業,スタンダード（内国株式）,2025-03-31,東京都,22893789184,0.74049205,,9.000906,-15.93798546175827,0.24149999,0.027605245,165.65,,-48.56386999244142,67859000000.0,2123000000.0,0.06365,1748000000.0,0.03721,0.086260006,0.5160317756059554,28451000000.0,26990000000.0,39842000000.0,3051000000.0,9111000000.0,2866000000.0,13397200000.0,0.5851892796044016
三機工業,1961,建設業,プライム（内国株式）,2025-03-31,東京都,285317398528,2.663376,24.24771,15.873016,11.839958510962163,0.5498,0.020109689,350.28,229.3,165.02000021754395,253135000000.0,21895000000.0,0.08291,17203000000.0,0.07377,0.17578,0.5296780007866998,94459000000.0,82283000000.0,138834000000.0,7399000000.0,31856000000.0,31816000000.0,66646200000.0,0.23358617576018445
日揮ホールディングス,1963,建設業,プライム（内国株式）,2025-03-31,神奈川県,460605521920,1.120575,15.636289,,-44.13728617785223,0.49310002,0.02122579,-6.28,121.8,-32.47520810262664,858082000000.0,-11474000000.0,0.04109,-398000000.0,-0.0018099999,-0.00392,0.4981732393917174,391916000000.0,346928000000.0,561267000000.0,34889000000.0,333701000000.0,80386000000.0,225621200000.0,0.4898360728710215
中外炉工業,1964,建設業,プライム（内国株式）,2025-03-31,大阪府,33436940288,1.1892495,14.132763,9.569378,9.99431967042238,0.3108,0.033076074,482.79,326.9,293.79513238833914,36247000000.0,2736000000.0,0.06352,2998000000.0,0.097399995,0.12956999,0.5812335850295469,20129000000.0,15233000000.0,35982000000.0,5507000000.0,4392000000.0,6533000000.0,20426100000.0,0.6108842443137841
テクノ菱和,1965,建設業,スタンダード（内国株式）,2025-03-31,東京都,121810722816,2.184283,,12.180243,9.254031660569437,0.2069,0.017035775,483.57,,209.42999207596108,84190000000.0,9634000000.0,0.1736,7256000000.0,0.1091,0.19353001,0.6604418497311727,27217000000.0,23863000000.0,56216000000.0,65000000.0,12571000000.0,10231000000.0,36160700000.0,0.296859744068855
高田工業所,1966,建設業,スタンダード（内国株式）,2025-03-31,福岡県,12483056640,0.62643015,6.5515914,8.203256,7.125173811130708,0.3362,0.040959626,208.21,260.7,263.62014531273206,58067410000.0,2933802000.0,0.018480001,2309002000.0,0.02447,0.06987,0.44902484756911126,24592853000.0,18467630000.0,31101353000.0,9372261000.0,5186250000.0,410662000.0,6795963400.0,0.5444150095597099
ヤマト,1967,建設業,スタンダード（内国株式）,2025-03-31,群馬県,44079894528,1.1310079,,10.101063,17.936697212795824,0.2052,0.020768432,194.93,,58.646291671621675,53168544000.0,4796727000.0,0.08487,3932952000.0,0.08658,0.12529,0.6992975503526981,17611370000.0,14951177000.0,34739278000.0,1221524000.0,11494518000.0,12255933000.0,25707061100.0,0.5831924367167125
太平電業,1968,建設業,プライム（内国株式）,2025-03-31,東京都,144825204736,1.2339201,4.462376,15.823222,10.091883426623571,0.4023,0.025971951,145.04,514.3,146.96999944030603,125670000000.0,13037000000.0,0.09676,9753000000.0,0.06974,0.081420004,0.7329245015347313,40019000000.0,23491000000.0,108609000000.0,14108000000.0,42607000000.0,17635000000.0,80934500000.0,0.5588426417040767
高砂熱学工業,1969,建設業,プライム（内国株式）,2025-03-31,東京都,594389041152,3.33893,13.548906,15.128401,15.612093938995542,0.3132,0.011203866,300.23,335.23,147.83243592893834,381661000000.0,32012000000.0,0.14661,27631000000.0,0.09523,0.2186,0.5393836076537025,150668000000.0,130040000000.0,245138000000.0,37737000000.0,47647000000.0,43792000000.0,125124400000.0,0.2105092647022787
ＭＦＳ,196A,その他金融業,グロース（内国株式）,2024-06-30,東京都,2679567104,1.1873394,,16.666666,,0.0,0.0,17.52,,,1889942000.0,-110789000.0,-0.00854,-121571000.0,0.03061,,0.8512327397843067,360170000.0,260170000.0,2259557000.0,108330000.0,1976801000.0,,1899387000.0,0.7088409904587334
三晃金属工業,1972,建設業,スタンダード（内国株式）,2025-03-31,東京都,28046512128,1.8342999,,9.216828,6.669605349207008,0.71209997,0.018426647,154.5,,134.5029330768804,45360000000.0,4119000000.0,0.05955,2941000000.0,0.04912,0.12157,0.6542035772043737,14326000000.0,11046000000.0,32486000000.0,85000000.0,14603000000.0,10000000.0,18167000000.0,0.6477454279194712
朝日工業社,1975,建設業,プライム（内国株式）,2025-03-31,東京都,82602065920,1.8878316,,11.668547,10.676229364723994,0.27290002,0.023659306,274.67,,144.33470720895872,91946000000.0,7251000000.0,0.092700005,6229000000.0,0.0762,0.17071,0.5197437578066064,38834000000.0,36786000000.0,60288000000.0,3994000000.0,18532000000.0,9836000000.0,28339200000.0,0.34308100753129445
明星工業,1976,建設業,プライム（内国株式）,2025-03-31,大阪府,79828942848,1.1552331,,10.869847,9.820015655972188,0.3822,0.035456732,154.28,,126.04736618950514,66283000000.0,10614000000.0,0.11999,8454000000.0,0.11765,0.11148,0.7740650011853291,19378000000.0,14631000000.0,61236000000.0,800000000.0,33258000000.0,6297000000.0,46265900000.0,0.5795629799093491
大氣社,1979,建設業,プライム（内国株式）,2025-03-31,東京都,203159191552,1.3678191,8.449708,16.207659,4.779187592573769,0.4121,0.025585024,198.98,381.67,471.9298245614035,276212000000.0,17975000000.0,0.097679995,11026000000.0,0.043899998,0.09441,0.5515109071403028,111963000000.0,101030000000.0,210935000000.0,13316000000.0,47556000000.0,26324000000.0,117398800000.0,0.5778660522477564
タウンズ,197A,医薬品,スタンダード（内国株式）,2025-06-30,静岡県,54805454848,3.531642,8.474306,9.016811,7.327277319634919,0.3056,0.034351144,58.89,62.66,53.98999978718495,18627990000.0,8265029000.0,0.23118,6315407000.0,0.27281,,0.4769964881016705,19097627000.0,9529874000.0,15476605000.0,14424000000.0,9266630000.0,,-3621022000.0,-0.06607046707381065
ダイダン,1980,建設業,プライム（内国株式）,2025-03-31,,314828914688,2.7103744,24.779362,12.7877245,10.66125310531722,0.338,0.026805555,570.86,294.6,212.09999299768924,262732000000.0,23038000000.0,0.13557,17443000000.0,0.08896,0.22900999,0.4970437835854516,106105000000.0,100523000000.0,165326000000.0,23602000000.0,51761000000.0,17116000000.0,71202200000.0,0.2261615648313701
協和日成,1981,建設業,スタンダード（内国株式）,2025-03-31,東京都,16479550464,1.5434235,,12.1947565,12.964080789665141,0.3148,0.0056962026,133.5,,95.34891860360764,37416616000.0,1483259000.0,0.03773,1133684000.0,0.02252,0.0725,0.6654239458116251,9487797000.0,8940228000.0,17002068000.0,36672000.0,6777925000.0,4181835000.0,10441555500.0,0.6336068160845677
日比谷総合設備,1982,建設業,プライム（内国株式）,2025-03-31,東京都,103791861760,1.4292107,,17.18213,13.45724387999293,0.35790002,0.021052632,279.36,,210.19999873004167,89786000000.0,7460000000.0,0.09291001,5906000000.0,0.06653,0.08675,0.7073712655757394,28233000000.0,26536000000.0,72886000000.0,17000000.0,19781000000.0,22381000000.0,60319700000.0,0.5811602082972406
ＰｏｓｔＰｒｉｍｅ,198A,情報・通信業,グロース（内国株式）,2025-05-31,東京都,2021720064,2.1165814,,24.038462,,0.0,0.0,8.32,,,897378000.0,183175000.0,-0.5216,87339000.0,0.096990004,,0.7962020244588859,255334000.0,255334000.0,1217514000.0,,912870000.0,,962180000.0,0.4759214775245956
神田通信機,1992,建設業,スタンダード（内国株式）,2025-03-31,東京都,6126400000,0.98908603,,16.233767,9.57501590902346,0.4248,0.026445033,164.78,,232.46559980214823,7179706000.0,625592000.0,0.1047,431625000.0,0.05388,0.06257,0.6447162017307642,3370134000.0,2174854000.0,5313860000.0,348317000.0,2761894000.0,2018540000.0,3356704000.0,0.547908069992165
高橋カーテンウォール工業,1994,建設業,スタンダード（内国株式）,2024-12-31,東京都,4062780672,0.38375178,,62.469437,12.975992442998823,2.451,0.038986355,8.18,,35.96048062254022,9383723000.0,593804000.0,0.03466,372702000.0,0.00421,0.003,0.7763077564319859,3104154000.0,2463369000.0,8691787000.0,1329000000.0,1028871000.0,1351205000.0,6533476500.0,1.6081292660043451
暁飯島工業,1997,建設業,スタンダード（内国株式）,2024-08-31,茨城県,7259148800,3.9353375,,9.11584,8.260349111501402,0.165,0.004149378,393.82,,155.81869530150112,8825161000.0,751087000.0,0.04815,559327000.0,0.04271,0.1333,0.6605817515007797,3499450000.0,2962668000.0,6974846000.0,620713000.0,5042891000.0,529218000.0,3845848600.0,0.5297933278348007
ニップン,2001,食料品,プライム（内国株式）,2025-03-31,東京都,202321575936,0.7608363,10.385448,10.548542,7.51926184623287,0.2902,0.027918782,227.33,230.9,295.4600010896397,410878000000.0,21489000000.0,0.051220004,24757000000.0,0.04829,0.07867,0.6068091757550861,152745000000.0,104407000000.0,159014000000.0,57028000000.0,44945000000.0,85530000000.0,66140000000.0,0.3269053223513934
日清製粉グループ本社,2002,食料品,プライム（内国株式）,2025-03-31,東京都,542518706176,1.0908036,14.6998825,22.174223,18.617270227652156,0.7101,0.03208556,84.49,127.45,106.73872654374199,851486000000.0,46380000000.0,0.05249,34684000000.0,0.02888,0.05047,0.6141522299873499,287143000000.0,147313000000.0,338728000000.0,84533000000.0,93968000000.0,158338000000.0,162421600000.0,0.2993843311778974
日東富士製粉,2003,食料品,スタンダード（内国株式）,2025-03-31,東京都,63643971584,1.2998646,,18.622124,10.749441888913365,0.7457,0.020057306,375.36,,465.43400238098377,72341000000.0,5102000000.0,0.03078,3550000000.0,0.046880003,0.06945,0.7840212245416707,13521000000.0,9893000000.0,32444000000.0,420000000.0,1195000000.0,8394000000.0,24798800000.0,0.3896488447027461
昭和産業,2004,食料品,プライム（内国株式）,2025-03-31,東京都,100906164224,0.7090737,10.08772,10.298508,8.895993641415465,0.3648,0.019386107,301.5,307.8,369.4399997512752,334425000000.0,11126000000.0,0.03071,11599000000.0,0.029409999,0.070539996,0.528281357630409,116885000000.0,78362000000.0,112749000000.0,50726000000.0,8106000000.0,47221000000.0,28918700000.0,0.2865900237353571
鳥越製粉,2009,食料品,スタンダード（内国株式）,2024-12-31,福岡県,26620321792,0.7409352,,23.698942,14.877930053593765,0.851,0.035683203,48.23,,41.51359021577845,26168384000.0,1063123000.0,0.026719999,950007000.0,0.040370002,0.029560002,0.7909320898563444,9459892000.0,4210946000.0,23541258000.0,3286009000.0,10373448000.0,11210321000.0,21928590700.0,0.8237537799633222
豆蔵,202A,情報・通信業,グロース（内国株式）,2025-03-31,東京都,54570000384,16.884258,,34.965034,,0.9252,0.017366135,97.24,,,10551965000.0,2070329000.0,0.19718,1433833000.0,0.14404,,0.7234368312190882,1303276000.0,1291302000.0,3680339000.0,102888000.0,1832835000.0,,2377063000.0,0.04355988607793666
中部飼料,2053,食料品,プライム（内国株式）,2025-03-31,愛知県,53287858176,0.76126486,12.29564,15.243645,9.985217235854373,0.4389,0.031754874,118.41,146.8,112.56999844087,209837000000.0,4282000000.0,0.02563,3503000000.0,0.01805,0.05613,0.6636904175936682,34066000000.0,23361000000.0,66157000000.0,9880000000.0,11942000000.0,6943000000.0,36951100000.0,0.6934243796768358
日和産業,2055,食料品,スタンダード（内国株式）,2025-03-31,兵庫県,6321015296,0.33640304,,20.115273,10.276599865770493,0.346,0.01734104,17.35,,29.869940426860772,48577000000.0,906000000.0,0.0247,310000000.0,0.00678,0.01695,0.6138827172961692,11470000000.0,11219000000.0,23625000000.0,3969000000.0,9019000000.0,950000000.0,12820000000.0,2.0281551933773394
ロゴスホールディングス,205A,建設業,グロース（内国株式）,2025-05-31,北海道,6672258560,2.474856,,33.556385,,0.8923,0.027673993,50.81,,,36269311000.0,487266000.0,-0.09842,199832000.0,0.00527,,0.16127662227661768,17716083000.0,12801887000.0,14351739000.0,7622144000.0,7161453000.0,,-3364344000.0,-0.5042286610667558
フィード・ワン,2060,食料品,プライム（内国株式）,2025-03-31,神奈川県,39264542720,0.67977583,57.640453,7.5870743,6.885705657359102,0.2737,0.040895812,135.23,17.8,132.9700005659856,296045000000.0,6343000000.0,0.025290001,5387000000.0,0.017819999,0.093710005,0.43990593692619917,68825000000.0,50168000000.0,80085000000.0,27945000000.0,10342000000.0,10450000000.0,18575000000.0,0.47307312687837666
ＰＲＩＳＭ　ＢｉｏＬａｂ,206A,医薬品,グロース（内国株式）,2024-09-30,神奈川県,6625800192,2.4178925,,,,0.0,0.0,-35.03,,,305620000.0,-782392000.0,-3.21978,-1049514000.0,0.0,,0.7735121890682393,1025665000.0,1019869000.0,4483094000.0,,4392022000.0,,3457429000.0,0.5218130489619207
構造計画研究所ホールディングス,208A,情報・通信業,スタンダード（内国株式）,2025-06-30,,32883578880,3.1657727,,16.129032,10.52228358425151,0.41459998,0.0,193.13,,153.65644134610494,20137374000.0,3073445000.0,0.26604998,2048962000.0,0.10863,0.19658001,0.4574361656566391,11898781000.0,6833579000.0,9444243000.0,3613685000.0,4242765000.0,4239727000.0,513270900.0,0.015608729873139647
日本甜菜製糖,2108,食料品,プライム（内国株式）,2025-03-31,東京都,43942383616,0.6003783,,,14.419678836983895,0.2324,0.013927577,-148.67,,138.4195498849994,64796000000.0,536000000.0,-0.0038,2703000000.0,-0.02812,-0.02565,0.7294175764461789,27387000000.0,16435000000.0,51318000000.0,9048000000.0,3164000000.0,25456000000.0,41750200000.0,0.9501123190048845
ＤＭ三井製糖,2109,食料品,プライム（内国株式）,2025-03-31,東京都,103307771904,0.9148758,,18.867924,11.220764653425919,0.7382,0.039513677,175.96,,261.7199965451101,178785000000.0,13844000000.0,0.06335,6295000000.0,0.03066,0.04111,0.5668410848879305,82857000000.0,45756000000.0,98689000000.0,48619000000.0,40596000000.0,16728000000.0,27541600000.0,0.26659756078752106
塩水港精糖,2112,食料品,スタンダード（内国株式）,2025-03-31,東京都,15687866368,0.86182916,,6.027919,5.2499981529450395,0.1586,0.027272727,94.56,,53.92962509331196,32519000000.0,2881000000.0,0.09506,2136000000.0,0.07864,0.15939,0.5651759904778099,12786000000.0,7947000000.0,9756000000.0,8248000000.0,3313000000.0,8375000000.0,2832500000.0,0.18055355225218603
フジ日本,2114,食料品,スタンダード（内国株式）,2025-03-31,東京都,29370642432,1.1440241,,10.811066,10.77721275863286,0.32099998,0.029850746,105.91,,88.26711691046079,28209627000.0,3232701000.0,0.15425,2845999000.0,0.094969995,0.10802,0.705748612226435,9887606000.0,5795341000.0,17696870000.0,4818000000.0,6644241000.0,11338784000.0,15746412800.0,0.5361276259604018
ウェルネオシュガー,2117,食料品,プライム（内国株式）,2025-03-31,東京都,92464406528,1.2205231,,16.259789,12.824524105901963,0.6333,0.019964349,173.68,,168.60278560248193,97069000000.0,8024000000.0,0.09621,5565000000.0,0.053239997,0.07698,0.660540814847035,35990000000.0,32009000000.0,47051000000.0,17756000000.0,15445000000.0,9503000000.0,17713100000.0,0.1915666867405474
カドス・コーポレーション,211A,建設業,スタンダード（内国株式）,2024-07-31,山口県,4279324928,0.9812428,,Infinity,,0.1785,0.035460994,0.0,,,6475088000.0,637497000.0,0.12486,405173000.0,0.08673,0.15554,0.48798533288622137,4302747000.0,1524785000.0,3417779000.0,2094533000.0,2443971000.0,3150000.0,-882763000.0,-0.20628557420914778
ＬＩＦＵＬＬ,2120,サービス業,プライム（内国株式）,2024-09-30,東京都,21142337536,0.8124797,17.553192,8.487654,30.44365661747831,0.48430002,0.0570303,19.44,9.4,7.294783862856696,34466000000.0,-6444000000.0,0.115030006,-8463000000.0,0.18903999,0.09351,0.5852006506275643,16989000000.0,10295000000.0,21589000000.0,5537000000.0,14633000000.0,2220000000.0,6154000000.0,0.29107472101991133
ＭＩＸＩ,2121,情報・通信業,プライム（内国株式）,2025-03-31,東京都,189578657792,1.0954343,14.962297,11.560717,25.023747801381223,0.499,0.022413794,250.59,193.62,98.5599997149804,154847000000.0,26600000000.0,0.13148,17601000000.0,0.11258,0.09793,0.7983409002234597,44213000000.0,31380000000.0,169931000000.0,12452000000.0,110666000000.0,6023000000.0,129934100000.0,0.6853835843830047
インタースペース,2122,サービス業,スタンダード（内国株式）,2024-09-30,東京都,7551027712,1.3397481,9.065561,,9.652124960736328,3.1646,0.025,-9.02,132.7,93.35538904902809,7909961000.0,555755000.0,0.02784,59522000.0,0.02329,0.036530003,0.5022751316109619,5590713000.0,5524299000.0,9628330000.0,,5953973000.0,482902000.0,4375648400.0,0.579477200573145
ジェイエイシーリクルートメント,2124,サービス業,プライム（内国株式）,2024-12-31,東京都,175564734464,8.267675,7.775044,25.0,16.818247778770452,0.5882,0.023360288,44.24,142.25,37.41498667868753,39156000000.0,9096000000.0,0.29501,5611000000.0,0.17246,0.40311,0.6955752892784377,7919000000.0,7726000000.0,22349000000.0,0.0,19051000000.0,0.0,14430000000.0,0.08219190513433612
日本Ｍ＆Ａセンターホールディングス,2127,サービス業,プライム（内国株式）,2025-03-31,東京都,232344584192,4.852252,18.861412,18.383127,27.26539075431473,0.5779,0.031245755,39.83,38.82,33.041361051266904,44077707000.0,16715662000.0,0.43400002,10955880000.0,0.26264,0.27236,0.7635089190013039,14196820000.0,9896064000.0,42566635000.0,5400000000.0,39211152000.0,13945317000.0,38131536900.0,0.16411631470819937
フィットイージー,212A,サービス業,プライム（内国株式）,2024-10-31,岐阜県,42027515904,10.514396,,34.48089,,0.19,0.005867561,73.78,,,6673497000.0,1631691000.0,0.26096,1082123000.0,0.16979,,0.5072462730603909,2890926000.0,1764288000.0,3771726000.0,769111000.0,2500684000.0,,880800000.0,0.020957698332966884
メンバーズ,2130,サービス業,プライム（内国株式）,2025-03-31,東京都,14201053184,2.5462904,7.0841036,16.367119,89.94170041024317,0.4716,0.028673835,67.88,156.83,9.710000137382131,22329565000.0,493143000.0,0.02299,349824000.0,0.03707,0.16055,0.49313503164704736,5970033000.0,5322087000.0,8034144000.0,939754000.0,4014913000.0,1541511000.0,3143168700.0,0.22133349261316307
北浜キャピタルパートナーズ,2134,サービス業,スタンダード（内国株式）,2025-03-31,大阪府,20812259328,3.49586,,,-5.159265154937581,0.0,0.0,-2.45,,-3.4888689492482134,701607000.0,-579064000.0,-15.51852,-835207000.0,0.0,-0.31902,0.7561751709487464,646316000.0,472726000.0,1494558000.0,256399000.0,256472000.0,59938000.0,890198600.0,0.04277279972205428
ヒップ,2136,サービス業,スタンダード（内国株式）,2025-03-31,神奈川県,5769508864,3.1250591,,14.103904,12.375963268600472,0.5129,0.00806994,105.29,,97.91000219713324,5969419000.0,565185000.0,0.088599995,413669000.0,0.04348,0.12212,0.6740247608073225,1924771000.0,1436135000.0,4260553000.0,400000000.0,3432998000.0,,2335782000.0,0.40484936500827257
クルーズ,2138,情報・通信業,スタンダード（内国株式）,2025-03-31,東京都,5664090112,0.6311664,30.05076,,8.5442332769642,0.0,0.0,-37.0,19.7,89.2999962977482,14191649000.0,-1025701000.0,-0.01839,-530396000.0,-0.02794,-0.03748,0.3116094572580459,20202913000.0,4556815000.0,12775565000.0,17110910000.0,10104071000.0,3656678000.0,-4867673400.0,-0.8593919418208578
中広,2139,サービス業,スタンダード（内国株式）,2025-03-31,岐阜県,2883210240,1.4517664,,23.360882,14.110484244672561,0.66120005,0.028503563,18.15,,28.34533696567292,11332980000.0,309794000.0,0.0177,163736000.0,0.010650001,0.07016,0.39910830450612006,2955148000.0,2351587000.0,3613741000.0,1229325000.0,1904103000.0,171201000.0,778433700.0,0.26998853194972006
ＵＴグループ,2146,サービス業,プライム（内国株式）,2025-03-31,東京都,106975215616,3.464229,9.342215,19.530706,21.18063449772363,1.531,0.049030147,143.62,300.25,151.32999822096255,194748000000.0,8079000000.0,0.059559997,8965000000.0,0.03076,0.17838,0.5273716576734091,30023000000.0,22927000000.0,54270000000.0,7906000000.0,31708000000.0,6000000.0,24251200000.0,0.226699239261667
アイティメディア,2148,サービス業,プライム（内国株式）,2025-03-31,東京都,29912270848,3.7545226,18.666666,21.644413,21.983211333486288,1.4041001,0.06531679,71.15,82.5,76.27000079576355,8100911000.0,2028809000.0,0.20337,1496566000.0,0.16993,0.16867,0.8528395130873482,1618548000.0,1523669000.0,9111803000.0,44146000.0,6562002000.0,,7493255000.0,0.25050772768397206
ケアネット,2150,サービス業,プライム（内国株式）,2024-12-31,東京都,46464217088,4.3992925,25.401857,34.480637,32.513622836884934,0.3684,0.010714286,32.54,44.17,33.90749692635218,11182987000.0,2361302000.0,0.27242002,1139848000.0,0.12714,0.14321999,0.789572980309113,2783349000.0,2518198000.0,10464710000.0,135422000.0,7360989000.0,1133701000.0,8474951700.0,0.18239738515229967
幼児活動研究会,2152,サービス業,スタンダード（内国株式）,2025-03-31,東京都,15080359936,3.4277856,,15.243503,14.650971637682657,0.26209998,0.003579098,91.58,,89.34067765228662,7073691000.0,1164428000.0,0.11983,872328000.0,0.077080004,0.10626,0.7618332154092071,3213281000.0,987327000.0,9642344000.0,,9251185000.0,2773596000.0,8370580200.0,0.5550650140662531
Ｅ・Ｊホールディングス,2153,サービス業,プライム（内国株式）,2025-05-31,岡山県,30538223616,0.86066425,,8.312503,8.562724102305832,0.32830003,0.040264424,204.03,,193.620003756177,42705000000.0,4489000000.0,-0.35744,3203000000.0,0.067,0.08886,0.6545730710811175,17959000000.0,10057000000.0,33829000000.0,7439000000.0,21459000000.0,3298000000.0,18178600000.0,0.5952736553568106
オープンアップグループ,2154,サービス業,プライム（内国株式）,2025-06-30,東京都,152759713792,2.072558,11.75779,12.468828,13.860801987201091,0.5196,0.04194631,144.36,153.09,135.52000059514563,187954000000.0,16244000000.0,0.1001,12559000000.0,0.07164,0.17819001,0.642491564929667,43835000000.0,38778000000.0,47339000000.0,5030000000.0,20353000000.0,3876000000.0,6217200000.0,0.040699212152658495
セーラー広告,2156,サービス業,スタンダード（内国株式）,2025-03-31,香川県,1411831040,0.749225,,19.300362,-15.796220377459484,0.3623,0.018808777,16.58,,-19.55927291886196,2097648000.0,9743000.0,-0.06276,27262000.0,0.02892,0.03178,0.48077560083915055,2200770000.0,1742903000.0,2216955000.0,534283000.0,762125000.0,263868000.0,200892600.0,0.14229223916198924
コシダカホールディングス,2157,サービス業,プライム（内国株式）,2024-08-31,,100968890368,2.8761542,19.236809,20.619425,14.977929338181303,0.4039,0.019543974,59.41,63.68,79.78000042624521,63263940000.0,10164158000.0,0.16680999,6735312000.0,0.07579,0.16067,0.49185257702623675,31360274000.0,13975861000.0,11903342000.0,11436300000.0,6772024000.0,793586000.0,-18901421800.0,-0.18720045086273834
ＦＲＯＮＴＥＯ,2158,サービス業,グロース（内国株式）,2025-03-31,,36003622912,10.781639,85.700935,131.56384,-9.093258525232324,0.0,0.0,6.97,10.7,-72.25132752763281,6099403000.0,527550000.0,0.04538,555086000.0,0.0436,0.08882,0.49912793075651135,3239041000.0,2844378000.0,4003036000.0,1986667000.0,2598740000.0,966614000.0,1440624800.0,0.04001332875641912
タイミー,215A,サービス業,グロース（内国株式）,2024-10-31,東京都,144946724864,11.189789,28.09487,37.177853,,0.0,0.0,39.19,51.86,,26880693000.0,4247676000.0,0.21896,2797078000.0,0.15762,,0.34227603300995935,17479021000.0,16699104000.0,25360846000.0,11426523000.0,12238870000.0,,7881825000.0,0.05437739284827115
ジーエヌアイグループ,2160,医薬品,グロース（内国株式）,2024-12-31,東京都,142824046592,2.8536265,13.343375,,17.087782098840627,0.0,0.0,-3.6,192.53,165.55688641371088,23611705000.0,1402302000.0,0.09621,1098233000.0,-0.0319,-0.06357,0.506597738492893,32229009000.0,12464403000.0,29222643000.0,7205879000.0,10115037000.0,5764350000.0,1028679000.0,0.007202421612787572
ｎｍｓ　ホールディングス,2162,サービス業,スタンダード（内国株式）,2025-03-31,東京都,8774737920,1.9021772,,,7.758296982430825,0.3518,0.030634573,-40.63,,47.41781225437159,75707594000.0,1650192000.0,0.02525,630626000.0,-0.00928,-0.15869,0.14543245162853605,30946697000.0,27947948000.0,26077681000.0,19900060000.0,3789282000.0,17411000.0,-4856828300.0,-0.5535012377896752
アルトナー,2163,サービス業,プライム（内国株式）,2025-01-31,神奈川県,21484484608,4.2704177,23.621496,15.798109,20.959992466868215,0.65669996,0.040614165,127.99,85.6,98.99012505230355,11125970000.0,1810142000.0,0.19208,1260601000.0,0.11766,0.28402,0.7040051773090793,1979508000.0,1262765000.0,6130702000.0,,4588976000.0,1498000.0,4152242600.0,0.19326703319910518
地域新聞社,2164,サービス業,グロース（内国株式）,2024-08-31,千葉県,2224882944,12.3129225,,,-7.740324735037407,0.0,0.0,-3.42,,-24.41758020105685,2977195000.0,34307000.0,-0.03861,3476000.0,-0.09034,-1.35309,0.24247733232579202,944327000.0,666278000.0,1060761000.0,365878000.0,772176000.0,,116434000.0,0.05233264083128321
パソナグループ,2168,サービス業,プライム（内国株式）,2025-05-31,東京都,72018780160,0.55712706,38.782963,,0.8242817403580812,0.0064999997,0.007865758,-221.79,49.3,2446.7599867030735,309240000000.0,-1238000000.0,-0.00738,-8658000000.0,-0.02604,-0.05207,0.5091119009349603,123908000000.0,87728000000.0,188948000000.0,32676000000.0,124771000000.0,7655000000.0,70398500000.0,0.9775019771731718
ＣＤＳ,2169,サービス業,スタンダード（内国株式）,2024-12-31,愛知県,12295809024,1.4005928,,13.441181,10.848390500405051,0.52959996,0.0188784,134.14,,146.44384838945652,10492254000.0,1506502000.0,0.05592,1056588000.0,0.07791,0.08379,0.781479209712445,2488107000.0,2472880000.0,8302755000.0,600000000.0,4176349000.0,133255000.0,5907926500.0,0.480482942478076
リンクアンドモチベーション,2170,サービス業,プライム（内国株式）,2024-12-31,東京都,54421491712,3.7890868,13.572376,14.285714,20.804172210574166,0.3943,0.030522088,35.77,37.65,25.503101852900855,37458000000.0,5485000000.0,0.12837,3691000000.0,0.09242,0.26217,0.3401350292362409,18794000000.0,10115000000.0,13940000000.0,11629000000.0,8607000000.0,1339000000.0,-3916700000.0,-0.07196972881094994
博展,2173,サービス業,グロース（内国株式）,2024-12-31,東京都,12746953728,3.0732057,,11.389394,18.212661176744863,0.294,0.013463892,71.47,,18.109051866623133,18845437000.0,1393719000.0,0.087139994,999210000.0,0.070989996,,0.4245739866276587,4541225000.0,3231386000.0,6494522000.0,1738910000.0,2642641000.0,1792000.0,1954551400.0,0.1533347842713688
エス・エム・エス,2175,サービス業,プライム（内国株式）,2025-03-31,東京都,112696451072,2.562796,12.772093,15.528161,30.617718409720734,0.3224,0.020863837,88.42,107.5,82.75000040934171,60952000000.0,6336000000.0,0.05242,6054000000.0,0.117860004,0.16483,0.6181996341782074,29223000000.0,23990000000.0,38664000000.0,8053000000.0,16175000000.0,2875000000.0,11453500000.0,0.10163141688181944
成学社,2179,サービス業,スタンダード（内国株式）,2025-03-31,大阪府,4482701824,1.1562299,,9.746682,9.208344322024304,0.2474,0.012040557,82.9,,78.19205972321883,14287096000.0,778288000.0,0.16885,461479000.0,0.03098,0.12434,0.4073948564597974,5613454000.0,3478552000.0,3848057000.0,2342174000.0,2177739000.0,10620000.0,-1757963000.0,-0.3921659456776753
サニーサイドアップグループ,2180,サービス業,スタンダード（内国株式）,2024-06-30,東京都,13133300736,2.8058379,,14.045297,10.308180826945087,0.346,0.024255788,63.58,,59.28714177457024,17908253000.0,1465417000.0,0.11344,795167000.0,0.060850002,0.29851,0.4837911611928278,4336474000.0,3362433000.0,6549627000.0,991278000.0,3185218000.0,304822000.0,2426528400.0,0.18476150426896004
パーソルホールディングス,2181,サービス業,プライム（内国株式）,2025-03-31,東京都,626653265920,3.006207,15.736694,16.208885,15.202334033194369,0.6055,0.03686798,17.33,17.85,13.136728752477573,1451238000000.0,57427000000.0,0.05594,35871000000.0,0.025880001,0.18854,0.3513374809632679,333364000000.0,266159000000.0,299974000000.0,77280000000.0,82818000000.0,25776000000.0,-15346800000.0,-0.02449009816851287
リニカル,2183,サービス業,スタンダード（内国株式）,2025-03-31,大阪府,6866275328,1.1356293,12.936171,,25.12242773946436,1.0013,0.053333335,-52.53,23.5,14.976510681012268,10437032000.0,-583500000.0,-0.18223,-539102000.0,-0.12016,-0.17665,0.4323889966332648,9521846000.0,7477214000.0,11627196000.0,2327994000.0,7039571000.0,272500000.0,2296100000.0,0.3344025531042614
シイエム・シイ,2185,サービス業,スタンダード（内国株式）,2024-09-30,愛知県,21965182976,1.0175295,,10.672285,10.013469185178261,0.4278,0.030606238,159.01,,132.97075274642157,19523921000.0,2975450000.0,0.16386999,2078955000.0,0.11775,0.1026,0.7811664263534818,5480193000.0,3552361000.0,17610210000.0,298351000.0,12320594000.0,1896444000.0,13457527800.0,0.6126754243160283
ソーバル,2186,サービス業,スタンダード（内国株式）,2025-02-28,東京都,7237856256,1.6397505,,17.574022,14.194438939621211,0.62990004,0.035637148,52.35,,65.27764378359574,8682548000.0,612242000.0,0.066199996,432188000.0,0.0468,0.094969995,0.7633654927980917,1344385000.0,1225851000.0,5151616000.0,,3501033000.0,23842000.0,3823920400.0,0.5283222358595567
Ｌｉｂｅｒａｗａｒｅ,218A,精密機器,グロース（内国株式）,2024-07-31,千葉県,26417446912,28.344925,,624.1071,,0.0,0.0,2.24,,,815308000.0,-440786000.0,-0.31246,-437972000.0,0.03337,0.05223,0.5704715722766431,651763000.0,359072000.0,1356408000.0,370210000.0,1061245000.0,,704645000.0,0.026673470844751402
クックパッド,2193,サービス業,スタンダード（内国株式）,2024-12-31,神奈川県,11547840512,0.9194339,-4.905063,20.394737,-4.995880488379344,0.0,0.0,7.6,-31.6,-23.219130295414697,5876631000.0,673627000.0,0.030369999,1332453000.0,0.17978,0.07634,0.9069155474630838,1397898000.0,646230000.0,13336099000.0,837279000.0,12083662000.0,224364000.0,12095255800.0,1.047404126116147
アミタホールディングス,2195,サービス業,グロース（内国株式）,2024-12-31,京都府,5599238144,2.010931,,16.692831,31.196410297767358,0.2092,0.012820513,19.11,,17.56742859893853,4931476000.0,473480000.0,0.071329996,423184000.0,0.06677,0.12244,0.4045809258897584,3861068000.0,1657957000.0,3853197000.0,2005115000.0,2729355000.0,449552000.0,306815400.0,0.05479591903565943
エスクリ,2196,サービス業,スタンダード（内国株式）,2025-03-31,東京都,2310455296,0.43297938,46.216217,164.42308,6.385823072058031,0.0,0.0,1.04,3.7,45.882887247856615,26179324000.0,803520000.0,-0.1331,314018000.0,-0.0058899997,-0.026659999,0.2940267084884993,15058303000.0,6619187000.0,8059042000.0,8166945000.0,4571546000.0,,-6999261000.0,-3.02938603145343
アイ・ケイ・ケイホールディングス,2198,サービス業,プライム（内国株式）,2024-10-31,,22203650048,2.1357982,15.376984,17.419643,12.89229096410984,0.5399,0.031209363,44.49,50.4,45.93448963513612,23263539000.0,2490989000.0,0.06668,1702027000.0,0.05051,0.11229999,0.5107732653156271,10081122000.0,5818717000.0,7797077000.0,3596586000.0,6729741000.0,,-2284045000.0,-0.1028679967060522
Ｈｅａｒｔｓｅｅｄ,219A,医薬品,グロース（内国株式）,2024-10-31,東京都,38909644800,5.4553337,,43.1,,0.0,0.0,40.0,,,873610000.0,-1038802000.0,0.19927,-812725000.0,0.19673,,0.937129099379506,444346000.0,282074000.0,6403814000.0,5393000.0,5297166000.0,,5959468000.0,0.15316171686049418
森永製菓,2201,食料品,プライム（内国株式）,2025-03-31,東京都,224335773696,1.7224873,13.556051,13.298138,14.966164450439678,0.2987,0.022501407,200.78,196.96,167.24590949438056,228957000000.0,21267000000.0,0.101339996,17710000000.0,0.07807,0.13561,0.623203451658682,77595000000.0,51889000000.0,104667000000.0,20188000000.0,31062000000.0,10251000000.0,34247700000.0,0.1526626780729562
中村屋,2204,食料品,スタンダード（内国株式）,2025-03-31,東京都,17731352576,0.7031956,,23.041128,44.17492865682759,0.5249,0.016233766,133.24,,68.24159582399686,37247627000.0,1070416000.0,-0.23627001,884947000.0,0.009649999,,0.6214340758785899,16471007000.0,4475367000.0,11202339000.0,495045000.0,2616883000.0,6529882000.0,-697750600.0,-0.03935123375440797
江崎グリコ,2206,食料品,プライム（内国株式）,2024-12-31,大阪府,350147870720,1.2873776,32.85544,42.735043,18.043747243314765,0.6994,0.016423358,128.7,167.4,222.2505318766753,331129000000.0,11070000000.0,0.05747,8113000000.0,0.0202,0.02674,0.7200235063040837,105173000000.0,86612000000.0,165424000000.0,165000000.0,60243000000.0,46694000000.0,92936800000.0,0.2654215769151943
ｍｅｉｔｏ,2207,食料品,プライム（内国株式）,2025-03-31,愛知県,39983427584,0.67050844,,11.363418,-41.40623320152749,0.1732,0.007079646,207.86,,-41.56565955182404,28071000000.0,1411000000.0,0.07053,4719000000.0,0.123500004,0.062230002,0.658997899789979,28414000000.0,8838000000.0,17395000000.0,9138000000.0,7194000000.0,43064000000.0,19125800000.0,0.4783431825553018
ブルボン,2208,食料品,スタンダード（内国株式）,2025-03-31,新潟県,59031756800,0.9428036,18.641222,11.848617,18.494378881446394,0.1625,0.005539598,206.1,131.0,127.83050283050284,113475000000.0,7471000000.0,-0.00171,5566000000.0,0.0432,0.082779996,0.6416072788739449,34348000000.0,25884000000.0,46294000000.0,3686000000.0,17391000000.0,4331000000.0,14977700000.0,0.25372275554570656
井村屋グループ,2209,食料品,プライム（内国株式）,2025-03-31,三重県,32735275008,1.4012092,,12.72257,16.801393525199536,0.17909999,0.014112113,201.06,,147.5591423432573,51121689000.0,3005704000.0,0.10574,2198442000.0,0.04895,0.11501,0.6031336318785894,14554353000.0,11999704000.0,12973043000.0,1949256000.0,1516238000.0,2435806000.0,123754200.0,0.003780453958909964
Ｆａｂｅｒ　Ｃｏｍｐａｎｙ,220A,情報・通信業,スタンダード（内国株式）,2024-09-30,東京都,2690680064,1.1301048,,11.001568,,0.0,0.0,89.26,,,2317183000.0,334530000.0,0.13557,219278000.0,0.10273,0.11725,0.8202273443252899,461656000.0,461655000.0,2531634000.0,,2298508000.0,,2069978000.0,0.7693140584402085
不二家,2211,食料品,プライム（内国株式）,2024-12-31,東京都,68821008384,1.1915382,45.87629,41.491844,64.87191804670064,0.4655,0.01119403,64.35,58.2,37.59317258327208,109984000000.0,2299000000.0,-0.00491,1672000000.0,0.0164,0.03744,0.6401521013419407,27401000000.0,24455000000.0,35406000000.0,4723000000.0,8371000000.0,6858000000.0,12805600000.0,0.18607108934743735
山崎製パン,2212,食料品,プライム（内国株式）,2024-12-31,東京都,647189823488,1.499474,16.907515,17.360891,21.37168325413168,0.2384,0.013719512,188.7,193.76,146.18687186842794,1244488000000.0,51874000000.0,0.03158,36015000000.0,0.03011,0.08935001,0.47641615757624795,404619000000.0,269953000000.0,341404000000.0,101047000000.0,152443000000.0,76726000000.0,-9506800000.0,-0.01468935334731244
第一屋製パン,2215,食料品,スタンダード（内国株式）,2024-12-31,,4188663552,0.5133148,,16.077597,9.757094084388186,0.0,0.0,37.63,,68.46300693859575,27183000000.0,607000000.0,0.0069999998,2055000000.0,0.00962,0.033239998,0.5103605601672898,7727000000.0,4455000000.0,8131000000.0,32000000.0,3956000000.0,16000000.0,415200000.0,0.09912469570437345
カンロ,2216,食料品,スタンダード（内国株式）,2024-12-31,東京都,64219078656,3.6269047,7.094972,19.083395,11.567724337015012,0.42970002,0.022632169,79.86,214.8,59.02835956411676,31778392000.0,4284214000.0,0.0884,3260024000.0,0.0983,0.19597,0.5782757694816445,12274619000.0,9616894000.0,15937909000.0,120158000.0,5041259000.0,161295000.0,3776196500.0,0.05880178568471551
モロゾフ,2217,食料品,プライム（内国株式）,2025-01-31,兵庫県,31952865280,1.6171381,6.8590307,26.457094,14.918242366568911,0.3682,0.049310725,58.85,227.0,81.5460298611432,36017735000.0,2058796000.0,0.00031,1414986000.0,0.03355,0.061139997,0.7613315268137295,6107768000.0,5412268000.0,15293576000.0,1510000000.0,4594650000.0,1274819000.0,10078181300.0,0.3154077486224109
亀田製菓,2220,食料品,プライム（内国株式）,2025-03-31,新潟県,86335332352,0.9145498,,3.2082167,38.97355337971969,0.044699997,0.014108911,1276.41,,107.05307593795949,103262000000.0,5500000000.0,0.0184,5417000000.0,0.22333999,0.31797,0.6103001727729247,44955000000.0,25081000000.0,33275000000.0,24719000000.0,10098000000.0,18096000000.0,987200000.0,0.011434484273194913
岩塚製菓,2221,食料品,スタンダード（内国株式）,2025-03-31,新潟県,30929940480,0.4307308,,15.290598,15.512674456875411,0.1268,0.008369601,197.18,,175.372300615602,24954321000.0,815215000.0,-0.021370001,2909027000.0,0.0757,0.028870001,0.7458688034136717,23152551000.0,4799660000.0,12112581000.0,405200000.0,4063481000.0,63601080000.0,33480786000.0,1.0824717241744914
寿スピリッツ,2222,食料品,プライム（内国株式）,2025-03-31,鳥取県,284388458496,7.0564475,20.011955,23.47355,26.896531720196222,0.4081,0.017713811,78.45,92.02,69.61000018895153,72349000000.0,17611000000.0,0.21259001,12122000000.0,0.16148001,0.31877002,0.7710850327048865,11897000000.0,9735000000.0,37649000000.0,300000000.0,26081000000.0,211000000.0,25899700000.0,0.09107155802655151
コモ,2224,食料品,スタンダード（内国株式）,2025-03-31,愛知県,11587517440,5.7793155,,,239.8195843271695,0.5705,0.002105263,-10.67,,12.100292872964049,7111216000.0,66184000.0,-0.00282,42638000.0,-0.00511,-0.01777,0.43150140444237556,2686767000.0,1945444000.0,1527673000.0,1639853000.0,271448000.0,216457000.0,-1007574100.0,-0.08695340526710785
湖池屋,2226,食料品,スタンダード（内国株式）,2025-03-31,東京都,49071779840,2.5555556,,22.222221,21.646486302374356,0.2658,0.012021858,207.0,,206.9759131781039,59383000000.0,4019000000.0,0.04996,2590000000.0,0.036530003,0.12659,0.4883369606964537,19648000000.0,12308000000.0,18558000000.0,5211000000.0,3567000000.0,296000000.0,-882800000.0,-0.017989973114453883
カルビー,2229,食料品,プライム（内国株式）,2025-03-31,東京都,371860602880,1.8087915,18.009321,21.833725,21.00102658300126,0.4255,0.019436996,136.28,165.22,159.21999974859156,322564000000.0,29066000000.0,0.058140002,20874000000.0,0.051409997,0.08243,0.6428537859253248,104103000000.0,55705000000.0,133837000000.0,36554000000.0,56755000000.0,3263000000.0,32018100000.0,0.0861024258876176
森永乳業,2264,食料品,プライム（内国株式）,2025-03-31,東京都,304005677056,1.138411,15.1167,29.324368,4.271175842318373,0.7036,0.0118733505,127.88,248.07,696.0900024946243,561173000000.0,29658000000.0,0.07999,5459000000.0,0.01842,0.03463,0.5117452533804232,249322000000.0,170112000000.0,198069000000.0,104731000000.0,28559000000.0,19703000000.0,-37460900000.0,-0.12322434358059517
六甲バター,2266,食料品,プライム（内国株式）,2024-12-31,兵庫県,24743247872,0.79045135,,73.537926,56.19676365224964,1.1547,0.007980846,17.27,,22.90706390871994,42924075000.0,1865109000.0,0.02506,1041147000.0,0.04998,0.13861,0.6004106809895259,20540445000.0,19013976000.0,24889952000.0,7144305000.0,6179881000.0,2870928000.0,6359156600.0,0.2570057347724411
ヤクルト本社,2267,食料品,プライム（内国株式）,2025-03-31,東京都,716699533312,1.2753658,13.795439,17.064655,18.160916523557585,0.45369998,0.02639058,143.22,177.16,164.51999988543014,499683000000.0,55392000000.0,0.11574,45533000000.0,0.08765,0.07854,0.664258599564743,234804000000.0,157814000000.0,377892000000.0,108103000000.0,269057000000.0,68019000000.0,190701300000.0,0.2660826345438434
Ｂ－Ｒ　サーティワン　アイスクリーム,2268,食料品,スタンダード（内国株式）,2024-12-31,東京都,39699648512,2.6355736,,24.038742,31.688838846279136,0.3207,0.013381995,171.39,,124.72076893787224,30688195000.0,2363900000.0,0.13520999,1543640000.0,0.05467,0.12703,0.5181470150861135,12679863000.0,8713011000.0,14548287000.0,2464069000.0,8033572000.0,,1868424000.0,0.04706399351206427
明治ホールディングス,2269,食料品,プライム（内国株式）,2025-03-31,東京都,913349148672,1.2194018,16.088825,20.079866,17.36285105624846,0.6112,0.030597014,167.78,209.4,181.64124107475698,1154074000000.0,84702000000.0,0.07697,50800000000.0,0.03915,0.06282,0.6317481544519414,392690000000.0,307077000000.0,540765000000.0,47799000000.0,78191000000.0,78354000000.0,202922800000.0,0.2221744009889839
雪印メグミルク,2270,食料品,プライム（内国株式）,2025-03-31,東京都,188722905088,0.8229824,14.162077,12.391674,8.985722652524185,0.324,0.026272578,246.94,216.07,287.6700017929407,615819000000.0,19127000000.0,0.03633,13904000000.0,0.02617,0.06695,0.5676068786493239,183037000000.0,119263000000.0,173706000000.0,55857000000.0,21374000000.0,56370000000.0,30128000000.0,0.15964145945057148
プリマハム,2281,食料品,プライム（内国株式）,2025-03-31,東京都,132241080320,1.0894171,15.208093,22.172594,14.444039331155746,0.67370003,0.03089996,118.66,173.0,149.02592880027063,458354000000.0,8949000000.0,0.0198,7076000000.0,0.01284,0.037520003,0.4982304578273027,109383000000.0,81718000000.0,99561000000.0,22075000000.0,12288000000.0,9275000000.0,-3329500000.0,-0.025177501514228404
日本ハム,2282,食料品,プライム（内国株式）,2025-03-31,大阪府,667310424064,1.2672218,20.076166,21.322052,18.002848718233025,0.4166,0.019466475,323.89,343.99,273.6967286622217,1370553000000.0,35934000000.0,0.056160003,26585000000.0,0.02264,0.06224,0.5523106127643078,412200000000.0,257743000000.0,406308000000.0,223902000000.0,71557000000.0,27514000000.0,13367800000.0,0.020032356033925718
林兼産業,2286,食料品,スタンダード（内国株式）,2025-03-31,山口県,5945061888,0.49711734,,3.9809701,6.331286155373343,0.081999995,0.020718232,182.87,,85.88130790466923,49267000000.0,1076000000.0,0.03472,1055000000.0,0.03299,0.13274,0.426679212507238,15842000000.0,10665000000.0,15325000000.0,8410000000.0,3156000000.0,4286000000.0,2483200000.0,0.41769119426869117
丸大食品,2288,食料品,プライム（内国株式）,2025-03-31,大阪府,53538017280,0.7615725,,12.106283,-4.1572411489298275,0.2768,0.02290426,180.65,,-377.7385442580852,234970000000.0,5470000000.0,0.03605,5488000000.0,0.01863,0.06493,0.5474776711875621,53914000000.0,40630000000.0,55746000000.0,19590000000.0,8983000000.0,16222000000.0,13187400000.0,0.24631842324363343
オプロ,228A,情報・通信業,グロース（内国株式）,2024-11-30,東京都,5450149888,4.3282075,,38.16487,,0.0,0.0,62.23,,,2104685000.0,214216000.0,0.15861,150872000.0,0.08599,,0.47043464731511114,1215102000.0,1215101000.0,1993565000.0,,1766770000.0,,778463000.0,0.14283331944943384
福留ハム,2291,食料品,スタンダード（内国株式）,2025-03-31,広島県,2095342720,1.1425016,,,33.19054461333333,0.0,0.0,-154.99,,44.95256156178385,24621000000.0,-622000000.0,-0.03374,-640000000.0,-0.021459999,-0.2656,0.14743231371296223,10675000000.0,8041000000.0,5543000000.0,5843000000.0,1870000000.0,2059000000.0,-3690700000.0,-1.7613825007109098
Ｓ　Ｆｏｏｄｓ,2292,食料品,プライム（内国株式）,2025-02-28,兵庫県,83935076352,0.68055654,11.674008,14.970059,10.393794642519786,0.5481,0.036728512,177.02,227.0,286.84999689533015,444546000000.0,5143000000.0,0.01554,2667000000.0,0.01232,0.0462,0.528068691862356,100733000000.0,56589000000.0,128476000000.0,55592000000.0,41606000000.0,14433000000.0,37846100000.0,0.45089730831105873
滝沢ハム,2293,食料品,スタンダード（内国株式）,2025-03-31,栃木県,5573283328,1.6741616,,,52.480736923723065,0.0,0.0,-212.23,,60.30784218217243,28088795000.0,-432477000.0,-0.01898,-495221000.0,-0.01589,-0.124589995,0.27920069413345094,8986037000.0,6619994000.0,5940378000.0,4958309000.0,1407371000.0,1728450000.0,-1835744000.0,-0.32938285961118824
柿安本店,2294,食料品,プライム（内国株式）,2025-04-30,三重県,25324451840,1.7608342,,37.036,19.985779045298376,1.1888,0.03214826,71.39,,133.66585579230005,36104000000.0,1500000000.0,0.02772,701000000.0,0.01951,0.04874,0.7836528443425713,4153000000.0,3629000000.0,11530000000.0,,7995000000.0,219000000.0,7530300000.0,0.2973529317663604
伊藤ハム米久ホールディングス,2296,食料品,プライム（内国株式）,2025-03-31,東京都,326317506560,1.1368204,20.403818,19.959734,13.615892613882897,0.5036,0.013111888,288.08,281.81,273.140000978197,988771000000.0,19577000000.0,0.0166,13097000000.0,0.01571,0.05702,0.6115663723825451,180691000000.0,144439000000.0,277227000000.0,62544000000.0,20989000000.0,33322000000.0,119861400000.0,0.3673152607212665
きょくとう,2300,サービス業,スタンダード（内国株式）,2025-02-28,,2693691392,0.8342689,,75.183556,23.60781661374553,1.6152999,0.021153847,6.81,,22.620875480264992,5380624000.0,100347000.0,0.02607,83050000.0,0.03429,0.07152,0.4869421994345122,2255870000.0,1042760000.0,708342000.0,1236696000.0,469534000.0,670537000.0,-1078152100.0,-0.40025078715475954
学情,2301,サービス業,プライム（内国株式）,2024-10-31,東京都,21634592768,1.5762907,10.024876,10.977187,11.920714835468653,0.4905,0.04480398,146.85,160.8,125.51999662683608,10730691000.0,2656632000.0,-0.27849,2229894000.0,0.17058,,0.8648839729551694,2261810000.0,2029626000.0,8534419000.0,,4929331000.0,4929921000.0,9723553700.0,0.449444729756237
ドーン,2303,情報・通信業,スタンダード（内国株式）,2025-05-31,兵庫県,7334478336,2.680186,,17.667276,15.073963058568081,0.17559999,0.0,136.75,,125.08480180790202,1646699000.0,574137000.0,0.26372,418774000.0,0.24584,0.14918,0.8946225717003993,323975000.0,277757000.0,2089143000.0,,1728578000.0,645138000.0,2216764600.0,0.3022388912268511
ＣＳＳホールディングス,2304,サービス業,スタンダード（内国株式）,2024-09-30,東京都,4915280384,1.5658404,,12.091301,17.43450368803477,0.3083,0.035641547,81.05,,45.659997063946456,17631382000.0,595967000.0,0.02059,429039000.0,0.0301,0.20371,0.4510028790495697,3256170000.0,2857802000.0,3674946000.0,479487000.0,906589000.0,538668000.0,795843600.0,0.16191214698363787
スタジオアリス,2305,サービス業,スタンダード（内国株式）,2025-02-28,大阪府,34952699904,1.2159153,,22.074438,28.248414840216476,0.536,0.024425989,93.23,,68.15000160153446,35598139000.0,3021322000.0,-0.10325,1365115000.0,0.04577,0.05538,0.7223638651416017,10150457000.0,5853997000.0,23315665000.0,2521154000.0,19517254000.0,1779666000.0,14410974200.0,0.4122993142040739
クロスキャット,2307,情報・通信業,プライム（内国株式）,2025-03-31,東京都,14821869568,2.4662032,,10.649638,16.940767724579793,0.3318,0.03139867,99.44,,90.2749971933162,16194800000.0,1836712000.0,0.12611,1316766000.0,0.085360005,0.25135002,0.5561015276261805,4672826000.0,3701066000.0,8161046000.0,1504645000.0,2683140000.0,1255126000.0,4366808200.0,0.29461925703541586
エプコ,2311,サービス業,スタンダード（内国株式）,2024-12-31,東京都,7520294912,1.6726505,18.70824,16.051977,11.443988719659231,0.6119,0.03804994,52.33,44.9,70.14453046017458,5607016000.0,334536000.0,0.054629996,327110000.0,0.08732,0.12275,0.7978490734290477,1176989000.0,1048510000.0,3105475000.0,500000000.0,2174498000.0,291390000.0,2132459000.0,0.2835605551315911
ＣＡＩＣＡ　ＤＩＧＩＴＡＬ,2315,情報・通信業,スタンダード（内国株式）,2024-10-31,東京都,18756395008,6.344658,,74.6988,-1.4252417386765943,0.0,0.0,1.66,,-31.573591187263904,5606650000.0,-159737000.0,0.030840002,-359857000.0,0.12048,0.28570998,0.6842227884304929,765791000.0,736732000.0,1646557000.0,169996000.0,698977000.0,621483000.0,1315804100.0,0.0701522920283339
システナ,2317,情報・通信業,プライム（内国株式）,2025-03-31,東京都,187306852352,5.238638,20.79365,22.625216,13.7408999715113,0.5179,0.023076924,23.16,25.2,18.670000005163164,83621000000.0,12068000000.0,0.16704,8480000000.0,0.11333,0.30646,0.627178238862486,18813000000.0,18621000000.0,44184000000.0,1550000000.0,21860000000.0,3293000000.0,27676100000.0,0.1477580753318579
ソフトフロントホールディングス,2321,情報・通信業,グロース（内国株式）,2025-03-31,東京都,11433576448,6.0602727,,,-7.973443317635109,0.0,0.0,-2.35,,-10.284139076857558,823600000.0,28671000.0,-0.09661999,-81165000.0,-0.098929994,-0.06913,0.7211505232366754,417834000.0,249867000.0,1625994000.0,0.0,1419489000.0,41568000.0,1237257600.0,0.10821264943887486
ｆｏｎｆｕｎ,2323,情報・通信業,スタンダード（内国株式）,2025-03-31,東京都,5484081664,8.80864,,31.842213,39.86987778878743,0.0,0.0,24.59,,10.209999734809093,1268700000.0,149639000.0,0.0678,169348000.0,0.0627,0.06981,0.4454683784626409,1191694000.0,401885000.0,938495000.0,976138000.0,711061000.0,,-253199000.0,-0.04616980845892816
ＮＪＳ,2325,サービス業,プライム（内国株式）,2024-12-31,東京都,50282033152,1.7528542,25.19084,19.959929,12.42877721872998,0.3779,0.019157087,264.53,209.6,209.33099255843203,22594177000.0,2993320000.0,-0.22740999,2115656000.0,0.08997,0.07881,0.8394122410999064,4931035000.0,4327452000.0,25463531000.0,3336000.0,17681274000.0,2111273000.0,22010387100.0,0.4377386060238203
デジタルアーツ,2326,情報・通信業,プライム（内国株式）,2025-03-31,東京都,96817840128,5.502078,23.73622,31.348373,13.654373513370674,0.3721,0.011938202,228.72,302.07,310.30000345959337,9982000000.0,4559000000.0,0.4504,3183000000.0,0.31314,0.18671,0.7673575816502408,5264000000.0,5209000000.0,20112000000.0,,17952000000.0,,14848000000.0,0.15336016565097815
日鉄ソリューションズ,2327,情報・通信業,プライム（内国株式）,2025-03-31,東京都,699354972160,2.6288476,24.423285,26.042519,18.030109517176964,0.5277,0.020177037,146.76,156.49,132.4799998565952,338301000000.0,38520000000.0,0.102019995,27049000000.0,0.07463,0.10466,0.6199187281332631,151488000000.0,119175000000.0,324824000000.0,29219000000.0,192931000000.0,29315000000.0,193856500000.0,0.2771932819770517
東北新社,2329,情報・通信業,スタンダード（内国株式）,2025-03-31,東京都,89911967744,1.0452198,,9.51479,14.537152998394278,0.3943,0.021096723,68.63,,29.81935286234715,45686000000.0,2682000000.0,0.082329996,8363000000.0,0.19846001,0.11281,0.8203021545183022,17690000000.0,15484000000.0,78986000000.0,437000000.0,62611000000.0,8854000000.0,67493800000.0,0.750665364061104
フォーサイド,2330,情報・通信業,スタンダード（内国株式）,2024-12-31,東京都,8195404800,2.722152,,24.63958,20.2640820419807,0.0,0.0,7.63,,3.306342713239979,5340240000.0,50293000.0,0.06669,64417000.0,0.05491,0.18224001,0.701188688818539,1065369000.0,897607000.0,3256967000.0,245676000.0,1404029000.0,176469000.0,2315126300.0,0.2824907806872456
ＡＬＳＯＫ,2331,サービス業,プライム（内国株式）,2025-03-31,東京都,594988564480,1.7052886,21.884499,18.655693,14.932841955278938,0.41189998,0.022094926,65.61,55.93,52.954008860671216,551881000000.0,40202000000.0,0.08046,27105000000.0,0.05494,0.08972,0.5912488076561577,196404000000.0,108892000000.0,256722000000.0,54744000000.0,150226000000.0,64291000000.0,105321700000.0,0.17701466261296572
クエスト,2332,情報・通信業,スタンダード（内国株式）,2025-03-31,,8410545152,1.151026,,11.223611,9.18114690055769,0.3804,0.034437947,139.26,,130.0632851088125,14936146000.0,1055674000.0,0.06062,767591000.0,0.045250002,0.10585,0.7387376358629231,2565262000.0,2151769000.0,7122068000.0,11678000.0,3331256000.0,808502000.0,5122757400.0,0.6090874381408945
イオレ,2334,サービス業,グロース（内国株式）,2025-03-31,東京都,13965429760,1.6894035,,,61.950147216230235,0.0,0.0,-18.66,,1.3639999870389647,3549234000.0,-20189000.0,0.01082,-493222000.0,0.025510002,0.27211002,0.29670468269862865,736052000.0,596045000.0,920490000.0,220002000.0,375712000.0,49764000.0,219272800.0,0.01570111366196868
キューブシステム,2335,情報・通信業,プライム（内国株式）,2025-03-31,東京都,16426602496,1.4822464,,14.24468,14.725301360140142,0.5223,0.01843318,76.59,,70.37794340742695,18351000000.0,1386000000.0,0.07115,1261000000.0,0.062480003,0.106479995,0.7569260754559376,3492000000.0,2387000000.0,9806000000.0,230000000.0,6233000000.0,2170000000.0,7833000000.0,0.4768484537144789
いちご,2337,不動産業,プライム（内国株式）,2025-02-28,東京都,167796637696,1.4817896,11.537369,9.415585,14.187220311194402,0.24360001,0.025925925,43.12,35.19,26.89000000564095,83576000000.0,16309000000.0,0.20222001,15187000000.0,0.18764,0.15406,0.2746689942588791,284011000000.0,29143000000.0,195998000000.0,262112000000.0,42689000000.0,24300000000.0,-71003000000.0,-0.4231491225029034
クオンタムソリューションズ,2338,情報・通信業,スタンダード（内国株式）,2025-02-28,東京都,19375597568,289.14835,,,-17.350887360153187,0.0,0.0,-11.7,,-21.67036141698982,698089000.0,-477473000.0,-2.22951,-317243000.0,-1.95221,-2.74419,0.7319192081063091,86989000.0,86988000.0,286345000.0,,136130000.0,,199356000.0,0.010289024599130238
極楽湯ホールディングス,2340,サービス業,スタンダード（内国株式）,2025-03-31,東京都,15023603712,3.3591077,44.57944,21.096859,17.15604019367752,0.0,0.0,22.61,10.7,23.84000010391255,15164192000.0,1140259000.0,0.12603,769850000.0,0.045760002,0.18372,0.2933053193437417,9204306000.0,3800283000.0,4134303000.0,3191871000.0,2897639000.0,248499000.0,-4896053700.0,-0.32589076455000676
アルバイトタイムス,2341,サービス業,スタンダード（内国株式）,2025-02-28,東京都,3292106752,1.2059008,,,-102.13569208038764,0.6818,0.028089888,-23.74,,-1.3139965583270095,4160588000.0,68537000.0,0.02705,-467935000.0,-0.09677,-0.14476,0.8347682095252792,548210000.0,523007000.0,2509532000.0,3994000.0,1979102000.0,14477000.0,1971455900.0,0.5988432479603869
トランスジェニックグループ,2342,サービス業,グロース（内国株式）,2025-03-31,福岡県,6777860096,1.412346,,,987.1224088127294,0.0,0.0,-52.79,,0.24313094086138942,13005126000.0,-259508000.0,0.008590001,-1089641000.0,-0.06797,-0.1685,0.49681940006878494,4730220000.0,3272076000.0,6698896000.0,2575060000.0,2555397000.0,107693000.0,2044061100.0,0.3015791224735247
平安レイサービス,2344,サービス業,スタンダード（内国株式）,2025-03-31,神奈川県,10939693056,0.5040405,,8.209816,11.589638964983079,0.3197,0.019586507,112.67,,73.26817823782635,10597522000.0,1742738000.0,0.08229999,1362443000.0,0.12779,0.06315,0.6258961602621999,12918259000.0,1347131000.0,8214178000.0,,5725808000.0,5308282000.0,-988283600.0,-0.09033924397521963
クシム,2345,情報・通信業,スタンダード（内国株式）,2024-10-31,東京都,4440600064,9.847955,,,-2.3019528903504294,0.0,0.0,-131.28,,-186.36350109436546,1613430000.0,-1133734000.0,-13.2,-1960239000.0,0.0,-1.3698599,0.01654614546292473,85106288000.0,83447854000.0,85470772000.0,1369520000.0,1541653000.0,895027000.0,991002900.0,0.2231686902033968
エヌアイデイ,2349,情報・通信業,スタンダード（内国株式）,2025-03-31,東京都,25194336256,1.1138574,,10.869668,10.296168601528576,0.1319,0.012237762,212.15,,191.82772277822372,24968551000.0,3077127000.0,0.13144,2367179000.0,0.09003,0.10795999,0.762563062540387,6703577000.0,3492913000.0,20769041000.0,,16201663000.0,5114030000.0,17645285000.0,0.7003671309577683
ＡＳＪ,2351,情報・通信業,グロース（内国株式）,2025-03-31,埼玉県,2605828608,0.9377123,,12.136628,29.067056768644658,0.0727,0.0060790274,27.52,,14.120845439652113,2741544000.0,161126000.0,-0.01074,246771000.0,0.08178,0.08003,0.5934608479137605,1981495000.0,1233021000.0,1883228000.0,693783000.0,989514000.0,236353000.0,67180100.0,0.025780705528273946
日本駐車場開発,2353,不動産業,プライム（内国株式）,2024-07-31,大阪府,89982853120,4.6704383,16.904762,18.971275,12.130204238190101,0.5344,0.028169014,14.97,16.8,16.03000001105326,,,0.12071,,0.13029,0.26781,0.3763625885598462,23568907000.0,8026900000.0,20970160000.0,15952920000.0,16616696000.0,3415695000.0,-207760500.0,-0.0023088898917545237
ＹＥ　ＤＩＧＩＴＡＬ,2354,情報・通信業,スタンダード（内国株式）,2025-02-28,福岡県,11497759744,1.5733126,,13.423517,13.637155662165155,0.41619998,0.031347964,48.05,,57.6700004335328,19944692000.0,1408098000.0,0.068909995,1038798000.0,0.04711,0.13293,0.5466622781268837,5980898000.0,4117834000.0,9746938000.0,,3196971000.0,32185000.0,3788569500.0,0.329505015268477
コア,2359,情報・通信業,プライム（内国株式）,2025-03-31,東京都,29354848256,1.5333705,,12.106667,11.418027885795638,0.3557,0.029339854,168.75,,158.47000332195307,24599166000.0,3175466000.0,0.14692001,2242340000.0,0.096590005,0.13287,0.7366376081407013,6625601000.0,5996063000.0,16386561000.0,1516076000.0,7586071000.0,1921175000.0,11105782500.0,0.37832873136143796
メディネット,2370,サービス業,グロース（内国株式）,2024-09-30,東京都,8736061440,1.1780244,,,-7.513628359817796,0.0,0.0,-5.16,,-6.65457454182795,768501000.0,-1384791000.0,-1.57018,-1276994000.0,0.0,-0.69344,0.910655573627582,509266000.0,268922000.0,5013076000.0,781000.0,4651181000.0,101522000.0,4574875400.0,0.5236771091206978
カカクコム,2371,サービス業,プライム（内国株式）,2025-03-31,東京都,455814774784,7.5696597,18.57166,22.989424,19.385784460619664,0.4992,0.020973155,100.22,124.06,90.33999996934581,78435000000.0,29882000000.0,0.2849,20032000000.0,0.22788,0.33813,0.6610519336071184,31370000000.0,27514000000.0,71541000000.0,4250000000.0,50859000000.0,6030000000.0,44392000000.0,0.09739043676466243
ケア２１,2373,サービス業,スタンダード（内国株式）,2024-10-31,大阪府,6309039616,1.473042,,8.81132,1357.2716551701587,0.3207,0.0372807,53.0,,0.4567275673858673,45396768000.0,-460644000.0,0.03234,278421000.0,0.0126600005,0.1454,0.14877059000286846,26940941000.0,11958667000.0,12193725000.0,19493872000.0,3076769000.0,1509769000.0,-13690377700.0,-2.169962234074518
セントケア・ホールディング,2374,サービス業,プライム（内国株式）,2025-03-31,東京都,29983614976,1.7416139,12.471795,17.391304,10.761209053329921,0.4289,0.024671054,69.92,97.5,80.340000617743,56298350000.0,2429584000.0,0.042600002,1487309000.0,0.03042,0.1042,0.5532499848444569,13618681000.0,7442303000.0,17071094000.0,4408605000.0,7186572000.0,149288000.0,3556914600.0,0.11862861108799211
ギグワークス,2375,サービス業,スタンダード（内国株式）,2024-10-31,東京都,4619802624,1.7041007,8.262411,,-26.55256517214678,1.1315,0.0045454544,-34.32,28.2,-36.63414526915596,25369014000.0,-404147000.0,0.0315,-725553000.0,-0.00927,-0.07795,0.30827022672678284,5715832000.0,4189827000.0,5715588000.0,2425583000.0,1743911000.0,45530000.0,31627000.0,0.006845963469455789
サイネックス,2376,サービス業,スタンダード（内国株式）,2025-03-31,東京都,4278891008,0.5421121,,30.48342,11.701047358563025,0.59900004,0.02,25.03,,67.33312137358476,16491468000.0,478098000.0,-0.03249,274892000.0,0.00833,0.01783,0.5431445968635565,6766447000.0,2533547000.0,7060792000.0,3166920000.0,4657472000.0,1041181000.0,1023171700.0,0.23912076706021113
ルネサンス,2378,サービス業,プライム（内国株式）,2025-03-31,東京都,20050898944,1.6745365,21.285141,42.013477,32.74463622037603,0.4754,0.007561437,25.23,49.8,30.48000020026566,63737043000.0,1946858000.0,0.02106,766000000.0,0.00887,0.048270002,0.21860503560221614,43317094000.0,15586013000.0,12591159000.0,29012326000.0,7680354000.0,42198000.0,-30696396400.0,-1.5309237000162301
ディップ,2379,サービス業,プライム（内国株式）,2025-02-28,東京都,113318420480,3.0304894,10.847899,14.859024,15.123195548118481,0.65139997,0.044413276,145.77,199.67,163.15000076431232,56386193000.0,13405747000.0,0.16111,8951259000.0,0.13413,0.21058,0.7171853063515723,14270635000.0,11046647000.0,26264138000.0,,18156176000.0,5110230000.0,15570664000.0,0.13740629223426323
ＳＢＳホールディングス,2384,陸運業,プライム（内国株式）,2024-12-31,東京都,149734473728,1.5727252,13.368794,25.252865,9.359133033416748,0.4694,0.01864181,149.29,282.0,253.1885938538469,448145000000.0,17704000000.0,0.08061,9619000000.0,0.02424,0.11566,0.2780353433957269,204342000000.0,116005000000.0,157861000000.0,104514000000.0,29703000000.0,15689000000.0,-35498700000.0,-0.23707766899748903
総医研ホールディングス,2385,サービス業,グロース（内国株式）,2025-06-30,大阪府,6408758272,1.0716989,6.0463967,,-6.444498860710142,0.0,0.02173913,-8.06,40.52,-25.315312215672332,4848534000.0,-137540000.0,0.090459995,-210696000.0,0.03346,0.0273,0.8839370728965745,775159000.0,756194000.0,6597302000.0,,4958351000.0,26351000.0,5840588700.0,0.9113448272058653
ウェッジホールディングス,2388,その他金融業,グロース（内国株式）,2024-09-30,東京都,2802035200,0.94345015,,,-9.275081000083789,0.0,0.0,-7.43,,-13.69260279224006,860955000.0,-14733000.0,-0.15493,-942980000.0,-0.27696,-0.075100005,0.8042866112318764,741879000.0,280250000.0,1477324000.0,451992000.0,511589000.0,,735445000.0,0.26246815172057797
デジタルホールディングス,2389,サービス業,プライム（内国株式）,2024-12-31,東京都,37364203520,1.3488804,-62.39067,20.96395,86.28811946094729,0.66660005,0.03137979,102.08,-34.3,13.567906599675938,16155000000.0,985000000.0,0.05053,1341000000.0,0.10321,0.02485,0.6364145425887135,15152000000.0,10322000000.0,37016000000.0,4084000000.0,21741000000.0,8543000000.0,27844100000.0,0.7452079096265452
プラネット,2391,サービス業,スタンダード（内国株式）,2024-07-31,東京都,8288462336,1.4708893,,20.661158,17.93304764466628,0.71970004,0.0,60.5,,66.7215713621291,3172550000.0,642305000.0,0.16853,458101000.0,0.1265,0.07233,0.8275998551632265,1130315000.0,578517000.0,3219530000.0,,2677903000.0,1289289000.0,2991717300.0,0.3609496163125232
日本ケアサプライ,2393,サービス業,スタンダード（内国株式）,2025-03-31,東京都,37029048320,2.1293306,,17.953741,18.78309005322088,0.5273,0.029927319,132.73,,101.56824556152029,32006970000.0,2459284000.0,0.100360006,1792234000.0,0.0617,0.1225,0.6554581732964968,9194017000.0,7966660000.0,5790199000.0,2256851000.0,740611000.0,459756000.0,-3081988800.0,-0.0832316502807707
新日本科学,2395,サービス業,プライム（内国株式）,2025-03-31,鹿児島県,75894833152,2.003931,19.750813,16.3132,10.989783952144874,0.4472,0.02834467,111.75,92.3,132.86399558021665,32413807000.0,2985223000.0,0.04705,4924848000.0,0.13423,0.1229,0.43306910059834763,52330920000.0,29256146000.0,32939848000.0,34474036000.0,12032136000.0,19762231000.0,-5557510300.0,-0.07322646442702598
鉄人化ホールディングス,2404,サービス業,スタンダード（内国株式）,2024-08-31,東京都,6053641728,9.347888,,28.333332,973.8799207350028,0.0,0.0,16.2,,0.4209964609297689,7069182000.0,69256000.0,-0.0040700003,4019000.0,0.04165,0.76223,0.05166717210848754,4102723000.0,2084984000.0,1577500000.0,2645220000.0,738605000.0,,-2525223000.0,-0.417141138088838
ＫＧ情報,2408,サービス業,スタンダード（内国株式）,2024-12-31,岡山県,5175260672,0.88526493,,21.411266,9.896081776382248,1.0912,0.074858755,33.02,,51.352225357113284,2467056000.0,304712000.0,0.12023,241038000.0,0.094569996,0.04301,0.8779646024406544,821148000.0,540380000.0,5521602000.0,,5084617000.0,57420000.0,4740648000.0,0.9160211051104326
キャリアデザインセンター,2410,サービス業,プライム（内国株式）,2024-09-30,東京都,12701466624,2.744236,17.763062,11.507294,8.889470455347878,0.47689998,0.04156276,209.78,135.9,188.28727519027163,,,0.07993,,0.05903,0.25695,0.6054721096665874,2566961000.0,2295513000.0,4267997000.0,0.0,2712308000.0,,1701036000.0,0.1339243766374046
ゲンダイエージェンシー,2411,情報・通信業,スタンダード（内国株式）,2025-03-31,東京都,5136999936,1.3461744,,10.78771,33.84927696490796,0.5082,0.021276595,43.29,,10.098882603075053,7679000000.0,419000000.0,0.09652001,358000000.0,0.06576,0.1295,0.7312913331012878,1544000000.0,1269000000.0,4721000000.0,674000000.0,3693000000.0,163000000.0,3291100000.0,0.6406657662064646
エムスリー,2413,サービス業,プライム（内国株式）,2025-03-31,東京都,1746222972928,4.5100465,35.966503,38.16647,32.16226809161567,0.31059998,0.008035202,67.52,71.65,66.63000002747856,284900000000.0,60299000000.0,0.17283002,40484000000.0,0.13869001,0.12706,0.6505231709643983,168942000000.0,82114000000.0,243425000000.0,24420000000.0,134933000000.0,3442000000.0,76892400000.0,0.044033551953030235
ヒューマンホールディングス,2415,サービス業,スタンダード（内国株式）,2025-03-31,東京都,19873798144,1.1007974,8.458481,7.246377,6.249596926515361,0.2857,0.039632548,264.27,226.4,202.20069652829537,100328796000.0,3404820000.0,0.02123,2607053000.0,0.02691,0.16059,0.35661683770142544,32647693000.0,24418537000.0,41590435000.0,9804868000.0,27836939000.0,409201000.0,9229182700.0,0.46438947568692784
ツカダ・グローバルホールディング,2418,サービス業,スタンダード（内国株式）,2024-12-31,東京都,26514040832,0.7570166,,4.096562,3.6714511548906064,0.087799996,0.021428572,136.7,,99.16108048764443,63545000000.0,7408000000.0,-0.018609999,5147000000.0,0.09726,0.19542,0.28853022531353223,77681000000.0,20877000000.0,26315000000.0,59404000000.0,21182000000.0,4673000000.0,-48094900000.0,-1.8139407834792913
ＲＯＸＸ,241A,情報・通信業,グロース（内国株式）,2024-09-30,,3680224000,27.44481,,,,0.0,0.0,-118.81,,,3476794000.0,-470040000.0,0.031,-499941000.0,-0.17413001,,0.24458233482147446,2792276000.0,1837428000.0,3559399000.0,1557384000.0,2594956000.0,995000.0,767819500.0,0.2086339038058553
ブラス,2424,サービス業,スタンダード（内国株式）,2024-07-31,愛知県,3526272256,0.84868133,,8.547119,6.667775905966345,0.103199996,0.012158055,77.57,,132.87397318802405,12726515000.0,454320000.0,0.04873,275052000.0,0.030380001,0.10374,0.3502989624042005,7026455000.0,3233171000.0,2122278000.0,4252638000.0,1635688000.0,,-4904177000.0,-1.3907539304872096
ケアサービス,2425,サービス業,スタンダード（内国株式）,2025-03-31,東京都,3042140672,1.0677929,,11.601332,8.27468005635041,0.2891,0.025,69.13,,99.5616672514794,9862197000.0,520964000.0,-0.00303,374023000.0,0.03313,0.11739001,0.7096795101946884,1195932000.0,907360000.0,3355957000.0,67314000.0,1843945000.0,,2160025000.0,0.7100345555618014
ウェルネット,2428,サービス業,スタンダード（内国株式）,2024-06-30,北海道,12218586112,1.440019,13.630705,11.560795,16.544520720379854,0.5101,0.04447853,56.83,48.2,33.44000038728065,10132265000.0,1222367000.0,0.13723,836790000.0,0.09722,,0.3087143266954724,18762443000.0,16917841000.0,21746583000.0,1725000000.0,16657168000.0,152819000.0,3091113300.0,0.25298453288013295
ワールドホールディングス,2429,サービス業,プライム（内国株式）,2024-12-31,福岡県,47362854912,0.9933457,7.400056,6.858757,7.42072780317689,0.2182,0.0322729,385.93,357.7,352.14999092095564,242226000000.0,9219000000.0,0.03768,4981000000.0,0.02744,0.16641001,0.25619085851924067,126914000000.0,85195000000.0,148625000000.0,85892000000.0,42739000000.0,1437000000.0,22716900000.0,0.4796353607105803
ディー・エヌ・エー,2432,情報・通信業,プライム（内国株式）,2025-03-31,東京都,269011632128,0.98063564,25.328016,6.093896,-5.695012519323762,0.0833,0.013574661,395.97,95.27,-257.59342894448446,163997000000.0,28973000000.0,0.26905,24193000000.0,0.25,0.1724,0.6132454564826936,141312000000.0,88795000000.0,142688000000.0,48406000000.0,92803000000.0,108473000000.0,77307100000.0,0.2873745621647173
博報堂ＤＹホールディングス,2433,サービス業,プライム（内国株式）,2025-03-31,東京都,427571183616,1.1262304,21.01888,26.952948,19.241026315912503,0.73160005,0.013846819,43.78,56.14,67.85999995447501,953316000000.0,37584000000.0,0.04185,10768000000.0,0.01802,0.0424,0.3717238102402325,636511000000.0,469834000000.0,713273000000.0,121558000000.0,211504000000.0,126834000000.0,165545800000.0,0.3871771680213979
シダー,2435,サービス業,スタンダード（内国株式）,2025-03-31,福岡県,2401500160,1.4934748,,5.602094,13.167709414534544,0.1571,0.027906977,38.2,,18.089526761048848,17829000000.0,892000000.0,0.02863,444000000.0,0.02379,0.29398,0.07423886417037444,18507000000.0,6466000000.0,4598000000.0,14471000000.0,1481000000.0,,-13909000000.0,-5.791796407792036
共同ピーアール,2436,サービス業,スタンダード（内国株式）,2024-12-31,東京都,7508764672,1.8877368,,12.315623,9.570056498081916,0.1718,0.014002333,69.83,,55.98999898492499,7323625000.0,1074737000.0,0.15838,526170000.0,0.08434,0.19353001,0.6115795120747279,1921037000.0,1566636000.0,4745510000.0,539067000.0,3259899000.0,116194000.0,2905808800.0,0.3869889291957291
Ｓｈｉｎｗａ　Ｗｉｓｅ　Ｈｏｌｄｉｎｇｓ,2437,サービス業,スタンダード（内国株式）,2025-05-31,東京都,2776490240,1.3071963,,,-5.2610655609543695,0.0,0.0,-13.23,,-98.8392929104025,2067589000.0,12323000.0,-0.98551005,-142340000.0,-0.24497,-0.17584999,0.7086672425752167,965193000.0,712879000.0,2643516000.0,292573000.0,1221441000.0,7564000.0,1683617800.0,0.6063834749874719
アスカネット,2438,サービス業,グロース（内国株式）,2025-04-30,広島県,5793994240,1.1071067,,,48.67581544522743,0.7642,0.019178081,-16.29,,13.009356331063158,7263016000.0,173663000.0,-0.01082,-263056000.0,-0.03424,-0.04445,0.8483479718630271,962873000.0,957331000.0,3073565000.0,,1686873000.0,331602000.0,2342813400.0,0.404352041606448
ぐるなび,2440,サービス業,プライム（内国株式）,2025-03-31,東京都,9869149184,1.917094,-15.217391,203.48837,-33.184855162576554,0.0,0.0,0.86,-11.5,-8.980000019287791,13458275000.0,262474000.0,0.024300002,211017000.0,0.00664,0.01592,0.44437733193385476,6150898000.0,3647504000.0,8644503000.0,3400000000.0,5042128000.0,367422000.0,2750800400.0,0.27872720826427827
タカミヤ,2445,サービス業,プライム（内国株式）,2025-03-31,大阪府,20951281664,0.9401938,,16.666666,14.094037848701902,0.5102,0.034632035,27.42,,39.0000003100159,43827000000.0,2062000000.0,0.07944,1230000000.0,0.02984,0.05933,0.29840428365922533,52494000000.0,25210000000.0,28888000000.0,40020000000.0,8844000000.0,532000000.0,-23233600000.0,-1.1089345450365284
プラップジャパン,2449,サービス業,スタンダード（内国株式）,2024-08-31,東京都,4950579712,0.92305297,,17.920282,10.535172604401964,0.6425,0.036804307,62.22,,99.88418402380407,6885124000.0,572611000.0,0.099709995,226653000.0,0.06443,0.09516,0.7376968874659421,1559402000.0,1511729000.0,6058517000.0,0.0,4415680000.0,82596000.0,4556932200.0,0.9204845624350185
グロースエクスパートナーズ,244A,情報・通信業,グロース（内国株式）,2024-08-31,東京都,6457327104,1.9180292,,12.625901,,0.0,0.0,153.89,,,4422114000.0,1954849000.0,0.13659,417459000.0,0.11797,0.22634001,0.5404436245825486,1625285000.0,1331934000.0,1978913000.0,841819000.0,1114214000.0,418925000.0,646875500.0,0.10017697564047702
オールアバウト,2454,サービス業,スタンダード（内国株式）,2025-03-31,東京都,5440024064,1.3627297,,93.46246,-11.975938788546838,0.7264,0.007832898,4.13,,-32.95940256267389,15954371000.0,10801000.0,-0.01123,-39054000.0,0.00348,0.01723,0.4820961577147455,3963657000.0,3877676000.0,5999469000.0,,1632761000.0,558510000.0,2426769000.0,0.4460952693315145
アウンコンサルティング,2459,サービス業,スタンダード（内国株式）,2025-05-31,東京都,1950727936,6.312978,,,-11.429845853940291,0.0,0.0,-15.34,,-18.460441435197527,270833000.0,-105018000.0,-0.46939,-115137000.0,-0.44358003,-0.30811,0.44024270235282353,425476000.0,207231000.0,629324000.0,228685000.0,442955000.0,91718000.0,268050600.0,0.13741055072479363
ＩＮＧＳ,245A,小売業,グロース（内国株式）,2024-08-31,東京都,7612874752,3.889103,,21.185848,,0.0,0.0,143.02,,,6418581000.0,450593000.0,0.056999996,285899000.0,0.03518,0.19927,0.22319254817485804,2680820000.0,1251541000.0,1306961000.0,1728013000.0,1005752000.0,,-1373859000.0,-0.18046520463758708
ファンコミュニケーションズ,2461,サービス業,プライム（内国株式）,2024-12-31,東京都,36105392128,2.09592,36.092716,28.165375,20.183888885081508,0.9809,0.05,19.35,15.1,18.6130567081095,6961663000.0,1595823000.0,0.24160999,1419402000.0,0.1985,0.08226,0.7732054878154511,5297202000.0,5182938000.0,20785954000.0,,16917898000.0,1140546000.0,16287134200.0,0.45109977319341193
ライク,2462,サービス業,プライム（内国株式）,2025-05-31,大阪府,28804286464,1.6465627,9.6963825,13.736616,11.623525771443019,0.53069997,0.038692463,109.27,154.8,127.55252894645704,62336226000.0,2951072000.0,0.029289998,2097221000.0,0.03435,0.12952,0.4400391589237566,22648436000.0,12232112000.0,17232215000.0,11853254000.0,8837256000.0,441087000.0,-5107460100.0,-0.17731597366188448
Ａｏｂａ‐ＢＢＴ,2464,サービス業,スタンダード（内国株式）,2025-03-31,東京都,4343520256,0.9630855,,17.948717,21.264071862064736,0.5759,0.03188406,19.11,,17.51642069698264,7700028000.0,440721000.0,0.061240003,242700000.0,0.03153,0.0538,0.6164435969709804,2839234000.0,2452142000.0,3179192000.0,112500000.0,2765020000.0,13487000.0,349398900.0,0.08044141143749739
ヒビノ,2469,サービス業,スタンダード（内国株式）,2025-03-31,東京都,26136475648,2.101172,8.312835,11.534086,11.123447521920136,0.3065,0.0263059,228.54,317.1,163.97903648457972,59473000000.0,4171000000.0,0.0896,1722000000.0,0.03548,0.19409999,0.25906782734856726,32105000000.0,21730000000.0,26614000000.0,19125000000.0,3786000000.0,223000000.0,-5334900000.0,-0.20411703826671956
アスア,246A,サービス業,グロース（内国株式）,2024-06-30,愛知県,1739223168,1.7416185,,16.12982,,0.1415,0.0088685015,40.98,,,1363674000.0,164255000.0,0.066300005,118266000.0,0.084,,0.4897608127925344,595318000.0,539252000.0,776224000.0,227000000.0,556209000.0,,180906000.0,0.10401540373224835
エスプール,2471,サービス業,プライム（内国株式）,2024-11-30,東京都,21712814080,2.2790809,11.314611,12.019023,16.87283176397091,0.4322,0.035971224,23.13,24.57,21.899999941768787,25554000000.0,2783000000.0,0.08365,2099000000.0,0.0,0.19778,0.2476708465528529,29888000000.0,11527000000.0,8777000000.0,24002000000.0,3814000000.0,1134000000.0,-20317200000.0,-0.9357239427898237
ＷＤＢホールディングス,2475,サービス業,プライム（内国株式）,2025-03-31,兵庫県,31461623808,0.96360266,8.989899,10.309544,12.124455657693202,0.4023,0.039343245,155.39,178.2,180.66611263446487,51136663000.0,5068340000.0,0.081549995,3051142000.0,0.06302,0.10476,0.7638674194899335,8512179000.0,6936261000.0,27406101000.0,,20574579000.0,127731000.0,18983333700.0,0.6033806079383911
手間いらず,2477,情報・通信業,スタンダード（内国株式）,2025-06-30,東京都,19527424000,11.454545,18.727705,19.011406,21.89295601050982,0.2293,0.0,165.69,168.2,150.69462878025593,2185279000.0,1608944000.0,0.18621,1067422000.0,0.18045999,0.06313,0.937702192178492,449670000.0,449668000.0,7144462000.0,,6588033000.0,,6694792000.0,0.3428405098388809
ジェイテック,2479,サービス業,スタンダード（内国株式）,2025-03-31,東京都,1897587840,1.3942571,,10.080816,12.128397802197801,0.42520002,0.042372882,23.51,,20.53032923729451,3393007000.0,329229000.0,0.047849998,228153000.0,0.055749997,0.14495,0.6397788520759896,798928000.0,535136000.0,2071342000.0,82857000.0,1500073000.0,5031000.0,1275935700.0,0.6723987544102307
Ａｉロボティクス,247A,化学,グロース（内国株式）,2025-03-31,東京都,90592247808,23.622429,,70.93024,,0.0,0.0,20.64,,,14206033000.0,2480288000.0,0.11314999,1703320000.0,0.07357,,0.47512891011560787,3656505000.0,2741488000.0,6557367000.0,1683329000.0,3932150000.0,,2900862000.0,0.03202108425599559
システム・ロケーション,2480,情報・通信業,スタンダード（内国株式）,2025-03-31,東京都,5838982144,1.5052803,,16.025951,12.726874245102742,0.3679,0.02304427,103.27,,105.98214338857275,1666925000.0,536162000.0,0.37327,330829000.0,0.21556,0.09681,0.8445270279983653,681339000.0,163150000.0,2416683000.0,,2166895000.0,979134000.0,2420737800.0,0.41458215495443723
タウンニュース社,2481,サービス業,スタンダード（内国株式）,2025-06-30,神奈川県,3698817536,0.7200345,,9.506243,8.282470547140568,0.28370002,0.0,70.48,,89.2252559176745,3677022000.0,462352000.0,0.11026,389136000.0,0.10583,0.08026,0.8819199914364715,683920000.0,525519000.0,2618148000.0,,2278376000.0,1342502000.0,2873979400.0,0.776999506471465
翻訳センター,2483,サービス業,スタンダード（内国株式）,2025-03-31,大阪府,6428991488,0.95319414,9.234841,8.873168,9.089622999869416,0.3469,0.039103232,216.27,207.8,212.8800087160159,11210147000.0,890488000.0,0.05007,723716000.0,0.06584,0.11186,0.7651120086226292,2075537000.0,1848387000.0,7667084000.0,,4825751000.0,346316000.0,5833968200.0,0.9074468695267932
出前館,2484,情報・通信業,スタンダード（内国株式）,2025-08-31,東京都,16286026752,0.5689435,192.10527,,-9.861653071524966,0.0,0.0,-43.62,0.76,-28.18999999125007,39721000000.0,-4923000000.0,-0.19338,-4971000000.0,-0.12515001,-0.15255,0.7368719110378913,10222000000.0,10036000000.0,38440000000.0,,28536000000.0,,28218000000.0,1.732650966972942
ティア,2485,サービス業,スタンダード（内国株式）,2024-09-30,愛知県,11072301056,1.2870249,,8.856886,12.082911908726683,0.36,0.0,55.55,,35.125940520430206,18839000000.0,1439000000.0,-0.03748,752000000.0,0.04132,0.10615,0.2995315816438557,19141000000.0,5880000000.0,5740000000.0,12235000000.0,4293000000.0,1000000.0,-13400300000.0,-1.2102543032587136
ＪＴＰ,2488,サービス業,スタンダード（内国株式）,2025-03-31,東京都,8398409728,2.8134258,,13.175313,11.625243816913528,0.3577,0.014112903,111.8,,85.66427144893963,9211357000.0,820163000.0,0.053260002,562703000.0,0.042680003,0.11047,0.6183623595296531,2255941000.0,1506919000.0,5221856000.0,,3295753000.0,,2965915000.0,0.35315197710725454
アドウェイズ,2489,サービス業,プライム（内国株式）,2024-12-31,東京都,10786665472,0.8047938,9.822064,,19.891015825466873,0.44419998,0.010791367,-18.66,28.1,25.072288500972526,12684500000.0,166387000.0,0.00945,-473463000.0,-0.04838,-0.03903,0.5948773871871057,8999450000.0,8633050000.0,18379481000.0,,10035171000.0,2779210000.0,11325478000.0,1.0499517232084974
キッズスター,248A,情報・通信業,グロース（内国株式）,2024-12-31,東京都,4714115072,2.0247786,,36.495625,,0.0,0.0,50.28,,,908174000.0,169032000.0,0.0,104916000.0,0.0,,0.8348863344341269,430486000.0,428403000.0,2302397000.0,,2168673000.0,,1871911000.0,0.39708640357941605
バリューコマース,2491,サービス業,プライム（内国株式）,2024-12-31,東京都,14956665856,1.0694789,5.8944135,4.670683,12.550430155485984,0.3858,0.08309038,147.73,117.06,105.14024471701194,30410000000.0,4160000000.0,0.040170003,2855000000.0,0.10399,0.23014,0.6563393221723153,6733000000.0,6671000000.0,17642000000.0,,11775000000.0,727000000.0,11417900000.0,0.7633987487538613
インフォマート,2492,サービス業,プライム（内国株式）,2024-12-31,東京都,81271013376,6.9343843,46.203346,63.652485,355.30804018595796,0.5694,0.008963586,5.64,7.77,1.3107112283449358,15630970000.0,1200437000.0,0.20533001,655426000.0,0.08922,0.14054,0.7353893371742004,3762581000.0,3683594000.0,7753297000.0,1270000000.0,4311437000.0,437854000.0,4297213800.0,0.05287511034369608
イーサポートリンク,2493,サービス業,スタンダード（内国株式）,2024-11-30,東京都,4145717248,1.1638739,,36.1079,79.5116841505777,0.1925,0.005353319,25.95,,10.613500995262923,5406867000.0,163833000.0,0.00059,135268000.0,0.01287,0.02249,0.6482172905431878,1915180000.0,1346230000.0,3925456000.0,496381000.0,1851700000.0,454043000.0,2328106100.0,0.5615689543523833
ユナイテッド,2497,サービス業,グロース（内国株式）,2025-03-31,東京都,18759241728,1.0127002,10.04008,,13.535331101963761,0.6102,0.045544554,-20.29,49.9,60.3500004998783,12035735000.0,2646466000.0,-0.08369,1480452000.0,-0.07723,-0.03898,0.8523229853608245,3072192000.0,2870565000.0,21741732000.0,258009000.0,12611361000.0,1364021000.0,19624354700.0,1.0461166279822887
オリエンタルコンサルタンツホールディングス,2498,サービス業,スタンダード（内国株式）,2024-09-30,東京都,36940206080,1.2982427,,11.350612,2.5477384309504907,0.3234,0.07855974,270.47,,474.2405382156132,86282137000.0,4664613000.0,0.016970001,2597663000.0,0.04005,0.14443,0.3739324834706747,40709427000.0,39406203000.0,51786418000.0,14027570000.0,10542000000.0,2392349000.0,12751635300.0,0.34519664758730007
日本和装ホールディングス,2499,サービス業,スタンダード（内国株式）,2024-12-31,東京都,3290812928,0.9151322,,10.930443,17.486869637835277,0.42159998,0.038674034,33.21,,19.05544034592305,4704858000.0,480316000.0,0.1165,296470000.0,0.064899996,0.08550999,0.3888619432761966,5709168000.0,3732895000.0,9041452000.0,4579045000.0,2749609000.0,,3332284000.0,1.0126020752037108
サッポロホールディングス,2501,食料品,プライム（内国株式）,2024-12-31,東京都,631628627968,3.04737,47.085148,185.16571,54.4984872571131,1.1855999,0.0064118374,43.75,172.05,111.94230941962968,530783000000.0,10416000000.0,0.09,7714000000.0,0.0,,0.2947983572018293,467806000000.0,207007000000.0,193918000000.0,236584000000.0,24140000000.0,67528000000.0,-226618400000.0,-0.3587842443573997
アサヒグループホールディングス,2502,食料品,プライム（内国株式）,2024-12-31,東京都,2724256546816,1.019635,12.668623,15.698077,15.494169175882387,0.45900002,0.029666947,115.46,143.07,107.91999998989687,2939422000000.0,269053000000.0,0.07999,192080000000.0,0.05974,0.063590005,0.49391096910189036,2729354000000.0,1510308000000.0,857891000000.0,1279176000000.0,83961000000.0,143540000000.0,-1770985000000.0,-0.6500801116069098
キリンホールディングス,2503,食料品,プライム（内国株式）,2024-12-31,東京都,1987708846080,1.6992127,14.264535,36.900288,14.11151318532791,1.0914,0.029549623,66.49,172.0,139.1573532480586,2338385000000.0,125340000000.0,0.121470004,58214000000.0,0.03415,0.06677,0.3522567057793026,1820445000000.0,744065000000.0,1041193000000.0,857569000000.0,118617000000.0,103360000000.0,-706900000000.0,-0.3556355858626335
シマダヤ,250A,食料品,スタンダード（内国株式）,2025-03-31,東京都,27020204032,1.388073,,11.001053,,0.2972,0.012457531,161.53,,,39625126000.0,3372804000.0,0.14152001,2554330000.0,0.060500003,,0.7274491154083912,6766049000.0,5273016000.0,12240791000.0,110067000.0,5579695000.0,,5474742000.0,0.20261660472719853
宝ホールディングス,2531,食料品,プライム（内国株式）,2025-03-31,京都府,289503608832,1.2203808,16.036325,22.780392,12.896033763670427,0.4709,0.02087542,65.89,93.6,82.09000669873942,362693000000.0,20597000000.0,0.04646,16202000000.0,0.03437,0.03737,0.513470844055638,176685000000.0,73419000000.0,245433000000.0,91591000000.0,83302000000.0,34467000000.0,92874900000.0,0.32080739986179463
オエノンホールディングス,2533,食料品,プライム（内国株式）,2024-12-31,東京都,30765307904,1.219297,33.090908,9.389509,5.924033611051685,0.1376,0.014897579,58.15,16.5,58.28836199240788,84104000000.0,3448000000.0,0.03806,2729000000.0,0.03979,0.14036,0.4240657349432175,31262000000.0,24897000000.0,26175000000.0,3721000000.0,887000000.0,3654000000.0,-2529200000.0,-0.08220948114324453
ＥＴＳグループ,253A,建設業,スタンダード（内国株式）,2023-09-30,東京都,6598183424,1.9952161,,28.329231,,0.1367,0.0,36.57,,,8074214000.0,281345000.0,0.0591,76035000.0,0.04007,0.13346,0.40527903986617725,3969110000.0,2563373000.0,5155485000.0,2220636000.0,2871980000.0,68834000.0,1234558800.0,0.1871058624271431
養命酒製造,2540,食料品,プライム（内国株式）,2025-03-31,東京都,61413285888,1.2911714,,83.333336,26.696755050562643,0.84349996,0.0,53.16,,68.90311195009286,10017259000.0,128302000.0,0.01585,679583000.0,0.0739,0.015800001,0.8606700251138947,7456798000.0,1255191000.0,10172947000.0,,5710818000.0,24834328000.0,20100178600.0,0.3272936516807925
ＡＩフュージョンキャピタルグループ,254A,証券、商品先物取引業,スタンダード（内国株式）,2025-03-31,東京都,8076082176,1.9358783,,11.1726465,,0.0,0.0,83.06,,,3088000000.0,1426000000.0,-0.50426996,668000000.0,-0.27016002,-0.030940002,0.5831170813616242,2731000000.0,24000000.0,169000000.0,2700000000.0,166000000.0,,-2562000000.0,-0.31723302761995076
ジーエルテクノホールディングス,255A,精密機器,スタンダード（内国株式）,2025-03-31,東京都,39195480064,0.867771,,8.598453,,0.3067,0.0359543,348.9,,,43261049000.0,6344481000.0,0.14419,4064741000.0,0.09394,,0.7607161974855616,13968236000.0,9890108000.0,34341419000.0,5132973000.0,7897107000.0,3603807000.0,22895847900.0,0.5841451071045619
飛島ホールディングス,256A,建設業,プライム（内国株式）,2025-03-31,東京都,44741591040,0.8761524,,12.018934,,0.4628,0.0397351,194.36,,,138259000000.0,6427000000.0,0.043369997,3723000000.0,0.0327,0.09084,0.3204319000292684,106717000000.0,90740000000.0,127794000000.0,36411000000.0,25839000000.0,4054000000.0,23914800000.0,0.5345093780554121
北海道コカ・コーラボトリング,2573,食料品,スタンダード（内国株式）,2024-12-31,北海道,57762131968,1.3404686,,38.31573,25.470602261491543,0.2709,0.007151371,110.79,,96.41753732119305,56860000000.0,2204000000.0,0.063990004,1545000000.0,0.02508,0.03442,0.8112996744553388,9796000000.0,8354000000.0,23653000000.0,1091000000.0,10246000000.0,693000000.0,14342100000.0,0.2482958906008779
コカ・コーラ　ボトラーズジャパンホールディングス,2579,食料品,プライム（内国株式）,2024-12-31,東京都,485060444160,1.2582142,30.849812,,186.91662111638945,2.6566,0.019553073,-335.93,93.55,10.35939515749492,892681000000.0,13375000000.0,-0.25881,7309000000.0,-0.05718,-0.119540006,0.5797441531648828,337710000000.0,157943000000.0,292458000000.0,142664000000.0,88473000000.0,10908000000.0,-37616400000.0,-0.07754992280424336
ライフドリンク　カンパニー,2585,食料品,プライム（内国株式）,2025-03-31,大阪府,107823218688,6.956464,23.329966,29.584284,20.148692281410955,0.1709,0.0057553956,70.24,89.07,60.34000012240127,44537000000.0,4742000000.0,0.13274999,3392000000.0,0.0748,0.25915,0.4284939922305538,18978000000.0,10811000000.0,12443000000.0,12194000000.0,3014000000.0,123000000.0,-6448900000.0,-0.059809937771016654
フルッタフルッタ,2586,食料品,グロース（内国株式）,2025-03-31,東京都,12920100864,2.2112405,,28.509718,-4.210920741934853,0.0,0.0,4.63,,-9.024154651398067,2549464000.0,229644000.0,0.09495,270978000.0,0.120620005,0.11846,0.8331396079682568,592017000.0,588252000.0,3404526000.0,0.0,1886776000.0,,2812509000.0,0.21768475568458226
サントリー食品インターナショナル,2587,食料品,プライム（内国株式）,2024-12-31,東京都,1530166509568,1.2217736,14.928252,17.360819,16.6361916610414,0.4382,0.025298523,285.24,331.72,267.776827284694,1696765000000.0,160110000000.0,0.1163,93495000000.0,0.050440002,0.081949994,0.5877396464194921,742755000000.0,544176000000.0,660541000000.0,27216000000.0,160493000000.0,14534000000.0,-72040200000.0,-0.04707997433582477
プレミアムウォーターホールディングス,2588,食料品,スタンダード（内国株式）,2025-03-31,東京都,99759218688,3.579022,,15.898138,15.747166514217886,0.5201,0.032786883,211.66,,188.7538391165131,76895000000.0,11483000000.0,0.16632,5631000000.0,0.082200006,0.24687,0.22357150505014453,87004000000.0,43076000000.0,47324000000.0,67770000000.0,31900000000.0,10103000000.0,-32607900000.0,-0.3268660323211051
ダイドーグループホールディングス,2590,食料品,プライム（内国株式）,2025-01-31,大阪府,80632430592,0.89977497,25.071339,,20.662117012279396,0.2486,0.012067579,-77.71,101.63,140.76999948472388,237189000000.0,4790000000.0,0.0437,3804000000.0,-0.010369999,-0.034679998,0.49616997846118965,91741000000.0,63547000000.0,92044000000.0,35068000000.0,30657000000.0,9815000000.0,7173500000.0,0.08896544414365853
伊藤園,2593,食料品,プライム（内国株式）,2025-04-30,東京都,373806563328,2.0951612,19.096365,27.700974,29.73592757271158,0.3752,0.013501074,117.18,169.98,126.15999988456159,472716000000.0,22970000000.0,0.06389,14156000000.0,0.03224,0.0876,0.5059808820712831,168628000000.0,108120000000.0,231995000000.0,73071000000.0,89908000000.0,4939000000.0,66824300000.0,0.17876705910421484
伊藤園第１種優先株式,25935,食料品,プライム（内国株式）,2025-04-30,東京都,338488295424,1.1644088,,15.384615,14.175237984284278,0.47759998,0.024417315,117.26,,126.15999988456159,472716000000.0,22970000000.0,0.06389,14156000000.0,0.03224,0.0876,0.5059808820712831,168628000000.0,108120000000.0,231995000000.0,73071000000.0,89908000000.0,4939000000.0,66824300000.0,0.19741982486069126
キーコーヒー,2594,食料品,プライム（内国株式）,2025-03-31,,42996867072,1.376076,,74.08638,235.58652380155706,0.4425,0.002997003,27.09,,8.42000008232889,77783000000.0,614000000.0,0.013459999,342000000.0,0.00546,0.01481,0.5272256870673703,27279000000.0,24935000000.0,39580000000.0,8223000000.0,5080000000.0,3782000000.0,14948400000.0,0.34766253957452986
ユニカフェ,2597,食料品,スタンダード（内国株式）,2024-12-31,東京都,14855216128,2.1807423,,23.472193,27.57419182756958,0.1692,0.0073193046,47.29,,33.12100157949458,12935995000.0,538346000.0,0.01497,457775000.0,0.03855,0.08843,0.46020533331959484,7648593000.0,6314190000.0,8616192000.0,1831250000.0,3562283000.0,86637000.0,1028244900.0,0.0692177677618505
日清オイリオグループ,2602,食料品,プライム（内国株式）,2025-03-31,東京都,165330386944,0.82690805,10.075854,7.1326675,10.300434920245246,0.24219999,0.034351144,743.06,526.01,467.35776872763176,530878000000.0,19279000000.0,0.02327,12850000000.0,0.04417,0.12347999,0.4820318255108927,190158000000.0,106299000000.0,228661000000.0,98298000000.0,17147000000.0,33725000000.0,62110500000.0,0.375675041642755
不二製油,2607,食料品,プライム（内国株式）,2025-03-31,大阪府,310225108992,1.4144859,19.3843,35.45946,30.458478966184952,0.5103,0.014336918,101.75,186.13,75.89223395840119,671211000000.0,9895000000.0,0.04666,2230000000.0,0.013359999,0.04736,0.35284730556989696,382043000000.0,273204000000.0,354830000000.0,288780000000.0,70616000000.0,16631000000.0,-15571300000.0,-0.050193551549051266
かどや製油,2612,食料品,スタンダード（内国株式）,2025-03-31,東京都,35848089600,0.9924171,,13.550182,15.11705509870481,0.3479,0.02567394,287.45,,245.02599937738404,39450000000.0,3166000000.0,0.11823,2357000000.0,0.0655,0.07497,0.8100192943770672,8271000000.0,6018000000.0,30369000000.0,65000000.0,7881000000.0,2213000000.0,23647100000.0,0.6596474251169022
Ｊ－オイルミルズ,2613,食料品,プライム（内国株式）,2025-03-31,東京都,67383017472,0.62929296,15.144981,13.003511,8.964076417663538,0.415,0.03222608,156.65,134.5,205.3463208633011,230783000000.0,8572000000.0,0.02704,6996000000.0,0.022850001,0.049489997,0.6218236524764345,63878000000.0,37540000000.0,101415000000.0,25123000000.0,3250000000.0,19753000000.0,51364100000.0,0.7622707015360892
日水コン,261A,サービス業,スタンダード（内国株式）,2024-12-31,東京都,29237823488,2.080452,,17.300941,,0.66650003,0.0259366,142.42,,,23533494000.0,2176648000.0,-0.01296,1491884000.0,0.0695,,0.6195884627545886,8619374000.0,7507192000.0,18760392000.0,,9774949000.0,598489000.0,10559960300.0,0.3611746375147964
インターメスティック,262A,小売業,プライム（内国株式）,2024-12-31,東京都,62546399232,2.396597,,15.503641,,0.3049,0.019410914,131.84,,,44845000000.0,5012000000.0,0.17555,3515000000.0,0.08137,,0.6617587968543711,11785000000.0,11374000000.0,27948000000.0,3328000000.0,20045000000.0,,16163000000.0,0.25841615502192944
Ｓｃｈｏｏ,264A,サービス業,グロース（内国株式）,2024-09-30,,8614441984,11.345827,,25.636295,,,0.0,,,,2852780000.0,116261000.0,,184387000.0,,,0.26906549404033175,1765440000.0,1101440000.0,2283149000.0,880000000.0,2045007000.0,,517709000.0,0.060097798668975286
まんだらけ,2652,小売業,スタンダード（内国株式）,2024-09-30,,11144126464,3.6383538,,9.863254,10.314352252526197,0.0291,0.00048265894,34.37,,41.75,,,0.1009,,0.03299,0.09157,0.6005174391553832,7227663000.0,4521958000.0,11820708000.0,5061294000.0,1251747000.0,1253000.0,4593922100.0,0.41222810193694515
イオン九州,2653,小売業,スタンダード（内国株式）,2025-02-28,福岡県,97816879104,1.6841744,,12.80436,16.27863527342499,0.201,0.015756303,223.83,,205.07000184927895,531617000000.0,10546000000.0,0.02484,6035000000.0,0.01411,0.13009,0.3061679629855648,125010000000.0,87489000000.0,53212000000.0,36292000000.0,7638000000.0,399000000.0,-71518700000.0,-0.7311488636226118
アスモ,2654,小売業,スタンダード（内国株式）,2025-03-31,東京都,5305005568,0.7918532,,18.726234,10.4081818988369,0.4757,0.025445292,21.04,,34.89772727272727,20529656000.0,296839000.0,0.0394,143692000.0,0.01368,0.04243,0.7099903055671093,2685097000.0,2372543000.0,8158413000.0,58195000.0,5385649000.0,1000.0,5473316700.0,1.031726853033908
ベクターホールディングス,2656,小売業,スタンダード（内国株式）,2025-03-31,東京都,3504472320,5.0678673,,,-2.7963860138797485,0.0,0.0,-37.54,,-50.06461887061217,162103000.0,-574043000.0,-6.0454497,-779822000.0,0.0,,0.6711156257781198,116233000.0,86040000.0,282035000.0,3473000.0,80387000.0,,165802000.0,0.047311545037399524
サンエー,2659,小売業,プライム（内国株式）,2025-02-28,沖縄県,177750147072,1.1731057,14.685743,15.576392,12.559967174866529,0.4336,0.028021015,184.51,195.7,172.79644100472646,237155000000.0,16927000000.0,0.06664,11469000000.0,0.04779,0.07989,0.7870717064803581,36679000000.0,29596000000.0,85818000000.0,277000000.0,59843000000.0,439000000.0,49446300000.0,0.27817867278597036
Ｈｍｃｏｍｍ,265A,情報・通信業,グロース（内国株式）,2024-12-31,東京都,4412899840,2.575249,,156.3135,,0.0,0.0,6.89,,,946358000.0,94799000.0,-0.06726,96118000.0,0.101569995,0.0621,0.9064888300999412,178149000.0,178149000.0,1835881000.0,0.0,1375076000.0,,1657732000.0,0.37565593149741644
カワチ薬品,2664,小売業,プライム（内国株式）,2025-03-31,栃木県,67561099264,0.5868602,,14.619883,12.154297795079145,0.3866,0.026359143,206.91,,210.78999689875272,287816000000.0,7461000000.0,0.026180001,4884000000.0,0.01619,0.040700004,0.5731835010846639,85193000000.0,60858000000.0,90472000000.0,16599000000.0,36674000000.0,154000000.0,5386800000.0,0.0797322728416641
オートウェーブ,2666,小売業,スタンダード（内国株式）,2025-03-31,千葉県,2283224576,0.6614199,,7.5417657,8.54748204042899,0.1432,0.012903226,20.95,,18.20897115029498,8871344000.0,274464000.0,0.02678,268748000.0,0.01831,0.04,0.5504339884626115,3380847000.0,1682200000.0,1825971000.0,1580000000.0,529690000.0,,-1554876000.0,-0.6810000279184101
イメージ　ワン,2667,卸売業,スタンダード（内国株式）,2024-09-30,東京都,2307086848,1.5901518,,,-10.954832470074189,0.0,0.0,-69.65,,-61.434075038432994,1563081000.0,-844814000.0,-0.77457,-889625000.0,-0.54144,-0.54605997,0.468724529754345,833695000.0,825228000.0,1288419000.0,16240000.0,553823000.0,213491000.0,604167700.0,0.26187471031866416
タビオ,2668,卸売業,スタンダード（内国株式）,2025-02-28,大阪府,8553710080,1.7389114,,14.065122,17.39210332295169,0.3355,0.023847377,89.37,,69.05518385422606,16852068000.0,739779000.0,0.00746,520078000.0,0.03607,0.12988,0.5669039618612942,3690912000.0,2400424000.0,3994799000.0,949358000.0,2065418000.0,387450000.0,575102000.0,0.06723421703813463
カネ美食品,2669,小売業,スタンダード（内国株式）,2025-02-28,愛知県,32094885888,1.3473254,,22.422117,17.43625070351105,0.2514,0.0147492625,151.19,,191.7434360140583,90481370000.0,3077555000.0,0.03662,1948085000.0,0.012150001,0.04168,0.7774637591433501,8324771000.0,7955969000.0,25405516000.0,13064000.0,18925579000.0,594647000.0,17496997900.0,0.5451646708157319
エービーシー・マート,2670,小売業,プライム（内国株式）,2025-02-28,東京都,672155369472,1.7669052,14.891925,14.749512,15.23415739239628,0.39139998,0.026248632,184.04,182.28,161.5800003142024,372202000000.0,62560000000.0,0.16238001,45358000000.0,0.12181,0.122600004,0.8772464027703146,48980000000.0,47333000000.0,317500000000.0,2829000000.0,195721000000.0,18252000000.0,281296400000.0,0.41849907443418555
夢みつけ隊,2673,小売業,スタンダード（内国株式）,2025-03-31,東京都,2407774720,0.9064146,,26.59218,8.292512545620438,0.0,0.0,8.95,,13.86793198892843,251207000.0,-13296000.0,0.125,90484000.0,0.43831003,0.05284,0.7350935180879642,873602000.0,508590000.0,773254000.0,710479000.0,37207000.0,2200000.0,-98808000.0,-0.041037061806180934
ハードオフコーポレーション,2674,小売業,プライム（内国株式）,2025-03-31,新潟県,26402752512,1.452856,,11.904761,10.707366589519447,0.48880002,0.04142326,159.6,,150.6168168590396,33531023000.0,3218216000.0,0.062979996,2314029000.0,0.06406,0.12583,0.7131907919724672,7244625000.0,6040022000.0,13918216000.0,3183749000.0,3009386000.0,3639795000.0,9221447500.0,0.34926083921776224
高千穂交易,2676,卸売業,プライム（内国株式）,2025-03-31,東京都,38853484544,2.291024,,45.664104,22.764839586054187,1.8356,0.04029923,45.55,,79.23176789846903,28098418000.0,2079802000.0,0.103999995,1458106000.0,0.055949997,0.09448,0.7175963595020692,6625090000.0,5823908000.0,19206711000.0,39997000.0,6026756000.0,3193046000.0,14816753200.0,0.3813494046646093
アスクル,2678,小売業,プライム（内国株式）,2025-05-31,東京都,128040771584,1.8284084,11.409878,14.992661,10.756318008537498,0.3984,0.026647966,95.38,125.33,196.35999921410857,481101000000.0,14004000000.0,0.0086199995,9068000000.0,0.01622,0.10853,0.34149757224012434,146529000000.0,106972000000.0,149752000000.0,36239000000.0,48423000000.0,100000000.0,3293000000.0,0.0257183704788881
ゲオホールディングス,2681,小売業,プライム（内国株式）,2025-03-31,愛知県,67234066432,0.72314906,6.2848644,13.623539,6.734290062273327,0.2741,0.019767443,124.05,268.9,273.43000027714197,427669000000.0,11250000000.0,0.00971,4537000000.0,0.0111,0.055019997,0.3575969019845178,162338000000.0,46603000000.0,165072000000.0,118048000000.0,60090000000.0,,2734000000.0,0.040663909608459364
魚喜,2683,小売業,スタンダード（内国株式）,2025-02-28,神奈川県,2513626624,3.1341956,,113.66743,65.8758192823506,1.1377,0.01002004,8.78,,16.46177233272532,9934090000.0,89187000.0,-0.01711,31226000.0,0.00225,0.027190002,0.3786285127495858,1430468000.0,979302000.0,1351200000.0,610289000.0,701809000.0,257776000.0,101175200.0,0.04025068760570225
アンドエスティＨＤ,2685,小売業,プライム（内国株式）,2025-02-28,,135801397248,1.6959277,9.676888,15.748368,11.11547867968974,0.5348,0.033955857,186.94,304.23,297.7500010962083,293110000000.0,15516000000.0,0.03297,9614000000.0,0.02901,0.11021,0.5792439222285662,55909000000.0,47079000000.0,67173000000.0,8959000000.0,21143000000.0,691000000.0,11747700000.0,0.0865064737039958
ジーフット,2686,小売業,スタンダード（内国株式）,2025-02-28,,12132030464,-346.71533,,,-7.269987239819004,0.0,0.0,-40.75,,-41.54065062809088,59975000000.0,-776000000.0,-0.045149997,-1060000000.0,-0.03033,,0.0303784693019344,28822000000.0,27549000000.0,25823000000.0,13151000000.0,1629000000.0,1000000.0,-2998300000.0,-0.2471391750043004
シー・ヴイ・エス・ベイエリア,2687,サービス業,スタンダード（内国株式）,2025-02-28,,2596519680,0.6112335,,10.77648,4.777523422087294,0.4711,0.04389313,48.81,,141.32367869451693,7822968000.0,421990000.0,-0.0116,1123092000.0,0.030650001,0.05783,0.38871785339792236,6886517000.0,2941942000.0,2559255000.0,5291899000.0,1782307000.0,228220000.0,-4167508000.0,-1.6050361690306927
オルバヘルスケアホールディングス,2689,卸売業,スタンダード（内国株式）,2024-06-30,岡山県,12062542848,1.0137807,,8.431689,7.723581670594485,0.3314,0.039350715,241.47,,234.9029651923754,118564924000.0,2226712000.0,0.0084,1500356000.0,0.011469999,0.12457,0.2630534257149065,31863502000.0,29715079000.0,35586056000.0,1630262000.0,2731386000.0,358472000.0,3973484400.0,0.3294068630528275
リガク・ホールディングス,268A,精密機器,プライム（内国株式）,2024-12-31,東京都,218101628928,2.6734383,,20.576221,,0.2666,0.013038906,46.51,,,90652000000.0,18367000000.0,0.04498,13615000000.0,0.101610005,0.11407,0.4605484744884453,95778000000.0,29934000000.0,71228000000.0,61600000000.0,27992000000.0,271000000.0,-24360300000.0,-0.11169242577294942
伊藤忠食品,2692,卸売業,プライム（内国株式）,2025-03-31,大阪府,131816980480,1.0810252,33.79961,16.07712,13.45131777386976,0.2476,0.015473888,646.26,307.4,520.057485347865,699369000000.0,8506000000.0,0.016619999,8204000000.0,0.0115,0.06962,0.42559592857326983,155959000000.0,145540000000.0,207792000000.0,3606000000.0,1446000000.0,36706000000.0,77527200000.0,0.5881427394080146
ＹＫＴ,2693,卸売業,スタンダード（内国株式）,2024-12-31,東京都,2902175488,0.36951584,,,9.865857558467422,0.1906,0.020325202,-14.4,,26.228019239278904,11930926000.0,-10324000.0,0.0054699997,-1454000.0,-0.00025,-0.00302,0.6887377165224072,3595483000.0,1772512000.0,7593671000.0,2210096000.0,3846657000.0,353010000.0,4245295000.0,1.462797483320209
焼肉坂井ホールディングス,2694,小売業,スタンダード（内国株式）,2025-03-31,愛知県,16738077696,2.5129185,,,87.1655472771822,0.38169998,0.007142857,-3.09,,1.0027517278043594,23533041000.0,468649000.0,-0.00254,-613818000.0,-0.0305,-0.10255,0.40639258080727936,9858749000.0,4405845000.0,6432902000.0,6110727000.0,4936257000.0,80554000.0,-3369459200.0,-0.2013050280442431
くら寿司,2695,小売業,プライム（内国株式）,2024-10-31,,133541601280,2.0731182,29.747677,108.70268,159.27082882772046,0.64559996,0.005934718,30.91,112.95,21.469999892028042,234950000000.0,5699000000.0,0.03569,3226000000.0,0.00925,0.01903,0.41847740343932416,66502000000.0,30978000000.0,34307000000.0,37460000000.0,23043000000.0,,-32195000000.0,-0.2410859214762293
キャンドゥ,2698,小売業,スタンダード（内国株式）,2025-02-28,東京都,55986958336,5.13283,,69.44444,-36.6822081677669,0.338,0.004809052,50.4,,-73.00836803631033,83380000000.0,859000000.0,0.031,-163000000.0,0.00947,0.07591,0.35467728758169936,18957000000.0,14285000000.0,15197000000.0,3900000000.0,2033000000.0,,-3760000000.0,-0.06715849747426436
Ｓａｐｅｅｔ,269A,情報・通信業,グロース（内国株式）,2024-09-30,東京都,3712493312,7.455761,,,,0.0,0.0,-6.36,,,634946000.0,-19068000.0,0.1204,-29057000.0,0.07028,0.21053,0.3711163222866245,284268000.0,284268000.0,330428000.0,200000000.0,220228000.0,,46160000.0,0.012433692432736697
木徳神糧,2700,卸売業,スタンダード（内国株式）,2024-12-31,東京都,26708060160,1.327342,,5.8004227,5.868585386783743,0.0462,0.009937888,562.89,,182.53812971664487,118998507000.0,2377072000.0,0.05771,1723905000.0,0.03654,0.3396,0.37346776190312364,24609792000.0,21993611000.0,30229571000.0,13108329000.0,3650342000.0,4179155000.0,8545187500.0,0.3199478902177222
日本マクドナルドホールディングス,2702,小売業,スタンダード（内国株式）,2024-12-31,東京都,846947680256,3.0966766,26.689571,25.0,31.608696216100707,0.1924,0.007680251,254.8,238.67,189.2552535387115,405477000000.0,48021000000.0,0.153,31961000000.0,0.083780006,0.13377,0.750663019810498,84050000000.0,76069000000.0,111677000000.0,263000000.0,67327000000.0,12056000000.0,36066200000.0,0.042583740224778184
大戸屋ホールディングス,2705,小売業,スタンダード（内国株式）,2025-03-31,神奈川県,41880694784,12.017428,,38.31341,26.924983261288283,0.0664,0.0017241379,150.6,,193.5096157164038,31385000000.0,1661000000.0,0.06687,1224000000.0,0.03281,0.29427,0.37721071248105104,7155000000.0,4760000000.0,6307000000.0,1600000000.0,4239000000.0,20000000.0,-834000000.0,-0.019913709748641022
久世,2708,卸売業,スタンダード（内国株式）,2025-03-31,東京都,9118390272,1.078079,,5.8105597,5.302801697701382,0.0442,0.0076844264,339.21,,434.04016168428336,68568000000.0,1852000000.0,0.02701,1754000000.0,0.022,0.19969,0.34468196264530454,15052000000.0,13411000000.0,15871000000.0,1783000000.0,4009000000.0,3036000000.0,2944200000.0,0.3228859384359547
ジェイホールディングス,2721,卸売業,スタンダード（内国株式）,2024-12-31,東京都,1756867584,53.27979,,,-4.75309264956113,0.0,0.0,-34.25,,-44.81292827726955,179573000.0,-267143000.0,-2.02222,-387700000.0,-1.73248,-8.24242,-0.13303300283570985,281689000.0,125858000.0,185120000.0,70000000.0,53890000.0,,-96569000.0,-0.05496657851705231
ＩＫホールディングス,2722,小売業,スタンダード（内国株式）,2025-05-31,愛知県,2984859392,1.2636981,8.665208,9.355067,14.007952178748399,0.1889,0.020408163,42.33,45.7,29.789998543333493,15211383000.0,425614000.0,0.01877,321372000.0,0.01856,0.12773,0.39295721573144643,3688999000.0,2392083000.0,5217025000.0,1674170000.0,474101000.0,24428000.0,1545125600.0,0.517654400787265
パルグループホールディングス,2726,小売業,プライム（内国株式）,2025-02-28,,378375241728,5.056459,11.217504,30.030321,14.750502518106892,0.4132,0.013623978,72.56,194.25,73.65000008543285,207825000000.0,23663000000.0,0.10695,11848000000.0,0.059759997,0.18726999,0.47922314083107437,74578000000.0,50586000000.0,114287000000.0,14195000000.0,85715000000.0,267000000.0,39895900000.0,0.10544003835398853
エディオン,2730,小売業,プライム（内国株式）,2025-03-31,,215815651328,0.94060284,16.433172,16.154821,18.047008579281847,0.3719,0.01182266,126.34,124.2,81.34999986608497,768129000000.0,23395000000.0,0.044749998,14118000000.0,0.01736,0.05974,0.5117333210680036,211886000000.0,144220000000.0,191173000000.0,81774000000.0,8834000000.0,5401000000.0,-16932300000.0,-0.07845723836899125
あらた,2733,卸売業,プライム（内国株式）,2025-03-31,東京都,104282857472,0.86385506,8.492367,10.8461,10.268597053619118,0.3726,0.016531605,287.2,366.8,298.1899965431685,986212000000.0,14989000000.0,0.01316,10358000000.0,0.00961,0.08219,0.3738002361032695,195172000000.0,158961000000.0,233705000000.0,36033000000.0,23430000000.0,12659000000.0,47394300000.0,0.4544783404379324
サーラコーポレーション,2734,小売業,プライム（内国株式）,2024-11-30,愛知県,73335996416,0.84504896,,14.684326,7.060614870324561,0.42430001,0.029049296,77.77,,95.45196804226167,240498000000.0,6309000000.0,0.00366,5249000000.0,0.025120001,0.0759,0.41518481716028693,116664000000.0,62943000000.0,89235000000.0,55639000000.0,26396000000.0,10374000000.0,-20167200000.0,-0.2749972862658213
ワッツ,2735,小売業,スタンダード（内国株式）,2025-08-31,大阪府,8283762176,0.63584286,11.766917,9.487723,10.21486751905607,0.22729999,0.02388535,65.98,53.2,68.45000205164979,61578772000.0,1419444000.0,0.02544,870678000.0,0.01413,0.068119995,0.4736306448822206,14480821000.0,11021156000.0,21185526000.0,3335454000.0,6187421000.0,360046000.0,6956737200.0,0.8398040711689306
フェスタリアホールディングス,2736,小売業,スタンダード（内国株式）,2024-08-31,東京都,2091522432,1.2536637,,11.668657,32.5307878576123,0.13270001,0.011945393,50.22,,15.553333381758428,9305952000.0,270418000.0,0.05573,139052000.0,0.01872,0.11007,0.20910330897551,5812333000.0,3850223000.0,5851694000.0,3441142000.0,1192815000.0,90535000.0,102735500.0,0.04911996086112262
トーメンデバイス,2737,卸売業,プライム（内国株式）,2025-03-31,東京都,79570739200,1.5324167,,12.547051,20.25232746465832,0.3216,0.02640845,932.49,,308.1894282792031,421671000000.0,10169000000.0,0.04492,5588000000.0,0.01387,0.1284,0.43537773098183735,64350000000.0,63566000000.0,112703000000.0,14054000000.0,5801000000.0,231000000.0,48514700000.0,0.6097052822150985
ハローズ,2742,小売業,プライム（内国株式）,2025-02-28,岡山県,99214180352,1.3499532,12.895174,11.086474,10.740042724909996,0.1574,0.014178303,419.43,360.6,400.49000691403637,210751000000.0,12278000000.0,0.04749,8913000000.0,0.041100003,0.12904,0.6239534327406108,42444000000.0,25599000000.0,23040000000.0,11127000000.0,13851000000.0,2000000.0,-19402600000.0,-0.19556277067614633
ピクセルカンパニーズ,2743,卸売業,スタンダード（内国株式）,2024-12-31,東京都,3772569856,-27.139874,,,-2.9278072039665317,0.0,0.0,-14.31,,-12.295891598062862,887056000.0,-604135000.0,-1.13761,-2492378000.0,-1.37174,-5.3165,-0.3855994319961576,1327044000.0,1327044000.0,270556000.0,,150782000.0,228000.0,-1056328400.0,-0.280002343315124
北雄ラッキー,2747,小売業,スタンダード（内国株式）,2025-02-28,北海道,4069806336,1.0274544,,27.931992,13.92197447892751,0.4343,0.012519562,115.28,,242.57169192548548,37157080000.0,243149000.0,0.00708,142453000.0,0.00557,0.060549997,0.3144669451836701,12459941000.0,6489503000.0,5111033000.0,7513689000.0,1637920000.0,280686000.0,-7152427800.0,-1.7574368924467663
ＪＰホールディングス,2749,サービス業,プライム（内国株式）,2025-03-31,東京都,56396640256,2.775286,8.470437,15.01481,15.224954807274726,0.2733,0.01826484,43.89,77.8,34.384093974803385,41147032000.0,5809002000.0,0.12919,3920895000.0,0.08798,0.19875999,0.5185329297062751,18114004000.0,11175916000.0,26862421000.0,8761017000.0,20743470000.0,546995000.0,9131313500.0,0.1619123667394092
ガーデン,274A,小売業,スタンダード（内国株式）,2025-02-28,東京都,14722330624,1.884256,,14.0844145,,0.8226,0.058851223,151.87,,,17159077000.0,1849976000.0,0.0912,1207252000.0,0.0615,,0.501258345087614,7913668000.0,4090268000.0,11661009000.0,5713996000.0,10660027000.0,172800000.0,3868301000.0,0.2627505860854657
石光商事,2750,卸売業,スタンダード（内国株式）,2025-03-31,兵庫県,10027586560,0.78932536,,8.818102,7.923626617912243,0.2051,0.023310022,146.29,,135.6164017168043,64953996000.0,1557462000.0,0.02566,888108000.0,0.015859999,0.098409995,0.31180373113078497,25330197000.0,21285154000.0,29996945000.0,12374784000.0,4149631000.0,1241387000.0,5535718900.0,0.5520489767779178
テンポスホールディングス,2751,卸売業,スタンダード（内国株式）,2025-04-30,東京都,42362245120,2.5780332,,20.833332,20.98261096808443,0.053200003,0.0025714287,168.96,,162.1000005754057,47055000000.0,2669000000.0,0.05978,2064000000.0,0.03807,0.11337,0.612037072352111,8998000000.0,6895000000.0,17941000000.0,1956000000.0,9617000000.0,1161000000.0,9755700000.0,0.23029232686711765
フジオフードグループ本社,2752,小売業,プライム（内国株式）,2024-12-31,大阪府,60290539520,6.992633,51.353714,712.7273,-89.60090707828044,1.2195,0.0016963528,1.65,22.9,-15.709999986871246,31324000000.0,1217000000.0,0.041739997,459000000.0,0.0014200001,0.00856,0.3258076776890916,17732000000.0,6557000000.0,15328000000.0,10710000000.0,12738000000.0,343000000.0,-2163900000.0,-0.03589120311789839
あみやき亭,2753,小売業,プライム（内国株式）,2025-03-31,愛知県,27654606848,1.2489665,14.334398,18.976456,26.437639158324355,0.4795,0.02526003,70.93,93.9,63.6165848388001,35332000000.0,2638000000.0,0.0533,1736000000.0,0.040599998,0.06697,0.7888888888888889,5871000000.0,4411000000.0,12319000000.0,1311000000.0,9483000000.0,,6448000000.0,0.23316187553996356
東京エレクトロン　デバイス,2760,卸売業,プライム（内国株式）,2025-03-31,,92976349184,1.968045,9.25168,13.192447,19.57145519289505,0.42540002,0.031825274,239.91,342.1,333.4428559216994,216379000000.0,12460000000.0,0.04119,8874000000.0,0.03558,0.14942999,0.3051370496235041,107840000000.0,74605000000.0,144186000000.0,42560000000.0,8384000000.0,,36346000000.0,0.3909166182474141
ＳＡＮＫＯ　ＭＡＲＫＥＴＩＮＧ　ＦＯＯＤＳ,2762,小売業,スタンダード（内国株式）,2025-06-30,東京都,4015582976,11.266034,,,-5.2810364092827005,0.0,0.0,-27.16,,-28.59287236395131,9679000000.0,-666000000.0,-0.10109,-816000000.0,-0.084309995,-2.53416,0.13004115226337448,2111000000.0,1190000000.0,1365000000.0,498000000.0,628000000.0,,-746000000.0,-0.18577626323715143
エフティグループ,2763,卸売業,スタンダード（内国株式）,2025-03-31,東京都,37161553920,1.1570302,,6.98324,6.624347549531161,0.3074,0.04421222,179.0,,174.02649892672682,34625000000.0,9282000000.0,0.23592,6613000000.0,0.16227,0.18056,0.7351694915254238,10750000000.0,7020000000.0,27587000000.0,3643000000.0,19817000000.0,11368000000.0,24794600000.0,0.6672110658606173
ひらまつ,2764,小売業,スタンダード（内国株式）,2025-03-31,東京都,8548336128,1.4598187,,,-131.89298299239752,0.0,0.0,-2.47,,-2.1684246842493917,10662788000.0,249770000.0,-0.06781,1530727000.0,-0.01818,-0.02925,0.4855184542607795,6246873000.0,4143752000.0,9423644000.0,3827500000.0,6645161000.0,56371000.0,3216230700.0,0.3762405515928725
円谷フィールズホールディングス,2767,卸売業,プライム（内国株式）,2025-03-31,東京都,124212764672,2.1468554,7.433892,6.968544,9.524638055948639,0.17459999,0.025100403,286.43,268.5,178.30546777414156,140581000000.0,15266000000.0,0.14308,11158000000.0,0.093760006,0.32601002,0.5189332309278142,42706000000.0,26770000000.0,69841000000.0,11140000000.0,30954000000.0,7831000000.0,32616700000.0,0.26258734427277786
双日,2768,卸売業,プライム（内国株式）,2025-03-31,,949597700096,0.96853745,8.633637,8.673014,8.262900361887324,0.29930001,0.03493789,526.23,528.63,450.96915964393287,2509714000000.0,75736000000.0,0.26079,110636000000.0,0.04447,0.11415,0.31385711305717834,2079637000000.0,985578000000.0,1575122000000.0,1189051000000.0,192299000000.0,,-504515000000.0,-0.5312934097765778
ヴィレッジヴァンガードコーポレーション,2769,小売業,スタンダード（内国株式）,2025-05-31,愛知県,7692804608,3.7379117,,,-7.329876963286712,0.0,0.0,-557.01,,-145.84146573732679,24962000000.0,-936000000.0,0.031070001,-4247000000.0,-0.16399,-0.98097,0.10759239036726248,15527000000.0,7796000000.0,15261000000.0,9513000000.0,2086000000.0,,-266000000.0,-0.03457776630949106
ククレブ・アドバイザーズ,276A,不動産業,グロース（内国株式）,2024-08-31,東京都,15948627968,6.519224,,37.87789,,0.0,0.0060790274,84.35,,,1269627000.0,421757000.0,0.12755999,288477000.0,0.17444,0.2906,0.6435249716362963,538853000.0,494645000.0,1073019000.0,220000000.0,262425000.0,28845000.0,554357500.0,0.03475894610572686
新都ホールディングス,2776,卸売業,スタンダード（内国株式）,2025-01-31,東京都,5438267904,3.2289312,,,-5.748923152661857,0.0,0.0,-2.44,,-12.350138993791505,12296801000.0,42893000.0,0.0028799998,16543000.0,-0.00493,-0.034879997,0.2403286017049089,4372607000.0,2500536000.0,3648026000.0,2797287000.0,203615000.0,3979000.0,-721795700.0,-0.13272529282146964
パレモ・ホールディングス,2778,小売業,スタンダード（内国株式）,2025-02-28,愛知県,1637754624,0.97601587,,,6.4174895027624315,0.0,0.0,-3.41,,28.35999964186267,15040684000.0,214926000.0,0.05173,-47631000.0,-0.00271,-0.022869999,0.22612867380773935,5408483000.0,3271197000.0,4435669000.0,1928571000.0,2044249000.0,4800000.0,-969454000.0,-0.5919409329049771
グロービング,277A,サービス業,グロース（内国株式）,2025-05-31,東京都,73273507840,13.234141,,43.100285,,0.0,0.0,59.93,,,8255896000.0,2800521000.0,0.36741,1768207000.0,0.2227,,0.6560514973682398,2897768000.0,2780315000.0,7831578000.0,,6612190000.0,,4933810000.0,0.06733415862624545
コメ兵ホールディングス,2780,小売業,スタンダード（内国株式）,2025-03-31,愛知県,30684831744,0.9471795,5.6086783,8.756469,7.990879762902819,0.32950002,0.018584704,318.85,497.8,458.6490637112277,158994692000.0,6176646000.0,0.0177,4777112000.0,0.018860001,0.1099,0.36980991539625613,55426515000.0,43005893000.0,68457419000.0,47395363000.0,15535605000.0,,13030904000.0,0.42466923425604297
セリア,2782,小売業,スタンダード（内国株式）,2025-03-31,岐阜県,204936085504,2.5759716,22.781107,20.366219,22.11615252616781,0.4362,0.0,160.56,143.54,130.5599995236414,236327000000.0,16845000000.0,0.06908,11218000000.0,0.048699997,0.12371001,0.7632795273364618,33495000000.0,25052000000.0,97898000000.0,1428000000.0,59154000000.0,406000000.0,64687200000.0,0.31564572847634204
アルフレッサ　ホールディングス,2784,卸売業,プライム（内国株式）,2025-03-31,東京都,429401178112,0.8802469,14.716323,17.421114,13.619573714263192,0.4866,0.028061224,135.64,160.57,154.12692867236424,2961051000000.0,38081000000.0,0.01198,27389000000.0,0.00819,0.051620003,0.3346010271653639,957639000000.0,894961000000.0,1094496000000.0,35545000000.0,177085000000.0,115315000000.0,217577500000.0,0.5066998207984647
アップルインターナショナル,2788,卸売業,スタンダード（内国株式）,2024-12-31,三重県,4404505600,0.45290574,,7.0576134,5.112958250694032,0.2057,0.029325513,48.6,,77.82000006022807,43795649000.0,1374723000.0,0.022780001,1198508000.0,0.01307,0.055549998,0.4851637856773907,9580880000.0,7714847000.0,17454791000.0,7910241000.0,4381074000.0,1267002000.0,8760812400.0,1.9890569329733625
カルラ,2789,小売業,スタンダード（内国株式）,2025-02-28,,2824534528,1.2879789,,8.809781,6.710765631042565,0.089899994,0.010204081,55.62,,73.00434346809222,7263713000.0,365961000.0,0.08269,363309000.0,0.0429,0.15633,0.393693837231534,3044336000.0,1244568000.0,1445488000.0,2176420000.0,1006201000.0,283000.0,-1598649900.0,-0.5659870269427982
Ｔｅｒｒａ　Ｄｒｏｎｅ,278A,精密機器,グロース（内国株式）,2025-01-31,東京都,30122389504,4.4103065,,,,0.0,0.0,-61.38,,,4435568000.0,-627160000.0,-0.38492,-474800000.0,-0.12675999,,0.7584285465064068,1785683000.0,1175228000.0,6185537000.0,770316000.0,4145633000.0,1243062000.0,5269997400.0,0.17495283364887732
ナフコ,2790,小売業,スタンダード（内国株式）,2025-03-31,福岡県,48132878336,0.3123656,,72.464836,22.46603270470724,2.141,0.0,27.02,,110.29855514927758,181850000000.0,1267000000.0,0.00017999999,183000000.0,0.00369,0.00415,0.6836519460911654,71240000000.0,55703000000.0,90228000000.0,27651000000.0,18500000000.0,405000000.0,19271500000.0,0.40038120856749754
大黒天物産,2791,小売業,プライム（内国株式）,2025-05-31,岡山県,85447671808,1.3878133,8.962031,12.706454,17.49530109418532,0.072,0.006372549,485.58,688.46,452.6400088546894,292940000000.0,9815000000.0,0.02101,6774000000.0,0.020569999,,0.5235689801809231,55341000000.0,46190000000.0,25200000000.0,15032000000.0,8488000000.0,442000000.0,-29831600000.0,-0.34912127350914
ハニーズホールディングス,2792,小売業,プライム（内国株式）,2025-05-31,福島県,42536906752,0.9370759,6.643448,11.38976,8.967637180522782,0.4107,0.03569111,133.98,229.7,175.01951105005318,57701337000.0,5906120000.0,0.08677,3732755000.0,0.060100004,0.07693,0.8435662032233444,8290610000.0,5218529000.0,30789275000.0,,13355934000.0,966468000.0,23175192600.0,0.5448255261041131
日本プリメックス,2795,卸売業,スタンダード（内国株式）,2025-03-31,東京都,4536536576,0.57712096,,11.83376,8.175060467790907,0.33720002,0.028506272,74.11,,95.85385784872672,7093981000.0,549884000.0,0.07051,408822000.0,0.056799997,0.05012,0.7606229060880964,2481827000.0,1827205000.0,7576357000.0,,5169260000.0,1283670000.0,5993099000.0,1.3210736648097952
ファーマライズホールディングス,2796,小売業,スタンダード（内国株式）,2025-05-31,東京都,5794061312,0.87589735,,,-18.371971053421934,0.5287,0.027613413,-32.49,,-33.35228046930364,63508000000.0,294000000.0,0.00913,-367000000.0,-0.00391,-0.03908,0.2151046234807668,25008000000.0,11988000000.0,13239000000.0,14279000000.0,4911000000.0,339000000.0,-11531700000.0,-1.9902619905172312
ワイズテーブルコーポレーション,2798,小売業,スタンダード（内国株式）,2025-02-28,,9627060224,12.079104,,31.845951,84.67969316685107,0.0,0.0,91.66,,34.53012039425571,12120830000.0,118971000.0,-0.02712,260650000.0,0.02394,0.46749002,0.1405800961541451,4146310000.0,1738535000.0,2619594000.0,1705126000.0,1533299000.0,208355000.0,-1380867500.0,-0.14343605086810768
キッコーマン,2801,食料品,プライム（内国株式）,2025-03-31,千葉県,1329143742464,2.5497103,22.249884,23.14665,31.93890518938696,0.3721,0.016151685,61.78,64.27,59.19411844906606,708979000000.0,73699000000.0,0.11164,61695000000.0,0.08182,0.113929994,0.7484964984530786,163365000000.0,88051000000.0,334849000000.0,59013000000.0,106184000000.0,75129000000.0,224074300000.0,0.16858545305611974
味の素,2802,食料品,プライム（内国株式）,2025-03-31,東京都,3512551604224,4.925881,15.607634,96.1518,66.00518857095574,1.1704,0.0121748755,37.68,232.13,41.85024777444935,1530556000000.0,107656000000.0,0.08292,70272000000.0,0.04674,0.10097,0.4339030556070398,907858000000.0,384588000000.0,701298000000.0,455353000000.0,164776000000.0,45823000000.0,-174483900000.0,-0.049674401876452244
ブルドックソース,2804,食料品,プライム（内国株式）,2025-03-31,東京都,24806539264,1.0186532,,10.039952,184.47812674477302,0.19709998,0.009259259,192.73,,10.890653085680048,14617674000.0,223072000.0,0.04783,623684000.0,0.17091,0.11016,0.6603739131050652,11029150000.0,4689964000.0,8153454000.0,4880373000.0,2461665000.0,9475969000.0,3757482300.0,0.15147144307440627
ヱスビー食品,2805,食料品,スタンダード（内国株式）,2025-03-31,東京都,86400024576,0.9836632,6.260946,11.4155245,7.751290370248325,0.1278,0.012674095,313.17,571.0,277.9449962700667,123520000000.0,9446000000.0,0.06599,7565000000.0,0.06082,0.0936,0.5854857651375344,56827000000.0,36918000000.0,81619000000.0,20305000000.0,19473000000.0,15585000000.0,35701500000.0,0.4132116880197865
ユタカフーズ,2806,食料品,スタンダード（内国株式）,2025-03-31,愛知県,14534213632,0.63003564,,23.309193,27.769161329903664,0.4461,0.0,89.75,,66.06339322313364,14454000000.0,686000000.0,0.063779995,553000000.0,0.042719997,0.027390001,0.873694428266356,3253000000.0,2264000000.0,10828000000.0,1000000.0,2547000000.0,2136000000.0,9070200000.0,0.6240585304202579
キユーピー,2809,食料品,プライム（内国株式）,2024-11-30,東京都,600235573248,1.949278,24.61719,22.074667,26.08038097621929,0.2909,0.013278388,199.55,178.94,94.77493291511693,483985000000.0,34330000000.0,0.08116,21419000000.0,0.05472,0.09305,0.6537809382921111,130736000000.0,91239000000.0,203727000000.0,21556000000.0,78139000000.0,51178000000.0,108815600000.0,0.18128815560060207
ＴＭＨ,280A,卸売業,グロース（内国株式）,2024-11-30,大分県,3457723392,2.6280801,,11.001294,,0.0,0.0,84.99,,,6017239000.0,323598000.0,-0.18745,272504000.0,0.041950002,,0.2048017596217526,3035418000.0,2861694000.0,3551839000.0,297012000.0,2562456000.0,,516421000.0,0.14935289537469168
ハウス食品グループ本社,2810,食料品,プライム（内国株式）,2025-03-31,東京都,269857259520,0.93689686,18.582497,21.787043,16.627297070145854,0.3577,0.008273009,134.3,157.46,180.53359074945058,315418000000.0,20003000000.0,0.03361,12493000000.0,0.04007,0.0437,0.6730418273672985,112196000000.0,63121000000.0,189802000000.0,20286000000.0,97484000000.0,48344000000.0,111446800000.0,0.4129842576710089
カゴメ,2811,食料品,プライム（内国株式）,2024-12-31,愛知県,247781081088,1.386622,12.213365,18.656359,25.359670024871825,0.32169998,0.017391304,146.17,223.28,120.98298676748583,306869000000.0,35952000000.0,0.09007,25015000000.0,0.04239,0.069359995,0.512506380806534,150775000000.0,109213000000.0,209958000000.0,72719000000.0,21273000000.0,22320000000.0,74807000000.0,0.3019076342371439
和弘食品,2813,食料品,スタンダード（内国株式）,2025-03-31,北海道,7797493760,0.8673862,,7.3964496,9.172463895312973,0.22950001,0.031493507,422.5,,438.1774399897747,16249157000.0,1591741000.0,0.054109998,1208405000.0,0.06372,0.12667,0.587313830550527,6010590000.0,4001576000.0,7859594000.0,3442715000.0,3499210000.0,896101000.0,2476274700.0,0.31757315571099604
佐藤食品工業,2814,食料品,スタンダード（内国株式）,2025-03-31,愛知県,10840487936,0.58050305,,16.722237,10.403723449494533,0.22559999,0.0,194.95,,189.2900106785559,6360686000.0,672991000.0,0.08693,596432000.0,0.107030004,0.03686,0.9116733531465957,1869310000.0,1533455000.0,12592354000.0,670000000.0,9722532000.0,3466946000.0,13149906200.0,1.2130363760039518
アリアケジャパン,2815,食料品,プライム（内国株式）,2025-03-31,東京都,175485386752,1.358492,19.718008,17.152819,22.054961254765907,0.5288,0.031307552,321.23,279.44,230.8760086658922,65400887000.0,11117439000.0,0.1538,8206402000.0,0.15713,0.08168,0.872130741256195,17351316000.0,10711784000.0,84106492000.0,18032000.0,58958861000.0,32989117000.0,89847557900.0,0.5119945287921589
ダイショー,2816,食料品,スタンダード（内国株式）,2025-03-31,東京都,13571713024,2.0921996,,45.252655,22.628384851590216,0.5793,0.011371713,31.07,,62.05509912654599,26240000000.0,663000000.0,-0.046719998,458000000.0,0.03441,0.09382,0.523763699545576,8908000000.0,4969000000.0,7788000000.0,3417000000.0,2588000000.0,259000000.0,-938700000.0,-0.06916591872669411
ピエトロ,2818,食料品,スタンダード（内国株式）,2025-03-31,福岡県,12054629376,1.9495908,,,102.22932050797272,2.8639998,0.013777267,-4.87,,17.381178707224336,11135028000.0,177182000.0,0.0072399997,57794000.0,-0.00283,-0.00527,0.6189982232823034,3913555000.0,3136252000.0,3275339000.0,1464169000.0,1122616000.0,15522000.0,-627350600.0,-0.05204229681660849
エバラ食品工業,2819,食料品,スタンダード（内国株式）,2025-03-31,神奈川県,24866144256,0.71401083,13.1369505,17.921602,15.266829362875885,0.3312,0.009819324,141.84,193.5,183.5713988833317,47963000000.0,2032000000.0,0.03233,1399000000.0,0.0286,0.04054,0.7222409862365955,13158000000.0,9238000000.0,28196000000.0,506000000.0,15816000000.0,2224000000.0,16594800000.0,0.6673652267578962
インフォメティス,281A,情報・通信業,グロース（内国株式）,2024-12-31,東京都,2414354432,3.0485735,,,,0.0,0.0,-40.71,,,982352000.0,49517000.0,-1.3391299,56471000.0,-0.73077005,,0.6386841861153104,720592000.0,316393000.0,1126106000.0,516300000.0,797145000.0,,405514000.0,0.16795959807114186
やまみ,2820,食料品,スタンダード（内国株式）,2025-06-30,広島県,30759862272,2.940432,14.395174,20.491993,15.471330994849783,0.33380002,0.0,215.45,306.7,211.88297072545782,21064618000.0,1727780000.0,0.077989995,1502590000.0,0.07624,0.1658,0.6528175265959094,5548170000.0,3947165000.0,3679416000.0,2261454000.0,856524000.0,13042000.0,-1859624600.0,-0.06045620697374753
はごろもフーズ,2831,食料品,スタンダード（内国株式）,2025-03-31,,30490218496,0.67884266,,12.391479,17.114397783765543,0.21040002,0.009259259,261.47,,185.9599912266682,74650697000.0,2849482000.0,0.058769997,2459725000.0,0.033239998,0.058509998,0.602117323915892,27347966000.0,20225257000.0,37570133000.0,3197173000.0,1484961000.0,14759622000.0,20553902400.0,0.6741146313102498
キオクシアホールディングス,285A,電気機器,プライム（内国株式）,2025-03-31,東京都,5085162110976,6.197311,,32.680145,,0.0,0.0,287.82,,,1706460000000.0,451748000000.0,0.19163999,272315000000.0,0.097770005,0.21608,0.7229318050981255,448559000000.0,146574000000.0,181786000000.0,439541000000.0,676000000.0,,-266773000000.0,-0.05246106105923101
ユカリア,286A,サービス業,グロース（内国株式）,2024-12-31,東京都,31291305984,1.6093112,,17.420635,,0.0,0.0,50.4,,,19833896000.0,2292588000.0,0.03286,2025848000.0,0.09571,,0.29859399845073104,41197157000.0,11826997000.0,24138928000.0,27217015000.0,11168782000.0,434163000.0,-16754314900.0,-0.5354303495215855
ニチレイ,2871,食料品,プライム（内国株式）,2025-03-31,東京都,487954350080,1.8283116,8.262955,18.831608,20.74194831559414,0.469,0.022399588,103.39,235.63,95.89861642902446,702080000000.0,38321000000.0,0.054330003,24731000000.0,0.03701,0.10022,0.5208895459125317,223257000000.0,129083000000.0,204925000000.0,106253000000.0,39369000000.0,45036000000.0,13193200000.0,0.027037775148099363
セイヒョー,2872,食料品,スタンダード（内国株式）,2025-02-28,新潟県,2742429184,1.7543198,,28.655228,43.891960996157835,0.2641,0.0,68.19,,39.95102726937994,4484618000.0,96307000.0,0.07959,119504000.0,0.01995,0.063590005,0.4241550640820221,1893992000.0,1492246000.0,1587510000.0,1171875000.0,329432000.0,115667000.0,-225515100.0,-0.08223187724069961
横浜冷凍,2874,卸売業,プライム（内国株式）,2024-09-30,神奈川県,80764264448,1.0005248,20.67976,40.816933,14.073308911804526,0.71510005,0.0,33.54,66.2,66.78999975902616,,,0.016929999,,0.01575,0.025339998,0.3854038399022785,123156000000.0,43643000000.0,36270000000.0,101230000000.0,3481000000.0,43239000000.0,-56618700000.0,-0.7010365337562617
東洋水産,2875,食料品,プライム（内国株式）,2025-03-31,東京都,1097460547584,2.2383685,17.72192,17.793652,16.47768931240261,0.3174,0.01067141,630.0,632.55,544.939854073855,507600000000.0,75493000000.0,0.16483,62867000000.0,0.124189995,0.13348,0.8087559540016606,101334000000.0,73300000000.0,366721000000.0,3401000000.0,257470000000.0,35123000000.0,289973100000.0,0.2642218899242985
デルソーレ,2876,食料品,スタンダード（内国株式）,2025-03-31,東京都,4078489088,1.0811985,,,8.705662213101787,0.2216,0.02183406,-104.7,,67.31503684743278,15403734000.0,561163000.0,0.05204,-422804000.0,0.01521,0.07056,0.5973952017017302,4124538000.0,2631408000.0,5998312000.0,150000000.0,2737373000.0,194829000.0,2010154300.0,0.49286739687851777
日東ベスト,2877,食料品,スタンダード（内国株式）,2025-03-31,山形県,8928230400,0.5581889,,17.98684,24.012170569329662,0.2924,0.016260162,41.03,,34.025714070329826,55860401000.0,574435000.0,0.0037200002,384736000.0,0.00871,0.033210002,0.40299335488343196,23302608000.0,16972686000.0,21063002000.0,10897340000.0,3500280000.0,3524705000.0,227687500.0,0.025501974052999348
黒田グループ,287A,卸売業,スタンダード（内国株式）,2025-03-31,東京都,37101281280,0.9847976,,13.404908,,1.3796,0.06904488,65.2,,,121327000000.0,5929000000.0,0.06671,3914000000.0,0.02305,,0.4011818504520682,56174000000.0,32630000000.0,56158000000.0,29144000000.0,15476000000.0,1615000000.0,1114500000.0,0.030039393830875265
イートアンドホールディングス,2882,食料品,プライム（内国株式）,2025-02-28,東京都,22647044096,2.0380714,21.744822,76.339966,-212.9418545463775,0.47669998,0.0063099447,26.12,91.7,-9.78602125948494,37335000000.0,1091000000.0,0.02711,888000000.0,0.00756,0.02407,0.37528729717676923,18203000000.0,13357000000.0,12240000000.0,7485000000.0,2322000000.0,21000000.0,-5948300000.0,-0.2626523785967551
大冷,2883,食料品,スタンダード（内国株式）,2025-03-31,東京都,11575224320,1.3581434,,,14.388796207765148,0.5714,0.0,-107.24,,129.77097040733048,25732929000.0,840933000.0,0.021300001,-574629000.0,-0.025339998,-0.06977,0.7640157505967287,2716338000.0,2317898000.0,10454721000.0,20494000.0,3751887000.0,26685000.0,7757062500.0,0.6701436002926637
ヨシムラ・フード・ホールディングス,2884,食料品,プライム（内国株式）,2025-02-28,東京都,17929738240,1.5568057,8.951132,11.311945,28.873562939892494,0.0,0.0,66.39,83.9,43.50000041957678,58110107000.0,4161282000.0,-0.01556,1861345000.0,0.02722,0.14274,0.19694712795838507,39534720000.0,20479025000.0,32448891000.0,28910584000.0,13170612000.0,,-7085829000.0,-0.39519980186838466
ラクサス・テクノロジーズ,288A,サービス業,グロース（内国株式）,2025-03-31,広島県,3632904960,1.2001736,,19.692738,,0.0,0.0,7.16,,,2561268000.0,590147000.0,0.00889,435750000.0,0.19147,0.67928004,0.6360539911970967,1699151000.0,772496000.0,1896493000.0,1295568000.0,1522066000.0,,197342000.0,0.054320716388903276
日本食品化工,2892,食料品,スタンダード（内国株式）,2025-03-31,東京都,17815433216,0.59570533,,12.10666,8.473469984699182,0.42,0.015341702,297.77,,494.8691382201627,62697000000.0,1201000000.0,0.047470003,1527000000.0,0.02313,,0.5298156692009444,21707000000.0,17117000000.0,28027000000.0,10735000000.0,233000000.0,115000000.0,6400500000.0,0.3592671546292641
石井食品,2894,食料品,スタンダード（内国株式）,2025-03-31,千葉県,5326949888,1.3241252,,13.157895,11.716578988873971,0.16450001,0.012539185,24.32,,28.06599897536196,10869656000.0,267758000.0,0.03097,287881000.0,0.03704,0.10909,0.5030253347131594,3805337000.0,3191047000.0,3862495000.0,1993506000.0,1912391000.0,777918000.0,601700600.0,0.11295405675871828
日清食品ホールディングス,2897,食料品,プライム（内国株式）,2025-03-31,東京都,813807960064,1.6892565,13.705584,17.212069,22.814035407213222,0.42490003,0.024955437,164.71,206.85,177.03707843392942,776594000000.0,61151000000.0,0.07,55019000000.0,0.06293,0.09896,0.5604594672000245,336560000000.0,219593000000.0,288343000000.0,115559000000.0,73036000000.0,53773000000.0,-10575900000.0,-0.012995572074729133
ウェルディッシュ,2901,食料品,スタンダード（内国株式）,2025-03-31,東京都,13114702848,4.0499177,,27.627352,-6.152436602883154,0.0919,0.0033444816,21.79,,-24.575363228766623,1974441000.0,200554000.0,0.06192,431594000.0,0.19838,0.26395,0.5849588597383358,1898443000.0,853403000.0,2017625000.0,1291862000.0,1076218000.0,116000.0,119263200.0,0.009093854537328515
シノブフーズ,2903,食料品,スタンダード（内国株式）,2025-03-31,大阪府,18745411584,1.2392838,,17.42091,10.014682116738443,0.3093,0.01784634,95.46,,94.22000249477128,57651000000.0,2333000000.0,0.04378,996000000.0,0.0183,0.07192,0.5096348201051071,14550000000.0,10563000000.0,13198000000.0,5820000000.0,6279000000.0,,-1352000000.0,-0.07212431660630962
一正蒲鉾,2904,食料品,スタンダード（内国株式）,2025-06-30,新潟県,13676085248,0.935715,14.561403,18.380905,14.300989511901543,0.2951,0.01604278,40.64,51.3,52.10197529520596,34579066000.0,891112000.0,-0.029189998,746874000.0,0.0178,0.041149996,0.48755756907861986,15504758000.0,7678501000.0,8952309000.0,9942079000.0,1100387000.0,1833066000.0,-5269302800.0,-0.38529321106495634
あじかん,2907,食料品,スタンダード（内国株式）,2025-03-31,広島県,9551738880,0.5520917,,11.834041,5.815154296148911,0.2359,0.01992032,106.05,,198.3837228139941,51045379000.0,1964453000.0,0.02258,1548947000.0,0.01582,0.047280002,0.6464942520787055,9508254000.0,8282511000.0,13763454000.0,3378719000.0,2275586000.0,961655000.0,4928358500.0,0.5159645339886009
フジッコ,2908,食料品,プライム（内国株式）,2025-03-31,兵庫県,45896380416,0.66343427,62.48062,34.363674,46.69929498895869,0.9793,0.02850062,46.91,25.8,38.99525733356754,57077000000.0,1131000000.0,0.019340001,951000000.0,0.023529999,0.0194,0.8636140452479573,10833000000.0,8799000000.0,34542000000.0,,11692000000.0,3944000000.0,26469800000.0,0.5767295756240579
Ｓｙｎｓｐｅｃｔｉｖｅ,290A,情報・通信業,グロース（内国株式）,2024-12-31,,139371102208,5.4544735,,,,0.0,0.0,-48.95,,,2316649000.0,-3070206000.0,-3.0467002,-3592954000.0,-2.02338,,0.704830756405953,8322395000.0,2229395000.0,16253228000.0,7288000000.0,14239861000.0,,7930833000.0,0.05690442906997951
ロック・フィールド,2910,食料品,プライム（内国株式）,2025-04-30,,37419683840,1.3094331,30.403399,113.65079,32.2960047269174,1.8253999,0.016106443,12.6,47.1,47.175825961294116,51184000000.0,1243000000.0,0.00096000003,329000000.0,0.00827,0.014730001,0.81873796306786,6400000000.0,5364000000.0,18786000000.0,1118000000.0,13596000000.0,530000000.0,12757000000.0,0.3409168301513902
旭松食品,2911,食料品,スタンダード（内国株式）,2025-03-31,大阪府,4221348864,0.5072517,,15.552057,17.723047680343186,0.2395,0.015438906,146.09,,126.53260869565217,8017567000.0,225812000.0,-0.0011,238817000.0,0.033970002,0.03329,0.8003809696895082,1968617000.0,1311506000.0,5026849000.0,946042000.0,2098381000.0,847388000.0,3651403600.0,0.8649850362142445
日本たばこ産業,2914,食料品,プライム（内国株式）,2024-12-31,東京都,10418611290112,2.5144796,19.484575,53.76157,12.396892231800866,1.8398,0.034166243,109.13,301.11,271.6268753974105,3149759000000.0,310575000000.0,0.23547001,179240000000.0,0.15411,0.13274,0.4499753426582048,4522005000000.0,2148607000000.0,3577572000000.0,1726788000000.0,1084567000000.0,151940000000.0,-838075000000.0,-0.08044018311686055
ケンコーマヨネーズ,2915,食料品,プライム（内国株式）,2025-03-31,東京都,29358544896,0.71833956,10.508021,11.947468,11.446931575607941,0.2858,0.012145749,164.47,187.0,169.89999506140782,91703000000.0,4846000000.0,0.05076,3503000000.0,0.02744,0.061290003,0.6236423220973782,24117000000.0,18391000000.0,34312000000.0,3815000000.0,15729000000.0,6164000000.0,14509800000.0,0.4942274915667537
仙波糖化工業,2916,食料品,スタンダード（内国株式）,2025-03-31,栃木県,8184802816,0.6742013,,36.758694,16.24469355534457,0.7673,0.020891365,19.56,,43.51805323728367,18701074000.0,755539000.0,0.04301,319610000.0,0.01166,0.01818,0.5732952142193949,8802559000.0,6682080000.0,11173971000.0,3640497000.0,3081470000.0,2789526000.0,4324080200.0,0.5283059711038004
大森屋,2917,食料品,スタンダード（内国株式）,2024-09-30,大阪府,4442641408,0.3846631,,,19.661641495817353,0.4188,0.0,-10.68,,48.594003019238706,16305293000.0,269700000.0,0.00051,179993000.0,-0.00442,-0.0063,0.7422687481603627,4047984000.0,3403073000.0,12412726000.0,1470013000.0,1087166000.0,566665000.0,8761407500.0,1.972116742130721
わらべや日洋ホールディングス,2918,食料品,プライム（内国株式）,2025-02-28,東京都,58181361664,1.0083425,16.766468,15.12832,10.684102161738679,0.47259998,0.03153153,222.1,200.4,244.67475950526799,222467000000.0,4517000000.0,0.049569998,2679000000.0,0.01695,0.06679,0.4686331910952334,61802000000.0,25647000000.0,32818000000.0,34245000000.0,8450000000.0,1136000000.0,-28188800000.0,-0.48449880157139663
リスキル,291A,サービス業,グロース（内国株式）,2025-03-31,東京都,6879560192,3.8613822,,12.406947,,0.0,0.0,270.01,,,1958771000.0,683436000.0,0.47554,473789000.0,0.26795998,,0.8015691762619777,349371000.0,349369000.0,1583600000.0,,1461863000.0,119493000.0,1317874100.0,0.19156371384503762
なとり,2922,食料品,プライム（内国株式）,2025-03-31,東京都,24737101824,0.9330532,16.08838,29.06994,18.66725641442136,0.35509998,0.012314008,67.63,122.2,111.28252108134674,48892510000.0,1968762000.0,0.026500002,1352046000.0,0.01749,0.0327,0.6305296675982595,15359815000.0,11852922000.0,20975084000.0,5276893000.0,4509997000.0,2094121000.0,7081153700.0,0.28625639941093856
サトウ食品,2923,食料品,スタンダード（内国株式）,2025-04-30,新潟県,44383821824,1.926799,,22.779043,13.822795235595699,0.1682,0.007479862,386.32,,455.2098791867535,46479026000.0,2697392000.0,0.09663,1949451000.0,0.05945,0.13079001,0.4601951690519372,26363967000.0,12142434000.0,23888584000.0,18560112000.0,4867882000.0,2375302000.0,-812671600.0,-0.018310086121528135
イフジ産業,2924,食料品,スタンダード（内国株式）,2025-03-31,福岡県,17195913216,1.4438733,,8.21683,7.230830760079706,0.2804,0.01908397,256.79,,193.4170618071064,25557000000.0,3001000000.0,0.07502,2102000000.0,0.06894,0.18712,0.6662487312675384,5590000000.0,4549000000.0,9967000000.0,2130000000.0,4055000000.0,175000000.0,4499500000.0,0.26166100883862475
篠崎屋,2926,食料品,スタンダード（内国株式）,2024-09-30,埼玉県,1429935744,1.0723349,,,-57.73372796632465,0.0,0.0,-0.21,,-1.6108434926330362,2785774000.0,-9349000.0,-0.013409999,-28375000.0,0.022750001,0.10065,0.7864634319055126,274412000.0,271710000.0,683364000.0,0.0,518524000.0,,408952000.0,0.28599327047803347
ＡＦＣ－ＨＤアムスライフサイエンス,2927,食料品,スタンダード（内国株式）,2024-08-31,静岡県,12652297216,0.81228316,,8.196567,9.599388555383563,0.2924,0.03935185,106.02,,78.46000038854162,30185451000.0,1916189000.0,0.07035,1252067000.0,0.04434,0.100710005,0.29627121731846384,33072588000.0,17622142000.0,22094548000.0,22891658000.0,12172810000.0,588827000.0,-10565861100.0,-0.8350942852210658
ファーマフーズ,2929,食料品,プライム（内国株式）,2024-07-31,京都府,22664538112,1.962976,5.0514803,61.328125,14.834336720432676,1.9486,0.032010242,12.8,155.4,106.69573759012734,62147000000.0,5116000000.0,0.14005,3205000000.0,0.00564,0.03182,0.3167637328083559,24988000000.0,23163000000.0,27275000000.0,16891000000.0,15666000000.0,3037000000.0,4412900000.0,0.19470504883854392
北の達人コーポレーション,2930,化学,プライム（内国株式）,2025-02-28,東京都,18685384704,2.3545122,15.402299,19.619328,29.902170949822384,0.571,0.009701492,6.83,8.7,7.1499999852638085,11826401000.0,1675336000.0,0.09989,1205882000.0,0.14082,0.25926,0.8590132865035969,1291116000.0,1234707000.0,7960161000.0,0.0,5698744000.0,,6669045000.0,0.3569123732610306
ユーグレナ,2931,食料品,プライム（内国株式）,2024-12-31,東京都,57226383360,1.8466041,-167.6,,-31.868151395173452,0.0,0.0,-6.49,-2.5,-22.749986060057562,47618000000.0,301000000.0,0.07843,-650000000.0,0.00035999998,0.040939998,0.4327836627716501,41143000000.0,12811000000.0,30865000000.0,25917000000.0,20631000000.0,748000000.0,-9754400000.0,-0.1704528475727179
ＳＴＩフードホールディングス,2932,食料品,スタンダード（内国株式）,2024-12-31,東京都,23147352064,2.440158,3.8796184,10.929237,16.61352311389259,0.39169997,0.08300934,119.13,335.6,85.57999820829001,35580529000.0,2901187000.0,0.06282,1685326000.0,0.05402,0.22951001,0.43483616305586076,10899045000.0,7560036000.0,11064875000.0,3467180000.0,4226199000.0,118144000.0,248530800.0,0.010736899810951958
紀文食品,2933,食料品,プライム（内国株式）,2025-03-31,東京都,24998494208,1.3223217,11.902174,15.723722,9.858348335246031,0.2871,0.018365473,69.64,92.0,123.91586007598075,108912144000.0,4513009000.0,-0.03226,2587971000.0,0.01444,0.08948,0.28654804415550866,51138328000.0,26089595000.0,31225698000.0,27866748000.0,8799179000.0,2367432000.0,-18255427600.0,-0.7302610888522202
ジェイフロンティア,2934,食料品,グロース（内国株式）,2025-05-31,東京都,8362550272,5.96915,21.745153,90.90909,-5.535432652538654,0.0,0.0,17.27,72.2,-429.05408647881933,21504496000.0,293747000.0,-0.0034,87570000.0,0.00332,0.05935,0.15330325157694832,7158506000.0,4762822000.0,5654626000.0,4343824000.0,2169645000.0,281503000.0,-1306827900.0,-0.15627145517744756
ピックルスホールディングス,2935,食料品,プライム（内国株式）,2025-02-28,埼玉県,14858480640,0.7490286,13.855141,12.120593,12.75651998552194,0.2963,0.024308465,97.85,85.6,91.98000143410522,41518000000.0,1280000000.0,0.08455,958000000.0,0.02994,0.06519,0.6237021361021097,11359000000.0,8019000000.0,10888000000.0,4848000000.0,4974000000.0,726000000.0,37200000.0,0.0025036207201330645
ベースフード,2936,食料品,グロース（内国株式）,2025-02-28,,18047197184,17.754898,,31.23845,-26.44561031569503,0.0,0.0,10.82,,-16.82698923139996,15241454000.0,136510000.0,0.0070200004,108952000.0,0.03686,0.80455,0.2692224903273147,2814450000.0,2538115000.0,3274701000.0,809688000.0,1983167000.0,,460251000.0,0.025502630425517935
サンクゼール,2937,食料品,グロース（内国株式）,2025-03-31,長野県,15203461120,3.2812781,,30.027447,26.66807911422541,0.64019996,0.021084337,54.65,,87.26000214179996,19467260000.0,835995000.0,0.02568,350434000.0,0.02568,0.11052,0.5362415983249488,4284157000.0,2724493000.0,6123073000.0,1751147000.0,1936046000.0,55394000.0,1877691800.0,0.12350423269934997
オカムラ食品工業,2938,食料品,スタンダード（内国株式）,2025-06-30,青森県,57849810944,3.3745005,,29.323307,13.414089580955535,0.15890001,0.005746824,39.9,,40.290000380175464,35345000000.0,3021000000.0,0.13609,2020000000.0,0.054970004,0.12049,0.38869908652564755,25229000000.0,20036000000.0,30327000000.0,17287000000.0,4416000000.0,89000000.0,5160300000.0,0.08920167440124037
日本調理機,2961,金属製品,スタンダード（内国株式）,2024-09-30,東京都,5084696064,0.6803362,,7.5988097,9.221446708521707,0.26610002,0.0,601.41,,292.61215277135636,18443814000.0,1058942000.0,0.12229,700233000.0,0.03317,0.08285,0.48264696925216954,7542614000.0,6386713000.0,11273704000.0,375771000.0,4577934000.0,70155000.0,3780198500.0,0.7434463048369925
テクニスコ,2962,金属製品,スタンダード（内国株式）,2024-06-30,東京都,3633186816,2.2385654,,,,0.0,0.0,-324.72,,,4683182000.0,-476939000.0,-0.74942,-603632000.0,-0.88518995,-0.94325995,0.4930095811784857,4821161000.0,2074832000.0,5424368000.0,3968733000.0,2180097000.0,3921000.0,605951700.0,0.16678242289427045
令和アカウンティング・ホールディングス,296A,サービス業,グロース（内国株式）,2025-03-31,東京都,26705741824,11.87447,,23.257328,,1.123,0.03142857,30.7,,,4979471000.0,1494676000.0,0.33628,1014824000.0,0.21997,,0.6570151075272472,1585208000.0,1579506000.0,4179727000.0,13462000.0,3263743000.0,2502000.0,2596270400.0,0.09721768513716311
グッドライフカンパニー,2970,不動産業,スタンダード（内国株式）,2024-12-31,福岡県,14879904768,2.8310337,,11.062163,9.405095453663794,0.0,0.0,81.72,,41.01500105984884,17126000000.0,1544000000.0,0.07825,1000000000.0,0.06278,0.29632,0.2263000157737,14715000000.0,10109000000.0,16096000000.0,10469000000.0,5272000000.0,,1381000000.0,0.09280973376724234
スター・マイカ・ホールディングス,2975,不動産業,プライム（内国株式）,2024-11-30,東京都,42859098112,1.4826502,,10.976882,7.144697048400114,0.239,0.023727352,115.06,,78.92000084126387,55849959000.0,5524556000.0,0.122779995,3106800000.0,0.06117,0.14413,0.24814478049114297,77261207000.0,16065934000.0,99532958000.0,73295825000.0,1904843000.0,1365173000.0,23227372100.0,0.5419472906149799
ツクルバ,2978,不動産業,グロース（内国株式）,2025-07-31,東京都,5735263232,2.9701047,,54.077255,49.34282477348395,0.0,0.0,9.32,,18.260000397954176,8099031000.0,274513000.0,0.05432,106639000.0,0.0130900005,0.05684,0.3145348319378153,4209748000.0,3499629000.0,5802240000.0,3655522000.0,1867530000.0,29314000.0,1613011800.0,0.2812445976324457
アルピコホールディングス,297A,小売業,スタンダード（内国株式）,2025-03-31,長野県,15858253824,1.0072585,,7.2473187,,0.0975,0.013513514,30.77,,,103836216000.0,3412421000.0,0.0718,2292471000.0,0.021429999,,0.24882540895101152,43828711000.0,19792953000.0,14683841000.0,25974272000.0,4206320000.0,,-29144870000.0,-1.8378360141954555
ＳＲＥホールディングス,2980,不動産業,プライム（内国株式）,2025-03-31,東京都,56482766848,4.142786,22.715488,53.194717,49.26182563775767,0.22799999,0.004405286,65.89,154.3,84.8699986265685,26690860000.0,3107983000.0,0.05618,1697053000.0,0.04303,0.08619001,0.45229107486780984,16124060000.0,6928553000.0,24492416000.0,12134362000.0,4384560000.0,45000000.0,8399856000.0,0.14871537760543385
ランディックス,2981,不動産業,グロース（内国株式）,2025-03-31,東京都,16105146368,1.72432,,7.782069,8.625747274146015,0.16430001,0.021314388,365.07,,138.47500993140105,20267874000.0,2258831000.0,0.15261,1404730000.0,0.08805,0.24789,0.3829437834982139,13448283000.0,10487250000.0,18737997000.0,12245718000.0,6160378000.0,,5289714000.0,0.32844867591581517
ＡＤワークスグループ,2982,不動産業,プライム（内国株式）,2024-12-31,東京都,22271950848,1.0983135,,9.69928,7.343505276450537,0.24340001,0.0124153495,47.22,,29.54999985223283,49910901000.0,3216734000.0,0.0625,1610551000.0,0.04124,0.14835,0.3133391965782779,41048750000.0,10136010000.0,48701806000.0,35661530000.0,10129840000.0,480502000.0,7989407400.0,0.3587205923057899
アールプランナー,2983,不動産業,グロース（内国株式）,2025-01-31,愛知県,14562530304,2.193483,,7.7760363,15.32369000023442,0.171,0.021849964,350.95,,41.25000139503272,40185916000.0,2163157000.0,0.08505999,1436779000.0,0.0437,0.3215,0.19630563612762839,23191804000.0,18847972000.0,26829493000.0,16642949000.0,5357294000.0,,3637689000.0,0.2497978664463832
ヤマイチエステート,2984,不動産業,スタンダード（内国株式）,2025-03-31,大阪府,6165800448,0.46229893,3.0751264,43.673218,5.516854690535347,1.8428,0.042432815,16.28,231.21,174.2999882105324,20909686000.0,1753777000.0,-0.03661,682538000.0,0.02469,0.03936,0.2678593355639912,37053053000.0,8804104000.0,26862187000.0,31702485000.0,5708337000.0,320695000.0,-9966379500.0,-1.6163967004856268
ＬＡホールディングス,2986,不動産業,グロース（内国株式）,2024-12-31,東京都,57531031552,2.1496923,,7.674574,7.786685570995052,0.462,0.038933333,988.98,,537.6499657393717,44707290000.0,7700990000.0,0.12281,4713088000.0,0.11191,0.22601,0.25448561983466433,53116252000.0,24785888000.0,63141140000.0,47956388000.0,13545096000.0,655808000.0,10483953600.0,0.18223128140026437
ＧＶＡ　ＴＥＣＨ,298A,情報・通信業,グロース（内国株式）,2024-12-31,東京都,2305094144,5.0312176,,,,0.0,0.0,-108.32,,,1165421000.0,-523669000.0,-0.14737001,-532379000.0,-0.30899,,0.46565154773231354,695291000.0,503349000.0,681552000.0,334915000.0,542360000.0,,-13739000.0,-0.005960277169486401
ランドネット,2991,不動産業,スタンダード（内国株式）,2024-07-31,東京都,17242400768,1.5548842,,7.304454,3.5429069356434,0.1015,0.014306151,98.57,,82.13999945963808,77790938000.0,2785755000.0,0.047399998,1840334000.0,0.02484,0.23888001,0.326912511198252,18278380000.0,14154589000.0,21692915000.0,13041468000.0,3935970000.0,,3414535000.0,0.19803129772606848
長栄,2993,不動産業,スタンダード（内国株式）,2025-03-31,京都府,9743690752,0.8358838,,5.170655,7.3808911392800285,0.2087,0.0,431.28,,284.0600040337934,10018008000.0,1800826000.0,0.14074999,2067597000.0,0.18425,0.17251,0.1789400996181319,54753079000.0,4127558000.0,12374666000.0,48903971000.0,11859060000.0,,-42378413000.0,-4.349318351601149
ストレージ王,2997,不動産業,グロース（内国株式）,2025-01-31,千葉県,1912162560,1.8176453,,15.625001,9.44204613731952,0.0,0.0,66.24,,59.52099701977784,4262911000.0,171987000.0,-0.103819996,75392000.0,0.02446,0.12317,0.3082641512862753,2512276000.0,1225425000.0,2770293000.0,1951031000.0,532857000.0,52694000.0,294902800.0,0.15422475377825617
クリアル,2998,不動産業,グロース（内国株式）,2025-03-31,東京都,24314728448,4.586763,3.918985,22.17007,45.024502497436835,0.1657,0.0072115385,36.22,204.9,21.360000340406298,41823444000.0,1968260000.0,0.07019,1351394000.0,0.03061,0.21991,0.09962387266641806,47663085000.0,45999465000.0,50755665000.0,4760856000.0,15699531000.0,1036000.0,3093305200.0,0.12721940146752653
ホームポジション,2999,不動産業,スタンダード（内国株式）,2024-08-31,東京都,4043605504,0.7011906,,,20.043807128006886,0.2493,0.0,-39.18,,20.059999744625486,19730322000.0,-570430000.0,0.04223,-691102000.0,0.02229,0.08404,0.2958740085024557,8190678000.0,6316344000.0,11152104000.0,7290858000.0,2662937000.0,,2961426000.0,0.7323726305819174
クラシル,299A,サービス業,グロース（内国株式）,2025-03-31,東京都,55601180672,4.707184,,30.49006,,0.0,0.0,43.26,,,13101675000.0,2662664000.0,0.20007999,1691530000.0,0.13205,,0.8053196371207031,2561129000.0,2561129000.0,11026552000.0,,8888392000.0,172426000.0,8586121200.0,0.15442336109103263
片倉工業,3001,繊維製品,スタンダード（内国株式）,2024-12-31,東京都,99696467968,1.1056376,,19.416878,17.318528635073026,0.3082,0.016103059,162.23,,91.91000027889932,39424000000.0,4129000000.0,0.17551,3524000000.0,0.14242,0.06534,0.6111119003309988,51057000000.0,20095000000.0,58437000000.0,9752000000.0,30419000000.0,32887000000.0,30400900000.0,0.30493457410906377
グンゼ,3002,繊維製品,プライム（内国株式）,2025-03-31,大阪府,134526730240,1.2128485,8.984375,51.282047,16.728694251217835,1.7932,0.069975786,80.73,460.8,150.2099985173047,137117000000.0,7922000000.0,0.047709998,6279000000.0,0.01973,0.02315,0.7463880208170244,38700000000.0,24551000000.0,77974000000.0,10059000000.0,10541000000.0,3924000000.0,42020800000.0,0.31236022703468336
ヒューリック,3003,不動産業,プライム（内国株式）,2024-12-31,,1307928428544,1.5353924,12.644986,12.706551,11.114204437792795,0.417,0.03283929,135.56,136.22,124.31999998213207,591615000000.0,163361000000.0,0.25228,102341000000.0,0.15463,0.13064,0.2732314726289672,2192592000000.0,462754000000.0,583864000000.0,1870997000000.0,134462000000.0,420487000000.0,-1314387100000.0,-1.004938092417786
神栄,3004,卸売業,スタンダード（内国株式）,2025-03-31,兵庫県,8857496576,0.9007929,,4.7461114,3.8214611746169718,0.1889,0.039875943,476.39,,405.1184451284813,40158000000.0,1387000000.0,0.038340002,1321000000.0,0.04517,0.21613,0.318663377113417,18779000000.0,13439000000.0,17502000000.0,13341000000.0,1146000000.0,5889000000.0,2845300000.0,0.3212307197170742
ＭＩＣ,300A,サービス業,スタンダード（内国株式）,2025-03-31,東京都,21984700416,,,22.675653,,0.2014,0.0,136.49,,,12275062000.0,998781000.0,0.0,650093000.0,0.0,,0.7736369465866347,2418440000.0,2346975000.0,6080381000.0,301113000.0,3661159000.0,,3661941000.0,0.16656770075133326
ポラリス・ホールディングス,3010,サービス業,スタンダード（内国株式）,2025-03-31,東京都,43039977472,1.5045217,12.250333,12.672176,9.122228145685181,0.2066,0.016216217,14.52,15.02,26.43999991820694,27881446000.0,2804095000.0,0.08619001,2610672000.0,0.06947,0.1526,0.42172681830236525,38845394000.0,8229253000.0,13101826000.0,31831136000.0,7514013000.0,2415000.0,-25741877500.0,-0.5980922624029388
バナーズ,3011,小売業,スタンダード（内国株式）,2025-03-31,埼玉県,2296864256,0.8631603,,9.351621,12.814339470661547,0.31190002,0.033333335,16.04,,11.980113589398705,5601270000.0,343910000.0,0.05954,250019000.0,0.043959998,0.0954,0.29733566852011595,6210017000.0,1466559000.0,2046985000.0,3101854000.0,1098894000.0,1502000.0,-4161980600.0,-1.8120272406729465
アプライド,3020,小売業,スタンダード（内国株式）,2025-03-31,福岡県,11041122304,0.87021095,,5.1813145,6.007089689812678,0.1268,0.017412934,788.41,,447.6385034223998,47288000000.0,2670000000.0,0.082729995,1767000000.0,0.04407,0.18042,0.5867486000297338,8228000000.0,7504000000.0,14565000000.0,399000000.0,5971000000.0,33000000.0,6360100000.0,0.5760374556937794
パシフィックネット,3021,サービス業,スタンダード（内国株式）,2025-05-31,東京都,8003770368,2.4034972,,15.128638,16.14573277263777,0.47689998,0.03197868,100.67,,82.35000634609426,8099541000.0,842253000.0,0.13518,529682000.0,0.07486,0.20725,0.273213099605406,8986619000.0,4129762000.0,2360327000.0,7669651000.0,1215270000.0,,-6626292000.0,-0.8278963157779591
ラサ商事,3023,卸売業,スタンダード（内国株式）,2025-03-31,,19130884096,0.8687497,,8.920421,10.459416978006072,0.3673,0.021360315,201.56,,177.92230933713472,26568000000.0,2532000000.0,0.09345,2079000000.0,0.07985,0.10118,0.6572957695661324,11398000000.0,8518000000.0,20219000000.0,4014000000.0,5732000000.0,5185000000.0,12450500000.0,0.6508063055278885
クリエイト,3024,卸売業,スタンダード（内国株式）,2025-03-31,,4575218688,0.84647876,,8.539424,24.00659262057322,0.27629998,0.032871973,137.48,,36.78653858790288,36550093000.0,758790000.0,0.01746,486465000.0,0.0144299995,0.103760004,0.30666584434782773,12040113000.0,10141947000.0,12993963000.0,1119150000.0,1416922000.0,150115000.0,1058930500.0,0.2314491551578485
アルペン,3028,小売業,プライム（内国株式）,2025-06-30,,92902334464,0.76993215,18.769472,16.666666,45.100348861157805,0.3458,0.021079257,144.6,128.4,44.9900000443929,268655000000.0,8518000000.0,0.0070200004,5573000000.0,0.01978,0.04527,0.5882915695415696,84778000000.0,73233000000.0,113597000000.0,11774000000.0,15150000000.0,4964000000.0,32293800000.0,0.3476102100805009
ビースタイルホールディングス,302A,サービス業,グロース（内国株式）,2025-03-31,東京都,1907559168,1.5067931,,14.706541,,0.0,0.0,89.28,,,11214027000.0,323155000.0,0.03746,195800000.0,0.01746,0.20778,0.304324268065687,2887551000.0,1457611000.0,3674750000.0,1543880000.0,2400255000.0,26890000.0,806022000.0,0.42254102180488695
ハブ,3030,小売業,スタンダード（内国株式）,2025-02-28,,9848509440,3.2017207,20.076923,20.201239,36.711590590558984,0.2582,0.0,38.76,39.0,21.516103447245047,10715093000.0,453162000.0,0.04323,446030000.0,0.04439,0.16882999,0.4680804720669163,3289501000.0,1708141000.0,3292130000.0,1440586000.0,2642419000.0,273667000.0,194195900.0,0.019718303686775976
ラクーンホールディングス,3031,情報・通信業,プライム（内国株式）,2025-04-30,東京都,12868024320,2.8468246,12.315175,15.220005,42.7649610345258,0.553,0.034755133,41.59,51.4,15.069999853914634,6098405000.0,1254725000.0,0.17384,836932000.0,0.13113,0.16799,0.2826683803352827,11633568000.0,10694345000.0,13312957000.0,1226250000.0,4340522000.0,681766000.0,2156625200.0,0.16759567330379432
クオールホールディングス,3034,小売業,プライム（内国株式）,2025-03-31,東京都,88129929216,1.6211975,7.1790953,11.7373705,12.776472080787409,0.2,0.0072525595,200.13,327.2,131.099445349947,263972000000.0,13465000000.0,0.05094,5164000000.0,0.02665,0.16287,0.357752600692683,97533000000.0,74202000000.0,60348000000.0,41071000000.0,26727000000.0,143000000.0,-37084900000.0,-0.42079802321306337
ケイティケイ,3035,卸売業,スタンダード（内国株式）,2025-08-31,愛知県,3433953280,0.76702076,,10.330104,9.548918446695852,0.2874,0.02715655,60.89,,63.50060102950092,18927608000.0,426713000.0,0.02149,332198000.0,0.01754,0.07644,0.47966713271970873,4857376000.0,4363054000.0,6261183000.0,994428000.0,2522722000.0,740763000.0,1922341100.0,0.5598040926171249
アルコニックス,3036,卸売業,プライム（内国株式）,2025-03-31,東京都,71333601280,1.0221763,,15.128351,25.244037360237893,0.5353,0.036410924,156.99,,53.04388236075151,197004000000.0,6920000000.0,0.03971,4805000000.0,0.02319,0.06741,0.3544605714169472,126325000000.0,103196000000.0,144374000000.0,53741000000.0,18762000000.0,8577000000.0,24052900000.0,0.3371889203460667
神戸物産,3038,卸売業,プライム（内国株式）,2024-10-31,兵庫県,839304806400,5.4189463,36.93746,36.100533,39.120828848816245,0.219,0.0059973923,105.04,102.66,92.50999985403578,507883000000.0,34358000000.0,0.080819994,21443000000.0,0.060489997,0.23345,0.5688883937752793,100618000000.0,56929000000.0,161089000000.0,37001000000.0,107272000000.0,424000000.0,60767800000.0,0.07240254021736053
ｖｉｓｕｍｏ,303A,情報・通信業,グロース（内国株式）,2025-03-31,東京都,1566609024,3.009188,,26.040817,,0.0,0.0,36.75,,,829121000.0,79988000.0,0.01398,48907000.0,0.05899,0.10929,0.7481031866464339,175296000.0,151327000.0,453359000.0,,347308000.0,,278063000.0,0.17749355183083637
ソリトンシステムズ,3040,情報・通信業,プライム（内国株式）,2024-12-31,東京都,35220488192,2.8405693,22.565321,20.491802,12.335768509377408,0.7016,0.034592867,92.72,84.2,104.50670594592955,18606000000.0,2044000000.0,0.20601,1725000000.0,0.12535,0.20306998,0.527011938503822,11003000000.0,10845000000.0,20897000000.0,191000000.0,14692000000.0,56000000.0,9933200000.0,0.28202902656687856
ビューティカダンホールディングス,3041,卸売業,スタンダード（内国株式）,2024-06-30,熊本県,1869941120,0.8853458,,43.304844,62.986300939483996,0.4986,0.011538462,10.53,,21.932865911600793,6982903000.0,84866000.0,-0.046869997,28541000.0,0.00159,0.02459,0.2001955931206853,2173778000.0,1282422000.0,1799228000.0,1483027000.0,1071375000.0,190862000.0,-240946600.0,-0.12885250632918324
セキュアヴェイル,3042,情報・通信業,グロース（内国株式）,2025-03-31,大阪府,2775928320,2.271626,,19.120764,10.205905554701639,0.105900005,0.0056497175,18.88,,29.76999952021201,1149075000.0,35122000.0,0.02269,42811000.0,0.108330004,0.1237,0.7640961483455176,366186000.0,353359000.0,1428274000.0,2269000.0,1112261000.0,59397000.0,1103665900.0,0.3975844376269773
カワサキ,3045,卸売業,スタンダード（内国株式）,2024-08-31,大阪府,3010384640,0.6971932,,9.310826,13.387923133336463,0.3523,0.01781896,150.47,,95.46524940197511,2182874000.0,402368000.0,0.28369,293445000.0,0.14129,0.05171,0.6838912728106801,2567510000.0,701621000.0,1002432000.0,1297220000.0,570344000.0,,-1565078000.0,-0.5198930326723963
ジンズホールディングス,3046,小売業,プライム（内国株式）,2025-08-31,東京都,143084126208,4.5077243,25.185915,17.181938,26.26200371443293,0.3054,0.017412141,356.77,243.39,190.97000127435987,97215000000.0,12094000000.0,0.11686,8330000000.0,0.08569,0.29057,0.5485543438812367,26122000000.0,21717000000.0,28650000000.0,5728000000.0,11977000000.0,1623000000.0,3664100000.0,0.025608011853624723
ビックカメラ,3048,小売業,プライム（内国株式）,2025-08-31,,273693229056,1.6235795,20.451637,15.674642,20.140034845687534,0.402,0.025916561,101.98,78.16,81.19000022206411,974483000000.0,30275000000.0,0.02355,17476000000.0,0.01793,0.10074,0.3422606901900591,280767000000.0,213426000000.0,278158000000.0,96208000000.0,69284000000.0,32642000000.0,20240400000.0,0.07395287077364504
フォルシア,304A,情報・通信業,グロース（内国株式）,2025-02-28,東京都,2415755776,1.2319441,,21.412971,,0.0,0.0,91.58,,,2310220000.0,215336000.0,0.0305,131697000.0,0.042940002,,0.8847998094574968,252477000.0,252476000.0,1813766000.0,,1230480000.0,,1561289000.0,0.646294222086132
ＤＣＭホールディングス,3050,小売業,プライム（内国株式）,2025-02-28,東京都,209969709056,0.74219674,10.732877,11.94724,8.474833066534353,0.3508,0.029449424,131.16,146.0,159.48999967731646,544602000000.0,33231000000.0,0.07858,17144000000.0,0.03271,0.064559996,0.40790757111813514,383638000000.0,127710000000.0,292374000000.0,293591000000.0,119429000000.0,35869000000.0,-66155700000.0,-0.3150725897436755
ペッパーフードサービス,3053,小売業,スタンダード（内国株式）,2024-12-31,東京都,11301975040,3.4839907,,,-6.719375408450705,0.0,0.0,-2.32,,-14.733512265960233,13988000000.0,77000000.0,-0.25847,28000000.0,0.002,0.00984,0.5584898971995746,2491000000.0,1719000000.0,3493000000.0,0.0,2179000000.0,20000000.0,1016000000.0,0.08989579223137269
ハイパー,3054,卸売業,スタンダード（内国株式）,2024-12-31,東京都,2829440000,0.9168628,,9.634989,36.93454695322469,0.23020001,0.02341137,30.41,,8.029999988809921,12409590000.0,262129000.0,0.01804,218420000.0,0.021930002,0.09882,0.39130668387427336,4542901000.0,4097517000.0,6768434000.0,806227000.0,2358821000.0,44291000.0,2256536700.0,0.7975206047839856
三洋堂ホールディングス,3058,小売業,スタンダード（内国株式）,2025-03-31,愛知県,4938141184,1.7667753,,18.250336,-110.41967741935484,0.0,0.0,37.15,,-6.38473156666209,16605085000.0,123634000.0,-0.0019,177821000.0,0.01616,0.099259995,0.22728128706933098,9589154000.0,6525595000.0,8474200000.0,2728674000.0,2365078000.0,340043000.0,-876923900.0,-0.17758177972742223
ヒラキ,3059,小売業,スタンダード（内国株式）,2025-03-31,兵庫県,4049682688,0.6333566,,,-308.42252743450166,12.658199,0.012019231,-178.96,,-3.1152660776659133,12960074000.0,-3812000.0,-0.03955,-771903000.0,-0.06931,-0.12681,0.4324902242175204,8506160000.0,3456103000.0,10317122000.0,6635923000.0,6480986000.0,126497000.0,1899509900.0,0.4690515396746067
ジェイグループホールディングス,3063,小売業,グロース（内国株式）,2025-02-28,愛知県,9661189120,4.6425805,24.763407,,32.002774636362794,0.120699994,0.005082592,-7.77,31.7,21.01000002463709,10742457000.0,377105000.0,0.02378,458211000.0,0.00792,0.04719,0.19472309065637317,7865200000.0,1682174000.0,2379582000.0,5800085000.0,1638703000.0,7330000.0,-5480487000.0,-0.5672683695482819
ＭｏｎｏｔａＲＯ,3064,小売業,プライム（内国株式）,2024-12-31,大阪府,1139156713472,9.972031,37.66223,38.90869,34.783806530453326,0.4246,0.01102779,58.92,60.87,43.89769221120126,288119000000.0,37067000000.0,0.14033,26338000000.0,0.0,,0.7150481286372287,40762000000.0,36461000000.0,94116000000.0,1336000000.0,30727000000.0,1500000000.0,54404000000.0,0.047758134905059514
ライフフーズ,3065,小売業,スタンダード（内国株式）,2025-02-28,大阪府,5032829952,2.7959282,,16.26073,-7.097325813971435,0.0499,0.0,100.18,,-239.80027385494563,9783103000.0,347467000.0,0.022090001,402103000.0,0.03148,0.18746,0.4133294613324449,2387894000.0,1518440000.0,2632099000.0,556410000.0,2230603000.0,200000000.0,384205000.0,0.07633975390869713
東京一番フーズ,3067,小売業,スタンダード（内国株式）,2024-09-30,東京都,4025639936,2.4111457,,,43.617020860650854,0.0,0.0,-4.33,,12.220000116533557,7452170000.0,217976000.0,-0.03384,39315000.0,0.0103400005,0.04615,0.37053337716254553,2688530000.0,1097331000.0,1962792000.0,1805273000.0,935487000.0,,-725738000.0,-0.18027891503906227
ＷＤＩ,3068,小売業,スタンダード（内国株式）,2025-03-31,東京都,18984568832,3.0791492,,,21.009394504140023,0.114300005,0.005657238,-60.6,,168.35896305102295,31952794000.0,749249000.0,0.01158,930006000.0,-0.0116799995,-0.10217,0.28500796947413354,14439991000.0,5197143000.0,8457062000.0,9376979000.0,5152618000.0,318096000.0,-5760261800.0,-0.30341809977220136
ＪＦＬＡホールディングス,3069,食料品,スタンダード（内国株式）,2025-03-31,東京都,7089397760,0.9518506,,30.309278,-12.028099752752627,0.0,0.0,4.85,,-12.969629717636773,65207679000.0,1310526000.0,0.01695,638153000.0,0.0035899999,0.03338,0.18070923823106547,30383394000.0,9432427000.0,20848396000.0,19271221000.0,4574358000.0,1249611000.0,-8660270300.0,-1.2215805338026342
ジェリービーンズグループ,3070,卸売業,グロース（内国株式）,2025-01-31,東京都,5954293760,3.6329446,,,-2.5236744416923385,0.0,0.0,-26.91,,-54.68217204254732,831619000.0,-519976000.0,-0.09134,-519966000.0,-0.48115003,-1.33258,0.3271801703977272,423203000.0,247939000.0,614664000.0,181785000.0,265170000.0,73000.0,191512100.0,0.032163696941952695
ストリーム,3071,小売業,スタンダード（内国株式）,2025-01-31,東京都,2929468928,1.0443761,,,101.50406257656634,20.0,0.028846154,-1.35,,1.102880974144448,30296973000.0,260666000.0,0.00415,4166000.0,-0.00114,-0.01596,0.45882187999681534,3392064000.0,3245912000.0,5351599000.0,843094000.0,895143000.0,10318000.0,1966757600.0,0.6713700156371825
ＤＤグループ,3073,小売業,プライム（内国株式）,2025-02-28,東京都,30616354816,3.339479,9.84275,Infinity,7.543753858565154,0.0,0.0,0.0,171.7,188.63287783234475,38578000000.0,3738000000.0,0.07476,2397000000.0,0.058819998,0.22427,0.25844060433768806,22565000000.0,6500000000.0,11311000000.0,16583000000.0,7382000000.0,1424000000.0,-10257200000.0,-0.3350235539679473
銚子丸,3075,小売業,スタンダード（内国株式）,2024-05-31,,19029481472,2.2967026,,27.548807,28.424780067950703,0.2171,0.0,55.32,,40.730001436780874,21360275000.0,1709008000.0,0.07649,1073574000.0,0.033469997,,0.72487621497754,3533368000.0,3032214000.0,8075579000.0,198000000.0,6585878000.0,20000000.0,4556211000.0,0.2394290672977093
あい　ホールディングス,3076,卸売業,プライム（内国株式）,2025-06-30,東京都,148100972544,1.3338938,7.9542203,6.8306346,6.94864510603852,0.2211,0.03640335,406.99,349.5,331.10999828458796,66197000000.0,8892000000.0,0.10064,21280000000.0,0.20113,0.14171,0.7774189885455552,28841000000.0,16565000000.0,83265000000.0,1064000000.0,45055000000.0,5138000000.0,58020600000.0,0.39176380143460837
ホリイフードサービス,3077,小売業,スタンダード（内国株式）,2025-03-31,茨城県,3208030976,5.5091953,,9.442571,22.052189296421368,0.0,0.0,50.41,,15.826093060820758,4770191000.0,199677000.0,0.03866,175313000.0,0.04555,,0.15719007705961038,2501308000.0,2074243000.0,2163287000.0,1634930000.0,1814136000.0,147923000.0,-234474900.0,-0.07308997380454221
ディーブイエックス,3079,卸売業,スタンダード（内国株式）,2025-03-31,東京都,12538141696,1.4466537,,37.59446,56.79954620672694,1.5748,0.0,31.76,,16.579282804808148,50321644000.0,537458000.0,0.00389,410119000.0,0.0061799996,0.03809,0.3574273278631604,16409636000.0,15881367000.0,23436673000.0,13423000.0,5058521000.0,323874000.0,7253748800.0,0.578534600730676
ジェーソン,3080,小売業,スタンダード（内国株式）,2025-02-28,千葉県,9800966144,1.5520138,,52.076244,13.900594956443816,0.8868,0.017082786,14.69,,47.058396530676596,28297699000.0,538544000.0,0.01779,345589000.0,0.00664,0.029660001,0.5801503583255543,4559256000.0,3445217000.0,7086489000.0,958734000.0,4113685000.0,,2527233000.0,0.2578554973937067
きちりホールディングス,3082,小売業,スタンダード（内国株式）,2024-06-30,東京都,10531299328,5.077774,33.890907,34.480206,37.05470208832422,0.2779,0.010718114,27.03,27.5,23.980000573901126,,,0.06373,,0.0251,0.19188999,0.2380631548686331,5701604000.0,2531574000.0,4270249000.0,3766424000.0,2983497000.0,117412000.0,-1349166600.0,-0.128110175010686
スターシーズ,3083,小売業,スタンダード（内国株式）,2025-02-28,東京都,4833214976,2.7865908,,,-4.192395963918052,0.0,0.0,-143.03,,-115.4471104746681,5110179000.0,-282035000.0,-0.15785,-530682000.0,-0.12076,-0.48294997,0.2529111896664969,1674731000.0,1049424000.0,1527243000.0,725633000.0,281961000.0,127048000.0,-58554400.0,-0.01211500011705666
Ｊ．フロント　リテイリング,3086,小売業,プライム（内国株式）,2025-02-28,東京都,559974121472,1.383168,17.716196,18.622427,12.624456923205708,0.4707,0.02524917,121.01,127.2,114.05999999839851,441877000000.0,58199000000.0,0.12817,41424000000.0,0.06782,0.07403,0.3518851141651355,740913000000.0,341341000000.0,241045000000.0,363577000000.0,54975000000.0,81535000000.0,-442793500000.0,-0.7907392199411499
ドトール・日レスホールディングス,3087,小売業,プライム（内国株式）,2025-02-28,,107703541760,1.0559793,16.705774,16.77905,16.138869311678366,0.3534,0.021036228,152.75,153.42,124.8899991131923,148822000000.0,9600000000.0,0.06367,6880000000.0,0.04303,0.06466,0.7747928958817569,29882000000.0,21084000000.0,58792000000.0,2112000000.0,38990000000.0,1087000000.0,29670900000.0,0.27548676222845875
マツキヨココカラ＆カンパニー,3088,小売業,プライム（内国株式）,2025-03-31,東京都,1150009737216,2.2021313,20.810831,20.660566,18.849437402264183,0.3361,0.016206896,139.88,138.87,125.28000009419873,1061626000000.0,82086000000.0,0.07491,54675000000.0,0.05183,0.11047,0.7306546199388311,191283000000.0,162640000000.0,364316000000.0,2205000000.0,111750000000.0,27786000000.0,192483200000.0,0.1673752784615309
テクノアルファ,3089,卸売業,スタンダード（内国株式）,2024-11-30,東京都,2222953472,0.9915049,,11.696396,11.573023497458154,0.325,0.028157683,107.64,,94.13521690228269,3969934000.0,276602000.0,0.27627,212418000.0,0.10880999,0.23341,0.6487692202048054,1058775000.0,933384000.0,2549700000.0,512915000.0,449332000.0,100000000.0,1560925000.0,0.7021851872570367
ブロンコビリー,3091,小売業,プライム（内国株式）,2024-12-31,,59325587456,2.80539,24.477886,34.247166,46.033725880786314,0.2151,0.006313131,116.36,162.8,67.3299982630215,26617496000.0,2531268000.0,0.105220005,1715475000.0,0.06058,0.08636,0.8186810569631672,4446115000.0,3735460000.0,9893453000.0,333100000.0,7388509000.0,168634000.0,5565381800.0,0.09381081652377528
ＺＯＺＯ,3092,小売業,プライム（内国株式）,2025-03-31,千葉県,1190301532160,12.544853,7.866285,26.454401,24.383710071122643,0.7275,0.013412816,50.88,171.11,49.39666668895816,213131000000.0,64763000000.0,0.27633,45346000000.0,0.20594999,0.49019,0.5256269634204781,89092000000.0,79828000000.0,147394000000.0,20000000000.0,91486000000.0,931000000.0,58953700000.0,0.04952837445568831
トレジャー・ファクトリー,3093,小売業,プライム（内国株式）,2025-02-28,東京都,38505484288,3.4277227,12.027818,13.73631,14.77189143249294,0.2926,0.021033654,119.61,136.6,95.72000041858813,42207000000.0,4035000000.0,0.03987,2709000000.0,0.062230002,0.27559,0.499951992318771,10330000000.0,7826000000.0,13274000000.0,5621000000.0,3014000000.0,,2944000000.0,0.07645664129245817
スーパーバリュー,3094,小売業,スタンダード（内国株式）,2025-02-28,埼玉県,9986297856,1.2008717,,,-5.994533309296785,0.0,0.010075566,-138.37,,-178.16232638888889,66487429000.0,-2756869000.0,0.03032,-2790501000.0,0.0091699995,0.123950005,0.105415648261965,13726369000.0,10438644000.0,4257534000.0,5282612000.0,1422975000.0,,-9468835000.0,-0.9481827136080168
オーシャンシステム,3096,小売業,スタンダード（内国株式）,2025-03-31,新潟県,13489760256,1.1358844,,12.706154,7.5154823937372,0.1508,0.004919185,112.78,,142.07032826941463,91061863000.0,1752110000.0,0.01594,1049738000.0,0.0113,0.09264,0.4652656053823502,12877617000.0,9072808000.0,11172079000.0,3340557000.0,4780051000.0,579274000.0,-1300046200.0,-0.09637281725757603
物語コーポレーション,3097,小売業,プライム（内国株式）,2025-06-30,愛知県,170829037568,4.1376944,21.764734,27.24871,22.41786961153369,0.2209,0.012770809,162.76,203.77,151.9499989383171,123921000000.0,9244000000.0,0.076799996,6157000000.0,0.0521,0.17868,0.5440791073406641,33665000000.0,18811000000.0,21139000000.0,15348000000.0,12520000000.0,57000000.0,-12486100000.0,-0.07309120380093342
三越伊勢丹ホールディングス,3099,小売業,プライム（内国株式）,2025-03-31,東京都,856683511808,1.4712329,15.08949,15.60059,16.268011015659113,0.38439998,0.012185215,156.18,161.47,145.5299999673749,555517000000.0,76315000000.0,0.12186,52814000000.0,0.10415,0.095769994,0.49919467607068274,602851000000.0,379344000000.0,254916000000.0,86329000000.0,38795000000.0,148975000000.0,-243652500000.0,-0.28441366810688357
東洋紡,3101,化学,プライム（内国株式）,2025-03-31,大阪府,106512146432,0.535708,10.079332,13.966675,38.279131603233196,0.4629,0.033613447,86.42,119.75,27.867326552851434,422032000000.0,16653000000.0,0.06156,2003000000.0,0.01828,0.04162,0.31614165772362857,385755000000.0,160320000000.0,267495000000.0,261070000000.0,28581000000.0,12274000000.0,-109668200000.0,-1.029630926365895
ユニチカ,3103,繊維製品,プライム（内国株式）,2025-03-31,大阪府,21274451968,0.66743356,11.114457,,-1.7583744424030867,0.0,0.0,-310.96,33.2,-94.40537578169966,126411000000.0,5851000000.0,0.08964,-24283000000.0,-0.14116,-0.58638,0.10417586829953825,133199000000.0,116170000000.0,75277000000.0,93525000000.0,13501000000.0,2974000000.0,-55840200000.0,-2.6247538636479155
富士紡ホールディングス,3104,繊維製品,プライム（内国株式）,2025-03-31,東京都,85882126336,1.7416779,19.657854,16.474499,22.673436038615964,0.3133,0.009126467,463.14,388.14,185.1657482725444,42912000000.0,6479000000.0,0.16284001,4477000000.0,0.11519,0.10767999,0.7124969973576748,19150000000.0,12499000000.0,25052000000.0,561000000.0,8065000000.0,2923000000.0,7948100000.0,0.09254661405219915
日清紡ホールディングス,3105,電気機器,プライム（内国株式）,2024-12-31,東京都,197748113408,0.72619474,11.5881,15.431497,-8.367655327762924,0.4387,0.029232644,82.04,109.25,-127.60537697547144,494746000000.0,16581000000.0,0.0041,10277000000.0,0.04151,0.07661,0.396280053415221,382507000000.0,198881000000.0,371117000000.0,217185000000.0,50411000000.0,69917000000.0,37551900000.0,0.18989763974395935
倉敷紡績,3106,繊維製品,プライム（内国株式）,2025-03-31,大阪府,124610592768,1.0017209,,10.661011,9.076633226865122,0.3691,0.035318,707.25,,362.49193027759844,150660000000.0,10312000000.0,0.05283,9014000000.0,0.08112001,0.097770005,0.6288032667286001,69347000000.0,39502000000.0,84835000000.0,10951000000.0,15192000000.0,55994000000.0,54683800000.0,0.4388374919442868
ダイワボウホールディングス,3107,卸売業,プライム（内国株式）,2025-03-31,大阪府,268306219008,1.6721654,10.180723,8.818414,52.387395348149205,0.2755,0.014856388,344.96,298.8,45.8246402396619,1136817000000.0,34900000000.0,0.03429,24751000000.0,0.024300002,0.20544,0.34555418724808123,287814000000.0,267779000000.0,407778000000.0,20703000000.0,55421000000.0,10409000000.0,127250300000.0,0.47427264440786526
シキボウ,3109,繊維製品,プライム（内国株式）,2025-03-31,大阪府,13203193856,0.3765134,6.2015505,13.831626,15.469722766331177,0.6646,0.048169557,75.19,167.7,68.54999788351881,39087000000.0,1346000000.0,0.0373,914000000.0,0.0238,0.02705,0.41126724369531953,50375000000.0,17211000000.0,25794000000.0,26620000000.0,5903000000.0,1112000000.0,-23802600000.0,-1.8027910715847935
日東紡績,3110,ガラス・土石製品,プライム（内国株式）,2025-03-31,東京都,497308696576,3.6514995,46.084816,34.722046,28.334762396494547,0.2698,0.009859675,393.41,296.41,200.3900134582109,109035000000.0,16445000000.0,0.17672001,12837000000.0,0.12614,0.10714,0.5814885367876113,87277000000.0,40142000000.0,115256000000.0,52746000000.0,28546000000.0,21020000000.0,42693000000.0,0.0858480864982733
オーミケンシ,3111,繊維製品,スタンダード（内国株式）,2025-03-31,大阪府,1702052608,1.0651122,,,-1.0699558096814232,0.0,0.0,-74.64,,-366.3702710457893,3407000000.0,236000000.0,0.00799,300000000.0,-0.15336001,-0.26709998,0.1213730324293571,13899000000.0,7857000000.0,1971000000.0,7443000000.0,937000000.0,73000000.0,-11876900000.0,-6.977986428960015
ＵＮＩＶＡ・Ｏａｋホールディングス,3113,証券、商品先物取引業,スタンダード（内国株式）,2025-03-31,,5563462144,3.6554356,,,-4.516887165091278,0.0,0.0,-11.08,,-17.711312476051933,2882052000.0,-722180000.0,-0.59064,-740417000.0,-0.39548,-0.47423,0.3558949422908744,3222922000.0,2420418000.0,3127878000.0,1920382000.0,854546000.0,181092000.0,31720400.0,0.005701557623468211
トヨタ紡織,3116,輸送用機器,プライム（内国株式）,2025-03-31,愛知県,432893034496,0.93578064,8.7425585,20.963835,7.677051061690141,0.7446,0.035714287,115.58,277.15,315.1146323773815,1954216000000.0,42400000000.0,0.03723,16719000000.0,0.01043,0.05866,0.4086658123491205,604764000000.0,387452000000.0,668631000000.0,167318000000.0,249721000000.0,33923000000.0,87613100000.0,0.2023897199039121
マーチャント・バンカーズ,3121,サービス業,スタンダード（内国株式）,2024-10-31,東京都,6732196352,1.5164083,,40.837696,-122.78716797338444,0.349,0.008547009,5.73,,-2.251115121386496,4446741000.0,326376000.0,0.18518999,182415000.0,0.02558,,0.255093487678484,12198157000.0,669196000.0,2379133000.0,11835097000.0,1266740000.0,69161000.0,-9770611300.0,-1.451325955027641
サイボー,3123,繊維製品,スタンダード（内国株式）,2025-03-31,埼玉県,7812357632,0.41204423,,7.3259187,7.0471121889853245,0.1934,0.026578072,82.72,,71.70000144049285,10297819000.0,806022000.0,0.12586,859552000.0,0.10176,0.05558,0.4228833615075732,21816197000.0,2363302000.0,6557981000.0,12880103000.0,3917933000.0,6601304000.0,-10637303200.0,-1.3615996221715212
シンデン・ハイテックス,3131,卸売業,スタンダード（内国株式）,2025-03-31,東京都,5119983104,0.7001207,,9.813557,21.749956875828307,0.4516,0.046676625,276.76,,148.24765609243676,43745219000.0,1400721000.0,0.01757,642779000.0,0.01243,0.07243,0.44510139196654586,9231311000.0,9181290000.0,16329813000.0,5968479000.0,6591845000.0,25000000.0,7116002000.0,1.3898487271257995
マクニカホールディングス,3132,卸売業,プライム（内国株式）,2025-03-31,神奈川県,414266294272,1.5902491,8.490705,19.646034,8.81335478473815,0.59319997,0.029850746,118.09,273.24,264.87512798247775,1034180000000.0,39650000000.0,0.03168,25279000000.0,0.01931,0.08189,0.45362106829512006,294963000000.0,293061000000.0,524936000000.0,75924000000.0,48530000000.0,7958000000.0,235543600000.0,0.5685801699458228
海帆,3133,小売業,グロース（内国株式）,2025-03-31,愛知県,26465839104,27.658815,32.74648,,-77.26667545788676,0.0,0.0,-81.7,14.2,-15.517685896211491,2791353000.0,-462211000.0,-0.41019002,-737838000.0,-1.4617101,-3.10651,0.3239420585257749,3093919000.0,1935487000.0,770847000.0,2294622000.0,436604000.0,,-2323072000.0,-0.08777624585682965
Ｈａｍｅｅ,3134,小売業,スタンダード（内国株式）,2025-04-30,神奈川県,18463678464,0.78554475,4.468641,6.4020967,16.209358728467116,0.28079998,0.0433526,80.13,114.8,70.41999821317164,22895350000.0,2354125000.0,0.03233,1278023000.0,0.05093,0.11736,0.622775899258746,6402470000.0,6257553000.0,13421855000.0,3850000000.0,4993572000.0,10934000.0,7027038800.0,0.3805871518885653
マーケットエンタープライズ,3135,小売業,プライム（内国株式）,2024-06-30,東京都,8782550016,6.9608226,,18.519354,28.726998657024794,0.0,0.0,88.61,,53.26000179367362,19008339000.0,298760000.0,-0.01264,-476300000.0,0.016619999,0.32638,0.16473581222826458,4038958000.0,3976241000.0,4334961000.0,2324579000.0,1486785000.0,2642000.0,297852400.0,0.033914113720659056
ファンデリー,3137,小売業,グロース（内国株式）,2025-03-31,東京都,2585700096,2.8549435,32.38095,,31.996179071064613,0.0,0.0,-1.31,6.3,5.235000080102588,2464162000.0,-133605000.0,0.18572001,-183577000.0,0.10371,,0.0531092433758183,3957992000.0,507061000.0,1155551000.0,3715790000.0,758883000.0,,-2802441000.0,-1.083822909058669
富士山マガジンサービス,3138,小売業,グロース（内国株式）,2024-12-31,東京都,3619431424,1.5382197,14.123712,56.817,9.894800396129595,0.8282,0.014414415,19.29,77.6,68.10000925321656,5618929000.0,308095000.0,0.01875,171048000.0,0.01122,0.03484,0.40579396301572274,3368800000.0,3368798000.0,5112032000.0,550000000.0,3200978000.0,38294000.0,1770037800.0,0.4890375290061028
ラクト・ジャパン,3139,卸売業,プライム（内国株式）,2024-11-30,東京都,34649825280,1.1446868,10.439511,8.090614,9.154580734405517,0.2305,0.028165007,429.51,332.87,204.44000160118048,170907000000.0,4455000000.0,0.02945,3146000000.0,0.0231,0.14771,0.3386750168846319,53855000000.0,44455000000.0,75826000000.0,32918000000.0,9076000000.0,1327000000.0,22899900000.0,0.6608951074052861
ＢＲＵＮＯ,3140,卸売業,グロース（内国株式）,2024-06-30,東京都,14858949632,2.786227,,76.91165,22.83424464475076,0.2978,0.003872217,13.47,,44.06442749187998,12940000000.0,147000000.0,0.01013,-334000000.0,0.027320001,0.077360004,0.4920665634674923,5250000000.0,2589000000.0,8311000000.0,1768000000.0,2690000000.0,,3061000000.0,0.2060037940641429
ウエルシアホールディングス,3141,小売業,プライム（内国株式）,2025-02-28,東京都,657731420160,2.5094383,25.89315,34.24732,22.762276444892226,0.39060003,0.011066708,92.27,122.04,128.03561573175173,1285005000000.0,36416000000.0,0.043759998,14958000000.0,0.01438,0.07237,0.4286541893324827,325501000000.0,236616000000.0,280890000000.0,81249000000.0,35011000000.0,956000000.0,-43941800000.0,-0.06680812053848773
オーウイル,3143,卸売業,スタンダード（内国株式）,2025-03-31,,6359109120,1.1201535,3.2897806,6.3691387,6.562187723782558,0.19870001,0.028169014,110.69,214.3,73.56264295961634,39156014000.0,1162944000.0,0.04224,915103000.0,0.02474,0.18768999,0.31562316676608204,10965389000.0,8023318000.0,14905249000.0,4759611000.0,2858922000.0,429126000.0,4240248200.0,0.6667990940215223
クリエイトＳＤホールディングス,3148,小売業,プライム（内国株式）,2025-05-31,神奈川県,214479519744,1.4910151,,13.680003,14.503371912625402,0.32119998,0.023564955,242.69,,215.6100002346497,457093000000.0,22630000000.0,0.045489997,15685000000.0,0.03498,0.11767,0.6033158466526604,93840000000.0,84668000000.0,112041000000.0,,37746000000.0,175000000.0,18323500000.0,0.08543239942848946
グリムス,3150,電気・ガス業,プライム（内国株式）,2025-03-31,東京都,57731919872,3.3087988,10.893636,12.209899,13.38396650585623,0.4104,0.024013024,204.67,229.4,153.32000302439286,33340818000.0,6500121000.0,0.19719,4558108000.0,0.13923,0.29529,0.6264359374672313,9725641000.0,7048659000.0,21518496000.0,3691557000.0,13850883000.0,2082529000.0,13250625300.0,0.22951991427582089
バイタルケーエスケー・ホールディングス,3151,卸売業,プライム（内国株式）,2025-03-31,東京都,64051269632,0.5912715,,6.518956,10.147831503023783,0.2856,0.018461538,203.1,,115.02421355171464,600370000000.0,5706000000.0,0.00557,7308000000.0,0.01633,0.09059,0.35372011782543933,192120000000.0,174880000000.0,187896000000.0,7699000000.0,23099000000.0,45131000000.0,27367700000.0,0.4272780252013475
八洲電機,3153,卸売業,プライム（内国株式）,2025-03-31,東京都,56031109120,1.7864251,,11.848448,12.171491583793621,0.16209999,0.013518588,221.97,,125.19100226776173,66074000000.0,5258000000.0,0.07565,4011000000.0,0.06616,0.16037,0.4772610342838434,33313000000.0,32760000000.0,51370000000.0,740000000.0,15452000000.0,3353000000.0,20404100000.0,0.3641566322790649
メディアスホールディングス,3154,卸売業,プライム（内国株式）,2025-06-30,,18434689024,0.9188294,,13.405562,17.45941434063224,0.3234,0.024125453,61.84,,50.999999047725765,288689338000.0,1875755000.0,0.0022,1375426000.0,0.00483,0.07137,0.18118231916519692,92546852000.0,81379281000.0,89052879000.0,21235995000.0,14333767000.0,4289108000.0,-491597400.0,-0.026666975469995323
レスター,3156,卸売業,プライム（内国株式）,2025-03-31,東京都,77633667072,0.8948347,8.869828,16.313147,12.163217230041644,0.7087,0.022058824,169.25,311.28,231.91000170157838,561001000000.0,14174000000.0,0.02261,7473000000.0,0.00841,0.05864,0.2772158104908684,209962000000.0,145150000000.0,240568000000.0,115310000000.0,44417000000.0,3477000000.0,33039900000.0,0.4255872644706802
ジオリーブグループ,3157,卸売業,スタンダード（内国株式）,2025-03-31,,18607202304,0.7726238,,7.6570177,6.866026047813504,0.2348,0.030780243,183.1,,187.53767329716698,176115000000.0,1922000000.0,0.01232,1601000000.0,0.01311,0.10464,0.2595978675131045,66172000000.0,53589000000.0,64520000000.0,13647000000.0,17256000000.0,1833000000.0,-368900000.0,-0.01982565642985982
丸善ＣＨＩホールディングス,3159,小売業,スタンダード（内国株式）,2025-01-31,東京都,31650416640,0.60075885,,8.096591,13.703727254048143,0.071,0.0088495575,42.24,,23.710000114011166,165557000000.0,3402000000.0,0.01575,3908000000.0,0.02725,0.09425,0.3842902669268381,80992000000.0,56714000000.0,98060000000.0,38808000000.0,28743000000.0,4476000000.0,20201200000.0,0.6382601603566126
大光,3160,卸売業,スタンダード（内国株式）,2025-05-31,岐阜県,8358011392,1.3471174,,16.180595,11.694159097205784,0.39290002,0.024305556,35.66,,51.79051177093305,74880531000.0,811134000.0,0.00228,523226000.0,0.00595,0.073309995,0.23221704273081023,21082834000.0,14591870000.0,15178585000.0,10099824000.0,534923000.0,1338458000.0,-4967328400.0,-0.5943194100877339
アゼアス,3161,卸売業,スタンダード（内国株式）,2025-04-30,東京都,3661919744,0.55399704,,18.381933,18.986548383546094,0.65769994,0.035658915,34.98,,33.04103797280686,8027705000.0,191872000.0,-0.0081400005,199093000.0,0.02157,0.02617,0.8007747793388548,1683894000.0,1580021000.0,6325829000.0,95384000.0,2952037000.0,173888000.0,4763656600.0,1.3008631900808802
ＯＣＨＩホールディングス,3166,卸売業,スタンダード（内国株式）,2025-03-31,福岡県,18451726336,0.7715869,,17.152887,9.605775537836664,0.65349996,0.038081806,82.61,,161.78040377853478,117084000000.0,1476000000.0,0.00803,1040000000.0,0.0090499995,0.045339998,0.33547963393915164,46514000000.0,39356000000.0,46142000000.0,8094000000.0,15564000000.0,1954000000.0,995800000.0,0.053967850046483586
ＴＯＫＡＩホールディングス,3167,卸売業,プライム（内国株式）,2025-03-31,静岡県,140764446720,1.4700203,14.828532,13.531105,14.422696704295527,0.4257,0.031746034,79.89,72.9,64.93000008544026,243482000000.0,16841000000.0,0.04097,9216000000.0,0.042280003,0.11132,0.4427276258324886,115262000000.0,61582000000.0,54955000000.0,65094000000.0,5636000000.0,16274000000.0,-48915200000.0,-0.3474968370195005
ＭＥＲＦ,3168,卸売業,スタンダード（内国株式）,2024-08-31,富山県,7959234560,0.863538,,23.254854,47.98627494283478,0.8254,0.035587188,24.21,,12.031440132171229,82070144000.0,1450303000.0,0.02409,532504000.0,-0.00246,-0.021710001,0.3563332371475379,17129061000.0,14900742000.0,23421328000.0,12788977000.0,1238544000.0,481238000.0,6629133600.0,0.832885819613287
ミサワ,3169,小売業,スタンダード（内国株式）,2025-01-31,,5025721856,2.2232397,,49.270325,410.4618463250488,0.5563,0.011283498,14.39,,1.7318080397790716,12637840000.0,325650000.0,0.118310004,187357000.0,0.05657,0.31087,0.6241067238589018,1910393000.0,1815687000.0,3625761000.0,54174000.0,1103656000.0,,1715368000.0,0.34131773487466155
ティーライフ,3172,小売業,スタンダード（内国株式）,2024-07-31,静岡県,4924898304,0.765806,,13.716867,9.803060086309213,0.4757,0.03436426,84.13,,140.7837636600206,13001000000.0,555000000.0,0.05994,319000000.0,0.03113,0.05631,0.6993878686700056,2701000000.0,1305000000.0,5147000000.0,1018000000.0,2896000000.0,172000000.0,2566400000.0,0.5211072070088374
Ｃｏｍｉｎｉｘ,3173,卸売業,スタンダード（内国株式）,2025-03-31,大阪府,6057119232,0.78817415,,,11.047125488515086,6.1453004,0.020524515,-9.26,,78.4741366571037,30127000000.0,554000000.0,0.01575,36000000.0,-0.00187,-0.0080699995,0.302748741773132,17983000000.0,11513000000.0,19261000000.0,10344000000.0,4823000000.0,1270000000.0,2167000000.0,0.35776082936450276
ハピネス・アンド・ディ,3174,小売業,スタンダード（内国株式）,2024-08-31,東京都,1731020928,8.787232,,,-3.389284951120105,1.1905,0.011885895,-253.23,,-263.44180155197967,10780967000.0,-158219000.0,-0.07357,-459062000.0,-0.09139,-1.33443,0.14402121585017538,6036436000.0,3274203000.0,5718808000.0,3979780000.0,981220000.0,29013000.0,-297318900.0,-0.1717592752292825
エー・ピーホールディングス,3175,小売業,スタンダード（内国株式）,2025-03-31,東京都,12200586240,26.814146,,,-21.35287477892617,0.0,0.0,-7.49,,-44.35000016647052,21072470000.0,263107000.0,0.03237,-36858000.0,0.01947,1.5863401,-0.006699682990229066,7739449000.0,6025222000.0,2872565000.0,5759076000.0,920325000.0,176324000.0,-4743457200.0,-0.38878928493193454
三洋貿易,3176,卸売業,プライム（内国株式）,2024-09-30,東京都,44430180352,0.86619794,7.3367887,8.103566,7.6664339368179,0.3204,0.037133552,190.41,210.31,165.41000272739436,129263154000.0,7072908000.0,0.02649,5207011000.0,0.03478,0.093100004,0.6341418342006638,27581193000.0,25599784000.0,63107232000.0,4508289000.0,8007322000.0,4877344000.0,38940179800.0,0.8764353304779491
ありがとうサービス,3177,小売業,スタンダード（内国株式）,2025-02-28,愛媛県,3198652416,1.0216073,,7.0571704,8.276667529218109,0.275,0.038961038,490.99,,388.78412147195274,10608307000.0,880257000.0,0.07114,503862000.0,0.041729998,0.16088,0.4831973521425473,2952096000.0,1229127000.0,3244011000.0,1702756000.0,1734160000.0,175574000.0,414816800.0,0.12968486288946002
チムニー,3178,小売業,スタンダード（内国株式）,2025-03-31,東京都,23884615680,3.9046237,22.306307,23.867361,27.83430759007131,0.1927,0.0040453076,51.87,55.5,48.66181826851957,26219315000.0,923724000.0,-0.00563,1076442000.0,0.03817,0.17557,0.3629052913419948,10656120000.0,6232495000.0,8228063000.0,6250719000.0,6628234000.0,541849000.0,-2048762700.0,-0.08577750328700286
シュッピン,3179,小売業,プライム（内国株式）,2025-03-31,東京都,26261567488,2.8123937,8.760577,21.142956,10.381846514037246,0.6865,0.0,58.27,140.63,109.34000242751061,52658393000.0,3396870000.0,0.042290002,2020774000.0,0.02508,0.13397999,0.5621208119109881,7920787000.0,6270400000.0,15733356000.0,4494249000.0,1733890000.0,,7812569000.0,0.29749058214327406
ビューティガレージ,3180,卸売業,プライム（内国株式）,2025-04-30,東京都,17888370688,2.3261843,13.067766,17.636879,22.344637868888416,0.1855,0.010570824,80.91,109.2,85.77804359755382,33721346000.0,1594349000.0,0.026630001,1019164000.0,0.026889998,0.13038999,0.4692135817263187,8392108000.0,6407584000.0,13093186000.0,2144477000.0,4448634000.0,337172000.0,4937098400.0,0.2759948620313385
買取王国,3181,小売業,スタンダード（内国株式）,2025-02-28,愛知県,3368095488,1.0601127,,10.98888,7.976143297935625,0.1196,0.0,83.63,,99.36566833941417,7822875000.0,422067000.0,0.00773,328348000.0,0.035,0.100710005,0.5859069390990723,2164681000.0,988787000.0,3517576000.0,1342816000.0,1183860000.0,231944000.0,1515255800.0,0.44988504791465106
オイシックス・ラ・大地,3182,小売業,プライム（内国株式）,2025-03-31,東京都,52654993408,1.7726578,56.08583,24.036785,11.420801234356547,0.1269,0.0,63.07,27.03,112.36922272638535,256009000000.0,6865000000.0,0.01794,3638000000.0,0.00829,0.056550004,0.22632353378318124,95079000000.0,45933000000.0,53246000000.0,52091000000.0,19155000000.0,3841000000.0,-39144300000.0,-0.7434109752267619
ウイン・パートナーズ,3183,卸売業,プライム（内国株式）,2025-03-31,東京都,37195505664,1.6023785,,16.920277,18.121792426750027,0.6759,0.039969254,76.89,,64.403659071171,81410300000.0,2808404000.0,0.03531,2019052000.0,0.02535,0.096370004,0.5162820665609447,22551110000.0,21386614000.0,39725454000.0,,16209529000.0,1078023000.0,17928960100.0,0.48201952843331564
ＩＣＤＡホールディングス,3184,小売業,スタンダード（内国株式）,2025-03-31,,9133786112,0.8333921,,7.558513,6.051045940435482,0.1216,0.016091954,575.51,,443.32417528775454,38181309000.0,1812551000.0,0.051370002,1274470000.0,0.03143,0.11536,0.5387224523195768,8577296000.0,6674866000.0,7474645000.0,1428572000.0,1161803000.0,460831000.0,-780069300.0,-0.0854048135608455
夢展望,3185,小売業,グロース（内国株式）,2025-03-31,大阪府,4481309696,19.477926,,,-6.7566486725864685,0.0,0.0,-15.57,,-23.976383537193126,4499651000.0,-277484000.0,-0.09482,-369775000.0,-0.07338,-2.09756,0.15978043197439268,2193920000.0,1829739000.0,2386364000.0,1402152000.0,445284000.0,,192444000.0,0.04294369571729773
ネクステージ,3186,小売業,プライム（内国株式）,2024-11-30,愛知県,210033868800,2.8312552,14.147318,31.445292,15.663996750507929,0.38639998,0.012244898,85.45,189.93,144.9579962379411,552778000000.0,12943000000.0,0.03521,8006000000.0,0.01428,0.12323,0.327207040213078,149539000000.0,66998000000.0,132457000000.0,109921000000.0,35711000000.0,67000000.0,-17035100000.0,-0.08110644296240284
ミラタップ,3187,小売業,グロース（内国株式）,2024-09-30,大阪府,5286623744,1.8210847,54.074074,73.551636,29.203828823883935,2.5253,0.0,3.97,5.4,28.394442572253283,16123140000.0,830178000.0,-0.026700001,635329000.0,-0.026689999,-0.13805,0.38203561266881286,5782679000.0,4933914000.0,6211420000.0,3129163000.0,2042844000.0,328347000.0,658583900.0,0.12457551963054929
ＡＮＡＰホールディングス,3189,小売業,スタンダード（内国株式）,2024-08-31,東京都,17071322112,1.2799002,,,-1.0481907681168166,0.0,0.0,-53.06,,-229.9199795786997,2709226000.0,-996491000.0,-0.81902003,-1187594000.0,-1.49944,,-2.5243048930618732,2900006000.0,2721430000.0,496697000.0,2553303000.0,170772000.0,21024000.0,-2388592200.0,-0.13991840727561336
ホットマン,3190,小売業,スタンダード（内国株式）,2025-03-31,,4049857024,0.7537418,,13.735343,20.5450505995739,0.2392,0.01754386,41.79,,29.038055417759196,21908697000.0,661608000.0,-0.090299994,334419000.0,0.00982,,0.45127672444661754,8981513000.0,6143396000.0,7782414000.0,4500448000.0,1175427000.0,345563000.0,-957204900.0,-0.2363552328705617
ジョイフル本田,3191,小売業,プライム（内国株式）,2025-06-30,茨城県,130462261248,1.0676837,16.120625,16.025166,14.707064090896099,0.3995,0.025139665,135.1,134.3,145.9099995472312,135737000000.0,10748000000.0,0.08,8327000000.0,0.060399998,,0.7355683863408506,43783000000.0,21989000000.0,59948000000.0,14731000000.0,32256000000.0,2653000000.0,18022100000.0,0.13814033136940038
白鳩,3192,小売業,スタンダード（内国株式）,2025-02-28,京都府,1963508736,0.7640112,,3.7536583,-17.43467225915549,0.0,0.0,78.59,,-18.124802996170953,6274053000.0,35648000.0,-0.02313,123104000.0,0.08497,0.22612,0.37007091310799295,3754092000.0,1934817000.0,1996793000.0,3088446000.0,554426000.0,,-1757299000.0,-0.8949789566915377
エターナルホスピタリティグループ,3193,小売業,プライム（内国株式）,2024-07-31,大阪府,37487370240,3.8350253,13.429752,21.785763,19.826051954405234,0.3082,0.0,149.18,242.0,183.6699982482022,,,-0.40210998,,-0.11051,-0.39456,0.4208590538428776,11961902000.0,8011093000.0,10747268000.0,3410525000.0,8361112000.0,161375000.0,-1101671500.0,-0.029387804291069953
ジェネレーションパス,3195,小売業,グロース（内国株式）,2024-10-31,東京都,4862352896,2.6657646,,,-93.58395058500837,0.0,0.0,-2.94,,-2.874424496064097,16235491000.0,81766000.0,0.00649,-138795000.0,-0.00422,-0.036760002,0.3909264534578922,2753440000.0,2661678000.0,4299610000.0,959190000.0,1248482000.0,,1546170000.0,0.31798802618212924
ホットランドホールディングス,3196,小売業,プライム（内国株式）,2024-12-31,東京都,45351256064,3.9869232,22.126556,78.131874,39.35630409230844,0.4746,0.0061436673,27.3,96.4,47.21298981280178,46126297000.0,2545136000.0,0.03447,1849392000.0,0.0173,0.086890005,0.41507541815101007,15975976000.0,10427888000.0,11926138000.0,7610543000.0,3726619000.0,376061000.0,-3786595300.0,-0.083494827456517
すかいらーくホールディングス,3197,小売業,プライム（内国株式）,2024-12-31,東京都,841757687808,4.5938706,70.71866,54.054058,97.43652877132986,0.2779,0.0051827603,68.45,52.32,21.015181761146604,401130000000.0,24185000000.0,0.0871,13965000000.0,0.03861,0.097629994,0.3681981710295498,297494000000.0,117528000000.0,49110000000.0,106331000000.0,19170000000.0,23615000000.0,-231853500000.0,-0.27543971781685045
ＳＦＰホールディングス,3198,小売業,プライム（内国株式）,2025-02-28,東京都,46382530560,5.176047,25.48872,35.33704,29.012335980223018,0.469,0.013241786,57.56,79.8,70.9983043613028,30389199000.0,2186875000.0,0.0349,1485153000.0,0.04277,0.15292,0.6253816140892029,5231064000.0,4098988000.0,6760924000.0,816702000.0,5277369000.0,,1529860000.0,0.03298353887830651
綿半ホールディングス,3199,小売業,プライム（内国株式）,2025-03-31,,28733040640,1.1928861,,14.663105,16.380034909541553,0.2376,0.016260162,101.07,,93.0769616948642,133594000000.0,3502000000.0,0.02321,2077000000.0,0.01474,0.08307,0.2925573432031624,56195000000.0,34246000000.0,43312000000.0,26682000000.0,3964000000.0,2057000000.0,-11443100000.0,-0.39825579698898167
技術承継機構,319A,金属製品,グロース（内国株式）,2024-12-31,東京都,96155779072,14.743261,,175.43576,,0.0,0.0,61.96,,,11051000000.0,1517000000.0,0.08445,901000000.0,0.09059,,0.25311364815775816,11414000000.0,5043000000.0,8799000000.0,8840000000.0,5442000000.0,296000000.0,-2407800000.0,-0.02504061662479044
日本毛織,3201,繊維製品,プライム（内国株式）,2024-11-30,大阪府,124896387072,0.97275114,,14.124074,11.582331302504672,0.3199,0.022853957,128.15,,108.53991574218034,115438000000.0,11640000000.0,0.09656,8970000000.0,0.064169995,0.0627,0.6824575541167643,56207000000.0,38203000000.0,97295000000.0,13098000000.0,32447000000.0,26701000000.0,59778700000.0,0.47862633500790464
ダイトウボウ,3202,繊維製品,スタンダード（内国株式）,2025-03-31,東京都,3295932672,0.6731864,,68.32298,17.88270524329623,1.8634,0.027272727,1.61,,5.059999989442662,4106822000.0,315425000.0,0.07102,54952000.0,0.0116799995,0.00958,0.24574887161029546,15112733000.0,1723196000.0,2403413000.0,9774660000.0,959664000.0,443136000.0,-12399124800.0,-3.7619472343396216
トーア紡コーポレーション,3204,繊維製品,スタンダード（内国株式）,2024-12-31,大阪府,4299000320,0.30991983,,5.4141192,6.467150366053823,0.1445,0.026584867,89.95,,64.25225457573048,18419000000.0,688000000.0,0.02175,799000000.0,0.04452,0.059899997,0.3851099248033982,21416000000.0,8912000000.0,11200000000.0,12867000000.0,2405000000.0,2367000000.0,-8559100000.0,-1.990951235844523
ダイドーリミテッド,3205,繊維製品,スタンダード（内国株式）,2025-03-31,東京都,30852753408,3.4112036,,,59.47726884148813,0.13,0.08992806,-91.06,,9.950000052998282,28609000000.0,-65000000.0,-0.082040004,-2483000000.0,-0.08753,-0.19928,0.3087311137852654,25200000000.0,13940000000.0,19736000000.0,14042000000.0,7878000000.0,4282000000.0,-2466600000.0,-0.0799474836939649
ヨシックスホールディングス,3221,小売業,プライム（内国株式）,2025-03-31,愛知県,30173704192,2.4261236,13.563854,16.155071,16.2226206501329,0.1538,0.0047945203,182.11,216.9,174.99999274596195,22905077000.0,2328818000.0,0.13401,1758418000.0,0.07728,0.16043,0.7677400206155245,3466630000.0,2686146000.0,10720550000.0,0.0,9571424000.0,100454000.0,7324237800.0,0.24273578588146583
ユナイテッド・スーパーマーケット・ホールディングス,3222,小売業,スタンダード（内国株式）,2025-02-28,東京都,172505808896,0.8607086,59.594593,55.263157,124.36075835907108,1.0044,0.02736602,15.96,14.8,7.839999973866667,811272000000.0,5978000000.0,-0.0023700001,810000000.0,0.00187,0.01002,0.5314267493282873,179278000000.0,115433000000.0,119635000000.0,63128000000.0,33237000000.0,6034000000.0,-55419200000.0,-0.3212599062876255
エスエルディー,3223,小売業,スタンダード（内国株式）,2025-02-28,東京都,1671547136,3.0558438,20.284092,16.97844,8.79862332566635,0.0,0.0,63.08,52.8,113.65414372074696,3661043000.0,144437000.0,0.053439997,143884000.0,0.035940003,0.26104,0.4632107677073018,576765000.0,477889000.0,670587000.0,100000000.0,317237000.0,1500000.0,94872000.0,0.05675699952262668
ゼネラル・オイスター,3224,小売業,グロース（内国株式）,2025-03-31,東京都,3122801152,2.1741998,,,-76.54939570267082,0.0,0.016393442,-13.73,,-23.704210230449807,3926227000.0,3455000.0,-0.10313,-20827000.0,-0.01428,-0.04902,0.422491726030186,1929048000.0,1113336000.0,2173050000.0,370015000.0,1220485000.0,,244002000.0,0.07813561867163037
野村不動産ホールディングス,3231,不動産業,プライム（内国株式）,2025-03-31,東京都,821703147520,1.0983922,2.1615953,12.9535,10.267683783305396,0.47959998,0.037207842,73.98,443.33,78.30999998284771,757638000000.0,118958000000.0,0.11563,74835000000.0,0.082270004,0.085760005,0.27923235919122125,1935132000000.0,600622000000.0,1484563000000.0,1545304000000.0,37265000000.0,189916000000.0,-317627800000.0,-0.3865481116369571
三重交通グループホールディングス,3232,不動産業,プライム（内国株式）,2025-03-31,三重県,54684016640,0.8177156,10.858284,9.173694,12.396625239460443,0.2699,0.014814815,59.3,50.1,47.51995198319412,103849177000.0,8415671000.0,0.10086001,6058649000.0,0.057919998,0.09269,0.34597319712778346,118429192000.0,56305147000.0,45398280000.0,79187581000.0,5416223000.0,14114242000.0,-63150942600.0,-1.1548336512246369
プロパスト,3236,不動産業,スタンダード（内国株式）,2025-05-31,東京都,10524426240,12.137793,,5.473501,3.4998889552199817,0.1043,0.0,57.55,,52.820000322143954,27839000000.0,3334000000.0,0.14152001,1957000000.0,1.56464,,0.4033198595189186,18009000000.0,11769000000.0,29422000000.0,16503000000.0,6605000000.0,246000000.0,11585200000.0,1.1007916000179028
イントランス,3237,不動産業,グロース（内国株式）,2025-03-31,東京都,3440436480,6.894624,,,-32.06678074407634,0.0,0.0,-10.22,,-3.7421904293329313,825023000.0,-352518000.0,-0.45523,-432377000.0,-0.49272,-0.64622,0.6945124633500291,323617000.0,245530000.0,714628000.0,10300000.0,535806000.0,,391011000.0,0.11365156783827615
セントラル総合開発,3238,不動産業,スタンダード（内国株式）,2025-03-31,東京都,3980246528,0.40600574,,7.2567925,5.726100709786171,0.2455,0.03373494,57.05,,94.70903570306774,30883220000.0,1245489000.0,-0.05939,497346000.0,0.01526,0.05171,0.2258356697193908,35159400000.0,15468755000.0,32624609000.0,30700990000.0,978251000.0,232198000.0,-2372252400.0,-0.5960063989282626
フライヤー,323A,情報・通信業,グロース（内国株式）,2025-02-28,東京都,1653953792,5.360564,,34.13258,,0.0,0.0,14.18,,,948496000.0,8104000.0,0.01235,11039000.0,0.047030002,,0.3830606222041824,364786000.0,248786000.0,507464000.0,176174000.0,425913000.0,,142678000.0,0.08626480418625868
ウィル,3241,不動産業,スタンダード（内国株式）,2024-12-31,,6801705472,1.281605,,8.097333,10.074803709613002,0.2612,0.032040473,72.74,,45.60999827189757,13213000000.0,1120000000.0,0.100439996,710000000.0,0.06062,0.18097,0.32363873492011735,10372000000.0,6628000000.0,9662000000.0,8637000000.0,2316000000.0,,-710000000.0,-0.1043855843101111
アーバネットコーポレーション,3242,不動産業,スタンダード（内国株式）,2025-06-30,東京都,22526892032,1.1891396,14.55814,11.136808,7.076476535557953,0.39130002,0.035426732,56.21,43.0,53.999999619087255,33933706000.0,3481372000.0,0.18596001,1850600000.0,0.079840004,0.21823,0.27835556733084976,44974740000.0,14670246000.0,53747530000.0,41700016000.0,11423168000.0,,8772790000.0,0.389436322930746
ディア・ライフ,3245,不動産業,プライム（内国株式）,2024-09-30,,48977326080,1.7425326,,11.223064,7.714901030879251,0.4688,0.05480683,100.24,,97.92000081539331,46880000000.0,4620000000.0,0.11191,3170000000.0,0.06777,0.19909,0.5246371884495251,21989000000.0,6463000000.0,44914000000.0,18850000000.0,18653000000.0,1062000000.0,23668400000.0,0.4832521881929574
コーセーアールイー,3246,不動産業,スタンダード（内国株式）,2025-01-31,福岡県,7241736192,0.7259155,,40.488358,8.68529595071545,1.3644,0.033946253,17.61,,124.31315401683983,7648834000.0,321827000.0,0.06463,341114000.0,0.025190001,0.01778,0.5997146477213559,6755927000.0,2490329000.0,15514722000.0,5125040000.0,5353761000.0,,8758795000.0,1.2094882729470187
アールエイジ,3248,不動産業,スタンダード（内国株式）,2024-10-31,東京都,2640067328,0.56824523,,11.123023,6.823087462720198,0.48259997,0.025735294,74.62,,102.80167277935773,4725523000.0,890593000.0,0.086840004,529845000.0,0.06883,0.04902,0.316792398027581,9836931000.0,1409767000.0,3370700000.0,8786784000.0,1775308000.0,8497000.0,-6460283100.0,-2.4470145255325852
ブッキングリゾート,324A,サービス業,グロース（内国株式）,2025-04-30,大阪府,6186881024,3.124692,,17.094297,,0.0,0.0,61.19,,,1456008000.0,515078000.0,0.28534,334969000.0,0.1942,,0.7448495788254128,651210000.0,296908000.0,1423517000.0,434174000.0,1292344000.0,,772307000.0,0.12482978046677887
地主,3252,不動産業,プライム（内国株式）,2024-12-31,東京都,62255009792,1.3745655,9.764168,19.841793,7.478761619809536,0.577,0.029721467,151.7,308.27,267.7599962926414,57068000000.0,8677000000.0,0.06534,6087000000.0,0.07587,0.08904,0.3861216285295927,70619000000.0,7790000000.0,95431000000.0,62895000000.0,23701000000.0,3199000000.0,27051300000.0,0.4345240662619925
ＴＥＮＴＩＡＬ,325A,繊維製品,グロース（内国株式）,2025-01-31,東京都,31928797184,7.600689,,26.31579,,0.0,0.0,160.17,,,12837419000.0,1452976000.0,0.06664,1061168000.0,0.07966,,0.3658428780566322,3971376000.0,3586278000.0,5604075000.0,1271430000.0,4158898000.0,9217000.0,1639150900.0,0.05133769651746866
グランディーズ,3261,不動産業,グロース（内国株式）,2024-12-31,大分県,4932344320,1.8775576,,28.738653,7.182771540766789,0.35790002,0.012552301,41.86,,51.064317320074046,4226381000.0,482257000.0,0.027520001,251054000.0,0.04948,0.08422,0.6123759112217265,1754306000.0,839896000.0,4404549000.0,1039126000.0,1608667000.0,,2650243000.0,0.5373191383362304
ファンドクリエーショングループ,3266,不動産業,スタンダード（内国株式）,2024-11-30,東京都,3388776448,1.1330589,,20.88167,17.284739851650592,0.23200001,0.011235955,4.31,,4.858960184113702,5668000000.0,435000000.0,0.07581,200000000.0,0.04305,0.08495,0.5256631071305546,2754000000.0,1297000000.0,4909000000.0,2145000000.0,1837000000.0,222000000.0,2310400000.0,0.6817799980177388
フィル・カンパニー,3267,建設業,スタンダード（内国株式）,2024-11-30,東京都,4875759104,1.5748578,9.923497,9.1403265,73.2198718305447,0.1007,0.010857764,99.34,91.5,7.163870211427875,7184957000.0,424091000.0,0.036459997,261865000.0,0.03666,0.11128,0.3976665142811711,4515296000.0,3267672000.0,6616406000.0,1592402000.0,4822267000.0,15560000.0,2112002000.0,0.4331637299856232
ＴＨＥグローバル社,3271,不動産業,スタンダード（内国株式）,2024-06-30,東京都,24824295424,2.495909,,6.738379,3.719133836696952,0.3074,0.045300115,130.15,,61.71542041870811,27037074000.0,1757870000.0,0.05784,2714925000.0,0.0538,0.36292,0.1623847359366134,41044953000.0,24164331000.0,47505494000.0,36815669000.0,4495380000.0,660714000.0,6923040800.0,0.27888166337671116
ＪＰＭＣ,3276,不動産業,プライム（内国株式）,2024-12-31,東京都,21620662272,2.430626,10.983051,11.337591,9.962991206547727,0.4943,0.043394778,114.31,118.0,102.70343898328267,58987859000.0,2722194000.0,0.04994,1831529000.0,0.03372,0.22117001,0.4982562265575361,9400286000.0,6400173000.0,11833025000.0,1706538000.0,7555724000.0,,2432739000.0,0.11251917121662534
サンセイランディック,3277,不動産業,スタンダード（内国株式）,2024-12-31,東京都,11312380928,0.82098716,10.20453,6.0715375,6.57776444854139,0.1825,0.030368764,230.09,136.9,143.71999325951276,25620399000.0,1882798000.0,0.07664,1050725000.0,0.06953,0.14418,0.38536997654924315,20348708000.0,15145538000.0,30633436000.0,18505674000.0,5012954000.0,100030000.0,10354749000.0,0.9153465628416292
エストラスト,3280,不動産業,スタンダード（内国株式）,2025-02-28,山口県,6429766144,0.610779,,2.8272223,5.038684266430263,0.0746,0.02629108,375.28,,121.59888015604689,19218000000.0,1998000000.0,0.03208,1339000000.0,0.077589996,0.23923999,0.2171368718263998,34381000000.0,27578000000.0,36400000000.0,20978000000.0,10261000000.0,62000000.0,2062400000.0,0.3207581665974818
フージャースホールディングス,3284,不動産業,プライム（内国株式）,2025-03-31,東京都,54562820096,1.0675535,10.499803,10.395075,7.443018528194179,0.5453,0.02481203,128.33,127.05,135.27999919834073,92153000000.0,9228000000.0,0.045679998,5462000000.0,0.04494,0.09675,0.23430150452023263,131967000000.0,58930000000.0,153907000000.0,106633000000.0,29665000000.0,2175000000.0,23462500000.0,0.4300089320661788
トラストホールディングス,3286,不動産業,スタンダード（内国株式）,2023-06-30,福岡県,3460788992,3.054938,,9.970189,8.25066159050331,0.1877,0.028856825,90.57,,34.32061569104513,13418471000.0,569180000.0,-0.00972,239921000.0,0.023610001,0.30144,0.0660037447068378,8809434000.0,5550049000.0,6369594000.0,6570784000.0,2876592000.0,68078000.0,-2392185400.0,-0.6912254418081551
オープンハウスグループ,3288,不動産業,プライム（内国株式）,2024-09-30,東京都,1035326849024,1.9167372,11.993568,11.737162,7.095910446102212,0.22780001,0.019457806,781.62,764.91,781.2599973845056,,,0.11011,,0.07533,0.19409999,0.362469873409823,746173000000.0,348758000000.0,1198602000000.0,611770000000.0,409957000000.0,33371000000.0,475788700000.0,0.4595541016332425
東急不動産ホールディングス,3289,不動産業,プライム（内国株式）,2025-03-31,東京都,1037262061568,1.2263607,13.361553,9.910586,11.982876721272437,0.2834,0.02851254,146.51,108.67,96.40240214899512,1150301000000.0,140764000000.0,0.12294,77562000000.0,0.08452,0.12552,0.25231385478452284,2416430000000.0,621541000000.0,1381893000000.0,1747845000000.0,160947000000.0,354714000000.0,-786237200000.0,-0.7579928246980009
飯田グループホールディングス,3291,不動産業,プライム（内国株式）,2025-03-31,,685299007488,0.69081587,12.068713,13.262741,13.84234384809198,0.4813,0.03642987,186.99,205.49,132.57030459385112,1459639000000.0,80452000000.0,0.070549995,50697000000.0,0.03565,0.050809998,0.5294379743557931,871844000000.0,472418000000.0,1342622000000.0,647407000000.0,501094000000.0,34163000000.0,494692100000.0,0.7218631496539303
アズマハウス,3293,不動産業,スタンダード（内国株式）,2025-03-31,和歌山県,6271079424,0.36752495,,11.249098,7.195695038566077,0.5052,0.045219637,69.25,,99.05818362902603,13279293000.0,1230477000.0,0.093,765328000.0,0.05391,0.04202,0.5378227220331936,14669260000.0,3436808000.0,8557315000.0,12546595000.0,4549418000.0,13846000.0,-6102252800.0,-0.9730785383846543
イーグランド,3294,不動産業,スタンダード（内国株式）,2025-03-31,東京都,11863927808,0.9846298,9.064245,9.216568,7.017700562248791,0.41169998,0.0,211.25,214.8,205.3200157042203,30502712000.0,1487558000.0,0.087840006,880149000.0,0.03756,0.11205,0.3673879466014908,19791406000.0,9980175000.0,29192220000.0,18668985000.0,7254458000.0,,9400814000.0,0.7923863118638423
東武住販,3297,不動産業,スタンダード（内国株式）,2025-05-31,山口県,3092664576,0.712924,,9.00908,14.933658881426876,0.316,0.0,126.65,,78.53183935076314,8185690000.0,511321000.0,0.01722,343138000.0,0.04138,0.0776,0.7211203170568535,1712454000.0,937673000.0,5228045000.0,868664000.0,1155243000.0,33435000.0,3538995500.0,1.1443192150431254
ムゲンエステート,3299,不動産業,スタンダード（内国株式）,2024-12-31,東京都,44680073216,1.350994,9.745028,7.067046,6.667279699607216,0.5509,0.07862797,270.41,196.1,154.34999742890847,62187000000.0,9623000000.0,0.11708,6086000000.0,0.09327,0.17799999,0.3665588608390569,55428000000.0,22296000000.0,83725000000.0,48816000000.0,22016000000.0,,28297000000.0,0.6333248350601808
アンビション　ＤＸ　ホールディングス,3300,不動産業,グロース（内国株式）,2025-06-30,東京都,16032229376,2.0557349,,7.358275,4.28105246089873,0.17979999,0.024696901,306.05,,226.97999281978989,52372323000.0,3946419000.0,0.04208,2350592000.0,0.03344,0.22056,0.21224243423030084,30945354000.0,16662658000.0,30255460000.0,25189797000.0,8570268000.0,18040000.0,-677266000.0,-0.042244031326913074
帝国繊維,3302,繊維製品,プライム（内国株式）,2024-12-31,東京都,92556361728,0.102436505,,25.445293,21.318251311330663,0.3538,0.0138696255,141.48,,92.75000061635947,31481564000.0,3459753000.0,0.02706,3253077000.0,0.11461,0.05678,0.8030917434979747,16313914000.0,6707944000.0,40257532000.0,100000000.0,12693887000.0,29767694000.0,44781003800.0,0.4838241582096774
日本製麻,3306,卸売業,スタンダード（内国株式）,2025-03-31,,3066477056,1.2577844,,5.347676,17.958251240290334,0.0307,0.0057306592,130.15,,34.89388979814512,4422391000.0,257940000.0,0.00519,101364000.0,0.01731,0.03951,0.4386194622834511,1974900000.0,1405732000.0,3646201000.0,1011082000.0,1953898000.0,151205000.0,1777144500.0,0.5795394739780502
ＴａｌｅｎｔＸ,330A,情報・通信業,グロース（内国株式）,2025-03-31,東京都,5545160192,7.277404,,15.7240925,,0.0,0.0,61.18,,,1434211000.0,293859000.0,0.22930999,366717000.0,0.2225,,0.39724538094267386,700780000.0,652807000.0,993983000.0,4944000.0,901710000.0,,293203000.0,0.05287547876849506
日本コークス工業,3315,石油・石炭製品,プライム（内国株式）,2025-03-31,東京都,33467709440,0.8090786,,,19.78527604109589,0.0,0.0,-47.79,,6.520000010717808,99045000000.0,-8558000000.0,0.04946,-13908000000.0,-0.12041,-0.2574,0.31845670979101276,89030000000.0,48173000000.0,45955000000.0,65816000000.0,5109000000.0,1292000000.0,-42170600000.0,-1.2600384282528299
フライングガーデン,3317,小売業,スタンダード（内国株式）,2025-03-31,栃木県,4205325312,1.2904153,,10.53737,10.566647771723401,0.1087,0.0,138.08,,137.16254179306068,8265549000.0,558745000.0,0.086210005,352141000.0,0.0454,0.1229,0.677127415675105,1554050000.0,959832000.0,1927091000.0,,1550486000.0,315745000.0,594062500.0,0.14126433888594253
メディックス,331A,サービス業,スタンダード（内国株式）,2025-03-31,東京都,3825240064,1.321681,,4.6837544,,0.1291,0.0,108.46,,,4161843000.0,802569000.0,0.16803,1100022000.0,0.12783,,0.49008631443595746,3400904000.0,2832949000.0,6102453000.0,122015000.0,3771068000.0,27075000.0,2720501500.0,0.7111975861601767
クロスプラス,3320,卸売業,スタンダード（内国株式）,2025-01-31,愛知県,9915620352,0.5428756,,7.0026245,4.311974725071219,0.19950001,0.028507126,190.5,,278.07998167690045,62004000000.0,1030000000.0,0.00952,1289000000.0,0.02307,0.083000004,0.6125171740545231,10717000000.0,7889000000.0,18012000000.0,2918000000.0,4337000000.0,5095000000.0,10861500000.0,1.0953928866194655
ミタチ産業,3321,卸売業,スタンダード（内国株式）,2025-05-31,愛知県,14184716288,0.89414483,,8.361126,6.860951724206903,0.28170002,0.034965035,212.89,,153.52000382755844,98176390000.0,2148296000.0,0.025559999,1696840000.0,0.01742,0.13282,0.3916108905381377,24321522000.0,23818455000.0,37918528000.0,11962634000.0,4387211000.0,69644000.0,13645756800.0,0.9620042109368131
レカム,3323,卸売業,スタンダード（内国株式）,2024-09-30,,6939456512,1.3639103,,62.773724,21.13105471408274,0.8029,0.0,1.37,,3.8765000910186087,11687272000.0,269393000.0,0.03867,83943000.0,0.01773,0.06166,0.39251844313015644,7350699000.0,5012960000.0,8364511000.0,4827173000.0,2975680000.0,181556000.0,1140901200.0,0.16440786076360672
ランシステム,3326,サービス業,スタンダード（内国株式）,2025-03-31,埼玉県,2635254272,10.669053,,54.96454,18.754504156680273,0.0,0.0,11.28,,23.46103081820342,5408416000.0,125771000.0,0.02953,43408000.0,0.00881,0.21525,0.05788341072569091,3578530000.0,1071055000.0,1434413000.0,2595488000.0,862662000.0,,-2144117000.0,-0.8136281279501517
東和フードサービス,3329,小売業,スタンダード（内国株式）,2025-04-30,東京都,16728174592,2.31148,,23.200895,22.97177767667937,0.22389999,0.0,89.35,,87.29120928962209,12812967000.0,1062713000.0,0.07075,720703000.0,0.056500003,0.10515001,0.7821456443284466,1997619000.0,1282114000.0,5271607000.0,13248000.0,4358423000.0,62272000.0,3317578400.0,0.19832279856683122
ミーク,332A,情報・通信業,グロース（内国株式）,2025-03-31,東京都,10489024512,1.8797648,,13.889311,,0.0,0.0,65.95,,,5974401000.0,929644000.0,0.19277,633523000.0,0.11229999,,0.744395577924338,1731699000.0,1652006000.0,5931616000.0,101890000.0,4032062000.0,,4199917000.0,0.4004106383005467
あさひ,3333,小売業,プライム（内国株式）,2025-02-28,大阪府,34349291520,0.83532244,7.989097,11.750557,10.29509247098366,0.4456,0.037936267,112.25,165.1,119.20999811906502,81593454000.0,5485973000.0,0.02696,3555930000.0,0.03602,0.07243,0.7183587839727416,15336021000.0,14141400000.0,30561340000.0,,9463652000.0,,15225319000.0,0.44324986997577526
日本調剤,3341,小売業,プライム（内国株式）,2025-03-31,東京都,116687724544,1.9505173,21.309687,45.87102,17.979937553572945,0.147,0.0032010244,85.13,183.25,85.34999868113692,360512000000.0,6240000000.0,0.0247,1391000000.0,0.00675,0.043169998,0.29981989295045786,138008000000.0,84687000000.0,96962000000.0,58269000000.0,27463000000.0,13000000.0,-41036900000.0,-0.3516813800283338
コスモス薬品,3349,小売業,プライム（内国株式）,2025-05-31,福岡県,591972532224,2.2537942,20.461332,19.120396,20.631904020496112,0.17909999,0.009399759,390.63,365.03,308.61000069296534,1011390000000.0,40404000000.0,0.04235,30978000000.0,0.03034,0.124060005,0.49063277148383533,267292000000.0,220680000000.0,165622000000.0,49957000000.0,57038000000.0,4000000.0,-101667200000.0,-0.1717431037180785
ビジュアル・プロセッシング・ジャパン,334A,情報・通信業,グロース（内国株式）,2024-12-31,東京都,2667349504,2.228263,,22.935123,,0.0,0.0,69.98,,,1208065000.0,183154000.0,0.16233999,122319000.0,0.10674,,0.7065623750183946,325030000.0,325029000.0,879835000.0,0.0,695956000.0,,554805000.0,0.20799861404289371
メタプラネット,3350,卸売業,スタンダード（内国株式）,2024-12-31,東京都,456899330048,0.85639906,,13.5318,-2.5426240088431005,0.0,0.0,29.56,,-6.292711759329306,1062283000.0,350404000.0,0.47792,4439843000.0,3.7998998,0.06796,0.5594521920798031,13359970000.0,11393943000.0,2685494000.0,11250000000.0,294222000.0,,-10674476000.0,-0.023362862009183912
バッファロー,3352,小売業,スタンダード（内国株式）,2025-03-31,埼玉県,3615881728,0.57467926,,8.936638,25.939510276290974,0.34759998,0.039037086,172.66,,49.06824611786996,12185655000.0,512737000.0,0.03569,343880000.0,0.03069,0.06542,0.6803921194060263,2911165000.0,1771337000.0,5671121000.0,675640000.0,3382704000.0,,2759956000.0,0.7632871337101433
メディカル一光グループ,3353,小売業,スタンダード（内国株式）,2025-02-28,三重県,10171638784,0.69497406,,9.319577,8.221692558595647,0.32779998,0.03532912,289.82,,276.70742997927726,48393487000.0,1692029000.0,0.022869999,1133165000.0,0.0207,0.07476,0.41183546573322594,19519643000.0,11668666000.0,17965034000.0,10017847000.0,6768998000.0,2405444000.0,129201800.0,0.012702161642156875
クリヤマホールディングス,3355,卸売業,スタンダード（内国株式）,2024-12-31,大阪府,32734857216,0.703234,9.118774,8.032012,4.377897577949527,0.2918,0.037116565,207.42,182.7,193.62306019652246,77895273000.0,4539842000.0,0.047670003,3545081000.0,0.05171,0.09952,0.6374984526289428,25658346000.0,16368264000.0,43760628000.0,9842087000.0,9405955000.0,7893602000.0,23627803400.0,0.7217933850785611
ワイエスフード,3358,小売業,スタンダード（内国株式）,2025-03-31,福岡県,3076364800,1.6236135,,370.83334,93.10924717792363,0.0,0.0,0.24,,1.1899999882936299,1460183000.0,25082000.0,-0.040999997,18450000.0,-0.059910003,-0.06098,0.7679598694500939,495043000.0,278739000.0,627776000.0,3388000.0,388812000.0,47430000.0,165934000.0,0.053938336571787586
ｃｏｔｔａ,3359,卸売業,グロース（内国株式）,2024-09-30,大分県,5333821440,1.1960399,13.229166,16.585049,9.1190186661538,0.2613,0.016129032,30.63,38.4,53.957554592581744,8951833000.0,477833000.0,0.05055,341302000.0,0.034879997,0.10047,0.6505695701229214,2234515000.0,1981784000.0,4662256000.0,1201437000.0,1826486000.0,,2427741000.0,0.45515978127681755
ミライロ,335A,情報・通信業,グロース（内国株式）,2024-09-30,大阪府,4551301120,5.1027975,,24.208675,,0.0,0.0,17.06,,,709561000.0,116862000.0,0.15842,178857000.0,0.09736,0.13311,0.48090374391068724,363792000.0,232559000.0,538854000.0,259634000.0,421763000.0,,175062000.0,0.038464165605460975
シップヘルスケアホールディングス,3360,卸売業,プライム（内国株式）,2025-03-31,大阪府,238559084544,1.6469644,14.059111,16.233562,13.861536374373097,0.36330003,0.022286262,159.7,184.4,146.2529633607127,678229000000.0,24781000000.0,0.03073,15128000000.0,0.02141,0.10436,0.39055598346353965,231423000000.0,188013000000.0,259457000000.0,37340000000.0,77502000000.0,29381000000.0,48600700000.0,0.20372605005967004
トーエル,3361,小売業,スタンダード（内国株式）,2025-04-30,神奈川県,15542385664,0.7640537,,19.120018,6.871539382134572,0.52970004,0.027577939,43.41,,107.39478117237783,27388206000.0,1936655000.0,0.040120002,841842000.0,0.054250002,0.072280005,0.7622288383024538,6396755000.0,4806355000.0,11417447000.0,926424000.0,5208870000.0,1462857000.0,6044691900.0,0.3889166071847643
ダイナミックマッププラットフォーム,336A,情報・通信業,グロース（内国株式）,2025-03-31,東京都,17175266304,2.2964687,,,,0.0,0.0,-55.76,,,7465000000.0,-1139000000.0,-0.95464,-1544000000.0,-0.16836001,,0.5603755868544601,7018000000.0,6024000000.0,12562000000.0,4340000000.0,8383000000.0,,5544000000.0,0.32278975486446115
フジタコーポレーション,3370,小売業,スタンダード（内国株式）,2025-03-31,北海道,1263057280,5.5578213,,13.054275,19.63693066612513,0.071,0.005524862,28.19,,15.405682784677582,4892525000.0,113946000.0,0.02463,96811000.0,0.024489999,0.67778,0.0852156490336005,2560362000.0,785468000.0,705329000.0,2066614000.0,365424000.0,61897000.0,-1811705100.0,-1.4343807907112494
ソフトクリエイトホールディングス,3371,情報・通信業,プライム（内国株式）,2025-03-31,東京都,54265192448,2.3528087,,15.037697,13.804183629488325,0.4047,0.027310925,144.57,,128.7799993468325,30951761000.0,5497965000.0,0.18924,3547728000.0,0.11298,0.16600999,0.6007950080084907,10994535000.0,8555505000.0,23831184000.0,,14958286000.0,7349334000.0,17981182800.0,0.33135757911907515
関門海,3372,小売業,スタンダード（内国株式）,2025-03-31,大阪府,3191809536,2.5949726,,9.7367325,11.552436066703544,0.0,0.0,23.93,,24.15075040355639,5264115000.0,327586000.0,-0.087,378022000.0,0.07003,0.35467997,0.3888540848277139,2027160000.0,1609880000.0,2310021000.0,1430010000.0,1403968000.0,18552000.0,295847400.0,0.09268955326537379
内外テック,3374,卸売業,スタンダード（内国株式）,2025-03-31,東京都,7368182272,0.61689395,,6.6578145,13.065177916329556,0.3161,0.04784689,316.32,,242.70938215102976,35337699000.0,1552062000.0,0.05045,1049341000.0,0.03217,0.095699996,0.48491573083560163,12683075000.0,9195960000.0,16721165000.0,3466362000.0,8290664000.0,649945000.0,4493051500.0,0.6097910358534626
ＺＯＡ,3375,小売業,スタンダード（内国株式）,2025-03-31,静岡県,2120459648,0.70108545,,6.430807,6.776911271510895,0.2214,0.0,262.02,,234.03878183580557,9274325000.0,428421000.0,0.06019,297019000.0,0.03574,0.11351,0.5409186067822949,2489816000.0,1603715000.0,3887839000.0,1178428000.0,1246734000.0,144519000.0,1499186300.0,0.7070100586040484
バイク王＆カンパニー,3377,卸売業,スタンダード（内国株式）,2024-11-30,東京都,5763474432,0.8232059,10.279187,10.916443,-83.97920223946122,0.2967,0.040640395,37.1,39.4,-7.930739923141421,33965971000.0,286471000.0,0.02084,187339000.0,0.00751,,0.5210546696084253,5966631000.0,4708228000.0,8742772000.0,2179641000.0,2071250000.0,580481000.0,3182477700.0,0.552180414357393
セブン＆アイ・ホールディングス,3382,小売業,プライム（内国株式）,2025-02-28,東京都,5219728490496,1.4782994,18.623201,22.778366,24.228605378459175,0.47689998,0.021023126,94.3,115.34,84.86999999221663,11972762000000.0,420996000000.0,0.04419,173068000000.0,0.021,0.06463,0.3539652827905858,7168669000000.0,3316615000000.0,2823782000000.0,4098791000000.0,1368663000000.0,321086000000.0,-4120126800000.0,-0.7893373778927127
コスモ・バイオ,3386,卸売業,スタンダード（内国株式）,2024-12-31,東京都,8075735552,0.8704024,,31.74922,12.057480744918063,1.3594999,0.044363637,44.82,,75.83449687242751,10037000000.0,319000000.0,0.0,262000000.0,0.02311,0.025220001,0.7648212914782906,2170000000.0,1166000000.0,7229000000.0,20000000.0,2393000000.0,3288000000.0,7360600000.0,0.9114463880849971
クリエイト・レストランツ・ホールディングス,3387,小売業,プライム（内国株式）,2025-02-28,東京都,338885640192,7.9801736,21.18421,60.61747,44.43754566146853,0.3199,0.0053459117,13.28,38.0,11.984999991500422,156354000000.0,8504000000.0,0.04571,5590000000.0,0.03429,0.14044,0.29283068937361484,93180000000.0,44793000000.0,30625000000.0,67698000000.0,21474000000.0,8765000000.0,-56419500000.0,-0.16648536647358328
明治電機工業,3388,卸売業,プライム（内国株式）,2025-03-31,愛知県,30121771008,0.84764105,12.194115,9.689859,7.5313082754118,0.3035,0.012782276,243.76,193.7,191.4562953880806,78672806000.0,3294964000.0,0.05587,2435717000.0,0.03821,0.090550005,0.6344427399455539,19438163000.0,18355063000.0,43673424000.0,,7905850000.0,3980360000.0,27021513000.0,0.8970758390276387
ＺｅｎｍｕＴｅｃｈ,338A,情報・通信業,グロース（内国株式）,2024-12-31,東京都,8330670080,13.542562,,,,0.0,0.0,-27.58,,,648942000.0,76528000.0,-0.35714,78513000.0,-0.061750002,,0.3619898689169361,419165000.0,407970000.0,603567000.0,130359000.0,507266000.0,,184402000.0,0.022135314233930146
ツルハホールディングス,3391,小売業,プライム（内国株式）,2024-05-31,北海道,675200696320,2.2718582,4.433308,41.150246,17.53576577551746,0.85800004,0.029127272,67.29,624.59,103.70399992872352,1027462000000.0,47156000000.0,0.055999998,21743000000.0,0.01401,0.05613,0.5123819263362273,244256000000.0,181362000000.0,273482000000.0,50039000000.0,58688000000.0,34181000000.0,53152700000.0,0.07872133469306905
デリカフーズホールディングス,3392,卸売業,スタンダード（内国株式）,2025-03-31,東京都,14115750912,1.4491062,17.48491,9.736694,9.185716389832178,0.1344,0.013953488,89.25,49.7,62.28476514053728,58762579000.0,805634000.0,0.01833,542013000.0,0.023570001,0.1593,0.33897061619422447,17610462000.0,8391326000.0,10594645000.0,10656565000.0,3716137000.0,699354000.0,-6526269200.0,-0.4623394986696688
スターティアホールディングス,3393,卸売業,プライム（内国株式）,2025-03-31,東京都,24414105600,3.2435389,15.477179,13.089032,8.60540854830042,0.6113,0.046833012,199.48,168.7,165.32055054925024,22211760000.0,2737775000.0,0.13887,1960104000.0,0.082040004,0.25255,0.5347317108887024,6554296000.0,5249667000.0,11529900000.0,3105654000.0,6565756000.0,151092000.0,5081368400.0,0.20813248223191105
サンマルクホールディングス,3395,小売業,プライム（内国株式）,2025-03-31,岡山県,57386262528,1.8963145,20.64765,29.762169,52.48185411250273,0.5778,0.009741476,89.98,129.7,39.17999941968548,70895651000.0,3644742000.0,0.06227,2540608000.0,0.0235,0.06219,0.4317896768367397,40605441000.0,16349598000.0,21097696000.0,23004470000.0,14247481000.0,258042000.0,-19327115600.0,-0.33678993453476574
フェリシモ,3396,小売業,スタンダード（内国株式）,2025-02-28,兵庫県,5990094848,0.30921403,,15.873915,-7.399030035553334,0.2833,0.017985612,52.98,,-120.46186595711164,29449000000.0,71000000.0,0.031519998,136000000.0,0.01273,0.01966,0.6669666655128249,9621000000.0,6932000000.0,17494000000.0,9000000.0,9511000000.0,2136000000.0,9368200000.0,1.5639485246427938
トリドールホールディングス,3397,小売業,プライム（内国株式）,2025-03-31,東京都,394657955840,4.346896,41.45441,85.464226,71.23088275734005,0.1901,0.0022241992,52.56,108.36,57.793254715168395,268228000000.0,16739000000.0,0.06142,1874000000.0,0.01825,0.061490003,0.2699383655738314,226661000000.0,80504000000.0,97638000000.0,187028000000.0,82271000000.0,12465000000.0,-120297500000.0,-0.3048145823994749
丸千代山岡家,3399,小売業,スタンダード（内国株式）,2025-01-31,北海道,56479027200,37.454113,,18.86805,16.861619480336987,0.0198,0.00073036464,151.95,,73.09548054670637,34585110000.0,3708385000.0,0.05277,2832750000.0,0.014529999,0.07913,0.46138396882093613,7784220000.0,6089318000.0,7389748000.0,2453139000.0,3964611000.0,402532000.0,-112699600.0,-0.001995423887187632
プログレス・テクノロジーズ　グループ,339A,サービス業,グロース（内国株式）,2025-02-28,東京都,8534188544,1.5647577,,12.869545,,0.0,0.0,85.24,,,5649000000.0,915000000.0,0.3184,584000000.0,0.11331,,0.16361717100633358,7131000000.0,435000000.0,288000000.0,7022000000.0,54000000.0,,-6843000000.0,-0.8018337027263127
帝人,3401,繊維製品,プライム（内国株式）,2025-03-31,東京都,253373104128,0.66464096,3.6543972,,-21.317091861068224,0.44990003,0.038372986,-396.55,359.43,-60.85388728105954,1005471000000.0,-71828000000.0,-0.27114,28347000000.0,0.02832,-0.19820999,0.4064716679607113,622731000000.0,318962000000.0,587883000000.0,387127000000.0,107538000000.0,26481000000.0,-16311300000.0,-0.06437660404460212
東レ,3402,繊維製品,プライム（内国株式）,2025-03-31,東京都,1523384451072,0.88927674,15.001477,26.384195,51.61133830209176,0.4944,0.01883986,38.47,67.66,13.646034442573484,2563280000000.0,127453000000.0,0.05763,77911000000.0,0.023699999,0.03649,0.5190383153480368,1472025000000.0,857530000000.0,1461988000000.0,842659000000.0,237295000000.0,154653000000.0,98220100000.0,0.06447492616252114
クラレ,3405,化学,プライム（内国株式）,2024-12-31,東京都,473206751232,0.6497352,8.158496,31.644005,10.752695131519243,1.1111,0.03522505,48.54,188.27,126.70999989850304,826895000000.0,85081000000.0,0.103870004,31724000000.0,0.0,,0.5918963041670087,509452000000.0,198231000000.0,565262000000.0,244282000000.0,118068000000.0,29890000000.0,76733000000.0,0.16215533654206038
旭化成,3407,化学,プライム（内国株式）,2025-03-31,東京都,1771184979968,0.9325256,13.006184,12.625872,33.28328023600495,0.38729998,0.030864198,103.28,100.26,31.60279999971143,3037312000000.0,211920000000.0,0.07192,134997000000.0,0.046490002,0.07797,0.46309387245611316,2101270000000.0,964608000000.0,1769448000000.0,1195045000000.0,393467000000.0,168371000000.0,-213962300000.0,-0.1208017809657948
北紡,3409,繊維製品,スタンダード（内国株式）,2025-03-31,石川県,3594281216,2.7797818,,,-17.950696609583115,0.0,0.0,-1.94,,-5.905063313443284,1631369000.0,-49118000.0,-0.037469998,-55751000.0,-0.04369,-0.06673,0.5522854304389809,964413000.0,541514000.0,895347000.0,539603000.0,512931000.0,140784000.0,29482800.0,0.00820269707021166
ジグザグ,340A,情報・通信業,グロース（内国株式）,2025-05-31,東京都,2997262848,2.5723195,,11.65403,,0.0,0.0,35.61,,,1412184000.0,322779000.0,0.18170999,245706000.0,0.17399,0.35971,0.5237131793984631,1013435000.0,1000214000.0,1971184000.0,26252000.0,1463296000.0,,957749000.0,0.3195412109548825
ＴＯＫＹＯ　ＢＡＳＥ,3415,小売業,プライム（内国株式）,2025-01-31,東京都,17340327936,3.1550732,19.655172,17.79661,43.6067280317953,0.2229,0.012562814,22.42,20.3,7.200000068688772,20207670000.0,1472944000.0,0.07814,776867000.0,0.04595,0.19755,0.4459497139887956,6346533000.0,4761049000.0,8341632000.0,3946904000.0,3669294000.0,,1995099000.0,0.11505543651559232
ピクスタ,3416,小売業,グロース（内国株式）,2024-12-31,東京都,1775638528,1.540014,,5.4765215,6.307417371949153,0.24059999,0.04420432,186.98,,125.21998318648637,2882381000.0,574197000.0,0.01987,393051000.0,0.05481,0.12208,0.4443728301771112,1449998000.0,1449996000.0,2510960000.0,19964000.0,1826422000.0,8087000.0,1066622900.0,0.6006982182355529
大木ヘルスケアホールディングス,3417,卸売業,スタンダード（内国株式）,2025-03-31,東京都,19479885824,0.60288703,,6.877619,5.9787680377799335,0.1252,0.018361581,207.63,,160.42998138721845,349452000000.0,2772000000.0,0.0067299996,2639000000.0,0.007929999,0.09097,0.22239286918953058,108287000000.0,101988000000.0,115908000000.0,14173000000.0,2880000000.0,11670000000.0,15790000000.0,0.8105796996277097
バルニバービ,3418,小売業,グロース（内国株式）,2024-07-31,東京都,11647777792,1.9599153,14.479335,26.04393,19.609363948619933,0.18100001,0.0069702603,41.43,74.52,76.04142731730175,13452987000.0,647933000.0,0.054899998,538220000.0,0.029849999,0.09054,0.32476190148484996,6742968000.0,3566760000.0,4470347000.0,4210637000.0,1851757000.0,171008000.0,-2152915400.0,-0.18483486193209137
トヨコー,341A,建設業,グロース（内国株式）,2025-03-31,静岡県,28222564352,11.174626,,54.058273,,0.0,0.0,38.44,,,2025901000.0,301273000.0,0.21285999,321085000.0,0.15849,0.27221,0.5220299645668572,1859237000.0,463328000.0,2823144000.0,1471976000.0,2089953000.0,420582000.0,1258314400.0,0.04458540281123778
ケー・エフ・シー,3420,金属製品,スタンダード（内国株式）,2025-03-31,大阪府,11458800640,0.54127544,,10.256242,8.91339710880117,0.32930002,0.03217503,151.81,,159.93422413200395,26073037000.0,1358756000.0,0.0046900003,997440000.0,0.04186,0.05393,0.7367844591713247,7591436000.0,7160606000.0,18719973000.0,500871000.0,3599126000.0,4208372000.0,14074397400.0,1.2282609534953912
稲葉製作所,3421,金属製品,スタンダード（内国株式）,2024-07-31,東京都,25997017088,0.5858381,,16.92019,12.139483491844226,0.4376,0.025766872,95.98,,119.53990554341772,42414152000.0,3064949000.0,0.03263,2441649000.0,0.03689,0.0353,0.7196568080195842,16972759000.0,14156215000.0,31519407000.0,,13803103000.0,2197566000.0,16084944200.0,0.6187226844353875
Ｊ－ＭＡＸ,3422,金属製品,スタンダード（内国株式）,2025-03-31,岐阜県,5866234368,0.34672463,2.895184,,-5.71374028636791,0.19780001,0.008,-137.46,176.5,-89.40397350993378,47102000000.0,20000000.0,0.06538,-3282000000.0,-0.03254,-0.08568,0.32197975737563705,36117000000.0,24895000000.0,25380000000.0,25077000000.0,6565000000.0,290000000.0,-10534000000.0,-1.7957005020908159
エスイー,3423,金属製品,スタンダード（内国株式）,2025-03-31,東京都,8035346944,0.7458083,,26.52044,10.369157054684235,1.2974,0.049056605,10.03,,32.10592188736838,25887450000.0,849633000.0,0.00798,543833000.0,0.012200001,0.02702,0.4396077239226838,14248778000.0,9075945000.0,16094068000.0,5502000000.0,5119035000.0,297915000.0,2053830500.0,0.2555994799370296
アトムリビンテック,3426,金属製品,スタンダード（内国株式）,2024-06-30,東京都,5254510080,0.5031609,,13.441518,12.544729675924149,0.3215,0.0,97.98,,86.93744047320668,10162479000.0,333505000.0,0.0353,254702000.0,0.03798,0.03828,0.7696967155546813,3037137000.0,2814787000.0,8018043000.0,,2014608000.0,2542839000.0,6760893300.0,1.286683857688974
宮地エンジニアリンググループ,3431,金属製品,プライム（内国株式）,2025-03-31,東京都,53037985792,1.2734822,,12.033694,12.384685109675997,0.5865,0.027805865,166.2,,159.96179139571623,74725000000.0,9169000000.0,0.10381,4863000000.0,0.06583,0.11682,0.4468139121604468,42268000000.0,37429000000.0,66744000000.0,8039000000.0,16502000000.0,6887000000.0,29296900000.0,0.5523758031629287
トーカロ,3433,金属製品,プライム（内国株式）,2025-03-31,兵庫県,131842203648,2.1045935,16.277533,14.771137,15.746752553543713,0.4997,0.017351598,150.09,136.2,106.4309926242952,54231000000.0,12275000000.0,0.2038,8052000000.0,0.15743,0.14684,0.7425192222929624,15946000000.0,13506000000.0,39960000000.0,3875000000.0,14483000000.0,,24014000000.0,0.18214197984822808
アルファＣｏ,3434,金属製品,スタンダード（内国株式）,2025-03-31,神奈川県,11197086720,0.32111463,,,8.362252832600618,0.477,0.024347827,-19.57,,188.05221423133656,73511000000.0,914000000.0,0.0036199999,-301000000.0,-0.00263,-0.01154,0.5231554565438692,31412000000.0,24846000000.0,38829000000.0,17749000000.0,10247000000.0,3993000000.0,10212100000.0,0.9120318753769552
サンコーテクノ,3435,金属製品,スタンダード（内国株式）,2025-03-31,千葉県,9940568064,0.5346692,,9.302325,6.5663867995177805,0.28149998,0.030351438,135.02,,218.41000150746092,21250387000.0,1282167000.0,0.08625,1122961000.0,0.05013,0.058369998,0.6941521241369188,7803410000.0,3292505000.0,15777170000.0,3513746000.0,4002056000.0,1454927000.0,8992208900.0,0.9045970856097747
ＳＵＭＣＯ,3436,金属製品,プライム（内国株式）,2024-12-31,東京都,431195422720,0.739597,25.045704,41.669483,11.369427671566381,0.5409,0.012903226,29.59,49.23,182.59056262825,396619000000.0,36925000000.0,-0.03997,19877000000.0,0.00649,0.0069199996,0.5049216199092167,515447000000.0,163636000000.0,435143000000.0,353953000000.0,87181000000.0,2453000000.0,-78586900000.0,-0.1822535580370272
特殊電極,3437,金属製品,スタンダード（内国株式）,2025-03-31,兵庫県,4675117568,0.60230833,,11.06203,9.745933878139521,0.3779,0.017519753,267.13,,240.10413899367728,10539874000.0,635830000.0,0.047509998,467391000.0,0.03879,0.054619998,0.6379782576865781,4256267000.0,3021967000.0,7610098000.0,1284500000.0,1703684000.0,200812000.0,3494399400.0,0.7474463153436572
三ツ知,3439,金属製品,スタンダード（内国株式）,2024-06-30,愛知県,2839335936,0.29178253,,,-139.89346971338657,0.4943,0.032894738,-23.45,,-6.3687787810883165,13147879000.0,466177000.0,0.00741,419314000.0,-0.00632,-0.00784,0.6067951565984341,6468548000.0,4698931000.0,10474216000.0,3552363000.0,4508545000.0,264572000.0,4190868400.0,1.4760030142484697
ＩＡＣＥトラベル,343A,サービス業,スタンダード（内国株式）,2025-03-31,東京都,8073604096,2.0210457,,16.666666,,0.0,0.0,101.64,,,2694038000.0,607276000.0,0.29358998,394722000.0,0.16553,,0.583682735092504,2036199000.0,2028948000.0,4552919000.0,1000000000.0,1190048000.0,,2516720000.0,0.31172199801658446
日創グループ,3440,金属製品,スタンダード（内国株式）,2024-08-31,福岡県,5971310592,0.4721524,,4.8191524,3.7600535560342068,0.1814,0.032119915,192.98,,232.76001564052106,17694365000.0,1275973000.0,-0.0069199996,1094600000.0,0.039809998,0.07424,0.538212888054751,10346603000.0,6290009000.0,14303282000.0,7205183000.0,6153670000.0,196210000.0,4094026000.0,0.6856159861262162
山王,3441,金属製品,スタンダード（内国株式）,2024-07-31,,4567782912,0.6763079,,6.116066,31.06115092987558,0.1274,0.021276595,172.66,,33.383315276273024,8802115000.0,1442428000.0,0.0153,312749000.0,0.07064,0.11615,0.5325422763143137,5634971000.0,4020332000.0,8238908000.0,4256005000.0,3901078000.0,358207000.0,2854681900.0,0.6249600637763408
川田テクノロジーズ,3443,金属製品,プライム（内国株式）,2025-03-31,,72986484736,0.78858256,9.611852,7.855467,7.0314263553110505,0.3098,0.024183797,532.75,435.4,433.1100049444955,132905000000.0,9685000000.0,0.08009,11107000000.0,0.075780004,0.103360005,0.5501809547401684,73944000000.0,56700000000.0,87241000000.0,25697000000.0,14363000000.0,4074000000.0,16148800000.0,0.221257402084947
菊池製作所,3444,金属製品,スタンダード（内国株式）,2025-04-30,東京都,4034524928,0.81161135,45.75342,93.55743,-4.904163420317288,2.809,0.029940119,3.57,7.3,-67.7257079315755,5456458000.0,-520753000.0,-0.26532,43009000.0,0.03282,0.01041,0.5924892287647243,3159646000.0,1444807000.0,5005696000.0,812650000.0,2452512000.0,1888404000.0,3167932800.0,0.7852059056604743
ＲＳ　Ｔｅｃｈｎｏｌｏｇｉｅｓ,3445,金属製品,プライム（内国株式）,2024-12-31,東京都,96061267968,1.3110088,10.129762,10.235443,10.08292984793353,0.0986,0.009655172,354.65,358.35,292.77291755307675,59200997000.0,13108929000.0,0.19238001,9446865000.0,0.14369,0.1031,0.3763885144351786,46598787000.0,34804435000.0,124894768000.0,12281591000.0,85224585000.0,8416908000.0,84187816600.0,0.8763970992767315
ジェイテックコーポレーション,3446,金属製品,スタンダード（内国株式）,2024-06-30,大阪府,8027565568,3.4696677,15.311167,133.36595,56.23460240397332,0.0,0.0,10.22,89.02,40.57999705602547,2010340000.0,285837000.0,0.02407,199591000.0,-0.20732,-0.07126,0.7559244203679754,870745000.0,413185000.0,1815729000.0,521963000.0,610230000.0,30833000.0,966567100.0,0.12040600501016051
信和,3447,金属製品,スタンダード（内国株式）,2025-03-31,岐阜県,13302063104,0.8185382,,10.1837435,24.045619376393393,0.3321,0.016194332,96.33,,29.458617676666314,17503026000.0,1622280000.0,0.12716,975039000.0,0.07019,0.082779996,0.5286258258168473,14121091000.0,6693303000.0,9876975000.0,10487025000.0,2908656000.0,199623000.0,-4104379900.0,-0.30855212968925033
テクノフレックス,3449,金属製品,スタンダード（内国株式）,2024-12-31,東京都,34662625280,1.4158462,20.377155,17.151928,19.225340295610057,0.48990002,0.0144385025,110.25,92.8,52.62999953815896,22041238000.0,2196621000.0,0.15572,1313086000.0,0.10628,0.11193,0.6508269807817348,12532246000.0,6284663000.0,16484447000.0,8022843000.0,5105300000.0,431274000.0,4254092800.0,0.12272852288700044
ビーロット,3452,不動産業,スタンダード（内国株式）,2024-12-31,東京都,29227468800,1.4896761,,6.514712,5.48404727262081,0.2527,0.03865653,241.3,,170.15000242555357,30933000000.0,6340000000.0,0.15255,3941000000.0,0.10735,0.1858,0.3103163444639719,39232000000.0,16144000000.0,48171000000.0,34350000000.0,12273000000.0,,8939000000.0,0.3058424272443326
ファーストブラザーズ,3454,不動産業,スタンダード（内国株式）,2024-11-30,東京都,16394394624,0.6520203,,11.236063,4.232220149918551,0.32669997,0.029437229,104.04,,227.25729839431403,16865791000.0,2838147000.0,0.15698,1416957000.0,0.08163,0.06392,0.2782046785459334,64234482000.0,5747191000.0,58651289000.0,58175016000.0,4817134000.0,98771000.0,-5514053300.0,-0.3363377194744291
Ａｎｄ　Ｄｏホールディングス,3457,不動産業,プライム（内国株式）,2025-06-30,東京都,20795617280,1.1833016,9.952245,8.794733,8.291256680785049,0.3797,0.043394405,118.48,104.7,124.1400008413042,64735000000.0,2620000000.0,0.01741,2341000000.0,0.03566,0.12991999,0.25638781209620276,53520000000.0,31463000000.0,54870000000.0,47946000000.0,8577000000.0,6025000000.0,5567500000.0,0.26772468088045137
パルマ,3461,不動産業,スタンダード（内国株式）,2024-09-30,東京都,3558464256,1.6022029,,31.840193,18.56981755859567,0.36360002,0.0,16.52,,16.539999621506922,2810817000.0,123693000.0,0.046269998,80829000.0,0.04528,0.10629,0.6598276622803603,1205798000.0,606641000.0,3322676000.0,716241000.0,2484413000.0,5448000.0,2120691600.0,0.5959569767840883
ケイアイスター不動産,3465,不動産業,プライム（内国株式）,2025-03-31,埼玉県,92657565696,1.4161544,11.414914,8.006437,8.287737374301576,0.2494,0.014527027,745.65,523.0,427.5999908937626,342553000000.0,17258000000.0,0.069749996,8862000000.0,0.031,0.18969999,0.2041846600939732,225751000000.0,156309000000.0,276435000000.0,183996000000.0,71906000000.0,2704000000.0,52576800000.0,0.5674312680790591
アグレ都市デザイン,3467,不動産業,スタンダード（内国株式）,2025-03-31,東京都,13319809024,1.7639788,,7.2780437,9.879078135916066,0.3017,0.041830067,318.08,,151.77806547685776,30743637000.0,2548774000.0,0.10421,1580177000.0,0.05461,,0.2171489873944299,26060152000.0,18969919000.0,32500419000.0,22883445000.0,7171310000.0,4800000.0,6443627000.0,0.4837627167468914
デュアルタップ,3469,不動産業,スタンダード（内国株式）,2024-06-30,東京都,3804882176,1.543091,13.148688,28.012423,8.453187590609657,0.3877,0.013873474,32.2,68.6,56.04000499538451,5172911000.0,-255940000.0,0.03993,-386720000.0,0.01398,0.056599997,0.297569224688492,4208066000.0,2234584000.0,4487005000.0,3717481000.0,1030845000.0,24473000.0,296070100.0,0.07781321110743378
Ｇ－ＦＡＣＴＯＲＹ,3474,不動産業,グロース（内国株式）,2024-12-31,東京都,4180160000,3.230496,20.189274,,-11.079297333765945,0.0,0.0,-90.5,31.7,-29.965799273946413,6348793000.0,-20802000.0,-0.0209,-332890000.0,-0.08524,-0.35342997,0.3313618942308948,2901563000.0,1107745000.0,2081921000.0,937713000.0,1454488000.0,5438000.0,-815835400.0,-0.19516846245119804
グッドコムアセット,3475,不動産業,プライム（内国株式）,2024-10-31,東京都,34314139648,2.593646,8.100068,8.583506,21.78723897354326,0.258,0.03377265,139.57,147.9,35.769999574289855,59753709000.0,5451569000.0,-0.08811,3320097000.0,0.043920003,0.17292,0.3531942008576676,25522984000.0,13344699000.0,38285581000.0,19828375000.0,11661993000.0,681884000.0,13239915800.0,0.38584431770160055
フォーライフ,3477,不動産業,グロース（内国株式）,2025-03-31,神奈川県,3335356160,0.828866,,7.980861,14.916497657792068,0.38279998,0.0,104.5,,37.830051199881574,14771438000.0,591310000.0,0.04158,550784000.0,0.0257,0.10775,0.41313305318925525,5644991000.0,5532920000.0,9278918000.0,4360385000.0,3222556000.0,,3633927000.0,1.089516928830773
ティーケーピー,3479,不動産業,グロース（内国株式）,2025-02-28,東京都,69996249088,1.7840141,13.900838,24.814764,9.640123527386969,0.0,0.0,74.23,132.51,173.85669335445672,59208000000.0,5915000000.0,0.056500003,3789000000.0,0.03366,0.06743,0.34145839168327924,75938000000.0,32786000000.0,35274000000.0,50834000000.0,14528000000.0,6618000000.0,-36031400000.0,-0.5147618689495912
ジェイ・エス・ビー,3480,不動産業,プライム（内国株式）,2024-10-31,京都府,78311751680,1.855143,13.796951,13.53175,9.438669047522799,0.1898,0.013997308,274.17,268.9,224.46999543891542,69529664000.0,8106702000.0,0.043330003,7452754000.0,0.07486,0.13946,0.47386994000448945,42076717000.0,13780356000.0,19773070000.0,26034284000.0,17338675000.0,1262525000.0,-21419879500.0,-0.27352062800901966
ロードスターキャピタル,3482,不動産業,プライム（内国株式）,2024-12-31,東京都,48844865536,1.633889,5.9719687,5.875417,6.703633371289042,0.1399,0.023980815,500.39,492.3,296.21999506198904,34421000000.0,11447000000.0,0.18767999,6871000000.0,0.16381,0.23466,0.2387363481466998,81762000000.0,16485000000.0,105933000000.0,62759000000.0,12653000000.0,266000000.0,24357200000.0,0.4986644907855889
イノベーションホールディングス,3484,不動産業,プライム（内国株式）,2025-03-31,東京都,18518208512,4.3541536,26.47482,14.578106,22.907257659670975,0.3696,0.025431426,75.73,41.7,39.625457781754406,16659432000.0,1381612000.0,0.096820004,1029126000.0,0.0715,0.33152,0.2563612183823773,11635809000.0,3041615000.0,7041781000.0,103000000.0,4283926000.0,,-4594028000.0,-0.2480816649743964
グローバル・リンク・マネジメント,3486,不動産業,プライム（内国株式）,2024-12-31,,35751120896,2.4869246,,6.3050847,5.817117917396323,0.18370001,0.029292474,354.0,,180.1999965947798,64482059000.0,5732391000.0,0.09957,3413613000.0,0.075279996,0.53099996,0.3186875101899272,24796645000.0,14033648000.0,34043112000.0,21300119000.0,11291524000.0,424400000.0,9543547000.0,0.26694399394531365
フェイスネットワーク,3489,不動産業,スタンダード（内国株式）,2025-03-31,東京都,24012994560,2.457912,,7.592801,12.733759011502627,0.3079,0.040837064,106.68,,31.863432597251375,29915894000.0,4519033000.0,0.14208001,2769383000.0,0.10375,0.39169,0.3251160094738573,20271045000.0,6795589000.0,26394354000.0,15970906000.0,8838769000.0,,6123309000.0,0.25499980790400845
アズ企画設計,3490,不動産業,スタンダード（内国株式）,2025-02-28,東京都,4089506560,1.1762509,,6.4682765,4.831960364313932,0.066199996,0.010323469,452.98,,558.3697514860678,12430301000.0,975126000.0,0.04571,461965000.0,0.03991,,0.223427726408296,10281754000.0,3038170000.0,12588127000.0,9257387000.0,4373158000.0,30145000.0,2327474500.0,0.5691333332889922
ＧＡ　ｔｅｃｈｎｏｌｏｇｉｅｓ,3491,不動産業,グロース（内国株式）,2024-10-31,東京都,86327828480,2.8081605,25.923647,25.774458,40.94954782907763,0.0,0.0,81.67,81.2,26.973234299367704,189883000000.0,3879000000.0,0.03083,1841000000.0,0.01683,0.14862001,0.29613639310255413,53881000000.0,34209000000.0,38702000000.0,38100000000.0,19325000000.0,2009000000.0,-13772700000.0,-0.15953951631241126
マリオン,3494,不動産業,スタンダード（内国株式）,2024-09-30,東京都,3072292096,0.644492,,10.775151,14.8519429162791,0.1319,0.0,36.38,,18.203199155817362,2876595000.0,695626000.0,0.32235,342257000.0,0.14106,0.10092,0.2300713643755714,14492349000.0,1669605000.0,3273708000.0,8735124000.0,1481306000.0,66005000.0,-11172437500.0,-3.636515393359265
香陵住販,3495,不動産業,スタンダード（内国株式）,2024-09-30,茨城県,6696722944,1.0983992,,6.644573,5.818751455846329,0.1424,0.02143446,365.11,,236.41002996829442,10035834000.0,1001023000.0,0.083780006,722102000.0,0.088690005,0.18190001,0.3206853328045234,11150417000.0,5110611000.0,11228994000.0,7170768000.0,2201357000.0,200572000.0,218977400.0,0.032699187622237696
アズーム,3496,不動産業,プライム（内国株式）,2024-09-30,東京都,61308575744,9.0596485,28.235294,41.152935,26.538687264738915,0.102299996,0.012941176,122.47,178.5,146.79999472193006,10541614000.0,1828184000.0,0.24239999,1288023000.0,0.13588999,0.34662998,0.6746588611829507,1804751000.0,1402222000.0,4368014000.0,110532000.0,3071529000.0,,2563263000.0,0.04180920807397577
霞ヶ関キャピタル,3498,不動産業,プライム（内国株式）,2024-08-31,東京都,192961855488,4.3831925,5.4672775,15.847922,20.386731346498152,0.2342,0.01438849,512.37,1485.2,124.89999947011519,65685513000.0,8537302000.0,0.20811,5020003000.0,0.10622,0.34457,0.3485704849480128,49809521000.0,22130780000.0,67066574000.0,41888124000.0,11064491000.0,2196142000.0,18794352400.0,0.09739931424513479
ＳＵＭＩＮＯＥ,3501,繊維製品,プライム（内国株式）,2025-05-31,大阪府,16118933504,0.51747245,5.231034,24.27204,18.091366514467985,0.7971,0.0330033,50.14,232.65,66.11000129345655,104791000000.0,3010000000.0,0.012209999,669000000.0,0.01126,0.05373,0.32829346361185985,57815000000.0,42606000000.0,54931000000.0,23206000000.0,8847000000.0,4534000000.0,289800000.0,0.01797885697140475
デジタルグリッド,350A,電気・ガス業,グロース（内国株式）,2025-07-31,,33474643968,,,16.779957,,0.0,0.0,51.49,,,6153606000.0,2742720000.0,0.0,1870044000.0,0.0,,0.46455492691258427,9540329000.0,8540928000.0,16532406000.0,1612960000.0,4648319000.0,,6992077000.0,0.20887681454309293
日本フエルト,3512,繊維製品,スタンダード（内国株式）,2025-03-31,東京都,11362271232,0.53671557,,25.316456,15.51394915073401,0.7911,0.01540832,25.28,,26.388762585254952,9699437000.0,200286000.0,0.06211,429905000.0,0.0466,0.02095,0.8012248024171646,4545032000.0,2592615000.0,11188795000.0,800000000.0,3296985000.0,8232581000.0,12406569700.0,1.0919093063945615
イチカワ,3513,繊維製品,スタンダード（内国株式）,2025-03-31,,9562805248,0.4097212,,8.802887,7.736578263178198,0.3171,0.018058691,252.19,,227.53743918458449,13947000000.0,1073000000.0,0.14071,782000000.0,0.075500004,0.04856,0.7553790809746826,7204000000.0,3425000000.0,14991000000.0,925000000.0,6398000000.0,5682000000.0,11764400000.0,1.2302247818400829
テルマー湯ホールディングス,3521,サービス業,スタンダード（内国株式）,2025-03-31,東京都,4179176448,0.86097443,,25.079365,37.33073415521456,0.79370004,0.03164557,6.3,,3.6359237980042334,1980519000.0,341469000.0,0.083380006,191559000.0,0.07419,0.034560002,0.8085893696297559,1165832000.0,475179000.0,1607002000.0,600670000.0,1502403000.0,600000.0,441590000.0,0.10566435887418171
日東製網,3524,繊維製品,スタンダード（内国株式）,2025-04-30,東京都,4086974720,0.5756302,,7.6452894,6.794673359566992,0.2425,0.031806614,206.14,,210.91361357500963,21600058000.0,680065000.0,0.025810001,534763000.0,0.021189999,0.06458,0.24232893787900764,22639843000.0,15360320000.0,17292332000.0,16306087000.0,1496166000.0,468980000.0,-5019225000.0,-1.2281027762266168
芦森工業,3526,輸送用機器,スタンダード（内国株式）,2025-03-31,大阪府,24709283840,0.99600863,,8.968561,4.838971104321281,0.2185,0.024360536,457.71,,534.5899826112851,72604000000.0,4618000000.0,0.03208,2758000000.0,0.04577,0.13789,0.4593613532088961,29318000000.0,22598000000.0,35226000000.0,11393000000.0,6307000000.0,1447000000.0,6920900000.0,0.2800931036615588
アツギ,3529,繊維製品,スタンダード（内国株式）,2025-03-31,神奈川県,19715506176,0.6263662,,,6.755488354620586,0.0,0.0,-64.38,,82.15542250478366,21880000000.0,-931000000.0,0.02831,-376000000.0,-0.04739,-0.03198,0.77516096653365,9184000000.0,5236000000.0,16832000000.0,1056000000.0,5406000000.0,3702000000.0,10239400000.0,0.519357702946759
ＬＯＩＶＥ,352A,サービス業,グロース（内国株式）,2025-03-31,北海道,11190066176,5.6977863,,93.45992,,0.0,0.0,9.48,,,8492006000.0,1004920000.0,0.04868,500473000.0,0.01227,,0.2073591545949576,6255581000.0,2971509000.0,2919306000.0,3387390000.0,1520434000.0,,-3336275000.0,-0.29814613671861095
アクサスホールディングス,3536,小売業,スタンダード（内国株式）,2024-08-31,徳島県,3820981760,1.7391785,,,4003.4752318002643,1.9417,0.015748031,-0.21,,0.03396537510305029,11718715000.0,14582000.0,0.00347,31372000.0,0.01821,0.10469,0.12203248887156042,14580604000.0,9777196000.0,6239002000.0,13099256000.0,1341582000.0,180874000.0,-8214990200.0,-2.1499684416185225
昭栄薬品,3537,卸売業,スタンダード（内国株式）,2025-03-31,大阪府,5431055360,0.5925866,,11.111111,9.292258765737737,0.2733,0.024777636,142.74,,144.74785730869084,25012868000.0,559832000.0,0.01556,527412000.0,0.01863,0.05341,0.522619693530335,8162438000.0,6598406000.0,10826424000.0,600000000.0,1911925000.0,5575689000.0,6566968300.0,1.2091514198816784
ウイルプラスホールディングス,3538,小売業,スタンダード（内国株式）,2025-06-30,,9454373888,0.8640464,8.407437,6.5747886,9.386307181217942,0.2849,0.043410406,158.18,123.7,115.30979212448615,88614291000.0,1849606000.0,0.019709999,1443511000.0,0.01571,0.12814,0.2911376214725601,25026413000.0,18051129000.0,26675409000.0,16534369000.0,8245586000.0,,1648996000.0,0.17441620349846693
ＪＭホールディングス,3539,小売業,プライム（内国株式）,2024-07-31,茨城県,82602721280,1.8303685,8.207595,12.870187,6.493673187419208,0.1825,0.014119091,125.95,197.5,204.8421690150675,,,0.05337,,0.034679998,0.14564,0.6107288498998024,27593000000.0,21063000000.0,36002000000.0,9382000000.0,22405000000.0,1201000000.0,9249700000.0,0.11197815104233816
歯愛メディカル,3540,卸売業,スタンダード（内国株式）,2024-12-31,石川県,74598596608,2.601338,24.866667,9.148884,20.03715961555239,0.076799996,0.008398123,163.08,60.0,41.640832816656335,67493000000.0,2494000000.0,0.05203,6266000000.0,0.04528,0.15773,0.41313364784852613,35769000000.0,32991000000.0,30340000000.0,21209000000.0,4124000000.0,6021000000.0,-1214300000.0,-0.016277786114139547
農業総合研究所,3541,卸売業,グロース（内国株式）,2024-08-31,和歌山県,9958184960,9.519277,100.0,65.34091,296.692198986568,0.0,0.0,7.04,4.6,1.1291163068806076,7223458000.0,93630000.0,0.00161,108759000.0,0.0012899999,-0.00792,0.38743798849942956,1632743000.0,1336199000.0,2011076000.0,358327000.0,779433000.0,196201000.0,515673700.0,0.05178390460423824
ベガコーポレーション,3542,小売業,グロース（内国株式）,2025-03-31,福岡県,16989396992,7.0428114,25.518341,23.866348,22.45391166776276,0.16399999,0.0,67.04,62.7,37.790000145656485,15935215000.0,926595000.0,0.06586,591669000.0,0.053200003,0.25392,0.7380700795003929,2114703000.0,2000299000.0,6611361000.0,,1835809000.0,93663000.0,4562222100.0,0.26853349192724546
コメダホールディングス,3543,卸売業,プライム（内国株式）,2025-02-28,愛知県,138581688320,2.90741,19.731726,23.094425,20.373436672068653,0.4325,0.018627452,131.85,154.32,130.0299994362899,47057000000.0,8820000000.0,0.16212,5814000000.0,0.11413,0.13135,0.43142076244337474,60121000000.0,14464000000.0,20566000000.0,43983000000.0,10390000000.0,3498000000.0,-37106400000.0,-0.2677583196584915
サツドラホールディングス,3544,小売業,スタンダード（内国株式）,2025-05-31,北海道,11283737600,1.1611178,,14.772114,25.468656016154835,0.18010001,0.012224939,55.51,,34.02054348614445,100174000000.0,1675000000.0,0.00648,767000000.0,0.0072600003,0.07685,0.21204052474347318,36273000000.0,19139000000.0,21696000000.0,17206000000.0,2669000000.0,802000000.0,-14015600000.0,-1.2421061617030158
アレンザホールディングス,3546,小売業,プライム（内国株式）,2025-02-28,福島県,32995563520,1.028155,,11.41581,13.4648030040804,0.3948,0.034265105,96.27,,78.56999950976561,153345000000.0,3515000000.0,0.0385,2088000000.0,0.01894,0.09049,0.35020759227276366,55639000000.0,37156000000.0,40234000000.0,27088000000.0,4036000000.0,352000000.0,-15158600000.0,-0.45941327811576044
串カツ田中ホールディングス,3547,小売業,スタンダード（内国株式）,2024-11-30,東京都,18995871744,5.9477735,24.607143,57.14681,42.785175951629846,0.35900003,0.006378803,36.17,84.0,38.93999850283504,16864222000.0,847943000.0,0.06026,380372000.0,0.0,0.2839,0.3359703763888961,4861826000.0,3081170000.0,3525917000.0,2142811000.0,1804022000.0,,-1335909000.0,-0.07032628025728578
バロックジャパンリミテッド,3548,小売業,プライム（内国株式）,2025-02-28,東京都,27741351936,1.9869188,,,29.192169096177587,5.1842,0.049803406,-60.45,,26.231828629378903,58180000000.0,813000000.0,-0.0478,-2575000000.0,-0.03934,-0.114870004,0.45901735631846347,15255000000.0,7316000000.0,24789000000.0,8000000000.0,11305000000.0,,9534000000.0,0.3436746710108137
クスリのアオキホールディングス,3549,小売業,プライム（内国株式）,2025-05-31,石川県,380411215872,2.7135892,19.024439,22.421112,23.663480720854366,0.080299996,0.003550596,174.3,205.42,130.10999966867251,501470000000.0,26602000000.0,0.0517,17786000000.0,0.03373,0.13262,0.4135372690544283,206707000000.0,107049000000.0,145368000000.0,99319000000.0,47731000000.0,3747000000.0,-58716100000.0,-0.15434902429311304
スタジオアタオ,3550,小売業,グロース（内国株式）,2025-02-28,兵庫県,2770440704,1.0943613,1.980198,29.850748,60.11734760781111,0.7463,0.025,6.7,101.0,3.6499296169198265,3696135000.0,182595000.0,-0.20677,68447000.0,-0.06147,-0.08412,0.7886938414376895,670141000.0,582714000.0,2579330000.0,198336000.0,1832953000.0,36969000.0,1935067300.0,0.6984691270259361
ダイニック,3551,繊維製品,スタンダード（内国株式）,2025-03-31,京都府,8040768512,0.29924628,,4.930887,7.192823225552409,0.1508,0.030706244,198.95,,101.31189715684492,44072956000.0,2136247000.0,0.03729,1315457000.0,0.03718,0.06345,0.43535836883478024,34491173000.0,23414884000.0,27739256000.0,20379787000.0,4297843000.0,6665936000.0,-2085761800.0,-0.2593983145873706
共和レザー,3553,化学,スタンダード（内国株式）,2025-03-31,静岡県,21042509824,0.5880919,,38.91582,9.103946729837325,1.8502,0.047945205,22.69,,81.25155614573823,56397000000.0,2144000000.0,0.008169999,1100000000.0,0.0097,0.01735,0.6091708563837837,22073000000.0,19651000000.0,34111000000.0,390000000.0,8245000000.0,5595000000.0,15954500000.0,0.7582032815212528
リネットジャパングループ,3556,小売業,グロース（内国株式）,2024-09-30,,14573274112,21.243986,,,-22.237363895197003,0.0,0.0,-61.88,,-28.375665522849506,11676964000.0,-1263450000.0,0.02911,-1882722000.0,0.00358,0.102469996,0.03436527828880013,8117351000.0,3912935000.0,4051214000.0,6531820000.0,880805000.0,104361000.0,-3993084300.0,-0.27400049359615036
ユナイテッド＆コレクティブ,3557,小売業,グロース（内国株式）,2025-02-28,東京都,4173537280,6.9379625,,106.426155,-39.199739391143915,0.0,0.0,8.87,,-30.740000283579338,6492053000.0,115594000.0,-0.02286,59751000.0,0.0069999998,0.13237001,0.08616430532176941,3631976000.0,1208500000.0,1945255000.0,2748770000.0,1480160000.0,,-1686721000.0,-0.4041466235566967
ジェイドグループ,3558,小売業,グロース（内国株式）,2025-02-28,東京都,15228926976,2.4722507,,14.535263,23.097826264029802,0.0,0.0,107.05,,88.31999932291845,19231316000.0,1535039000.0,0.10353,565050000.0,0.05989,0.19524,0.4519559754352868,5728894000.0,5023781000.0,8079362000.0,706280000.0,2993436000.0,8000000.0,2356068000.0,0.15471004646046574
ピーバンドットコム,3559,卸売業,スタンダード（内国株式）,2025-03-31,東京都,2425560064,1.7608398,,21.598995,19.033937895624288,0.4188,0.0,23.89,,19.91999965830073,2180578000.0,157193000.0,0.06126,112531000.0,0.050180003,0.08349,0.7950167876221573,355322000.0,341253000.0,1481834000.0,,1137609000.0,153105000.0,1233685500.0,0.5086188209932533
ほぼ日,3560,小売業,スタンダード（内国株式）,2024-08-31,東京都,7312315392,1.4947485,,19.011406,20.617649012380017,0.2717,0.0,165.69,,177.48001728653904,7534785000.0,547476000.0,-0.05905,399197000.0,0.05163,0.09518,0.6967038203635774,1969229000.0,1741265000.0,4700416000.0,2868000.0,1194594000.0,362244000.0,2984757800.0,0.40818231161985413
力の源ホールディングス,3561,小売業,プライム（内国株式）,2025-03-31,福岡県,40959979520,3.6074386,16.719902,20.577562,21.55691082392714,0.287,0.006617647,66.14,81.4,72.44000099811521,34166110000.0,2809961000.0,0.05928,1758015000.0,0.057189997,0.1848,0.5750159509030396,7879744000.0,4837812000.0,9778862000.0,2609496000.0,7150814000.0,149527000.0,2003786900.0,0.048920603073582786
Ｎｏ．１,3562,卸売業,スタンダード（内国株式）,2025-02-28,東京都,15111585792,3.7377172,20.78097,23.641748,7.0829888376742165,0.35729998,0.015334773,97.92,111.4,134.29000713974875,14209460000.0,1039018000.0,0.11374,574387000.0,0.04501,0.16361,0.513317673229561,4230324000.0,3226375000.0,6206381000.0,1606152000.0,3021288000.0,218304000.0,2128869800.0,0.14087666438865823
ＦＯＯＤ　＆　ＬＩＦＥ　ＣＯＭＰＡＮＩＥＳ,3563,小売業,プライム（内国株式）,2024-09-30,大阪府,795366195200,8.135152,42.260292,35.21162,36.94841057814515,0.175,0.0048753307,199.65,166.35,69.01444693272003,361129000000.0,23384000000.0,0.05915,14633000000.0,0.053390004,0.27536,0.2096868718403742,287317000000.0,80843000000.0,74656000000.0,216884000000.0,48695000000.0,1232000000.0,-211798600000.0,-0.26629067375278864
アセンテック,3565,卸売業,スタンダード（内国株式）,2025-01-31,東京都,19559641088,3.895567,,14.598696,16.189077971278653,0.1604,0.010909091,93.57,,36.21142317448202,14586903000.0,868016000.0,0.06964,859628000.0,0.06645,,0.4514639418880997,5106665000.0,5046090000.0,8349840000.0,,6007969000.0,411390000.0,3531148000.0,0.18053235149424027
ユニフォームネクスト,3566,小売業,グロース（内国株式）,2024-12-31,福井県,6856207360,1.8605876,,17.823343,13.788268201781447,0.0921,0.0,38.04,,35.15999940053013,8393669000.0,447265000.0,0.096499994,325008000.0,0.049489997,0.13627,0.6789421434677695,1588244000.0,1279924000.0,3285948000.0,408326000.0,2358581000.0,5000000.0,1701204000.0,0.24812610101687474
セーレン,3569,繊維製品,プライム（内国株式）,2025-03-31,東京都,189430022144,1.2969269,12.311797,12.642373,13.11788120270384,0.2974,0.011893583,255.49,262.35,201.54999840995023,159653000000.0,17865000000.0,0.12042,13887000000.0,0.09317,0.10501,0.7196408045255819,55343000000.0,40513000000.0,127064000000.0,10422000000.0,43028000000.0,10364000000.0,78975800000.0,0.4169127950582435
ソトー,3571,繊維製品,スタンダード（内国株式）,2025-03-31,愛知県,9867898880,0.6450424,,32.356583,3.0924466055563697,1.6942,0.033376124,24.23,,212.48357692912148,10043078000.0,-146722000.0,-0.00373,406794000.0,0.02934,0.02027,0.7444749548929285,5089023000.0,2246508000.0,5939112000.0,700588000.0,1901351000.0,6572750000.0,5451014000.0,0.5523986480088454
東海染工,3577,繊維製品,スタンダード（内国株式）,2025-03-31,愛知県,2837411328,0.3905052,,8.888669,19.49329191522845,0.2472,0.028058361,101.14,,41.119019169827006,14347362000.0,419712000.0,0.01406,311712000.0,0.022249999,0.05915,0.4811838637773018,6303745000.0,3703000000.0,7109113000.0,2112781000.0,3068387000.0,2696944000.0,2693228800.0,0.9491851863079613
小松マテーレ,3580,繊維製品,プライム（内国株式）,2025-03-31,石川県,32451407872,0.8389228,,22.171946,15.921885323750605,0.71870005,0.015568863,37.57,,46.03242001148937,39526000000.0,2181000000.0,0.05664,2934000000.0,0.03665,0.03839,0.7460113906385547,13326000000.0,9171000000.0,25885000000.0,,9430000000.0,16185000000.0,23888500000.0,0.7361313904846538
オーベクス,3583,繊維製品,スタンダード（内国株式）,2025-03-31,東京都,3548965632,0.51056916,,5.640045,6.025894725245538,0.121700004,0.021455938,230.14,,156.8016607283938,6035997000.0,841405000.0,0.12005,580136000.0,0.10361,0.09391,0.6814896460861735,3135049000.0,1639264000.0,6585675000.0,1490021000.0,2850379000.0,124970000.0,3538105000.0,0.9969397753807271
ワコールホールディングス,3591,繊維製品,プライム（内国株式）,2025-03-31,京都府,246110584832,1.2482675,11.37868,23.364267,-23.59037635250286,0.4686,0.009920635,213.36,438.1,-151.61947586594533,173896000000.0,3328000000.0,0.041950002,6989000000.0,0.0621,0.05031,0.7047427649779744,77291000000.0,50048000000.0,99975000000.0,26836000000.0,23419000000.0,42022000000.0,52099400000.0,0.2116910170099514
ホギメディカル,3593,繊維製品,プライム（内国株式）,2025-03-31,東京都,126987059200,1.732571,38.494217,200.0,31.300235274635565,2.9651,0.0068965517,29.45,153.01,115.56999914929929,39138000000.0,3811000000.0,0.03449,1520000000.0,0.01459,0.00751,0.7592113999693549,23564000000.0,10381000000.0,44200000000.0,13789000000.0,22005000000.0,5982000000.0,24823400000.0,0.19547976113773963
自重堂,3597,繊維製品,スタンダード（内国株式）,2024-06-30,広島県,27321634816,0.7389369,,24.213324,9.948637684291297,1.2768,0.052687038,391.52,,851.7453669126292,16863582000.0,2610442000.0,0.13473,2015867000.0,0.092700005,0.03735,0.9209873785360932,3288040000.0,1882175000.0,30372328000.0,,11012240000.0,3990891000.0,29877911700.0,1.093562369207241
山喜,3598,繊維製品,スタンダード（内国株式）,2025-03-31,大阪府,2410071040,0.55996025,,38.031322,10.915032132144653,0.6711,0.01754386,4.47,,15.02999998104666,10774126000.0,48559000.0,-0.03457,90042000.0,0.0076099997,0.0186,0.3765616521532626,7048728000.0,6091309000.0,8225363000.0,4471701000.0,2471093000.0,104025000.0,1249452500.0,0.5184297389009744
フジックス,3600,繊維製品,スタンダード（内国株式）,2025-03-31,京都府,2206500608,0.23695548,,,26.419835014570026,0.76339996,0.031113876,-66.52,,65.52906976744185,5646425000.0,-195829000.0,-0.01329,-107845000.0,-0.016210001,-0.00875,0.7961430481931417,1677207000.0,587542000.0,6719497000.0,,2538547000.0,1983404000.0,6430672800.0,2.914421494689205
クラウディアホールディングス,3607,繊維製品,スタンダード（内国株式）,2024-08-31,,2829686272,0.71330565,,,12.44399936724443,0.3717,0.031948883,-11.99,,63.176775386141436,13219210000.0,341574000.0,-0.11821,192515000.0,0.02296,0.08004,0.2988674619734948,8983729000.0,4414555000.0,3654888000.0,5834291000.0,1811571000.0,439717000.0,-5021039100.0,-1.774415471313422
ＴＳＩホールディングス,3608,繊維製品,プライム（内国株式）,2025-02-28,,57589719040,0.6226791,14.354136,4.116888,10.902673190855474,0.2705,0.019133938,240.23,68.9,59.97000015892235,156606000000.0,1636000000.0,-0.02834,15230000000.0,0.11748,0.18421,0.7644287647263015,32928000000.0,26864000000.0,86273000000.0,1655000000.0,46325000000.0,23490000000.0,69788000000.0,1.211813517470496
マツオカコーポレーション,3611,繊維製品,スタンダード（内国株式）,2025-03-31,広島県,24500686848,0.69791365,,9.690099,7.062285446798509,0.3722,0.038709678,241.69,,211.31999136142454,70579000000.0,434000000.0,0.042919997,2600000000.0,0.0395,0.07045,0.5183498267842601,31924000000.0,22664000000.0,47715000000.0,15743000000.0,20151000000.0,528000000.0,16160600000.0,0.6595978349610715
ワールド,3612,繊維製品,プライム（内国株式）,2025-02-28,兵庫県,110808752128,1.2170131,8.739544,8.6133375,7.587810122999473,0.2615,0.030413223,351.78,346.7,167.55068363979254,225658000000.0,17098000000.0,0.03924,11105000000.0,0.04783,,0.29667737695341023,187375000000.0,103331000000.0,90126000000.0,131921000000.0,21748000000.0,17355000000.0,-85100500000.0,-0.7679943900252276
ネットイヤーグループ,3622,情報・通信業,グロース（内国株式）,2025-03-31,東京都,4087350016,2.028461,,26.318161,34.891371001794035,0.2701,0.0056818184,22.19,,15.160696264991849,3377900000.0,82628000.0,0.2017,-33753000.0,0.035639998,0.10378,0.8424335232244584,494102000.0,488634000.0,3049760000.0,,2188318000.0,,2555658000.0,0.6252603740799868
ビリングシステム,3623,情報・通信業,グロース（内国株式）,2024-12-31,東京都,6478061568,2.1600718,24.465559,16.921309,19.346315499360134,0.3695,0.021887159,60.87,42.1,47.70934289945429,4218230000.0,626111000.0,0.1412,406905000.0,0.08788,0.13831,0.10913320283014706,22995564000.0,22937659000.0,25559281000.0,,23803699000.0,4000000.0,2566517000.0,0.39618595363124526
アクセルマーク,3624,情報・通信業,グロース（内国株式）,2024-09-30,東京都,1774005632,2.157881,,,-25.612411849132503,0.0,0.0,-53.33,,-10.424633243161102,1584443000.0,-305452000.0,-0.85514,-388567000.0,-0.78417,,0.5049548512355508,457943000.0,99801000.0,674502000.0,356646000.0,510929000.0,37540000.0,242837000.0,0.1368862621513932
テックファームホールディングス,3625,情報・通信業,グロース（内国株式）,2024-06-30,東京都,4797280768,1.751472,,9.568905,-84.89230247941252,0.11310001,0.012066365,70.75,,-6.873593726538589,5072509000.0,239257000.0,0.0766,155914000.0,0.06933,0.1879,0.5597927861335944,1789603000.0,1258306000.0,3620683000.0,1114722000.0,2338579000.0,128161000.0,1920792700.0,0.40039197055393194
ＴＩＳ,3626,情報・通信業,プライム（内国株式）,2025-03-31,東京都,1164598181888,3.4899023,24.79462,22.57359,15.511506280975818,0.3236,0.014151845,228.63,208.15,203.27524403458614,571687000000.0,69048000000.0,0.12955,50012000000.0,0.09048,0.16129999,0.6152627627224035,201988000000.0,153210000000.0,319080000000.0,41072000000.0,84013000000.0,57041000000.0,157020700000.0,0.13482822010373083
テクミラホールディングス,3627,情報・通信業,スタンダード（内国株式）,2025-02-28,東京都,3259858176,0.5534299,6.898263,,75.94039419478676,0.5176,0.017793594,-23.63,40.3,6.169999781332944,11165530000.0,91386000.0,-0.030569999,-140530000.0,-0.026700001,-0.04421,0.5792381569232847,4448667000.0,3088845000.0,6029885000.0,2753639000.0,2957158000.0,799594000.0,2140933800.0,0.6567567312474394
データホライゾン,3628,情報・通信業,グロース（内国株式）,2024-06-30,広島県,6497887744,43.032444,,,-54.472491242530396,0.0,0.0,-257.95,,-53.32967032967033,5007033000.0,-789850000.0,-0.22283001,-807185000.0,-0.67346,,0.47921335282234,3443862000.0,1405504000.0,2323200000.0,2460000000.0,1424737000.0,,-1120662000.0,-0.17246558330201894
グリーホールディングス,3632,情報・通信業,プライム（内国株式）,2025-06-30,東京都,70595698688,0.76899093,14.688058,59.88372,19.31761788204224,0.6522,0.010895884,6.88,28.05,26.970000026218404,57111000000.0,4861000000.0,0.08367,1194000000.0,0.06878,0.04204,0.7037630646289984,39251000000.0,21602000000.0,117419000000.0,25700000000.0,48851000000.0,9933000000.0,85121100000.0,1.2057547638446853
ＧＭＯペパボ,3633,情報・通信業,スタンダード（内国株式）,2024-12-31,東京都,11895761920,4.4124713,21.521942,18.248753,-9.272490288447365,0.45130002,0.024804177,126.31,107.1,-119.1551783830452,10922830000.0,829146000.0,0.07048,591632000.0,0.07211,0.31781998,0.20922690571900923,9029732000.0,8169883000.0,9252820000.0,1190062000.0,2817059000.0,664520000.0,688252000.0,0.0578569077482008
ソケッツ,3634,情報・通信業,スタンダード（内国株式）,2025-03-31,,1694826112,2.0967414,,,-25.915946681748952,0.4292,0.0,-19.21,,-40.878481269669386,1039861000.0,-76664000.0,0.0,-139132000.0,-0.17625,-0.337,0.6778286741096415,262482000.0,142681000.0,696749000.0,,464965000.0,12290000.0,442870000.0,0.2613070431617235
コーエーテクモホールディングス,3635,情報・通信業,プライム（内国株式）,2025-03-31,,712607399936,2.8650525,22.516624,19.53118,15.663076434294354,0.5498,0.02819549,109.21,94.73,99.73000003122465,83150000000.0,32120000000.0,0.26658002,37628000000.0,0.44329,0.1671,0.9027393865451703,20408000000.0,18914000000.0,61484000000.0,0.0,24034000000.0,99409000000.0,110662300000.0,0.1552921005450388
三菱総合研究所,3636,情報・通信業,プライム（内国株式）,2024-09-30,東京都,78434377728,1.0905298,12.851613,12.285073,11.73878104713844,0.4069,0.033033032,405.37,387.5,392.25106064387325,115362000000.0,7061000000.0,0.04619,5003000000.0,0.05258,0.09162,0.5648448200982193,43360000000.0,31128000000.0,74282000000.0,1111000000.0,30927000000.0,18130000000.0,43613000000.0,0.556044444583268
ボルテージ,3639,情報・通信業,スタンダード（内国株式）,2024-06-30,東京都,1777545984,0.80177915,,133.65854,-57.57151233590438,0.0,0.0,2.05,,-6.096765322961638,3456700000.0,-94355000.0,-0.10135,5269000.0,0.01117,0.01391,0.7668820458649803,661178000.0,535336000.0,2201702000.0,105681000.0,1294356000.0,245040000.0,1712052000.0,0.963154829979352
電算,3640,情報・通信業,スタンダード（内国株式）,2025-03-31,長野県,18563629056,1.4221734,,6.963817,8.59108649251735,0.077,0.006051437,480.34,,169.05000822101397,18740930000.0,2517578000.0,0.25232,1842221000.0,0.12593001,0.23004,0.5922211395083433,8752384000.0,6387717000.0,11723720000.0,3847152000.0,2551172000.0,581190000.0,3378169000.0,0.18197783363421244
パピレス,3641,情報・通信業,スタンダード（内国株式）,2025-03-31,東京都,8407958528,0.9358815,,81.270905,41.61581581361832,0.8375,0.010288066,11.96,,21.872795081141014,15768000000.0,-309000000.0,0.00829,-164000000.0,0.00737,0.00426,0.6987119070059692,3705000000.0,3704000000.0,11869000000.0,0.0,10081000000.0,66000000.0,8210200000.0,0.9764796023503888
メディカルネット,3645,情報・通信業,グロース（内国株式）,2025-05-31,東京都,2628292864,1.4929963,,,569.0061703401793,4.5455,0.009966778,-7.65,,0.6599999911394531,6077796000.0,98784000.0,0.01602,-68147000.0,-0.00191,0.01314,0.42049356175844793,2311672000.0,1931441000.0,2958057000.0,1252035000.0,1456383000.0,55732000.0,685397400.0,0.2607766468447863
駅探,3646,情報・通信業,グロース（内国株式）,2025-03-31,東京都,1553125760,1.0361096,,,-2.4939978778027134,1.1523,0.04255319,-2.9,,-152.01780380509052,3499578000.0,116880000.0,-0.035469998,57923000.0,-0.00409,-0.00841,0.6702787792988075,811437000.0,542781000.0,1833862000.0,282796000.0,1260898000.0,29506000.0,1043079200.0,0.6715999611003812
ジー・スリーホールディングス,3647,情報・通信業,スタンダード（内国株式）,2024-08-31,東京都,2666183680,3.4691877,,,-5.659322366574401,0.0,0.0,-41.24,,-28.97873444506918,259129000.0,-666817000.0,-2.17949,-742621000.0,-0.5198,-0.378,0.6490022621924953,534424000.0,108919000.0,1402129000.0,53278000.0,334453000.0,,867705000.0,0.32544832019975456
ＡＧＳ,3648,情報・通信業,スタンダード（内国株式）,2025-03-31,埼玉県,23508504576,1.518735,,11.933073,14.884032783030486,0.2719,0.023104694,117.74,,54.01620754442833,24862456000.0,1849964000.0,0.112799995,1379546000.0,0.072270006,0.13409,0.6795117924055,6915059000.0,5341361000.0,12499846000.0,1654592000.0,5686191000.0,2100214000.0,7054936800.0,0.30010147081845584
ファインデックス,3649,情報・通信業,プライム（内国株式）,2024-12-31,東京都,23452628992,4.438817,16.267122,21.186441,23.731917591387067,0.3568,0.016684046,44.84,58.4,41.31254971770369,5841379000.0,1525419000.0,0.19246,1162365000.0,0.20056999,0.22638,0.838180381122194,1076913000.0,774270000.0,3582463000.0,,1734390000.0,2315050000.0,4126085000.0,0.17593272811365676
ディジタルメディアプロフェッショナル,3652,情報・通信業,グロース（内国株式）,2025-03-31,東京都,6966529536,2.1136324,26.966156,,34.74943882294698,0.0,0.0,-88.38,82.14,105.32544190564307,3077721000.0,265555000.0,-0.116000004,157122000.0,-0.11334,-0.08064,0.8824790564427768,480946000.0,461851000.0,3297832000.0,,2529833000.0,536318000.0,3192308600.0,0.45823513465399596
モルフォ,3653,情報・通信業,グロース（内国株式）,2024-10-31,東京都,4748683776,1.3691452,,,-20.734898018875153,0.0,0.0,-1.18,,-58.40395254886793,3300850000.0,257074000.0,0.02244,301484000.0,-0.02104,-0.020299999,0.8541298387355973,621772000.0,608742000.0,3689842000.0,,2935878000.0,316231000.0,3289431700.0,0.6927038849427906
ブレインパッド,3655,情報・通信業,プライム（内国株式）,2025-06-30,東京都,56399900672,10.017697,57.815845,54.347824,25.016847491783107,0.16059999,0.0029640608,49.68,46.7,42.24924797224031,11772254000.0,1575750000.0,0.038110003,1063952000.0,0.06796,0.14116,0.7668429850947953,1753057000.0,1556672000.0,5251542000.0,,3395540000.0,746704000.0,4021177800.0,0.07129760428809288
ＫＬａｂ,3656,情報・通信業,プライム（内国株式）,2024-12-31,東京都,14937670656,2.0900214,6.5789475,,-6.379947695202568,0.0,0.0,-121.4,38.0,-44.98469481431815,8306355000.0,-1342144000.0,-0.119820006,-2782986000.0,-0.69614,-0.53773,0.6570818630063113,5412684000.0,4685399000.0,4400462000.0,2220632000.0,1605179000.0,2031273000.0,409669100.0,0.0274252331192915
ポールトゥウィンホールディングス,3657,情報・通信業,プライム（内国株式）,2025-01-31,東京都,11951763456,1.0499666,19.882353,,-8.909403255611817,2.0718,0.04719764,-25.45,17.0,-53.272161482460554,52225791000.0,786509000.0,-0.01543,-692472000.0,-0.01711,-0.07361,0.43732466910177065,15995712000.0,15390999000.0,19707539000.0,7095743000.0,7012693000.0,627107000.0,4150801900.0,0.34729618899177783
ネクソン,3659,情報・通信業,プライム（内国株式）,2024-12-31,東京都,3028568244224,2.8778753,22.713142,30.674204,31.776393208737527,0.24200001,0.007961784,123.85,167.26,82.34836060623863,446211000000.0,124176000000.0,0.31611001,134848000000.0,0.26256,0.10845,0.8108183591123602,226246000000.0,107662000000.0,752273000000.0,39998000000.0,331931000000.0,268310000000.0,713844000000.0,0.23570345537414358
伊澤タオル,365A,繊維製品,スタンダード（内国株式）,2025-02-28,,6019999744,1.5506393,,10.406223,,,0.0,,,,9825360000.0,638137000.0,,578533000.0,,,0.4632739607612151,4497805000.0,1432805000.0,4194779000.0,3295000000.0,1676593000.0,,-303026000.0,-0.05033654699105582
アイスタイル,3660,情報・通信業,プライム（内国株式）,2025-06-30,東京都,45667340288,2.1851041,18.031496,23.201622,31.44282625011023,0.0507,0.0021834061,19.74,25.4,15.649999996777183,68768000000.0,3164000000.0,0.05628,2327000000.0,0.03287,0.14154,0.4871535504754198,17594000000.0,12692000000.0,21041000000.0,8739000000.0,7224000000.0,3511000000.0,5904700000.0,0.12929809274554088
エムアップホールディングス,3661,情報・通信業,プライム（内国株式）,2025-03-31,東京都,61536694272,7.3570256,29.110739,24.450396,28.527108555511575,0.2539,0.010250569,70.96,59.6,40.51000039005578,25782000000.0,4066000000.0,0.17091,1664000000.0,0.088360004,0.33433998,0.31369846353427655,15883000000.0,15707000000.0,19743000000.0,,12327000000.0,1977000000.0,5243900000.0,0.0852158222348002
エイチームホールディングス,3662,情報・通信業,プライム（内国株式）,2024-07-31,愛知県,21760661504,2.4029,29.154228,23.421263,85.04108972153756,0.4396,0.019264448,50.04,40.2,7.708434034860126,23917000000.0,20370000000.0,-0.01328,953000000.0,0.043319996,0.108430006,0.6268228689974983,6116000000.0,3045000000.0,11562000000.0,2535000000.0,8050000000.0,2356000000.0,7095200000.0,0.32605626436015167
セルシス,3663,情報・通信業,プライム（内国株式）,2024-12-31,東京都,51021983744,9.771173,,38.908165,38.14313459503498,0.5553,0.014117647,43.23,,18.46560347001052,8204959000.0,2146237000.0,0.31219998,1399893000.0,0.16766001,0.27963,0.6427021077488919,3012475000.0,2488803000.0,6360784000.0,,5390973000.0,663486000.0,3812749200.0,0.0747275766291303
モブキャストホールディングス,3664,情報・通信業,グロース（内国株式）,2024-12-31,,2504811008,6.75567,,,-6.447282916401872,0.0,0.0,-8.64,,-8.530725378915843,3071142000.0,-157615000.0,-0.15506,-169027000.0,-0.14748,-1.00759,0.1406227820004904,1868456000.0,795620000.0,1167366000.0,1335278000.0,342224000.0,17159000.0,-689078700.0,-0.27510207269098685
エニグモ,3665,情報・通信業,プライム（内国株式）,2025-01-31,東京都,16583146496,1.4367667,50.361446,65.826775,15.889124236673418,1.5723,0.024509804,6.35,8.3,21.120000266026377,5928834000.0,739676000.0,-0.02945,398503000.0,0.04042,,0.7914860164551388,3004454000.0,2571557000.0,10333989000.0,209707000.0,9287543000.0,3551874000.0,9815846800.0,0.5919170286753281
ｅｎｉｓｈ,3667,情報・通信業,スタンダード（内国株式）,2024-12-31,東京都,2482173440,3.4707568,,,-2.27146694746831,0.0,0.0,-29.64,,-76.60247937744978,3317109000.0,-815690000.0,-0.54825,-882217000.0,-0.41085997,-1.19127,0.5051479645818674,871332000.0,867701000.0,1488477000.0,302345000.0,809755000.0,40659000.0,645606300.0,0.2600971751595247
コロプラ,3668,情報・通信業,プライム（内国株式）,2024-09-30,東京都,57674887168,0.83666885,,,40.13023408890305,16.2602,0.04464286,-2.38,0.0,13.6041185604075,25975000000.0,-1208000000.0,0.056810003,-1866000000.0,-0.0117999995,-0.0044,0.8944051124616252,8420000000.0,6567000000.0,67267000000.0,999000000.0,50250000000.0,7588000000.0,64158600000.0,1.1124183011076159
ウェルネス・コミュニケーションズ,366A,サービス業,グロース（内国株式）,2025-03-31,東京都,16195139584,2.9684906,,17.76199,,0.0,0.0,146.38,,,14057605000.0,1109210000.0,0.097449996,776205000.0,0.05738,,0.6671346504284792,1725080000.0,1668663000.0,3954256000.0,213000.0,2786458000.0,,2229176000.0,0.13764475375083005
協立情報通信,3670,情報・通信業,スタンダード（内国株式）,2025-03-31,東京都,2358476032,1.2867036,,8.264428,7.88317983899069,0.2308,0.028118609,238.25,,215.53213905859448,4476026000.0,298730000.0,0.01354,171821000.0,0.021389998,,0.6627223911921222,1078660000.0,771556000.0,2314084000.0,5628000.0,1333229000.0,11650000.0,1243579000.0,0.527280745331738
ソフトマックス,3671,情報・通信業,グロース（内国株式）,2024-12-31,東京都,8224816640,5.4848127,,12.704309,9.604386779573382,0.2785,0.0,26.92,,18.88271549641065,5428986000.0,662532000.0,0.08758,480154000.0,0.093660004,0.19455999,0.46681200315939664,4017900000.0,3374234000.0,5640442000.0,1413830000.0,3453136000.0,45848000.0,1654635600.0,0.2011759863378547
オルトプラス,3672,情報・通信業,スタンダード（内国株式）,2024-09-30,,4520760320,2.5290844,,,-9.081542258276194,0.0,0.0,-20.3,,-23.233939126111693,3516498000.0,-452772000.0,-0.14194,-452268000.0,-0.14981,-0.48546,0.5022654254880963,763769000.0,759562000.0,1422242000.0,,766132000.0,4863000.0,661877100.0,0.1464083590257667
ブロードリーフ,3673,情報・通信業,プライム（内国株式）,2024-12-31,東京都,67569041408,2.8332787,71.42857,89.28572,-33.8418224880023,0.5338,0.006122449,8.4,10.5,-16.76441746429409,18045315000.0,674088000.0,0.13311,343298000.0,0.05192,0.044260003,0.5800678338949394,16751118000.0,13680607000.0,8210771000.0,6134849000.0,4305936000.0,987931000.0,-7848795300.0,-0.11615963666861674
オークファン,3674,情報・通信業,グロース（内国株式）,2024-09-30,東京都,3566859776,0.81360716,,45.26035,302.6347575544624,0.0,0.0,7.49,,1.615809115752341,4840369000.0,356357000.0,-0.05919,187448000.0,-0.01135,-0.01388,0.5730217868814912,3284734000.0,3181146000.0,6805834000.0,1657796000.0,4497678000.0,,3521100000.0,0.9871708508677859
クロス・マーケティンググループ,3675,情報・通信業,プライム（内国株式）,2025-06-30,東京都,12495702016,3.15979,,9.009513,9.574078229609727,0.19590001,0.004897314,71.48,,61.68999915867237,28896589000.0,2522950000.0,0.03042,1356038000.0,0.051149998,0.23274,0.4861645463813951,8434312000.0,5417147000.0,12870147000.0,4249195000.0,7634108000.0,370854000.0,4695432800.0,0.37576382615300674
デジタルハーツホールディングス,3676,情報・通信業,プライム（内国株式）,2025-03-31,東京都,21183862784,2.2993457,8.140532,22.727274,115.80456692663589,0.5262,0.011087645,41.8,116.7,7.9400001714311585,39748901000.0,2430068000.0,0.07512,629464000.0,0.0239,0.10272,0.44882570932891014,10688796000.0,10473095000.0,14069461000.0,5200000000.0,7593742000.0,1340609000.0,4319091300.0,0.20388591750425114
メディアドゥ,3678,情報・通信業,プライム（内国株式）,2025-02-28,東京都,27687911424,1.5104414,17.142857,12.73921,-58.10755367910584,0.19559999,0.015317286,143.18,106.4,-21.79999928927902,101914000000.0,2475000000.0,0.02678,1363000000.0,0.0207,0.12482,0.3310571858540256,35453000000.0,32220000000.0,39960000000.0,3865000000.0,13591000000.0,5669000000.0,8475300000.0,0.3061010948140196
じげん,3679,情報・通信業,プライム（内国株式）,2025-03-31,東京都,49493880832,2.3992417,9.802372,12.547433,16.074238913463134,0.1898,0.015120967,39.53,50.6,36.44999984220987,25450000000.0,5657000000.0,0.2045,3872000000.0,0.14721,0.20509,0.5317648311287361,17622000000.0,15426000000.0,19952000000.0,4661000000.0,14295000000.0,1225000000.0,3187500000.0,0.06440190072828436
プリモグローバルホールディングス,367A,小売業,スタンダード（内国株式）,2024-08-31,東京都,16540847104,0.91628873,,13.123742,,0.0,0.11272141,144.09,,,24900000000.0,2247000000.0,0.090229996,1150000000.0,0.063779995,0.10583,0.3458759252731759,29692000000.0,9437000000.0,11407000000.0,20661000000.0,3199000000.0,1556000000.0,-17195800000.0,-1.0395960915352163
ホットリンク,3680,情報・通信業,グロース（内国株式）,2024-12-31,東京都,4250793472,0.7868917,,,20.744205186248184,0.0,0.011111111,-64.55,,14.46090941196186,4268060000.0,-705700000.0,-0.11524,-564626000.0,-0.27287,-0.16657,0.7439719216903088,2015303000.0,845718000.0,3906485000.0,978254000.0,3301684000.0,1628983000.0,3031470100.0,0.713153937016303
ブイキューブ,3681,情報・通信業,プライム（内国株式）,2024-12-31,東京都,3364065536,4.3696012,4.8507466,,-1.3682665485010892,0.0,0.0,-71.73,26.8,-231.68000441673274,10463846000.0,-236769000.0,-0.17451,-1417278000.0,-0.17452998,-2.46865,-0.011621447923357313,10457389000.0,6756970000.0,3545172000.0,7885309000.0,1006735000.0,465197000.0,-6586579100.0,-1.9579223500597107
エンカレッジ・テクノロジ,3682,情報・通信業,スタンダード（内国株式）,2025-03-31,東京都,4290693888,1.3971602,,17.330463,18.490753767732933,0.6733,0.027777778,37.16,,32.859595746060876,2501582000.0,297990000.0,0.072230004,220239000.0,0.01831,0.0100300005,0.7539369647824663,1146544000.0,1114575000.0,4064105000.0,,3706709000.0,41778000.0,2946805600.0,0.6867899871024311
サイバーリンクス,3683,情報・通信業,スタンダード（内国株式）,2024-12-31,和歌山県,15251414016,1.7474132,,13.459095,18.306265492569757,0.16620001,0.012363636,102.31,,39.499999245505634,15870000000.0,1256000000.0,0.08068,814000000.0,0.07215,0.15329,0.6005460851597668,5413000000.0,3504000000.0,6665000000.0,2832000000.0,1526000000.0,14000000.0,1261800000.0,0.08273331237852877
ディー・エル・イー,3686,情報・通信業,スタンダード（内国株式）,2025-03-31,東京都,4953122304,3.3833916,7.755102,,-12.932846730910521,0.0,0.0,-10.43,14.7,-13.222146953253265,1978904000.0,-489249000.0,-0.29668,-728502000.0,-0.24916,-0.25326002,0.6877908055275098,770197000.0,458856000.0,1133310000.0,25000000.0,587872000.0,1329253000.0,1293590100.0,0.26116659767422534
フィックスターズ,3687,情報・通信業,プライム（内国株式）,2024-09-30,東京都,52926939136,6.4173007,21.507208,27.173374,37.87310034870949,0.2983,0.010928961,60.39,76.3,46.389999479633744,,,0.19343,,0.20226999,0.26023,0.7705915047399282,1786562000.0,1754149000.0,7772812000.0,547148000.0,4856480000.0,83592000.0,6044764400.0,0.1142095972046956
ＣＡＲＴＡ　ＨＯＬＤＩＮＧＳ,3688,情報・通信業,プライム（内国株式）,2024-12-31,東京都,52903051264,2.145038,35.261383,33.90078,-13.402097294473629,0.4696,0.013875598,61.68,59.3,-93.80999889773251,24275000000.0,2140000000.0,0.12695,1688000000.0,0.08104999,0.09854,0.5003309614429919,23854000000.0,23503000000.0,37760000000.0,,14349000000.0,5596000000.0,17823200000.0,0.3369030627563917
北里コーポレーション,368A,精密機器,プライム（内国株式）,2025-03-31,静岡県,62640001024,3.4017594,,16.102827,,0.0,0.0,97.25,,,10302000000.0,5783000000.0,0.55954,3788000000.0,0.36325002,,0.9240935790966174,1499000000.0,1419000000.0,14835000000.0,,11460000000.0,,13336000000.0,0.21289910252221136
イルグルム,3690,情報・通信業,スタンダード（内国株式）,2024-09-30,大阪府,3701925376,2.2324684,7.59542,86.14719,17.792397804821018,1.1238999,0.013458262,6.93,78.6,31.39347786112801,3636133000.0,164441000.0,0.09014,68767000.0,-0.02878,-0.09292,0.5325693740236054,1589462000.0,1122842000.0,2240174000.0,844331000.0,1407096000.0,56828000.0,690491600.0,0.18652229039421891
デジタルプラス,3691,情報・通信業,グロース（内国株式）,2024-09-30,東京都,6373742592,7.5489807,562.6923,,-8.710521453479558,0.0,0.0,-7.9,2.6,-77.14807931866798,838500000.0,-2199000.0,0.13571,21171000.0,-0.0761,-0.093260005,0.3083681184363186,1518681000.0,1396373000.0,1597243000.0,781735000.0,801217000.0,130617000.0,169993900.0,0.026670970398674047
ＦＦＲＩセキュリティ,3692,情報・通信業,グロース（内国株式）,2025-03-31,東京都,70395215872,22.569815,171.15384,60.606056,35.71841660215272,0.0953,0.0015486726,146.85,52.0,54.6381343893826,3039446000.0,817003000.0,0.30538,687022000.0,0.30385,0.44766,0.6469700452838645,1521844000.0,1497382000.0,3234030000.0,10327000.0,2162980000.0,372284000.0,1972784800.0,0.028024415801027235
オプティム,3694,情報・通信業,プライム（内国株式）,2025-03-31,東京都,28816588800,3.2287538,23.039646,21.64735,48.79318516659325,0.0,0.0,24.16,22.7,21.129999947326347,10580636000.0,1954347000.0,0.22579001,1178350000.0,0.12081,0.15898,0.7595955065375899,2574787000.0,2434689000.0,5476085000.0,0.0,1734795000.0,647188000.0,3354329600.0,0.11640272980540986
ＧＭＯプロダクトプラットフォーム,3695,情報・通信業,グロース（内国株式）,2024-12-31,東京都,8788635648,3.7655122,13.2273035,31.153425,14.482659596264744,1.7913,0.057134327,64.07,150.9,188.12002404496556,5025786000.0,235123000.0,0.10303,183147000.0,0.03501,0.106929995,0.7007846446235422,883409000.0,874333000.0,2373228000.0,5500000.0,688490000.0,141696000.0,1589006200.0,0.18080237520844372
セレス,3696,情報・通信業,プライム（内国株式）,2024-12-31,東京都,24938795008,1.8898368,35.08117,10.548667,30.75463184908051,0.19520001,0.018281536,204.86,61.6,39.565011833599776,27706531000.0,2228083000.0,0.07514,1480868000.0,0.10167,0.25609,0.3380722834569737,20254907000.0,16852024000.0,23850185000.0,9515205000.0,11574595000.0,1143278000.0,4395572600.0,0.17625440999013645
ＳＨＩＦＴ,3697,情報・通信業,プライム（内国株式）,2025-08-31,東京都,255070666752,6.2159142,1.3188847,28.569744,45.85265331577921,0.0,0.0,33.91,734.56,19.409999981260093,129819000000.0,15629000000.0,0.10416,8935000000.0,0.06883,0.23833999,0.5329151569460137,35966000000.0,25028000000.0,43123000000.0,12036000000.0,23726000000.0,9583000000.0,13865100000.0,0.05435787727595017
ＣＲＩ・ミドルウェア,3698,情報・通信業,グロース（内国株式）,2024-09-30,東京都,6170929152,1.5224447,15.417755,14.576649,22.655644362245837,0.2467,0.02179599,81.02,76.6,43.77712389624553,3167285000.0,368359000.0,0.10394,304468000.0,0.12181,0.10888,0.6976222902130518,1592139000.0,391021000.0,4484379000.0,1000000000.0,3626399000.0,139075000.0,2989592500.0,0.4844639156213732
エータイ,369A,サービス業,グロース（内国株式）,2024-08-31,東京都,13873200128,,,46.72897,,0.0,0.0,70.62,,,2376316000.0,506141000.0,0.0,297366000.0,0.0,,0.7751410468053532,735810000.0,599240000.0,2007647000.0,18377000.0,1970955000.0,,1271837000.0,0.09167582016157015
特種東海製紙,3708,パルプ・紙,プライム（内国株式）,2025-03-31,,53457776640,0.6590451,3.819721,14.064363,9.812179166630496,0.3821,0.0131233595,109.07,401.6,128.84333492586316,94800000000.0,3928000000.0,0.04377,3607000000.0,0.03971,0.04737,0.5642875584497548,53604000000.0,34783000000.0,54397000000.0,29171000000.0,11381000000.0,14006000000.0,10597200000.0,0.1982349559983496
ジョルダン,3710,情報・通信業,スタンダード（内国株式）,2024-09-30,東京都,2943113216,0.6423208,,64.54139,-17.873428459952205,0.6704,0.0,8.94,,-38.403333333333336,2928239000.0,-189673000.0,0.03652,-118539000.0,0.0921,0.058080003,0.8315631234715006,873669000.0,849642000.0,3776704000.0,10012000.0,2977251000.0,402261000.0,3184617700.0,1.0820574902409734
情報企画,3712,情報・通信業,スタンダード（内国株式）,2024-09-30,東京都,18875631616,2.7155254,,17.513332,13.272634175011795,0.32279998,0.018914474,356.3,,334.85005512496923,,,0.42683998,,0.28024998,0.16372,0.8252755526842479,1314130000.0,1167146000.0,3682394000.0,,2718910000.0,5586000.0,2372174200.0,0.12567389787312958
ＡＩストーム,3719,情報・通信業,スタンダード（内国株式）,2024-12-31,東京都,10326533120,10.640897,,42.015007,-49.59933827510453,0.0,0.0,9.33,,-2.9839107767751383,1422760000.0,131971000.0,-0.5567,147528000.0,-0.26869,,0.5054348547273797,1155366000.0,883877000.0,2157525000.0,408366000.0,255682000.0,23701000.0,1018749700.0,0.09865360311748073
日本ファルコム,3723,情報・通信業,グロース（内国株式）,2024-09-30,東京都,15429794816,1.418575,,28.568708,14.490286386227112,0.1906,0.0,52.54,,88.65427640638028,2524519000.0,1240151000.0,0.71565,852213000.0,0.34570998,0.085769996,0.9510514906835373,523898000.0,523898000.0,10548026000.0,,9543028000.0,,10024128000.0,0.6496604860620332
フォーシーズＨＤ,3726,小売業,スタンダード（内国株式）,2024-09-30,福岡県,6091803648,3.6724746,,,-15.584651387992254,0.0,0.0,-27.85,,-35.29113268608414,2257804000.0,-126175000.0,-0.09340999,-273032000.0,-0.09993,-0.17226,0.511604160144822,1120172000.0,911329000.0,1949157000.0,544512000.0,836658000.0,,828985000.0,0.1360820288868247
アプリックス,3727,情報・通信業,グロース（内国株式）,2024-12-31,東京都,3850890496,1.4686847,,25.99119,11.946862927683975,0.3671,0.014285714,6.81,,15.111455279606172,3707278000.0,218351000.0,0.059159998,157083000.0,0.044109996,0.05248,0.6677030278371191,1291210000.0,683329000.0,1896155000.0,550654000.0,1323558000.0,141921000.0,704289700.0,0.1828900875606721
レント,372A,サービス業,スタンダード（内国株式）,2025-05-31,静岡県,20914040832,1.2231617,,8.368139,,0.0,0.03214286,675.18,,,49088449000.0,3906779000.0,0.08889,2498909000.0,0.04817,,0.25956787087688743,42674792000.0,20965744000.0,16076493000.0,29309720000.0,6191921000.0,698025000.0,-26109681500.0,-1.2484283505868599
ソフトウェア・サービス,3733,情報・通信業,スタンダード（内国株式）,2024-10-31,大阪府,75752038400,1.9001575,13.050144,16.103004,9.101312806380422,0.1559,0.009688581,898.59,1108.8,930.1969783897495,38425000000.0,7275000000.0,0.18363,5328000000.0,0.13637,0.13768,0.8114850867618559,8463000000.0,8396000000.0,25126000000.0,,15260000000.0,393000000.0,16938100000.0,0.22359926356780388
リップス,373A,化学,グロース（内国株式）,2024-08-31,東京都,4526249984,,,10.683761,,0.0,0.0,166.14,,,3760918000.0,720971000.0,0.0,423712000.0,0.0,,0.8679793302974567,429447000.0,402947000.0,3058625000.0,,1864803000.0,,2629178000.0,0.5808733519566912
セック,3741,情報・通信業,プライム（内国株式）,2025-03-31,東京都,28178528256,2.9850132,24.263737,20.08003,21.783922471039954,0.3823,0.0,137.45,113.75,108.45154278990671,10295370000.0,1793257000.0,0.17751,1344002000.0,0.12602,0.15574001,0.7923454597874654,2445235000.0,2281715000.0,9326219000.0,36000000.0,2231686000.0,1179059000.0,7706325300.0,0.2734821786996312
サイオス,3744,情報・通信業,スタンダード（内国株式）,2024-12-31,東京都,4689962496,2.676919,,10.482465,-158.4032780720339,0.0,0.0,51.61,,-2.1779852298455036,20561583000.0,35092000.0,0.028399998,351703000.0,0.03241,0.41499,0.19014807082465504,6547912000.0,6183013000.0,7175721000.0,102303000.0,3677914000.0,427662000.0,927172400.0,0.19769292415254316
インタートレード,3747,情報・通信業,スタンダード（内国株式）,2024-09-30,東京都,5338878464,4.9617686,,,76.12113798940644,0.0,0.0,-21.99,,5.0971387218882205,1849078000.0,80242000.0,0.00903,-97904000.0,-0.07898,-0.13518,0.7419734260041192,413138000.0,272264000.0,1423324000.0,279026000.0,1024922000.0,44988000.0,1041677600.0,0.19511169003453083
ＡＤＲ１２０Ｓ,3750,情報・通信業,スタンダード（内国株式）,2025-03-31,東京都,7330051584,15.020674,,,64.20233303173971,0.0,0.0,-205.99,,15.420000383951368,122204000.0,-806885000.0,-22.0,-2140086000.0,0.0,-1.21166,0.17823875675883483,2907056000.0,491751000.0,517163000.0,2648236000.0,255980000.0,,-2389893000.0,-0.3260404067573885
フライトソリューションズ,3753,情報・通信業,スタンダード（内国株式）,2025-03-31,東京都,2194931456,3.715377,,,-36.1699115466299,0.0,0.0,-29.49,,-8.515365032146384,3063284000.0,-298933000.0,-0.09238,-382695000.0,-0.03273,-0.20548001,0.33376342006381093,1005866000.0,641496000.0,911857000.0,665292000.0,453606000.0,,-94009000.0,-0.04283003906250456
アエリア,3758,情報・通信業,スタンダード（内国株式）,2024-12-31,東京都,6351444480,0.7484938,,,13.66129125680542,0.2315,0.016447369,-8.35,,21.592396021816956,19155000000.0,-43000000.0,0.02399,-739000000.0,-0.010829999,-0.01787,0.41415387652371316,11684000000.0,6802000000.0,16020000000.0,7446000000.0,8249000000.0,923000000.0,4982100000.0,0.7844042431116394
ケイブ,3760,情報・通信業,スタンダード（内国株式）,2025-05-31,東京都,5141700608,0.7892154,,19.571247,7.114495028590255,0.2521,0.012771392,39.65,,224.37999259002834,13969156000.0,1133685000.0,-0.22459,246488000.0,-0.03002,-0.20194,0.4696080407168472,6981735000.0,2914309000.0,8479365000.0,1245506000.0,6199851000.0,1329289000.0,2428132300.0,0.47224303496435704
テクマトリックス,3762,情報・通信業,プライム（内国株式）,2025-03-31,東京都,87339900928,3.409319,17.52519,19.645761,20.11110140411574,0.38880002,0.010142923,110.66,124.05,88.03050948603824,64882255000.0,6668299000.0,0.10854,4060857000.0,0.0661,0.16490999,0.22957991352975968,75444760000.0,67449528000.0,85446693000.0,5602793000.0,27325233000.0,3716107000.0,12603207900.0,0.14430068921637146
プロシップ,3763,情報・通信業,プライム（内国株式）,2025-03-31,東京都,41118707712,0.012444962,,16.556887,12.618550495123564,0.3142,0.018783541,100.2,,54.76500109166128,7564803000.0,2309488000.0,0.40494,1930537000.0,0.29969,0.29751,0.7815806326776727,2485629000.0,2044550000.0,9740621000.0,,6460655000.0,584581000.0,7664198700.0,0.18639201294167365
ガンホー・オンライン・エンターテイメント,3765,情報・通信業,プライム（内国株式）,2024-12-31,東京都,134484230144,1.0931704,11.613176,26.808926,8.456965338122732,0.65029997,0.024390243,92.32,213.12,270.19999847742224,103600000000.0,17492000000.0,0.03686,11171000000.0,0.04341,0.051620003,0.7339055304791866,21929000000.0,19453000000.0,120875000000.0,,99598000000.0,,98946000000.0,0.7357442571077131
システムズ・デザイン,3766,情報・通信業,スタンダード（内国株式）,2025-03-31,東京都,4351732736,0.94561774,,12.453531,8.55681299916768,0.4405,0.035377357,102.22,,100.26656891495601,9609075000.0,454455000.0,0.04638,297649000.0,0.03506,0.07735,0.7219614732285132,1778008000.0,1214498000.0,4829071000.0,19380000.0,2939886000.0,695603000.0,3537985100.0,0.8130060632473547
リスクモンスター,3768,情報・通信業,スタンダード（内国株式）,2025-03-31,,3974327296,0.65403944,,3.0487092,22.657961689481116,0.0876,0.028846154,171.22,,21.47503972818966,3728251000.0,263992000.0,0.1129,-49599000.0,0.3367,0.2297,0.8246527442192204,1157090000.0,859188000.0,2567213000.0,365242000.0,1225736000.0,1387142000.0,2381122400.0,0.5991258954431115
ＧＭＯペイメントゲートウェイ,3769,情報・通信業,プライム（内国株式）,2024-09-30,東京都,761516654592,6.738789,37.000183,35.335938,45.097921387285496,0.50630003,0.014321233,284.13,271.35,175.85999900191015,73785055000.0,25187463000.0,0.36729,18705445000.0,0.26459998,0.20305,0.2985040242895862,238883172000.0,204361371000.0,298096460000.0,53104334000.0,174053848000.0,13114736000.0,68393603200.0,0.08981235379105851
システムリサーチ,3771,情報・通信業,プライム（内国株式）,2025-03-31,愛知県,32357242880,2.7023358,,13.386853,13.256532104481217,0.4116,0.030659173,145.74,,117.81508509905525,25931487000.0,2997559000.0,0.12659,2194600000.0,0.087869994,0.21476,0.6738696579372713,5697309000.0,5130645000.0,13607732000.0,1297198000.0,8203626000.0,12879000.0,7919438300.0,0.24475009596367686
ウェルス・マネジメント,3772,不動産業,スタンダード（内国株式）,2025-03-31,東京都,21000480768,1.2038113,8.352403,112.30769,10.488184304341143,2.0471,0.01858736,9.75,131.1,96.56999760065663,18310289000.0,2520296000.0,-0.34262002,1102812000.0,0.00999,0.0105,0.3123709983783723,42703423000.0,7237082000.0,53697329000.0,30333346000.0,9408357000.0,3748981000.0,13618192700.0,0.6484705207678415
アドバンスト・メディア,3773,情報・通信業,グロース（内国株式）,2025-03-31,東京都,15849997312,1.2331204,11.27636,11.236452,24.304368857515342,0.3042,0.027120316,90.42,90.1,64.79999974227394,6665147000.0,1442566000.0,0.18007,1408637000.0,0.22726999,0.1248,0.7706327080148484,3663178000.0,2509172000.0,9341923000.0,1771180000.0,6405922000.0,3774005000.0,8320548500.0,0.5249558303521307
インターネットイニシアティブ,3774,情報・通信業,プライム（内国株式）,2025-03-31,東京都,509273964544,3.432296,20.082483,22.727633,24.846518286232925,0.2927,0.0060943756,126.41,143.06,111.22999974558051,316831000000.0,30104000000.0,0.10998,19933000000.0,0.0678,0.16106,0.4502792580856818,170349000000.0,113315000000.0,130195000000.0,33616000000.0,32534000000.0,8361000000.0,-34301300000.0,-0.06735333511642033
ブロードバンドタワー,3776,情報・通信業,スタンダード（内国株式）,2024-12-31,東京都,11308635136,1.2515049,76.666664,46.938774,77.20260384914286,0.5115,0.011049724,3.92,2.4,1.6301586606075344,13423481000.0,668306000.0,0.04777,404378000.0,0.027490001,0.03346,0.4374828118310888,7790998000.0,4690619000.0,10043816000.0,2935562000.0,7595914000.0,2431614000.0,3954947800.0,0.34972812832291206
環境フレンドリーホールディングス,3777,情報・通信業,グロース（内国株式）,2024-12-31,東京都,14483961856,4.1515307,,,77.14199466637072,0.0,0.0,-0.35,,0.5574136394316677,17237007000.0,-53638000.0,-0.184,-154894000.0,-0.030989999,-0.059169997,0.9118067266287826,309450000.0,297974000.0,3167899000.0,32792000.0,1041117000.0,,2858449000.0,0.19735270145135628
さくらインターネット,3778,情報・通信業,プライム（内国株式）,2025-03-31,大阪府,125269401600,4.260863,42.12651,76.34146,333.3431090889358,0.09770001,0.0012738854,41.0,74.3,18.250821686876684,31412382000.0,4145589000.0,-0.05687,2937459000.0,0.04741,0.05649,0.3691411403193855,51162092000.0,40347490000.0,41744592000.0,23649316000.0,29489223000.0,682270000.0,-8939911000.0,-0.07136548020358709
ジェイ・エスコムホールディングス,3779,情報・通信業,スタンダード（内国株式）,2025-03-31,東京都,2244128512,3.5225332,,4.984584,-5.845050481058431,0.0,0.0,38.92,,-25.149483392208616,1318779000.0,-108564000.0,0.029240001,370450000.0,0.31202,0.75394994,0.19316985869677944,2460296000.0,2448214000.0,3065586000.0,519972000.0,1672990000.0,,605290000.0,0.269721629917066
テクノマセマティカル,3787,情報・通信業,スタンダード（内国株式）,2025-03-31,東京都,1560961280,0.90490526,,,-12.502022848644161,0.0,0.0,-63.03,,-55.75097793678959,416588000.0,-286659000.0,0.10326,-285004000.0,-0.32024,-0.090229996,0.9560478899656821,81032000.0,81032000.0,1013467000.0,,738371000.0,784220000.0,1481389000.0,0.9490235401610987
ＧＭＯグローバルサイン・ホールディングス,3788,情報・通信業,プライム（内国株式）,2024-12-31,東京都,27762610176,2.8662636,26.513159,36.49811,41.45327866717436,0.5625,0.015229133,66.25,91.2,64.2131406834072,19166085000.0,1246620000.0,0.07552,854560000.0,0.05093,0.111140005,0.5247959688074952,8539831000.0,5603002000.0,11948489000.0,3016635000.0,8459291000.0,302255000.0,3620236500.0,0.1303997166350588
ヒット,378A,サービス業,グロース（内国株式）,2025-06-30,東京都,12740349952,2.7255147,,14.0840225,,0.0,0.008474576,145.2,,,4419389000.0,1387038000.0,0.23886,905095000.0,0.18763,,0.5248676871977546,3069837000.0,1701834000.0,4118442000.0,1522784000.0,3457451000.0,,1048605000.0,0.08230582393346177
ＩＧポート,3791,情報・通信業,スタンダード（内国株式）,2025-05-31,東京都,28383637504,3.0084746,9.857192,32.678986,16.645462311158678,0.2542,0.007708479,43.3,143.55,60.679998667400575,14598270000.0,1426186000.0,0.063990004,828016000.0,0.06039,0.09491,0.5980247615163049,5262696000.0,4886712000.0,10643190000.0,0.0,4650042000.0,285825000.0,5580571500.0,0.19661227350488644
ドリコム,3793,情報・通信業,グロース（内国株式）,2025-03-31,東京都,12938378240,5.292449,11.644909,,285.01662794206686,0.0,0.0,-82.51,38.3,3.641892781816878,12655184000.0,112011000.0,-0.13069999,-1035569000.0,-0.14074,-0.66516995,0.34921794643600185,8787100000.0,5307477000.0,7842218000.0,4729542000.0,3928774000.0,20006000.0,-930877800.0,-0.07194702324609116
いい生活,3796,情報・通信業,スタンダード（内国株式）,2025-03-31,東京都,3519702272,1.8741732,,135.27852,28.89932080079002,1.3263,0.00952381,3.77,,21.174106532861952,3028187000.0,-37271000.0,0.09946,-39536000.0,0.00795,0.01328,0.7970229458909733,476909000.0,474129000.0,594479000.0,,345549000.0,,117570000.0,0.03340339350157399
ＵＬＳグループ,3798,情報・通信業,スタンダード（内国株式）,2025-03-31,東京都,33418909696,3.0164912,2.331361,20.205128,19.8264261811776,0.2052,0.010204081,29.25,253.5,20.463000073384553,13203000000.0,2623000000.0,0.15627,1635000000.0,0.113649994,0.16734,0.7501842299189388,3093000000.0,3091000000.0,12100000000.0,,7137000000.0,461000000.0,9329700000.0,0.279174278421079
キーウェアソリューションズ,3799,情報・通信業,スタンダード（内国株式）,2025-03-31,東京都,9582081024,1.2699904,,8.795088,8.202067588260944,0.376,0.028193833,130.3,,90.64739905510105,21101196000.0,921038000.0,0.050640002,1031747000.0,0.04842,0.13095,0.7022481030940153,3209507000.0,2854284000.0,8558205000.0,,1863790000.0,361600000.0,5601818000.0,0.5846139253017446
ユニリタ,3800,情報・通信業,スタンダード（内国株式）,2025-03-31,東京都,14763588608,1.2097251,,18.796629,17.024966673245103,0.6874,0.018041236,103.21,,107.92456423791482,11687128000.0,840785000.0,0.076079994,716887000.0,0.06579,0.06538,0.779099395591795,3394455000.0,3096674000.0,11435510000.0,,9680730000.0,2852585000.0,10037864500.0,0.6799068144286238
エコミック,3802,情報・通信業,スタンダード（内国株式）,2025-03-31,北海道,2266786560,1.4044535,,26.037737,13.566162456154292,0.7008,0.026584867,18.55,,32.92909601431154,2121744000.0,46812000.0,-0.38608003,43215000.0,0.03987,0.05446,0.9144024560446897,168599000.0,143074000.0,1583879000.0,0.0,1350918000.0,,1415280000.0,0.6243552105761558
イメージ情報開発,3803,情報・通信業,グロース（内国株式）,2025-03-31,東京都,1163365248,8.250873,,,-45.31315678803954,0.0,0.0,-107.44,,-10.283988868394205,646058000.0,-70803000.0,-0.26923,-36568000.0,-0.28476998,-0.86923,0.4624670813842583,306286000.0,117632000.0,437175000.0,3600000.0,275439000.0,16219000.0,142242300.0,0.12226796377538003
システム　ディ,3804,情報・通信業,スタンダード（内国株式）,2024-10-31,京都府,12828692480,2.635831,18.018019,19.417477,12.95380823952036,0.2332,0.011863569,103.0,111.0,98.82849109653233,4631578000.0,828663000.0,0.04334,555946000.0,0.13734001,0.15276,0.6470504096144691,2457678000.0,1918203000.0,3077707000.0,313362000.0,2025737000.0,376669000.0,883697300.0,0.06888444020134467
フィスコ,3807,情報・通信業,グロース（内国株式）,2024-12-31,,6689211904,6.125703,,,-2.7355002884720534,0.0,0.02097902,-14.89,,-34.72856515510126,867885000.0,-327332000.0,-0.24615,-530698000.0,0.0,-1.2918601,0.134787462632363,1543797000.0,111583000.0,387868000.0,8000000.0,203394000.0,1337683000.0,-219550900.0,-0.03282163925300579
サイバーステップ,3810,情報・通信業,スタンダード（内国株式）,2025-05-31,,7854039040,6.074323,,,-2.183348366255144,0.0,0.0,-110.72,,-122.2892343368711,2504000000.0,-1788000000.0,-0.70539004,-1695000000.0,-0.67485,-1.33754,0.5060352831940576,532000000.0,527000000.0,752000000.0,120000000.0,212000000.0,90000000.0,283000000.0,0.03603241574923468
メディア工房,3815,情報・通信業,グロース（内国株式）,2024-08-31,東京都,5423005184,7.6704087,,,75.8917991024826,0.0,0.0,-32.92,,3.50513641189639,2012763000.0,-141155000.0,-0.48222,-270985000.0,-0.27122,-0.57991004,0.39418948940680365,1606143000.0,988272000.0,2231105000.0,1287097000.0,1960337000.0,86000.0,625022200.0,0.11525384520082362
大和コンピューター,3816,情報・通信業,スタンダード（内国株式）,2024-07-31,大阪府,4526292992,0.8438282,,10.845946,10.890304312894141,0.17639999,0.016267123,107.69,,84.91508336804743,3291339000.0,565015000.0,0.15965,342183000.0,0.13015,0.0797,0.8333585196645344,1020020000.0,617563000.0,4294011000.0,79611000.0,3875434000.0,601860000.0,3695293000.0,0.8164060538129654
ＳＲＡホールディングス,3817,情報・通信業,プライム（内国株式）,2025-03-31,東京都,65696223232,2.0562844,,17.094017,10.150226710667155,0.6247,0.01923077,304.2,,366.3400028418522,51617000000.0,7941000000.0,0.16123,3377000000.0,0.07053,0.12402,0.5987599129217851,20345000000.0,16643000000.0,38516000000.0,70000000.0,19820000000.0,9323000000.0,24697100000.0,0.3759287640140975
ＴＨＥ　ＷＨＹ　ＨＯＷ　ＤＯ　ＣＯＭＰＡＮＹ,3823,情報・通信業,スタンダード（内国株式）,2024-08-31,東京都,7228132864,3.7954593,,,-8.681875521537709,0.0,0.0,-13.88,,-10.02087622474813,747636000.0,-247944000.0,-0.05451,-961644000.0,-0.03941,-0.04847,0.4954264258195733,757414000.0,250960000.0,820040000.0,460826000.0,595684000.0,,62626000.0,0.008664201554997869
リミックスポイント,3825,小売業,スタンダード（内国株式）,2025-03-31,東京都,40169713664,1.2302055,,12.392582,17.601634426168225,0.0,0.0,22.11,,8.97643912914715,21129000000.0,-1212000000.0,0.25696,-593000000.0,0.12427,0.12196,0.8718298203767707,2633000000.0,2519000000.0,18657000000.0,319000000.0,5103000000.0,350000000.0,16269000000.0,0.40500662105989166
システムインテグレータ,3826,情報・通信業,スタンダード（内国株式）,2025-02-28,埼玉県,4956644352,1.17848,,6.930239,4.708431549895423,0.0763,0.011111111,65.51,,86.50671445198397,4768979000.0,271549000.0,0.109189995,583408000.0,0.13561,,0.8252660432345221,865333000.0,855510000.0,4462962000.0,,2968589000.0,10000000.0,3604629000.0,0.7272317204976663
朝日ネット,3834,情報・通信業,プライム（内国株式）,2025-03-31,東京都,18113196032,1.4070699,11.688963,12.345461,12.964025738085027,0.44169998,0.025787966,56.62,59.8,46.42368364186415,13078000000.0,2346000000.0,0.15245,1752000000.0,0.112799995,0.09995,0.8851694055589369,1698000000.0,1696000000.0,8924000000.0,,4161000000.0,401000000.0,7506700000.0,0.41443265930198925
ｅＢＡＳＥ,3835,情報・通信業,プライム（内国株式）,2025-03-31,大阪府,19769745408,2.7681835,15.492958,17.241379,28.193134907583286,0.5447,0.031447962,25.52,28.4,24.99000022748091,5469897000.0,1731670000.0,0.29569998,1250789000.0,0.21372999,0.16519,0.9069729430496575,754694000.0,745042000.0,6422609000.0,,5349764000.0,1342828000.0,6607894600.0,0.33424277670900393
アバントグループ,3836,情報・通信業,プライム（内国株式）,2025-06-30,東京都,65765199872,4.2267923,16.307692,19.157986,17.64394259492594,0.26549998,0.013919822,94.06,110.5,76.6233707244649,28227703000.0,4604154000.0,0.17846,3434688000.0,0.12672,0.25722,0.6393147678860939,8775067000.0,8440619000.0,20765941000.0,33223000.0,14593169000.0,830184000.0,12572002800.0,0.19116497516116604
アドソル日進,3837,情報・通信業,プライム（内国株式）,2025-03-31,東京都,27272886272,3.5548613,15.333988,20.746944,15.498852860119777,0.4718,0.022844274,75.24,101.8,51.850001209997345,15463041000.0,1710918000.0,0.12702,1209503000.0,0.083529994,0.17662,0.7157121043856094,2810241000.0,2215390000.0,6679608000.0,,2887453000.0,1822796000.0,5145324200.0,0.18866078744597348
ＯＤＫソリューションズ,3839,情報・通信業,スタンダード（内国株式）,2025-03-31,大阪府,5096784384,0.84411776,,23.471699,19.595569934405376,0.3775,0.016260162,26.5,,32.95010497715203,6472393000.0,516129000.0,-0.19597,263367000.0,0.03311,0.03611,0.6813046354624472,2949154000.0,1787471000.0,5840706000.0,1144132000.0,3273321000.0,1183723000.0,3720158100.0,0.7299029779793016
