会社名,銘柄コード,業種,優先市場,市場タイプ,決算月,都道府県,時価総額,PBR,PER(会予),PER(過去12ヶ月),PER(前年度),配当方向性,配当利回り,EPS(過去12ヶ月),EPS(予想),EPS(前年度),売上高,営業利益,営業利益率,当期純利益,純利益率,ROE,自己資本比率,負債,流動負債,流動資産,総負債,現金及び現金同等物,投資有価証券,ネットキャッシュ,ネットキャッシュ比率
未来工業,7931,化学,プライム（内国株式）,JP,2025-03-31,岐阜県,55495258112.0,1.0271122,11.783876,11.978241,13.555823466459012,0.5229,0.02849003,286.77,291.5,304.4754196803246,45113000000.0,6901000000.0,0.18565,4833000000.0,0.10321999,0.08935001,0.7916572750905347,13137000000.0,10512000000.0,42478000000.0,245000000.0,21102000000.0,1774000000.0,30582800000.0,0.551088526127369
ニッピ,7932,その他製品,スタンダード（内国株式）,JP,2025-03-31,東京都,39424253952.0,0.9894303,,14.899146,5.7116342746743,0.639,0.04249292,938.98,,885.9730438876553,49141000000.0,3628000000.0,0.06273,2457000000.0,0.05257,0.063039996,0.5676765661517414,29607000000.0,14692000000.0,27574000000.0,10646000000.0,8933000000.0,4789000000.0,1319300000.0,0.03346417161390752
アシックス,7936,その他製品,プライム（内国株式）,JP,2024-12-31,兵庫県,3115161223168.0,11.540027,43.498913,41.886616,22.99526480677362,0.2094,0.0,104.95,101.06,48.09000002602739,678526000000.0,100112000000.0,0.2091,63806000000.0,0.109469995,,0.4494984527759473,284057000000.0,194739000000.0,369143000000.0,117276000000.0,127021000000.0,3513000000.0,87545100000.0,0.02810291144770028
ツツミ,7937,その他製品,スタンダード（内国株式）,JP,2025-03-31,埼玉県,48598917120.0,0.7082642,,28.316488,26.51044676640921,0.8205,0.0,109.83,,73.97000135387518,24835000000.0,2410000000.0,0.17938,1986000000.0,0.082559995,0.03867,0.9736059853238939,1838000000.0,1714000000.0,56415000000.0,,33640000000.0,52000000.0,54613400000.0,1.1237575492710896
リーガルコーポレーション,7938,その他製品,スタンダード（内国株式）,JP,2025-03-31,千葉県,7395304448.0,0.5196545,,17.776327,16.55619207045887,0.5438,0.030624745,137.88,,133.22001832009244,23558000000.0,404000000.0,-0.00642,700000000.0,0.02394,0.041100003,0.485375885444436,13513000000.0,9329000000.0,14958000000.0,9299000000.0,3771000000.0,3815000000.0,4115500000.0,0.5565017679715679
研創,7939,その他製品,スタンダード（内国株式）,JP,2025-03-31,広島県,2420983552.0,2.8912342,,11.181212,10.215218339024993,0.368,0.0,57.06,,48.82390866788217,5868794000.0,264055000.0,0.05313,175029000.0,0.05362,0.21935,0.5881300186853567,2287780000.0,1776650000.0,2665122000.0,1397656000.0,575439000.0,28079000.0,396997300.0,0.16398182452418414
ウェーブロックホールディングス,7940,化学,スタンダード（内国株式）,JP,2025-03-31,東京都,10750707712.0,0.6468937,,23.679316,12.089386010386306,0.27879998,0.01171875,53.76,,54.09497016838495,25566685000.0,405543000.0,0.0033399998,520797000.0,0.022,0.0344,0.5693700180615078,12484032000.0,6700863000.0,17768462000.0,5435884000.0,3221936000.0,1068366000.0,6032286200.0,0.5611059626583214
ＪＳＰ,7942,化学,プライム（内国株式）,JP,2025-03-31,東京都,73196699648.0,0.7052177,11.092136,13.682457,9.565659178457437,0.39189997,0.014030165,204.13,251.8,221.83000206523002,142250000000.0,6889000000.0,0.07912,5066000000.0,0.04063,0.05524,0.6563312025776946,48083000000.0,33993000000.0,78694000000.0,24105000000.0,17421000000.0,1728000000.0,31820600000.0,0.4347272507233795
ニチハ,7943,ガラス・土石製品,プライム（内国株式）,JP,2025-03-31,愛知県,121194135552.0,1.0011652,13.587462,36.82034,14.470782610214387,1.1506,0.030936228,99.13,268.63,223.12999991977722,148478000000.0,6956000000.0,0.07239,2706000000.0,0.02394,0.027460001,0.7026401059423516,53298000000.0,34813000000.0,86002000000.0,16182000000.0,26481000000.0,10210000000.0,39851000000.0,0.328819540801142
ローランド,7944,その他製品,プライム（内国株式）,JP,2024-12-31,静岡県,101679570944.0,2.5344167,11.810782,16.93428,13.60718539541436,0.7459,0.042659976,227.94,326.82,294.3300038402645,99433000000.0,9952000000.0,0.09927,5976000000.0,0.0717,0.17382999,0.5689579094452479,34905000000.0,21085000000.0,57993000000.0,20442000000.0,14478000000.0,724000000.0,23594800000.0,0.2320505464464915
光陽社,7946,その他製品,スタンダード（内国株式）,JP,2025-03-31,東京都,1152332032.0,0.6507253,,28.089462,7.954680956571835,0.4301,0.015294647,79.14,,214.66092900820195,4726835000.0,60476000.0,0.04408,60694000.0,0.012200001,0.0312,0.5622224757372022,1392977000.0,724166000.0,2089839000.0,433510000.0,1005863000.0,113349000.0,776206300.0,0.6735960456230726
エフピコ,7947,化学,プライム（内国株式）,JP,2025-03-31,広島県,225969717248.0,1.3985006,16.64185,15.498115,18.482978231695327,0.3966,0.025581395,180.28,167.89,143.49585221836583,235628000000.0,18471000000.0,0.12687999,12486000000.0,0.060900003,0.09307,0.5250319957840849,138113000000.0,84372000000.0,98847000000.0,80513000000.0,19020000000.0,10274000000.0,-32074200000.0,-0.14194025814883335
小松ウオール工業,7949,その他製品,プライム（内国株式）,JP,2025-03-31,石川県,52063354880.0,1.3774104,,19.39545,9.960433730901473,0.65540004,0.03311258,152.51,,149.0047049510854,44616000000.0,3636000000.0,0.099589996,2650000000.0,0.06318,0.07935,0.8081529643254342,8970000000.0,6373000000.0,31322000000.0,189000000.0,16714000000.0,475000000.0,22684500000.0,0.43570953220907765
ヤマハ,7951,その他製品,プライム（内国株式）,JP,2025-03-31,静岡県,532673134592.0,1.1201111,15.604928,30.954239,17.91888377744247,0.67660004,0.02102375,38.46,76.29,58.559999998735634,462080000000.0,20695000000.0,0.09571999,13351000000.0,0.04255,0.03986,0.7590913242163585,141166000000.0,106658000000.0,351933000000.0,19957000000.0,99819000000.0,54037000000.0,248592900000.0,0.4666893895266734
河合楽器製作所,7952,その他製品,プライム（内国株式）,JP,2025-03-31,静岡県,25402943488.0,0.59177077,6.0425615,31.797134,10.729180454498225,1.0236,0.03232392,92.87,488.7,323.67655613728914,72918000000.0,317000000.0,0.00489,405000000.0,0.011089999,0.018339999,0.6019651038639835,29451000000.0,17475000000.0,48518000000.0,8446000000.0,13300000000.0,7232000000.0,24129400000.0,0.9498663023597401
菊水化学工業,7953,その他製品,スタンダード（内国株式）,JP,2025-03-31,愛知県,4990345216.0,0.51026034,,57.764877,12.706718601694519,2.3256,0.042713568,6.89,,29.979925117501793,21390614000.0,264907000.0,0.015310001,165822000.0,0.00408,0.00832,0.5873068684325086,6538900000.0,4961091000.0,10348348000.0,1831584000.0,4062634000.0,1750100000.0,5034518000.0,1.0088516489517345
クリナップ,7955,その他製品,プライム（内国株式）,JP,2025-03-31,東京都,33684754432.0,0.56575614,,19.580713,18.450981796805152,0.65029997,0.032563027,47.7,,39.94231763393464,129987000000.0,2071000000.0,0.07115,1719000000.0,0.0,0.05485,0.6309996131955573,33389000000.0,27812000000.0,55467000000.0,7181000000.0,18767000000.0,4811000000.0,25445700000.0,0.7554070210417498
ピジョン,7956,その他製品,プライム（内国株式）,JP,2024-12-31,東京都,194997256192.0,2.5198653,22.774906,20.68003,23.73555735034974,0.9647,0.04608854,78.82,71.57,62.059999888805336,104171000000.0,12139000000.0,0.12485,8371000000.0,0.091850005,0.12903,0.7491875023082321,23701000000.0,17383000000.0,73462000000.0,1769000000.0,39201000000.0,553000000.0,50148100000.0,0.2571733622273265
フジコピアン,7957,その他製品,スタンダード（内国株式）,JP,2024-12-31,大阪府,2250102528.0,0.21801065,,5.34915,-2.5283759433051225,0.2838,0.053133514,274.81,,-559.3987575594647,8984085000.0,-15587000.0,0.00287,397757000.0,0.06448,0.054899998,0.6425956838141175,5876663000.0,3229374000.0,8180107000.0,2523312000.0,2857775000.0,1265449000.0,3189258300.0,1.4173835459999091
キングジム,7962,その他製品,プライム（内国株式）,JP,2025-06-30,東京都,23035006976.0,0.92543876,,43.673252,-76.55122089519804,0.7487,0.0085574575,18.73,,-11.155018664178202,39639500000.0,537715000.0,0.04378,424944000.0,0.013459999,0.02155,0.6772779797419926,11460881000.0,8210456000.0,24063443000.0,6278288000.0,6831528000.0,2977800000.0,14687022000.0,0.6375957261615895
興研,7963,その他製品,スタンダード（内国株式）,JP,2024-12-31,,9490066432.0,0.6878984,,12.2640915,10.637851234618052,0.2224,0.0,157.37,,141.89154456927506,10762379000.0,1009770000.0,0.16424999,722061000.0,0.074640006,0.06597,0.6247269767135146,7830579000.0,4127620000.0,10017998000.0,5184585000.0,2531339000.0,956504000.0,2856971800.0,0.301048661826691
象印マホービン,7965,電気機器,プライム（内国株式）,JP,2024-11-30,大阪府,100767055872.0,1.1359155,21.24498,17.206982,21.92904697555023,0.4334,0.024937656,92.23,74.7,65.63214387819171,87221000000.0,5955000000.0,0.08038,6462000000.0,0.06561,0.06894,0.7533741689829135,27466000000.0,21331000000.0,84644000000.0,3192000000.0,33726000000.0,9272000000.0,63668400000.0,0.6318374537098235
リンテック,7966,その他製品,プライム（内国株式）,JP,2025-03-31,東京都,310383214592.0,1.2773368,17.226967,25.021114,38.71575851781701,0.5546,0.010214505,189.44,275.15,76.62999997413024,315978000000.0,24564000000.0,0.08563,14476000000.0,0.03926,0.05059,0.7206604967823985,94349000000.0,69989000000.0,192767000000.0,10345000000.0,55511000000.0,2109000000.0,99894300000.0,0.32184182424720187
信越ポリマー,7970,化学,プライム（内国株式）,JP,2025-03-31,東京都,166332006400.0,1.3366761,15.672206,16.256659,13.712716312385275,0.4468,0.026660431,127.64,132.4,106.619999377292,110582000000.0,13272000000.0,0.12855,9430000000.0,0.09071,0.08518,0.8049716317619683,29837000000.0,26566000000.0,99414000000.0,,44901000000.0,929000000.0,70227300000.0,0.42221158464905045
東リ,7971,化学,スタンダード（内国株式）,JP,2025-03-31,兵庫県,45256966144.0,0.90291303,,13.039101,6.278268961492028,0.3522,0.020460358,59.59,,61.68793163993913,105709000000.0,4377000000.0,0.0591,3507000000.0,0.03853,0.09086,0.5107746935564462,45687000000.0,32761000000.0,52734000000.0,9780000000.0,8212000000.0,8276000000.0,12840200000.0,0.2837176482211525
イトーキ,7972,その他製品,プライム（内国株式）,JP,2024-12-31,東京都,129646469120.0,2.3631763,15.371998,14.296612,11.301815338679482,0.2998,0.019298246,183.54,170.7,111.28000041911383,138460000000.0,10077000000.0,0.029719999,7183000000.0,0.06077,0.17691,0.4087088557180906,71181000000.0,55426000000.0,70624000000.0,37549000000.0,22482000000.0,6548000000.0,4026600000.0,0.031058308238792087
任天堂,7974,その他製品,プライム（内国株式）,JP,2025-03-31,京都府,9721562005504.0,3.2674813,24.535011,26.333218,19.300497207837857,0.40060002,0.009837963,317.09,340.33,421.394306132353,1164922000000.0,282554000000.0,0.1925,278806000000.0,0.18938999,0.14130001,0.8016224733449757,673070000000.0,597646000000.0,2752352000000.0,,1586275000000.0,369373000000.0,2337843100000.0,0.24048019224445588
リヒトラブ,7975,その他製品,スタンダード（内国株式）,JP,2025-02-28,大阪府,4397315072.0,0.4084446,,10.942249,-34.44634052365454,0.21120001,0.01933488,118.44,,-27.6254052460949,9220521000.0,178737000.0,-0.02094,411573000.0,0.022820001,0.01969,0.791923191742956,2794973000.0,1302014000.0,7205604000.0,437500000.0,2332122000.0,1110475000.0,5187963500.0,1.1798025420180762
三菱鉛筆,7976,その他製品,プライム（内国株式）,JP,2024-12-31,東京都,120415576064.0,0.8945076,12.35694,10.648894,10.6735818399401,0.2148,0.020408163,204.81,176.5,186.7700002404898,88820000000.0,12190000000.0,0.080340005,11272000000.0,0.08429,0.06136,0.7256686698967102,46173000000.0,24396000000.0,95205000000.0,11623000000.0,41349000000.0,26130000000.0,67323000000.0,0.5590888006400294
松風,7979,精密機器,プライム（内国株式）,JP,2025-03-31,京都府,64238731264.0,1.4104449,13.333826,14.146877,13.652992353618291,0.4077,0.028650139,127.59,135.37,102.61999948956728,38698000000.0,5392000000.0,0.099209994,4317000000.0,0.10894,0.096920006,0.8532023842861143,7261000000.0,5218000000.0,27521000000.0,,10653000000.0,8709000000.0,26356300000.0,0.4102867457279674
重松製作所,7980,その他製品,スタンダード（内国株式）,JP,2025-03-31,東京都,5945100288.0,0.6618107,,10.452613,9.084588074085032,0.1875,0.0,79.98,,82.13711151736746,14112597000.0,1069333000.0,0.0829,780581000.0,0.04696,0.07961,0.4746365214762261,9480661000.0,7319801000.0,10433841000.0,5038672000.0,1475776000.0,1931600000.0,2305300000.0,0.3877646950133333
タカラスタンダード,7981,その他製品,プライム（内国株式）,JP,2025-03-31,大阪府,188713484288.0,0.9862886,,14.115138,13.064409316800035,0.47349998,0.03236246,211.05,,137.30000068939054,243380000000.0,15635000000.0,0.106350005,11090000000.0,0.0,,0.7024058010790354,82408000000.0,63067000000.0,160391000000.0,6750000000.0,68059000000.0,14745000000.0,88304500000.0,0.4679289364677114
ミロク,7983,その他製品,スタンダード（内国株式）,JP,2025-10-31,高知県,3365487872.0,0.31288984,,,-1.6505240446222207,1.4061999,0.0,-856.01,,-777.6673099262765,12518322000.0,-24599000.0,-0.06388,-2525115000.0,-0.20171,-0.20984,0.4914583174148044,11121384000.0,4304327000.0,10456613000.0,7160000000.0,1663732000.0,4366673000.0,2391900100.0,0.7107142236048444
コクヨ,7984,その他製品,プライム（内国株式）,JP,2024-12-31,大阪府,389713657856.0,1.5747292,4.2475967,20.49785,12.957013212812065,0.4782,0.022071043,44.19,213.25,41.3977437910505,338227000000.0,22029000000.0,0.04709,21787000000.0,0.06283,0.08592,0.7178524296132621,98899000000.0,87742000000.0,252884000000.0,4176000000.0,102238000000.0,22362000000.0,169638400000.0,0.43528985084397975
ネポン,7985,金属製品,スタンダード（内国株式）,JP,2025-03-31,神奈川県,1498481280.0,0.7018649,,,26.99520310239759,0.0,0.0,-353.67,,67.86390874893215,7277473000.0,38807000.0,0.027290002,-280180000.0,-0.04686,-0.14878,0.3872721879238704,3691133000.0,2638282000.0,4533781000.0,1932990000.0,521373000.0,80156000.0,898757200.0,0.5997787306358608
日本アイ・エス・ケイ,7986,その他製品,スタンダード（内国株式）,JP,2024-12-31,,2828013824.0,0.62401015,,7.4670987,6.010055979731751,0.12149999,0.016375545,246.95,,230.75735545567045,5901003000.0,518714000.0,0.10538,433582000.0,0.07013,0.09671,0.6903382755842062,1851660000.0,1276746000.0,2808132000.0,,1170233000.0,215922000.0,1107617400.0,0.39165911800012476
ナカバヤシ,7987,その他製品,スタンダード（内国株式）,JP,2025-03-31,東京都,16737911808.0,0.57032615,8.098405,8.951933,15.750335010441471,0.3234,0.019704433,68.03,75.2,31.93932985743975,62767000000.0,1793000000.0,0.03869,1995000000.0,0.033940002,0.053839996,0.507493284320656,27209000000.0,15829000000.0,29789000000.0,13578000000.0,7739000000.0,3081000000.0,4736700000.0,0.2829922904562122
ニフコ,7988,化学,プライム（内国株式）,JP,2025-03-31,神奈川県,464761421824.0,1.6529932,14.447371,9.995194,20.08393222909326,0.1602,0.0077927136,499.44,345.53,183.25485195634494,353038000000.0,49205000000.0,0.14109,44767000000.0,0.12918,0.17174,0.7239479116203635,101092000000.0,67223000000.0,259565000000.0,35484000000.0,146232000000.0,684000000.0,158951800000.0,0.34200730210390246
立川ブラインド工業,7989,金属製品,プライム（内国株式）,JP,2024-12-31,東京都,50615541760.0,0.898172,18.847305,16.604023,9.009731851733592,0.3429,0.027279813,151.65,133.6,143.19535305040128,41407715000.0,4361317000.0,0.10821,2802387000.0,0.076009996,0.05926,0.8299877832672191,10854050000.0,7916845000.0,39563568000.0,137997000.0,15537861000.0,3626611000.0,31248145700.0,0.6173626639850471
グローブライド,7990,その他製品,プライム（内国株式）,JP,2025-03-31,東京都,51665145856.0,0.87512064,13.719248,10.115669,7.785794247806845,0.363,0.036062792,234.29,172.75,242.94597102701732,123983000000.0,6509000000.0,0.07441,4783000000.0,0.043309998,0.08687,0.5354563563449372,52690000000.0,29118000000.0,73233000000.0,29556000000.0,12299000000.0,6692000000.0,25227400000.0,0.4882866308035455
マミヤ・オーピー,7991,機械,スタンダード（内国株式）,JP,2025-03-31,埼玉県,15378737152.0,0.58636796,,6.597253,3.565595471946103,0.3987,0.05901639,225.7,,429.9600133062076,33707297000.0,6399609000.0,-0.01939,4718416000.0,0.088570006,0.07782,0.6180832731584162,15505327000.0,8157146000.0,26490269000.0,7892281000.0,14238023000.0,5991783000.0,15179190100.0,0.9870244838683618
セーラー万年筆,7992,その他製品,スタンダード（内国株式）,JP,2024-12-31,東京都,3320044544.0,3.2296202,,,-2.6110198876674606,0.0,0.0,-34.78,,-50.93794981347874,4677810000.0,-270061000.0,-0.09263,-1145770000.0,-0.23216999,-0.67412,0.2639843937123942,3498937000.0,2446845000.0,3886829000.0,1926387000.0,579828000.0,12159000.0,396403300.0,0.11939698240386018
オカムラ,7994,その他製品,プライム（内国株式）,JP,2025-03-31,神奈川県,242845483008.0,1.2680475,11.470352,11.296076,9.700241728664903,0.4296,0.03731343,227.07,223.62,214.27212983116033,314527000000.0,23938000000.0,0.05717,22045000000.0,0.07434,0.13382,0.640307251749993,102351000000.0,53723000000.0,139618000000.0,35839000000.0,26245000000.0,43971000000.0,68046700000.0,0.2802057471159896
バルカー,7995,化学,プライム（内国株式）,JP,2025-03-31,東京都,80001245184.0,1.5637141,12.469102,15.271798,16.944985684906808,0.5048,0.032292787,297.28,364.1,279.4387976378684,60113000000.0,5670000000.0,0.09907,4676000000.0,0.09528,0.10988,0.6487156753144957,27304000000.0,18569000000.0,46430000000.0,14505000000.0,7969000000.0,3949000000.0,21890300000.0,0.2736244910895211
くろがね工作所,7997,その他製品,スタンダード（内国株式）,JP,2024-11-30,大阪府,1664162176.0,0.33645058,,10.807522,1.1301916361766984,0.22129999,0.020576132,90.4,,713.1074353093393,7203796000.0,-27217000.0,-0.01284,209383000.0,0.063540004,0.08527,0.5677775774452423,3478727000.0,2032712000.0,4138242000.0,883315000.0,907857000.0,1313701000.0,1579105700.0,0.9488893106533386
ＭＵＴＯＨホールディングス,7999,電気機器,スタンダード（内国株式）,JP,2025-03-31,東京都,34928422912.0,1.4538704,115.478,64.5134,12.979339324019668,0.66980004,0.005387648,117.96,65.9,167.22631301657663,18128000000.0,1319000000.0,0.05377,1373000000.0,0.02478,0.02081,0.7903925757778074,5351000000.0,3994000000.0,18607000000.0,,10648000000.0,3857000000.0,15955900000.0,0.45681707531427634
伊藤忠商事,8001,卸売業,プライム（内国株式）,JP,2025-03-31,東京都,15577063096320.0,2.7935624,3.4382868,16.750715,11.251033072920057,0.3008,0.008956561,132.86,647.27,110.59999999533747,14724234000000.0,698080000000.0,0.0461,880251000000.0,0.06196,0.14241,0.3802677156946648,8843552000000.0,4486584000000.0,5723799000000.0,4621705000000.0,549573000000.0,147917000000.0,-3016211100000.0,-0.19363156465049974
丸紅,8002,卸売業,プライム（内国株式）,JP,2025-03-31,東京都,9887304122368.0,2.3940752,19.409325,17.504208,8.875542520709883,0.2902,0.015870497,344.66,310.83,279.2400000740909,7790168000000.0,272310000000.0,0.03261,502965000000.0,0.061880004,0.12854,0.39439754991700693,5433341000000.0,2822988000000.0,4021442000000.0,2535010000000.0,569144000000.0,139253000000.0,-1314421900000.0,-0.13294037320308472
スクロール,8005,小売業,プライム（内国株式）,JP,2025-03-31,静岡県,45827727360.0,1.244694,,15.3697815,8.369787446849736,0.6466,0.04157549,88.16,,105.02532811420677,84030000000.0,6052000000.0,0.071,4267000000.0,0.02908,0.06948,0.6508602227298687,19563000000.0,17903000000.0,38679000000.0,,8125000000.0,2368000000.0,20773600000.0,0.4532976256233013
ユアサ・フナショク,8006,卸売業,スタンダード（内国株式）,JP,2025-03-31,千葉県,31262851072.0,0.7434173,,13.395898,5.749091185877868,0.22709998,0.016483517,132.13,,150.74216151897312,123092000000.0,2731000000.0,0.02816,2050000000.0,0.01989,0.0616,0.6045806511801474,25007000000.0,22628000000.0,33314000000.0,2053000000.0,10627000000.0,11927000000.0,16655900000.0,0.5327697068204235
高島,8007,卸売業,プライム（内国株式）,JP,2025-03-31,,30864302080.0,1.324478,,17.358707,4.270460704778204,0.8753,0.049945116,52.02,,136.49717514124293,94503000000.0,2133000000.0,0.01827,1566000000.0,0.0191,0.07508,0.3984244887082806,36121000000.0,27808000000.0,41351000000.0,12093000000.0,9080000000.0,2567000000.0,7026900000.0,0.2276707887897914
ヨンドシーホールディングス,8008,小売業,プライム（内国株式）,JP,2025-02-28,東京都,39728340992.0,1.0081035,24.798927,26.695526,29.730708641083233,1.1982,0.04491342,69.3,74.6,60.650000046653844,45902000000.0,1960000000.0,0.0434,1377000000.0,0.023929998,0.04164,0.5855114747195236,27561000000.0,12305000000.0,19939000000.0,14915000000.0,1708000000.0,21475000000.0,7410500000.0,0.1865293091773511
三陽商会,8011,繊維製品,プライム（内国株式）,JP,2025-02-28,東京都,49326149632.0,1.2406708,,16.269897,10.572297170912103,0.6968,0.04253491,283.96,,238.89936567803875,60526000000.0,2715000000.0,0.040370002,4007000000.0,0.053590003,0.082440004,0.6889524176999842,17717000000.0,12036000000.0,38218000000.0,7626000000.0,23714000000.0,6298000000.0,24909600000.0,0.5049978598743103
長瀬産業,8012,卸売業,プライム（内国株式）,JP,2025-03-31,,470779265024.0,1.1493039,14.982796,19.904222,12.461664598426466,0.39180002,0.019120459,229.7,305.15,194.95999943327402,944961000000.0,39083000000.0,0.04341,25521000000.0,0.0,,0.49378884677588003,401685000000.0,269576000000.0,560126000000.0,172774000000.0,66310000000.0,72028000000.0,208860600000.0,0.4436486810636242
ナイガイ,8013,繊維製品,スタンダード（内国株式）,JP,2025-01-31,東京都,2313078272.0,0.37646773,,,20.093152455357146,0.0,0.0,-3.19,,13.686254589019493,13162000000.0,64000000.0,-0.024600001,100000000.0,0.0016500001,0.0036700002,0.5520693135935397,5325000000.0,3624000000.0,8548000000.0,1667000000.0,3537000000.0,2921000000.0,5267700000.0,2.2773548408482047
蝶理,8014,卸売業,プライム（内国株式）,JP,2025-03-31,大阪府,111275900928.0,1.158095,,11.431538,8.120192612661588,0.38740003,0.033663366,394.96,,390.87000132442546,311546000000.0,14493000000.0,0.04359,11658000000.0,0.03346,0.1102,0.6298639064596512,53976000000.0,50556000000.0,121566000000.0,1403000000.0,22812000000.0,10382000000.0,74857400000.0,0.6727188850031037
豊田通商,8015,卸売業,プライム（内国株式）,JP,2025-03-31,愛知県,7240516370432.0,2.404276,19.49126,19.686531,10.4011860749371,0.3243,0.007957176,348.36,351.85,313.9800000469297,10309550000000.0,499972000000.0,0.04783,362506000000.0,0.03365,0.135,0.37184288062762505,4311620000000.0,2555043000000.0,4240816000000.0,1853814000000.0,951884000000.0,67956000000.0,-23234800000.0,-0.0032089976475826562
オンワードホールディングス,8016,繊維製品,プライム（内国株式）,JP,2025-02-28,東京都,105812123648.0,1.2305882,13.303694,11.458026,9.666726984290301,0.5891,0.05154639,67.9,58.48,48.659999949801666,208393000000.0,10157000000.0,0.06107,8516000000.0,0.04448,0.12363,0.47029874231383006,94932000000.0,62728000000.0,80101000000.0,52074000000.0,13505000000.0,13789000000.0,-5178700000.0,-0.04894240680045065
三共生興,8018,卸売業,スタンダード（内国株式）,JP,2025-03-31,大阪府,34090704896.0,0.62392545,,77.72021,12.673064947600208,3.5095,0.029834254,11.58,,55.48358164333051,22594000000.0,1776000000.0,0.078150004,2108000000.0,0.06123,0.0257,0.7280122595706285,18645000000.0,6905000000.0,16212000000.0,5591000000.0,9013000000.0,31166000000.0,19383200000.0,0.5685772722838098
兼松,8020,卸売業,プライム（内国株式）,JP,2025-03-31,東京都,371014762496.0,1.8709037,6.315864,13.096217,8.75886864243797,0.32299998,0.024101665,170.24,353.0,138.48499998631135,1050936000000.0,42193000000.0,0.04634,27469000000.0,0.030550001,0.15476,0.25233231351283913,501210000000.0,368387000000.0,521367000000.0,203256000000.0,56779000000.0,6768000000.0,24894600000.0,0.06709867777907731
美津濃,8022,その他製品,プライム（内国株式）,JP,2025-03-31,大阪府,327103610880.0,1.9542915,6.6746054,19.192646,10.958877506582038,0.248,0.012835473,221.96,638.24,186.5700001749542,240335000000.0,20782000000.0,0.09747,15243000000.0,0.06942,0.11071,0.7156202655632807,61359000000.0,42571000000.0,147421000000.0,16022000000.0,32399000000.0,9569000000.0,92760300000.0,0.2835807888223823
ＤＡＩＫＯ　ＸＴＥＣＨ,8023,情報・通信業,スタンダード（内国株式）,JP,2025-03-31,東京都,13278573568.0,1.0093412,,8.65901,7.275114787604885,0.413,0.029850746,121.03,,139.84704709345897,42690259000.0,2410285000.0,0.018819999,1683249000.0,0.03558,0.12118,0.47187827615913464,14120258000.0,9712760000.0,21490511000.0,2360438000.0,8464484000.0,2359370000.0,9021812000.0,0.6794262918226127
ツカモトコーポレーション,8025,卸売業,スタンダード（内国株式）,JP,2025-03-31,東京都,5479515136.0,0.36370072,,,28.957579094817497,1.2993,0.02186589,-60.92,,43.39030784894741,9681223000.0,-332257000.0,0.04456,-380071000.0,-0.02427,-0.01752,0.48634760398824484,14843849000.0,9250630000.0,6126087000.0,7996301000.0,2073674000.0,8066425000.0,-3071264500.0,-0.5604993186024845
ルックホールディングス,8029,繊維製品,スタンダード（内国株式）,JP,2024-12-31,東京都,18786598912.0,0.49219906,,10.641899,6.403005400423502,0.42299998,0.03947888,236.33,,333.37795552510215,54739000000.0,2531000000.0,-0.00327,1925000000.0,0.03013,0.04192,0.6151278293437551,23635000000.0,8521000000.0,29826000000.0,11247000000.0,8144000000.0,6186000000.0,10521200000.0,0.5600375059521577
中央魚類,8030,卸売業,スタンダード（内国株式）,JP,2025-03-31,東京都,15457763328.0,0.4318963,,5.7725873,5.631442305761308,0.17899999,0.03076923,670.41,,534.2333688570985,149902000000.0,3229000000.0,0.02744,2901000000.0,0.01931,0.08866999,0.428517924023542,40950000000.0,21449000000.0,29590000000.0,19236000000.0,5529000000.0,12514000000.0,-2600200000.0,-0.16821321072305656
三井物産,8031,卸売業,プライム（内国株式）,JP,2025-03-31,東京都,16206696284160.0,1.929583,19.367023,18.048332,9.317144820855527,0.33310002,0.018081626,315.32,293.85,360.70500000531894,14662620000000.0,400654000000.0,0.04034,900342000000.0,0.061279997,0.10781,0.44889575349839206,9048877000000.0,3654185000000.0,5686941000000.0,4841260000000.0,977356000000.0,222638000000.0,-3206089400000.0,-0.19782498195721404
日本紙パルプ商事,8032,卸売業,プライム（内国株式）,JP,2025-03-31,東京都,128755466240.0,0.97168756,1.6368781,48.953228,5.804546250998178,1.1794,0.023368606,22.45,671.4,84.10284144499028,554524000000.0,15072000000.0,0.02118,7569000000.0,0.00959,0.04701,0.3418112657240321,246669000000.0,192050000000.0,233953000000.0,112639000000.0,19577000000.0,37017000000.0,13195900000.0,0.10248807592683375
東京エレクトロン,8035,電気機器,プライム（内国株式）,JP,2025-03-31,東京都,19248332144640.0,9.599027,32.799564,35.673927,48.52191542786239,0.50189996,0.014309928,1177.05,1280.2,781.1999995930479,2431568000000.0,697320000000.0,0.21038,544133000000.0,0.21077,0.26457,0.7064811207697238,770775000000.0,677925000000.0,1800756000000.0,,416240000000.0,200013000000.0,1169990100000.0,0.06078397292857408
カメイ,8037,卸売業,プライム（内国株式）,JP,2025-03-31,宮城県,99754786816.0,0.609081,10.954301,9.323609,6.501834113990951,0.2716,0.028528528,349.65,297.6,300.92261904761904,575787000000.0,15912000000.0,0.02406,10690000000.0,0.01854,0.06904,0.49302796919335223,154247000000.0,122319000000.0,187829000000.0,57421000000.0,62262000000.0,21859000000.0,48883300000.0,0.49003462951774307
築地魚市場,8039,卸売業,スタンダード（内国株式）,JP,2025-03-31,東京都,8705139712.0,1.2381083,,20.262926,37.01301446377623,0.18129998,0.008894537,193.21,,91.04460292949399,62414000000.0,303000000.0,0.00856,287000000.0,0.00669,0.0642,0.39368750752921333,10066000000.0,5931000000.0,7175000000.0,4960000000.0,856000000.0,2291000000.0,-1287300000.0,-0.14787815504275734
東京ソワール,8040,繊維製品,スタンダード（内国株式）,JP,2024-12-31,東京都,3763864064.0,0.36177093,,7.3300548,3.211076541832049,0.3033,0.042293232,148.43,,233.34896625480494,15700503000.0,243029000.0,-0.022669999,500571000.0,0.029040001,,0.7328119140474907,3821048000.0,2928381000.0,8524874000.0,791234000.0,1862030000.0,1563397000.0,5798203900.0,1.540492377357016
ＯＵＧホールディングス,8041,卸売業,スタンダード（内国株式）,JP,2025-03-31,,24695625728.0,0.66313004,,5.0471063,3.7020659990129103,0.107,0.023317307,906.46,,672.1134233199951,350092000000.0,5101000000.0,0.01223,4527000000.0,0.0137600005,0.14077,0.39385177799933535,54717000000.0,46320000000.0,68521000000.0,24520000000.0,2793000000.0,7108000000.0,18779600000.0,0.760442363633152
スターゼン,8043,卸売業,プライム（内国株式）,JP,2025-03-31,東京都,77379657728.0,0.87208664,,6.302951,7.018591310504512,0.1707,0.08172362,214.82,,128.87094470396858,436112000000.0,9046000000.0,0.00926,12197000000.0,0.028199999,0.14895001,0.5161997719816654,83170000000.0,50268000000.0,111416000000.0,42563000000.0,16291000000.0,21597000000.0,43363900000.0,0.5604043914542759
横浜丸魚,8045,卸売業,スタンダード（内国株式）,JP,2025-03-31,神奈川県,10257627136.0,0.5254332,,21.341692,14.531138777674993,0.5641,0.01734104,79.75,,64.31204718453385,39841896000.0,354727000.0,0.0173,508223000.0,0.01474,0.03464,0.6873283209376303,7850430000.0,3641070000.0,7326266000.0,797377000.0,2917894000.0,13675446000.0,9048648200.0,0.8821385375027927
丸藤シートパイル,8046,卸売業,スタンダード（内国株式）,JP,2025-03-31,東京都,17715697664.0,0.5451194,,10.277386,7.47249813406808,0.27,0.026289182,481.64,,383.3473037161218,35585000000.0,1581000000.0,0.07768,1534000000.0,0.05195,0.06427,0.7033591848802565,13043000000.0,12227000000.0,32854000000.0,500000000.0,5092000000.0,1290000000.0,20714000000.0,1.1692455128139174
セイコーグループ,8050,精密機器,プライム（内国株式）,JP,2025-03-31,東京都,451218407424.0,2.5896022,32.195976,26.317043,16.095798369720676,0.274,0.011431412,419.5,342.9,244.33586153247762,304744000000.0,21241000000.0,0.1294,13316000000.0,0.0,,0.42241547411411673,211223000000.0,149628000000.0,174183000000.0,116641000000.0,39429000000.0,53123000000.0,146100000.0,0.0003237899819603615
山善,8051,卸売業,プライム（内国株式）,JP,2025-03-31,大阪府,128068190208.0,1.0035825,,15.000498,18.92407606353436,0.5171,0.035016835,100.53,,66.91999998679754,516126000000.0,9536000000.0,0.02525,7845000000.0,0.01795,0.0765,0.43313773459018357,164333000000.0,143780000000.0,229411000000.0,13102000000.0,64300000000.0,24063000000.0,81922100000.0,0.639675628014634
椿本興業,8052,卸売業,プライム（内国株式）,JP,2025-03-31,大阪府,54750535680.0,1.1421962,,11.825356,10.02776344171051,0.2777,0.024834437,252.17,,212.90000517879264,124323000000.0,6021000000.0,0.04087,4691000000.0,0.03647,0.105229996,0.43443062619198985,56657000000.0,52016000000.0,81082000000.0,,28953000000.0,15459000000.0,35246300000.0,0.6437617378942876
住友商事,8053,卸売業,プライム（内国株式）,JP,2025-03-31,東京都,7931850391552.0,1.7489867,14.949581,13.164482,10.899738799929269,0.2684,0.009645348,503.4,443.29,315.6399999887911,7292084000000.0,405023000000.0,0.054250002,561859000000.0,0.0753,0.12635,0.3996558898978356,6745603000000.0,3261640000000.0,5074132000000.0,3783638000000.0,570617000000.0,206131000000.0,-1527179300000.0,-0.19253758260828488
ＢＩＰＲＯＧＹ,8056,情報・通信業,プライム（内国株式）,JP,2025-03-31,東京都,449598324736.0,2.6390831,16.245073,15.000966,17.321794345139764,0.38669997,0.024860162,310.38,286.61,250.4700008153222,404010000000.0,38236000000.0,0.08704001,26965000000.0,0.07355,0.19158001,0.510916476263011,159579000000.0,122649000000.0,196809000000.0,42599000000.0,64801000000.0,32548000000.0,60013600000.0,0.13348270377839916
内田洋行,8057,卸売業,プライム（内国株式）,JP,2025-07-31,東京都,101156372480.0,1.4285406,2.3230264,10.281733,10.822941408064652,0.3008,0.02806361,199.48,882.9,142.1662263767527,,,0.037550002,,0.0,0.16371,,,,,,,,,
三菱商事,8058,卸売業,プライム（内国株式）,JP,2025-03-31,東京都,18744982110208.0,2.0591142,23.85399,28.892952,14.901785135659596,0.5994,0.020333076,175.06,212.04,222.3700000215327,18617601000000.0,371097000000.0,0.04211,950709000000.0,0.039839998,0.08528,0.4358331165498641,11341782000000.0,5883020000000.0,8752370000000.0,5339302000000.0,1536624000000.0,67725000000.0,-2542004500000.0,-0.13560986535248248
第一実業,8059,卸売業,プライム（内国株式）,JP,2025-03-31,,111287828480.0,1.2708204,14.353377,11.689531,8.523680115214496,0.3154,0.011927878,298.13,242.8,234.5300021585813,221755000000.0,13113000000.0,0.080690004,8841000000.0,0.04478,0.120129995,0.4654408804187357,91523000000.0,87777000000.0,149940000000.0,2220000000.0,35960000000.0,12709000000.0,67313300000.0,0.6048577002479399
キヤノンマーケティングジャパン,8060,卸売業,プライム（内国株式）,JP,2024-12-31,東京都,730980614144.0,1.7703747,18.128157,17.86594,15.732261752563554,0.4458,0.024233785,381.62,376.1,319.69000112296044,,,0.10633001,,0.06099,0.10418,0.7298104618645764,140890000000.0,123539000000.0,332185000000.0,3503000000.0,109226000000.0,17771000000.0,203734700000.0,0.27871423134603834
西華産業,8061,卸売業,プライム（内国株式）,JP,2025-03-31,東京都,96340885504.0,1.9374564,,12.484279,9.422992564578921,0.3415,0.030222895,214.67,,123.43999916845053,93734000000.0,6487000000.0,0.06362,7799000000.0,0.058319997,0.12503,0.36446310978669527,81868000000.0,77119000000.0,105833000000.0,200000000.0,16829000000.0,16922000000.0,35810400000.0,0.3717051157736471
佐藤商事,8065,卸売業,プライム（内国株式）,JP,2025-03-31,東京都,50415550464.0,0.6781551,,8.488627,5.490179698286847,0.27879998,0.031961646,287.09,,299.9100038504963,284552000000.0,6817000000.0,0.02487,6015000000.0,0.0,0.084180005,0.3998761269815301,102690000000.0,92257000000.0,125596000000.0,32202000000.0,3912000000.0,17927000000.0,35454900000.0,0.7032532556659699
三谷商事,8066,卸売業,スタンダード（内国株式）,JP,2025-03-31,福井県,229889474560.0,1.3238063,,11.636471,8.617089955852315,0.3259,0.027509825,236.24,,203.550000751814,339005000000.0,31509000000.0,0.09636,19022000000.0,0.05807,0.115439996,0.5591261187739976,106829000000.0,95623000000.0,240898000000.0,8310000000.0,128469000000.0,13627000000.0,143607900000.0,0.6246823621432005
東京産業,8070,卸売業,プライム（内国株式）,JP,2025-03-31,東京都,26078652416.0,1.1128558,,12.030799,-10.93769526459927,0.4454,0.03592233,83.12,,-60.94603248061856,70716000000.0,2267000000.0,0.06599,2164000000.0,0.047930002,0.13409,0.2479756008180346,63594000000.0,55938000000.0,62646000000.0,13722000000.0,15952000000.0,7197000000.0,4089900000.0,0.15682942257747678
ユアサ商事,8074,卸売業,プライム（内国株式）,JP,2025-03-31,東京都,127031230464.0,1.1260841,,12.44591,8.923933297610645,0.39139998,0.030940989,485.3,,559.6900003506355,528387000000.0,15761000000.0,0.0306,10242000000.0,0.021429999,0.10520001,0.37884471639404105,178221000000.0,170124000000.0,210333000000.0,7007000000.0,43854000000.0,13082000000.0,41269400000.0,0.32487601552199036
神鋼商事,8075,卸売業,プライム（内国株式）,JP,2025-03-31,大阪府,72661524480.0,0.7625225,,9.00311,6.484435071058026,0.33720002,0.036654804,305.45,,345.1003421572737,617177000000.0,13223000000.0,0.02182,8563000000.0,0.01348,0.084910005,0.23634812727789697,293895000000.0,272200000000.0,337539000000.0,61255000000.0,21381000000.0,32574000000.0,66445800000.0,0.9144564537493172
カノークス,8076,卸売業,スタンダード（内国株式）,JP,2025-03-31,愛知県,21007867904.0,0.63708264,,10.164861,9.261620188354842,0.49080002,0.024456521,215.94,,202.62453345756472,173013544000.0,2512099000.0,0.01354,1987778000.0,0.01249,0.06219,0.36128733949784675,56033699000.0,45222627000.0,68500662000.0,31666406000.0,5225728000.0,12038450000.0,20893878000.0,0.9945739422714908
トルク,8077,卸売業,スタンダード（内国株式）,JP,2025-10-31,大阪府,5010611712.0,0.35063776,,5.570891,5.9285090625759675,0.1505,0.026785715,39.85,,36.39999993496211,22538290000.0,1009912000.0,0.02563,904875000.0,0.040110003,0.06561,0.4197894897879511,19751778000.0,12034028000.0,16529164000.0,12796326000.0,3257913000.0,9079518000.0,3133048600.0,0.6252826561069595
阪和興業,8078,卸売業,プライム（内国株式）,JP,2025-03-31,大阪府,343693590528.0,0.85971546,21.114355,8.385884,4.361894790696362,0.2348,0.027683616,1043.42,414.41,1267.440001807942,2554514000000.0,61533000000.0,0.02004,45482000000.0,0.01513,,0.328574675867748,776337000000.0,461670000000.0,903705000000.0,377640000000.0,65313000000.0,116299000000.0,208777300000.0,0.6074518284710094
正栄食品工業,8079,卸売業,プライム（内国株式）,JP,2025-10-31,東京都,68779491328.0,1.2544822,18.643307,22.914251,23.260757645546526,0.3309,0.014510278,181.11,222.6,188.1800042525401,124897835000.0,4942912000.0,0.02384,3035838000.0,0.024300002,0.05682,0.5676566310142368,40655562000.0,33770661000.0,65764154000.0,22319715000.0,11505001000.0,4693210000.0,28393839000.0,0.4128242075038569
カナデン,8081,卸売業,プライム（内国株式）,JP,2025-03-31,東京都,51079770112.0,1.0470281,,12.374419,9.56560921150168,0.4053,0.016788635,185.14,,148.17658349328215,125665000000.0,4500000000.0,0.02318,3942000000.0,0.02783,0.08357,0.5386782815639699,41095000000.0,40434000000.0,72011000000.0,77000000.0,16723000000.0,4358000000.0,33966600000.0,0.6649716693227705
ＲＹＯＤＥＮ,8084,卸売業,プライム（内国株式）,JP,2025-03-31,東京都,79007383552.0,0.8783246,,16.182446,9.552161279378426,0.5341,0.0142281875,226.48,,262.3559306436301,215790000000.0,5483000000.0,0.013890001,4700000000.0,0.02497,0.05939,0.6281981759921124,52784000000.0,49296000000.0,125802000000.0,2616000000.0,33311000000.0,6850000000.0,77813000000.0,0.9848826337703754
ナラサキ産業,8085,卸売業,スタンダード（内国株式）,JP,2025-03-31,北海道,21111560192.0,0.7737534,,9.379838,6.272919246420544,0.2733,0.029232644,439.24,,457.9598436289048,112512000000.0,3067000000.0,0.02495,2241000000.0,0.01907,0.0877,0.4627560686272774,29781000000.0,25314000000.0,39001000000.0,2504000000.0,12637000000.0,3952000000.0,11986400000.0,0.5677647644697581
ニプロ,8086,精密機器,プライム（内国株式）,JP,2025-03-31,,247252860928.0,0.96915704,14.338408,25.599459,17.177381080402736,0.38880002,0.0151465265,59.22,105.73,68.11331816969452,644586000000.0,26598000000.0,0.06726,5113000000.0,0.0233,0.058119997,0.21566099760457352,858944000000.0,350545000000.0,574418000000.0,636873000000.0,106668000000.0,15287000000.0,-273825100000.0,-1.107469895281567
岩谷産業,8088,卸売業,プライム（内国株式）,JP,2025-03-31,大阪府,423413940224.0,1.0316848,2.6755195,8.944374,10.309928267908115,0.3429,0.03764015,205.66,687.53,188.9008249592103,883011000000.0,46232000000.0,0.041989997,40448000000.0,0.045229997,0.10373,0.4426010726971293,475005000000.0,254993000000.0,328458000000.0,231282000000.0,27759000000.0,211938000000.0,1809600000.0,0.00427383188905557
ナイス,8089,卸売業,スタンダード（内国株式）,JP,2025-03-31,神奈川県,24590759936.0,0.42984828,,7.1022434,4.739326896014096,0.2344,0.03369673,290.19,,356.28290150557496,243054000000.0,4629000000.0,0.013250001,2872000000.0,0.013359999,0.060100004,0.3287475809327806,109377000000.0,76106000000.0,106717000000.0,41902000000.0,25567000000.0,10514000000.0,4699800000.0,0.19112056773486125
ニチモウ,8091,卸売業,プライム（内国株式）,JP,2025-03-31,東京都,22474250240.0,0.6599173,4.054259,7.667173,7.818179025043901,0.2923,0.037918214,348.89,659.8,283.20763206590385,133900000000.0,3003000000.0,0.0358,2666000000.0,0.022130001,0.09714,0.36355868973982525,52870000000.0,32086000000.0,56501000000.0,31257000000.0,5956000000.0,14434000000.0,13734800000.0,0.611134959045468
極東貿易,8093,卸売業,プライム（内国株式）,JP,2025-03-31,東京都,25860962304.0,0.84727776,,7.093374,20.82758263241461,0.23200001,0.016218722,301.69,,93.8083258946685,52982000000.0,2042000000.0,0.03444,3717000000.0,0.03026,0.0675,0.5060334425099121,28655000000.0,24801000000.0,43688000000.0,7645000000.0,8834000000.0,9405000000.0,21616500000.0,0.8358737678008411
アステナホールディングス,8095,卸売業,プライム（内国株式）,JP,2024-11-30,東京都,19619610624.0,0.72390264,,,15.536508200891577,0.3394,0.036659878,-48.95,,29.465509995936007,57993375000.0,2815860000.0,0.01245,-2525292000.0,0.03486,0.08274,0.3895943086603281,39293136000.0,31903357000.0,39141397000.0,14938747000.0,6101384000.0,4137112000.0,2744239400.0,0.1398722662030339
三愛オブリ,8097,卸売業,プライム（内国株式）,JP,2025-03-31,東京都,151770398720.0,1.3417567,,21.733309,11.126501097109584,0.89199996,0.041237112,112.04,,171.1499996772914,654404000000.0,11809000000.0,0.020550001,8656000000.0,0.012940001,0.070700005,0.5481966104968374,87088000000.0,71692000000.0,96390000000.0,4136000000.0,40599000000.0,15516000000.0,20163200000.0,0.13285331112029908
稲畑産業,8098,卸売業,プライム（内国株式）,JP,2025-03-31,大阪府,219402125312.0,0.9530983,12.368342,10.989011,8.307108327889527,0.3422,0.031143552,374.01,332.3,362.1700031427302,837838000000.0,25825000000.0,0.029409999,19833000000.0,0.0231,0.086660005,0.47095969880444916,225421000000.0,168469000000.0,359977000000.0,73632000000.0,59839000000.0,36230000000.0,159917000000.0,0.7288762575685656
ＧＳＩクレオス,8101,卸売業,プライム（内国株式）,JP,2025-03-31,東京都,33258964992.0,1.0543216,,13.457238,13.730551716322138,0.48240003,0.03528556,201.23,,164.6045174686646,165541000000.0,2956000000.0,0.021429999,2358000000.0,0.01502,0.08788,0.3762270993559682,49880000000.0,46767000000.0,68587000000.0,13477000000.0,7994000000.0,5978000000.0,22891600000.0,0.6882835952804385
明和産業,8103,卸売業,プライム（内国株式）,JP,2025-03-31,東京都,38788362240.0,0.95952976,,10.895337,9.355439374526767,0.4743,0.04272635,88.57,,66.07981995960397,156727000000.0,3569000000.0,0.02428,3376000000.0,0.01964,0.07972,0.5154085269448241,35728000000.0,32284000000.0,57418000000.0,1600000000.0,8382000000.0,14453000000.0,31807100000.0,0.8200165761883944
クワザワホールディングス,8104,卸売業,スタンダード（内国株式）,JP,2025-03-31,,9271923712.0,0.55125517,,14.084187,17.384536546781593,0.4096,0.02907916,43.95,,49.28607031984864,65406000000.0,1465000000.0,0.0136899995,747000000.0,0.007929999,0.0301,0.3873627039740077,25156000000.0,22288000000.0,32188000000.0,2065000000.0,7512000000.0,1530000000.0,8103000000.0,0.8739286745330805
Ｂｉｔｃｏｉｎ　Ｊａｐａｎ,8105,卸売業,スタンダード（内国株式）,JP,2025-03-31,東京都,14740046848.0,4.9330807,,,138.97516894883145,0.0,0.0,-8.61,,0.34538544088888906,3098781000.0,-355167000.0,-0.10623,-407319000.0,-0.18606001,-0.20061001,0.8033811548019857,654773000.0,627305000.0,3112522000.0,,474747000.0,51318000.0,2493671600.0,0.16917664005514021
キムラタン,8107,繊維製品,スタンダード（内国株式）,JP,2025-03-31,兵庫県,10740005888.0,9.270265,,,98.0070425709516,0.0,0.0,-0.19,,0.17345692262566698,1758327000.0,134788000.0,0.09187,-46439000.0,-0.029360002,-0.06329,0.11223613806662527,8958616000.0,1325491000.0,2117547000.0,8120186000.0,204274000.0,451000.0,-6840753300.0,-0.6369412988537833
ゴールドウイン,8111,繊維製品,プライム（内国株式）,JP,2025-03-31,東京都,334331084800.0,2.8251917,4.0506287,14.110111,17.274921680647232,0.3848,0.0266242,173.28,603.61,179.6966670527371,132305000000.0,21905000000.0,0.26794,24444000000.0,0.16303,0.19478,0.7315893078467891,39677000000.0,37391000000.0,93438000000.0,2629000000.0,52526000000.0,33014000000.0,76870800000.0,0.22992417844121446
ユニ・チャーム,8113,化学,プライム（内国株式）,JP,2024-12-31,東京都,1815612096512.0,2.3658698,5.9018154,27.99839,34.03246698869674,0.48259997,0.016916623,37.27,176.81,48.4717155854368,988981000000.0,134763000000.0,0.12882,81842000000.0,0.08636,0.112449996,0.6234506719097915,366262000000.0,301585000000.0,671040000000.0,26851000000.0,261054000000.0,117571000000.0,387077700000.0,0.21319405215663678
ムーンバット,8115,卸売業,スタンダード（内国株式）,JP,2025-03-31,京都府,6653092352.0,1.116665,,9.144981,6.0840048748233695,0.3532,0.025377229,161.4,,119.26406443504504,11946371000.0,702772000.0,0.02469,583334000.0,0.059180003,0.12852,0.5496045704328059,4464904000.0,3919594000.0,5981295000.0,2429318000.0,1343187000.0,253880000.0,1694107000.0,0.2546345233717868
中央自動車工業,8117,卸売業,スタンダード（内国株式）,JP,2025-03-31,大阪府,123185430528.0,2.0772216,4.577002,13.3481045,12.761466682424718,0.3371,0.025840826,166.99,487.0,143.6191035782418,41558245000.0,11040087000.0,0.25586998,8681893000.0,0.21676001,0.16523,0.8772937409529842,7790942000.0,6480939000.0,31449434000.0,,23560632000.0,17769678000.0,36097266600.0,0.2930319474087084
キング,8118,繊維製品,スタンダード（内国株式）,JP,2025-03-31,東京都,16102476800.0,0.7037469,,24.840137,20.97865289478409,0.443,0.017839445,40.66,,33.00105256640456,8157000000.0,865000000.0,0.117180005,733000000.0,0.07886,0.027309999,0.8738966442431076,3243000000.0,1539000000.0,12818000000.0,380000000.0,10718000000.0,3100000000.0,11745000000.0,0.7293908971817304
三栄コーポレーション,8119,卸売業,スタンダード（内国株式）,JP,2025-03-31,,8364878848.0,0.5817832,,20.38925,11.570230012482954,0.84550005,0.02408257,43.16,,55.77000006218119,39861723000.0,2096862000.0,0.01595,974483000.0,0.01021,0.02735,0.564368551719344,10278093000.0,8108227000.0,17204840000.0,4273740000.0,7721166000.0,4370475000.0,9986079500.0,1.1938104163203298
川辺,8123,卸売業,スタンダード（内国株式）,JP,2025-03-31,東京都,2764538624.0,0.38063318,,5.7855344,10.504013804881001,0.191,0.0327654,261.86,,146.25337181198054,12769226000.0,307655000.0,0.015240001,411806000.0,0.03584,0.06855,0.5712452830796956,5319757000.0,4542277000.0,6912100000.0,2274010000.0,1360532000.0,1154883000.0,2400761100.0,0.8684129348593973
ワキタ,8125,卸売業,プライム（内国株式）,JP,2025-02-28,大阪府,104667963392.0,1.0529284,20.376085,26.515245,22.68615307957585,1.2549,0.047058824,79.69,103.7,63.4499994916767,92321000000.0,6391000000.0,0.07216,3912000000.0,0.03585,0.03358,0.6888966504359022,44099000000.0,22206000000.0,50036000000.0,830000000.0,21183000000.0,4899000000.0,9366300000.0,0.08948583402661188
ヤマトインターナショナル,8127,繊維製品,スタンダード（内国株式）,JP,2025-08-31,大阪府,12426499072.0,0.70106786,,86.96275,19.99105486739153,2.2956,0.026359143,6.98,,17.175322462886346,19444522000.0,-201508000.0,0.024419999,143178000.0,0.0077600004,0.0086199995,0.7430728797608254,5986693000.0,4563137000.0,10308720000.0,832122000.0,4880363000.0,5902647000.0,8453879900.0,0.6803106692414035
東邦ホールディングス,8129,卸売業,プライム（内国株式）,JP,2025-03-31,東京都,302028161024.0,1.1444016,22.324245,15.484128,12.241259733390496,0.2821,0.018326866,301.47,209.1,286.79000159284584,1518495000000.0,18942000000.0,0.0088,19844000000.0,0.01352,0.07823,0.35525349160561975,465910000000.0,424008000000.0,548946000000.0,21260000000.0,86533000000.0,64095000000.0,127902500000.0,0.4234787231970614
サンゲツ,8130,卸売業,プライム（内国株式）,JP,2025-03-31,,189533274112.0,1.6428567,11.752915,15.080664,12.567971974407893,0.7014,0.046423137,213.85,274.4,243.30000129557973,200378000000.0,18176000000.0,0.08547,12567000000.0,0.067600004,0.122980006,0.6147863308296031,70080000000.0,58276000000.0,117011000000.0,12784000000.0,33727000000.0,8203000000.0,52673100000.0,0.2779095134972139
ミツウロコグループホールディングス,8131,卸売業,スタンダード（内国株式）,JP,2025-03-31,東京都,124041093120.0,1.2271667,,9.626577,8.812616111015275,0.23799999,0.023718763,235.39,,155.14683659143677,339656000000.0,8769000000.0,0.03086,10515000000.0,0.034,0.116960004,0.5307739938080496,87038000000.0,51368000000.0,94208000000.0,27078000000.0,42627000000.0,26123000000.0,25456100000.0,0.20522311888507164
シナネンホールディングス,8132,卸売業,プライム（内国株式）,JP,2025-03-31,東京都,72133541888.0,1.2786385,,21.004942,-51.230324462216714,0.2854,0.013372957,315.64,,-95.46461313310083,317118000000.0,4009000000.0,0.01571,3153000000.0,0.00976,0.055120002,0.5211641210565069,50705000000.0,43248000000.0,62862000000.0,5484000000.0,11919000000.0,8243000000.0,17927100000.0,0.24852654577581915
伊藤忠エネクス,8133,卸売業,プライム（内国株式）,JP,2025-03-31,東京都,219843690496.0,1.2428339,,13.584037,11.999547484828236,0.45349997,0.03251626,143.33,,123.02999951920226,924481000000.0,27778000000.0,0.02431,17102000000.0,0.01637,0.08095,0.38965283274906704,239403000000.0,163994000000.0,200419000000.0,56654000000.0,13931000000.0,9382000000.0,-32416600000.0,-0.147452946804447
ゼット,8135,卸売業,スタンダード（内国株式）,JP,2025-03-31,大阪府,10531256320.0,0.7193485,,3.618753,7.098179008201316,0.0672,0.017985612,148.67,,41.381424338408095,55309000000.0,1075000000.0,0.01274,2992000000.0,0.050869998,0.20365,0.44421380384016607,18207000000.0,16631000000.0,26348000000.0,47000000.0,9078000000.0,3622000000.0,10676400000.0,1.0137821809278686
サンリオ,8136,卸売業,プライム（内国株式）,JP,2025-03-31,東京都,1324656099328.0,9.315886,41.65587,26.797451,39.81136223620096,0.31370002,0.013434089,203.9,131.17,71.82999992610301,144904000000.0,51660000000.0,0.42587003,41731000000.0,0.29553,0.44035,0.5287837317075581,94801000000.0,49277000000.0,151698000000.0,45323000000.0,118976000000.0,7558000000.0,62187600000.0,0.046946222518846864
サンワテクノス,8137,卸売業,プライム（内国株式）,JP,2025-03-31,東京都,49482018816.0,1.0011897,,20.733652,6.704673625338637,0.76629996,0.036363635,156.75,,329.869994855293,139581000000.0,3508000000.0,0.02466,2443000000.0,0.01875,0.054419998,0.5276434818109542,43966000000.0,39133000000.0,82875000000.0,8780000000.0,23371000000.0,6399000000.0,43388300000.0,0.8768498343072939
三京化成,8138,卸売業,スタンダード（内国株式）,JP,2025-03-31,大阪府,4277645312.0,0.4743282,,5.149681,12.029265073652699,0.1027,0.009473684,925.3,,260.06376594148537,27117644000.0,464075000.0,0.02211,629354000.0,0.03484,0.09854,0.5385037030993292,7466244000.0,6478525000.0,10974124000.0,720000000.0,1469080000.0,3424920000.0,5905324000.0,1.380508099499017
ナガホリ,8139,卸売業,スタンダード（内国株式）,JP,2025-03-31,東京都,31743539200.0,2.4168973,,66.02871,41.52003830681684,0.32,0.0047528516,31.35,,33.90719128089617,22891436000.0,723029000.0,0.059369996,406380000.0,0.0197,0.03703,0.4953460959054309,13243968000.0,11999874000.0,19031894000.0,10401872000.0,2287813000.0,1345782000.0,6729973400.0,0.2120108081710057
新光商事,8141,卸売業,プライム（内国株式）,JP,2025-03-31,東京都,30693683200.0,0.58763814,,38.36545,12.041755109614709,0.4996,0.012589928,28.02,,96.53000035450748,116008000000.0,637000000.0,0.01066,505000000.0,0.0032499998,0.0064,0.6458257860613859,27514000000.0,21255000000.0,71517000000.0,10070000000.0,28616000000.0,6103000000.0,48275100000.0,1.5728024455533574
トーホー,8142,卸売業,プライム（内国株式）,JP,2025-01-31,兵庫県,42820857856.0,1.3260466,,10.82279,7.609865413797264,0.38959998,0.0363406,124.09,,111.71666744191732,246465000000.0,7496000000.0,0.03168,4485000000.0,0.0,0.15209,0.3479619565217391,57202000000.0,42798000000.0,46383000000.0,19458000000.0,9226000000.0,2369000000.0,-9160700000.0,-0.21393079117672126
ラピーヌ,8143,繊維製品,スタンダード（内国株式）,JP,2025-02-28,東京都,531850944.0,0.7576165,,,-1.9848201892940651,0.0,0.0,-113.16,,-136.03247359955063,2042991000.0,-360564000.0,-0.107,-129269000.0,-0.14925,-0.37467,0.2776200594090789,2196964000.0,1277218000.0,1325836000.0,1575087000.0,760662000.0,517418000.0,-508935400.0,-0.9569135972051598
デンキョーグループホールディングス,8144,卸売業,スタンダード（内国株式）,JP,2025-03-31,大阪府,8119584256.0,0.29752776,,19.695122,90.27260951450893,0.6098,0.015243903,65.6,,13.83399209486166,54326000000.0,109000000.0,0.02928,420000000.0,0.00712,0.01395,0.739349493366176,9312000000.0,6829000000.0,19527000000.0,1364000000.0,5216000000.0,4497000000.0,13362900000.0,1.6457616028955462
トミタ,8147,卸売業,スタンダード（内国株式）,JP,2025-03-31,東京都,7300966400.0,0.6075027,,10.530612,14.077029986982625,0.1633,0.0153953815,134.75,,108.23938631394941,21676665000.0,771210000.0,0.0505,629559000.0,0.03019,0.0561,0.6381790987696403,6435681000.0,5041599000.0,13746457000.0,165080000.0,6116288000.0,2307805000.0,8926239500.0,1.2226106806901618
三信電気,8150,卸売業,プライム（内国株式）,JP,2025-03-31,東京都,38135803904.0,0.86577725,,8.122343,8.784651280553575,0.378,0.045597482,383.51,,224.65999267969192,157342000000.0,5791000000.0,0.03209,3522000000.0,0.02622,,0.4816714059655677,43500000000.0,42768000000.0,74878000000.0,24256000000.0,9361000000.0,2242000000.0,32947400000.0,0.8639492714756749
東陽テクニカ,8151,卸売業,プライム（内国株式）,JP,2025-09-30,東京都,41242566656.0,1.4690137,15.421803,34.648804,13.95602690546432,1.2473,0.03534836,55.24,124.11,112.45999750559703,32559176000.0,1914644000.0,0.09154,1195595000.0,0.0367,0.042280003,0.7030174189648378,11817358000.0,10811336000.0,19490370000.0,2700000000.0,3657789000.0,2392783000.0,9347960100.0,0.2266580588441639
ソマール,8152,卸売業,スタンダード（内国株式）,JP,2025-03-31,東京都,11918761984.0,0.5819992,,5.310514,5.162525538789227,0.0863,0.016233766,1158.08,,707.0555121220685,30363512000.0,2570297000.0,0.08329,2586595000.0,0.07355,0.11417,0.6513245872358808,10799276000.0,8919983000.0,22733389000.0,5000000000.0,8978283000.0,2388151000.0,13605818700.0,1.1415463047474848
モスフードサービス,8153,卸売業,プライム（内国株式）,JP,2025-03-31,東京都,134523183104.0,2.3767226,43.383083,31.978878,40.60787939492522,0.2203,0.0068649887,136.34,100.5,83.45000008756898,96185000000.0,5224000000.0,0.08598,3150000000.0,0.042290002,0.076009996,0.6707456314535345,26250000000.0,19385000000.0,43730000000.0,5428000000.0,25300000000.0,14067000000.0,27326900000.0,0.20313896363033238
加賀電子,8154,卸売業,プライム（内国株式）,JP,2025-03-31,東京都,195164372992.0,1.1911671,10.425153,8.757485,7.824436437317599,0.2351,0.027194066,467.6,392.8,387.30500064154234,547779000000.0,23601000000.0,0.043509997,17083000000.0,0.04185,0.14577,0.5437774600796281,139294000000.0,117704000000.0,257164000000.0,30390000000.0,80188000000.0,12556000000.0,126659200000.0,0.6489873026425366
都築電気,8157,情報・通信業,プライム（内国株式）,JP,2025-03-31,東京都,67991654400.0,1.4993063,,12.202693,7.276221268495134,0.3398,0.027012987,306.08,,304.7500048408345,98263000000.0,6482000000.0,0.06342,4764000000.0,0.06337,0.14908,0.551503191236901,35435000000.0,29209000000.0,65063000000.0,9547000000.0,38713000000.0,4538000000.0,32804600000.0,0.48247980269766755
ソーダニッカ,8158,卸売業,プライム（内国株式）,JP,2025-03-31,東京都,27160156160.0,0.82216275,,13.064003,13.359751208166173,0.4061,0.03091061,91.09,,81.04792780162973,65146000000.0,2111000000.0,0.043759998,2195000000.0,0.03309,0.07012,0.40346994535519126,43666000000.0,39390000000.0,51247000000.0,3165000000.0,7231000000.0,13794000000.0,17236800000.0,0.6346355263371211
立花エレテック,8159,卸売業,プライム（内国株式）,JP,2025-03-31,大阪府,75365081088.0,0.7228129,10.051941,10.979842,8.772078217761448,0.3336,0.0311042,299.64,327.3,347.2699929701501,220112000000.0,8225000000.0,0.03295,7046000000.0,0.02863,0.064380005,0.5742552111041254,70425000000.0,57733000000.0,130240000000.0,10517000000.0,24069000000.0,25794000000.0,77870800000.0,1.033247743859974
木曽路,8160,小売業,プライム（内国株式）,JP,2025-03-31,愛知県,73779101696.0,2.4286919,,18.498905,162.09569152776035,0.2328,0.012721665,141.63,,15.482404744149711,53229000000.0,2708000000.0,0.09696999,3166000000.0,0.06528,0.12272,0.6485325238879032,16442000000.0,13212000000.0,19503000000.0,7813000000.0,13389000000.0,2994000000.0,5156800000.0,0.06989513129677452
ＳＲＳホールディングス,8163,小売業,プライム（内国株式）,JP,2025-03-31,大阪府,52350586880.0,2.9631293,,70.76579,26.23949779981182,0.41900003,0.005868545,17.89,,43.4900000916532,67478441000.0,2678810000.0,0.03101,925802000.0,0.01391,0.06386,0.3590981857280758,28922366000.0,11184467000.0,18090516000.0,17783916000.0,12567643000.0,1188514000.0,-9999890200.0,-0.19101772866314043
千趣会,8165,小売業,スタンダード（内国株式）,JP,2024-12-31,大阪府,9729453056.0,0.57656056,,,-3.7291550984943536,0.0,0.0,-88.25,,-102.16791469838,45600000000.0,-3742000000.0,-0.14312,-3658000000.0,0.06943,0.19543,0.521779605135565,12336000000.0,10103000000.0,14126000000.0,2707000000.0,2654000000.0,1096000000.0,2557200000.0,0.2628308071668032
タカキュー,8166,小売業,スタンダード（内国株式）,JP,2025-02-28,東京都,2928848128.0,0.35473716,,,-16.692766190676597,0.0,0.03409091,-1.31,,-4.193433203365483,9650127000.0,203590000.0,0.08993,1968805000.0,0.02579,0.099580005,0.18902917025510313,4615960000.0,1794839000.0,3507309000.0,1991353000.0,1378442000.0,655383000.0,-649882900.0,-0.22189026934755424
リテールパートナーズ,8167,小売業,プライム（内国株式）,JP,2025-02-28,山口県,60793430016.0,0.6877863,,11.014313,15.43131590953503,0.2644,0.023960536,128.56,,109.8499494403789,266741000000.0,6829000000.0,0.01561,5225000000.0,0.01929,0.06034,0.6665905727510312,42355000000.0,32473000000.0,38398000000.0,13617000000.0,24382000000.0,12081000000.0,4499700000.0,0.07401622179922634
上新電機,8173,小売業,プライム（内国株式）,JP,2025-03-31,大阪府,71790239744.0,0.6925749,10.339173,23.101265,11.621788224505151,1.2492,0.05359057,120.08,268.3,185.89183231348105,403259000000.0,3688000000.0,0.00824,3407000000.0,0.0,0.036760002,0.4521021325857548,126840000000.0,80555000000.0,125168000000.0,47150000000.0,7708000000.0,6032000000.0,2550400000.0,0.035525720614593075
日本瓦斯,8174,小売業,プライム（内国株式）,JP,2025-03-31,東京都,321867284480.0,5.1922293,21.673897,24.693138,25.015056558124638,0.8045,0.03269231,121.39,138.3,95.63227732918706,200057000000.0,18554000000.0,0.11186,11548000000.0,0.06504,0.2078,0.43229627350690303,88572000000.0,49311000000.0,57403000000.0,46937000000.0,19810000000.0,2130000000.0,-29678000000.0,-0.09220570536687805
ロイヤルホールディングス,8179,小売業,プライム（内国株式）,JP,2024-12-31,福岡県,138659315712.0,2.6483688,13.076995,28.031057,30.4141441500383,0.3186,0.011275546,50.23,107.67,40.98948265746671,152150000000.0,7371000000.0,0.05252,5926000000.0,0.030840002,0.10032,0.39336767445865756,77265000000.0,30099000000.0,36154000000.0,49981000000.0,19349000000.0,8817000000.0,-34939100000.0,-0.2519780212428689
東天紅,8181,小売業,スタンダード（内国株式）,JP,2025-02-28,東京都,2822427648.0,0.30191287,,6.671523,-16.177514504875138,0.0911,0.0,164.73,,-52.46728995251378,4710603000.0,490042000.0,-0.00624,430072000.0,-0.01818,-0.01365,0.6138294980276828,4210383000.0,1923858000.0,2039215000.0,3015000000.0,1658949000.0,254317000.0,-1993146100.0,-0.7061814680749613
チヨダ,8185,小売業,プライム（内国株式）,JP,2025-02-28,東京都,37853679616.0,0.74541,18.463322,17.294865,15.595988489282608,0.6831,0.03897254,64.47,60.39,52.6800003893368,91835000000.0,2197000000.0,0.01784,2923000000.0,0.02834,0.04508,0.6579746067074713,27046000000.0,16527000000.0,51090000000.0,799000000.0,26398000000.0,2621000000.0,25878700000.0,0.6836508435249076
ライフコーポレーション,8194,小売業,プライム（内国株式）,JP,2025-02-28,大阪府,237750878208.0,1.6343057,7.015573,13.219801,9.732370146164929,0.3006,0.022369362,207.87,391.7,180.4649994270572,850495000000.0,25280000000.0,0.026889998,17948000000.0,0.020580001,0.12949,0.45235551111503236,167594000000.0,129927000000.0,96348000000.0,71060000000.0,8366000000.0,2356000000.0,-69596800000.0,-0.2927299386844417
マックスバリュ東海,8198,小売業,スタンダード（内国株式）,JP,2025-02-28,,124186836992.0,1.3259611,,11.270907,11.558352043292274,0.2026,0.01774398,345.58,,260.8,377418000000.0,14062000000.0,0.02623,9387000000.0,0.02869,0.123830006,0.6531236154186973,46974000000.0,37931000000.0,58686000000.0,1742000000.0,9524000000.0,679000000.0,12187300000.0,0.09813680978753887
リンガーハット,8200,小売業,プライム（内国株式）,JP,2025-02-28,東京都,59731013632.0,4.2308717,114.67661,51.949516,80.87711711358027,0.2923,0.0056843027,44.37,20.1,29.027788349498675,43794975000.0,1694055000.0,0.03131,968524000.0,0.02394,0.07886,0.4673048404257997,15556863000.0,7519966000.0,5556507000.0,8261541000.0,2257906000.0,933001000.0,-9347255300.0,-0.15648914578259135
ラオックスホールディングス,8202,小売業,スタンダード（内国株式）,JP,2024-12-31,東京都,13438194688.0,0.63060355,,,9.988236666731197,0.2725,0.013422819,-7.33,,22.34838540299291,61517000000.0,143000000.0,-0.00642,670000000.0,-0.00657,-0.01761,0.5217766278568349,21071000000.0,16985000000.0,33206000000.0,3015000000.0,10810000000.0,,12135000000.0,0.9030230832149111
ＭｒＭａｘＨＤ,8203,小売業,プライム（内国株式）,JP,2025-02-28,福岡県,27095126016.0,0.71844923,9.320188,9.282941,8.026408316429626,0.2625,0.02804878,87.58,87.23,73.52366053969496,136568000000.0,3823000000.0,0.022330001,2477000000.0,0.020179998,0.08031,0.43338261277178813,47142000000.0,27865000000.0,19325000000.0,19892000000.0,1754000000.0,572000000.0,-27416600000.0,-1.0118646425120947
テンアライド,8207,小売業,スタンダード（内国株式）,JP,2025-03-31,東京都,11649656832.0,3.6883998,,1003.4483,368.2926866567801,0.0,0.0,0.29,,0.8199999916953016,11887480000.0,232374000.0,0.01237,145494000.0,-0.00671,-0.02836,0.3834509317504853,4649608000.0,2685370000.0,4057355000.0,2196371000.0,3302899000.0,504658000.0,-238992400.0,-0.020514973397630122
フレンドリー,8209,小売業,スタンダード（内国株式）,JP,2025-03-31,大阪府,875503232.0,0.14204513,,,-240.91384694513718,0.0,0.0,-37.39,,-2.24976690577453,2103166000.0,-39560000.0,-0.06372,-85325000.0,-0.18312,-0.49045,-0.04154732534116971,1007295000.0,386645000.0,116052000.0,614500000.0,69265000.0,9000000.0,-884943000.0,-1.0107821052566943
ＡＯＫＩホールディングス,8214,小売業,プライム（内国株式）,JP,2025-03-31,神奈川県,152835866624.0,1.1022025,,17.595194,11.57451909856567,0.7757,0.043715846,103.21,,90.03000005479777,192688000000.0,15647000000.0,0.06696,9574000000.0,0.04486,0.06336,0.6088180756816153,90838000000.0,50627000000.0,79819000000.0,40662000000.0,34880000000.0,760000000.0,-10487000000.0,-0.06861609275131506
オークワ,8217,小売業,プライム（内国株式）,JP,2025-02-28,,36244164608.0,0.49888045,27.247705,,35.74186859437683,5.169,0.028665932,-51.88,32.7,22.7900001308146,250150000000.0,1336000000.0,0.00072999997,-2381000000.0,-0.00822,-0.02757,0.5770316180643557,54104000000.0,35197000000.0,30364000000.0,21905000000.0,11524000000.0,2766000000.0,-21803800000.0,-0.60158097822973
コメリ,8218,小売業,プライム（内国株式）,JP,2025-03-31,新潟県,165916786688.0,0.6480038,10.762345,11.552666,11.75150751686764,0.17969999,0.015691869,305.99,328.46,286.05999916551923,379191000000.0,22405000000.0,0.054920003,13719000000.0,0.03891,0.05702,0.6370308875216275,140346000000.0,105740000000.0,181484000000.0,35321000000.0,16342000000.0,1699000000.0,42327300000.0,0.2551116185705478
青山商事,8219,小売業,プライム（内国株式）,JP,2025-03-31,広島県,127614369792.0,0.74939764,17.556751,14.17448,7.526155906530076,0.84279996,0.057692308,188.79,152.42,202.3800000336999,194790000000.0,12573000000.0,-0.03372,9397000000.0,0.04759,0.05143,0.5583472569440082,136915000000.0,68710000000.0,193876000000.0,81106000000.0,71384000000.0,4729000000.0,60271300000.0,0.4722924236372191
タカチホ,8225,卸売業,スタンダード（内国株式）,JP,2025-03-31,長野県,2674967808.0,1.0212648,,6.6057615,3.720833202286553,0.0864,0.011363637,579.04,,660.6191617046846,8536884000.0,437111000.0,0.09269,308645000.0,0.042069998,0.1714,0.5255584573054144,2034690000.0,1012643000.0,2191464000.0,974313000.0,929651000.0,54477000.0,194907900.0,0.07286364322482344
理経,8226,卸売業,スタンダード（内国株式）,JP,2025-03-31,東京都,7922551296.0,1.4620699,,11.254295,11.388875415066298,0.1288,0.011173184,46.56,,25.316324253508096,18725797000.0,1114292000.0,0.00606,661261000.0,0.03199,0.11368,0.48339595617171166,5698767000.0,5388891000.0,10292445000.0,3071460000.0,3075749000.0,76628000.0,4647317600.0,0.5865935639124702
しまむら,8227,小売業,プライム（内国株式）,JP,2025-02-28,埼玉県,764727525376.0,1.5549427,18.8573,19.032362,14.211821731072925,0.353,0.018501805,580.59,585.98,545.3500007843386,666742000000.0,59240000000.0,0.09222999,41885000000.0,0.0626,0.08545,0.8833312174685795,66168000000.0,55605000000.0,370429000000.0,,161200000000.0,33226000000.0,327519200000.0,0.4282822170405935
はせがわ,8230,小売業,スタンダード（内国株式）,JP,2025-03-31,福岡県,6057423360.0,0.4867603,,10.192838,5.530869624138649,0.45900002,0.02245509,32.67,,58.21801420387608,21228000000.0,1205000000.0,-0.02317,905000000.0,0.0217,,0.6296445069291022,7376000000.0,4095000000.0,7546000000.0,3618000000.0,1457000000.0,664000000.0,634800000.0,0.10479703370114121
高島屋,8233,小売業,プライム（内国株式）,JP,2025-02-28,大阪府,692686028800.0,1.4511195,17.945799,20.55116,12.748957887801922,0.2609,0.012544428,115.03,131.73,85.2699998903787,498491000000.0,57512000000.0,0.14259,39525000000.0,0.10722999,0.08924,0.36500202158621986,795666000000.0,415546000000.0,333501000000.0,341474000000.0,90538000000.0,119967000000.0,-378188100000.0,-0.5459733331927713
松屋,8237,小売業,プライム（内国株式）,JP,2025-02-28,東京都,125932560384.0,4.9316044,39.228294,319.79028,19.04770938962691,1.9582001,0.0062945867,7.63,62.2,49.589315276162914,48120000000.0,4490000000.0,0.07218,2383000000.0,0.01978,0.03647,0.3713193267373566,46910000000.0,32085000000.0,18551000000.0,21818000000.0,3911000000.0,9233000000.0,-21895900000.0,-0.17387004546905027
エイチ・ツー・オー　リテイリング,8242,小売業,プライム（内国株式）,JP,2025-03-31,,281718751232.0,0.9255524,12.46052,21.219746,9.983339851044722,0.38189998,0.017864393,115.27,196.3,188.05000064514758,681759000000.0,34520000000.0,0.07335,34842000000.0,0.03857,0.0866,0.4116610700356879,417079000000.0,233775000000.0,169516000000.0,164184000000.0,55590000000.0,97048000000.0,-179629400000.0,-0.6376196089697709
近鉄百貨店,8244,小売業,スタンダード（内国株式）,JP,2025-02-28,大阪府,72285855744.0,1.6098561,21.003462,12.681058,35.32314348950811,0.1393,0.010905125,143.6,86.7,69.44000077616766,115107000000.0,5354000000.0,0.050640002,3484000000.0,0.05152,0.15807,0.3372294296604539,75813000000.0,71890000000.0,27883000000.0,4623000000.0,2588000000.0,4082000000.0,-45072600000.0,-0.6235327718831245
大和,8247,小売業,スタンダード（内国株式）,JP,2025-02-28,,2238030848.0,0.37411427,,10.0251255,4.419657691765326,0.0,0.0,39.8,,116.2985995403402,16434068000.0,195888000.0,-0.00274,192548000.0,0.01363,0.03965,0.1944976032816064,22072922000.0,16683521000.0,5631134000.0,7768659000.0,1897357000.0,3444715000.0,-14030487500.0,-6.269121586299065
丸井グループ,8252,小売業,プライム（内国株式）,JP,2025-03-31,東京都,569362743296.0,2.3866546,20.013916,19.671724,17.42372929673248,0.7334,0.036828965,160.84,158.09,130.69578670735842,254392000000.0,44518000000.0,0.19316,26588000000.0,0.0,,0.2336721247977884,806717000000.0,276565000000.0,737587000000.0,636479000000.0,49250000000.0,46523000000.0,-36563900000.0,-0.06421898944130804
クレディセゾン,8253,その他金融業,プライム（内国株式）,JP,2025-03-31,,638307401728.0,0.9066791,13.205307,10.294798,6.646448479372805,0.2778,0.026379423,432.16,336.91,452.6899999385348,492235000000.0,161120000000.0,0.04603,66397000000.0,0.12323,0.092939995,0.15107180405309792,3952115000000.0,307538000000.0,3926828000000.0,3413114000000.0,139399000000.0,44436000000.0,5818200000.0,0.009115043918101536
さいか屋,8254,小売業,スタンダード（内国株式）,JP,2025-08-31,神奈川県,1932063104.0,2.4738345,,23.39532,52.17005866494271,0.0,0.0,16.67,,11.290000722115286,4632926000.0,114776000.0,0.0058399998,110255000.0,0.01417,0.08862001,0.06658722060759252,11102034000.0,9549394000.0,2186889000.0,8653536000.0,1434255000.0,288395000.0,-8713268500.0,-4.50982604137551
アクシアル　リテイリング,8255,小売業,プライム（内国株式）,JP,2025-03-31,新潟県,114366447616.0,1.2318397,14.604073,12.77459,12.059890865190399,0.2868,0.022324866,101.06,88.4,81.79000042620481,281870000000.0,12065000000.0,0.055749997,9006000000.0,0.032780003,0.10677,0.6599751655629139,46004000000.0,31765000000.0,39605000000.0,2306000000.0,21887000000.0,3778000000.0,-3754400000.0,-0.032827809888839765
井筒屋,8260,小売業,スタンダード（内国株式）,JP,2025-02-28,福岡県,5622589440.0,0.47949585,,6.044678,3.9836741344025413,0.0717,0.01183432,83.71,,84.90751365573871,22158000000.0,1043000000.0,-0.01316,999000000.0,0.03779,0.070939995,0.2678952691313631,32575000000.0,24772000000.0,7056000000.0,14490000000.0,2774000000.0,1399000000.0,-24539700000.0,-4.364483706638911
イオン,8267,小売業,プライム（内国株式）,JP,2025-02-28,千葉県,6416194600960.0,5.550755,37.003353,205.76752,68.38383581148467,2.3186998,0.0055073914,11.27,62.67,17.40333333646156,10134876000000.0,237753000000.0,0.0104,28783000000.0,0.00339,0.03787,0.07594337989314061,11712096000000.0,8443663000000.0,8693526000000.0,3889895000000.0,1258383000000.0,326209000000.0,-2790223700000.0,-0.4348720501062301
イズミ,8273,小売業,プライム（内国株式）,JP,2025-02-28,,224105119744.0,0.7843493,10.126582,19.281754,11.978047613361815,0.5426,0.028037382,165.96,316.0,286.4700015494692,524142000000.0,25430000000.0,0.04039,11919000000.0,0.021459999,0.03704,0.5012543648209041,270395000000.0,126950000000.0,119851000000.0,139454000000.0,15717000000.0,4667000000.0,-147277100000.0,-0.6571786497704191
フォーバル,8275,卸売業,スタンダード（内国株式）,JP,2025-03-31,東京都,29431197696.0,1.6800585,,15.064832,15.975972280839393,0.401,0.026548672,74.81,,78.20230068778606,72629302000.0,3740402000.0,0.05113,2168441000.0,0.01569,0.07614,0.41641228446762196,22425581000.0,18326829000.0,28565996000.0,2725900000.0,11408399000.0,2596057000.0,7957654900.0,0.27038161960637863
平和堂,8276,小売業,プライム（内国株式）,JP,2025-02-28,滋賀県,154547093504.0,0.81343734,17.227123,14.258338,15.147612442004904,0.3012,0.021290323,219.17,181.4,129.36999899806904,444897000000.0,13363000000.0,0.01587,10727000000.0,0.02204,0.053150002,0.616852027492302,115843000000.0,84532000000.0,64602000000.0,20336000000.0,26817000000.0,3871000000.0,-48531300000.0,-0.3140227286043649
フジ,8278,小売業,プライム（内国株式）,JP,2025-02-28,愛媛県,187763802112.0,0.86002815,,47.657795,22.192263388458006,0.65980005,0.013856813,45.47,,85.79999967,808926000000.0,12960000000.0,0.00158,3818000000.0,0.00467,0.01751,0.5287779742015697,193781000000.0,121331000000.0,78744000000.0,69825000000.0,26291000000.0,24481000000.0,-97900300000.0,-0.5214013505201767
ゼビオホールディングス,8281,小売業,プライム（内国株式）,JP,2025-03-31,福島県,45975506944.0,0.38148567,9.737073,,15.900270707702166,1.447,0.03153153,-19.54,114.1,58.309999397778284,250603000000.0,7006000000.0,-0.01307,971000000.0,-0.00352,-0.00802,0.5967768031810314,81830000000.0,66568000000.0,130727000000.0,7366000000.0,19855000000.0,2733000000.0,50810100000.0,1.105155840084346
ケーズホールディングス,8282,小売業,プライム（内国株式）,JP,2025-03-31,茨城県,259340517376.0,1.0447289,17.035421,23.564508,29.926962168351636,0.6175,0.026128266,71.23,98.53,41.58999989754658,738019000000.0,21786000000.0,0.01939,9525000000.0,0.014570001,0.043369997,0.5944326940820759,171424000000.0,148565000000.0,224686000000.0,66908000000.0,15833000000.0,1044000000.0,53992800000.0,0.2081926902371354
ＰＡＬＴＡＣ,8283,卸売業,プライム（内国株式）,JP,2025-03-31,大阪府,296632123392.0,0.99107665,,13.600267,11.775366321238574,0.3132,0.022359753,357.64,,328.3999977531699,1188097000000.0,28009000000.0,0.024719998,22864000000.0,0.01784,0.07491,0.567334847982834,219382000000.0,209028000000.0,365735000000.0,349000000.0,69916000000.0,25600000000.0,164273000000.0,0.5537936961160234
三谷産業,8285,卸売業,スタンダード（内国株式）,JP,2025-03-31,石川県,43961249792.0,0.75741667,,14.619164,11.496495860706675,0.2149,0.0137795275,48.84,,33.587786259541986,103072000000.0,2080000000.0,0.037809998,2440000000.0,0.03013,0.06532,0.5067382561820827,45926000000.0,36786000000.0,46060000000.0,17733000000.0,8445000000.0,27440000000.0,19342000000.0,0.4399783921411585
Ｏｌｙｍｐｉｃグループ,8289,小売業,スタンダード（内国株式）,JP,2025-02-28,東京都,10520512512.0,0.47261953,,,-24.453578804064097,8.8106,0.043572985,-78.08,,-20.766216804527645,98637000000.0,51000000.0,-0.02836,-67000000.0,-0.02298,-0.09557,0.3607561349913228,44570000000.0,28206000000.0,19660000000.0,31832000000.0,4177000000.0,655000000.0,-24451500000.0,-2.3241738434425048
日産東京販売ホールディングス,8291,小売業,スタンダード（内国株式）,JP,2025-03-31,,31871105024.0,0.55220556,,9.550962,4.985810743016054,0.42790002,0.044692736,56.12,,110.48201298016835,141605000000.0,7412000000.0,0.03445,4312000000.0,0.02523,0.05874,0.5834612334030346,40438000000.0,26708000000.0,36305000000.0,13177000000.0,16741000000.0,6216000000.0,218200000.0,0.0068463267852083625
ＳＢＩ新生銀行,8303,銀行業,プライム（内国株式）,JP,2025-03-31,東京都,,1.4994555,,14.626147,,0.0,0.0,137.22,,,436946000000.0,,0.16018,84499000000.0,0.0,,0.046994957467001004,19370613000000.0,,,2167442000000.0,3916744000000.0,3103610000000.0,,
あおぞら銀行,8304,銀行業,プライム（内国株式）,JP,2025-03-31,東京都,389335285760.0,0.82067275,15.145887,17.69052,-5.392860235133972,0.5346,0.030598054,159.04,185.76,-427.2199989776649,108414000000.0,,0.23573999,20518000000.0,0.21368,0.0557,0.0581541820516606,7302749000000.0,,,855940000000.0,1409371000000.0,1411549000000.0,,
三菱ＵＦＪフィナンシャル・グループ,8306,銀行業,プライム（内国株式）,JP,2025-03-31,,33969785536512.0,1.593341,19.79826,17.828306,11.716382846818096,0.4395,0.023987034,168.44,151.68,124.64748050936888,6838439000000.0,,0.34842,1862946000000.0,0.22768,0.06113,0.04967251118718582,391385370000000.0,,,23940159000000.0,109095437000000.0,92745772000000.0,,
りそなホールディングス,8308,銀行業,プライム（内国株式）,JP,2025-03-31,東京都,4826018611200.0,1.6610497,24.324326,20.268736,13.332543129526632,0.2651,0.012903226,105.68,88.06,67.76999998994089,879798000000.0,,0.39369,213324000000.0,0.24778,0.09394,0.03527534206179239,74618002000000.0,,,6809185000000.0,19548812000000.0,10908357000000.0,,
三井住友トラストグループ,8309,銀行業,プライム（内国株式）,JP,2025-03-31,東京都,4004986748928.0,1.2032436,15.45545,13.571665,28.12474262103942,0.3722,0.02729636,422.94,371.39,109.09000004618477,1514183000000.0,,0.32852,257635000000.0,0.19108,0.09287,0.03957878209981502,75119789000000.0,,,19426420000000.0,25173611000000.0,12418487000000.0,,
三井住友フィナンシャルグループ,8316,銀行業,プライム（内国株式）,JP,2025-03-31,東京都,23137531985920.0,1.4826497,19.07429,16.231123,11.555343315374893,0.3747,0.022566086,373.48,317.81,241.4465944342311,5066265000000.0,,0.39305001,1177996000000.0,0.20729999,0.04933,0.048008698780436065,291440508000000.0,,,32500560000000.0,75590583000000.0,46379949000000.0,,
千葉銀行,8331,銀行業,プライム（内国株式）,JP,2025-03-31,千葉県,1671344291840.0,1.3449796,21.705637,19.098883,13.881106156855894,0.3667,0.019075265,125.4,110.34,86.53017330979299,249746000000.0,,0.42058,74259000000.0,0.28004998,0.07361,0.052941359212385464,20486102000000.0,,,3114190000000.0,4245781000000.0,3202125000000.0,,
群馬銀行,8334,銀行業,プライム（内国株式）,JP,2025-03-31,群馬県,844435881984.0,1.3945127,33.548874,17.454233,10.28061292756536,0.4302,0.023666093,127.82,66.5,78.42999997769942,160151000000.0,,0.47492,43900000000.0,0.31283,0.09689999,0.053322603189073135,9994238000000.0,,,1100233000000.0,1276230000000.0,2195792000000.0,,
武蔵野銀行,8336,銀行業,プライム（内国株式）,JP,2025-03-31,埼玉県,202587848704.0,0.728573,,14.253162,8.098290036616932,0.33740002,0.02265625,430.08,,339.4992964069979,72790000000.0,,0.25679,13146000000.0,0.18794,0.057189997,0.04893627475065101,5206986000000.0,,,63434000000.0,161488000000.0,1056170000000.0,,
千葉興業銀行,8337,銀行業,プライム（内国株式）,JP,2025-03-31,千葉県,136207720448.0,0.7277855,,24.484112,8.022882657726415,0.103199996,0.0041476567,96.92,,129.74672489082968,48823000000.0,,0.24654,7459000000.0,0.15564999,0.051119998,0.052405318884850095,3072058000000.0,,,35810000000.0,244521000000.0,522186000000.0,,
筑波銀行,8338,銀行業,プライム（内国株式）,JP,2025-03-31,茨城県,58100596736.0,0.553994,,26.714664,11.081665603477807,0.1893,0.006821282,26.39,,26.657113016443613,33805000000.0,,0.20577,4103000000.0,0.17406,0.07278,0.031747014925889605,2798133000000.0,,,143300000000.0,307350000000.0,422640000000.0,,
七十七銀行,8341,銀行業,プライム（内国株式）,JP,2025-03-31,宮城県,716230361088.0,1.0695628,37.47471,16.317091,9.433364996544938,0.35689998,0.021219758,590.24,257.0,402.4000009937803,157017000000.0,,0.4559,39270000000.0,0.27007,0.07525,0.055066337540665825,9848813000000.0,,,712325000000.0,1001241000000.0,2920008000000.0,,
秋田銀行,8343,銀行業,プライム（内国株式）,JP,2025-03-31,秋田県,97574600704.0,0.54656565,,12.723944,7.506127339478803,0.31280002,0.02356021,431.47,,258.1500019214865,46957000000.0,,0.28124002,5662000000.0,0.18511999,0.049650002,0.04518514215795495,3303248000000.0,,,87388000000.0,466752000000.0,877867000000.0,,
山形銀行,8344,銀行業,プライム（内国株式）,JP,2025-03-31,山形県,83359055872.0,0.54625493,,16.688667,17.08681491822545,0.349,0.016292542,159.09,,65.01431533955883,45299000000.0,,0.14062999,4412000000.0,0.101610005,0.03497,0.04292326999343605,3028251000000.0,,,119014000000.0,206595000000.0,817225000000.0,,
岩手銀行,8345,銀行業,プライム（内国株式）,JP,2025-03-31,岩手県,116692566016.0,0.60684055,,14.211642,9.73923643375786,0.3379,0.022644164,476.37,,244.7000006950059,42564000000.0,,0.1899,6976000000.0,0.15423,0.043390002,0.048558333664231,3618130000000.0,,,169276000000.0,319122000000.0,1198152000000.0,,
東邦銀行,8346,銀行業,プライム（内国株式）,JP,2025-03-31,福島県,183667408896.0,0.86569583,,20.071,16.436956679319017,0.32779998,0.00655308,36.62,,20.8199999805754,59629000000.0,,0.27369,7445000000.0,0.15017,0.052059997,0.029644954939247646,6456005000000.0,,,222053000000.0,1235480000000.0,1222007000000.0,,
東北銀行,8349,銀行業,スタンダード（内国株式）,JP,2025-03-31,岩手県,15705337856.0,0.44114113,,17.83987,8.132158826783646,0.53720003,0.014723204,93.05,,144.91837809373354,13615000000.0,,0.119449995,1069000000.0,0.10976,0.042969998,0.03503916847346458,974237000000.0,,,1110000000.0,63411000000.0,215411000000.0,,
ふくおかフィナンシャルグループ,8354,銀行業,プライム（内国株式）,JP,2025-03-31,,1347321462784.0,1.2812786,17.529627,17.615377,11.759460669177464,0.3829,0.021253256,404.76,406.74,324.7599995309459,296141000000.0,,0.38415,72136000000.0,0.2313,,0.028800603100374078,31333030000000.0,,,6310034000000.0,7160305000000.0,5597311000000.0,,
スルガ銀行,8358,銀行業,プライム（内国株式）,JP,2025-03-31,静岡県,360188542976.0,1.2107786,24.132025,15.373981,11.238168541960414,0.26549998,0.016890328,137.44,87.56,75.43999993562453,66683000000.0,,0.46370998,20177000000.0,0.29167998,0.08304,0.08540817752987348,3166451000000.0,,,,693361000000.0,444577000000.0,,
八十二長野銀行,8359,銀行業,プライム（内国株式）,JP,2025-03-31,長野県,945486561280.0,0.89384645,39.403408,16.597527,12.637969355593722,0.39119998,0.022477064,125.35,52.8,76.31000006784758,201464000000.0,,0.43363,47982000000.0,0.32145,0.061079998,0.07129023102382512,12547659000000.0,,,2176443000000.0,3027055000000.0,3511743000000.0,,
山梨中央銀行,8360,銀行業,プライム（内国株式）,JP,2025-03-31,山梨県,163636019200.0,0.71256804,,18.232723,9.544040719035866,0.35189998,0.018392857,292.88,,185.54999718133223,54711000000.0,,0.24438,7669000000.0,0.16023001,0.045289997,0.04700319924117702,4313770000000.0,,,493584000000.0,554863000000.0,1135925000000.0,,
大垣共立銀行,8361,銀行業,プライム（内国株式）,JP,2025-03-31,,262295617536.0,0.71611804,,14.48509,9.06335655796859,0.253,0.008295626,434.93,,227.23999830895627,113990000000.0,,0.20702,14718000000.0,0.14528,0.055170003,0.048689837614429694,6223375000000.0,,,272303000000.0,774352000000.0,1065325000000.0,,
福井銀行,8362,銀行業,プライム（内国株式）,JP,2025-03-31,福井県,80451796992.0,0.5337145,,20.126493,11.523782803974456,0.3664,0.016524216,169.18,,160.94392725698202,56122000000.0,,0.20345,7166000000.0,0.10934,0.0477,0.03181327775179359,4150347000000.0,,,523514000000.0,872378000000.0,940172000000.0,,
清水銀行,8364,銀行業,プライム（内国株式）,JP,2025-03-31,静岡県,31560417280.0,0.4039381,,14.827001,-5.3090333795186355,0.3183,0.010316368,188.44,,-286.0981105910903,21187000000.0,,0.15388,1861000000.0,0.08758,0.03196,0.03964669226338391,1734014000000.0,,,118034000000.0,243103000000.0,263344000000.0,,
富山銀行,8365,銀行業,スタンダード（内国株式）,JP,2025-03-31,富山県,13317610496.0,0.4271838,,12.7171755,16.255001483772375,0.2546,0.009731413,196.27,,116.64820967146548,8949000000.0,,0.0573,954000000.0,0.1089,0.036849998,0.051867371238726666,519068000000.0,,,11561000000.0,30671000000.0,123008000000.0,,
滋賀銀行,8366,銀行業,プライム（内国株式）,JP,2025-03-31,,410017300480.0,0.8242262,168.7619,19.26087,12.013055947713902,0.239,0.011956521,460.0,52.5,336.3199983930909,103311000000.0,,0.23809999,18720000000.0,0.15236,0.04072,0.05908557099244084,7083408000000.0,,,939675000000.0,898939000000.0,1802790000000.0,,
南都銀行,8367,銀行業,プライム（内国株式）,JP,2025-03-31,奈良県,235286052864.0,0.76900655,,16.152336,7.542540687739334,0.4422,0.026657997,463.71,,379.0799992643259,76348000000.0,,0.30232,13510000000.0,0.1649,0.05366,0.04053477288874278,6575433000000.0,,,305375000000.0,678270000000.0,1549750000000.0,,
百五銀行,8368,銀行業,プライム（内国株式）,JP,2025-03-31,三重県,377834012672.0,0.7490709,,20.077368,10.823220130002888,0.3222,0.015281173,77.55,,56.37000006516831,103531000000.0,,0.2628,18042000000.0,0.16299999,0.04005,0.058581341598930206,6997772000000.0,,,550054000000.0,665527000000.0,1490200000000.0,,
紀陽銀行,8370,銀行業,プライム（内国株式）,JP,2025-03-31,和歌山県,266898522112.0,1.0916693,,14.100959,7.504313924487402,0.41669998,0.028275862,295.37,,229.5200006356879,80261000000.0,,0.34636003,17618000000.0,0.22438999,0.089379996,0.03968587025282548,5690164000000.0,,,762999000000.0,807017000000.0,832041000000.0,,
ほくほくフィナンシャルグループ,8377,銀行業,プライム（内国株式）,JP,2025-03-31,富山県,750787035136.0,1.0709552,27.422636,15.062406,10.44812466443121,0.176,0.01121423,411.82,226.2,176.27999945543493,168682000000.0,,0.375,39072000000.0,0.25857002,0.077259995,0.03979996618255823,15782541000000.0,,,1118836000000.0,3191879000000.0,2325744000000.0,,
山陰合同銀行,8381,銀行業,プライム（内国株式）,JP,2025-03-31,島根県,265995108352.0,0.8139207,,12.632489,10.249543750626163,0.3747,0.028681744,138.69,,109.23999970063038,113941000000.0,,0.25968,18737000000.0,0.20831,0.06965,0.036542518935162756,8236870000000.0,,,1351161000000.0,1220745000000.0,1997843000000.0,,
鳥取銀行,8383,銀行業,スタンダード（内国株式）,JP,2025-03-31,鳥取県,18615795712.0,0.36772385,,13.394841,12.446236600008879,0.3369,0.024715768,148.49,,112.82051282051282,13876000000.0,,0.26697,1313000000.0,0.12358,0.03541,0.04336988762582672,1058368000000.0,,,24056000000.0,93268000000.0,110962000000.0,,
百十四銀行,8386,銀行業,プライム（内国株式）,JP,2025-03-31,香川県,271415574528.0,0.75044715,,17.068487,8.097332321339502,0.3433,0.01870155,562.44,,336.11999421045334,71544000000.0,,0.29951,13700000000.0,0.19548,0.049289998,0.05705505595382912,5425312000000.0,,,621791000000.0,861929000000.0,1215420000000.0,,
四国銀行,8387,銀行業,プライム（内国株式）,JP,2025-03-31,高知県,97765711872.0,0.5675374,,14.903234,6.4524609040890955,0.3377,0.021527214,157.08,,174.59000108564544,47083000000.0,,0.28245002,6813000000.0,0.13442999,0.03857,0.04742547586061411,3214937000000.0,,,182830000000.0,178834000000.0,1021373000000.0,,
阿波銀行,8388,銀行業,プライム（内国株式）,JP,2025-03-31,徳島県,226109882368.0,0.58904624,,16.056572,9.51065170778849,0.305,0.018302828,360.6,,277.28000208766264,70472000000.0,,0.2629,13202000000.0,0.19455,0.04198,0.08303707345845276,3690685000000.0,,,199514000000.0,427652000000.0,1035528000000.0,,
大分銀行,8392,銀行業,プライム（内国株式）,JP,2025-03-31,,144229154816.0,0.6120104,,17.836155,6.983019229017204,0.2706,0.0058881254,535.99,,411.01001245795493,69493000000.0,,0.19625,7555000000.0,0.11058,0.036530003,0.046261808534763145,4298142000000.0,,,386883000000.0,781091000000.0,1339212000000.0,,
宮崎銀行,8393,銀行業,プライム（内国株式）,JP,2025-03-31,宮崎県,158928502784.0,0.76865053,,13.777952,6.667522385288872,0.21100001,0.015041494,687.33,,407.79000316645744,57870000000.0,,0.32681,9784000000.0,0.18847999,0.05919,0.046573780090063896,3882138000000.0,,,379012000000.0,828456000000.0,773296000000.0,,
佐賀銀行,8395,銀行業,プライム（内国株式）,JP,2025-03-31,佐賀県,85527961600.0,0.6910623,,10.48205,5.443505392040136,0.20719999,0.009487666,482.73,,366.49999109979115,47911000000.0,,0.22453,7496000000.0,0.17077999,0.06987,0.03662108253322202,3061413000000.0,,,6427000000.0,270964000000.0,581260000000.0,,
琉球銀行,8399,銀行業,プライム（内国株式）,JP,2025-03-31,沖縄県,101165613056.0,0.69246054,17.049067,13.4904585,8.3096721032763,0.2514,0.014774495,182.87,144.7,135.50000015585738,60705000000.0,,0.21193,5751000000.0,0.12366,0.06126,0.046961261023443016,2837690000000.0,,,19535000000.0,171575000000.0,687566000000.0,,
セブン銀行,8410,銀行業,プライム（内国株式）,JP,2025-03-31,東京都,353128775680.0,1.2849795,17.2,19.344473,10.148295396547475,0.7065,0.03647215,15.56,17.5,27.25893093767467,156657000000.0,,0.123900004,18221000000.0,0.05684,0.04306,0.18531768870778093,1213491000000.0,,,98343000000.0,892852000000.0,120702000000.0,,
みずほフィナンシャルグループ,8411,銀行業,プライム（内国株式）,JP,2025-03-31,東京都,18903006707712.0,1.697784,22.817337,18.215666,10.565647842782047,0.3497,0.018749205,421.67,336.63,267.8816810833736,3645206000000.0,,0.36738,885433000000.0,0.26132,0.09653,0.036856554814174276,272796651000000.0,,,22493724000000.0,72483086000000.0,38239994000000.0,,
高知銀行,8416,銀行業,スタンダード（内国株式）,JP,2025-03-31,高知県,13282520064.0,0.26748657,,1212.9629,8.206776167103426,22.3214,0.0111524165,1.08,,123.70216552951646,21279000000.0,,0.05562,860000000.0,0.00149,0.0017299999,0.04395522465695471,1099334000000.0,,,54464000000.0,95757000000.0,283915000000.0,,
山口フィナンシャルグループ,8418,銀行業,プライム（内国株式）,JP,2025-03-31,,577089634304.0,0.8547344,25.474218,14.395359,12.727893071086747,0.32259998,0.021712484,192.18,108.6,114.17000021696647,168207000000.0,,0.18788,35345000000.0,0.20861,0.05954,0.0476418979089434,12371305000000.0,,,971580000000.0,1860262000000.0,2130577000000.0,,
芙蓉総合リース,8424,その他金融業,プライム（内国株式）,JP,2025-03-31,東京都,408452071424.0,0.85599464,5.9002085,15.100693,8.09639843970604,0.51919997,0.033995852,299.92,767.6,522.3399991243264,678395000000.0,64760000000.0,0.07139,45277000000.0,0.03521,0.06008,0.13331828847442329,3035899000000.0,1476083000000.0,2215183000000.0,2803985000000.0,66598000000.0,155675000000.0,-711743500000.0,-1.742538598270845
みずほリース,8425,その他金融業,プライム（内国株式）,JP,2025-03-31,東京都,417478344704.0,1.0099162,2.6021657,9.230578,7.206896744781616,0.3222,0.017763158,161.42,572.6,144.87025114689462,695423000000.0,48966000000.0,0.05645,42038000000.0,0.05369,0.118240006,0.0982219108423393,3496568000000.0,1991876000000.0,2542515000000.0,3198669000000.0,68125000000.0,377214000000.0,-690003200000.0,-1.6527880038645484
東京センチュリー,8439,その他金融業,プライム（内国株式）,JP,2025-03-31,東京都,1091649798144.0,1.0284129,12.197586,8.110022,10.095700632674086,0.25059998,0.030591886,275.4,183.11,146.7499999542271,1368635000000.0,117060000000.0,0.08325,85279000000.0,0.09245,0.12068,0.15039675144229206,5685975000000.0,1881062000000.0,3076059000000.0,4933180000000.0,177364000000.0,451367000000.0,-2293959100000.0,-2.101369050679202
ＳＢＩホールディングス,8473,証券、商品先物取引業,プライム（内国株式）,JP,2025-03-31,東京都,2278123372544.0,1.3123344,8.574799,8.09663,13.199556919110321,0.20879999,0.025,430.92,406.89,142.80000003535505,1443733000000.0,292554000000.0,0.53906,162120000000.0,0.21359,,0.039279765506207216,30349637000000.0,17139761000000.0,19565669000000.0,5721388000000.0,5500548000000.0,7337675000000.0,-5647595500000.0,-2.4790560371158836
Ｊトラスト,8508,その他金融業,スタンダード（内国株式）,JP,2024-12-31,東京都,63352385536.0,0.41286865,7.7022653,13.6389675,3.5322978978380757,0.4009,0.02892562,34.9,61.8,120.38307473902374,128170000000.0,6254000000.0,0.05745,6040000000.0,0.037320003,0.03603,0.12378912636062173,1093811000000.0,15808000000.0,1009981000000.0,69308000000.0,125327000000.0,190421000000.0,49464700000.0,0.7807866993720651
日本証券金融,8511,その他金融業,プライム（内国株式）,JP,2025-03-31,東京都,182244179968.0,1.3542471,,19.888525,16.577396351637717,0.65459996,0.03345389,113.03,,94.04000009556245,24229000000.0,,0.14008,10375000000.0,0.11224,0.067389995,0.00975664560503585,13635244000000.0,,,2929005000000.0,1435297000000.0,640716000000.0,,
アイフル,8515,その他金融業,プライム（内国株式）,JP,2025-03-31,京都府,251952136192.0,1.0637889,9.616088,9.003766,9.919723876133373,0.119799994,0.012820513,58.42,54.7,45.1000000307998,189050000000.0,25304000000.0,0.25782,22516000000.0,0.14446999,0.13305001,0.15045106807203004,1227057000000.0,789470000000.0,1336938000000.0,789616000000.0,60608000000.0,8247000000.0,115653900000.0,0.4590312340589405
日本アジア投資,8518,証券、商品先物取引業,スタンダード（内国株式）,JP,2025-03-31,東京都,4482505728.0,0.6084807,,14.253898,-2.363871176470588,0.0,0.0,13.47,,-96.02892165169746,3092000000.0,279000000.0,-0.04733,400000000.0,0.11079001,0.03886,0.4420520137492704,8262000000.0,1353000000.0,9882000000.0,7416000000.0,4302000000.0,117000000.0,1701900000.0,0.3796760346270326
名古屋銀行,8522,銀行業,プライム（内国株式）,JP,2025-03-31,愛知県,282393968640.0,0.9085973,,17.234133,10.34681812350538,0.3105,0.016939836,333.06,,198.04246586155182,89169000000.0,,0.37027,14730000000.0,0.19323,0.06537,0.047922156649552766,5493830000000.0,,,379178000000.0,711182000000.0,936433000000.0,,
北洋銀行,8524,銀行業,プライム（内国株式）,JP,2025-03-31,北海道,381766533120.0,0.9618486,32.396168,15.530709,12.34664002353359,0.39080003,0.0121951215,65.29,31.3,33.319999966134624,129868000000.0,,0.23476,20608000000.0,0.18214001,0.069510005,0.028295342453365634,13062325000000.0,,,899888000000.0,2653639000000.0,2605518000000.0,,
大光銀行,8537,銀行業,スタンダード（内国株式）,JP,2025-03-31,新潟県,24816070656.0,0.30621317,,11.466314,7.9210416859688575,0.3083,0.0129918335,227.1,,178.3900052529411,18799000000.0,,0.12696,2495000000.0,0.12316,0.03246,0.04466253517368234,1603291000000.0,,,88100000000.0,127108000000.0,342970000000.0,,
愛媛銀行,8541,銀行業,プライム（内国株式）,JP,2025-03-31,愛媛県,76305104896.0,0.5270979,,12.379564,8.301017166273532,0.21540001,0.0084158415,157.76,,129.3666026871401,43840000000.0,,0.24426001,5715000000.0,0.13976,0.04987,0.04571995435194033,2826954000000.0,,,71005000000.0,269082000000.0,633029000000.0,,
トマト銀行,8542,銀行業,スタンダード（内国株式）,JP,2025-03-31,岡山県,20997502976.0,0.36745825,,20.008799,8.962329249961703,0.5498,0.0134192165,90.91,,132.92788879235448,22209000000.0,,0.20635,1817000000.0,0.09277,0.03641,0.04095229856322387,1308166000000.0,,,39983000000.0,108834000000.0,156099000000.0,,
京葉銀行,8544,銀行業,プライム（内国株式）,JP,2025-03-31,千葉県,258096234496.0,0.8069062,,19.053959,8.232057884865768,0.3108,0.015250545,112.68,,87.10971596050514,70560000000.0,,0.18357,12756000000.0,0.15081,0.04126,0.04632618631423821,6250989000000.0,,,273200000000.0,917713000000.0,1173533000000.0,,
栃木銀行,8550,銀行業,プライム（内国株式）,JP,2025-03-31,,104757534720.0,0.65978163,,,17.158305823056033,0.38970003,0.014458955,-187.81,,20.287559988798872,37891000000.0,,0.33146,-22328000000.0,-0.44251,-0.12127,0.04543858002037849,3180815000000.0,,,33364000000.0,699674000000.0,373527000000.0,,
北日本銀行,8551,銀行業,プライム（内国株式）,JP,2025-03-31,岩手県,42847604736.0,0.4587096,,11.398309,6.386138837954183,0.31379998,0.026519338,458.84,,363.26998785829466,22837000000.0,,0.18451999,4011000000.0,0.13498999,0.03849,0.056644801668833074,1439877000000.0,,,1362000000.0,111065000000.0,271447000000.0,,
東和銀行,8558,銀行業,プライム（内国株式）,JP,2025-03-31,,42595123200.0,0.4866927,,7.0230794,7.564565776968894,0.2045,0.027667984,171.15,,89.83999954189235,29750000000.0,,0.045900002,4520000000.0,0.0,0.06667,0.03803961216290568,2291582000000.0,,,121490000000.0,167707000000.0,535044000000.0,,
福島銀行,8562,銀行業,スタンダード（内国株式）,JP,2025-03-31,福島県,14402337792.0,0.5976352,,,9.799467382664494,0.16139999,0.011792453,-1.91,,30.958424194759232,11616000000.0,,0.07493,-1252000000.0,0.01491,0.0077,0.029698321690829418,781039000000.0,,,2114000000.0,55579000000.0,160643000000.0,,
大東銀行,8563,銀行業,スタンダード（内国株式）,JP,2025-03-31,福島県,14422382592.0,0.47059056,,10.429841,7.467958484168404,0.2933,0.027538726,109.11,,98.97603573295146,11138000000.0,,0.15607001,1330000000.0,0.11132,0.043720003,0.037409686474444315,818346000000.0,,,4500000000.0,35319000000.0,129938000000.0,,
リコーリース,8566,その他金融業,プライム（内国株式）,JP,2025-03-31,東京都,190495031296.0,0.79265594,13.705922,13.9736805,13.691458691354297,0.4293,0.03015873,442.26,450.9,365.8837269660005,312156000000.0,21731000000.0,0.06401,15658000000.0,0.03976,0.056739997,0.17008220396436302,1142142000000.0,324462000000.0,1119425000000.0,1010707000000.0,1345000000.0,43452000000.0,7699400000.0,0.04041785209629072
イオンフィナンシャルサービス,8570,その他金融業,プライム（内国株式）,JP,2025-02-28,東京都,382115348480.0,0.81571144,13.261407,21.157063,12.812480314399615,0.6337,0.029584147,83.66,133.47,96.7988720485493,451765000000.0,,0.108780004,19527000000.0,0.040570002,0.05955,0.059922619718763594,7170727000000.0,,,1280999000000.0,814786000000.0,877619000000.0,,
アコム,8572,その他金融業,スタンダード（内国株式）,JP,2025-03-31,東京都,799129731072.0,1.1510334,11.132693,15.011772,11.19958917354134,0.50009996,0.03256705,33.98,45.82,33.89000000510032,317739000000.0,58565000000.0,0.34946,32124000000.0,0.16225,0.080240004,0.4396912289955187,777375000000.0,299224000000.0,1408775000000.0,688207000000.0,60268000000.0,1454000000.0,632417800000.0,0.791383145201765
ジャックス,8584,その他金融業,プライム（内国株式）,JP,2025-03-31,東京都,192701972480.0,0.65759385,8.374672,8.888384,7.4773366116441204,0.4129,0.04608295,484.34,514.05,682.9499911377399,190976000000.0,25732000000.0,0.58837,18620000000.0,0.08825,0.058369998,0.0652508441504198,3550981000000.0,1949545000000.0,3701379000000.0,2946256000000.0,174712000000.0,33542000000.0,173877400000.0,0.90231250755903
オリエントコーポレーション,8585,その他金融業,プライム（内国株式）,JP,2025-03-31,東京都,196351098880.0,0.81635845,69.22149,11.947917,13.89132504292952,0.4165,0.034542315,96.0,16.57,73.29000017618517,245269000000.0,12344000000.0,0.16577,13943000000.0,0.05007,0.049250003,0.08305276958237817,2635142000000.0,1445661000000.0,2584626000000.0,2132868000000.0,216805000000.0,21921000000.0,-35171300000.0,-0.17912453864846942
オリックス,8591,その他金融業,プライム（内国株式）,JP,2025-03-31,東京都,6018903834624.0,1.3139545,14.645893,13.07502,10.422748132233794,0.36400002,0.026984693,416.29,371.64,298.0530607675814,1829238000000.0,,0.19553,351630000000.0,0.15005,0.106850006,0.24248316949629173,12694468000000.0,,,6282798000000.0,1206573000000.0,626910000000.0,,
三菱ＨＣキャピタル,8593,その他金融業,プライム（内国株式）,JP,2025-03-31,東京都,2106029113344.0,1.1493919,13.366742,15.606383,11.558821721551393,0.42560002,0.028282829,94.0,109.75,86.05999999211963,2090808000000.0,187127000000.0,0.09129,135165000000.0,0.07551,0.090629995,0.15226504404058652,9957812000000.0,3558970000000.0,6018651000000.0,8302813000000.0,313399000000.0,550198000000.0,-3554022400000.0,-1.6875466618582704
ジャフコ　グループ,8595,証券、商品先物取引業,プライム（内国株式）,JP,2025-03-31,東京都,128419340288.0,0.9363695,6.8447623,20.189444,12.684733813701744,1.0137,0.049555015,120.88,356.55,137.6399996605835,29683000000.0,12520000000.0,0.04871,9576000000.0,0.29382,0.04634,0.8302935812202153,28845000000.0,7520000000.0,165355000000.0,15183000000.0,72486000000.0,3377000000.0,138873900000.0,1.0814095422741936
九州リースサービス,8596,その他金融業,スタンダード（内国株式）,JP,2025-03-31,福岡県,34569203712.0,0.7805744,,9.556847,9.817620582302304,0.38740003,0.022207707,159.99,,134.08680026310574,39336000000.0,5658000000.0,0.18495001,3569000000.0,0.11642,0.083179995,0.21040746389873818,159304000000.0,49448000000.0,150252000000.0,140277000000.0,4907000000.0,10494000000.0,-1706200000.0,-0.04935606889341588
トモニホールディングス,8600,銀行業,プライム（内国株式）,JP,2025-03-31,,185202540544.0,0.64020616,,14.7310505,4.887455824105477,0.3439,0.016768293,65.44,,80.60999994671269,85898000000.0,,0.29027998,15832000000.0,0.1518,0.046479996,0.05593562343347382,4750605000000.0,,,165466000000.0,509248000000.0,735254000000.0,,
大和証券グループ本社,8601,証券、商品先物取引業,プライム（内国株式）,JP,2025-03-31,東京都,2283696291840.0,1.3333634,16.800447,15.172508,12.654438018195442,0.5227,0.034050178,108.98,98.42,83.85999997385346,780058000000.0,,0.31309998,154368000000.0,0.21354,0.08713,0.04569357067578687,34101061000000.0,,,5392484000000.0,4347198000000.0,2312314000000.0,,
野村ホールディングス,8604,証券、商品先物取引業,プライム（内国株式）,JP,2025-03-31,,4230618808320.0,1.1584972,15.854866,12.212059,16.759965469830693,0.4321,0.035330795,118.08,90.95,52.68999999767464,1662374000000.0,,0.24507,340736000000.0,0.17627001,0.09928001,0.06110469019053321,53221171000000.0,,,15058522000000.0,5514696000000.0,886392000000.0,,
岡三証券グループ,8609,証券、商品先物取引業,プライム（内国株式）,JP,2025-03-31,東京都,190880808960.0,0.8704046,,17.182997,12.051061084442694,0.5402,0.03058104,55.52,,64.08000002803226,84035000000.0,,0.25967,11652000000.0,0.16249001,0.06526,0.1509199572672493,1171508000000.0,,,526870000000.0,51499000000.0,75520000000.0,,
丸三証券,8613,証券、商品先物取引業,プライム（内国株式）,JP,2025-03-31,東京都,72017969152.0,1.4592719,,15.804013,21.843854795584562,0.4655,0.029170465,68.78,,44.439999938011894,18848000000.0,3548000000.0,0.15133001,3792000000.0,0.0,0.09097999,0.6679934026689203,24357000000.0,19500000000.0,53667000000.0,2023000000.0,34828000000.0,13574000000.0,38811800000.0,0.5389182791045444
東洋証券,8614,証券、商品先物取引業,プライム（内国株式）,JP,2025-03-31,東京都,52363673600.0,1.8269969,,19.974094,22.244155031459346,0.7772,0.039011702,38.6,,16.35512923547403,11288000000.0,697000000.0,0.26503,2653000000.0,0.305,0.12696,0.43410148875149523,39266000000.0,31443000000.0,53473000000.0,12435000000.0,22460000000.0,7050000000.0,19142000000.0,0.36555876782487623
東海東京フィナンシャル・ホールディングス,8616,証券、商品先物取引業,プライム（内国株式）,JP,2025-03-31,東京都,193023164416.0,1.0366504,15.278884,15.466828,13.484032517071991,0.6051,0.020618556,49.59,50.2,40.69000000618996,86327000000.0,11744000000.0,0.23811,11048000000.0,0.15587,0.07359,0.1290714182835744,1214602000000.0,1041128000000.0,1322176000000.0,701217000000.0,112260000000.0,56226000000.0,146932200000.0,0.7612153724893578
光世証券,8617,証券、商品先物取引業,スタンダード（内国株式）,JP,2025-03-31,,5272955392.0,0.32908356,,,20.491565532330178,0.4257,0.0,-18.14,,39.89417989417989,556000000.0,-519000000.0,0.065689996,-466000000.0,-0.09741,-0.00491,0.7218014047651838,6060000000.0,5230000000.0,12837000000.0,353000000.0,4211000000.0,4607000000.0,10001900000.0,1.896830004512202
水戸証券,8622,証券、商品先物取引業,プライム（内国株式）,JP,2025-03-31,東京都,38007586816.0,0.924534,,17.170069,12.515178215415132,0.8168,0.04709576,36.75,,36.143785486880695,13980000000.0,1861000000.0,0.25177,2420000000.0,0.20756,0.07527,0.6316005040957782,23386000000.0,19363000000.0,46500000000.0,3763000000.0,24791000000.0,12602000000.0,31935400000.0,0.8402375071746517
いちよし証券,8624,証券、商品先物取引業,プライム（内国株式）,JP,2025-03-31,東京都,43688882176.0,1.5257058,,24.106827,13.457233654978957,0.655,0.012116892,56.54,,56.950000645079065,18801000000.0,2288000000.0,0.27682,1564000000.0,0.12484,0.09239,0.655417661097852,14438000000.0,14116000000.0,35927000000.0,338000000.0,15333000000.0,731000000.0,22000700000.0,0.503576628748946
松井証券,8628,証券、商品先物取引業,プライム（内国株式）,JP,2025-03-31,東京都,241594744832.0,3.112133,19.182003,22.117426,19.9976235336237,1.0144,0.046436284,42.41,48.9,37.98999993771813,37161000000.0,,0.49473998,10501000000.0,0.29913,0.17216,0.06828230352603072,1045227000000.0,,,343488000000.0,688686000000.0,7698000000.0,,
ＳＯＭＰＯホールディングス,8630,保険業,プライム（内国株式）,JP,2025-03-31,東京都,5357253951488.0,1.1403134,21.85588,13.106615,5.629814712586439,0.3319,0.025045613,455.19,272.97,534.2867316769072,5253145000000.0,,0.20089,243132000000.0,0.06238,0.0881,0.26464321453207257,11663887000000.0,,,691201000000.0,1027628000000.0,11068996000000.0,,
日本取引所グループ,8697,その他金融業,プライム（内国株式）,JP,2025-03-31,東京都,1873365827584.0,5.8458242,29.423635,29.81351,33.534058878948535,0.71980006,0.015205972,61.13,61.94,58.445000003247905,164172000000.0,89087000000.0,0.58958,61092000000.0,0.37916002,0.21275,0.0039910530096100485,85045614000000.0,85014321000000.0,85219154000000.0,52487000000.0,98428000000.0,3531000000.0,176011700000.0,0.09395479377724893
マネックスグループ,8698,証券、商品先物取引業,プライム（内国株式）,JP,2025-03-31,東京都,178469273600.0,1.5168347,13.897044,,6.799945963715352,1.1812999,0.04242003,-20.64,51.09,121.67000012710166,77627000000.0,16278000000.0,0.11812,-5067000000.0,-0.06202,-0.06092,0.17471369326180422,583387000000.0,1761000000.0,518842000000.0,87015000000.0,53467000000.0,96983000000.0,3343100000.0,0.018732076018266486
ＨＳホールディングス,8699,証券、商品先物取引業,スタンダード（内国株式）,JP,2025-03-31,東京都,38733615104.0,0.41635352,,2.7768788,3.188991913206215,0.0216,0.00777605,463.47,,310.6595318604117,36987000000.0,,0.00303,12100000000.0,0.27433002,0.15496999,0.7489031855307194,28633000000.0,,,1314000000.0,17792000000.0,4828000000.0,,
丸八証券,8700,証券、商品先物取引業,スタンダード（内国株式）,JP,2025-03-31,愛知県,7104122368.0,0.86989325,,13.517619,12.367626410072695,0.45580003,0.0,131.68,,129.7459283387622,3082037000.0,436413000.0,0.25026,392229000.0,0.18611999,0.08019,0.7656827200791815,2323836000.0,2217814000.0,7524152000.0,196957000.0,2479982000.0,1718597000.0,6403333900.0,0.9013546738501225
トレイダーズホールディングス,8704,証券、商品先物取引業,スタンダード（内国株式）,JP,2025-03-31,東京都,28424425472.0,1.5491344,,8.739673,5.817001506666928,0.2915,0.034058657,123.46,,117.37973506119307,13428000000.0,6637000000.0,0.55014,4547000000.0,0.25952,0.19684,0.13922653700978824,107635000000.0,107419000000.0,123381000000.0,1126000000.0,12121000000.0,316000000.0,15967200000.0,0.5617422246837946
日産証券グループ,8705,証券、商品先物取引業,スタンダード（内国株式）,JP,2025-03-31,,13228339200.0,1.1117586,,39.15575,25.26412022701903,1.0174,0.054298643,6.87,,9.72922734114529,7373265000.0,603785000.0,0.14487,351184000.0,0.04725,0.02665,0.08781667534690821,124694863000.0,119872377000.0,131382060000.0,5694398000.0,4707220000.0,3970472000.0,9466527400.0,0.715624785309406
極東証券,8706,証券、商品先物取引業,プライム（内国株式）,JP,2025-03-31,東京都,56433504256.0,1.0587287,,13.206421,10.511827800257537,0.8212,0.061590146,133.95,,136.0755114077264,11870000000.0,,0.55337,4446000000.0,0.51767,0.07942,0.6566153924450042,26989000000.0,,,12000000000.0,20340000000.0,28903000000.0,,
岩井コスモホールディングス,8707,証券、商品先物取引業,プライム（内国株式）,JP,2025-03-31,大阪府,90431635456.0,1.2764393,,11.084878,8.652170260532774,0.5325,0.03732304,347.32,,236.45255435173172,25748000000.0,8651000000.0,0.42224,6725000000.0,0.32189,0.13328,0.36506139087953154,117750000000.0,111718000000.0,168237000000.0,26007000000.0,8254000000.0,13871000000.0,60196700000.0,0.6656597516616741
アイザワ証券グループ,8708,証券、商品先物取引業,プライム（内国株式）,JP,2025-03-31,東京都,45556686848.0,0.9947285,,17.211765,13.73919518382353,0.3057,0.017771702,85.0,,79.36719667057945,20586000000.0,1889000000.0,0.061669998,3172000000.0,0.15634,0.04903,0.40686941357996514,61930000000.0,51150000000.0,70047000000.0,25004000000.0,14405000000.0,25208000000.0,25762600000.0,0.5655064444426562
フィデアホールディングス,8713,銀行業,プライム（内国株式）,JP,2025-03-31,宮城県,39718146048.0,0.46861756,,9.884035,22.63748304834648,0.3371,0.032665506,222.48,,65.19999878234297,46116000000.0,,0.07551,2816000000.0,0.08518,0.04891,0.02643249148178011,2844575000000.0,,,103300000000.0,316696000000.0,569667000000.0,,
池田泉州ホールディングス,8714,銀行業,プライム（内国株式）,JP,2025-03-31,大阪府,256442269696.0,1.0532503,,19.119785,11.557072526764102,0.38419998,0.019432774,48.17,,32.0500000278529,79940000000.0,,0.25193,13246000000.0,0.0,,0.03690719216161034,6191075000000.0,,,410987000000.0,854992000000.0,716402000000.0,,
アニコム　ホールディングス,8715,保険業,プライム（内国株式）,JP,2025-03-31,東京都,80560447488.0,2.8427398,24.176796,32.608047,16.558425506972142,0.25370002,0.007727273,33.55,45.25,34.01624338568544,67420000000.0,,0.012359999,3246000000.0,0.0,0.07427,0.38716307556487434,44427000000.0,,,10000000000.0,26460000000.0,29430000000.0,,
ＭＳ＆ＡＤインシュアランスグループホールディングス,8725,保険業,プライム（内国株式）,JP,2025-03-31,東京都,6147803185152.0,1.436457,10.188945,8.690783,10.718304381499582,0.2281,0.026146898,482.12,411.23,232.87973907913528,6348348000000.0,,0.17327999,691657000000.0,0.10059,0.16663,0.1524549585923684,22188463000000.0,,,590565000000.0,2139796000000.0,17760073000000.0,,
ソニーフィナンシャルグループ,8729,保険業,プライム（内国株式）,JP,2025-03-31,東京都,1060345217024.0,1.7230538,,0.88674426,,0.0,0.0,176.15,,,,,0.104370005,,0.015140001,,,,,,,,,,
あかつき本社,8737,証券、商品先物取引業,スタンダード（内国株式）,JP,2025-03-31,東京都,19946635264.0,1.063253,,6.5552573,5.577515767304937,0.2935,0.04389881,100.53,,82.83454598844986,56483748000.0,3807133000.0,0.09747,2631661000.0,0.05056,0.17233999,0.19420717509467533,73182488000.0,60565593000.0,84874066000.0,43445928000.0,19451338000.0,3772268000.0,14332165600.0,0.7185254761171131
スパークス・グループ,8739,証券、商品先物取引業,プライム（内国株式）,JP,2025-03-31,東京都,79433834496.0,2.144407,,13.625271,10.975233156273237,0.461,0.033235583,147.52,,163.78999855908017,17960000000.0,7716000000.0,0.47272998,5252000000.0,0.34244,0.18311001,0.6709585694547348,16432000000.0,7988000000.0,26631000000.0,9000000000.0,21385000000.0,19468000000.0,23826600000.0,0.2999553043256375
小林洋行,8742,証券、商品先物取引業,スタンダード（内国株式）,JP,2025-03-31,東京都,5779810304.0,0.5832413,,31.599737,15.209328589668678,0.32869998,0.01026694,15.19,,29.766042888121437,4680291000.0,181285000.0,0.06843,239411000.0,0.03873,0.018960001,0.4678459380745526,11110420000.0,10381186000.0,14437334000.0,70000000.0,2918194000.0,2198450000.0,4865829000.0,0.8418665568716908
ｕｎｂａｎｋｅｄ,8746,証券、商品先物取引業,スタンダード（内国株式）,JP,2025-03-31,東京都,6319908864.0,1.0737624,,,16.851370746680992,0.0,0.0,-100.37,,39.522007438544655,9489720000.0,187221000.0,0.08184,295700000.0,-0.1037,-0.17534,0.7484757336911858,1640154000.0,1608898000.0,6833471000.0,,3280152000.0,397344000.0,5471457800.0,0.8657494779975359
豊トラスティ証券,8747,証券、商品先物取引業,スタンダード（内国株式）,JP,2025-03-31,東京都,16915140608.0,1.0042671,,7.5943556,5.630778791854241,0.2195,0.027388535,391.87,,259.96383133406033,7662116000.0,2074268000.0,0.5944,1915116000.0,0.36626998,0.2647,0.10964587705571102,112060765000.0,110399412000.0,119790116000.0,711700000.0,8470274000.0,2012878000.0,9138365600.0,0.5402476876649798
第一生命ホールディングス,8750,保険業,プライム（内国株式）,JP,2025-03-31,東京都,5393306615808.0,1.4032891,4.0229263,13.452671,11.081731851210451,0.3886,0.029311521,110.61,369.88,82.40000000452119,9128610000000.0,,0.10532,429613000000.0,0.04404,0.109069996,0.04985710696886943,66123263000000.0,,,1194998000000.0,1889228000000.0,53033910000000.0,,
東京海上ホールディングス,8766,保険業,プライム（内国株式）,JP,2025-03-31,東京都,11985134551040.0,2.3881998,12.772302,11.450965,12.820159680640796,0.35729998,0.03144503,549.91,493.02,351.5899999445992,7584167000000.0,,0.1496,1055276000000.0,0.13067001,0.20077999,0.16252478604132106,26133796000000.0,,,227246000000.0,1071138000000.0,19262988000000.0,,
アドバンテッジリスクマネジメント,8769,サービス業,スタンダード（内国株式）,JP,2025-03-31,東京都,9265092608.0,2.2619836,19.666666,8.988421,13.076306445735769,0.24379998,0.026058631,65.64,30.0,30.299657837491957,8554077000.0,1022823000.0,0.0586,744364000.0,0.10817,0.28353,0.4539080623408278,4764129000.0,2887383000.0,3700785000.0,1973398000.0,1733632000.0,557579000.0,-673038700.0,-0.0726424147578256
イー・ギャランティ,8771,その他金融業,プライム（内国株式）,JP,2025-03-31,東京都,77745790976.0,3.7279015,20.808561,23.39885,26.00667391786672,0.4947,0.020927602,74.79,84.1,67.36000058465753,10224244000.0,5103513000.0,0.45516,3491021000.0,0.33183,0.15402001,0.7379841521792079,6622799000.0,6507514000.0,18907097000.0,,16315316000.0,11288851000.0,20186493700.0,0.25964741559104515
アサックス,8772,その他金融業,スタンダード（内国株式）,JP,2025-03-31,東京都,30403872768.0,0.5890395,,7.9162016,7.447453622121519,0.1717,0.0,116.47,,99.7443595342067,7519931000.0,5214756000.0,0.68794,3386351000.0,0.43956003,0.0738,0.41475591236469145,69217994000.0,21684219000.0,108500466000.0,66385455000.0,5173296000.0,,39282472000.0,1.2920219835068085
ａｂｃ,8783,その他金融業,スタンダード（内国株式）,JP,2025-03-31,東京都,9121878016.0,0.8652376,,,-1.243066915480747,0.0,0.0,-337.59,,-426.3648186590393,3311839000.0,-2616876000.0,-0.68842006,-4411879000.0,-1.20332,,0.35425759740048723,4990069000.0,4641595000.0,4415188000.0,2563268000.0,379937000.0,1763639000.0,659666300.0,0.07231693943318787
フィンテック　グローバル,8789,その他金融業,スタンダード（内国株式）,JP,2025-09-30,東京都,28586450944.0,2.6125684,,13.770795,8.861726079855858,0.277,0.01898734,10.82,,8.360000013967054,14432830000.0,3406296000.0,0.2574,2121987000.0,0.14696999,0.20288,0.40630968311665105,14951957000.0,12240207000.0,15597859000.0,11701991000.0,6632789000.0,1173976000.0,1467685200.0,0.05134198725386202
ＮＥＣキャピタルソリューション,8793,その他金融業,プライム（内国株式）,JP,2025-03-31,東京都,92642779136.0,0.7395329,12.342135,11.966049,11.093879915993968,0.4175,0.03456221,359.35,348.4,326.6614034272976,254879000000.0,7782000000.0,0.03325,6611000000.0,0.0272,0.04397,0.0987935143538072,1082413000000.0,571751000000.0,1002303000000.0,1022100000000.0,110298000000.0,85090000000.0,-20547000000.0,-0.22178738798235872
Ｔ＆Ｄホールディングス,8795,保険業,プライム（内国株式）,JP,2025-03-31,東京都,1995680776192.0,1.3421429,16.61546,16.379723,13.70863807775382,0.4065,0.024228029,250.92,247.36,183.12999995958336,2338228000000.0,,0.24209999,126411000000.0,0.05027,0.09056,0.07829028794677227,15312181000000.0,,,127989000000.0,778681000000.0,12212019000000.0,,
アドバンスクリエイト,8798,保険業,プライム（内国株式）,JP,2025-09-30,大阪府,8418541568.0,13.020388,,,-9.455850043949969,0.0,0.0,-59.8,,-102.26473511164708,6608055000.0,-606454000.0,0.24858,-1539357000.0,-0.23290001,,0.054382299385538964,9728861000.0,7855499000.0,9180062000.0,5715949000.0,5339373000.0,17170000.0,-536780000.0,-0.06376163800632315
三井不動産,8801,不動産業,プライム（内国株式）,JP,2025-03-31,,5706342727680.0,1.7845905,21.90361,18.49729,19.6126063473196,0.2932,0.015366705,112.53,95.03,80.13999998912664,2625363000000.0,372733000000.0,0.13342,248799000000.0,0.11078,,0.31922251197177726,6589134000000.0,1849551000000.0,3168436000000.0,4416084000000.0,164106000000.0,1334510000000.0,-2486541000000.0,-0.43575037789763826
三菱地所,8802,不動産業,プライム（内国株式）,JP,2025-03-31,東京都,5884666707968.0,2.3267543,32.200912,30.672482,20.30410049884208,0.2841,0.0043798527,158.22,150.71,131.9599999869632,1579812000000.0,309232000000.0,0.25656998,189356000000.0,0.13783,0.09404001,0.3205918622072831,5255723000000.0,913023000000.0,2125111000000.0,3336986000000.0,253834000000.0,358442000000.0,-2879702600000.0,-0.48935695816057073
平和不動産,8803,不動産業,プライム（内国株式）,JP,2025-03-31,東京都,164535156736.0,1.3146826,9.404712,15.731988,15.909884509110706,0.4825,0.030382294,156.56,261.89,118.06499988228431,42075000000.0,13199000000.0,0.26415002,9565000000.0,0.22530001,0.09044,0.28125022345849393,301545000000.0,32407000000.0,60036000000.0,245679000000.0,19343000000.0,37027000000.0,-215590100000.0,-1.310298080220744
東京建物,8804,不動産業,プライム（内国株式）,JP,2024-12-31,東京都,857021349888.0,1.5480359,16.76209,14.573698,8.962841426846701,0.3709,0.024474718,283.25,246.27,215.81594547525313,463724000000.0,79670000000.0,0.18396999,65882000000.0,0.14863,0.109969996,0.25757125847937706,1533704000000.0,297789000000.0,730727000000.0,1210519000000.0,111141000000.0,139265000000.0,-705491500000.0,-0.8231901108323583
京阪神ビルディング,8818,不動産業,プライム（内国株式）,JP,2025-03-31,大阪府,95977472000.0,1.2021507,24.96278,19.895185,19.12456935730138,0.4103,0.020313265,101.13,80.6,77.30000064385324,19584874000.0,4983861000.0,0.29811,4388480000.0,0.22791,0.05906,0.430949266606859,100781387000.0,15761955000.0,15020280000.0,84353372000.0,14060636000.0,22399261000.0,-70081624300.0,-0.7301882706391767
住友不動産,8830,不動産業,プライム（内国株式）,JP,2025-03-31,東京都,4623157952512.0,1.9137822,11.906469,23.268852,14.737645510612166,0.18,0.007519531,214.02,418.26,186.91500007482043,1014239000000.0,271517000000.0,0.28717,191681000000.0,0.0,0.09603,0.3225182828450817,4554318000000.0,790067000000.0,1117715000000.0,3891925000000.0,99020000000.0,842125000000.0,-2847115500000.0,-0.6158378167574862
太平洋興発,8835,卸売業,スタンダード（内国株式）,JP,2025-03-31,東京都,6806870016.0,0.43008342,,12.637204,9.541018435666995,0.56340003,0.043820225,69.24,,80.4701720467704,42076000000.0,857000000.0,0.00328,382000000.0,0.00954,0.02493,0.3280130702526078,31649000000.0,18878000000.0,19451000000.0,18006000000.0,5318000000.0,1110000000.0,-11421000000.0,-1.6778636837715692
ＲＩＳＥ,8836,不動産業,スタンダード（内国株式）,JP,2025-03-31,東京都,2976409344.0,1.8016971,,9.45122,-165.84100254545456,0.0,0.0,3.28,,-0.11456756597206642,383000000.0,35000000.0,0.17757,9000000.0,0.03218,0.00703,0.9025191675794085,178000000.0,97000000.0,496000000.0,42000000.0,462000000.0,6000000.0,322200000.0,0.10825123924889815
テーオーシー,8841,不動産業,スタンダード（内国株式）,JP,2025-03-31,東京都,75337924608.0,0.7313209,66.459145,51.04603,12.444282526625326,0.59669995,0.0057670125,16.73,12.85,54.59999989981652,13152000000.0,1418000000.0,0.19787,1787000000.0,0.12361,0.01765,0.8723454254282134,14073000000.0,4135000000.0,30633000000.0,1122000000.0,29487000000.0,23392000000.0,32934400000.0,0.43715565794206596
コスモスイニシア,8844,不動産業,スタンダード（内国株式）,JP,2025-03-31,東京都,41488244736.0,0.7921679,,8.801323,6.933004367895182,0.23,0.017017828,139.07,,126.30357959933245,129528000000.0,9452000000.0,0.01171,5323000000.0,0.04246,0.102110006,0.27884805681683245,126531000000.0,66994000000.0,164599000000.0,100338000000.0,27928000000.0,1543000000.0,39148100000.0,0.9435949929699142
レオパレス２１,8848,不動産業,プライム（内国株式）,JP,2025-03-31,,230017466368.0,7.704013,13.021584,25.765123,3.747719497924065,0.35599998,0.013774104,28.1,55.6,132.3973610249025,431831000000.0,29237000000.0,0.071090005,17861000000.0,0.027290002,0.21351999,0.3769740334679746,128356000000.0,95343000000.0,103215000000.0,31630000000.0,88408000000.0,4616000000.0,-21909800000.0,-0.09525276643534096
スターツコーポレーション,8850,不動産業,プライム（内国株式）,JP,2025-03-31,東京都,245677588480.0,1.3212948,10.1331215,10.736616,6.754563314393722,0.2737,0.025096525,475.01,503.3,444.84000094705925,232978000000.0,32623000000.0,0.15792,24274000000.0,0.09678,0.13301,0.5237511501676922,155410000000.0,95514000000.0,157435000000.0,69646000000.0,99085000000.0,13920000000.0,11769000000.0,0.047904247484739884
フジ住宅,8860,不動産業,プライム（内国株式）,JP,2025-03-31,大阪府,30568865792.0,0.53232765,,5.872241,5.541592817318586,0.2339,0.040141676,145.43,,126.69214738246082,123927013000.0,7894209000.0,0.056149997,4764305000.0,0.03797,0.09658,0.2984257014902256,128535503000.0,55189446000.0,119108467000.0,108711643000.0,21578146000.0,872711000.0,-8816138300.0,-0.28840253217072975
空港施設,8864,不動産業,スタンダード（内国株式）,JP,2025-03-31,東京都,51394813952.0,0.8523841,22.511013,19.960938,14.380043722078863,0.4098,0.0114613185,51.2,45.4,40.229999745077606,31121104000.0,4469805000.0,0.2133,2577568000.0,0.08295,0.04753,0.5517666856964619,45986323000.0,11417146000.0,39421255000.0,27045452000.0,7159544000.0,10554428000.0,823031600.0,0.016013903674574392
明和地所,8869,不動産業,スタンダード（内国株式）,JP,2025-03-31,東京都,27691714560.0,0.73585945,10.368745,4.553341,8.53906148413244,0.1542,0.032894738,259.37,113.9,118.604464304449,79902000000.0,5241000000.0,0.024389999,2897000000.0,0.0525,0.15001,0.22339691118168012,118119000000.0,67512000000.0,140112000000.0,86811000000.0,22472000000.0,96000000.0,22060200000.0,0.7966353962013394
ゴールドクレスト,8871,不動産業,スタンダード（内国株式）,JP,2025-03-31,東京都,110340407296.0,0.8181848,21.488672,18.016062,21.4183338303719,0.59720004,0.032352943,184.28,154.5,112.89999969014922,29294000000.0,7519000000.0,0.27512,5014000000.0,0.18462,0.03848,0.6007122040154655,88917000000.0,17405000000.0,173595000000.0,76125000000.0,77636000000.0,15078000000.0,95232600000.0,0.8630800115186118
リログループ,8876,サービス業,プライム（内国株式）,JP,2025-03-31,東京都,277511569408.0,3.8522434,12.74367,14.250252,-6.6068951494187775,0.2947,0.020635352,128.91,144.15,-181.92999956210397,142908000000.0,30438000000.0,0.22687,43317000000.0,0.14071,0.30973,0.22494524632556667,232664000000.0,126778000000.0,167045000000.0,87932000000.0,64021000000.0,24462000000.0,-48495600000.0,-0.17475163325065318
エスリード,8877,不動産業,プライム（内国株式）,JP,2025-03-31,大阪府,108931309568.0,1.390271,,11.939794,6.6896666925764245,0.3468,0.028082192,591.3,,487.26999085653785,94765891000.0,14548231000.0,0.14979,9330772000.0,0.09268,0.12656,0.3235719240919769,153569230000.0,48255007000.0,213514900000.0,140875771000.0,31242775000.0,499971000.0,60295649700.0,0.5535199194714596
日神グループホールディングス,8881,不動産業,プライム（内国株式）,JP,2025-03-31,東京都,37643923456.0,0.53874594,,9.476778,10.850761125661961,0.2588,0.026927784,85.05,,45.03580198963928,76235977000.0,3447833000.0,0.0494,2057620000.0,0.04859,0.0629,0.5121152579598769,63924042000.0,34232540000.0,116407506000.0,44312895000.0,54343489000.0,4426309000.0,55581880300.0,1.476516664501423
シーラホールディングス,8887,不動産業,スタンダード（内国株式）,JP,2025-05-31,東京都,15156246528.0,0.011135969,,4.7095947,33.413079049177824,0.076,0.0,85.57,,20.09745226538745,5419139000.0,200891000.0,0.104090005,-657912000.0,0.03611,0.10428,0.6607182860773038,5682453000.0,2404395000.0,12399000000.0,4543916000.0,7959765000.0,688194000.0,7198282800.0,0.47493835539701246
ＡＭＧホールディングス,8891,不動産業,スタンダード（内国株式）,JP,2025-03-31,愛知県,7437053440.0,0.6308466,,7.283151,5.698834282059361,0.1783,0.010928961,364.54,,378.48363728245056,30417651000.0,1551100000.0,0.08327,975204000.0,0.04251,0.12255,0.37449907863203796,18343415000.0,14607685000.0,26233050000.0,13414933000.0,3109111000.0,84718000.0,7948937600.0,1.0688288936108545
エスコン,8892,不動産業,プライム（内国株式）,JP,2025-03-31,東京都,110981414912.0,1.4113793,,9.579652,8.179760202947575,0.3964,0.040472176,121.09,,102.95999998240536,113603000000.0,21315000000.0,0.20333,11193000000.0,0.0923,,0.17209854582067513,381167000000.0,95654000000.0,335103000000.0,336394000000.0,46802000000.0,19546000000.0,-32381800000.0,-0.29177678105542587
ＲＥＶＯＬＵＴＩＯＮ,8894,不動産業,スタンダード（内国株式）,JP,2025-10-31,東京都,7919029248.0,5.3838487,,,215.93731614951943,0.0,0.0,-148.53,,2.639654924697315,34570459000.0,-4150834000.0,-0.23551,-17232188000.0,-0.49847,-1.69528,0.02502701204392411,45290752000.0,34453233000.0,35631516000.0,11690540000.0,2778559000.0,615363000.0,-9228481900.0,-1.1653551983446342
ＭＩＲＡＲＴＨホールディングス,8897,不動産業,プライム（内国株式）,JP,2025-03-31,東京都,56244211712.0,0.6976368,,6.6634474,6.279395730802129,0.48290002,0.06714629,62.13,,73.71999999170673,196523000000.0,14365000000.0,0.06985,8207000000.0,0.049439996,0.11354,0.22356298388222534,283403000000.0,134075000000.0,215263000000.0,227002000000.0,48044000000.0,3125000000.0,-65952500000.0,-1.172609553809938
センチュリー２１・ジャパン,8898,不動産業,スタンダード（内国株式）,JP,2025-03-31,東京都,11585598464.0,1.7047608,,15.1057005,16.32233040561553,0.7359,0.0,74.74,,64.85970279459701,4045647000.0,1071667000.0,0.29878,802247000.0,0.18343,0.11687,0.8344751482188433,1311439000.0,1149607000.0,6485196000.0,,761769000.0,715500000.0,5674607000.0,0.48979834901345326
ＡＶＡＮＴＩＡ,8904,不動産業,スタンダード（内国株式）,JP,2025-08-31,,12628388864.0,0.45260873,,19.693901,19.29351467749252,0.856,0.04328018,44.43,,41.12215018194817,69270817000.0,1313549000.0,-0.00113,639446000.0,0.016649999,0.04104,0.39421641766372745,43059220000.0,30277350000.0,61148568000.0,37292502000.0,18275884000.0,559260000.0,18480830000.0,1.463435296380813
毎日コムネット,8908,不動産業,スタンダード（内国株式）,JP,2025-05-31,東京都,16484463616.0,1.2664068,10.87108,9.316214,8.658867370259758,0.32840002,0.035407726,100.47,86.1,84.21756894790603,22255059000.0,2520069000.0,0.04724,1599526000.0,0.07744,0.14179,0.4242880649346563,17545040000.0,5319587000.0,22476157000.0,13127193000.0,8299348000.0,214190000.0,5081050000.0,0.3082326558122448
エリアクエスト,8912,不動産業,スタンダード（内国株式）,JP,2024-06-30,東京都,2516050688.0,1.6729001,,22.428572,20.773491998389545,0.4286,0.01910828,7.0,,7.765958671501756,,,0.10130999,,0.07231,0.13098,0.3734957943326392,2723036000.0,974390000.0,889922000.0,703857000.0,642076000.0,1108112000.0,-1057435600.0,-0.4202759527235725
エリアリンク,8914,不動産業,スタンダード（内国株式）,JP,2024-12-31,東京都,56576315392.0,2.0081227,0.44362074,15.747028,11.366345441421533,0.3538,0.0,70.68,2508.9,55.62480356419667,24695793000.0,4906762000.0,0.21485001,3200941000.0,0.05646,0.07976,0.47872067008755315,29149741000.0,7786116000.0,22558058000.0,20841539000.0,15210595000.0,36591000.0,-6566069300.0,-0.11605685620397356
ファースト住建,8917,不動産業,スタンダード（内国株式）,JP,2025-10-31,兵庫県,17169361920.0,0.42128232,,12.019091,5.808817445629616,0.41900003,0.03476152,102.67,,178.6399974696722,42883657000.0,2490225000.0,0.06283,1435197000.0,0.03346,0.03611,0.6596279697676275,19645907000.0,13469287000.0,46469195000.0,14260246000.0,22308338000.0,252345000.0,26999929500.0,1.5725645266146269
ランド,8918,不動産業,スタンダード（内国株式）,JP,2025-02-28,神奈川県,15378829312.0,1.7799928,,142.85715,40.82328014510312,1.4286,0.011111111,0.07,,0.1669084347453883,5092112000.0,977020000.0,0.095740005,874307000.0,0.02163,0.00253,0.8887566503997353,1114353000.0,1008915000.0,9932167000.0,572521000.0,3978192000.0,45000000.0,8849314000.0,0.5754218231094442
カチタス,8919,不動産業,プライム（内国株式）,JP,2025-03-31,群馬県,253482074112.0,5.062247,23.863886,23.050655,17.38040686583556,0.4764,0.020211162,140.56,135.77,108.73999953852366,129537000000.0,14223000000.0,0.13095,9550000000.0,0.08139,0.25312,0.5486325288915024,37612000000.0,11028000000.0,81050000000.0,26500000000.0,18766000000.0,,43438000000.0,0.17136517504116328
東祥,8920,サービス業,スタンダード（内国株式）,JP,2025-03-31,愛知県,34310764544.0,0.91656226,19.740755,22.337101,-12.028493526341789,0.1684,0.0021786492,41.59,47.06,-58.20736995226906,35619427000.0,5884962000.0,0.31974,1228114000.0,0.0612,0.07016,0.5021544561513919,29912048000.0,14453444000.0,22430939000.0,21359512000.0,21214983000.0,500000.0,-7480759000.0,-0.21802950471729365
トーセイ,8923,不動産業,プライム（内国株式）,JP,2024-11-30,,162230140928.0,1.5780355,6.4857526,11.018903,7.860768552602112,0.32919997,0.030395137,151.83,257.95,109.66086470927358,82191828000.0,18488580000.0,0.14342,11985203000.0,0.15582,0.15277,0.3269337312052445,185948651000.0,34648333000.0,190330290000.0,165900807000.0,34874164000.0,9034356000.0,10705688200.0,0.06599074708781356
明豊エンタープライズ,8927,不動産業,スタンダード（内国株式）,JP,2025-07-31,東京都,13212747776.0,1.3777198,9.933481,6.97928,7.390085805874428,0.1869,0.026490066,64.19,45.1,46.64137682697505,29796484000.0,3373703000.0,0.08392999,1893734000.0,0.05898,0.17926,0.3273847757279358,19572497000.0,12474383000.0,26639019000.0,15929460000.0,5093162000.0,32712000.0,7089420400.0,0.536559126094681
穴吹興産,8928,不動産業,スタンダード（内国株式）,JP,2025-06-30,香川県,26133661696.0,0.56893945,,7.021063,4.4650180350843245,0.16620001,0.024482904,348.95,,454.060031681476,130973099000.0,5690206000.0,0.0951,3722466000.0,0.0319,0.102340005,0.2940768845845984,104485664000.0,51542313000.0,116046548000.0,75223448000.0,6972573000.0,3797692000.0,14219268400.0,0.5440978216296567
青山財産ネットワークス,8929,不動産業,スタンダード（内国株式）,JP,2024-12-31,東京都,33023229952.0,2.828326,11.971158,12.022334,11.425805177736477,0.4626,0.0,114.62,115.11,84.73999882054414,45618000000.0,3507000000.0,0.03222,2428000000.0,0.065809995,0.25699,0.4376563058235084,12577000000.0,5705000000.0,15415000000.0,5970000000.0,13082000000.0,2845000000.0,4829500000.0,0.14624553706647672
和田興産,8931,不動産業,スタンダード（内国株式）,JP,2025-02-28,兵庫県,19489513472.0,0.55391055,6.452666,5.527591,4.961286187659565,0.24540001,0.0050223214,321.84,275.7,237.7318880638054,40130553000.0,5285810000.0,0.1542,3122220000.0,0.07773,0.100810006,0.29758550518150084,77726018000.0,38671669000.0,79771937000.0,57365766000.0,17198152000.0,266881000.0,2232735700.0,0.11456087414432918
サンフロンティア不動産,8934,不動産業,プライム（内国株式）,JP,2025-03-31,東京都,119343890432.0,1.0979669,7.23661,7.2208843,7.682686641687034,0.2086,0.028354632,340.54,339.8,230.74000121014097,103174000000.0,21280000000.0,0.16048001,14163000000.0,0.13972999,0.16320999,0.4683441037627756,112300000000.0,26663000000.0,183706000000.0,92458000000.0,44920000000.0,,71406000000.0,0.5983213697955142
ＦＪネクストホールディングス,8935,不動産業,プライム（内国株式）,JP,2025-03-31,東京都,59707232256.0,0.7840844,,8.096825,6.576032112112171,0.2309,0.027807487,225.15,,197.30466478921988,112429000000.0,9491000000.0,0.07429,6483000000.0,0.060879998,0.10465,0.6913355518264646,32557000000.0,15841000000.0,92778000000.0,18230000000.0,24468000000.0,299000000.0,60430300000.0,1.01211022043192
グローム・ホールディングス,8938,不動産業,グロース（内国株式）,JP,2025-03-31,東京都,3086173184.0,0.41874814,,,-29.988478858800715,0.2558,0.0057471264,-41.83,,-21.877507833639452,2043000000.0,-41000000.0,-0.040370002,70000000.0,-0.19317,-0.05005,0.9066512434933488,807000000.0,596000000.0,4339000000.0,55000000.0,2186000000.0,,3532000000.0,1.1444594290143375
ランドビジネス,8944,不動産業,スタンダード（内国株式）,JP,2025-09-30,東京都,4763067904.0,0.2963951,,,-1.9173510808537664,2.7907,0.025210084,-18.06,,-105.77092796247527,18603111000.0,635012000.0,0.111499995,-358389000.0,-0.01946,-0.022230001,0.2849106552421653,40336847000.0,7331549000.0,39009966000.0,33439023000.0,7551300000.0,21733000.0,-1311667900.0,-0.27538299399394833
サンネクスタグループ,8945,不動産業,スタンダード（内国株式）,JP,2024-06-30,東京都,10610023424.0,1.3829542,,47.87278,17.615515793302077,1.6907,0.018213356,24.21,,51.800002642862715,8371365000.0,653570000.0,0.0935,1775416000.0,0.03431,0.03828,0.7259185165017844,2985853000.0,2793617000.0,9730726000.0,,7340737000.0,37865000.0,6771378500.0,0.6382058011939032
ＡＳＩＡＮ　ＳＴＡＲ,8946,不動産業,スタンダード（内国株式）,JP,2024-12-31,神奈川県,2016625024.0,0.9133303,,58.62069,43.85064597274459,0.0,0.0,1.45,,1.9383978984672616,3351829000.0,51332000.0,0.06856,18476000.0,0.0354,0.08266,0.6676346479017062,1043611000.0,728846000.0,2199583000.0,239200000.0,1309311000.0,,1155972000.0,0.5732210927875504
誠建設工業,8995,不動産業,スタンダード（内国株式）,JP,2025-03-31,大阪府,2438211840.0,0.61555463,,374.07407,13.160413214735922,7.7882,0.01927525,3.24,,65.12289359527702,3274673000.0,20218000.0,-0.03584,46570000.0,0.00182,0.00154,0.5734475528230114,2963349000.0,973291000.0,5601995000.0,2571209000.0,1636992000.0,474568000.0,2970843600.0,1.2184517978552676
ハウスフリーダム,8996,不動産業,スタンダード（内国株式）,JP,2024-12-31,大阪府,4231786496.0,1.0968856,,8.952319,9.16545492227551,0.3243,0.0,123.32,,85.15325528000515,14488455000.0,882980000.0,0.12052,484646000.0,0.03887,0.18207,0.20922687525477043,12739427000.0,5721385000.0,11974990000.0,11247889000.0,3955883000.0,47808000.0,-730971400.0,-0.17273352535411088
グランディハウス,8999,不動産業,プライム（内国株式）,JP,2025-03-31,栃木県,18892511232.0,0.7726046,,25.80008,39.288730265052614,1.2643,0.048929665,25.31,,14.489999990614677,53960131000.0,1212439000.0,0.03198,486250000.0,0.0136899995,0.02974,0.36158329466500355,43904395000.0,26541999000.0,54008846000.0,36621542000.0,10857676000.0,377850000.0,10368946000.0,0.5488389485478856
東武鉄道,9001,陸運業,プライム（内国株式）,JP,2025-03-31,,589182730240.0,0.9866299,13.204403,11.974547,15.652047707631393,0.2585,0.021558871,251.45,228.03,232.9948921757167,631461000000.0,74605000000.0,0.13695,51330000000.0,0.0,,0.3162822267853069,1192449000000.0,438733000000.0,176839000000.0,779054000000.0,35110000000.0,99253000000.0,-946132900000.0,-1.60583949840926
相鉄ホールディングス,9003,陸運業,プライム（内国株式）,JP,2025-03-31,神奈川県,280135434240.0,1.4550389,13.304467,14.178162,15.818231561003,0.3156,0.02232143,205.88,219.4,164.12686635238072,292178000000.0,37820000000.0,0.14869,22407000000.0,0.06769,0.10549,0.240319096114433,575185000000.0,144130000000.0,141683000000.0,432923000000.0,16008000000.0,23387000000.0,-417131100000.0,-1.489033692334087
東急,9005,陸運業,プライム（内国株式）,JP,2025-03-31,東京都,1120761675776.0,1.2798195,17.11088,13.066178,16.96812220482182,0.17950001,0.013863928,150.35,114.81,106.12217120966163,1054981000000.0,103487000000.0,0.110649996,79677000000.0,0.0,,0.30677207434954157,1826689000000.0,719727000000.0,459501000000.0,1291723000000.0,62132000000.0,272657000000.0,-1176328100000.0,-1.0495791615871648
京浜急行電鉄,9006,陸運業,プライム（内国株式）,JP,2025-03-31,神奈川県,410169966592.0,1.0726362,19.359331,16.103212,4.415528939440313,0.42150003,0.024813896,94.95,78.98,304.2256724315476,293860000000.0,35644000000.0,0.14435,24301000000.0,0.08764,0.06911,0.35736956914826085,667123000000.0,220904000000.0,191544000000.0,474298000000.0,74454000000.0,114136000000.0,-395683800000.0,-0.9646825273133429
小田急電鉄,9007,陸運業,プライム（内国株式）,JP,2025-03-31,東京都,594123030528.0,1.2047881,15.434978,14.105401,8.87693383142449,0.4098,0.028727377,122.01,111.5,225.28000008489036,422700000000.0,51432000000.0,0.12732,51958000000.0,0.1022,0.08712,0.36790639319810675,820730000000.0,344331000000.0,141096000000.0,610598000000.0,35032000000.0,85605000000.0,-619710500000.0,-1.0430676276751303
京王電鉄,9008,陸運業,プライム（内国株式）,JP,2025-03-31,東京都,475140620288.0,1.0851476,14.900385,12.291177,16.596910876619702,0.3166,0.025741603,331.62,273.55,239.49000021759906,452916000000.0,54148000000.0,0.12845999,42857000000.0,0.0773,0.08625,0.3693577970209934,707832000000.0,302490000000.0,266341000000.0,446935000000.0,48254000000.0,85963000000.0,-381316900000.0,-0.8025348364635083
京成電鉄,9009,陸運業,プライム（内国株式）,JP,2025-03-31,千葉県,625935384576.0,1.1267781,3.938346,8.739563,11.451960621596387,0.1279,0.0144817075,148.52,329.58,174.85666658510664,319314000000.0,36009000000.0,0.1294,69961000000.0,0.15713,0.09781,0.46519760172558766,569465000000.0,231225000000.0,119084000000.0,329403000000.0,51529000000.0,236626000000.0,-284742800000.0,-0.45490765822878165
富士急行,9010,陸運業,プライム（内国株式）,JP,2025-03-31,,115381944320.0,2.8676968,18.606045,21.841393,44.807577050144864,0.2915,0.013116237,99.49,116.79,86.09999975516199,52230503000.0,8313680000.0,0.18048,5107705000.0,0.0,,0.352992419504477,64315212000.0,22733129000.0,33083628000.0,48859983000.0,16780638000.0,8720974000.0,-25126902200.0,-0.21777152697577284
秩父鉄道,9012,陸運業,スタンダード（内国株式）,JP,2025-03-31,埼玉県,3158948096.0,0.6023929,,9.688439,33.447029847360405,0.0,0.0,219.54,,62.33737373737374,5276389000.0,304971000.0,0.13678999,115590000.0,0.05878,0.06374,0.29607180338531497,11896257000.0,3988936000.0,2030781000.0,5526281000.0,1077750000.0,111793000.0,-9787220900.0,-3.0982531534446585
新潟交通,9017,陸運業,スタンダード（内国株式）,JP,2025-03-31,,8219808256.0,0.41873702,,7.2562046,7.380957800996173,0.0339,0.0046860357,294.92,,277.2535797969279,19998620000.0,2016266000.0,0.1416,1086996000.0,0.055570003,0.059169997,0.337306481529666,37388442000.0,19112838000.0,4908092000.0,26679874000.0,2661904000.0,179873000.0,-32354438900.0,-3.9361549433203713
東日本旅客鉄道,9020,陸運業,プライム（内国株式）,JP,2025-03-31,,4300172951552.0,1.4252256,18.477207,18.601698,16.19537638334747,0.3366,0.018292682,204.82,206.2,173.81999995752912,2887553000000.0,376787000000.0,0.15205,224285000000.0,0.07566,0.07711,0.2810576020343173,7302009000000.0,1741990000000.0,1250033000000.0,4648645000000.0,233663000000.0,506182000000.0,-5697648600000.0,-1.3249812656822626
西日本旅客鉄道,9021,陸運業,プライム（内国株式）,JP,2025-03-31,大阪府,1532722413568.0,1.2878773,14.266954,11.947075,14.897081174462802,0.32830003,0.027102256,281.91,236.07,202.6201274584229,1707944000000.0,180162000000.0,0.15868,113958000000.0,0.06677,0.09794,0.30824689215504164,2472195000000.0,698552000000.0,617309000000.0,1443294000000.0,125617000000.0,138844000000.0,-1757695200000.0,-1.146779863359791
東海旅客鉄道,9022,陸運業,プライム（内国株式）,JP,2025-03-31,,4456719056896.0,0.8961501,10.946481,8.707465,9.47436734435369,0.06,0.0068595926,533.68,424.52,390.66000009615817,1831847000000.0,702795000000.0,0.45626998,458423000000.0,0.27341,0.114300005,0.4456437327242284,5664797000000.0,782343000000.0,1942917000000.0,4308098000000.0,259468000000.0,458717000000.0,-3400778100000.0,-0.7630676415956454
東京地下鉄,9023,陸運業,プライム（内国株式）,JP,2025-03-31,東京都,995726262272.0,1.3688276,,17.19126,,0.611,0.03552708,99.76,,,407832000000.0,86943000000.0,0.24944,53748000000.0,0.15088001,0.08906,0.35301429489911296,1313216000000.0,169814000000.0,316446000000.0,1086811000000.0,38762000000.0,,-996770000000.0,-1.0010482175348256
西武ホールディングス,9024,陸運業,プライム（内国株式）,JP,2025-03-31,東京都,1132052217856.0,2.086589,31.600965,6.1709933,25.96077255174587,0.0623,0.01,722.25,141.04,89.64551578980709,901131000000.0,292736000000.0,0.10564999,258182000000.0,0.219,0.42199,0.30627766994525985,1266993000000.0,430079000000.0,359816000000.0,665204000000.0,235323000000.0,86672000000.0,-846506600000.0,-0.7477628563841371
鴻池運輸,9025,陸運業,プライム（内国株式）,JP,2025-03-31,大阪府,187176140800.0,1.2530789,13.846335,15.0313425,9.371263405266468,0.4944,0.033190273,234.51,254.58,214.05000143152657,344987000000.0,21386000000.0,0.06559,14050000000.0,0.03512,0.08708,0.5066378554514639,139280000000.0,63932000000.0,140129000000.0,59871000000.0,66398000000.0,13005000000.0,9952500000.0,0.05317184101276224
ゼロ,9028,陸運業,スタンダード（内国株式）,JP,2024-06-30,神奈川県,58566545408.0,1.3027312,9.409955,7.938755,5.720201516427156,0.33,0.03515075,423.87,357.6,203.96298054105364,140751000000.0,6223000000.0,0.07085,4151000000.0,0.04725,0.17040001,0.5260486618692831,32860000000.0,24145000000.0,32994000000.0,14248000000.0,11316000000.0,2106000000.0,1608200000.0,0.027459362487518773
ヒガシホールディングス,9029,陸運業,スタンダード（内国株式）,JP,2025-03-31,大阪府,26672949248.0,1.7378786,,11.442033,11.026736716436323,0.2356,0.020659124,178.29,,114.49249856609678,48126040000.0,2739864000.0,0.07873,1805858000.0,0.045890003,0.17948,0.42756852078901214,18087106000.0,12320278000.0,14017562000.0,9466450000.0,4679456000.0,1307229000.0,-3154483700.0,-0.11826527582946346
西日本鉄道,9031,陸運業,プライム（内国株式）,JP,2025-03-31,,237469286400.0,0.92824644,15.824696,8.622581,7.637664578622051,0.1302,0.015640434,364.74,198.74,313.41000044495775,443495000000.0,26656000000.0,0.075440004,20810000000.0,0.06136,0.11328,0.3187005674277546,526088000000.0,157105000000.0,217683000000.0,366160000000.0,51318000000.0,64666000000.0,-263138800000.0,-1.1080961415648571
広島電鉄,9033,陸運業,スタンダード（内国株式）,JP,2025-03-31,広島県,19995977728.0,0.4703168,,11.826025,35.527929702667706,0.1437,0.012121212,55.64,,21.600116192820153,33709000000.0,-1419000000.0,0.0145000005,1379000000.0,0.05159,0.04487,0.4008185853461694,61323000000.0,31919000000.0,16444000000.0,26778000000.0,4046000000.0,9329000000.0,-38348700000.0,-1.9178206998250964
南総通運,9034,陸運業,スタンダード（内国株式）,JP,2025-03-31,千葉県,15669865472.0,0.69156784,,12.517932,6.224565241557682,0.415,0.015006002,132.45,,158.97091650708887,16106285000.0,2018100000.0,0.11306,1370679000.0,0.07946,0.058179997,0.6566430894485557,11490789000.0,4334274000.0,6058294000.0,7778238000.0,3833195000.0,505748000.0,-5078471400.0,-0.32409157622154217
東部ネットワーク,9036,陸運業,スタンダード（内国株式）,JP,2025-03-31,神奈川県,6357490176.0,0.3109695,,17.47558,76.57640222892563,0.2291,0.012820513,65.52,,14.563119338589663,10370887000.0,186779000.0,0.047399998,105654000.0,0.0365,0.01854,0.8188792123109003,4372424000.0,1556959000.0,5959653000.0,745284000.0,4468595000.0,2235934000.0,3152382800.0,0.49585334978581336
ハマキョウレックス,9037,陸運業,プライム（内国株式）,JP,2025-03-31,静岡県,139141693440.0,1.4682935,15.156401,14.6852045,8.323700441916579,0.2928,0.019450208,128.02,124.04,110.69142998559799,146668000000.0,13216000000.0,0.10965,8931000000.0,0.06385,0.10326,0.5616823250504873,57551000000.0,34658000000.0,45758000000.0,30533000000.0,23643000000.0,3331000000.0,-9461300000.0,-0.06799759127611779
サカイ引越センター,9039,陸運業,プライム（内国株式）,JP,2025-03-31,大阪府,117349588992.0,1.2220004,11.9958725,13.844028,11.769039943318282,0.48619998,0.024456521,209.91,242.25,205.59999891776528,121023000000.0,12925000000.0,0.042529996,8765000000.0,0.06848,0.08957,0.7545074429790779,31235000000.0,27222000000.0,44663000000.0,4199000000.0,30014000000.0,6215000000.0,17778500000.0,0.15150031757854732
近鉄グループホールディングス,9041,陸運業,プライム（内国株式）,JP,2025-03-31,大阪府,641965817856.0,1.1388592,12.572152,13.208654,17.087521255140658,0.2151,0.016354445,255.59,268.53,251.38656321467383,1741787000000.0,84400000000.0,0.047069997,46716000000.0,0.02787,0.09348,0.21702020735824637,1893533000000.0,761609000000.0,761176000000.0,1329832000000.0,259128000000.0,70080000000.0,-1083301000000.0,-1.6874745817743777
阪急阪神ホールディングス,9042,陸運業,プライム（内国株式）,JP,2025-03-31,大阪府,1096597110784.0,1.0089123,14.215852,15.642874,14.99885479374141,0.2707,0.01719321,295.47,325.13,281.56999965255557,1106854000000.0,110880000000.0,0.096099995,67386000000.0,0.06184,0.06611,0.31548829844678755,2150994000000.0,536001000000.0,618119000000.0,1282774000000.0,61052000000.0,456686000000.0,-1213194800000.0,-1.106326825111403
南海電気鉄道,9044,陸運業,プライム（内国株式）,JP,2025-03-31,大阪府,329560096768.0,1.0088748,14.6085205,14.277007,14.327537693545537,0.2226,0.015522876,213.28,208.44,211.3100008326635,260787000000.0,34656000000.0,0.18131,22496000000.0,0.09122,0.07684,0.31858053777497064,648653000000.0,189121000000.0,120200000000.0,432950000000.0,42849000000.0,60055000000.0,-486414500000.0,-1.4759508349775143
京阪ホールディングス,9045,陸運業,プライム（内国株式）,JP,2025-03-31,,358405177344.0,1.0880352,14.906207,12.717963,14.268139683658774,0.1433,0.011185682,279.29,238.29,232.0799997008788,313546000000.0,42072000000.0,0.17365,28266000000.0,0.09477,0.09205,0.3574198125276208,545355000000.0,182845000000.0,235252000000.0,381535000000.0,13836000000.0,56000000000.0,-270903000000.0,-0.7558568266439557
神戸電鉄,9046,陸運業,プライム（内国株式）,JP,2025-03-31,兵庫県,19898456064.0,0.7989882,,15.975355,21.800650863647462,0.127,0.008016032,157.43,,127.44243932794026,22131000000.0,2007000000.0,0.14105,1150000000.0,0.05652,0.05291,0.25957212174680194,67142000000.0,28323000000.0,5163000000.0,54435000000.0,1054000000.0,1824000000.0,-60702200000.0,-3.050598488885856
名古屋鉄道,9048,陸運業,プライム（内国株式）,JP,2025-03-31,愛知県,355480436736.0,0.7373003,12.766707,10.810327,17.818100862944014,0.2296,0.021418637,167.71,142.01,116.00999998592665,690720000000.0,42077000000.0,0.0799,37733000000.0,0.03876,,0.31865998393272726,950599000000.0,356386000000.0,256417000000.0,585506000000.0,58637000000.0,147074000000.0,-591230200000.0,-1.6631863216683318
京福電気鉄道,9049,陸運業,スタンダード（内国株式）,JP,2025-03-31,京都府,14427311104.0,1.0390514,,7.983637,5.756899861137862,0.022,0.0027359782,909.36,,1051.1426962690723,14459000000.0,2303000000.0,0.19926001,1736000000.0,0.12625,0.1437,0.4921395477765018,11598000000.0,5803000000.0,5566000000.0,7063000000.0,2164000000.0,470000000.0,-5703000000.0,-0.39529195418949775
センコン物流,9051,陸運業,スタンダード（内国株式）,JP,2025-03-31,,7470303744.0,1.2391034,,20.780647,10.633102145162685,0.2062,0.010080645,72.76,,76.69644926435919,18824835000.0,813618000.0,0.03602,506407000.0,0.01914,0.048639998,0.3134868151596426,12712698000.0,7494433000.0,6394200000.0,8569262000.0,2931008000.0,389946000.0,-6045535800.0,-0.8092757680510186
山陽電気鉄道,9052,陸運業,プライム（内国株式）,JP,2025-03-31,,46195503104.0,0.7693096,,11.049107,14.406657346277758,0.2392,0.021572387,188.16,,139.9765955531551,38489000000.0,4066000000.0,0.15266,3031000000.0,0.10738,0.07238,0.4692313962018094,65120000000.0,20101000000.0,19139000000.0,43175000000.0,8856000000.0,11281000000.0,-38084300000.0,-0.8244157426808572
遠州トラック,9057,陸運業,スタンダード（内国株式）,JP,2025-03-31,静岡県,27390490624.0,1.134512,,11.846273,8.991359399234986,0.3134,0.013351499,309.38,,273.87676375966237,48631000000.0,3240000000.0,0.07117,2390000000.0,0.04483,0.095410004,0.5789460551923749,16875000000.0,8782000000.0,13126000000.0,9543000000.0,7400000000.0,357000000.0,-3499100000.0,-0.12774871571427898
カンダホールディングス,9059,陸運業,スタンダード（内国株式）,JP,2025-03-31,,19904403456.0,0.7190898,9.09002,8.5441,7.700259168283834,0.2024,0.011134677,108.73,102.2,105.88404583637892,52009000000.0,3440000000.0,0.079840004,2206000000.0,0.04607,0.09033,0.5426038244461292,21719000000.0,14806000000.0,20512000000.0,6996000000.0,9170000000.0,1581000000.0,-100300000.0,-0.0050390859601353935
日本ロジテム,9060,陸運業,スタンダード（内国株式）,JP,2025-03-31,東京都,6615393792.0,0.4257855,,8.1357,10.378125544522755,0.13319999,0.008080808,600.44,,365.5975276785982,66001552000.0,1228979000.0,0.02568,461235000.0,0.010319999,0.04765,0.31822191685557405,33232293000.0,18371261000.0,16042119000.0,23087693000.0,4463689000.0,1963786000.0,-15815523800.0,-2.3907153976420457
岡山県貨物運送,9063,陸運業,スタンダード（内国株式）,JP,2025-03-31,岡山県,8998396928.0,0.3471222,,7.861607,2.6903374253349734,0.123900004,0.015765766,564.77,,1231.504935834156,38346578000.0,907115000.0,0.03674,957479000.0,0.06239,0.097950004,0.4932017190077901,23984780000.0,13000120000.0,13051574000.0,13892104000.0,6837335000.0,3786679000.0,-8282530700.0,-0.920445137758653
ヤマトホールディングス,9064,陸運業,プライム（内国株式）,JP,2025-03-31,東京都,587118870528.0,1.004126,17.146029,17.357925,19.598573134145575,0.43060002,0.02377261,106.81,108.13,107.23293652263872,1762696000000.0,14207000000.0,0.07964,37937000000.0,0.01844,0.057930004,0.46492424027242574,667079000000.0,354639000000.0,521160000000.0,173794000000.0,208654000000.0,48689000000.0,-111836700000.0,-0.19048391324813746
山九,9065,陸運業,プライム（内国株式）,JP,2025-03-31,東京都,482933833728.0,1.6678658,19.042017,16.200123,11.460465564016117,0.42099997,0.02541244,589.44,501.47,428.6000022397818,606791000000.0,43945000000.0,0.07327,30747000000.0,0.05143,0.1117,0.5378134922017869,248128000000.0,139070000000.0,280256000000.0,89495000000.0,47542000000.0,32541000000.0,54906700000.0,0.11369404287984672
丸運,9067,陸運業,スタンダード（内国株式）,JP,2025-03-31,東京都,27353948160.0,1.0535263,,24.152002,18.77582594174605,0.48479998,0.020063357,39.21,,14.40193872252034,46145000000.0,1269000000.0,0.02576,1116000000.0,0.02421,0.04512,0.6886329765614415,11213000000.0,6509000000.0,9227000000.0,370000000.0,2335000000.0,2639000000.0,-138700000.0,-0.005070566018064721
丸全昭和運輸,9068,陸運業,プライム（内国株式）,JP,2025-03-31,神奈川県,179274891264.0,1.2834209,15.525114,18.22007,9.229664382945485,0.3575,0.009574468,503.84,591.3,481.18999604960845,144572000000.0,14655000000.0,0.106479995,9804000000.0,0.06803,0.073709995,0.6770438548998375,59939000000.0,34487000000.0,72113000000.0,28497000000.0,21507000000.0,27186000000.0,31204200000.0,0.17405783810544184
センコーグループホールディングス,9069,陸運業,プライム（内国株式）,JP,2025-03-31,東京都,333051625472.0,1.5080446,15.04257,19.815456,11.49040013781305,0.4893,0.024030037,98.08,129.2,94.0800000641991,854550000000.0,34947000000.0,0.03421,18610000000.0,0.01919,0.081070006,0.3024449765492063,475526000000.0,184680000000.0,229227000000.0,320470000000.0,70305000000.0,27045000000.0,-227367500000.0,-0.6826794485022414
ニッコンホールディングス,9072,陸運業,プライム（内国株式）,JP,2025-03-31,東京都,463515222016.0,1.9601564,25.540173,31.756758,10.798808514807154,0.515,0.009315207,124.32,154.58,130.2649996229233,247888000000.0,23156000000.0,0.095240004,16550000000.0,0.06036,0.06682,0.563904197929373,179082000000.0,76641000000.0,87015000000.0,118691000000.0,36784000000.0,28031000000.0,-72445300000.0,-0.15629540640522757
京極運輸商事,9073,陸運業,スタンダード（内国株式）,JP,2025-03-31,東京都,4427039744.0,0.99149823,,23.641388,32.58596868284689,0.1535,0.0064935065,65.14,,19.827032767872005,8421594000.0,16919000.0,0.0456,103832000.0,0.021370001,0.04328,0.5165234590703088,3927798000.0,2292179000.0,2532212000.0,1860842000.0,880727000.0,1797449000.0,-137371700.0,-0.031030148348268363
日本石油輸送,9074,陸運業,スタンダード（内国株式）,JP,2025-03-31,東京都,17064239104.0,0.60698366,,11.818869,7.970093628266069,0.2292,0.009242144,436.59,,348.8973603828559,37090000000.0,1555000000.0,0.06447,1262000000.0,0.03816,0.0543,0.5995055338616881,17333000000.0,7620000000.0,12111000000.0,8733000000.0,5621000000.0,7309000000.0,-105700000.0,-0.00619424044376072
福山通運,9075,陸運業,プライム（内国株式）,JP,2025-03-31,広島県,190601969664.0,0.6644523,19.10452,31.641315,17.951512180666306,0.4459,0.01364486,163.71,271.14,193.5515750463249,302495000000.0,7366000000.0,0.0557,8748000000.0,0.042529996,0.04626,0.5711241246799315,212903000000.0,89778000000.0,74045000000.0,110431000000.0,29919000000.0,58005000000.0,-98254500000.0,-0.5154957221754138
セイノーホールディングス,9076,陸運業,プライム（内国株式）,JP,2025-03-31,岐阜県,376129814528.0,0.92063636,15.104916,18.244026,24.95535440407235,0.7388,0.023412699,138.1,166.8,78.15999991282753,737377000000.0,29886000000.0,0.06337,19253000000.0,0.029070001,0.05736,0.5150186809195164,347270000000.0,232251000000.0,233579000000.0,115386000000.0,85121000000.0,71142000000.0,-63891600000.0,-0.16986582167163927
神奈川中央交通,9081,陸運業,プライム（内国株式）,JP,2025-03-31,神奈川県,44851040256.0,0.70801806,,14.249513,11.39089326380914,0.3701,0.025815217,256.5,,265.8181780844891,118148000000.0,7388000000.0,0.06718,5083000000.0,0.0231,0.0533,0.3489216895142767,102043000000.0,56952000000.0,31874000000.0,61875000000.0,4272000000.0,17864000000.0,-57664200000.0,-1.2856825543145771
大和自動車交通,9082,陸運業,スタンダード（内国株式）,JP,2025-03-31,,5918765056.0,0.62234086,,19.451773,-9.338846235043691,0.1172,0.0029433407,68.22,,-103.52806741894015,19042000000.0,-21000000.0,0.0502,132000000.0,0.01248,0.02625,0.30681628983383835,20771000000.0,12782000000.0,8742000000.0,14698000000.0,5165000000.0,1114000000.0,-11249200000.0,-1.9005991779647353
神姫バス,9083,陸運業,スタンダード（内国株式）,JP,2025-03-31,兵庫県,24633567232.0,0.47909075,,8.356203,9.05048458110241,0.1433,0.007477567,244.13,,186.82277780488963,52953000000.0,3475000000.0,0.0591,2471000000.0,0.05513,0.0617,0.737450240782431,17610000000.0,11920000000.0,14364000000.0,3558000000.0,5929000000.0,4526000000.0,-77800000.0,-0.003158292068187942
タカセ,9087,陸運業,スタンダード（内国株式）,JP,2025-03-31,東京都,3108624384.0,0.44302914,,16.619837,8.566671086567343,0.3644,0.022801302,96.09,,152.9835,8345345000.0,79422000.0,0.032360002,155002000.0,0.023139998,0.026589999,0.7722842298418258,2166992000.0,1275735000.0,3051456000.0,965000000.0,1849882000.0,497270000.0,1232553000.0,0.3964946702290295
ＡＺ－ＣＯＭ丸和ホールディングス,9090,陸運業,プライム（内国株式）,JP,2025-03-31,埼玉県,126736932864.0,2.048043,14.019666,15.641623,19.715191082699498,0.5319,0.033402923,60.16,67.12,65.88000017569927,208370000000.0,10973000000.0,0.06571,7284000000.0,0.035,0.13272999,0.41732880670326494,78002000000.0,50682000000.0,66573000000.0,43831000000.0,41395000000.0,10935000000.0,-3774500000.0,-0.029782163057791324
日本郵船,9101,海運業,プライム（内国株式）,JP,2025-03-31,東京都,2064289759232.0,0.71900296,9.854783,6.97289,8.150138967809923,0.42810002,0.06066536,724.09,512.34,468.12741253442823,2588700000000.0,210820000000.0,0.05092,477707000000.0,0.094560005,0.079840004,0.6756232077215563,1350298000000.0,523106000000.0,696334000000.0,738461000000.0,156012000000.0,1987760000000.0,737468000000.0,0.3572502342279546
商船三井,9104,海運業,プライム（内国株式）,JP,2025-03-31,,1765417156608.0,0.6530822,9.135017,6.1456056,5.86149728483616,0.3168,0.050853964,836.37,562.67,721.0499999925594,1775470000000.0,150852000000.0,0.065,425492000000.0,0.13097,0.08866,0.5390102296161522,2260232000000.0,523340000000.0,570022000000.0,1815443000000.0,163290000000.0,1779474000000.0,-444578200000.0,-0.25182614677552717
川崎汽船,9107,海運業,プライム（内国株式）,JP,2025-03-31,東京都,1465510526976.0,0.84235114,6.635092,7.722156,13.36432583022655,0.36650002,0.021349274,300.24,349.43,141.37667359102645,1047944000000.0,102855000000.0,0.09644,305384000000.0,0.12197,0.07177,0.7458807474404414,532601000000.0,205455000000.0,403375000000.0,344860000000.0,204716000000.0,1230101000000.0,731844700000.0,0.499378671479161
ＮＳユナイテッド海運,9110,海運業,プライム（内国株式）,JP,2025-03-31,東京都,176270802944.0,0.982462,,8.592072,5.728154570022452,0.2642,0.03006536,870.57,,763.1999949759324,247408000000.0,20224000000.0,0.097629994,18621000000.0,0.09679,0.13108,0.5651645435981497,125210000000.0,44820000000.0,116172000000.0,85316000000.0,40793000000.0,5506000000.0,-5183800000.0,-0.029408160134420314
明海グループ,9115,海運業,スタンダード（内国株式）,JP,2025-03-31,兵庫県,25099526144.0,0.48293445,,5.1509643,4.99699302433271,0.0349,0.006702413,143.08,,153.5368797893429,67544205000.0,11014379000.0,0.10329001,2812147000.0,0.091800004,0.13999,0.16283483512645328,202064273000.0,57023600000.0,56294405000.0,165702413000.0,48220661000.0,26692735000.0,-127084953500.0,-5.06324114530662
飯野海運,9119,海運業,プライム（内国株式）,JP,2025-03-31,東京都,169390522368.0,1.1060785,,10.442894,6.275830366568277,0.3393,0.031306442,153.31,,186.61865335904125,141866000000.0,17100000000.0,0.13746001,18367000000.0,0.0,,0.4748344651813948,160787000000.0,67341000000.0,41139000000.0,122652000000.0,11627000000.0,25660000000.0,-101686000000.0,-0.6003051326513281
玉井商船,9127,海運業,スタンダード（内国株式）,JP,2025-03-31,東京都,7884564480.0,0.8274916,,4.5541706,4.7433239596309065,0.0892,0.019300362,896.98,,379.00094078835576,5389051000.0,888047000.0,0.22181,2095920000.0,0.05646,0.029240001,0.7324309564853556,3340943000.0,834368000.0,4886082000.0,1513415000.0,4185775000.0,1126569000.0,2333737300.0,0.2959881051033018
共栄タンカー,9130,海運業,スタンダード（内国株式）,JP,2025-03-31,東京都,8756585472.0,0.3492993,,13.380857,53.57772696735493,0.4675,0.016992353,85.57,,19.174646677358258,15160070000.0,1372642000.0,0.037019998,5111725000.0,0.04143,0.02655,0.3242270699342683,52231373000.0,10905223000.0,10648605000.0,45543201000.0,8226280000.0,1779467000.0,-40337141100.0,-4.60649202008954
九州旅客鉄道,9142,陸運業,プライム（内国株式）,JP,2025-03-31,福岡県,619676368896.0,1.2804894,11.901177,14.422148,13.549288827602808,0.39,0.026980199,279.57,338.79,244.6799999923627,454393000000.0,58977000000.0,0.17844999,43657000000.0,0.09562001,,0.4002651447730794,681890000000.0,212706000000.0,214146000000.0,423320000000.0,35057000000.0,53217000000.0,-430492100000.0,-0.6947047226715358
ＳＧホールディングス,9143,陸運業,プライム（内国株式）,JP,2025-03-31,京都府,881371709440.0,1.6646643,13.239512,16.297033,19.589012190488795,0.574,0.033909358,90.63,111.56,92.9799999523924,1479239000000.0,87848000000.0,0.07596,58120000000.0,0.0,,0.5575020540737929,456028000000.0,222596000000.0,370565000000.0,205373000000.0,116861000000.0,28009000000.0,-65856700000.0,-0.07472068741784733
ビーイングホールディングス,9145,陸運業,スタンダード（内国株式）,JP,2024-12-31,東京都,20556668928.0,2.634798,3.0269697,13.290745,14.706854368057916,0.24159999,0.017146017,64.18,281.8,46.72750007416899,30190000000.0,2243000000.0,0.065409996,1374000000.0,0.0466,0.22241,0.3897486554714082,10725000000.0,6467000000.0,8676000000.0,5940000000.0,4951000000.0,,-2049000000.0,-0.09967568224096274
ＮＩＰＰＯＮ　ＥＸＰＲＥＳＳホールディングス,9147,陸運業,プライム（内国株式）,JP,2024-12-31,東京都,885319008256.0,1.1213623,5.9136996,32.563324,5.8799650584356025,0.89269996,0.026490066,112.12,617.38,418.5778520911946,2577643000000.0,46981000000.0,0.01682,31733000000.0,0.0096700005,0.03263,0.371743023734669,1424099000000.0,757854000000.0,934863000000.0,795927000000.0,251339000000.0,107773000000.0,-413794900000.0,-0.46739638044724613
シーユーシー,9158,サービス業,グロース（内国株式）,JP,2025-03-31,東京都,28318586880.0,0.89655465,8.458844,16.325842,28.417916655105977,0.0,0.0,59.17,114.2,93.99000047809942,47043000000.0,5343000000.0,0.10592,3131000000.0,0.03407,0.05505,0.3484683034508671,54881000000.0,12952000000.0,20520000000.0,43544000000.0,7533000000.0,3167000000.0,-32144100000.0,-1.135088418649229
Ｗ　ＴＯＫＹＯ,9159,サービス業,グロース（内国株式）,JP,2024-06-30,東京都,4378905088.0,2.7198153,,26.406792,45.677664601103494,0.0,0.0,63.62,,146.68000342202564,3957772000.0,508047000.0,0.068509996,327575000.0,0.01874,0.03872,0.533235167667044,1446114000.0,662644000.0,2431866000.0,900595000.0,1930521000.0,14000000.0,995552000.0,0.22735181055378928
ノバレーゼ,9160,サービス業,スタンダード（内国株式）,JP,2024-12-31,東京都,7973243904.0,0.89144295,,8.828428,7.77376383889153,0.0,0.0,36.02,,37.69088,19299719000.0,1337550000.0,-0.01854,663900000.0,0.04763,0.11813,0.2547134535945298,25885384000.0,9645162000.0,4381828000.0,13529041000.0,3548313000.0,1052553000.0,-20766768900.0,-2.6045570849252173
ブリーチ,9162,サービス業,グロース（内国株式）,JP,2024-06-30,東京都,7708259840.0,0.8014062,,25.188917,,0.0,0.0,11.91,,,13806783000.0,-367957000.0,0.018509999,-554543000.0,0.02487,0.04682,0.7157069114745072,3667635000.0,1856406000.0,12501132000.0,2520000000.0,9642611000.0,66267000.0,8879883900.0,1.1519959218188474
ナレルグループ,9163,サービス業,グロース（内国株式）,JP,2025-10-31,東京都,20412157952.0,1.4099718,,9.819023,8.786571713848335,0.48409998,0.048400674,237.6,,250.53613985715458,24158934000.0,2827491000.0,0.09701,2086906000.0,0.08635,0.14944,0.5894762924218544,10083326000.0,6896983000.0,8469466000.0,5616253000.0,4822364000.0,322197000.0,-1388322100.0,-0.06801446977162799
クオルテック,9165,サービス業,グロース（内国株式）,JP,2024-06-30,大阪府,3760000000.0,1.1583484,,17.101326,,0.39560002,0.0,93.56,,,3623929000.0,381324000.0,0.08469,270042000.0,0.0621,0.080649994,0.7621788911617033,984753000.0,689111000.0,2894005000.0,197183000.0,1902763000.0,49999000.0,1944251300.0,0.5170881117021277
ＧＥＮＤＡ,9166,サービス業,グロース（内国株式）,JP,2025-01-31,,126269972480.0,1.9940209,6.874686,233.9041,51.10299621708952,0.0,0.0,2.92,99.35,15.801421829938835,111786000000.0,7966000000.0,0.03767,3304000000.0,0.01739,0.05451,0.310244124230554,78679000000.0,39770000000.0,45646000000.0,51285000000.0,25649000000.0,769000000.0,-32494700000.0,-0.25734305125588636
ライズ・コンサルティング・グループ,9168,サービス業,グロース（内国株式）,JP,2025-02-28,東京都,12626104320.0,1.7783858,6.8421054,8.449789,19.445324879873084,0.1462,0.016949153,61.54,76.0,51.92907689813226,7679866000.0,1958460000.0,0.18316999,1418334000.0,0.17298001,0.22891001,0.6863241755405145,2886045000.0,1531757000.0,3564451000.0,1914403000.0,2459288000.0,62838000.0,722392600.0,0.057214211263541974
栗林商船,9171,海運業,スタンダード（内国株式）,JP,2025-03-31,東京都,22667837440.0,0.6657543,,8.071611,10.407202318069782,0.1099,0.013404826,227.34,,131.8803860468774,53071602000.0,2705869000.0,0.04897,2013672000.0,0.07072,0.11833,0.3736276236107314,46556618000.0,15598500000.0,23429729000.0,16146995000.0,13830427000.0,19412299000.0,-9538279700.0,-0.4207847230794328
東海汽船,9173,海運業,スタンダード（内国株式）,JP,2024-12-31,,6781385216.0,1.3343899,,21.84981,-9.313866589962602,0.0708,0.0032102729,141.42,,-264.5553465174654,14604623000.0,582429000.0,0.22618,293642000.0,0.01623,0.04816,0.21202216801998483,16147796000.0,6138972000.0,7823085000.0,11891256000.0,5103857000.0,547171000.0,-7941691300.0,-1.1711016329322177
東京汽船,9193,倉庫・運輸関連業,スタンダード（内国株式）,JP,2025-03-31,神奈川県,13168050176.0,0.56749064,,7.106408,11.025628463369442,0.1074,0.014814815,186.17,,57.571444081209215,12041210000.0,-511658000.0,0.01472,2044245000.0,0.14382,0.08191,0.7599172408366186,6466817000.0,3355723000.0,10930324000.0,2961986000.0,7891967000.0,2593958000.0,6279277600.0,0.4768570529480947
日本航空,9201,空運業,プライム（内国株式）,JP,2025-03-31,東京都,1343343165440.0,1.0981638,12.469898,11.057333,12.517915474333833,0.32740003,0.029860435,280.99,249.16,218.61000016473437,1844095000000.0,168606000000.0,0.12669,107038000000.0,0.064899996,0.12172,0.3488684620952423,1778241000000.0,838306000000.0,1095366000000.0,896023000000.0,749030000000.0,144056000000.0,-582035800000.0,-0.43327409925769744
ＡＮＡホールディングス,9202,空運業,プライム（内国株式）,JP,2025-03-31,東京都,1544032616448.0,1.0829172,11.906457,11.788962,10.26018499799735,0.21149999,0.018143332,283.74,280.94,301.620000278471,2261856000000.0,196639000000.0,0.12094,153027000000.0,0.06494,0.12322,0.31221664962846973,2480202000000.0,1276542000000.0,1693726000000.0,1349058000000.0,454709000000.0,150654000000.0,-681018200000.0,-0.4410646463976011
ＡＮＡホールディングス第１回社債型種類株式,92025,空運業,プライム（内国株式）,JP,,東京都,,1.6021994,,,,,0.012048192,,,,,,0.12094,,0.06494,0.12322,,,,,,,,,
スカイマーク,9204,空運業,グロース（内国株式）,JP,2025-03-31,,22567901184.0,0.79169875,3.0649776,6.93802,20.054718569441224,0.0555,0.0,54.05,122.35,49.92999970645092,108891000000.0,1836000000.0,-0.02695,2146000000.0,0.00403,0.01538,0.26104073617742185,76769000000.0,49897000000.0,39424000000.0,29855000000.0,26018000000.0,,-37345000000.0,-1.65478392055689
スターフライヤー,9206,空運業,スタンダード（内国株式）,JP,2025-03-31,福岡県,7873740288.0,1.6639787,3.5706933,6.792884,11.96072126864035,0.0,0.0,306.35,582.8,243.37997137616696,42900000000.0,1230000000.0,0.044949997,1923000000.0,-0.00429,-0.03936,0.17500305735599853,20238000000.0,7662000000.0,16326000000.0,3126000000.0,10810000000.0,37000000.0,-3886100000.0,-0.4935519661376974
エフ・コード,9211,サービス業,グロース（内国株式）,JP,2024-12-31,東京都,19411992576.0,2.7210186,17.511013,17.159508,24.56367843295032,0.0,0.0,92.66,90.8,44.435527153613734,5130876000.0,1432421000.0,0.19865999,905735000.0,0.12884,0.24028999,0.30934379949172974,15645412000.0,6071139000.0,8705434000.0,7527103000.0,6236331000.0,160737000.0,-6827462100.0,-0.35171361586245026
Ｇｒｅｅｎ　Ｅａｒｔｈ　Ｉｎｓｔｉｔｕｔｅ,9212,サービス業,グロース（内国株式）,JP,2025-09-30,東京都,4530670592.0,2.1447115,,35.43517,-45.75092470925673,0.0,0.0,11.26,,-11.868612567958337,1075413000.0,-4203000.0,0.31120002,127324000.0,0.118140005,0.06227,0.7097296302736452,861375000.0,819324000.0,2736804000.0,146772000.0,2059541000.0,,1875429000.0,0.4139407096405388
セイファート,9213,サービス業,スタンダード（内国株式）,JP,2024-12-31,東京都,1019657600.0,1.1329167,,,10.877742533885623,2.6632998,0.0474359,-30.73,,93.13999011055313,2130602000.0,21661000.0,-0.25789,20851000.0,-0.06355,-0.1269,0.6200482668289312,663129000.0,490363000.0,1315716000.0,22111000.0,1073318000.0,18327000.0,665415900.0,0.6525875941100228
Ｒｅｃｏｖｅｒｙ　Ｉｎｔｅｒｎａｔｉｏｎａｌ,9214,サービス業,グロース（内国株式）,JP,2024-12-31,東京都,1936562304.0,2.6913788,,14.040142,25.946794566816177,0.0,0.0,104.13,,76.31000410864846,2043110000.0,180995000.0,0.06313,145734000.0,0.045619998,0.1657,0.6823108902761743,329659000.0,293503000.0,979632000.0,0.0,509380000.0,,649973000.0,0.3356323721976156
ＣａＳｙ,9215,サービス業,グロース（内国株式）,JP,2024-11-30,東京都,1759304704.0,6.4329014,80.68965,72.55814,77.23577092824601,0.0,0.0,12.9,11.6,11.07000020488326,1761029000.0,7792000.0,0.05128,5676000.0,0.023929998,,0.4555784510284399,293269000.0,264769000.0,441675000.0,80825000.0,324359000.0,46100000.0,180676000.0,0.1026973892522486
ビーウィズ,9216,サービス業,プライム（内国株式）,JP,2025-05-31,東京都,24119523328.0,2.97189,13.065134,176.68394,14.423792852182093,7.9381,0.044663575,9.65,130.5,127.46000194816531,36424310000.0,1069944000.0,0.043730002,452719000.0,0.0038100001,0.016,0.6170207833822906,5541984000.0,4625244000.0,10603683000.0,21600000.0,6088306000.0,147082000.0,5164656400.0,0.21412763137007879
メンタルヘルステクノロジーズ,9218,サービス業,グロース（内国株式）,JP,2024-12-31,東京都,8167511552.0,5.262559,17.662922,24.62406,19.04738997633025,0.0,0.0,31.92,44.5,41.780001815571104,5134775000.0,109747000.0,0.094919994,-29779000.0,0.06225,0.28171,0.27995098633726856,3330694000.0,975873000.0,1808977000.0,2568813000.0,1116537000.0,10026000.0,-1514698800.0,-0.18545413622697499
ギックス,9219,サービス業,グロース（内国株式）,JP,2024-06-30,東京都,5271913472.0,3.016283,31.571907,,57.08834997354645,1.7154,0.05619748,-17.9,29.9,43.48000356125988,2117723000.0,133830000.0,0.0025799999,88195000.0,-0.037639998,-0.05104,0.8552031755856028,340627000.0,305384000.0,2226616000.0,45817000.0,1772349000.0,,1885989000.0,0.35774278352950933
エフビー介護サービス,9220,サービス業,スタンダード（内国株式）,JP,2025-03-31,長野県,2924039936.0,0.7792739,4.9321823,6.7050343,5.595891526740246,0.1844,0.02782462,178.97,243.3,195.60089686098655,10967723000.0,659679000.0,0.06692,406359000.0,0.04111,0.12401,0.4110624308396299,5217362000.0,2427995000.0,3845844000.0,2918040000.0,1961293000.0,48765000.0,-1337382500.0,-0.4573749091229922
フルハシＥＰＯ,9221,サービス業,スタンダード（内国株式）,JP,2025-03-31,愛知県,17006919680.0,2.923656,20.867708,17.929602,47.00246652943638,0.35419998,0.019741321,81.82,70.3,22.40933864169607,9383585000.0,1152772000.0,0.09382,1033234000.0,0.09787,0.17142999,0.4594935238054856,6577606000.0,3455978000.0,2580754000.0,3797252000.0,1105864000.0,514288000.0,-3636850400.0,-0.21384533286629834
ＡＳＮＯＶＡ,9223,サービス業,グロース（内国株式）,JP,2025-03-31,愛知県,7419013632.0,2.4513483,,,34.84197327567279,0.1727,0.0036697248,-12.81,,16.993237932018314,4266335000.0,48770000.0,0.02199,-24765000.0,-0.03497,-0.054169998,0.2298854096002767,9979868000.0,4631051000.0,4186659000.0,9599776000.0,3182773000.0,,-5793209000.0,-0.7808597324868751
ブリッジコンサルティンググループ,9225,サービス業,グロース（内国株式）,JP,2025-09-30,東京都,2270044416.0,1.9225367,,16.029865,17.042542663221035,0.0,0.0,68.31,,78.0399982726891,2239359000.0,202618000.0,0.077309996,147560000.0,0.06565,0.13237001,0.7481696832756277,385558000.0,348057000.0,1413232000.0,64500000.0,1061305000.0,64749000.0,1072998300.0,0.47267722712259036
マイクロ波化学,9227,サービス業,グロース（内国株式）,JP,2025-03-31,大阪府,19081613312.0,17.920187,,,-18.226349596516016,0.0,0.0,-13.99,,-61.120302455569174,1608403000.0,187394000.0,-0.50463,161482000.0,-0.26093,,0.5008178244786281,1060532000.0,426716000.0,1214259000.0,696373000.0,,,153727000.0,0.00805628944924298
サンウェルズ,9229,サービス業,プライム（内国株式）,JP,2025-03-31,石川県,9924347904.0,1.3968138,2.3511333,,103.40024133541148,0.0,0.0,-83.67,130.15,26.39258830303522,26496000000.0,1114000000.0,-0.07145,-925000000.0,-0.10009,-0.31795,0.22095707031851053,30378000000.0,5602000000.0,9967000000.0,22489000000.0,5637000000.0,,-20411000000.0,-2.0566590568407386
アジア航測,9233,空運業,スタンダード（内国株式）,JP,2025-09-30,東京都,23114000384.0,1.0524023,,12.815338,10.362655433408824,0.444,0.03432137,99.1,,104.72914994622757,41591491000.0,2856471000.0,0.04995,1803117000.0,0.04335,0.08432,0.5542458971226019,17378332000.0,11965534000.0,23402994000.0,5887718000.0,4708960000.0,5465250000.0,9850337000.0,0.42616322732341094
売れるネット広告社グループ,9235,サービス業,グロース（内国株式）,JP,2024-07-31,福岡県,4591192064.0,6.316011,,,,0.0,0.0,-61.56,,,756715000.0,-308416000.0,-0.02296,-326733000.0,-0.28581,,0.48510290704348386,735617000.0,297265000.0,507089000.0,396841000.0,278019000.0,100000000.0,-158528000.0,-0.03452872321396311
ジャパンＭ＆Ａソリューション,9236,サービス業,グロース（内国株式）,JP,2025-10-31,東京都,1468254720.0,2.518004,,,-125.77034172162443,0.0,0.0,-56.6,,-7.77607810086634,654208000.0,-56652000.0,0.10837,-85055000.0,-0.12997,-0.13229999,0.8743426270970832,83963000.0,83961000.0,614231000.0,,604150000.0,500000.0,530618000.0,0.3613936960475087
笑美面,9237,サービス業,グロース（内国株式）,JP,2025-10-31,大阪府,3908634112.0,0.0037596088,,44.15406,9.382475276376875,0.0,0.0,21.81,,87.77001545353411,1872987000.0,114648000.0,0.082600005,89670000.0,0.04754,,0.5904104409095297,564337000.0,429910000.0,1006461000.0,125531000.0,657258000.0,,442124000.0,0.11311470639900101
バリュークリエーション,9238,サービス業,グロース（内国株式）,JP,2025-02-28,東京都,2829162496.0,4.6203046,,19.24667,27.707449221484783,0.0995,0.0051751593,65.31,,48.93999994864548,3431976000.0,121616000.0,0.02089,86373000.0,0.048800003,0.30558002,0.13514927335453664,3723172000.0,3347806000.0,3940914000.0,689753000.0,1138938000.0,,217742000.0,0.07696341242606378
デリバリーコンサルティング,9240,サービス業,グロース（内国株式）,JP,2025-07-31,東京都,2349445888.0,2.0355108,,73.89985,20.87076877317676,0.0,0.0,6.59,,28.939997685962794,2740744000.0,51790000.0,0.07898,35023000.0,0.03254,0.08347999,0.7495765777783168,371712000.0,342590000.0,1305919000.0,29571000.0,860933000.0,,934207000.0,0.39762865140735687
フューチャーリンクネットワーク,9241,サービス業,グロース（内国株式）,JP,2025-08-31,千葉県,1382687744.0,5.324155,,49.57108,701.8251022823331,0.0,0.0,32.64,,2.7399988882506623,1544788000.0,-17686000.0,-0.027520001,28558000.0,0.03391,0.23625,0.27992405921209423,694419000.0,551989000.0,739350000.0,247422000.0,489447000.0,53018000.0,82043600.0,0.05933631823672258
メディア総研,9242,サービス業,グロース（内国株式）,JP,2024-07-31,福岡県,2365854720.0,1.6579221,,10.993416,15.974058958383857,0.1145,0.010351967,174.65,,98.50003926174958,1155112000.0,189706000.0,-0.62874,105069000.0,0.13506,0.15592,0.8419147694103911,245074000.0,222456000.0,1187426000.0,,1108429000.0,110000000.0,1019352000.0,0.4308599304018127
デジタリフト,9244,サービス業,グロース（内国株式）,JP,2025-09-30,東京都,1511134976.0,2.067216,16.296295,14.014599,-14.575021058315334,0.0,0.0,75.35,64.8,-52.14400699382902,3490010000.0,187495000.0,0.07293,108128000.0,0.03095,0.16976,0.32630654976709395,1464331000.0,1251942000.0,1954752000.0,936268000.0,1466498000.0,120078000.0,574475600.0,0.38016167259965533
リベロ,9245,サービス業,グロース（内国株式）,JP,2024-12-31,東京都,11935417344.0,4.671395,19.764605,42.976303,53.51856746236536,0.3418,0.013250884,52.75,114.7,18.440001163765178,3586529000.0,455341000.0,0.14954,338921000.0,0.09803,0.17034,0.3863734850041129,3575498000.0,2313183000.0,4166720000.0,,1914388000.0,1650000.0,592377000.0,0.049631863128589394
プロジェクトホールディングス,9246,サービス業,グロース（内国株式）,JP,2024-12-31,東京都,6105009664.0,2.7963061,20.70397,,20.759646155596574,0.0,0.0,-58.51,55.4,99.52000070304805,5279803000.0,-187749000.0,0.03987,-393640000.0,-0.060289998,-0.13467,0.404636848376946,3298525000.0,1495950000.0,3683060000.0,2230616000.0,2624582000.0,18050000.0,397170000.0,0.06505640807450817
ＴＲＥホールディングス,9247,サービス業,プライム（内国株式）,JP,2025-03-31,東京都,81569366016.0,1.0363914,12.904932,5.1451106,16.378213985947458,0.1355,0.025266703,332.16,132.43,70.53999995716589,118678000000.0,22984000000.0,0.18741,12285000000.0,0.12958,0.21652001,0.45147395508710436,86623000000.0,38487000000.0,55227000000.0,60691000000.0,30383000000.0,7301000000.0,-26285300000.0,-0.322244750496701
人・夢・技術グループ,9248,サービス業,スタンダード（内国株式）,JP,2025-09-30,東京都,13756982272.0,0.65933305,,8.905737,-80.20143169446764,0.3508,0.038271606,176.74,,-21.224124859515843,45984000000.0,2683000000.0,0.13567,1564000000.0,0.03401,0.076079994,0.5070847004496294,20234000000.0,13464000000.0,28915000000.0,7178000000.0,7776000000.0,2155000000.0,10189500000.0,0.7406784277638415
日本エコシステム,9249,サービス業,スタンダード（内国株式）,JP,2025-09-30,愛知県,13783707648.0,2.4710834,,46.015125,19.431675391544367,0.5151,0.011044403,34.38,,72.19999771897226,11261332000.0,437205000.0,0.040599998,301983000.0,0.026730001,0.05704,0.4007461597854225,8245154000.0,2644665000.0,4218398000.0,5729406000.0,596698000.0,297455000.0,-3818537500.0,-0.2770326821719891
ＧＲＣＳ,9250,サービス業,グロース（内国株式）,JP,2024-11-30,東京都,1536672128.0,-16.017567,42.943398,56.003937,-8.049740085023755,0.0,0.0,20.32,26.5,-218.51637213387235,3288826000.0,44163000.0,0.02111,112507000.0,-0.15835,-3.30532,0.21595057130097114,1508054000.0,991580000.0,1332592000.0,650355000.0,740032000.0,,-175462000.0,-0.1141831082915301
ＡＢ＆Ｃｏｍｐａｎｙ,9251,サービス業,グロース（内国株式）,JP,2025-10-31,東京都,17422917632.0,1.9365238,14.42217,19.536741,12.217409258976366,0.958,0.04897959,62.6,84.8,75.26204972695125,19378000000.0,1631000000.0,0.060500003,893000000.0,0.046079997,0.102239996,0.33227462421981757,18080000000.0,6288000000.0,4370000000.0,13476000000.0,2263000000.0,736000000.0,-13194800000.0,-0.7573243631575013
ラストワンマイル,9252,サービス業,グロース（内国株式）,JP,2025-08-31,東京都,11427474432.0,2.4487724,,16.7889,11.764303770270331,0.0952,0.0,252.25,,324.42309302240574,15510418000.0,1149747000.0,0.116000004,674026000.0,0.051799998,0.20229,0.3892415660079805,6832440000.0,4011483000.0,5634855000.0,3990997000.0,3063874000.0,612156000.0,-769075800.0,-0.06730059249543198
スローガン,9253,サービス業,グロース（内国株式）,JP,2025-02-28,東京都,1939913856.0,1.1910481,6.309329,11.536735,19.18174070955183,0.0,0.0,66.83,122.2,33.72999404990481,1350205000.0,124403000.0,-0.14141,86841000.0,0.115600005,0.116560005,0.7185332910735016,589666000.0,589664000.0,1918952000.0,,1743841000.0,146544000.0,1431866800.0,0.7381084451618042
ラバブルマーケティンググループ,9254,サービス業,グロース（内国株式）,JP,2025-10-31,東京都,1842501248.0,3.345435,,10.8808775,28.54387053233248,0.0,0.0,105.69,,51.85001096202284,2630574000.0,160352000.0,0.05233,133175000.0,0.05057,0.34941003,0.22292675222153704,1453944000.0,992839000.0,1483140000.0,1036293000.0,870697000.0,52176000.0,65719200.0,0.03566846973446392
サクシード,9256,サービス業,グロース（内国株式）,JP,2025-03-31,東京都,2902325760.0,1.1458055,,11.860193,18.612161758883563,0.2339,0.0,68.38,,61.669993229055635,3469824000.0,380685000.0,0.09671,259935000.0,0.066810004,0.09442,0.8056664866523433,583314000.0,528843000.0,2611325000.0,,2365407000.0,24320000.0,2045035000.0,0.7046193877285505
ＣＳ－Ｃ,9258,サービス業,グロース（内国株式）,JP,2025-09-30,東京都,2338452992.0,1.0552583,,,-269.36778838129885,0.0,0.0,-15.39,,-1.418135413649633,3178971000.0,-76175000.0,0.03915,-102199000.0,-0.0321,-0.04519,0.6768735085572481,1058353000.0,832000000.0,2290175000.0,286200000.0,1860214000.0,,1231822000.0,0.5267679120402007
タカヨシホールディングス,9259,サービス業,グロース（内国株式）,JP,2025-09-30,,5240206848.0,1.5421244,11.145584,13.03923,6.947122950831165,0.41869998,0.031914894,71.63,83.8,96.30999729147956,7982448000.0,912836000.0,0.13455,401999000.0,0.06178,,0.5339396374976821,2825092000.0,2228941000.0,2894396000.0,283342000.0,1616508000.0,35695000.0,94290500.0,0.017993659932715695
シルバーライフ,9262,小売業,スタンダード（内国株式）,JP,2024-07-31,東京都,8922072064.0,1.2856015,9.891173,12.731518,22.60028251376203,0.2491,0.0,64.25,82.7,55.01999935353411,13555288000.0,768412000.0,0.04888,668053000.0,0.04657,0.10706,0.6505079354342054,3451260000.0,1818605000.0,3585719000.0,1714091000.0,1265092000.0,,134459000.0,0.015070378162773826
ポエック,9264,卸売業,スタンダード（内国株式）,JP,2025-08-31,広島県,7877432832.0,1.9269657,,18.835876,28.78285477544455,0.75699997,0.03930376,92.43,,42.33715654762754,10114295000.0,911909000.0,0.078590006,573543000.0,0.05604,0.14323,0.28211630432945217,10829394000.0,6278740000.0,8088596000.0,8720575000.0,4339221000.0,257765000.0,-2560362500.0,-0.32502498651581013
ヤマシタヘルスケアホールディングス,9265,卸売業,スタンダード（内国株式）,JP,2025-05-31,福岡県,8884525056.0,0.99691725,,21.42943,11.064466092726292,0.4511,0.021008404,166.36,,227.8269395143044,64486000000.0,847000000.0,0.0115,616000000.0,0.0064600003,0.04654,0.3257831500235943,18563000000.0,18087000000.0,21766000000.0,,5698000000.0,1139000000.0,4000300000.0,0.4502547941263862
Ｇｅｎｋｙ　ＤｒｕｇＳｔｏｒｅｓ,9267,小売業,プライム（内国株式）,JP,2025-06-30,福井県,142337474560.0,2.4692938,18.072756,18.231506,14.114568606578889,0.0507,0.0027659575,256.15,258.4,207.94000016900878,200786000000.0,9658000000.0,0.05076,7066000000.0,0.037,0.14554,0.4196079355355544,73899000000.0,43812000000.0,41210000000.0,34374000000.0,6221000000.0,62000000.0,-32645600000.0,-0.22935351425136316
オプティマスグループ,9268,卸売業,スタンダード（内国株式）,JP,2025-03-31,東京都,23550957568.0,0.9984286,3.1137183,,18.72918903809552,0.9324,0.04931507,-15.51,110.8,50.5499995819972,268825000000.0,7049000000.0,0.0208,-483000000.0,-0.00464,-0.03553,0.14944597382563382,134007000000.0,91038000000.0,90973000000.0,120466000000.0,12970000000.0,286000000.0,-42833800000.0,-1.8187710574537603
バリュエンスホールディングス,9270,卸売業,グロース（内国株式）,JP,2025-08-31,東京都,21960857600.0,2.568278,32.654263,32.200115,-8.03718156507153,0.19299999,0.0056980057,51.77,51.05,-131.53470857934127,84841115000.0,1453955000.0,0.061389998,681942000.0,0.02094,0.25014,0.24811467787855634,23262089000.0,12921623000.0,20043532000.0,18502516000.0,5304975000.0,,-3218557000.0,-0.14655880287662354
和心,9271,小売業,グロース（内国株式）,JP,2024-12-31,,6265012736.0,6.2007337,,15.730156,-135.06100141106572,0.0,0.0,62.11,,-2.724694739082908,2094946000.0,416587000.0,0.24347,398330000.0,0.21621001,0.72535,0.4291917065540803,707112000.0,611600000.0,841050000.0,433407000.0,190414000.0,,133938000.0,0.021378727489309926
ブティックス,9272,サービス業,グロース（内国株式）,JP,2025-03-31,東京都,14988552192.0,6.736435,,121.7806,19.781597325298712,0.0,0.0,12.58,,55.85999865576144,5171406000.0,1228408000.0,0.22166,250944000.0,0.02447,0.06237,0.43860711721389,2868689000.0,2100038000.0,4006363000.0,1010950000.0,3771866000.0,,1137674000.0,0.07590286142561674
コーア商事ホールディングス,9273,卸売業,プライム（内国株式）,JP,2024-06-30,神奈川県,35379544064.0,1.1972071,10.084033,9.627507,9.260002594980152,0.1834,0.018979834,87.25,83.3,74.13683929105005,,,0.27107,,0.15528,0.13095,0.7827665752948005,6952342000.0,4976949000.0,24775196000.0,2825288000.0,13954886000.0,101074000.0,17893605800.0,0.5057613452460347
ＫＰＰグループホールディングス,9274,卸売業,プライム（内国株式）,JP,2025-03-31,東京都,57354158080.0,0.6918289,,8.679928,4.621348375271653,0.3425,0.038751345,105.07,,149.23263728604653,670042000000.0,13548000000.0,0.01382,7986000000.0,0.010650001,0.07975,0.24463476642947435,265821000000.0,194130000000.0,231312000000.0,119033000000.0,11319000000.0,19603000000.0,-20786900000.0,-0.3624305664291254
ブックオフグループホールディングス,9278,小売業,プライム（内国株式）,JP,2025-05-31,神奈川県,28944078848.0,1.5294902,11.395992,15.751266,17.43719351924773,0.239,0.014997001,104.69,144.7,86.2548692264886,119205000000.0,3452000000.0,0.02475,2101000000.0,0.015620001,0.10092,0.32459044963401884,38513000000.0,20192000000.0,33517000000.0,26591000000.0,6628000000.0,296000000.0,-4788800000.0,-0.16545007444004045
ギフトホールディングス,9279,小売業,プライム（内国株式）,JP,2025-10-31,,77665107968.0,7.5096726,29.58219,35.544155,33.58321023244483,0.2015,0.005562579,109.16,131.16,93.82000212787212,35878100000.0,3367903000.0,0.10159001,2185836000.0,0.060900003,0.23257999,0.46986083486723074,11632474000.0,6827736000.0,4847452000.0,5802800000.0,2429719000.0,262298000.0,-6601413400.0,-0.08499844489651583
三菱倉庫,9301,倉庫・運輸関連業,プライム（内国株式）,JP,2025-03-31,東京都,481722793984.0,1.2597214,10.66255,15.684677,12.994267774384975,0.37240002,0.024981631,85.88,126.33,71.89200000690279,284065000000.0,20311000000.0,0.06605,31864000000.0,0.18852,0.13803001,0.5984509422449678,246786000000.0,93158000000.0,125881000000.0,110072000000.0,63390000000.0,163716000000.0,-6303800000.0,-0.013085949178085551
三井倉庫ホールディングス,9302,倉庫・運輸関連業,プライム（内国株式）,JP,2025-03-31,東京都,288525615104.0,2.23034,8.809415,93.52256,9.343771012402856,1.1844001,0.01243836,41.22,437.6,162.07000029142347,280740000000.0,17832000000.0,0.08045,10040000000.0,0.03434,0.09912,0.4179310492413705,150627000000.0,56469000000.0,83240000000.0,87613000000.0,35496000000.0,17148000000.0,-55383400000.0,-0.19195314766086496
住友倉庫,9303,倉庫・運輸関連業,プライム（内国株式）,JP,2025-03-31,大阪府,288076038144.0,0.97415125,23.475344,13.443824,15.190612034588726,0.37,0.027260812,281.17,161.02,158.5992212029051,193394000000.0,13277000000.0,0.06276,20065000000.0,0.10812,0.078,0.5998244844229925,165705000000.0,51036000000.0,83787000000.0,79410000000.0,47850000000.0,155645000000.0,27033500000.0,0.0938415432750669
澁澤倉庫,9304,倉庫・運輸関連業,プライム（内国株式）,JP,2025-03-31,東京都,77058433024.0,1.1701393,,14.192615,11.505337521132473,0.45490003,0.031586505,96.67,,61.517500095131005,78617000000.0,4673000000.0,0.3744,4908000000.0,0.08603,0.10544,0.5481157297821978,52119000000.0,16235000000.0,28884000000.0,30331000000.0,11832000000.0,27822000000.0,-3759600000.0,-0.048788949534297764
ヤマタネ,9305,卸売業,プライム（内国株式）,JP,2025-03-31,東京都,48589451264.0,0.83216226,,15.922465,11.647006293765962,0.4671,0.028784648,144.45,,121.64494486749798,80922000000.0,3780000000.0,0.05337,3091000000.0,0.05106,0.07777,0.34950073034649554,108662000000.0,37295000000.0,24878000000.0,76905000000.0,4983000000.0,26316000000.0,-65362800000.0,-1.3452055600477093
東陽倉庫,9306,倉庫・運輸関連業,スタンダード（内国株式）,JP,2025-03-31,愛知県,15156707328.0,0.5415812,,8.968151,8.004533735219173,0.2665,0.014778325,225.13,,181.37670294424052,29186611000.0,1241234000.0,0.04844,1495378000.0,0.05335,0.05862,0.5484135520746657,21941289000.0,8472272000.0,12708907000.0,15088444000.0,6346666000.0,8708425000.0,-3136484500.0,-0.20693706305232681
杉村倉庫,9307,倉庫・運輸関連業,スタンダード（内国株式）,JP,2025-03-31,大阪府,16891413504.0,0.97010607,,18.599207,11.166294251916144,0.216,0.0067307693,55.54,,52.862158272535986,11235479000.0,1366273000.0,0.13231,917299000.0,0.08543,0.05682,0.7504665114730149,5577859000.0,1947644000.0,8930884000.0,2904457000.0,5216545000.0,865679000.0,3959000300.0,0.2343794555181828
乾汽船,9308,海運業,スタンダード（内国株式）,JP,2025-03-31,東京都,37948633088.0,1.0629871,,21.661636,21.13173401712665,1.0485,0.0495251,69.57,,47.64000055540101,31770000000.0,3657000000.0,-0.02316,5021000000.0,0.05691,0.04981,0.4922900284367782,38028000000.0,12328000000.0,24511000000.0,30147000000.0,19001000000.0,5192000000.0,-9882600000.0,-0.26042044721566127
日本トランスシティ,9310,倉庫・運輸関連業,プライム（内国株式）,JP,2025-03-31,三重県,83821207552.0,0.8884289,28.838709,14.002297,8.600365944076673,0.4073,0.029411765,95.77,46.5,72.53000046213806,124765000000.0,7805000000.0,0.07006,6041000000.0,0.04839,0.06598,0.5512994903603751,69838000000.0,19314000000.0,46825000000.0,37291000000.0,27033000000.0,25366000000.0,-5256800000.0,-0.0627144389054387
アサガミ,9311,倉庫・運輸関連業,スタンダード（内国株式）,JP,2025-03-31,東京都,11655735296.0,0.5024674,,7.4369574,9.04646044198858,0.1083,0.014545455,1107.98,,606.788869426549,38943782000.0,1928704000.0,0.13334,1174041000.0,0.041939996,0.07244,0.4787213414797026,22936107000.0,9446440000.0,13327998000.0,10410651000.0,7084076000.0,2894090000.0,-7582246000.0,-0.6505163172847676
ケイヒン,9312,倉庫・運輸関連業,スタンダード（内国株式）,JP,2025-03-31,東京都,22360242176.0,0.6835886,,9.108315,6.134824616804846,0.21280001,0.024615385,376.03,,313.89997820011376,50452000000.0,2899000000.0,0.07605,2188000000.0,0.049289998,0.07975,0.592004852659179,20851000000.0,8982000000.0,15817000000.0,8581000000.0,9461000000.0,8303000000.0,778100000.0,0.03479837087073954
丸八倉庫,9313,倉庫・運輸関連業,スタンダード（内国株式）,JP,2024-11-30,,6187646464.0,0.48299488,,7.2288322,9.499788665084582,0.1383,0.023076924,144.56,,69.6146756887209,4991423000.0,619413000.0,0.04847,901758000.0,0.06307,0.02498,0.6434002298483026,6687130000.0,1741523000.0,2598855000.0,4366834000.0,2196091000.0,1904744000.0,-2754954200.0,-0.4452345841069694
中央倉庫,9319,倉庫・運輸関連業,プライム（内国株式）,JP,2025-03-31,京都府,30981765120.0,0.65007454,,17.283703,12.290152300468343,0.372,0.021106673,99.4,,89.43432694333264,27840047000.0,2189902000.0,0.06933,1588630000.0,0.0646,0.03846,0.7770587393594585,12850806000.0,7584463000.0,13594596000.0,6077538000.0,8488115000.0,12008628000.0,9149829600.0,0.2953295128460389
川西倉庫,9322,倉庫・運輸関連業,スタンダード（内国株式）,JP,2025-03-31,兵庫県,21633970176.0,1.002495,,29.186108,11.1136291226527,0.3008,0.0048916843,96.45,,104.20782108291917,25542740000.0,1027452000.0,0.03525,746444000.0,0.02582,0.0279,0.5552125913989185,13955265000.0,4956599000.0,9615350000.0,8542311000.0,5269893000.0,1638208000.0,-3193169400.0,-0.14759978746491917
安田倉庫,9324,倉庫・運輸関連業,プライム（内国株式）,JP,2025-03-31,,75248353280.0,0.73631525,,23.611742,14.60845057487071,0.4455,0.01852552,110.03,,79.61604214222808,75113000000.0,3519000000.0,0.06887,2802000000.0,0.0,0.03936,0.44575884366679347,116136000000.0,20493000000.0,34559000000.0,74960000000.0,20502000000.0,63949000000.0,-36812700000.0,-0.4892160212864661
ファイズホールディングス,9325,倉庫・運輸関連業,スタンダード（内国株式）,JP,2025-03-31,大阪府,11705008128.0,2.7151508,,13.834243,15.221426599469,0.3556,0.011796733,78.79,,79.46999715242352,31614988000.0,1465099000.0,0.05138,919000000.0,0.02243,0.21624,0.3836882686024352,6207711000.0,4276182000.0,7116158000.0,2193263000.0,3145461000.0,70787000.0,957997900.0,0.08184512898443329
関通,9326,倉庫・運輸関連業,グロース（内国株式）,JP,2025-02-28,,4829475328.0,2.2856815,11.455847,,104.08127552530816,2.2075,0.020618556,-83.27,41.9,4.789999770587418,15270075000.0,-47407000.0,0.017070001,-848221000.0,-0.01715,-0.12976,0.20268087047763242,8227922000.0,2544045000.0,4941932000.0,6210017000.0,1983613000.0,2676000.0,-3284116800.0,-0.6800152349799933
イー・ロジット,9327,倉庫・運輸関連業,スタンダード（内国株式）,JP,2025-03-31,東京都,3429355008.0,-0.82448035,,,-1.4064735741930718,0.0,0.0,-20.95,,-467.83673157706545,10259178000.0,-78890000.0,-0.19604999,123713000.0,-0.18794,-32.88,0.18498745087562657,2318564000.0,1764287000.0,1208253000.0,658684000.0,241209000.0,149520000.0,-1005647000.0,-0.2932466885621426
揚羽,9330,サービス業,グロース（内国株式）,JP,2025-09-30,東京都,1179733504.0,,,,41.58467641248518,0.0,0.0,-44.64,,19.30999755859375,1547053000.0,-73618000.0,0.0,-63649000.0,0.0,,0.6883092399517624,408373000.0,275549000.0,1218447000.0,177790000.0,868031000.0,411000.0,810361700.0,0.6869023362076186
キャスター,9331,サービス業,グロース（内国株式）,JP,2025-08-31,宮崎県,1499721344.0,2.0771787,,,-8.794692659645259,0.0,0.0,-200.56,,-113.47752998571018,4588129000.0,-382982000.0,0.01773,-393260000.0,-0.051409997,,0.3791804624486781,1162330000.0,1031093000.0,1525892000.0,458399000.0,1184046000.0,,363562000.0,0.24241970113615988
ＮＩＳＳＯホールディングス,9332,サービス業,プライム（内国株式）,JP,2025-03-31,神奈川県,22796441600.0,1.3054805,7.7194986,14.157256,13.80441378932165,0.4601,0.031930335,47.82,87.7,57.850379477151115,101560000000.0,3555000000.0,0.04118,1935000000.0,0.01482,0.094689995,0.5275290957923008,14482000000.0,12233000000.0,20408000000.0,1528000000.0,8186000000.0,1636000000.0,7071200000.0,0.3101887620917117
大栄環境,9336,サービス業,プライム（内国株式）,JP,2025-03-31,兵庫県,383919095808.0,3.686778,24.335443,27.434893,18.9381479180835,0.3532,0.012043796,140.15,158.0,136.4399998148809,80178000000.0,21548000000.0,0.24699,14364000000.0,0.16364,0.13921,0.5098185554744328,90225000000.0,29114000000.0,69781000000.0,66490000000.0,51481000000.0,7763000000.0,-15009900000.0,-0.0390965184172723
トリドリ,9337,サービス業,グロース（内国株式）,JP,2024-12-31,東京都,7743193600.0,4.270926,,19.166462,59.63520886312641,0.0,0.0,122.61,,43.17918976204294,4273709000.0,454579000.0,0.14074999,323508000.0,0.08306,0.29393,0.29314448340954247,3351460000.0,2643318000.0,3567677000.0,1748697000.0,1578342000.0,,216217000.0,0.027923491413155418
ＩＮＦＯＲＩＣＨ,9338,サービス業,グロース（内国株式）,JP,2024-12-31,東京都,20639234048.0,3.1780732,8.27047,11.57102,79.23219688120751,0.0,0.0,181.92,254.52,59.13000250421177,10701124000.0,1662266000.0,0.15296,2061074000.0,0.14461,0.35636002,0.28152493893852376,13517830000.0,10663009000.0,10526373000.0,9007793000.0,9165931000.0,,-2991457000.0,-0.14494031091671644
コーチ・エィ,9339,サービス業,スタンダード（内国株式）,JP,2024-12-31,東京都,2915765760.0,0.91621536,,60.659775,50.21191290650164,0.98620003,0.0,20.31,,32.87408909338255,3642692000.0,155242000.0,0.07348,111115000.0,0.02799,0.031400003,0.7054981761415569,1279826000.0,1236789000.0,3660310000.0,,3358057000.0,43187000.0,2410714900.0,0.8267862024691586
アソインターナショナル,9340,サービス業,スタンダード（内国株式）,JP,2024-06-30,東京都,7332822528.0,2.4984074,6.772152,17.01113,8.0333318602276,0.4773,0.028378379,44.03,110.6,37.19999876791691,3544750000.0,545321000.0,0.154,386406000.0,0.12113,0.16774,0.8675790126104311,421748000.0,404684000.0,2580911000.0,,1899993000.0,144039000.0,2259990300.0,0.3082019633463574
ＧＥＮＯＶＡ,9341,サービス業,プライム（内国株式）,JP,2025-03-31,東京都,10101367808.0,1.545968,,17.768972,14.028606502012163,0.3051,0.016611295,32.81,,96.49999790447478,10006101000.0,2026131000.0,0.044109996,1413468000.0,0.05957,0.08696,0.8208414397229433,1527541000.0,1488732000.0,7727631000.0,20835000.0,5872171000.0,50192000.0,6235224400.0,0.6172653563868724
スマサポ,9342,サービス業,グロース（内国株式）,JP,2025-09-30,東京都,2903024384.0,5.1199822,,22.426607,22.93388372684858,0.0,0.0,53.82,,43.560001083919154,2816558000.0,190339000.0,-0.00818,130228000.0,0.03616,0.19517,0.6877190153455147,259503000.0,255931000.0,528162000.0,0.0,372651000.0,,268659000.0,0.0925445206319011
アイビス,9343,サービス業,グロース（内国株式）,JP,2024-12-31,東京都,11327632384.0,13.29553,2.209925,14.213548,19.050501521099733,0.1838,0.0,43.55,280.1,16.213999737384615,4625427000.0,1155364000.0,0.26042,839294000.0,0.16943,,0.6653704946384902,1071137000.0,996538000.0,2785061000.0,43654000.0,2227851000.0,,1713924000.0,0.15130469827224224
アクシスコンサルティング,9344,サービス業,グロース（内国株式）,JP,2025-06-30,東京都,4510855680.0,1.4345484,,9.779688,13.785162266729918,0.376,0.0,93.05,,74.33132027734244,5271000000.0,211000000.0,0.21888,321000000.0,0.107609995,0.17247999,0.7362126245847176,1191000000.0,878000000.0,3982000000.0,366000000.0,2999000000.0,,2791000000.0,0.6187296153974937
ビズメイツ,9345,サービス業,グロース（内国株式）,JP,2024-12-31,東京都,2257383680.0,1.2275052,,10.70054,10.38232661471132,0.231,0.021961933,64.95,,62.765005738446455,3474071000.0,378879000.0,0.1086,229849000.0,0.06071,0.12243,0.6513381539391669,940002000.0,729924000.0,1812114000.0,143334000.0,1632272000.0,,872112000.0,0.38633751440960185
ココルポート,9346,サービス業,グロース（内国株式）,JP,2025-06-30,神奈川県,6123298816.0,2.099545,,11.066064,12.182496956685641,0.3125,0.0,150.46,,140.14000028263493,6376772000.0,771939000.0,0.13535,561980000.0,0.0868,0.20829001,0.7572758458053159,941777000.0,711654000.0,3034049000.0,1666000.0,1728119000.0,,2092272000.0,0.34169033112232816
日本管財ホールディングス,9347,サービス業,プライム（内国株式）,JP,2025-03-31,東京都,102279790592.0,1.4137199,,14.201423,16.23588645100063,0.2722,0.009477009,198.29,,151.9500013870788,139868000000.0,8687000000.0,0.06574,5829000000.0,0.056929998,0.12767,0.6615378510560201,30766000000.0,20036000000.0,64916000000.0,6110000000.0,33395000000.0,11951000000.0,42515700000.0,0.415680358298714
ｉｓｐａｃｅ,9348,サービス業,グロース（内国株式）,JP,2025-03-31,東京都,80101572608.0,4.755376,-7.740113,,-29.259896609213254,0.0,0.0,-97.93,-70.8,-29.050000119698133,4743238000.0,-9795142000.0,-5.06842,-11945139000.0,-1.9692999,-1.00905,0.2577348468941392,20181543000.0,3854912000.0,19067950000.0,16096275000.0,13117557000.0,,-1113593000.0,-0.013902261388171322
東洋埠頭,9351,倉庫・運輸関連業,スタンダード（内国株式）,JP,2025-03-31,東京都,14025208832.0,0.47384802,,10.724976,9.924712123569412,0.36049998,0.018041236,180.42,,131.44229890971295,35100000000.0,1155000000.0,0.04871,1124000000.0,0.03828,0.05207,0.5363404589135125,23463000000.0,11593000000.0,10777000000.0,16252000000.0,4886000000.0,8741000000.0,-6567300000.0,-0.4682497122621097
櫻島埠頭,9353,倉庫・運輸関連業,スタンダード（内国株式）,JP,2025-03-31,大阪府,3964275968.0,0.49485406,,11.0714445,12.901901493046143,0.17,0.014892032,235.29,,140.13455289827633,4338206000.0,203091000.0,0.03557,232999000.0,0.07143,0.04163,0.628081892153316,4127642000.0,1081125000.0,2113094000.0,1674160000.0,941131000.0,4718877000.0,1288665900.0,0.3250696748667927
リンコーコーポレーション,9355,倉庫・運輸関連業,スタンダード（内国株式）,JP,2025-03-31,新潟県,5632062464.0,0.29802272,,7.544994,12.88004565022716,0.104899995,0.013901761,286.15,,133.24571854058078,13542957000.0,473655000.0,0.0654,526841000.0,0.05126,0.03812,0.4670536312376122,20518707000.0,7310150000.0,3635319000.0,9572221000.0,381363000.0,5667692000.0,-12916003600.0,-2.2932990680694267
鈴与シンワート,9360,情報・通信業,スタンダード（内国株式）,JP,2025-03-31,東京都,8534825984.0,1.8112956,,7.7692027,8.403197371315697,0.233,0.029950082,386.14,,265.2008293553209,19116000000.0,1396000000.0,0.04754,1106000000.0,0.04834,0.22219999,0.37085765973192997,7651000000.0,3987000000.0,5908000000.0,2007000000.0,1985000000.0,308000000.0,-1527400000.0,-0.1789608836622298
伏木海陸運送,9361,倉庫・運輸関連業,スタンダード（内国株式）,JP,2024-06-30,富山県,6402465792.0,0.515445,,9.378437,5.705110151075968,0.2274,0.016064256,263.69,,265.89941884762965,12935582000.0,741840000.0,0.10832,468221000.0,0.054629996,0.06604,0.4796136367393708,10850832000.0,3587114000.0,5344329000.0,5986284000.0,2553344000.0,2596662000.0,-3688839600.0,-0.5761592048815433
兵機海運,9362,倉庫・運輸関連業,スタンダード（内国株式）,JP,2025-03-31,兵庫県,4427420672.0,0.9434782,,14.492754,5.600668769367219,0.45169997,0.031165311,254.61,,430.8270195858002,13726000000.0,548000000.0,0.04809,435000000.0,0.0255,0.08988,0.38673680854455605,7694000000.0,3618000000.0,3907000000.0,5264000000.0,1977000000.0,2078000000.0,-2332400000.0,-0.5268078578461315
大運,9363,倉庫・運輸関連業,スタンダード（内国株式）,JP,2025-03-31,大阪府,2391021312.0,1.7669238,,9.178924,7.334985615663248,0.24209999,0.0,53.71,,52.720357506778434,8672391000.0,243578000.0,0.01859,269543000.0,0.01179,0.046469998,0.6385090068484638,1963310000.0,1221960000.0,2738011000.0,661321000.0,1317148000.0,1668889000.0,1942923300.0,0.8125913768517676
上組,9364,倉庫・運輸関連業,プライム（内国株式）,JP,2025-03-31,兵庫県,551181746176.0,1.4208702,21.801397,19.627066,13.481264645248878,0.60400003,0.030008826,281.55,253.47,232.97000001526146,279182000000.0,33096000000.0,0.13102001,26935000000.0,0.0995,0.07289,0.7796685753382259,106574000000.0,46660000000.0,156362000000.0,40486000000.0,75096000000.0,96863000000.0,117592100000.0,0.213345417942145
トレーディア,9365,倉庫・運輸関連業,スタンダード（内国株式）,JP,2025-03-31,兵庫県,2477707264.0,0.47547638,,6.322011,5.9119915249591894,0.1871,0.03045067,267.32,,223.02662116040955,16646150000.0,253361000.0,0.02238,267572000.0,0.02343,0.081499994,0.4309390678187231,6141342000.0,4049201000.0,3921439000.0,3840751000.0,1125965000.0,2177823000.0,-695426900.0,-0.2806735525637947
サンリツ,9366,倉庫・運輸関連業,スタンダード（内国株式）,JP,2025-03-31,東京都,5204132352.0,0.45944488,,10.588506,8.453354151581564,0.3557,0.03232534,87.17,,100.76000537683218,20122036000.0,1034882000.0,0.06043,468695000.0,0.02437,0.044159997,0.4734477673833939,12877028000.0,6713211000.0,8515553000.0,7978220000.0,3803639000.0,516829000.0,-3999694700.0,-0.7685612950375632
大東港運,9367,倉庫・運輸関連業,スタンダード（内国株式）,JP,2025-03-31,東京都,19242670080.0,1.9294645,,27.119883,11.812086578284074,0.2924,0.0051172706,82.08,,62.09873938645928,16761492000.0,660702000.0,0.06987,617262000.0,0.04222,0.078150004,0.6187593202200486,5620554000.0,3239337000.0,7519413000.0,2489747000.0,3020870000.0,2514772000.0,3659199400.0,0.19016068896817048
キムラユニティー,9368,倉庫・運輸関連業,スタンダード（内国株式）,JP,2025-03-31,愛知県,37548109824.0,0.89632034,8.391544,11.175031,11.083604608156417,0.4099,0.017934782,81.7,108.8,72.07518424560237,61129000000.0,4603000000.0,0.09951,3300000000.0,0.05696,0.09,0.6074300144076593,23381000000.0,13507000000.0,29169000000.0,5865000000.0,12187000000.0,6634000000.0,10431800000.0,0.27782490380733366
キユーソー流通システム,9369,倉庫・運輸関連業,スタンダード（内国株式）,JP,2024-11-30,東京都,79043682304.0,1.74524,26.790228,31.950167,-16.34809029621853,0.23629999,0.0,99.53,118.7,-53.66765735928413,195192000000.0,5563000000.0,0.02298,2660000000.0,0.01307,0.05722,0.3283959122746584,75984000000.0,44450000000.0,32365000000.0,43803000000.0,5471000000.0,4107000000.0,-40744100000.0,-0.5154630808228192
ユーラシア旅行社,9376,サービス業,スタンダード（内国株式）,JP,2025-09-30,東京都,3464885504.0,1.9788042,,30.398188,14.610928506635998,1.0042,0.033013843,30.89,,32.674213964651244,4787696000.0,115110000.0,0.0035100002,113905000.0,0.02626,0.07482,0.5729518417751522,1374674000.0,1225312000.0,2738228000.0,,1991198000.0,324254000.0,1590531800.0,0.4590431049348752
東海運,9380,倉庫・運輸関連業,スタンダード（内国株式）,JP,2025-03-31,東京都,12063959040.0,0.67309535,,24.278439,25.662406953675205,0.3962,0.0093240095,17.67,,11.35539980311189,39399445000.0,688111000.0,0.03383,578024000.0,0.01258,0.02829,0.4240926747481378,23577756000.0,10771767000.0,12857602000.0,10810468000.0,5690582000.0,3756655000.0,-8090495500.0,-0.6706335352411806
エーアイテイー,9381,倉庫・運輸関連業,プライム（内国株式）,JP,2025-02-28,大阪府,53471416320.0,2.752003,,16.900572,13.399458686273498,0.6308,0.036796536,134.67,,127.22618150515255,55638000000.0,4074000000.0,0.07959,3047000000.0,0.053239997,0.16770001,0.7458297439110345,6062000000.0,4409000000.0,20353000000.0,221000000.0,14079000000.0,2492000000.0,16035400000.0,0.29988732492208653
ショーエイコーポレーション,9385,化学,スタンダード（内国株式）,JP,2025-03-31,大阪府,6143174656.0,1.251665,,4.660023,4.436562776007649,0.1172,0.02538071,170.6,,130.59240631612948,19031005000.0,747517000.0,0.09179,467351000.0,0.041279998,0.17343001,0.40990652342473327,6156817000.0,4488837000.0,6632794000.0,3951661000.0,1110707000.0,582080000.0,883433000.0,0.14380724128316238
ＴＢＳホールディングス,9401,情報・通信業,プライム（内国株式）,JP,2025-03-31,東京都,930812526592.0,0.83369625,27.506487,16.880384,17.70591306919652,0.2159,0.012814028,351.71,215.84,232.28000025271402,406700000000.0,19465000000.0,0.085080005,43914000000.0,0.0,0.051820002,0.7219295978397146,346894000000.0,109782000000.0,202958000000.0,14151000000.0,74597000000.0,756458000000.0,385584600000.0,0.41424517718057313
日本テレビホールディングス,9404,情報・通信業,プライム（内国株式）,JP,2025-03-31,東京都,851564756992.0,0.84363747,23.014706,15.4145775,15.963313527213423,0.17899999,0.008542141,223.36,149.6,136.1799998162788,461915000000.0,54917000000.0,0.16894,46000000000.0,0.12915,0.06258,0.7788886932004022,241126000000.0,118599000000.0,351813000000.0,9443000000.0,93293000000.0,567732000000.0,508099400000.0,0.5966656039110521
朝日放送グループホールディングス,9405,情報・通信業,プライム（内国株式）,JP,2025-03-31,大阪府,35186888704.0,0.43563765,20.637255,6.105874,-29.81349726543168,0.1088,0.01775148,137.9,40.8,-21.1680754771198,91923000000.0,2592000000.0,0.091450006,2502000000.0,0.05258,0.064899996,0.595652647466119,50312000000.0,20498000000.0,49526000000.0,15250000000.0,21879000000.0,17354000000.0,11361800000.0,0.3228986823921265
ＢＳＮメディアホールディングス,9408,情報・通信業,スタンダード（内国株式）,JP,2025-03-31,新潟県,14580304896.0,0.576873,,12.7877245,13.410380297499476,0.0783,0.006122449,191.59,,115.71852798706942,24375376000.0,1721460000.0,0.050630003,1045746000.0,0.04555,0.050669998,0.7261657893912166,7824657000.0,5151413000.0,16054457000.0,1348754000.0,9054690000.0,6304074000.0,12642651800.0,0.8671047615381774
テレビ朝日ホールディングス,9409,情報・通信業,プライム（内国株式）,JP,2025-03-31,東京都,365460488192.0,0.8025009,20.532084,11.236129,11.948158379566388,0.1855,0.016172506,323.51,177.04,168.65999994173958,324056000000.0,19705000000.0,0.085480005,25816000000.0,0.097600006,0.07421,0.796425035474428,111718000000.0,82858000000.0,176941000000.0,,37766000000.0,209180000000.0,211649000000.0,0.5791296373708315
スカパーＪＳＡＴホールディングス,9412,情報・通信業,プライム（内国株式）,JP,2025-03-31,東京都,796465758208.0,2.7138956,40.229065,37.637287,16.004551831242715,0.4688,0.011953552,74.66,69.85,61.689999894522934,123721000000.0,27489000000.0,0.28684,19106000000.0,0.17838,0.07934,0.6983074459488268,119242000000.0,69838000000.0,228554000000.0,55151000000.0,78554000000.0,37769000000.0,135750300000.0,0.17044084896434217
テレビ東京ホールディングス,9413,情報・通信業,プライム（内国株式）,JP,2025-03-31,,120748785664.0,1.1465704,16.273727,13.026368,11.578600120236358,0.2299,0.017372422,348.14,278.67,248.44170693025487,155837000000.0,7794000000.0,0.09355,6034000000.0,0.05738,0.091280006,0.6879054131747868,45945000000.0,42362000000.0,90436000000.0,6573000000.0,41764000000.0,20661000000.0,58953700000.0,0.4882343095693461
日本ＢＳ放送,9414,情報・通信業,スタンダード（内国株式）,JP,2025-08-31,東京都,16961495040.0,0.7029923,13.777135,12.629345,10.38207186398,0.398,0.031120332,75.38,69.1,81.60999990075726,11812703000.0,1932012000.0,0.13512,1345307000.0,0.10509,0.05211,0.90809211536943,2472171000.0,2342777000.0,17223341000.0,80000000.0,13988777000.0,2615358000.0,16581920600.0,0.9776214042980966
ビジョン,9416,情報・通信業,プライム（内国株式）,JP,2024-12-31,東京都,63596548096.0,3.2000911,15.4480295,17.898672,19.015409619533113,0.4708,0.025934402,72.24,83.7,61.21000024861104,35528993000.0,5365056000.0,0.18044001,3375590000.0,0.09612001,0.19883,0.7082175808726014,7370868000.0,6687612000.0,19232446000.0,599995000.0,11883390000.0,115026000.0,11942096200.0,0.18777899992265643
スマートバリュー,9417,情報・通信業,スタンダード（内国株式）,JP,2024-06-30,大阪府,4009594880.0,1.870333,11.4,4.527403,-78.56551037707086,0.0908,0.020151133,88.13,35.0,-4.798979857042321,3814719000.0,-308424000.0,-0.05488,-348911000.0,0.16184,0.29374,0.4184867156097004,1878636000.0,1329616000.0,2458542000.0,924286000.0,1726858000.0,1593000.0,581021100.0,0.14490768204492518
Ｕ－ＮＥＸＴ　ＨＯＬＤＩＮＧＳ,9418,情報・通信業,プライム（内国株式）,JP,2025-08-31,,333693583360.0,3.334637,5.980668,18.128368,21.64453304050178,0.152,0.00826226,102.05,309.33,85.14666661639666,390408000000.0,129283000000.0,0.08420999,18395000000.0,0.045539998,0.18608999,0.3755802942467146,151076000000.0,79805000000.0,172358000000.0,70355000000.0,56882000000.0,1508000000.0,22337600000.0,0.0669404540988774
ワイヤレスゲート,9419,情報・通信業,スタンダード（内国株式）,JP,2024-12-31,東京都,3124159744.0,3.3354254,4.8397975,18.050314,10.618280048929156,0.0,0.0,15.9,59.3,22.31999899304796,8462593000.0,305559000.0,0.014140001,283925000.0,0.0030500002,0.02865,0.4397689876516474,1676335000.0,1665953000.0,2810215000.0,300000000.0,1829793000.0,62462000.0,1177603400.0,0.3769344388556336
エヌジェイホールディングス,9421,情報・通信業,スタンダード（内国株式）,JP,2024-06-30,東京都,3265647616.0,2.0245771,,53.98075,11.457844135998982,0.0,0.0,11.43,,51.92948978338702,,,0.01069,,0.00604,0.044699997,0.4006991398809682,2274294000.0,1570098000.0,2869027000.0,1100341000.0,1693104000.0,200994000.0,735428800.0,0.22520151788477596
フォーバル・リアルストレート,9423,情報・通信業,スタンダード（内国株式）,JP,2025-03-31,東京都,2716394752.0,4.3813324,,43.410854,19.213957504152997,1.0078,0.014035088,2.58,,5.3952660939185435,3139777000.0,126414000.0,0.05784,86346000.0,0.03429,0.15722,0.4852717904849442,678734000.0,678734000.0,1234190000.0,,761193000.0,,555456000.0,0.204482798235063
日本通信,9424,情報・通信業,プライム（内国株式）,JP,2025-03-31,東京都,23686909952.0,5.205851,,22.503962,24.773292231058484,0.0,0.0,6.31,,8.275040640056302,9238862000.0,962485000.0,0.10426,849366000.0,0.089499995,0.23091999,0.5201942999022834,3470051000.0,1673128000.0,5507208000.0,2040250000.0,4300365000.0,166341000.0,2153595700.0,0.09091923363427831
ＲｅＹｕｕ　Ｊａｐａｎ,9425,情報・通信業,スタンダード（内国株式）,JP,2025-10-31,大阪府,2577842944.0,1.6217158,,,-20.152852185418165,0.0,0.0,-40.14,,-15.332817268593901,6259161000.0,-163839000.0,0.05764,-225658000.0,0.0027200002,0.02533,0.6034170275747593,899773000.0,466126000.0,2205838000.0,636673000.0,679034000.0,,1306065000.0,0.5066503384311686
クロップス,9428,情報・通信業,スタンダード（内国株式）,JP,2025-03-31,愛知県,14420561920.0,1.2066411,,16.728828,8.636969896610696,0.2194,0.0128123,91.16,,127.53807106598985,61568000000.0,2417000000.0,0.037839998,991000000.0,0.0135699995,0.10632,0.33885396183565514,21763000000.0,11729000000.0,21067000000.0,2783000000.0,8301000000.0,1074000000.0,55800000.0,0.0038694747340331103
ＮＴＴ,9432,情報・通信業,プライム（内国株式）,JP,2025-03-31,,12614171099136.0,1.3284869,10.62543,12.308917,11.328357572637747,0.41799998,0.034224253,12.56,14.55,15.090000000033612,13704727000000.0,1669639000000.0,0.14651,1000016000000.0,0.0764,0.10722999,0.34001140225177007,18717844000000.0,8865263000000.0,8370359000000.0,11171213000000.0,1000994000000.0,2237517000000.0,-8781223100000.0,-0.6961395268058053
ＫＤＤＩ,9433,情報・通信業,プライム（内国株式）,JP,2025-03-31,東京都,10256269705216.0,2.0649152,1156.2233,14.907039,14.159233773017396,0.4291,0.029118918,180.72,2.33,150.58999998539366,5917953000000.0,1091172000000.0,0.19146,685677000000.0,0.1182,0.1423,0.30386379792772306,11225647000000.0,8060329000000.0,4802776000000.0,4694241000000.0,921175000000.0,5582485000000.0,-2515131500000.0,-0.24522868180044907
ソフトバンク,9434,情報・通信業,プライム（内国株式）,JP,2025-03-31,東京都,10226158796800.0,3.5795493,18.472822,19.01421,18.05317020085792,0.7644,0.040489644,11.26,11.59,10.115999999950027,6544349000000.0,989016000000.0,0.14287,526133000000.0,0.083000004,0.17556,0.17038857124758458,11836824000000.0,6835206000000.0,4858655000000.0,5962152000000.0,1435525000000.0,3101589000000.0,-4807056700000.0,-0.4700745211881746
ソフトバンク第１回社債型種類株式,94345,情報・通信業,プライム（内国株式）,JP,2025-03-31,東京都,,63.983814,,,,,0.0022454308,,,,6544349000000.0,989016000000.0,0.14287,526133000000.0,0.083000004,0.17556,0.17038857124758458,11836824000000.0,6835206000000.0,4858655000000.0,5962152000000.0,1435525000000.0,3101589000000.0,-4807056700000.0,
ソフトバンク第２回社債型種類株式,94346,情報・通信業,プライム（内国株式）,JP,2025-03-31,東京都,,128.23514,,,,,0.0011209594,,,,6544349000000.0,989016000000.0,0.14287,526133000000.0,0.083000004,0.17556,0.17038857124758458,11836824000000.0,6835206000000.0,4858655000000.0,5962152000000.0,1435525000000.0,3101589000000.0,-4807056700000.0,
光通信,9435,情報・通信業,プライム（内国株式）,JP,2025-03-31,東京都,1864738406400.0,1.647374,19.01619,13.367999,9.983189799382671,0.2235,0.016773455,3176.99,2233.36,2747.4399861100583,686553000000.0,105037000000.0,0.17097999,117523000000.0,0.17448,,0.3858110370784631,1427458000000.0,505183000000.0,848880000000.0,934320000000.0,470273000000.0,1182904000000.0,249454800000.0,0.13377468879486903
沖縄セルラー電話,9436,情報・通信業,スタンダード（内国株式）,JP,2025-03-31,沖縄県,297696886784.0,3.0871332,9.853122,23.607038,13.959404309557451,0.4695,0.009876544,136.4,326.8,122.4650002420221,84314000000.0,17764000000.0,0.2243,12402000000.0,0.15102,0.13567,0.8163039250503104,19075000000.0,16936000000.0,71233000000.0,10000000.0,3506000000.0,981000000.0,52844700000.0,0.17751176564484042
エムティーアイ,9438,情報・通信業,プライム（内国株式）,JP,2025-09-30,東京都,38009131008.0,2.0533943,15.675057,11.127356,25.947506296708035,0.3087,0.025710419,61.56,43.7,43.019999917742396,29910940000.0,2946195000.0,0.10755,3404130000.0,0.112399995,0.1683,0.5521787464307192,10901630000.0,8074190000.0,23212641000.0,1693750000.0,17816556000.0,4691414000.0,15595000800.0,0.4102961679581054
エム・エイチ・グループ,9439,サービス業,スタンダード（内国株式）,JP,2024-06-30,東京都,2608503808.0,5.21699,,,195.33587865113154,2.2222,0.002202643,-1.52,,1.0982544778735457,,,-0.03289,,-0.012610001,-0.044699997,0.30263030378732736,1295261000.0,1159313000.0,1585970000.0,142522000.0,602753000.0,76580000.0,344315000.0,0.13199712377034797
ベルパーク,9441,情報・通信業,スタンダード（内国株式）,JP,2024-12-31,東京都,30650742784.0,1.1834264,18.040346,12.85817,12.723652506005108,0.3339,0.025500197,194.74,138.8,123.76306732485341,116038727000.0,4263735000.0,0.023,3177428000.0,0.02917,0.12422,0.6743868186875951,16496777000.0,15776367000.0,41680688000.0,70000000.0,20207190000.0,4076371000.0,28037370700.0,0.9147370717108948
トーシンホールディングス,9444,情報・通信業,スタンダード（内国株式）,JP,2025-04-30,,2773364480.0,1.0949156,,11.479797,30.4615510640325,0.0,0.0,37.37,,21.990536309804234,17477470000.0,44951000.0,0.01791,-84527000.0,-0.01143,-0.06013,0.09738394698614371,22110405000.0,10639457000.0,6180524000.0,16499215000.0,3084750000.0,95663000.0,-15862916900.0,-5.719737529774665
フォーバルテレコム,9445,情報・通信業,スタンダード（内国株式）,JP,2025-03-31,東京都,9617920000.0,2.6107285,,10.46109,8.600328463557897,0.4009,0.020905923,54.87,,44.78264032492935,25684920000.0,1142536000.0,0.04837,732966000.0,0.03841,0.27481002,0.32043004111850837,7042200000.0,6797636000.0,7729064000.0,0.0,893763000.0,6000000.0,691064000.0,0.07185171014107
サカイホールディングス,9446,情報・通信業,スタンダード（内国株式）,JP,2025-09-30,愛知県,5185661440.0,1.12879,,6.4916735,3.4552038707366606,0.2447,0.037572253,106.29,,129.92469839560317,17017023000.0,1465529000.0,0.105179995,987090000.0,0.058000002,0.21372,0.22525340474326777,15719359000.0,7436235000.0,5628714000.0,12828699000.0,2859201000.0,280574000.0,-9894243200.0,-1.9080002261003757
ＧＭＯインターネットグループ,9449,情報・通信業,プライム（内国株式）,JP,2024-12-31,東京都,312541085696.0,3.2426894,20.61223,20.261774,19.146311415613432,0.3345,0.014662677,155.86,153.21,128.74188011462863,277407000000.0,46653000000.0,0.20653,13373000000.0,0.05885,0.17891,0.04016384068905693,1961067000000.0,1620688000000.0,1945899000000.0,554872000000.0,469168000000.0,62811000000.0,28799700000.0,0.09214692505423963
ファイバーゲート,9450,情報・通信業,スタンダード（内国株式）,JP,2024-06-30,東京都,13883760640.0,2.1498542,6.8554397,10.599078,18.402955531524125,0.4149,0.038737446,65.1,100.65,72.5800005955282,12613000000.0,2387000000.0,0.1195,1567000000.0,0.09613,0.20618999,0.44271948608137046,7241000000.0,4086000000.0,5339000000.0,4442000000.0,2120000000.0,11000000.0,-1894300000.0,-0.13643997826802062
アイドママーケティングコミュニケーション,9466,情報・通信業,スタンダード（内国株式）,JP,2025-03-31,富山県,3153969152.0,0.96540177,,6.7887325,17.699690314526993,0.42240003,0.061728396,35.5,,12.111009328000309,5586340000.0,359663000.0,0.045689996,473040000.0,0.0921,0.14964,0.7254417367585642,1248353000.0,833341000.0,3072012000.0,500000000.0,2196688000.0,501121000.0,2174443700.0,0.6894308711361803
アルファポリス,9467,情報・通信業,グロース（内国株式）,JP,2025-03-31,東京都,41383153664.0,2.887665,7.664155,19.810797,13.95009911243901,0.19489999,0.0,71.88,185.8,48.28722920686175,13620187000.0,3222150000.0,0.21133,2019583000.0,0.13675,0.1547,0.8115449542218575,3183344000.0,3134489000.0,16053100000.0,78347000.0,11567271000.0,8000000.0,12875356000.0,0.31112553926020675
ＫＡＤＯＫＡＷＡ,9468,情報・通信業,プライム（内国株式）,JP,2025-03-31,東京都,435101859840.0,1.7495528,22.843733,75.069534,31.51399096508508,0.7572,0.009557184,39.55,129.97,83.39999997509136,277915000000.0,16652000000.0,0.04678,7392000000.0,0.021,0.03441,0.6151125895973212,132623000000.0,117033000000.0,272447000000.0,26689000000.0,145494000000.0,40124000000.0,167910800000.0,0.38591147383682944
学研ホールディングス,9470,情報・通信業,プライム（内国株式）,JP,2025-09-30,東京都,44066717696.0,0.8541718,10.014117,12.45027,18.916158143893487,0.3041,0.023701003,85.46,106.25,52.60000057254868,199119000000.0,8238000000.0,0.05935,3578000000.0,0.017970001,0.083730005,0.37062660746871273,79723000000.0,40384000000.0,70038000000.0,35628000000.0,22916000000.0,15410000000.0,1102000000.0,0.025007535337718836
ゼンリン,9474,情報・通信業,プライム（内国株式）,JP,2025-03-31,福岡県,53973852160.0,1.1231337,18.530058,18.072935,20.67280493669262,0.73330003,0.019627085,55.94,54.56,38.93281372953123,64363000000.0,3925000000.0,0.03885,2606000000.0,0.03949,0.053460002,0.6736241601665472,24129000000.0,21456000000.0,29092000000.0,2808000000.0,13911000000.0,12404000000.0,13645800000.0,0.2528224214856559
昭文社ホールディングス,9475,情報・通信業,スタンダード（内国株式）,JP,2025-03-31,東京都,9353195520.0,0.7170301,,41.55324,3.8373695999885054,0.4003,0.009765625,12.49,,97.44578313253012,6256953000.0,189352000.0,0.049840003,541404000.0,0.038259998,0.01887,0.7069998973789275,5396262000.0,4206681000.0,10227143000.0,640000000.0,6460788000.0,2885006000.0,6850385200.0,0.7324112048499121
中央経済社ホールディングス,9476,情報・通信業,スタンダード（内国株式）,JP,2025-09-30,東京都,3434797568.0,0.79712135,,13.9927435,-11.036473245994774,0.2052,0.014623172,63.39,,-45.341405633061335,3256664000.0,234509000.0,-0.00137,245313000.0,0.08667,0.06604,0.7154128166900359,1731896000.0,856401000.0,3694260000.0,437143000.0,1840929000.0,373550000.0,2223849000.0,0.6474468890738425
ＳＥホールディングス・アンド・インキュベーションズ,9478,情報・通信業,スタンダード（内国株式）,JP,2025-03-31,東京都,7237686272.0,0.66582566,,18.481718,8.514672120412191,0.1392,0.0075107296,25.16,,38.4,7242000000.0,818000000.0,0.12251,531000000.0,0.07753,0.055910002,0.5816661305886137,6503000000.0,3880000000.0,13711000000.0,3488000000.0,2686000000.0,115000000.0,7288500000.0,1.0070207143678747
東京電力ホールディングス,9501,電気・ガス業,プライム（内国株式）,JP,2025-03-31,東京都,1106069946368.0,0.3574952,3.2567463,,5.4922838397680875,0.0,0.0,-462.3,211.96,167.1799999771684,6810391000000.0,234453000000.0,0.02829,161278000000.0,-0.11527,-0.21519,0.25083270539994246,11200865000000.0,4741482000000.0,2463598000000.0,6168269000000.0,936335000000.0,,-8737267000000.0,-7.899380169120903
中部電力,9502,電気・ガス業,プライム（内国株式）,JP,2025-03-31,愛知県,1977659949056.0,0.6572932,11.151814,8.922363,3.5170760198973583,0.2216,0.02461189,293.42,234.76,533.1770574634292,3669233000000.0,242045000000.0,0.02812,202087000000.0,0.06627,0.082279995,0.391101266952728,4266283000000.0,1255036000000.0,1142745000000.0,2757168000000.0,293547000000.0,,-3123538000000.0,-1.5794110617909636
関西電力,9503,電気・ガス業,プライム（内国株式）,JP,2025-03-31,大阪府,3058683346944.0,0.9055575,8.356923,7.0623794,4.163347943341495,0.1543,0.021869874,388.75,328.53,495.09000007801643,4337111000000.0,468877000000.0,0.1182,420364000000.0,0.09635,0.12425,0.31761748451591815,6545208000000.0,1680147000000.0,1971023000000.0,3906823000000.0,942388000000.0,,-4574185000000.0,-1.4954751705730416
中国電力,9504,電気・ガス業,プライム（内国株式）,JP,2025-03-31,広島県,376487510016.0,0.49594525,5.576565,3.3739364,2.947363137097505,0.1031,0.02106271,310.32,187.75,370.59000023312296,1529217000000.0,129148000000.0,0.02552,98474000000.0,0.06041,0.12566,0.16224252509597087,3655096000000.0,635231000000.0,695835000000.0,2931714000000.0,286731000000.0,,-2959261000000.0,-7.860183727938908
北陸電力,9505,電気・ガス業,プライム（内国株式）,JP,2025-03-31,富山県,217160925184.0,0.49012467,6.994348,3.142857,2.847118707532269,0.068,0.021387832,330.75,148.62,272.1599995538973,858274000000.0,101034000000.0,0.07524,65148000000.0,0.0,0.1751,0.20470903254598538,1458984000000.0,324013000000.0,431670000000.0,1012691000000.0,239372000000.0,,-1027314000000.0,-4.730657686826297
東北電力,9506,電気・ガス業,プライム（内国株式）,JP,2025-03-31,宮城県,599632838656.0,0.54737675,4.4934764,3.6465147,2.4981842138606196,0.121700004,0.03265306,328.67,266.72,452.12999988291915,2644911000000.0,280331000000.0,0.07533,182807000000.0,0.06959,0.16431999,0.18250150559083164,4389406000000.0,1151667000000.0,1141952000000.0,2932039000000.0,474520000000.0,,-3247454000000.0,-5.415737415713841
四国電力,9507,電気・ガス業,プライム（内国株式）,JP,2025-03-31,香川県,351099748352.0,0.75240034,11.348225,4.5798454,3.8136586067144864,0.120699994,0.026223777,372.72,150.42,294.24635686882783,851398000000.0,89073000000.0,-0.0055,68324000000.0,0.08432999,0.15419,0.2595674981214637,1246643000000.0,244652000000.0,346400000000.0,830796000000.0,130192000000.0,,-900243000000.0,-2.5640662068986977
九州電力,9508,電気・ガス業,プライム（内国株式）,JP,2025-03-31,福岡県,880794599424.0,0.7808584,11.372932,5.122494,3.76638659412111,0.1375,0.026588673,363.69,163.81,342.2999999181494,2356832000000.0,199565000000.0,0.089370005,128766000000.0,0.079,0.16837999,0.17309727616350812,4742747000000.0,1073751000000.0,905553000000.0,3362954000000.0,362577000000.0,,-3837194000000.0,-4.356513996009231
北海道電力,9509,電気・ガス業,プライム（内国株式）,JP,2025-03-31,北海道,223836487680.0,0.50402266,8.033016,3.9300523,2.469213222456382,0.090100005,0.02290426,277.35,135.69,322.44375082959823,902052000000.0,75838000000.0,0.054390002,64218000000.0,0.06684,0.1401,0.1746561836147278,1836670000000.0,483965000000.0,411594000000.0,1262210000000.0,156322000000.0,,-1425076000000.0,-6.366593823779571
沖縄電力,9511,電気・ガス業,プライム（内国株式）,JP,2025-03-31,,64635326464.0,0.48636883,9.504792,10.763387,25.156084771631004,0.22620001,0.008312552,110.56,125.2,44.01999991899289,236539000000.0,7322000000.0,0.10446999,4322000000.0,0.027780002,0.04932,0.2425126545979205,376862000000.0,102554000000.0,71091000000.0,266800000000.0,18746000000.0,,-305771000000.0,-4.73071022810267
電源開発,9513,電気・ガス業,プライム（内国株式）,JP,2025-03-31,東京都,632714690560.0,0.459363,9.897016,6.0864534,5.505316812380588,0.1703,0.027972028,587.37,361.22,425.3011334794161,1316673000000.0,138310000000.0,0.118240006,92469000000.0,0.0792,0.07379,0.3641661714921199,2205242000000.0,413354000000.0,673708000000.0,1882821000000.0,308995000000.0,,-1531534000000.0,-2.420576008191745
エフオン,9514,電気・ガス業,スタンダード（内国株式）,JP,2024-06-30,東京都,7256365056.0,0.38640836,6.9715447,12.619573,30.931036041303205,0.2942,0.022222223,27.18,49.2,13.127136079349567,,,0.06531,,0.03093,0.03095,0.40283239803808935,27029000000.0,4802000000.0,8743000000.0,23882000000.0,5574000000.0,,-18286000000.0,-2.5199944957124276
イーレックス,9517,電気・ガス業,プライム（内国株式）,JP,2025-03-31,東京都,51263528960.0,0.75593185,15.583491,25.774815,-1.8890202546772596,0.4314,0.01674277,25.49,42.16,-359.9458855328918,171217000000.0,7138000000.0,0.02495,2118000000.0,0.00833,0.013459999,0.418197702468347,80903000000.0,37569000000.0,65521000000.0,45216000000.0,33613000000.0,37763000000.0,11052100000.0,0.21559381931399518
レノバ,9519,電気・ガス業,プライム（内国株式）,JP,2025-03-31,東京都,65502527488.0,0.5826436,24.786034,10.651758,11.047602028339167,0.0,0.0,67.97,29.21,111.97000008027656,70246000000.0,3234000000.0,0.102139995,2687000000.0,0.084809996,0.0554,0.168108351837842,396627000000.0,55302000000.0,110758000000.0,332918000000.0,23927000000.0,130179000000.0,-194743700000.0,-2.97307153583771
東京瓦斯,9531,電気・ガス業,プライム（内国株式）,JP,2025-03-31,東京都,2641081139200.0,1.637835,28.647812,15.016333,8.323576803696055,0.18360001,0.012210797,517.37,271.19,401.0822562917096,2636809000000.0,133091000000.0,0.062069997,74194000000.0,0.07305,0.12126,0.4475751946840193,2053625000000.0,610214000000.0,1047130000000.0,1308007000000.0,244388000000.0,383571000000.0,-737995300000.0,-0.2794292417019582
大阪瓦斯,9532,電気・ガス業,プライム（内国株式）,JP,2025-03-31,大阪府,2569519235072.0,1.483081,22.700855,14.798966,10.163759268248937,0.2394,0.015956657,448.68,292.5,320.5999999313754,2069019000000.0,160731000000.0,0.0919,134414000000.0,0.08913,0.1079,0.5276612430773077,1461234000000.0,409785000000.0,812779000000.0,864938000000.0,82810000000.0,569252000000.0,-249978600000.0,-0.09728613687260271
東邦瓦斯,9533,電気・ガス業,プライム（内国株式）,JP,2025-03-31,愛知県,515807346688.0,1.1177944,25.12036,19.29764,12.501441103594669,0.294,0.015189421,289.31,222.25,259.70999988509755,656010000000.0,30887000000.0,0.01265,25454000000.0,0.04157,0.06061,0.590953421494487,310369000000.0,120291000000.0,187724000000.0,133322000000.0,46749000000.0,170019000000.0,-3631700000.0,-0.007040807044178709
北海道瓦斯,9534,電気・ガス業,プライム（内国株式）,JP,2025-03-31,,80558800896.0,0.88189125,,6.8410006,3.6570154338959124,0.1611,0.023600439,133.46,,131.46000062366335,170295000000.0,14330000000.0,0.03241,10404000000.0,0.0,0.14298001,0.441838807558678,106948000000.0,45641000000.0,51086000000.0,51258000000.0,11324000000.0,9435000000.0,-49257500000.0,-0.6114477804056514
広島ガス,9535,電気・ガス業,プライム（内国株式）,JP,2025-03-31,,25982048256.0,0.3786972,,12.229053,10.706811862705989,0.38849998,0.03133159,30.91,,34.027857141208244,91595000000.0,1254000000.0,-0.04413,1687000000.0,0.02342,0.03046,0.5266796817729352,58003000000.0,17047000000.0,40643000000.0,38073000000.0,20615000000.0,14473000000.0,-7228900000.0,-0.27822671749255334
西部ガスホールディングス,9536,電気・ガス業,プライム（内国株式）,JP,2025-03-31,,88863072256.0,0.81322074,,10.185224,10.760933669664842,0.2888,0.014250814,242.41,,166.22537498000503,254442000000.0,10531000000.0,0.03686,6362000000.0,0.03706,0.098120004,0.23187813495200704,336068000000.0,122985000000.0,124388000000.0,233935000000.0,29475000000.0,59430000000.0,-170079000000.0,-1.9139446305663412
北陸瓦斯,9537,電気・ガス業,スタンダード（内国株式）,JP,2025-03-31,新潟県,19063392256.0,0.38092586,,6.505384,-8.883047951954007,0.1273,0.019417476,628.71,,-377.77651352511805,61766221000.0,1410127000.0,-0.0297,1952784000.0,0.04711,0.06021,0.7490652619965413,13039352000.0,9286216000.0,15738860000.0,108272000.0,8746044000.0,3852248000.0,5396081600.0,0.2830598839669598
京葉瓦斯,9539,電気・ガス業,スタンダード（内国株式）,JP,2024-12-31,,40739418112.0,0.41954392,,12.1395035,18.820320299914382,0.2172,0.05318292,104.37,,45.40554365612404,115609000000.0,1340000000.0,-0.00969,1623000000.0,0.027420001,0.03425,0.5683268945022288,69376000000.0,26118000000.0,35768000000.0,24625000000.0,20138000000.0,31078000000.0,-11853400000.0,-0.2909565366744529
静岡ガス,9543,電気・ガス業,プライム（内国株式）,JP,2024-12-31,静岡県,104665276416.0,0.7968173,17.37336,10.412294,8.819056143047781,0.3225,0.0,133.4,79.95,116.85000040277033,,,0.022880001,,0.04994,0.08061,0.6942632871529124,44685000000.0,23890000000.0,77533000000.0,16621000000.0,36251000000.0,21513000000.0,47907100000.0,0.45771722619438404
メタウォーター,9551,電気・ガス業,プライム（内国株式）,JP,2025-03-31,東京都,163726835712.0,2.0433204,23.812548,16.446648,13.563641343278018,0.2675,0.01586476,228.01,157.48,157.67000111389555,179094000000.0,10626000000.0,0.044439998,6852000000.0,0.0497,0.13234,0.41316068969372355,111434000000.0,65885000000.0,160178000000.0,40425000000.0,36278000000.0,2319000000.0,50367300000.0,0.30763008263714
クオンツ総研ホールディングス,9552,サービス業,プライム（内国株式）,JP,2025-09-30,東京都,56645173248.0,11.098168,5.178377,22.513428,34.75800580808115,0.1073,0.0046296297,46.55,202.38,88.40543522047969,16602585000.0,4778242000.0,0.31186,2747339000.0,0.16545999,0.38904,0.6284004949330424,3018546000.0,2673485000.0,6258412000.0,717759000.0,4118742000.0,709369000.0,3736424300.0,0.0659619184787633
マイクロアド,9553,サービス業,グロース（内国株式）,JP,2025-09-30,東京都,19522607104.0,5.5320535,54.503815,100.9901,25.0249255501309,0.0,0.0,7.07,13.1,10.029999869417678,15670556000.0,613120000.0,0.02456,195077000.0,0.01244,0.05904,0.38588027122260016,5252652000.0,4968734000.0,5319660000.0,2724608000.0,2354619000.0,779853000.0,612905100.0,0.03139463375639115
ＡＶｉＣ,9554,サービス業,グロース（内国株式）,JP,2025-09-30,東京都,9731462144.0,4.161538,24.17323,17.988983,21.40581458916569,0.0,0.0,85.33,63.5,50.219999595067925,2680875000.0,724545000.0,0.24915001,539634000.0,0.20111999,0.27392998,0.585296167264849,1627158000.0,1142785000.0,3153976000.0,730605000.0,2101099000.0,3000000.0,1528918000.0,0.15711082028332865
ＩＮＴＬＯＯＰ,9556,サービス業,グロース（内国株式）,JP,2024-07-31,東京都,30525526016.0,4.677168,8.109654,45.780087,16.85024423259635,0.0,0.0,71.21,401.99,97.1796003307952,,,0.07245,,0.042630002,0.27065,0.39403506115631187,7062455000.0,5269028000.0,9684979000.0,2934442000.0,5708973000.0,620303000.0,3056736100.0,0.10013704918296272
エアークローゼット,9557,サービス業,グロース（内国株式）,JP,2025-06-30,東京都,2046197376.0,4.334322,,86.66667,-60.726410076134975,0.0,0.0,2.85,,-6.488116117946499,4957589000.0,102423000.0,-0.06854,23541000.0,-0.02289,-0.2201,0.201394771369083,2198557000.0,1617852000.0,1566946000.0,1532500000.0,1092622000.0,,-631611000.0,-0.30867550091120827
ジャパニアス,9558,サービス業,グロース（内国株式）,JP,2024-11-30,神奈川県,8486065664.0,2.5110185,9.902868,10.855897,16.11437727506246,0.4916,0.04558011,197.22,216.2,152.5500023398265,11211465000.0,945886000.0,0.10933,722607000.0,0.063319996,0.23999001,0.6054931618329827,1952640000.0,1740520000.0,4567585000.0,,2999564000.0,20000000.0,2628945000.0,0.3097955052542945
プログリット,9560,サービス業,グロース（内国株式）,JP,2025-08-31,東京都,9822369792.0,4.149703,,11.361031,25.213449821603103,0.2722,0.0,69.8,,47.830001809298665,5747514000.0,1202970000.0,0.26790002,888763000.0,0.14495,0.40175,0.5084108299550468,2205270000.0,2025133000.0,3700259000.0,249542000.0,3415606000.0,34990000.0,1519482000.0,0.15469606950021048
グラッドキューブ,9561,サービス業,グロース（内国株式）,JP,2024-12-31,大阪府,3727345408.0,5.414875,,,79.71014316769131,0.0,0.0,-72.19,,6.9000001523385786,1559020000.0,-267075000.0,-0.02387,-629039000.0,-0.32542,-0.57054,0.291860469639155,1820563000.0,1265220000.0,2308510000.0,928258000.0,1661285000.0,84085000.0,546806500.0,0.1467013222939815
ビジネスコーチ,9562,サービス業,グロース（内国株式）,JP,2025-09-30,東京都,3759883776.0,3.9019656,,24.261488,25.538689488593413,0.4562,0.019238168,109.68,,48.29998466044285,2003993000.0,163845000.0,0.11889,123294000.0,0.06141,0.17435,0.7690142109199701,231621000.0,231621000.0,759297000.0,5843000.0,483882000.0,67680000.0,575052000.0,0.15294408930155184
Ａｔｌａｓ　Ｔｅｃｈｎｏｌｏｇｉｅｓ,9563,サービス業,グロース（内国株式）,JP,2024-12-31,東京都,2093058176.0,1.3261051,,,43.75614573422138,0.0,0.0,-108.95,,10.169999951617507,2120772000.0,-382641000.0,0.02542,-852052000.0,-0.3167,-0.35578,0.8537787002057914,283289000.0,283288000.0,1913187000.0,,1655024000.0,,1629898000.0,0.778716052276609
ＦＣＥ,9564,サービス業,スタンダード（内国株式）,JP,2025-09-30,東京都,11897459712.0,3.1325595,,19.121813,19.32002129514321,0.26569998,0.012376238,28.24,,24.100000263850408,6099848000.0,912411000.0,-0.00704,662663000.0,0.10854,0.18471001,0.6633529609893135,1928019000.0,1642572000.0,3936569000.0,267099000.0,3175054000.0,1105770000.0,2782589000.0,0.23388093486825837
ＧＬＯＥ,9565,サービス業,グロース（内国株式）,JP,2025-10-31,,2115214464.0,4.4066873,,552.1739,-191.89527329515877,0.0,0.0,1.38,,-7.024664947982374,2843521000.0,18656000.0,0.11333,3829000.0,0.00106,-0.01189,0.2978090517740568,1107735000.0,856508000.0,1087240000.0,539180000.0,486873000.0,,-20495000.0,-0.009689324817325
アイネット,9600,情報・通信業,プライム（内国株式）,JP,2025-03-31,神奈川県,38388101120.0,1.9091022,,18.98295,15.757931513949332,0.3804,0.022664016,132.54,,137.49697838399723,38987494000.0,2640678000.0,0.047620002,2259963000.0,0.0,0.12946999,0.5210812835456232,17749787000.0,10659405000.0,13047180000.0,9927040000.0,4736320000.0,3674565000.0,-2130411500.0,-0.055496662711718936
松竹,9601,情報・通信業,プライム（内国株式）,JP,2025-02-28,東京都,163557785600.0,1.5539172,68.116776,39.516502,46.30267269195022,0.0996,0.0025104603,301.14,174.7,219.56000059403502,83974000000.0,1670000000.0,0.04967,-664000000.0,0.05355,0.053940002,0.44545236955481093,115749000000.0,40011000000.0,38949000000.0,71212000000.0,14912000000.0,41992000000.0,-47405600000.0,-0.289840069832787
東宝,9602,情報・通信業,プライム（内国株式）,JP,2025-02-28,,1356900728832.0,2.6370099,32.868412,27.204496,18.526763389286078,0.31149998,0.011456527,297.12,245.92,259.5100002126718,313171000000.0,64687000000.0,0.21123,43357000000.0,0.15484999,0.11309,0.7325224938291265,158256000000.0,90941000000.0,202050000000.0,1908000000.0,42905000000.0,153764000000.0,151428800000.0,0.11159902620904896
エイチ・アイ・エス,9603,サービス業,プライム（内国株式）,JP,2025-10-31,東京都,96710270976.0,1.7319169,11.785064,20.539682,15.167888488031732,0.3175,0.0153022185,63.0,109.8,109.78999957819582,373106000000.0,11628000000.0,0.050219998,4719000000.0,0.01265,0.08903,0.14454223073538167,319126000000.0,242507000000.0,180388000000.0,179071000000.0,113932000000.0,2776000000.0,-136794800000.0,-1.4144805781171632
東映,9605,情報・通信業,プライム（内国株式）,JP,2025-03-31,東京都,358051872768.0,1.2623416,27.639767,17.731705,16.891523867170093,0.037100002,0.0020869565,323.15,207.31,225.67999971699138,179922000000.0,35159000000.0,0.24224001,15722000000.0,0.10925,0.09673,0.5707867543498282,109318000000.0,61866000000.0,170851000000.0,17410000000.0,105448000000.0,150364000000.0,166787800000.0,0.4658202140114773
ウィルソン・ラーニング　ワールドワイド,9610,サービス業,スタンダード（内国株式）,JP,2025-03-31,,2670019072.0,3.1938229,,,-1.5975661075766339,0.0,0.0,-26.39,,-84.50354533671413,1688892000.0,-393918000.0,0.18813999,-386041000.0,-0.10812,-0.26155,0.46010371726151567,817674000.0,619188000.0,1238337000.0,127825000.0,265753000.0,50000000.0,455663000.0,0.1706590805955112
ラックランド,9612,サービス業,プライム（内国株式）,JP,2024-12-31,東京都,18673805312.0,1.6146821,,45.053307,95.16873122538539,0.0,0.0,40.33,,23.970000973067897,47659000000.0,234000000.0,0.12165,-479000000.0,0.04247,0.22358999,0.36430672680917825,16178000000.0,15183000000.0,16887000000.0,4947000000.0,7135000000.0,377000000.0,972900000.0,0.05209971849576923
共立メンテナンス,9616,サービス業,プライム（内国株式）,JP,2025-03-31,東京都,241260003328.0,1.8100655,14.586538,16.020039,24.82177206116283,0.2622,0.016541077,171.66,188.53,136.57000054126343,228933000000.0,20497000000.0,0.12282,14562000000.0,0.06684,0.13972999,0.32958171625700733,202111000000.0,108093000000.0,69576000000.0,148624000000.0,25675000000.0,16506000000.0,-120980800000.0,-0.5014540260762704
イチネンホールディングス,9619,サービス業,プライム（内国株式）,JP,2025-03-31,,51924582400.0,0.74627525,8.925519,7.2426434,3.249466457291042,0.2345,0.03179579,302.79,245.7,507.5699924023984,154920000000.0,10286000000.0,0.06704,6657000000.0,0.04481,0.106639996,0.3155947042182197,139978000000.0,57506000000.0,96914000000.0,108806000000.0,9162000000.0,6055000000.0,-38825500000.0,-0.747728690447783
建設技術研究所,9621,サービス業,プライム（内国株式）,JP,2024-12-31,東京都,88937750528.0,1.4144171,5.2739167,15.870281,8.868882459427418,0.3692,0.022255193,203.21,611.5,271.04502355004945,97678000000.0,9397000000.0,0.022820001,6746000000.0,0.05864,0.0949,0.7007434944237918,26022000000.0,22333000000.0,56967000000.0,4026000000.0,15523000000.0,5029000000.0,34465300000.0,0.3875216069148207
スペース,9622,サービス業,プライム（内国株式）,JP,2024-12-31,東京都,39620919296.0,1.1868848,,15.503355,12.150785477358514,0.47959998,0.03448276,104.3,,68.76151926831606,64182558000.0,3477316000.0,0.04874,2554600000.0,0.046550002,0.09979,0.7964870877001065,8273743000.0,7614720000.0,27664372000.0,60124000.0,13852361000.0,927262000.0,20039712400.0,0.5057861542860048
セレスポ,9625,サービス業,スタンダード（内国株式）,JP,2025-03-31,東京都,6139584512.0,0.67738634,,,-18.365320270542718,3.6566,0.0,-111.0,,-48.27065188006738,13667390000.0,799561000.0,0.05049,-764989000.0,-0.04177,-0.064229995,0.7021089853331393,3884136000.0,2433326000.0,8907328000.0,564622000.0,6794358000.0,104333000.0,5096225100.0,0.830060257341401
アインホールディングス,9627,小売業,プライム（内国株式）,JP,2025-04-30,北海道,224608927744.0,1.5521036,20.994656,24.20623,18.1166572579164,0.3027,0.01242815,264.56,305.03,324.6399994122823,456804000000.0,16879000000.0,0.038510002,9261000000.0,0.01946,0.07515,0.45690735795281495,169289000000.0,132045000000.0,112808000000.0,38725000000.0,26881000000.0,3233000000.0,-54217900000.0,-0.24138800066663124
燦ホールディングス,9628,サービス業,プライム（内国株式）,JP,2025-03-31,東京都,30904770560.0,0.8183878,,6.574622,8.758749885446337,0.1096,0.016436554,228.15,,114.37303081029395,31984000000.0,4525000000.0,0.07071,4721000000.0,0.1196,0.1304,0.5895199276798884,25882000000.0,9664000000.0,15267000000.0,17793000000.0,12663000000.0,162000000.0,-10501600000.0,-0.33980514366258413
ピー・シー・エー,9629,情報・通信業,プライム（内国株式）,JP,2025-03-31,東京都,38620020736.0,2.06845,,24.432322,19.843659221009172,1.1037999,0.04447853,78.83,,80.07999847693907,16237000000.0,2642000000.0,0.15334,1741000000.0,0.08992,0.08145001,0.548035683650712,15693000000.0,14008000000.0,26426000000.0,,21838000000.0,3115000000.0,12913500000.0,0.33437320213457483
スバル興業,9632,サービス業,スタンダード（内国株式）,JP,2025-01-31,,44070682624.0,1.2231843,,12.881446,11.654542142637943,0.3018,0.023054754,265.11,,254.9488619539055,30274035000.0,4808768000.0,0.12371001,3238536000.0,0.07949,0.06662,0.8700371846764132,5199138000.0,3833249000.0,20525360000.0,6549000.0,12147551000.0,1063723000.0,16070828100.0,0.36466029439825726
東京テアトル,9633,不動産業,スタンダード（内国株式）,JP,2025-03-31,東京都,10218149888.0,0.6230917,,7.67973,33.98640666121767,0.0511,0.0066577895,195.71,,32.45729095308844,18387146000.0,267541000.0,0.01661,3039717000.0,0.06959,0.083450004,0.5371434396838477,13352410000.0,4096031000.0,8879876000.0,6181440000.0,3623702000.0,3378265000.0,-2107748500.0,-0.20627496397124684
武蔵野興業,9635,サービス業,スタンダード（内国株式）,JP,2025-03-31,東京都,2604856320.0,0.66079557,,7.001856,460.2712977491961,0.0,0.0,355.62,,4.458240194499688,1364313000.0,69300000.0,0.012159999,64961000.0,0.27707002,0.09837,0.5954456979717628,2456283000.0,380318000.0,950481000.0,317694000.0,861276000.0,447628000.0,-1192462400.0,-0.4577843280047016
きんえい,9636,サービス業,スタンダード（内国株式）,JP,2025-01-31,大阪府,11430784000.0,6.0222206,,68.57334,72.79814751137654,0.1676,0.004884005,59.79,,55.57109677493398,3571955000.0,282629000.0,0.04693,154558000.0,0.02078,0.03912,0.43569546361314493,3342448000.0,1284567000.0,908084000.0,493750000.0,87080000.0,23831000.0,-2417682300.0,-0.21150625363929543
三協フロンテア,9639,サービス業,スタンダード（内国株式）,JP,2025-03-31,千葉県,47939436544.0,0.9496012,,8.714447,8.376521885703953,0.3433,0.020670647,247.52,,237.88526434195725,56092000000.0,8021000000.0,0.15507,5502000000.0,0.09894,0.10864,0.7468736128331114,16537000000.0,14278000000.0,18646000000.0,2430000000.0,4685000000.0,87000000.0,2169900000.0,0.04526336053216671
セゾンテクノロジー,9640,情報・通信業,スタンダード（内国株式）,JP,2025-03-31,東京都,36999376896.0,2.7584708,,23.986557,48.89643207684025,0.9462,0.019329896,95.22,,37.230000375273804,24383235000.0,2141835000.0,-0.00352,1506019000.0,0.048699997,0.07961,0.6721212973093742,6944306000.0,6524795000.0,16701799000.0,6664000.0,12326345000.0,747525000.0,10280760500.0,0.2778630712862479
タナベコンサルティンググループ,9644,サービス業,プライム（内国株式）,JP,2025-03-31,,23582083072.0,2.25153,12.3938875,22.358345,25.551118782876515,0.7956,0.019125683,32.65,58.9,19.049999882613967,14543581000.0,1500309000.0,0.14054,1016728000.0,0.06673,0.11128,0.7439063957850662,3187669000.0,2536979000.0,9091754000.0,256965000.0,7665407000.0,17746000.0,5916507200.0,0.2508899312217638
協和コンサルタンツ,9647,サービス業,スタンダード（内国株式）,JP,2024-11-30,東京都,5256965632.0,1.1901665,,9.278947,5.456312904665545,0.031,0.0033936652,968.86,,689.861301369863,8061713000.0,762681000.0,0.07154,512790000.0,0.072270006,0.1402,0.513820560896259,3423859000.0,2959291000.0,5896451000.0,1045780000.0,3537871000.0,443065000.0,2782737500.0,0.5293429127748195
日本プロセス,9651,情報・通信業,スタンダード（内国株式）,JP,2025-05-31,東京都,17750509568.0,1.5658525,,11.274631,13.282771920784128,0.3511,0.03106267,162.4,,75.55999954075295,10473149000.0,1144609000.0,0.1291,1478151000.0,0.13855,0.14124,0.7661328355534036,3384962000.0,3351895000.0,11909262000.0,,5664337000.0,1587423000.0,9635496100.0,0.5428292671310426
グリーンランドリゾート,9656,サービス業,スタンダード（内国株式）,JP,2024-12-31,,6264478208.0,0.6027596,,11.540659,14.9982286688124,0.3045,0.026446281,52.51,,44.855182960008506,6412347000.0,774686000.0,0.13311,534234000.0,0.066300005,0.041139998,0.5353816692580964,8832440000.0,4429108000.0,848491000.0,5544240000.0,400869000.0,341241000.0,-7745080300.0,-1.2363488295177099
ビジネスブレイン太田昭和,9658,情報・通信業,プライム（内国株式）,JP,2025-03-31,東京都,33778999296.0,1.1426494,,12.880224,1.6602087306518496,0.4432,0.03354134,242.62,,1224.0848337950138,38803632000.0,2872430000.0,0.08054,2469336000.0,0.06576,0.091309994,0.6429056847582563,15710759000.0,7940323000.0,18250960000.0,2691333000.0,9907750000.0,2908888000.0,4576422600.0,0.1354812959347178
歌舞伎座,9661,サービス業,スタンダード（内国株式）,JP,2025-02-28,,56901963776.0,4.7509375,,164.62132,226.33438368454048,0.17459999,0.0010695187,28.52,,21.118817534340614,3106550000.0,218324000.0,0.09834,274570000.0,0.108830005,0.03342,0.4638102033846125,13055443000.0,745073000.0,2188298000.0,,2034520000.0,5843345000.0,-6776803500.0,-0.11909612692239467
ナガワ,9663,サービス業,プライム（内国株式）,JP,2025-03-31,東京都,92038922240.0,1.53708,,23.255814,37.83760419264654,0.2367,0.010186757,253.27,,199.04613073787527,35294000000.0,4300000000.0,0.11878,4213000000.0,0.095,0.05587,0.8840563089538117,8088000000.0,6512000000.0,23974000000.0,,11433000000.0,17199000000.0,27925300000.0,0.30340750761055413
東京都競馬,9672,サービス業,プライム（内国株式）,JP,2024-12-31,東京都,144246325248.0,1.5419818,14.458334,14.730516,13.399649346841938,0.3006,0.020250896,376.09,383.17,308.36999519404225,40443953000.0,13926220000.0,0.398,9706456000.0,0.24065,0.10864,0.7436584387680332,31263753000.0,9696501000.0,23889771000.0,19166600000.0,16040220000.0,2258269000.0,-5793193700.0,-0.04016181133238487
カナモト,9678,サービス業,プライム（内国株式）,JP,2025-10-31,北海道,140073320448.0,0.95680064,15.620173,12.878474,10.384240420978156,0.3024,0.023199024,314.09,258.96,253.70276411596353,213266000000.0,17369000000.0,0.10499,10977000000.0,0.051469997,0.07643,0.45428402162375653,166627000000.0,84965000000.0,130835000000.0,60105000000.0,61110000000.0,13719000000.0,-26188700000.0,-0.18696422642256233
ホウライ,9679,サービス業,スタンダード（内国株式）,JP,2025-09-30,東京都,8711195648.0,1.2478298,,17.489279,21.065258471142293,0.2019,0.008170098,118.93,,73.55328430624667,6111745000.0,616770000.0,0.055069998,497924000.0,0.080369994,0.06545,0.500589592841463,9841791000.0,1507408000.0,2753072000.0,3043009000.0,1940471000.0,863773000.0,-6484077900.0,-0.7443384538709881
ＤＴＳ,9682,情報・通信業,プライム（内国株式）,JP,2025-03-31,東京都,177673977856.0,2.97102,4.5898,15.616246,22.447623434777245,0.4795,0.06826012,71.4,242.93,42.12803181965538,125908000000.0,14493000000.0,0.13506,10635000000.0,0.089820005,0.19943,0.7222560861830893,21044000000.0,20445000000.0,57798000000.0,,29922000000.0,7447000000.0,41966900000.0,0.23620172467806766
スクウェア・エニックス・ホールディングス,9684,情報・通信業,プライム（内国株式）,JP,2025-03-31,東京都,927906660352.0,2.714087,9.139174,40.745724,45.67869223104545,0.8198,0.018897953,63.16,281.59,41.4333333762152,324506000000.0,40586000000.0,0.23429,24414000000.0,0.08682,0.07472,0.8075307574009997,79794000000.0,67357000000.0,344515000000.0,,247760000000.0,5553000000.0,268608100000.0,0.2894774997068174
ＫＹＣＯＭホールディングス,9685,情報・通信業,スタンダード（内国株式）,JP,2025-03-31,福井県,3316875520.0,0.69000936,,6.829115,7.693308124778384,0.1046,0.015174507,95.62,,82.56241532042299,6770632000.0,590548000.0,0.09285,468768000.0,0.06898,0.10722999,0.5637126839431956,3474299000.0,1670138000.0,3356294000.0,2143466000.0,2159633000.0,1373206000.0,843239200.0,0.25422696598514494
東洋テック,9686,サービス業,スタンダード（内国株式）,JP,2025-03-31,大阪府,18270459904.0,0.7815844,,8.64532,19.951273383184585,0.25620002,0.011261261,203.0,,60.9861679310095,34925058000.0,1049132000.0,0.072129995,692703000.0,0.05422,0.107480004,0.5602845267906086,17060343000.0,8060678000.0,15719840000.0,9459254000.0,10621866000.0,4166451000.0,1576012700.0,0.08626015482264676
ＫＳＫ,9687,情報・通信業,スタンダード（内国株式）,JP,2025-03-31,東京都,25981755392.0,1.4468125,,10.074767,14.122588685410317,0.2916,0.028571429,425.32,,277.2299870327384,23608000000.0,2420000000.0,0.04958,1860000000.0,0.092159994,0.13758999,0.7285564853556485,6228000000.0,4180000000.0,14520000000.0,,5323000000.0,6002000000.0,12493400000.0,0.4808528065754488
両毛システムズ,9691,情報・通信業,スタンダード（内国株式）,JP,2025-03-31,群馬県,16338153472.0,1.0977728,,8.338541,10.275428852910345,0.078600004,0.009482759,560.05,,270.1223556317896,22486427000.0,2179487000.0,0.111829996,1569534000.0,0.08035,0.15145001,0.5510261009618824,11105760000.0,5700785000.0,13783684000.0,6483804000.0,4294639000.0,415078000.0,2968478600.0,0.1816899691319046
シーイーシー,9692,情報・通信業,プライム（内国株式）,JP,2025-01-31,東京都,61640667136.0,1.5179814,12.933858,14.981415,11.63667804708293,0.45529997,0.029673591,131.83,152.7,135.00000014864568,56208000000.0,6697000000.0,0.10791001,4040000000.0,0.0,0.10754,0.7675165286115966,12237000000.0,10389000000.0,39114000000.0,350000000.0,25472000000.0,2231000000.0,28438700000.0,0.4613626250548957
カプコン,9697,情報・通信業,プライム（内国株式）,JP,2025-03-31,大阪府,1278700683264.0,5.1099467,22.501104,21.09003,26.818094512205974,0.2895,0.012836186,144.95,135.86,103.70624416123373,169604000000.0,65777000000.0,0.43813,48453000000.0,0.0,,0.723054360953665,86679000000.0,69478000000.0,262082000000.0,11916000000.0,166783000000.0,,175403000000.0,0.13717283668940244
クレオ,9698,情報・通信業,スタンダード（内国株式）,JP,2025-03-31,東京都,9398893568.0,1.2715638,,12.055611,11.489738841036873,0.5065,0.041632652,100.7,,90.21137393054856,14521000000.0,1136000000.0,0.06447,696000000.0,0.053340003,0.108430006,0.7337870296236989,2660000000.0,2389000000.0,8499000000.0,,5621000000.0,133000000.0,5932100000.0,0.631148757785359
ニシオホールディングス,9699,サービス業,プライム（内国株式）,JP,2025-09-30,大阪府,126180229120.0,0.9096432,9.486537,10.420249,9.575160561504157,0.30040002,0.028141784,436.17,479.1,417.6700013049712,214953000000.0,19610000000.0,0.09974,12109000000.0,0.0,0.08562,0.46602480648319156,156976000000.0,87655000000.0,122957000000.0,96263000000.0,62203000000.0,2292000000.0,-32414600000.0,-0.2568912754879613
東京會舘,9701,サービス業,スタンダード（内国株式）,JP,2025-03-31,東京都,14994841600.0,2.0253308,,16.835203,9.092598834622416,0.1112,0.00550055,269.97,,459.6708931476041,15273384000.0,1275489000.0,0.07293,889486000.0,-0.03728,-0.04704,0.398484111735364,16540446000.0,3022380000.0,7765141000.0,12397482000.0,3410697000.0,4934192000.0,-5321370600.0,-0.35488008089395223
アイ・エス・ビー,9702,情報・通信業,プライム（内国株式）,JP,2024-12-31,東京都,20805330944.0,1.4935629,,12.257715,10.47833253076589,0.36470002,0.029284164,148.07,,129.07475070184955,33954594000.0,2800404000.0,0.03427,2032475000.0,0.03899,0.10627,0.6820143360240735,6296354000.0,5785968000.0,16257509000.0,120000000.0,8975183000.0,545593000.0,10343070100.0,0.4971355720242851
アゴーラ　ホスピタリティー　グループ,9704,サービス業,スタンダード（内国株式）,JP,2024-12-31,東京都,14402014208.0,2.5399811,,,-39.06627334323247,0.0,0.0,-0.07,,-0.5887431288345383,8377563000.0,501928000.0,0.11597,108066000.0,0.15722,0.22184,0.1842221085142262,14006263000.0,5746275000.0,5382835000.0,8938938000.0,2869712000.0,119750000.0,-8539603000.0,-0.5929450475931651
日本空港ビルデング,9706,不動産業,プライム（内国株式）,JP,2025-03-31,東京都,517394595840.0,2.567587,25.825882,17.902107,28.04162503579615,0.3214,0.017889088,311.36,215.83,206.7499993181706,269921000000.0,38783000000.0,0.187,27470000000.0,0.10840999,0.21711001,0.39872328201636326,271610000000.0,69053000000.0,130933000000.0,206395000000.0,85908000000.0,22766000000.0,-124740800000.0,-0.2410941300951954
帝国ホテル,9708,サービス業,スタンダード（内国株式）,JP,2025-03-31,東京都,164239294464.0,3.476153,86.75,57.641197,33.93715738398359,0.2493,0.004285714,24.08,16.0,28.460000068263547,52610000000.0,1591000000.0,0.13567,2585000000.0,0.055219997,0.06631,0.656879218935597,23687000000.0,7545000000.0,27785000000.0,,11444000000.0,5822000000.0,8173400000.0,0.04976519186029228
ＮＣＳ＆Ａ,9709,情報・通信業,スタンダード（内国株式）,JP,2025-03-31,大阪府,23964272640.0,1.774722,,10.000636,7.896821879585721,0.413,0.024922118,157.29,,95.57513372309988,20493251000.0,1993829000.0,0.11338,2109184000.0,0.12043,0.20321,0.6672683836401837,7094056000.0,4846060000.0,17250339000.0,29966000.0,11153862000.0,1100280000.0,10926479000.0,0.455948701808794
ロイヤルホテル,9713,サービス業,スタンダード（内国株式）,JP,2025-03-31,大阪府,14662196224.0,0.67474437,,6.6657405,23.92455301022952,0.0347,0.005263158,144.02,,47.699999719411764,25164000000.0,914000000.0,-0.027090002,1737000000.0,0.09052,0.12779,0.5598133521023957,15326000000.0,4428000000.0,15339000000.0,633000000.0,11359000000.0,197000000.0,150900000.0,0.010291773326085859
トランス・コスモス,9715,サービス業,プライム（内国株式）,JP,2025-03-31,東京都,146331189248.0,1.1924669,12.1397705,11.398465,11.813123774904568,0.3093,0.026237624,342.59,321.67,252.4400012470741,375849000000.0,14475000000.0,0.05256,11332000000.0,0.03644,0.11767,0.5704477267482114,78918000000.0,62014000000.0,154658000000.0,16533000000.0,73502000000.0,3363000000.0,78094100000.0,0.533680484668564
乃村工藝社,9716,サービス業,プライム（内国株式）,JP,2025-02-28,東京都,156899459072.0,2.7122228,36.443752,15.155762,23.957856776187214,0.3449,0.022284122,92.77,38.58,34.67000008573239,150256000000.0,8898000000.0,0.07517,6757000000.0,0.0623,0.20549,0.5295609756097561,48220000000.0,43228000000.0,88356000000.0,,31322000000.0,2502000000.0,41887400000.0,0.26696969032110035
ＳＣＳＫ,9719,情報・通信業,プライム（内国株式）,JP,2025-03-31,東京都,1771864195072.0,5.589707,36.54367,28.82805,21.001192996666482,0.4276,0.014833127,196.51,155.02,129.50999985500104,596065000000.0,66122000000.0,0.11108,45035000000.0,0.08462,0.20597,0.3292773457140952,592464000000.0,357030000000.0,348605000000.0,315408000000.0,105623000000.0,9496000000.0,-237211800000.0,-0.13387696453246567
ホテル、ニューグランド,9720,サービス業,スタンダード（内国株式）,JP,2024-11-30,神奈川県,6965829120.0,1.8715299,,24.299835,14.970940455410883,0.103,0.0,242.8,,333.06774662520013,5856242000.0,254902000.0,0.069860004,303415000.0,0.03079,0.05539,0.41725296942098045,4937291000.0,2239336000.0,3110796000.0,2692480000.0,2475492000.0,79675000.0,-1770722500.0,-0.2542012543655392
藤田観光,9722,サービス業,プライム（内国株式）,JP,2024-12-31,東京都,141171146752.0,4.6512823,3.1906824,14.926508,8.244567337735202,0.0507,0.0033755274,157.84,738.4,135.40600080879804,76211000000.0,12309000000.0,0.10272,9134000000.0,0.11722,0.32966998,0.27276400718835403,68390000000.0,31217000000.0,23703000000.0,37428000000.0,14456000000.0,10472000000.0,-37356600000.0,-0.2646192289251965
京都ホテル,9723,サービス業,スタンダード（内国株式）,JP,2025-03-31,京都府,7733766144.0,3.4555817,,10.65315,9.847818075400145,0.0498,0.0047318614,60.17,,77.46537591965227,9358753000.0,916468000.0,0.15377,771543000.0,-0.0043099998,-0.021710001,0.15999254496162152,13967376000.0,1745847000.0,4122135000.0,12249881000.0,3477930000.0,5314000.0,-9841521200.0,-1.2725392799257624
ＫＮＴ－ＣＴホールディングス,9726,サービス業,スタンダード（内国株式）,JP,2025-03-31,東京都,45651079168.0,0.77869606,6.522248,5.8420444,4.909843398541114,0.0,0.0,286.03,256.2,275.9762155352282,274516000000.0,6041000000.0,0.039130002,7680000000.0,0.02831,0.1532,0.3748738426433806,85414000000.0,83214000000.0,123774000000.0,,12183000000.0,4481000000.0,41496700000.0,0.9089971312022763
トーカイ,9729,サービス業,プライム（内国株式）,JP,2025-03-31,岐阜県,79929958400.0,0.9928844,14.251101,18.43305,12.517617138393696,0.4131,0.021895055,140.4,181.6,165.05000049145698,149542000000.0,8205000000.0,0.0644,4733000000.0,0.03042,0.05509,0.7475932637712701,28106000000.0,23153000000.0,56311000000.0,2116000000.0,25455000000.0,8257000000.0,33984900000.0,0.42518350666375426
白洋舎,9731,サービス業,スタンダード（内国株式）,JP,2024-12-31,東京都,12287580160.0,1.0589464,,6.0372295,4.381446598624025,0.12109999,0.020408163,536.67,,514.7531699003047,43580000000.0,2301000000.0,0.06856,2215000000.0,0.04388,0.18355,0.31905474307697007,22211000000.0,10190000000.0,11818000000.0,11647000000.0,1315000000.0,2544000000.0,-8612200000.0,-0.7008865771663865
ナガセ,9733,サービス業,スタンダード（内国株式）,JP,2025-03-31,,72633671680.0,2.0142024,19.63701,21.465805,18.58119704510409,0.77739996,0.035868004,128.53,140.5,98.83732811630259,55255000000.0,4871000000.0,0.15182,1956000000.0,0.056479998,0.108789995,0.34594426626122277,58935000000.0,20750000000.0,25396000000.0,29978000000.0,18570000000.0,19360000000.0,-19987000000.0,-0.27517540470838553
セコム,9735,サービス業,プライム（内国株式）,JP,2025-03-31,東京都,2457154879488.0,1.9698431,25.585411,23.535564,22.126707320138355,0.387,0.016155088,258.12,237.44,241.02000025338177,1199942000000.0,144306000000.0,0.11533,108109000000.0,0.08659001,0.08439,0.5920773722301145,697841000000.0,379324000000.0,968815000000.0,72344000000.0,549773000000.0,435635000000.0,575918500000.0,0.23438428924757268
ＮＳＷ,9739,情報・通信業,プライム（内国株式）,JP,2025-03-31,東京都,35594612736.0,0.97362095,15.3091955,10.400069,10.368820962130982,0.37,0.034301855,229.71,156.05,287.728567862766,50028000000.0,6121000000.0,0.09316,3662000000.0,0.059180003,0.08547,0.7511081889329572,11735000000.0,8826000000.0,36858000000.0,,19666000000.0,1001000000.0,25823700000.0,0.7254946188495034
セントラル警備保障,9740,サービス業,プライム（内国株式）,JP,2025-02-28,東京都,40736702464.0,1.0191984,12.324598,13.569734,6.6978242030103985,0.2793,0.020242915,214.89,236.6,368.78296326754383,71417635000.0,4331430000.0,0.04971,3230394000.0,0.04068,0.0836,0.6203754792424145,21490822000.0,17999939000.0,38078844000.0,3449507000.0,21427465000.0,3743492000.0,19208466400.0,0.47152727732380845
アイネス,9742,情報・通信業,プライム（内国株式）,JP,2025-03-31,東京都,41001791488.0,1.0856382,,31.570513,17.19312946435309,0.8817,0.0275,62.4,,86.3299982700334,40563000000.0,3536000000.0,0.0212,2436000000.0,0.02586,0.02572,0.6908879369612354,17535000000.0,9965000000.0,24764000000.0,7582000000.0,8205000000.0,11836000000.0,15514200000.0,0.3783785887633847
丹青社,9743,サービス業,プライム（内国株式）,JP,2025-01-31,東京都,72270495744.0,2.013998,20.564516,11.58652,13.251662820338646,0.4925,0.0413486,132.05,74.4,57.9164861420868,91858442000.0,5147020000.0,0.08686,3875520000.0,0.0,0.19504999,0.615745441466932,20824954000.0,19343704000.0,45251816000.0,668080000.0,17207221000.0,2457047000.0,26146794900.0,0.36179072290604486
メイテックグループホールディングス,9744,サービス業,プライム（内国株式）,JP,2025-03-31,東京都,264201568256.0,5.9519563,19.714252,18.682098,16.86670867160016,1.0105001,0.05302379,183.17,173.58,158.01000031888756,133068000000.0,18831000000.0,0.17358999,12740000000.0,0.10326,0.31326,0.5210725922760536,44830000000.0,28005000000.0,77050000000.0,,53005000000.0,27000000.0,32238900000.0,0.12202387825632392
ＴＫＣ,9746,情報・通信業,プライム（内国株式）,JP,2025-09-30,,206950793216.0,1.9074507,17.39224,17.207556,17.295358855081165,0.4268,0.024009604,234.49,232.0,216.19082504854322,83476000000.0,16142000000.0,0.13073,12094000000.0,0.14488,0.11481,0.835768813021407,21320000000.0,18349000000.0,52513000000.0,244000000.0,36880000000.0,21195000000.0,46029500000.0,0.2224176060632819
アイエックス・ナレッジ,9753,情報・通信業,スタンダード（内国株式）,JP,2025-03-31,東京都,13456637952.0,1.1967471,,9.076834,8.1632205917403,0.2258,0.02454418,155.01,,132.22304023226877,22828117000.0,1867757000.0,0.11066,1326531000.0,0.06305,0.145,0.6675113886506127,5010619000.0,3664246000.0,10819581000.0,340000000.0,6460423000.0,2905513000.0,7842821100.0,0.5828217366013296
応用地質,9755,サービス業,プライム（内国株式）,JP,2024-12-31,,65946578944.0,0.8709383,20.955828,15.283865,11.301810400121376,0.5814,0.033377837,189.35,138.1,167.15846138105437,74085000000.0,4385000000.0,0.025090002,4010000000.0,0.05764,0.05783,0.7282027761917688,28079000000.0,17428000000.0,76466000000.0,9931000000.0,18756000000.0,5451000000.0,52202700000.0,0.7915907213978314
船井総研ホールディングス,9757,サービス業,プライム（内国株式）,JP,2024-12-31,大阪府,99609722880.0,4.3697896,7.890569,15.702005,22.555648716488374,0.6091,0.0,69.8,138.9,52.51499979379558,30645058000.0,8324176000.0,0.2779,5993489000.0,0.1958,0.25729,0.7948583010747784,6449439000.0,6274962000.0,17756843000.0,300000000.0,10846416000.0,2264909000.0,12892840300.0,0.12943355254117136
ＮＳＤ,9759,情報・通信業,プライム（内国株式）,JP,2025-03-31,東京都,220942139392.0,3.228096,19.059017,18.140682,21.335831607472695,0.5432,0.028182702,160.22,152.5,133.28000055275743,107791000000.0,16856000000.0,0.18576,11795000000.0,0.110640004,0.19198999,0.7450295629109798,22235000000.0,14725000000.0,54432000000.0,1857000000.0,27358000000.0,1785000000.0,33446500000.0,0.1513812624972303
進学会ホールディングス,9760,サービス業,スタンダード（内国株式）,JP,2025-03-31,,2697052672.0,0.3284998,,,-2.685795828935554,7.6141996,0.015337423,-48.17,,-94.84186711773816,6245958000.0,-439032000.0,-0.19449,-566770000.0,-0.12255,-0.093739994,0.3942396382828598,14303282000.0,14028345000.0,15700104000.0,7035592000.0,5476347000.0,534862000.0,1771225400.0,0.6567262917733628
東海リース,9761,サービス業,スタンダード（内国株式）,JP,2025-03-31,大阪府,9158533120.0,0.5330928,,7.287561,6.613832621290704,0.3307,0.043923866,362.81,,195.62956611414634,18397791000.0,1511487000.0,0.11051,1069610000.0,0.06361,0.07437,0.461429023700293,19579480000.0,10150731000.0,15079983000.0,13955326000.0,2545273000.0,314427000.0,-4279398100.0,-0.467258025267697
丸建リース,9763,卸売業,スタンダード（内国株式）,JP,2025-03-31,東京都,14594088960.0,0.8238656,,9.9277,7.658019374274517,0.3194,0.016008537,463.35,,365.87325847795466,22807000000.0,1518000000.0,0.06479,1218000000.0,0.05294,0.07667,0.4429576166267155,20496000000.0,16156000000.0,22381000000.0,8396000000.0,2000000000.0,5179000000.0,5510300000.0,0.37757067365443825
オオバ,9765,サービス業,プライム（内国株式）,JP,2025-05-31,東京都,19065585664.0,1.4068853,,14.343772,12.488219451904296,0.5137,0.03536184,83.66,,80.0,18096690000.0,1936747000.0,0.14423999,1334261000.0,0.081,0.10524999,0.7355836448022802,4733369000.0,3235318000.0,9473920000.0,,1688902000.0,1626501000.0,5879101700.0,0.3083619776286774
コナミグループ,9766,情報・通信業,プライム（内国株式）,JP,2025-03-31,東京都,2477974618112.0,4.6162224,30.383617,28.851011,23.206807608860238,0.2879,0.009505209,633.6,601.64,436.4999984102728,421602000000.0,101944000000.0,0.29999,74692000000.0,0.18527001,0.16981001,0.7245458919764225,183172000000.0,116314000000.0,366836000000.0,59905000000.0,294216000000.0,17903000000.0,196196100000.0,0.07917599258925592
日建工学,9767,サービス業,スタンダード（内国株式）,JP,2025-03-31,東京都,2875049728.0,0.6164344,,10.4864435,9.96829082434094,0.19940001,0.018461538,150.48,,156.1439232198849,5515740000.0,343238000.0,0.031570002,283501000.0,0.04607,0.0616,0.7029697515021552,1934075000.0,1560729000.0,4731562000.0,323679000.0,2735505000.0,1475031000.0,3830008700.0,1.3321538972699118
いであ,9768,サービス業,スタンダード（内国株式）,JP,2024-12-31,東京都,30626416640.0,0.9972708,,14.731637,5.806365825844301,0.3434,0.0,291.21,,278.6789721971378,24310486000.0,3254356000.0,0.13859999,2376014000.0,0.09673,0.08012,0.7669753116498728,8726739000.0,5572079000.0,17261143000.0,518564000.0,3768137000.0,1802699000.0,9796293300.0,0.3198641687387428
学究社,9769,サービス業,プライム（内国株式）,JP,2025-03-31,東京都,26866182144.0,3.464815,,15.534469,11.755455534535601,0.59669995,0.038445972,159.13,,167.98432812775718,13289916000.0,2621207000.0,0.36009,1862845000.0,0.13126999,0.2344,0.6034166029288834,4818545000.0,2844772000.0,3517752000.0,1653498000.0,2642584000.0,493094000.0,-955627200.0,-0.03556989209996179
札幌臨床検査センター,9776,サービス業,スタンダード（内国株式）,JP,2025-03-31,北海道,6089728512.0,0.5314558,,12.355995,9.391392540162583,0.1457,0.011734694,157.98,,114.14114907382442,20131372000.0,706084000.0,0.03399,464176000.0,0.01893,0.0334,0.6780098908651829,5056823000.0,3121127000.0,6636148000.0,1933674000.0,2941239000.0,234985000.0,1743814500.0,0.28635340583143554
昴,9778,サービス業,スタンダード（内国株式）,JP,2025-02-28,鹿児島県,3720182784.0,1.0885366,,67.54,110.80476581692933,1.2924,0.0192,93.13,,61.05762711864407,3450884000.0,93950000.0,0.10094,57904000.0,0.03797,0.041989997,0.5155844377129328,3354726000.0,1099421000.0,916466000.0,1691727000.0,769790000.0,151040000.0,-2332532000.0,-0.6269939235329788
ハリマビステム,9780,サービス業,スタンダード（内国株式）,JP,2025-03-31,神奈川県,9268240384.0,0.95057756,,11.251679,8.307002506290317,0.32479998,0.0140280565,89.32,,83.73872492813375,28025552000.0,1136095000.0,0.05025,860267000.0,0.03217,0.10323,0.6216423299456705,5596297000.0,4600037000.0,9467116000.0,827423000.0,4766959000.0,1607920000.0,4996363000.0,0.5390843129862437
ディーエムエス,9782,サービス業,スタンダード（内国株式）,JP,2025-03-31,東京都,21163479040.0,1.5751625,,24.534473,5.926570898804203,1.9806,0.005859873,158.96,,260.5665879629415,27555696000.0,1190870000.0,0.06786,841330000.0,0.037249997,0.07442,0.8111462861554517,3894292000.0,3277221000.0,12083666000.0,293488000.0,7745050000.0,,8189374000.0,0.38695783356421154
ナック,9788,サービス業,プライム（内国株式）,JP,2025-03-31,東京都,22838403072.0,1.0231847,,15.149833,15.343915380838972,0.6103,0.030852994,36.04,,33.2043880847487,59791000000.0,3011000000.0,0.05806,1365000000.0,0.01935,0.049310002,0.5863947003220654,15796000000.0,11623000000.0,23736000000.0,7220000000.0,8589000000.0,1096000000.0,8707200000.0,0.3812525758718687
福井コンピュータホールディングス,9790,情報・通信業,プライム（内国株式）,JP,2025-03-31,福井県,64920088576.0,2.3387876,16.028587,15.500814,13.696790228206563,0.3454,0.021943573,202.57,195.9,184.62999993228138,14717000000.0,6086000000.0,0.48054,4189000000.0,0.24172,0.1432,0.8201791550659726,5942000000.0,5705000000.0,23077000000.0,,21172000000.0,4698000000.0,20423600000.0,0.3145959971402489
ビケンテクノ,9791,サービス業,スタンダード（内国株式）,JP,2025-03-31,東京都,10991252480.0,0.49550322,,8.829232,6.349610566608401,0.19389999,0.022456141,165.02,,173.70882621336108,34669302000.0,1424894000.0,0.05205,979058000.0,0.034930002,0.057389997,0.5365527122900848,18700644000.0,10587961000.0,20677154000.0,10805808000.0,9557205000.0,1791651000.0,3230665700.0,0.29393062400109654
ダイセキ,9793,サービス業,プライム（内国株式）,JP,2025-02-28,愛知県,171885953024.0,2.15552,24.977669,19.018469,19.666512266880087,0.3923,0.01965924,191.13,145.53,193.06000184513553,67304000000.0,14323000000.0,0.21011,9307000000.0,0.12656,,0.742068904826858,19785000000.0,13993000000.0,46650000000.0,6034000000.0,30416000000.0,7169000000.0,31883300000.0,0.18549101563609574
ステップ,9795,サービス業,プライム（内国株式）,JP,2025-09-30,神奈川県,39531216896.0,1.4326997,14.033334,14.824814,12.111076089407012,0.499,0.017800633,170.39,180.0,155.59079427222483,15846886000.0,3780128000.0,0.35549,2689679000.0,0.17033,0.09972,0.8970125350535654,3148437000.0,2369961000.0,8588647000.0,142247000.0,7844335000.0,4700119000.0,8730293300.0,0.2208455490497026
旭情報サービス,9799,情報・通信業,スタンダード（内国株式）,JP,2025-03-31,東京都,17387597824.0,1.467196,,13.926237,9.684007205711492,0.41919997,0.0,81.07,,68.91081455551249,15820459000.0,1585740000.0,0.09317,1189246000.0,0.07361,0.10358,0.7977738111080303,2961790000.0,2872820000.0,10435076000.0,210000000.0,6697860000.0,3022704000.0,9589178800.0,0.551495318505936
テーオーホールディングス,9812,卸売業,スタンダード（内国株式）,JP,2025-05-31,北海道,1820041600.0,4.4718776,,,20.949455539115952,0.0,0.001754386,-16.64,,17.403699193049444,24188270000.0,222187000.0,0.007900001,-7585000.0,-0.00451,-0.15257,0.027143606510866176,16403237000.0,10437912000.0,8034781000.0,11526111000.0,683490000.0,74442000.0,-8316346600.0,-4.5693167672651
ストライダーズ,9816,不動産業,スタンダード（内国株式）,JP,2025-03-31,東京都,2758562816.0,1.0167402,,17.06109,21.86036963170021,0.275,0.015576324,18.17,,9.906613851878525,7788787000.0,47621000.0,0.027579999,43501000.0,0.01726,0.053629998,0.44806435749443124,3034752000.0,1043975000.0,3497253000.0,1958864000.0,2142423000.0,10000000.0,469501000.0,0.17019768311123354
大丸エナウィン,9818,卸売業,スタンダード（内国株式）,JP,2025-03-31,大阪府,14090605568.0,0.9150225,,16.521193,14.317711897930872,0.2521,0.0074074073,111.13,,96.09319747491945,33418604000.0,1266188000.0,0.0364,888729000.0,0.029140001,0.06506,0.6737233837340012,7220695000.0,5397967000.0,9624002000.0,1559895000.0,3218536000.0,774200000.0,2945247000.0,0.20902203143693873
エムティジェネックス,9820,不動産業,スタンダード（内国株式）,JP,2025-03-31,,3686211072.0,0.8589357,,14.22224,10.648236107336468,0.16600001,0.011560693,240.82,,257.96840148698885,3950554000.0,410701000.0,0.13401,264994000.0,0.069120005,0.07402,0.8061583703692132,992694000.0,630985000.0,4563167000.0,102325000.0,2007270000.0,30000000.0,3591473000.0,0.9742993360527783
マミーマートホールディングス,9823,小売業,スタンダード（内国株式）,JP,2025-09-30,埼玉県,71769686016.0,1.6937989,,13.6783905,9.159384266016795,0.2002,0.014553014,104.91,,94.70276398010286,193689000000.0,6747000000.0,0.0127,5246000000.0,0.02708,0.13074,0.4881901557747258,44378000000.0,25636000000.0,13826000000.0,19909000000.0,2518000000.0,524000000.0,-30185200000.0,-0.4205842560502585
泉州電業,9824,卸売業,プライム（内国株式）,JP,2025-10-31,大阪府,108387573760.0,1.8565886,14.366773,16.346874,10.339890297011987,0.3872,0.022970904,387.23,440.6,431.8399996899961,135591000000.0,8906000000.0,0.06256,6717000000.0,0.04954,0.11785,0.5269724869822165,52080000000.0,49323000000.0,76294000000.0,686000000.0,32966000000.0,3523000000.0,26680100000.0,0.24615460125601762
リリカラ,9827,卸売業,スタンダード（内国株式）,JP,2024-12-31,,8240036864.0,1.0598104,,68.40491,6.296431689682117,3.6735,0.0,9.78,,75.62619017389827,33803195000.0,150627000.0,0.04911,61069000.0,0.01423,0.057239998,0.4112590908707647,12009747000.0,10627439000.0,16599199000.0,3249031000.0,3286264000.0,318303000.0,4812264100.0,0.5840100207590527
Ｇｅｎｋｉ　Ｇｌｏｂａｌ　Ｄｉｎｉｎｇ　Ｃｏｎｃｅｐｔｓ,9828,小売業,スタンダード（内国株式）,JP,2025-03-31,東京都,51636453376.0,2.6881077,12.560138,11.484681,16.68138693729403,0.29459998,0.013527224,254.6,232.8,184.75305845038514,67472000000.0,6793000000.0,0.053400002,4960000000.0,0.06762,0.26961002,0.49003274544723385,17754000000.0,10813000000.0,15834000000.0,8200000000.0,11952000000.0,37000000.0,-1894100000.0,-0.0366814503352462
トラスコ中山,9830,卸売業,プライム（内国株式）,JP,2024-12-31,東京都,159642140672.0,0.87908405,10.167996,9.207774,12.492280197894804,0.2225,0.021515263,262.93,238.1,186.04227957902398,295024000000.0,19984000000.0,0.06696,16095000000.0,0.050890002,0.09165,0.6437345073809612,96295000000.0,48436000000.0,137971000000.0,56500000000.0,41352000000.0,2616000000.0,43507200000.0,0.2725295452495196
ヤマダホールディングス,9831,小売業,プライム（内国株式）,JP,2025-03-31,群馬県,365683310592.0,0.57281554,12.033458,14.250066,12.320348410962243,0.3346,0.02341077,38.87,46.03,34.53000001857486,1629069000000.0,42821000000.0,0.03281,26912000000.0,0.0,0.03819,0.48251369831997465,679707000000.0,469402000000.0,655250000000.0,325551000000.0,58378000000.0,15423000000.0,-13660900000.0,-0.03735718750162414
オートバックスセブン,9832,卸売業,プライム（内国株式）,JP,2025-03-31,東京都,131459383296.0,0.95912874,15.912548,13.124265,18.262220450377217,0.4706,0.03560831,127.55,105.2,81.5199997229218,249525000000.0,12126000000.0,0.08862001,8132000000.0,0.0337,0.06841,0.5776657755182539,96209000000.0,58432000000.0,127028000000.0,37818000000.0,31292000000.0,9145000000.0,37220500000.0,0.2831330793344178
ジュンテンドー,9835,小売業,スタンダード（内国株式）,JP,2025-02-28,島根県,4273888768.0,0.38491625,,25.657253,24.76321027223337,0.4866,0.01908397,20.54,,23.29281725994097,44376054000.0,472681000.0,0.0345,152602000.0,0.0020299999,0.00885,0.33253348957677553,25943928000.0,13269275000.0,15940381000.0,13937287000.0,1279115000.0,396884000.0,-9725728200.0,-2.2756156577634172
モリト,9837,卸売業,プライム（内国株式）,JP,2024-11-30,大阪府,47983259648.0,1.2633183,19.95939,14.600818,14.550035393333188,0.49740002,0.035246726,134.65,98.5,82.79999926831017,48537182000.0,2868989000.0,0.058390003,2572058000.0,0.05129,0.07374,0.7484511375602055,13200464000.0,8886731000.0,32049501000.0,1193286000.0,15461604000.0,6386750000.0,23319762000.0,0.4859978703212589
アークランズ,9842,小売業,プライム（内国株式）,JP,2025-02-28,新潟県,125960953856.0,0.9951805,10.1554985,13.099439,9.014660650176584,0.2615,0.019704433,153.06,197.43,177.1741451954255,330963000000.0,16232000000.0,0.03184,10126000000.0,0.02128,0.060489997,0.36114987524092695,213181000000.0,120491000000.0,87237000000.0,121606000000.0,18053000000.0,2785000000.0,-123994500000.0,-0.9843883854813605
ニトリホールディングス,9843,小売業,プライム（内国株式）,JP,2025-03-31,東京都,1727947735040.0,1.8373903,3.423147,21.900738,28.19842902546476,0.2192,0.010059171,139.63,893.33,159.55703803346344,928828000000.0,114400000000.0,0.10533,82548000000.0,0.090909995,0.089209996,0.5922031932345639,623687000000.0,353664000000.0,364690000000.0,193138000000.0,136001000000.0,79151000000.0,-203591300000.0,-0.11782260300557476
パーカーコーポレーション,9845,化学,スタンダード（内国株式）,JP,2025-03-31,,39394791424.0,0.81438535,,9.995555,6.492196580324926,0.1841,0.007961784,157.47,,143.96304887111742,70014000000.0,4910000000.0,0.08442,2812000000.0,0.05566,0.08737001,0.6422310981892086,22377000000.0,17740000000.0,47896000000.0,5306000000.0,21904000000.0,5400000000.0,29299000000.0,0.7437277604711605
天満屋ストア,9846,小売業,スタンダード（内国株式）,JP,2025-02-28,岡山県,11282065408.0,0.41534683,,8.382416,10.765598458637497,0.1195,0.014256619,117.15,,103.7686475200618,58680046000.0,2283848000.0,0.03508,1578968000.0,0.02289,0.05105,0.6254496339040605,15711151000.0,11748686000.0,5620630000.0,4531807000.0,571768000.0,1263736000.0,-9205905800.0,-0.8159769924283707
共同紙販ホールディングス,9849,卸売業,スタンダード（内国株式）,JP,2025-03-31,,3122930688.0,0.7999321,,239.62654,55.21482299049117,2.5947,0.010893246,19.28,,87.28978343797776,16888324000.0,-10196000.0,-0.013309999,28016000.0,0.00042,0.0018000001,0.4094212484050531,5622404000.0,5306313000.0,6785005000.0,,807832000.0,582456000.0,1570320200.0,0.5028354314855674
グルメ杵屋,9850,小売業,プライム（内国株式）,JP,2025-03-31,,23102765056.0,2.5312521,,67.55853,22.820421112175925,0.467,0.0068829893,14.95,,47.92974556264755,42072804000.0,947369000.0,0.03068,649189000.0,0.007900001,0.037920002,0.2939326455321533,22045383000.0,7990760000.0,9436877000.0,13945227000.0,5070733000.0,914834000.0,-11968122200.0,-0.5180385192417376
銀座ルノアール,9853,小売業,スタンダード（内国株式）,JP,2025-03-31,東京都,5809162752.0,1.789087,,244.473,-93.28381969519634,0.7653,0.0031612224,3.89,,-9.681298680293192,7799973000.0,82210000.0,0.03442,-76449000.0,0.00644,0.0171,0.5193561770402844,2786186000.0,2075960000.0,2428008000.0,1943032000.0,1962116000.0,89630000.0,-295437000.0,-0.050857070564649935
愛眼,9854,小売業,スタンダード（内国株式）,JP,2025-03-31,,4133688832.0,0.3343841,,18.330465,-20.372472872928178,0.0,0.0,11.62,,-9.326310123719944,14863000000.0,-129000000.0,-0.00548,3000000.0,0.01506,0.018760001,0.8670420095279342,1842000000.0,1336000000.0,7393000000.0,0.0,4299000000.0,604000000.0,5973800000.0,1.4451498994687755
ケーユーホールディングス,9856,小売業,スタンダード（内国株式）,JP,2025-03-31,東京都,39696629760.0,0.6009581,,7.2989335,5.915999006262214,0.3689,0.048743337,173.45,,181.26000076063417,159964000000.0,9188000000.0,0.05745,6529000000.0,0.03677,0.088520005,0.7328855007925127,24773000000.0,19174000000.0,43695000000.0,9178000000.0,13258000000.0,1100000000.0,19692000000.0,0.496062263196018
英和,9857,卸売業,スタンダード（内国株式）,JP,2025-03-31,大阪府,17144258560.0,0.9528798,,8.775794,7.87418889996451,0.2591,0.016429354,308.69,,263.55737250838985,47136291000.0,2786231000.0,0.07507,1954217000.0,0.04157,0.11726,0.5119233639364681,16166866000.0,15942786000.0,28615569000.0,169872000.0,6108352000.0,2086420000.0,13909197000.0,0.811303501479623
吉野家ホールディングス,9861,小売業,プライム（内国株式）,JP,2025-02-28,東京都,202596679680.0,3.0688922,45.52727,47.81546,36.53387012766437,0.32099998,0.0067372476,65.46,68.75,86.62059174569752,204983000000.0,7306000000.0,0.01889,3803000000.0,0.0,0.05982,0.5387992914291471,54301000000.0,34843000000.0,38301000000.0,28279000000.0,20571000000.0,2878000000.0,-13985400000.0,-0.06903074631869505
ソレキア,9867,卸売業,スタンダード（内国株式）,JP,2025-03-31,東京都,9736828928.0,0.80170107,,7.400986,5.106949354473879,0.0328,0.0043440484,1522.77,,1210.0836543613327,28025172000.0,1727085000.0,0.06959,1080771000.0,0.0514,0.14054,0.4987915729151979,11164744000.0,9173792000.0,19974578000.0,2980000000.0,10447493000.0,596453000.0,9227351100.0,0.9476751792839961
加藤産業,9869,卸売業,プライム（内国株式）,JP,2025-09-30,兵庫県,210198036480.0,1.1944699,34.756252,16.166553,9.227453742114015,0.32889998,0.02052786,425.57,197.95,453.0471565094783,1214264000000.0,18187000000.0,0.01715,13228000000.0,0.01118,0.083809994,0.36244893582801696,289313000000.0,261133000000.0,297841000000.0,13406000000.0,71258000000.0,66804000000.0,55290800000.0,0.26304146758887936
北恵,9872,卸売業,スタンダード（内国株式）,JP,2024-11-30,大阪府,8252150272.0,0.6787026,,12.340366,9.236244938902752,0.3886,0.027901785,72.04,,87.58654957145568,61286027000.0,920395000.0,0.012159999,718919000.0,0.01298,0.06053,0.4798382133182774,15127730000.0,14284358000.0,25565683000.0,0.0,11848948000.0,778091000.0,10982616700.0,1.3308793875536444
コックス,9876,小売業,スタンダード（内国株式）,JP,2025-02-28,東京都,6712636928.0,0.6469356,,6.0583396,5.663117132576321,0.0,0.0,40.11,,41.320000014470196,15302247000.0,1263448000.0,0.08509,1196567000.0,0.07343,0.11418,0.67276006226306,4334954000.0,3390639000.0,8073374000.0,,3889391000.0,2890321000.0,5761644700.0,0.858328070145849
セキド,9878,小売業,スタンダード（内国株式）,JP,2025-03-31,東京都,1752641024.0,1.6032505,,,51.38221961469192,0.0,0.017761989,-339.38,,16.639997384533512,7494389000.0,-276784000.0,-0.047670003,-545377000.0,-0.028399998,-0.2789,0.04893601631172589,4536171000.0,3584519000.0,3551968000.0,3106657000.0,504166000.0,124088000.0,-897341400.0,-0.5119938354244525
イノテック,9880,電気機器,プライム（内国株式）,JP,2025-03-31,神奈川県,33723879424.0,1.4416721,66.74699,28.010921,16.97090942221343,0.7087,0.025906736,98.89,41.5,109.45999981332866,41977111000.0,1887432000.0,0.076859996,1200300000.0,0.03672,0.06813,0.5412840353964996,20875795000.0,19167026000.0,29711605000.0,9616272000.0,6532327000.0,2648107000.0,10689484900.0,0.31697079584481913
イエローハット,9882,卸売業,プライム（内国株式）,JP,2025-03-31,東京都,143698788352.0,1.1672407,,12.980286,8.470174101887649,0.47529998,0.036326047,129.35,,110.58999985910798,154066000000.0,15451000000.0,0.13582,11260000000.0,0.07175,0.09849,0.6499690085428625,64941000000.0,58827000000.0,76789000000.0,35062000000.0,31251000000.0,11341000000.0,19786700000.0,0.13769566345633427
シャルレ,9885,卸売業,スタンダード（内国株式）,JP,2025-03-31,,5380829184.0,0.39821082,,,12.856778958573301,0.7025,0.022099448,-69.4,,36.94347963372277,11548000000.0,-961000000.0,0.0069199996,-1012000000.0,-0.28403,-0.23035999,0.8750778816199377,2406000000.0,1587000000.0,12234000000.0,13000000.0,8311000000.0,2325000000.0,11455500000.0,2.1289469723482677
松屋フーズホールディングス,9887,小売業,プライム（内国株式）,JP,2025-03-31,東京都,130011791360.0,2.682181,,48.218327,36.59368235009448,0.1697,0.0017647059,141.44,,152.93999772335155,154223084000.0,4406725000.0,0.07324,2185996000.0,0.01872,0.07067,0.4379566329938503,58539646000.0,25999001000.0,33968372000.0,35370848000.0,16867291000.0,102940000.0,-24499216000.0,-0.1884384158061646
ＵＥＸ,9888,卸売業,スタンダード（内国株式）,JP,2025-03-31,東京都,9190184960.0,0.49617663,,12.503749,9.317565397648421,0.4946,0.021101993,66.7,,117.61580386787736,50280989000.0,1771818000.0,0.028010001,927643000.0,0.01219,0.03338,0.33662190822736543,34421333000.0,30072880000.0,39960632000.0,12147453000.0,6716174000.0,2882646000.0,7557151200.0,0.8223067580132795
ＪＢＣＣホールディングス,9889,情報・通信業,プライム（内国株式）,JP,2025-03-31,東京都,90959740928.0,3.2321997,4.2626653,17.815239,15.53053430384806,0.45150003,0.02612202,74.15,309.9,50.85310024880521,69868000000.0,6159000000.0,0.096269995,4603000000.0,0.06815,0.20815,0.5438087527549139,20285000000.0,16551000000.0,37532000000.0,2688000000.0,17784000000.0,2226000000.0,18805200000.0,0.20674201364409586
マキヤ,9890,小売業,スタンダード（内国株式）,JP,2025-03-31,,12356184064.0,0.56400114,,7.9806137,7.372089636762074,0.1778,0.010080645,154.75,,145.67194230191325,89448024000.0,2266706000.0,0.02893,1497158000.0,0.01465,0.06448,0.5221366021862444,19032050000.0,12743622000.0,12905928000.0,6269905000.0,4455840000.0,1420989000.0,-5131429700.0,-0.4152924295576437
コンセック,9895,卸売業,スタンダード（内国株式）,JP,2025-03-31,広島県,2242545152.0,0.28293526,,,10.26517766940401,0.4026,0.02112676,-87.8,,117.23647518126046,10297303000.0,-2540000.0,-0.01372,-208268000.0,-0.01592,-0.017380001,0.6627293833269676,3822216000.0,2695865000.0,5270478000.0,1458920000.0,1573578000.0,1460645000.0,2470713500.0,1.1017452637671574
ＪＫホールディングス,9896,卸売業,スタンダード（内国株式）,JP,2025-03-31,東京都,40484999168.0,0.6300714,,10.045971,5.709139975998278,0.338,0.01651255,147.92,,174.6380514834636,393258000000.0,7358000000.0,0.02276,4283000000.0,0.00969,0.05939,0.28528757489864015,157262000000.0,136150000000.0,149625000000.0,32226000000.0,50704000000.0,4454000000.0,-4519200000.0,-0.11162653063784793
サガミホールディングス,9900,小売業,プライム（内国株式）,JP,2025-03-31,愛知県,58628853760.0,3.1081429,,37.548485,48.932660512105805,0.19379999,0.0049652434,51.56,,30.14888962545575,35034150000.0,2058508000.0,0.10385,1356062000.0,0.04152,0.085880004,0.704602929479056,7472717000.0,5857921000.0,8869242000.0,1908892000.0,6335572000.0,757896000.0,1927052200.0,0.03286866579190649
日伝,9902,卸売業,プライム（内国株式）,JP,2025-03-31,大阪府,72959672320.0,0.8169443,17.30904,14.425043,16.85801532744669,0.409,0.02722676,171.23,142.7,151.79000161792425,134771000000.0,6825000000.0,0.04654,4892000000.0,0.03482,0.05495,0.7106946230178354,35102000000.0,26952000000.0,80310000000.0,4759000000.0,15557000000.0,15945000000.0,56369500000.0,0.7726117484843441
カンセキ,9903,小売業,スタンダード（内国株式）,JP,2025-02-28,,6583716864.0,0.5877271,,12.787834,-1.4456569067411744,0.1449,0.027180068,69.05,,-699.9839593952746,37065817000.0,538849000.0,0.03102,518415000.0,-0.0178,-0.063140005,0.2538944384407541,18113007000.0,14742496000.0,8959735000.0,11920145000.0,812445000.0,2566309000.0,-7356855700.0,-1.1174319692007946
ベリテ,9904,小売業,スタンダード（内国株式）,JP,2025-03-31,神奈川県,10718054400.0,1.3486521,,22.584333,19.61487244697583,1.1286,0.0,17.49,,18.500448709588174,7947000000.0,876000000.0,0.05106,569000000.0,-0.01798,-0.02575,0.5916313559322034,3084000000.0,3066000000.0,6321000000.0,1500000000.0,1988000000.0,,3237000000.0,0.3020137684690236
藤井産業,9906,卸売業,スタンダード（内国株式）,JP,2025-03-31,栃木県,35263873024.0,0.89789355,,7.1885395,5.8500559726314725,0.2673,0.035591274,580.09,,432.3437449580802,96100124000.0,5360014000.0,0.06841,4123829000.0,0.04812,0.12871,0.5645123847740816,26625587000.0,23856386000.0,50413385000.0,1575409000.0,19182125000.0,4061644000.0,26630948800.0,0.7551906956412707
日本電計,9908,卸売業,スタンダード（内国株式）,JP,2025-03-31,東京都,29920907264.0,0.9749493,10.072299,10.137878,8.89422904294027,0.3447,0.017622797,261.1,262.8,253.7500027978992,121235333000.0,4738148000.0,0.04927,2973182000.0,0.025139999,0.109280005,0.4031002812627885,43456011000.0,40305112000.0,65661676000.0,15223949000.0,10259515000.0,1649038000.0,23359991600.0,0.7807247084417821
日邦産業,9913,卸売業,スタンダード（内国株式）,JP,2025-03-31,愛知県,26441428992.0,1.5694233,,18.678436,9.583013702374817,0.48630002,0.026009582,156.33,,162.7808920035367,44890000000.0,1976000000.0,0.054180004,1396000000.0,0.0,0.09494001,0.5089145496535796,15947000000.0,12220000000.0,18759000000.0,2800000000.0,6226000000.0,2166000000.0,4328200000.0,0.1636900941060909
植松商会,9914,卸売業,スタンダード（内国株式）,JP,2025-03-31,,2432723968.0,0.7588994,,29.628618,22.991044406352948,0.8203,0.0,36.62,,49.300616197183096,6306303000.0,44212000.0,0.022650002,86197000.0,0.0146200005,0.03059,0.6176708953772341,1910601000.0,1640245000.0,3076652000.0,45821000.0,599218000.0,1557861000.0,2256553700.0,0.9275831247945349
ワットマン,9927,小売業,スタンダード（内国株式）,JP,2025-03-31,神奈川県,6570513408.0,1.9200777,,20.977654,13.267472460146625,0.55799997,0.025641026,35.8,,52.568715072688356,8383058000.0,583772000.0,0.05574,345124000.0,0.03654,0.0938,0.6717310303563047,1661496000.0,1311624000.0,3581483000.0,432116000.0,1854020000.0,2374000.0,1921648800.0,0.2924655473132854
ミロク情報サービス,9928,情報・通信業,プライム（内国株式）,JP,2025-03-31,東京都,51204505600.0,1.612029,10.660849,10.567297,12.60015350915798,0.3401,0.030521642,161.82,160.4,137.84999929416117,46160000000.0,6289000000.0,0.15767999,4381000000.0,0.0,0.15952,0.6459155985969867,15695000000.0,13173000000.0,24629000000.0,6360000000.0,16722000000.0,2023000000.0,10350100000.0,0.20213260295593988
平和紙業,9929,卸売業,スタンダード（内国株式）,JP,2025-03-31,東京都,4301725184.0,0.43294072,,56.159424,29.343030845754964,1.4457,0.038709678,8.28,,14.412250428721451,16032057000.0,142679000.0,0.00442,117025000.0,0.00497,0.007850001,0.5518078512023045,8054475000.0,7141936000.0,11807459000.0,2445032000.0,2673804000.0,3073949000.0,5904748300.0,1.3726465656063631
北沢産業,9930,卸売業,スタンダード（内国株式）,JP,2025-03-31,東京都,6599429632.0,0.594008,,12.904398,9.52975862561429,0.3635,0.028169014,27.51,,35.78264816523819,15561539000.0,841883000.0,0.042179998,648479000.0,0.03403,0.04774,0.5961671998446685,7304434000.0,6354597000.0,8729858000.0,2100000000.0,3880118000.0,2687007000.0,3306328900.0,0.5010022205506866
杉本商事,9932,卸売業,プライム（内国株式）,JP,2025-03-31,大阪府,25063831552.0,0.750897,,14.894059,11.183066444869153,0.56119996,0.024678838,96.28,,96.10996075602885,49465116000.0,2395762000.0,0.07034,1917234000.0,0.03466,0.04902,0.8367811774719794,6921602000.0,5831734000.0,25661307000.0,,7321054000.0,4280783000.0,21736253100.0,0.8672358436061037
因幡電機産業,9934,卸売業,プライム（内国株式）,JP,2025-03-31,大阪府,306763202560.0,1.6548606,,14.939124,12.02041227783336,0.3803,0.024844721,183.98,,138.21000046621435,384012000000.0,25557000000.0,0.06824,18783000000.0,0.054169998,0.12299,0.6201847424395035,105962000000.0,100190000000.0,215720000000.0,232000000.0,62062000000.0,19974000000.0,123739800000.0,0.4033723698519468
王将フードサービス,9936,小売業,プライム（内国株式）,JP,2025-03-31,京都府,168823062528.0,2.7282255,22.17562,22.006142,17.91371245703483,0.38189998,0.008655332,146.55,145.43,140.15333281294772,111033000000.0,10910000000.0,0.08035,8071000000.0,0.06908,0.121199995,0.768244473880288,22395000000.0,16011000000.0,43092000000.0,5000000000.0,38120000000.0,4894000000.0,24122800000.0,0.14288806066409993
太洋物産,9941,卸売業,スタンダード（内国株式）,JP,2025-09-30,東京都,1362903168.0,1.3752798,,9.581408,11.654601613032021,0.0,0.0,73.58,,80.1400194542569,19662137000.0,247372000.0,0.009980001,148725000.0,0.00753,0.16499001,0.11873416855832941,7370814000.0,7233740000.0,7759722000.0,5907835000.0,265969000.0,,388908000.0,0.28535262748761914
ミニストップ,9946,小売業,プライム（内国株式）,JP,2025-02-28,千葉県,58422554624.0,1.9604733,-79.92063,,-99.66864901342147,0.0452,0.009861933,-192.66,-25.2,-16.133480419194704,87475000000.0,-3482000000.0,-0.12029,-6774000000.0,0.0,-0.22188999,0.43528907693543634,41907000000.0,35691000000.0,52242000000.0,197000000.0,11096000000.0,101000000.0,10405700000.0,0.1781110063907636
アークス,9948,小売業,プライム（内国株式）,JP,2025-02-28,北海道,199808729088.0,1.064993,16.869095,17.186068,13.634045393196134,0.3529,0.02039735,218.2,222.3,214.0299993440488,608284000000.0,15944000000.0,0.02587,11063000000.0,0.020079998,0.06798,0.6510815037040706,98626000000.0,68386000000.0,116286000000.0,30144000000.0,80089000000.0,10461000000.0,24982700000.0,0.12503307595233784
ハチバン,9950,小売業,スタンダード（内国株式）,JP,2025-03-31,石川県,10274555904.0,2.6953368,,102.19298,62.722798313200826,0.587,0.0028653296,34.2,,54.85348711331751,8233448000.0,264441000.0,-0.01392,236202000.0,0.00428,0.00954,0.6615156720480403,1879655000.0,1170300000.0,2066519000.0,620559000.0,1009636000.0,472250000.0,517439000.0,0.05036120342666637
ヨンキュウ,9955,卸売業,スタンダード（内国株式）,JP,2025-03-31,,37684236288.0,0.9379744,,11.252195,17.299372928630326,0.0622,0.0055737705,273.28,,133.69886317166925,44887777000.0,1546292000.0,0.06099,1415355000.0,0.081099994,0.09362,0.7423261069204233,13482473000.0,7281713000.0,32170688000.0,7281540000.0,20683414000.0,11902726000.0,27020123200.0,0.7170139522929424
バローホールディングス,9956,小売業,プライム（内国株式）,JP,2025-03-31,岐阜県,192505774080.0,1.0809897,13.885195,14.188664,10.632017590799874,0.264,0.020108696,257.6,263.23,223.00000175487654,854435000000.0,23201000000.0,0.03041,13654000000.0,0.01721,0.08866999,0.3721384664875627,272028000000.0,167728000000.0,134948000000.0,128569000000.0,22632000000.0,11930000000.0,-128729000000.0,-0.6687020200573508
アシードホールディングス,9959,小売業,スタンダード（内国株式）,JP,2025-03-31,広島県,11842588672.0,1.5397768,,14.239099,9.4339566811591,0.282,0.009424084,67.42,,62.62130329445947,23969000000.0,765000000.0,0.02606,748000000.0,0.03246,0.10876001,0.3674891885016535,12432000000.0,8575000000.0,7505000000.0,7294000000.0,1772000000.0,1650000000.0,-3772000000.0,-0.318511442427982
東テク,9960,卸売業,プライム（内国株式）,JP,2025-03-31,東京都,177289805824.0,2.705104,16.869122,14.912706,16.653504503689717,0.4157,0.026936026,288.68,255.2,170.3550911290286,155958000000.0,14597000000.0,0.10196,11194000000.0,0.07153,0.19489999,0.5818453088027065,44002000000.0,39235000000.0,60285000000.0,3817000000.0,13078000000.0,15055000000.0,26821500000.0,0.15128619423626855
ミスミグループ本社,9962,卸売業,プライム（内国株式）,JP,2025-03-31,東京都,811420352512.0,2.2218218,21.594873,25.78643,20.62441246551779,0.3523,0.013022964,117.62,140.45,99.48000003222711,401987000000.0,46481000000.0,0.11011,36549000000.0,0.074489996,0.08724,0.836431714071892,67513000000.0,51876000000.0,317805000000.0,7536000000.0,159296000000.0,1224000000.0,251148800000.0,0.3095175012833879
ショクブン,9969,小売業,スタンダード（内国株式）,JP,2025-03-31,愛知県,3957119744.0,1.641963,,52.22672,-256.10123117564325,0.5071,0.009615385,4.94,,-1.0361206578544688,6060731000.0,16824000.0,0.00694,-69953000.0,0.012410001,0.03146,0.4665628839066339,2778994000.0,1819252000.0,1765253000.0,2065552000.0,1390696000.0,7504000.0,-1008488200.0,-0.25485410228718114
アルテック,9972,卸売業,スタンダード（内国株式）,JP,2024-11-30,東京都,3855448576.0,0.4594721,,148.14815,-2.9016227700003827,3.7233999,0.024822695,1.89,,-74.60004764829769,18233202000.0,-148323000.0,-0.00057,-98820000.0,-0.1478,-0.20762,0.5839762762898644,8328734000.0,6993627000.0,12377930000.0,4670327000.0,4119289000.0,232103000.0,4211668100.0,1.0923937946462186
ＫＯＺＯホールディングス,9973,小売業,スタンダード（内国株式）,JP,2024-12-31,東京都,9133048832.0,11.40125,,,-11.411909643572429,0.0,0.0,-3.24,,-1.6649273078236682,18109777000.0,-427299000.0,-0.026300002,-782648000.0,-0.03778,-1.09962,0.017665771600905555,5870694000.0,3988553000.0,3492437000.0,1106959000.0,1125378000.0,16010000.0,-2367050000.0,-0.25917413161160685
ベルク,9974,小売業,プライム（内国株式）,JP,2025-02-28,埼玉県,162897821696.0,1.405671,12.991544,13.194304,12.197682052185955,0.2091,0.015796179,592.68,601.93,512.2500052534772,387778000000.0,17011000000.0,0.03489,12385000000.0,0.029649999,0.11153,0.5476317402113423,90798000000.0,49205000000.0,40017000000.0,36765000000.0,17833000000.0,157000000.0,-50671100000.0,-0.3110606358786211
セキチュー,9976,小売業,スタンダード（内国株式）,JP,2025-02-28,群馬県,5928037376.0,0.55156636,,12.585467,12.97374485863965,0.2318,0.019029496,86.29,,94.86650285798738,31479589000.0,589273000.0,-0.02227,494004000.0,-0.00011,-0.00037999998,0.4904073705291524,11983486000.0,7080458000.0,9856383000.0,4412725000.0,949261000.0,699649000.0,-1637348700.0,-0.276204179587143
文教堂グループホールディングス,9978,小売業,スタンダード（内国株式）,JP,2025-08-31,,2278740992.0,2.0621827,,,103.89610384759058,0.0,0.0,-3.57,,0.7700000003595443,14456385000.0,-88859000.0,-0.01307,-154884000.0,-0.01051,-0.12865,0.12093757280230026,8403203000.0,7955003000.0,7288639000.0,4003330000.0,1097437000.0,69313000.0,-1066044900.0,-0.467821882233468
大庄,9979,小売業,スタンダード（内国株式）,JP,2025-08-31,東京都,24678447104.0,2.207373,,21.033804,17.523305933130928,0.2505,0.011894647,55.91,,63.54999926104652,52556000000.0,1204000000.0,0.00602,1172000000.0,0.020539999,0.10068,0.3822443518612607,18238000000.0,10584000000.0,11486000000.0,8812000000.0,5395000000.0,1087000000.0,-5991100000.0,-0.24276649072578535
ＭＲＫホールディングス,9980,小売業,スタンダード（内国株式）,JP,2025-03-31,,9089360896.0,0.6312453,,19.624218,50.175589800378724,0.20879999,0.010416667,4.79,,2.2239400068803308,21152734000.0,395203000.0,0.09846,254163000.0,0.022130001,0.032980002,0.7241502393450066,5572777000.0,4677942000.0,14337840000.0,1536092000.0,2122088000.0,,8765063000.0,0.9643211552813669
タキヒヨー,9982,卸売業,スタンダード（内国株式）,JP,2025-02-28,愛知県,19105077248.0,0.5827406,,12.167802,14.09161332493498,0.2197,0.008873114,182.12,,83.18999556464263,60633000000.0,1318000000.0,0.051119998,1107000000.0,0.022650002,0.0456,0.6410989662769022,16943000000.0,11683000000.0,21785000000.0,5728000000.0,4320000000.0,4024000000.0,7658800000.0,0.40087773007051075
ファーストリテイリング,9983,小売業,プライム（内国株式）,JP,2025-08-31,山口県,21217278951424.0,8.472988,50.52055,49.14782,37.56589632431178,0.3548,0.0073206443,1406.98,1368.75,1210.8132536907679,3400539000000.0,562561000000.0,0.20091999,433010000000.0,0.12694,0.20033,0.5889886206314893,1531853000000.0,911291000000.0,2527815000000.0,513500000000.0,893239000000.0,312438000000.0,1214668600000.0,0.05724902815205139
ソフトバンクグループ,9984,情報・通信業,プライム（内国株式）,JP,2025-03-31,東京都,25016299159552.0,1.6197386,14.866741,8.210365,-52.07849211390225,0.020599999,0.002283579,534.69,295.29,-42.74750000303078,7243752000000.0,729794000000.0,0.03838,1153332000000.0,0.48167,0.26023,0.25684461878719916,31060730000000.0,12436315000000.0,9432918000000.0,18913350000000.0,3713028000000.0,10807693000000.0,-14062426900000.0,-0.5621305857557484
蔵王産業,9986,卸売業,スタンダード（内国株式）,JP,2025-03-31,東京都,14057858048.0,1.252397,,19.268038,12.878961855961595,0.74480003,0.020463321,134.16,,185.72705676430516,8449787000.0,911595000.0,0.12166,616598000.0,0.11472,0.07355,0.872531136200796,1881173000.0,842540000.0,10731653000.0,43699000.0,2064293000.0,78200000.0,8905220000.0,0.6334691934997123
スズケン,9987,卸売業,プライム（内国株式）,JP,2025-03-31,,427571904512.0,1.0756912,20.116703,14.801461,12.513748750825245,0.23719999,0.015797788,421.58,310.19,357.88000057623907,2399952000000.0,37125000000.0,0.01824,34496000000.0,0.01258,0.07293,0.36566678427876403,706412000000.0,679114000000.0,844099000000.0,,102655000000.0,84399000000.0,196766300000.0,0.4601946431082159
サンドラッグ,9989,小売業,プライム（内国株式）,JP,2025-03-31,東京都,489924362240.0,1.7657602,15.261277,15.428255,17.992139724400406,0.4789,0.03103366,271.45,274.42,249.07000027441654,801811000000.0,44500000000.0,0.05116,30750000000.0,0.0385,0.11798,0.6074543869803855,174293000000.0,128507000000.0,216777000000.0,38666000000.0,64956000000.0,34013000000.0,66293100000.0,0.13531292809546977
サックスバー　ホールディングス,9990,小売業,プライム（内国株式）,JP,2025-03-31,,23825989632.0,0.7946221,,10.956708,9.82445974284814,0.401,0.036319613,74.84,,85.59324081356876,52289541000.0,4044543000.0,0.06145,2545172000.0,0.0,0.07119,0.7327981616955698,10771887000.0,6517008000.0,22821204000.0,1399686000.0,5775345000.0,4376931000.0,15113168700.0,0.6343144160401186
ジェコス,9991,卸売業,プライム（内国株式）,JP,2025-03-31,東京都,55718453248.0,0.81290597,,10.060753,8.08779758769334,0.35830003,0.01987142,164.6,,131.8242343541944,111550000000.0,6850000000.0,0.08276,4543000000.0,0.05134,0.08766,0.6190449506411514,40785000000.0,36328000000.0,68613000000.0,632000000.0,3093000000.0,5447000000.0,31640900000.0,0.567871111912744
ヤマザワ,9993,小売業,スタンダード（内国株式）,JP,2025-02-28,山形県,12464017408.0,0.49204856,,,29.029077290193072,0.64449996,0.022277229,-74.9,,41.86236082737475,102558000000.0,-812000000.0,0.00411,-2617000000.0,-0.00386,-0.01509,0.46722565089875306,29610000000.0,21076000000.0,14294000000.0,15310000000.0,5753000000.0,437000000.0,-15010100000.0,-1.2042746338243882
やまや,9994,小売業,スタンダード（内国株式）,JP,2025-03-31,,24891955200.0,0.6921738,,8.760684,9.333359621884153,0.2365,0.026495727,262.08,,333.6400078737935,160164000000.0,5426000000.0,0.013250001,3644000000.0,0.01789,0.0979,0.5266499357652894,29613000000.0,22522000000.0,43760000000.0,6806000000.0,12588000000.0,910000000.0,14784000000.0,0.593926828214764
サトー商会,9996,卸売業,スタンダード（内国株式）,JP,2025-03-31,宮城県,19065729024.0,0.7132173,,14.5410595,12.690279796844642,0.2925,0.020335985,157.21,,147.1888489208633,49137191000.0,1667981000.0,0.03609,1315196000.0,0.02629,0.04996,0.7379379205259194,9328687000.0,8928692000.0,17127454000.0,684415000.0,1724149000.0,9506389000.0,14453239300.0,0.7580743060916378
ベルーナ,9997,小売業,プライム（内国株式）,JP,2025-03-31,埼玉県,93932748800.0,0.63835657,11.509434,9.832762,9.6754801062932,0.2972,0.014856557,99.26,84.8,60.39000025577063,210856000000.0,11887000000.0,0.09024,8797000000.0,0.051680002,0.0777,0.45225659440187926,170807000000.0,61616000000.0,131443000000.0,130258000000.0,35414000000.0,14576000000.0,-29160800000.0,-0.31044337967888785
