会社名,銘柄コード,業種,優先市場,市場タイプ,決算月,都道府県,時価総額,PBR,PER(会予),PER(過去12ヶ月),PER(前年度),配当方向性,配当利回り,EPS(過去12ヶ月),EPS(予想),EPS(前年度),売上高,営業利益,営業利益率,当期純利益,純利益率,ROE,自己資本比率,負債,流動負債,流動資産,総負債,現金及び現金同等物,投資有価証券,ネットキャッシュ,ネットキャッシュ比率
岡山製紙,3892,パルプ・紙,スタンダード（内国株式）,JP,2025-05-31,岡山県,8337638400.0,0.565026,,11.186588,5.583858622247701,0.3118,0.0,160.46,,250.19680710870952,11522767000.0,1032592000.0,0.081149995,798698000.0,0.066139996,0.05362,0.7800839845409626,3649183000.0,2906595000.0,10140417000.0,38694000.0,2866006000.0,3656133000.0,9050527100.0,1.0855024727385634
ハビックス,3895,パルプ・紙,スタンダード（内国株式）,JP,2025-03-31,岐阜県,3244874240.0,0.44604424,,5.9353547,7.202668018880746,0.2289,0.03874092,69.92,,86.88714699356538,13403100000.0,695011000.0,0.04361,672450000.0,0.05014,0.09604,0.590202881925855,5044246000.0,3912547000.0,8335434000.0,1301206000.0,2231282000.0,149601000.0,3395908700.0,1.0465455511767383
阿波製紙,3896,パルプ・紙,スタンダード（内国株式）,JP,2025-03-31,徳島県,4160808192.0,0.65042377,,5.5644727,99.80769535211805,0.0,0.0,74.76,,5.199999841384837,17124457000.0,432415000.0,0.04828,35867000.0,0.04072,0.11833,0.1977941571852789,19605176000.0,9256432000.0,9247124000.0,12597418000.0,988726000.0,199818000.0,-10218179400.0,-2.455816016620648
クラウドワークス,3900,情報・通信業,グロース（内国株式）,JP,2025-09-30,東京都,9830103040.0,1.4708774,8.054475,,23.69103101599111,0.0,0.0,-29.8,77.1,57.870001481767275,22657413000.0,1759112000.0,0.02949,-257066000.0,-0.02086,-0.05909,0.42025544921575014,8944728000.0,5593074000.0,11486209000.0,3912133000.0,8090366000.0,,2541481000.0,0.2585406266504405
マークラインズ,3901,情報・通信業,プライム（内国株式）,JP,2025-12-31,東京都,16863645696.0,2.6861472,8.945233,11.393386,17.62968973919645,0.4477,0.039364118,116.12,147.9,119.28999803219058,5570370000.0,2095580000.0,0.36964,1519709000.0,0.27384,0.23469,0.7418825173990045,2234300000.0,2220505000.0,4296679000.0,,3802363000.0,2806041000.0,4026607700.0,0.23877444845482598
ｇｕｍｉ,3903,情報・通信業,プライム（内国株式）,JP,2025-04-30,東京都,15198100480.0,0.7344913,5.889328,5.214348,-2.579484110956036,0.0,0.0,57.15,50.6,-150.02999954768705,8942741000.0,370823000.0,0.09826,2063322000.0,0.28732002,0.112040006,0.7103686430947271,6004411000.0,5112234000.0,15736683000.0,4031567000.0,6077083000.0,1523345000.0,10798613500.0,0.7105238917330806
カヤック,3904,情報・通信業,グロース（内国株式）,JP,2025-12-31,神奈川県,6163413504.0,1.0412924,,9.380863,48.69204957805958,0.0915,0.009512195,42.64,,9.253020921711459,20094686000.0,1071177000.0,0.06555,683924000.0,0.022060001,0.07911,0.4276651532255828,7259328000.0,5372655000.0,9993763000.0,3229640000.0,5250215000.0,243332000.0,2904767400.0,0.4712919874862902
データセクション,3905,情報・通信業,グロース（内国株式）,JP,2025-03-31,東京都,131622371328.0,6.848395,,48.940628,-8.707029752832499,0.0,0.0,90.62,,-84.0700009968235,2942635000.0,-496002000.0,0.21934,-654991000.0,0.08335,0.25744,0.5189904333309897,2193818000.0,1877443000.0,1391803000.0,1370117000.0,526039000.0,62735000.0,-758100500.0,-0.005759662983968208
シリコンスタジオ,3907,情報・通信業,スタンダード（内国株式）,JP,2025-11-30,東京都,5758963712.0,3.3116503,,27.943525,31.22522222222222,0.1333,0.0,75.08,,25.62031406234988,4303000000.0,150000000.0,0.118669994,206000000.0,0.019709999,0.04977,0.6620271234832262,947000000.0,705000000.0,2391000000.0,340000000.0,1591000000.0,69000000.0,1492300000.0,0.2591264808441981
コラボス,3908,情報・通信業,スタンダード（内国株式）,JP,2025-03-31,東京都,1401066240.0,1.0249217,,13.870967,-1.9147756344124052,0.2762,0.0,21.7,,-177.80699949129274,1906946000.0,75494000.0,0.00495,144924000.0,0.05945,0.07603,0.7441778870611199,444044000.0,308276000.0,1513377000.0,285531000.0,1307016000.0,,1069333000.0,0.7632280112609094
ショーケース,3909,情報・通信業,スタンダード（内国株式）,JP,2024-12-31,東京都,1868848640.0,1.1097649,,7.027724,-21.419992371588403,0.0,0.0,31.02,,-14.612516875363827,6211422000.0,-165842000.0,0.01567,-742757000.0,-0.15814,,0.22829970297043903,2191296000.0,1405408000.0,2994395000.0,1858347000.0,1233814000.0,42091000.0,832562700.0,0.44549498668870263
エムケイシステム,3910,情報・通信業,スタンダード（内国株式）,JP,2025-03-31,大阪府,1546835840.0,1.7148944,,6.027919,-2.7682105884737394,0.1692,0.0,47.28,,-123.17397310803108,3290195000.0,-23483000.0,0.18667,-118568000.0,0.07862,0.32344002,0.2734289352204628,1766485000.0,1210080000.0,1512994000.0,1203294000.0,606324000.0,,-253491000.0,-0.16387711833726326
Ａｉｍｉｎｇ,3911,情報・通信業,グロース（内国株式）,JP,2025-12-31,東京都,7840257536.0,1.1136743,,7.219596,-28.142586216297826,0.0,0.0,23.27,,-7.497534106435694,15826223000.0,2079810000.0,0.07448,1086086000.0,0.06385,0.14795999,0.7469604315941087,2309041000.0,2148451000.0,7807650000.0,100000000.0,5498628000.0,,5498609000.0,0.7013301507956996
モバイルファクトリー,3912,情報・通信業,スタンダード（内国株式）,JP,2025-12-31,東京都,6993863680.0,3.2210984,10.150802,15.917824,9.96658973235368,0.65029997,0.040256176,67.66,106.1,92.1975976295965,3427344000.0,1121468000.0,0.28037,488458000.0,0.14392,0.19075,0.7749219792284695,895672000.0,895672000.0,3793779000.0,,3149830000.0,123912000.0,2984845400.0,0.42678060891229724
ＧｒｅｅｎＢｅｅ,3913,情報・通信業,スタンダード（内国株式）,JP,2025-12-31,東京都,2046466944.0,1.6955332,,11.588572,19.723628344926993,0.0,0.0,87.5,,27.885335820650997,961943000.0,165100000.0,0.17868,203898000.0,0.19885,0.17602,0.8291893722814387,286432000.0,186624000.0,1557541000.0,99999000.0,1276587000.0,,1271109000.0,0.6211236412719696
ＪＩＧ－ＳＡＷ,3914,情報・通信業,グロース（内国株式）,JP,2025-12-31,東京都,17272418304.0,4.8830557,,41.52435,47.01627219404594,0.0,0.0,63.24,,71.89000408305526,3625500000.0,549777000.0,0.23121001,418233000.0,0.1252,0.14327,0.636346253983777,1924716000.0,1339337000.0,3955651000.0,700006000.0,2380933000.0,218876000.0,2184148200.0,0.12645294721088293
テラスカイ,3915,情報・通信業,プライム（内国株式）,JP,2025-02-28,東京都,25417578496.0,2.022385,26.752718,16.165846,28.82311051500485,0.1314,0.008,121.8,73.6,78.89000125179558,,,0.08939999,,0.05604,0.12504,0.5691957253407662,6630547000.0,5724761000.0,12844915000.0,205958000.0,6512437000.0,4269158000.0,9202778600.0,0.36206354596084966
デジタル・インフォメーション・テクノロジー,3916,情報・通信業,プライム（内国株式）,JP,2025-06-30,東京都,25131825152.0,2.9219334,6.272059,11.550441,15.818984935642538,0.53470004,0.024852071,73.85,136.0,56.412708419569746,24159035000.0,3013992000.0,0.13426,2178368000.0,0.08479,0.2653,0.7162376558429586,3088897000.0,2791520000.0,9474059000.0,25100000.0,5354155000.0,563802000.0,6779823400.0,0.26977043485679586
アイリッジ,3917,情報・通信業,グロース（内国株式）,JP,2025-03-31,東京都,3491815936.0,1.1508667,27.195122,5.50074,-3.3971051049752425,0.0,0.0,81.08,16.4,-161.90255614832037,6708400000.0,219067000.0,0.09706,13901000.0,-0.03421,-0.04874,0.41898448369026836,3388308000.0,2600608000.0,4555400000.0,1507500000.0,2738928000.0,97988000.0,1235683600.0,0.3538799360127555
ＰＣＩホールディングス,3918,情報・通信業,スタンダード（内国株式）,JP,2025-03-31,東京都,11836325888.0,1.2127163,7.995979,10.464912,9.384154966178608,0.50009996,0.0,114.0,149.2,100.0921983992007,25084943000.0,1054911000.0,0.07794,817590000.0,0.042069998,0.115480006,0.5675067409101249,6448056000.0,5438517000.0,12123167000.0,511524000.0,4085074000.0,206103000.0,5819383100.0,0.49165451805444577
アイビーシー,3920,情報・通信業,スタンダード（内国株式）,JP,2025-09-30,東京都,5557441024.0,2.503442,,14.382281,13.445410100001483,0.2446,0.0,69.53,,41.46000100871094,2404511000.0,565084000.0,-0.106750004,410714000.0,0.09947,0.08844,0.6078888153753088,1466219000.0,1420490000.0,3033844000.0,801490000.0,2414134000.0,365723000.0,1823631100.0,0.32814223167184076
ネオジャパン,3921,情報・通信業,プライム（内国株式）,JP,2026-01-31,神奈川県,22036097024.0,2.9483697,54.773518,12.173778,16.628887899802322,0.4025,0.0,129.13,28.7,100.20000192731965,8230230000.0,2497768000.0,0.2612,1809529000.0,0.14574,0.12353,0.6989998725398341,3211474000.0,2777539000.0,7747205000.0,3246000.0,6426616000.0,1715837000.0,5736816900.0,0.26033725000175423
ＰＲ　ＴＩＭＥＳ,3922,情報・通信業,プライム（内国株式）,JP,2025-02-28,東京都,29785438208.0,3.2112617,17.98532,12.63176,22.362759092570332,0.079,0.006324473,174.56,122.6,85.66999702283213,8003435000.0,1877329000.0,0.27055,1118896000.0,0.25118,0.29639998,0.8376801391560269,1337188000.0,1335681000.0,6595773000.0,2002000.0,5605260000.0,70799000.0,5308144300.0,0.17821273143378827
ラクス,3923,情報・通信業,プライム（内国株式）,JP,2025-03-31,東京都,340476133376.0,13.215769,16.097439,26.028696,45.4548259962579,0.18969999,0.0,36.94,59.73,22.090000014877557,,,0.30302,,0.22049999,0.55375,0.6942882416124344,9677000000.0,9462000000.0,19296000000.0,216000000.0,11368000000.0,3877000000.0,12332900000.0,0.03622250957126659
ダブルスタンダード,3925,情報・通信業,プライム（内国株式）,JP,2025-03-31,東京都,16070340608.0,2.5215414,9.786008,14.5,11.015856452205258,0.7322,0.0,82.0,121.5,131.86692124192595,,,0.24746999,,0.15792,0.16951,0.8480916973821627,1143271000.0,1095535000.0,6402871000.0,,5346541000.0,,5259600000.0,0.3272861558006873
オープンドア,3926,情報・通信業,スタンダード（内国株式）,JP,2025-03-31,東京都,7939456000.0,2.2834308,41.967213,,-148.6338792223972,0.0,0.0,-36.49,6.1,-5.490000020648316,2405078000.0,-102059000.0,0.07778,-120685000.0,-0.46106997,-0.28922,0.9047216537095762,457527000.0,414926000.0,2760741000.0,,2212825000.0,1625579000.0,3441119300.0,0.43342003532735746
フーバーブレイン,3927,情報・通信業,スタンダード（内国株式）,JP,2025-03-31,東京都,5029073920.0,2.33693,,12.455327,132.76443085559356,0.0,0.0,75.55,,5.16551524738177,4373104000.0,187401000.0,0.00461,109457000.0,0.0546,0.16724001,0.27440037999962885,3874595000.0,1830860000.0,3326249000.0,363002000.0,1522935000.0,135802000.0,-453284600.0,-0.09013281713703664
マイネット,3928,情報・通信業,スタンダード（内国株式）,JP,2025-12-31,東京都,2120985472.0,1.5358319,2.9771907,9.257185,11.3057054031608,0.0,0.0,26.79,83.3,29.10035139497086,7478296000.0,374476000.0,-0.05092,228133000.0,0.00082,0.0053399997,0.3244187628682171,3167718000.0,2046215000.0,3524195000.0,2147118000.0,2372984000.0,211006000.0,504181200.0,0.23771082200038757
ソーシャルワイヤー,3929,情報・通信業,グロース（内国株式）,JP,2025-03-31,,3793634048.0,2.1372597,24.179106,17.106651,-10.605703260528077,0.0,0.0,18.94,13.4,-24.515111691617715,2905402000.0,136976000.0,0.060939997,170042000.0,0.06291,0.12958999,0.6119803864720121,945865000.0,781930000.0,1941315000.0,194201000.0,1411601000.0,58606000.0,1036474200.0,0.273214070436348
はてな,3930,情報・通信業,グロース（内国株式）,JP,2024-07-31,東京都,2754936832.0,0.9498178,,19.759192,36.46278376515103,0.0,0.0,46.51,,21.089996994002544,,,0.06609,,0.03803,0.04889,0.8797925049618827,349705000.0,310228000.0,2278977000.0,,1504887000.0,193940000.0,2065030000.0,0.7495743553948754
バリューゴルフ,3931,情報・通信業,グロース（内国株式）,JP,2026-01-31,東京都,3250449408.0,3.0321367,15.181435,,314.00322580843545,2.5432,0.0,-4.45,118.5,3.0545564030287653,4426721000.0,53132000.0,-0.01175,-7948000.0,-0.00158,-0.00638,0.3369586582341597,2111666000.0,1947816000.0,2734337000.0,1409152000.0,757102000.0,22436000.0,638376200.0,0.19639628859591837
アカツキ,3932,情報・通信業,プライム（内国株式）,JP,2025-03-31,東京都,45790703616.0,1.0095159,15.260755,8.101557,23.1239723851506,0.2934,0.0,391.9,208.05,101.07000015615628,23652000000.0,3916000000.0,0.46811,1646000000.0,0.2186,0.13014,0.7584748865133988,13178000000.0,7378000000.0,41252000000.0,6100000000.0,28377000000.0,11375000000.0,36036500000.0,0.7869828841723295
チエル,3933,情報・通信業,スタンダード（内国株式）,JP,2025-03-31,東京都,4071264512.0,1.2055708,10.036833,6.1945896,12.804187339732875,0.1705,0.0,87.98,54.3,46.760001242723106,6896797000.0,677929000.0,0.15456,423814000.0,0.06435,0.19482,0.29185714383959965,6773624000.0,4202144000.0,6222115000.0,2670122000.0,3135963000.0,977249000.0,132565300.0,0.03256121030929469
ベネフィットジャパン,3934,情報・通信業,スタンダード（内国株式）,JP,2025-03-31,大阪府,14389956608.0,1.6416177,,14.485787,9.18121916638362,0.50450003,0.0,168.51,,123.45000029397016,12745109000.0,1220502000.0,0.06983,830895000.0,0.0541,0.119320005,0.6694411916209515,3920920000.0,2549537000.0,11045268000.0,1981202000.0,4229774000.0,5524000.0,7128214800.0,0.4953604096371713
エディア,3935,情報・通信業,スタンダード（内国株式）,JP,2025-02-28,東京都,3756550144.0,3.0967162,37.294117,8.64467,17.546488740772794,0.17729999,0.0,73.34,17.0,21.350001088276898,3607053000.0,262858000.0,-0.63636,234016000.0,-0.6939,-0.69077003,0.45744545634389117,1626336000.0,1135087000.0,2700488000.0,923304000.0,1767927000.0,5000000.0,1077652000.0,0.286872784520456
グローバルウェイ,3936,情報・通信業,グロース（内国株式）,JP,2025-03-31,東京都,6471507456.0,6.9660354,2.0113637,33.65019,-28.14863504752914,0.0,0.0,5.26,88.0,-5.470957996363592,3071643000.0,-261140000.0,0.21639,-320046000.0,-0.1752,-0.60668,0.4044471499673344,596616000.0,596615000.0,1601276000.0,241640000.0,559007000.0,119968000.0,1088637600.0,0.1682200951481064
Ｕｂｉｃｏｍホールディングス,3937,情報・通信業,スタンダード（内国株式）,JP,2025-03-31,東京都,11468585984.0,1.903815,9.140097,12.867248,26.64958937903491,0.33990002,0.0,73.52,103.5,44.149999047592594,6340989000.0,1315570000.0,0.19851999,858398000.0,0.1487,0.15346,0.7117534978500474,2268617000.0,1771613000.0,6604056000.0,407479000.0,4860452000.0,352449000.0,4582153300.0,0.39953951658841225
カナミックネットワーク,3939,情報・通信業,プライム（内国株式）,JP,2025-09-30,東京都,23871019008.0,48.745033,18.093525,18.895567,27.892802074060125,0.2818,0.0,26.62,27.8,19.37999984959255,5500786000.0,1606662000.0,0.32044998,1111528000.0,0.21077,0.27003,0.7106596719134449,1892933000.0,1359996000.0,3756413000.0,657677000.0,3327111000.0,21858000.0,1878780600.0,0.07870550475328916
ノムラシステムコーポレーション,3940,情報・通信業,スタンダード（内国株式）,JP,2025-12-31,,5458260992.0,1.6705323,2.2616823,13.703284,14.851235938460817,0.402,0.0,8.83,53.5,7.930000055675728,3320879000.0,586395000.0,0.14604999,403659000.0,0.104490004,0.10399,0.886481278668312,451508000.0,432781000.0,3418575000.0,,2700032000.0,285000000.0,3166567000.0,0.5801421010540054
レンゴー,3941,パルプ・紙,プライム（内国株式）,JP,2025-03-31,大阪府,352097533952.0,0.71959656,9.02129,16.767067,5.910847700050267,0.4723,0.0,84.66,157.35,133.3299998149511,,,0.01637,,0.02083,0.045479998,0.3732298514378385,742872000000.0,411479000000.0,469481000000.0,448527000000.0,80563000000.0,156961000000.0,-163518300000.0,-0.4644119433744508
大石産業,3943,パルプ・紙,スタンダード（内国株式）,JP,2025-03-31,福岡県,9514201088.0,0.48675448,,13.127706,7.350946163438967,0.56270003,0.0,92.4,,137.525826446281,23485000000.0,904000000.0,0.01901,944000000.0,0.03083,0.03756,0.699010939607373,7970000000.0,6310000000.0,15506000000.0,641000000.0,7441000000.0,1528000000.0,8605600000.0,0.9045005377124103
古林紙工,3944,パルプ・紙,スタンダード（内国株式）,JP,2025-12-31,大阪府,2633760768.0,0.29812476,,8.329824,8.126691459429997,0.17549999,0.020824656,285.0,,222.68995359056566,17865127000.0,432616000.0,0.0324,315383000.0,0.031170001,0.0584,0.4908112283802958,9544703000.0,7274957000.0,8777522000.0,3113670000.0,1771614000.0,5021011000.0,2747526700.0,1.04319524133788
スーパーバッグ,3945,パルプ・紙,スタンダード（内国株式）,JP,2025-03-31,東京都,3164852480.0,0.6138569,,3.9516382,4.087580394862221,0.204,0.0,539.27,,570.7619606266518,27579000000.0,904000000.0,0.013040001,976000000.0,0.02841,0.15555,0.323013698630137,9873000000.0,7356000000.0,10173000000.0,3133000000.0,2834000000.0,1483000000.0,1338100000.0,0.42280011736913564
トーモク,3946,パルプ・紙,プライム（内国株式）,JP,2025-03-31,東京都,65325961216.0,0.6395383,7.137707,8.867789,7.527551709855287,0.2912,0.0,446.56,554.8,322.9900063557472,219613000000.0,9360000000.0,0.059809998,6508000000.0,0.03285,0.07609,0.44835972440468996,113454000000.0,53497000000.0,89483000000.0,67663000000.0,21002000000.0,11012000000.0,-16262600000.0,-0.24894543757615423
ダイナパック,3947,パルプ・紙,スタンダード（内国株式）,JP,2025-12-31,愛知県,19984277504.0,0.41714266,,6.3953485,5.835053174281032,0.25,0.03875969,319.92,,299.51001441677533,67083405000.0,2881979000.0,0.04113,3178092000.0,0.04225,0.06271,0.5521748713333239,37034357000.0,30118813000.0,30613299000.0,7259685000.0,5100333000.0,19318214000.0,7101691800.0,0.3553639504144468
光ビジネスフォーム,3948,パルプ・紙,スタンダード（内国株式）,JP,2025-12-31,東京都,6233071104.0,1.084256,,41.756657,23.88374805645615,1.6228,0.012744265,27.78,,28.871262309758283,7743777000.0,202180000.0,0.0196,151742000.0,0.01466,0.01607,0.811027233602851,2183620000.0,1365665000.0,4888407000.0,319272000.0,3307864000.0,1910666000.0,4042253200.0,0.6485171005679579
ザ・パック,3950,パルプ・紙,プライム（内国株式）,JP,2025-12-31,大阪府,72784125952.0,0.94767314,,12.21994,10.372576178617084,0.38599998,0.031100828,107.12,,111.11000087114745,103125000000.0,7208000000.0,0.05254,6024000000.0,0.056560002,0.07822,0.7388208651594826,27218000000.0,25920000000.0,61667000000.0,462000000.0,24061000000.0,6114000000.0,38728800000.0,0.532105036550704
朝日印刷,3951,パルプ・紙,スタンダード（内国株式）,JP,2025-03-31,富山県,17659834368.0,0.4959456,,11.273928,10.991733089902782,0.5016,0.0,75.75,,75.32972322503008,43945035000.0,2076099000.0,0.03486,1704990000.0,0.03566,0.04559,0.4864229464649583,34890843000.0,14419218000.0,29578160000.0,21535819000.0,10271943000.0,4615632000.0,-2081740600.0,-0.11787996176069232
大村紙業,3953,パルプ・紙,スタンダード（内国株式）,JP,2025-03-31,,2660561408.0,0.521372,,7.2721963,10.239142337211666,0.292,0.0,102.72,,69.80679584386408,5939115000.0,276249000.0,0.06061,-109789000.0,0.06131,0.073130004,0.7096138153337362,1997052000.0,1218418000.0,4539299000.0,227050000.0,2758312000.0,237097000.0,2708214900.0,1.0179110663849786
昭和パックス,3954,パルプ・紙,スタンダード（内国株式）,JP,2025-03-31,東京都,13082217472.0,0.48976892,,10.19361,8.430132520104237,0.1369,0.0,292.34,,216.74002044086137,23316657000.0,1377754000.0,0.07397,1320253000.0,0.05445,0.05283,0.7024467595358483,9105317000.0,7075041000.0,19260696000.0,1211650000.0,8943586000.0,5806011000.0,14219586700.0,1.0869400948603953
イムラ,3955,パルプ・紙,スタンダード（内国株式）,JP,2026-01-31,大阪府,8078680576.0,0.45203,,8.499001,12.672914759293969,0.3156,0.036540803,95.07,,76.62999757288645,21831000000.0,1141000000.0,0.00299,954000000.0,0.0437,0.05134,0.6347362812999467,10201000000.0,8524000000.0,9083000000.0,4840000000.0,2669000000.0,1279000000.0,-222700000.0,-0.027566382641937
笹徳印刷,3958,パルプ・紙,スタンダード（内国株式）,JP,2024-06-30,愛知県,3066279936.0,0.3214566,,13.06673,7.860613252273021,0.41830003,0.03197158,43.01,,71.28462670334592,,,0.023540001,,0.02036,0.02642,0.6140409685625179,5949291000.0,4447460000.0,6191462000.0,983234000.0,1742918000.0,3863421000.0,2946565700.0,0.9609578256066963
チェンジホールディングス,3962,情報・通信業,プライム（内国株式）,JP,2025-03-31,東京都,67769892864.0,1.4494673,7.263236,9.77421,21.1588763597773,0.2307,0.0,99.65,134.1,57.94349114727596,46387000000.0,12553000000.0,0.04788,7532000000.0,0.08971,0.29529,0.3936826033018418,55117000000.0,23411000000.0,49820000000.0,34468000000.0,30185000000.0,7460000000.0,-75000000.0,-0.0011066861231507229
シンクロ・フード,3963,情報・通信業,プライム（内国株式）,JP,2025-03-31,東京都,9450352640.0,4.2791476,17.371134,35.031185,21.59581238173654,1.5609,0.0,9.62,19.4,26.289999941384302,3951497000.0,1097202000.0,0.09916,659265000.0,0.2684,,0.8687640859239526,804565000.0,772575000.0,5683214000.0,,4997759000.0,14952000.0,4889115400.0,0.517347403450968
オークネット,3964,情報・通信業,プライム（内国株式）,JP,2025-12-31,東京都,136534564864.0,2.541693,8.512444,23.17167,13.778776589671736,0.4082,0.017584605,64.95,176.8,46.97750023423313,64139920000.0,9517806000.0,0.17740999,5921726000.0,0.091400005,0.24569,0.5188098472853004,24159165000.0,21797554000.0,40642763000.0,,23104387000.0,1957501000.0,17853848700.0,0.13076431391409163
キャピタル・アセット・プランニング,3965,情報・通信業,スタンダード（内国株式）,JP,2025-09-30,大阪府,4738428416.0,1.2035278,5.285806,8.762777,27.0584156665933,0.213,0.0,93.92,155.7,27.34907065849751,9689408000.0,530589000.0,0.15351,401823000.0,0.043670002,0.12814,0.5710219050648309,2700410000.0,1956921000.0,4677662000.0,1411294000.0,1768686000.0,920901000.0,2621882700.0,0.5533232687755348
エルテス,3967,情報・通信業,グロース（内国株式）,JP,2025-02-28,東京都,3567739392.0,1.9368851,,,21.426896673947347,0.0,0.0,-27.5,,42.609996860166106,7317064000.0,93326000.0,0.00082,-860379000.0,-0.093310006,-0.34704,0.2496687045708815,5515064000.0,3079285000.0,4067543000.0,4213233000.0,2517438000.0,417970000.0,-1154942000.0,-0.32371815121635433
セグエグループ,3968,情報・通信業,プライム（内国株式）,JP,2025-12-31,東京都,20645083136.0,2.6873326,8.243832,15.264714,40.129510629327804,0.3495,0.022847101,37.21,68.9,15.579999945989194,25074483000.0,1854285000.0,0.15788001,1191196000.0,0.06559,0.36141,0.22468284613212303,14246697000.0,12789298000.0,15579725000.0,3977766000.0,2382084000.0,661004000.0,1795730800.0,0.08698103990042465
エイトレッド,3969,情報・通信業,スタンダード（内国株式）,JP,2025-03-31,東京都,10175080448.0,1.8137387,,14.209536,14.253562813397508,0.35549998,0.0,95.64,,95.3306402981616,2766310000.0,1058199000.0,0.37787,728342000.0,0.24673,0.13326,0.8196248124876149,1130517000.0,1044109000.0,5435933000.0,,4991470000.0,,4305416000.0,0.42313336213929065
イノベーション,3970,情報・通信業,グロース（内国株式）,JP,2025-03-31,東京都,2147978752.0,0.73993134,34.89083,,12.432247165371843,1.5828999,0.0,-171.81,22.9,94.18999401768961,5343785000.0,351871000.0,-0.03571,67478000.0,-0.03821,-0.06397,0.4069606249858803,4254477000.0,3748294000.0,4975920000.0,2600707000.0,3576474000.0,104358000.0,794493600.0,0.3698796365002404
ＳＣＡＴ,3974,情報・通信業,スタンダード（内国株式）,JP,2025-10-31,栃木県,1769794688.0,0.86633193,,12.908384,10.379967604719381,0.3199,0.024691358,43.77,,35.86592502690598,2605272000.0,193040000.0,0.06667,125510000.0,0.051170003,0.06774,0.6715194088827021,997227000.0,482803000.0,1615947000.0,116840000.0,1240234000.0,69750000.0,667545000.0,0.3771878198789124
シャノン,3976,情報・通信業,グロース（内国株式）,JP,2024-10-31,東京都,2844454144.0,2.4864154,,,-3.4732756385372934,0.0,0.0,-36.93,,-145.68380188020225,3206743000.0,-51624000.0,0.23386998,-101613000.0,-0.00842,,-0.024219606339209082,2222026000.0,986827000.0,1376156000.0,1388457000.0,763133000.0,188896000.0,-713642800.0,-0.25088919134285753
うるる,3979,情報・通信業,グロース（内国株式）,JP,2025-03-31,東京都,11070985216.0,2.995402,2.909091,16.59751,15.219812913393296,0.1037,0.0,24.1,137.5,26.026699062110833,6701255000.0,762924000.0,0.13599,458072000.0,0.09508,0.21925,0.4852073755535968,3212707000.0,3044453000.0,4258667000.0,158329000.0,3405101000.0,515150000.0,1406565000.0,0.12704966834995005
ビーグリー,3981,情報・通信業,スタンダード（内国株式）,JP,2025-12-31,東京都,6923887616.0,0.8807898,,10.144097,7.380466716276988,0.344,0.034008097,122.14,,219.20999477504878,16720153000.0,1368394000.0,0.04911,683683000.0,0.03799,0.081020005,0.4870349649285289,8493040000.0,7728039000.0,8623798000.0,3785000000.0,5293996000.0,,130758000.0,0.018885055225021145
オロ,3983,情報・通信業,プライム（内国株式）,JP,2025-12-31,東京都,31617136640.0,3.1491575,14.03569,16.999168,19.446441366315003,0.4158,0.024521824,120.3,145.7,128.56063625762215,8307953000.0,2649272000.0,0.34553,1896737000.0,0.23796,0.20625,0.7533914486916407,3393965000.0,2842296000.0,12431641000.0,637719000.0,10058039000.0,,9037676000.0,0.2858473903853173
ユーザーローカル,3984,情報・通信業,プライム（内国株式）,JP,2025-06-30,東京都,26949103616.0,2.8695803,17.02595,16.561499,27.581528319983416,0.23290001,0.0,103.01,100.2,73.57000207392224,4581996000.0,1971441000.0,0.49593,1429454000.0,0.34228,0.19765,0.8724235638729109,1272107000.0,1272105000.0,9232241000.0,,8545796000.0,60313000.0,8002353100.0,0.29694320130369417
テモナ,3985,情報・通信業,スタンダード（内国株式）,JP,2025-09-30,東京都,1915461632.0,1.2880107,-13.560606,,-5.482734614847095,0.0,0.0,-1.76,-13.2,-36.84292860956457,1832558000.0,155918000.0,0.25551,73467000.0,0.1019,0.11773,0.432937331625668,998526000.0,605548000.0,1502497000.0,714447000.0,1231502000.0,2250000.0,505546000.0,0.2639290662648992
ビーブレイクシステムズ,3986,情報・通信業,スタンダード（内国株式）,JP,2025-06-30,東京都,2373851904.0,3.1435895,,26.422764,18.993025057634558,0.3052,0.0,19.68,,29.889159054566164,,,0.14206,,0.06948,0.0544,,,,,,,,,
エコモット,3987,情報・通信業,グロース（内国株式）,JP,2025-08-31,北海道,2759152896.0,3.328285,,,-32.98355944237972,0.0,0.0,-10.84,,-13.127752350574072,3003786000.0,49622000.0,-0.00496,-35039000.0,-0.00605,-0.0093,0.306451883927598,1774782000.0,1403460000.0,1916190000.0,1079196000.0,333366000.0,163497000.0,255855900.0,0.092729873857632
ＳＹＳホールディングス,3988,情報・通信業,スタンダード（内国株式）,JP,2025-07-31,愛知県,5788195840.0,1.4784663,,14.278255,13.28260453115213,0.1826,0.012773722,38.31,,45.10727918411773,14051094000.0,705230000.0,0.05884,423426000.0,0.02723,0.1084,0.47420386785909985,4160629000.0,2558663000.0,6326114000.0,1931650000.0,4225256000.0,122961000.0,2251557700.0,0.38899127849827553
シェアリングテクノロジー,3989,情報・通信業,グロース（内国株式）,JP,2025-09-30,愛知県,23787679744.0,4.844739,16.456953,16.084143,12.847753341434435,1.0919,0.0,61.8,60.4,63.24925597871285,8579864000.0,2074043000.0,0.21394,1413204000.0,0.06278,,0.6933173030640546,2237269000.0,2024888000.0,6397106000.0,311751000.0,5431008000.0,147227000.0,4262895900.0,0.17920604051663494
ウォンテッドリー,3991,情報・通信業,グロース（内国株式）,JP,2025-08-31,東京都,8917737472.0,1.7568439,8.4886875,10.48865,10.800016630082446,0.2236,0.020597322,89.43,110.5,109.12627194249195,4908830000.0,1644848000.0,0.24099001,1083381000.0,0.17846,0.17940001,0.6859959861765328,2247723000.0,2247720000.0,6675781000.0,,6237144000.0,320000.0,4428282000.0,0.49657012374539655
ニーズウェル,3992,情報・通信業,プライム（内国株式）,JP,2025-09-30,東京都,15677458432.0,3.303833,,19.519096,14.594735209874951,0.566,0.02919708,21.21,,21.151463713994726,10032902000.0,1155859000.0,0.07393,887114000.0,0.07869,0.17441,0.731261939880194,1740309000.0,1591329000.0,5084111000.0,30304000.0,2760544000.0,381101000.0,3610572700.0,0.23030344590997542
ＰＫＳＨＡ　Ｔｅｃｈｎｏｌｏｇｙ,3993,情報・通信業,プライム（内国株式）,JP,2025-09-30,東京都,88709070848.0,2.4833257,31.234972,36.250637,52.130944182589616,0.0,0.0,78.84,91.5,67.04271435711382,21771392000.0,5288742000.0,0.18741,2683075000.0,0.07948,0.07162,0.6342534115646205,19668760000.0,14429714000.0,24905758000.0,10880383000.0,19358045000.0,4109477000.0,8113631900.0,0.09146338500041822
マネーフォワード,3994,情報・通信業,プライム（内国株式）,JP,2025-11-30,東京都,233633546240.0,5.185085,591.57306,147.32423,-38.73796422190268,0.0,0.0,28.59,7.12,-116.32000004409835,50349943000.0,-2653396000.0,0.01145,1587260000.0,0.08507,0.08663999,0.34369598732866374,71701932000.0,46467560000.0,73269943000.0,33849015000.0,40972997000.0,23193328000.0,17803340600.0,0.07620198762771645
サインポスト,3996,情報・通信業,スタンダード（内国株式）,JP,2025-02-28,東京都,2648228864.0,1.4093809,,34.789917,60.298508188446874,0.0,0.0,5.95,,10.049999879036957,3023515000.0,200016000.0,0.103599995,257171000.0,0.02422,0.041279998,0.6222640118554021,1094521000.0,582155000.0,2176703000.0,511634000.0,1718273000.0,7193000.0,1087217100.0,0.4105449928363895
トレードワークス,3997,情報・通信業,スタンダード（内国株式）,JP,2025-12-31,東京都,17774143488.0,6.477902,8.204159,289.33334,-3.0259080657997206,1.3422999,0.0,1.5,52.9,-45.036499189319265,5052458000.0,259798000.0,0.02894,56888000.0,0.03183,0.07831,0.4441812714402226,2142244000.0,1391084000.0,2050833000.0,1080020000.0,973074000.0,455871000.0,227698700.0,0.012810670745047605
すららネット,3998,情報・通信業,グロース（内国株式）,JP,2025-12-31,東京都,1968600832.0,0.89157635,5.2173915,,33.297066697761196,0.0,0.0,-0.59,59.8,11.232220645584578,1932007000.0,65626000.0,0.01285,-3780000.0,-0.00833,-0.00714,0.8829166658270852,275189000.0,263968000.0,1155735000.0,,767888000.0,,880546000.0,0.44729535093481054
レゾナック・ホールディングス,4004,化学,プライム（内国株式）,JP,2025-12-31,東京都,3456785186816.0,4.8687997,76.64834,119.233406,9.777329157114691,0.405,0.003408495,160.19,249.19,406.61000060126037,1347125000000.0,46676000000.0,0.07192,29031000000.0,0.026659999,0.05466,0.3317246738180577,1379110000000.0,473036000000.0,852979000000.0,969527000000.0,261971000000.0,22237000000.0,-510565100000.0,-0.14769940057232045
住友化学,4005,化学,プライム（内国株式）,JP,2025-03-31,東京都,975489990656.0,0.93910974,15.165597,15.900403,15.284466282535403,0.3634,0.022750251,37.15,38.95,23.579999993559813,,,-0.04599,,0.02617,0.099870004,0.261874001390785,2365369000000.0,1038747000000.0,1583134000000.0,1286128000000.0,209838000000.0,177405000000.0,-658051500000.0,-0.6745855993432304
住友精化,4008,化学,プライム（内国株式）,JP,2025-03-31,大阪府,85317910528.0,0.8608138,,11.2322235,10.785913566299845,0.3745,0.03432137,117.43,,90.11743839707367,,,0.113170005,,0.05175,0.07757,0.6663652036288613,47220000000.0,40520000000.0,80122000000.0,18863000000.0,16863000000.0,1198000000.0,33740600000.0,0.3954691317589976
ヘッドウォータース,4011,情報・通信業,グロース（内国株式）,JP,2025-12-31,東京都,14581252096.0,6.8556075,35.66841,172.79306,90.08871240198397,0.0,0.0,13.82,66.95,65.37999981305414,3900040000.0,229251000.0,0.10697,57656000.0,0.02026,0.08247,0.3454062888324599,2496173000.0,2493782000.0,1580604000.0,1900000000.0,625145000.0,67524000.0,-868302200.0,-0.059549220758496925
アクシス,4012,情報・通信業,スタンダード（内国株式）,JP,2025-12-31,東京都,6919320576.0,1.686934,10.754339,10.937607,9.644364203891294,0.31239998,0.028732043,147.29,149.8,137.4200087494112,8134225000.0,888319000.0,0.1506,642849000.0,0.08174,0.17948,0.7542883006712283,1327856000.0,985414000.0,4804343000.0,,3430554000.0,50211000.0,3511634700.0,0.5075114906773182
勤次郎,4013,情報・通信業,グロース（内国株式）,JP,2025-12-31,東京都,11286704128.0,1.0988463,,11.124054,17.1496242831746,0.19409999,0.017123288,51.51,,23.596240349775872,5370470000.0,1521378000.0,0.24493,1013085000.0,0.18111,0.10009,0.7462959515034093,3484224000.0,1525349000.0,6030355000.0,1873602000.0,4994739000.0,48707000.0,2580225900.0,0.22860756078463937
カラダノート,4014,情報・通信業,グロース（内国株式）,JP,2024-07-31,東京都,2661099264.0,4.685054,51.688313,30.220198,29.437464592218646,0.0,0.0,13.17,7.7,18.3100007920681,,,0.21318,,0.09157,0.20489,0.34049994061889594,683033000.0,477829000.0,926393000.0,300000000.0,483476000.0,,243360000.0,0.09145092905485844
ペイクラウドホールディングス,4015,情報・通信業,グロース（内国株式）,JP,2025-08-31,東京都,6861616640.0,1.4708424,,104.32693,116.5085391036966,0.0,0.0,4.16,,5.269999990760496,10234033000.0,731431000.0,0.08003,143755000.0,0.00662,0.01451,0.48145044963760225,4879390000.0,3873686000.0,6143599000.0,1772490000.0,4373643000.0,32439000.0,1286916300.0,0.18755292921756703
ＭＩＴホールディングス,4016,情報・通信業,スタンダード（内国株式）,JP,2025-11-30,千葉県,1783633536.0,2.5658045,,19.113869,11.222730107251891,0.5561,0.02905028,46.72,,61.54000354509604,5117826000.0,169243000.0,0.048860002,94862000.0,0.0141900005,0.10312,0.34328948298930345,1383649000.0,979711000.0,1547519000.0,726251000.0,817506000.0,14557000.0,174059900.0,0.09758725460519711
クリーマ,4017,情報・通信業,グロース（内国株式）,JP,2025-02-28,東京都,1449542272.0,1.2803564,13.870968,52.69608,,0.0,0.0,4.08,15.5,,,,0.090050004,,0.010650001,0.02414,0.3283398777452372,2261305000.0,2076162000.0,3076699000.0,325506000.0,2440590000.0,,815394000.0,0.5625182623166715
スタメン,4019,情報・通信業,グロース（内国株式）,JP,2025-12-31,愛知県,5040502784.0,3.2394056,25.97285,24.404762,49.29123566845559,0.2552,0.01056338,23.52,22.1,15.619999513243307,3817816000.0,291227000.0,0.09274,208147000.0,0.06172,0.1768,0.6267289543554827,915364000.0,835750000.0,1568774000.0,90012000.0,1105781000.0,31248000.0,675283600.0,0.13397147644547358
ビートレンド,4020,情報・通信業,グロース（内国株式）,JP,2025-12-31,東京都,1489193856.0,2.0713158,,,23.99855221361922,0.0,0.0,-46.99,,27.710004923655827,1159416000.0,-81816000.0,-0.23864001,-101404000.0,-0.14499,-0.20586,0.8576284237157629,129430000.0,111898000.0,642680000.0,,467438000.0,,513250000.0,0.3446495551483124
日産化学,4021,化学,プライム（内国株式）,JP,2025-03-31,東京都,996733353984.0,4.1338425,23.047821,20.162777,13.979021772693605,0.5485,0.027400976,368.6,322.46,313.257484989324,,,0.22062999,,0.17778999,0.20393999,0.7053086348835873,94584000000.0,79218000000.0,210352000000.0,40474000000.0,27454000000.0,24353000000.0,132815100000.0,0.13325038182893195
ラサ工業,4022,化学,プライム（内国株式）,JP,2025-03-31,東京都,74216554496.0,2.4526572,5.578391,17.026615,8.394350846584778,0.3225,0.0,111.59,340.6,60.296836618354945,45421000000.0,4737000000.0,0.12026,3131000000.0,0.09133001,0.14599,0.6081417164797766,17962000000.0,11004000000.0,23581000000.0,8338000000.0,5054000000.0,3234000000.0,7882800000.0,0.10621349985231197
クレハ,4023,化学,プライム（内国株式）,JP,2025-03-31,東京都,148481097728.0,0.8986133,20.661596,,17.883266563181277,0.78339994,0.0,-267.29,188.03,149.47999932695672,,,-0.72428,,-0.06613,-0.05579,0.6063516151266443,134159000000.0,55433000000.0,104774000000.0,80531000000.0,21500000000.0,24696000000.0,-12097800000.0,-0.0814770377180384
多木化学,4025,化学,プライム（内国株式）,JP,2025-12-31,兵庫県,42071126016.0,0.9351409,,12.954634,12.477216250293095,0.1542,0.011952192,389.05,,271.3324678390181,41977000000.0,3164000000.0,0.087969996,3277000000.0,0.07965,0.08172,0.6532374758198407,22326000000.0,11150000000.0,29816000000.0,1265000000.0,7166000000.0,17235000000.0,19554500000.0,0.4647962118380968
神島化学工業,4026,ガラス・土石製品,スタンダード（内国株式）,JP,2025-04-30,大阪府,16855242752.0,4.1816196,8.837542,11.057464,8.101544447041377,0.2682,0.0031545742,167.76,209.9,178.12000274436744,27405000000.0,1793000000.0,0.02612,1433000000.0,0.02259,0.096420005,0.42178907292310697,17769000000.0,13493000000.0,11806000000.0,8927000000.0,1439000000.0,418000000.0,-5670400000.0,-0.33641758136809774
テイカ,4027,化学,プライム（内国株式）,JP,2025-03-31,大阪府,50364764160.0,0.82603186,10.270019,25.174028,17.65518818504093,0.45700002,0.0,87.63,214.8,80.57162502259331,55737000000.0,3526000000.0,0.04658,2422000000.0,-0.0153,-0.01395,0.6659346878714132,28948000000.0,16673000000.0,49963000000.0,12534000000.0,14092000000.0,12235000000.0,29579500000.0,0.5873054404867484
石原産業,4028,化学,プライム（内国株式）,JP,2025-03-31,大阪府,109940432896.0,0.91001874,11.705986,6.60946,7.920002438953231,0.276,0.0,434.68,245.43,219.96704417649676,,,0.17059,,0.1074,0.13666001,0.5076566991119384,110650000000.0,46667000000.0,154830000000.0,68941000000.0,24948000000.0,11488000000.0,52221600000.0,0.4749990392470066
アクセルスペースホールディングス,402A,輸送用機器,グロース（内国株式）,JP,2025-05-31,東京都,61344358400.0,8.173808,,,,0.0,0.0,-65.36,,,1586835000.0,-2495052000.0,-2.78164,-1950803000.0,0.0,,0.3179567728302803,6495187000.0,1545491000.0,9396800000.0,5337939000.0,5006833000.0,,2901613000.0,0.04730040505240658
片倉コープアグリ,4031,化学,スタンダード（内国株式）,JP,2025-03-31,東京都,10686509056.0,0.4663364,,,-14.707408554510788,0.5116,0.0,-136.97,,-70.28624463607177,41369000000.0,651000000.0,0.0041,350000000.0,-0.028770002,-0.052399997,0.4753862738052461,26231000000.0,21949000000.0,29878000000.0,14851000000.0,2105000000.0,1100000000.0,4417000000.0,0.4133248731511672
南海化学,4040,化学,スタンダード（内国株式）,JP,2025-03-31,大阪府,8422997504.0,0.7671058,,3.0898774,8.187342246783585,0.043899998,0.0,1365.75,,575.0100055713405,20900000000.0,1306000000.0,0.10584,1015000000.0,0.1318,0.28476,0.3737261359085043,13969000000.0,9837000000.0,9505000000.0,5639000000.0,1703000000.0,,-4464000000.0,-0.5299775997654148
日本曹達,4041,化学,プライム（内国株式）,JP,2025-03-31,東京都,192972701696.0,0.9436153,14.167093,10.691693,10.31130381706228,0.4754,0.0,336.71,254.11,272.56000060427664,,,0.07549,,0.120129995,0.092989996,0.6483337209342687,99997000000.0,61910000000.0,129643000000.0,50238000000.0,22267000000.0,63328000000.0,73975600000.0,0.38334748567980165
東ソー,4042,化学,プライム（内国株式）,JP,2025-03-31,東京都,829765058560.0,0.9975644,12.20451,21.21212,10.381143484094151,0.7874,0.037544586,127.05,220.82,180.02993878661744,1063382000000.0,98906000000.0,0.09717,58002000000.0,0.040799998,0.06306,0.6231509427423231,424883000000.0,333493000000.0,754383000000.0,179104000000.0,141548000000.0,70132000000.0,378592400000.0,0.45626457283826943
トクヤマ,4043,化学,プライム（内国株式）,JP,2025-03-31,,354620211200.0,1.2526898,11.715631,15.971097,,0.38880002,0.02453486,308.62,420.72,,,,0.105,,0.063540004,0.078839995,0.5492590407112873,202351000000.0,91338000000.0,234630000000.0,110689000000.0,75544000000.0,36050000000.0,57514000000.0,0.1621847773576646
セントラル硝子,4044,化学,プライム（内国株式）,JP,2025-03-31,東京都,97063747584.0,0.78514355,9.606184,11.605158,5.13857674328083,0.504,0.0,337.35,407.55,503.5499911178592,144233000000.0,10629000000.0,0.0924,5678000000.0,0.05786,0.07511,0.5698614487829169,83772000000.0,49100000000.0,114889000000.0,42321000000.0,25483000000.0,17835000000.0,43601500000.0,0.4492047863932597
東亞合成,4045,化学,プライム（内国株式）,JP,2025-12-31,東京都,184231116800.0,0.86977714,14.699153,14.82732,13.88856030075495,0.5555,0.037507214,116.98,118.0,104.56000008380998,162312000000.0,14182000000.0,0.083009996,12766000000.0,0.08403,0.0646,0.7430068660175368,73162000000.0,47376000000.0,110556000000.0,21812000000.0,24518000000.0,36029000000.0,62614300000.0,0.33986821058015754
大阪ソーダ,4046,化学,プライム（内国株式）,JP,2025-03-31,大阪府,222730698752.0,1.7520481,16.832235,14.623326,31.02398899735077,0.2259,0.0,123.98,107.71,60.16799990958283,96434000000.0,13246000000.0,0.17878,10332000000.0,0.15466,0.12708001,0.7508948582193783,38342000000.0,31385000000.0,92916000000.0,8310000000.0,16339000000.0,28510000000.0,74531000000.0,0.33462383235723925
関東電化工業,4047,化学,プライム（内国株式）,JP,2025-03-31,東京都,190988648448.0,2.638144,36.79558,50.508114,-12.096816342516375,0.3032,0.0,65.93,90.5,-80.23964815419046,62351000000.0,4273000000.0,0.15366,3248000000.0,0.05787,0.053990003,0.5335512105940121,55998000000.0,29180000000.0,57426000000.0,37882000000.0,20294000000.0,8181000000.0,7154700000.0,0.03746138871676445
ＧＭＯフィナンシャルゲート,4051,情報・通信業,プライム（内国株式）,JP,2025-09-30,東京都,47723577344.0,7.348445,34.979424,29.018978,59.452375359413395,0.497,0.017098445,199.18,165.24,121.81020048296695,17927780000.0,2230647000.0,0.10863,1632030000.0,0.084910005,0.26062,0.45227736770036153,7338136000.0,5286476000.0,10852651000.0,2000000000.0,4257275000.0,275230000.0,3707176000.0,0.07768017835876005
フィーチャ,4052,情報・通信業,グロース（内国株式）,JP,2024-06-30,東京都,1491121408.0,2.1579263,20.731707,,-523.5348193810248,0.0,0.0,-9.82,12.3,-1.3485253967151674,,,0.18634,,-0.106750004,-0.06844,0.9502383797985163,38222000.0,38222000.0,698224000.0,,578443000.0,,660002000.0,0.4426212355741324
Ｓｕｎ　Ａｓｔｅｒｉｓｋ,4053,情報・通信業,プライム（内国株式）,JP,2025-12-31,東京都,17524158464.0,1.5472621,10.801059,37.076797,27.469500019550342,0.0,0.0,12.11,41.57,25.410000163935486,14835000000.0,1053000000.0,0.13997,476000000.0,0.04235,0.06239,0.6617418834192067,5449000000.0,3154000000.0,13150000000.0,1777000000.0,10560000000.0,1360000000.0,8653000000.0,0.49377549385757485
日本情報クリエイト,4054,情報・通信業,グロース（内国株式）,JP,2024-06-30,宮崎県,7082531840.0,1.8109965,8.643216,15.140844,19.398671923356815,0.1467,0.009727626,34.08,59.7,30.130000493753666,,,0.14773,,0.09616999,,0.6223534590851705,2103458000.0,1767107000.0,2099882000.0,0.0,961024000.0,380773000.0,262965100.0,0.03712868589094829
ティアンドエスグループ,4055,情報・通信業,グロース（内国株式）,JP,2025-09-30,神奈川県,16819506176.0,5.3405714,29.906916,31.07212,44.19072230693077,0.1382,0.004199916,72.38,75.2,62.179998635220755,4103317000.0,756444000.0,0.21146,509237000.0,0.12647,,0.7952752939018137,749898000.0,683592000.0,3369815000.0,,2599838000.0,93275000.0,2685209500.0,0.15964853378582333
ニューラルグループ,4056,情報・通信業,グロース（内国株式）,JP,2025-12-31,東京都,4228948480.0,2.5217319,0.5761124,,-195.25728276246903,0.0,0.0,-7.3,427.0,-3.9742435673654537,3299035000.0,-6664000.0,-0.35355,-116204000.0,-0.087299995,-0.2336,0.44504897767590146,2320071000.0,1385782000.0,2870194000.0,1909738000.0,2217012000.0,157215000.0,660173500.0,0.15610819169875534
インターファクトリー,4057,情報・通信業,グロース（内国株式）,JP,2025-05-31,東京都,1468986112.0,1.203099,23.79085,17.210402,-61.99730529496946,0.0,0.0,21.15,15.3,-7.7584017194216495,2864934000.0,196286000.0,0.04208,137570000.0,0.023610001,0.05825,0.559102131352159,931835000.0,918324000.0,1330648000.0,370000000.0,477307000.0,9181000.0,405239700.0,0.27586353382760914
トヨクモ,4058,情報・通信業,グロース（内国株式）,JP,2025-12-31,東京都,22293207040.0,5.5706835,24.188236,20.675783,27.74695252452554,0.2013,0.009573959,99.44,85.0,77.143422188613,4858000000.0,1606000000.0,0.43269002,1085000000.0,0.24507,0.36056998,0.617925971245029,2479000000.0,2373000000.0,4802000000.0,,4407000000.0,29000000.0,2343300000.0,0.10511273661952228
まぐまぐ,4059,情報・通信業,スタンダード（内国株式）,JP,2025-09-30,東京都,1087250176.0,1.2062846,130.0,50.0,-19.408861524086625,0.0,0.0,7.28,2.8,-30.037825725970077,438853000.0,20234000.0,0.03604,14267000.0,0.04656,0.024549998,0.8474409754698955,152179000.0,152178000.0,960806000.0,,928339000.0,11182000.0,816454400.0,0.7509351739116205
ｒａｋｕｍｏ,4060,情報・通信業,グロース（内国株式）,JP,2025-12-31,東京都,6109139968.0,3.2068937,18.81508,24.934572,23.260511372019337,0.2142,0.008628955,42.03,55.7,38.769998781858426,1830057000.0,428095000.0,0.2243,272306000.0,0.13655,0.1507,0.4524201636227064,2283921000.0,1101213000.0,2013889000.0,1216245000.0,1818791000.0,24546000.0,-252849800.0,-0.04138877179512021
デンカ,4061,化学,プライム（内国株式）,JP,2025-03-31,東京都,345143640064.0,1.1108439,21.817785,22.008465,-14.891681406153713,0.5491,0.025119316,181.93,183.52,-142.73034824452753,,,0.085880004,,0.04085,0.03478,0.4518280990424352,347222000000.0,230501000000.0,270455000000.0,217679000000.0,37002000000.0,48702000000.0,-42675600000.0,-0.12364591157492186
イビデン,4062,電気機器,プライム（内国株式）,JP,2025-03-31,岐阜県,5703590215680.0,10.368847,66.10889,94.58646,18.006481204917442,0.1163,0.0011924637,215.94,308.96,113.0950000718588,,,0.14062999,,0.15308,0.12167,0.4534531341870639,584388000000.0,327717000000.0,549580000000.0,343060000000.0,390656000000.0,58797000000.0,6349900000.0,0.0011133163077780728
信越化学工業,4063,化学,プライム（内国株式）,JP,2025-03-31,東京都,13751490183168.0,3.0800838,22.4608,29.297047,16.045524244923357,0.41979998,0.015095415,252.79,329.73,269.2800000534908,,,0.21435,,0.18433,0.106800005,0.8271775845052719,799019000000.0,537094000000.0,3209652000000.0,16841000000.0,1708438000000.0,134632000000.0,2504875400000.0,0.18215301517402088
日本カーバイド工業,4064,化学,プライム（内国株式）,JP,2025-03-31,東京都,29514995712.0,0.76743215,13.69537,11.3201475,15.63786458486856,0.32889998,0.0,279.59,231.1,106.32978325966883,48727000000.0,3494000000.0,0.07082,2211000000.0,0.05224,0.075229995,0.5637626262626263,25456000000.0,15030000000.0,38453000000.0,9605000000.0,14538000000.0,387000000.0,13267900000.0,0.44953081238651954
ベイシス,4068,情報・通信業,グロース（内国株式）,JP,2024-06-30,東京都,3209922304.0,1.4994102,,28.072716,134.20478371501272,0.0,0.0,62.16,,9.180000637057644,,,0.04246,,0.01421,0.05623,0.4943551287665708,2015997000.0,1711622000.0,3265555000.0,988750000.0,970857000.0,,1249558000.0,0.38927982725403687
ＢｌｕｅＭｅｍｅ,4069,情報・通信業,グロース（内国株式）,JP,2025-03-31,東京都,2905075200.0,1.1508743,,25.349651,26.73992855345624,0.0,0.0,34.32,,49.13999666727457,2349515000.0,31254000.0,0.00246,-17143000.0,0.04006,0.04783,0.6458447337770937,1362094000.0,1262876000.0,3466162000.0,69936000.0,1712242000.0,117043000.0,2185998100.0,0.7524755641437441
プラスアルファ・コンサルティング,4071,情報・通信業,プライム（内国株式）,JP,2025-09-30,東京都,110851817472.0,6.8908634,20.665401,27.952965,30.484181473930096,0.3099,0.011253395,93.55,126.54,72.23381646032972,17084345000.0,6378692000.0,0.41122,3258678000.0,0.2151,0.29786,0.7939265305929639,3819854000.0,3658016000.0,16865546000.0,,14664506000.0,,13045692000.0,0.11768586476532245
電算システムホールディングス,4072,情報・通信業,プライム（内国株式）,JP,2025-12-31,岐阜県,32360507392.0,1.2962103,11.082569,11.138979,14.075381940766471,0.33200002,0.030938467,271.12,272.5,173.82996460258147,68131000000.0,3625000000.0,0.0713,2896000000.0,0.04245,0.12356,0.35646486861905313,44232000000.0,43008000000.0,60999000000.0,629000000.0,22666000000.0,2811000000.0,18734700000.0,0.5789371524079223
ジィ・シィ企画,4073,情報・通信業,グロース（内国株式）,JP,2024-06-30,千葉県,1256232320.0,6.789844,,,34.314757720173,0.0,0.0,-85.31,,28.529998899699777,,,0.09405,,-0.03741,-0.35566002,0.23540280815475448,1349407000.0,1113797000.0,1516584000.0,956264000.0,769221000.0,,167177000.0,0.13307809179754268
ラキール,4074,情報・通信業,グロース（内国株式）,JP,2025-12-31,,5092796416.0,1.619867,6.049737,19.171509,15.244160571810347,0.0,0.0,39.59,125.46,47.100002431602086,7728364000.0,445486000.0,0.005,287613000.0,0.0,0.0,0.6150052066678146,2326976000.0,2070255000.0,3551095000.0,908047000.0,2345908000.0,705933000.0,1718272100.0,0.33739265418144687
ブレインズテクノロジー,4075,情報・通信業,グロース（内国株式）,JP,2024-07-31,東京都,6318879744.0,3.7279494,32.987804,34.20803,89.25926458072077,0.0,0.0,31.63,32.8,8.099999517093957,,,0.25916,,0.13527,0.11757,0.8367783363591316,303701000.0,277756000.0,1449170000.0,6000000.0,1309861000.0,,1145469000.0,0.18127722735784985
シイエヌエス,4076,情報・通信業,グロース（内国株式）,JP,2025-05-31,東京都,4870392320.0,1.1718944,,9.041864,10.276967974860078,0.2643,0.028258363,185.36,,158.7500081727376,7004976000.0,555337000.0,0.09929,427349000.0,0.07206,0.13597,0.7527716057679895,1300386000.0,861986000.0,4505570000.0,7825000.0,3666604000.0,5000000.0,3208684000.0,0.6588142780251427
堺化学工業,4078,化学,プライム（内国株式）,JP,2025-03-31,大阪府,60785188864.0,0.78372556,14.627856,25.228775,9.508625732860189,0.9203,0.0,157.36,271.4,278.909997696614,,,0.05404,,0.03379,0.03635,0.6348413464267469,43936000000.0,27910000000.0,71416000000.0,21918000000.0,16183000000.0,5120000000.0,31064000000.0,0.5110455454782281
ＵＮＩＣＯＮホールディングス,407A,建設業,スタンダード（内国株式）,JP,2025-06-30,宮城県,8470034432.0,2.1745923,,8.516565,,0.1492,0.0,100.51,,,17620881000.0,1710530000.0,0.08124,1117118000.0,0.047280002,,0.3024079539460413,8694052000.0,8070314000.0,8801743000.0,4204230000.0,2426460000.0,92101000.0,172161700.0,0.02032597404203799
第一稀元素化学工業,4082,化学,プライム（内国株式）,JP,2025-03-31,大阪府,52619296768.0,1.3685939,35.37338,20.972088,19.115073775213624,0.2696,0.0,103.9,61.6,46.87000079021177,33641000000.0,2283000000.0,0.06856,792000000.0,0.07032,0.06513,0.5855700033974736,26272000000.0,8708000000.0,31932000000.0,21263000000.0,8920000000.0,873000000.0,6271100000.0,0.11917871171196873
エア・ウォーター,4088,化学,プライム（内国株式）,JP,2025-03-31,大阪府,601694666752.0,1.3528857,12.102351,56.137726,11.324650917700174,1.7175,0.03064332,46.76,216.9,194.51999975619225,1075929000000.0,70981000000.0,0.027490001,49074000000.0,0.00714,0.016619999,0.4136618915025329,713291000000.0,327857000000.0,456594000000.0,418228000000.0,70609000000.0,95302000000.0,-189985600000.0,-0.31575084589923114
日本酸素ホールディングス,4091,化学,プライム（内国株式）,JP,2025-03-31,東京都,2758575390720.0,2.2660363,23.029667,22.269978,18.917717877441806,0.2166,0.009684473,286.17,276.73,244.65472590381626,1308024000000.0,160892000000.0,0.14,98779000000.0,0.091120005,0.1121,0.40544711617787965,1397268000000.0,395285000000.0,565776000000.0,850566000000.0,144528000000.0,58482000000.0,-790554600000.0,-0.28658074840349457
日本化学工業,4092,化学,プライム（内国株式）,JP,2025-03-31,東京都,38568157184.0,0.7680737,11.533472,13.403087,12.090364977643475,0.3621,0.0,331.64,385.4,180.2925501757569,38843000000.0,3343000000.0,0.03871,2559000000.0,0.07202,0.05985,0.6177218560681712,28711000000.0,20106000000.0,31448000000.0,15075000000.0,7927000000.0,4548000000.0,5920600000.0,0.1535100568003327
東邦アセチレン,4093,化学,スタンダード（内国株式）,JP,2025-03-31,宮城県,13813983232.0,0.73895526,,10.72973,9.450304555740274,0.37849998,0.0,37.0,,37.026804716709805,,,0.07022,,0.03719,0.06689,0.5440881854667049,13249629000.0,10881207000.0,19489581000.0,3836799000.0,9495192000.0,2210125000.0,7787039500.0,0.5637070328825486
日本化学産業,4094,化学,スタンダード（内国株式）,JP,2025-03-31,東京都,40011378688.0,0.8135193,,17.526213,11.961137282566096,0.7676,0.0,117.31,,121.17322915595764,,,0.12793,,0.08137,0.046880003,0.8559027124305363,7825047000.0,5663603000.0,28502318000.0,263800000.0,15418395000.0,8854753000.0,26875598100.0,0.6716988762014439
日本パーカライジング,4095,化学,プライム（内国株式）,JP,2025-03-31,東京都,163353853952.0,0.8116691,,12.87323,9.857449200293152,0.4268,0.0,117.22,,114.43000030936169,132281000000.0,15001000000.0,0.101780005,13112000000.0,0.093660004,0.06426,0.7304658559401309,43953000000.0,32617000000.0,137868000000.0,450000000.0,77808000000.0,34482000000.0,118052400000.0,0.7226790011008163
高圧ガス工業,4097,化学,プライム（内国株式）,JP,2025-03-31,大阪府,61441392640.0,0.7300112,,13.187203,10.25380837431444,0.4738,0.0,84.4,,86.67999999782575,,,0.062080003,,0.04723,0.057189997,0.6416166642275233,43303000000.0,29468000000.0,64644000000.0,11591000000.0,29985000000.0,13655000000.0,30899500000.0,0.5029101501824292
チタン工業,4098,化学,スタンダード（内国株式）,JP,2025-03-31,山口県,3393137152.0,0.6420398,,36.96498,-1.8612839190477644,0.32490003,0.0,30.84,,-566.4306875962806,7794000000.0,165000000.0,0.045050003,200000000.0,0.06617,0.09889,0.36513722126929676,8342000000.0,4947000000.0,7105000000.0,6529000000.0,825000000.0,534000000.0,-863200000.0,-0.25439584706772267
四国化成ホールディングス,4099,化学,プライム（内国株式）,JP,2025-12-31,香川県,270740111360.0,2.803564,33.20955,32.384895,10.612187565876138,0.2848,0.008308157,193.3,188.5,191.37062451142188,70705000000.0,10871000000.0,0.21350999,8459000000.0,0.12981,0.10463,0.6495225168452179,49806000000.0,28184000000.0,82087000000.0,24352000000.0,35534000000.0,27465000000.0,51506500000.0,0.19024332870836563
オリオンビール,409A,食料品,プライム（内国株式）,JP,2025-03-31,沖縄県,47957336064.0,2.564479,,9.964006,,0.0,0.0,113.91,,,26009000000.0,2851000000.0,0.02181,4649000000.0,0.12254,0.19444999,0.37281572481572484,31908000000.0,11938000000.0,18166000000.0,17066000000.0,13203000000.0,2633000000.0,-11898900000.0,-0.24811428191342166
戸田工業,4100,化学,スタンダード（内国株式）,JP,2025-03-31,広島県,9965868032.0,1.0900956,3.1965842,,-2.904433119240436,0.0,0.0,-597.36,538.7,-620.08658008658,31667000000.0,-646000000.0,0.01017,-3563000000.0,-0.12321,-0.31799,0.21958872750236816,38895000000.0,20179000000.0,25807000000.0,27764000000.0,8078000000.0,3374000000.0,-10726200000.0,-1.0762936018777898
丸尾カルシウム,4102,化学,スタンダード（内国株式）,JP,2025-03-31,兵庫県,3038718464.0,0.30150637,,10.582207,12.705066996445238,0.2228,0.0,134.66,,108.04001584820404,12843448000.0,5725000.0,0.00803,148628000.0,0.02318,0.02898,0.5810005364032506,6660814000.0,3241613000.0,8564328000.0,2301323000.0,2389815000.0,4551328000.0,5089443600.0,1.6748651315661995
伊勢化学工業,4107,化学,スタンダード（内国株式）,JP,2025-12-31,東京都,222175870976.0,5.4973598,4.534581,34.131832,32.22147939244294,0.3058,0.0083961245,127.74,961.5,99.51800004105534,39258000000.0,9485000000.0,0.2224,6498000000.0,0.16222,0.16954,0.785435656179555,10946000000.0,9310000000.0,32614000000.0,567000000.0,4503000000.0,,21668000000.0,0.09752634210373201
ステラ　ケミファ,4109,化学,プライム（内国株式）,JP,2025-03-31,大阪府,88982315008.0,1.8143013,24.855099,28.180447,16.186973223547717,0.65779996,0.0,258.69,293.3,241.0,,,0.108380005,,0.083100006,0.06549,0.7369452449567724,15734000000.0,9784000000.0,29839000000.0,5373000000.0,16643000000.0,3163000000.0,16319100000.0,0.18339711659033398
ＧＭＯコマース,410A,サービス業,グロース（内国株式）,JP,2025-12-31,東京都,5726727168.0,2.155852,,12.329418,,0.4783,0.0,84.27,,,2459803000.0,523639000.0,0.22253999,342790000.0,0.14156,,0.6874392685180875,1262204000.0,1221947000.0,3688879000.0,,2907986000.0,,2426675000.0,0.4237455231951431
保土谷化学工業,4112,化学,プライム（内国株式）,JP,2025-03-31,東京都,35868291072.0,0.6821499,3.894646,11.739289,7.8807967539395145,0.2603,0.0,192.09,579.0,199.98633195994282,,,0.09449001,,0.06357,0.07706,0.608567707681134,21330000000.0,13880000000.0,36381000000.0,8787000000.0,10774000000.0,10223000000.0,22207100000.0,0.6191290227745367
田岡化学工業,4113,化学,スタンダード（内国株式）,JP,2025-03-31,大阪府,10746468352.0,0.5496914,6.7144136,7.009346,11.07769947005891,0.3364,0.0,107.0,111.7,103.1800035198483,,,0.0356,,0.04619,0.080579996,0.6083796494228303,11908000000.0,8282000000.0,16226000000.0,1490000000.0,1182000000.0,88000000.0,4379600000.0,0.40753853792208145
日本触媒,4114,化学,プライム（内国株式）,JP,2025-03-31,大阪府,300980764672.0,0.75880873,20.873041,18.171276,14.917765707159202,1.0077,0.056246888,112.1,97.59,113.85966864571537,,,0.02332,,0.04192,0.04379,0.7045390584907083,151125000000.0,107171000000.0,255451000000.0,41391000000.0,54565000000.0,38479000000.0,131261300000.0,0.4361119227770077
大日精化工業,4116,化学,プライム（内国株式）,JP,2025-03-31,東京都,72016240640.0,0.5500484,,8.912731,12.675865789029015,0.40150002,0.0,118.37,,51.981707438315325,124760000000.0,7007000000.0,0.047859997,10289000000.0,0.06518,0.061090004,0.6504847955118302,66290000000.0,50069000000.0,110147000000.0,21042000000.0,24251000000.0,18514000000.0,56816800000.0,0.7889442644475145
カネカ,4118,化学,プライム（内国株式）,JP,2025-03-31,東京都,321482686464.0,0.6493751,12.198076,10.684334,9.483727408457636,0.32029998,0.0,499.61,437.61,399.66999945029386,,,0.044239998,,0.03817,0.06426,0.5128920178711353,427727000000.0,294933000000.0,444524000000.0,223058000000.0,45639000000.0,61184000000.0,59625800000.0,0.1854712633387085
日本ピグメントホールディングス,4119,化学,スタンダード（内国株式）,JP,2025-03-31,東京都,9150220288.0,0.40871167,,7.894915,6.013140618824778,0.1354,0.0,738.45,,471.86601950282886,37921166000.0,176568000.0,0.04737,5026157000.0,0.027449999,0.05366,0.4453305064701674,22825288000.0,15569276000.0,25205310000.0,6636548000.0,4261463000.0,9069841000.0,8728910700.0,0.9539563447939583
スガイ化学工業,4120,化学,スタンダード（内国株式）,JP,2025-03-31,和歌山県,3081738752.0,0.368455,,6.681962,7.328049467426474,0.255,0.0,353.04,,374.5061255742726,6622426000.0,541314000.0,0.13972999,363122000.0,0.071669996,0.0583,0.6493472829413546,4024450000.0,2786327000.0,5501903000.0,1986835000.0,409418000.0,1763585000.0,2711962500.0,0.880010512974203
大阪油化工業,4124,化学,スタンダード（内国株式）,JP,2025-09-30,大阪府,2212262400.0,1.681835,,21.23182,25019.05956611092,0.4791,0.0,123.07,,0.059571736862029934,1178074000.0,139088000.0,0.055560004,-32110000.0,0.06673,0.04378,0.8875723225437276,208657000.0,201543000.0,1103935000.0,,872761000.0,,895278000.0,0.404688883199389
三和油化工業,4125,化学,スタンダード（内国株式）,JP,2025-03-31,愛知県,11107527680.0,0.83314484,10.090267,10.361504,10.671645331961015,0.2015,0.0,248.13,254.8,136.9814664450156,,,0.093030006,,0.052849997,0.07941,0.5972919736357465,8123370000.0,4174105000.0,6077525000.0,5062006000.0,1626575000.0,660720000.0,-1583341000.0,-0.142546662553084
オーバーラップホールディングス,414A,情報・通信業,グロース（内国株式）,JP,2025-08-31,東京都,18107240448.0,2.2081249,,8.633025,,0.0,0.039262474,104.83,,,8535000000.0,3027000000.0,0.31301,2067000000.0,0.2323,,0.43757738896366083,10447000000.0,2934000000.0,6539000000.0,6638000000.0,2796000000.0,73000000.0,-3856900000.0,-0.2130031912414355
協和キリン,4151,医薬品,プライム（内国株式）,JP,2025-12-31,東京都,1276522659840.0,1.4298916,17.57604,19.046318,20.497795082657266,0.48409998,0.02586027,128.03,138.74,113.0600000412432,496826000000.0,102275000000.0,0.14547,67040000000.0,0.1428,0.08457,0.8063582041052119,214528000000.0,181078000000.0,493348000000.0,,218769000000.0,16566000000.0,290416200000.0,0.2275057146548428
ＧＭＯ　ＴＥＣＨホールディングス,415A,サービス業,グロース（内国株式）,JP,2025-12-31,,7553835520.0,2.1212494,,3.6792407,,0.18959999,0.0,1300.54,,,6923000000.0,520000000.0,0.05564,1539000000.0,0.2223,,0.6983406113537118,1727000000.0,1592000000.0,4585000000.0,166000000.0,2765000000.0,510000000.0,3215000000.0,0.4256115971135151
プレイド,4165,情報・通信業,グロース（内国株式）,JP,2025-09-30,東京都,22920280064.0,4.4072,133.17422,30.016138,125.09554257136799,0.0,0.0,18.59,4.19,7.849999926574212,13396474000.0,1431875000.0,0.07645,1099057000.0,0.052550003,0.15963,0.49600118064378457,4836619000.0,3624349000.0,8325908000.0,1821026000.0,6601979000.0,338961000.0,3726561700.0,0.16258796531256905
かっこ,4166,情報・通信業,グロース（内国株式）,JP,2025-12-31,東京都,1768027776.0,2.646747,,,-6.460750073520474,0.0,0.0,-50.44,,-94.10672028498693,819443000.0,-133365000.0,-0.106479995,-137687000.0,-0.15092,-0.17296,0.7008709532598394,299832000.0,221051000.0,876137000.0,186648000.0,762439000.0,64487000.0,621445900.0,0.35149102770656926
ココペリ,4167,情報・通信業,グロース（内国株式）,JP,2025-03-31,東京都,2162372096.0,1.429161,15.955057,,92.01877388019429,0.0,0.0,-54.53,17.8,4.260000252887225,2007546000.0,197863000.0,-0.01327,125877000.0,-0.23549,-0.24232,0.7836976644610879,525887000.0,383596000.0,1570180000.0,175739000.0,1394162000.0,,1044293000.0,0.4829386218642733
ヤプリ,4168,情報・通信業,グロース（内国株式）,JP,2025-12-31,東京都,9251608576.0,2.861615,,10.11032,15.041514601755198,0.1815,0.0,71.61,,57.57999882308009,6056126000.0,882765000.0,0.23256999,920605000.0,0.15192,0.35749,0.6252066613844112,1775251000.0,841776000.0,3283811000.0,1162811000.0,2204480000.0,,1508560000.0,0.16305921155305048
ＥＮＥＣＨＡＮＧＥ,4169,情報・通信業,グロース（内国株式）,JP,2025-03-31,東京都,8959247360.0,1.8725082,7.0608106,68.30065,-21.26717183398476,0.0,0.0,3.06,29.6,-44.01149373816973,4379001000.0,-2125018000.0,0.03291,-4985167000.0,0.01941,0.02786,0.6141174061057695,2860063000.0,2393447000.0,5475642000.0,1114350000.0,4263507000.0,1419994000.0,3609574800.0,0.4028881729636718
富士ユナイトホールディングス,416A,卸売業,スタンダード（内国株式）,JP,2025-03-31,東京都,7622453760.0,0.77781916,,10.503819,,0.5639,0.0,109.96,,,68344000000.0,800000000.0,0.02003,717000000.0,0.0096700005,0.07485,0.45955759399933116,11312000000.0,8483000000.0,13844000000.0,2030000000.0,5741000000.0,110000000.0,2609000000.0,0.3422782324625082
Ｋａｉｚｅｎ　Ｐｌａｔｆｏｒｍ,4170,情報・通信業,グロース（内国株式）,JP,2025-12-31,東京都,2211605760.0,0.7507161,10.833333,75.58139,-16.72394708533217,0.0,0.0,1.72,12.0,-10.165064451148583,4354800000.0,29197000.0,-0.04991,29815000.0,-0.01204,-0.017760001,0.6986999773750251,1286436000.0,772389000.0,3580365000.0,716459000.0,2966703000.0,112361000.0,2372581700.0,1.0727869057458053
グローバルインフォメーション,4171,情報・通信業,スタンダード（内国株式）,JP,2025-12-31,神奈川県,4971934208.0,1.9729906,,21.457853,12.445287066311508,0.768,0.035820894,78.06,,106.32999994262667,2567624000.0,318054000.0,0.22099,232163000.0,0.06695,0.06201,0.7953091092343846,648442000.0,327193000.0,3074331000.0,,2700442000.0,,2425889000.0,0.48791655289739505
Ｈｉクラテス,4172,情報・通信業,スタンダード（内国株式）,JP,2025-09-30,岡山県,4992578048.0,1.1445615,12.146341,11.042129,9.932259216830069,0.4338,0.0,202.95,184.5,180.34936183429775,2406943000.0,549606000.0,0.29674998,448093000.0,0.18457001,0.10654,0.88863668515345,525850000.0,466264000.0,2442113000.0,,1497087000.0,1284780000.0,2815609000.0,0.5639589352294488
アピリッツ,4174,情報・通信業,スタンダード（内国株式）,JP,2026-01-31,東京都,2525054720.0,1.3575577,4.608567,,70.42077227002471,3.7225,0.045307443,-115.32,135.4,10.809999814220765,9955206000.0,-309393000.0,-0.07902,-465332000.0,-0.04671,-0.21862,0.32618887510632016,3843734000.0,2867792000.0,4479922000.0,1873380000.0,2118468000.0,,636188000.0,0.25195018347958814
ｃｏｌｙ,4175,情報・通信業,グロース（内国株式）,JP,2026-01-31,,12194073600.0,2.2477562,,168.64536,-13.568456512944612,0.0,0.0,13.14,,-99.27437204924021,7020100000.0,-144076000.0,0.07338,72693000.0,0.01026,0.01349,0.7942324147151042,1405849000.0,1312987000.0,4084298000.0,254156000.0,2003794000.0,1999606000.0,4078173200.0,0.33443895237765336
ココナラ,4176,情報・通信業,グロース（内国株式）,JP,2025-08-31,東京都,5734376960.0,2.2382514,42.666668,19.646969,33.6,0.0,0.0,13.03,6.0,10.0,9410783000.0,256122000.0,0.05957,306904000.0,0.03128,0.11735,0.38145766623021377,3907973000.0,2778232000.0,4248143000.0,1224189000.0,2936000000.0,,340170000.0,0.05932117863419987
ｉ‐ｐｌｕｇ,4177,情報・通信業,グロース（内国株式）,JP,2025-03-31,大阪府,5978227712.0,3.150228,10.7681265,12.468827,-22.799825405500815,0.4491,0.0,120.3,139.3,-49.15378130770912,5084450000.0,578502000.0,0.19096,597925000.0,0.08304,0.2904,0.3650643624171605,2427778000.0,2282300000.0,2866785000.0,420818000.0,2509422000.0,15393000.0,449782100.0,0.07523669583498127
Ｓｈａｒｉｎｇ　Ｉｎｎｏｖａｔｉｏｎｓ,4178,情報・通信業,グロース（内国株式）,JP,2025-12-31,東京都,1976620800.0,1.2104234,7.597122,86.27451,20.384728137908887,0.0,0.0,6.12,69.5,34.82999602430967,4458053000.0,100371000.0,0.04344,23971000.0,0.01169,0.03111,0.6908176652322867,720444000.0,517964000.0,1778866000.0,258230000.0,1178849000.0,,1058422000.0,0.5354704351993058
ジーネクスト,4179,情報・通信業,グロース（内国株式）,JP,2025-03-31,東京都,1660498560.0,21.281034,,,-9.304377024348904,0.0,0.0,-13.32,,-35.57465471721493,691648000.0,-174244000.0,0.04749,-218573000.0,-0.070939995,,0.318727530684843,360620000.0,255021000.0,520117000.0,135174000.0,418302000.0,,159497000.0,0.09605368161234659
ブルーゾーンホールディングス,417A,小売業,プライム（内国株式）,JP,2025-03-31,埼玉県,343040327680.0,1.7189755,,14.545926,18.709444479002862,0.949,0.018867925,115.84,,88.18799981901229,736400000000.0,33411000000.0,-0.00404,20176000000.0,0.02902,0.12413,0.4813905147711626,190277000000.0,90311000000.0,92983000000.0,80848000000.0,50226000000.0,909000000.0,-96657700000.0,-0.28176774624051104
Ａｐｐｉｅｒ　Ｇｒｏｕｐ,4180,情報・通信業,プライム（内国株式）,JP,2025-12-31,東京都,94824292352.0,2.5117407,20.073467,37.21955,51.17800618011297,0.09,0.0024429967,24.96,46.28,28.47000011428852,43737000000.0,2976000000.0,0.0152900005,2558000000.0,0.055760004,0.07372,0.6140635072813528,23348000000.0,15494000000.0,36562000000.0,11111000000.0,11734000000.0,521000000.0,13578700000.0,0.14319853766579257
三菱瓦斯化学,4182,化学,プライム（内国株式）,JP,2025-03-31,東京都,1053129637888.0,1.6271243,19.54335,,10.145501312590207,0.415,0.0,-207.07,276.36,228.93000035970118,,,0.047519997,,-0.05461,-0.049590003,0.5967921420967269,422314000000.0,274929000000.0,460268000000.0,202976000000.0,68246000000.0,233519000000.0,201417300000.0,0.19125594110515448
三井化学,4183,化学,プライム（内国株式）,JP,2025-03-31,東京都,796752543744.0,0.9382045,4.836515,24.074276,19.676998650718037,0.8186,0.033753376,91.55,455.7,85.27999992001529,,,0.03531,,0.020599999,0.04788,0.39382660624442595,1183349000000.0,605927000000.0,1041171000000.0,737977000000.0,170615000000.0,93618000000.0,-76645400000.0,-0.09619724543311467
東京応化工業,4186,化学,プライム（内国株式）,JP,2025-12-31,神奈川県,1322502586368.0,3.2240753,56.50904,39.657715,18.604166771209677,0.2588,0.0028648165,278.13,195.19,187.0999998234828,237029000000.0,47386000000.0,0.08284,33345000000.0,0.061279997,0.05544,0.6791542893955119,92994000000.0,59373000000.0,172773000000.0,26483000000.0,70962000000.0,31912000000.0,102117400000.0,0.07721527432354282
大阪有機化学工業,4187,化学,プライム（内国株式）,JP,2025-11-30,大阪府,115312328704.0,2.2198098,32.655647,16.831419,13.564502214518885,0.2228,0.013157895,336.87,173.63,191.2516836734332,36265691000.0,6187165000.0,0.20202999,6887536000.0,0.19385,0.14998999,0.7800629770116251,13177224000.0,11218505000.0,37806078000.0,1337923000.0,15922597000.0,7544551000.0,29910039700.0,0.2593828434145782
三菱ケミカルグループ,4188,化学,プライム（内国株式）,JP,2025-03-31,東京都,1515459706880.0,0.8602381,12.234042,,23.4075304374902,1.2279,0.028609745,-60.4,91.18,31.630000010700243,,,-0.083859995,,0.00319,-0.00696,0.2952811708441207,3610050000000.0,1500158000000.0,2061560000000.0,2040987000000.0,326144000000.0,203645000000.0,-1405938500000.0,-0.9277307035068058
ＫＨネオケム,4189,化学,プライム（内国株式）,JP,2025-12-31,東京都,96973864960.0,1.3921229,10.867007,12.692449,8.6522129307067,0.4813,0.03786513,218.24,254.9,225.79338284942605,115098000000.0,11250000000.0,0.08186,7799000000.0,0.065960005,0.105270006,0.5355454608342749,57473000000.0,45231000000.0,67253000000.0,18289000000.0,6719000000.0,8640000000.0,15828000000.0,0.16321923444557737
スパイダープラス,4192,情報・通信業,グロース（内国株式）,JP,2025-12-31,東京都,9733039104.0,3.646575,21.92,,-18.52387370846449,0.0,0.0,-0.5,12.5,-21.91766184491304,4895537000.0,-10899000.0,0.0039399997,-17357000.0,-0.00033,-0.00063,0.639592797631532,1500142000.0,1308048000.0,3257042000.0,836677000.0,2477419000.0,,1756900000.0,0.18050888126792428
ファブリカホールディングス,4193,情報・通信業,スタンダード（内国株式）,JP,2025-03-31,東京都,11413195776.0,3.2840915,15.331491,17.857143,14.266142222020935,0.3055,0.0,124.32,144.8,123.28000626716882,9206653000.0,1106417000.0,0.100659996,331666000.0,0.06293,0.18413,0.6810698352931203,1715548000.0,1477980000.0,3765003000.0,249474000.0,2621009000.0,398409000.0,2328341300.0,0.20400432496707924
ビジョナル,4194,情報・通信業,プライム（内国株式）,JP,2024-07-31,東京都,305667637248.0,3.9703789,17.573473,17.631775,29.587601325635106,0.0,0.0,431.04,432.47,262.6100005365411,,,0.24484,,0.19809,0.26342,0.6856933197054276,23928000000.0,21869000000.0,65652000000.0,46000000.0,58107000000.0,687000000.0,42204900000.0,0.13807447978458226
ネオマーケティング,4196,情報・通信業,スタンダード（内国株式）,JP,2025-09-30,東京都,3599002624.0,3.8842456,18.2125,,19.549519513551644,0.0,0.0,-15.08,80.0,58.15999719132925,2306479000.0,10850000.0,0.14479999,26630000.0,-0.01629,-0.04046,0.43946107072056995,1008312000.0,558605000.0,1432157000.0,630624000.0,1018964000.0,,423845000.0,0.11776734953555844
アスマーク,4197,情報・通信業,スタンダード（内国株式）,JP,2025-11-30,東京都,2734102272.0,1.7298466,,13.774201,11.705188618621538,0.4493,0.0,171.48,,222.07995767221382,4416257000.0,280299000.0,0.04504,199926000.0,0.03545,,0.6301623806702531,934475000.0,838712000.0,1989603000.0,,1410625000.0,41048000.0,1083861600.0,0.39642321031654515
テンダ,4198,情報・通信業,スタンダード（内国株式）,JP,2025-05-31,東京都,3668924416.0,1.416028,,891.9355,15.723702987997763,34.375,0.039285716,0.62,,51.11000184771778,5574950000.0,428199000.0,0.082959995,257600000.0,0.00782,0.02688,0.7064914153818136,1082633000.0,895053000.0,2518171000.0,142122000.0,1628738000.0,579000.0,1435943300.0,0.39137990789287497
ワンダープラネット,4199,情報・通信業,グロース（内国株式）,JP,2025-08-31,,1899419264.0,0.5750001,,,25.593593750338712,0.0,0.0,-118.3,,36.2200013426302,2316539000.0,-129649000.0,0.09115,-131578000.0,0.06523,,0.29998377559123357,1389297000.0,724907000.0,1730094000.0,1167504000.0,1255186000.0,,340797000.0,0.17942168243693246
ダイセル,4202,化学,プライム（内国株式）,JP,2025-03-31,大阪府,340823048192.0,0.9665548,6.1165094,34.412067,6.8980427880319795,1.5483999,0.0,38.78,218.18,197.5606562945612,586531000000.0,61011000000.0,0.06217,49480000000.0,0.01756,0.03071,0.4423313931270743,438796000000.0,210353000000.0,395626000000.0,280919000000.0,65142000000.0,56652000000.0,-3513600000.0,-0.010309161949694907
住友ベークライト,4203,化学,プライム（内国株式）,JP,2025-03-31,東京都,589582827520.0,1.6980588,24.230186,21.024967,16.20158135654484,0.3443,0.0,319.62,277.34,208.91000012872001,,,0.12976,,0.08758,0.08806,0.6957570767249592,124210000000.0,82621000000.0,231856000000.0,30680000000.0,103533000000.0,42173000000.0,137167100000.0,0.23265111125602955
積水化学工業,4204,化学,プライム（内国株式）,JP,2025-03-31,大阪府,928120045568.0,1.0903848,11.895276,12.579339,12.97525367370346,0.4379,0.034843206,182.76,193.27,195.93000021497892,,,0.096099995,,0.05742,,0.606669291681758,495421000000.0,340002000000.0,703104000000.0,110829000000.0,142586000000.0,105102000000.0,281254400000.0,0.30303666141363766
日本ゼオン,4205,化学,プライム（内国株式）,JP,2025-03-31,東京都,414071685120.0,1.0982525,18.064947,11.601973,8.151960344101928,0.4073,0.0,186.52,119.79,147.12000005222356,420647000000.0,29320000000.0,0.087419994,26199000000.0,0.08793,0.09865,0.6694424357326719,175795000000.0,152022000000.0,298134000000.0,25960000000.0,27366000000.0,71191000000.0,172172700000.0,0.41580408945398795
アイカ工業,4206,化学,プライム（内国株式）,JP,2025-03-31,愛知県,217225347072.0,1.1403084,13.071622,12.451489,12.17494393480207,0.5003,0.040291972,275.71,262.63,266.28000171152985,,,0.25473,,0.07361,0.10193,0.6019239180998271,98338000000.0,62775000000.0,179554000000.0,28207000000.0,59573000000.0,20750000000.0,95741000000.0,0.44074506631247945
ＵＢＥ,4208,化学,プライム（内国株式）,JP,2025-03-31,東京都,289055506432.0,0.6611144,8.664317,12.114735,-43.19068334741333,0.44759998,0.0,245.61,343.42,-49.60102688956533,,,0.03687,,0.05163,0.05562,0.4564123238789884,453656000000.0,197719000000.0,358377000000.0,330536000000.0,115969000000.0,225502000000.0,62572400000.0,0.21647191839509236
積水樹脂,4212,化学,プライム（内国株式）,JP,2025-03-31,大阪府,63889960960.0,0.64479893,,16.328405,16.894497647142778,0.5517,0.0,130.57,,112.05999889647461,,,0.10326,,0.05086,0.041160002,0.686554953532599,41906000000.0,34035000000.0,54941000000.0,14237000000.0,15842000000.0,16062000000.0,24278400000.0,0.3800033625814881
旭有機材,4216,化学,プライム（内国株式）,JP,2025-03-31,東京都,125100720128.0,1.5467243,11.959059,37.622868,8.38221049522182,0.6778,0.0,177.02,556.9,594.3199988679619,85162000000.0,11121000000.0,0.08336,7624000000.0,0.04153,0.04296,0.7340033279128692,27509000000.0,20165000000.0,69563000000.0,5900000000.0,24059000000.0,2404000000.0,43736800000.0,0.3496126957162962
ニチバン,4218,化学,プライム（内国株式）,JP,2025-03-31,東京都,37597032448.0,0.8533486,15.96401,22.949001,21.18632592770141,0.4928,0.0,81.18,116.7,96.22999942478137,,,0.0401,,0.03273,0.03776,0.638817803943612,24417000000.0,17040000000.0,39756000000.0,2135000000.0,14663000000.0,2889000000.0,17361300000.0,0.461773147229431
ムービン・ストラテジック・キャリア,421A,サービス業,グロース（内国株式）,JP,2025-12-31,東京都,23080974336.0,5.5549912,,19.221035,,0.0,0.0,142.24,,,3799672000.0,1763190000.0,0.49178,1153447000.0,0.30025998,,0.7694385524471903,1117307000.0,1117306000.0,4416485000.0,,4172481000.0,88476000.0,3361111200.0,0.1456225872907621
リケンテクノス,4220,化学,プライム（内国株式）,JP,2025-03-31,東京都,73893470208.0,1.0928947,13.779947,9.762997,8.040504603896661,0.3394,0.03465982,159.07,112.7,114.23712243651667,128141144000.0,10488510000.0,0.09097,7370551000.0,0.05762,0.12100001,0.5569550662415431,40689251000.0,34958052000.0,74322947000.0,11799167000.0,24472764000.0,6194352000.0,37969742400.0,0.5138443531359452
大倉工業,4221,化学,プライム（内国株式）,JP,2025-12-31,香川県,54334533632.0,0.8620733,11.870681,14.343652,7.928296699586221,0.5011,0.034818653,335.34,405.2,363.8876220857998,86658000000.0,6189000000.0,0.09348,3815000000.0,0.04537,0.06516,0.6123365973428568,39911000000.0,34478000000.0,52664000000.0,6732000000.0,7984000000.0,10540000000.0,20131000000.0,0.37050101757280873
児玉化学工業,4222,化学,スタンダード（内国株式）,JP,2025-03-31,東京都,11731408896.0,0.41281712,,0.5160488,-9.213058761853407,0.0,0.0,1463.04,,-31.2960918417384,15842015000.0,162425000.0,0.046880003,-132850000.0,0.28455,1.32612,0.2879802695917755,8624315000.0,7826225000.0,5454244000.0,3929841000.0,1618115000.0,737390000.0,-2653898000.0,-0.22622159226799146
ロンシール工業,4224,化学,スタンダード（内国株式）,JP,2025-03-31,東京都,9478999040.0,0.48070395,,9.301379,524.6960192307693,0.38439998,0.0,221.15,,2.8211805555555554,,,0.06061,,0.046090003,0.05262,0.7340076439022507,6890000000.0,5286000000.0,18051000000.0,494000000.0,7555000000.0,1329000000.0,12091300000.0,1.275588271396217
積水化成品工業,4228,化学,プライム（内国株式）,JP,2025-03-31,東京都,26218602496.0,0.5227135,9.304207,12.189952,20.04910634440442,0.3181,0.028462999,47.17,61.8,23.88461283990914,137072000000.0,642000000.0,0.036340002,-6282000000.0,0.01884,0.04276,0.35900409577357273,86569000000.0,56839000000.0,63592000000.0,39180000000.0,9587000000.0,12579000000.0,-14171700000.0,-0.5405208001518038
群栄化学工業,4229,化学,プライム（内国株式）,JP,2025-03-31,群馬県,29529972736.0,0.5403943,14.046718,14.963515,11.509619143062098,0.3361,0.0,297.39,316.8,307.7385380971259,30545000000.0,2293000000.0,0.043670002,1920000000.0,0.06302,0.040120002,0.789377638135136,11288000000.0,8438000000.0,25285000000.0,735000000.0,9251000000.0,13211000000.0,23244700000.0,0.7871561619040162
タイガースポリマー,4231,化学,スタンダード（内国株式）,JP,2025-03-31,大阪府,18778943488.0,0.40348998,,8.085463,4.13257916363754,0.3184,0.0,119.35,,169.9906053755338,,,0.03799,,0.04694,0.05547,0.722772461711275,14162626000.0,10758460000.0,36702877000.0,2800000000.0,19084283000.0,4916875000.0,25982063500.0,1.3835742951462042
サンエー化研,4234,化学,スタンダード（内国株式）,JP,2025-03-31,東京都,6453377536.0,0.2894576,8.969211,6.7269077,24.41284139832422,0.1807,0.0,99.6,74.7,23.124566605830516,,,0.03225,,0.031519998,0.044689998,0.531551493430973,16792008000.0,13316443000.0,22559598000.0,6083029000.0,6380811000.0,5601274000.0,9688481800.0,1.5013040452000606
ウルトラファブリックス・ホールディングス,4235,化学,スタンダード（内国株式）,JP,2025-12-31,東京都,10624448512.0,0.43078256,6.7035174,18.456005,12.91513136442623,0.96900004,0.026745914,36.14,99.5,67.9363906498638,20553000000.0,1621000000.0,0.15168001,668000000.0,0.27364,0.36705002,0.4576791099095352,20862000000.0,11079000000.0,11141000000.0,16033000000.0,2257000000.0,426000000.0,-9422800000.0,-0.8868977989170193
フジプレアム,4237,化学,スタンダード（内国株式）,JP,2025-03-31,兵庫県,9858319360.0,1.2859794,,,20.034958766976246,0.8197,0.0,-80.52,,20.094496420434776,10620871000.0,220113000.0,-0.00387,262848000.0,-0.28355,-0.26026,0.6274787221314263,5946844000.0,4545678000.0,7157953000.0,4566394000.0,4212977000.0,998838000.0,1910295600.0,0.1937749762653256
ミライアル,4238,化学,スタンダード（内国株式）,JP,2026-01-31,東京都,12599383040.0,0.54798055,10.27266,20.774963,10.646365460414378,0.7452,0.0,67.1,135.7,117.30284890810331,12572137000.0,511959000.0,0.01356,606384000.0,0.0482,0.02665,0.8568848183472851,3839680000.0,3296501000.0,10603696000.0,,4703005000.0,478470000.0,7098945000.0,0.5634359220179721
ライオン事務器,423A,卸売業,スタンダード（内国株式）,JP,2025-09-30,大阪府,10298484736.0,0.7332383,,8.8766,,0.0,0.01650165,34.36,,,37022000000.0,1175000000.0,0.08163,912000000.0,0.02744,,0.4879469987228608,12830000000.0,10395000000.0,18337000000.0,1231000000.0,5945000000.0,255000000.0,5685500000.0,0.5520715081632762
クラスターテクノロジー,4240,化学,スタンダード（内国株式）,JP,2025-03-31,大阪府,1952546688.0,1.113199,,15.569677,32.11839028729966,0.22690001,0.0,22.03,,10.075550821137366,1022740000.0,108734000.0,0.025710002,100655000.0,0.09623,0.07342,0.8995761117195878,184388000.0,172617000.0,1320313000.0,10797000.0,989050000.0,,1135925000.0,0.5817658583946752
アテクト,4241,化学,スタンダード（内国株式）,JP,2025-03-31,,3045952512.0,1.668099,,21.49766,-13.56430733413981,0.31219998,0.0,32.05,,-55.27166587460051,3201630000.0,80638000.0,0.051760003,40176000.0,0.042,0.07964,0.3658628867235573,2971609000.0,1612023000.0,1521474000.0,2354399000.0,467800000.0,,-1450135000.0,-0.47608588587214323
タカギセイコー,4242,化学,スタンダード（内国株式）,JP,2025-03-31,富山県,4450398720.0,0.3521637,,2.751008,-1.6789537916666666,0.0865,0.0,577.97,,-808.1896551724138,,,0.06898,,0.03894,0.13643,0.31114686153678356,21039000000.0,15496000000.0,20709000000.0,7469000000.0,5570000000.0,1479000000.0,705300000.0,0.15848018219814697
ニックス,4243,化学,スタンダード（内国株式）,JP,2025-09-30,神奈川県,2081190272.0,0.4424237,,7.7254696,9.079038046838983,0.1725,0.021762786,115.98,,78.46985357450474,4403000000.0,213372000.0,0.080740005,194094000.0,0.060450003,0.0592,0.7466479342067724,1516757000.0,924102000.0,3891068000.0,197027000.0,2110165000.0,55290000.0,2413014000.0,1.1594393998781867
ダイキアクシス,4245,化学,スタンダード（内国株式）,JP,2025-12-31,愛媛県,8903769088.0,0.88758844,,19.270535,25.354552360423696,0.6895,0.03576751,34.82,,26.46624501126319,48321000000.0,1272000000.0,0.0467,461000000.0,0.0082,0.040149998,0.25329863849024864,28409000000.0,21620000000.0,20016000000.0,17634000000.0,7919000000.0,2131000000.0,-6901300000.0,-0.7750987173848864
ダイキョーニシカワ,4246,化学,プライム（内国株式）,JP,2025-03-31,広島県,69682913280.0,0.7890529,10.9808,8.378207,8.424761965002281,0.4118,0.0,126.28,96.35,81.34000039980678,168561000000.0,10007000000.0,0.05487,6498000000.0,0.052270003,0.09867,0.5650840482938002,64607000000.0,43031000000.0,73097000000.0,27045000000.0,30922000000.0,1480000000.0,9526000000.0,0.13670496182791053
ポバール興業,4247,化学,スタンダード（内国株式）,JP,2025-03-31,愛知県,3340639744.0,0.55427915,,8.963664,17.417928705875262,0.2899,0.0,141.46,,70.47704866137751,3378056000.0,238593000.0,0.09907,80503000.0,0.103190005,0.063779995,0.7977923859671345,1434715000.0,946955000.0,3013957000.0,220000000.0,1025602000.0,681271000.0,2056131700.0,0.6154904023078042
竹本容器,4248,化学,スタンダード（内国株式）,JP,2025-12-31,東京都,10437951488.0,0.8614302,8.739139,13.58141,15.089430720994027,0.56509995,0.041714948,63.69,98.98,52.940000681723944,14491278000.0,991082000.0,0.07816,771051000.0,0.054029997,0.06683,0.7171360524432541,4759759000.0,3150638000.0,9593216000.0,1697481000.0,4548340000.0,10230000.0,4840618000.0,0.4637517242310448
森六,4249,化学,プライム（内国株式）,JP,2025-03-31,東京都,34041976832.0,0.5144784,,13.931689,-3.7668747934146647,0.6733,0.0,170.69,,-532.3699893757645,,,0.07078,,0.01828,0.03783,0.5107835743055666,59725000000.0,52805000000.0,72793000000.0,21018000000.0,19973000000.0,7553000000.0,18355100000.0,0.5391901912918851
恵和,4251,化学,プライム（内国株式）,JP,2025-12-31,東京都,23526316032.0,0.97494125,8.609137,10.414279,6.712436053466845,0.32770002,0.03081664,122.14,147.75,144.73999836417755,20473325000.0,4286668000.0,0.22663,2268882000.0,0.11289,0.10155,0.7711514030986575,7082048000.0,4602981000.0,17754766000.0,2070970000.0,7881543000.0,175549000.0,10795602300.0,0.45887347110852583
ＴＨＥＣＯＯ,4255,情報・通信業,グロース（内国株式）,JP,2025-12-31,東京都,5336515584.0,9.869573,-17.551867,30.652172,-18.902135593220336,0.0,0.0,82.8,-144.6,-33.329567280533276,4831327000.0,197155000.0,0.106309995,174505000.0,0.05846,0.58584,0.1614658434194256,2808806000.0,2728532000.0,2917318000.0,0.0,2044942000.0,,108512000.0,0.020333867350700124
サインド,4256,情報・通信業,グロース（内国株式）,JP,2025-03-31,東京都,6035602432.0,1.7291536,33.501682,35.959522,130.89430757579714,0.0,0.0,27.67,29.7,6.150000064241507,2241255000.0,237080000.0,0.09375,112234000.0,0.06766,0.05057,0.6816258295111466,1548479000.0,762310000.0,2282370000.0,1153600000.0,2071316000.0,,733891000.0,0.1215936616548835
網屋,4258,情報・通信業,グロース（内国株式）,JP,2025-12-31,東京都,27505522688.0,13.989985,,37.913082,40.407341632744185,0.17799999,0.0049310345,88.36,,45.00000175370233,5936430000.0,1051604000.0,0.1975,751735000.0,0.12347,0.37515,0.40762457723602774,4107037000.0,3900213000.0,6125902000.0,932006000.0,4561892000.0,359440000.0,2270473000.0,0.0825460772279944
エクサウィザーズ,4259,情報・通信業,グロース（内国株式）,JP,2025-03-31,東京都,116288831488.0,22.507626,382.8125,67.56757,-73.33333303278688,0.0,0.0,18.13,3.2,-7.500000030737705,9811000000.0,23000000.0,0.15541,-2576000000.0,0.12779,0.42926,0.35022779043280183,4486000000.0,2065000000.0,5229000000.0,2550000000.0,3008000000.0,40000000.0,771000000.0,0.006630043402573536
ハイブリッドテクノロジーズ,4260,情報・通信業,グロース（内国株式）,JP,2025-09-30,東京都,2833442048.0,1.3953073,,1000.0,108.1192869942469,0.0,0.0,0.25,,4.458039017827111,3024742000.0,28941000.0,0.08307,18732000.0,0.00064000004,0.04897,0.5480009528266033,1719662000.0,697268000.0,1334781000.0,1191584000.0,916620000.0,71593000.0,-334765900.0,-0.11814813725810848
アジアクエスト,4261,情報・通信業,グロース（内国株式）,JP,2025-12-31,東京都,5156450816.0,2.5705142,,17.835241,11.6681711391788,0.0,0.0,195.68,,199.2600187524874,4920288000.0,439412000.0,0.058080003,290954000.0,0.05348,0.1432,0.6722185216687333,959577000.0,838794000.0,2429017000.0,154049000.0,1462028000.0,,1469440000.0,0.2849712045037763
ニフティライフスタイル,4262,情報・通信業,グロース（内国株式）,JP,2025-03-31,東京都,8911977472.0,1.4262882,,11.526762,9.915969907437931,0.48490003,0.0,121.63,,99.09999279542184,4938823000.0,1004034000.0,0.27658,617746000.0,0.14852999,0.12915,0.8270418628394209,1213645000.0,1035113000.0,5011437000.0,0.0,4182019000.0,18550000.0,3810777000.0,0.4276017317113793
サスメド,4263,情報・通信業,グロース（内国株式）,JP,2024-06-30,東京都,11921395712.0,2.9019296,42.848484,,-28.022728760684355,0.0,0.0,-15.28,16.5,-21.411191077215676,,,-0.42446,,-1.7700701,-0.11254,0.933539480049618,327789000.0,321399000.0,4898414000.0,,4846920000.0,,4570625000.0,0.38339680272497273
セキュア,4264,情報・通信業,グロース（内国株式）,JP,2025-12-31,東京都,10345955328.0,2.3573732,13.926483,49.29036,36.79072296008081,0.0,0.0,33.82,119.7,49.17000413291217,6840816000.0,326123000.0,0.09911,187586000.0,0.032560002,0.07041,0.5566310824112335,2331001000.0,1599460000.0,4291521000.0,1035116000.0,2253347000.0,258754000.0,2141647800.0,0.20700338751742967
Ｉｎｓｔｉｔｕｔｉｏｎ　ｆｏｒ　ａ　Ｇｌｏｂａｌ　Ｓｏｃｉｅｔｙ,4265,情報・通信業,グロース（内国株式）,JP,2025-03-31,東京都,1129494656.0,2.3663795,2.9699247,,-86.66657333144396,0.0,0.0,-61.28,79.8,-4.707697377622883,602926000.0,-303136000.0,-0.47787997,-336333000.0,-0.4264,-0.5182,0.8829037284449682,64029000.0,64029000.0,678886000.0,,321597000.0,82315000.0,672477500.0,0.5953790896023504
ＢｅｅＸ,4270,情報・通信業,グロース（内国株式）,JP,2025-02-28,東京都,4350460416.0,1.4190743,15.579711,10.599256,21.929676118292367,0.1369,0.0,182.56,124.2,175.9299875508056,9255650000.0,656652000.0,0.050869998,499366000.0,0.042540003,0.15942,0.49857556056674107,2604033000.0,2604032000.0,4885231000.0,200000000.0,2337341000.0,15574000.0,2292099800.0,0.5268637295423216
日本化薬,4272,化学,プライム（内国株式）,JP,2025-03-31,東京都,319932006400.0,1.1512192,21.342249,13.37285,47.88690334593969,0.4095,0.0,161.11,100.95,24.7899999804115,222584000000.0,20402000000.0,0.09118,17508000000.0,0.10189,0.09008,0.7158690742504843,105190000000.0,55606000000.0,206794000000.0,42096000000.0,55425000000.0,35393000000.0,126379100000.0,0.3950186210566021
細谷火工,4274,化学,スタンダード（内国株式）,JP,2025-03-31,東京都,4502773248.0,1.3107734,,21.102982,37.901256741002925,0.1876,0.0,53.31,,34.64367816091954,2038992000.0,290738000.0,0.06315,219802000.0,0.09967,0.06386,0.7132014590629596,1285604000.0,911370000.0,2126000000.0,635015000.0,725351000.0,486734000.0,1181109800.0,0.2623071904685883
カーリット,4275,化学,プライム（内国株式）,JP,2025-03-31,東京都,53357305856.0,1.3429589,17.525772,18.22777,9.188243622812884,0.3218,0.0,130.57,135.8,110.22953880096738,36914000000.0,3047000000.0,0.09364,2570000000.0,0.082100004,0.07703,0.7069720063381876,15534000000.0,9935000000.0,22906000000.0,1130000000.0,4945000000.0,8631000000.0,13413700000.0,0.25139387727335255
ソルクシーズ,4284,情報・通信業,スタンダード（内国株式）,JP,2025-12-31,東京都,8643033088.0,1.3317184,,11.414195,13.638669340604148,0.3709,0.032407407,37.76,,23.079999903172602,17359251000.0,1397157000.0,0.07412,839840000.0,0.04612,0.11173,0.5284826362482528,4981770000.0,3717174000.0,8453063000.0,2087812000.0,5209930000.0,1035740000.0,4196311000.0,0.485513703033969
ＣＬホールディングス,4286,サービス業,スタンダード（内国株式）,JP,2025-12-31,東京都,11967995904.0,1.5323975,16.229986,19.167957,42.542029818428716,0.30969998,0.016028496,58.17,68.7,16.09498897675899,39002067000.0,1404365000.0,0.01841,629033000.0,0.02391,0.11409,0.3176782719687531,16767146000.0,10094134000.0,17783784000.0,9142652000.0,4376712000.0,1423404000.0,2013020800.0,0.16820032494556575
ジャストプランニング,4287,情報・通信業,スタンダード（内国株式）,JP,2026-01-31,東京都,5638758912.0,1.4362625,,11.178248,12.005845757917632,0.2558,0.022494888,43.03,,29.54885814430591,2533784000.0,607191000.0,0.35962,508199000.0,0.20055,0.13365,0.904394918540969,415123000.0,396970000.0,3780756000.0,,3247454000.0,11698000.0,3373821600.0,0.5983269816377637
アズジェント,4288,情報・通信業,スタンダード（内国株式）,JP,2025-03-31,東京都,1694089600.0,1.0070745,,10.081743,-4.589962737632402,0.0,0.010593221,44.04,,-117.43014721684371,2971173000.0,-205464000.0,0.032980002,-440466000.0,0.083979994,0.22186,0.21423268666314363,1234134000.0,1096059000.0,1440907000.0,400000000.0,663993000.0,29518000.0,227435600.0,0.13425240317867485
サイプレス・ホールディングス,428A,小売業,スタンダード（内国株式）,JP,2025-08-31,東京都,14745501696.0,5.780289,,31.6726,,0.0,0.0,36.53,,,11288362000.0,765032000.0,0.0542,436732000.0,0.038540002,,0.20291251250882664,9178358000.0,3238008000.0,2002743000.0,6899270000.0,893759000.0,753464000.0,-6648190200.0,-0.45086225867807866
プレステージ・インターナショナル,4290,サービス業,プライム（内国株式）,JP,2025-03-31,東京都,79954993152.0,1.6519,13.418464,13.679044,13.99884892309499,0.555,0.0,46.86,47.77,45.19999231691385,63719802000.0,7961149000.0,0.1197,4870043000.0,0.08347999,0.13137001,0.646619012796748,21948756000.0,19095157000.0,42224013000.0,321459000.0,23407674000.0,9592066000.0,26989703200.0,0.33756119706858956
セプテーニ・ホールディングス,4293,サービス業,スタンダード（内国株式）,JP,2025-12-31,東京都,118658596864.0,1.811101,22.378717,34.007133,14.30487008143815,1.0702,0.032967035,16.82,25.56,26.613583713414663,30308899000.0,4238537000.0,0.28170002,3491390000.0,0.1478,0.07086,0.6907392918130069,29760738000.0,29269965000.0,45546934000.0,,17944740000.0,7879242000.0,21301665400.0,0.1795206244046085
ハイマックス,4299,情報・通信業,スタンダード（内国株式）,JP,2025-03-31,神奈川県,11757089792.0,1.0796634,,11.099085,13.178818500887072,0.45279998,0.0,101.63,,101.90847723602175,18066000000.0,1806000000.0,0.091680005,1293000000.0,0.06264,0.10059,0.8164934164934164,2648000000.0,2402000000.0,12575000000.0,,9469000000.0,543000000.0,10307100000.0,0.8766710284898367
テクセンドフォトマスク,429A,その他製品,プライム（内国株式）,JP,2025-03-31,東京都,430592032768.0,2.4673903,,16.855244,,0.21790001,0.0,257.19,,,,,0.22812,,0.19253,0.17152001,0.6937681816014116,51371000000.0,33314000000.0,64082000000.0,798000000.0,27715000000.0,4403000000.0,15793100000.0,0.036677641010857284
アミューズ,4301,サービス業,プライム（内国株式）,JP,2025-03-31,,29252319232.0,0.810898,17.346153,10.86616,61.95329566251555,0.2409,0.0,166.02,104.0,23.573045482533306,68186000000.0,2798000000.0,-0.0175,1648000000.0,0.03869,0.08226,0.5662628819381667,23723000000.0,22116000000.0,47953000000.0,281000000.0,27793000000.0,4071000000.0,27079700000.0,0.9257283084199592
野村総合研究所,4307,情報・通信業,プライム（内国株式）,JP,2025-03-31,東京都,2726698156032.0,6.2840877,27.180075,179.3351,30.245690702486115,2.9035,0.016871165,26.47,174.65,136.83999989326745,764813000000.0,134005000000.0,-0.28653,93762000000.0,0.01873,0.03604,0.4674631475895018,490543000000.0,239482000000.0,419424000000.0,271023000000.0,168597000000.0,80969000000.0,-14440700000.0,-0.005296039082307036
Ｊストリーム,4308,情報・通信業,グロース（内国株式）,JP,2025-03-31,東京都,8802683904.0,0.822527,19.135136,17.481482,30.743349129578583,0.6907,0.0,20.25,18.5,11.99517194691072,11800312000.0,916482000.0,0.05619,550856000.0,0.040430002,0.048720002,0.8011770152267509,2127075000.0,1977774000.0,10439180000.0,59375000.0,4432698000.0,8698000.0,8318193600.0,0.9449610699096165
ドリームインキュベータ,4310,サービス業,プライム（内国株式）,JP,2025-03-31,東京都,23917821952.0,2.0688908,,15.090699,-11.269926578190693,0.75519997,0.0,181.37,,-202.21849122232703,6183000000.0,258000000.0,0.26707,170000000.0,0.18329,0.12751001,0.8205839692249479,2702000000.0,1275000000.0,15428000000.0,,5659000000.0,65000000.0,12771500000.0,0.5339742065824706
ビーマップ,4316,情報・通信業,グロース（内国株式）,JP,2025-03-31,東京都,587542720.0,1.1280663,,,8.750266347973948,0.0,0.0,-33.0,,46.96999881554047,1494314000.0,-182806000.0,0.2328,-179556000.0,-0.06682,-0.21154,0.5251202597114628,424131000.0,329686000.0,835578000.0,82135000.0,155112000.0,38303000.0,438259100.0,0.7459186967715301
レイ,4317,サービス業,スタンダード（内国株式）,JP,2025-02-28,東京都,6775265280.0,0.87175256,,9.517649,7.327182174230217,0.3698,0.039215688,54.11,,57.303802027090605,10456954000.0,927437000.0,0.10502,745577000.0,0.0971,0.17889999,0.7450262072280354,2325605000.0,2153322000.0,5356499000.0,769429000.0,2867336000.0,292438000.0,3235600600.0,0.4775607251204192
クイック,4318,サービス業,プライム（内国株式）,JP,2025-03-31,大阪府,41474351104.0,2.1405275,4.3573112,9.9676285,11.500951374348993,0.5083,0.05156038,74.14,169.6,62.470715062097966,32501017000.0,4533486000.0,0.04344,3583562000.0,0.12259,0.2235,0.7098440220840883,7288572000.0,7010182000.0,19406416000.0,120740000.0,15052626000.0,1762665000.0,13351709500.0,0.32192690529430107
ユーソナー,431A,情報・通信業,グロース（内国株式）,JP,2024-12-31,東京都,15781399552.0,3.4195857,,23.848541,,0.0,0.0,80.55,,,6074883000.0,910962000.0,0.24857001,634157000.0,0.13363,,0.5379625833642596,2283327000.0,1989508000.0,3870963000.0,306674000.0,3222573000.0,,1587636000.0,0.10060172386921137
ＣＥホールディングス,4320,情報・通信業,スタンダード（内国株式）,JP,2025-09-30,北海道,27614689280.0,3.380889,,17.453627,53.3174373432165,0.2318,0.013333334,94.88,,8.19244152679709,15831137000.0,1411603000.0,0.12793,1557814000.0,0.08898,0.21123,0.6515542236617192,3904013000.0,2855292000.0,9076418000.0,1583346000.0,4732751000.0,408208000.0,5458150600.0,0.19765388430255043
日本システム技術,4323,情報・通信業,プライム（内国株式）,JP,2025-03-31,東京都,41206407168.0,2.4599357,,15.720483,20.414061785262167,0.42419997,0.0,106.04,,85.08191911934256,29324949000.0,3188390000.0,0.13389,2443453000.0,0.08078,0.16635999,0.6443926632272698,8080959000.0,6057990000.0,16647188000.0,68127000.0,7110014000.0,1667447000.0,9733441900.0,0.23621185560576557
電通グループ,4324,サービス業,プライム（内国株式）,JP,2025-12-31,東京都,802381430784.0,1.9231153,9.572623,,-5.189518722810815,0.0,0.0,-1262.05,322.9,-734.5575194177726,1435245000000.0,146398000000.0,0.10882,-327601000000.0,-0.20295,-0.46963,0.11689239104436934,2758833000000.0,2145241000000.0,2301403000000.0,468241000000.0,295183000000.0,107661000000.0,-382067300000.0,-0.4761666775197992
インテージホールディングス,4326,情報・通信業,プライム（内国株式）,JP,2025-06-30,東京都,64728297472.0,1.8467684,20.071089,23.896177,22.382043804312985,0.65589994,0.01764706,70.89,84.4,64.47005878030859,65571087000.0,4241171000.0,0.021,3505060000.0,0.072620004,0.11282,0.7060323181180401,13601606000.0,12567135000.0,30533345000.0,339574000.0,15269232000.0,2561762000.0,18724972400.0,0.2892857240390109
テイクアンドギヴ・ニーズ,4331,サービス業,プライム（内国株式）,JP,2026-03-31,東京都,10002447360.0,0.5621251,4.7569447,3.8304534,3.704507318780065,0.16780001,0.060164485,178.83,144.0,243.08462949913874,35709000000.0,1623000000.0,0.02882,-76000000.0,-0.00213,,0.3396778916544656,34143000000.0,15155000000.0,12569000000.0,23487000000.0,6586000000.0,15000000.0,-21563500000.0,-2.1558223926509124
ユークス,4334,情報・通信業,スタンダード（内国株式）,JP,2026-01-31,大阪府,3384244992.0,1.2892343,,19.151978,15.548921486169585,0.4764,0.024390243,20.99,,23.591943981082878,4288913000.0,181168000.0,0.14003,176705000.0,0.04104,0.06848,0.6495647994636079,1417441000.0,1221914000.0,2915856000.0,549310000.0,1263636000.0,140822000.0,1596990400.0,0.47188971359198806
ＩＰＳホールディングス,4335,情報・通信業,スタンダード（内国株式）,JP,2024-06-30,大阪府,2878272512.0,1.610673,,10.102795,11.598314790160844,0.3053,0.029968454,124.52,,99.29002140940813,,,0.11734,,0.07368,0.1682,0.5732934666480234,1104727000.0,732924000.0,2224740000.0,,1027332000.0,4945000.0,1123474500.0,0.39032944077256293
ぴあ,4337,サービス業,プライム（内国株式）,JP,2025-03-31,東京都,40592523264.0,4.122866,,12.219913,43.111779744662755,0.1618,0.0,216.45,,73.22062901497755,45362000000.0,2769000000.0,0.02343,1591000000.0,0.059949998,0.36878,0.07083700440528634,94911000000.0,76265000000.0,79662000000.0,17619000000.0,46301000000.0,1125000000.0,-14461500000.0,-0.3562601887531679
西菱電機,4341,サービス業,スタンダード（内国株式）,JP,2025-03-31,大阪府,2848964352.0,0.5097429,,11.452666,10.225336255788884,0.449,0.0,73.52,,81.18535187561032,19296000000.0,280000000.0,0.02566,81000000.0,0.0117999995,0.04452,0.4475288303130148,6707000000.0,6455000000.0,10513000000.0,900000000.0,905000000.0,118000000.0,3888600000.0,1.3649170433705728
イオンファンタジー,4343,サービス業,プライム（内国株式）,JP,2026-02-28,,49850064896.0,6.353304,23.119267,17.874876,-31.503357456482103,0.106400006,0.0059689614,140.98,109.0,-91.86999775831002,93290048000.0,6114924000.0,0.08606,2790686000.0,0.02991,0.36488998,0.12216203691745596,56214621000.0,39011433000.0,17599153000.0,41209860000.0,7822989000.0,,-38615468000.0,-0.7746322513433384
ソースネクスト,4344,情報・通信業,プライム（内国株式）,JP,2025-03-31,東京都,17012742144.0,3.0456097,22.16216,,-15.179655633405591,0.0,0.0,-21.79,5.55,-16.008268294653163,11455896000.0,-3480480000.0,-0.13114999,-3896757000.0,-0.22945999,,0.4583143781171513,7854947000.0,6165215000.0,11342672000.0,5378810000.0,6008174000.0,2152084000.0,4994183800.0,0.2935554866892127
シーティーエス,4345,サービス業,プライム（内国株式）,JP,2025-03-31,長野県,34538872832.0,2.19909,16.347656,12.8630705,16.93530727716961,0.4457,0.034897715,65.07,51.2,43.84230879544437,11821000000.0,3078000000.0,0.27357,2190000000.0,0.21072,0.18798,0.7536299765807962,4208000000.0,2393000000.0,7002000000.0,1811000000.0,4529000000.0,6206000000.0,7138200000.0,0.20667148099246924
ＮＥＸＹＺ．Ｇｒｏｕｐ,4346,その他金融業,スタンダード（内国株式）,JP,2025-09-30,東京都,9261591552.0,2.516061,,5.9136214,18.149814471966483,0.16610001,0.028288543,120.4,,46.96634680611547,28433000000.0,1821000000.0,0.05763,922000000.0,0.053200003,0.39417,0.17751260917702055,16359000000.0,11062000000.0,15914000000.0,6954000000.0,8447000000.0,5832000000.0,3637400000.0,0.39274027358877855
ブロードメディア,4347,サービス業,スタンダード（内国株式）,JP,2025-03-31,東京都,13463222272.0,2.6602037,14.321456,17.227543,36.070072890348634,0.5467,0.0,109.65,131.9,46.86000101751979,,,0.09434,,0.049510002,0.15111,0.4098254679053405,5519050000.0,4877248000.0,7603869000.0,1154357000.0,5621071000.0,169455000.0,2203437500.0,0.1636634570449436
メディカルシステムネットワーク,4350,小売業,スタンダード（内国株式）,JP,2025-03-31,北海道,14848065536.0,0.8590644,5.707865,13.868414,9.943203738210372,0.3275,0.0,36.63,89.0,61.890000838509685,122387000000.0,3154000000.0,0.02805,1262000000.0,0.008090001,0.06594,0.23034312753237185,54242000000.0,24377000000.0,22627000000.0,29789000000.0,8461000000.0,702000000.0,-31123600000.0,-2.096138377389231
山田再生系債権回収総合事務所,4351,その他金融業,スタンダード（内国株式）,JP,2025-12-31,神奈川県,4131779072.0,1.28756,,58.049076,72.88061311546103,0.5977,0.010351967,16.71,,11.667385832265541,2280554000.0,74077000.0,-0.24065,71270000.0,0.03546,0.02516,0.5812591076189372,2427585000.0,1369879000.0,5152394000.0,1278851000.0,1473124000.0,339100000.0,2962179000.0,0.7169257959782802
応用技術,4356,情報・通信業,スタンダード（内国株式）,JP,2025-12-31,大阪府,8855638016.0,8.397537,12.477876,9.681648,10.854718846647337,0.2496,0.0,160.2,124.3,127.093376226602,7454059000.0,1199884000.0,-0.19424999,914874000.0,0.027460001,0.06505,0.7596499873402158,1978270000.0,1888065000.0,7604851000.0,,778191000.0,200000.0,5626721000.0,0.6353829040701385
マナック・ケミカル・パートナーズ,4360,化学,スタンダード（内国株式）,JP,2025-03-31,東京都,6433048064.0,0.56926477,,8.197917,61.26301336852134,0.1302,0.0,96.0,,10.229377574809185,9304000000.0,-342000000.0,0.04454,-895000000.0,0.07105,0.0723,0.814882176182192,2341000000.0,2190000000.0,9045000000.0,,2767000000.0,1520000000.0,7768000000.0,1.207514683975475
川口化学工業,4361,化学,スタンダード（内国株式）,JP,2025-11-30,東京都,1754217216.0,0.5599161,,5.8794727,5.1656436848623155,0.2448,0.040955633,245.09,,276.214617381869,8814476000.0,426646000.0,0.049099997,298393000.0,0.03528,0.10305,0.3533472461516759,5734569000.0,4276334000.0,6371550000.0,3525263000.0,1212523000.0,69344000.0,685521800.0,0.39078501439128505
日本精化,4362,化学,プライム（内国株式）,JP,2025-03-31,大阪府,53236637696.0,1.0361003,13.807649,12.125852,16.101160640238707,0.48419997,0.039644014,202.46,177.8,146.40309591930463,35663736000.0,4895384000.0,0.16038,3870959000.0,0.13104,0.08879,0.8054111655135132,10726874000.0,7416814000.0,32213928000.0,1100000000.0,12300114000.0,10871513000.0,29097113100.0,0.5465618107994497
松本油脂製薬,4365,化学,スタンダード（内国株式）,JP,2025-03-31,大阪府,61081423872.0,0.6837452,,8.933161,,,0.0,2354.15,,,43131000000.0,9282000000.0,0.22034,6830000000.0,0.19569999,0.09393,0.8341510048429965,13824000000.0,11018000000.0,66121000000.0,,32037000000.0,20707000000.0,66791900000.0,1.0934895712314543
ダイトーケミックス,4366,化学,スタンダード（内国株式）,JP,2025-03-31,大阪府,17069206528.0,1.0434775,,21.571022,-7.243177033153932,0.32560003,0.0,24.57,,-31.2063344201211,18644000000.0,848000000.0,0.03053,820000000.0,0.04061,0.050679997,0.6105219893136046,9476000000.0,6298000000.0,13530000000.0,5448000000.0,2775000000.0,2100000000.0,5524000000.0,0.3236237133189839
広栄化学,4367,化学,スタンダード（内国株式）,JP,2025-03-31,東京都,14183957504.0,1.1351991,,,35.15500259448925,1.6961,0.0051903115,-1049.94,,61.258604118445746,20018256000.0,566265000.0,0.08425,288382000.0,0.00377,0.0056,0.613770266196105,13602479000.0,7265787000.0,13039523000.0,7473129000.0,324825000.0,96000.0,-562888800.0,-0.03968489047159514
扶桑化学工業,4368,化学,プライム（内国株式）,JP,2025-03-31,大阪府,468677951488.0,4.1423626,15.406551,32.715454,18.796105052784398,0.202,0.0,135.41,287.54,78.90000035368024,69501527000.0,16230509000.0,0.22570999,11622785000.0,0.18604,0.12936,0.7353176830888928,37453096000.0,18489603000.0,67052435000.0,20000000000.0,31295730000.0,714487000.0,30099479900.0,0.06422209494694069
トリケミカル研究所,4369,化学,プライム（内国株式）,JP,2026-01-31,山梨県,121862823936.0,3.3712196,22.202488,22.104334,20.55424831944498,0.2062,0.009345794,169.65,168.9,152.69000227496502,23883175000.0,5902226000.0,0.22840999,5515240000.0,0.23091999,0.16284001,0.7646658225976476,11125415000.0,7604585000.0,23253287000.0,4126218000.0,7279978000.0,6139634000.0,16425615800.0,0.13478774961448797
サイバーソリューションズ,436A,情報・通信業,グロース（内国株式）,JP,2025-04-30,東京都,16018781184.0,10.197725,,16.009464,,0.0,0.0,63.4,,,3126231000.0,1219830000.0,0.3337,902661000.0,0.21434,,0.44513049581326125,3016057000.0,1946791000.0,1364370000.0,665248000.0,923689000.0,124863000.0,-1564282900.0,-0.09765305375183281
モビルス,4370,情報・通信業,グロース（内国株式）,JP,2025-08-31,東京都,1883222528.0,1.3877857,-36.588234,39.267677,-2.907841290535951,0.0,0.0,7.92,-8.5,-125.17877133965254,1854738000.0,90641000.0,0.02399,90971000.0,0.04854,0.05572,0.6160424943208122,776347000.0,476346000.0,1404465000.0,305548000.0,1039144000.0,,628118000.0,0.33353360564726636
コアコンセプト・テクノロジー,4371,情報・通信業,グロース（内国株式）,JP,2025-12-31,東京都,21488367616.0,4.7510295,11.474851,15.537343,11.75679588831006,0.2194,0.014694509,86.63,117.3,82.06000210242456,20878460000.0,2201676000.0,0.11033,1501810000.0,0.0575,0.26745,0.5907661246570368,3503770000.0,3293847000.0,6430092000.0,242245000.0,2505801000.0,272893000.0,3117347100.0,0.1450713779523605
ユミルリンク,4372,情報・通信業,グロース（内国株式）,JP,2025-12-31,東京都,4313664512.0,1.4213063,,11.90149,11.089660774846385,0.2007,0.016829053,94.61,,122.5995923796716,3054570000.0,671215000.0,0.18576999,362640000.0,0.118710004,0.13007,0.8390383531243568,575604000.0,575603000.0,3092037000.0,0.0,2581086000.0,,2516433000.0,0.5833631690641778
シンプレクス・ホールディングス,4373,情報・通信業,プライム（内国株式）,JP,2025-03-31,東京都,231337263104.0,4.495613,6.769674,22.886232,25.84363602923925,0.3985,0.017769003,45.18,152.74,25.86749995820649,47394000000.0,10804000000.0,0.22316,7781000000.0,0.17958,0.21021,0.6176760902027284,30212000000.0,14674000000.0,27559000000.0,18625000000.0,13438000000.0,4459000000.0,468300000.0,0.0020243171969639455
ＲＯＢＯＴ　ＰＡＹＭＥＮＴ,4374,情報・通信業,グロース（内国株式）,JP,2025-12-31,東京都,9370961920.0,6.838085,,18.046997,29.907646591037295,0.20040001,0.0,139.58,,82.97999378087894,3256436000.0,774393000.0,0.25539,542126000.0,0.17581,0.53405,0.15193607028472958,7221138000.0,7220903000.0,7174603000.0,,5654675000.0,992406000.0,648149200.0,0.0691657063099025
セーフィー,4375,情報・通信業,グロース（内国株式）,JP,2025-12-31,東京都,40658980864.0,4.392246,-228.125,93.589745,-28.041092587690056,0.0,0.0,7.8,-3.2,-28.06595347663059,19029026000.0,-81587000.0,0.02076,437887000.0,0.033350002,0.072399996,0.7531319473571764,2856062000.0,2813226000.0,10931821000.0,892000.0,6820149000.0,328615000.0,8305789500.0,0.20427933321255615
くふうカンパニーホールディングス,4376,情報・通信業,グロース（内国株式）,JP,2025-09-30,東京都,9831540736.0,1.2175992,14.818182,,55.058365769480524,0.0,0.0,-28.81,11.0,5.139999998998701,14110000000.0,523000000.0,0.07418,-2347000000.0,-0.11797,-0.14118,0.48559296329996965,6849000000.0,5899000000.0,12769000000.0,3395000000.0,7434000000.0,,5920000000.0,0.6021436679118694
ワンキャリア,4377,情報・通信業,グロース（内国株式）,JP,2025-12-31,東京都,34705178624.0,6.274671,9.414695,23.30169,91.1201042897919,0.3084,0.013130252,81.11,200.75,17.37351275313085,7576830000.0,2128207000.0,0.30068,1500577000.0,0.19799,0.31381,0.6918072187900749,2464299000.0,2441149000.0,6560626000.0,134262000.0,6116144000.0,166991000.0,4213220700.0,0.12140034620327214
ＣＩＮＣ,4378,情報・通信業,グロース（内国株式）,JP,2025-10-31,東京都,1317612800.0,1.2487575,,,47.34694014328634,0.0,0.0,-49.93,,14.699999575340895,1824903000.0,-112745000.0,-0.010199999,-152586000.0,-0.07728,,0.7649797733660554,324354000.0,290682000.0,1071280000.0,,847798000.0,,746926000.0,0.5668782209766026
Ｐｈｏｔｏｓｙｎｔｈ,4379,情報・通信業,グロース（内国株式）,JP,2025-12-31,東京都,6813847040.0,2.7148151,,23.469929,34.23967805519054,0.0,0.0,18.79,,9.929999909811007,3384833000.0,231162000.0,0.09243,291784000.0,0.07879,0.09182999,0.6196506393443089,1387132000.0,1325726000.0,2061971000.0,73152000.0,1664657000.0,76280000.0,728235000.0,0.10687574812363267
Ｍマート,4380,情報・通信業,グロース（内国株式）,JP,2026-01-31,,5614137856.0,2.630807,,13.274745,16.13180606227279,0.289,0.0,86.48,,70.73851559108464,1363651000.0,632502000.0,0.47536,423109000.0,0.31034002,0.21434,0.6890118858831248,963272000.0,963270000.0,3016940000.0,,2567405000.0,,2053668000.0,0.36580291625813616
ビープラッツ,4381,情報・通信業,グロース（内国株式）,JP,2025-03-31,東京都,933618880.0,-1.9554927,,,-23.98202328262577,0.0,0.0,-361.82,,-40.57205634959533,706256000.0,-207489000.0,-0.1831,-298069000.0,0.03167,,0.261602529739054,803039000.0,644618000.0,195271000.0,696734000.0,68058000.0,,-607768000.0,-0.6509808370627638
ＨＥＲＯＺ,4382,情報・通信業,スタンダード（内国株式）,JP,2025-04-30,東京都,11390626816.0,2.4605782,56.31579,,-18.953036116118056,0.0,0.0,-4.89,13.3,-75.44965309193381,5929797000.0,306429000.0,0.06293,-177709000.0,-0.0073400005,0.038399998,0.5692486488158329,2946233000.0,1487282000.0,4538859000.0,2054662000.0,1733938000.0,356294000.0,1842031800.0,0.16171470014385556
ラクスル,4384,情報・通信業,プライム（内国株式）,JP,2024-07-31,東京都,112646578176.0,5.5754185,42.065434,35.56643,32.40576762096788,0.056500003,0.0015864621,53.14,44.93,34.519999890474786,,,0.05553,,0.04533,0.16535999,0.357431092264551,28185000000.0,17983000000.0,24981000000.0,18393000000.0,17014000000.0,7524000000.0,2062800000.0,0.01831214079825011
メルカリ,4385,情報・通信業,プライム（内国株式）,JP,2025-06-30,東京都,669415571456.0,5.5714974,40.306072,23.361364,25.427632865314614,0.0,0.0,173.62,100.63,79.00853416601124,192633000000.0,27840000000.0,0.24148001,26114000000.0,0.15665,0.32965,0.18255931352445826,444123000000.0,319511000000.0,420241000000.0,199375000000.0,153398000000.0,35607000000.0,1042900000.0,0.0015579261141650165
ＳＩＧグループ,4386,情報・通信業,スタンダード（内国株式）,JP,2025-03-31,東京都,4814792192.0,1.7127995,,10.011905,10.851048206161376,0.3453,0.0,84.0,,42.07000309265862,8769202000.0,583754000.0,0.072919995,480567000.0,0.044310004,0.18324,0.42150371120073155,3364325000.0,1843481000.0,3727904000.0,1610964000.0,2207245000.0,233094000.0,526744800.0,0.10940135710845648
ＺＵＵ,4387,情報・通信業,グロース（内国株式）,JP,2025-03-31,東京都,2384317184.0,2.197523,,,-110.42485663042756,0.0,0.0,-83.81,,-9.50872866889168,2993718000.0,14469000.0,-0.24313,120104000.0,-0.15179,-0.015520001,0.14461692377871777,3348316000.0,3127543000.0,5380492000.0,297180000.0,2623451000.0,3974970000.0,4814655000.0,2.0193013883844073
エーアイ,4388,情報・通信業,スタンダード（内国株式）,JP,2025-03-31,東京都,2245599744.0,1.0128812,,20.697412,39.37311555233354,0.2251,0.0,17.78,,22.175935759815566,1486037000.0,109036000.0,0.07322,-18039000.0,0.05946,0.04684,0.7963076318131054,442166000.0,356158000.0,2121682000.0,129027000.0,1588951000.0,,1679516000.0,0.74791422847615
プロパティデータバンク,4389,情報・通信業,グロース（内国株式）,JP,2025-03-31,東京都,9057559552.0,3.1201415,11.174968,14.408035,20.056045014107294,0.5266,0.0,60.73,78.3,25.658070966013753,3320014000.0,936585000.0,0.39757,634460000.0,0.19242,0.20014,0.7957916813199468,987715000.0,856353000.0,3258092000.0,204000.0,2669966000.0,265095000.0,2455943500.0,0.2711484794441901
インフキュリオン,438A,情報・通信業,グロース（内国株式）,JP,2025-03-31,東京都,17058814976.0,3.0587633,,223.03523,,0.0,0.0,3.69,,,7174418000.0,143190000.0,0.0089300005,74724000.0,0.04678,0.11129,0.46119688932359165,2819943000.0,1660741000.0,4002119000.0,1379600000.0,1615931000.0,14488000.0,1192317600.0,0.06989451504559188
ＩＰＳ,4390,情報・通信業,プライム（内国株式）,JP,2025-03-31,東京都,54159372288.0,2.8323069,17.624521,13.116624,11.291905984588569,0.1267,0.0095808385,315.63,234.9,215.75999269384153,15264000000.0,4414000000.0,0.31741,2544000000.0,0.24684,0.21747999,0.36948918655278246,21049000000.0,16747000000.0,23637000000.0,10069000000.0,3918000000.0,,2588000000.0,0.04778489651316396
ロジザード,4391,情報・通信業,グロース（内国株式）,JP,2025-06-30,東京都,3547586048.0,2.138243,12.845337,16.80309,17.60968627601955,0.27809998,0.013829787,64.75,84.7,77.03998828539702,2177041000.0,408054000.0,0.20798,283173000.0,0.13121,0.16024,0.8448389220171736,399775000.0,399774000.0,2048400000.0,,1707231000.0,,1648625000.0,0.4647174100060053
ＦＩＧ,4392,情報・通信業,プライム（内国株式）,JP,2025-12-31,大分県,68220616704.0,11.10183,,88.25147,-5.859413358399821,0.3923,0.0019447686,25.45,,-46.71479834822825,13318000000.0,834000000.0,0.03916,783000000.0,0.022739999,,0.5662404092071611,6778000000.0,4269000000.0,10447000000.0,3802000000.0,1889000000.0,809000000.0,4235300000.0,0.06208240565130615
バンク・オブ・イノベーション,4393,情報・通信業,グロース（内国株式）,JP,2025-09-30,東京都,19533404160.0,13.53946,,11.463557,23.79139448044693,0.0,0.0,428.75,,224.4509040606554,12366000000.0,2154000000.0,0.04715,1351000000.0,0.06804,0.19985001,0.7320911494397583,2128000000.0,2027000000.0,7145000000.0,13000000.0,4186000000.0,,5017000000.0,0.25684207211939447
エクスモーション,4394,情報・通信業,グロース（内国株式）,JP,2025-11-30,東京都,2635143424.0,1.5999646,,20.683922,23.249572668123633,0.4745,0.022988506,42.11,,32.819999543546494,1386816000.0,189956000.0,0.16201,127466000.0,0.101280004,0.08845,0.8988432010136727,187929000.0,187927000.0,1655295000.0,,1440905000.0,,1467366000.0,0.5568448330499676
アクリート,4395,情報・通信業,グロース（内国株式）,JP,2025-12-31,東京都,6659896832.0,1.8921113,,19.350622,57.55171538537328,0.2178,0.0112866815,45.89,,12.890001103133512,8791215000.0,529660000.0,0.0383,307771000.0,0.03201,0.085880004,0.48668833841996395,3006507000.0,2141402000.0,4577613000.0,1427436000.0,1317098000.0,371655000.0,1831264500.0,0.27496889909780514
システムサポートホールディングス,4396,情報・通信業,プライム（内国株式）,JP,2025-06-30,石川県,20645752832.0,3.0334313,6.052552,12.390256,15.695170627718303,0.3522,0.024606299,80.87,165.55,59.00999861923486,26938147000.0,2218650000.0,0.11046,1457638000.0,0.05785,0.27266002,0.4411475575958484,7616102000.0,6081245000.0,10735179000.0,1985039000.0,5844937000.0,,3119077000.0,0.15107596343813479
チームスピリット,4397,情報・通信業,グロース（内国株式）,JP,2025-08-31,東京都,5793740288.0,13.310449,77.55102,15.1093445,-35.29658103831205,0.0,0.0,25.15,4.9,-10.964234739334604,4922684000.0,269832000.0,0.18042,362659000.0,0.1178,,0.3630630850174062,2848915000.0,2848914000.0,3676953000.0,,2942807000.0,,828038000.0,0.14291941972529093
ブロードバンドセキュリティ,4398,情報・通信業,スタンダード（内国株式）,JP,2025-06-30,東京都,5617380352.0,2.361953,10.0,29.969347,15.379669634253409,0.42430001,0.0,42.41,127.1,102.54001104342841,6103956000.0,257906000.0,0.13788,142725000.0,0.0403,0.11642,0.5549998314835138,1690043000.0,1304247000.0,2561039000.0,383300000.0,1426410000.0,236117000.0,1036277900.0,0.18447707562316762
ＡＤＥＫＡ,4401,化学,プライム（内国株式）,JP,2025-03-31,東京都,407497539584.0,1.3144228,15.263696,15.053414,10.905315845208813,0.403,0.0,278.01,274.18,245.549998824218,,,0.102749996,,0.0669,0.08769,0.5462717125928436,191343000000.0,122244000000.0,349889000000.0,64037000000.0,110117000000.0,42803000000.0,188508100000.0,0.46259935751376885
日油,4403,化学,プライム（内国株式）,JP,2025-03-31,東京都,637979656192.0,2.1601245,17.023142,15.990352,14.053130805504606,0.3459,0.021463757,176.2,165.51,141.17148659929975,238310000000.0,45308000000.0,0.18416001,36497000000.0,0.15719,0.14117,0.7797595717757198,77647000000.0,58325000000.0,211978000000.0,5041000000.0,87064000000.0,41864000000.0,163635800000.0,0.25649062381818927
ミヨシ油脂,4404,食料品,スタンダード（内国株式）,JP,2025-12-31,東京都,19728640000.0,0.46285373,,2.0506403,5.271238576877536,0.074200004,0.035514966,943.12,,276.94272521858727,59474000000.0,1961000000.0,0.0359,9616000000.0,0.16215,0.26836002,0.5064757604562737,41488000000.0,23936000000.0,37678000000.0,15086000000.0,9673000000.0,11131000000.0,3981700000.0,0.20182333906442612
新日本理化,4406,化学,スタンダード（内国株式）,JP,2025-03-31,大阪府,7456454656.0,0.3776956,,12.468827,30.215000760303845,0.2807,0.0,16.04,,5.900812702840437,32703000000.0,829000000.0,0.01716,522000000.0,0.0186,0.03227,0.47402649324342333,18525000000.0,9076000000.0,17584000000.0,7130000000.0,2942000000.0,9950000000.0,6024000000.0,0.807890650170139
東邦化学工業,4409,化学,スタンダード（内国株式）,JP,2025-03-31,東京都,15224260608.0,0.6856846,,9.965589,19.100397368602263,0.3028,0.0,72.65,,25.96537949400799,53613000000.0,1815000000.0,0.04414,1543000000.0,0.02848,0.06753,0.3092894403347971,46786000000.0,23777000000.0,36943000000.0,28581000000.0,5900000000.0,3730000000.0,-7232000000.0,-0.475031279758818
ハリマ化成グループ,4410,化学,プライム（内国株式）,JP,2025-03-31,東京都,24334460928.0,0.5964138,,24.290222,-17.560034982502206,1.0182,0.0,41.21,,-47.927795723065515,101006000000.0,2087000000.0,0.02401,763000000.0,0.0226,0.058930002,0.3731358202390948,62037000000.0,45878000000.0,52143000000.0,42562000000.0,4746000000.0,9292000000.0,-3389600000.0,-0.13929217540627
サイエンスアーツ,4412,情報・通信業,グロース（内国株式）,JP,2025-08-31,東京都,11203931136.0,7.4535036,,60.1219,-112.4553629741271,0.0,0.0,22.97,,-4.837474937724042,1654620000.0,107256000.0,0.091800004,112172000.0,0.09477,0.13257,0.6708865023972401,683834000.0,610690000.0,1834628000.0,67232000.0,1579273000.0,10000000.0,1157794000.0,0.10333819317041543
ボードルア,4413,情報・通信業,プライム（内国株式）,JP,2025-02-28,,74338287616.0,9.630813,16.960854,30.294939,43.625793651355856,0.0964,0.0032282793,78.66,140.5,36.35000018784964,11649705000.0,2460813000.0,0.2026,1799365000.0,0.14106,0.39995,0.5314336674165735,4031004000.0,2825770000.0,5384041000.0,1792250000.0,3486412000.0,280250000.0,1549212000.0,0.02084002806202062
フレクト,4414,情報・通信業,グロース（内国株式）,JP,2025-03-31,東京都,5873030144.0,2.804323,7.9142437,10.022087,47.3531554971837,0.0,0.0,108.66,137.6,68.94999848941818,7949168000.0,1085310000.0,0.19841999,720787000.0,0.0829,0.27597,0.6483992869841257,1476197000.0,994036000.0,3733005000.0,517869000.0,2128101000.0,,2256808000.0,0.384266374369898
ブロードエンタープライズ,4415,情報・通信業,グロース（内国株式）,JP,2025-12-31,大阪府,7564118528.0,4.077698,,18.180475,14.626759786014034,0.0,0.0,67.71,,56.12999816849609,7413568000.0,977808000.0,0.22026,416997000.0,0.06333,0.34472,0.15111549076783673,9141622000.0,7695955000.0,9890955000.0,6106552000.0,969854000.0,,749333000.0,0.09906415363881511
Ｔｒｕｅ　Ｄａｔａ,4416,情報・通信業,グロース（内国株式）,JP,2025-03-31,東京都,1897750400.0,1.6893057,,23.6715,37.7990431,0.0,0.0,16.56,,12.53999998746,1554285000.0,48469000.0,0.09506,13231000.0,0.042779997,0.071329996,0.7931654729055363,281841000.0,278021000.0,1142272000.0,5480000.0,859557000.0,7485000.0,865670500.0,0.4561561415031186
グローバルセキュリティエキスパート,4417,情報・通信業,グロース（内国株式）,JP,2025-03-31,東京都,50950979584.0,11.579697,16.65027,50.590343,52.726747540157646,0.5162,0.0,66.91,203.3,51.67000128741687,8801647000.0,1615034000.0,0.20528999,1010077000.0,0.13482,0.39743,0.37819059379397796,5062248000.0,3630817000.0,4799420000.0,1929937000.0,1385388000.0,764371000.0,272231700.0,0.005343012091675038
ＪＤＳＣ,4418,情報・通信業,グロース（内国株式）,JP,2024-06-30,東京都,11184522240.0,1.817753,31.371681,21.662085,-34.232761128891475,0.0,0.0,32.73,22.6,-21.032483978989955,,,0.0223,,0.01845,0.08279,0.4326812969759589,4244165000.0,2421990000.0,5181177000.0,1646575000.0,2297785000.0,396904000.0,1214844800.0,0.10861839012267009
Ｆｉｎａｔｅｘｔホールディングス,4419,情報・通信業,グロース（内国株式）,JP,2025-03-31,東京都,64769052672.0,5.9678936,71.43675,43.484318,-587.5429099901845,0.0,0.0,28.7,17.47,-1.5811611104549281,7702356000.0,950127000.0,0.28726998,659714000.0,0.1369,0.15955,0.47842775415163796,9399775000.0,8826340000.0,18079945000.0,1600600000.0,4454730000.0,46153000.0,8712477100.0,0.1345160495726449
ＮＥ,441A,情報・通信業,グロース（内国株式）,JP,2025-04-30,神奈川県,8778532864.0,1.0052531,,9.056861,,0.0,0.0,29.37,,,,,0.3709,,0.23948999,0.29357,,,,,,,,,
イーソル,4420,情報・通信業,スタンダード（内国株式）,JP,2025-12-31,,13317424128.0,2.2552805,,21.68752,14.018254183512685,0.17639999,0.007586207,31.17,,45.74415368943183,12129822000.0,815112000.0,0.06244,598072000.0,0.05801,0.131,0.7208933360365802,2286614000.0,1943593000.0,6315814000.0,97500000.0,3191517000.0,698198000.0,4517938600.0,0.3392501850640166
ディ・アイ・システム,4421,情報・通信業,スタンダード（内国株式）,JP,2025-09-30,東京都,2611980288.0,1.5763319,13.109489,10.213831,10.222681872934976,0.3071,0.03003337,87.92,68.5,82.98001149025285,7222984000.0,356985000.0,0.06061,256229000.0,0.02853,0.13384,0.5263409194306148,1472158000.0,1185053000.0,2210995000.0,0.0,1023623000.0,,738837000.0,0.28286469212435345
ＶＡＬＵＥＮＥＸ,4422,情報・通信業,グロース（内国株式）,JP,2025-07-31,東京都,6504611840.0,8.40234,,61.290325,772.6495987329728,0.0,0.0,12.4,,0.39,690858000.0,-73388000.0,0.2625,-82265000.0,0.125,0.14882,0.7778802925217384,202467000.0,202468000.0,850598000.0,,708887000.0,,648131000.0,0.09964176432701632
Ａｍａｚｉａ,4424,情報・通信業,グロース（内国株式）,JP,2025-09-30,東京都,1427273216.0,1.689084,,,-3.8607858965397903,0.0,0.0,-35.32,,-89.61905924648677,2843175000.0,-371167000.0,-0.048410002,-372270000.0,-0.07801,,0.6206423979939174,554452000.0,543452000.0,1136376000.0,,460589000.0,103125000.0,654111500.0,0.45829452459927617
Ｋｕｄａｎ,4425,情報・通信業,グロース（内国株式）,JP,2025-03-31,東京都,21256613888.0,8.040798,-164.27948,,-300.5081344432049,0.0,0.0,-16.6,-11.45,-7.879986358397711,517549000.0,-800595000.0,-0.13247,-801723000.0,-0.15719,-0.06514,0.9179054990967834,280036000.0,273151000.0,2882149000.0,200000000.0,2593858000.0,500000000.0,2952113000.0,0.13887973952740218
ＥｄｕＬａｂ,4427,情報・通信業,グロース（内国株式）,JP,2025-09-30,東京都,2544771584.0,1.8739135,0.8139915,,-2.0864892261330366,0.0,0.0,-19.43,305.9,-124.61123534381585,6229675000.0,391648000.0,0.12156,16404000.0,-0.0321,-0.05687,0.3755144024367022,1777186000.0,1645275000.0,2818120000.0,515712000.0,1386914000.0,130741000.0,1132452700.0,0.44501153153398304
シノプス,4428,情報・通信業,グロース（内国株式）,JP,2025-12-31,大阪府,3954316032.0,2.123667,,18.296894,43.47795411213379,0.46,0.0,34.76,,17.37999878287502,2040717000.0,309232000.0,0.053829998,217039000.0,0.10391,0.11895,0.7786310045056223,539712000.0,534714000.0,1878293000.0,,1300070000.0,,1338581000.0,0.33851138582946727
リックソフト,4429,情報・通信業,グロース（内国株式）,JP,2025-02-28,東京都,3321099008.0,1.0017021,7.0554495,12.576687,26.056986212972223,0.0,0.0,58.68,104.6,59.17798733117992,9043848000.0,458672000.0,0.02836,355518000.0,0.024149999,0.08293,0.45356406030678076,3649238000.0,3598411000.0,6260338000.0,,3296981000.0,,2611100000.0,0.7862156453963808
クラシコ,442A,繊維製品,グロース（内国株式）,JP,2025-10-31,東京都,2170377216.0,1.3288326,,12.768496,,0.0,0.0,83.8,,,3631916000.0,164982000.0,-0.28846002,169892000.0,-0.00656,,0.5876499099490785,992057000.0,724438000.0,2180172000.0,474366000.0,398734000.0,,1188115000.0,0.5474232733559989
東海ソフト,4430,情報・通信業,スタンダード（内国株式）,JP,2025-05-31,愛知県,8457140736.0,1.2850847,,9.312275,8.318260161124124,0.2906,0.031055901,189.32,,154.43345734544175,10680090000.0,1120485000.0,0.13317999,813368000.0,0.07301,,0.5389713418159937,5181721000.0,2821401000.0,5227063000.0,2489053000.0,2198681000.0,196924000.0,183188800.0,0.0216608432706115
スマレジ,4431,情報・通信業,グロース（内国株式）,JP,2025-04-30,大阪府,43760812032.0,4.9094286,26.08496,25.295034,35.62156588416933,0.1668,0.0066964286,89.82,87.1,63.00000114266684,11066132000.0,2375385000.0,0.27096,1639394000.0,0.15084,0.23876,0.7184823731518789,3004105000.0,2805814000.0,7825243000.0,100000000.0,5912615000.0,,4821138000.0,0.11017021339719549
ウイングアーク１ｓｔ,4432,情報・通信業,プライム（内国株式）,JP,2026-02-28,東京都,86934986752.0,1.849134,12.9945545,13.436997,19.734081980775724,0.55759996,0.04176707,186.5,192.85,170.56996881466083,30945574000.0,8989947000.0,0.32931,6500157000.0,0.21004999,0.1458,0.6395376151176233,26458218000.0,15300514000.0,18013124000.0,7117111000.0,13339865000.0,8667453000.0,-2377876900.0,-0.02735235822584738
ヒト・コミュニケーションズ・ホールディングス,4433,サービス業,プライム（内国株式）,JP,2025-08-31,東京都,15130355712.0,1.5029838,8.404361,32.206608,-335.9690499943223,1.4063001,0.008886256,26.33,100.9,-2.4099896874859885,63596000000.0,2496000000.0,0.05171,853000000.0,0.02582,0.16949,0.4255548478761452,21917000000.0,13880000000.0,25939000000.0,8204000000.0,12133000000.0,600000000.0,4442000000.0,0.2935819940093686
サーバーワークス,4434,情報・通信業,スタンダード（内国株式）,JP,2025-02-28,東京都,14960632832.0,1.5367557,19.803728,,51.39062076122013,0.0,0.012042389,-78.27,101.9,80.43000055311776,35717021000.0,1072076000.0,0.09182999,677331000.0,-0.01502,-0.05671,0.5592147512804735,9033359000.0,8709173000.0,15222436000.0,0.0,6051973000.0,3806775000.0,8853819500.0,0.5918078198578706
ミンカブ・ジ・インフォノイド,4436,情報・通信業,グロース（内国株式）,JP,2025-03-31,東京都,7515752448.0,5.207668,8.47487,10.030769,-1.4723745703683797,0.0,0.0,48.75,57.7,-368.7920254315072,,,0.07184,,0.08461001,0.84057,0.0309193582657134,9662400000.0,4376183000.0,2039279000.0,7917500000.0,542610000.0,438832000.0,-7315938600.0,-0.9734139928925982
ｇｏｏｄｄａｙｓホールディングス,4437,情報・通信業,グロース（内国株式）,JP,2025-03-31,東京都,6978335744.0,1.8245214,,11.396786,15.589071655273438,0.0618,0.0,80.9,,40.0,8805273000.0,605135000.0,0.082679994,337706000.0,0.05276,0.18247,0.5481349721945578,2502241000.0,2378762000.0,3523448000.0,500000000.0,1567787000.0,103501000.0,1093657700.0,0.15672185175961634
Ｗｅｌｂｙ,4438,情報・通信業,グロース（内国株式）,JP,2025-12-31,東京都,2260727808.0,12.400518,62.325577,,-3.417535419331024,0.0,0.0,-65.21,4.3,-98.6090731039057,635724000.0,-452828000.0,-1.1879699,-539687000.0,-0.81018996,-1.1874299,0.25832353926024154,747888000.0,359691000.0,878225000.0,605705000.0,711426000.0,30000000.0,151337000.0,0.06694171649699104
東名,4439,情報・通信業,スタンダード（内国株式）,JP,2025-08-31,三重県,24452335616.0,2.316661,5.102421,10.682261,13.348004721377473,0.156,0.015625,76.95,161.1,51.15999921989397,29070434000.0,3292660000.0,0.1177,2432598000.0,0.07873,0.24114001,0.590806266951255,6786048000.0,6644963000.0,14711856000.0,1521560000.0,7884265000.0,22554000.0,7941595800.0,0.3247786192989901
ヴィッツ,4440,情報・通信業,スタンダード（内国株式）,JP,2025-08-31,愛知県,4583244800.0,1.5141206,,10.183046,11.622315309812477,0.1333,0.012942191,112.54,,67.6700034144839,4856610000.0,1806331000.0,0.090679996,424218000.0,0.08723,0.16061,0.6938345707347224,1234366000.0,909729000.0,2813136000.0,,2149108000.0,418706000.0,1871864200.0,0.408414623630839
トビラシステムズ,4441,情報・通信業,スタンダード（内国株式）,JP,2025-10-31,,11887288320.0,4.7059293,19.781513,19.210054,12.833403416409906,0.348,0.017764803,61.27,59.5,57.40999968044825,2805366000.0,898744000.0,0.28856,625676000.0,0.20893998,0.25867,0.48227258883031776,2786046000.0,2690415000.0,4427085000.0,145670000.0,3736513000.0,326564000.0,1869633800.0,0.15728009194951537
バルテス・ホールディングス,4442,情報・通信業,グロース（内国株式）,JP,2025-03-31,大阪府,7940720128.0,2.3244085,10.388601,13.875433,20.547565425506914,0.1384,0.0,28.9,38.6,25.239999663892018,10795074000.0,940889000.0,0.11594,589094000.0,0.047989998,0.16638,0.5012095473109391,3246238000.0,2560531000.0,3988487000.0,1605438000.0,1937013000.0,213612000.0,891777400.0,0.11230434842495937
Ｓａｎｓａｎ,4443,情報・通信業,プライム（内国株式）,JP,2025-05-31,東京都,198948667392.0,10.4819975,44.39107,97.7598,218.20615870933892,0.0,0.0,16.07,35.39,7.469999974525184,43202000000.0,2801000000.0,0.21867001,424000000.0,0.05525,0.15695,0.3317355785261754,31948000000.0,27792000000.0,35392000000.0,3572000000.0,31172000000.0,3727000000.0,6052900000.0,0.03042443098185535
インフォネット,4444,情報・通信業,グロース（内国株式）,JP,2025-03-31,東京都,1713901824.0,1.5820218,,,25.489783561781394,0.0,0.0,-12.77,,47.98000724626509,2010575000.0,168889000.0,0.19622,96293000.0,0.011670001,,0.5524733525118456,920791000.0,505057000.0,1112927000.0,500214000.0,595264000.0,49750000.0,226961000.0,0.13242357107147812
リビン・テクノロジーズ,4445,情報・通信業,グロース（内国株式）,JP,2025-09-30,東京都,3628379904.0,1.2630125,,13.477016,10.8352033713975,0.0,0.0,111.82,,84.76998248363603,3592752000.0,503602000.0,0.09463,314575000.0,0.07786,0.17302999,0.5156280644699145,1612712000.0,891490000.0,2833857000.0,1002669000.0,1947167000.0,324219000.0,1448098300.0,0.3991032742749972
Ｌｉｎｋ－Ｕグループ,4446,情報・通信業,プライム（内国株式）,JP,2024-07-31,東京都,9085554688.0,3.5379963,,,-185.91100201023391,0.0,0.0,-13.28,,-3.0767409879729057,,,0.07481,,0.22850999,,0.5135859851257605,2155045000.0,1251936000.0,3415539000.0,991603000.0,1907085000.0,416736000.0,1552209200.0,0.17084363622290707
ピー・ビーシステムズ,4447,情報・通信業,グロース（内国株式）,JP,2025-09-30,福岡県,2573326336.0,2.391568,,28.0279,14.148711593169427,1.9047999,0.0,15.77,,39.479999419731776,2634554000.0,124807000.0,0.085760005,85590000.0,0.03656,0.0809,0.6335016886840578,666722000.0,614020000.0,1728241000.0,0.0,775372000.0,8153000.0,1067226100.0,0.4147262961054932
ｋｕｂｅｌｌ,4448,情報・通信業,グロース（内国株式）,JP,2025-12-31,東京都,11769858048.0,5.8903966,560.0,55.44554,-22.42034091428591,0.0,0.0,5.05,0.5,-28.590109421198154,9529226000.0,485066000.0,0.10823,215051000.0,0.044660002,0.23628001,0.2992580825784526,4683026000.0,3820604000.0,4829891000.0,931928000.0,3455235000.0,162784000.0,260813800.0,0.022159468613499458
ギフティ,4449,情報・通信業,プライム（内国株式）,JP,2025-12-31,東京都,34929876992.0,3.7798474,21.933434,38.636364,-74.0144769509804,0.4285,0.011732852,30.36,53.48,-17.33000017397961,14149000000.0,2603000000.0,0.21574,935000000.0,0.04981,0.08254,0.20458104057620902,35436000000.0,29119000000.0,33867000000.0,15806000000.0,16933000000.0,4547000000.0,1613900000.0,0.04620399895395085
パワーソリューションズ,4450,情報・通信業,グロース（内国株式）,JP,2025-12-31,東京都,6003718144.0,1.6451278,,15.584099,10.445779580713367,0.2033,0.013007284,123.01,,107.67001705661032,8099962000.0,713170000.0,0.083950005,388089000.0,0.04281,0.109510005,0.5459498758107331,2735259000.0,2194951000.0,4458990000.0,602735000.0,2056363000.0,458023000.0,2044347100.0,0.3405135036265953
花王,4452,化学,プライム（内国株式）,JP,2025-12-31,東京都,2713472991232.0,2.5301294,23.1944,25.89124,26.883221681191237,0.66400003,0.025921563,231.7,258.64,231.9399998831336,1688633000000.0,164069000000.0,0.108669996,120081000000.0,0.0749,0.11929,0.5674913895813134,780354000000.0,518195000000.0,905892000000.0,243142000000.0,323282000000.0,29639000000.0,146285300000.0,0.05391072639111915
第一工業製薬,4461,化学,プライム（内国株式）,JP,2025-03-31,京都府,111098052608.0,2.1349409,30.383053,28.819159,27.523223288852883,0.2894,0.0,363.3,344.6,122.7263223918043,73255000000.0,5352000000.0,0.13441,2585000000.0,0.07443,0.14206,0.3987931584854757,52610000000.0,26532000000.0,57247000000.0,31349000000.0,16751000000.0,5694000000.0,8622800000.0,0.07761432174175738
石原ケミカル,4462,化学,プライム（内国株式）,JP,2025-03-31,兵庫県,35462189056.0,1.4342642,18.404255,11.941466,12.471248376862304,0.2025,0.0,217.31,141.0,173.43000528221143,,,0.19996001,,0.12661,0.12736,0.8111684667258825,5097934000.0,4364234000.0,15832079000.0,,6531799000.0,4086282000.0,13594542400.0,0.3833531646490357
日華化学,4463,化学,スタンダード（内国株式）,JP,2025-12-31,福井県,28085592064.0,0.7867553,17.622377,11.7373085,6.245481093063853,0.3993,0.033975083,150.29,100.1,174.11645697667066,55705000000.0,3847000000.0,0.07725,2384000000.0,0.05234,0.09075,0.4753551558364393,35699000000.0,22983000000.0,35715000000.0,18536000000.0,11848000000.0,2125000000.0,1503500000.0,0.05353278636867977
ソフト９９コーポレーション,4464,化学,スタンダード（内国株式）,JP,2025-03-31,大阪府,79254249472.0,1.3463334,,26.675388,11.80555001070735,0.3414,0.0,137.58,,121.40770982623492,29742927000.0,4033893000.0,0.12487,2913761000.0,0.09481,0.05131,0.8752657924121268,8062199000.0,4588873000.0,32275527000.0,85727000.0,22247268000.0,8039073000.0,29840679100.0,0.37651834821226227
ニイタカ,4465,化学,スタンダード（内国株式）,JP,2025-05-31,大阪府,13500196864.0,0.84762704,12.922815,6.3747587,14.913149177095432,0.252,0.038676407,357.19,176.2,119.5799968120493,23714867000.0,1925108000.0,0.09255,1805495000.0,0.066589996,0.10569,0.6533961258041464,7827931000.0,4943139000.0,14116005000.0,1934794000.0,6840350000.0,465419000.0,6613867300.0,0.4899089521899286
ノースサンド,446A,サービス業,グロース（内国株式）,JP,2026-01-31,東京都,83283001344.0,73.29812,,18.441559,,0.0,0.0,65.45,,,26185000000.0,5549000000.0,0.11482,4046000000.0,0.07825,,0.7526645624628333,5406000000.0,4735000000.0,18598000000.0,733000000.0,14602000000.0,,13192000000.0,0.1583996708465214
三洋化成工業,4471,化学,プライム（内国株式）,JP,2025-03-31,京都府,114145763328.0,0.71684724,17.137163,7.2977214,-10.125519689205566,0.24049999,0.0,707.07,301.1,-384.9080021880125,142258000000.0,8442000000.0,0.07835,4151000000.0,0.1223,0.10943,0.7676366193030403,38064000000.0,30332000000.0,84942000000.0,3418000000.0,24532000000.0,30713000000.0,68377100000.0,0.5990331835927815
ＨＥＮＮＧＥ,4475,情報・通信業,グロース（内国株式）,JP,2025-09-30,東京都,34476859392.0,8.950103,18.402662,24.148472,45.31426181014052,0.17469999,0.004508566,45.8,60.1,25.6399998500168,10923564000.0,1793451000.0,0.23725,1358412000.0,0.122489996,0.35387,0.36244086895237054,6898467000.0,6536469000.0,8105475000.0,148146000.0,7319041000.0,1356746000.0,2156730200.0,0.06255587771142655
ＡＩ　ＣＲＯＳＳ,4476,情報・通信業,グロース（内国株式）,JP,2025-12-31,東京都,3889676800.0,1.8449086,,24.212273,43.24254245883422,0.0,0.0,42.21,,38.54999972739671,4151609000.0,370600000.0,0.14726,165246000.0,0.04504,0.105670005,0.6310012289930848,1138228000.0,793231000.0,2566973000.0,436999000.0,1815691000.0,56058000.0,1467985600.0,0.3774055469081647
ＢＡＳＥ,4477,情報・通信業,グロース（内国株式）,JP,2025-12-31,東京都,31322804224.0,2.0937572,32.969696,17.391304,110.37095665490517,0.3195,0.018796992,15.64,8.25,2.9000000076764705,20729000000.0,1686000000.0,0.106520005,1826000000.0,0.090220004,0.14398,0.25813539089666626,42686000000.0,41311000000.0,52324000000.0,896000000.0,26867000000.0,918000000.0,10280600000.0,0.3282145470271417
フリー,4478,情報・通信業,グロース（内国株式）,JP,2025-06-30,東京都,125126500352.0,6.1445765,76.65214,143.89911,-13.954021566850113,0.0,0.0,14.67,27.54,-174.4300012967111,33270601000.0,610973000.0,0.00835,1370024000.0,0.01706,0.03511,0.37385731828979196,32932402000.0,31310806000.0,45874908000.0,9600000000.0,35789632000.0,424016000.0,13239317200.0,0.105807460152372
マクアケ,4479,情報・通信業,グロース（内国株式）,JP,2025-09-30,東京都,10632226816.0,1.8019186,521.25,16.557474,-63.8474303350289,0.0,0.0,50.37,1.6,-8.160077817793733,4577997000.0,447264000.0,0.17343001,407256000.0,0.12043,0.11528,0.7270833831120385,2033130000.0,1978755000.0,6589893000.0,,5969706000.0,,4556763000.0,0.4285803039061126
メドレー,4480,情報・通信業,プライム（内国株式）,JP,2025-12-31,東京都,66491588608.0,5.142111,17.765112,72.77212,44.79093732487491,0.0,0.0,30.41,124.57,85.6199987998512,36786000000.0,2150000000.0,-0.00658,975000000.0,0.02544,0.06262,0.3587462426064191,26453000000.0,11516000000.0,14820000000.0,16085000000.0,8575000000.0,1192000000.0,-10798600000.0,-0.16240550460695047
ベース,4481,情報・通信業,プライム（内国株式）,JP,2025-12-31,東京都,55413403648.0,3.904742,13.917995,13.426801,13.534276738633269,0.5144,0.038360655,227.53,219.5,205.20999755801077,21787441000.0,5749845000.0,0.26261,4221970000.0,0.19018,0.29232,0.7530203730647449,4301743000.0,4288761000.0,16106211000.0,,12936123000.0,1007954000.0,12510035800.0,0.22575829991362598
ウィルズ,4482,情報・通信業,グロース（内国株式）,JP,2025-12-31,東京都,14822893568.0,5.7121034,22.749844,17.718153,18.70934986536045,0.314,0.017567568,41.37,32.22,32.454237974099456,6051801000.0,1302339000.0,0.07655,839094000.0,0.13865,0.35446,0.5382043033984216,2227188000.0,2211445000.0,3646220000.0,22500000.0,3141568000.0,30000000.0,1440032000.0,0.09714918301166069
ＪＭＤＣ,4483,情報・通信業,プライム（内国株式）,JP,2025-03-31,東京都,178190368768.0,2.1293085,21.469683,26.58401,25.705192744808983,0.1757,0.006624954,102.43,126.83,110.23000008469907,,,0.19715,,0.13406,0.08376,0.5455320934135086,64545000000.0,20505000000.0,55869000000.0,46888000000.0,32176000000.0,7291000000.0,-3572300000.0,-0.02004766040217952
ランサーズ,4484,情報・通信業,グロース（内国株式）,JP,2025-03-31,東京都,4301495808.0,3.097437,,51.73077,42.31065168343966,0.3854,0.0,5.2,,6.949999806105282,4589136000.0,109170000.0,0.06019,176882000.0,0.01674,0.06585,0.41408947329758317,1922216000.0,1396604000.0,2491517000.0,592690000.0,1727032000.0,,569301000.0,0.13234954197588747
ユナイトアンドグロウ,4486,情報・通信業,グロース（内国株式）,JP,2025-12-31,東京都,5527165952.0,3.004037,7.7297893,13.474904,10.404756306694061,0.25100002,0.015714286,51.8,90.3,48.400000453345065,3514731000.0,560387000.0,0.12517999,410894000.0,0.11534,0.18837999,0.6446312952072607,1235042000.0,1221666000.0,3150509000.0,2576000.0,3108396000.0,25149000.0,1933071300.0,0.34974005064937846
スペースマーケット,4487,情報・通信業,グロース（内国株式）,JP,2025-12-31,東京都,3086976512.0,2.8872936,,14.463983,20.786142227164873,0.0,0.0,17.63,,15.010000248735683,2567755000.0,247031000.0,0.08635,214019000.0,0.06979,0.2001,0.2694213576572888,2732096000.0,1940997000.0,2871870000.0,813224000.0,1156442000.0,1996000.0,141171200.0,0.045731219350463266
ＡＩ　ｉｎｓｉｄｅ,4488,情報・通信業,グロース（内国株式）,JP,2025-03-31,東京都,9323680768.0,1.8865948,19.375515,26.479506,55.498377594886854,0.0,0.0,89.05,121.7,136.04001282905236,4399551000.0,385093000.0,0.089049995,-497022000.0,0.07394,0.07417,0.6515059795431112,2419625000.0,2356906000.0,5978625000.0,1600000000.0,5093629000.0,1192000.0,3559834400.0,0.381805693328517
ビザスク,4490,情報・通信業,グロース（内国株式）,JP,2025-02-28,東京都,6234957824.0,3.439025,7.4364643,10.019354,-0.6862635250476861,0.0,0.0,67.17,90.5,-1375.5648749281913,9780950000.0,1227333000.0,0.17497998,477245000.0,0.0529,0.71724,0.11523632276331988,6645122000.0,4156524000.0,7153539000.0,2982279000.0,4595421000.0,,508417000.0,0.08154297340119425
コンピューターマネージメント,4491,情報・通信業,スタンダード（内国株式）,JP,2025-03-31,大阪府,5827850752.0,1.404302,15.16839,14.769676,9.30218735118478,0.31,0.0,193.64,188.55,159.53003476062722,7902467000.0,514121000.0,0.09522,397887000.0,0.06205,0.13223,0.6969628185448822,1556652000.0,988550000.0,4399612000.0,,3303448000.0,293471000.0,3048389700.0,0.5230727123466322
ゼネテック,4492,情報・通信業,スタンダード（内国株式）,JP,2025-03-31,東京都,4163429632.0,1.5265687,18.75,8.222933,25.366021278551276,0.5025,0.0,43.78,19.2,35.8000005869277,8124549000.0,693618000.0,0.15843001,421124000.0,0.04644,0.19886999,0.3361801396444798,4745846000.0,3333979000.0,4620133000.0,2259070000.0,1985959000.0,,-125713000.0,-0.030194577814831675
サイバーセキュリティクラウド,4493,情報・通信業,グロース（内国株式）,JP,2025-12-31,東京都,17639538688.0,3.8013825,21.013432,21.165909,31.86492553367693,0.0615,0.0029086678,81.31,81.9,61.34000226758555,5084678000.0,1102708000.0,0.05935,821903000.0,0.17381,0.22126,0.7579977977544501,1411632000.0,1212720000.0,4680965000.0,276494000.0,3983645000.0,,3269333000.0,0.18534118481364223
バリオセキュア,4494,情報・通信業,スタンダード（内国株式）,JP,2025-02-28,東京都,3072603136.0,0.51248735,,8.173078,34.25783527506635,0.0,0.0,83.2,,19.469998458584982,2667539000.0,217167000.0,0.21583,72049000.0,0.12833,0.059510004,0.7776787694159636,1684359000.0,616805000.0,1568123000.0,1170392000.0,759914000.0,65253000.0,-70558900.0,-0.02296388335131869
アイキューブドシステムズ,4495,情報・通信業,グロース（内国株式）,JP,2025-06-30,福岡県,9355683840.0,3.1112773,15.015698,13.357073,16.54482580192317,0.36330003,0.017923037,143.22,127.4,87.95686182819125,3749791000.0,905079000.0,0.29514998,558635000.0,0.18009001,0.25379,0.5786343356279744,1577842000.0,1487387000.0,2982631000.0,,2225498000.0,366703000.0,1661481100.0,0.17759055654450162
コマースＯｎｅホールディングス,4496,情報・通信業,グロース（内国株式）,JP,2025-03-31,東京都,4892616192.0,1.877256,9.209486,16.327961,13.42191206428304,0.4907,0.0,42.81,75.9,57.53089104209702,3693315000.0,638412000.0,0.067379996,91594000.0,0.07754,0.11618,0.726832495948463,948307000.0,852566000.0,2379069000.0,54438000.0,1864160000.0,443689000.0,1741344300.0,0.35591271247626205
サイバートラスト,4498,情報・通信業,グロース（内国株式）,JP,2025-03-31,東京都,18441781248.0,2.4246466,,19.508396,29.382267704729365,0.2076,0.0,57.77,,30.074999682624757,7442037000.0,1421398000.0,0.21021,969684000.0,0.1183,0.14112,0.6868133256432348,2999603000.0,2415789000.0,7096422000.0,65155000.0,5560958000.0,157975000.0,4207401500.0,0.22814507142341742
Ｓｐｅｅｅ,4499,情報・通信業,スタンダード（内国株式）,JP,2025-09-30,東京都,38789201920.0,5.63148,23.447313,,111.12080387563884,0.0,0.0,-126.89,143.3,22.929999704210214,16435177000.0,-685718000.0,-0.04085,-950660000.0,-0.08796,-0.19246,0.4920847043359595,7524245000.0,4210612000.0,13022957000.0,4501099000.0,9395236000.0,234439000.0,5662819300.0,0.14598958008156926
武田薬品工業,4502,医薬品,プライム（内国株式）,JP,2025-03-31,東京都,8101403033600.0,1.0421699,36.526817,42.94088,42.342951403066934,1.6717,0.03952569,119.42,140.39,91.16185536937235,4581551000000.0,486061000000.0,0.03088,107928000000.0,0.04256,0.02611,0.48672912445123445,7312365000000.0,2506521000000.0,2521192000000.0,4515265000000.0,385113000000.0,351124000000.0,-4545386200000.0,-0.5610616063845151
アステラス製薬,4503,医薬品,プライム（内国株式）,JP,2025-03-31,東京都,3823044395008.0,2.0901875,28.164183,13.160654,157.49195905226347,0.48080003,0.034922767,162.15,75.77,9.470000001994562,1912323000000.0,40248000000.0,0.16509001,50747000000.0,0.13628,0.17438,0.45313222404016834,1826289000000.0,1061610000000.0,1201349000000.0,831426000000.0,188372000000.0,106195000000.0,-550603500000.0,-0.1440222616088265
住友ファーマ,4506,医薬品,プライム（内国株式）,JP,2025-03-31,大阪府,682534895616.0,2.0668147,88.820786,5.655083,-0.4995017599446295,0.0,0.0,269.05,17.13,-792.7899994664627,398832000000.0,29709000000.0,-0.52859,23634000000.0,0.23575,0.46266997,0.22822257892497214,573125000000.0,240603000000.0,253168000000.0,305422000000.0,23116000000.0,44148000000.0,-289053400000.0,-0.423499812033968
塩野義製薬,4507,医薬品,プライム（内国株式）,JP,2025-03-31,大阪府,2579306381312.0,1.5305507,15.85251,15.094622,13.163913063268268,0.32880002,0.02372598,200.8,191.2,186.10554365491853,438268000000.0,156604000000.0,-0.18603,170435000000.0,0.41057998,0.13508001,0.8870452255480675,172853000000.0,129392000000.0,858504000000.0,21882000000.0,374795000000.0,299799000000.0,895510300000.0,0.3471903557050428
わかもと製薬,4512,医薬品,スタンダード（内国株式）,JP,2025-03-31,東京都,9856471040.0,0.8164814,,43.491577,69.38431073666158,0.5352,0.0,6.53,,3.139485967844177,7789461000.0,-457797000.0,-0.05827,64440000.0,-0.023540001,-0.0183,0.7738835699605985,3392359000.0,2034774000.0,8908257000.0,128560000.0,2954759000.0,2139448000.0,7013511600.0,0.7115641664787968
日本新薬,4516,医薬品,プライム（内国株式）,JP,2025-03-31,京都府,279713841152.0,0.9587836,10.107407,9.407444,7.8822750085577065,0.28120002,0.0,441.14,410.59,483.2600014952888,,,0.07251,,0.17403999,0.11027,0.8709265716391021,36298000000.0,30316000000.0,149740000000.0,2722000000.0,55241000000.0,39492000000.0,141086400000.0,0.5043954901156711
中外製薬,4519,医薬品,プライム（内国株式）,JP,2025-12-31,東京都,12965321375744.0,6.79626,33.39409,29.842041,28.736005069746135,0.4626,0.016082257,263.99,235.91,235.35999996966524,1257941000000.0,598833000000.0,0.49345002,434012000000.0,0.35021,0.23707001,0.8206011921761164,442863000000.0,411077000000.0,1740758000000.0,,426602000000.0,,1297895000000.0,0.10010511597715963
科研製薬,4521,医薬品,プライム（内国株式）,JP,2025-03-31,東京都,153934708736.0,1.0428128,42.16805,284.66388,14.634520450675563,11.846701,0.0,14.28,96.4,212.67000150896322,94035000000.0,21038000000.0,-0.075619996,13945000000.0,0.02789,0.01428,0.801556542836437,37788000000.0,30354000000.0,111377000000.0,3850000000.0,54093000000.0,18875000000.0,86801500000.0,0.5638851738685242
エーザイ,4523,医薬品,プライム（内国株式）,JP,2025-03-31,東京都,1140586315776.0,1.2677351,19.958532,29.530348,39.48647197984068,1.1698,0.040201005,136.91,202.57,147.86348663551982,789400000000.0,54377000000.0,-0.008669999,46433000000.0,0.046719998,0.045250002,0.6068434751941333,520579000000.0,372294000000.0,727659000000.0,187523000000.0,265561000000.0,64740000000.0,252398000000.0,0.221287943322624
森下仁丹,4524,医薬品,スタンダード（内国株式）,JP,2025-03-31,大阪府,8857388032.0,0.68258977,,14.081845,13.87711016801919,0.4234,0.0,153.46,,170.666013712047,12766000000.0,809000000.0,0.07976,547000000.0,0.0495,0.049990002,0.679034421099687,5744000000.0,2836000000.0,8187000000.0,1421000000.0,1940000000.0,3856000000.0,5142200000.0,0.5805548973830934
理研ビタミン,4526,食料品,プライム（内国株式）,JP,2025-03-31,東京都,80704299008.0,0.97034436,9.749647,8.75,8.67533198606265,0.3435,0.0,316.0,283.6,268.4400039197453,95582000000.0,8725000000.0,0.0498,9388000000.0,0.07305,0.08658,0.7005460225311728,33799000000.0,21129000000.0,65699000000.0,9914000000.0,22298000000.0,15078000000.0,42454600000.0,0.5260512825443362
ロート製薬,4527,医薬品,プライム（内国株式）,JP,2025-03-31,大阪府,561521229824.0,1.8604143,14.871334,17.090784,16.48989487308915,0.3166,0.018760195,145.4,167.1,135.43999974594627,,,0.08246,,0.099630006,0.11635,0.6165167407407407,150437000000.0,94608000000.0,217879000000.0,50223000000.0,77161000000.0,46427000000.0,99940900000.0,0.17798240688303968
小野薬品工業,4528,医薬品,プライム（内国株式）,JP,2025-03-31,,1112270569472.0,1.3074358,13.993498,15.946912,14.863228935082683,0.53900003,0.033416875,148.43,169.15,106.41000002853362,,,0.033210002,,0.13526,0.08501001,0.7353544865541527,275844000000.0,148296000000.0,455104000000.0,146678000000.0,204567000000.0,96502000000.0,246811400000.0,0.2218987059211344
久光製薬,4530,医薬品,プライム（内国株式）,JP,2025-02-28,佐賀県,425225322496.0,1.4571545,27.479527,22.47191,20.850497747144765,0.1676,0.007450331,268.78,219.8,184.42600603930808,156006000000.0,18896000000.0,0.10942,21758000000.0,0.11753,0.06811,0.8069012557277274,63665000000.0,47226000000.0,203788000000.0,3856000000.0,114518000000.0,60222000000.0,182278400000.0,0.42866308838348793
有機合成薬品工業,4531,化学,スタンダード（内国株式）,JP,2025-03-31,東京都,7370253312.0,0.5464726,,23.468685,8.332807899917642,0.6892,0.0,14.53,,35.557841358599134,15128000000.0,1220000000.0,0.00429,896000000.0,0.02026,0.023540001,0.487700494957389,13766000000.0,7928000000.0,12506000000.0,8438000000.0,973000000.0,2047000000.0,172900000.0,0.02345916655516982
持田製薬,4534,医薬品,プライム（内国株式）,JP,2025-03-31,東京都,123187486720.0,0.8778742,18.563034,15.584357,24.060003300498828,0.35880002,0.0,222.98,187.2,126.78608538467057,105159000000.0,8126000000.0,0.08896,5685000000.0,0.06758,0.058319997,0.8162139881714453,29428000000.0,24902000000.0,119669000000.0,,45154000000.0,15022000000.0,100756400000.0,0.8179109963418206
参天製薬,4536,医薬品,プライム（内国株式）,JP,2025-03-31,大阪府,622129381376.0,2.0943248,17.89912,17.008179,19.638584657095045,0.3339,0.0,113.71,108.05,72.36940394796531,300004000000.0,46880000000.0,0.24214001,36256000000.0,0.12814,0.12925,0.6993845244174484,124096000000.0,86837000000.0,224300000000.0,,92997000000.0,16177000000.0,111527900000.0,0.17926801616944568
扶桑薬品工業,4538,医薬品,プライム（内国株式）,JP,2025-03-31,大阪府,17466806272.0,0.50405484,,,12.679819023124034,0.2912,0.0427939,-467.39,,159.91976371361332,60562000000.0,4131000000.0,0.06586,-3288000000.0,0.03317,,0.40429957542610334,48686000000.0,44131000000.0,48342000000.0,21289000000.0,6264000000.0,4375000000.0,2718500000.0,0.15563806901310093
日本ケミファ,4539,医薬品,スタンダード（内国株式）,JP,2025-03-31,東京都,5962723840.0,0.30567196,,30.045662,-31.02765984724935,0.91220003,0.0,54.75,,-49.8775920761132,32570000000.0,607000000.0,-0.00317,294000000.0,0.00598,0.010240001,0.3844857675874105,30684000000.0,12261000000.0,30066000000.0,18061000000.0,7021000000.0,1923000000.0,728100000.0,0.12210862343073062
ツムラ,4540,医薬品,プライム（内国株式）,JP,2025-03-31,東京都,286776360960.0,0.8915717,9.211062,10.2273035,15.967422343728957,0.39069998,0.0,376.15,417.65,219.823162548354,181093000000.0,40125000000.0,0.13402,32428000000.0,0.14598,0.0862,0.6471596537318576,134270000000.0,61913000000.0,295709000000.0,70336000000.0,73227000000.0,10276000000.0,168632200000.0,0.5880268493382587
テルモ,4543,精密機器,プライム（内国株式）,JP,2025-03-31,東京都,3533561397248.0,2.230067,23.524502,25.978745,37.7468529239113,0.32569999,0.012850718,92.21,101.83,71.46999999080876,1036171000000.0,157670000000.0,0.14914,116978000000.0,0.12008,0.09205,0.7484906144357367,459858000000.0,240965000000.0,723496000000.0,174838000000.0,221872000000.0,40925000000.0,292285500000.0,0.08271697223872694
Ｈ．Ｕ．グループホールディングス,4544,サービス業,プライム（内国株式）,JP,2025-03-31,東京都,174225031168.0,1.268197,30.75115,25.807512,-17.092463179533897,1.0286,0.0,121.67,102.11,-132.7743205709665,243025000000.0,2641000000.0,0.00991,2761000000.0,0.027579999,0.048800003,0.49041783805824407,142290000000.0,69438000000.0,119143000000.0,86652000000.0,40885000000.0,1801000000.0,-21886300000.0,-0.12562087005107603
キッセイ薬品工業,4547,医薬品,プライム（内国株式）,JP,2025-03-31,長野県,166222610432.0,0.7222521,18.209064,12.091424,13.701019323776029,0.36189997,0.02988792,331.64,220.22,274.21000249588184,,,0.03052,,0.14146,0.06322,0.8563626008465166,33934000000.0,16578000000.0,106980000000.0,1280000000.0,25169000000.0,84869000000.0,132454300000.0,0.7968488742642249
生化学工業,4548,医薬品,プライム（内国株式）,JP,2025-03-31,東京都,42917793792.0,0.5699716,15.878788,29.13269,33.014179271817405,1.1115,0.0,26.98,49.5,22.24584035769259,,,-0.00247,,0.0402,0.01984,0.8725796451735979,10687000000.0,7899000000.0,39631000000.0,380000000.0,15132000000.0,19038000000.0,42270600000.0,0.9849201523466792
栄研化学,4549,医薬品,プライム（内国株式）,JP,2025-03-31,東京都,98665955328.0,2.2408228,32.74617,25.5659,26.456833134007248,0.47869998,0.0,117.07,91.4,71.09999904444193,40539000000.0,3000000000.0,0.0134000005,2228000000.0,0.0885,0.084630005,0.6989674854101199,18776000000.0,14376000000.0,31532000000.0,4466000000.0,9873000000.0,3408000000.0,15141600000.0,0.15346326855767065
ＪＣＲファーマ,4552,医薬品,プライム（内国株式）,JP,2025-03-31,兵庫県,60508479488.0,1.2890115,13.544512,27.771555,18.254745231296553,1.1192,0.0,17.86,36.62,43.92000013845128,33072000000.0,-6651000000.0,0.01164,-4759000000.0,0.05402,0.046550002,0.4486195221973201,57420000000.0,43988000000.0,51056000000.0,38105000000.0,13196000000.0,9629000000.0,376300000.0,0.006218963080614636
東和薬品,4553,医薬品,プライム（内国株式）,JP,2025-03-31,大阪府,192727105536.0,1.0821099,13.281992,36.729527,8.507362016549573,0.75,0.0,106.59,294.76,328.5899996489189,259594000000.0,23243000000.0,0.05185,18986000000.0,0.01918,0.03002,0.3645191505087899,299199000000.0,87939000000.0,247306000000.0,230983000000.0,45471000000.0,871000000.0,-51283300000.0,-0.2660928251756505
富士製薬工業,4554,医薬品,プライム（内国株式）,JP,2025-09-30,東京都,58691100672.0,1.1004877,14.440873,22.71992,4.896631483306915,0.4602,0.011627907,98.9,155.6,252.8088685976339,51677000000.0,4994000000.0,0.11665,3000000000.0,0.042340003,0.04997,0.50213585996467,46500000000.0,30988000000.0,47913000000.0,30937000000.0,7245000000.0,5094000000.0,4978800000.0,0.08483057811139766
カイノス,4556,医薬品,スタンダード（内国株式）,JP,2025-03-31,,9972164608.0,3.764688,,21.385487,7.72100845701686,0.0,0.0033010563,106.1,,152.2567695927982,5305568000.0,823610000.0,0.05132,641019000.0,0.01865,0.03111,0.7712084173008433,2009967000.0,1456639000.0,5820525000.0,629491000.0,3396322000.0,261536000.0,3993633200.0,0.40047806639655503
中京医薬品,4558,医薬品,スタンダード（内国株式）,JP,2025-03-31,愛知県,2135095424.0,0.8535919,,25.510204,-78.03280303505994,0.6378,0.025125628,7.84,,-2.5657931811777965,6306646000.0,106037000.0,0.10049,45148000.0,0.00477,0.01344,0.49871260157930875,2539148000.0,1750805000.0,2924966000.0,1307467000.0,1235465000.0,175765000.0,508853500.0,0.23832822377872326
ゼリア新薬工業,4559,医薬品,プライム（内国株式）,JP,2025-03-31,東京都,102220128256.0,0.94302493,11.111644,12.089458,10.043291261811538,0.2555,0.0,191.82,208.7,225.42000238933807,,,0.15185,,0.09482,0.08485,0.5625365281881072,69374569000.0,54449062000.0,69529694000.0,41164159000.0,23592676000.0,8865571000.0,6361024700.0,0.06222869026410782
アンジェス,4563,医薬品,グロース（内国株式）,JP,2025-12-31,大阪府,19385688064.0,9.574052,,,-0.44339633857363414,0.0,0.0,-14.44,,-119.53188465763203,874119000.0,-5145394000.0,-7.37438,-5123269000.0,0.0,-1.89237,0.5690138130290088,2329904000.0,2243471000.0,4386537000.0,54368000.0,1882005000.0,417898000.0,2349161600.0,0.12118020223189742
オンコセラピー・サイエンス,4564,医薬品,グロース（内国株式）,JP,2025-03-31,神奈川県,8056515072.0,3.7273695,-1.0294118,,-3.3037364940712877,0.0,0.0,-2.77,-20.4,-6.053751573677547,750048000.0,-797936000.0,-0.54502,-815285000.0,-1.12624,-0.63437,0.6311548706158139,426091000.0,327738000.0,1105697000.0,,833883000.0,,679606000.0,0.08435483505292944
ネクセラファーマ,4565,医薬品,プライム（内国株式）,JP,2025-12-31,東京都,97785405440.0,1.5147338,23.778719,,-19.43761125423729,0.0,0.0,-138.81,44.83,-53.91609011480472,29615000000.0,-8462000000.0,0.28829,-12530000000.0,-0.2915,-0.1526,0.4525436429329238,73790000000.0,17500000000.0,44465000000.0,57379000000.0,20365000000.0,2881000000.0,-27308300000.0,-0.27926764609833377
第一三共,4568,医薬品,プライム（内国株式）,JP,2025-03-31,東京都,4880310206464.0,2.9325643,18.682085,19.097122,22.95490288982925,0.5557,0.028824834,140.44,143.56,155.86999997616806,,,-0.00795,,0.12241,0.15809,0.4697222520405113,1832703000000.0,754032000000.0,1909433000000.0,101332000000.0,639838000000.0,139175000000.0,174152500000.0,0.03568471933799085
杏林製薬,4569,医薬品,プライム（内国株式）,JP,2025-03-31,東京都,73875939328.0,0.51870483,12.247619,7.925063,17.723050739260355,0.3204,0.0,162.27,105.0,95.40614447982401,130087000000.0,12568000000.0,-0.03089,9086000000.0,0.027309999,0.02474,0.7038808375254367,57334000000.0,35111000000.0,136134000000.0,28439000000.0,15021000000.0,20042000000.0,92829400000.0,1.2565579652104184
ＨＵＭＡＮ　ＭＡＤＥ,456A,小売業,グロース（内国株式）,JP,2026-01-31,東京都,120422318080.0,10.206142,,40.53054,,0.0,0.0,32.42,,,14273231000.0,4531010000.0,0.30462998,2941124000.0,0.20605,0.32776,0.8130136542241242,2713969000.0,2572321000.0,12209198000.0,283336000.0,9973282000.0,,9495229000.0,0.07884941223014863
免疫生物研究所,4570,医薬品,グロース（内国株式）,JP,2025-03-31,群馬県,10496267264.0,5.695198,,31.944445,26.277118696278706,0.1698,0.0,35.28,,20.0456135577555,969533000.0,209351000.0,0.21756001,249047000.0,0.32769,0.19601,0.8206173220836788,331031000.0,281335000.0,1390318000.0,204227000.0,825731000.0,95058000.0,1125827600.0,0.1072598069088192
ＮＡＮＯホールディングス,4571,医薬品,グロース（内国株式）,JP,2025-03-31,,10012348416.0,2.6754973,-5.0205765,,-16.22194055912677,0.0,0.0,-12.9,-24.3,-11.09608306995852,108516000.0,-755349000.0,-8.25,-835380000.0,0.0,-0.29922,0.6854917480717478,1257053000.0,1203432000.0,3621653000.0,540241000.0,1707452000.0,222120000.0,2520084000.0,0.2516975933411225
カルナバイオサイエンス,4572,医薬品,グロース（内国株式）,JP,2025-12-31,兵庫県,8326534656.0,-51.01681,3.850932,,-2.466265119968273,0.0,0.0,-113.63,112.7,-121.64142353189479,579057000.0,-2074972000.0,-2.5082002,-2171470000.0,0.0,-2.4372098,0.25146871299754076,920430000.0,168070000.0,1175527000.0,714487000.0,516789000.0,,255097000.0,0.030636634631212422
大幸薬品,4574,医薬品,プライム（内国株式）,JP,2025-12-31,大阪府,13015057408.0,0.49249372,56.304348,14.091404,18.289310400268285,0.17950001,0.053386718,18.38,4.6,17.894862699772826,6397000000.0,459000000.0,0.21345,923000000.0,0.18605,0.20142001,0.6942135289323553,3752000000.0,2509000000.0,8433000000.0,970000000.0,4256000000.0,,4681000000.0,0.3596603421144126
キャンバス,4575,医薬品,グロース（内国株式）,JP,2024-06-30,静岡県,12472034304.0,6.016424,,,-8.40936791118379,0.0,0.0,-64.22,,-67.90046600775018,,,0.0,,0.0,-0.5058,0.96218927967347,91988000.0,91988000.0,2308466000.0,,1888200000.0,,2216478000.0,0.1777158357629867
デ・ウエスタン・セラピテクス研究所,4576,医薬品,グロース（内国株式）,JP,2025-12-31,愛知県,4464047104.0,3.273119,,,-5.470651086371052,0.0,0.0,-13.19,,-36.74151336405792,387620000.0,-619870000.0,-11.13333,-632087000.0,-2.1354601,-0.56331,0.6616615832227452,734012000.0,203882000.0,2020086000.0,605178000.0,1709790000.0,142677000.0,1385947900.0,0.31046892376160734
ダイト,4577,医薬品,プライム（内国株式）,JP,2025-05-31,富山県,35153719296.0,0.6802793,5.648749,16.380005,10.04274890152249,0.5043,0.030889621,74.42,215.8,105.00000127465859,50643000000.0,2620000000.0,0.09714,1908000000.0,0.05827,0.05664,0.6666709399517974,25937000000.0,17049000000.0,41708000000.0,11885000000.0,2207000000.0,2091000000.0,17234700000.0,0.4902667582590917
大塚ホールディングス,4578,医薬品,プライム（内国株式）,JP,2025-12-31,東京都,5955787948032.0,1.9188195,21.784353,16.511913,13.333757802195409,0.2044,0.0122431135,684.96,519.18,633.7599999273001,2468892000000.0,472106000000.0,0.18754,363150000000.0,0.14962,0.12943,0.7226680630327795,1097801000000.0,749112000000.0,1622006000000.0,227975000000.0,534645000000.0,223003000000.0,680307100000.0,0.11422621254082714
ラクオリア創薬,4579,医薬品,グロース（内国株式）,JP,2025-12-31,愛知県,14023913472.0,1.702168,20.65134,47.363796,-16.78747288149631,0.0,0.0,11.38,26.1,-22.874199274106175,3979956000.0,483720000.0,-0.201,273115000.0,0.01395,0.00783,0.6559002673814338,3617931000.0,1275013000.0,5682428000.0,2901892000.0,3240965000.0,546897000.0,2447324900.0,0.1745108385677296
シンバイオ製薬,4582,医薬品,グロース（内国株式）,JP,2025-12-31,東京都,5627524096.0,24.291498,1.994885,,-2.3411764858561934,0.0,0.0,-103.06,39.1,-84.99999944567338,1307648000.0,-4440688000.0,-10.027781,-4776194000.0,0.0,-3.22668,0.32892036751069736,2595277000.0,1290365000.0,3824049000.0,1982500000.0,2883503000.0,,1228772000.0,0.21835037558940024
カイオム・バイオサイエンス,4583,医薬品,グロース（内国株式）,JP,2025-12-31,東京都,6391313920.0,5.367818,-2.9931972,,-15.339252130731914,0.0,0.0,-14.47,-29.4,-17.536708941700187,593290000.0,-979774000.0,-0.78053004,-982779000.0,0.0,-0.31639,0.6495290314812585,605440000.0,374885000.0,1546698000.0,261700000.0,1205026000.0,,941258000.0,0.14727143929741446
キッズウェル・バイオ,4584,医薬品,グロース（内国株式）,JP,2025-03-31,東京都,8386341888.0,5.0740085,16.407766,,-3.6535978912549103,0.0,0.0,-8.48,10.3,-40.23431268992482,5082053000.0,27886000.0,-0.14207,-21140000.0,-0.06268,-0.26985002,0.20132379329316874,5597519000.0,4318862000.0,6700570000.0,1837960000.0,2995435000.0,283137000.0,1301246900.0,0.15516263436170563
メドレックス,4586,医薬品,グロース（内国株式）,JP,2025-12-31,香川県,3918096384.0,2.1398697,,,-4.418201542969621,0.0,0.0,-17.44,,-18.559587923389536,128084000.0,-942000000.0,-49.2,-937373000.0,0.0,-0.41922,0.9496911518850465,108543000.0,77272000.0,1824955000.0,,1754669000.0,130905000.0,1808045500.0,0.4614601895408605
ペプチドリーム,4587,医薬品,プライム（内国株式）,JP,2025-12-31,神奈川県,147059507200.0,8.633306,10.091702,,22.860477254427295,0.0,0.0,-28.99,113.41,115.67999961539957,18521234000.0,-5013195000.0,-0.23971,-3749204000.0,0.21809,0.0779,0.6689099379702397,25504922000.0,23418542000.0,38919826000.0,17041512000.0,28682933000.0,2108710000.0,14891001000.0,0.10125833605404602
オンコリスバイオファーマ,4588,医薬品,グロース（内国株式）,JP,2025-12-31,東京都,93272719360.0,46.490917,-42.466667,,-6.7122110022804184,0.0,0.0,-79.91,-75.0,-77.17278253380499,28546000.0,-2024068000.0,-71.16097,-2058049000.0,0.0,-1.1009201,0.8779796390553831,555910000.0,470721000.0,4494353000.0,320019000.0,3674717000.0,,3938443000.0,0.042225025999284856
リボミック,4591,医薬品,グロース（内国株式）,JP,2025-03-31,東京都,3801617152.0,1.3365155,-1.3333334,,-3.2407715684944014,0.0,0.0,-23.07,-52.5,-28.69686987633194,2107000.0,-1050589000.0,-186.136,-1018939000.0,0.0,-0.38926,0.955361879214349,142210000.0,142209000.0,3147518000.0,,1837123000.0,,3005308000.0,0.7905341016306526
サンバイオ,4592,医薬品,グロース（内国株式）,JP,2026-01-31,東京都,114954903552.0,8.448523,-36.094093,,-17.860671981365886,0.0,0.0,-52.5,-40.81,-40.479999898901276,0.0,-3794810000.0,0.0,-3842612000.0,0.0,-0.50003,0.8708915939716311,2016872000.0,534293000.0,15489546000.0,1238700000.0,15083233000.0,,13472674000.0,0.11719964598035279
ヘリオス,4593,医薬品,グロース（内国株式）,JP,2025-12-31,東京都,44280623104.0,5.4670315,-11.528998,,-3.698286648878394,0.0,0.0,-26.6,-28.45,-47.86000026625304,104000000.0,-3340000000.0,-141.25,-2217000000.0,0.0,-0.65403,0.2867362495602205,12155000000.0,3224000000.0,6441000000.0,2612000000.0,5679000000.0,5168000000.0,-2096400000.0,-0.04734350722834851
ブライトパス・バイオ,4594,医薬品,グロース（内国株式）,JP,2025-03-31,,6944560640.0,5.0828505,,,-3.5154940697656496,0.0,0.0,-11.7,,-18.20512244649196,1133000.0,-1160918000.0,-1208.74,-1151149000.0,0.0,,0.8254293189792721,195626000.0,131661000.0,1071315000.0,25000000.0,810470000.0,,875689000.0,0.1260971061230448
ミズホメディー,4595,医薬品,スタンダード（内国株式）,JP,2025-12-31,佐賀県,33087504384.0,1.8048066,11.816326,9.654291,7.112723066943644,0.556,0.0,179.92,147.0,198.07104109509504,11260000000.0,4653000000.0,0.3442,3425000000.0,0.30031002,0.18396999,0.8349944134078212,3692000000.0,2660000000.0,19580000000.0,,10825000000.0,3000000.0,15890100000.0,0.4802447418090533
窪田製薬ホールディングス,4596,医薬品,グロース（内国株式）,JP,2025-12-31,東京都,8554889728.0,4.4116583,,,-2.240602107360757,0.0,0.0,-10.59,,-23.654356043800025,21335000.0,-894855000.0,-78.25,-676253000.0,0.0,-0.5052,0.9163280637063599,165625000.0,157373000.0,1968995000.0,127872000.0,1918615000.0,,1803370000.0,0.21079991178584132
ソレイジア・ファーマ,4597,医薬品,グロース（内国株式）,JP,2025-12-31,東京都,6825130496.0,3.9277298,-11.904762,,-3.6853954683153014,0.0,0.0,-3.69,-2.1,-9.768286825526657,429000000.0,-860000000.0,-50.83333,-876000000.0,-2.17317,-0.69528,0.7795957651588066,458000000.0,414000000.0,1880000000.0,16000000.0,1378000000.0,91000000.0,1485700000.0,0.21768081956392238
Ｄｅｌｔａ－Ｆｌｙ　Ｐｈａｒｍａ,4598,医薬品,グロース（内国株式）,JP,2025-03-31,徳島県,2028919552.0,58.289177,-8.324325,,-4.175549306593778,0.0,0.0,-140.44,-18.5,-198.77624213161934,0.0,-1708223000.0,0.0,-1721164000.0,0.0,-10.5178,0.639593032090511,156537000.0,156538000.0,394676000.0,,338829000.0,,238139000.0,0.1173723225079355
ステムリム,4599,医薬品,グロース（内国株式）,JP,2024-07-31,大阪府,18490918912.0,2.8131676,-9.16149,,-13.766353812693913,0.0,0.0,-29.06,-32.2,-32.97895769476504,,,0.0,,0.0,-0.24562,0.979529459831957,185881000.0,67527000.0,8877489000.0,0.0,8410449000.0,,8691608000.0,0.470047380628522
ＢＲＡＮＵ,460A,情報・通信業,グロース（内国株式）,JP,2025-10-31,東京都,2520000000.0,2.8117955,,10.410857,,0.0,0.0,53.79,,,2122790000.0,331550000.0,0.0422,241942000.0,0.09297,,0.3396083725882138,805129000.0,419211000.0,1042193000.0,454019000.0,786171000.0,9811000.0,243931700.0,0.09679829365079365
大日本塗料,4611,化学,プライム（内国株式）,JP,2025-03-31,大阪府,35988791296.0,0.539713,,21.395823,3.46651762020375,0.9854,0.0,58.89,,329.6100011994074,,,0.03687,,0.018,0.02337,0.4886984041276698,57176000000.0,39641000000.0,53066000000.0,12222000000.0,12649000000.0,9447000000.0,2502900000.0,0.06954665355149581
日本ペイントホールディングス,4612,化学,プライム（内国株式）,JP,2025-12-31,東京都,2385563090944.0,1.2539272,17.338165,19.195595,13.176760621517465,0.2985,0.015230843,53.58,59.32,76.55054230396696,1638720000000.0,186205000000.0,0.14907,125889000000.0,0.10524,0.11474,0.4489737757912537,2194666000000.0,592677000000.0,1278882000000.0,1421892000000.0,424337000000.0,29377000000.0,-895220100000.0,-0.3752657405701851
関西ペイント,4613,化学,プライム（内国株式）,JP,2025-03-31,大阪府,416525549568.0,1.3883152,13.032941,15.92837,12.479782111474458,0.741,0.0,148.54,181.54,169.25000021097708,,,0.07264,,0.05365,0.094639994,0.35888019032927976,400693000000.0,177049000000.0,355530000000.0,218417000000.0,76656000000.0,57907000000.0,-4628100000.0,-0.011111203153804226
神東塗料,4615,化学,スタンダード（内国株式）,JP,2025-03-31,兵庫県,4322711040.0,0.3300287,,,-8.164963782696178,0.0,0.0,-17.44,,-16.044161797462632,20758000000.0,235000000.0,-0.00666,-59000000.0,-0.027609998,-0.030580001,0.4248672289909403,17394000000.0,11564000000.0,12139000000.0,5026000000.0,2723000000.0,2732000000.0,-3342600000.0,-0.7732647334206267
川上塗料,4616,化学,スタンダード（内国株式）,JP,2025-11-30,兵庫県,1871425280.0,0.5374581,,25.902452,9.428838786577298,0.5506,0.02149382,72.58,,171.335934141432,5932496000.0,54330000.0,0.00778,72318000.0,0.01692,0.030369999,0.3844455532224591,5339451000.0,3617837000.0,5702595000.0,1905628000.0,1889166000.0,1182765000.0,1191079500.0,0.6364558140413706
中国塗料,4617,化学,プライム（内国株式）,JP,2025-03-31,東京都,165462081536.0,1.7330401,18.788733,16.033653,10.293675606215093,0.4663,0.0,208.0,177.5,199.58034056976837,131152000000.0,15382000000.0,0.12061,13721000000.0,0.078889996,0.13257,0.5769631916671847,55343000000.0,46268000000.0,108373000000.0,20790000000.0,36768000000.0,8229000000.0,58790300000.0,0.35530980545055485
日本特殊塗料,4619,化学,スタンダード（内国株式）,JP,2025-03-31,東京都,50164310016.0,0.84023273,16.203577,9.720274,7.0699157020833665,0.5157,0.0,242.38,145.4,181.53803697911874,66060000000.0,4457000000.0,0.0802,4942000000.0,0.08473,0.088290006,0.6740377509003672,21130000000.0,16122000000.0,38327000000.0,3531000000.0,16235000000.0,22055000000.0,32635500000.0,0.6505720897903479
藤倉化成,4620,化学,スタンダード（内国株式）,JP,2025-03-31,東京都,29699299328.0,0.6144631,,9.578651,30.589674615899423,0.1872,0.0,106.8,,16.940101724314957,,,0.034849998,,0.05631,0.06744,0.6925694162659201,15851542000.0,11817968000.0,33993476000.0,2950591000.0,13926544000.0,5430250000.0,21943109000.0,0.7388426493722835
アサヒペン,4623,化学,スタンダード（内国株式）,JP,2025-03-31,大阪府,6325443584.0,0.43061897,,9.069644,16.24061930914963,0.3191,0.0,188.1,,106.36986301369863,17151706000.0,865254000.0,0.0058099995,701620000.0,0.04322,0.049889997,0.6572390679665363,7380084000.0,3669090000.0,9716855000.0,3985336000.0,3332649000.0,3280220000.0,4632925000.0,0.7324268944108252
イサム塗料,4624,化学,スタンダード（内国株式）,JP,2025-03-31,大阪府,7126304256.0,0.39473534,,9.433962,12.170909598012436,0.1262,0.0,396.44,,272.88248266063215,8156880000.0,627555000.0,0.09212,548827000.0,0.08986,0.0427,0.824521683152878,3247292000.0,2170202000.0,8391761000.0,18949000.0,4082339000.0,7648940000.0,10498727000.0,1.4732358629173858
アトミクス,4625,化学,スタンダード（内国株式）,JP,2025-03-31,東京都,3898013440.0,0.34697026,,4.1216216,14.92726079979259,0.1126,0.0,177.6,,44.963896201579544,12348498000.0,350774000.0,0.05589,228836000.0,0.074039996,0.08758,0.6889594001536088,4673441000.0,4052952000.0,8709380000.0,100000000.0,2831524000.0,565252000.0,4431615400.0,1.1368907440195999
太陽ホールディングス,4626,化学,プライム（内国株式）,JP,2025-03-31,東京都,549039538176.0,4.743606,18.17445,30.001215,24.36424030319523,0.5014,0.016905738,164.46,271.48,96.5989611597173,,,0.22715001,,0.17417999,0.21951,0.5362510545666642,89046000000.0,37991000000.0,98008000000.0,64521000000.0,44903000000.0,4870000000.0,12371000000.0,0.02253207490502142
ナトコ,4627,化学,スタンダード（内国株式）,JP,2025-10-31,愛知県,12601281536.0,0.512393,,11.069818,10.381353169671495,0.3652,0.033033032,150.68,,126.60195054210493,22275001000.0,1398054000.0,0.06307,1137776000.0,0.05034,0.04575,0.7869808080841287,6441974000.0,5771071000.0,21112396000.0,,10710868000.0,709191000.0,15166855700.0,1.2035962895258339
エスケー化研,4628,化学,スタンダード（内国株式）,JP,2025-03-31,大阪府,133821849600.0,0.765751,,11.717459,8.74263573710855,0.1417,0.0,846.6,,877.1305185046723,106142000000.0,12447000000.0,0.09932999,10729000000.0,0.11168,0.07244,0.8556560233587642,27585000000.0,23270000000.0,140500000000.0,3000000000.0,108790000000.0,11369000000.0,120873300000.0,0.9032403928154943
大伸化学,4629,化学,スタンダード（内国株式）,JP,2025-03-31,東京都,9109177344.0,0.52354604,,10.246513,10.736695301939754,0.2315,0.0,194.31,,137.08523580441468,34711178000.0,799315000.0,0.02478,588158000.0,0.02569,0.05242,0.6556621788823105,8675996000.0,8466070000.0,19439967000.0,12144000.0,7125465000.0,1342825000.0,11703948500.0,1.2848524140008224
ＦＵＮＤＩＮＮＯ,462A,証券、商品先物取引業,グロース（内国株式）,JP,,東京都,12111396864.0,2.4525414,,,,0.0,0.0,-61.54,,,,,0.0,,0.0,,,,,,,,,,
ＤＩＣ,4631,化学,プライム（内国株式）,JP,2025-12-31,東京都,462923923456.0,0.9586868,14.913218,14.303687,14.189918123668171,0.35119998,0.040666938,341.8,327.83,225.1100008209919,1052194000000.0,52192000000.0,0.08677,32353000000.0,0.04237,0.102110006,0.3695811366692018,783247000000.0,386545000000.0,627550000000.0,458273000000.0,68909000000.0,63320000000.0,-111373000000.0,-0.2405859674923147
サカタインクス,4633,化学,プライム（内国株式）,JP,2025-12-31,大阪府,114812854272.0,0.95154816,8.693727,10.018285,9.24038809363163,0.4038,0.0407201,235.17,271.0,180.64000114569808,257668000000.0,15227000000.0,0.06127,11609000000.0,0.04526,0.110080004,0.5275564056246237,99347000000.0,62275000000.0,127269000000.0,33598000000.0,20595000000.0,30173000000.0,49043100000.0,0.4271568746458766
ａｒｔｉｅｎｃｅ,4634,化学,プライム（内国株式）,JP,2025-12-31,東京都,192515276800.0,5.345943,10.937042,19.50953,8.679601405452157,0.47509998,0.0019277108,210.41,375.33,352.4099987346314,349979000000.0,20768000000.0,0.06958,10340000000.0,0.05088,0.074099995,0.575071335927367,185383000000.0,106070000000.0,227672000000.0,63436000000.0,47625000000.0,61997000000.0,85686900000.0,0.4450914307908057
東京インキ,4635,化学,スタンダード（内国株式）,JP,2025-03-31,東京都,15806359552.0,0.50087523,,8.578597,9.284719556966515,0.4273,0.0,147.46,,67.14939024390245,46806000000.0,1312000000.0,0.02506,1180000000.0,0.0374,0.06068,0.5828808624488511,21003000000.0,16357000000.0,29729000000.0,6921000000.0,3697000000.0,4486000000.0,11866200000.0,0.7507231479179248
インテリックスホールディングス,463A,不動産業,スタンダード（内国株式）,JP,2025-05-31,東京都,9375081472.0,0.5396558,,4.551617,,0.1549,0.023329798,206.52,,,44793776000.0,2386508000.0,0.03759,1667290000.0,0.02777,0.110530004,0.25376197833349456,39041368000.0,20069324000.0,35579980000.0,35052282000.0,5534385000.0,1119950000.0,-2677423000.0,-0.2855893047966037
アルプス技研,4641,サービス業,プライム（内国株式）,JP,2025-12-31,神奈川県,46863269888.0,6.9952593,13.37626,11.784728,13.43986961307492,0.53279996,0.04501876,202.72,178.6,185.03041618420852,52649756000.0,5397491000.0,0.098170005,3981061000.0,0.07309,0.20573999,0.6951154902501234,8874406000.0,8470861000.0,22789427000.0,210734000.0,14118668000.0,1234842000.0,14779410400.0,0.31537300822844366
オリジナル設計,4642,サービス業,スタンダード（内国株式）,JP,2025-12-31,東京都,8979557376.0,1.100443,,16.322517,9.915628239561398,0.3823,0.023364486,91.53,,110.30552061163502,8515210000.0,921797000.0,0.20456,541343000.0,0.06491,,0.6330270172845888,4387751000.0,1685728000.0,7263264000.0,1843519000.0,3991237000.0,1044400000.0,3606593000.0,0.4016448527451338
イマジニア,4644,情報・通信業,スタンダード（内国株式）,JP,2025-03-31,東京都,9745063936.0,0.81485075,,13.055268,20.313847629020778,0.6457,0.0,77.44,,43.28651518346119,6486155000.0,458512000.0,0.099309996,603026000.0,0.13111,0.06421,0.8946815494368681,1315572000.0,1310874000.0,11760820000.0,,1588558000.0,746086000.0,10967508200.0,1.125442405717224
市進ホールディングス,4645,サービス業,スタンダード（内国株式）,JP,2025-02-28,千葉県,3433547520.0,1.3937806,,5.5275083,,0.1294,0.0,77.25,,,,,0.087740004,,0.03367,0.26978,0.15743889314198692,11450269000.0,4175684000.0,6423563000.0,7092540000.0,4387763000.0,907019000.0,-4391792700.0,-1.279083127412199
ＱＰＳホールディングス,464A,情報・通信業,グロース（内国株式）,JP,2025-05-31,福岡県,233983819776.0,13.463782,,,-261.68322014051523,0.0,0.0,-47.46,,-11.750848978199011,2681000000.0,85000000.0,-1.00612,-1848000000.0,-0.14753,-0.0317,0.6220735785953178,9040000000.0,3740000000.0,13161000000.0,5300000000.0,11833000000.0,,4121000000.0,0.017612328937723822
ＳＤエンターテイメント,4650,サービス業,スタンダード（内国株式）,JP,2025-03-31,,2417582848.0,1.505344,,11.20797,22.092550444713883,0.0,0.0,24.09,,13.17186083735425,4201829000.0,98114000.0,0.113129996,93821000.0,0.04171,0.12707,0.37669158206775644,2622448000.0,2003667000.0,1363184000.0,1890381000.0,486637000.0,14904000.0,-1248831200.0,-0.5165619043968334
サニックスホールディングス,4651,サービス業,スタンダード（内国株式）,JP,2025-03-31,福岡県,11855346688.0,1.0772679,7.402985,22.064058,7.917340781880004,0.17790002,0.0,11.24,33.5,31.02245990535326,,,0.06889,,0.0093,0.03976,0.2774519165188924,26485000000.0,16910000000.0,13873000000.0,10974000000.0,4816000000.0,161000000.0,-12499300000.0,-1.054317543716525
環境管理センター,4657,サービス業,スタンダード（内国株式）,JP,2025-06-30,東京都,2260214016.0,0.9066236,,52.50278,11.03502802120385,0.8919,0.0,8.99,,45.59000431453121,6099354000.0,109552000.0,0.16563,7902000.0,-0.04784,-0.10889,0.4315035125055824,2973143000.0,2154676000.0,1879473000.0,1749716000.0,828182000.0,78612000.0,-1038641600.0,-0.4595324127040543
日本空調サービス,4658,サービス業,プライム（内国株式）,JP,2025-03-31,愛知県,55213780992.0,1.7958018,16.59375,15.028302,10.601381327843544,0.5094,0.0,106.0,96.0,78.3700006194825,64438000000.0,4195000000.0,0.08156,3102000000.0,0.053379998,0.12948,0.5337464997529238,22447000000.0,16696000000.0,28662000000.0,3605000000.0,8996000000.0,6094000000.0,10480800000.0,0.189822175038485
エイジス,4659,サービス業,スタンダード（内国株式）,JP,2025-03-31,,37304565760.0,1.4113722,14.416177,18.14897,10.716222638389885,0.0,0.0,243.54,306.6,226.78001191858326,33960587000.0,3032233000.0,0.13363,2104607000.0,0.05422,0.079840004,0.8144580146447008,5648100000.0,5461451000.0,21792339000.0,170301000.0,15972506000.0,3284278000.0,18443233600.0,0.4943961476097879
オリエンタルランド,4661,サービス業,プライム（内国株式）,JP,2025-03-31,千葉県,3605294743552.0,3.2778869,25.145798,29.57235,40.159252136733855,0.2018,0.0069589424,74.36,87.45,75.6235777943448,,,0.15488,,0.17299,,0.679452715671165,461114000000.0,235882000000.0,525366000000.0,266667000000.0,323416000000.0,55553000000.0,103139100000.0,0.028607674916027958
フォーカスシステムズ,4662,情報・通信業,プライム（内国株式）,JP,2025-03-31,東京都,23203192832.0,1.5386827,20.229885,10.17864,12.871489912015177,0.4112,0.030690538,155.62,78.3,93.1395934044103,32555008000.0,2171902000.0,0.1015,1566852000.0,0.06406,,0.6723476029212606,6845653000.0,5906926000.0,13584854000.0,1866071000.0,6508050000.0,3326140000.0,9067499000.0,0.39078669326467974
アール・エス・シー,4664,サービス業,スタンダード（内国株式）,JP,2025-03-31,,2394884096.0,0.99793535,,16.384535,7.877095573885636,0.5015,0.0,47.85,,84.05439365018333,8844777000.0,301117000.0,0.044359997,186976000.0,0.01701,0.06122,0.5234933695349839,1982107000.0,1238267000.0,2927502000.0,380504000.0,1767123000.0,210551000.0,1092780700.0,0.4562979485417235
ダスキン,4665,サービス業,プライム（内国株式）,JP,2025-03-31,大阪府,189209444352.0,1.1975344,19.480394,20.596525,19.351947145284296,0.6043,0.0,195.13,206.31,185.67999924108992,,,0.02527,,0.04718,0.05959,0.7437560865245576,51778000000.0,42097000000.0,60594000000.0,225000000.0,18096000000.0,69509000000.0,57472300000.0,0.3037496367944516
パーク２４,4666,不動産業,プライム（内国株式）,JP,2025-10-31,東京都,312574541824.0,4.4003487,12.918812,21.463728,18.320693141070706,0.35169998,0.016524373,85.33,141.77,99.80999980873993,406168000000.0,37562000000.0,0.0863,15917000000.0,0.03983,0.21389,0.27708704878434204,256183000000.0,89363000000.0,148001000000.0,172642000000.0,80470000000.0,,-108182000000.0,-0.3460998434764197
アイサンテクノロジー,4667,情報・通信業,スタンダード（内国株式）,JP,2025-03-31,,8622505984.0,1.3789388,,20.960081,25.512599930284924,0.3208,0.015337423,77.91,,62.530406026088556,6220625000.0,449404000.0,0.0716,286207000.0,0.0589,0.06996,0.7177591579348435,2322318000.0,1825144000.0,6433644000.0,291879000.0,4176001000.0,818876000.0,4684539200.0,0.5432920787405278
明光ネットワークジャパン,4668,サービス業,プライム（内国株式）,JP,2025-08-31,東京都,17392138240.0,1.3530941,21.54574,10.2537155,35.02441476493002,0.42040002,0.041237112,66.61,31.7,19.397483230102228,24827000000.0,1698000000.0,0.14068,1727000000.0,0.06605,0.13541001,0.6571279373368146,6566000000.0,5512000000.0,12210000000.0,25000000.0,9127000000.0,3787000000.0,8294900000.0,0.4769338815926983
ファルコホールディングス,4671,サービス業,スタンダード（内国株式）,JP,2025-03-31,大阪府,25396049920.0,0.9814951,14.406587,12.678027,13.952497425529195,0.62479997,0.0,200.11,176.1,150.90000166660266,43313000000.0,2335000000.0,0.06961,1920000000.0,0.04626,0.07887,0.7010744329381715,10767000000.0,7432000000.0,18228000000.0,1437000000.0,9420000000.0,3675000000.0,10033500000.0,0.39508112606513573
川崎地質,4673,サービス業,スタンダード（内国株式）,JP,2025-11-30,,4327530496.0,0.7698863,,6.969718,5.771265344980694,0.2038,0.028769841,711.65,,406.125395692206,12708831000.0,665971000.0,0.23459,620503000.0,0.07746,0.20327999,0.43893200795554516,6708658000.0,5976008000.0,8273453000.0,3611472000.0,1097586000.0,669271000.0,2033284700.0,0.4698487282479915
クレスコ,4674,情報・通信業,プライム（内国株式）,JP,2025-03-31,東京都,62126661632.0,1.8561026,8.043933,11.849912,10.71509410174158,0.493,0.0,129.79,191.2,106.83326760881562,,,0.11371,,0.08162,0.16422,0.7110794823651987,12520893000.0,8971024000.0,28451026000.0,1720786000.0,15334671000.0,8149072000.0,21634483400.0,0.34823186747340984
フジ・メディア・ホールディングス,4676,情報・通信業,プライム（内国株式）,JP,2025-03-31,東京都,533317156864.0,1.1628597,22.717068,114.32061,10.216079397268713,3.8051999,0.0,32.75,164.81,169.26999973182103,550761000000.0,18294000000.0,-0.02458,-20134000000.0,0.011779999,0.01006,0.568051983758894,610276000000.0,186939000000.0,398592000000.0,350894000000.0,84297000000.0,414896000000.0,78743200000.0,0.14764797829311185
秀英予備校,4678,サービス業,スタンダード（内国株式）,JP,2025-03-31,静岡県,2012904320.0,0.42305657,,46.58385,-4.4438815632012965,1.5503999,0.0,6.44,,-63.387365211550296,10693035000.0,386739000.0,0.10706,298101000.0,0.00401,0.00925,0.4812528852485726,4890366000.0,1786553000.0,1860361000.0,1275543000.0,1300356000.0,,-3030005000.0,-1.5052901272525463
田谷,4679,サービス業,スタンダード（内国株式）,JP,2025-03-31,東京都,1955945216.0,0.29775247,,,-12.42800025185745,0.0,0.08365019,-0.16,,-31.783069841905142,5444574000.0,3885000.0,0.0585,-62325000.0,0.00093999994,0.00265,0.20972355679088095,1570043000.0,866331000.0,557368000.0,456423000.0,175066000.0,,-1012675000.0,-0.5177420061237543
ラウンドワン,4680,サービス業,プライム（内国株式）,JP,2025-03-31,大阪府,233956671488.0,2.8310049,12.338833,15.159258,20.78805801158572,0.2895,0.0,58.71,72.13,36.47232667673332,10462000000.0,8323000000.0,0.17094,4281000000.0,0.08769,0.22233,0.2573235762598398,193032000000.0,67485000000.0,64794000000.0,157215000000.0,51154000000.0,10504000000.0,-120885200000.0,-0.5166990931746112
リゾートトラスト,4681,サービス業,プライム（内国株式）,JP,2025-03-31,愛知県,355367223296.0,2.2174404,9.677326,16.69993,16.59181168671,0.3441,0.0,100.21,172.93,75.0146328569001,249333000000.0,26373000000.0,0.09871,20139000000.0,0.07951,0.13272001,0.292762537301019,342208000000.0,170005000000.0,196390000000.0,33504000000.0,28352000000.0,33818000000.0,-122145400000.0,-0.343715998529949
オービック,4684,情報・通信業,プライム（内国株式）,JP,2025-03-31,東京都,1784251809792.0,3.4632356,25.771778,24.057869,33.68668827871945,0.48950002,0.020776652,171.42,160.02,130.9200000302434,121240000000.0,78378000000.0,0.67586,64621000000.0,0.55611,0.15832,0.8670497127154634,66525000000.0,30795000000.0,219589000000.0,,200065000000.0,221988000000.0,308455600000.0,0.1728767197024496
菱友システムズ,4685,情報・通信業,スタンダード（内国株式）,JP,2025-03-31,東京都,36541964288.0,1.6441772,,9.346557,13.960621465928563,0.3179,0.0,306.53,,265.5014634365323,,,0.13233,,0.090450004,0.18505,0.6345065059762275,9501000000.0,9113000000.0,22989000000.0,14000000.0,2170000000.0,2077000000.0,14941900000.0,0.40889701172705606
ジャストシステム,4686,情報・通信業,プライム（内国株式）,JP,2025-03-31,東京都,255610650624.0,2.209101,,16.931126,14.431613370086472,0.1149,0.0,235.07,,181.18999910931007,44551000000.0,18037000000.0,0.38318002,12327000000.0,0.29296,0.13492,0.8676801057501652,16016000000.0,15822000000.0,109649000000.0,,90569000000.0,14000000.0,93642800000.0,0.36634936678654817
ＴＤＣソフト,4687,情報・通信業,プライム（内国株式）,JP,2025-03-31,東京都,44330479616.0,1.8915994,12.611035,11.740384,15.958581583429682,0.3382,0.0,79.81,74.3,65.56875960082553,44417991000.0,4772529000.0,0.08291,3433822000.0,0.08023,0.17511,0.7381981524187536,7405542000.0,6870341000.0,23247699000.0,531000000.0,13250091000.0,3077253000.0,17996234100.0,0.4059562237062894
ＬＩＮＥヤフー,4689,情報・通信業,プライム（内国株式）,JP,2025-03-31,東京都,2826681974784.0,0.9434351,19.257704,14.80086,24.62509642151649,0.26209998,0.01820449,27.87,21.42,15.040000000637745,1917478000000.0,271979000000.0,0.10559,153465000000.0,0.09512,0.079380006,0.32737024785916585,5739431000000.0,1762205000000.0,3722779000000.0,1694398000000.0,1043944000000.0,1307397000000.0,-1101474100000.0,-0.3896703307361518
ワシントンホテル,4691,サービス業,スタンダード（内国株式）,JP,2025-03-31,愛知県,21638172672.0,3.2926316,,7.1530533,11.47459766320025,0.1587,0.0,252.2,,69.30466116278203,21347826000.0,2240594000.0,-1.58047,2015575000.0,-1.5790801,-0.71427,0.28161359703447997,24098667000.0,4798879000.0,7980492000.0,20692832000.0,5966495000.0,358316000.0,-15867353800.0,-0.7333037794144468
ビー・エム・エル,4694,サービス業,プライム（内国株式）,JP,2025-03-31,東京都,131942268928.0,1.0351105,23.687752,17.299847,17.46770464389731,0.61439997,0.0,203.47,148.6,154.74000115195904,143191000000.0,9364000000.0,0.03415,6263000000.0,0.05156,0.06024,0.7289853357895745,43737000000.0,37595000000.0,102259000000.0,5289000000.0,67562000000.0,3127000000.0,60710900000.0,0.46013230250822446
フィットクルー,469A,サービス業,グロース（内国株式）,JP,2025-11-30,大阪府,1476626304.0,1.7734227,,5.9249535,,0.0,0.0,236.12,,,2920951000.0,274653000.0,0.01642,249219000.0,0.06718,,0.32074654937622565,1269433000.0,743616000.0,1013054000.0,454776000.0,570435000.0,,-256379000.0,-0.17362483609123083
トレンドマイクロ,4704,情報・通信業,プライム（内国株式）,JP,2025-12-31,東京都,787038863360.0,6.891881,20.329155,23.253584,32.34012202888121,0.7091,0.030003244,260.82,298.34,257.6600005384478,275984000000.0,57777000000.0,0.21067,34523000000.0,0.13261,0.33821,0.30936817624183516,291113000000.0,278479000000.0,332690000000.0,,220092000000.0,4727000000.0,44885900000.0,0.05703136412905281
クリップコーポレーション,4705,サービス業,スタンダード（内国株式）,JP,2025-03-31,愛知県,2863739392.0,0.60441935,,,33.622776763358466,4.0,0.0,-23.32,,23.89657049537289,3038094000.0,1834000.0,0.04694,-75274000.0,-0.029860001,-0.01804,0.8758282693174935,680380000.0,510315000.0,3471866000.0,209984000.0,2998961000.0,1168287000.0,3609286900.0,1.260340556854693
キタック,4707,サービス業,スタンダード（内国株式）,JP,2025-10-31,新潟県,1831346816.0,0.515002,,8.802153,7.445385543619422,0.1885,0.02153846,37.15,,49.91421223548326,3467585000.0,146107000.0,0.05243,207981000.0,0.054229997,0.054640003,0.5559220936715941,2821826000.0,2199702000.0,1616884000.0,1944469000.0,155778000.0,312633000.0,-986098900.0,-0.5384555734526693
ＩＤホールディングス,4709,情報・通信業,プライム（内国株式）,JP,2025-03-31,東京都,34228338688.0,2.3333387,7.8800282,11.643597,6.557673652152054,0.4655,0.0,85.97,127.03,106.42306911973701,36274390000.0,3780890000.0,0.10903,2389934000.0,0.07384,0.2019,0.6026665170318669,8874907000.0,7987936000.0,14396048000.0,1950000000.0,5683280000.0,4664007000.0,8785945900.0,0.2566863083857539
ＫｅｙＨｏｌｄｅｒ,4712,サービス業,スタンダード（内国株式）,JP,2025-12-31,東京都,15186590720.0,11.14287,,17.697369,5.255292642795133,0.2195,0.00125,45.6,,133.014122089924,35630349000.0,783311000.0,0.0465,857390000.0,-0.054169998,-0.09193,0.4122407884912951,32079323000.0,9903218000.0,12265386000.0,4330600000.0,5096932000.0,1907543000.0,-18478656900.0,-1.216774537530962
リソー教育グループ,4714,サービス業,プライム（内国株式）,JP,2026-02-28,,32868212736.0,2.6796622,16.06994,20.35865,22.80715076202715,1.0548999,0.052083332,9.48,12.01,10.689999978780302,34240928000.0,2704189000.0,0.11665,1615853000.0,0.04719,0.13299,0.5411291310231109,10401237000.0,6173135000.0,12799102000.0,,8081131000.0,80040000.0,2453893000.0,0.07465854683702629
日本オラクル,4716,情報・通信業,スタンダード（内国株式）,JP,2025-05-31,東京都,1157864095744.0,6.1562467,17.45017,18.888634,25.93796480735065,0.397,0.0,478.33,517.76,434.08999959864457,263510000000.0,86837000000.0,0.33842,60725000000.0,0.22647,0.37396,0.5173149432843557,152723000000.0,152722000000.0,203861000000.0,,66616000000.0,36000000.0,51163200000.0,0.044187569325331265
早稲田アカデミー,4718,サービス業,プライム（内国株式）,JP,2025-03-31,東京都,44002562048.0,2.6577911,19.52459,17.686369,13.282794769102702,0.4086,0.0,134.68,122.0,112.74999243753243,35069991000.0,3549345000.0,0.14562,2338913000.0,0.06604,0.15671,0.6201612288960637,9300377000.0,5778016000.0,11251972000.0,482681000.0,8091237000.0,669317000.0,2420116900.0,0.054999454289957624
アルファシステムズ,4719,情報・通信業,プライム（内国株式）,JP,2025-03-31,神奈川県,45625593856.0,1.0064552,,12.160442,14.208481498951802,0.5054,0.0,267.26,,228.76000335647487,,,0.09167,,0.092089996,0.08445,0.8357438933274768,8544035000.0,7583739000.0,34102138000.0,,24195685000.0,3769777000.0,28196946900.0,0.61800723052489
ＮＳグループ,471A,その他金融業,プライム（内国株式）,JP,2025-12-31,大阪府,,2.5445247,,12.457113,,0.3081,0.024509804,113.67,,,29826000000.0,9873000000.0,0.3722,6325000000.0,0.22001,,0.3793488396527495,47257000000.0,19571000000.0,29498000000.0,26968000000.0,15983000000.0,383000000.0,-17490900000.0,
城南進学研究社,4720,サービス業,スタンダード（内国株式）,JP,2025-03-31,神奈川県,1855284096.0,1.1961722,,,-24.37207677911523,0.0,0.0,-35.87,,-15.230218191222024,5623999000.0,-230708000.0,-0.07413,-420786000.0,0.00071000005,0.00283,0.27459187064371077,3791988000.0,1842603000.0,2191819000.0,1244179000.0,1596727000.0,136139000.0,-1504871700.0,-0.8111273649380758
フューチャー,4722,情報・通信業,プライム（内国株式）,JP,2025-12-31,東京都,138334502912.0,2.1834488,11.630507,11.803874,15.551841601652189,0.3482,0.02962009,132.16,134.13,116.49000032321969,75993000000.0,16181000000.0,0.18826,11712000000.0,0.15691,0.20301001,0.6436901867864726,34737000000.0,17054000000.0,57370000000.0,14999000000.0,32800000000.0,12544000000.0,31413800000.0,0.2270857908817119
ＣＡＣ　Ｈｏｌｄｉｎｇｓ,4725,情報・通信業,プライム（内国株式）,JP,2025-12-31,東京都,30980419584.0,0.89418656,,9.366506,8.672807994728895,0.5227,0.05608525,191.32,,181.3779238695457,50588000000.0,2581000000.0,0.06368,3271000000.0,0.070539996,0.110190004,0.6558201008954001,17908000000.0,13530000000.0,28183000000.0,2932000000.0,11769000000.0,15812000000.0,21343400000.0,0.688931921729779
トーセ,4728,情報・通信業,スタンダード（内国株式）,JP,2025-08-31,,4820519936.0,0.7600946,,12.1073675,-17.952824403626238,0.47599998,0.039308175,52.53,,-34.424076430516,6636289000.0,689873000.0,0.06172,250235000.0,0.057340004,0.06442,0.7813213423521764,1674441000.0,1276624000.0,4325383000.0,,1629563000.0,1034806000.0,3375306200.0,0.7001954653880722
ミラティブ,472A,情報・通信業,グロース（内国株式）,JP,2025-12-31,東京都,8007771648.0,2.12505,,10.111159,,0.0,0.0,46.78,,,7188192000.0,349230000.0,0.13166,739290000.0,0.11737,,0.6765962050891405,1694795000.0,1310838000.0,4320464000.0,644728000.0,3392665000.0,225002000.0,2783170400.0,0.3475586620523972
ユー・エス・エス,4732,サービス業,プライム（内国株式）,JP,2025-03-31,愛知県,816931471360.0,3.9378715,22.5,19.876865,17.2258526729826,0.6179,0.0,88.52,78.2,68.0999999637832,104021000000.0,54206000000.0,0.52074003,37636000000.0,0.36326998,0.20034,0.7638097161751725,59995000000.0,51151000000.0,144641000000.0,2245000000.0,113219000000.0,511000000.0,85003700000.0,0.10405242419965618
オービックビジネスコンサルタント,4733,情報・通信業,プライム（内国株式）,JP,2025-03-31,東京都,463765078016.0,2.7380795,25.562508,25.601759,37.39960178053648,0.4602,0.0,240.96,241.33,184.1299998937106,46984282000.0,21744246000.0,0.46668,16182920000.0,0.35276002,0.11043999,0.762034471794617,49648857000.0,42731161000.0,173676557000.0,,161057982000.0,31369252000.0,145986176400.0,0.31478475486885077
京進,4735,サービス業,スタンダード（内国株式）,JP,2025-05-31,京都府,2467123200.0,0.6316237,3.6769757,27.601032,5.23505472671118,0.31190002,0.011238391,11.63,87.3,64.86831955130287,26455650000.0,508403000.0,0.03664,93057000.0,-0.00104,-0.00714,0.17702488383566647,18128723000.0,9678062000.0,7235936000.0,9865817000.0,5569811000.0,206738000.0,-10748070400.0,-4.356519528493753
日本ラッド,4736,情報・通信業,スタンダード（内国株式）,JP,2025-03-31,東京都,3085259776.0,0.87476087,,18.72395,17.647463582017647,0.3204,0.0,31.19,,63.00517151142013,4356055000.0,318259000.0,0.056550004,417166000.0,0.0397,,0.6861336879577657,1550165000.0,879844000.0,3467279000.0,2126000.0,2184676000.0,483427000.0,2255512900.0,0.731060936114833
アイティフォー,4743,情報・通信業,プライム（内国株式）,JP,2025-03-31,東京都,42764460032.0,2.1753762,14.880295,15.499712,13.514554236928012,0.7672,0.0,104.26,108.6,108.04999802388438,,,0.21586001,,0.11935,0.14152999,0.7950997462725562,4907868000.0,4512250000.0,18460447000.0,,5037547000.0,2997342000.0,15650718400.0,0.36597488634929104
東計電算,4746,情報・通信業,スタンダード（内国株式）,JP,2025-12-31,神奈川県,76153421824.0,1.4888726,,14.345234,16.27218239424181,0.5861,0.04061033,295.22,,247.05999630929918,20835656000.0,6270934000.0,0.30932,5374173000.0,0.26579002,0.12488,0.7988509204354557,12719318000.0,5326734000.0,7610753000.0,,2807199000.0,48428090000.0,28791098000.0,0.3780670298248685
ダイサン,4750,サービス業,スタンダード（内国株式）,JP,2025-04-30,大阪府,3674556160.0,0.6472119,,10.192102,54.95157102459529,0.39130002,0.019332161,56.22,,9.449950240439568,10837533000.0,370803000.0,0.03812,335244000.0,0.02943,0.05784,0.5461371873599746,4625930000.0,4038169000.0,6456775000.0,2469148000.0,2219739000.0,3203000.0,1833087100.0,0.4988594595326582
サイバーエージェント,4751,サービス業,プライム（内国株式）,JP,2025-09-30,東京都,676977246208.0,3.4089777,26.04878,16.612743,35.43954403812815,0.2116,0.012777152,80.36,51.25,28.991872444210024,874030000000.0,71702000000.0,0.11805,31667000000.0,0.04632,0.21073,0.3297999504632405,281483000000.0,177791000000.0,390215000000.0,93371000000.0,229849000000.0,46298000000.0,141140600000.0,0.20848647541786774
昭和システムエンジニアリング,4752,情報・通信業,スタンダード（内国株式）,JP,2025-03-31,東京都,6413158400.0,1.08624,,8.343545,8.332073471713391,0.3397,0.0,179.54,,151.17633191351058,8317480000.0,948822000.0,0.078590006,714133000.0,0.087969996,0.13658,0.6157431935377953,3334116000.0,1266023000.0,6762192000.0,10000000.0,5779935000.0,447466000.0,3741302200.0,0.5833790414407978
トスネット,4754,サービス業,スタンダード（内国株式）,JP,2025-09-30,宮城県,6921097216.0,0.82479435,,12.934631,6.509140456707202,0.3214,0.02476573,115.04,,188.6204807400218,11907000000.0,859908000.0,0.01455,757668000.0,0.04659,0.06579,0.7519128532311821,2796739000.0,2069473000.0,7832023000.0,922045000.0,6104081000.0,324570000.0,5262483000.0,0.7603538623665534
楽天グループ,4755,サービス業,プライム（内国株式）,JP,2025-12-31,東京都,1630267637760.0,1.8091252,-98.554535,,-11.359608839084402,0.0,0.0,-82.27,-7.61,-75.61000000800124,2496575000000.0,14382000000.0,0.05495,-177886000000.0,-0.04775,-0.05229,0.03445313910374804,27450168000000.0,597269000000.0,15384258000000.0,5569622000000.0,5837566000000.0,10411928000000.0,-4777560400000.0,-2.930537470868528
ギミック,475A,サービス業,スタンダード（内国株式）,JP,2025-03-31,東京都,3455232000.0,1.4039745,,9.152683,,0.0,0.0,72.11,,,3552165000.0,272624000.0,0.09854999,192325000.0,0.07991,0.19598,0.4369836643053696,918055000.0,767402000.0,1231391000.0,224483000.0,444849000.0,,313336000.0,0.09068450396384382
アルファ,4760,サービス業,スタンダード（内国株式）,JP,2025-08-31,,1304956928.0,0.8823236,,9.233658,9.842210064144274,0.3415,0.037037037,175.77,,165.75152506327225,6365005000.0,234700000.0,0.05105,127678000.0,0.02155,0.10018,0.3359526987860602,3010570000.0,1954564000.0,2365706000.0,1544870000.0,909331000.0,19986000.0,-630873800.0,-0.48344415548403447
さくらケーシーエス,4761,情報・通信業,スタンダード（内国株式）,JP,2025-03-31,兵庫県,15622899712.0,0.7416169,,12.757202,13.431038532451744,0.50310004,0.0,109.35,,79.9163441067411,22537000000.0,1377000000.0,0.11196999,1145000000.0,0.05145,0.059809998,0.7772734387228049,5692000000.0,4739000000.0,14244000000.0,923000000.0,3703000000.0,6344000000.0,12992800000.0,0.8316509892219425
エックスネット,4762,情報・通信業,スタンダード（内国株式）,JP,2025-03-31,東京都,6399437824.0,1.9642208,,11.789619,12.682463746636824,0.3657,0.0,129.86,,89.73499264426596,5300592000.0,860664000.0,0.18932,581342000.0,0.095790006,0.17543,0.43733235942140053,3759160000.0,3126098000.0,2220796000.0,2500000000.0,1456027000.0,2697866000.0,350142200.0,0.05471452487386492
クリーク・アンド・リバー社,4763,サービス業,プライム（内国株式）,JP,2025-02-28,東京都,27146647552.0,1.4198096,8.526771,6.6673603,15.007103672203055,0.26,0.03885004,192.28,150.35,119.52999802274931,50275801000.0,3614590000.0,0.0723,2251469000.0,0.06638,0.23499,0.5863785703159384,11065959000.0,10284075000.0,20798934000.0,4167366000.0,12807120000.0,1257173000.0,10612996100.0,0.3909505245415874
ＳＢＩグローバルアセットマネジメント,4765,サービス業,プライム（内国株式）,JP,2025-03-31,東京都,83527819264.0,2.559774,,21.431103,38.44758469942817,0.805,0.037790697,28.23,,17.719999944251416,11568990000.0,2269275000.0,0.19248,1646935000.0,0.11031,0.12817,0.8348127971401159,2848285000.0,2743751000.0,7187711000.0,175866000.0,4008192000.0,7702904000.0,9731458800.0,0.1165056011966806
ピーエイ,4766,サービス業,スタンダード（内国株式）,JP,2025-12-31,東京都,2129058816.0,4.731296,,22.19731,37.58063329928498,0.583,0.0,8.92,,6.828962053571429,2021104000.0,127491000.0,0.03925,95876000.0,0.05375,0.25342,0.3724181098926254,877088000.0,766588000.0,1098495000.0,580472000.0,803665000.0,,221407000.0,0.10399289974335778
テー・オー・ダブリュー,4767,サービス業,スタンダード（内国株式）,JP,2025-06-30,東京都,14721769472.0,1.4225717,,12.108844,9.5957755266318,0.5661,0.02124646,29.4,,34.6200000812572,17782855000.0,2152925000.0,0.0515,1132201000.0,0.0591,0.11221,0.6956639794907181,4327510000.0,3880050000.0,12255082000.0,613189000.0,8128004000.0,1092362000.0,8692225400.0,0.5904334676977613
大塚商会,4768,情報・通信業,プライム（内国株式）,JP,2025-12-31,東京都,1074466586624.0,2.738652,18.632866,16.746454,27.125918708070696,0.53220004,0.032234956,169.2,152.07,129.20000015074663,1322791000000.0,89947000000.0,0.068179995,64303000000.0,0.04919,0.17781,0.540759736697751,329614000000.0,322810000000.0,605514000000.0,7182000000.0,252058000000.0,25124000000.0,293486800000.0,0.2731465116306154
ＩＣ,4769,情報・通信業,スタンダード（内国株式）,JP,2025-09-30,東京都,7984075264.0,1.2377707,,20.203161,17.739564877929332,0.7517,0.037243947,53.16,,51.65353059852051,10136104000.0,516370000.0,0.10215,485609000.0,0.03763,0.06269,0.7390827821665705,2269435000.0,1986857000.0,5752078000.0,,3743303000.0,2292253000.0,5087220100.0,0.6371708597159838
辻・本郷ＩＴコンサルティング,476A,情報・通信業,スタンダード（内国株式）,JP,2025-09-30,東京都,2913607936.0,1.7235082,,21.02632,,0.0,0.0,68.01,,,2124225000.0,320471000.0,0.12126,169485000.0,0.060850002,,0.6037280190377107,662753000.0,538481000.0,1275639000.0,195082000.0,940339000.0,,612886000.0,0.21035294159769888
エフアンドエム,4771,サービス業,スタンダード（内国株式）,JP,2025-03-31,大阪府,37735673856.0,2.4467137,36.1844,13.359518,16.19719615908069,0.26700002,0.0,190.95,70.5,123.3969704937424,,,0.21704,,0.13577,0.19731002,0.7635358471774121,4092181000.0,3932506000.0,7269183000.0,,5834981000.0,1392183000.0,4151530100.0,0.11001605843431636
ＳＭ　ＥＮＴＥＲＴＡＩＮＭＥＮＴ　ＪＡＰＡＮ,4772,情報・通信業,グロース（内国株式）,JP,2025-12-31,東京都,9735172096.0,1.3264903,,25.925926,16.451346495271313,0.6173,0.022988506,3.24,,6.7999999827335795,10195588000.0,173866000.0,0.07335,375841000.0,0.05308,0.07749,0.514029659888305,6610899000.0,6103163000.0,12670302000.0,,3704305000.0,1573183000.0,7160631100.0,0.7355423231749718
サイボウズ,4776,情報・通信業,プライム（内国株式）,JP,2025-12-31,東京都,118338609152.0,6.7494855,41.009613,16.69385,38.100614062383805,0.2611,0.015473888,153.29,62.4,74.98999975129898,37430000000.0,10103000000.0,0.29426,7081000000.0,0.19195,0.50232,0.5908095554080955,12328000000.0,12109000000.0,19416000000.0,35000000.0,11694000000.0,2695000000.0,8974500000.0,0.07583746390387862
ガーラ,4777,情報・通信業,スタンダード（内国株式）,JP,2025-12-31,東京都,5773129216.0,14.255069,,,-7.328797777484087,0.0,0.0,-18.98,,-33.70266276944443,2589328000.0,-221731000.0,-0.04486,-532297000.0,-0.17238002,-0.55007,0.12235825032614872,2619639000.0,2013416000.0,1243270000.0,1457788000.0,744181000.0,218000000.0,-1223769000.0,-0.21197672080652075
スタートライン,477A,サービス業,グロース（内国株式）,JP,2025-03-31,東京都,2561220096.0,2.5707474,,4.4489093,,0.0,0.0,139.36,,,4470909000.0,263071000.0,0.02884,144079000.0,0.011089999,,0.13004449064596585,4904061000.0,2044904000.0,2052156000.0,3305230000.0,1216455000.0,,-2851905000.0,-1.113494699051432
ＮＣＤ,4783,情報・通信業,スタンダード（内国株式）,JP,2025-03-31,東京都,19174051840.0,2.301886,,10.495806,9.954826548136863,0.5269,0.0,227.71,,170.40380601596073,30106683000.0,2809608000.0,0.10385,1905576000.0,0.060289998,0.22863,0.4837094830790083,8241769000.0,5741420000.0,12586277000.0,1585624000.0,7567225000.0,235728000.0,4509517600.0,0.23518855782962148
ＧＭＯインターネット,4784,サービス業,プライム（内国株式）,JP,2025-12-31,東京都,160946683904.0,10.450622,29.887005,26.097681,-4711.898631343689,0.6515,0.018819189,20.27,17.7,-0.248093817669527,78548000000.0,8225000000.0,0.11974,5563000000.0,0.07453,0.43221,0.26958158671013815,37461000000.0,30685000000.0,35686000000.0,8869000000.0,13888000000.0,1016000000.0,-1063800000.0,-0.006609642238012966
フツパー,478A,情報・通信業,グロース（内国株式）,JP,2025-12-31,大阪府,7764149760.0,3.6181266,,24.154285,,0.0,0.0,31.63,,,1256503000.0,396535000.0,0.18919,304479000.0,0.21691,,0.879069133556994,284835000.0,227217000.0,2305656000.0,58000000.0,1895006000.0,,2020821000.0,0.2602758914325733
山田コンサルティンググループ,4792,サービス業,プライム（内国株式）,JP,2025-03-31,東京都,31630311424.0,1.5912075,12.66923,10.886377,10.83927805151371,0.5089,0.046723302,151.29,130.0,150.11999646833138,22761078000.0,4132677000.0,0.14347,2882297000.0,0.108389996,0.13694,0.7686295340266738,4890501000.0,4774347000.0,20148493000.0,1600000000.0,9147114000.0,562609000.0,15651818300.0,0.49483604793482794
ＰＲＯＮＩ,479A,情報・通信業,グロース（内国株式）,JP,2025-12-31,東京都,6593355264.0,3.6023316,,12.822727,,0.0,0.0,115.81,,,3233597000.0,369720000.0,0.15746,533582000.0,0.17253,,0.48647552053117704,1722547000.0,935375000.0,2868125000.0,1052890000.0,2457719000.0,,1145578000.0,0.17374734928283095
オリコン,4800,情報・通信業,スタンダード（内国株式）,JP,2025-03-31,東京都,13402532864.0,2.3099134,11.213749,21.454994,9.803944038810776,0.7392,0.0,48.66,93.1,79.99131202454467,4916037000.0,1402221000.0,0.25879,992077000.0,0.09889,0.10909,0.8178049921446608,1260350000.0,1161611000.0,5040147000.0,185320000.0,3951789000.0,923133000.0,4425990100.0,0.33023534766987755
セントラルスポーツ,4801,サービス業,プライム（内国株式）,JP,2025-03-31,,25514995712.0,0.9588139,,19.877836,19.70392905058759,0.3487,0.0,114.6,,121.33259075526011,,,0.05787,,0.02628,0.04896,0.6278764610113479,15314000000.0,8239000000.0,8774000000.0,4949000000.0,5379000000.0,168000000.0,-6422400000.0,-0.25171080067944007
パラカ,4809,不動産業,プライム（内国株式）,JP,2025-09-30,東京都,19668232192.0,0.95241076,,9.9708395,9.428981538627562,0.3428,0.0344473,195.47,,179.78000349665675,17630000000.0,3273000000.0,0.18719,2044000000.0,0.11446,0.1021,0.42295711974110034,28529000000.0,4976000000.0,4732000000.0,26078000000.0,3671000000.0,30000000.0,-23776000000.0,-1.2088529242435333
リブ・コンサルティング,480A,サービス業,グロース（内国株式）,JP,2025-12-31,東京都,6733917696.0,1.7716728,,11.841028,,0.0,0.0,85.55,,,6109227000.0,839165000.0,0.16620001,510979000.0,0.09203,,0.760168739284192,1040998000.0,975547000.0,3327299000.0,0.0,2392198000.0,-2924000.0,2284254200.0,0.33921623386589134
ドリーム・アーツ,4811,情報・通信業,グロース（内国株式）,JP,2025-12-31,東京都,8757782528.0,2.9085035,,11.681048,18.437826190325598,0.3196,0.02710027,62.58,,45.60000099248564,5654084000.0,974658000.0,0.18014,757535000.0,0.121079996,0.25632998,0.5489935402691197,2395740000.0,2211195000.0,4526736000.0,0.0,4142722000.0,4530000.0,2134167000.0,0.24368805610058647
電通総研,4812,情報・通信業,プライム（内国株式）,JP,2025-12-31,東京都,409680117760.0,4.060095,7.389284,25.047731,24.778087052743174,0.46130002,0.057279237,83.8,284.06,77.44000008524189,164865000000.0,22889000000.0,0.15037,16365000000.0,0.100360006,0.17546,0.6068098512617006,64898000000.0,60949000000.0,136923000000.0,2219000000.0,8363000000.0,3650000000.0,74580000000.0,0.18204447022662368
ＡＣＣＥＳＳ,4813,情報・通信業,プライム（内国株式）,JP,2026-01-31,東京都,19333535744.0,2.8498683,33.506493,,-7.68483954004849,0.0,0.0,-90.55,15.4,-143.13896786881503,19215583000.0,-2688610000.0,-0.12588,-3398608000.0,-0.17684,-0.40368,0.39690013816200137,10310082000.0,8812802000.0,13037295000.0,977152000.0,5407627000.0,649729000.0,3182023300.0,0.16458568893625752
ネクストウェア,4814,情報・通信業,スタンダード（内国株式）,JP,2025-03-31,大阪府,2083866496.0,2.7419248,,,-17.270299602631507,0.0,0.0,-36.4,,-8.33801400747318,,,-0.16058001,,-0.1607,-0.4662,0.790739743073175,323558000.0,313543000.0,1017014000.0,1950000.0,453298000.0,140211000.0,791603700.0,0.3798725597438657
東映アニメーション,4816,情報・通信業,スタンダード（内国株式）,JP,2025-03-31,東京都,492598591488.0,2.8800542,21.809135,19.646349,32.047298485971986,0.35869998,0.0,122.72,110.55,91.93000013983925,100836000000.0,32433000000.0,0.2903,23623000000.0,0.26764,0.15464,0.8021625301078646,37783000000.0,34035000000.0,127940000000.0,,82474000000.0,20703000000.0,104649100000.0,0.21244295417874598
デジタルガレージ,4819,情報・通信業,プライム（内国株式）,JP,2025-03-31,東京都,99106725888.0,1.3110005,19.001497,78.04702,-29.56859985616416,1.7048,0.0,27.65,113.57,-155.284868904151,,,-0.05619,,0.036429998,0.0141199995,0.33319637366132965,148649000000.0,97558000000.0,144446000000.0,61632000000.0,56354000000.0,12896000000.0,4824200000.0,0.04867681740845524
イーエムシステムズ,4820,情報・通信業,プライム（内国株式）,JP,2025-12-31,大阪府,34748944384.0,2.2942383,14.383953,14.204867,21.584846309485542,1.1042,0.01992032,35.34,34.9,34.430000061619054,23658000000.0,3687000000.0,0.05544,2452000000.0,0.09601,0.07309,0.7412200974332873,7077000000.0,5769000000.0,12948000000.0,584000000.0,7847000000.0,1043000000.0,6601100000.0,0.18996548289505588
ウェザーニューズ,4825,情報・通信業,プライム（内国株式）,JP,2025-05-31,千葉県,96022822912.0,4.2107644,7.4616046,26.491852,20.117362841090117,0.4905,0.020842982,81.61,289.75,55.06999937968285,23505624000.0,4517300000.0,0.24584,3115362000.0,0.15332,0.17187001,0.8360004582696454,4212179000.0,3570268000.0,22372531000.0,,16979356000.0,190368000.0,18293609600.0,0.19051314099321112
ＣＩＪ,4826,情報・通信業,プライム（内国株式）,JP,2025-06-30,神奈川県,26715770880.0,1.8040484,,15.063291,26.546630642726292,0.5065,0.033826638,31.6,,16.354813441055306,26899791000.0,2170384000.0,0.09488,1495762000.0,0.0631,0.12417,0.7772429860205504,4160398000.0,3998890000.0,13633681000.0,647486000.0,8830862000.0,2363978000.0,11128067600.0,0.4165355231553775
ビジネスエンジニアリング,4828,情報・通信業,プライム（内国株式）,JP,2025-03-31,東京都,63106166784.0,3.9268956,4.2235527,12.938731,16.057264684503412,0.5087,0.0,81.77,250.5,43.81999968993189,20776900000.0,4676353000.0,0.21747999,3330791000.0,0.20007,0.33203998,0.7253882278418448,5067009000.0,5030364000.0,14336426000.0,100000000.0,9347420000.0,1044062000.0,10000260400.0,0.15846724511455315
日本エンタープライズ,4829,情報・通信業,スタンダード（内国株式）,JP,2025-05-31,東京都,4392978432.0,0.9372688,,134.11765,23.870686503238378,3.5294,0.026548672,0.85,,5.430000027504707,4442255000.0,67815000.0,0.011419999,21693000.0,0.00621,0.00904,0.8473872957416397,694661000.0,608485000.0,4711295000.0,0.0,3861128000.0,279940000.0,4212592000.0,0.9589375557398594
ＪＦＥシステムズ,4832,情報・通信業,スタンダード（内国株式）,JP,2025-03-31,東京都,59678384128.0,1.6826279,,13.988073,11.417058103643203,0.5007,0.035695538,135.83,,158.18499895717005,63971753000.0,7589259000.0,0.13019,5442363000.0,0.0743,0.12504,0.6219793422567214,18920734000.0,12521638000.0,40271064000.0,3529216000.0,24053157000.0,1864859000.0,22655731300.0,0.3796304412567087
Ｄｅｆ　ｃｏｎｓｕｌｔｉｎｇ,4833,サービス業,グロース（内国株式）,JP,2025-03-31,東京都,3702702848.0,1.1245369,,,-7.428383688234653,0.0,0.0,-40.78,,-10.904121730853884,619677000.0,-427215000.0,-0.18594,-427937000.0,-0.08248,-0.59914,0.7184007108778737,121057000.0,101968000.0,313312000.0,,183018000.0,0.0,192255000.0,0.051922881174179494
スペースシャワーＳＫＩＹＡＫＩホールディングス,4838,情報・通信業,スタンダード（内国株式）,JP,2025-03-31,東京都,11464532992.0,1.30142,,9.636413,14.000304085404542,0.3418,0.0,73.16,,33.406119498961864,20637129000.0,877460000.0,0.03885,287555000.0,0.05237,0.14748,0.5024684312604301,7877830000.0,7077994000.0,10306307000.0,67481000.0,6489456000.0,43758000.0,2459107600.0,0.2144969709377587
ＷＯＷＯＷ,4839,情報・通信業,プライム（内国株式）,JP,2025-03-31,東京都,28819298304.0,0.41440398,71.61972,22.219795,27.615759130764467,0.655,0.0,45.77,14.2,38.78107666709887,76757000000.0,2036000000.0,-0.124910004,637000000.0,0.0168,0.01884,0.6769420591249664,32467000000.0,30372000000.0,69510000000.0,,28751000000.0,3076000000.0,39196200000.0,1.3600678124269157
テラテクノロジー,483A,情報・通信業,スタンダード（内国株式）,JP,2025-03-31,東京都,3468640000.0,1.2599492,,9.067667,,0.3791,0.0,234.68,,,4387144000.0,516807000.0,0.100889996,374658000.0,0.08676,0.15828,0.7308911580191827,903224000.0,861396000.0,2993790000.0,4412000.0,2203955000.0,16500000.0,2102116000.0,0.6060346418192721
トライアイズ,4840,サービス業,スタンダード（内国株式）,JP,2025-12-31,東京都,7051383808.0,1.3908775,,,11.827956382006551,0.0,0.0,-54.21,,24.18000124138787,1424424000.0,-204944000.0,-0.36782002,-423105000.0,-0.42343,-0.13104,0.8779109709642431,606708000.0,591198000.0,4728558000.0,464000000.0,3293279000.0,36657000.0,4147509900.0,0.588183825037935
スカラ,4845,情報・通信業,スタンダード（内国株式）,JP,2024-06-30,東京都,5786169344.0,1.2605262,5.7288136,9.010931,-54.16454272181503,0.45310003,0.024926687,37.51,59.0,-12.576371666400172,8193338000.0,-1448468000.0,0.12462,-2887886000.0,0.09073,0.13242,0.34161477282695085,8130463000.0,5512441000.0,9106102000.0,6186115000.0,6817385000.0,1441270000.0,1984528000.0,0.34297786359430826
インテリジェント　ウェイブ,4847,情報・通信業,プライム（内国株式）,JP,2025-06-30,東京都,24351174656.0,2.5101485,13.342898,18.107477,18.896377277063124,0.72010005,0.0399137,51.36,69.7,54.190000280337095,15596131000.0,1848368000.0,0.14538,1349786000.0,0.08199,0.14299,0.506959619552176,9215223000.0,8417575000.0,10460943000.0,8829000.0,6431303000.0,1260056000.0,2127759200.0,0.08737809284595359
フルキャストホールディングス,4848,サービス業,プライム（内国株式）,JP,2025-12-31,東京都,52983226368.0,1.7119802,9.954219,11.179668,9.215092877335982,0.4626,0.041556727,136.14,152.9,155.0299995608471,77227000000.0,7914000000.0,0.08169,4784000000.0,0.057140004,0.16203,0.533598478298461,25176000000.0,21703000000.0,34806000000.0,12220000000.0,21089000000.0,2777000000.0,11573900000.0,0.2184446058383154
エン,4849,サービス業,プライム（内国株式）,JP,2025-03-31,東京都,46894804992.0,1.4814585,6.2585034,19.09007,8.907135976757097,0.5022,0.0,65.06,198.45,183.33999907705086,,,0.055570003,,0.04427,0.0754,0.6603385901443574,19327000000.0,16540000000.0,37089000000.0,551000000.0,27481000000.0,4661000000.0,21024700000.0,0.44833750782387727
パワーエックス,485A,電気機器,グロース（内国株式）,JP,2025-12-31,岡山県,517537759232.0,72.43365,,,,0.0,0.0,-51.34,,,19306000000.0,-677000000.0,-0.35784,-1646000000.0,-0.085260004,-0.39586,0.2533541698429639,19589000000.0,16833000000.0,20197000000.0,7427000000.0,7454000000.0,,608000000.0,0.0011747935085977908
セルソース,4880,医薬品,スタンダード（内国株式）,JP,2025-10-31,東京都,6959130112.0,1.1694425,19.445984,638.1818,96.77576256479618,9.2593,0.014577259,0.55,18.05,11.959999897459864,3711455000.0,166708000.0,0.06934,10659000.0,0.02377,,0.8566131200180411,1007145000.0,442839000.0,5487599000.0,56719000.0,4711820000.0,110722000.0,4557959400.0,0.6549610837337941
ファンペップ,4881,医薬品,グロース（内国株式）,JP,2025-12-31,,2601107968.0,1.5099056,-1.7846154,,-4.22195018625744,0.0,0.0,-50.2,-32.5,-31.97574439400744,314000.0,-1648668000.0,0.0,-1911527000.0,0.0,-0.84399,0.7391400704744404,516727000.0,516727000.0,1934954000.0,,1768476000.0,29970000.0,1439206000.0,0.5533049829940777
ペルセウスプロテオミクス,4882,医薬品,グロース（内国株式）,JP,2025-03-31,東京都,2787919616.0,2.072277,-2.4441133,,-3.4688051627039456,0.0,0.0,-48.17,-67.1,-93.69220372892359,120375000.0,-826430000.0,-5.3805103,-904800000.0,0.0,-0.54209,0.7875400599394008,386430000.0,124866000.0,1775974000.0,,1667921000.0,,1389544000.0,0.4984160920656903
モダリス,4883,医薬品,グロース（内国株式）,JP,2025-12-31,東京都,5202037760.0,1.7157564,2.556818,,-3.5700612977978503,0.0,0.0,-27.86,21.12,-28.570938001237536,0.0,-2211800000.0,0.0,-2152710000.0,0.0,-0.5966,0.9423314108671069,170944000.0,134802000.0,2892272000.0,,2812367000.0,,2721328000.0,0.523127306173187
クリングルファーマ,4884,医薬品,グロース（内国株式）,JP,2025-09-30,大阪府,3328143104.0,3.1840734,,,-7.2921526386966535,0.0,0.0,-130.14,,-118.20926449423138,72215000.0,-909452000.0,-18.135,-916255000.0,0.0,-0.72016,0.6296418662830876,770109000.0,109347000.0,2055494000.0,,1619088000.0,,1285385000.0,0.38621686623244433
室町ケミカル,4885,医薬品,スタンダード（内国株式）,JP,2025-05-31,福岡県,4475882496.0,,,12.402409,8.292809065210939,0.39040002,0.0031185031,89.66,,81.86000918764235,6653027000.0,432192000.0,0.05682,241277000.0,0.00587,,0.4657127053395014,2812795000.0,1455333000.0,3608522000.0,1647258000.0,1058068000.0,301431000.0,1006728700.0,0.2249229511497882
あすか製薬ホールディングス,4886,医薬品,プライム（内国株式）,JP,2025-03-31,東京都,84535230464.0,1.2077137,17.46246,15.58394,12.513815419844772,0.3139,0.0,191.03,170.48,179.9499999347368,,,0.055409998,,0.07626,0.07703,0.6496210237332644,31340000000.0,22879000000.0,58047000000.0,10902000000.0,10603000000.0,12327000000.0,35335900000.0,0.4180020543629803
サワイグループホールディングス,4887,医薬品,プライム（内国株式）,JP,2025-03-31,大阪府,204813762560.0,1.1468587,10.361045,17.804438,10.81778904252574,0.5523,0.0,99.61,171.17,184.44999978087617,,,-0.00105,,0.051760003,0.06547,0.49025020937728236,180769000000.0,102815000000.0,200823000000.0,91339000000.0,38785000000.0,4134000000.0,22947800000.0,0.11204227544658998
ステラファーマ,4888,医薬品,グロース（内国株式）,JP,2025-03-31,大阪府,13335836672.0,5.4972796,,,-11.639836005022593,0.0,0.0,-22.97,,-24.65670477454832,961058000.0,-90247000.0,-3.80645,-140811000.0,-2.41486,-0.27694,0.5921034560163512,2209618000.0,390444000.0,5243479000.0,766780000.0,3206471000.0,,3033861000.0,0.22749686237309072
レナサイエンス,4889,医薬品,グロース（内国株式）,JP,2025-03-31,宮城県,20183144448.0,5.8770437,,,-18.35393616815375,0.0,0.0,-23.44,,-20.3226161725025,132693000.0,-178828000.0,-3.6428602,113427000.0,0.0,-0.119399995,0.9191978890241439,151210000.0,151210000.0,1871252000.0,0.0,1799816000.0,,1720042000.0,0.08522170588589546
坪田ラボ,4890,医薬品,グロース（内国株式）,JP,2025-03-31,東京都,6242220544.0,7.232949,,,-13.799439278858973,0.0,0.0,-29.59,,-25.07348255302512,1357133000.0,235468000.0,-4.55272,205766000.0,0.0,-0.62122,0.6341170609674395,915850000.0,846636000.0,2445308000.0,90380000.0,1538853000.0,,1529458000.0,0.24501825740042293
ティムス,4891,医薬品,グロース（内国株式）,JP,2025-02-28,東京都,6151376896.0,2.3810363,-4.21875,,-12.298202241573268,0.0,0.0,-15.64,-32.0,-26.020063234792232,0.0,-907791000.0,0.0,-660548000.0,0.0,,0.9285086514422038,216781000.0,216781000.0,3029096000.0,,2922950000.0,,2812315000.0,0.4571846348463445
サイフューズ,4892,医薬品,グロース（内国株式）,JP,2025-12-31,東京都,6071973376.0,2.2039583,,,-4.171895358835547,0.0,0.0,-86.8,,-108.34404056724988,230999000.0,-828179000.0,-7.71429,-763843000.0,0.0,-0.32101002,0.6464156571010116,1508400000.0,866063000.0,3934464000.0,1312000000.0,3726535000.0,,2426064000.0,0.39955115903327704
ノイルイミューン・バイオテック,4893,医薬品,グロース（内国株式）,JP,2025-12-31,東京都,5585911808.0,1.4789338,-4.448276,,-7.631854363345101,0.0,0.0,-18.33,-29.0,-22.27505818461238,5000000.0,-797254000.0,-252.66669,-793536000.0,0.0,-0.17091998,0.9801477173950707,79639000.0,74405000.0,3983440000.0,,3918321000.0,,3903801000.0,0.6988654912899047
クオリプス,4894,医薬品,グロース（内国株式）,JP,2025-03-31,東京都,43021471744.0,8.573521,,,-42.739889889478206,0.0,0.0,-124.75,,-85.86826052875462,175205000.0,-590262000.0,-62.0,-644342000.0,0.0,-0.19988,0.9626061266101541,211913000.0,177315000.0,5125116000.0,,4594824000.0,,4913203000.0,0.11420350817461797
ケイファーマ,4896,医薬品,グロース（内国株式）,JP,2025-12-31,東京都,8159065088.0,8.03691,,,-8.513691336219882,0.0,0.0,-85.61,,-72.94133360908606,0.0,-916056000.0,0.0,-993227000.0,0.0,-0.67925,0.43053429141064636,1673785000.0,101769000.0,2890790000.0,1500000000.0,2791835000.0,,1217005000.0,0.14915985923312688
富士フイルムホールディングス,4901,化学,プライム（内国株式）,JP,2025-03-31,東京都,3858807652352.0,1.0120933,13.893558,14.351851,16.09843706217605,0.3116,0.022187004,224.64,232.05,202.05000003551302,3195828000000.0,330155000000.0,0.10974,260951000000.0,0.082440004,0.07706,0.6378168912674279,1897226000000.0,1125940000000.0,1581681000000.0,802285000000.0,172111000000.0,72298000000.0,-264936400000.0,-0.06865758127086675
コニカミノルタ,4902,電気機器,プライム（内国株式）,JP,2025-03-31,東京都,294138118144.0,0.5482485,12.358805,9.159741,52.90308962593509,0.1847,0.020646937,64.98,48.16,9.123527844821323,1127882000000.0,-64014000000.0,0.05756,-47484000000.0,0.02783,0.06601,0.38036991198555237,743563000000.0,422053000000.0,687805000000.0,438169000000.0,89904000000.0,20900000000.0,-41128000000.0,-0.13982546791118428
資生堂,4911,化学,プライム（内国株式）,JP,2025-12-31,東京都,1055024218112.0,1.7387955,21.297789,,-101.28124291564349,12.0482,0.015564202,-101.77,123.98,-27.061559379000155,969992000000.0,-28788000000.0,0.05317,-40680000000.0,-0.03697,-0.05583,0.4740604897510842,645987000000.0,344989000000.0,471514000000.0,323159000000.0,91839000000.0,96401000000.0,-106992300000.0,-0.10141217439677942
ライオン,4912,化学,プライム（内国株式）,JP,2025-12-31,東京都,446124916736.0,1.380454,23.366179,16.18976,22.632101167130397,0.30110002,0.018975332,99.6,69.01,76.40999988846887,422092000000.0,36369000000.0,0.06343,27587000000.0,0.065019995,0.09568,0.610534321107235,180178000000.0,136196000000.0,253964000000.0,28250000000.0,88092000000.0,29153000000.0,94193100000.0,0.21113615596534804
高砂香料工業,4914,化学,プライム（内国株式）,JP,2025-03-31,,109488062464.0,0.71366477,4.799145,11.490842,9.220975338183631,0.53209996,0.0,97.73,234.0,136.77799974990924,,,0.013250001,,0.04232,0.066939995,0.5500202155820181,115782000000.0,80375000000.0,155016000000.0,60707000000.0,35590000000.0,23204000000.0,55476800000.0,0.5066926818459404
マンダム,4917,化学,プライム（内国株式）,JP,2025-03-31,大阪府,139245682688.0,1.9671633,111.25135,72.46887,22.344512893347062,0.4682,0.006482982,42.57,27.73,57.839999573038064,76183000000.0,1033000000.0,0.029040001,1859000000.0,0.02762,0.02977,0.7168280474295327,20821000000.0,15013000000.0,60610000000.0,95000000.0,29119000000.0,6872000000.0,44599400000.0,0.32029287471649215
アイビー化粧品,4918,化学,スタンダード（内国株式）,JP,2025-03-31,東京都,1709063808.0,0.6355957,,3.7978218,13.27738438123384,0.0,0.5514706,71.62,,32.15952114288259,2929931000.0,422626000.0,0.27006,43013000.0,-0.01565,-0.04227,0.6919731474839153,1098790000.0,884795000.0,2472064000.0,211344000.0,577937000.0,,1373274000.0,0.8035241244778615
ミルボン,4919,化学,プライム（内国株式）,JP,2025-12-31,東京都,83265028096.0,1.7115839,17.688362,24.651863,21.946973402439422,0.8282,0.03402939,106.28,148.12,154.11999947659805,52863291000.0,5652804000.0,0.10077,3437911000.0,0.07375,0.08343001,0.8487414857928834,8743010000.0,7685245000.0,29101056000.0,,11816180000.0,642800000.0,20808006000.0,0.24990090648873034
日本色材工業研究所,4920,化学,スタンダード（内国株式）,JP,2025-02-28,東京都,2416222208.0,0.5531422,,7.1212587,,0.1852,0.026455026,162.05,,,,,0.032560002,,0.020130001,0.08327,0.2252339603815364,13085332000.0,6245206000.0,6734766000.0,9732511000.0,949024000.0,259060000.0,-6169224000.0,-2.5532519234257447
コーセーホールディングス,4922,化学,プライム（内国株式）,JP,2025-12-31,東京都,297070395392.0,1.0693531,16.068743,19.761475,53.17525298886355,0.5286,0.02678913,264.96,325.85,131.61026579700845,330193000000.0,18469000000.0,0.01319,15114000000.0,0.03111,0.03661,0.7223004468120797,88671000000.0,63212000000.0,228947000000.0,10655000000.0,92462000000.0,19852000000.0,154172400000.0,0.5189759814220513
コタ,4923,化学,プライム（内国株式）,JP,2025-03-31,京都府,32196315136.0,2.7003713,19.992764,24.566475,30.17993228906873,0.42310002,0.0,44.98,55.27,45.50638568428192,9376747000.0,1831954000.0,0.40039003,1304523000.0,0.14706999,0.122379996,0.7533212084493132,3670073000.0,2287609000.0,8898184000.0,,5167478000.0,191837000.0,5362396900.0,0.16655312501908293
ハーバー研究所,4925,化学,スタンダード（内国株式）,JP,2025-03-31,東京都,6458767872.0,0.6773037,,8.492865,-3.54667301390467,0.1989,0.0,201.11,,-560.2581925411455,12061829000.0,589511000.0,0.06078,576566000.0,0.0626,0.082329996,0.7231748315422291,3417224000.0,2658545000.0,9035495000.0,1816930000.0,4743538000.0,,5618271000.0,0.8698673046226486
シーボン,4926,化学,スタンダード（内国株式）,JP,2025-03-31,東京都,5013414400.0,0.8919372,,24.056698,-230.39001077689332,0.3991,0.0,50.09,,-6.155290973462491,8838895000.0,171019000.0,0.05355,136272000.0,0.02298,0.03741,0.6691436528392846,2819886000.0,2490913000.0,4613892000.0,0.0,2653637000.0,317142000.0,2016005400.0,0.4021222343000411
ポーラ・オルビスホールディングス,4927,化学,プライム（内国株式）,JP,2025-12-31,東京都,277266432000.0,1.7559301,23.4337,29.262028,32.752154769135934,1.2161,0.0420202,42.82,53.47,41.930000063892905,170285000000.0,15699000000.0,0.12072,9472000000.0,0.06257,0.06684,0.8239618808929492,34814000000.0,26305000000.0,105151000000.0,1597000000.0,59711000000.0,14640000000.0,80585000000.0,0.29064102501957395
ノエビアホールディングス,4928,化学,プライム（内国株式）,JP,2025-09-30,兵庫県,149945745408.0,3.0687604,17.744543,18.50993,21.40876822461936,0.96900004,0.053240743,237.17,247.4,233.33999977222268,64724000000.0,11078000000.0,0.15064,8030000000.0,0.12807,0.16855,0.702910108246614,22284000000.0,9847000000.0,48884000000.0,742000000.0,26930000000.0,2866000000.0,28606200000.0,0.1907770035232609
アジュバンホールディングス,4929,化学,スタンダード（内国株式）,JP,2025-03-31,兵庫県,5864289280.0,1.3899714,,41.04143,,0.67190003,0.01632653,17.86,,,,,-0.13295001,,0.03724,0.03382,0.7896647861007433,1113099000.0,658518000.0,3532459000.0,30509000.0,2224895000.0,201882000.0,2560677400.0,0.4366560511830685
新日本製薬,4931,化学,プライム（内国株式）,JP,2025-09-30,福岡県,40379695104.0,1.7375656,14.050867,12.464034,13.563642338156516,0.3401,0.027339643,152.92,135.65,129.2899994578609,41140000000.0,4782000000.0,0.08033,2554000000.0,0.078260005,0.14575,0.8072988566776397,5444000000.0,4860000000.0,24020000000.0,76000000.0,18118000000.0,1494000000.0,19621800000.0,0.48593234667728513
アルマード,4932,化学,スタンダード（内国株式）,JP,2025-03-31,東京都,6310692864.0,3.4711618,6.532567,12.156863,19.106513380206962,0.7491,0.0,56.1,104.4,72.88999716177426,8477456000.0,946455000.0,0.26871002,650413000.0,0.0512,0.28068,0.3968557801460497,2847854000.0,2789595000.0,4429546000.0,2105485000.0,1570538000.0,,1581692000.0,0.2506368213580676
Ｉ－ｎｅ,4933,化学,プライム（内国株式）,JP,2025-12-31,大阪府,22427297792.0,1.2078729,7.5986743,10.6135845,11.888955227473456,0.1262,0.0,118.81,165.95,164.48000046373215,48975000000.0,3881000000.0,0.061389998,2097000000.0,0.03767,0.114870004,0.5030221262817054,16951000000.0,9308000000.0,22243000000.0,6642000000.0,8531000000.0,,5292000000.0,0.23596244403049305
プレミアアンチエイジング,4934,化学,グロース（内国株式）,JP,2024-07-31,東京都,5415355392.0,0.768572,60.29126,18.526253,-5.256924360080917,0.0,0.0,33.52,10.3,-170.06141590864343,,,0.19432,,0.05573,1.30256,0.5564442828576622,4880000000.0,3759000000.0,8882000000.0,2442000000.0,4760000000.0,10000000.0,4009000000.0,0.7403022903949052
リベルタ,4935,化学,スタンダード（内国株式）,JP,2025-12-31,東京都,6755755520.0,5.2044783,7.4626865,146.1039,-1314.9383270355338,1.3072,0.008438818,1.54,30.15,-0.7093937889347434,10031969000.0,133220000.0,-0.22348,46331000.0,-0.0069999998,-0.05353,0.20396023705952762,6216819000.0,5179704000.0,6132813000.0,4119692000.0,1200581000.0,,-84006000.0,-0.012434730616184287
アクシージア,4936,化学,スタンダード（内国株式）,JP,2024-07-31,東京都,7775936000.0,1.0239576,7.8521943,,27.595779418945312,1.0135,0.03003003,-1.5,43.3,32.0,,,-0.02441,,0.02026,0.03718,0.8094262302856291,2006453000.0,1684804000.0,8631804000.0,949010000.0,4928836000.0,,6625351000.0,0.8520326041778121
Ｗａｑｏｏ,4937,化学,グロース（内国株式）,JP,2025-09-30,東京都,5707998208.0,2.5255551,,23.90688,-295.7201471990807,0.0,0.0,67.01,,-5.025021169760257,1960902000.0,150941000.0,0.23691,44090000.0,0.1058,0.11101,0.6538111206552711,1107515000.0,691728000.0,1781888000.0,731027000.0,1302301000.0,,674373000.0,0.11814527184939158
エステー,4951,化学,プライム（内国株式）,JP,2025-03-31,東京都,30323949568.0,0.9016959,16.567846,18.762913,25.356063571035534,0.5686,0.030282175,77.44,87.7,57.19209441849152,48114000000.0,1659000000.0,-0.0086900005,2834000000.0,0.033299997,0.05094,0.7103592696813036,12609000000.0,10928000000.0,24776000000.0,695000000.0,10061000000.0,5948000000.0,16330600000.0,0.538538027949803
コニシ,4956,化学,プライム（内国株式）,JP,2025-03-31,大阪府,89697599488.0,1.0140592,12.276805,11.50152,9.871855122456275,0.3042,0.027007818,124.94,117.05,121.02339925445753,,,0.07999,,0.058819998,0.09156,0.6304924671603278,50130000000.0,43266000000.0,85765000000.0,216000000.0,21118000000.0,9838000000.0,42521600000.0,0.474055049886688
長谷川香料,4958,化学,プライム（内国株式）,JP,2025-09-30,東京都,125632897024.0,0.9497857,16.119791,17.281815,18.174309025034976,0.4857,0.011858975,179.09,192.0,174.26999904334215,73495000000.0,8520000000.0,0.14945,6921000000.0,0.09715,0.05762,0.8380643012959477,23829000000.0,14611000000.0,74997000000.0,,34854000000.0,10743000000.0,58688100000.0,0.4671395899498254
ケミプロ化成,4960,化学,スタンダード（内国株式）,JP,2025-03-31,兵庫県,10167310336.0,2.8913655,,34.462044,62.15387969145904,0.2732,0.0,18.31,,7.824010914051842,9710828000.0,402285000.0,0.093830004,128077000.0,0.0452,0.12567,0.35925371476553547,8520523000.0,6007312000.0,8047786000.0,5547631000.0,2149036000.0,254891000.0,-294313300.0,-0.028947016494412236
上村工業,4966,化学,スタンダード（内国株式）,JP,2025-03-31,大阪府,381432037376.0,3.2860272,30.246756,27.500233,14.62302651911029,0.33540002,0.0,864.72,786.2,673.4099797547683,83845427000.0,18829148000.0,0.22331,14078236000.0,0.15194,0.1252,0.812618871401139,24469938000.0,18450869000.0,86652984000.0,1230928000.0,52152610000.0,16971092000.0,74062810400.0,0.19417039771882594
小林製薬,4967,化学,プライム（内国株式）,JP,2025-12-31,大阪府,429901086720.0,2.05778,24.49282,117.684166,45.12139881852952,2.1143,0.01820091,49.14,236.11,135.42000034894158,165742000000.0,14928000000.0,0.03897,3656000000.0,0.01839,0.014780001,0.766352254938637,64321000000.0,60137000000.0,148820000000.0,678000000.0,62314000000.0,31840000000.0,106787000000.0,0.24839899990658018
荒川化学工業,4968,化学,プライム（内国株式）,JP,2025-03-31,大阪府,28448735232.0,0.45623094,8.366395,12.928237,-20.344750079526584,0.45060003,0.0,110.92,171.4,-52.52312365803293,80236000000.0,1057000000.0,0.013150001,2644000000.0,0.026800001,0.0114400005,0.47813110705904477,65060000000.0,37608000000.0,62264000000.0,39484000000.0,9431000000.0,10105000000.0,4277500000.0,0.15035817814454325
東洋合成工業,4970,化学,スタンダード（内国株式）,JP,2025-03-31,東京都,136749998080.0,23.314312,46.626797,50.70779,31.64357638279783,0.1179,0.0,339.79,369.53,301.9800108390154,38665000000.0,4103000000.0,-0.00457,3279000000.0,-0.045029998,-0.10824,0.3769433985181586,41037000000.0,21132000000.0,24069000000.0,29162000000.0,3597000000.0,472000000.0,-16637600000.0,-0.12166435271367866
メック,4971,化学,プライム（内国株式）,JP,2025-12-31,兵庫県,196849664000.0,14.167639,55.60427,39.58578,28.015715362491314,0.35279998,0.0009033424,272.32,193.87,122.28999701481163,20947752000.0,5748014000.0,0.15425,5028609000.0,0.1445,0.12784,0.8365732264642086,5952798000.0,4629395000.0,20069346000.0,,10345999000.0,2213895000.0,15666274500.0,0.07958496947193164
綜研化学,4972,化学,スタンダード（内国株式）,JP,2025-03-31,東京都,57004589056.0,1.3738565,5.6899123,14.083641,5.948003406126349,0.3075,0.0,243.9,603.7,264.1799942886576,,,0.12094,,0.084350005,0.101789996,0.7022679839553954,16111735000.0,13295612000.0,33435181000.0,4135439000.0,8413644000.0,76578000.0,17377050600.0,0.30483599457105437
日本高純度化学,4973,化学,プライム（内国株式）,JP,2025-03-31,東京都,31627227136.0,1.7507734,18.786625,17.630123,29.559915949982283,0.6468,0.035842296,309.13,290.1,94.61999936834398,12611218000.0,502649000.0,0.02391,1579736000.0,0.09982,0.11396,0.8573522152785438,2261913000.0,784875000.0,9544044000.0,,7585250000.0,5974602000.0,11464352400.0,0.3624836395142143
タカラバイオ,4974,化学,プライム（内国株式）,JP,2025-03-31,滋賀県,137634676736.0,1.3276896,32.215332,,97.68786142651297,0.0,0.0,-79.67,35.48,8.649999986289625,,,0.01979,,-0.23808001,-0.08693,0.9215216940335423,9488000000.0,7131000000.0,57679000000.0,1101000000.0,29549000000.0,,48191000000.0,0.35013705225200026
ＪＣＵ,4975,化学,プライム（内国株式）,JP,2025-03-31,東京都,179477790720.0,3.2945487,25.736982,19.942007,16.97659271060239,0.2597,0.0,365.56,283.25,216.94999933900527,28356968000.0,10513766000.0,0.40058997,7497987000.0,0.30581,0.17726,0.871843896294458,7028239000.0,6347931000.0,40223270000.0,457966000.0,26046792000.0,1402110000.0,34176508000.0,0.19042193389441783
東洋ドライルーブ,4976,化学,スタンダード（内国株式）,JP,2025-06-30,東京都,5330556928.0,0.49283987,,8.441314,7.055206464999203,0.2306,0.014705882,158.98,,155.41103079253563,,,0.117819995,,0.11967,0.0612,,,,,,,,,
新田ゼラチン,4977,化学,スタンダード（内国株式）,JP,2025-03-31,大阪府,22292817920.0,0.91818964,10.337838,6.781539,4.694033300502988,0.16620001,0.0,180.49,118.4,173.90791171445676,,,0.11965,,0.086260006,0.15446,0.5119639719892114,15041000000.0,8837000000.0,24845000000.0,7738000000.0,5007000000.0,3073000000.0,11955100000.0,0.5362758554303035
リプロセル,4978,化学,グロース（内国株式）,JP,2025-03-31,神奈川県,13399319552.0,1.5192002,176.25,,136.9369376531551,0.0,0.0,-6.25,0.8,1.109999994194392,,,-0.29327,,-0.26466998,-0.06629,0.929084233857646,685809000.0,640585000.0,4896441000.0,,2823367000.0,4403537000.0,7293107900.0,0.5442894224364864
ＯＡＴアグリオ,4979,化学,スタンダード（内国株式）,JP,2025-12-31,東京都,27012538368.0,1.3639946,,11.617718,9.61166122151871,0.2604,0.022463497,230.51,,201.79328847375584,31950000000.0,3450000000.0,0.189,2327000000.0,0.08112001,0.14844,0.5041546049104749,17354000000.0,14561000000.0,22203000000.0,9174000000.0,5280000000.0,733000000.0,5362100000.0,0.1985041141617454
デクセリアルズ,4980,化学,プライム（内国株式）,JP,2025-03-31,栃木県,678751109120.0,6.2068324,26.48539,25.34718,16.02324616527495,0.36240003,0.0,159.86,152.99,129.2926061604837,110390000000.0,39735000000.0,0.28816998,27737000000.0,0.24606001,0.27289,0.6317637217512729,55906000000.0,39270000000.0,63559000000.0,21078000000.0,34979000000.0,761000000.0,8185700000.0,0.012059943460884728
アース製薬,4985,化学,プライム（内国株式）,JP,2025-12-31,東京都,101590859776.0,1.329184,32.229,19.3855,34.52428547813905,0.5,0.02561366,239.87,144.28,158.26000164499317,179182000000.0,8092000000.0,0.13227999,5238000000.0,0.027520001,0.067729995,0.5015195940608641,68092000000.0,62954000000.0,84339000000.0,7719000000.0,23327000000.0,6630000000.0,20888000000.0,0.20560904835392108
昭和化学工業,4990,化学,スタンダード（内国株式）,JP,2025-03-31,東京都,5186839552.0,0.55255574,,8.300665,7.933363705027913,0.17040001,0.0,58.67,,55.1057991513437,9237406000.0,346088000.0,0.0047,411843000.0,0.0673,0.07129,0.5946172290938272,5535627000.0,3666489000.0,6789683000.0,2884005000.0,3172426000.0,3706238000.0,3848422600.0,0.7419590603137284
北興化学工業,4992,化学,スタンダード（内国株式）,JP,2025-11-30,東京都,46120861696.0,0.8232487,11.8163805,10.524148,8.653744150496394,0.2354,0.022637239,169.99,151.4,148.14725511722844,49125000000.0,4913000000.0,0.14074,4452000000.0,0.09538999,0.09056,0.6816881443298969,24701000000.0,17148000000.0,45324000000.0,1000000000.0,7224000000.0,18334000000.0,33456800000.0,0.7254157613213386
大成ラミックグループ,4994,化学,スタンダード（内国株式）,JP,2025-03-31,埼玉県,13345875968.0,0.51718897,9.700045,8.767243,16.359301208147457,0.27899998,0.0,250.82,226.7,170.33108707638348,30849520000.0,2372950000.0,0.10751,1690889000.0,0.04784,0.06079,0.7351494891491944,9063488000.0,8633309000.0,17843923000.0,180607000.0,5851933000.0,943751000.0,9441060700.0,0.7074140897635532
クミアイ化学工業,4996,化学,プライム（内国株式）,JP,2025-10-31,東京都,91761844224.0,0.6215076,7.5125704,20.93982,6.529894126157782,0.65970004,0.03178808,36.39,101.43,112.90999976321302,170462000000.0,10567000000.0,0.10684,4381000000.0,0.02486,0.02638,0.5821155899357386,97099000000.0,74017000000.0,154176000000.0,51106000000.0,21982000000.0,38640000000.0,84125000000.0,0.9167753842723814
日本農薬,4997,化学,プライム（内国株式）,JP,2025-03-31,東京都,80518701056.0,1.4344499,27.934784,11.138802,12.280702290296823,0.38990003,0.0074110674,92.29,36.8,60.8912681819453,99966000000.0,8576000000.0,0.12141,2356000000.0,0.03691,0.0328,0.5077455720817785,72795000000.0,51870000000.0,116639000000.0,33508000000.0,23332000000.0,11883000000.0,52162100000.0,0.6478259002678365
フマキラー,4998,化学,スタンダード（内国株式）,JP,2025-03-31,東京都,18736789504.0,0.74158764,11.358642,9.157538,13.30943309467284,0.17709999,0.0,124.16,100.1,83.55224081102831,73854000000.0,2653000000.0,0.02846,1462000000.0,0.01559,0.04936,0.3887178697860551,37248000000.0,33238000000.0,44502000000.0,16754000000.0,10048000000.0,5177000000.0,10877900000.0,0.5805637085092804
ＴＯブックス,500A,情報・通信業,スタンダード（内国株式）,JP,2025-04-30,東京都,11506110464.0,1.9264449,,14.837462,,0.0,0.0,222.41,,,9426601000.0,1149464000.0,0.16288,775418000.0,0.08222,0.19834,0.6918099418242261,1898648000.0,1838645000.0,5012130000.0,220970000.0,2374103000.0,5000000.0,3116982000.0,0.27089797284254546
日本精蝋,5010,石油・石炭製品,スタンダード（内国株式）,JP,2025-12-31,東京都,5490292224.0,0.82030344,,9.935669,2.9134596204954955,0.0,0.0,27.98,,89.92745193957462,19776000000.0,1173000000.0,0.1066,697000000.0,0.04133,0.13255,0.23373290809780417,20903000000.0,13860000000.0,12513000000.0,15998000000.0,2828000000.0,313000000.0,-8170900000.0,-1.4882450089418044
ニチレキグループ,5011,石油・石炭製品,プライム（内国株式）,JP,2025-03-31,東京都,57138499584.0,0.7176419,11.351047,13.413494,15.335833775330896,0.5343,0.0,149.7,176.9,152.7176337722933,75745000000.0,6268000000.0,0.09897,4848000000.0,0.056599997,0.05503,0.6880695571693008,35051000000.0,16160000000.0,56076000000.0,19968000000.0,31621000000.0,9252000000.0,27501400000.0,0.48131120348321116
ユシロ,5013,石油・石炭製品,スタンダード（内国株式）,JP,2025-03-31,東京都,42980585472.0,0.90166897,,9.118541,9.155867756728872,0.3094,0.0,361.9,,221.177162172092,55512000000.0,5068000000.0,0.05366,4315000000.0,0.0936,0.104890004,0.6850198725632453,18435000000.0,13478000000.0,31694000000.0,5954000000.0,12380000000.0,6270000000.0,17648000000.0,0.4106039926212013
ビーピー・カストロール,5015,石油・石炭製品,スタンダード（内国株式）,JP,2025-12-31,東京都,23256164352.0,3.275487,,22.1324,20.360984140014512,1.0051999,0.015625,45.77,,40.60999961590655,14689719000.0,1561651000.0,0.19073,1050738000.0,0.12377,0.25218,0.7758917139846746,2910365000.0,2684452000.0,11415247000.0,,195615000.0,77835000.0,8559366500.0,0.368047214082571
ＪＸ金属,5016,非鉄金属,プライム（内国株式）,JP,2025-03-31,東京都,3724878544896.0,5.6117535,,35.640232,12.317923817574009,0.275,0.00738975,112.85,,73.53000001382908,,,-0.23812,,0.11829001,,0.47957602560245427,571248000000.0,277925000000.0,494235000000.0,321253000000.0,58316000000.0,41435000000.0,-48008500000.0,-0.01288860815764945
ＭＯＲＥＳＣＯ,5018,石油・石炭製品,スタンダード（内国株式）,JP,2025-02-28,兵庫県,17418287104.0,0.74189836,9.18239,11.422725,,0.3309,0.030916246,166.16,206.7,,,,0.07485,,0.043730002,0.06687,0.5662584536647779,13287000000.0,10362000000.0,21260000000.0,5117000000.0,5508000000.0,654000000.0,8430800000.0,0.48402003880530364
出光興産,5019,石油・石炭製品,プライム（内国株式）,JP,2025-03-31,東京都,1607329906688.0,0.8425111,10.080553,9.448006,13.613457540616018,0.2564,0.027565084,140.4,131.59,77.83000000032911,,,0.08121,,0.02121,,0.3602420729100052,3037889000000.0,2097407000000.0,2649858000000.0,1196374000000.0,165762000000.0,305764000000.0,-173996200000.0,-0.10825170319796366
ＥＮＥＯＳホールディングス,5020,石油・石炭製品,プライム（内国株式）,JP,2025-03-31,,3486100750336.0,1.0345207,13.029054,13.492972,7.162645058045155,0.35419998,0.026407767,96.05,99.47,95.43999998582251,12322494000000.0,96468000000.0,0.05277,226071000000.0,0.02199,0.085,0.35277358110819457,5318814000000.0,2597566000000.0,4207538000000.0,2676027000000.0,846563000000.0,344803000000.0,-869913900000.0,-0.249537796610197
コスモエネルギーホールディングス,5021,石油・石炭製品,プライム（内国株式）,JP,2025-03-31,東京都,585139355648.0,0.9789194,3.3928423,8.135016,9.41139791692031,0.3642,0.0,452.98,1086.11,336.3900001287324,,,0.08507,,0.02765,0.113970004,0.27115860345311266,1449129000000.0,945465000000.0,1079108000000.0,619906000000.0,126926000000.0,98538000000.0,-301044400000.0,-0.5144832544490446
マーキュリー,5025,情報・通信業,グロース（内国株式）,JP,2025-02-28,東京都,1761803392.0,1.5425462,,10.667529,29.916892930963208,0.0,0.0,61.87,,18.050002760852013,1763285000.0,170149000.0,0.00748,126540000.0,0.10119,0.16208,0.7488073780847301,298241000.0,291545000.0,939252000.0,2283000.0,683053000.0,11200000.0,648851000.0,0.3682879729635576
トリプルアイズ,5026,情報・通信業,グロース（内国株式）,JP,2025-08-31,東京都,5209010176.0,3.813325,,,133.5929821196528,0.0,0.0,-30.59,,10.270000551160432,5714030000.0,-61846000.0,0.00648,-343999000.0,-0.059710003,-0.20206,0.34373085049448937,3179689000.0,1819067000.0,3056397000.0,1620720000.0,1914180000.0,335000.0,-123057500.0,-0.023623969975519587
ＡｎｙＭｉｎｄ　Ｇｒｏｕｐ,5027,情報・通信業,グロース（内国株式）,JP,2025-12-31,東京都,28384522240.0,1.6256914,,31.72043,26.94307426883124,0.1346,0.0039525693,14.88,,37.367625387107,57300000000.0,1877000000.0,0.010930001,927000000.0,0.01704,0.06395,0.3740336264758656,28059000000.0,18103000000.0,32758000000.0,14319000000.0,8607000000.0,1272000000.0,5589400000.0,0.19691717735249786
セカンドサイトアナリティカ,5028,情報・通信業,グロース（内国株式）,JP,2025-12-31,東京都,3418557440.0,2.8568008,,28.75502,27.439532046451085,0.0,0.0,12.45,,11.990000392246175,1436294000.0,171141000.0,0.10455,121748000.0,0.084259994,0.13611001,0.7625485156616533,300634000.0,275748000.0,864787000.0,30000000.0,369533000.0,67440000.0,611361000.0,0.17883595953268522
サークレイス,5029,情報・通信業,グロース（内国株式）,JP,2025-03-31,東京都,3187041280.0,2.4994678,,16.898792,-31.12234425645592,0.0,0.0,43.08,,-15.808577784044692,3804013000.0,203634000.0,0.18983999,115432000.0,0.04559,0.20055,0.5446099367049714,893298000.0,833769000.0,1329427000.0,211462000.0,833354000.0,59470000.0,477758000.0,0.14990643610364532
モイ,5031,情報・通信業,グロース（内国株式）,JP,2026-01-31,東京都,10893479936.0,5.5212636,,107.586205,121.44347826086957,0.0,0.0,7.25,,1.9926965487612773,6688610000.0,339425000.0,0.0421,101687000.0,0.0150999995,0.052550003,0.4644141031007987,2276051000.0,2276052000.0,3874069000.0,,2983238000.0,,1598018000.0,0.1466949046024295
ＡＮＹＣＯＬＯＲ,5032,情報・通信業,プライム（内国株式）,JP,2025-04-30,東京都,171501649920.0,6.048971,14.916579,12.018483,15.541236191747291,0.2836,0.0008611781,238.05,191.8,135.16458600473808,42876000000.0,16280000000.0,0.37193,11510000000.0,0.28077,0.67152,0.7537315993549051,7177000000.0,7175000000.0,25622000000.0,45000000.0,15818000000.0,,18445000000.0,0.1075499857208604
ヌーラボ,5033,情報・通信業,グロース（内国株式）,JP,2025-03-31,福岡県,4486221312.0,2.277478,,25.533455,28.022910328467866,0.0,0.0,27.65,,47.140000253935966,4112318000.0,640363000.0,0.04606,552682000.0,0.04052,0.09166,0.44959526603686323,2336134000.0,2329093000.0,3736847000.0,2250000.0,3131381000.0,,1400713000.0,0.31222556859896616
ｕｎｅｒｒｙ,5034,情報・通信業,グロース（内国株式）,JP,2024-06-30,東京都,8063436288.0,3.8886132,31.104692,27.470985,170.73171857147042,0.0,0.0,78.41,69.25,17.629998837854938,,,0.21742001,,0.087629996,0.19669001,0.7745400982588135,474192000.0,474191000.0,2072858000.0,0.0,1658798000.0,,1598666000.0,0.19826113122256991
ＨＯＵＳＥＩ,5035,情報・通信業,グロース（内国株式）,JP,2025-12-31,東京都,2702394880.0,0.8834154,,,22.25221385164351,0.17790002,0.007352941,-28.52,,17.883116573445154,4779287000.0,36553000.0,0.037890002,-195091000.0,-0.036849998,-0.06036,0.6398167076750266,1706981000.0,1158083000.0,3105275000.0,545276000.0,1419927000.0,28800000.0,1418454000.0,0.5248877617766949
日本ビジネスシステムズ,5036,情報・通信業,プライム（内国株式）,JP,2025-09-30,東京都,76870590464.0,2.6787553,16.201328,11.862049,31.452531331946993,0.278,0.02012651,143.82,105.3,31.740000007966447,172580000000.0,17879000000.0,0.07724,5629000000.0,0.03479,0.25452,0.36582647347147057,47225000000.0,32056000000.0,39316000000.0,23725000000.0,2939000000.0,1770000000.0,-6670000000.0,-0.0867692047080566
ｅＷｅＬＬ,5038,情報・通信業,グロース（内国株式）,JP,2025-12-31,大阪府,27496906752.0,8.79815,27.271366,25.558523,36.835156731550825,0.22469999,0.0,71.17,66.7,53.01999973104975,3392422000.0,1537470000.0,0.45540002,1088240000.0,0.315,0.4014,0.7879216516092161,908434000.0,805705000.0,3590159000.0,,2857496000.0,,2681725000.0,0.09752824287426234
イノバセル,504A,医薬品,グロース（内国株式）,JP,2025-12-31,東京都,27374938112.0,2.2464426,,,,0.0,0.0,-88.99,,,0.0,-2231685000.0,0.0,-2855124000.0,0.0,,-0.12375993139797442,5722816000.0,432146000.0,4496297000.0,5196177000.0,4101476000.0,,-1226519000.0,-0.04480444832356887
ギークリー,505A,サービス業,スタンダード（内国株式）,JP,2025-05-31,東京都,13241349120.0,,,26.825937,,0.0,0.0,43.95,,,7147966000.0,703853000.0,0.0,493657000.0,0.0,,0.6513967269891717,1356811000.0,1257231000.0,2546352000.0,,1825731000.0,,1189541000.0,0.0898353324287246
ヴィス,5071,サービス業,スタンダード（内国株式）,JP,2025-03-31,東京都,11943856128.0,1.5054125,21.040117,8.722435,8.86071105280268,0.3018,0.0,162.34,67.3,118.53000572721936,16253198000.0,1915895000.0,0.13518,1357636000.0,0.08303001,0.18414,0.6424600403761762,3860345000.0,3675084000.0,7487246000.0,,6121871000.0,329796000.0,3857758200.0,0.3229910138448714
テスホールディングス,5074,建設業,プライム（内国株式）,JP,2025-06-30,大阪府,85327962112.0,1.7233571,45.065178,92.507645,25.71416027007408,0.39020002,0.003835206,13.08,26.85,16.800000068050633,36684000000.0,2548000000.0,0.030769998,204000000.0,0.01798,0.020680001,0.2813330512620486,108411000000.0,29996000000.0,41986000000.0,92774000000.0,22875000000.0,971000000.0,-65745300000.0,-0.7705012328045977
インフロニア・ホールディングス,5076,建設業,プライム（内国株式）,JP,2025-03-31,東京都,601410240512.0,0.9816065,25.316456,9.222303,9.974658042680737,0.465,0.0,258.07,94.01,130.16424889102026,847548000000.0,45793000000.0,0.04383,32416000000.0,0.06807,0.13163,0.357844765905353,907884000000.0,450897000000.0,600859000000.0,418682000000.0,119502000000.0,134375000000.0,-212962500000.0,-0.3541052108103416
インフロニア・ホールディングス第１回社債型種類株式,50765,建設業,プライム（内国株式）,JP,2025-03-31,東京都,,1.9091833,,,,,0.0,,,,847548000000.0,45793000000.0,0.04383,32416000000.0,0.06807,0.13163,0.357844765905353,907884000000.0,450897000000.0,600859000000.0,418682000000.0,119502000000.0,134375000000.0,-212962500000.0,
セレコーポレーション,5078,建設業,スタンダード（内国株式）,JP,2026-02-28,東京都,16160845824.0,0.7653728,,14.084506,10.359906278122534,0.3985,0.028301887,338.67,,417.61984377626214,20190480000.0,1692216000.0,0.08067001,1147664000.0,0.056810003,0.05523,0.8591081764346497,3463051000.0,3179702000.0,21787644000.0,,16148109000.0,53820000.0,18362267000.0,1.1362194281150022
ノバック,5079,建設業,スタンダード（内国株式）,JP,2025-04-30,兵庫県,13164432384.0,0.72300255,,14.626045,49.99841357946261,0.6873,0.04748714,174.62,,55.79931436887824,27511917000.0,859970000.0,0.039839998,573392000.0,0.02083,0.03134,0.700788537944719,7766450000.0,7279491000.0,22956900000.0,433410000.0,7533764000.0,11718000.0,15198652600.0,1.154523959458547
横浜ゴム,5101,ゴム製品,プライム（内国株式）,JP,2025-12-31,神奈川県,1105968889856.0,1.0595874,13.432836,10.489385,7.09100363133395,0.20040001,0.018644776,668.39,521.93,466.5670247547875,1234959000000.0,152901000000.0,0.0856,105398000000.0,0.08831,0.11841,0.5158484957665286,958129000000.0,447041000000.0,826168000000.0,535770000000.0,107391000000.0,44072000000.0,-101110600000.0,-0.09142264391647116
昭和ホールディングス,5103,ゴム製品,スタンダード（内国株式）,JP,2025-03-31,千葉県,3033893888.0,2.254029,,,-6.135736299894459,0.0,0.0,-7.6,,-7.008123866199994,8619822000.0,25837000.0,-0.03774,-203709000.0,-0.06731,-0.31628,0.26602758905203744,3418889000.0,2030375000.0,3052471000.0,882392000.0,640722000.0,2302207000.0,1245126900.0,0.41040555337972323
ＴＯＹＯ　ＴＩＲＥ,5105,ゴム製品,プライム（内国株式）,JP,2024-12-31,兵庫県,565934161920.0,1.062249,9.444144,8.896797,4.855385609079786,0.3026,0.033620227,413.07,389.13,485.85807806922946,594923000000.0,97350000000.0,0.15739,63614000000.0,0.111090004,0.13172,0.6539009722333692,250114000000.0,150892000000.0,373782000000.0,102053000000.0,86636000000.0,6710000000.0,128365000000.0,0.22681967026783864
ブリヂストン,5108,ゴム製品,プライム（内国株式）,JP,2025-12-31,東京都,4208941858816.0,1.1504803,5.999499,28.181206,24.785425737100816,0.96580005,0.034216005,118.98,558.88,103.93957121266055,4429452000000.0,381237000000.0,0.11302,327264000000.0,0.07659,0.09287,0.6370878463665063,2027817000000.0,1122654000000.0,2863182000000.0,827015000000.0,713810000000.0,107720000000.0,910769000000.0,0.21638906655180185
住友ゴム工業,5110,ゴム製品,プライム（内国株式）,JP,2025-12-31,兵庫県,529614077952.0,0.72977686,10.803131,10.518898,10.187315123833114,0.4018,0.03726107,191.56,186.52,168.4356798405564,676415000000.0,36711000000.0,0.04986,64984000000.0,0.045339998,0.08461001,0.49048859809908957,723622000000.0,379947000000.0,679314000000.0,322051000000.0,98642000000.0,28096000000.0,-24640800000.0,-0.04652595356846471
藤倉コンポジット,5121,ゴム製品,プライム（内国株式）,JP,2025-03-31,東京都,45602529280.0,1.19923,,11.703198,9.195112863581318,0.3643,0.0,208.49,,140.47535758849165,41325231000.0,4807961000.0,0.1224,3888092000.0,0.09909,0.10918,0.7199517587761506,13394140000.0,7924239000.0,29973548000.0,4050135000.0,10877895000.0,1810453000.0,17846725100.0,0.39135384334541895
オカモト,5122,ゴム製品,プライム（内国株式）,JP,2025-03-31,東京都,96039124992.0,0.86948115,15.955936,19.884655,11.186416812904213,0.42430001,0.0,282.63,352.22,420.33774718311696,109107000000.0,8704000000.0,0.07452,6674000000.0,0.04494,0.04739,0.6456813609426965,51671000000.0,36945000000.0,89348000000.0,3338000000.0,41337000000.0,30979000000.0,59362300000.0,0.6181053815821921
ファインズ,5125,情報・通信業,グロース（内国株式）,JP,2024-06-30,東京都,2122062464.0,0.96610695,,8.091993,11.743913147583806,0.0,0.0,58.7,,50.91999510597817,,,-0.18492001,,0.05722,0.06801,0.7803208031623199,567079000.0,567078000.0,2147695000.0,,1763158000.0,,1580616000.0,0.7448489508742377
ポーターズ,5126,情報・通信業,グロース（内国株式）,JP,2025-12-31,東京都,2246850816.0,1.5538393,,18.02828,12.794123951492537,0.0,0.0,76.38,,159.370036411296,2137000000.0,359000000.0,0.18341999,129000000.0,0.06706,0.078439996,0.7344,291000000.0,288000000.0,1341000000.0,,928000000.0,,1050000000.0,0.46732074622973097
ＦＩＸＥＲ,5129,情報・通信業,グロース（内国株式）,JP,2025-08-31,東京都,4177694720.0,1.6611099,6.3228703,,102.73843117948718,0.0,0.0,-202.43,44.6,10.59000013441154,3982000000.0,-1721000000.0,-0.79301,-2114000000.0,-0.53191,-0.43793,0.8456179775280899,687000000.0,683000000.0,4050000000.0,9000000.0,2991000000.0,53000000.0,3400100000.0,0.8138699038305988
リンカーズ,5131,情報・通信業,グロース（内国株式）,JP,2024-07-31,東京都,1667640064.0,2.226469,,,-13.74654904256167,0.0,0.0,-49.6,,-14.621851591819123,,,-0.49719003,,-0.4914,,0.8982324883817578,187821000.0,174472000.0,1458482000.0,23344000.0,1251215000.0,,1270661000.0,0.7619515910119079
ｐｌｕｓｚｅｒｏ,5132,情報・通信業,グロース（内国株式）,JP,2025-10-31,東京都,13867794432.0,8.565383,45.345272,39.338806,118.93617732427776,0.0,0.0,45.07,39.1,18.79999887589777,1546369000.0,516655000.0,0.32481,366545000.0,0.23688,0.26029,0.8173657118268066,338692000.0,338692000.0,1532306000.0,,1193766000.0,873000.0,1194225100.0,0.08611499873724116
テリロジーホールディングス,5133,情報・通信業,スタンダード（内国株式）,JP,2025-03-31,東京都,5354250752.0,1.625459,,15.502724,26.24500897666816,0.2574,0.0,20.19,,11.509999782281323,8653567000.0,273193000.0,0.0462,176001000.0,0.0325,0.119040005,0.4006774444477266,4238188000.0,4002523000.0,5536108000.0,277567000.0,1704400000.0,427625000.0,1597257500.0,0.29831578198002184
ＰＯＰＥＲ,5134,情報・通信業,グロース（内国株式）,JP,2025-10-31,東京都,1860134400.0,2.087483,,14.07212,26.257788025483798,0.0,0.0,34.11,,20.869998625480303,1389448000.0,174427000.0,0.10602,138756000.0,0.08392999,0.13871,0.7046286625608114,367081000.0,296193000.0,998508000.0,128810000.0,848903000.0,,631427000.0,0.3394523535503671
ｔｒｉｐｌａ,5136,情報・通信業,グロース（内国株式）,JP,2025-10-31,東京都,8873182208.0,4.772715,16.066452,18.103865,34.18876730869339,0.0,0.0,82.8,93.3,35.06999796670419,2573543000.0,519841000.0,0.26495,501815000.0,0.19939,0.34175998,0.08386285753559118,18040068000.0,17193657000.0,18804254000.0,1016536000.0,18005508000.0,,764186000.0,0.08612310466373779
スマートドライブ,5137,情報・通信業,グロース（内国株式）,JP,2025-09-30,東京都,8015797248.0,5.9253902,2.21875,14.957866,48.57213395527018,0.0,0.0,14.24,96.0,6.769999930591483,2878647000.0,390202000.0,0.06082,453638000.0,0.18245001,0.51901,0.4788482607418991,1247717000.0,687176000.0,1518296000.0,577220000.0,858015000.0,283496000.0,469026200.0,0.05851273248172856
Ｒｅｂａｓｅ,5138,情報・通信業,グロース（内国株式）,JP,2025-03-31,東京都,2138441728.0,1.6667433,6.075419,29.0,20.619282464387357,0.0,0.0,15.0,71.6,46.45999997563116,1926885000.0,487066000.0,0.00693,362919000.0,0.03393,0.05558,0.7034569540946627,581848000.0,577561000.0,1720024000.0,,1541583000.0,,1138176000.0,0.5322455062006721
オープンワーク,5139,情報・通信業,グロース（内国株式）,JP,2025-12-31,東京都,18811310080.0,2.7327843,,22.689707,21.55317915521892,0.0,0.0,39.93,,35.54000059497114,4653739000.0,1199337000.0,0.15127,837093000.0,0.17988001,0.12560001,0.8171048552803526,1537564000.0,1537561000.0,8183274000.0,,7633311000.0,,6645710000.0,0.35328267790692863
アキレス,5142,化学,プライム（内国株式）,JP,2025-03-31,東京都,16440102912.0,0.3798411,,7.7668023,-2.622879431256423,0.2583,0.0,154.89,,-560.256585232701,79093000000.0,-435000000.0,0.025810001,427000000.0,0.02587,0.051220004,0.4947549808814651,40169000000.0,29161000000.0,45720000000.0,14650000000.0,7721000000.0,6162000000.0,9864400000.0,0.6000205748590389
西川ゴム工業,5161,ゴム製品,スタンダード（内国株式）,JP,2025-03-31,広島県,110396596224.0,1.3211094,,10.365604,7.274474413595832,0.6229,0.0,293.76,,130.70547019256304,120639000000.0,7329000000.0,0.07453,3957000000.0,0.089729995,0.13084,0.6353612716763006,46681000000.0,29924000000.0,76120000000.0,18425000000.0,47808000000.0,22877000000.0,45452900000.0,0.4117237447047179
朝日ラバー,5162,ゴム製品,スタンダード（内国株式）,JP,2025-03-31,埼玉県,3002254592.0,0.5975829,11.300675,19.070694,17.58387973450927,0.5703,0.0,35.08,59.2,29.383776159410363,7639596000.0,2282000.0,0.0,-236037000.0,0.02012,0.03191,0.524834409845432,4418571000.0,2840677000.0,5073948000.0,1918249000.0,1968019000.0,198256000.0,794156200.0,0.2645199384876151
ニチリン,5184,ゴム製品,スタンダード（内国株式）,JP,2025-12-31,兵庫県,54953914368.0,0.89608085,11.278094,9.95435,7.1031679395327645,0.42080003,0.042358603,418.41,369.3,461.8199988639722,73668000000.0,9068000000.0,0.13631,5514000000.0,0.07402,0.10799,0.6849798558701696,19998000000.0,13514000000.0,54133000000.0,2131000000.0,23619000000.0,3616000000.0,36666200000.0,0.6672172568902744
フコク,5185,ゴム製品,プライム（内国株式）,JP,2025-03-31,埼玉県,25173592064.0,0.6216533,6.7920184,24.016283,8.94698671298668,1.1538,0.0,73.7,260.6,189.29990069513406,89657000000.0,5009000000.0,0.05128,2931000000.0,0.01271,0.03209,0.5449988665272915,33466000000.0,24239000000.0,45597000000.0,13297000000.0,12422000000.0,1259000000.0,13012300000.0,0.5169027911041945
ニッタ,5186,ゴム製品,プライム（内国株式）,JP,2025-03-31,大阪府,158525652992.0,0.9617569,15.226554,37.98633,10.370158253652228,1.0522,0.0,152.16,379.6,353.8428402196934,90276000000.0,5156000000.0,0.06487,12131000000.0,0.14732,0.085,0.8524934558247328,25757000000.0,17997000000.0,84262000000.0,19000000.0,31515000000.0,60444000000.0,100815800000.0,0.635958900639808
クリエートメディック,5187,精密機器,スタンダード（内国株式）,JP,2025-12-31,神奈川県,9076435968.0,0.5719206,,13.815301,9.160393906032558,0.5573,0.040106952,80.78,,95.40966483211199,13617561000.0,1005083000.0,0.04162,713734000.0,0.04774,0.04157,0.8108073263142844,3810961000.0,2023897000.0,14222697000.0,749700000.0,5830922000.0,669933000.0,10880689100.0,1.198784317805039
櫻護謨,5189,ゴム製品,スタンダード（内国株式）,JP,2025-03-31,東京都,5910331392.0,0.59044266,,8.872818,5.966893378679305,0.2904,0.0,344.31,,379.1128537080032,12188471000.0,643732000.0,0.13842,425918000.0,0.0458,0.069860004,0.5461007058095091,7530138000.0,5352195000.0,11990698000.0,3027394000.0,3143540000.0,559125000.0,4851947500.0,0.8209264723408592
三ツ星ベルト,5192,ゴム製品,プライム（内国株式）,JP,2025-03-31,兵庫県,108715704320.0,1.0698298,15.5737705,14.793013,16.82854785517332,0.7253,0.0,263.3,250.1,250.3802857712677,90510000000.0,8928000000.0,0.08969,9060000000.0,0.08009,0.074889995,0.7473724455957741,32377000000.0,21768000000.0,77289000000.0,5303000000.0,31584000000.0,16189000000.0,56244300000.0,0.5173521190135265
相模ゴム工業,5194,ゴム製品,スタンダード（内国株式）,JP,2025-03-31,神奈川県,7164992512.0,0.6174572,14.316703,25.27767,249.32137764365265,0.383,0.0,26.11,46.1,3.7726602800294766,5687899000.0,-33968000.0,-0.00999,392539000.0,0.04788,0.02252,0.5815631901074101,7518458000.0,6838381000.0,6250942000.0,5655553000.0,1932394000.0,969539000.0,-588838700.0,-0.08218273766703973
バンドー化学,5195,ゴム製品,プライム（内国株式）,JP,2025-03-31,兵庫県,90348085248.0,0.9766813,11.457364,8.645297,11.885578175585168,0.38990003,0.0,256.44,193.5,142.55000131593488,115593000000.0,1851000000.0,0.07181,1496000000.0,0.08862001,0.12077,0.6804951405632472,38193000000.0,31292000000.0,63396000000.0,7137000000.0,17715000000.0,10318000000.0,32425600000.0,0.35889637185994255
不二ラテックス,5199,ゴム製品,スタンダード（内国株式）,JP,2025-03-31,東京都,2495552000.0,0.61679876,,39.19968,7.6145315357767105,1.6135001,0.0,50.23,,228.4207836778984,7198559000.0,208544000.0,0.03264,298156000.0,0.00927,0.0155299995,0.36794099720077866,6988227000.0,4812151000.0,6457945000.0,5305808000.0,2338923000.0,193788000.0,-394630400.0,-0.15813351114302568
ベーシック,519A,情報・通信業,グロース（内国株式）,JP,2025-12-31,東京都,2892908544.0,3.3973749,,8.386103,,0.0,0.0,58.43,,,2275636000.0,270469000.0,0.14255999,344961000.0,0.15159,0.62808996,0.6202719311062027,441825000.0,291651000.0,912307000.0,177600000.0,586515000.0,48377000.0,504345900.0,0.17433869489100587
ＡＧＣ,5201,ガラス・土石製品,プライム（内国株式）,JP,2025-12-31,東京都,1491004424192.0,0.9974141,17.007462,21.535063,-9.964520584472998,0.6448,0.029569136,325.98,412.76,-443.7099993314767,2058832000000.0,125468000000.0,0.06634,69162000000.0,0.0,,0.5034194022732288,1218356000000.0,696203000000.0,967772000000.0,646463000000.0,94671000000.0,70175000000.0,-201461500000.0,-0.13511797599740547
日本板硝子,5202,ガラス・土石製品,プライム（内国株式）,JP,2025-03-31,東京都,68010954752.0,0.44973335,8.577068,15.590345,-2.6860220563950543,0.0,0.0,30.66,55.73,-151.15289132990142,,,0.043520004,,0.00503,0.03361,0.10461976647036443,890520000000.0,409438000000.0,323171000000.0,522725000000.0,65311000000.0,23689000000.0,-550766700000.0,-8.098205678899157
石塚硝子,5204,ガラス・土石製品,スタンダード（内国株式）,JP,2025-03-31,愛知県,12160140288.0,0.32391512,,4.672927,2.468900569619964,0.1122,0.0,624.02,,1129.0477332693692,55994000000.0,3849000000.0,-0.00052,3088000000.0,0.04399,0.07271,0.3376918250893773,65088000000.0,27551000000.0,48008000000.0,29470000000.0,4905000000.0,6463000000.0,-12555900000.0,-1.032545653473303
有沢製作所,5208,化学,プライム（内国株式）,JP,2025-03-31,新潟県,73189441536.0,1.4439187,25.549198,14.832281,20.06489682055827,0.8103,0.053485315,150.55,87.4,49.45999966579696,49815616000.0,4893208000.0,0.1092,3969679000.0,0.08846,0.10067,0.6769090293860719,23177460000.0,18582660000.0,49527322000.0,10234350000.0,16861091000.0,1969043000.0,27728192100.0,0.37885508507892107
ジェイファーマ,520A,医薬品,グロース（内国株式）,JP,2025-03-31,東京都,9423167488.0,2.1522336,,,,0.0,0.0,-84.07,,,0.0,-1503199000.0,0.0,-1499008000.0,0.0,-0.73012,0.8323776332218885,478850000.0,451934000.0,2839086000.0,,2301862000.0,,2360236000.0,0.2504716172142392
日本山村硝子,5210,ガラス・土石製品,スタンダード（内国株式）,JP,2025-03-31,兵庫県,26461712384.0,0.46609902,,8.095179,7.660489008272246,0.4689,0.0,319.82,,271.47204836824926,,,-0.01413,,0.04528,0.05929,0.5775357658692925,40477000000.0,19435000000.0,40409000000.0,24077000000.0,10791000000.0,2865000000.0,1937500000.0,0.07321899550127013
日本電気硝子,5214,ガラス・土石製品,プライム（内国株式）,JP,2025-12-31,滋賀県,501344731136.0,1.0187472,35.905014,17.784052,23.00944305143654,0.3923,0.022465179,382.59,189.5,141.67000024500203,311402000000.0,34131000000.0,0.08631,29616000000.0,0.10569999,0.069,0.7019687402429097,205233000000.0,117793000000.0,283783000000.0,97394000000.0,120706000000.0,42045000000.0,107981500000.0,0.21538373357454876
倉元製作所,5216,ガラス・土石製品,スタンダード（内国株式）,JP,2025-12-31,宮城県,6307993088.0,9.560961,,,318.98734177215186,0.0,0.0,-64.21,,0.79,2010798000.0,-1424513000.0,-0.34579,-3080720000.0,-2.28915,,0.40475822902548275,1083443000.0,728858000.0,544759000.0,659848000.0,97124000.0,2275000.0,-537091500.0,-0.08514459234613543
オハラ,5218,ガラス・土石製品,スタンダード（内国株式）,JP,2025-10-31,神奈川県,37144387584.0,0.7209981,19.06212,22.020544,19.73679733463179,0.35189998,0.016778523,71.07,82.1,64.35999885743104,28895673000.0,1794267000.0,0.04585,1730799000.0,0.06038,0.03621,0.7764380568896823,14537598000.0,9977907000.0,40259830000.0,5599607000.0,14361720000.0,7259598000.0,30803950600.0,0.8293029607861632
住友大阪セメント,5232,ガラス・土石製品,プライム（内国株式）,JP,2025-03-31,東京都,169643343872.0,0.8696819,11.233055,15.312661,13.401861351187833,0.3433,0.0,349.58,476.54,270.365276454498,,,0.08618,,0.05013,0.05811,0.5413011395664379,159372000000.0,83742000000.0,104143000000.0,83333000000.0,16554000000.0,39372000000.0,-27668600000.0,-0.1630986478365849
太平洋セメント,5233,ガラス・土石製品,プライム（内国株式）,JP,2025-03-31,東京都,471521984512.0,0.69283396,7.230132,55.90843,7.767027003696986,1.3222001,0.024084779,75.57,584.36,502.4805536840816,,,0.06847,,0.028269999,0.03874,0.4507067876195393,747571000000.0,388354000000.0,405731000000.0,410834000000.0,74987000000.0,135374000000.0,-247078200000.0,-0.5240014423838852
ノザワ,5237,ガラス・土石製品,スタンダード（内国株式）,JP,2025-03-31,兵庫県,13746701312.0,0.62040937,,22.405432,11.701726958971276,0.834,0.0,51.55,,76.3186390025624,21954062000.0,1680093000.0,0.07378,1156714000.0,0.02712,0.02841,0.6833935232222698,9574133000.0,4897735000.0,14929249000.0,10832000.0,6754848000.0,3614424000.0,7885212800.0,0.5736076329174846
セイワホールディングス,523A,金属製品,グロース（内国株式）,JP,2025-05-31,愛知県,44285775872.0,19.890875,,57.439026,,0.0,0.0,41.0,,,7769000000.0,700000000.0,0.17758,327000000.0,0.042090002,0.97903997,0.07468511619655846,10432000000.0,3127000000.0,5006000000.0,7882000000.0,2903000000.0,162000000.0,-5312600000.0,-0.11996176865806996
ｍｏｎｏＡＩ　ｔｅｃｈｎｏｌｏｇｙ,5240,情報・通信業,グロース（内国株式）,JP,2025-12-31,兵庫県,1668078080.0,1.5458938,20.60606,,-7.019405351681173,0.0,0.0,-27.41,6.6,-51.57132005680505,980881000.0,-390793000.0,-1.07519,-336159000.0,-0.65759003,-0.35077998,0.8649528203570179,191137000.0,154235000.0,1347678000.0,23200000.0,1188903000.0,,1156541000.0,0.6933374485683548
アイズ,5242,情報・通信業,グロース（内国株式）,JP,2025-12-31,東京都,1000278848.0,1.6646378,,,59.5895584425198,0.0,0.0,-66.53,,25.34000988539878,965730000.0,-51579000.0,0.00778,-68010000.0,-0.06674,-0.10301,0.5509097333437346,489331000.0,302855000.0,778629000.0,213000000.0,547447000.0,,289298000.0,0.28921735231974033
ｎｏｔｅ,5243,情報・通信業,グロース（内国株式）,JP,2025-11-30,東京都,39794413568.0,7.2664423,110.16042,76.751114,76.37074338733967,0.0,0.0,26.84,18.7,6.442257573749911,4141280000.0,256142000.0,0.19326,440641000.0,0.16521999,0.19439,0.46843402455487615,3266609000.0,2654088000.0,5099676000.0,682500000.0,3045873000.0,768980000.0,2371353000.0,0.05959009789019439
ｊｉｇ．ｊｐ,5244,情報・通信業,グロース（内国株式）,JP,2025-03-31,東京都,7211435008.0,1.43565,,6.297229,11.269317891643032,0.105500005,0.0,27.79,,27.420000276696364,13796280000.0,2012299000.0,0.13977,1077496000.0,0.078940004,0.25332,0.606334528803043,2659189000.0,2379052000.0,5661360000.0,287240000.0,4368673000.0,,3002171000.0,0.416307017489521
ＥＬＥＭＥＮＴＳ,5246,情報・通信業,グロース（内国株式）,JP,2025-11-30,東京都,17144594432.0,4.738696,138.98679,,-87.7636488658165,0.0,0.0,-28.14,4.54,-5.662936835726517,3895112000.0,-215316000.0,0.092180006,-700666000.0,-0.12279,-0.22384001,0.4796041521810774,3654750000.0,1845244000.0,4495523000.0,3006534000.0,3275338000.0,163546000.0,955255200.0,0.055717573477097694
ＢＴＭ,5247,情報・通信業,グロース（内国株式）,JP,2025-03-31,東京都,1743625216.0,2.4050043,,27.474478,25.493074664361178,0.0,0.0,22.53,,37.51999366860085,5099797000.0,91865000.0,0.01455,62459000.0,0.0107700005,0.09393,0.4173856525995827,920600000.0,725598000.0,1488783000.0,345000000.0,765044000.0,,568183000.0,0.3258630322538304
テクノロジーズ,5248,情報・通信業,グロース（内国株式）,JP,2026-01-31,東京都,7614804480.0,4.9705086,,28.553299,43.3945839434173,0.0,0.0,15.76,,15.716247006522005,10149087000.0,1872228000.0,0.26218998,266883000.0,0.02621,0.22719,0.06589087424665388,17958140000.0,11640208000.0,13086074000.0,9870696000.0,2594292000.0,14416000.0,-4861974800.0,-0.6384897751176403
ＧＭＯプライム・ストラテジー,5250,情報・通信業,スタンダード（内国株式）,JP,2025-11-30,東京都,4221386752.0,3.0768127,,40.34911,24.68394464275148,0.7397,0.017799353,29.79,,41.60000306730152,887044000.0,143613000.0,0.15517001,107750000.0,0.1183,0.07803,0.8853706571589341,184158000.0,158272000.0,1431806000.0,62316000.0,1284625000.0,,1247648000.0,0.29555406156730174
日本ナレッジ,5252,情報・通信業,グロース（内国株式）,JP,2025-03-31,東京都,3258453248.0,6.9839234,,37.595787,10.034236127091592,0.3352,0.0,20.88,,48.97073732635167,4154113000.0,99369000.0,0.07797,82904000.0,0.01887,0.07338,0.5363088593984138,984950000.0,691110000.0,1392537000.0,381829000.0,738487000.0,36357000.0,433036900.0,0.1328964594676302
カバー,5253,情報・通信業,グロース（内国株式）,JP,2025-03-31,東京都,102676627456.0,5.1433496,12.6343,34.794216,35.60771621223108,0.0,0.0,44.95,123.79,67.68195931566586,43401000000.0,8002000000.0,0.124989994,5559000000.0,0.061139997,0.16343,0.5125529340592861,16115000000.0,15128000000.0,22872000000.0,,11498000000.0,,6757000000.0,0.06580855027494525
Ａｒｅｎｔ,5254,情報・通信業,グロース（内国株式）,JP,2024-06-30,東京都,27806996480.0,3.9004486,19.346373,20.896675,52.61509379149815,0.0,0.0,194.05,209.6,95.79000314952195,,,0.16752,,0.29352,0.23662001,0.8145073305165716,935187000.0,824082000.0,4428903000.0,394711000.0,3852997000.0,,3493716000.0,0.12564161694028453
モンスターラボ,5255,情報・通信業,グロース（内国株式）,JP,2025-12-31,東京都,6530399744.0,8.787193,,,-0.3086633802411962,0.0,0.0,-7.48,,-285.10022773428744,7795270000.0,-187540000.0,0.04401,-337203000.0,-0.01837,,0.0761478168357073,8553062000.0,2428653000.0,5668481000.0,6126765000.0,3957482000.0,2469424000.0,-1155984200.0,-0.17701584057883976
Ｆｕｓｉｃ,5256,情報・通信業,グロース（内国株式）,JP,2024-06-30,福岡県,3378326016.0,2.6816134,,19.379845,29.441402965429138,0.0,0.0,136.74,,119.05003318339355,,,0.04942,,0.061539996,0.1178,0.6725617558695894,470830000.0,442185000.0,1217418000.0,43349000.0,776362000.0,21000000.0,761288000.0,0.22534474067762678
ノバシステム,5257,情報・通信業,スタンダード（内国株式）,JP,2025-12-31,大阪府,3608578304.0,1.5381832,,15.53439,8.428485534098252,0.6327,0.0,165.89,,278.45009499768236,6716189000.0,324762000.0,0.07101,234059000.0,0.03418,0.09927,0.6242990512452803,1535743000.0,1042954000.0,1994664000.0,683949000.0,732866000.0,508877000.0,815134900.0,0.22588810088905306
トランザクション・メディア・ネットワークス,5258,情報・通信業,グロース（内国株式）,JP,2025-03-31,東京都,10772098048.0,1.6408411,,,39.030611882162404,0.0,0.0,-1.91,,15.680000145723913,12300727000.0,-504562000.0,0.06938,-682434000.0,-0.00452,-0.00719,0.37518095762597825,16863706000.0,15028425000.0,17246390000.0,1638182000.0,14069217000.0,280040000.0,578712000.0,0.053723239188994056
リソルホールディングス,5261,サービス業,プライム（内国株式）,JP,2025-03-31,東京都,38177062912.0,2.0852633,,14.094042,20.630616808917654,0.22569999,0.0,487.44,,254.005400540054,28400000000.0,2681000000.0,0.03299,1950000000.0,0.08906999,0.15714,0.3717715783905614,27301000000.0,10396000000.0,9279000000.0,15200000000.0,4100000000.0,,-18022000000.0,-0.4720635540125649
日本ヒューム,5262,ガラス・土石製品,プライム（内国株式）,JP,2025-03-31,東京都,53232758784.0,0.9553229,12.381516,14.4337015,10.173305949399523,0.29,0.0,72.4,84.4,39.95489673598846,37064584000.0,2022006000.0,0.05175,3045562000.0,0.08405,0.07112,0.7443267279219473,14157937000.0,9661439000.0,27099105000.0,855030000.0,12748443000.0,19857935000.0,26841722500.0,0.5042331660644221
旭コンクリート工業,5268,ガラス・土石製品,スタンダード（内国株式）,JP,2025-03-31,東京都,11920069632.0,0.88804716,,26.201506,27.258607929831665,0.405,0.0,34.54,,25.67877916727579,7221669000.0,555479000.0,0.11537,411747000.0,0.05959,0.03664,0.7622841229163803,3781573000.0,2393891000.0,9005629000.0,678060000.0,5279701000.0,1201738000.0,6065272600.0,0.5088286215809917
日本コンクリート工業,5269,ガラス・土石製品,プライム（内国株式）,JP,2025-03-31,東京都,18125733888.0,0.39692536,10.090635,26.55008,32.98614772881074,0.6354,0.0,12.58,33.1,11.310000088745884,52652871000.0,990010000.0,0.00149,-209752000.0,0.013890001,0.01864,0.47854431564528294,37297075000.0,22394511000.0,30471333000.0,12819042000.0,7149097000.0,15248883000.0,3848476100.0,0.21232111890089336
トーヨーアサノ,5271,ガラス・土石製品,スタンダード（内国株式）,JP,2025-02-28,静岡県,2917278976.0,0.7514888,,,4.980124228957391,0.48,0.0,-170.78,,465.84918563205173,14402525000.0,606633000.0,-0.08644,363402000.0,-0.01891,-0.05471,0.2599348117478058,11951255000.0,5625809000.0,6913107000.0,8520861000.0,983112000.0,334720000.0,-4803844000.0,-1.6466865320459498
三谷セキサン,5273,ガラス・土石製品,スタンダード（内国株式）,JP,2025-03-31,福井県,107064229888.0,1.0890039,,7.7830553,11.337184829853369,0.2566,0.0,195.81,,126.1275005738181,87765000000.0,13893000000.0,0.17243,10175000000.0,0.13802,0.14406,0.7073159046265391,34693000000.0,24370000000.0,72884000000.0,921000000.0,44091000000.0,31563000000.0,60285100000.0,0.5630741477621826
日本興業,5279,ガラス・土石製品,スタンダード（内国株式）,JP,2025-03-31,香川県,3263688704.0,0.3784109,,5.636996,6.112494034420172,0.22670001,0.0,198.51,,135.70596346087555,,,0.06313,,0.035350002,0.06979,0.48819987550502825,8296019000.0,7088220000.0,8768974000.0,3696747000.0,1467297000.0,656933000.0,932808100.0,0.2858140541580279
ヨシコン,5280,不動産業,スタンダード（内国株式）,JP,2025-03-31,静岡県,15211528192.0,0.52042305,,5.7597585,4.163914029329852,0.2251,0.0,377.62,,295.9643812473603,27474927000.0,4678515000.0,0.14446001,3017703000.0,0.09137,0.094469994,0.6192321693440355,16627534000.0,15158894000.0,38675872000.0,7885306000.0,3514675000.0,2985654000.0,24138295800.0,1.5868422616929927
ジオスター,5282,ガラス・土石製品,スタンダード（内国株式）,JP,2025-03-31,東京都,12070150144.0,0.4838981,11.726191,6.6329966,9.082477390762978,0.2188,0.0,59.4,33.6,35.25567067337451,28527972000.0,1551198000.0,0.104849994,835467000.0,0.06418,0.07581,0.6465294206555292,12979422000.0,12571401000.0,25847581000.0,312092000.0,575562000.0,1541700000.0,13947349000.0,1.1555240683508103
高見澤,5283,卸売業,スタンダード（内国株式）,JP,2024-06-30,長野県,5360817664.0,0.33921626,,8.59102,7.68626113727072,0.13229999,0.01540832,377.72,,453.410435011171,,,0.02725,,0.0106,0.05093,0.35600152419662134,25151000000.0,17406000000.0,22262000000.0,8902000000.0,3385000000.0,1043000000.0,-2158900000.0,-0.40271841635239025
ヤマウホールディングス,5284,ガラス・土石製品,スタンダード（内国株式）,JP,2025-03-31,福岡県,13523299328.0,0.9818058,,6.1381073,5.988950440522342,0.3025,0.0,363.63,,283.8856151453688,22837611000.0,3565808000.0,0.20566,2408421000.0,0.10413,0.16957001,0.5180012700974947,11485347000.0,10473619000.0,16823114000.0,3603528000.0,5484345000.0,499110000.0,5687144000.0,0.42054411886193815
ヤマックス,5285,ガラス・土石製品,スタンダード（内国株式）,JP,2025-03-31,熊本県,12281316352.0,1.2085532,,5.928872,12.784683796741742,0.3089,0.0,213.7,,134.654313298038,23469480000.0,2738307000.0,0.07966,1969549000.0,0.07916,0.22047001,0.48097704833195454,9317233000.0,8023484000.0,11116994000.0,1909710000.0,2265036000.0,378924000.0,2065007800.0,0.16814222032996615
イトーヨーギョー,5287,ガラス・土石製品,スタンダード（内国株式）,JP,2025-03-31,大阪府,2638990592.0,0.86821735,,8.216157,15.963368794412327,0.2022,0.0,108.81,,34.538042249099846,3402547000.0,201648000.0,0.02574,349034000.0,-0.05466,-0.04126,0.6308006973047278,2163399000.0,1518874000.0,2535577000.0,993490000.0,830450000.0,139045000.0,469509500.0,0.1779125327022007
アジアパイルホールディングス,5288,ガラス・土石製品,プライム（内国株式）,JP,2025-03-31,東京都,61665775616.0,1.181382,14.67815,11.778829,7.529311140271392,0.3385,0.0,137.45,110.3,100.31791142571653,100803000000.0,4333000000.0,0.085839994,2346000000.0,0.06547,0.14948,0.46950048770470765,48085000000.0,40141000000.0,64862000000.0,17561000000.0,20138000000.0,4174000000.0,19698800000.0,0.31944461580547906
ベルテクスコーポレーション,5290,ガラス・土石製品,スタンダード（内国株式）,JP,2025-03-31,東京都,73517432832.0,1.7063401,8.305463,7.2608547,11.05498764179142,0.1706,0.0,205.21,179.4,70.8149998100809,38918012000.0,6285650000.0,0.15061,4826177000.0,0.22173999,0.25481,0.7043927113617972,15332239000.0,11960255000.0,34690168000.0,3910003000.0,17323157000.0,1540362000.0,20436182400.0,0.27797736690153746
東海カーボン,5301,ガラス・土石製品,プライム（内国株式）,JP,2025-12-31,東京都,358263390208.0,1.1309602,19.172762,17.841574,-3.3599185717902027,0.319,0.017830608,94.05,87.52,-264.7634819793846,322960000000.0,25850000000.0,0.07764,20078000000.0,0.05764,0.067150004,0.4794264742866695,311190000000.0,126726000000.0,258828000000.0,207341000000.0,90156000000.0,40257000000.0,-24182100000.0,-0.06749810519562267
日本カーボン,5302,ガラス・土石製品,プライム（内国株式）,JP,2025-12-31,東京都,52231503872.0,0.97967786,10.515259,10.880011,11.367260971577673,0.4578,0.04223865,437.04,452.2,369.0300030984765,37735000000.0,4809000000.0,0.119449995,4830000000.0,0.12002,0.083500005,0.6353802843225437,22001000000.0,18639000000.0,49082000000.0,10331000000.0,15180000000.0,10197000000.0,34218900000.0,0.6551390916075823
ＳＥＣカーボン,5304,ガラス・土石製品,スタンダード（内国株式）,JP,2025-03-31,兵庫県,53026017280.0,0.6832108,6.579602,,6.726057912050974,0.5237,0.0,-3.66,402.0,359.1599996043778,31179000000.0,6823000000.0,0.13364,5750000000.0,-0.0029499999,-0.00096000003,0.9065298851280791,7595000000.0,3446000000.0,45824000000.0,9000000.0,17420000000.0,17724000000.0,50635800000.0,0.9549236883588931
東洋炭素,5310,ガラス・土石製品,プライム（内国株式）,JP,2025-12-31,大阪府,159808290816.0,1.6681275,16.617962,29.278412,8.746968022055997,0.5565,0.01883117,260.26,458.54,474.9500110344812,46189000000.0,6759000000.0,0.059759997,5464000000.0,0.10592,0.05131,0.8267665117541301,20367000000.0,14642000000.0,63045000000.0,5675000000.0,15263000000.0,795000000.0,43234500000.0,0.270539781004099
ノリタケ,5331,ガラス・土石製品,プライム（内国株式）,JP,2025-03-31,愛知県,203208081408.0,1.2727875,7.7341704,14.503277,9.900607648388714,0.3534,0.0,254.77,477.75,198.2270489856335,138182000000.0,10214000000.0,0.08947,12939000000.0,0.099209994,0.08904,0.7562628585259591,47451000000.0,37072000000.0,90406000000.0,6201000000.0,16609000000.0,42879000000.0,72970300000.0,0.3590915257621603
ＴＯＴＯ,5332,ガラス・土石製品,プライム（内国株式）,JP,2025-03-31,福岡県,1198575452160.0,2.2690997,29.873377,30.012352,54.24797525812133,0.45279998,0.015714286,242.9,244.03,71.68000012064483,,,0.07008,,0.05459,0.071830004,0.6416741612238981,283522000000.0,230782000000.0,374570000000.0,67873000000.0,122750000000.0,67536000000.0,138323200000.0,0.11540633487088553
ＮＧＫ,5333,ガラス・土石製品,プライム（内国株式）,JP,2025-03-31,愛知県,1745510596608.0,2.156987,30.418003,29.47261,14.390321293287395,0.38830003,0.012626262,205.92,199.52,133.41999986717866,619513000000.0,81241000000.0,0.116409995,54933000000.0,0.08944,0.078099996,0.6304355433924825,415482000000.0,178912000000.0,668874000000.0,252241000000.0,197974000000.0,68892000000.0,301616400000.0,0.1727955135798788
日本特殊陶業,5334,ガラス・土石製品,プライム（内国株式）,JP,2025-03-31,愛知県,1937826119680.0,2.5326083,20.416452,17.347206,11.395851389743937,0.35939997,0.021258945,570.87,485.05,409.47000077092093,652993000000.0,128595000000.0,0.13088,92625000000.0,0.15439,0.16108999,0.6807226484056971,316244000000.0,153648000000.0,588518000000.0,156683000000.0,208192000000.0,93082000000.0,337431400000.0,0.17412883259914014
ダントーホールディングス,5337,ガラス・土石製品,スタンダード（内国株式）,JP,2025-12-31,大阪府,23721750528.0,2.8890226,,31.979258,299.80533333333335,0.0,0.0,23.14,,1.0273332918249174,4915000000.0,-664000000.0,-0.26264,740000000.0,0.059770003,-0.00449,0.7698821796759941,2227000000.0,1073000000.0,4520000000.0,13000000.0,1722000000.0,4641000000.0,5541700000.0,0.23361260769768433
ＡＳＡＨＩ　ＥＩＴＯホールディングス,5341,ガラス・土石製品,スタンダード（内国株式）,JP,2025-11-30,大阪府,1691646720.0,1.361303,,,-5.995768664061563,0.0,0.0,-57.4,,-74.55257616580558,4336907000.0,-272306000.0,-0.04887,-340786000.0,-0.08051,-0.2936,0.4014471064671335,1531850000.0,728606000.0,1737986000.0,686748000.0,525088000.0,3220000.0,208390000.0,0.1231876594186285
ＭＡＲＵＷＡ,5344,ガラス・土石製品,プライム（内国株式）,JP,2026-03-31,愛知県,909819772928.0,6.1782384,38.3009,50.153736,20.136744253324228,0.069299996,0.0013391098,1470.08,1925.02,1559.432263569176,74476000000.0,24976000000.0,0.35202998,18163000000.0,0.24388,0.13204001,0.9051576301086108,15430000000.0,14856000000.0,103175000000.0,,67185000000.0,110000000.0,87822000000.0,0.0965268096090828
品川リフラ,5351,ガラス・土石製品,プライム（内国株式）,JP,2025-03-31,東京都,87889387520.0,0.8218617,8.255465,3.3705506,7.784499528979602,0.1575,0.0,571.42,233.3,214.47459613334635,,,0.09769,,0.14668,0.25004998,0.45589455674285656,101387000000.0,57957000000.0,106964000000.0,61916000000.0,23024000000.0,9222000000.0,12032400000.0,0.1369039009091049
日本坩堝,5355,ガラス・土石製品,スタンダード（内国株式）,JP,2025-03-31,東京都,4339410432.0,0.70247984,,10.168172,13.35607855351221,0.2802,0.0,64.22,,43.006161910208725,9784442000.0,492225000.0,0.034930002,369278000.0,0.04168,0.07231,0.49885719235166354,5635407000.0,3880307000.0,6729889000.0,1971731000.0,1820729000.0,1172919000.0,1915525300.0,0.4414252419808904
美濃窯業,5356,ガラス・土石製品,スタンダード（内国株式）,JP,2025-03-31,愛知県,12653445120.0,0.82765895,,10.119829,6.917186569146228,0.3445,0.0,121.84,,118.72750673006243,,,0.12272,,0.07738,0.08257,0.6799395498389269,6828997000.0,5174479000.0,12939781000.0,1470000000.0,4176272000.0,2177854000.0,7635281800.0,0.6034152539162394
ヨータイ,5357,ガラス・土石製品,プライム（内国株式）,JP,2025-03-31,大阪府,31656067072.0,0.91934437,11.79945,12.785592,11.522397442227804,0.6699,0.0,134.37,145.6,141.65596324701747,,,0.13392,,0.083450004,0.0733,0.7962633713405382,8430453000.0,6707692000.0,29584180000.0,170090000.0,6412094000.0,3085052000.0,23313263400.0,0.7364548270312686
東京窯業,5363,ガラス・土石製品,スタンダード（内国株式）,JP,2025-03-31,東京都,31146754048.0,0.6889347,,8.324427,6.664841201972058,0.3005,0.0,84.21,,70.6462410002934,,,0.11812,,0.11879,0.080979995,0.6913376531231596,11798096000.0,7712746000.0,36309679000.0,3366712000.0,15865371000.0,12379783000.0,33177431100.0,1.0651970683324028
ニッカトー,5367,ガラス・土石製品,スタンダード（内国株式）,JP,2025-03-31,大阪府,11943299072.0,0.9101237,11.352273,15.381063,9.386198097874404,0.3236,0.020467836,64.95,88.0,58.80894104829013,10076577000.0,637832000.0,0.08737001,503567000.0,0.04997,0.03846,0.7657500165694834,4011497000.0,3496139000.0,10091569000.0,724348000.0,3642551000.0,1942612000.0,7439900400.0,0.622935116599582
日本インシュレーション,5368,ガラス・土石製品,スタンダード（内国株式）,JP,2025-03-31,大阪府,7930540032.0,0.5358555,,6.731901,8.267129023624925,0.2942,0.0,135.92,,112.70767859503911,12222902000.0,1027449000.0,0.11761,776607000.0,0.08178,0.082609996,0.7691157987836896,4112031000.0,2971755000.0,11543141000.0,1022822000.0,6033596000.0,662158000.0,7894620600.0,0.9954707457682499
新東,5380,ガラス・土石製品,スタンダード（内国株式）,JP,2024-06-30,愛知県,834897216.0,0.2522948,,93.79968,-18.31979249162383,2.9785998,0.03130217,12.58,,-93.17821782178218,,,-0.04355,,0.01434,0.03866,0.5286336442091949,2884418000.0,2394488000.0,2436713000.0,1870859000.0,276180000.0,116916000.0,-365863800.0,-0.43821418132504586
マイポックス,5381,ガラス・土石製品,スタンダード（内国株式）,JP,2025-03-31,栃木県,14182590464.0,1.585134,,28.137093,-19.96715461508183,0.2761,0.0,36.18,,-28.699479073614,11172060000.0,942233000.0,0.06101,911878000.0,0.04188,0.05802,0.531246131824654,7467851000.0,5438877000.0,8465435000.0,5339792000.0,2407687000.0,162560000.0,1111376000.0,0.07836198914584974
フジミインコーポレーテッド,5384,ガラス・土石製品,プライム（内国株式）,JP,2025-03-31,愛知県,284492791808.0,3.3920672,7.8335648,31.400967,15.307318547045508,0.6142,0.0,122.13,489.56,127.09999956455982,,,0.18544,,0.13053,0.11294,0.8373080476965724,14014000000.0,12471000000.0,56128000000.0,,27857000000.0,3511000000.0,44571700000.0,0.15667075329655727
クニミネ工業,5388,ガラス・土石製品,スタンダード（内国株式）,JP,2025-03-31,東京都,14955016192.0,0.6715626,,11.1545105,11.68845816554417,0.36330003,0.0,110.09,,83.64268741760597,15707623000.0,1280713000.0,0.12682,1078078000.0,0.07848,0.061550003,0.8338671871583432,3487549000.0,2243932000.0,17399744000.0,54358000.0,8299227000.0,1631810000.0,15054462000.0,1.0066496623422714
エーアンドエーマテリアル,5391,ガラス・土石製品,スタンダード（内国株式）,JP,2025-03-31,東京都,7984889856.0,0.59039146,,6.3735876,3.5420685176631985,0.2649,0.0,226.56,,352.44294935855777,43421000000.0,1917000000.0,0.05664,-120000000.0,0.037219997,0.09498,0.4567671474398217,22184000000.0,13260000000.0,18620000000.0,4563000000.0,665000000.0,692000000.0,-3079600000.0,-0.38567845712811294
ニチアス,5393,ガラス・土石製品,プライム（内国株式）,JP,2025-03-31,東京都,657462067200.0,2.9351928,7.439502,21.014141,9.493788901717718,0.33009997,0.0,165.46,467.37,135.5333330913664,256512000000.0,39733000000.0,0.17495,32073000000.0,0.12558,0.13928,0.7452809952809952,72612000000.0,59774000000.0,190047000000.0,11041000000.0,59678000000.0,13834000000.0,127118800000.0,0.19334773265532057
日本製鉄,5401,鉄鋼,プライム（内国株式）,JP,2025-03-31,,2943448776704.0,0.532226,1.0093552,171.18541,5.807741473179134,21.9512,0.043049328,3.29,557.98,105.59199999340967,8695526000000.0,556336000000.0,0.040999997,350227000000.0,0.00171,0.0075,0.4919654249529676,5039078000000.0,2335493000000.0,4548503000000.0,2507492000000.0,672526000000.0,461378000000.0,-167610400000.0,-0.056943542325776746
神戸製鋼所,5406,鉄鋼,プライム（内国株式）,JP,2025-03-31,兵庫県,777262923776.0,0.6162292,7.1211185,8.262222,6.67585343664121,0.3364,0.04069176,237.89,276.01,277.38545873476056,2555031000000.0,158723000000.0,0.04971,120180000000.0,0.03846,0.07621,0.4018591150006589,1653995000000.0,914551000000.0,1416256000000.0,886331000000.0,220122000000.0,214144000000.0,-87838200000.0,-0.11300963588135095
中山製鋼所,5408,鉄鋼,プライム（内国株式）,JP,2025-03-31,大阪府,35673767936.0,0.32683843,,14.480635,5.290117446817156,0.3081,0.02153846,45.44,,164.43213296398892,169329000000.0,8437000000.0,0.04039,5695000000.0,0.0166,0.0228,0.7161209000455923,42340000000.0,26941000000.0,92524000000.0,9061000000.0,15346000000.0,3193000000.0,52419100000.0,1.4694018331352527
合同製鐵,5410,鉄鋼,プライム（内国株式）,JP,2025-03-31,大阪府,39557910528.0,0.27510938,,4.913715,,0.32689998,0.0,550.5,,,,,0.03959,,0.04198,0.05781,0.5284015124390637,119410000000.0,73373000000.0,129800000000.0,64417000000.0,28400000000.0,26730000000.0,29101000000.0,0.7356556403402966
ＪＦＥホールディングス,5411,鉄鋼,プライム（内国株式）,JP,2025-03-31,東京都,1066482532352.0,0.4071267,5.274998,15.883467,7.225102726004366,0.7585,0.048735913,105.55,317.82,314.74354477683323,4859647000000.0,87636000000.0,0.00279,91868000000.0,0.01546,0.028110001,0.4479002457133842,3060770000000.0,1473713000000.0,2368785000000.0,1766450000000.0,172841000000.0,190524000000.0,-558618200000.0,-0.5237949830908475
東京製鐵,5423,鉄鋼,プライム（内国株式）,JP,2025-03-31,東京都,175001829376.0,0.7913978,9.120539,15.174683,6.150016560279515,0.44419998,0.029069768,112.49,187.16,253.51000000743537,326775000000.0,30106000000.0,-0.01437,21203000000.0,0.043109998,0.05362,0.716502885931468,83057000000.0,66107000000.0,164153000000.0,39000000.0,21111000000.0,25392000000.0,98870400000.0,0.5649678083511465
ビタブリッドジャパン,542A,化学,グロース（内国株式）,JP,2025-02-28,東京都,5465600000.0,,,7.9278693,,0.0,0.0,123.11,,,12622305000.0,700913000.0,0.0,459729000.0,0.0,,0.3993723296259194,3046437000.0,2735983000.0,4732307000.0,2017177000.0,2005195000.0,,1685870000.0,0.30845103922716627
ＡＲＣＨＩＯＮ,543A,輸送用機器,プライム（内国株式）,JP,2025-03-31,東京都,1014422437888.0,0.8168883,,8.673109,,0.0,0.0,42.43,,,1697229000000.0,57497000000.0,0.12545,-217753000000.0,0.05392,0.22992,0.1207349578535767,1227160000000.0,1021370000000.0,836177000000.0,422471000000.0,193603000000.0,102776000000.0,-319039800000.0,-0.3145038872210203
共英製鋼,5440,鉄鋼,プライム（内国株式）,JP,2025-03-31,大阪府,79486377984.0,0.37553415,7.3095675,8.058688,6.80012187032361,0.39650002,0.04936917,226.96,250.22,318.12999754419104,322849000000.0,15333000000.0,0.03878,10791000000.0,0.0313,0.0517,0.5753199859421588,143670000000.0,103259000000.0,211297000000.0,83550000000.0,64495000000.0,17526000000.0,79895200000.0,1.0051432965794755
大和工業,5444,鉄鋼,プライム（内国株式）,JP,2025-03-31,兵庫県,683230625792.0,1.2617954,12.984801,11.1625,15.682901697687887,0.39040002,0.03508772,1024.86,881.03,502.51000059307324,,,0.02544,,0.38898998,0.10795,0.8480412361726042,54543000000.0,25265000000.0,310115000000.0,1956000000.0,224968000000.0,74427000000.0,307670900000.0,0.45031778199835276
東京鐵鋼,5445,鉄鋼,プライム（内国株式）,JP,2025-03-31,東京都,46433882112.0,0.7549196,7.1218,5.8173065,1.7584680458881605,0.3169,0.0,315.61,257.8,884.9005471416265,82593000000.0,14679000000.0,0.14781,10853000000.0,0.11132,0.13113,0.7345501987765702,21536000000.0,15586000000.0,40591000000.0,5077000000.0,14171000000.0,8378000000.0,24919600000.0,0.5366684598951501
北越メタル,5446,鉄鋼,スタンダード（内国株式）,JP,2025-03-31,新潟県,4749089792.0,0.26512435,,,11.847237063872718,0.3884,0.0,-87.99,,121.64243031643093,28729754000.0,668152000.0,-0.024149999,572167000.0,-0.01437,-0.01899,0.6666932071271365,8895562000.0,6417464000.0,12994099000.0,2709759000.0,2238345000.0,2199120000.0,5637921000.0,1.1871582233499283
大阪製鐵,5449,鉄鋼,スタンダード（内国株式）,JP,2025-03-31,大阪府,80181690368.0,0.71997255,,,35.74873395103811,0.0,0.0,-699.68,,82.94000017066055,,,-0.00043000001,,-0.22016001,-0.15451,0.7665675602624272,45277000000.0,40379000000.0,108890000000.0,18269000000.0,9954000000.0,553000000.0,64000100000.0,0.7981884605608418
ＧＭＳグループ,544A,機械,プライム（内国株式）,JP,,東京都,27138379776.0,,,,,,0.0,,,,,,0.0,,0.0,,,,,,,,,,
ヨドコウ,5451,鉄鋼,プライム（内国株式）,JP,2025-03-31,大阪府,177766645760.0,0.8806028,,10.310735,2.2965071009989275,0.7564,0.0,120.36,,465.95999806422424,,,0.05094,,0.08908,0.08249,0.7372282937757326,49138000000.0,29759000000.0,159857000000.0,1011000000.0,58090000000.0,40961000000.0,139391700000.0,0.7841274126766761
高砂鐵工,5458,鉄鋼,スタンダード（内国株式）,JP,2025-03-31,東京都,3752673792.0,0.736974,,10.363983,10.548431205613879,0.33169997,0.0,120.61,,77.94260825945162,12100000000.0,512000000.0,0.085489996,333000000.0,0.02989,0.07367,0.5235463188149458,4310000000.0,3340000000.0,7270000000.0,,1363000000.0,22000000.0,2975400000.0,0.7928746714790391
トランヴィア,545A,情報・通信業,プライム（内国株式）,JP,,東京都,34468745216.0,,,,,,0.0,,,,,,0.0,,0.0,,,,,,,,,,
中部鋼鈑,5461,鉄鋼,プライム（内国株式）,JP,2025-03-31,愛知県,55212113920.0,0.7365173,6.4780674,43.37093,9.293343357958689,2.2089999,0.0,46.99,314.6,259.31436815725715,51047000000.0,2709000000.0,0.01308,1731000000.0,0.02495,0.0172,0.8901791521314965,8544000000.0,7543000000.0,46579000000.0,,17441000000.0,12325000000.0,46662500000.0,0.8451496725449051
丸一鋼管,5463,鉄鋼,プライム（内国株式）,JP,2025-03-31,大阪府,396528320512.0,1.1416674,6.494024,15.2000675,11.454287655321993,0.3802,0.0,117.96,276.1,109.18333354315924,261649000000.0,22918000000.0,0.1378,27033000000.0,0.10943,0.07755,0.8090613061926444,65908000000.0,51070000000.0,226582000000.0,5016000000.0,100242000000.0,66631000000.0,207315700000.0,0.5228269691615283
モリ工業,5464,鉄鋼,スタンダード（内国株式）,JP,2025-03-31,大阪府,36647067648.0,0.62658143,,10.921231,9.940039059083166,0.4074,0.0,88.36,,116.40311539968911,46141000000.0,5397000000.0,0.098629996,4128000000.0,0.07757,0.05885,0.7948369176140432,14272000000.0,11049000000.0,43053000000.0,2018000000.0,15976000000.0,7068000000.0,33728600000.0,0.9203628602421271
ＭＩＲＡＩＮＩホールディングス,546A,卸売業,プライム（内国株式）,JP,,東京都,68515278848.0,,,,,,0.0,,,,,,0.0,,0.0,,,,,,,,,,
大同特殊鋼,5471,鉄鋼,プライム（内国株式）,JP,2025-03-31,愛知県,386517270528.0,0.8179126,13.1502,11.953768,11.423421501520876,0.303,0.0,161.79,147.07,143.36453406350478,574945000000.0,39408000000.0,0.07362,28314000000.0,0.056399997,0.070989996,0.5482659705175396,313830000000.0,182259000000.0,416999000000.0,176846000000.0,61218000000.0,54454000000.0,141286800000.0,0.3655381292716775
ムニノバホールディングス,547A,その他金融業,プライム（内国株式）,JP,2025-03-31,京都府,207405465600.0,0.8757045,,7.4118457,,0.119799994,0.0,58.42,,,189050000000.0,25304000000.0,-0.04947,22516000000.0,0.12633,0.11686,0.15045106807203004,1227057000000.0,789470000000.0,1336938000000.0,789616000000.0,60608000000.0,8247000000.0,115653900000.0,0.5576222384758601
日本冶金工業,5480,鉄鋼,プライム（内国株式）,JP,2025-03-31,東京都,62897446912.0,0.622074,3.8080862,6.771066,4.676390083769121,0.3132,0.0,670.5,1192.2,933.6499414963178,172097000000.0,16967000000.0,0.06735,11579000000.0,0.04782,0.07295,0.4433576595343533,120856000000.0,74154000000.0,101735000000.0,79613000000.0,9516000000.0,6052000000.0,-14884600000.0,-0.23664871518274957
愛知製鋼,5482,鉄鋼,プライム（内国株式）,JP,2025-03-31,愛知県,181238087680.0,0.76982486,6.9660435,16.587566,10.61997022046465,0.4045,0.024176594,170.67,406.4,83.507500450406,299287000000.0,12018000000.0,0.03788,7821000000.0,0.036960002,0.05264,0.5797486895813909,156665000000.0,69741000000.0,157789000000.0,64569000000.0,36275000000.0,61607000000.0,44248900000.0,0.24414790823729796
東北特殊鋼,5484,鉄鋼,スタンダード（内国株式）,JP,2025-03-31,宮城県,33239222272.0,1.1280917,,26.041668,15.532144274249008,0.087299995,0.0,171.84,,134.20247144454785,,,0.09137999,,0.06091,0.044439998,0.8204404864289813,6110625000.0,3955531000.0,17413177000.0,,8104140000.0,6389909000.0,15775488300.0,0.4746046153218491
システムエグゼ,548A,情報・通信業,スタンダード（内国株式）,JP,2025-03-31,東京都,4930427904.0,0.78209776,,9.431318,,0.0,0.0,99.88,,,11605945000.0,645043000.0,0.06916,482671000.0,0.04875,0.1089,0.7017259245181071,2248957000.0,2094695000.0,6780727000.0,144928000.0,3450712000.0,52546000.0,4568552200.0,0.9266035907945405
日本金属,5491,鉄鋼,スタンダード（内国株式）,JP,2025-03-31,東京都,5861989888.0,0.20080127,2.5649717,28.076685,3.680284684086772,0.1546,0.0,32.34,354.0,230.80370481027785,51298000000.0,-188000000.0,0.04873,703000000.0,0.00429,0.0074699996,0.3985149577235074,42042000000.0,28987000000.0,38693000000.0,21506000000.0,12013000000.0,2881000000.0,-1332300000.0,-0.22727777178997413
ヒトトヒトホールディングス,549A,サービス業,スタンダード（内国株式）,JP,2025-03-31,東京都,6369999872.0,2.2187438,,11.527742,,0.0,0.0,39.47,,,16803000000.0,705000000.0,-0.04408,342000000.0,0.0318,0.25088,0.19883720930232557,8957000000.0,3592000000.0,3439000000.0,6595000000.0,1495000000.0,212000000.0,-5369600000.0,-0.8429513513183317
ソフトテックス,550A,情報・通信業,スタンダード（内国株式）,JP,2025-03-31,愛知県,1733603968.0,,,8.120307,,0.0,0.0,243.71,,,3565000000.0,285500000.0,0.0,210985000.0,0.0,,0.631083065296511,713302000.0,575121000.0,1687726000.0,3412000.0,963394000.0,,974424000.0,0.5620799317413653
ｐｒｏｐｅｒｔｙ　ｔｅｃｈｎｏｌｏｇｉｅｓ,5527,不動産業,グロース（内国株式）,JP,2025-11-30,東京都,7622615040.0,0.9233931,,6.999085,6.816439076780398,0.286,0.040257648,87.44,,51.31999819449882,50909668000.0,2041740000.0,0.03534,1082336000.0,0.02002,0.13243,0.19258547645057633,35179226000.0,32246071000.0,40469594000.0,31168547000.0,4901929000.0,183345000.0,5418709500.0,0.7108727741811818
リアルゲイト,5532,不動産業,グロース（内国株式）,JP,2025-09-30,東京都,23175854080.0,5.686223,,35.097713,13.892216211668702,0.0,0.0,114.11,,66.7999969090987,9791998000.0,1043180000.0,0.07375,559220000.0,0.07435,0.18462999,0.15761336658275307,17913125000.0,3901427000.0,4472266000.0,13940572000.0,947147000.0,,-13440859000.0,-0.5799509676581464
エリッツホールディングス,5533,不動産業,スタンダード（内国株式）,JP,2025-09-30,京都府,6734037504.0,1.2140034,,8.887755,8.949992885400203,0.3154,0.035940804,215.69,,185.49998106148772,6385724000.0,1021984000.0,0.24774,699290000.0,0.11423001,0.14522,0.5560276387481027,4240610000.0,2027950000.0,5723715000.0,1789252000.0,4572519000.0,106311000.0,1557522700.0,0.231291064101564
ミガロホールディングス,5535,不動産業,プライム（内国株式）,JP,2025-03-31,東京都,17233602560.0,1.1371254,,11.571675,3.679988215731281,0.3669,0.0,23.16,,76.29836922007084,51709146000.0,2713201000.0,0.109510005,1390779000.0,0.02493,0.109960005,0.20506575208415354,43232740000.0,23584616000.0,52457148000.0,38382056000.0,6895216000.0,232355000.0,9387056500.0,0.5446949624907678
ＡｌｂａＬｉｎｋ,5537,不動産業,グロース（内国株式）,JP,2025-12-31,東京都,20647223296.0,10.012938,,22.207552,22.72532176823803,0.0,0.0,113.61,,46.6000002464259,8191248000.0,1311447000.0,0.03694,981647000.0,0.100810006,0.49472,0.38327037499546135,3244218000.0,1587005000.0,4589842000.0,2210742000.0,3507608000.0,,1345624000.0,0.06517215320961287
大平洋金属,5541,鉄鋼,プライム（内国株式）,JP,2025-03-31,青森県,39887314944.0,0.6355372,-55.951218,15.697277,-19.56485036668252,0.92440003,0.0,146.14,-41.0,-85.52000162523915,,,0.09425,,0.27725,0.039690003,0.9386308238735288,4139000000.0,1230000000.0,38510000000.0,,23874000000.0,24873000000.0,51782100000.0,1.2982097208774204
新報国マテリアル,5542,鉄鋼,スタンダード（内国株式）,JP,2025-12-31,,5378073600.0,1.9821508,,13.435318,7.823610300454159,0.4155,0.012437811,60.14,,85.68715833550617,5539581000.0,466300000.0,0.1007,401136000.0,0.1232,0.27445,0.7516144866146147,1918869000.0,812014000.0,6088650000.0,1106068000.0,3314462000.0,83589000.0,4228293300.0,0.7862096383359276
バトンズ,554A,情報・通信業,グロース（内国株式）,JP,2025-03-31,東京都,5685429248.0,,,139.14027,,0.0,0.0,8.84,,,1379603000.0,51917000.0,0.0,41053000.0,0.0,,0.6445960490176285,244691000.0,244690000.0,519766000.0,,323705000.0,,275075000.0,0.04838245064728664
新日本電工,5563,鉄鋼,プライム（内国株式）,JP,2025-12-31,東京都,65762836480.0,0.9174392,11.481482,49.114635,11.948331125989434,1.028,0.020715632,10.73,45.9,22.91000008314348,77277000000.0,5164000000.0,0.10298,1418000000.0,0.02527,0.026889998,0.7603142997837583,22390000000.0,13981000000.0,44419000000.0,13825000000.0,6024000000.0,19154000000.0,35436800000.0,0.5388575356048876
犬猫生活,556A,小売業,グロース（内国株式）,JP,2025-04-30,東京都,9025200128.0,,,43.41807,,0.0,0.0,79.46,,,2901938000.0,92327000.0,0.0,207611000.0,0.0,,0.41325226661318937,514948000.0,407531000.0,721724000.0,169598000.0,243441000.0,,206776000.0,0.02291096009699476
ジェノバ,5570,情報・通信業,グロース（内国株式）,JP,2025-09-30,東京都,8852207616.0,2.5077028,,17.127495,20.15933913698015,0.1535,0.0,39.06,,31.12000042835247,1366994000.0,773995000.0,0.53488,542549000.0,0.39528,0.16904,0.8820040016804511,444894000.0,390765000.0,3232020000.0,,3095522000.0,391816000.0,3061397200.0,0.3458343198443122
エキサイトホールディングス,5571,情報・通信業,スタンダード（内国株式）,JP,2025-03-31,,4866138112.0,1.3546729,,19.940945,12.637663640680646,0.6195,0.0,50.8,,79.68000611833847,9091963000.0,465847000.0,0.09252,184120000.0,0.02343,0.06771,0.33844989911600604,6707422000.0,2715357000.0,5083337000.0,5252463000.0,2695708000.0,,-1624085000.0,-0.3337523437723586
Ｒｉｄｇｅ－ｉ,5572,情報・通信業,グロース（内国株式）,JP,2024-07-31,東京都,10114931712.0,3.0041382,,67.68697,76.17955721998078,0.0,0.0,34.63,,30.51999886644375,,,0.17103,,0.062069997,,0.6979401477641505,602900000.0,532241000.0,2468340000.0,,2116037000.0,,1865440000.0,0.1844243790382596
ＡＢＥＪＡ,5574,情報・通信業,グロース（内国株式）,JP,2025-08-31,東京都,22733893632.0,4.6453834,48.993576,44.076286,94.34410615329747,0.0,0.0,51.91,46.7,21.04000006926369,3585409000.0,445887000.0,0.14397,448268000.0,0.13078,0.11931,0.840840107901697,846440000.0,846438000.0,5104545000.0,,4586017000.0,,4258105000.0,0.18730205520124077
Ｇｌｏｂｅｅ,5575,情報・通信業,グロース（内国株式）,JP,2025-05-31,東京都,3177494784.0,2.9976606,,12.156788,31.893235740170876,0.0,0.0,52.81,,44.21000150273387,1637523000.0,411481000.0,0.21183,281636000.0,0.14168,0.2832,0.4019892568009656,1341728000.0,1309350000.0,1831171000.0,107807000.0,1151883000.0,,489443000.0,0.15403424183874287
オービーシステム,5576,情報・通信業,スタンダード（内国株式）,JP,2025-03-31,大阪府,6698393088.0,1.1755693,,11.100404,11.381095973947987,0.4047,0.03565365,259.45,,210.5715834289104,,,0.10305,,0.06921,0.110810004,0.7902371928193591,1357424000.0,1051993000.0,3937021000.0,,2638514000.0,2011747000.0,3987819900.0,0.5953397848722968
ＡＲアドバンストテクノロジ,5578,情報・通信業,グロース（内国株式）,JP,2025-08-31,東京都,8629983232.0,3.6184359,,12.97935,18.677391740119802,0.098400004,0.007424276,67.8,,26.010001153928496,14152706000.0,829272000.0,0.083170004,445412000.0,0.043959998,0.32412,0.31406218093577926,4593913000.0,4075685000.0,5023198000.0,1531449000.0,2912067000.0,,429285000.0,0.04974343384680171
プロディライト,5580,情報・通信業,グロース（内国株式）,JP,2025-08-31,大阪府,2489009152.0,2.6591969,,36.82769,10.617653223031194,0.0,0.0,40.16,,87.58997684937555,2834772000.0,178604000.0,-0.017239999,118921000.0,0.023039998,,0.5574527680108536,758075000.0,618235000.0,1292812000.0,216428000.0,793559000.0,,534737000.0,0.21483930646471164
グリッド,5582,情報・通信業,グロース（内国株式）,JP,2024-06-30,東京都,9648252928.0,2.3171296,23.801653,23.793224,32.55242243362865,0.0,0.0,84.73,84.7,77.25999517018589,,,0.05189,,0.12445,0.0779,0.887072813755099,463173000.0,457350000.0,3746706000.0,71630000.0,2900488000.0,,3283533000.0,0.34032410059140605
Ｌａｂｏｒｏ．ＡＩ,5586,情報・通信業,グロース（内国株式）,JP,2025-09-30,東京都,12742462464.0,4.7060623,,82.96989,121.02065809291393,0.0,0.0,9.63,,8.229999866926176,1900339000.0,191437000.0,0.1408,146802000.0,0.07684,,0.9056716243898225,265376000.0,265374000.0,2623661000.0,1336000.0,2048825000.0,,2358285000.0,0.1850729407022093
インバウンドプラットフォーム,5587,情報・通信業,グロース（内国株式）,JP,2025-09-30,東京都,2821739264.0,1.7713373,,10.415075,19.63431597823009,0.0,0.0,78.54,,35.5500034110646,3006963000.0,296720000.0,0.13618,202771000.0,0.0672,0.15379,0.5246553972822056,1281909000.0,1066459000.0,1379102000.0,254938000.0,920874000.0,47958000.0,130763600.0,0.04634148933187896
ファーストアカウンティング,5588,情報・通信業,グロース（内国株式）,JP,2025-12-31,東京都,7900228096.0,5.0706983,,41.415314,48.275275791607235,0.2142,0.0,17.24,,40.03999945946676,2369766000.0,292176000.0,0.1997,202143000.0,0.08527,0.13015,0.5913687594868079,1184794000.0,1145442000.0,2129822000.0,,1769361000.0,,945028000.0,0.11962034368077061
オートサーバー,5589,情報・通信業,スタンダード（内国株式）,JP,2025-12-31,東京都,20183386112.0,1.5384862,,14.130655,8.240933517237202,0.33490002,0.023800937,197.16,,206.87999409019835,6462582000.0,2384768000.0,0.35990003,1498112000.0,0.23181,0.11979,0.6414642909054467,7284057000.0,6946087000.0,15231554000.0,2270000000.0,13626990000.0,,7947497000.0,0.39376430475532687
ＳＱＵＥＥＺＥ,558A,サービス業,グロース（内国株式）,JP,2025-12-31,北海道,,8.691936,,24.086712,,0.0,0.0,199.28,,,5367866000.0,511578000.0,0.12262,617042000.0,0.11496,0.52713,0.3440757789290004,2821847000.0,1596167000.0,3703757000.0,1485053000.0,2586953000.0,114592000.0,962124400.0,
ネットスターズ,5590,情報・通信業,グロース（内国株式）,JP,2025-12-31,東京都,13124108288.0,1.6765816,,26.82085,-338.4332877954116,0.0,0.0,28.97,,-2.2545063606782256,4788117000.0,293083000.0,0.08715,485016000.0,0.113850005,0.0773,0.19901527840855776,30721121000.0,30721118000.0,37242400000.0,,36209760000.0,,6521279000.0,0.49689311128000346
ＡＶＩＬＥＮ,5591,情報・通信業,グロース（内国株式）,JP,2025-12-31,東京都,4947199488.0,6.8143387,,29.347826,49.00483785298072,0.0,0.0,27.6,,18.590001312382434,1672557000.0,274218000.0,0.14932,174313000.0,0.08387,,0.5263234868230524,654242000.0,402489000.0,975449000.0,337250000.0,642136000.0,,321207000.0,0.06492703615027541
くすりの窓口,5592,情報・通信業,グロース（内国株式）,JP,2025-03-31,東京都,31912151040.0,2.7960021,,10.736315,15.927684746127916,0.1464,0.0,259.4,,84.00000115739546,11199409000.0,1953959000.0,0.19570999,2034965000.0,0.23942,0.30025,0.6952426302262003,3640478000.0,3125062000.0,6229037000.0,63775000.0,2104095000.0,67812000.0,2636027400.0,0.08260262358046297
ブルーイノベーション,5597,情報・通信業,グロース（内国株式）,JP,2025-12-31,東京都,7423282176.0,52.998245,,,-5.458721006589498,0.0,0.0,-160.55,,-100.20662337197462,1051466000.0,-548051000.0,-0.17381,-635461000.0,-0.56294,-1.80398,0.1463296744973883,1197462000.0,264490000.0,1388806000.0,956500000.0,988216000.0,,191344000.0,0.0257761991883629
Ｓ＆Ｊ,5599,情報・通信業,グロース（内国株式）,JP,2025-03-31,東京都,5142221312.0,2.3871348,,12.655972,25.930246410946694,0.2056,0.0,72.93,,42.39685749572966,1942927000.0,420504000.0,0.20379,309111000.0,0.1736,0.19509001,0.7406076200500867,701839000.0,701837000.0,2242543000.0,,1997944000.0,,1540704000.0,0.2996183762850851
梅乃宿酒造,559A,食料品,スタンダード（内国株式）,JP,2025-06-30,奈良県,6234757120.0,,,25.810474,,0.0,0.0,40.1,,,2684862000.0,317018000.0,0.0,241696000.0,0.0,,0.526758664949776,2868479000.0,557700000.0,2861397000.0,2478854000.0,1618184000.0,49617000.0,27649900.0,0.004434799859533261
栗本鐵工所,5602,鉄鋼,プライム（内国株式）,JP,2025-03-31,大阪府,82420523008.0,0.87334055,,12.291817,7.908976305015327,0.5216,0.0,110.48,,90.40918835027198,126669000000.0,7930000000.0,0.073359996,6905000000.0,0.0523,0.07378,0.578673336060922,62861000000.0,57236000000.0,92901000000.0,20424000000.0,15730000000.0,20151000000.0,44145700000.0,0.5356153830243843
虹技,5603,鉄鋼,スタンダード（内国株式）,JP,2025-03-31,兵庫県,4056917760.0,0.26141113,,8.61264,8.166695263036566,0.3484,0.0,143.51,,164.57632303456714,26317000000.0,1117000000.0,0.01354,798000000.0,0.0183,0.02829,0.4258171679421012,15669000000.0,12026000000.0,20297000000.0,9091000000.0,3168000000.0,3477000000.0,7061900000.0,1.7407057322256392
日本鋳造,5609,鉄鋼,スタンダード（内国株式）,JP,2025-03-31,神奈川県,4435447808.0,0.3775826,,2555.5554,7.032040360863564,62.461002,0.033039648,0.36,,135.0288756450429,14311000000.0,409000000.0,0.00936,236000000.0,0.01859,0.02227,0.5322732362821948,10442000000.0,5444000000.0,10141000000.0,3785000000.0,586000000.0,112000000.0,-222600000.0,-0.050186589863261896
日本鋳鉄管,5612,鉄鋼,スタンダード（内国株式）,JP,2025-03-31,東京都,4964100608.0,0.5021343,,54.516582,-20.111958611241086,0.8806,0.0,28.34,,-71.58378820162227,,,0.03785,,0.0057099997,0.011360001,0.4174879618379011,12585000000.0,9168000000.0,13330000000.0,5550000000.0,2908000000.0,135000000.0,839500000.0,0.1691142195319503
雨風太陽,5616,情報・通信業,グロース（内国株式）,JP,2025-12-31,岩手県,1684633216.0,5.151892,,,-15.180758686975944,0.0,0.0,-1.69,,-67.9149192249876,1027929000.0,-7222000.0,-0.077589996,-4146000.0,-0.00391,-0.01214,0.3434100882746375,661167000.0,456289000.0,864617000.0,250000000.0,458160000.0,38400000.0,230330000.0,0.13672412357325858
ナイル,5618,情報・通信業,グロース（内国株式）,JP,2025-12-31,東京都,2492745728.0,6.154884,,,-3.289561498778556,0.0,0.0,-17.88,,-82.38180076603668,6730288000.0,-105746000.0,-0.01667,-152532000.0,-0.022739999,,0.14128903072557783,2698300000.0,1563138000.0,2612211000.0,1970065000.0,1225454000.0,,-86089000.0,-0.034535812872126204
マーソ,5619,情報・通信業,グロース（内国株式）,JP,2025-12-31,東京都,3115528448.0,1.6026393,,,36.629133658072945,0.0,0.0,-6.52,,28.420000585260002,1078086000.0,-33938000.0,-0.0378,-23005000.0,-0.01654,,0.9208588768642348,167501000.0,167500000.0,1928728000.0,0.0,1675916000.0,109759000.0,1838058300.0,0.589966784344381
ヒューマンテクノロジーズ,5621,情報・通信業,グロース（内国株式）,JP,2025-03-31,東京都,12806864896.0,2.4301448,,12.597905,32.84677453541225,0.3021,0.0,105.97,,39.59444118980569,6055111000.0,930975000.0,0.15148,655353000.0,0.13554,0.20948,0.7526402999569617,1456399000.0,1456398000.0,4944986000.0,0.0,3974081000.0,845000.0,3489178500.0,0.27244595209947003
日本製鋼所,5631,機械,プライム（内国株式）,JP,2025-03-31,東京都,589401489408.0,2.774581,28.758709,30.64294,16.886888283567266,0.352,0.011160985,261.3,278.42,194.01999870852634,248556000000.0,22827000000.0,0.105629995,17961000000.0,0.07,0.09476,0.4853261060679892,203022000000.0,167637000000.0,295595000000.0,43527000000.0,75899000000.0,24629000000.0,109813300000.0,0.1863132380447451
三菱製鋼,5632,鉄鋼,プライム（内国株式）,JP,2025-03-31,東京都,32404633600.0,0.6656435,7.849817,10.603662,10.457937302078925,0.4009,0.0,202.1,273.0,155.91999793074433,,,0.04847,,0.01977,0.06825,0.307520895382463,88817000000.0,45429000000.0,83281000000.0,52352000000.0,16163000000.0,6009000000.0,-1329700000.0,-0.041034255051721986
メタルアート,5644,鉄鋼,スタンダード（内国株式）,JP,2025-03-31,滋賀県,21727436800.0,0.8703508,,8.077561,4.924204923967305,0.1597,0.0,939.64,,719.0363081099423,43954000000.0,2996000000.0,0.11135,1998000000.0,0.05946,0.10935,0.5300829172409118,17748000000.0,14673000000.0,24461000000.0,4519000000.0,9734000000.0,243000000.0,6883100000.0,0.3167930052384274
日亜鋼業,5658,鉄鋼,スタンダード（内国株式）,JP,2025-03-31,兵庫県,16177413120.0,0.30332187,,16.18705,11.847553680642624,0.45,0.0,22.24,,26.185977711012185,34126910000.0,1349455000.0,0.057010002,1065449000.0,0.03009,0.02183,0.71616854007155,16963510000.0,11729167000.0,35828607000.0,3275204000.0,11130212000.0,17628222000.0,31204852400.0,1.9289148498916495
日本精線,5659,鉄鋼,プライム（内国株式）,JP,2025-03-31,大阪府,43550777344.0,1.0183504,2.521337,20.262932,11.984861457749098,0.6005,0.028806584,69.98,562.4,105.95697273169596,,,0.078439996,,0.04607,0.04971,0.737366688139718,13981000000.0,9326000000.0,38121000000.0,272000000.0,17065000000.0,68000000.0,24187600000.0,0.555388479267462
神鋼鋼線工業,5660,鉄鋼,スタンダード（内国株式）,JP,2025-03-31,兵庫県,10814694400.0,0.4260281,,9.649863,7.657017490816432,0.3428,0.0,189.64,,153.2994923857868,34293000000.0,1169000000.0,0.01617,1034000000.0,0.033859998,0.045339998,0.5449059685578821,20061000000.0,11615000000.0,24471000000.0,10370000000.0,3330000000.0,1883000000.0,5728100000.0,0.5296589795454599
パウダーテック,5695,鉄鋼,スタンダード（内国株式）,JP,2025-03-31,,7451419136.0,0.58397216,,18.35053,22.049256165140363,0.71639997,0.0,139.56,,96.84004578523192,9136295000.0,332238000.0,0.107930005,318421000.0,0.044310004,0.03171,0.8081650953666691,3034344000.0,2006466000.0,8740409000.0,714696000.0,436841000.0,,5706065000.0,0.7657688952742331
サンユウ,5697,鉄鋼,スタンダード（内国株式）,JP,2025-03-31,大阪府,4273412096.0,0.41340917,,6.983406,8.138559322139134,0.29639998,0.0,101.24,,63.99577793108697,24444766000.0,668625000.0,0.028280001,450913000.0,0.02389,0.062979996,0.5107386427325713,8749710000.0,8168735000.0,13797018000.0,1904378000.0,3129061000.0,536076000.0,5422561200.0,1.268906690528542
エンビプロ・ホールディングス,5698,鉄鋼,スタンダード（内国株式）,JP,2025-06-30,静岡県,23883442176.0,1.3039128,15.81132,14.22992,27.177454208251437,0.2548,0.017523365,58.89,53.0,17.15999992976137,49090744000.0,972493000.0,0.081140004,1175558000.0,0.041339997,0.1003,0.5500895799805006,13989518000.0,8729063000.0,15874523000.0,7735349000.0,7007668000.0,3705560000.0,4478897000.0,0.18753146916572835
イボキン,5699,鉄鋼,スタンダード（内国株式）,JP,2025-12-31,兵庫県,5719219712.0,1.097528,11.885246,9.557289,8.03305988875046,0.1758,0.018068887,182.06,146.4,157.54497723551097,10005640000.0,643117000.0,0.10642,598469000.0,0.05151,0.10715,0.6319539873084604,2957665000.0,1358659000.0,3647206000.0,1512464000.0,1672900000.0,681546000.0,1166623200.0,0.2039829310198041
大紀アルミニウム工業所,5702,非鉄金属,プライム（内国株式）,JP,2025-03-31,大阪府,78076092416.0,1.0211375,10.170103,21.546358,57.446225259308946,0.6005,0.0,91.57,194.0,17.209999989905437,,,0.02777,,0.011109999,0.048299998,0.44743562264613124,89583000000.0,78504000000.0,127689000000.0,67267000000.0,7341000000.0,5519000000.0,41969300000.0,0.5375435514418663
日本軽金属ホールディングス,5703,非鉄金属,プライム（内国株式）,JP,2025-03-31,東京都,197091688448.0,0.79250157,13.0751,12.631745,10.345679689498517,0.3159,0.0,253.33,244.74,160.46857663936598,550180000000.0,21744000000.0,0.04435,12375000000.0,0.026630001,0.068280004,0.42830792181618094,293826000000.0,186528000000.0,304858000000.0,168828000000.0,34707000000.0,38369000000.0,37890300000.0,0.19224707190022805
ＪＭＣ,5704,非鉄金属,グロース（内国株式）,JP,2025-12-31,神奈川県,2199166208.0,1.2741436,9.145496,,48.83720562057193,0.0,0.0,-227.76,43.3,9.030000680756302,3223030000.0,103588000.0,0.13587,-1263645000.0,-0.37852,-0.51966,0.5754242980234529,1215570000.0,787872000.0,1295686000.0,749187000.0,425004000.0,,80116000.0,0.03643017053852439
三井金属,5706,非鉄金属,プライム（内国株式）,JP,2025-03-31,東京都,2963597426688.0,7.1923766,86.1209,32.454514,9.658597460693445,0.15359999,0.004558988,1596.08,601.48,454.7099988085055,712344000000.0,74743000000.0,0.27409,64662000000.0,0.12031999,0.24741,0.5039091472830515,317090000000.0,189472000000.0,370889000000.0,168136000000.0,44469000000.0,64220000000.0,98753000000.0,0.03332200220944397
東邦亜鉛,5707,非鉄金属,プライム（内国株式）,JP,2025-03-31,東京都,13618488320.0,2.1689394,-13.627718,9.876907,-0.3215147356410919,0.0,0.0,101.55,-73.6,-3421.3050851514754,126267000000.0,5626000000.0,0.11076,-1458000000.0,0.03809,0.40271,0.10151159628999284,89219000000.0,23040000000.0,74896000000.0,73527000000.0,20979000000.0,156000000.0,-14213800000.0,-1.0437134919832276
三菱マテリアル,5711,非鉄金属,プライム（内国株式）,JP,2025-03-31,東京都,688800792576.0,0.9357347,15.681433,16.970379,9.489306071749438,0.322,0.018416205,310.6,336.13,260.81283948635974,,,0.05432,,0.02201,0.06501,0.28511563583395255,1682071000000.0,1297333000000.0,1464306000000.0,593098000000.0,91605000000.0,310772000000.0,-224600000.0,-0.00032607395697097487
住友金属鉱山,5713,非鉄金属,プライム（内国株式）,JP,2025-03-31,東京都,2599441661952.0,1.2528427,23.628359,14.787454,19.824997163084554,0.35099998,0.023265306,649.74,406.63,213.27999978221064,1593348000000.0,-15889000000.0,0.13155,16487000000.0,0.10122,0.08695,0.601487247370318,1019236000000.0,503635000000.0,976294000000.0,560303000000.0,159712000000.0,760057000000.0,489097900000.0,0.18815498234060057
ＤＯＷＡホールディングス,5714,非鉄金属,プライム（内国株式）,JP,2025-03-31,東京都,641463418880.0,1.5967559,22.437157,10.330539,10.36152225237968,0.25530002,0.024609733,1049.8,483.35,467.89999885263455,678672000000.0,32226000000.0,0.08708,27128000000.0,0.08379,0.14483,0.5915042529215173,257503000000.0,201658000000.0,367039000000.0,132860000000.0,43577000000.0,76709000000.0,163232300000.0,0.25446860287840706
古河機械金属,5715,非鉄金属,プライム（内国株式）,JP,2025-03-31,東京都,131835068416.0,0.8954301,31.585083,10.314903,3.987478230442906,0.2031,0.018757327,394.09,128.7,429.2762280654968,201216000000.0,9765000000.0,0.060349997,18619000000.0,0.06053,0.091120005,0.5087726121809207,123535000000.0,53114000000.0,116759000000.0,57200000000.0,24846000000.0,19903000000.0,7156100000.0,0.054280701530940376
エスクリプトエナジー,5721,非鉄金属,スタンダード（内国株式）,JP,2025-03-31,東京都,11559439360.0,3.0953944,,,-174.182792585854,0.0,0.0,-16.02,,-0.6831903326004225,,,-0.18181999,,0.044320002,0.01839,0.9548974061169183,135606000.0,33277000.0,2912570000.0,,1761709000.0,1377000.0,2777927900.0,0.24031683661170225
アサカ理研,5724,非鉄金属,スタンダード（内国株式）,JP,2025-09-30,福島県,13966654464.0,2.5645483,,21.018337,12.395846337768349,0.121300004,0.004255319,131.98,,74.15592108715357,8685989000.0,492944000.0,0.1514,300240000.0,0.06948,0.13045,0.35677335896401446,8880625000.0,3085578000.0,7922223000.0,5514768000.0,4150929000.0,207304000.0,-813289200.0,-0.05823078118645436
大阪チタニウムテクノロジーズ,5726,非鉄金属,プライム（内国株式）,JP,2025-03-31,兵庫県,87874560000.0,1.9831333,6.5586376,34.148434,9.618355067709475,0.2571,0.0,69.93,364.1,263.29876145501794,51914000000.0,10095000000.0,0.03557,7090000000.0,0.05486,0.059120003,0.42445380232846175,58087000000.0,27999000000.0,61880000000.0,43700000000.0,4619000000.0,,3793000000.0,0.043163800763269825
東邦チタニウム,5727,非鉄金属,プライム（内国株式）,JP,2025-03-31,神奈川県,200104116224.0,3.3279152,28.733517,70.04735,21.95839618000635,0.44990003,0.006145442,40.13,97.83,69.57000034792026,88974000000.0,5880000000.0,0.06671,3726000000.0,0.034140002,0.048070002,0.4674707485173906,66449000000.0,43740000000.0,69735000000.0,53042000000.0,4599000000.0,,3286000000.0,0.016421451302488926
日本精鉱,5729,非鉄金属,スタンダード（内国株式）,JP,2025-03-31,東京都,16057300992.0,1.0330683,3.4469695,3.8076198,11.153443020926662,0.1976,0.0,430.19,475.2,51.46086999958237,25179512000.0,3598009000.0,-0.01888,2456081000.0,0.10312,0.30784,0.5699251961296528,9004714000.0,7542314000.0,14972851000.0,4003188000.0,2128680000.0,173118000.0,6089319600.0,0.3792243542693629
ＵＡＣＪ,5741,非鉄金属,プライム（内国株式）,JP,2025-03-31,東京都,608392904704.0,1.7534301,6.0231247,15.63809,8.04004408995223,0.2561,0.0,214.86,557.85,146.48997884772456,,,0.073130004,,0.032899998,0.1347,0.2996084560301689,650418000000.0,384333000000.0,479545000000.0,349553000000.0,26329000000.0,10660000000.0,-163411000000.0,-0.2685945196542093
エヌアイシ・オートテック,5742,非鉄金属,スタンダード（内国株式）,JP,2025-03-31,富山県,3737708032.0,0.9078722,3.5636363,153.81166,-6.927373015470761,9.172299,0.05882353,4.46,192.5,-110.07379205565367,6647358000.0,231618000.0,-0.07273,212061000.0,-0.04203,-0.059359998,0.46470912852468743,3944969000.0,2654442000.0,3747297000.0,1893619000.0,598750000.0,245453000.0,-25854900.0,-0.00691731397387007
日本伸銅,5753,非鉄金属,スタンダード（内国株式）,JP,2025-03-31,大阪府,5088201728.0,1.1662222,,6.8581142,7.404673285554353,0.0432,0.0,347.18,,259.5411779615402,26122000000.0,1835000000.0,-0.0055400003,964000000.0,-0.02103,-0.06956,0.7227752822629598,4567000000.0,4096000000.0,13362000000.0,1500000000.0,187000000.0,533000000.0,9168100000.0,1.8018350077491267
ＣＫサンエツ,5757,非鉄金属,プライム（内国株式）,JP,2025-03-31,富山県,38597701632.0,0.70178354,,10.811248,8.088829780640257,0.2082,0.0,432.42,,458.1189240701807,125108000000.0,10263000000.0,0.13552,5207000000.0,0.024,0.07084,0.6009083069847657,27938000000.0,25021000000.0,62961000000.0,10575000000.0,3696000000.0,1759000000.0,36254300000.0,0.9392864980836795
古河電気工業,5801,非鉄金属,プライム（内国株式）,JP,2025-03-31,東京都,3947327651840.0,9.464924,189.20287,54.561012,33.45001860697441,0.2038,0.0034918524,1028.39,296.56,92.40000056791641,1201762000000.0,47098000000.0,0.08007,33366000000.0,0.05546,0.18773001,0.34593056242249365,613681000000.0,394461000000.0,556437000000.0,318628000000.0,59967000000.0,98794000000.0,11911800000.0,0.0030176871672782106
住友電気工業,5802,非鉄金属,プライム（内国株式）,JP,2025-03-31,大阪府,9370736787456.0,3.4156966,54.35914,25.347033,11.44573692618906,0.325,0.012897822,474.02,221.03,191.9845615294857,4679789000000.0,320663000000.0,0.103369996,193771000000.0,0.07231,0.14953,0.5156653110829382,1911192000000.0,1286843000000.0,2320091000000.0,756562000000.0,295903000000.0,604733000000.0,832212100000.0,0.08880967621607178
フジクラ,5803,非鉄金属,プライム（内国株式）,JP,2025-03-31,東京都,8510088675328.0,15.186702,16.972658,54.185116,17.032152294756706,0.395,0.0070369677,94.86,302.84,55.05333334185609,,,0.14205,,0.13292,0.31511,0.49077509884897996,394977000000.0,281102000000.0,561343000000.0,163366000000.0,184991000000.0,34348000000.0,190409600000.0,0.022374572964442247
ＳＷＣＣ,5805,非鉄金属,プライム（内国株式）,JP,2025-03-31,神奈川県,423511425024.0,4.3041306,33.19791,22.471558,12.174896441857404,0.3504,0.0,636.36,430.75,297.12000350169944,237862000000.0,20939000000.0,0.10582,11400000000.0,0.06783,0.21048,0.42314131517852177,112090000000.0,98075000000.0,110518000000.0,54164000000.0,19449000000.0,6207000000.0,2772900000.0,0.00654740305965267
オーナンバ,5816,非鉄金属,スタンダード（内国株式）,JP,2025-12-31,大阪府,21680072704.0,0.7604907,,14.320212,4.304180610064264,0.32990003,0.022078622,124.23,,228.42000342833015,44441960000.0,2600495000.0,0.04858,1514728000.0,0.0346,0.056789998,0.6600410008861933,13642658000.0,10452672000.0,29241873000.0,2552075000.0,7228236000.0,,15599215000.0,0.7195185741753498
ＪＭＡＣＳ,5817,非鉄金属,スタンダード（内国株式）,JP,2025-02-28,兵庫県,6098366976.0,1.1417413,,15.23756,,0.21069999,0.00896861,71.14,,,,,0.06385,,0.01286,0.01284,0.5098714264081726,5036324000.0,2593518000.0,5498572000.0,3568696000.0,1746664000.0,213933000.0,612001100.0,0.10035491507948242
カナレ電気,5819,非鉄金属,スタンダード（内国株式）,JP,2025-12-31,愛知県,12150142976.0,0.6367145,,10.108139,9.089708295222085,0.3756,0.03685092,175.7,,152.63655420702247,13114992000.0,1582803000.0,0.1184,1200929000.0,0.08351,0.05862,0.903852038464442,2026333000.0,1700822000.0,14144179000.0,,9266101000.0,4425898000.0,15215974600.0,1.2523288516074167
三ッ星,5820,非鉄金属,スタンダード（内国株式）,JP,2025-03-31,大阪府,2759664384.0,0.35355788,,10.508221,51.38432243366479,0.2541,0.0,66.9,,35.925915165601396,10876358000.0,118376000.0,0.02279,168237000.0,0.02098,0.035380002,0.5207143793999801,6087908000.0,3462386000.0,7991076000.0,3399450000.0,2039859000.0,466748000.0,2229891600.0,0.808029995577897
平河ヒューテック,5821,非鉄金属,プライム（内国株式）,JP,2025-03-31,東京都,53010407424.0,1.187943,22.809364,32.19411,13.105979022534653,0.4439,0.012912088,105.92,149.5,97.90048212597542,30802000000.0,2268000000.0,0.09314,2026000000.0,0.042729996,0.041350003,0.8219335116545663,8388000000.0,4700000000.0,30099000000.0,2949000000.0,13778000000.0,2183000000.0,23239100000.0,0.43838750029072027
いよぎんホールディングス,5830,銀行業,プライム（内国株式）,JP,2025-03-31,愛媛県,875652251648.0,1.0073256,21.343597,12.018284,9.992440963504313,0.23629999,0.0,253.78,142.9,177.98999983342958,,,0.28963,,0.34804,0.08838,0.08720584551465861,8398864000000.0,,,696514000000.0,1120284000000.0,1853196000000.0,,
しずおかフィナンシャルグループ,5831,銀行業,プライム（内国株式）,JP,2025-03-31,静岡県,1544432648192.0,1.2537142,23.274965,17.373919,12.795575427279267,0.4772,0.027072757,167.55,125.07,104.14999991687473,221213000000.0,,0.3065,74618000000.0,0.26228002,0.075430006,0.07425729059900689,14547910000000.0,,,1375885000000.0,993913000000.0,3320412000000.0,,
ちゅうぎんフィナンシャルグループ,5832,銀行業,プライム（内国株式）,JP,,,541831462912.0,0.8729362,20.497646,13.687803,,0.404,0.028938906,222.68,148.7,,,,0.25948,,0.23977,0.068280004,,,,,,,,,
ＳＢＩリーシングサービス,5834,証券、商品先物取引業,グロース（内国株式）,JP,2025-03-31,,35659108352.0,1.3040794,,6.202811,7.672729670705895,0.3032,0.0,362.9,,220.59999486738624,41916000000.0,6729000000.0,0.11966,4388000000.0,0.09417,0.22443001,0.23795343032984487,80607000000.0,70806000000.0,94742000000.0,72402000000.0,8936000000.0,,14135000000.0,0.39639241285760346
楽天銀行,5838,銀行業,プライム（内国株式）,JP,2025-03-31,東京都,837295800320.0,2.250218,16.024849,11.473803,15.085559854512718,0.0,0.0,418.17,299.41,199.86000049564538,123549000000.0,,0.5523,50779000000.0,0.37208,0.20292,0.02049300955837349,14429525000000.0,,,2769259000000.0,4241858000000.0,4710829000000.0,,
インテグラル,5842,証券、商品先物取引業,グロース（内国株式）,JP,2025-12-31,東京都,113400512512.0,1.6559898,,19.304348,8.439149489104716,0.2146,0.010724638,172.5,,510.6499968651968,9333000000.0,9253000000.0,0.85797995,6077000000.0,0.54604,0.20898001,0.7493367585801232,20876000000.0,6744000000.0,22128000000.0,3827000000.0,19277000000.0,264000000.0,1436800000.0,0.012670136740766126
ニッポンインシュア,5843,その他金融業,スタンダード（内国株式）,JP,2025-09-30,福岡県,6683524096.0,2.3142374,,9.993564,8.431979552866409,0.081499994,0.0,233.05,,99.81001531421943,3744732000.0,,0.33591,528467000.0,0.16758,0.26356,0.4674363644641923,2842329000.0,,,494915000.0,2759797000.0,20000000.0,,
京都フィナンシャルグループ,5844,銀行業,プライム（内国株式）,JP,2025-03-31,京都府,1274666942464.0,1.1255018,32.365204,13.286507,18.163287295478757,0.2361,0.0,338.84,139.1,125.02999999962374,,,0.42222,,0.29898,0.08716,0.08905291773633064,11077950000000.0,,,505350000000.0,1341005000000.0,3319869000000.0,,
全保連,5845,その他金融業,スタンダード（内国株式）,JP,2025-03-31,沖縄県,26358749184.0,3.256284,,15.703125,11.64320318353319,0.6254,0.0,64.0,,67.28999898233721,25658000000.0,2549000000.0,0.09929,1621000000.0,0.06598,0.22607,0.3159212722959318,15571000000.0,15485000000.0,16677000000.0,1322000000.0,7768000000.0,,1106000000.0,0.041959502413390394
リョービ,5851,非鉄金属,プライム（内国株式）,JP,2025-12-31,広島県,87030718464.0,0.47572583,9.321976,7.899296,10.179935957214312,0.2887,0.035714287,346.36,293.5,214.25481957488878,309111000000.0,12666000000.0,0.0382,11182000000.0,0.03953,0.068509996,0.5221101200346779,154186000000.0,95830000000.0,165392000000.0,74741000000.0,31153000000.0,23102000000.0,27377400000.0,0.31457168782680545
アーレスティ,5852,非鉄金属,プライム（内国株式）,JP,2025-03-31,東京都,16835031040.0,0.30093676,5.2899685,8.984427,-2.5063490631520353,0.45259997,0.060431655,75.13,127.6,-300.53270681170517,162929000000.0,3376000000.0,0.01291,-2892000000.0,0.021429999,0.06617,0.38769818187241784,82106000000.0,63669000000.0,64114000000.0,40142000000.0,13546000000.0,1460000000.0,-16970000000.0,-1.0080171494593217
エルアイイーエイチ,5856,小売業,スタンダード（内国株式）,JP,2025-03-31,,653582400.0,0.2629503,,,-2.447558108875924,0.0,0.0,-30.66,,-17.9771012751185,10311719000.0,-1649271000.0,-0.124230005,194942000.0,-0.31131,-0.76822,0.4725797052132822,3273481000.0,2659749000.0,5348661000.0,1344341000.0,1829499000.0,4419000.0,2078273300.0,3.179818336601475
ＡＲＥホールディングス,5857,非鉄金属,プライム（内国株式）,JP,2025-03-31,兵庫県,286624972800.0,1.2431955,18.652124,11.610096,6.125123418919034,0.4353,0.036075037,287.25,178.8,287.010001179331,506211000000.0,18053000000.0,0.045500003,14319000000.0,0.042880002,0.1368,0.2577376810322486,363689000000.0,311251000000.0,419630000000.0,289862000000.0,17555000000.0,589000000.0,56353300000.0,0.19660987474152147
ＳＴＧ,5858,非鉄金属,グロース（内国株式）,JP,2025-03-31,大阪府,2473849600.0,0.68714863,,9.524978,10.010319954213864,0.16350001,0.0,122.31,,115.88002172315154,6426069000.0,485124000.0,0.07232,389156000.0,0.04109,0.09368,0.36431705321158064,4228952000.0,2485708000.0,3967420000.0,2961736000.0,1064582000.0,66306000.0,-215117800.0,-0.08695670100559064
エスネットワークス,5867,サービス業,グロース（内国株式）,JP,2025-12-31,東京都,3849256704.0,2.2694397,,17.140469,10.427382590646717,0.6966,0.04194631,71.76,,100.24887501117429,3418693000.0,306286000.0,0.16258,217536000.0,0.06652,0.15002,0.6520866796081811,861015000.0,593486000.0,2003210000.0,395041000.0,1380687000.0,70054000.0,1191232800.0,0.30947086453395445
ロココ,5868,サービス業,スタンダード（内国株式）,JP,2025-12-31,大阪府,3452035328.0,1.1988436,,11.023809,9.4606574013607,0.4166,0.03800217,84.0,,73.67000465574884,9189733000.0,525175000.0,0.03894,317729000.0,0.023039998,0.077199996,0.5923204553212793,2037420000.0,1420611000.0,3476827000.0,758445000.0,1944955000.0,519588000.0,1803118600.0,0.5223349209014816
早稲田学習研究会,5869,サービス業,スタンダード（内国株式）,JP,2025-03-31,東京都,13337235456.0,1.8316208,,13.748056,9.684820988115835,0.2801,0.0,96.45,,106.23125504736043,6986676000.0,1492867000.0,0.18496999,1038819000.0,0.13623,0.13557,0.7530647324136613,2300002000.0,1409630000.0,4419070000.0,,3769356000.0,524590000.0,2486281000.0,0.18641651849083168
ナルネットコミュニケーションズ,5870,サービス業,グロース（内国株式）,JP,2025-03-31,,4143041792.0,1.6537017,,8.252788,14.749613188602122,0.3081,0.0,94.15,,57.664734719656025,8542662000.0,442130000.0,0.067,238333000.0,0.03101,,0.34576412166181025,6487454000.0,4836714000.0,4646635000.0,1715696000.0,859483000.0,,-1840819000.0,-0.44431581731917996
ＳＯＬＩＺＥ　Ｈｏｌｄｉｎｇｓ,5871,サービス業,スタンダード（内国株式）,JP,2025-12-31,東京都,7057372160.0,0.62333256,,,30.79623932819036,0.9804,0.041666668,-6.86,,47.939995734472824,25779000000.0,86000000.0,0.04617,-36000000.0,0.0036300002,0.00856,0.7215109242626919,4372000000.0,4118000000.0,11008000000.0,,4690000000.0,,6636000000.0,0.9402933343393357
クラダシ,5884,小売業,グロース（内国株式）,JP,2024-06-30,東京都,6663793664.0,4.175921,,139.3401,283.92857862631706,0.0,0.0,3.94,,1.119999971607384,,,0.08677,,0.02984,,0.7173932175142252,411038000.0,316841000.0,1279642000.0,130780000.0,982345000.0,,868604000.0,0.13034677299396047
ジーデップ・アドバンス,5885,卸売業,スタンダード（内国株式）,JP,2025-05-31,宮城県,16956627968.0,5.0937014,,26.917086,32.80858484367516,0.199,0.0,115.54,,78.599996036373,6630931000.0,839910000.0,0.12535,536804000.0,0.11236,0.21511999,0.6188262001289766,1756673000.0,1027257000.0,4391214000.0,,3334112000.0,,2634541000.0,0.1553693933116785
ＤＡＩＷＡ　ＣＹＣＬＥ,5888,小売業,グロース（内国株式）,JP,2026-01-31,大阪府,7770756608.0,1.2276286,9.054966,8.362028,11.41741038601934,0.2077,0.0,336.88,311.1,320.5300220455942,21106860000.0,1416426000.0,0.02303,948553000.0,0.04492,0.16012,0.6584845833160746,3273261000.0,3178370000.0,6588548000.0,,1518176000.0,,3315287000.0,0.4266363196328797
Ｊａｐａｎ　Ｅｙｅｗｅａｒ　Ｈｏｌｄｉｎｇｓ,5889,小売業,プライム（内国株式）,JP,2026-01-31,福井県,50892980224.0,2.790605,15.0321665,13.61077,13.125208476166398,0.544,0.038763266,154.51,139.9,163.08697427521437,18640000000.0,5957000000.0,0.31851,3783000000.0,0.20295,0.21862,0.4556889078198993,21724000000.0,16570000000.0,7340000000.0,15604000000.0,3054000000.0,1983000000.0,-12995900000.0,-0.25535741752202246
魁力屋,5891,小売業,スタンダード（内国株式）,JP,2025-12-31,京都府,8764728320.0,1.7883198,,29.786415,18.658177428734724,0.4429,0.0,51.97,,93.67000364998034,14721631000.0,764871000.0,-0.0027599998,297445000.0,0.020179998,0.058790002,0.5332888766977967,4519091000.0,2591612000.0,4570051000.0,1842677000.0,3452275000.0,,50960000.0,0.005814213303533406
ｙｕｔｏｒｉ,5892,小売業,グロース（内国株式）,JP,2025-03-31,東京都,12882049024.0,5.049454,,38.441643,59.03286634789718,0.0,0.0,61.86,,47.76999956906974,8306109000.0,671476000.0,0.054770004,423973000.0,0.02178,0.1865,0.1591888688025537,4470349000.0,2507449000.0,3873137000.0,3024559000.0,983419000.0,,-597212000.0,-0.046360016088074156
ダイケン,5900,金属製品,スタンダード（内国株式）,JP,2025-02-28,大阪府,4386711040.0,0.32052538,,14.812073,,0.3704,0.0,54.01,,,,,0.06553,,0.02559,0.02201,0.8368518140781178,2574658000.0,2303531000.0,9885120000.0,,3593026000.0,1216792000.0,8162216400.0,1.8606688075811804
東洋製罐グループホールディングス,5901,金属製品,プライム（内国株式）,JP,2025-03-31,東京都,594661343232.0,0.85110295,-37.789474,10.923626,17.745746953652308,0.365,0.0,361.51,-104.5,134.05000020711486,,,0.04553,,0.05708,0.0797,0.5550588166758904,506797000000.0,282472000000.0,594327000000.0,226292000000.0,119839000000.0,167035000000.0,204454500000.0,0.3438166989109876
ホッカンホールディングス,5902,金属製品,プライム（内国株式）,JP,2025-03-31,,27448166400.0,0.45472044,5.893707,8.374033,7.641264221079168,0.353,0.0,266.18,378.2,222.15867309420705,92419000000.0,4504000000.0,0.00458,3262000000.0,0.036199998,0.051909998,0.43445961775352737,70098000000.0,33772000000.0,51675000000.0,43100000000.0,13374000000.0,11920000000.0,-10079000000.0,-0.36720121312001375
シンポ,5903,金属製品,スタンダード（内国株式）,JP,2025-06-30,愛知県,9334606848.0,1.3091449,16.009434,20.24335,11.669840878648513,0.5014,0.024749558,83.83,106.0,116.78468084956083,7368800000.0,976345000.0,0.105100006,586465000.0,0.07041,0.06992,0.7956553736053612,1777636000.0,1029863000.0,3663921000.0,566724000.0,2277044000.0,446353000.0,2198732100.0,0.235546299464245
日本製罐,5905,金属製品,スタンダード（内国株式）,JP,2025-03-31,,1808082304.0,0.46415916,,,9.574976670112369,1.6714,0.0,-257.12,,195.4999765886408,11259429000.0,-540732000.0,-0.04573,-335325000.0,-0.03024,-0.0622,0.3157461561235917,7946675000.0,5101771000.0,7084268000.0,3112162000.0,1901368000.0,1663686000.0,302173200.0,0.16712358686963844
エムケー精工,5906,金属製品,スタンダード（内国株式）,JP,2025-03-31,長野県,11070981120.0,0.57088405,,4.745702,8.5094955612327,0.0896,0.01875,167.52,,48.674488403819915,28268214000.0,1993435000.0,0.00606,1334649000.0,0.07903,0.13047,0.6349707079545384,9594715000.0,7081761000.0,16843687000.0,4286102000.0,5147602000.0,2419849000.0,8942866300.0,0.8077754087977345
コロナ,5909,金属製品,スタンダード（内国株式）,JP,2025-03-31,新潟県,26846754816.0,0.34487242,,27.071661,20.271368245881387,0.8257,0.0,33.91,,44.73592445451973,85214000000.0,1344000000.0,-0.051960003,1103000000.0,0.01161,0.01286,0.7461898147242384,25946000000.0,22691000000.0,52536000000.0,,3544000000.0,22664000000.0,42454800000.0,1.5813754880607764
横河ブリッジホールディングス,5911,金属製品,プライム（内国株式）,JP,2025-03-31,東京都,111536218112.0,0.84552366,8.751506,9.287236,9.809165902501926,0.377,0.0,305.15,323.83,273.36000026934744,159368000000.0,16677000000.0,0.12693,12859000000.0,0.06034,0.065,0.5971394076205366,87090000000.0,55497000000.0,154494000000.0,34500000000.0,16832000000.0,10468000000.0,74731600000.0,0.670020924727407
駒井ハルテック,5915,金属製品,スタンダード（内国株式）,JP,2025-03-31,,10121771008.0,0.28968307,,30.574394,14.440613291425782,0.96819997,0.0,72.25,,133.95057759489058,40553000000.0,288000000.0,0.04047,1274000000.0,0.00973,0.0100300005,0.45907622179908836,37499000000.0,19913000000.0,43863000000.0,19354000000.0,10317000000.0,7519000000.0,11627300000.0,1.148741657048956
瀧上工業,5918,金属製品,スタンダード（内国株式）,JP,2025-03-31,愛知県,15354389504.0,0.322464,,16.10076,78.61772186645508,0.2163,0.0,462.09,,91.5721565700733,,,-0.00014999999,,0.04067,0.020380002,0.6741511756548296,20912000000.0,12374000000.0,25693000000.0,4697000000.0,6860000000.0,21228000000.0,19640600000.0,1.2791521274670927
川岸工業,5921,金属製品,スタンダード（内国株式）,JP,2025-09-30,東京都,11601959936.0,0.39319822,,10.215458,7.2598211436504805,0.38779998,0.0,412.61,,498.19611608874567,24219601000.0,1873091000.0,0.07885,1447253000.0,0.04463,0.039330002,0.8275077566791431,6035866000.0,5469327000.0,25897119000.0,1663000.0,3176478000.0,1937003000.0,21217155100.0,1.8287561081955455
那須電機鉄工,5922,金属製品,スタンダード（内国株式）,JP,2025-03-31,東京都,21108256768.0,0.6363094,,8.500566,6.604194402731967,0.3006,0.0,2129.27,,1586.7848382143259,22939871000.0,2784705000.0,0.117510006,1885168000.0,0.10456,0.08067001,0.6606453760863455,14499946000.0,5931862000.0,17953611000.0,5039245000.0,7423599000.0,5294896000.0,7160092200.0,0.33920812498617414
高田機工,5923,金属製品,スタンダード（内国株式）,JP,2025-03-31,東京都,6230088192.0,0.42841315,,,7.544410449466393,0.8801,0.01396648,-57.46,,147.5843793556877,18455160000.0,235340000.0,0.05179,343687000.0,0.066360004,0.07964,0.6579599800098255,10647464000.0,7067646000.0,17467664000.0,6400000000.0,2288699000.0,5023884000.0,10336918800.0,1.659193013234314
アルメタックス,5928,金属製品,スタンダード（内国株式）,JP,2025-03-31,大阪府,3007343872.0,0.4313934,,18.636364,38.205021189676046,0.5198,0.025,15.4,,7.487983080176889,8296000000.0,-214589000.0,0.09563,27798000.0,0.03176,0.04772,0.8175817698430404,2049967000.0,1134590000.0,5388475000.0,,1880895000.0,1631631000.0,4480649700.0,1.4899026818041246
三和ホールディングス,5929,金属製品,プライム（内国株式）,JP,2025-03-31,東京都,713607479296.0,2.053707,14.792255,12.083734,12.714998807763537,0.4618,0.0,281.37,229.85,195.5599999346746,662380000000.0,80515000000.0,0.15279001,57512000000.0,0.09047,0.17823,0.6025730954772553,210419000000.0,148676000000.0,362699000000.0,56985000000.0,125495000000.0,33426000000.0,175678200000.0,0.24618323812036416
文化シヤッター,5930,金属製品,プライム（内国株式）,JP,2025-03-31,東京都,129985773568.0,1.0846968,24.412155,10.287813,10.027615141608646,0.4118,0.0,179.63,75.7,157.10654112831597,228419000000.0,14727000000.0,0.102919996,13158000000.0,0.053489998,0.10829,0.5526680391449005,91533000000.0,55554000000.0,117344000000.0,21346000000.0,40109000000.0,19269000000.0,39299300000.0,0.30233539349166694
三協立山,5932,金属製品,プライム（内国株式）,JP,2025-05-31,富山県,20370671616.0,0.21105705,8.155583,,-24.64856058880298,1.3699001,0.039246466,-143.33,79.7,-32.50709796790761,359424000000.0,1545000000.0,-0.0026800002,-2336000000.0,-0.01113,-0.03807,0.30367377368915044,205650000000.0,122009000000.0,147710000000.0,89370000000.0,21509000000.0,15447000000.0,-47127100000.0,-2.313477969130107
アルインコ,5933,金属製品,プライム（内国株式）,JP,2025-03-31,大阪府,20292825088.0,0.604646,12.037914,11.557274,9.426214666227423,0.50049996,0.043392505,87.91,84.4,101.06210078726008,61601117000.0,2196071000.0,0.0057099997,1959988000.0,0.02799,0.053489998,0.45136833690578626,38888989000.0,21739856000.0,43194051000.0,25947420000.0,6936327000.0,1654079000.0,5462917300.0,0.2692043752562797
東洋シヤッター,5936,金属製品,スタンダード（内国株式）,JP,2025-03-31,大阪府,5534359552.0,0.52976084,12.309859,6.6671753,4.253961150772947,0.3205,0.0,131.09,71.0,151.50158868787295,20871090000.0,1301165000.0,0.07274,792635000.0,0.03864,0.08315,0.5071325617702894,9226440000.0,5998505000.0,11414836000.0,4632774000.0,3799282000.0,169844000.0,2307286800.0,0.416902222980109
ＬＩＸＩＬ,5938,金属製品,プライム（内国株式）,JP,2025-03-31,,483547840512.0,0.7269984,20.911577,59.43796,238.5410829323478,3.1768,0.0543971,28.29,80.41,6.969999998397701,,,-0.0055,,0.0053899996,0.01362,0.3374943467460198,1210734000000.0,571783000000.0,701241000000.0,657800000000.0,123527000000.0,60994000000.0,-466797200000.0,-0.9653588763952213
大谷工業,5939,金属製品,スタンダード（内国株式）,JP,2025-03-31,東京都,3860237312.0,0.8905656,,13.005249,17.540376887134183,0.0787,0.0,381.0,,429.3803219989861,7899421000.0,473258000.0,0.0381,369163000.0,0.039470002,0.07004,0.53898737216101,3487283000.0,2447281000.0,5754258000.0,478523000.0,1910888000.0,137865000.0,2363480500.0,0.612263005865687
不二サッシ,5940,金属製品,スタンダード（内国株式）,JP,2025-03-31,東京都,8865137664.0,0.3475742,,4.3728356,6.455694002131459,0.1856,0.0,161.68,,135.83769218576637,104754000000.0,2476000000.0,0.06763,2225000000.0,0.02003,0.08270001,0.27725838217497567,60696000000.0,35986000000.0,47839000000.0,24407000000.0,13373000000.0,3799000000.0,-10197700000.0,-1.1503149061532723
中西製作所,5941,金属製品,スタンダード（内国株式）,JP,2025-03-31,大阪府,15534730240.0,2.2216554,,7.0063334,7.937972586239473,0.3083,0.0039936104,356.82,,241.42320293769632,39931992000.0,2631286000.0,-0.0431,1807390000.0,0.01979,0.05785,0.6711693922277281,10018321000.0,8739980000.0,15631859000.0,1857592000.0,2996532000.0,3448020000.0,8027152000.0,0.5167229733626839
日本フイルコン,5942,金属製品,スタンダード（内国株式）,JP,2025-11-30,東京都,11349686272.0,0.49514398,,,15.848763177688065,1.5752001,0.047457628,-37.47,,31.653480618137866,27842145000.0,668029000.0,0.04196,-726153000.0,-0.02022,-0.02231,0.5164247384343428,20404282000.0,14776847000.0,21443279000.0,11599969000.0,5189653000.0,3196345000.0,3276438500.0,0.2886809750929475
ノーリツ,5943,金属製品,プライム（内国株式）,JP,2025-12-31,兵庫県,105131614208.0,0.73675394,33.15554,31.31382,16.91668806664939,1.0075,0.031937853,73.45,69.37,94.75000040533025,202049000000.0,4301000000.0,0.03252,3358000000.0,0.03181,0.04662,0.5900075489522139,92092000000.0,70965000000.0,124114000000.0,6273000000.0,25565000000.0,42454000000.0,61739800000.0,0.5872619807572773
天龍製鋸,5945,金属製品,スタンダード（内国株式）,JP,2025-03-31,静岡県,21963370496.0,0.5621274,,13.424687,11.846474682861388,0.44779998,0.0,183.17,,132.5581631554903,13131261000.0,1826997000.0,0.10937,1506382000.0,0.1125,0.03997,0.9190384488050274,3239007000.0,1407411000.0,20398926000.0,,9754993000.0,9227377000.0,23619082900.0,1.075385169334622
長府製作所,5946,金属製品,プライム（内国株式）,JP,2025-12-31,山口県,68105621504.0,0.4903636,16.32437,31.326244,20.450066054077734,0.71919996,0.023023022,63.94,122.7,92.43227326266195,46501000000.0,1713000000.0,0.048309997,2174000000.0,0.051859997,0.0177,0.930137226829466,10345000000.0,8893000000.0,30998000000.0,,3733000000.0,92112000000.0,85131400000.0,1.2499907954734697
リンナイ,5947,金属製品,プライム（内国株式）,JP,2025-03-31,愛知県,476625862656.0,1.0908661,15.125093,13.273349,17.84226307523849,0.3847,0.0,260.07,228.23,184.7508375464831,460319000000.0,46011000000.0,0.10184,29691000000.0,0.076869994,0.09062,0.6690625896410402,144870000000.0,108605000000.0,362482000000.0,,264760000000.0,35919000000.0,242755300000.0,0.5093204524136498
ユニプレス,5949,輸送用機器,プライム（内国株式）,JP,2025-03-31,神奈川県,57515208704.0,0.43384457,7.786094,,8.88737936558182,0.41,0.0,-187.58,165.68,118.03847807348806,330045000000.0,12198000000.0,0.06959,-21053000000.0,-0.025910001,-0.05687,0.44814757506239783,143766000000.0,111521000000.0,157862000000.0,58752000000.0,51267000000.0,8309000000.0,19912300000.0,0.34620929748300056
日本パワーファスニング,5950,金属製品,スタンダード（内国株式）,JP,2025-12-31,大阪府,1970291456.0,0.87998974,,,11.925040492915574,0.7496,0.017857144,-2.11,,32.45695533040209,5064474000.0,10456000.0,-0.036,-30189000.0,0.00139,0.00226,0.4094107908684275,3302894000.0,2863028000.0,4221248000.0,1976438000.0,1383548000.0,323705000.0,1144947500.0,0.5811056514067328
ダイニチ工業,5951,金属製品,スタンダード（内国株式）,JP,2025-03-31,,14825437184.0,0.49998116,,9.847345,12.041535110556984,0.301,0.0,93.02,,54.88016981488097,19902665000.0,1381528000.0,-0.43175,1161135000.0,0.074939996,0.052270003,0.8755751220064504,3970448000.0,3055107000.0,21580965000.0,4106000.0,6568324000.0,2896987000.0,19638407900.0,1.3246427512568928
アマテイ,5952,金属製品,スタンダード（内国株式）,JP,2025-03-31,兵庫県,2109833344.0,1.3421301,,14.331723,12.30625272749581,0.4023,0.0,12.42,,11.244453816954872,5583425000.0,239158000.0,0.038829997,142008000.0,0.02735,0.0962,0.283799695539912,3746842000.0,2691522000.0,3371136000.0,2091397000.0,697563000.0,226000.0,-375547800.0,-0.1779987983733373
ワイズホールディングス,5955,金属製品,スタンダード（内国株式）,JP,2025-03-31,京都府,11870918656.0,0.9903414,,32.129963,39.32996506311258,0.36099997,0.0,2.77,,1.9413427725625232,,,0.04048,,0.029159999,0.03188,0.653780971152555,5599639000.0,3066211000.0,8829881000.0,1992587000.0,3435718000.0,261983000.0,3413630100.0,0.28756242030810525
トーソー,5956,金属製品,スタンダード（内国株式）,JP,2025-03-31,東京都,5028381696.0,0.31904545,,7.5095687,15.765526547452984,0.2045,0.0,75.77,,32.79757535313091,22789773000.0,746756000.0,0.050100002,500150000.0,0.028859999,0.04421,0.661953289669582,7424353000.0,6198617000.0,16491957000.0,1972004000.0,3948850000.0,1000493000.0,9767949100.0,1.9425631725153747
日東精工,5957,金属製品,プライム（内国株式）,JP,2025-12-31,京都府,28896284672.0,0.7935527,10.487483,13.423272,9.988977158707952,0.38759997,0.028894473,59.3,75.9,60.17635952222655,50238187000.0,3431865000.0,0.078449994,2152138000.0,0.049039997,0.07043,0.6295783893539402,16670611000.0,11833484000.0,35850482000.0,2676843000.0,10493823000.0,697275000.0,19667963500.0,0.68063987198527
三洋工業,5958,金属製品,スタンダード（内国株式）,JP,2025-03-31,東京都,11706545152.0,0.56001544,,8.7039,5.498358983686776,0.4586,0.0,479.67,,556.3562502547968,29516000000.0,2061000000.0,0.07309,1588000000.0,0.048309997,0.06682,0.7014216424151196,8926000000.0,8057000000.0,20362000000.0,665000000.0,9646000000.0,1027000000.0,12154900000.0,1.038299501875103
岡部,5959,金属製品,プライム（内国株式）,JP,2025-12-31,,41168592896.0,0.6699258,10.977354,12.830873,-38.691754312194824,0.4319,0.03329753,71.78,83.9,-18.909103937373047,69758000000.0,4763000000.0,0.032190003,3285000000.0,0.04382,0.05019,0.7278254733623427,23125000000.0,14747000000.0,46777000000.0,6226000000.0,9021000000.0,9834000000.0,30535800000.0,0.7417256178062599
浅香工業,5962,その他製品,スタンダード（内国株式）,JP,2025-03-31,大阪府,1671419648.0,0.36351016,,4.075037,4.874068997973358,0.1171,0.0,426.99,,314.9492198723314,8448237000.0,304722000.0,0.012410001,227649000.0,0.049060002,0.09297,0.6169368970838548,2622052000.0,2008217000.0,4538608000.0,1066209000.0,1174863000.0,1569285000.0,3015055500.0,1.8038889895830637
フジマック,5965,金属製品,スタンダード（内国株式）,JP,2025-12-31,東京都,15229446144.0,0.82343954,,6.4956117,5.194808106061356,0.2237,0.017094018,178.89,,172.91684660645512,47436908000.0,3041683000.0,-0.00041,2343939000.0,0.01051,0.01836,0.5736748773663677,19417786000.0,14614293000.0,23457142000.0,4734444000.0,7652311000.0,3763249000.0,6673630300.0,0.4382057125977122
京都機械工具,5966,金属製品,スタンダード（内国株式）,JP,2025-03-31,京都府,5920057344.0,0.46921274,,11.792453,11.012505536584689,0.3852,0.0,207.76,,238.5550331229722,9046157000.0,847176000.0,0.11201999,544801000.0,0.06012,0.040289998,0.7522569376125491,4035486000.0,2903739000.0,9557875000.0,900000000.0,3036153000.0,1722807000.0,6728353900.0,1.1365352578584753
ＴＯＮＥ,5967,金属製品,スタンダード（内国株式）,JP,2025-05-31,東京都,10161927168.0,0.82656425,,14.52462,12.394438881417095,0.2786,0.01923077,32.29,,42.675856761283896,7591635000.0,1002074000.0,0.1291,787047000.0,0.11966,0.07786,0.7775159019057789,3233118000.0,1377045000.0,8715492000.0,1803938000.0,1913048000.0,2293262000.0,7087657400.0,0.697471777038424
ロブテックス,5969,金属製品,スタンダード（内国株式）,JP,2025-03-31,大阪府,2242747392.0,0.45207566,,18.249506,8.28020011141931,0.45610002,0.0,65.81,,149.86655299752385,5708563000.0,205824000.0,0.06177,77278000.0,0.021359999,0.02489,0.5622742608052018,3769445000.0,2251715000.0,5757545000.0,2977885000.0,2287897000.0,657409000.0,2448286300.0,1.091646035899169
ジーテクト,5970,金属製品,プライム（内国株式）,JP,2025-03-31,埼玉県,92261130240.0,0.41334066,7.7378817,6.858252,6.213768668390832,0.3054,0.0,314.22,278.5,307.5200021554272,339233000000.0,16381000000.0,0.08262,12440000000.0,0.040359996,0.06264,0.6160598159222866,109032000000.0,77375000000.0,141416000000.0,49423000000.0,43002000000.0,10986000000.0,40074200000.0,0.4343562656966644
共和工業所,5971,金属製品,スタンダード（内国株式）,JP,2025-04-30,石川県,9110723584.0,0.5426926,,11.074198,5.688589158631111,0.1265,0.011428571,632.1,,1063.102905733092,10457791000.0,818493000.0,0.08285,708295000.0,0.07875,0.0519,0.8625035244092958,2495833000.0,1607806000.0,12504607000.0,0.0,5269525000.0,2324741000.0,11636092700.0,1.2771864487728486
トーアミ,5973,金属製品,スタンダード（内国株式）,JP,2025-03-31,大阪府,3514510336.0,0.32004312,,20.215195,12.878300557429094,0.5545,0.0,30.67,,41.3935290396645,18104665000.0,-111736000.0,-0.00071999995,-6437000.0,0.00952,0.01692,0.5644015980192455,8293625000.0,6752902000.0,9645224000.0,4776744000.0,1789091000.0,622914000.0,1787638800.0,0.5086451963702519
中国工業,5974,金属製品,スタンダード（内国株式）,JP,2025-03-31,広島県,2533061120.0,0.4247865,,8.093451,9.223542082258799,0.23979999,0.0,95.88,,63.423645320197046,13843000000.0,415000000.0,0.05683,376000000.0,0.02269,0.05342,0.43248453691059524,6582000000.0,4198000000.0,6181000000.0,1528000000.0,512000000.0,2235000000.0,1163500000.0,0.4593256715416326
東プレ,5975,金属製品,プライム（内国株式）,JP,2025-03-31,東京都,132194205696.0,0.5430105,7.3458743,7.141713,7.1890062119108356,0.26700002,0.0,374.56,364.15,326.70999935322925,373568000000.0,28648000000.0,0.092860006,14143000000.0,0.049000002,0.07985,0.5919086141756897,147831000000.0,108414000000.0,173927000000.0,50387000000.0,58427000000.0,19610000000.0,39823000000.0,0.3012461839029378
高周波熱錬,5976,金属製品,プライム（内国株式）,JP,2025-03-31,東京都,42060087296.0,0.72428083,16.538462,32.420204,23.6600850362246,1.7857001,0.0,39.79,78.0,41.88781026419229,57563000000.0,1619000000.0,0.0448,1815000000.0,0.0228,0.026889998,0.7108404966571156,17432000000.0,11205000000.0,44785000000.0,7232000000.0,19143000000.0,9857000000.0,34252900000.0,0.8143801452180419
東京製綱,5981,金属製品,プライム（内国株式）,JP,2025-03-31,東京都,27910727680.0,0.67943174,8.175249,8.093002,5.924461833659518,0.3129,0.0,223.65,221.4,205.73864450358155,,,0.11642,,0.05431,0.08939999,0.4198857718412709,50684000000.0,34771000000.0,40509000000.0,24396000000.0,5972000000.0,7177000000.0,-5151100000.0,-0.18455627739477123
マルゼン,5982,金属製品,スタンダード（内国株式）,JP,2025-02-28,,60508229632.0,1.1571001,13.672297,11.561132,,0.3797,0.03342246,329.12,278.3,,,,0.1069,,0.078099996,0.10351,0.6863328980086731,22162007000.0,18950919000.0,50936324000.0,71998000.0,35847011000.0,3261025000.0,31057034500.0,0.5132695947127062
イワブチ,5983,金属製品,スタンダード（内国株式）,JP,2025-03-31,千葉県,13644527616.0,0.6677635,,14.737315,10.817893470284108,0.3037,0.0,888.9,,627.8704232224351,12642063000.0,878621000.0,0.08322,699171000.0,0.06949,0.05054,0.755417252818536,5211700000.0,2807847000.0,12966330000.0,710825000.0,6114691000.0,2872489000.0,9765372300.0,0.7156988189571927
兼房,5984,金属製品,スタンダード（内国株式）,JP,2025-03-31,愛知県,9994070016.0,0.3189122,,9.684806,10.669639201162719,0.3502,0.0,74.24,,63.772374100719425,20231590000.0,747677000.0,0.03134,984449000.0,0.04922,0.03332,0.7942955313418504,7913346000.0,3837031000.0,20233332000.0,3266990000.0,8061031000.0,658013000.0,12780595100.0,1.2788178469371252
サンコール,5985,金属製品,スタンダード（内国株式）,JP,2025-03-31,京都府,53888196608.0,1.5750778,,8.675509,-12.858904459939668,0.097600006,0.0,205.06,,-25.506650303492652,,,0.12242,,0.11889,0.20423001,0.44189447444952223,33584000000.0,26368000000.0,34996000000.0,15576000000.0,9195000000.0,5898000000.0,5540600000.0,0.1028165785599414
モリテック　スチール,5986,金属製品,スタンダード（内国株式）,JP,2025-03-31,大阪府,5489046528.0,0.34008977,,5.264289,16.981228904006095,0.1289,0.0,46.54,,13.940147782723546,50498662000.0,396727000.0,0.01597,329370000.0,0.02162,0.06768,0.39811048868619536,21914409000.0,18949595000.0,26362167000.0,6391454000.0,4869604000.0,2637164000.0,6293772800.0,1.1466058390824412
オーネックス,5987,金属製品,スタンダード（内国株式）,JP,2024-06-30,東京都,3238339840.0,0.57707816,,13.86939,-8.041161915052076,0.1418,0.010224949,141.03,,-227.96518710031205,,,0.06355,,0.05751,0.055370003,0.5937165300920002,3610525000.0,1750575000.0,4536735000.0,2373430000.0,2717562000.0,276603000.0,1119832100.0,0.34580437981456574
パイオラックス,5988,金属製品,プライム（内国株式）,JP,2025-03-31,神奈川県,38200418304.0,0.59597653,11.801195,,20.476443898974452,2.7744,0.0,-0.92,133.8,117.87999886614304,63351000000.0,2383000000.0,0.01633,1792000000.0,-0.00034000003,-8.0000005e-05,0.8575817340514299,13685000000.0,12218000000.0,64398000000.0,614000000.0,34883000000.0,4546000000.0,53895200000.0,1.4108536605829938
エイチワン,5989,金属製品,プライム（内国株式）,JP,2025-03-31,埼玉県,47850119168.0,0.60271055,12.9179325,4.396969,-0.8177311068120194,0.1656,0.0,386.63,131.6,-774.6458720847046,228145000000.0,11861000000.0,0.11241999,10728000000.0,0.05234,0.16728,0.358475136388587,112993000000.0,79020000000.0,86362000000.0,65344000000.0,19310000000.0,6982000000.0,-21743600000.0,-0.4544105715527902
スーパーツール,5990,金属製品,スタンダード（内国株式）,JP,2025-03-31,,4631217152.0,0.44857746,,23.309166,14.607239421975542,0.8328,0.0,84.13,,131.6682444061962,5241224000.0,377004000.0,0.024719998,-238413000.0,0.03642,0.01923,0.7693988461421833,3079924000.0,944799000.0,5384456000.0,1084899000.0,1028044000.0,421109000.0,2599308300.0,0.5612581346736211
日本発條,5991,金属製品,プライム（内国株式）,JP,2025-03-31,神奈川県,700350464000.0,1.6267713,18.21391,25.172941,7.12347058684021,0.48009998,0.0,137.33,189.8,224.72999985466524,,,0.06527,,0.03411,0.065349996,0.5854568170721199,273171000000.0,194317000000.0,390414000000.0,72287000000.0,97234000000.0,64962000000.0,162716400000.0,0.23233567815555842
中央発條,5992,金属製品,スタンダード（内国株式）,JP,2025-03-31,愛知県,96362528768.0,1.0983081,52.90859,7.7583933,12.68867287973713,0.12189999,0.0,492.37,72.2,78.84036314264597,110157232000.0,4384469000.0,0.027290002,1855455000.0,0.11203,0.14479999,0.5370605326721991,61862005000.0,25694797000.0,55983645000.0,24124610000.0,21653337000.0,31720071000.0,16325689700.0,0.16941948191610165
ファインシンター,5994,金属製品,スタンダード（内国株式）,JP,2025-03-31,愛知県,4270797312.0,0.2977249,,,-8.069723246680544,0.045500003,0.0,-564.1,,-135.6215614020053,42720389000.0,683302000.0,-0.02399,-206537000.0,-0.05224,-0.14468999,0.2947058832875259,30841252000.0,21421606000.0,21362837000.0,18264704000.0,4420749000.0,1508472000.0,-8422484600.0,-1.9721105884221368
協立エアテック,5997,金属製品,スタンダード（内国株式）,JP,2025-12-31,福岡県,3874198784.0,0.39046544,,8.403098,5.580195728160074,0.2092,0.0249066,95.56,,103.62350517562012,11923263000.0,597947000.0,0.08336,460966000.0,0.039189998,0.04918,0.6264433193531616,5838602000.0,4912746000.0,8992428000.0,1950000000.0,4147633000.0,1247785000.0,4027275500.0,1.0395118383269824
アドバネクス,5998,金属製品,スタンダード（内国株式）,JP,2025-03-31,東京都,11543057408.0,1.1959921,,11.24935,20.744282786088814,0.14,0.0,249.97,,65.37000324336047,28532758000.0,1109300000.0,0.0571,-628784000.0,0.0346,0.11247,0.28392294431026305,20412330000.0,13945450000.0,14653876000.0,13960768000.0,4623849000.0,119478000.0,-5674819400.0,-0.4916218640710411
三浦工業,6005,機械,プライム（内国株式）,JP,2025-03-31,愛媛県,366345191424.0,1.5066189,13.340636,13.274076,16.019325705501867,0.3017,0.0,238.51,237.32,174.8866776226681,251341000000.0,25323000000.0,0.11396,23312000000.0,0.102790006,0.12245,0.46441993575568963,233854000000.0,85609000000.0,179426000000.0,21196000000.0,55251000000.0,12930000000.0,-45377000000.0,-0.12386405243540277
タクマ,6013,機械,プライム（内国株式）,JP,2025-03-31,兵庫県,239687024640.0,2.235554,26.38332,17.791477,13.508977963976205,0.50259995,0.0,184.92,124.7,132.24000001018112,,,0.114029996,,0.08291,0.1242,0.5695294863266621,81356000000.0,69515000000.0,136309000000.0,12086000000.0,39431000000.0,22102000000.0,70424400000.0,0.2938181576819794
ジャパンエンジンコーポレーション,6016,輸送用機器,スタンダード（内国株式）,JP,2025-03-31,兵庫県,76542681088.0,11.486053,,16.085272,11.911986665313167,0.155,0.0,567.6,,303.91998188063764,28862663000.0,5090935000.0,0.06992,4326113000.0,0.037920002,0.076069996,0.4211295538499817,19080044000.0,15057564000.0,22787936000.0,4735699000.0,7411720000.0,810450000.0,4275207000.0,0.05585389666563753
阪神内燃機工業,6018,輸送用機器,スタンダード（内国株式）,JP,2025-03-31,兵庫県,20164395008.0,1.2898372,,27.547722,15.818629783384893,0.403,0.0,225.79,,140.24997932060262,13337098000.0,611955000.0,0.07755,536295000.0,0.052470002,0.04838,0.5918532365148896,10203805000.0,6982423000.0,13025721000.0,,5469225000.0,1943997000.0,4182713900.0,0.2074306666944659
赤阪鐵工所,6022,機械,スタンダード（内国株式）,JP,2025-03-31,東京都,3617422080.0,0.5128076,,19.422289,85.0837507809153,0.2158,0.010756544,139.17,,28.18974523100706,7845996000.0,19148000.0,0.0130900005,38035000.0,0.030669998,0.04118,0.6383446950532611,5075936000.0,3102526000.0,6738659000.0,1835336000.0,723923000.0,2302766000.0,3274659200.0,0.9052466445939313
ダイハツインフィニアース,6023,輸送用機器,スタンダード（内国株式）,JP,2025-03-31,大阪府,78328946688.0,1.5862372,,13.216616,9.500350711183989,0.2963,0.0,233.04,,180.82511159474527,,,0.11371,,0.06722,0.12642,0.4594046219318052,51901000000.0,31722000000.0,63573000000.0,14348000000.0,21521000000.0,1472000000.0,12702400000.0,0.16216737920141097
弁護士ドットコム,6027,サービス業,プライム（内国株式）,JP,2025-03-31,東京都,56296284160.0,7.7901287,32.11165,37.207195,90.56296019558991,0.0,0.0,66.17,76.67,36.76999948773935,14072375000.0,1389566000.0,0.12276,1049450000.0,0.092709996,0.23881,0.4814520537856449,5858032000.0,3253552000.0,6604869000.0,3261026000.0,6240700000.0,522273000.0,1112428100.0,0.0197602402467339
アトラグループ,6029,サービス業,スタンダード（内国株式）,JP,2025-12-31,大阪府,2043080064.0,1.2053593,4.137214,7.90938,-37.5686559505662,0.0,0.0,25.16,48.1,-3.5934210736108434,3927223000.0,140813000.0,0.01856,258292000.0,0.09328,0.21024999,0.41088497243228234,2431663000.0,1398676000.0,2786085000.0,1050842000.0,1128639000.0,689716000.0,837223200.0,0.40978482182477993
アドベンチャー,6030,サービス業,グロース（内国株式）,JP,2024-06-30,東京都,9050672128.0,1.0004126,4.36136,,41.74227164941955,0.0,0.0,-289.3,289.13,233.3199956730297,22391725000.0,1489895000.0,0.07244,712507000.0,-0.08883,-0.21869,0.37073026337316783,17663416000.0,10175465000.0,24008897000.0,8414007000.0,17007750000.0,1425608000.0,7343406600.0,0.8113658848917701
ＺＥＴＡ,6031,サービス業,グロース（内国株式）,JP,2025-12-31,東京都,4781027328.0,6.021461,,20.87422,,0.39290002,0.0,11.21,,,1858712000.0,396178000.0,-0.06439,231005000.0,-0.06469,-0.12675,0.3083804143126177,2063945000.0,838013000.0,2193755000.0,1750756000.0,1652661000.0,41593000.0,158925100.0,0.03324078468852458
エクストリーム,6033,サービス業,グロース（内国株式）,JP,2025-03-31,東京都,7373432832.0,1.0689533,,6.2630763,6.525968090499605,0.282,0.0,219.86,,187.849995459911,11336259000.0,1517847000.0,0.118669994,1130351000.0,0.09977999,0.18006,0.6847055941350876,2371202000.0,2358405000.0,6392698000.0,664600000.0,4605862000.0,1499078000.0,5070850600.0,0.687719101202494
ＭＲＴ,6034,サービス業,グロース（内国株式）,JP,2025-12-31,東京都,3584998400.0,2.5206172,,65.96173,-11.919090655617335,0.0,0.0,9.93,,-56.54793804948125,4191472000.0,95907000.0,0.041279998,55775000.0,0.010089999,0.01931,0.7171134451602067,1831046000.0,1206091000.0,2893463000.0,552974000.0,1670107000.0,2441553000.0,2771504100.0,0.7730837759927591
アイ・アールジャパンホールディングス,6035,サービス業,スタンダード（内国株式）,JP,2025-03-31,東京都,12594233344.0,2.0575476,5.29737,14.006322,17.969677093177733,0.5535,0.0,50.62,133.84,39.35000099650615,,,0.21699,,0.14623,0.15305,0.8135413578223508,1286700000.0,1215827000.0,5136642000.0,200000000.0,4188839000.0,133715000.0,3943542500.0,0.3131228707842496
ＫｅｅＰｅｒ技研,6036,サービス業,プライム（内国株式）,JP,2025-06-30,愛知県,76633448448.0,3.1942594,12.068595,8.172056,24.182290078568585,0.1571,0.0,343.61,232.67,162.0200004097138,23093316000.0,7098740000.0,0.11176,4888857000.0,0.36753,0.43342,0.7267204026744642,6784659000.0,4303815000.0,7735326000.0,1750703000.0,4172742000.0,4365592000.0,4006581400.0,0.05228241037226304
楽待,6037,サービス業,スタンダード（内国株式）,JP,2024-07-31,東京都,19214061568.0,3.6896796,27.604456,14.594993,15.816311946723001,0.1694,0.0,67.9,35.9,37.35445370405855,,,0.55322,,0.4036,0.2543,0.9178583125265176,505881000.0,505880000.0,1802830000.0,,1195216000.0,4165473000.0,4212780100.0,0.21925505365383868
イード,6038,サービス業,グロース（内国株式）,JP,2024-06-30,東京都,4437240832.0,0.8772721,28.78981,9.932974,21.71801988031791,0.1758,0.017738359,91.01,31.4,33.309997368323806,,,0.06443,,0.055859998,0.07011,0.670191304758397,2003105000.0,1340979000.0,4718122000.0,748323000.0,3613690000.0,539145000.0,3092418500.0,0.6969237454272124
日本動物高度医療センター,6039,サービス業,グロース（内国株式）,JP,2025-03-31,神奈川県,13092477952.0,2.682321,4.3682623,18.94166,15.79255235002204,0.1383,0.0,53.48,231.9,24.25199980812256,5277736000.0,720974000.0,0.11958,520982000.0,0.13453001,0.18451999,0.47391582937492055,4605193000.0,1554172000.0,1597996000.0,3475051000.0,1107603000.0,,-3007197000.0,-0.22968891076426232
日本スキー場開発,6040,サービス業,グロース（内国株式）,JP,2024-07-31,長野県,21408798720.0,2.4698703,,15.859482,14.124864151966086,0.1706,0.010964912,29.32,,23.95000002736905,,,0.32861,,0.12331,0.17757,0.6118230322136969,3930593000.0,1504659000.0,4046705000.0,2864065000.0,3141302000.0,9459000.0,122733300.0,0.005732843846364117
ニッキ,6042,輸送用機器,スタンダード（内国株式）,JP,2025-03-31,神奈川県,7593680384.0,0.5453277,,14.056016,2.21618476548903,0.3803,0.0,289.2,,1184.6777780600153,8360204000.0,885305000.0,0.13396,630548000.0,0.10303,0.07069,0.5577477818595629,10304386000.0,5673413000.0,9415649000.0,8155227000.0,4102694000.0,1883543000.0,429743100.0,0.05659220276184856
三機サービス,6044,サービス業,スタンダード（内国株式）,JP,2025-05-31,兵庫県,10614681600.0,2.0260892,17.978142,12.863623,16.39012478766537,0.1719,0.015151516,127.88,91.5,72.77215056982772,20636072000.0,1020735000.0,0.02033,689068000.0,0.0379,0.19316,0.48378789209928,5135372000.0,4454444000.0,8367577000.0,475299000.0,2500269000.0,307862000.0,3447708400.0,0.3248056352439248
レントラックス,6045,サービス業,グロース（内国株式）,JP,2025-03-31,東京都,11721349120.0,1.9836442,,4.561157,11.369356631107243,0.0734,0.0,327.11,,43.264547998938916,3862700000.0,1142139000.0,0.14873,668382000.0,0.57883,0.54185003,0.335997335465762,7071307000.0,6977649000.0,9918227000.0,3744124000.0,6114525000.0,599891000.0,3266843700.0,0.27870884712629396
リンクバル,6046,サービス業,スタンダード（内国株式）,JP,2025-09-30,東京都,2252508416.0,2.7602072,,,-23.00122196882704,0.0,0.0,-7.0,,-6.651820507943315,906312000.0,-89034000.0,-0.04681,-197968000.0,-0.13793,-0.15009,0.7228745504555889,310618000.0,174233000.0,1077600000.0,109197000.0,914254000.0,,766982000.0,0.3405012805066474
Ｇｕｎｏｓｙ,6047,サービス業,プライム（内国株式）,JP,2025-05-31,,12358006784.0,1.1233534,245.7143,53.36091,-14.00875985613149,1.8964,0.035192307,9.67,2.1,-49.330000022876476,6098000000.0,576000000.0,0.09666,78000000.0,0.01209,0.00561,0.849190742701558,1939000000.0,1573000000.0,7235000000.0,266000000.0,5369000000.0,5049000000.0,8830300000.0,0.7145407956429229
イトクロ,6049,サービス業,グロース（内国株式）,JP,2025-10-31,東京都,5193495552.0,0.65524596,3.4028976,30.769232,130.97826059344365,0.0,0.0,8.32,75.23,1.8400000038789923,3669622000.0,260524000.0,0.33367002,169691000.0,0.14483,0.84427,0.9330749380429437,660992000.0,611590000.0,7701370000.0,9442000.0,7265332000.0,1874669000.0,8352646300.0,1.6082898726626271
イー・ガーディアン,6050,サービス業,プライム（内国株式）,JP,2025-09-30,東京都,19167932416.0,1.5938445,15.249077,27.023052,18.948833933431235,0.5728,0.021341464,61.17,108.4,92.07999816134607,11321381000.0,1504176000.0,0.12291,943188000.0,0.06494,0.05973,0.8779765176150666,1675179000.0,1503116000.0,12378065000.0,,10986379000.0,,10702886000.0,0.5583745689266938
リブセンス,6054,サービス業,スタンダード（内国株式）,JP,2025-12-31,東京都,3059490816.0,0.7427979,,,19.90397074114988,0.0,0.0,-0.81,,7.184496091745093,5639875000.0,-368802000.0,-0.05199,-22266000.0,0.00278,0.0062800003,0.881482274870383,523563000.0,512885000.0,4638608000.0,,3639547000.0,53863000.0,4152749100.0,1.357333409298915
ジャパンマテリアル,6055,サービス業,プライム（内国株式）,JP,2025-03-31,三重県,210789842944.0,3.3648655,19.470287,19.91262,41.92688028280776,0.3105,0.0,103.0,105.34,55.32000005453124,52678000000.0,11189000000.0,0.28564,7872000000.0,0.18270001,0.18185,0.8238409789656327,11121000000.0,9694000000.0,46990000000.0,105000000.0,16318000000.0,413000000.0,36158100000.0,0.17153625381089177
ベクトル,6058,サービス業,プライム（内国株式）,JP,2025-02-28,東京都,62289096704.0,2.8998673,12.012664,12.191316,11.54998510067955,0.30290002,0.025114154,108.93,110.55,98.12000067703639,59254000000.0,8029000000.0,0.109969996,4195000000.0,0.08009,0.26139,0.3983815675940393,21547000000.0,14265000000.0,32346000000.0,11273000000.0,17125000000.0,1326000000.0,11727200000.0,0.18827050993736627
ウチヤマホールディングス,6059,サービス業,スタンダード（内国株式）,JP,2025-03-31,福岡県,6617365504.0,0.46136758,,22.360655,30.974825105433048,0.65529996,0.0,15.25,,11.051209958058976,29105853000.0,208516000.0,0.0019200001,2051278000.0,0.01001,0.02071,0.4585294606634179,16818402000.0,8116903000.0,15736778000.0,12618288000.0,11616659000.0,1334670000.0,-147355000.0,-0.022267925190308485
ユニバーサル園芸社,6061,サービス業,スタンダード（内国株式）,JP,2025-06-30,大阪府,25899139072.0,1.7045637,,12.600824,9.706677014291413,0.0583,0.004631279,223.16,,174.20787894437362,,,0.18943001,,0.10142,0.15614,,,,,,,,,
チャーム・ケア・コーポレーション,6062,サービス業,プライム（内国株式）,JP,2025-06-30,大阪府,45263720448.0,2.0966043,8.699749,13.687123,11.471096314475048,0.50380003,0.0,101.19,159.2,130.79000004618638,46673000000.0,3845000000.0,0.10185,2936000000.0,0.066599995,0.14607,0.39449383752432554,31737000000.0,23582000000.0,21905000000.0,13452000000.0,9149000000.0,2195000000.0,-8295500000.0,-0.18327039664205377
日本エマージェンシーアシスタンス,6063,サービス業,スタンダード（内国株式）,JP,2025-12-31,東京都,2292411904.0,1.2116338,,22.519178,46.43585992869467,0.2226,0.009911894,40.41,,19.06381863867861,3714674000.0,96112000.0,0.01867,101886000.0,0.02678,0.05546,0.4948427577972169,1926648000.0,1901168000.0,3607664000.0,1080000000.0,2491423000.0,,1681016000.0,0.7332957908074098
トレンダーズ,6069,サービス業,グロース（内国株式）,JP,2025-03-31,東京都,4841950208.0,1.1301154,5.541741,22.494593,16.763873729390575,1.2613,0.0,27.74,112.6,63.909998827554595,6191610000.0,988680000.0,0.054780003,600742000.0,0.02609,0.04996,0.512785155078037,4145887000.0,3402747000.0,7390763000.0,2218706000.0,2376969000.0,,3244876000.0,0.6701588947855616
キャリアリンク,6070,サービス業,プライム（内国株式）,JP,2025-03-31,東京都,26283008000.0,1.6414552,11.273561,10.238734,12.041839474282895,0.5554,0.0,216.14,196.3,184.16000718799543,40397672000.0,2693450000.0,0.056110002,1829532000.0,0.05797,0.16874,0.7452945635939329,4965492000.0,4353194000.0,18288963000.0,689164000.0,10724275000.0,222709000.0,13479367300.0,0.5128548185961059
ＩＢＪ,6071,サービス業,プライム（内国株式）,JP,2025-12-31,東京都,31354949632.0,2.8840728,16.880733,15.079221,15.246705178258045,0.1822,0.0121654505,54.91,49.05,40.15999988612708,20172914000.0,3608698000.0,0.21291,2077304000.0,0.10938,0.24693,0.31455757200024276,20601354000.0,11596180000.0,12782332000.0,12724475000.0,4935131000.0,2356768000.0,-6169284400.0,-0.19675631670298707
地盤ネットホールディングス,6072,サービス業,スタンダード（内国株式）,JP,2025-03-31,東京都,32142897152.0,22.415142,,161.5558,-41.88242693163218,0.0,0.0,8.87,,-4.154487042597441,1877959000.0,109443000.0,0.029660001,74227000.0,0.0617,0.15004,0.8037078579777218,291379000.0,289378000.0,1388137000.0,45842000.0,821680000.0,,1096758000.0,0.03412131752821035
アサンテ,6073,サービス業,プライム（内国株式）,JP,2025-03-31,東京都,12988216320.0,1.3518022,15.3641615,53.181274,32.06852019795016,2.478,0.022692889,24.99,86.5,47.46999840162156,14024081000.0,1226213000.0,0.02106,687898000.0,0.08601,0.095290005,0.6792714724279183,4601217000.0,2064264000.0,9350561000.0,2356504000.0,7106131000.0,20534000.0,4763717800.0,0.36677228671226814
ジェイエスエス,6074,サービス業,スタンダード（内国株式）,JP,2025-03-31,大阪府,1960493056.0,0.61611956,4.9542217,8.080305,8.35755520682859,0.33200002,0.0,60.27,98.3,56.50920597064938,8381933000.0,252190000.0,0.011390001,192605000.0,0.02833,0.07817,0.40037453472357587,4509662000.0,1999532000.0,1450310000.0,2512481000.0,1067040000.0,27055000.0,-3040413500.0,-1.5508412491923664
バリューＨＲ,6078,サービス業,プライム（内国株式）,JP,2025-12-31,東京都,36203573248.0,5.247809,,57.75789,56.20577320967374,1.1069,0.019504877,23.46,,29.52999976594748,10068322000.0,883326000.0,0.076570004,629022000.0,0.05785,0.09072,0.378577967093927,11319128000.0,6423122000.0,6574400000.0,5085610000.0,4931033000.0,1492301000.0,-3700117300.0,-0.10220309676764865
Ｍ＆Ａキャピタルパートナーズ,6080,サービス業,プライム（内国株式）,JP,2025-09-30,東京都,110112776192.0,2.3898084,16.609941,18.930288,16.339071525631137,0.2845,0.014801136,183.04,208.61,140.08600430875532,22448727000.0,7126679000.0,0.39426997,5070542000.0,0.25511,0.14276,0.7760550541471098,12490281000.0,8031058000.0,46916092000.0,3110122000.0,16243092000.0,2877559000.0,36440102300.0,0.33093437074423226
アライドアーキテクツ,6081,サービス業,グロース（内国株式）,JP,2025-12-31,東京都,3123289600.0,1.8008959,7.309833,,-4.45971810083848,0.0,0.0,-51.81,26.95,-36.32516592686476,2990959000.0,-188437000.0,-0.03129,-743342000.0,-0.113299996,-0.15484999,0.5488631540094122,1310424000.0,964535000.0,2498434000.0,454268000.0,1528242000.0,268074000.0,1375661800.0,0.4404528481764867
ライドオンエクスプレスホールディングス,6082,サービス業,スタンダード（内国株式）,JP,2025-03-31,東京都,9582573568.0,1.0831441,19.878048,13.684063,29.315716198107868,0.20979999,0.0,71.47,49.2,34.150000194496485,,,0.06206,,0.02933,0.08283,0.6176461242118797,4966526000.0,3340594000.0,8709499000.0,1649667000.0,6544597000.0,2497131000.0,5490964700.0,0.5730156581668729
ＥＲＩホールディングス,6083,サービス業,スタンダード（内国株式）,JP,2025-05-31,東京都,29593860096.0,3.9558702,,13.501519,14.126860040466074,0.2903,0.021356784,292.93,,159.87999374610914,19765494000.0,2045769000.0,0.21677999,1293720000.0,0.122700006,0.44101003,0.47207689969951006,7050690000.0,4841457000.0,9579233000.0,2550829000.0,5863509000.0,96034000.0,2595766800.0,0.08771301856464653
アーキテクツ・スタジオ・ジャパン,6085,サービス業,グロース（内国株式）,JP,2025-03-31,東京都,48535343104.0,-217.59259,,,-0.3971555265270899,0.0,0.0,-2.51,,-49.015219398228666,897496000.0,-96615000.0,-1.39716,-79904000.0,-0.81004995,,0.04535616780918806,1896149000.0,575656000.0,630582000.0,1338209000.0,211375000.0,,-1265567000.0,-0.026075163356488136
シンメンテホールディングス,6086,サービス業,グロース（内国株式）,JP,2026-02-28,東京都,20621520896.0,4.4481196,10.494954,16.676847,14.656866510302383,0.3053,0.018570103,65.48,104.05,52.860666225692526,29946500000.0,1857431000.0,0.01701,1239496000.0,0.04137,0.30264,0.4181851122977908,6451537000.0,5700989000.0,9000563000.0,226557000.0,4656726000.0,1159182000.0,3360453400.0,0.1629585624138826
