会社名,銘柄コード,業種,優先市場,市場タイプ,決算月,都道府県,時価総額,PBR,PER(会予),PER(過去12ヶ月),PER(前年度),配当方向性,配当利回り,EPS(過去12ヶ月),EPS(予想),EPS(前年度),売上高,営業利益,営業利益率,当期純利益,純利益率,ROE,自己資本比率,負債,流動負債,流動資産,総負債,現金及び現金同等物,投資有価証券,ネットキャッシュ,ネットキャッシュ比率
大王製紙,3880,パルプ・紙,プライム（内国株式）,JP,2025-03-31,,162615001088.0,0.6792671,18.58121,,42.22109217127939,23.1884,0.014141414,-20.1,52.58,26.889549605636073,668912000000.0,9808000000.0,0.05487,-11197000000.0,0.00592,0.02016,0.2671572997948234,636355000000.0,266702000000.0,360882000000.0,444637000000.0,113189000000.0,21382000000.0,-260505600000.0,-1.6019776666177676
ニッポン高度紙工業,3891,パルプ・紙,スタンダード（内国株式）,JP,2025-03-31,,47882063872.0,1.900384,20.464277,26.078466,12.519848382240202,0.4305,0.016198704,174.09,221.85,138.9600037951609,16033765000.0,2460651000.0,0.18974,1781054000.0,0.12578,0.091529995,0.6777371261510852,11365995000.0,6768881000.0,17507454000.0,8286943000.0,4126719000.0,302683000.0,6353337100.0,0.13268720239344658
岡山製紙,3892,パルプ・紙,スタンダード（内国株式）,JP,2025-05-31,岡山県,8003204096.0,0.57965356,,10.737878,5.584010253894435,0.3118,0.0,160.46,,250.1899912501327,11522767000.0,1032592000.0,0.081149995,798698000.0,0.066139996,0.05362,0.7800839845409626,3649183000.0,2906595000.0,10140417000.0,38694000.0,2866006000.0,3656133000.0,9050527100.0,1.1308629633128378
ハビックス,3895,パルプ・紙,スタンダード（内国株式）,JP,2025-03-31,岐阜県,3237055232.0,0.44496942,,4.9462366,7.202668018880746,0.1912,0.03846154,83.7,,86.88714699356538,13403100000.0,695011000.0,0.04361,672450000.0,0.05014,0.09604,0.590202881925855,5044246000.0,3912547000.0,8335434000.0,1301206000.0,2231282000.0,149601000.0,3395908700.0,1.0490734499768954
阿波製紙,3896,パルプ・紙,スタンダード（内国株式）,JP,2025-03-31,徳島県,4540881920.0,0.92841583,,,99.80769535211805,0.0,0.0,-22.3,,5.199999841384837,17124457000.0,432415000.0,0.00915,35867000.0,-0.01808,-0.007850001,0.1977941571852789,19605176000.0,9256432000.0,9247124000.0,12597418000.0,988726000.0,199818000.0,-10218179400.0,-2.2502631823555546
クラウドワークス,3900,情報・通信業,グロース（内国株式）,JP,2025-09-30,東京都,10046509056.0,1.5210346,8.236057,,23.69103101599111,0.0,0.0,-16.27,77.1,57.870001481767275,22657413000.0,1759112000.0,0.00974,-257066000.0,-0.01863,-0.05367,0.42025544921575014,8944728000.0,5593074000.0,11486209000.0,3912133000.0,8090366000.0,,2541481000.0,0.25297155318664355
マークラインズ,3901,情報・通信業,プライム（内国株式）,JP,2025-12-31,東京都,19361964032.0,2.9628096,10.270453,13.081295,17.62968973919645,0.4477,0.033766232,116.12,147.9,119.28999803219058,5570370000.0,2095580000.0,0.39755002,1519709000.0,0.27271,0.22972,0.7418825173990045,2234300000.0,2220505000.0,4296679000.0,,3802363000.0,2806041000.0,4026607700.0,0.20796483731428925
メディカル・データ・ビジョン,3902,情報・通信業,プライム（内国株式）,JP,2025-12-31,東京都,63750811648.0,20.691519,65.65302,227.26047,-18.95529809307493,0.0,0.0,7.41,25.65,-20.732989693450264,6539159000.0,349464000.0,0.13439,280242000.0,0.04282,0.08816,0.645222202410998,1667200000.0,1510544000.0,3356368000.0,,1713216000.0,147982000.0,1792755400.0,0.02812129530050058
ｇｕｍｉ,3903,情報・通信業,プライム（内国株式）,JP,2025-04-30,東京都,17901117440.0,0.86512226,6.936759,6.140658,-2.579484110956036,0.0,0.0,57.16,50.6,-150.02999954768705,8942741000.0,370823000.0,0.09826,2063322000.0,0.28732002,0.112040006,0.7103686430947271,6004411000.0,5112234000.0,15736683000.0,4031567000.0,6077083000.0,1523345000.0,10798613500.0,0.6032368390517637
カヤック,3904,情報・通信業,グロース（内国株式）,JP,2025-12-31,神奈川県,6579444224.0,1.1351703,,10.021122,48.69204957805958,0.0915,0.009069768,42.61,,9.253020921711459,20094686000.0,1071177000.0,0.062329996,683924000.0,0.03399,0.11411,0.4276651532255828,7259328000.0,5372655000.0,9993763000.0,3229640000.0,5250215000.0,243332000.0,2904767400.0,0.44149130247266305
データセクション,3905,情報・通信業,グロース（内国株式）,JP,2025-03-31,東京都,40189112320.0,2.7560763,,,-8.707029752832499,0.0,0.0,-95.18,,-84.0700009968235,2942635000.0,-496002000.0,0.07318,-654991000.0,-0.048600003,-0.087390006,0.5189904333309897,2193818000.0,1877443000.0,1391803000.0,1370117000.0,526039000.0,62735000.0,-758100500.0,-0.018863330296119366
シリコンスタジオ,3907,情報・通信業,スタンダード（内国株式）,JP,2025-11-30,東京都,1641496832.0,0.9439308,,7.96696,31.22522222222222,0.1333,0.0,75.06,,25.62031406234988,4303000000.0,150000000.0,0.118669994,206000000.0,0.019709999,0.04977,0.6620271234832262,947000000.0,705000000.0,2391000000.0,340000000.0,1591000000.0,69000000.0,1492300000.0,0.9091092781347506
コラボス,3908,情報・通信業,グロース（内国株式）,JP,2025-03-31,東京都,1629146752.0,1.2230835,,11.844332,-1.9147756344124052,0.0,0.0,29.55,,-177.80699949129274,1906946000.0,75494000.0,0.03659,144924000.0,0.06758,0.09264,0.7441778870611199,444044000.0,308276000.0,1513377000.0,285531000.0,1307016000.0,,1069333000.0,0.6563761052755056
ショーケース,3909,情報・通信業,スタンダード（内国株式）,JP,2024-12-31,東京都,1980293760.0,1.1662484,,7.4444084,-21.419992371588403,0.0,0.0,31.03,,-14.612516875363827,6211422000.0,-165842000.0,0.01567,-742757000.0,0.27921,0.53895,0.22829970297043903,2191296000.0,1405408000.0,2994395000.0,1858347000.0,1233814000.0,42091000.0,832562700.0,0.42042383651201326
エムケイシステム,3910,情報・通信業,スタンダード（内国株式）,JP,2025-03-31,大阪府,1606538240.0,2.338479,,266.66666,-2.7682105884737394,3.5714002,0.013333334,1.11,,-123.17397310803108,3290195000.0,-23483000.0,0.084,-118568000.0,0.03618,0.18833,0.2734289352204628,1766485000.0,1210080000.0,1512994000.0,1203294000.0,606324000.0,,-253491000.0,-0.1577870938198147
Ａｉｍｉｎｇ,3911,情報・通信業,グロース（内国株式）,JP,2025-12-31,東京都,8773621760.0,1.2759777,,8.082545,-28.142586216297826,0.0,0.0,23.26,,-7.497534106435694,15826223000.0,2079810000.0,-0.00596,1086086000.0,0.06862,0.19429001,0.7469604315941087,2309041000.0,2148451000.0,7807650000.0,100000000.0,5498628000.0,,5498609000.0,0.6267205437404222
モバイルファクトリー,3912,情報・通信業,スタンダード（内国株式）,JP,2025-12-31,東京都,7877025280.0,2.8089628,11.4326105,17.930525,9.96659039435744,0.65029997,0.03642384,67.65,106.1,92.1975976295965,3427344000.0,1121468000.0,0.32771,488458000.0,0.1424,0.15043001,0.7749219792284695,895672000.0,895672000.0,3793779000.0,,3149830000.0,123912000.0,2984845400.0,0.37893053454818926
ＧｒｅｅｎＢｅｅ,3913,情報・通信業,スタンダード（内国株式）,JP,2025-12-31,東京都,2250348800.0,1.8644176,,12.741401,19.723628344926993,0.0,0.0,87.51,,27.885335820650997,961943000.0,165100000.0,0.12752,203898000.0,0.21124001,0.15736,0.8291893722814387,286432000.0,186624000.0,1557541000.0,99999000.0,1276587000.0,,1271109000.0,0.5648497690669109
ＪＩＧ－ＳＡＷ,3914,情報・通信業,グロース（内国株式）,JP,2025-12-31,東京都,16191005696.0,4.8101625,,38.9249,47.01627219404594,0.0,0.0,63.25,,71.89000408305526,3625500000.0,549777000.0,0.16055,418233000.0,0.11531,0.12826,0.636346253983777,1924716000.0,1339337000.0,3955651000.0,700006000.0,2380933000.0,218876000.0,2184148200.0,0.13489885934260373
テラスカイ,3915,情報・通信業,プライム（内国株式）,JP,2025-02-28,東京都,23545792512.0,1.8736999,24.78261,14.964313,28.82311051500485,0.1314,0.00867679,121.89,73.6,78.89000125179558,,,0.08939999,,0.05604,0.12504,0.5691957253407662,6630547000.0,5724761000.0,12844915000.0,205958000.0,6512437000.0,4269158000.0,9202778600.0,0.3908459906503401
デジタル・インフォメーション・テクノロジー,3916,情報・通信業,プライム（内国株式）,JP,2025-06-30,東京都,28078110720.0,3.2652752,7.007353,12.899297,15.818983853702706,0.53470004,0.041274816,73.88,136.0,56.412708419569746,24159035000.0,3013992000.0,0.13215,2178368000.0,0.0866,0.27299,0.7162376558429586,3088897000.0,2791520000.0,9474059000.0,25100000.0,5354155000.0,563802000.0,6779823400.0,0.24146294840167937
アイリッジ,3917,情報・通信業,グロース（内国株式）,JP,2025-03-31,東京都,3703204096.0,1.2070422,28.841465,5.828712,-3.3971051049752425,0.0,0.0,81.15,16.4,-161.90255614832037,6708400000.0,219067000.0,0.02316,13901000.0,-0.03421,-0.04874,0.41898448369026836,3388308000.0,2600608000.0,4555400000.0,1507500000.0,2738928000.0,97988000.0,1235683600.0,0.3336795834004176
ＰＣＩホールディングス,3918,情報・通信業,スタンダード（内国株式）,JP,2025-03-31,東京都,10443327488.0,1.1242114,7.0643435,12.797475,9.50329073037989,0.42509997,0.047169812,82.36,149.2,100.0921983992007,25084943000.0,1054911000.0,0.037550002,817590000.0,0.03683,,0.5675067409101249,6448056000.0,5438517000.0,12123167000.0,511524000.0,4085074000.0,206103000.0,5819383100.0,0.557234569794619
アイビーシー,3920,情報・通信業,スタンダード（内国株式）,JP,2025-09-30,東京都,5746394112.0,2.5885592,,13.954117,13.445408627855928,0.162,0.0,74.1,,41.46000100871094,2404511000.0,565084000.0,-0.106750004,410714000.0,0.09947,0.08844,0.6078888153753088,1466219000.0,1420490000.0,3033844000.0,801490000.0,2414134000.0,365723000.0,1823631100.0,0.3173522498555699
ネオジャパン,3921,情報・通信業,プライム（内国株式）,JP,2025-01-31,神奈川県,22064197632.0,2.9518108,54.843204,12.178891,16.628887899802322,0.4025,0.0,129.24,28.7,100.20000192731965,,,0.2612,,0.14574,0.12353,0.6825060189747998,2926477000.0,2514779000.0,6570121000.0,2720000.0,5396914000.0,1540928000.0,4722293600.0,0.21402516777456682
ＰＲ　ＴＩＭＥＳ,3922,情報・通信業,プライム（内国株式）,JP,2025-02-28,東京都,28083412992.0,3.027761,16.957586,11.903808,22.362759092570332,0.079,0.0066925315,174.65,122.6,85.66999702283213,8003435000.0,1877329000.0,0.27055,1118896000.0,0.25118,0.29639998,0.8376801391560269,1337188000.0,1335681000.0,6595773000.0,2002000.0,5605260000.0,70799000.0,5308144300.0,0.18901350421731533
ラクス,3923,情報・通信業,プライム（内国株式）,JP,2025-03-31,東京都,318485954560.0,11.667489,15.05776,29.791323,87.78439732417318,0.0761,0.0025120017,30.19,59.73,11.55000001076344,48904000000.0,10193000000.0,0.30884,8003000000.0,0.2083,0.51668,0.6942882416124344,9677000000.0,9462000000.0,19296000000.0,216000000.0,11368000000.0,3877000000.0,12332900000.0,0.038723528693873965
ダブルスタンダード,3925,情報・通信業,プライム（内国株式）,JP,2025-03-31,東京都,18787026944.0,2.9478068,11.44033,12.692904,13.745046804229522,0.5478,0.043010753,109.51,121.5,122.02569589294356,8000645000.0,2606352000.0,0.23687,1782293000.0,0.18139,0.21395001,0.8480916973821627,1143271000.0,1095535000.0,6402871000.0,,5346541000.0,,5259600000.0,0.279959144982211
オープンドア,3926,情報・通信業,スタンダード（内国株式）,JP,2025-03-31,東京都,9986347008.0,2.8415608,52.786884,,-148.6338792223972,0.0,0.0,-7.03,6.1,-5.490000020648316,2405078000.0,-102059000.0,-0.03375,-120685000.0,-0.47548,-0.29681,0.9047216537095762,457527000.0,414926000.0,2760741000.0,,2212825000.0,1625579000.0,3441119300.0,0.3445823880587507
フーバーブレイン,3927,情報・通信業,スタンダード（内国株式）,JP,2025-03-31,東京都,5558168576.0,2.5059395,,13.769363,132.76443085559356,0.0,0.0,75.53,,5.16551524738177,4373104000.0,187401000.0,0.053039998,109457000.0,0.078049995,0.23900999,0.27440037999962885,3874595000.0,1830860000.0,3326249000.0,363002000.0,1522935000.0,135802000.0,-453284600.0,-0.08155287012295181
マイネット,3928,情報・通信業,スタンダード（内国株式）,JP,2025-12-31,東京都,2351899392.0,1.5472995,3.3013203,10.257367,11.3057054031608,0.0,0.0,26.81,83.3,29.10035139497086,7478296000.0,374476000.0,0.0356,228133000.0,0.03049,0.1542,0.3244187628682171,3167718000.0,2046215000.0,3524195000.0,2147118000.0,2372984000.0,211006000.0,504181200.0,0.21437192497050486
ソーシャルワイヤー,3929,情報・通信業,グロース（内国株式）,JP,2025-03-31,,3746799104.0,2.184718,23.880598,20.151133,-10.605703260528077,0.0,0.0,15.88,13.4,-24.515111691617715,2905402000.0,136976000.0,0.097799994,170042000.0,0.05643,0.11572,0.6119803864720121,945865000.0,781930000.0,1941315000.0,194201000.0,1411601000.0,58606000.0,1036474200.0,0.27662924305001646
はてな,3930,情報・通信業,グロース（内国株式）,JP,2024-07-31,東京都,3513368832.0,1.2113019,,25.231432,36.46278376515103,0.0,0.0,46.45,,21.089996994002544,,,0.06609,,0.03803,0.04889,0.8797925049618827,349705000.0,310228000.0,2278977000.0,,1504887000.0,193940000.0,2065030000.0,0.5877635109617777
バリューゴルフ,3931,情報・通信業,グロース（内国株式）,JP,2025-01-31,東京都,3319108096.0,3.096184,15.50211,,314.00322580843545,2.5432,0.0,-4.4,118.5,3.0545564030287653,,,-0.01175,,-0.00158,-0.00638,0.42486339262144546,1522914000.0,1329577000.0,2193840000.0,943229000.0,885625000.0,67979000.0,718511300.0,0.21647722195788346
アカツキ,3932,情報・通信業,プライム（内国株式）,JP,2025-03-31,東京都,40526577664.0,0.9408812,13.506369,19.38332,23.61579726055946,0.759,0.03877335,144.97,208.05,101.07000015615628,23652000000.0,3916000000.0,0.20358999,1646000000.0,0.15695,0.090579994,0.7584748865133988,13178000000.0,7378000000.0,41252000000.0,6100000000.0,28377000000.0,11375000000.0,36036500000.0,0.8892065917525387
チエル,3933,情報・通信業,スタンダード（内国株式）,JP,2025-03-31,東京都,5124563968.0,1.6857107,12.633517,10.048338,12.804187339732875,0.1758,0.017366135,68.27,54.3,46.760001242723106,6896797000.0,677929000.0,0.0664,423814000.0,0.057940003,0.20952,0.29185714383959965,6773624000.0,4202144000.0,6222115000.0,2670122000.0,3135963000.0,977249000.0,132565300.0,0.025868600885420735
ベネフィットジャパン,3934,情報・通信業,スタンダード（内国株式）,JP,2025-03-31,大阪府,11223889920.0,1.3355417,,12.189832,9.210900693816484,0.2744,0.022655427,156.77,,123.45000029397016,12745109000.0,1220502000.0,0.08579001,830895000.0,0.058909997,0.11776,0.6694411916209515,3920920000.0,2549537000.0,11045268000.0,1981202000.0,4229774000.0,5524000.0,7128214800.0,0.6350930783184303
エディア,3935,情報・通信業,スタンダード（内国株式）,JP,2025-02-28,東京都,4035032576.0,3.3262835,40.058823,9.288053,17.546488740772794,0.17729999,0.0,73.32,17.0,21.350001088276898,3607053000.0,262858000.0,-0.63636,234016000.0,-0.6939,-0.69077003,0.45744545634389117,1626336000.0,1135087000.0,2700488000.0,923304000.0,1767927000.0,5000000.0,1077652000.0,0.2670739280792364
グローバルウェイ,3936,情報・通信業,グロース（内国株式）,JP,2025-03-31,東京都,7348638208.0,9.656962,2.284091,89.73214,-28.14863504752914,0.0,0.0,2.24,88.0,-5.470957996363592,3071643000.0,-261140000.0,0.0061500003,-320046000.0,-0.1752,-0.60668,0.4044471499673344,596616000.0,596615000.0,1601276000.0,241640000.0,559007000.0,119968000.0,1088637600.0,0.14814140650098528
Ｕｂｉｃｏｍホールディングス,3937,情報・通信業,スタンダード（内国株式）,JP,2025-03-31,東京都,11759543296.0,2.036694,9.371981,11.966445,26.64958937903491,0.3085,0.04085802,81.06,103.5,44.149999047592594,6340989000.0,1315570000.0,0.22555,858398000.0,0.15455,0.16533001,0.7117534978500474,2268617000.0,1771613000.0,6604056000.0,407479000.0,4860452000.0,352449000.0,4582153300.0,0.3896540184140158
カナミックネットワーク,3939,情報・通信業,プライム（内国株式）,JP,2025-09-30,東京都,26718457856.0,54.559547,20.251799,24.039282,27.892802074060125,0.3202,0.0,23.42,27.8,19.37999984959255,5500786000.0,1606662000.0,0.32044998,1111528000.0,0.21077,0.27003,0.7106596719134449,1892933000.0,1359996000.0,3756413000.0,657677000.0,3327111000.0,21858000.0,1878780600.0,0.07031770359373843
ノムラシステムコーポレーション,3940,情報・通信業,スタンダード（内国株式）,JP,2025-12-31,,6125193216.0,1.7539037,2.504673,15.175538,14.851235938460817,0.402,0.0,8.83,53.5,7.930000055675728,3320879000.0,586395000.0,0.18486999,403659000.0,0.12139,0.118999995,0.886481278668312,451508000.0,432781000.0,3418575000.0,,2700032000.0,285000000.0,3166567000.0,0.5169742224177374
レンゴー,3941,パルプ・紙,プライム（内国株式）,JP,2025-03-31,大阪府,322705522688.0,0.6586692,8.268191,15.255629,8.064637401626431,0.4106,0.026799388,85.28,157.35,133.32640668503166,993251000000.0,37410000000.0,0.049829997,28979000000.0,0.03241,0.06878,0.3732298514378385,742872000000.0,411479000000.0,469481000000.0,448527000000.0,80563000000.0,156961000000.0,-163518300000.0,-0.5067105720347206
大石産業,3943,パルプ・紙,スタンダード（内国株式）,JP,2025-03-31,福岡県,10841724928.0,0.5727432,,13.594334,7.350946163438967,0.45259997,0.044765342,101.66,,137.525826446281,23485000000.0,904000000.0,0.03306,944000000.0,0.02609,0.03232,0.699010939607373,7970000000.0,6310000000.0,15506000000.0,641000000.0,7441000000.0,1528000000.0,8605600000.0,0.793748232605962
古林紙工,3944,パルプ・紙,スタンダード（内国株式）,JP,2025-12-31,大阪府,2662605568.0,0.3013898,,8.421939,8.126691459429997,0.17549999,0.020703934,284.97,,222.68995359056566,17865127000.0,432616000.0,0.0324,315383000.0,0.031170001,0.0584,0.4908112283802958,9544703000.0,7274957000.0,8777522000.0,3113670000.0,1771614000.0,5021011000.0,2747526700.0,1.0318939962496165
スーパーバッグ,3945,パルプ・紙,スタンダード（内国株式）,JP,2025-03-31,東京都,3420609024.0,0.66340333,,3.5388846,4.087580394862221,0.1383,0.038709678,650.77,,570.7619606266518,27579000000.0,904000000.0,0.04531,976000000.0,0.02955,0.16635,0.323013698630137,9873000000.0,7356000000.0,10173000000.0,3133000000.0,2834000000.0,1483000000.0,1338100000.0,0.3911876483431741
トーモク,3946,パルプ・紙,プライム（内国株式）,JP,2025-03-31,東京都,57574227968.0,0.5878946,6.2905555,7.7880926,7.527551709855287,0.2678,0.034383953,448.12,554.8,322.9900063557472,219613000000.0,9360000000.0,0.060300004,6508000000.0,0.03418,0.080649994,0.44835972440468996,113454000000.0,53497000000.0,89483000000.0,67663000000.0,21002000000.0,11012000000.0,-16262600000.0,-0.2824631883737776
ダイナパック,3947,パルプ・紙,スタンダード（内国株式）,JP,2025-12-31,愛知県,23021318144.0,0.49123672,,7.3792777,5.835053174281032,0.25,0.033855267,319.95,,299.51001441677533,67083405000.0,2881979000.0,0.03241,3178092000.0,0.04737,0.068280004,0.5521748713333239,37034357000.0,30118813000.0,30613299000.0,7259685000.0,5100333000.0,19318214000.0,7101691800.0,0.30848328299788946
光ビジネスフォーム,3948,パルプ・紙,スタンダード（内国株式）,JP,2025-12-31,東京都,6410391040.0,1.1151012,,43.037518,23.88374805645615,1.6228,0.012552301,27.72,,28.871262309758283,7743777000.0,202180000.0,0.0196,151742000.0,0.01466,0.01607,0.811027233602851,2183620000.0,1365665000.0,4888407000.0,319272000.0,3307864000.0,1910666000.0,4042253200.0,0.6305782556441362
ザ・パック,3950,パルプ・紙,プライム（内国株式）,JP,2025-12-31,大阪府,73507004416.0,0.9543755,,12.347063,10.372576178617084,0.38599998,0.030845523,107.07,,111.11000087114745,103125000000.0,7208000000.0,0.09292,6024000000.0,0.05841,0.07954,0.7388208651594826,27218000000.0,25920000000.0,61667000000.0,462000000.0,24061000000.0,6114000000.0,38728800000.0,0.5268722390157698
朝日印刷,3951,パルプ・紙,スタンダード（内国株式）,JP,2025-03-31,富山県,17887303680.0,0.5289689,,13.319987,10.991733089902782,0.5852,0.02306805,64.94,,75.32972322503008,43945035000.0,2076099000.0,0.02175,1704990000.0,0.03198,0.04196,0.4864229464649583,34890843000.0,14419218000.0,29578160000.0,21535819000.0,10271943000.0,4615632000.0,-2081740600.0,-0.11638090554294206
大村紙業,3953,パルプ・紙,スタンダード（内国株式）,JP,2025-03-31,,2813712896.0,0.57338744,,,10.239142337211666,0.50560004,0.0,-26.71,,69.80679584386408,5939115000.0,276249000.0,0.07581,-109789000.0,-0.0111,-0.01316,0.7096138153337362,1997052000.0,1218418000.0,4539299000.0,227050000.0,2758312000.0,237097000.0,2708214900.0,0.9625057708801857
昭和パックス,3954,パルプ・紙,スタンダード（内国株式）,JP,2025-03-31,東京都,13521218560.0,0.53796524,,11.334364,8.430132520104237,0.1472,0.012924071,271.74,,216.74002044086137,23316657000.0,1377754000.0,0.06604,1320253000.0,0.0533,0.050100002,0.7024467595358483,9105317000.0,7075041000.0,19260696000.0,1211650000.0,8943586000.0,5806011000.0,14219586700.0,1.0516497930198385
イムラ,3955,パルプ・紙,スタンダード（内国株式）,JP,2025-01-31,大阪府,8828558336.0,0.49398825,,8.098688,12.322110816222887,0.2751,0.033898305,109.03,,94.09999937596842,20904000000.0,1309000000.0,0.00299,771000000.0,0.0437,0.05134,0.7104620787118324,6595000000.0,5801000000.0,8513000000.0,2190000000.0,2817000000.0,960000000.0,2590000000.0,0.29336613084820645
笹徳印刷,3958,パルプ・紙,スタンダード（内国株式）,JP,2024-06-30,愛知県,3058461696.0,0.31967568,,12.961673,7.860613252273021,0.41830003,0.03202847,43.05,,71.28462670334592,,,0.03085,,0.01947,0.02542,0.6140409685625179,5949291000.0,4447460000.0,6191462000.0,983234000.0,1742918000.0,3863421000.0,2946565700.0,0.9634142889066282
チェンジホールディングス,3962,情報・通信業,プライム（内国株式）,JP,2025-03-31,東京都,64151785472.0,1.3576534,6.875466,9.168655,21.1588763597773,0.2079,0.0,100.56,134.1,57.94349114727596,46387000000.0,12553000000.0,0.41856998,7532000000.0,0.08971,0.29529,0.3936826033018418,55117000000.0,23411000000.0,49820000000.0,34468000000.0,30185000000.0,7460000000.0,-75000000.0,-0.0011691023008663548
シンクロ・フード,3963,情報・通信業,プライム（内国株式）,JP,2025-03-31,東京都,12506994688.0,2.6397874,22.98969,26.48456,21.59581238173654,0.8918,0.0,16.84,19.4,26.289999941384302,3951497000.0,1097202000.0,0.06531,659265000.0,0.2684,,0.8687640859239526,804565000.0,772575000.0,5683214000.0,,4997759000.0,14952000.0,4889115400.0,0.39091048824790225
オークネット,3964,情報・通信業,プライム（内国株式）,JP,2025-12-31,東京都,109136928768.0,4.142605,6.8042984,18.516237,13.778776589671736,0.4082,0.02173913,64.97,176.8,46.97750023423313,64139920000.0,9517806000.0,0.08874,5921726000.0,0.09232,0.22961001,0.5188098472853004,24159165000.0,21797554000.0,40642763000.0,,23104387000.0,1957501000.0,17853848700.0,0.16359126925729398
キャピタル・アセット・プランニング,3965,情報・通信業,スタンダード（内国株式）,JP,2025-09-30,大阪府,4884155904.0,1.3125933,5.4592166,12.148064,27.0584112031761,0.2573,0.0,69.97,155.7,27.34907065849751,9689408000.0,530589000.0,0.07211,401823000.0,0.043670002,0.12814,0.5710219050648309,2700410000.0,1956921000.0,4677662000.0,1411294000.0,1768686000.0,920901000.0,2621882700.0,0.5368138838182345
エルテス,3967,情報・通信業,グロース（内国株式）,JP,2025-02-28,東京都,3679037952.0,1.9970129,,,21.426896673947347,0.0,0.0,-27.44,,42.609996860166106,7317064000.0,93326000.0,0.00082,-860379000.0,-0.093310006,-0.34704,0.2496687045708815,5515064000.0,3079285000.0,4067543000.0,4213233000.0,2517438000.0,417970000.0,-1154942000.0,-0.31392500296773235
セグエグループ,3968,情報・通信業,プライム（内国株式）,JP,2025-12-31,東京都,19081060352.0,3.9794734,7.6197386,14.116698,40.129510629327804,0.3495,0.02457467,37.19,68.9,15.579999945989194,25074483000.0,1854285000.0,0.058029998,1191196000.0,0.0475,0.32437,0.22468284613212303,14246697000.0,12789298000.0,15579725000.0,3977766000.0,2382084000.0,661004000.0,1795730800.0,0.09411063991586709
エイトレッド,3969,情報・通信業,スタンダード（内国株式）,JP,2025-03-31,東京都,10459593728.0,1.9319596,,14.984447,14.253562813397508,0.35459998,0.0,93.23,,95.3306402981616,2766310000.0,1058199000.0,0.37963,728342000.0,0.25847,0.14345,0.8196248124876149,1130517000.0,1044109000.0,5435933000.0,,4991470000.0,,4305416000.0,0.4116236358659456
イノベーション,3970,情報・通信業,グロース（内国株式）,JP,2025-03-31,東京都,2430787840.0,0.82427526,39.694324,,12.432247165371843,1.5828999,0.0,-85.19,22.9,94.18999401768961,5343785000.0,351871000.0,-0.03571,67478000.0,-0.03821,-0.06397,0.4069606249858803,4254477000.0,3748294000.0,4975920000.0,2600707000.0,3576474000.0,104358000.0,794493600.0,0.326846130676711
ＳＣＡＴ,3974,情報・通信業,スタンダード（内国株式）,JP,2025-10-31,栃木県,1819912832.0,0.8907259,,13.2739315,10.506331710035047,0.3199,0.024054984,43.77,,35.86592502690598,2605272000.0,193040000.0,0.06667,125510000.0,0.051170003,0.06774,0.6715194088827021,997227000.0,482803000.0,1615947000.0,116840000.0,1240234000.0,69750000.0,667545000.0,0.36680053476319463
シャノン,3976,情報・通信業,グロース（内国株式）,JP,2024-10-31,東京都,2293341184.0,2.3306375,,,-3.4732756385372934,0.0,0.0,-36.94,,-145.68380188020225,3206743000.0,-51624000.0,0.08387999,-101613000.0,-0.00842,,-0.024219606339209082,2222026000.0,986827000.0,1376156000.0,1388457000.0,763133000.0,188896000.0,-713642800.0,-0.31118038823829886
うるる,3979,情報・通信業,グロース（内国株式）,JP,2025-03-31,東京都,9548725248.0,2.755261,2.509091,14.303482,15.260726663192086,0.1037,0.007246377,24.12,137.5,26.026699062110833,6701255000.0,762924000.0,0.13493,458072000.0,0.09243,0.21598,0.4852073755535968,3212707000.0,3044453000.0,4258667000.0,158329000.0,3405101000.0,515150000.0,1406565000.0,0.1473039556033522
ビーグリー,3981,情報・通信業,スタンダード（内国株式）,JP,2025-12-31,東京都,7102712832.0,0.8809022,,10.416326,7.380466716276988,0.344,0.032941177,122.02,,219.20999477504878,16720153000.0,1368394000.0,0.09076,683683000.0,0.04085,0.08785,0.4870349649285289,8493040000.0,7728039000.0,8623798000.0,3785000000.0,5293996000.0,,130758000.0,0.018409585617891414
オロ,3983,情報・通信業,プライム（内国株式）,JP,2025-12-31,東京都,31978414080.0,3.0876133,14.083734,17.068707,19.446441366315003,0.4158,0.024414062,120.22,145.7,128.56063625762215,8307953000.0,2649272000.0,0.34057,1896737000.0,0.22824,0.18367,0.7533914486916407,3393965000.0,2842296000.0,12431641000.0,637719000.0,10058039000.0,,9037676000.0,0.282618017810094
ユーザーローカル,3984,情報・通信業,プライム（内国株式）,JP,2025-06-30,東京都,25553696768.0,2.7327583,15.968064,15.530966,27.581526660743116,0.23290001,0.0,103.02,100.2,73.57000207392224,4581996000.0,1971441000.0,0.46019,1429454000.0,0.33226,0.19016,0.8724235638729109,1272107000.0,1272105000.0,9232241000.0,,8545796000.0,60313000.0,8002353100.0,0.3131583337100981
テモナ,3985,情報・通信業,スタンダード（内国株式）,JP,2025-09-30,東京都,2139940608.0,1.4391181,-15.151515,29.112082,-5.482734614847095,0.0,0.0,6.87,-13.2,-36.84292860956457,1832558000.0,155918000.0,0.25551,73467000.0,0.1019,0.11773,0.432937331625668,998526000.0,605548000.0,1502497000.0,714447000.0,1231502000.0,2250000.0,505546000.0,0.23624300511428026
ビーブレイクシステムズ,3986,情報・通信業,スタンダード（内国株式）,JP,2025-06-30,東京都,2364721920.0,0.45615777,,26.33452,18.993025057634558,0.3052,0.0,19.67,,29.889159054566164,,,0.1185,,0.06622,0.052449998,,,,,,,,,
エコモット,3987,情報・通信業,グロース（内国株式）,JP,2025-08-31,北海道,3043335424.0,3.6710858,,,-32.98355944237972,0.0,0.0,-10.85,,-13.127752350574072,3003786000.0,49622000.0,-0.00496,-35039000.0,-0.00605,-0.0093,0.306451883927598,1774782000.0,1403460000.0,1916190000.0,1079196000.0,333366000.0,163497000.0,255855900.0,0.08407088419577374
ＳＹＳホールディングス,3988,情報・通信業,スタンダード（内国株式）,JP,2025-07-31,愛知県,5703542272.0,1.4568434,,14.069433,13.28260453115213,0.1826,0.012844036,38.31,,45.10727918411773,14051094000.0,705230000.0,0.05884,423426000.0,0.02723,0.1084,0.47420386785909985,4160629000.0,2558663000.0,6326114000.0,1931650000.0,4225256000.0,122961000.0,2251557700.0,0.3947647957399061
シェアリングテクノロジー,3989,情報・通信業,グロース（内国株式）,JP,2025-09-30,愛知県,28358553600.0,6.206723,19.619205,20.033812,12.847753341434435,0.6761,0.0,59.15,60.4,63.24925597871285,8579864000.0,2074043000.0,0.23506,1413204000.0,0.06278,,0.6933173030640546,2237269000.0,2024888000.0,6397106000.0,311751000.0,5431008000.0,147227000.0,4262895900.0,0.1503213443156706
ウォンテッドリー,3991,情報・通信業,グロース（内国株式）,JP,2025-08-31,東京都,10039584768.0,1.9770653,9.556561,11.866502,10.800016630082446,0.2236,0.018744143,88.99,110.5,109.12627194249195,4908830000.0,1644848000.0,0.24099001,1083381000.0,0.17846,0.17940001,0.6859959861765328,2247723000.0,2247720000.0,6675781000.0,,6237144000.0,320000.0,4428282000.0,0.44108218639824925
ニーズウェル,3992,情報・通信業,プライム（内国株式）,JP,2025-09-30,東京都,17532653568.0,3.8108876,,19.75256,14.594735209874951,0.51240003,0.025751073,23.44,,21.151463713994726,10032902000.0,1155859000.0,0.16063,887114000.0,0.09182999,0.21145001,0.731261939880194,1740309000.0,1591329000.0,5084111000.0,30304000.0,2760544000.0,381101000.0,3610572700.0,0.20593418366458194
ＰＫＳＨＡ　Ｔｅｃｈｎｏｌｏｇｙ,3993,情報・通信業,プライム（内国株式）,JP,2025-09-30,東京都,98703589376.0,2.863936,34.754097,36.75451,52.130944182589616,0.0,0.0,86.52,91.5,67.04271435711382,21771392000.0,5288742000.0,0.16937,2683075000.0,0.08677,,0.6342534115646205,19668760000.0,14429714000.0,24905758000.0,10880383000.0,19358045000.0,4109477000.0,8113631900.0,0.08220199438839099
マネーフォワード,3994,情報・通信業,プライム（内国株式）,JP,2025-11-30,東京都,306186420224.0,6.7952676,775.2809,191.93324,-38.73796422190268,0.0,0.0,28.76,7.12,-116.32000004409835,50349943000.0,-2653396000.0,0.01145,1587260000.0,0.08507,0.08663999,0.34369598732866374,71701932000.0,46467560000.0,73269943000.0,33849015000.0,40972997000.0,23193328000.0,17803340600.0,0.058145428484305164
サインポスト,3996,情報・通信業,スタンダード（内国株式）,JP,2025-02-28,東京都,2814542848.0,1.4978927,,36.974792,60.298508188446874,0.0,0.0,5.95,,10.049999879036957,3023515000.0,200016000.0,0.103599995,257171000.0,0.02422,0.041279998,0.6222640118554021,1094521000.0,582155000.0,2176703000.0,511634000.0,1718273000.0,7193000.0,1087217100.0,0.38628550308714293
トレードワークス,3997,情報・通信業,スタンダード（内国株式）,JP,2025-12-31,東京都,17027137536.0,9.084144,7.8449903,274.83444,-3.0259080657997206,1.3422999,0.00477327,1.51,52.9,-45.036499189319265,5052458000.0,259798000.0,0.0941,56888000.0,0.011080001,0.03556,0.4441812714402226,2142244000.0,1391084000.0,2050833000.0,1080020000.0,973074000.0,455871000.0,227698700.0,0.013372694002064823
すららネット,3998,情報・通信業,グロース（内国株式）,JP,2025-12-31,東京都,1981220096.0,0.90466714,5.2508364,,33.297066697761196,0.0,0.0,-0.6,59.8,11.232220645584578,1932007000.0,65626000.0,0.02464,-3780000.0,-0.00155,-0.00358,0.8829166658270852,275189000.0,263968000.0,1155735000.0,,767888000.0,,880546000.0,0.4444463297024825
レゾナック・ホールディングス,4004,化学,プライム（内国株式）,JP,2025-12-31,東京都,2595294806016.0,3.7222795,57.54645,89.64741,9.777329157114691,0.405,0.004876219,159.96,249.19,406.61000060126037,1347125000000.0,46676000000.0,0.10168,29031000000.0,0.02155,0.04374,0.3317246738180577,1379110000000.0,473036000000.0,852979000000.0,969527000000.0,261971000000.0,22237000000.0,-510565100000.0,-0.19672720756674314
住友化学,4005,化学,プライム（内国株式）,JP,2025-03-31,東京都,829666885632.0,0.8055644,13.0089855,9.774305,-1.6367744301046125,0.2316,0.023287406,51.84,38.95,-190.690000022381,2606281000000.0,172394000000.0,0.15158,38591000000.0,0.04044,0.12083,0.261874001390785,2365369000000.0,1038747000000.0,1583134000000.0,1286128000000.0,209838000000.0,177405000000.0,-658051500000.0,-0.7931514580080272
住友精化,4008,化学,プライム（内国株式）,JP,2025-03-31,大阪府,77934411776.0,0.78445655,,13.343695,10.149273178236069,0.4443,0.0322841,90.08,,91.80199955355583,147571000000.0,10715000000.0,0.10384,5961000000.0,0.027579999,0.040710002,0.6663652036288613,47220000000.0,40520000000.0,80122000000.0,18863000000.0,16863000000.0,1198000000.0,33740600000.0,0.43293583965165
ヘッドウォータース,4011,情報・通信業,グロース（内国株式）,JP,2025-12-31,東京都,8380007424.0,6.305498,32.561615,157.51445,90.08871240198397,0.0,0.0,13.84,66.95,65.37999981305414,3900040000.0,229251000.0,0.10935,57656000.0,0.0146200005,0.057189997,0.3454062888324599,2496173000.0,2493782000.0,1580604000.0,1900000000.0,625145000.0,67524000.0,-868302200.0,-0.10361592252450968
アクシス,4012,情報・通信業,スタンダード（内国株式）,JP,2025-12-31,東京都,6755941888.0,1.6573848,10.5273695,10.67994,9.644364203891294,0.31239998,0.029003782,147.66,149.8,137.4200087494112,8134225000.0,888319000.0,0.12573,642849000.0,0.07903,0.16827999,0.7542883006712283,1327856000.0,985414000.0,4804343000.0,,3430554000.0,50211000.0,3511634700.0,0.5197846219248001
勤次郎,4013,情報・通信業,グロース（内国株式）,JP,2025-12-31,東京都,14039515136.0,1.369842,,13.833915,17.1496242831746,0.19409999,0.014104372,51.54,,23.596240349775872,5370470000.0,1521378000.0,0.2509,1013085000.0,0.18864,0.103269994,0.7462959515034093,3484224000.0,1525349000.0,6030355000.0,1873602000.0,4994739000.0,48707000.0,2580225900.0,0.1837831203574693
カラダノート,4014,情報・通信業,グロース（内国株式）,JP,2024-07-31,東京都,2707902464.0,4.767454,52.597404,30.728376,29.437464592218646,0.0,0.0,13.18,7.7,18.3100007920681,,,0.21318,,0.09157,0.20489,0.34049994061889594,683033000.0,477829000.0,926393000.0,300000000.0,483476000.0,,243360000.0,0.08987029748498357
ペイクラウドホールディングス,4015,情報・通信業,グロース（内国株式）,JP,2025-08-31,東京都,6935091200.0,1.4659083,,104.58938,116.5085391036966,0.0,0.0,4.14,,5.269999990760496,10234033000.0,731431000.0,0.08003,143755000.0,0.00662,0.01451,0.48145044963760225,4879390000.0,3873686000.0,6143599000.0,1772490000.0,4373643000.0,32439000.0,1286916300.0,0.18556587979693764
ＭＩＴホールディングス,4016,情報・通信業,スタンダード（内国株式）,JP,2025-11-30,千葉県,1833567360.0,2.6376355,,19.636364,11.222730107251891,0.5561,0.028199567,46.75,,61.54000354509604,5117826000.0,169243000.0,0.048860002,94862000.0,0.0141900005,0.10312,0.34328948298930345,1383649000.0,979711000.0,1547519000.0,726251000.0,817506000.0,14557000.0,174059900.0,0.09492964578078004
クリーマ,4017,情報・通信業,グロース（内国株式）,JP,2025-02-28,東京都,1496736640.0,1.3220423,14.32258,54.27873,,0.0,0.0,4.09,15.5,,,,0.090050004,,0.010650001,0.02414,0.3283398777452372,2261305000.0,2076162000.0,3076699000.0,325506000.0,2440590000.0,,815394000.0,0.5447812114761886
スタメン,4019,情報・通信業,グロース（内国株式）,JP,2025-12-31,愛知県,6041578496.0,3.9333165,31.131222,29.276596,49.29123566845559,0.2552,0.008733625,23.5,22.1,15.619999513243307,3817816000.0,291227000.0,0.1279,208147000.0,0.05449,0.14439,0.6267289543554827,915364000.0,835750000.0,1568774000.0,90012000.0,1105781000.0,31248000.0,675283600.0,0.11177270980540778
ビートレンド,4020,情報・通信業,グロース（内国株式）,JP,2025-12-31,東京都,1497739392.0,1.9226667,,,23.99855221361922,0.0,0.0,-46.99,,27.710004923655827,1159416000.0,-81816000.0,-0.1322,-101404000.0,-0.087139994,-0.12154,0.8576284237157629,129430000.0,111898000.0,642680000.0,,467438000.0,,513250000.0,0.3426831147938453
日産化学,4021,化学,プライム（内国株式）,JP,2025-03-31,東京都,886860414976.0,3.6782966,20.50797,19.855879,19.59259210286685,0.5226,0.025652366,333.05,322.46,272.8199999519393,251365000000.0,56833000000.0,0.23549,43043000000.0,0.17052999,0.19723,0.7053086348835873,94584000000.0,79218000000.0,210352000000.0,40474000000.0,27454000000.0,24353000000.0,132815100000.0,0.14975874191384922
ラサ工業,4022,化学,プライム（内国株式）,JP,2025-03-31,東京都,66830487552.0,2.2099733,5.026424,15.925581,8.40494398788337,0.2531,0.0149532715,107.5,340.6,60.296836618354945,45421000000.0,4737000000.0,0.13151,3131000000.0,0.09228,0.15564999,0.6081417164797766,17962000000.0,11004000000.0,23581000000.0,8338000000.0,5054000000.0,3234000000.0,7882800000.0,0.11795215460408677
クレハ,4023,化学,プライム（内国株式）,JP,2025-03-31,東京都,147908673536.0,0.8120022,20.581821,19.843102,14.500128383926935,0.78339994,0.038794417,195.03,188.03,172.73000013645918,162015000000.0,9453000000.0,0.12072,7800000000.0,0.062989995,0.050380003,0.6063516151266443,134159000000.0,55433000000.0,104774000000.0,80531000000.0,21500000000.0,24696000000.0,-12097800000.0,-0.08179236356315152
多木化学,4025,化学,プライム（内国株式）,JP,2025-12-31,兵庫県,35230269440.0,0.8214965,,10.863696,12.477216250293095,0.1542,0.014101057,388.91,,271.3324678390181,41977000000.0,3164000000.0,0.07034,3277000000.0,0.07807,0.080970004,0.6532374758198407,22326000000.0,11150000000.0,29816000000.0,1265000000.0,7166000000.0,17235000000.0,19554500000.0,0.5550482670393111
神島化学工業,4026,ガラス・土石製品,スタンダード（内国株式）,JP,2025-04-30,大阪府,16464527360.0,4.084687,8.632683,10.79857,8.218049908557582,0.2682,0.0032432433,167.8,209.9,178.12000274436744,27405000000.0,1793000000.0,0.02612,1433000000.0,0.02259,0.096420005,0.42178907292310697,17769000000.0,13493000000.0,11806000000.0,8927000000.0,1439000000.0,418000000.0,-5670400000.0,-0.34440101899165604
テイカ,4027,化学,プライム（内国株式）,JP,2025-03-31,大阪府,43059245056.0,0.7046274,8.780261,21.539516,17.65479481328083,0.45700002,0.020876827,87.56,214.8,80.57342717733927,55737000000.0,3526000000.0,0.00324,2422000000.0,0.02755,0.02624,0.6659346878714132,28948000000.0,16673000000.0,49963000000.0,12534000000.0,14092000000.0,12235000000.0,29579500000.0,0.6869488761712116
石原産業,4028,化学,プライム（内国株式）,JP,2025-03-31,大阪府,112852901888.0,0.93440837,12.019721,8.459024,7.545801948986713,0.32990003,0.041516244,348.74,245.43,209.2578524087706,145196000000.0,10483000000.0,0.117580004,8410000000.0,0.109689996,0.14339,0.5076566991119384,110650000000.0,46667000000.0,154830000000.0,68941000000.0,24948000000.0,11488000000.0,52221600000.0,0.4627404269305093
アクセルスペースホールディングス,402A,輸送用機器,グロース（内国株式）,JP,2025-05-31,東京都,48796651520.0,6.471039,,,,0.0,0.0,-65.4,,,1586835000.0,-2495052000.0,-2.78164,-1950803000.0,0.0,,0.3179567728302803,6495187000.0,1545491000.0,9396800000.0,5337939000.0,5006833000.0,,2901613000.0,0.05946336294839273
片倉コープアグリ,4031,化学,スタンダード（内国株式）,JP,2025-03-31,東京都,10570638336.0,0.46847782,,,-14.707408554510788,0.5116,0.016708437,-88.46,,-70.28624463607177,41369000000.0,651000000.0,0.01676,350000000.0,-0.019340001,-0.03565,0.4753862738052461,26231000000.0,21949000000.0,29878000000.0,14851000000.0,2105000000.0,1100000000.0,4417000000.0,0.4178555598631352
南海化学,4040,化学,スタンダード（内国株式）,JP,2025-03-31,大阪府,6343372288.0,0.60035163,,6.3876166,8.187342246783585,0.12109999,0.01875,495.49,,575.0100055713405,20900000000.0,1306000000.0,0.076290004,1015000000.0,0.12445,0.27906,0.3737261359085043,13969000000.0,9837000000.0,9505000000.0,5639000000.0,1703000000.0,,-4464000000.0,-0.7037266295160887
日本曹達,4041,化学,プライム（内国株式）,JP,2025-03-31,東京都,194367799296.0,0.9898092,14.265475,12.883392,9.237500222170908,0.533,0.041208792,281.37,254.11,298.7150004272495,155199000000.0,16063000000.0,0.11372,15011000000.0,0.09671,0.077259995,0.6483337209342687,99997000000.0,61910000000.0,129643000000.0,50238000000.0,22267000000.0,63328000000.0,73975600000.0,0.3805959642900705
東ソー,4042,化学,プライム（内国株式）,JP,2025-03-31,東京都,744433451008.0,0.9318969,10.922923,18.97569,10.381143484094151,0.7874,0.04106776,127.11,220.82,180.02993878661744,1063382000000.0,98906000000.0,0.09789,58002000000.0,0.0,,0.6231509427423231,424883000000.0,333493000000.0,754383000000.0,179104000000.0,141548000000.0,70132000000.0,378592400000.0,0.508564465349276
トクヤマ,4043,化学,プライム（内国株式）,JP,2025-03-31,,273540218880.0,0.9872753,9.036889,11.453531,10.016737933801238,0.3312,0.028630922,331.95,420.72,246.72000068049186,343073000000.0,29968000000.0,0.08635,23388000000.0,0.07427,0.091230005,0.5492590407112873,202351000000.0,91338000000.0,234630000000.0,110689000000.0,75544000000.0,36050000000.0,57514000000.0,0.21025792929277048
セントラル硝子,4044,化学,プライム（内国株式）,JP,2025-03-31,東京都,101523161088.0,0.8502169,10.047847,20.180367,5.13857674328083,0.83730006,0.040380046,202.92,407.55,503.5499911178592,144233000000.0,10629000000.0,0.100600004,5678000000.0,0.03186,0.04385,0.5698614487829169,83772000000.0,49100000000.0,114889000000.0,42321000000.0,25483000000.0,17835000000.0,43601500000.0,0.4294734278634837
東亞合成,4045,化学,プライム（内国株式）,JP,2025-12-31,東京都,186827702272.0,0.87753737,14.889831,15.008115,13.88856030075495,0.5555,0.03631285,117.07,118.0,104.56000008380998,162312000000.0,14182000000.0,0.08417,12766000000.0,0.07865,0.059770003,0.7430068660175368,73162000000.0,47376000000.0,110556000000.0,21812000000.0,24518000000.0,36029000000.0,62614300000.0,0.33514462383549876
大阪ソーダ,4046,化学,プライム（内国株式）,JP,2025-03-31,大阪府,229979160576.0,1.8800541,17.380001,19.308922,31.075381150830765,0.22700001,0.011482255,96.95,107.71,60.16799990958283,96434000000.0,13246000000.0,0.19416,10332000000.0,0.13272999,0.10943,0.7508948582193783,38342000000.0,31385000000.0,92916000000.0,8310000000.0,16339000000.0,28510000000.0,74531000000.0,0.32407718948678454
関東電化工業,4047,化学,プライム（内国株式）,JP,2025-03-31,東京都,94404599808.0,1.3885889,18.187845,49.25195,-12.112999401379287,0.538,0.010771993,33.42,90.5,-80.23964815419046,62351000000.0,4273000000.0,0.11293,3248000000.0,0.0497,0.046329997,0.5335512105940121,55998000000.0,29180000000.0,57426000000.0,37882000000.0,20294000000.0,8181000000.0,7154700000.0,0.07578762067262848
ＧＭＯフィナンシャルゲート,4051,情報・通信業,プライム（内国株式）,JP,2025-09-30,東京都,52087750656.0,8.5581255,38.18688,32.04998,59.452375359413395,0.5023,0.01573927,196.88,165.24,121.81020048296695,17927780000.0,2230647000.0,0.19315,1632030000.0,0.09154,0.28167,0.45227736770036153,7338136000.0,5286476000.0,10852651000.0,2000000000.0,4257275000.0,275230000.0,3707176000.0,0.07117174293977636
フィーチャ,4052,情報・通信業,グロース（内国株式）,JP,2024-06-30,東京都,1736717952.0,2.6274118,24.146341,,-523.5348193810248,0.0,0.0,-9.82,12.3,-1.3485253967151674,,,0.045450002,,-0.12527001,-0.082550004,0.9502383797985163,38222000.0,38222000.0,698224000.0,,578443000.0,,660002000.0,0.38002831676838683
Ｓｕｎ　Ａｓｔｅｒｉｓｋ,4053,情報・通信業,プライム（内国株式）,JP,2025-12-31,東京都,16659736576.0,1.5623492,10.512389,36.08588,27.469500019550342,0.0,0.0,12.11,41.57,25.410000163935486,14835000000.0,1053000000.0,0.034,476000000.0,0.03209,0.04543,0.6617418834192067,5449000000.0,3154000000.0,13150000000.0,1777000000.0,10560000000.0,1360000000.0,8653000000.0,0.5193959676688708
日本情報クリエイト,4054,情報・通信業,グロース（内国株式）,JP,2024-06-30,宮崎県,8084517888.0,2.0672035,9.865996,17.272728,19.39866989762979,0.1467,0.008417509,34.1,59.7,30.130000493753666,,,0.14773,,0.09616999,,0.6223534590851705,2103458000.0,1767107000.0,2099882000.0,0.0,961024000.0,380773000.0,262965100.0,0.032526998349564414
ティアンドエスグループ,4055,情報・通信業,グロース（内国株式）,JP,2025-09-30,神奈川県,13517573120.0,4.669283,24.00266,27.025003,44.19072623328379,0.1497,0.005449591,66.79,75.2,62.179998635220755,4103317000.0,756444000.0,0.16307,509237000.0,0.123059995,,0.7952752939018137,749898000.0,683592000.0,3369815000.0,,2599838000.0,93275000.0,2685209500.0,0.19864582763211272
ニューラルグループ,4056,情報・通信業,グロース（内国株式）,JP,2025-12-31,東京都,5415117312.0,2.9004457,0.73770493,,-195.25728276246903,0.0,0.0,-7.28,427.0,-3.9742435673654537,3299035000.0,-6664000.0,-0.04058,-116204000.0,-0.03516,-0.08682,0.44504897767590146,2320071000.0,1385782000.0,2870194000.0,1909738000.0,2217012000.0,157215000.0,660173500.0,0.12191305598071593
インターファクトリー,4057,情報・通信業,グロース（内国株式）,JP,2025-05-31,東京都,1553735296.0,1.2725085,25.163399,18.177526,-61.99730529496946,0.0,0.0,21.18,15.3,-7.7584017194216495,2864934000.0,196286000.0,0.04208,137570000.0,0.023610001,0.05825,0.559102131352159,931835000.0,918324000.0,1330648000.0,370000000.0,477307000.0,9181000.0,405239700.0,0.26081643446169095
トヨクモ,4058,情報・通信業,グロース（内国株式）,JP,2025-12-31,東京都,21200513024.0,5.256384,22.82353,19.52889,27.74695252452554,0.2013,0.010288066,99.34,85.0,77.143422188613,4858000000.0,1606000000.0,0.22734,1085000000.0,0.22333999,0.30663002,0.617925971245029,2479000000.0,2373000000.0,4802000000.0,,4407000000.0,29000000.0,2343300000.0,0.11053034411701602
まぐまぐ,4059,情報・通信業,スタンダード（内国株式）,JP,2025-09-30,東京都,1367815552.0,1.5841972,167.5,94.3662,-19.408861524086625,0.0,0.0,4.97,2.8,-30.037825725970077,438853000.0,20234000.0,-0.016390001,14267000.0,0.03333,0.01802,0.8474409754698955,152179000.0,152178000.0,960806000.0,,928339000.0,11182000.0,816454400.0,0.5969038726063556
ｒａｋｕｍｏ,4060,情報・通信業,グロース（内国株式）,JP,2025-12-31,東京都,6931075584.0,3.6769595,21.346498,28.329758,23.260511372019337,0.2142,0.007633588,41.97,55.7,38.769998781858426,1830057000.0,428095000.0,0.21113001,272306000.0,0.14863,0.15468,0.4524201636227064,2283921000.0,1101213000.0,2013889000.0,1216245000.0,1818791000.0,24546000.0,-252849800.0,-0.03648060058437245
デンカ,4061,化学,プライム（内国株式）,JP,2025-03-31,東京都,315149418496.0,1.0638028,19.921534,,15.692336296536919,0.70879996,0.027233116,-136.6,183.52,138.61000076666517,400251000000.0,14413000000.0,0.08991,-12300000000.0,-0.02399,-0.05479,0.4518280990424352,347222000000.0,230501000000.0,270455000000.0,217679000000.0,37002000000.0,48702000000.0,-42675600000.0,-0.13541386242647202
イビデン,4062,電気機器,プライム（内国株式）,JP,2025-03-31,岐阜県,3063326965760.0,5.647777,35.506214,92.75387,29.5656425912468,0.169,0.0018939395,118.27,308.96,112.37000006044929,369436000000.0,47622000000.0,0.106520005,33704000000.0,0.10033,0.07564,0.4534531341870639,584388000000.0,327717000000.0,549580000000.0,343060000000.0,390656000000.0,58797000000.0,6349900000.0,0.0020728769964732164
信越化学工業,4063,化学,プライム（内国株式）,JP,2025-03-31,東京都,12428832145408.0,2.900295,20.301458,25.958817,24.48492951804068,0.4106,0.015743354,257.87,329.73,259.12999996513645,2561249000000.0,742105000000.0,0.25265,534021000000.0,0.18936001,0.11484,0.8271775845052719,799019000000.0,537094000000.0,3209652000000.0,16841000000.0,1708438000000.0,134632000000.0,2504875400000.0,0.20153747115536194
日本カーバイド工業,4064,化学,プライム（内国株式）,JP,2025-03-31,東京都,25533220864.0,0.69189674,11.847685,8.814629,15.63786343683356,0.2607,0.028866714,310.62,231.1,106.32978325966883,48727000000.0,3494000000.0,0.08479,2211000000.0,0.05145,0.07716,0.5637626262626263,25456000000.0,15030000000.0,38453000000.0,9605000000.0,14538000000.0,387000000.0,13267900000.0,0.5196328371837641
ベイシス,4068,情報・通信業,グロース（内国株式）,JP,2024-06-30,東京都,3353366016.0,1.60583,,29.281235,134.20478371501272,0.0,0.0,62.19,,9.180000637057644,,,0.05085,,0.01398,0.055999998,0.4943551287665708,2015997000.0,1711622000.0,3265555000.0,988750000.0,970857000.0,,1249558000.0,0.3726279785856815
ＢｌｕｅＭｅｍｅ,4069,情報・通信業,グロース（内国株式）,JP,2025-03-31,東京都,4217367808.0,1.670752,,36.789978,26.73992855345624,0.0,0.0,34.33,,49.13999666727457,2349515000.0,31254000.0,0.00246,-17143000.0,0.04006,0.04783,0.6458447337770937,1362094000.0,1262876000.0,3466162000.0,69936000.0,1712242000.0,117043000.0,2185998100.0,0.5183323341761517
プラスアルファ・コンサルティング,4071,情報・通信業,プライム（内国株式）,JP,2025-09-30,東京都,91298045952.0,6.2057405,17.022285,27.523638,30.484181473930096,0.3709,0.013711584,78.26,126.54,72.23381646032972,17084345000.0,6378692000.0,0.37761003,3258678000.0,0.2069,0.27903,0.7939265305929639,3819854000.0,3658016000.0,16865546000.0,,14664506000.0,,13045692000.0,0.1428912510006926
電算システムホールディングス,4072,情報・通信業,プライム（内国株式）,JP,2025-12-31,岐阜県,31791458304.0,1.2903949,10.895412,10.954911,14.075381940766471,0.33200002,0.030020013,271.02,272.5,173.82996460258147,68131000000.0,3625000000.0,0.052810002,2896000000.0,0.04251,0.123459995,0.35646486861905313,44232000000.0,43008000000.0,60999000000.0,629000000.0,22666000000.0,2811000000.0,18734700000.0,0.5892997993628623
ジィ・シィ企画,4073,情報・通信業,グロース（内国株式）,JP,2024-06-30,千葉県,1312116480.0,10.607522,,,34.314757720173,0.0,0.0,-85.31,,28.529998899699777,,,-0.21521999,,-0.12536,-0.96629,0.23540280815475448,1349407000.0,1113797000.0,1516584000.0,956264000.0,769221000.0,,167177000.0,0.1274101823642974
ラキール,4074,情報・通信業,グロース（内国株式）,JP,2025-12-31,,5142230016.0,1.3962145,5.9859715,18.974228,15.244160571810347,0.0,0.0,39.58,125.46,47.100002431602086,7728364000.0,445486000.0,-0.03817,287613000.0,0.03714,0.07797,0.6150052066678146,2326976000.0,2070255000.0,3551095000.0,908047000.0,2345908000.0,705933000.0,1718272100.0,0.3341492104891482
ブレインズテクノロジー,4075,情報・通信業,グロース（内国株式）,JP,2024-07-31,東京都,7352560128.0,4.3377895,38.384148,39.77883,89.25926458072077,0.0,0.0,31.65,32.8,8.099999517093957,,,0.25916,,0.13527,0.11757,0.8367783363591316,303701000.0,277756000.0,1449170000.0,6000000.0,1309861000.0,,1145469000.0,0.15579185753787012
シイエヌエス,4076,情報・通信業,グロース（内国株式）,JP,2025-05-31,東京都,4998254592.0,1.2026602,,9.280743,10.276967974860078,0.2643,0.027840909,185.33,,158.7500081727376,7004976000.0,555337000.0,0.09929,427349000.0,0.07206,0.13597,0.7527716057679895,1300386000.0,861986000.0,4505570000.0,7825000.0,3666604000.0,5000000.0,3208684000.0,0.6419608967369703
堺化学工業,4078,化学,プライム（内国株式）,JP,2025-03-31,大阪府,54584602624.0,0.7120055,13.135593,10.2595825,-3.9871152273867674,0.3957,0.019863013,347.48,271.4,-437.6427028694847,84409000000.0,6094000000.0,0.09906,5013000000.0,0.05093,0.05493,0.6348413464267469,43936000000.0,27910000000.0,71416000000.0,21918000000.0,16183000000.0,5120000000.0,31064000000.0,0.5690982164692291
ＵＮＩＣＯＮホールディングス,407A,建設業,スタンダード（内国株式）,JP,2025-06-30,宮城県,9637633024.0,2.5295613,,9.684796,,0.1492,0.015228426,100.57,,,17620881000.0,1710530000.0,0.0962,1117118000.0,0.05342,,0.3024079539460413,8694052000.0,8070314000.0,8801743000.0,4204230000.0,2426460000.0,92101000.0,172161700.0,0.017863483655299637
第一稀元素化学工業,4082,化学,プライム（内国株式）,JP,2025-03-31,大阪府,56024219648.0,1.5029314,37.66234,43.88952,19.115073775213624,0.5294,0.011864407,52.86,61.6,46.87000079021177,33641000000.0,2283000000.0,0.16059,792000000.0,0.02795,0.02641,0.5855700033974736,26272000000.0,8708000000.0,31932000000.0,21263000000.0,8920000000.0,873000000.0,6271100000.0,0.11193551716384989
エア・ウォーター,4088,化学,プライム（内国株式）,JP,2025-03-31,大阪府,512414613504.0,1.1521432,10.306593,47.685577,11.324650917700174,1.7175,0.035714287,46.88,216.9,194.51999975619225,1075929000000.0,70981000000.0,0.027490001,49074000000.0,0.00714,0.016619999,0.4136618915025329,713291000000.0,327857000000.0,456594000000.0,418228000000.0,70609000000.0,95302000000.0,-189985600000.0,-0.37076538215965016
日本酸素ホールディングス,4091,化学,プライム（内国株式）,JP,2025-03-31,東京都,2468567842816.0,2.1131012,20.608534,23.085331,18.930262519867753,0.22649999,0.00970201,247.04,276.73,244.65999995947786,1308024000000.0,160892000000.0,0.14497,98779000000.0,0.085760005,0.10508,0.40544711617787965,1397268000000.0,395285000000.0,565776000000.0,850566000000.0,144528000000.0,58482000000.0,-790554600000.0,-0.3202482776807871
日本化学工業,4092,化学,プライム（内国株式）,JP,2025-03-31,東京都,27678834688.0,0.57939637,8.277115,12.354763,12.090366331779432,0.4103,0.032267883,258.2,385.4,180.2925501757569,38843000000.0,3343000000.0,0.06311,2559000000.0,0.05331,0.043420002,0.6177218560681712,28711000000.0,20106000000.0,31448000000.0,15075000000.0,7927000000.0,4548000000.0,5920600000.0,0.21390351388481113
東邦アセチレン,4093,化学,スタンダード（内国株式）,JP,2025-03-31,宮城県,15275451392.0,0.8171319,,13.800692,8.968325384927077,0.4403,0.03125,31.81,,40.73884892086331,34804369000.0,1914690000.0,0.06087,1287422000.0,0.03625,0.06696,0.5440881854667049,13249629000.0,10881207000.0,19489581000.0,3836799000.0,9495192000.0,2210125000.0,7787039500.0,0.5097747555976119
日本化学産業,4094,化学,スタンダード（内国株式）,JP,2025-03-31,東京都,47094747136.0,0.957547,,19.8915,14.741734963713617,0.73980004,0.036915503,121.66,,88.80988535031847,25441423000.0,2860916000.0,0.12792,2357304000.0,0.09445,0.05292,0.8559027124305363,7825047000.0,5663603000.0,28502318000.0,263800000.0,15418395000.0,8854753000.0,26875598100.0,0.5706708228497069
日本パーカライジング,4095,化学,プライム（内国株式）,JP,2025-03-31,東京都,158505746432.0,0.81806886,,13.0009775,9.857449200293152,0.4443,0.03403676,112.53,,114.43000030936169,132281000000.0,15001000000.0,0.11587,13112000000.0,0.094469994,0.06325,0.7304658559401309,43953000000.0,32617000000.0,137868000000.0,450000000.0,77808000000.0,34482000000.0,118052400000.0,0.7447830924580722
高圧ガス工業,4097,化学,プライム（内国株式）,JP,2025-03-31,大阪府,60392534016.0,0.7388911,,12.385373,10.360557242449085,0.3396,0.018181818,88.33,,81.57000023856915,98983000000.0,5975000000.0,0.06288,4784000000.0,0.04319,0.053200003,0.6416166642275233,43303000000.0,29468000000.0,64644000000.0,11591000000.0,29985000000.0,13655000000.0,30899500000.0,0.5116443696800947
チタン工業,4098,化学,スタンダード（内国株式）,JP,2025-03-31,山口県,3196783616.0,0.61488223,,34.870132,-1.8644848585294451,0.32490003,0.0,30.8,,-566.4306875962806,7794000000.0,165000000.0,0.045050003,200000000.0,0.06617,0.09889,0.36513722126929676,8342000000.0,4947000000.0,7105000000.0,6529000000.0,825000000.0,534000000.0,-863200000.0,-0.27002140391350155
四国化成ホールディングス,4099,化学,プライム（内国株式）,JP,2025-12-31,香川県,198513917952.0,2.116489,24.350132,23.779919,10.61166769496611,0.2848,0.011853448,193.02,188.5,191.37999985407086,70705000000.0,10871000000.0,0.14228,8459000000.0,0.11964,0.09482,0.6495225168452179,49806000000.0,28184000000.0,82087000000.0,24352000000.0,35534000000.0,27465000000.0,51506500000.0,0.2594603971921712
オリオンビール,409A,食料品,プライム（内国株式）,JP,2025-03-31,沖縄県,53368197120.0,2.966771,,11.42807,,0.0,0.0,113.93,,,26009000000.0,2851000000.0,0.18777001,4649000000.0,0.25293,0.33201998,0.37281572481572484,31908000000.0,11938000000.0,18166000000.0,17066000000.0,13203000000.0,2633000000.0,-11898900000.0,-0.22295862783681758
戸田工業,4100,化学,スタンダード（内国株式）,JP,2025-03-31,広島県,7949177344.0,0.7185019,2.5524411,,-2.904433119240436,0.0,0.0,-482.97,538.7,-620.08658008658,31667000000.0,-646000000.0,0.028180001,-3563000000.0,-0.09894,-0.23154,0.21958872750236816,38895000000.0,20179000000.0,25807000000.0,27764000000.0,8078000000.0,3374000000.0,-10726200000.0,-1.3493471759182833
丸尾カルシウム,4102,化学,スタンダード（内国株式）,JP,2025-03-31,兵庫県,3038718464.0,0.30260092,,18.939394,12.98450447570216,0.3989,0.021052632,75.24,,108.04001584820404,12843448000.0,5725000.0,0.023710001,148628000.0,0.01591,0.02211,0.5810005364032506,6660814000.0,3241613000.0,8564328000.0,2301323000.0,2389815000.0,4551328000.0,5089443600.0,1.6748651315661995
伊勢化学工業,4107,化学,スタンダード（内国株式）,JP,2025-12-31,東京都,265999548416.0,6.1770763,5.429017,40.864258,32.22147693921212,0.3058,0.0072356216,127.74,961.5,99.51800004105534,39258000000.0,9485000000.0,0.21495001,6498000000.0,0.16552,0.17181998,0.785435656179555,10946000000.0,9310000000.0,32614000000.0,567000000.0,4503000000.0,,21668000000.0,0.0814587849078343
ステラ　ケミファ,4109,化学,プライム（内国株式）,JP,2025-03-31,大阪府,60619005952.0,1.3500259,17.490625,20.786062,22.023313235870276,0.6888,0.03244275,246.8,293.3,153.48000309455617,36288000000.0,4339000000.0,0.122530006,2892000000.0,0.0,0.05662,0.7369452449567724,15734000000.0,9784000000.0,29839000000.0,5373000000.0,16643000000.0,3163000000.0,16319100000.0,0.26920764772886524
ＧＭＯコマース,410A,サービス業,グロース（内国株式）,JP,2025-12-31,東京都,6614520832.0,2.3114147,,14.185743,,0.4783,0.0,84.31,,,2459803000.0,523639000.0,0.17378001,342790000.0,0.13908,0.20583999,0.6874392685180875,1262204000.0,1221947000.0,3688879000.0,,2907986000.0,,2426675000.0,0.366870868145147
保土谷化学工業,4112,化学,プライム（内国株式）,JP,2025-03-31,東京都,36710789120.0,0.6997553,3.9861832,19.689472,10.899379138461304,0.4052,0.020342613,117.22,579.0,156.27380733783662,48578000000.0,4884000000.0,0.07509,3178000000.0,0.04992,0.05903,0.608567707681134,21330000000.0,13880000000.0,36381000000.0,8787000000.0,10774000000.0,10223000000.0,22207100000.0,0.6049202572957386
田岡化学工業,4113,化学,スタンダード（内国株式）,JP,2025-03-31,大阪府,13168006144.0,0.68611944,8.227395,6.958958,13.34491775754975,0.303,0.043010753,132.06,111.7,57.22650354786875,29930000000.0,1887000000.0,0.047220003,1478000000.0,0.0,0.09206,0.6083796494228303,11908000000.0,8282000000.0,16226000000.0,1490000000.0,1182000000.0,88000000.0,4379600000.0,0.3325940124956248
日本触媒,4114,化学,プライム（内国株式）,JP,2025-03-31,大阪府,316864790528.0,0.8172438,21.974588,20.194933,18.722379077266037,1.0351,0.05055147,106.19,97.59,70.46000017218151,409346000000.0,19063000000.0,0.062280003,17394000000.0,0.04434,0.04674,0.7045390584907083,151125000000.0,107171000000.0,255451000000.0,41391000000.0,54565000000.0,38479000000.0,131261300000.0,0.4142501910082086
大日精化工業,4116,化学,プライム（内国株式）,JP,2025-03-31,東京都,73942212608.0,0.56464684,,12.337663,11.780197857834796,0.41849998,0.033409093,87.78,,51.98749987553539,124760000000.0,7007000000.0,0.06554,10289000000.0,0.055359997,0.053839996,0.6504847955118302,66290000000.0,50069000000.0,110147000000.0,21042000000.0,24251000000.0,18514000000.0,56816800000.0,0.7683946421945838
カネカ,4118,化学,プライム（内国株式）,JP,2025-03-31,東京都,297085337600.0,0.6182252,11.208611,11.796537,9.829265583010967,0.3609,0.030303031,415.8,437.61,356.87000111118437,807200000000.0,40050000000.0,0.03601,25309000000.0,0.032420002,0.05547,0.5128920178711353,427727000000.0,294933000000.0,444524000000.0,223058000000.0,45639000000.0,61184000000.0,59625800000.0,0.20070260108319798
日本ピグメントホールディングス,4119,化学,スタンダード（内国株式）,JP,2025-03-31,東京都,9370177536.0,0.44705045,,,6.013140618824778,0.0312,0.016583748,-812.24,,471.86601950282886,37921166000.0,176568000.0,0.052399997,5026157000.0,-0.0226,-0.04125,0.4453305064701674,22825288000.0,15569276000.0,25205310000.0,6636548000.0,4261463000.0,9069841000.0,8728910700.0,0.9315630004302193
スガイ化学工業,4120,化学,スタンダード（内国株式）,JP,2025-03-31,和歌山県,3021673216.0,0.38648385,,6.4614353,7.398586120399441,0.19549999,0.0,357.97,,374.37025153198607,6622426000.0,541314000.0,-0.05949,363122000.0,0.02843,0.022909999,0.6493472829413546,4024450000.0,2786327000.0,5501903000.0,1986835000.0,409418000.0,1763585000.0,2711962500.0,0.8975035704191779
大阪油化工業,4124,化学,スタンダード（内国株式）,JP,2025-09-30,大阪府,2286766592.0,1.7384756,,,25019.05956611092,583.33325,0.0,-30.83,,0.059571736862029934,1178074000.0,139088000.0,0.055560004,-32110000.0,0.06673,0.04378,0.8875723225437276,208657000.0,201543000.0,1103935000.0,,872761000.0,,895278000.0,0.3915038828763858
三和油化工業,4125,化学,スタンダード（内国株式）,JP,2025-03-31,愛知県,16222779392.0,1.2493474,14.737048,21.93085,9.932287978532692,0.25120002,0.01212976,171.22,254.8,241.30401101080864,16040490000.0,2737396000.0,0.08209,591472000.0,0.046129998,0.06413,0.5972919736357465,8123370000.0,4174105000.0,6077525000.0,5062006000.0,1626575000.0,660720000.0,-1583341000.0,-0.0975998601559483
オーバーラップホールディングス,414A,情報・通信業,グロース（内国株式）,JP,2025-08-31,東京都,19907960832.0,2.4277174,,9.496087,,0.0,0.03634538,104.78,,,8535000000.0,3027000000.0,0.31301,2067000000.0,0.2323,,0.43757738896366083,10447000000.0,2934000000.0,6539000000.0,6638000000.0,2796000000.0,73000000.0,-3856900000.0,-0.19373656762476796
協和キリン,4151,医薬品,プライム（内国株式）,JP,2025-12-31,東京都,1250351513600.0,1.3996493,17.215654,18.665989,20.497795082657266,0.48409998,0.025389025,127.96,138.74,113.0600000412432,496826000000.0,102275000000.0,0.25344,67040000000.0,0.13494,0.076869994,0.8063582041052119,214528000000.0,181078000000.0,493348000000.0,,218769000000.0,16566000000.0,290416200000.0,0.23226764381148823
ＧＭＯ　ＴＥＣＨホールディングス,415A,サービス業,グロース（内国株式）,JP,2025-12-31,,8430476800.0,1.6257569,,4.1065235,,0.18959999,0.0,1300.37,,,6923000000.0,520000000.0,0.07526,1539000000.0,0.2223,,0.6983406113537118,1727000000.0,1592000000.0,4585000000.0,166000000.0,2765000000.0,510000000.0,3215000000.0,0.3813544685871148
プレイド,4165,情報・通信業,グロース（内国株式）,JP,2025-09-30,東京都,23966756864.0,4.7241926,139.37947,21.93839,125.09554257136799,0.0,0.0,26.62,4.19,7.849999926574212,13396474000.0,1431875000.0,0.08112001,1099057000.0,0.07248,0.22508,0.49600118064378457,4836619000.0,3624349000.0,8325908000.0,1821026000.0,6601979000.0,338961000.0,3726561700.0,0.15548877643923512
かっこ,4166,情報・通信業,グロース（内国株式）,JP,2025-12-31,東京都,1907393152.0,2.7170844,,,-6.460750073520474,0.0,0.0,-50.48,,-94.10672028498693,819443000.0,-133365000.0,-0.22368999,-137687000.0,-0.16728,-0.17862,0.7008709532598394,299832000.0,221051000.0,876137000.0,186648000.0,762439000.0,64487000.0,621445900.0,0.3258090233512593
ココペリ,4167,情報・通信業,グロース（内国株式）,JP,2025-03-31,東京都,2352721664.0,1.4451746,17.35955,,92.01877388019429,0.0,0.0,-3.2,17.8,4.260000252887225,2007546000.0,197863000.0,-0.57727003,125877000.0,-0.14861,-0.15001,0.7836976644610879,525887000.0,383596000.0,1570180000.0,175739000.0,1394162000.0,,1044293000.0,0.4438659344958537
ヤプリ,4168,情報・通信業,グロース（内国株式）,JP,2025-12-31,東京都,9162160128.0,3.1094959,,10.0125675,15.041514601755198,0.1815,0.0,71.61,,57.57999882308009,6056126000.0,882765000.0,0.099309996,920605000.0,0.15192,0.35749,0.6252066613844112,1775251000.0,841776000.0,3283811000.0,1162811000.0,2204480000.0,,1508560000.0,0.16465112800089232
ＥＮＥＣＨＡＮＧＥ,4169,情報・通信業,グロース（内国株式）,JP,2025-03-31,東京都,12830047232.0,2.8178275,10.135135,,-21.26717183398476,0.0,0.0,-165.5,29.6,-44.01149373816973,4379001000.0,-2125018000.0,0.12494001,-4985167000.0,-0.28329,-0.5276,0.6141174061057695,2860063000.0,2393447000.0,5475642000.0,1114350000.0,4263507000.0,1419994000.0,3609574800.0,0.2813376080952529
富士ユナイトホールディングス,416A,卸売業,スタンダード（内国株式）,JP,2025-03-31,東京都,8207054848.0,0.8583851,,11.431457,,0.8082,0.071257,108.91,,,68344000000.0,800000000.0,0.016239999,717000000.0,0.01051,0.08091,0.45955759399933116,11312000000.0,8483000000.0,13844000000.0,2030000000.0,5741000000.0,110000000.0,2609000000.0,0.317897229678658
Ｋａｉｚｅｎ　Ｐｌａｔｆｏｒｍ,4170,情報・通信業,グロース（内国株式）,JP,2025-12-31,東京都,2926127616.0,0.9812647,14.333333,100.58479,-16.72394708533217,0.0,0.0,1.71,12.0,-10.165064451148583,4354800000.0,29197000.0,-0.035520002,29815000.0,0.00666,0.00977,0.6986999773750251,1286436000.0,772389000.0,3580365000.0,716459000.0,2966703000.0,112361000.0,2372581700.0,0.8108264612338767
グローバルインフォメーション,4171,情報・通信業,スタンダード（内国株式）,JP,2025-12-31,神奈川県,3938959360.0,1.5630797,,16.980165,12.445287066311508,0.768,0.045146726,78.15,,106.32999994262667,2567624000.0,318054000.0,0.0625,232163000.0,0.09038,0.093,0.7953091092343846,648442000.0,327193000.0,3074331000.0,,2700442000.0,,2425889000.0,0.6158705328708951
Ｈｉクラテス,4172,情報・通信業,スタンダード（内国株式）,JP,2025-09-30,岡山県,5213133824.0,1.2327111,12.682927,11.632531,9.932259216830069,0.4375,0.0,201.16,184.5,180.34936183429775,2406943000.0,549606000.0,0.29747,448093000.0,0.185,0.10939,0.88863668515345,525850000.0,466264000.0,2442113000.0,,1497087000.0,1284780000.0,2815609000.0,0.5400991217677208
アピリッツ,4174,情報・通信業,スタンダード（内国株式）,JP,2025-01-31,東京都,2512669696.0,1.3526709,4.5937963,104.89039,12.137811674953186,3.7225,0.043887146,5.93,135.4,89.84999146436594,9008810000.0,185629000.0,-0.07918,45968000.0,-0.04674,-0.21871,0.4157087041703595,3365550000.0,2184166000.0,4444578000.0,1766007000.0,2293950000.0,,1079028000.0,0.429434876266363
ｃｏｌｙ,4175,情報・通信業,グロース（内国株式）,JP,2025-01-31,,11280619520.0,2.0793774,,74.76295,-6.279504638000063,0.0,0.0,27.42,,-150.96732220933993,6500875000.0,-516473000.0,0.07338,-546289000.0,0.01026,0.01349,0.8362176024048812,1029081000.0,997722000.0,4071095000.0,96664000.0,3357555000.0,1740664000.0,4260478800.0,0.37768127827078773
ココナラ,4176,情報・通信業,グロース（内国株式）,JP,2025-08-31,東京都,6383974400.0,2.4918032,47.5,21.855827,33.6,0.0,0.0,13.04,6.0,10.0,9410783000.0,256122000.0,0.05957,306904000.0,0.03128,0.11735,0.38145766623021377,3907973000.0,2778232000.0,4248143000.0,1224189000.0,2936000000.0,,340170000.0,0.05328498811022801
ｉ‐ｐｌｕｇ,4177,情報・通信業,グロース（内国株式）,JP,2025-03-31,大阪府,6094323712.0,3.6558614,10.983489,10.269145,-22.799825405500815,0.0,0.0,148.99,139.3,-49.15378130770912,5084450000.0,578502000.0,0.29334998,597925000.0,0.07853,0.3032,0.3650643624171605,2427778000.0,2282300000.0,2866785000.0,420818000.0,2509422000.0,15393000.0,449782100.0,0.07380344747922704
Ｓｈａｒｉｎｇ　Ｉｎｎｏｖａｔｉｏｎｓ,4178,情報・通信業,グロース（内国株式）,JP,2025-12-31,東京都,2066467200.0,1.2843183,7.942446,90.789474,20.384728137908887,0.0,0.0,6.08,69.5,34.82999602430967,4458053000.0,100371000.0,0.03907,23971000.0,0.0051599997,0.014400001,0.6908176652322867,720444000.0,517964000.0,1778866000.0,258230000.0,1178849000.0,,1058422000.0,0.5121891119297708
ジーネクスト,4179,情報・通信業,グロース（内国株式）,JP,2025-03-31,東京都,1497111168.0,19.19466,,,-9.304377024348904,0.0,0.0,-26.41,,-35.57465471721493,691648000.0,-174244000.0,-0.5,-218573000.0,-0.85051,-0.71055,0.318727530684843,360620000.0,255021000.0,520117000.0,135174000.0,418302000.0,,159497000.0,0.10653651072089257
ブルーゾーンホールディングス,417A,小売業,プライム（内国株式）,JP,2025-03-31,埼玉県,373476294656.0,1.861879,,17.710947,18.709444479002862,0.256,0.01437873,103.58,,88.18799981901229,736400000000.0,33411000000.0,0.06807,20176000000.0,0.028180001,0.11476,0.4813905147711626,190277000000.0,90311000000.0,92983000000.0,80848000000.0,50226000000.0,909000000.0,-96657700000.0,-0.2588054486537869
Ａｐｐｉｅｒ　Ｇｒｏｕｐ,4180,情報・通信業,プライム（内国株式）,JP,2025-12-31,東京都,96757448704.0,2.6040237,20.50562,37.97519,51.17800618011297,0.09,0.002440347,24.99,46.28,28.47000011428852,43737000000.0,2976000000.0,0.062989995,2558000000.0,0.05849,0.07159,0.6140635072813528,23348000000.0,15494000000.0,36562000000.0,11111000000.0,11734000000.0,521000000.0,13578700000.0,0.1403375159419499
三菱瓦斯化学,4182,化学,プライム（内国株式）,JP,2025-03-31,東京都,842847813632.0,1.3217051,15.660733,,12.389091611347434,0.415,0.023137437,-38.03,276.36,190.96999993540533,773591000000.0,50851000000.0,0.05953,45544000000.0,-0.02197,-0.01591,0.5967921420967269,422314000000.0,274929000000.0,460268000000.0,202976000000.0,68246000000.0,233519000000.0,201417300000.0,0.23897232304851396
三井化学,4183,化学,プライム（内国株式）,JP,2025-03-31,東京都,731049492480.0,0.83680826,4.279131,40.89765,15.546013330330693,1.572,0.037593983,47.68,455.7,131.49499997356898,1809164000000.0,65907000000.0,0.0535,32242000000.0,0.01013,0.0298,0.39382660624442595,1183349000000.0,605927000000.0,1041171000000.0,737977000000.0,170615000000.0,93618000000.0,-76645400000.0,-0.10484296998824175
東京応化工業,4186,化学,プライム（内国株式）,JP,2025-12-31,神奈川県,1107671777280.0,2.7008572,47.33849,33.18727,18.604166771209677,0.2588,0.003425024,278.42,195.19,187.0999998234828,237029000000.0,47386000000.0,0.08284,33345000000.0,0.061279997,0.05544,0.6791542893955119,92994000000.0,59373000000.0,172773000000.0,26483000000.0,70962000000.0,31912000000.0,102117400000.0,0.09219102814983658
大阪有機化学工業,4187,化学,プライム（内国株式）,JP,2025-11-30,大阪府,86738468864.0,1.669751,24.563726,12.665934,,0.2228,0.017462166,336.73,173.63,,36265691000.0,6187165000.0,0.20202999,6887536000.0,0.19385,0.14998999,0.7800629770116251,13177224000.0,11218505000.0,37806078000.0,1337923000.0,15922597000.0,7544551000.0,29910039700.0,0.3448301554284628
三菱ケミカルグループ,4188,化学,プライム（内国株式）,JP,2025-03-31,東京都,1282747662336.0,0.69326913,10.355341,36.217876,10.581777708430455,1.2279,0.033013515,26.07,91.18,80.77000000349159,4407405000000.0,188627000000.0,0.03122,45020000000.0,0.021879999,0.03679,0.2952811708441207,3610050000000.0,1500158000000.0,2061560000000.0,2040987000000.0,326144000000.0,203645000000.0,-1405938500000.0,-1.0960366884938681
ＫＨネオケム,4189,化学,プライム（内国株式）,JP,2025-12-31,東京都,94733312000.0,1.359646,10.615928,12.404878,8.651576137182428,0.4813,0.03836317,218.14,254.9,225.8100022216355,115098000000.0,11250000000.0,0.09616999,7799000000.0,0.06776,0.11003,0.5355454608342749,57473000000.0,45231000000.0,67253000000.0,18289000000.0,6719000000.0,8640000000.0,15828000000.0,0.16707955908899288
スパイダープラス,4192,情報・通信業,グロース（内国株式）,JP,2025-12-31,東京都,10971737088.0,4.1215935,24.72,,-18.52387370846449,0.0,0.0,-0.49,12.5,-21.91766184491304,4895537000.0,-10899000.0,0.036530003,-17357000.0,-0.00347,-0.00641,0.639592797631532,1500142000.0,1308048000.0,3257042000.0,836677000.0,2477419000.0,,1756900000.0,0.16012961173865126
ファブリカホールディングス,4193,情報・通信業,スタンダード（内国株式）,JP,2025-03-31,東京都,11058460672.0,2.921193,14.854972,37.611473,14.266142222020935,0.98,0.02604651,57.19,144.8,123.28000626716882,9206653000.0,1106417000.0,0.1237,331666000.0,0.02555,0.065,0.6810698352931203,1715548000.0,1477980000.0,3765003000.0,249474000.0,2621009000.0,398409000.0,2328341300.0,0.2105484089567145
ビジョナル,4194,情報・通信業,プライム（内国株式）,JP,2024-07-31,東京都,306914426880.0,3.9865737,17.645155,17.716846,29.587601325635106,0.0,0.0,430.72,432.47,262.6100005365411,,,0.24484,,0.19809,0.26342,0.6856933197054276,23928000000.0,21869000000.0,65652000000.0,46000000.0,58107000000.0,687000000.0,42204900000.0,0.13751357480664025
ネオマーケティング,4196,情報・通信業,スタンダード（内国株式）,JP,2025-09-30,東京都,3531924224.0,4.4586854,18.0375,134.6082,19.549519513551644,0.0,0.0,10.72,80.0,58.15999719132925,2306479000.0,10850000.0,0.00693,26630000.0,0.01881,0.05552,0.43946107072056995,1008312000.0,558605000.0,1432157000.0,630624000.0,1018964000.0,,423845000.0,0.12000399021018181
アスマーク,4197,情報・通信業,スタンダード（内国株式）,JP,2025-11-30,東京都,2742205184.0,1.7349732,,13.831154,11.70518751928494,0.4493,0.0,171.28,,222.07995767221382,4416257000.0,280299000.0,0.04504,199926000.0,0.03545,,0.6301623806702531,934475000.0,838712000.0,1989603000.0,,1410625000.0,41048000.0,1083861600.0,0.39525182372348694
テンダ,4198,情報・通信業,スタンダード（内国株式）,JP,2025-05-31,東京都,3794981376.0,1.46468,,907.9365,15.723702987997763,34.375,0.038194444,0.63,,51.11000184771778,5574950000.0,428199000.0,0.082959995,257600000.0,0.00782,0.02688,0.7064914153818136,1082633000.0,895053000.0,2518171000.0,142122000.0,1628738000.0,579000.0,1435943300.0,0.37837953806074226
ワンダープラネット,4199,情報・通信業,グロース（内国株式）,JP,2025-08-31,,2230861568.0,0.67533565,,,25.593593750338712,0.0,0.0,-118.23,,36.2200013426302,2316539000.0,-129649000.0,0.09115,-131578000.0,0.06523,,0.29998377559123357,1389297000.0,724907000.0,1730094000.0,1167504000.0,1255186000.0,,340797000.0,0.1527647456428816
ダイセル,4202,化学,プライム（内国株式）,JP,2025-03-31,大阪府,320549093376.0,0.8405588,5.713173,9.156016,6.732050072882387,0.4407,0.04803843,136.14,218.18,202.43194386080788,586531000000.0,61011000000.0,0.08343001,49480000000.0,0.07108,0.10627,0.4423313931270743,438796000000.0,210353000000.0,395626000000.0,280919000000.0,65142000000.0,56652000000.0,-3513600000.0,-0.01096119150734453
住友ベークライト,4203,化学,プライム（内国株式）,JP,2025-03-31,東京都,458158276608.0,1.3957759,18.828875,23.328121,18.537978252564265,0.4246,0.017951624,223.85,277.34,233.65999923836537,304773000000.0,24792000000.0,0.10293,19281000000.0,0.083859995,0.08133,0.6957570767249592,124210000000.0,82621000000.0,231856000000.0,30680000000.0,103533000000.0,42173000000.0,137167100000.0,0.29938802157089506
積水化学工業,4204,化学,プライム（内国株式）,JP,2025-03-31,大阪府,995942924288.0,1.2195085,12.764526,14.52458,11.314146926779074,0.4827,0.032539684,169.85,193.27,183.47999996543712,1297754000000.0,107951000000.0,0.083179995,81925000000.0,0.0,,0.606669291681758,495421000000.0,340002000000.0,703104000000.0,110829000000.0,142586000000.0,105102000000.0,281254400000.0,0.28240011866249154
日本ゼオン,4205,化学,プライム（内国株式）,JP,2025-03-31,東京都,336672423936.0,0.93033856,14.688204,9.6342325,8.170167174350954,0.38880002,0.03988764,182.63,119.79,147.12000005222356,420647000000.0,29320000000.0,0.06999,26199000000.0,0.08289,0.09689,0.6694424357326719,175795000000.0,152022000000.0,298134000000.0,25960000000.0,27366000000.0,71191000000.0,172172700000.0,0.5113953141369526
アイカ工業,4206,化学,プライム（内国株式）,JP,2025-03-31,愛知県,221816619008.0,1.2401897,13.490461,13.791359,14.49358634069546,0.52919996,0.038116593,256.9,262.63,236.52999941941925,248696000000.0,27411000000.0,0.13454,16896000000.0,0.0,0.10466,0.6019239180998271,98338000000.0,62775000000.0,179554000000.0,28207000000.0,59573000000.0,20750000000.0,95741000000.0,0.43162230327091505
ＵＢＥ,4208,化学,プライム（内国株式）,JP,2025-03-31,東京都,231727710208.0,0.5454982,6.9463043,40.350136,8.23864546001133,1.8584,0.045586407,59.12,343.42,298.4499991416512,486802000000.0,18045000000.0,0.05135,-4816000000.0,0.07703,0.08762,0.4564123238789884,453656000000.0,197719000000.0,358377000000.0,330536000000.0,115969000000.0,225502000000.0,62572400000.0,0.2700255396466598
積水樹脂,4212,化学,プライム（内国株式）,JP,2025-03-31,大阪府,64699248640.0,0.67757076,,17.501621,15.394847078200891,0.5756,0.03234624,123.36,,142.69454779437945,74231000000.0,5011000000.0,0.07734,3544000000.0,0.054580003,0.04504,0.686554953532599,41906000000.0,34035000000.0,54941000000.0,14237000000.0,15842000000.0,16062000000.0,24278400000.0,0.3752501073867185
旭有機材,4216,化学,プライム（内国株式）,JP,2025-03-31,東京都,111576555520.0,1.4224427,10.666187,16.445183,8.381848093157602,0.3186,0.019166667,361.2,556.9,594.3456952050944,85162000000.0,11121000000.0,0.077,7624000000.0,0.06827,0.07391,0.7340033279128692,27509000000.0,20165000000.0,69563000000.0,5900000000.0,24059000000.0,2404000000.0,43736800000.0,0.3919891575444827
ニチバン,4218,化学,プライム（内国株式）,JP,2025-03-31,東京都,37905494016.0,0.8661142,15.955441,20.98501,21.135387472509525,0.3948,0.018696582,88.73,116.7,88.96999914097933,49457000000.0,2587000000.0,0.054029997,1959000000.0,0.03119,0.03593,0.638817803943612,24417000000.0,17040000000.0,39756000000.0,2135000000.0,14663000000.0,2889000000.0,17361300000.0,0.45801539989616685
ムービン・ストラテジック・キャリア,421A,サービス業,グロース（内国株式）,JP,2025-12-31,東京都,19163793408.0,5.1405034,,15.962309,,0.0,0.0,142.21,,,3799672000.0,1763190000.0,0.33471,1153447000.0,0.3035,0.41157,0.7694385524471903,1117307000.0,1117306000.0,4416485000.0,,4172481000.0,88476000.0,3361111200.0,0.17538861583619927
リケンテクノス,4220,化学,プライム（内国株式）,JP,2025-03-31,東京都,80221757440.0,1.2615237,14.960072,10.645956,8.050008461628881,0.29680002,0.027214823,158.37,112.7,114.23712243651667,128141144000.0,10488510000.0,0.08767,7370551000.0,0.062810004,0.13674,0.5569550662415431,40689251000.0,34958052000.0,74322947000.0,11799167000.0,24472764000.0,6194352000.0,37969742400.0,0.4733097804345484
大倉工業,4221,化学,プライム（内国株式）,JP,2025-12-31,香川県,52244746240.0,0.82799375,11.414116,13.801439,7.928296699586221,0.5011,0.035744682,335.11,405.2,363.8876220857998,86658000000.0,6189000000.0,0.06662,3815000000.0,0.04402,0.06099,0.6123365973428568,39911000000.0,34478000000.0,52664000000.0,6732000000.0,7984000000.0,10540000000.0,20131000000.0,0.3853210408473026
児玉化学工業,4222,化学,スタンダード（内国株式）,JP,2025-03-31,東京都,17931266048.0,0.6318655,,0.7887794,-9.213058761853407,0.0,0.0,1463.02,,-31.2960918417384,15842015000.0,162425000.0,0.039219998,-132850000.0,0.36115003,1.33781,0.2879802695917755,8624315000.0,7826225000.0,5454244000.0,3929841000.0,1618115000.0,737390000.0,-2653898000.0,-0.14800393864525857
ロンシール工業,4224,化学,スタンダード（内国株式）,JP,2025-03-31,東京都,9124331520.0,0.4691332,,47.94189,8.816616916167664,1.6941,0.0354251,41.3,,181.20659722222223,21433000000.0,870000000.0,0.07558,13000000.0,0.01066,0.01198,0.7340076439022507,6890000000.0,5286000000.0,18051000000.0,494000000.0,7555000000.0,1329000000.0,12091300000.0,1.3251710520925921
積水化成品工業,4228,化学,プライム（内国株式）,JP,2025-03-31,東京都,20382140416.0,0.44266674,7.23301,,20.279027473344037,0.0,0.0,-206.27,61.8,23.88461283990914,137072000000.0,642000000.0,0.03718,-6282000000.0,-0.07063,-0.16943,0.35900409577357273,86569000000.0,56839000000.0,63592000000.0,39180000000.0,9587000000.0,12579000000.0,-14171700000.0,-0.6952998905294168
群栄化学工業,4229,化学,プライム（内国株式）,JP,2025-03-31,群馬県,33777840128.0,0.6381244,16.06692,17.721607,11.509618349724265,0.348,0.018975332,287.22,316.8,307.7385380971259,30545000000.0,2293000000.0,0.10406999,1920000000.0,0.07078,0.04603,0.789377638135136,11288000000.0,8438000000.0,25285000000.0,735000000.0,9251000000.0,13211000000.0,23244700000.0,0.688164190247659
タイガースポリマー,4231,化学,スタンダード（内国株式）,JP,2025-03-31,大阪府,19519778816.0,0.4372152,,5.0485044,6.627119877077848,0.2539,0.04985045,196.89,,151.71213262999245,49336406000.0,2833493000.0,0.06771,3383663000.0,0.078600004,0.095410004,0.722772461711275,14162626000.0,10758460000.0,36702877000.0,2800000000.0,19084283000.0,4916875000.0,25982063500.0,1.331063417516954
サンエー化研,4234,化学,スタンダード（内国株式）,JP,2025-03-31,東京都,7339817984.0,0.33839637,10.200804,14.393654,15.729690893779644,0.3398,0.034883723,52.94,74.7,32.859998839272784,29430148000.0,-34394000.0,0.02882,237038000.0,0.0135699995,0.01689,0.531551493430973,16792008000.0,13316443000.0,22559598000.0,6083029000.0,6380811000.0,5601274000.0,9688481800.0,1.3199893813606591
ウルトラファブリックス・ホールディングス,4235,化学,スタンダード（内国株式）,JP,2025-12-31,東京都,10739650560.0,0.43594936,6.78392,18.687708,12.91513136442623,0.96900004,0.026509574,36.12,99.5,67.9363906498638,20553000000.0,1621000000.0,0.15168001,668000000.0,0.27364,0.36705002,0.4576791099095352,20862000000.0,11079000000.0,11141000000.0,16033000000.0,2257000000.0,426000000.0,-9422800000.0,-0.8773842265497324
フジプレアム,4237,化学,スタンダード（内国株式）,JP,2025-03-31,兵庫県,11315636224.0,1.1436856,,54.02456,20.034958766976246,0.8197,0.014814815,7.33,,20.094496420434776,10620871000.0,220113000.0,-0.03677,262848000.0,0.00062,0.0005,0.6274787221314263,5946844000.0,4545678000.0,7157953000.0,4566394000.0,4212977000.0,998838000.0,1910295600.0,0.16881910678149423
ミライアル,4238,化学,スタンダード（内国株式）,JP,2025-01-31,東京都,11300426752.0,0.49186224,9.218865,18.63826,10.647231848865092,0.7452,0.0,67.12,135.7,117.2932922547603,,,0.01356,,0.0482,0.02665,0.7887287535682653,6026008000.0,5492124000.0,12929673000.0,,6474413000.0,330668000.0,7135132600.0,0.6314038183325416
ライオン事務器,423A,卸売業,スタンダード（内国株式）,JP,2025-09-30,大阪府,10018785280.0,0.7810063,,10.2455,,0.0,0.015974442,30.55,,,37022000000.0,1175000000.0,0.013710001,912000000.0,0.01658,,0.4879469987228608,12830000000.0,10395000000.0,18337000000.0,1231000000.0,5945000000.0,255000000.0,5685500000.0,0.5674839654812923
クラスターテクノロジー,4240,化学,スタンダード（内国株式）,JP,2025-03-31,大阪府,2373810944.0,1.3472257,,12.545126,32.11839028729966,0.120299995,0.0,33.24,,10.075550821137366,1022740000.0,108734000.0,0.14737001,100655000.0,0.15691,0.120179996,0.8995761117195878,184388000.0,172617000.0,1320313000.0,10797000.0,989050000.0,,1135925000.0,0.4785237859279159
アテクト,4241,化学,スタンダード（内国株式）,JP,2025-03-31,,3408534784.0,1.872782,,34.527542,-13.564715405314802,0.44799998,0.012626262,22.33,,-55.27000312142337,3201630000.0,80638000.0,0.07192,40176000.0,0.040209997,0.07443,0.3658628867235573,2971609000.0,1612023000.0,1521474000.0,2354399000.0,467800000.0,,-1450135000.0,-0.42544233575290985
タカギセイコー,4242,化学,スタンダード（内国株式）,JP,2025-03-31,富山県,5192132096.0,0.45493138,,,4.943608201073521,0.122600004,0.03521127,-716.25,,428.7399265048176,44293000000.0,1164000000.0,0.079629995,-2250000000.0,-0.03728,-0.12177,0.31114686153678356,21039000000.0,15496000000.0,20709000000.0,7469000000.0,5570000000.0,1479000000.0,705300000.0,0.13584014947219092
ニックス,4243,化学,スタンダード（内国株式）,JP,2025-09-30,神奈川県,2074221952.0,0.4537786,,10.681818,9.079038046838983,0.2393,0.022727273,83.6,,78.46985357450474,4403000000.0,213372000.0,0.07785,194094000.0,0.05027,0.04918,0.7466479342067724,1516757000.0,924102000.0,3891068000.0,197027000.0,2110165000.0,55290000.0,2413014000.0,1.1633345205286882
ダイキアクシス,4245,化学,スタンダード（内国株式）,JP,2025-12-31,愛媛県,9407580160.0,0.9761941,,20.36186,25.354552360423696,0.6895,0.033426184,34.82,,26.46624501126319,48321000000.0,1272000000.0,0.040409997,461000000.0,0.00954,0.04829,0.25329863849024864,28409000000.0,21620000000.0,20016000000.0,17634000000.0,7919000000.0,2131000000.0,-6901300000.0,-0.7335892846646762
ダイキョーニシカワ,4246,化学,プライム（内国株式）,JP,2025-03-31,広島県,56247963648.0,0.67140055,8.863519,8.427909,8.567037509804482,0.3749,0.043728422,101.33,96.35,81.34000039980678,168561000000.0,10007000000.0,0.07407,6498000000.0,0.0,0.10488,0.5650840482938002,64607000000.0,43031000000.0,73097000000.0,27045000000.0,30922000000.0,1480000000.0,9526000000.0,0.1693572421503781
ポバール興業,4247,化学,スタンダード（内国株式）,JP,2025-03-31,愛知県,3427580672.0,0.5822287,,18.727509,17.442679809940447,0.554,0.02959262,69.47,,70.47704866137751,3378056000.0,238593000.0,0.103870004,80503000.0,0.06058,0.03663,0.7977923859671345,1434715000.0,946955000.0,3013957000.0,220000000.0,1025602000.0,681271000.0,2056131700.0,0.5998784264354726
竹本容器,4248,化学,スタンダード（内国株式）,JP,2025-12-31,東京都,10691358720.0,0.8860735,8.951303,13.911133,15.089430720994027,0.56509995,0.040586244,63.69,98.98,52.940000681723944,14491278000.0,991082000.0,0.06524,771051000.0,0.05321,0.064899996,0.7171360524432541,4759759000.0,3150638000.0,9593216000.0,1697481000.0,4548340000.0,10230000.0,4840618000.0,0.45275985277201514
森六,4249,化学,プライム（内国株式）,JP,2025-03-31,東京都,33224757248.0,0.519218,,,11.777718099748329,3.9882998,0.047210302,-479.28,,200.9499974299413,146174000000.0,4139000000.0,0.00863,-7814000000.0,-0.051409997,-0.09842,0.5107835743055666,59725000000.0,52805000000.0,72793000000.0,21018000000.0,19973000000.0,7553000000.0,18355100000.0,0.5524524938735227
恵和,4251,化学,プライム（内国株式）,JP,2025-12-31,東京都,22527557632.0,0.9439972,8.243655,9.972163,6.712436053466845,0.32770002,0.032388665,122.14,147.75,144.73999836417755,20473325000.0,4286668000.0,0.18552,2268882000.0,0.11078,0.09688,0.7711514030986575,7082048000.0,4602981000.0,17754766000.0,2070970000.0,7881543000.0,175549000.0,10795602300.0,0.47921760877730646
ＴＨＥＣＯＯ,4255,情報・通信業,グロース（内国株式）,JP,2025-12-31,東京都,4518586368.0,8.35686,-14.861687,25.972927,-18.90189022719077,0.0,0.0,82.74,-144.6,-33.329999932690946,4831327000.0,197155000.0,0.05293,174505000.0,0.03602,0.38926,0.1614658434194256,2808806000.0,2728532000.0,2917318000.0,0.0,2044942000.0,,108512000.0,0.024014590219734847
サインド,4256,情報・通信業,グロース（内国株式）,JP,2025-03-31,東京都,6846480384.0,1.9730334,38.080807,49.08854,130.89430757579714,0.0,0.0,23.04,29.7,6.150000064241507,2241255000.0,237080000.0,0.17103,112234000.0,0.08462,0.061869998,0.6816258295111466,1548479000.0,762310000.0,2282370000.0,1153600000.0,2071316000.0,,733891000.0,0.1071924490888894
網屋,4258,情報・通信業,グロース（内国株式）,JP,2025-12-31,東京都,24295178240.0,8.908196,,33.533546,40.407341632744185,0.17799999,0.0053123944,88.24,,45.00000175370233,5936430000.0,1051604000.0,0.14907,751735000.0,0.12652001,0.30264,0.40762457723602774,4107037000.0,3900213000.0,6125902000.0,932006000.0,4561892000.0,359440000.0,2270473000.0,0.09345364654546366
エクサウィザーズ,4259,情報・通信業,グロース（内国株式）,JP,2025-03-31,東京都,74329923584.0,17.711727,244.6875,,-73.33333303278688,0.0,0.0,-21.59,3.2,-7.500000030737705,9811000000.0,23000000.0,0.15436,-2576000000.0,-0.1245,-0.31689,0.35022779043280183,4486000000.0,2065000000.0,5229000000.0,2550000000.0,3008000000.0,40000000.0,771000000.0,0.010372673115003212
ハイブリッドテクノロジーズ,4260,情報・通信業,グロース（内国株式）,JP,2025-09-30,東京都,3021181184.0,1.4720231,,166.03773,108.1192869942469,0.0,0.0,1.59,,4.458039017827111,3024742000.0,28941000.0,-0.061929997,18732000.0,-0.00825,-0.0108,0.5480009528266033,1719662000.0,697268000.0,1334781000.0,1191584000.0,916620000.0,71593000.0,-334765900.0,-0.11080629714394515
アジアクエスト,4261,情報・通信業,グロース（内国株式）,JP,2025-12-31,東京都,5680960512.0,2.886667,,19.646416,11.6681711391788,0.0,0.0,195.71,,199.2600187524874,4920288000.0,439412000.0,0.09432,290954000.0,0.05894,0.1586,0.6722185216687333,959577000.0,838794000.0,2429017000.0,154049000.0,1462028000.0,,1469440000.0,0.25866048477120623
ニフティライフスタイル,4262,情報・通信業,グロース（内国株式）,JP,2025-03-31,東京都,8828052480.0,1.4822003,,12.346775,9.930206928370794,0.4439,0.016487455,112.58,,99.09999279542184,4938823000.0,1004034000.0,0.23497999,617746000.0,0.13619,0.1234,0.8270418628394209,1213645000.0,1035113000.0,5011437000.0,0.0,4182019000.0,18550000.0,3810777000.0,0.4316667813918569
サスメド,4263,情報・通信業,グロース（内国株式）,JP,2024-06-30,東京都,15782781952.0,3.798393,56.727272,,-28.022728760684355,0.0,0.0,-15.33,16.5,-21.411191077215676,,,-3.32609,,-0.53542,-0.060539998,0.933539480049618,327789000.0,321399000.0,4898414000.0,,4846920000.0,,4570625000.0,0.2895956501141935
セキュア,4264,情報・通信業,グロース（内国株式）,JP,2025-12-31,東京都,10767985664.0,3.3383296,14.49457,51.39218,36.79072296008081,0.0,0.0,33.76,119.7,49.17000413291217,6840816000.0,326123000.0,0.06237,187586000.0,0.02734,0.0889,0.5566310824112335,2331001000.0,1599460000.0,4291521000.0,1035116000.0,2253347000.0,258754000.0,2141647800.0,0.19889029079598894
Ｉｎｓｔｉｔｕｔｉｏｎ　ｆｏｒ　ａ　Ｇｌｏｂａｌ　Ｓｏｃｉｅｔｙ,4265,情報・通信業,グロース（内国株式）,JP,2025-03-31,東京都,1501227008.0,2.3347168,3.9473684,,-86.66657333144396,0.0,0.0,-41.08,79.8,-4.707697377622883,602926000.0,-303136000.0,-0.64035004,-336333000.0,-0.18711,-0.17297001,0.8829037284449682,64029000.0,64029000.0,678886000.0,,321597000.0,82315000.0,672477500.0,0.44795190628491544
ＢｅｅＸ,4270,情報・通信業,グロース（内国株式）,JP,2025-02-28,東京都,4199824384.0,1.3699384,15.040258,10.227211,21.929676118292367,0.1369,0.0,182.65,124.2,175.9299875508056,9255650000.0,656652000.0,0.050869998,499366000.0,0.042540003,0.15942,0.49857556056674107,2604033000.0,2604032000.0,4885231000.0,200000000.0,2337341000.0,15574000.0,2292099800.0,0.5457608677001291
日本化薬,4272,化学,プライム（内国株式）,JP,2025-03-31,東京都,264105082880.0,0.9729323,17.523527,12.11312,48.04886440489936,0.46220002,0.037900057,146.04,100.95,24.7899999804115,222584000000.0,20402000000.0,0.09345999,17508000000.0,0.09388,0.07911,0.7158690742504843,105190000000.0,55606000000.0,206794000000.0,42096000000.0,55425000000.0,35393000000.0,126379100000.0,0.4785182421400886
細谷火工,4274,化学,スタンダード（内国株式）,JP,2025-03-31,東京都,5199201792.0,1.5135063,,31.791483,37.901256741002925,0.2446,0.0,40.86,,34.64367816091954,2038992000.0,290738000.0,0.23243,219802000.0,0.06562,0.03848,0.7132014590629596,1285604000.0,911370000.0,2126000000.0,635015000.0,725351000.0,486734000.0,1181109800.0,0.22717137115496672
カーリット,4275,化学,プライム（内国株式）,JP,2025-03-31,東京都,58664570880.0,1.5001339,19.234167,22.042194,9.20221316286341,0.3037,0.013610586,118.5,135.8,110.22953880096738,36914000000.0,3047000000.0,0.11806,2570000000.0,0.09206,0.087,0.7069720063381876,15534000000.0,9935000000.0,22906000000.0,1130000000.0,4945000000.0,8631000000.0,13413700000.0,0.22865078187374954
ソルクシーズ,4284,情報・通信業,スタンダード（内国株式）,JP,2025-12-31,東京都,9324636160.0,1.4177651,,12.317881,,0.3709,0.030042918,37.75,,,17359251000.0,1397157000.0,0.072680004,839840000.0,0.04833,0.11309,0.5284826362482528,4981770000.0,3717174000.0,8453063000.0,2087812000.0,5209930000.0,1035740000.0,4196311000.0,0.4500241004577706
ＣＬホールディングス,4286,サービス業,スタンダード（内国株式）,JP,2025-12-31,東京都,13073647616.0,1.6673443,17.729258,20.942228,42.542029818428716,0.30969998,0.015319149,58.16,68.7,16.09498897675899,39002067000.0,1404365000.0,0.073130004,629033000.0,0.01613,0.07621,0.3176782719687531,16767146000.0,10094134000.0,17783784000.0,9142652000.0,4376712000.0,1423404000.0,2013020800.0,0.1539754519263922
ジャストプランニング,4287,情報・通信業,スタンダード（内国株式）,JP,2025-01-31,東京都,5709096960.0,1.4541785,,13.954154,11.82709731164792,0.2865,0.022821577,34.9,,27.904608280604435,2202970000.0,490291000.0,0.35962,364215000.0,0.20055,0.13365,0.9147745379668376,342579000.0,324605000.0,3343476000.0,,2870859000.0,10228000.0,3008056600.0,0.5268883364699415
アズジェント,4288,情報・通信業,スタンダード（内国株式）,JP,2025-03-31,東京都,2621260288.0,1.5582435,,,-4.589962737632402,0.0,0.008517887,-64.04,,-117.43014721684371,2971173000.0,-205464000.0,0.032980002,-440466000.0,0.083979994,0.22186,0.21423268666314363,1234134000.0,1096059000.0,1440907000.0,400000000.0,663993000.0,29518000.0,227435600.0,0.08676574434106714
サイプレス・ホールディングス,428A,小売業,スタンダード（内国株式）,JP,2025-08-31,東京都,12222071808.0,4.7910953,,26.202187,,0.0,0.0,36.6,,,11288362000.0,765032000.0,0.0542,436732000.0,0.038540002,,0.20291251250882664,9178358000.0,3238008000.0,2002743000.0,6899270000.0,893759000.0,753464000.0,-6648190200.0,-0.5439495287246148
プレステージ・インターナショナル,4290,サービス業,プライム（内国株式）,JP,2025-03-31,東京都,83697033216.0,1.7827916,14.046473,16.083412,13.99884892309499,0.5994,0.03709199,41.72,47.77,45.19999231691385,63719802000.0,7961149000.0,0.13306,4870043000.0,0.07851,0.12312999,0.646619012796748,21948756000.0,19095157000.0,42224013000.0,321459000.0,23407674000.0,9592066000.0,26989703200.0,0.3224690549107838
セプテーニ・ホールディングス,4293,サービス業,スタンダード（内国株式）,JP,2025-12-31,東京都,91267047424.0,1.3714256,17.214397,26.128265,14.306796610145746,1.0702,0.041474655,16.84,25.56,26.60999997385136,30308899000.0,4238537000.0,0.19704,3491390000.0,0.11517999,0.051119998,0.6907392918130069,29760738000.0,29269965000.0,45546934000.0,,17944740000.0,7879242000.0,21301665400.0,0.23339930458184643
ハイマックス,4299,情報・通信業,スタンダード（内国株式）,JP,2025-03-31,神奈川県,12820403200.0,1.2109578,,11.779353,13.178818500887072,0.4405,0.037797865,104.42,,101.90847723602175,18066000000.0,1806000000.0,0.098409995,1293000000.0,0.06408,0.10637,0.8164934164934164,2648000000.0,2402000000.0,12575000000.0,,9469000000.0,543000000.0,10307100000.0,0.8039606741853486
テクセンドフォトマスク,429A,その他製品,プライム（内国株式）,JP,2025-03-31,東京都,374327869440.0,2.2655325,,27.61298,,0.0,0.0,136.53,,,117974000000.0,28200000000.0,0.20396,9945000000.0,0.0,,0.6937681816014116,51371000000.0,33314000000.0,64082000000.0,798000000.0,27715000000.0,4403000000.0,15793100000.0,0.04219055349425815
アミューズ,4301,サービス業,プライム（内国株式）,JP,2025-03-31,,32253710336.0,0.8587458,19.134615,6.862069,61.95329566251555,0.1379,0.02,290.0,104.0,23.573045482533306,68186000000.0,2798000000.0,0.096049994,1648000000.0,0.07516,0.14023,0.5662628819381667,23723000000.0,22116000000.0,47953000000.0,281000000.0,27793000000.0,4071000000.0,27079700000.0,0.8395840267026574
野村総合研究所,4307,情報・通信業,プライム（内国株式）,JP,2025-03-31,東京都,2940527706112.0,5.8635035,29.367308,28.884382,30.26722160766587,0.3884,0.0138332,177.57,174.65,136.83999989326745,764813000000.0,134005000000.0,0.19354999,93762000000.0,0.13164,0.22697,0.4674631475895018,490543000000.0,239482000000.0,419424000000.0,271023000000.0,168597000000.0,80969000000.0,-14440700000.0,-0.004910921250626019
Ｊストリーム,4308,情報・通信業,グロース（内国株式）,JP,2025-03-31,東京都,9101079552.0,0.85834897,19.783783,18.065153,30.743351673733706,0.6907,0.03794038,20.26,18.5,11.99517194691072,11800312000.0,916482000.0,0.091520004,550856000.0,0.0361,0.04356,0.8011770152267509,2127075000.0,1977774000.0,10439180000.0,59375000.0,4432698000.0,8698000.0,8318193600.0,0.9139787815800426
ドリームインキュベータ,4310,サービス業,プライム（内国株式）,JP,2025-03-31,東京都,22457862144.0,2.0576231,,20.681541,-11.269926578190693,0.0,0.0,123.25,,-202.21849122232703,6183000000.0,258000000.0,0.09979,170000000.0,0.13029,0.07447,0.8205839692249479,2702000000.0,1275000000.0,15428000000.0,,5659000000.0,65000000.0,12771500000.0,0.5686872560758025
ビーマップ,4316,情報・通信業,グロース（内国株式）,JP,2025-03-31,東京都,829681536.0,2.5881987,,,8.750266347973948,0.0,0.0,-56.18,,46.96999881554047,1494314000.0,-182806000.0,-0.13437,-179556000.0,-0.13146,-0.53535,0.5251202597114628,424131000.0,329686000.0,835578000.0,82135000.0,155112000.0,38303000.0,438259100.0,0.5282256877896823
レイ,4317,サービス業,スタンダード（内国株式）,JP,2025-02-28,東京都,6814732800.0,0.8768307,,9.5784025,7.327668487273029,0.3698,0.038314175,54.08,,57.29999896389568,10456954000.0,927437000.0,0.10502,745577000.0,0.0971,0.17889999,0.7450262072280354,2325605000.0,2153322000.0,5356499000.0,769429000.0,2867336000.0,292438000.0,3235600600.0,0.4747949325320576
クイック,4318,サービス業,プライム（内国株式）,JP,2025-03-31,大阪府,49162358784.0,2.5892339,5.1650944,16.014626,11.541591510400764,0.6037,0.037887484,54.7,169.6,62.470715062097966,32501017000.0,4533486000.0,0.047069997,3583562000.0,0.11617,0.21108,0.7098440220840883,7288572000.0,7010182000.0,19406416000.0,120740000.0,15052626000.0,1762665000.0,13351709500.0,0.2715839888533856
ユーソナー,431A,情報・通信業,グロース（内国株式）,JP,2024-12-31,東京都,17613389824.0,4.0231857,,26.584005,,0.0,0.0,80.65,,,6074883000.0,910962000.0,0.11748,634157000.0,0.12349,0.25606,0.5379625833642596,2283327000.0,1989508000.0,3870963000.0,306674000.0,3222573000.0,,1587636000.0,0.0901380152182113
ＣＥホールディングス,4320,情報・通信業,スタンダード（内国株式）,JP,2025-09-30,北海道,19753148416.0,2.527441,,12.002022,53.3174373432165,0.2226,0.018596787,98.9,,8.19244152679709,15831137000.0,1411603000.0,0.12961,1557814000.0,0.1014,0.25094,0.6515542236617192,3904013000.0,2855292000.0,9076418000.0,1583346000.0,4732751000.0,408208000.0,5458150600.0,0.2763180068843563
日本システム技術,4323,情報・通信業,プライム（内国株式）,JP,2025-03-31,東京都,48449146880.0,3.1233168,,16.812489,20.414520588072303,0.32580003,0.019427402,116.58,,85.08000098005894,29324949000.0,3188390000.0,0.11724,2443453000.0,0.08823,0.18988001,0.6443926632272698,8080959000.0,6057990000.0,16647188000.0,68127000.0,7110014000.0,1667447000.0,9733441900.0,0.20090017114456155
電通グループ,4324,サービス業,プライム（内国株式）,JP,2025-12-31,東京都,802902048768.0,2.1419342,9.578817,,-5.189501207272651,0.0,0.0,-1261.91,322.9,-734.5599986869261,1435245000000.0,146398000000.0,0.13,-327601000000.0,-0.22825001,-0.52415,0.11689239104436934,2758833000000.0,2145241000000.0,2301403000000.0,468241000000.0,295183000000.0,107661000000.0,-382067300000.0,-0.4758579213818883
インテージホールディングス,4326,情報・通信業,プライム（内国株式）,JP,2025-06-30,東京都,62321131520.0,1.8530848,19.324644,22.978302,22.382041910871056,0.65589994,0.018259281,70.98,84.4,64.47005878030859,65571087000.0,4241171000.0,0.021,3505060000.0,0.072620004,0.11282,0.7060323181180401,13601606000.0,12567135000.0,30533345000.0,339574000.0,15269232000.0,2561762000.0,18724972400.0,0.300459441979015
テイクアンドギヴ・ニーズ,4331,サービス業,プライム（内国株式）,JP,2026-03-31,東京都,10163091456.0,0.5764004,4.8333335,,3.704507318780065,0.16780001,0.059386496,-5.29,144.0,243.08462949913874,35709000000.0,1623000000.0,-0.04674,-76000000.0,-0.00213,,0.3396778916544656,34143000000.0,15155000000.0,12569000000.0,23487000000.0,6586000000.0,15000000.0,-21563500000.0,-2.1217461333843968
ユークス,4334,情報・通信業,スタンダード（内国株式）,JP,2025-01-31,大阪府,3417919232.0,1.3020625,,16.130314,-3.0222873780879187,0.3973,0.024570024,25.17,,-160.67999614742504,3255738000.0,87859000.0,0.14003,198412000.0,0.04104,0.06848,0.8006608889519499,626591000.0,496854000.0,2799559000.0,0.0,1690278000.0,119709000.0,2256764300.0,0.6602743209585592
ＩＰＳホールディングス,4335,情報・通信業,スタンダード（内国株式）,JP,2024-06-30,大阪府,2873696512.0,1.6824913,,10.092407,11.598314790160844,0.3053,0.030473135,124.45,,99.29002140940813,,,0.123730004,,0.07582,0.17729001,0.5732934666480234,1104727000.0,732924000.0,2224740000.0,,1027332000.0,4945000.0,1123474500.0,0.3909509912785112
ぴあ,4337,サービス業,プライム（内国株式）,JP,2025-03-31,東京都,51835801600.0,5.2685394,,17.871305,43.30685716476151,0.0,0.0,189.13,,73.22062901497755,45362000000.0,2769000000.0,0.07143,1591000000.0,0.0,0.38563,0.07083700440528634,94911000000.0,76265000000.0,79662000000.0,17619000000.0,46301000000.0,1125000000.0,-14461500000.0,-0.27898671484999277
西菱電機,4341,サービス業,スタンダード（内国株式）,JP,2025-03-31,大阪府,2606143488.0,0.48603934,,6.3824663,10.263632953253946,0.1846,0.028785983,124.56,,81.18535187561032,19296000000.0,280000000.0,0.05126,81000000.0,0.02901,0.11243,0.4475288303130148,6707000000.0,6455000000.0,10513000000.0,900000000.0,905000000.0,118000000.0,3888600000.0,1.4920897555737345
イオンファンタジー,4343,サービス業,プライム（内国株式）,JP,2025-02-28,,49731375104.0,6.338177,23.06422,17.829786,37.18131708115367,0.106400006,0.0059148264,141.0,109.0,66.45999944290642,87240584000.0,4344861000.0,0.08606,-1816753000.0,0.02991,0.36488998,0.1230662697678689,46831210000.0,30758292000.0,12185447000.0,34846033000.0,6167459000.0,5323000.0,-34642036900.0,-0.6965831294138832
ソースネクスト,4344,情報・通信業,プライム（内国株式）,JP,2025-03-31,東京都,17704318976.0,2.914788,23.063063,,-15.178013747566803,0.0,0.0,-21.78,5.55,-16.009999993507417,11455896000.0,-3480480000.0,-0.096049994,-3896757000.0,-0.22945999,,0.4583143781171513,7854947000.0,6165215000.0,11342672000.0,5378810000.0,6008174000.0,2152084000.0,4994183800.0,0.282088444450765
シーティーエス,4345,サービス業,プライム（内国株式）,JP,2025-03-31,長野県,37014814720.0,2.4940915,17.519531,15.0553875,16.935305885017648,0.4445,0.029444445,59.58,51.2,43.84230879544437,11821000000.0,3078000000.0,0.28829,2190000000.0,0.20917,0.19347,0.7536299765807962,4208000000.0,2393000000.0,7002000000.0,1811000000.0,4529000000.0,6206000000.0,7138200000.0,0.19284710875894395
ＮＥＸＹＺ．Ｇｒｏｕｐ,4346,その他金融業,スタンダード（内国株式）,JP,2025-09-30,東京都,9782153216.0,2.4960418,,10.599014,,0.28190002,0.026385223,70.95,,,28433000000.0,1821000000.0,0.05065,922000000.0,0.03227,0.18622999,0.17751260917702055,16359000000.0,11062000000.0,15914000000.0,6954000000.0,8447000000.0,5832000000.0,3637400000.0,0.37184042405413903
ブロードメディア,4347,サービス業,スタンダード（内国株式）,JP,2025-03-31,東京都,16250811392.0,3.3904002,17.285824,28.697294,12.646276790190509,0.6291,0.022153301,79.45,131.9,93.5,15533925000.0,707021000.0,0.07643,335267000.0,0.048130002,0.13813,0.4098254679053405,5519050000.0,4877248000.0,7603869000.0,1154357000.0,5621071000.0,169455000.0,2203437500.0,0.13558938362208273
メディカルシステムネットワーク,4350,小売業,スタンダード（内国株式）,JP,2025-03-31,北海道,15286503424.0,0.9024975,5.8764043,10.139588,9.943204724398049,0.2326,0.02268431,51.58,89.0,61.890000838509685,122387000000.0,3154000000.0,0.03122,1262000000.0,0.0064,0.052020002,0.23034312753237185,54242000000.0,24377000000.0,22627000000.0,29789000000.0,8461000000.0,702000000.0,-31123600000.0,-2.0360182532740327
山田再生系債権回収総合事務所,4351,その他金融業,スタンダード（内国株式）,JP,2025-12-31,神奈川県,3782494720.0,1.1227345,,53.11005,72.88061311546103,0.5977,0.010764263,16.72,,11.667385832265541,2280554000.0,74077000.0,0.2722,71270000.0,0.031140001,0.021140002,0.5812591076189372,2427585000.0,1369879000.0,5152394000.0,1278851000.0,1473124000.0,339100000.0,2962179000.0,0.7831283899320288
応用技術,4356,情報・通信業,スタンダード（内国株式）,JP,2025-12-31,大阪府,9940467712.0,9.4262495,14.006435,10.868343,10.854718846647337,0.2496,0.0,160.19,124.3,127.093376226602,7454059000.0,1199884000.0,-0.19424999,914874000.0,0.027460001,0.06505,0.7596499873402158,1978270000.0,1888065000.0,7604851000.0,,778191000.0,200000.0,5626721000.0,0.5660418768029896
マナック・ケミカル・パートナーズ,4360,化学,スタンダード（内国株式）,JP,2025-03-31,東京都,7855396352.0,0.710253,,,61.426905419588415,1.4563,0.010111224,-36.49,,10.229377574809185,9304000000.0,-342000000.0,0.06653,-895000000.0,-0.020399999,-0.01935,0.814882176182192,2341000000.0,2190000000.0,9045000000.0,,2767000000.0,1520000000.0,7768000000.0,0.9888743548913673
川口化学工業,4361,化学,スタンダード（内国株式）,JP,2025-11-30,東京都,1795607424.0,0.5731271,,6.0194254,5.1656436848623155,0.2448,0.04037685,245.04,,276.214617381869,8814476000.0,426646000.0,0.049099997,298393000.0,0.03528,0.10305,0.3533472461516759,5734569000.0,4276334000.0,6371550000.0,3525263000.0,1212523000.0,69344000.0,685521800.0,0.3817771027438122
日本精化,4362,化学,プライム（内国株式）,JP,2025-03-31,大阪府,51328573440.0,1.032436,13.312711,11.498664,16.127110038656614,0.4079,0.03517588,205.85,177.8,146.40309591930463,35663736000.0,4895384000.0,0.11626001,3870959000.0,0.0,0.09232,0.8054111655135132,10726874000.0,7416814000.0,32213928000.0,1100000000.0,12300114000.0,10871513000.0,29097113100.0,0.5668794425781727
松本油脂製薬,4365,化学,スタンダード（内国株式）,JP,2025-03-31,大阪府,62290051072.0,0.7225168,,9.120065,,,0.018630648,2354.15,,,43131000000.0,9282000000.0,0.21073,6830000000.0,0.16654,0.081140004,0.8341510048429965,13824000000.0,11018000000.0,66121000000.0,,32037000000.0,20707000000.0,66791900000.0,1.0722723589164567
ダイトーケミックス,4366,化学,スタンダード（内国株式）,JP,2025-03-31,大阪府,14396104704.0,0.9015023,,17.72403,-7.243177033153932,0.1454,0.007954447,25.22,,-31.2063344201211,18644000000.0,848000000.0,0.058319997,820000000.0,0.04427,0.054780003,0.6105219893136046,9476000000.0,6298000000.0,13530000000.0,5448000000.0,2775000000.0,2100000000.0,5524000000.0,0.3837149085519738
広栄化学,4367,化学,スタンダード（内国株式）,JP,2025-03-31,東京都,10853173248.0,0.868623,,,35.15420079441987,1.6961,0.00672043,-62.72,,61.25999436516741,20018256000.0,566265000.0,0.08425,288382000.0,0.00377,0.0056,0.613770266196105,13602479000.0,7265787000.0,13039523000.0,7473129000.0,324825000.0,96000.0,-562888800.0,-0.05186398366060617
扶桑化学工業,4368,化学,プライム（内国株式）,JP,2025-03-31,大阪府,313263063040.0,2.768744,10.297697,24.310345,18.796103505632157,0.216,0.008647948,121.8,287.54,78.90000035368024,69501527000.0,16230509000.0,0.23813999,11622785000.0,0.1752,0.12186,0.7353176830888928,37453096000.0,18489603000.0,67052435000.0,20000000000.0,31295730000.0,714487000.0,30099479900.0,0.09608371829064524
トリケミカル研究所,4369,化学,プライム（内国株式）,JP,2025-01-31,山梨県,103177297920.0,2.8541763,18.798105,18.697369,20.55424831944498,0.2062,0.010903426,169.81,168.9,152.69000227496502,,,0.22827,,0.23093,0.16284001,0.8550016310914064,5356905000.0,4182189000.0,21456391000.0,1778121000.0,9439328000.0,3923209000.0,18845732300.0,0.18265386552972446
サイバーソリューションズ,436A,情報・通信業,グロース（内国株式）,JP,2025-04-30,東京都,16650062848.0,10.5996065,,16.541235,,0.0,0.0,63.78,,,3126231000.0,1219830000.0,0.3337,902661000.0,0.21434,,0.44513049581326125,3016057000.0,1946791000.0,1364370000.0,665248000.0,923689000.0,124863000.0,-1564282900.0,-0.09395057029396746
モビルス,4370,情報・通信業,グロース（内国株式）,JP,2025-08-31,東京都,2010385536.0,1.4814154,-39.058823,41.919193,-2.907841290535951,0.0,0.0,7.92,-8.5,-125.17877133965254,1854738000.0,90641000.0,0.02399,90971000.0,0.04854,0.05572,0.6160424943208122,776347000.0,476346000.0,1404465000.0,305548000.0,1039144000.0,,628118000.0,0.3124365892771724
コアコンセプト・テクノロジー,4371,情報・通信業,グロース（内国株式）,JP,2025-12-31,東京都,22396667904.0,4.501672,11.960784,16.200924,11.75679588831006,0.2194,0.013669065,86.6,117.3,82.06000210242456,20878460000.0,2201676000.0,0.111870006,1501810000.0,0.071890004,0.32446998,0.5907661246570368,3503770000.0,3293847000.0,6430092000.0,242245000.0,2505801000.0,272893000.0,3117347100.0,0.1391879860594463
ユミルリンク,4372,情報・通信業,グロース（内国株式）,JP,2025-12-31,東京都,4482226688.0,1.4940754,,12.361331,11.089660774846385,0.2007,0.016239317,94.65,,122.5995923796716,3054570000.0,671215000.0,0.25428,362640000.0,0.11853,0.12385,0.8390383531243568,575604000.0,575603000.0,3092037000.0,0.0,2581086000.0,,2516433000.0,0.5614247505011509
シンプレクス・ホールディングス,4373,情報・通信業,プライム（内国株式）,JP,2025-03-31,東京都,215416963072.0,4.1507726,6.3048315,22.85782,25.84363602923925,0.29659998,0.01344086,42.13,152.74,25.86749995820649,47394000000.0,10804000000.0,0.25531,7781000000.0,0.18611999,0.20173,0.6176760902027284,30212000000.0,14674000000.0,27559000000.0,18625000000.0,13438000000.0,4459000000.0,468300000.0,0.002173923507794869
ＲＯＢＯＴ　ＰＡＹＭＥＮＴ,4374,情報・通信業,グロース（内国株式）,JP,2025-12-31,東京都,8448022528.0,6.5386944,,16.367281,29.907646591037295,0.20040001,0.0,139.73,,82.97999378087894,3256436000.0,774393000.0,0.19976999,542126000.0,0.16645999,0.44499,0.15193607028472958,7221138000.0,7220903000.0,7174603000.0,,5654675000.0,992406000.0,648149200.0,0.07672200184738902
セーフィー,4375,情報・通信業,グロース（内国株式）,JP,2025-12-31,東京都,42441289728.0,4.6659155,-238.125,97.44245,-28.041092587690056,0.0,0.0,7.82,-3.2,-28.06595347663059,19029026000.0,-81587000.0,0.0027,437887000.0,0.02296,0.04902,0.7531319473571764,2856062000.0,2813226000.0,10931821000.0,892000.0,6820149000.0,328615000.0,8305789500.0,0.1957006856584846
くふうカンパニーホールディングス,4376,情報・通信業,グロース（内国株式）,JP,2025-09-30,東京都,8968427520.0,1.1053714,13.636364,,55.058365769480524,0.0,0.0,-39.25,11.0,5.139999998998701,14110000000.0,523000000.0,0.044,-2347000000.0,-0.14395,-0.16837999,0.48559296329996965,6849000000.0,5899000000.0,12769000000.0,3395000000.0,7434000000.0,,5920000000.0,0.6600934207025849
ワンキャリア,4377,情報・通信業,グロース（内国株式）,JP,2025-12-31,東京都,37275930624.0,6.751588,10.11208,25.015404,91.1201042897919,0.3084,0.012260912,81.15,200.75,17.37351275313085,7576830000.0,2128207000.0,0.22659001,1500577000.0,0.19799,0.31381,0.6918072187900749,2464299000.0,2441149000.0,6560626000.0,134262000.0,6116144000.0,166991000.0,4213220700.0,0.11302791451401967
ＣＩＮＣ,4378,情報・通信業,グロース（内国株式）,JP,2025-10-31,東京都,1329298944.0,1.259833,,,47.34694014328634,0.0,0.0,-49.92,,14.699999575340895,1824903000.0,-112745000.0,-0.010199999,-152586000.0,-0.07728,,0.7649797733660554,324354000.0,290682000.0,1071280000.0,,847798000.0,,746926000.0,0.5618946764167444
Ｐｈｏｔｏｓｙｎｔｈ,4379,情報・通信業,グロース（内国株式）,JP,2025-12-31,東京都,7104653824.0,2.962734,,24.507193,34.23967805519054,0.0,0.0,18.77,,9.929999909811007,3384833000.0,231162000.0,0.01597,291784000.0,0.08599,0.098620005,0.6196506393443089,1387132000.0,1325726000.0,2061971000.0,73152000.0,1664657000.0,76280000.0,728235000.0,0.1025011236353238
Ｍマート,4380,情報・通信業,グロース（内国株式）,JP,2025-01-31,,5755958272.0,3.0199156,,14.512947,22.192357403661745,0.2591,0.0,81.1,,66.43429498484902,1294546000.0,521645000.0,0.45171002,345939000.0,0.29389998,0.2245,0.68155439402081,847457000.0,847456000.0,2584130000.0,,2222105000.0,,1736673000.0,0.30171744094256003
ビープラッツ,4381,情報・通信業,グロース（内国株式）,JP,2025-03-31,東京都,1003731328.0,3.7173698,,,-23.98202328262577,0.0,0.0,-64.8,,-40.57205634959533,706256000.0,-207489000.0,-0.11236,-298069000.0,0.03167,,0.261602529739054,803039000.0,644618000.0,195271000.0,696734000.0,68058000.0,,-607768000.0,-0.6055086486251429
ＨＥＲＯＺ,4382,情報・通信業,スタンダード（内国株式）,JP,2025-04-30,東京都,13017859072.0,2.8120894,64.3609,,-18.953036116118056,0.0,0.0,-4.89,13.3,-75.44965309193381,5929797000.0,306429000.0,0.06293,-177709000.0,-0.0073400005,0.038399998,0.5692486488158329,2946233000.0,1487282000.0,4538859000.0,2054662000.0,1733938000.0,356294000.0,1842031800.0,0.141500364215957
ラクスル,4384,情報・通信業,プライム（内国株式）,JP,2024-07-31,東京都,112646578176.0,5.5754185,42.065434,35.586517,32.40576762096788,0.056500003,0.0015873016,53.11,44.93,34.519999890474786,,,0.05553,,0.04533,0.16535999,0.357431092264551,28185000000.0,17983000000.0,24981000000.0,18393000000.0,17014000000.0,7524000000.0,2062800000.0,0.01831214079825011
メルカリ,4385,情報・通信業,プライム（内国株式）,JP,2025-06-30,東京都,669448667136.0,6.037103,40.34582,23.364216,25.42716109880395,0.0,0.0,173.77,100.63,79.01000006227592,192633000000.0,27840000000.0,0.19157,26114000000.0,0.1432,0.30584,0.18255931352445826,444123000000.0,319511000000.0,420241000000.0,199375000000.0,153398000000.0,35607000000.0,1042900000.0,0.0015578490946313774
ＳＩＧグループ,4386,情報・通信業,スタンダード（内国株式）,JP,2025-03-31,東京都,5010132992.0,1.8930676,,10.239626,10.851048206161376,0.3156,0.030646993,85.55,,42.07000309265862,8769202000.0,583754000.0,0.07467,480567000.0,0.0502,0.21184,0.42150371120073155,3364325000.0,1843481000.0,3727904000.0,1610964000.0,2207245000.0,233094000.0,526744800.0,0.10513589176995643
ＺＵＵ,4387,情報・通信業,グロース（内国株式）,JP,2025-03-31,東京都,2636047872.0,2.032416,,385.41666,-110.42485663042756,0.0,0.0,1.44,,-9.50872866889168,2993718000.0,14469000.0,0.00463,120104000.0,0.02496,0.04073,0.14461692377871777,3348316000.0,3127543000.0,5380492000.0,297180000.0,2623451000.0,3974970000.0,4814655000.0,1.826467209166071
エーアイ,4388,情報・通信業,スタンダード（内国株式）,JP,2025-03-31,東京都,2446984704.0,1.125074,,,39.47304935049583,0.0,0.0,-1.48,,22.175935759815566,1486037000.0,109036000.0,0.19386,-18039000.0,0.07195,,0.7963076318131054,442166000.0,356158000.0,2121682000.0,129027000.0,1588951000.0,,1679516000.0,0.68636146243765
プロパティデータバンク,4389,情報・通信業,グロース（内国株式）,JP,2025-03-31,東京都,9434191872.0,2.2322676,10.19157,15.319639,20.578339228254162,0.2305,0.01511335,52.09,78.3,25.658070966013753,3320014000.0,936585000.0,0.28570998,634460000.0,0.18607001,0.16114001,0.7957916813199468,987715000.0,856353000.0,3258092000.0,204000.0,2669966000.0,265095000.0,2455943500.0,0.2603236751299349
インフキュリオン,438A,情報・通信業,グロース（内国株式）,JP,2025-03-31,東京都,17585106944.0,3.1817553,,230.54054,,0.0,0.0,3.7,,,7174418000.0,143190000.0,0.0,74724000.0,0.0,,0.46119688932359165,2819943000.0,1660741000.0,4002119000.0,1379600000.0,1615931000.0,14488000.0,1192317600.0,0.06780269257371882
ＩＰＳ,4390,情報・通信業,プライム（内国株式）,JP,2025-03-31,東京都,41663868928.0,2.595678,13.580247,13.2244425,11.291907116126543,0.1658,0.012618297,241.22,234.9,215.75999269384153,15264000000.0,4414000000.0,0.3472,2544000000.0,0.18076,0.18786,0.36948918655278246,21049000000.0,16747000000.0,23637000000.0,10069000000.0,3918000000.0,,2588000000.0,0.062116170835511325
ロジザード,4391,情報・通信業,グロース（内国株式）,JP,2025-06-30,東京都,3782594816.0,2.2817094,13.707202,17.952682,17.60968627601955,0.27809998,0.012691001,64.67,84.7,77.03998828539702,2177041000.0,408054000.0,0.20798,283173000.0,0.13121,0.16024,0.8448389220171736,399775000.0,399774000.0,2048400000.0,,1707231000.0,,1648625000.0,0.43584499006514793
ＦＩＧ,4392,情報・通信業,プライム（内国株式）,JP,2025-12-31,大分県,10661390336.0,1.7349697,,13.764706,-5.859413358399821,0.3923,0.014409222,25.5,,-46.71479834822825,13318000000.0,834000000.0,0.03916,783000000.0,0.022739999,,0.5662404092071611,6778000000.0,4269000000.0,10447000000.0,3802000000.0,1889000000.0,809000000.0,4235300000.0,0.39725588000457956
バンク・オブ・イノベーション,4393,情報・通信業,グロース（内国株式）,JP,2025-09-30,東京都,21301942272.0,14.765311,,15.760998,23.79139448044693,0.0,0.0,340.08,,224.4509040606554,12366000000.0,2154000000.0,0.04715,1351000000.0,0.06804,0.19985001,0.7320911494397583,2128000000.0,2027000000.0,7145000000.0,13000000.0,4186000000.0,,5017000000.0,0.2355184300069443
エクスモーション,4394,情報・通信業,グロース（内国株式）,JP,2025-11-30,東京都,2577660416.0,1.565063,,20.203938,23.249572668123633,0.4745,0.02347418,42.17,,32.819999543546494,1386816000.0,189956000.0,0.16201,127466000.0,0.101280004,0.08845,0.8988432010136727,187929000.0,187927000.0,1655295000.0,,1440905000.0,,1467366000.0,0.5692627278953412
アクリート,4395,情報・通信業,グロース（内国株式）,JP,2025-12-31,東京都,8842362880.0,2.5383441,,25.708677,57.55171538537328,0.2178,0.008503402,45.86,,12.890001103133512,8791215000.0,529660000.0,0.05704,307771000.0,0.03492,0.10852,0.48668833841996395,3006507000.0,2141402000.0,4577613000.0,1427436000.0,1317098000.0,371655000.0,1831264500.0,0.20710126069831689
システムサポートホールディングス,4396,情報・通信業,プライム（内国株式）,JP,2025-06-30,石川県,24106840064.0,3.5608306,7.0311084,14.393471,15.695170627718303,0.3522,0.024421593,80.87,165.55,59.00999861923486,26938147000.0,2218650000.0,0.12554,1457638000.0,0.05696,0.27657,0.4411475575958484,7616102000.0,6081245000.0,10735179000.0,1985039000.0,5844937000.0,,3119077000.0,0.12938555993731754
チームスピリット,4397,情報・通信業,グロース（内国株式）,JP,2025-08-31,東京都,6464594432.0,14.851659,86.53061,16.872265,-35.29658103831205,0.0,0.0,25.13,4.9,-10.964234739334604,4922684000.0,269832000.0,0.18042,362659000.0,0.1178,,0.3630630850174062,2848915000.0,2848914000.0,3676953000.0,,2942807000.0,,828038000.0,0.12808815908097482
ブロードバンドセキュリティ,4398,情報・通信業,スタンダード（内国株式）,JP,2025-06-30,東京都,5534092800.0,2.5210068,9.921322,29.705536,15.379669634253409,0.42430001,0.0,42.45,127.1,102.54001104342841,6103956000.0,257906000.0,0.09008,142725000.0,0.02962,0.08623,0.5549998314835138,1690043000.0,1304247000.0,2561039000.0,383300000.0,1426410000.0,236117000.0,1036277900.0,0.18725343745590967
ＡＤＥＫＡ,4401,化学,プライム（内国株式）,JP,2025-03-31,東京都,384765263872.0,1.253541,14.289883,15.333437,13.27681061504825,0.4072,0.026130654,255.52,274.18,224.86999950880335,407145000000.0,41010000000.0,0.094390005,25019000000.0,0.062979996,0.0817,0.5462717125928436,191343000000.0,122244000000.0,349889000000.0,64037000000.0,110117000000.0,42803000000.0,188508100000.0,0.48993014105013144
日油,4403,化学,プライム（内国株式）,JP,2025-03-31,東京都,715164483584.0,2.5381408,18.98979,21.067095,14.053278766374445,0.33540002,0.015718328,149.19,165.51,141.1700002660176,238310000000.0,45308000000.0,0.17347,36497000000.0,0.14310999,0.12353,0.7797595717757198,77647000000.0,58325000000.0,211978000000.0,5041000000.0,87064000000.0,41864000000.0,163635800000.0,0.22880862201091126
ミヨシ油脂,4404,食料品,スタンダード（内国株式）,JP,2025-12-31,東京都,22330447872.0,0.5238815,,2.3210196,5.271238576877536,0.074200004,0.031789284,943.12,,276.94272521858727,59474000000.0,1961000000.0,0.05155,9616000000.0,0.16168,0.26101,0.5064757604562737,41488000000.0,23936000000.0,37678000000.0,15086000000.0,9673000000.0,11131000000.0,3981700000.0,0.17830811199235405
新日本理化,4406,化学,スタンダード（内国株式）,JP,2025-03-31,大阪府,7419208704.0,0.3839564,,15.831345,30.291108358071067,0.3182,0.019704433,12.57,,5.900812702840437,32703000000.0,829000000.0,0.011849999,522000000.0,0.00524,0.01049,0.47402649324342333,18525000000.0,9076000000.0,17584000000.0,7130000000.0,2942000000.0,9950000000.0,6024000000.0,0.8119464272183385
東邦化学工業,4409,化学,スタンダード（内国株式）,JP,2025-03-31,東京都,15581735936.0,0.70178497,,12.884716,19.100397368602263,0.3478,0.026809651,57.51,,25.96537949400799,53613000000.0,1815000000.0,0.04257,1543000000.0,0.02243,0.05659,0.3092894403347971,46786000000.0,23777000000.0,36943000000.0,28581000000.0,5900000000.0,3730000000.0,-7232000000.0,-0.4641331382911712
ハリマ化成グループ,4410,化学,プライム（内国株式）,JP,2025-03-31,東京都,22365405184.0,0.5848667,,22.281424,-17.560034982502206,1.0182,0.022580646,41.29,,-47.927795723065515,101006000000.0,2087000000.0,0.03857,763000000.0,0.017860001,0.04822,0.3731358202390948,62037000000.0,45878000000.0,52143000000.0,42562000000.0,4746000000.0,9292000000.0,-3389600000.0,-0.15155549260627246
サイエンスアーツ,4412,情報・通信業,グロース（内国株式）,JP,2025-08-31,東京都,13540450304.0,9.366143,,73.00962,-112.4553629741271,0.0,0.0,22.86,,-4.837474937724042,1654620000.0,107256000.0,0.091800004,112172000.0,0.09477,0.13257,0.6708865023972401,683834000.0,610690000.0,1834628000.0,67232000.0,1579273000.0,10000000.0,1157794000.0,0.08550631434007588
ボードルア,4413,情報・通信業,プライム（内国株式）,JP,2025-02-28,,69627805696.0,9.020551,15.886121,28.641088,43.625793651355856,0.0964,0.0034236675,77.93,140.5,36.35000018784964,11649705000.0,2460813000.0,0.2026,1799365000.0,0.14106,0.39995,0.5314336674165735,4031004000.0,2825770000.0,5384041000.0,1792250000.0,3486412000.0,280250000.0,1549212000.0,0.022249904108194517
フレクト,4414,情報・通信業,グロース（内国株式）,JP,2025-03-31,東京都,6281228288.0,2.2160974,8.40843,10.357175,47.3531554971837,0.0,0.0,111.71,137.6,68.94999848941818,7949168000.0,1085310000.0,0.17493999,720787000.0,0.09158,0.25643998,0.6483992869841257,1476197000.0,994036000.0,3733005000.0,517869000.0,2128101000.0,,2256808000.0,0.35929405786946617
ブロードエンタープライズ,4415,情報・通信業,グロース（内国株式）,JP,2025-12-31,大阪府,7994246656.0,4.8954864,,19.237026,14.626759786014034,0.0,0.0,67.63,,56.12999816849609,7413568000.0,977808000.0,0.12157,416997000.0,0.05612,0.29368,0.15111549076783673,9141622000.0,7695955000.0,9890955000.0,6106552000.0,969854000.0,,749333000.0,0.09373403551885602
Ｔｒｕｅ　Ｄａｔａ,4416,情報・通信業,グロース（内国株式）,JP,2025-03-31,東京都,2226951936.0,1.9823484,,50.941307,37.7990431,0.0,0.0,9.03,,12.53999998746,1554285000.0,48469000.0,0.01535,13231000.0,0.027509999,0.04402,0.7931654729055363,281841000.0,278021000.0,1142272000.0,5480000.0,859557000.0,7485000.0,865670500.0,0.3887243752350118
グローバルセキュリティエキスパート,4417,情報・通信業,グロース（内国株式）,JP,2025-03-31,東京都,37391409152.0,9.322549,12.223315,55.90551,52.768563767705835,0.6041,0.0042939484,44.45,203.3,51.67000128741687,8801647000.0,1615034000.0,0.21707001,1010077000.0,0.12521,,0.37819059379397796,5062248000.0,3630817000.0,4799420000.0,1929937000.0,1385388000.0,764371000.0,272231700.0,0.0072805948257619706
ＪＤＳＣ,4418,情報・通信業,グロース（内国株式）,JP,2024-06-30,東京都,13704882176.0,2.2758045,38.45133,26.607471,-34.232761128891475,0.0,0.0,32.66,22.6,-21.032483978989955,,,0.02019,,0.02108,0.099209994,0.4326812969759589,4244165000.0,2421990000.0,5181177000.0,1646575000.0,2297785000.0,396904000.0,1214844800.0,0.08864321373936633
Ｆｉｎａｔｅｘｔホールディングス,4419,情報・通信業,グロース（内国株式）,JP,2025-03-31,東京都,60431577088.0,6.0729475,67.429886,69.62175,-587.535420405874,0.0,0.0,16.92,17.47,-1.5811812662430458,7702356000.0,950127000.0,0.16111,659715000.0,0.104779996,0.11806,0.47842775415163796,9399775000.0,8826340000.0,18079945000.0,1600600000.0,4454730000.0,46153000.0,8712477100.0,0.14417093711310822
ＮＥ,441A,情報・通信業,グロース（内国株式）,JP,,神奈川県,10214119424.0,2.3392918,,10.539759,,0.0,0.0,58.73,,,,,0.3709,,0.23948999,0.29357,,,,,,,,,
イーソル,4420,情報・通信業,スタンダード（内国株式）,JP,2025-12-31,,10480576512.0,1.7748656,,17.051281,14.018252849240405,0.17639999,0.010128913,31.2,,45.74415368943183,12129822000.0,815112000.0,0.1305,598072000.0,0.0493,0.10981,0.7208933360365802,2286614000.0,1943593000.0,6315814000.0,97500000.0,3191517000.0,698198000.0,4517938600.0,0.4310772975920812
ディ・アイ・システム,4421,情報・通信業,スタンダード（内国株式）,JP,2025-09-30,東京都,2646884352.0,1.6679772,13.284672,10.351496,10.222681872934976,0.3071,0.02967033,87.91,68.5,82.98001149025285,7222984000.0,356985000.0,0.02757,256229000.0,0.03078,0.14965999,0.5263409194306148,1472158000.0,1185053000.0,2210995000.0,0.0,1023623000.0,,738837000.0,0.27913459817076286
ＶＡＬＵＥＮＥＸ,4422,情報・通信業,グロース（内国株式）,JP,2025-07-31,東京都,9491598336.0,12.260782,,89.004814,772.6495987329728,0.0,0.0,12.46,,0.39,690858000.0,-73388000.0,0.2625,-82265000.0,0.125,0.14882,0.7778802925217384,202467000.0,202468000.0,850598000.0,,708887000.0,,648131000.0,0.06828470580573881
Ａｍａｚｉａ,4424,情報・通信業,グロース（内国株式）,JP,2025-09-30,東京都,1795601792.0,2.1249766,,,-3.8607858965397903,0.0,0.0,-56.61,,-89.61905924648677,2843175000.0,-371167000.0,-0.08322,-372270000.0,-0.11158,,0.6206423979939174,554452000.0,543452000.0,1136376000.0,,460589000.0,103125000.0,654111500.0,0.364285390510459
Ｋｕｄａｎ,4425,情報・通信業,グロース（内国株式）,JP,2025-03-31,東京都,31590070272.0,12.19847,-244.45415,,-300.5081344432049,0.0,0.0,-50.42,-11.45,-7.879986358397711,517549000.0,-800595000.0,-0.33469,-801723000.0,-0.51705,-0.17343001,0.9179054990967834,280036000.0,273151000.0,2882149000.0,200000000.0,2593858000.0,500000000.0,2952113000.0,0.09345066264751613
ＥｄｕＬａｂ,4427,情報・通信業,グロース（内国株式）,JP,2025-09-30,東京都,2279052544.0,1.7639754,0.7289964,137.65433,-2.0864892261330366,0.0,0.0,1.62,305.9,-124.61123534381585,6229675000.0,391648000.0,-0.01852,16404000.0,-0.02358,-0.05057,0.3755144024367022,1777186000.0,1645275000.0,2818120000.0,515712000.0,1386914000.0,130741000.0,1132452700.0,0.496896266381123
シノプス,4428,情報・通信業,グロース（内国株式）,JP,2025-12-31,大阪府,4300252160.0,2.2668872,,19.80454,43.47795411213379,0.46,0.0,34.79,,17.37999878287502,2040717000.0,309232000.0,0.17832,217039000.0,0.10637,0.11851,0.7786310045056223,539712000.0,534714000.0,1878293000.0,,1300070000.0,,1338581000.0,0.31127965295876975
リックソフト,4429,情報・通信業,グロース（内国株式）,JP,2025-02-28,東京都,3910616320.0,1.1795111,8.307839,14.804089,26.056986212972223,0.0,0.0,58.7,104.6,59.17798733117992,9043848000.0,458672000.0,0.02836,355518000.0,0.024149999,0.08293,0.45356406030678076,3649238000.0,3598411000.0,6260338000.0,,3296981000.0,,2611100000.0,0.6676952649755218
クラシコ,442A,繊維製品,グロース（内国株式）,JP,2025-10-31,東京都,2768752384.0,1.695193,,16.288782,,0.0,0.0,83.8,,,3631916000.0,164982000.0,-0.28846002,169892000.0,-0.00656,,0.5876499099490785,992057000.0,724438000.0,2180172000.0,474366000.0,398734000.0,,1188115000.0,0.42911565760298775
東海ソフト,4430,情報・通信業,スタンダード（内国株式）,JP,2025-05-31,愛知県,9027986432.0,1.4206262,,9.943467,8.318260951563675,0.2906,0.029713668,189.27,,154.43345734544175,10680090000.0,1120485000.0,0.13317999,813368000.0,0.07301,,0.5389713418159937,5181721000.0,2821401000.0,5227063000.0,2489053000.0,2198681000.0,196924000.0,183188800.0,0.020291213481522432
スマレジ,4431,情報・通信業,グロース（内国株式）,JP,2025-04-30,大阪府,49616130048.0,5.5663238,29.575201,28.663624,35.94104132480339,0.1668,0.0058915946,89.87,87.1,63.00000114266684,11066132000.0,2375385000.0,0.27096,1639394000.0,0.15084,0.23876,0.7184823731518789,3004105000.0,2805814000.0,7825243000.0,100000000.0,5912615000.0,,4821138000.0,0.09716876337061958
ウイングアーク１ｓｔ,4432,情報・通信業,プライム（内国株式）,JP,2025-02-28,東京都,98536497152.0,2.0962737,14.731656,15.2373295,17.431495332872124,0.55759996,0.03681416,186.45,192.85,156.02996997224548,28708071000.0,8216817000.0,0.32911,5929546000.0,0.21004999,0.14579001,0.6106699930178071,26590759000.0,14840239000.0,17824050000.0,8558328000.0,14715413000.0,5315992000.0,-5045514600.0,-0.05120452569180445
ヒト・コミュニケーションズ・ホールディングス,4433,情報・通信業,プライム（内国株式）,JP,2025-08-31,東京都,16076002304.0,1.5969203,8.929633,34.297676,-335.9690499943223,1.4063001,0.008278145,26.27,100.9,-2.4099896874859885,63596000000.0,2496000000.0,0.05171,853000000.0,0.02582,0.16949,0.4255548478761452,21917000000.0,13880000000.0,25939000000.0,8204000000.0,12133000000.0,600000000.0,4442000000.0,0.27631247595023983
サーバーワークス,4434,情報・通信業,スタンダード（内国株式）,JP,2025-02-28,東京都,15005114368.0,1.5413249,19.86261,,51.39062076122013,0.0,0.012077294,-78.25,101.9,80.43000055311776,35717021000.0,1072076000.0,0.09182999,677331000.0,-0.01502,-0.05671,0.5592147512804735,9033359000.0,8709173000.0,15222436000.0,0.0,6051973000.0,3806775000.0,8853819500.0,0.590053449967813
ミンカブ・ジ・インフォノイド,4436,情報・通信業,グロース（内国株式）,JP,2025-03-31,東京都,6578208768.0,5.9457655,7.4176774,,-20.168415250060548,0.0,0.0,-337.35,57.7,-78.83613959184159,10548910000.0,-1911249000.0,0.0836,-5525955000.0,-0.42021,-1.42638,0.0309193582657134,9662400000.0,4376183000.0,2039279000.0,7917500000.0,542610000.0,438832000.0,-7315938600.0,-1.1121475249597916
ｇｏｏｄｄａｙｓホールディングス,4437,情報・通信業,グロース（内国株式）,JP,2025-03-31,東京都,7091866112.0,1.8542044,,23.26794,15.589071655273438,0.0995,0.004102564,40.27,,40.0,8805273000.0,605135000.0,0.12694,337706000.0,0.0577,0.19607,0.5481349721945578,2502241000.0,2378762000.0,3523448000.0,500000000.0,1567787000.0,103501000.0,1093657700.0,0.15421296492744616
Ｗｅｌｂｙ,4438,情報・通信業,グロース（内国株式）,JP,2025-12-31,東京都,2730932224.0,10.04016,76.74419,,-3.417535419331024,0.0,0.0,-65.2,4.3,-98.6090731039057,635724000.0,-452828000.0,-0.12549,-539687000.0,-0.84882003,-0.9352,0.25832353926024154,747888000.0,359691000.0,878225000.0,605705000.0,711426000.0,30000000.0,151337000.0,0.05541587545454955
東名,4439,情報・通信業,スタンダード（内国株式）,JP,2025-08-31,三重県,25671979008.0,2.4046097,5.356921,11.220907,13.348004721377473,0.156,0.01368301,76.91,161.1,51.15999921989397,29070434000.0,3292660000.0,0.1177,2432598000.0,0.07873,0.24114001,0.590806266951255,6786048000.0,6644963000.0,14711856000.0,1521560000.0,7884265000.0,22554000.0,7941595800.0,0.30934879611444094
ヴィッツ,4440,情報・通信業,スタンダード（内国株式）,JP,2025-08-31,愛知県,4899192832.0,1.6184971,,10.886953,11.622316211765382,0.1333,0.012224939,112.52,,67.6700034144839,4856610000.0,1806331000.0,0.090679996,424218000.0,0.08723,0.16061,0.6938345707347224,1234366000.0,909729000.0,2813136000.0,,2149108000.0,418706000.0,1871864200.0,0.38207604072523266
トビラシステムズ,4441,情報・通信業,スタンダード（内国株式）,JP,2025-10-31,,14715190272.0,5.8254366,24.487394,23.783873,12.833403416409906,0.348,0.0148122385,61.26,59.5,57.40999968044825,2805366000.0,898744000.0,0.28856,625676000.0,0.20893998,0.25867,0.48227258883031776,2786046000.0,2690415000.0,4427085000.0,145670000.0,3736513000.0,326564000.0,1869633800.0,0.12705468060155028
バルテス・ホールディングス,4442,情報・通信業,グロース（内国株式）,JP,2025-03-31,大阪府,8535650816.0,2.4983046,11.165804,16.763906,20.547565425506914,0.15529999,0.009367681,25.71,38.6,25.239999663892018,10795074000.0,940889000.0,0.09099,589094000.0,0.04995,0.17934999,0.5012095473109391,3246238000.0,2560531000.0,3988487000.0,1605438000.0,1937013000.0,213612000.0,891777400.0,0.10447679025580232
Ｓａｎｓａｎ,4443,情報・通信業,プライム（内国株式）,JP,2025-05-31,東京都,178686541824.0,9.414449,39.87002,87.15256,218.20615870933892,0.0,0.0,16.19,35.39,7.469999974525184,43202000000.0,2801000000.0,0.21867001,424000000.0,0.05525,0.15695,0.3317355785261754,31948000000.0,27792000000.0,35392000000.0,3572000000.0,31172000000.0,3727000000.0,6052900000.0,0.0338744034005756
インフォネット,4444,情報・通信業,グロース（内国株式）,JP,2025-03-31,東京都,1763322112.0,1.7698215,,,25.489783561781394,0.0,0.0,-26.22,,47.98000724626509,2010575000.0,168889000.0,0.06238,96293000.0,0.011670001,,0.5524733525118456,920791000.0,505057000.0,1112927000.0,500214000.0,595264000.0,49750000.0,226961000.0,0.12871216124124688
リビン・テクノロジーズ,4445,情報・通信業,グロース（内国株式）,JP,2025-09-30,東京都,4387384832.0,2.7312772,,15.310234,21.670406742795,0.0,0.0,235.79,,84.76998248363603,3592752000.0,503602000.0,0.1383,314575000.0,0.087419994,0.19233999,0.5156280644699145,1612712000.0,891490000.0,2833857000.0,1002669000.0,1947167000.0,324219000.0,1448098300.0,0.3300595583587959
Ｌｉｎｋ－Ｕグループ,4446,情報・通信業,プライム（内国株式）,JP,2024-07-31,東京都,10318695424.0,4.0181923,,,-185.91100201023391,0.0,0.0,-13.26,,-3.0767409879729057,,,0.07481,,0.22850999,,0.5135859851257605,2155045000.0,1251936000.0,3415539000.0,991603000.0,1907085000.0,416736000.0,1552209200.0,0.15042688404095683
ピー・ビーシステムズ,4447,情報・通信業,グロース（内国株式）,JP,2025-09-30,福岡県,2753808384.0,2.652996,,33.979885,14.148711593169427,1.4377999,0.0,13.92,,39.479999419731776,2634554000.0,124807000.0,0.00763,85590000.0,0.02323,0.049889997,0.6335016886840578,666722000.0,614020000.0,1728241000.0,0.0,775372000.0,8153000.0,1067226100.0,0.38754551921648883
ｋｕｂｅｌｌ,4448,情報・通信業,グロース（内国株式）,JP,2025-12-31,東京都,12700544000.0,6.3532133,604.0,59.80198,-22.42034091428591,0.0,0.0,5.05,0.5,-28.590109421198154,9529226000.0,485066000.0,0.08169,215051000.0,0.02256,0.119540006,0.2992580825784526,4683026000.0,3820604000.0,4829891000.0,931928000.0,3455235000.0,162784000.0,260813800.0,0.020535640048174316
ギフティ,4449,情報・通信業,プライム（内国株式）,JP,2025-12-31,東京都,33321850880.0,3.6432066,20.92371,36.833443,-74.0144769509804,0.4285,0.011638317,30.38,53.48,-17.33000017397961,14149000000.0,2603000000.0,0.080649994,935000000.0,0.06608,0.10974,0.20458104057620902,35436000000.0,29119000000.0,33867000000.0,15806000000.0,16933000000.0,4547000000.0,1613900000.0,0.048433684125531985
パワーソリューションズ,4450,情報・通信業,グロース（内国株式）,JP,2025-12-31,東京都,7875427328.0,2.2034032,,20.471928,10.445778446968655,0.2033,0.010028078,122.9,,107.67001705661032,8099962000.0,713170000.0,0.055419996,388089000.0,0.047909997,0.12073,0.5459498758107331,2735259000.0,2194951000.0,4458990000.0,602735000.0,2056363000.0,458023000.0,2044347100.0,0.259585545628947
花王,4452,化学,プライム（内国株式）,JP,2025-12-31,東京都,2704411983872.0,2.5415568,23.117073,25.772661,26.883221681191237,0.66400003,0.02562396,231.99,258.64,231.9399998831336,1688633000000.0,164069000000.0,0.115930006,120081000000.0,0.07111,0.10995,0.5674913895813134,780354000000.0,518195000000.0,905892000000.0,243142000000.0,323282000000.0,29639000000.0,146285300000.0,0.0540913517882576
第一工業製薬,4461,化学,プライム（内国株式）,JP,2025-03-31,京都府,82642132992.0,1.7091761,22.663958,21.525826,27.523227267471654,0.2894,0.014041514,362.82,344.6,122.7263223918043,73255000000.0,5352000000.0,0.14121,2585000000.0,0.0,,0.3987931584854757,52610000000.0,26532000000.0,57247000000.0,31349000000.0,16751000000.0,5694000000.0,8622800000.0,0.10433903007845541
石原ケミカル,4462,化学,プライム（内国株式）,JP,2025-03-31,兵庫県,36405215232.0,1.5356405,18.893618,14.8693905,13.899938213713916,0.2343,0.015730336,179.16,141.0,127.5600038369705,23630345000.0,3400888000.0,0.17015,2465418000.0,0.10937,0.111949995,0.8111684667258825,5097934000.0,4364234000.0,15832079000.0,,6531799000.0,4086282000.0,13594542400.0,0.3734229371634223
日華化学,4463,化学,スタンダード（内国株式）,JP,2025-12-31,福井県,25990227968.0,0.73831666,16.313686,10.862768,6.245481093063853,0.3993,0.036319613,150.33,100.1,174.11645697667066,55705000000.0,3847000000.0,0.065359995,2384000000.0,0.0428,0.07198,0.4753551558364393,35699000000.0,22983000000.0,35715000000.0,18536000000.0,11848000000.0,2125000000.0,1503500000.0,0.05784866534649705
ソフト９９コーポレーション,4464,化学,スタンダード（内国株式）,JP,2025-03-31,大阪府,80910147584.0,1.3903681,,27.855873,11.80555001070735,0.3334,0.0057104914,135.16,,121.40770982623492,29742927000.0,4033893000.0,0.16304001,2913761000.0,0.10486,0.05669,0.8752657924121268,8062199000.0,4588873000.0,32275527000.0,85727000.0,22247268000.0,8039073000.0,29840679100.0,0.3688125654327814
ニイタカ,4465,化学,スタンダード（内国株式）,JP,2025-05-31,大阪府,14021943296.0,0.8803856,13.422248,6.621682,14.913150197920952,0.252,0.03797468,357.16,176.2,119.5799968120493,23714867000.0,1925108000.0,0.09255,1805495000.0,0.066589996,0.10569,0.6533961258041464,7827931000.0,4943139000.0,14116005000.0,1934794000.0,6840350000.0,465419000.0,6613867300.0,0.47167979219304923
ノースサンド,446A,サービス業,グロース（内国株式）,JP,2025-01-31,東京都,99428999168.0,87.508354,,43.89278,,0.0,0.0,32.83,,,,,0.11482,,0.07825,,,,,,,,,,
三洋化成工業,4471,化学,プライム（内国株式）,JP,2025-03-31,京都府,111935111168.0,0.73469937,16.805048,8.215086,-10.125519054922508,0.2759,0.033203125,615.94,301.1,-384.9080021880125,142258000000.0,8442000000.0,0.09957,4151000000.0,0.10425,0.09594,0.7676366193030403,38064000000.0,30332000000.0,84942000000.0,3418000000.0,24532000000.0,30713000000.0,68377100000.0,0.6108637342341573
ＨＥＮＮＧＥ,4475,情報・通信業,グロース（内国株式）,JP,2025-09-30,東京都,30766831616.0,9.384984,16.42263,23.35542,45.31426181014052,0.1183,0.005076142,42.26,60.1,25.6399998500168,10923564000.0,1793451000.0,0.17562,1358412000.0,0.11535,0.3763,0.36244086895237054,6898467000.0,6536469000.0,8105475000.0,148146000.0,7319041000.0,1356746000.0,2156730200.0,0.07009919730826013
ＡＩ　ＣＲＯＳＳ,4476,情報・通信業,グロース（内国株式）,JP,2025-12-31,東京都,4026690816.0,2.0681028,,25.029572,43.24254245883422,0.0,0.0,42.27,,38.54999972739671,4151609000.0,370600000.0,0.07705,165246000.0,0.03975,0.09034,0.6310012289930848,1138228000.0,793231000.0,2566973000.0,436999000.0,1815691000.0,56058000.0,1467985600.0,0.36456377384798944
ＢＡＳＥ,4477,情報・通信業,グロース（内国株式）,JP,2025-12-31,東京都,33856266240.0,2.2676787,35.636364,18.773947,110.37095665490517,0.3195,0.016949153,15.66,8.25,2.9000000076764705,20729000000.0,1686000000.0,0.08116999,1826000000.0,0.08809,0.12745,0.25813539089666626,42686000000.0,41311000000.0,52324000000.0,896000000.0,26867000000.0,918000000.0,10280600000.0,0.3036542756109895
フリー,4478,情報・通信業,グロース（内国株式）,JP,2025-06-30,東京都,159877005312.0,7.933312,98.0029,183.48062,-13.954021566850113,0.0,0.0,14.71,27.54,-174.4300012967111,33270601000.0,610973000.0,0.03014,1370024000.0,0.02313,0.045560002,0.37385731828979196,32932402000.0,31310806000.0,45874908000.0,9600000000.0,35789632000.0,424016000.0,13239317200.0,0.08280938946888247
マクアケ,4479,情報・通信業,グロース（内国株式）,JP,2025-09-30,東京都,12748473344.0,2.233973,625.0,31.328321,-63.8474303350289,0.0,0.0,31.92,1.6,-8.160077817793733,4577997000.0,447264000.0,0.22830999,407256000.0,0.11723,0.109639995,0.7270833831120385,2033130000.0,1978755000.0,6589893000.0,,5969706000.0,,4556763000.0,0.357435975041248
メドレー,4480,情報・通信業,プライム（内国株式）,JP,2025-12-31,東京都,72886558720.0,5.0608597,19.458939,79.55366,44.79093732487491,0.0,0.0,30.47,124.57,85.6199987998512,36786000000.0,2150000000.0,0.05816,975000000.0,0.026500002,0.05568,0.3587462426064191,26453000000.0,11516000000.0,14820000000.0,16085000000.0,8575000000.0,1192000000.0,-10798600000.0,-0.1481562607652222
ベース,4481,情報・通信業,プライム（内国株式）,JP,2025-12-31,東京都,60945674240.0,4.277209,15.307517,14.77053,13.534276738633269,0.5144,0.0347181,227.48,219.5,205.20999755801077,21787441000.0,5749845000.0,0.25099,4221970000.0,0.19374001,0.29975998,0.7530203730647449,4301743000.0,4288761000.0,16106211000.0,,12936123000.0,1007954000.0,12510035800.0,0.20526536060190775
ウィルズ,4482,情報・通信業,グロース（内国株式）,JP,2025-12-31,東京都,14964448256.0,5.766653,22.9671,17.883036,18.70934986536045,0.314,0.01759134,41.38,32.22,32.454237974099456,6051801000.0,1302339000.0,0.07655,839094000.0,0.13865,0.35446,0.5382043033984216,2227188000.0,2211445000.0,3646220000.0,22500000.0,3141568000.0,30000000.0,1440032000.0,0.09623021011968275
ＪＭＤＣ,4483,情報・通信業,プライム（内国株式）,JP,2025-03-31,東京都,224376455168.0,2.7397873,27.044075,37.298824,51.90395172101547,0.17379999,0.0045584044,91.96,126.83,69.94999949135556,41722000000.0,8718000000.0,0.27909002,7275000000.0,0.16926001,0.08868,0.5455320934135086,64545000000.0,20505000000.0,55869000000.0,46888000000.0,32176000000.0,7291000000.0,-3572300000.0,-0.015921010951551358
ランサーズ,4484,情報・通信業,グロース（内国株式）,JP,2025-03-31,東京都,4578173440.0,3.1662564,,28.557014,42.31065168343966,0.0,0.0,9.91,,6.949999806105282,4589136000.0,109170000.0,0.05212,176882000.0,0.03818,0.1445,0.41408947329758317,1922216000.0,1396604000.0,2491517000.0,592690000.0,1727032000.0,,569301000.0,0.12435112113183724
ユナイトアンドグロウ,4486,情報・通信業,グロース（内国株式）,JP,2025-12-31,東京都,5360929792.0,2.9179614,7.5083055,13.091331,10.404756306694061,0.25100002,0.016058395,51.79,90.3,48.400000453345065,3514731000.0,560387000.0,0.12517999,410894000.0,0.11534,0.18837999,0.6446312952072607,1235042000.0,1221666000.0,3150509000.0,2576000.0,3108396000.0,25149000.0,1933071300.0,0.3605850803874881
スペースマーケット,4487,情報・通信業,グロース（内国株式）,JP,2025-12-31,東京都,3449352192.0,3.4287775,,16.183987,20.786142227164873,0.0,0.0,17.61,,15.010000248735683,2567755000.0,247031000.0,0.15547,214019000.0,0.08337,0.24208,0.2694213576572888,2732096000.0,1940997000.0,2871870000.0,813224000.0,1156442000.0,1996000.0,141171200.0,0.04092687326258391
ＡＩ　ｉｎｓｉｄｅ,4488,情報・通信業,グロース（内国株式）,JP,2025-03-31,東京都,9904967680.0,2.0747797,20.583403,,55.498377594886854,0.0,0.0,-140.7,121.7,136.04001282905236,4399551000.0,385093000.0,-0.01909,-497022000.0,-0.0865,-0.08179,0.6515059795431112,2419625000.0,2356906000.0,5978625000.0,1600000000.0,5093629000.0,1192000.0,3559834400.0,0.359398891042116
ビザスク,4490,情報・通信業,グロース（内国株式）,JP,2025-02-28,東京都,6383188992.0,3.5206769,7.61326,10.265196,-0.6862635250476861,0.0,0.0,67.12,90.5,-1375.5648749281913,9780950000.0,1227333000.0,0.17497998,477245000.0,0.0529,0.71724,0.11523632276331988,6645122000.0,4156524000.0,7153539000.0,2982279000.0,4595421000.0,,508417000.0,0.07964937285065427
コンピューターマネージメント,4491,情報・通信業,スタンダード（内国株式）,JP,2025-03-31,大阪府,6184549888.0,1.5586067,16.096525,15.026984,9.302186585997758,0.2476,0.016611295,201.97,188.55,159.53003476062722,7902467000.0,514121000.0,0.08736,397887000.0,0.05459,0.120179996,0.6969628185448822,1556652000.0,988550000.0,4399612000.0,,3303448000.0,293471000.0,3048389700.0,0.49290405206607657
ゼネテック,4492,情報・通信業,スタンダード（内国株式）,JP,2025-03-31,東京都,5415581696.0,2.2604914,24.427082,17.048346,25.499244996470125,0.65410006,0.03821656,27.51,19.2,35.8000005869277,8124549000.0,693618000.0,0.06287,421124000.0,0.03875,0.17135,0.3361801396444798,4745846000.0,3333979000.0,4620133000.0,2259070000.0,1985959000.0,,-125713000.0,-0.02321320350367031
サイバーセキュリティクラウド,4493,情報・通信業,グロース（内国株式）,JP,2025-12-31,東京都,17021242368.0,3.85096,20.28083,20.435532,31.86492553367693,0.0615,0.0029958058,81.28,81.9,61.34000226758555,5084678000.0,1102708000.0,0.05935,821903000.0,0.16149001,0.26808,0.7579977977544501,1411632000.0,1212720000.0,4680965000.0,276494000.0,3983645000.0,,3269333000.0,0.19207369998716184
バリオセキュア,4494,情報・通信業,スタンダード（内国株式）,JP,2025-02-28,東京都,3452160000.0,0.5757946,,9.181589,34.25783527506635,0.0,0.0,83.21,,19.469998458584982,2667539000.0,217167000.0,0.21583,72049000.0,0.12833,0.059510004,0.7776787694159636,1684359000.0,616805000.0,1568123000.0,1170392000.0,759914000.0,65253000.0,-70558900.0,-0.020439058444568038
アイキューブドシステムズ,4495,情報・通信業,グロース（内国株式）,JP,2025-06-30,福岡県,10813076480.0,3.8114448,17.354788,15.451814,16.54482580192317,0.36330003,0.023657871,143.09,127.4,87.95686182819125,3749791000.0,905079000.0,0.31966,558635000.0,0.17066999,0.25608,0.5786343356279744,1577842000.0,1487387000.0,2982631000.0,,2225498000.0,366703000.0,1661481100.0,0.15365479963755885
コマースＯｎｅホールディングス,4496,情報・通信業,グロース（内国株式）,JP,2025-03-31,東京都,5195503616.0,1.967248,9.74967,30.553263,13.42191206428304,0.8261,0.0269179,24.22,75.9,57.53089104209702,3693315000.0,638412000.0,0.10759,91594000.0,0.05988,0.086,0.726832495948463,948307000.0,852566000.0,2379069000.0,54438000.0,1864160000.0,443689000.0,1741344300.0,0.33516371630218494
サイバートラスト,4498,情報・通信業,グロース（内国株式）,JP,2025-03-31,東京都,19995811840.0,2.8169978,,22.603117,29.394665502683345,0.21100001,0.009296685,54.55,,30.074999682624757,7442037000.0,1421398000.0,0.21752001,969684000.0,0.11604,0.13874,0.6868133256432348,2999603000.0,2415789000.0,7096422000.0,65155000.0,5560958000.0,157975000.0,4207401500.0,0.21041413740368542
Ｓｐｅｅｅ,4499,情報・通信業,スタンダード（内国株式）,JP,2025-09-30,東京都,29248847872.0,4.1719236,17.676203,,111.12080387563884,0.0,0.0,-84.86,143.3,22.929999704210214,16435177000.0,-685718000.0,-0.06317,-950660000.0,-0.07222,-0.19285,0.4920847043359595,7524245000.0,4210612000.0,13022957000.0,4501099000.0,9395236000.0,234439000.0,5662819300.0,0.19360828586417697
武田薬品工業,4502,医薬品,プライム（内国株式）,JP,2025-03-31,東京都,8428726517760.0,1.1028116,38.008404,75.367226,42.342951403066934,2.8018,0.036078718,70.8,140.39,91.16185536937235,4581551000000.0,486061000000.0,0.108459994,107928000000.0,0.025290001,0.01503,0.48672912445123445,7312365000000.0,2506521000000.0,2521192000000.0,4515265000000.0,385113000000.0,351124000000.0,-4545386200000.0,-0.5392731856256705
アステラス製薬,4503,医薬品,プライム（内国株式）,JP,2025-03-31,東京都,4476734799872.0,2.539095,32.98139,35.987904,157.49195905226347,1.0935,0.03009901,69.44,75.77,9.470000001994562,1912323000000.0,40248000000.0,0.23554,50747000000.0,0.15671,0.19815001,0.45313222404016834,1826289000000.0,1061610000000.0,1201349000000.0,831426000000.0,188372000000.0,106195000000.0,-550603500000.0,-0.12299220852120679
住友ファーマ,4506,医薬品,プライム（内国株式）,JP,2025-03-31,大阪府,790605463552.0,2.7362378,116.17046,5.1100326,-0.4995017599446295,0.0,0.0,389.43,17.13,-792.7899994664627,398832000000.0,29709000000.0,0.10775,23634000000.0,0.24282,0.48386002,0.22822257892497214,573125000000.0,240603000000.0,253168000000.0,305422000000.0,23116000000.0,44148000000.0,-289053400000.0,-0.3656101726154948
塩野義製薬,4507,医薬品,プライム（内国株式）,JP,2025-03-31,大阪府,2598030540800.0,1.7158202,15.967573,15.202668,13.182762042917755,0.32880002,0.0029827366,200.82,191.2,186.10666674832405,438268000000.0,156604000000.0,0.50216,170435000000.0,0.41863,0.13512,0.8870452255480675,172853000000.0,129392000000.0,858504000000.0,21882000000.0,374795000000.0,299799000000.0,895510300000.0,0.3446881343143293
わかもと製薬,4512,医薬品,スタンダード（内国株式）,JP,2025-03-31,東京都,12042978304.0,0.9976023,,166.82693,69.48189549096045,1.4492999,0.0,2.08,,3.139485967844177,7789461000.0,-457797000.0,-0.05827,64440000.0,-0.023540001,-0.0183,0.7738835699605985,3392359000.0,2034774000.0,8908257000.0,128560000.0,2954759000.0,2139448000.0,7013511600.0,0.5823735145043404
日本新薬,4516,医薬品,プライム（内国株式）,JP,2025-03-31,京都府,335993733120.0,1.1835852,12.141066,10.511333,10.99038891605393,0.2616,0.024839744,474.25,410.59,383.8199982646365,160232000000.0,35451000000.0,0.26857,32558000000.0,0.17977,0.11224,0.8709265716391021,36298000000.0,30316000000.0,149740000000.0,2722000000.0,55241000000.0,39492000000.0,141086400000.0,0.4199078318809329
中外製薬,4519,医薬品,プライム（内国株式）,JP,2025-12-31,東京都,14539877777408.0,7.1775937,37.45072,33.538322,,0.4626,0.014032667,263.43,235.91,,1257941000000.0,598833000000.0,0.48803002,,0.34502,0.22103001,0.8206011921761164,442863000000.0,411077000000.0,1740758000000.0,,426602000000.0,,1297895000000.0,0.08926450551163942
科研製薬,4521,医薬品,プライム（内国株式）,JP,2025-03-31,東京都,152041390080.0,1.0427507,41.649376,277.08765,14.634520450675563,11.846701,0.04161567,14.49,96.4,212.67000150896322,94035000000.0,21038000000.0,0.01939,13945000000.0,-0.05065,-0.02546,0.801556542836437,37788000000.0,30354000000.0,111377000000.0,3850000000.0,54093000000.0,18875000000.0,86801500000.0,0.5709070402100864
エーザイ,4523,医薬品,プライム（内国株式）,JP,2025-03-31,東京都,1361534124032.0,1.5304382,23.843609,27.61736,39.48647197984068,0.9143,0.032935366,174.89,202.57,147.86348663551982,789400000000.0,54377000000.0,0.09109,46433000000.0,0.0529,0.04887,0.6068434751941333,520579000000.0,372294000000.0,727659000000.0,187523000000.0,265561000000.0,64740000000.0,252398000000.0,0.18537765271174939
森下仁丹,4524,医薬品,スタンダード（内国株式）,JP,2025-03-31,大阪府,9160694784.0,0.72120106,,15.743871,13.87711016801919,0.38729998,0.024641577,141.96,,170.666013712047,12766000000.0,809000000.0,0.056149997,547000000.0,0.0435,0.044710003,0.679034421099687,5744000000.0,2836000000.0,8187000000.0,1421000000.0,1940000000.0,3856000000.0,5142200000.0,0.5613329688684014
理研ビタミン,4526,食料品,プライム（内国株式）,JP,2025-03-31,東京都,81279672320.0,0.9958275,9.799012,8.80043,8.67533198606265,0.3435,0.03844791,315.78,283.6,268.4400039197453,95582000000.0,8725000000.0,0.06435,9388000000.0,0.09979,0.11729,0.7005460225311728,33799000000.0,21129000000.0,65699000000.0,9914000000.0,22298000000.0,15078000000.0,42454600000.0,0.5223274010364515
ロート製薬,4527,医薬品,プライム（内国株式）,JP,2025-03-31,大阪府,528530669568.0,1.8386544,13.997605,15.058263,21.01982347513195,0.264,0.017288636,155.33,167.1,135.20999999803323,308625000000.0,38943000000.0,0.15882,31006000000.0,0.10286,0.12199,0.6165167407407407,150437000000.0,94608000000.0,217879000000.0,50223000000.0,77161000000.0,46427000000.0,99940900000.0,0.18909195956724276
小野薬品工業,4528,医薬品,プライム（内国株式）,JP,2025-03-31,,1092300308480.0,1.3008685,13.742241,20.767445,8.547499106379053,0.71410006,0.033948652,111.93,169.15,266.5699999005599,486871000000.0,59748000000.0,0.25892,50047000000.0,0.12252,0.075,0.7353544865541527,275844000000.0,148296000000.0,455104000000.0,146678000000.0,204567000000.0,96502000000.0,246811400000.0,0.22595562601593747
久光製薬,4530,医薬品,プライム（内国株式）,JP,2025-02-28,佐賀県,425577349120.0,1.4583608,27.502274,22.52655,21.195976345748985,0.1676,0.0074454006,268.35,219.8,181.41999975427973,156006000000.0,18896000000.0,0.10942,21758000000.0,0.11753,0.06811,0.8069012557277274,63665000000.0,47226000000.0,203788000000.0,3856000000.0,114518000000.0,60222000000.0,182278400000.0,0.42830850931543113
有機合成薬品工業,4531,化学,スタンダード（内国株式）,JP,2025-03-31,東京都,7954255360.0,0.595241,,11.417933,8.332807899917642,0.2793,0.0,32.23,,35.557841358599134,15128000000.0,1220000000.0,0.03223,896000000.0,0.043319996,0.05076,0.487700494957389,13766000000.0,7928000000.0,12506000000.0,8438000000.0,973000000.0,2047000000.0,172900000.0,0.021736792719714747
持田製薬,4534,医薬品,プライム（内国株式）,JP,2025-03-31,東京都,120707948544.0,0.87831575,18.189102,17.964546,24.057362732163934,0.42229998,0.022792023,189.54,187.2,126.80000159510888,105159000000.0,8126000000.0,0.07873,5685000000.0,0.05738,0.04797,0.8162139881714453,29428000000.0,24902000000.0,119669000000.0,,45154000000.0,15022000000.0,100756400000.0,0.8347122224786436
参天製薬,4536,医薬品,プライム（内国株式）,JP,2025-03-31,大阪府,542674386944.0,1.9149412,15.613142,18.194565,19.638422913327933,0.4102,0.022131626,92.72,108.05,72.36999998869983,300004000000.0,46880000000.0,0.14136,36256000000.0,0.10628,0.10786,0.6993845244174484,124096000000.0,86837000000.0,224300000000.0,,92997000000.0,16177000000.0,111527900000.0,0.2055153194681894
扶桑薬品工業,4538,医薬品,プライム（内国株式）,JP,2025-03-31,大阪府,19186386944.0,0.5535734,,,12.679819023124034,0.2912,0.038393646,-467.25,,159.91976371361332,60562000000.0,4131000000.0,0.06586,-3288000000.0,0.03317,,0.40429957542610334,48686000000.0,44131000000.0,48342000000.0,21289000000.0,6264000000.0,4375000000.0,2718500000.0,0.14168900105760318
日本ケミファ,4539,医薬品,スタンダード（内国株式）,JP,2025-03-31,東京都,6057580032.0,0.31516597,,12.063516,-31.02765984724935,0.35909998,0.029708853,139.18,,-49.8775920761132,32570000000.0,607000000.0,0.010089999,294000000.0,0.01676,0.028889999,0.3844857675874105,30684000000.0,12261000000.0,30066000000.0,18061000000.0,7021000000.0,1923000000.0,728100000.0,0.12019651348454524
ツムラ,4540,医薬品,プライム（内国株式）,JP,2025-03-31,東京都,272591306752.0,0.89527243,8.780079,10.094975,15.979549743066213,0.3744,0.036578804,363.25,417.65,219.8300002384222,181093000000.0,40125000000.0,0.21243,32428000000.0,0.1531,0.09264,0.6471596537318576,134270000000.0,61913000000.0,295709000000.0,70336000000.0,73227000000.0,10276000000.0,168632200000.0,0.6186264778921191
テルモ,4543,精密機器,プライム（内国株式）,JP,2025-03-31,東京都,3109452251136.0,2.0425644,20.701168,23.800385,37.74684950792382,0.31620002,0.013056656,88.57,101.83,71.46999999080876,1036171000000.0,157670000000.0,0.14794,116978000000.0,0.11675,0.08743,0.7484906144357367,459858000000.0,240965000000.0,723496000000.0,174838000000.0,221872000000.0,40925000000.0,292285500000.0,0.09399903146710714
Ｈ．Ｕ．グループホールディングス,4544,サービス業,プライム（内国株式）,JP,2025-03-31,東京都,177572020224.0,1.2891396,30.721771,46.96811,-17.09246501829778,1.8746,0.040051267,66.79,102.11,-132.7743205709665,243025000000.0,2641000000.0,0.02971,2761000000.0,0.02249,0.0398,0.49041783805824407,142290000000.0,69438000000.0,119143000000.0,86652000000.0,40885000000.0,1801000000.0,-21886300000.0,-0.12325308892916412
キッセイ薬品工業,4547,医薬品,プライム（内国株式）,JP,2025-03-31,長野県,188816556032.0,0.87256074,20.68386,13.309374,13.48069262045837,0.336,0.024731183,342.24,220.22,246.61000190504018,88330000000.0,5774000000.0,0.11772,11961000000.0,0.14833,0.06656,0.8563626008465166,33934000000.0,16578000000.0,106980000000.0,1280000000.0,25169000000.0,84869000000.0,132454300000.0,0.7014972774821298
生化学工業,4548,医薬品,プライム（内国株式）,JP,2025-03-31,東京都,38931935232.0,0.53321767,14.40404,,17.478894674093485,1.3483,0.041152265,-8.89,49.5,40.070388972394326,39374000000.0,1336000000.0,-0.00875,1214000000.0,-0.02105,-0.0102699995,0.8725796451735979,10687000000.0,7899000000.0,39631000000.0,380000000.0,15132000000.0,19038000000.0,42270600000.0,1.0857564554164725
栄研化学,4549,医薬品,プライム（内国株式）,JP,2025-03-31,東京都,101047533568.0,2.3099718,33.533916,26.19658,26.456833134007248,0.47869998,0.017948719,117.0,91.4,71.09999904444193,40539000000.0,3000000000.0,0.09601,2228000000.0,0.092889994,0.08604,0.6989674854101199,18776000000.0,14376000000.0,31532000000.0,4466000000.0,9873000000.0,3408000000.0,15141600000.0,0.14984630960646309
ＪＣＲファーマ,4552,医薬品,プライム（内国株式）,JP,2025-03-31,兵庫県,71116562432.0,1.5352974,15.920262,,18.254745231296553,0.612,0.03350084,-18.87,36.62,43.92000013845128,33072000000.0,-6651000000.0,-0.22111,-4759000000.0,-0.064959995,-0.04856,0.4486195221973201,57420000000.0,43988000000.0,51056000000.0,38105000000.0,13196000000.0,9629000000.0,376300000.0,0.005291313122169105
東和薬品,4553,医薬品,プライム（内国株式）,JP,2025-03-31,大阪府,203311202304.0,1.0718184,14.011398,9.842942,8.507361273554883,0.1907,0.019161677,419.59,294.76,328.5899996489189,259594000000.0,23243000000.0,0.12295,18986000000.0,0.079450004,0.11956,0.3645191505087899,299199000000.0,87939000000.0,247306000000.0,230983000000.0,45471000000.0,871000000.0,-51283300000.0,-0.25224040494984096
富士製薬工業,4554,医薬品,プライム（内国株式）,JP,2025-09-30,東京都,55635660800.0,1.1610951,14.620822,18.520027,4.896631483306915,0.3457,0.019149832,122.84,155.6,252.8088685976339,51677000000.0,4994000000.0,0.17532,3000000000.0,0.04275,0.04875,0.50213585996467,46500000000.0,30988000000.0,47913000000.0,30937000000.0,7245000000.0,5094000000.0,4978800000.0,0.08948936578461561
カイノス,4556,医薬品,スタンダード（内国株式）,JP,2025-03-31,,9556900864.0,3.7613697,,15.949064,7.72100845701686,0.2251,0.003308337,142.14,,152.2567695927982,5305568000.0,823610000.0,0.05132,641019000.0,0.01865,0.03111,0.7712084173008433,2009967000.0,1456639000.0,5820525000.0,629491000.0,3396322000.0,261536000.0,3993633200.0,0.41787952567800124
中京医薬品,4558,医薬品,スタンダード（内国株式）,JP,2025-03-31,愛知県,2123111296.0,0.8493239,,28.107346,-78.03280303505994,0.7062,0.025125628,7.08,,-2.5657931811777965,6306646000.0,106037000.0,0.10049,45148000.0,0.00477,0.01344,0.49871260157930875,2539148000.0,1750805000.0,2924966000.0,1307467000.0,1235465000.0,175765000.0,508853500.0,0.23967349283982142
ゼリア新薬工業,4559,医薬品,プライム（内国株式）,JP,2025-03-31,東京都,96754466816.0,1.007709,10.517489,17.235964,11.559389829988604,0.377,0.021145374,127.35,208.7,175.38999869420434,87311137000.0,12197586000.0,0.20422001,9936323000.0,0.08387,0.07992,0.5625365281881072,69374569000.0,54449062000.0,69529694000.0,41164159000.0,23592676000.0,8865571000.0,6361024700.0,0.06574399001233601
アンジェス,4563,医薬品,グロース（内国株式）,JP,2025-12-31,大阪府,21759447040.0,6.9585023,,,-0.4434033288725725,0.0,0.0,-14.44,,-119.53000022521574,874119000.0,-5145394000.0,-7.0307,-5123269000.0,0.0,-1.9587101,0.5690138130290088,2329904000.0,2243471000.0,4386537000.0,54368000.0,1882005000.0,417898000.0,2349161600.0,0.1079605375854257
オンコセラピー・サイエンス,4564,医薬品,グロース（内国株式）,JP,2025-03-31,神奈川県,8591089664.0,4.40451,-1.2254902,,-3.3037364940712877,0.0,0.0,-2.83,-20.4,-6.053751573677547,750048000.0,-797936000.0,-1.3192799,-815285000.0,-1.12372,-0.59407,0.6311548706158139,426091000.0,327738000.0,1105697000.0,,833883000.0,,679606000.0,0.07910591398525532
ネクセラファーマ,4565,医薬品,プライム（内国株式）,JP,2025-12-31,東京都,91218706432.0,1.4954624,22.484941,,-19.436201718065316,0.0,0.0,-138.84,44.83,-53.920000172971974,29615000000.0,-8462000000.0,-0.30411,-12530000000.0,-0.42310002,-0.19349001,0.4525436429329238,73790000000.0,17500000000.0,44465000000.0,57379000000.0,20365000000.0,2881000000.0,-27308300000.0,-0.29937170859090484
第一三共,4568,医薬品,プライム（内国株式）,JP,2025-03-31,東京都,5184137723904.0,3.0586748,19.688633,18.901299,44.0924036144514,0.4612,0.02367067,149.54,143.56,104.61999998823141,1886256000000.0,331925000000.0,0.16043,295756000000.0,0.14843,0.18267,0.4697222520405113,1832703000000.0,754032000000.0,1909433000000.0,101332000000.0,639838000000.0,139175000000.0,174152500000.0,0.03359333977509602
杏林製薬,4569,医薬品,プライム（内国株式）,JP,2025-03-31,東京都,91118346240.0,0.6560857,15.104762,9.961061,17.72305201874097,0.3204,0.032398753,159.22,105.0,95.40614447982401,130087000000.0,12568000000.0,0.09616,9086000000.0,0.080790006,0.08006,0.7038808375254367,57334000000.0,35111000000.0,136134000000.0,28439000000.0,15021000000.0,20042000000.0,92829400000.0,1.018778367152244
ＨＵＭＡＮ　ＭＡＤＥ,456A,小売業,グロース（内国株式）,JP,2025-01-31,東京都,128303841280.0,10.872942,,57.8931,,0.0,0.0,96.73,,,,,0.26554,,0.20606,0.32773,,,,,,,,,
免疫生物研究所,4570,医薬品,グロース（内国株式）,JP,2025-03-31,群馬県,13783917568.0,7.822865,,43.18646,26.277118696278706,0.0,0.0,34.27,,20.0456135577555,969533000.0,209351000.0,0.31906998,249047000.0,0.35306,0.23038,0.8206173220836788,331031000.0,281335000.0,1390318000.0,204227000.0,825731000.0,95058000.0,1125827600.0,0.08167689587854622
ＮＡＮＯホールディングス,4571,医薬品,グロース（内国株式）,JP,2025-03-31,,10295074816.0,3.878492,-5.8847737,,-16.21621611226638,0.0,0.0,-10.69,-24.3,-11.100000071153664,108516000.0,-755349000.0,-2.29213,-835380000.0,0.0,-0.31370002,0.6854917480717478,1257053000.0,1203432000.0,3621653000.0,540241000.0,1707452000.0,222120000.0,2520084000.0,0.24478539933322618
カルナバイオサイエンス,4572,医薬品,グロース（内国株式）,JP,2025-12-31,兵庫県,7981194752.0,25.851357,3.6912158,,-2.466265119968273,0.0,0.0,-113.6,112.7,-121.64142353189479,579057000.0,-2074972000.0,-2.84982,-2171470000.0,0.0,-1.56075,0.25146871299754076,920430000.0,168070000.0,1175527000.0,714487000.0,516789000.0,,255097000.0,0.03196225727182957
大幸薬品,4574,医薬品,プライム（内国株式）,JP,2025-12-31,大阪府,15075356672.0,0.5704561,65.21739,16.313213,18.289310400268285,0.17950001,0.04570903,18.39,4.6,17.894862699772826,6397000000.0,459000000.0,0.21345,923000000.0,0.18605,0.20142001,0.6942135289323553,3752000000.0,2509000000.0,8433000000.0,970000000.0,4256000000.0,,4681000000.0,0.310506749647535
キャンバス,4575,医薬品,グロース（内国株式）,JP,2024-06-30,静岡県,13989170176.0,5.8877187,,,-8.40936791118379,0.0,0.0,-64.27,,-67.90046600775018,,,0.0,,0.0,-0.46145,0.96218927967347,91988000.0,91988000.0,2308466000.0,,1888200000.0,,2216478000.0,0.15844242168149603
デ・ウエスタン・セラピテクス研究所,4576,医薬品,グロース（内国株式）,JP,2025-12-31,愛知県,5311651328.0,3.5562954,,,-5.470651086371052,0.0,0.0,-13.19,,-36.74151336405792,387620000.0,-619870000.0,-1.5842999,-632087000.0,-1.6330701,-0.58329,0.6616615832227452,734012000.0,203882000.0,2020086000.0,605178000.0,1709790000.0,142677000.0,1385947900.0,0.2609259935218398
ダイト,4577,医薬品,プライム（内国株式）,JP,2025-05-31,富山県,38415360000.0,0.7473426,6.1075068,17.738895,10.04274890152249,0.5043,0.02851711,74.3,215.8,105.00000127465859,50643000000.0,2620000000.0,0.09714,1908000000.0,0.05827,0.05664,0.6666709399517974,25937000000.0,17049000000.0,41708000000.0,11885000000.0,2207000000.0,2091000000.0,17234700000.0,0.44864085615753696
大塚ホールディングス,4578,医薬品,プライム（内国株式）,JP,2025-12-31,東京都,5641532866560.0,1.8602895,20.580532,15.585343,13.333757802195409,0.2044,0.013232514,685.58,519.18,633.7599999273001,2468892000000.0,472106000000.0,0.122200005,363150000000.0,0.14709,0.12461001,0.7226680630327795,1097801000000.0,749112000000.0,1622006000000.0,227975000000.0,534645000000.0,223003000000.0,680307100000.0,0.12058905196360689
ラクオリア創薬,4579,医薬品,グロース（内国株式）,JP,2025-12-31,愛知県,22062323712.0,3.0080948,32.49042,74.64789,-16.78747288149631,0.0,0.0,11.36,26.1,-22.874199274106175,3979956000.0,483720000.0,0.49626,273115000.0,0.06861,0.0438,0.6559002673814338,3617931000.0,1275013000.0,5682428000.0,2901892000.0,3240965000.0,546897000.0,2447324900.0,0.11092779400516485
シンバイオ製薬,4582,医薬品,グロース（内国株式）,JP,2025-12-31,東京都,6962411520.0,4.542687,2.4808185,,-2.3411764858561934,0.0,0.0,-95.12,39.1,-84.99999944567338,1307648000.0,-4440688000.0,-3.27664,-4776194000.0,0.0,-1.7478501,0.32892036751069736,2595277000.0,1290365000.0,3824049000.0,1982500000.0,2883503000.0,,1228772000.0,0.17648655160216672
カイオム・バイオサイエンス,4583,医薬品,グロース（内国株式）,JP,2025-12-31,東京都,7158662656.0,6.160791,-3.4353743,,-15.339252130731914,0.0,0.0,-14.47,-29.4,-17.536708941700187,593290000.0,-979774000.0,-0.78053004,-982779000.0,0.0,-0.31639,0.6495290314812585,605440000.0,374885000.0,1546698000.0,261700000.0,1205026000.0,,941258000.0,0.13148517331111964
キッズウェル・バイオ,4584,医薬品,グロース（内国株式）,JP,2025-03-31,東京都,12097574912.0,6.284125,23.68932,35.88235,-3.6535978912549103,0.0,0.0,6.8,10.3,-40.23431268992482,5082053000.0,27886000.0,-0.07532,-21140000.0,0.0034,,0.20132379329316874,5597519000.0,4318862000.0,6700570000.0,1837960000.0,2995435000.0,283137000.0,1301246900.0,0.10756262387011536
メドレックス,4586,医薬品,グロース（内国株式）,JP,2025-12-31,香川県,5046033408.0,2.4650543,,,-4.418201542969621,0.0,0.0,-17.44,,-18.559587923389536,128084000.0,-942000000.0,-19.9,-937373000.0,0.0,-0.4446,0.9496911518850465,108543000.0,77272000.0,1824955000.0,,1754669000.0,130905000.0,1808045500.0,0.35831025159950747
ペプチドリーム,4587,医薬品,プライム（内国株式）,JP,2025-12-31,神奈川県,147756171264.0,8.625762,10.082885,,22.860477254427295,0.0,0.0,-28.95,113.41,115.67999961539957,18521234000.0,-5013195000.0,-0.15889,-3749204000.0,0.21809,0.0779,0.6689099379702397,25504922000.0,23418542000.0,38919826000.0,17041512000.0,28682933000.0,2108710000.0,14891001000.0,0.10078090730568431
オンコリスバイオファーマ,4588,医薬品,グロース（内国株式）,JP,2025-12-31,東京都,90163798016.0,44.958252,-41.066666,,-6.7122110022804184,0.0,0.0,-79.95,-75.0,-77.17278253380499,28546000.0,-2024068000.0,-71.16097,-2058049000.0,0.0,-1.1009201,0.8779796390553831,555910000.0,470721000.0,4494353000.0,320019000.0,3674717000.0,,3938443000.0,0.04368097935826865
リボミック,4591,医薬品,グロース（内国株式）,JP,2025-03-31,東京都,4385160704.0,1.4322062,-1.6190476,,-3.2407715684944014,0.0,0.0,-23.85,-52.5,-28.69686987633194,2107000.0,-1050589000.0,-333.28668,-1018939000.0,0.0,-0.32939,0.955361879214349,142210000.0,142209000.0,3147518000.0,,1837123000.0,,3005308000.0,0.6853358868373185
サンバイオ,4592,医薬品,グロース（内国株式）,JP,2026-01-31,東京都,175202811904.0,12.876397,-55.011024,,-17.860671981365886,0.0,0.0,-52.54,-40.81,-40.479999898901276,0.0,-3794810000.0,0.0,-3842612000.0,0.0,-0.50003,0.8708915939716311,2016872000.0,534293000.0,15489546000.0,1238700000.0,15083233000.0,,13472674000.0,0.07689759001917257
ヘリオス,4593,医薬品,グロース（内国株式）,JP,2025-12-31,東京都,49275695104.0,8.638031,-12.829525,,-3.698286648878394,0.0,0.0,-26.6,-28.45,-47.86000026625304,104000000.0,-3340000000.0,-40.04,-2217000000.0,0.0,-0.63841,0.2867362495602205,12155000000.0,3224000000.0,6441000000.0,2612000000.0,5679000000.0,5168000000.0,-2096400000.0,-0.042544300908904334
ブライトパス・バイオ,4594,医薬品,グロース（内国株式）,JP,2025-03-31,,7017646592.0,6.404392,,,-3.5154940697656496,0.0,0.0,-11.54,,-18.20512244649196,1133000.0,-1160918000.0,-1208.74,-1151149000.0,0.0,,0.8254293189792721,195626000.0,131661000.0,1071315000.0,25000000.0,810470000.0,,875689000.0,0.12478385574421358
ミズホメディー,4595,医薬品,スタンダード（内国株式）,JP,2025-12-31,佐賀県,33963743232.0,1.8177981,12.1292515,9.911062,7.112723066943644,0.556,0.0,179.9,147.0,198.07104109509504,11260000000.0,4653000000.0,0.48709,3425000000.0,0.30417,0.19007999,0.8349944134078212,3692000000.0,2660000000.0,19580000000.0,,10825000000.0,3000000.0,15890100000.0,0.46785479125365215
窪田製薬ホールディングス,4596,医薬品,グロース（内国株式）,JP,2025-12-31,東京都,10963389440.0,6.0436416,,,-2.240602107360757,0.0,0.0,-10.59,,-23.654356043800025,21335000.0,-894855000.0,-73.78807,-676253000.0,0.0,-0.42196998,0.9163280637063599,165625000.0,157373000.0,1968995000.0,127872000.0,1918615000.0,,1803370000.0,0.16449018890274866
ソレイジア・ファーマ,4597,医薬品,グロース（内国株式）,JP,2025-12-31,東京都,10374198272.0,5.7108507,-18.09524,,-3.6853954683153014,0.0,0.0,-3.69,-2.1,-9.768286825526657,429000000.0,-860000000.0,-0.43491,-876000000.0,-2.04196,-0.60248,0.7795957651588066,458000000.0,414000000.0,1880000000.0,16000000.0,1378000000.0,91000000.0,1485700000.0,0.14321106663344865
Ｄｅｌｔａ－Ｆｌｙ　Ｐｈａｒｍａ,4598,医薬品,グロース（内国株式）,JP,2025-03-31,徳島県,2444100096.0,11.671118,-10.864865,,-4.175549306593778,0.0,0.0,-161.17,-18.5,-198.77624213161934,0.0,-1708223000.0,0.0,-1721164000.0,0.0,-3.70982,0.639593032090511,156537000.0,156538000.0,394676000.0,,338829000.0,,238139000.0,0.09743422554163673
ステムリム,4599,医薬品,グロース（内国株式）,JP,2024-07-31,大阪府,19681859584.0,2.9943547,-9.751553,,-13.766353812693913,0.0,0.0,-29.07,-32.2,-32.97895769476504,,,0.0,,0.0,-0.24562,0.979529459831957,185881000.0,67527000.0,8877489000.0,0.0,8410449000.0,,8691608000.0,0.44160502024237996
ＢＲＡＮＵ,460A,情報・通信業,グロース（内国株式）,JP,2025-10-31,東京都,3109499904.0,3.469555,,12.853423,,0.0,0.0,53.76,,,2122790000.0,331550000.0,0.0422,241942000.0,0.09297,,0.3396083725882138,805129000.0,419211000.0,1042193000.0,454019000.0,786171000.0,9811000.0,243931700.0,0.07844724474382875
大日本塗料,4611,化学,プライム（内国株式）,JP,2025-03-31,大阪府,35779858432.0,0.5503553,,4.4143033,6.687212309831729,0.1727,0.03846154,283.85,,160.7600005913172,72511000000.0,4716000000.0,0.0481,9437000000.0,0.08835,0.11494,0.4886984041276698,57176000000.0,39641000000.0,53066000000.0,12222000000.0,12649000000.0,9447000000.0,2502900000.0,0.06995276419991397
日本ペイントホールディングス,4612,化学,プライム（内国株式）,JP,2025-12-31,東京都,2283254579200.0,1.2704018,16.594742,18.358822,13.17778589862613,0.2985,0.01614205,53.62,59.32,76.54458640824336,1638720000000.0,186205000000.0,0.12683,125889000000.0,0.101339996,0.10554,0.4489737757912537,2194666000000.0,592677000000.0,1278882000000.0,1421892000000.0,424337000000.0,29377000000.0,-895220100000.0,-0.39208072028203905
関西ペイント,4613,化学,プライム（内国株式）,JP,2025-03-31,大阪府,420538384384.0,1.4698362,13.15688,13.365228,6.924380146618863,0.4642,0.03436853,178.71,181.54,291.89999966812246,588825000000.0,52051000000.0,0.09592,38306000000.0,0.060310002,0.10882,0.35888019032927976,400693000000.0,177049000000.0,355530000000.0,218417000000.0,76656000000.0,57907000000.0,-4628100000.0,-0.01100517853270205
神東塗料,4615,化学,スタンダード（内国株式）,JP,2025-03-31,兵庫県,4322711040.0,0.32060423,,,-8.164963782696178,0.0,0.0,-5.79,,-16.044161797462632,20758000000.0,235000000.0,0.02713,-59000000.0,-0.01749,-0.015420001,0.4248672289909403,17394000000.0,11564000000.0,12139000000.0,5026000000.0,2723000000.0,2732000000.0,-3342600000.0,-0.7732647334206267
川上塗料,4616,化学,スタンダード（内国株式）,JP,2025-11-30,兵庫県,1841562112.0,0.52888167,,25.47157,,0.5506,0.021367522,72.63,,,5932496000.0,54330000.0,0.00778,72318000.0,0.01692,0.030369999,0.3844455532224591,5339451000.0,3617837000.0,5702595000.0,1905628000.0,1889166000.0,1182765000.0,1191079500.0,0.6467767186556888
中国塗料,4617,化学,プライム（内国株式）,JP,2025-03-31,東京都,163974397952.0,1.855019,18.619719,14.507704,10.293675606215093,0.46060002,0.031111112,227.81,177.5,199.58034056976837,131152000000.0,15382000000.0,0.11582,13721000000.0,0.0,0.15194,0.5769631916671847,55343000000.0,46268000000.0,108373000000.0,20790000000.0,36768000000.0,8229000000.0,58790300000.0,0.3585334096924668
日本特殊塗料,4619,化学,スタンダード（内国株式）,JP,2025-03-31,東京都,45812883456.0,0.7781579,14.601101,8.511406,7.117728324246461,0.4732,0.054781802,249.43,145.4,181.53803697911874,66060000000.0,4457000000.0,0.069510005,4942000000.0,0.09193,0.1003,0.6740377509003672,21130000000.0,16122000000.0,38327000000.0,3531000000.0,16235000000.0,22055000000.0,32635500000.0,0.7123651151830263
藤倉化成,4620,化学,スタンダード（内国株式）,JP,2025-03-31,東京都,33908879360.0,0.76209867,,52.212784,12.831885436794309,0.8061,0.007563025,22.37,,34.85874608860623,55528332000.0,1305966000.0,0.05244,510806000.0,0.0179,0.022820001,0.6925694162659201,15851542000.0,11817968000.0,33993476000.0,2950591000.0,13926544000.0,5430250000.0,21943109000.0,0.6471198522085279
アサヒペン,4623,化学,スタンダード（内国株式）,JP,2025-03-31,大阪府,6370065920.0,0.4426238,,10.609523,16.240618161547207,0.3704,0.034904014,161.93,,106.36986301369863,17151706000.0,865254000.0,0.068959996,701620000.0,0.040370002,0.04309,0.6572390679665363,7380084000.0,3669090000.0,9716855000.0,3985336000.0,3332649000.0,3280220000.0,4632925000.0,0.7272962412294786
イサム塗料,4624,化学,スタンダード（内国株式）,JP,2025-03-31,大阪府,7135917568.0,0.39936376,,11.468031,12.170909598012436,0.1532,0.013351135,326.56,,272.88248266063215,8156880000.0,627555000.0,0.15878001,548827000.0,0.08122,0.03767,0.824521683152878,3247292000.0,2170202000.0,8391761000.0,18949000.0,4082339000.0,7648940000.0,10498727000.0,1.4712511600582436
アトミクス,4625,化学,スタンダード（内国株式）,JP,2025-03-31,東京都,4257403904.0,0.40350708,,11.780297,14.92726079979259,0.2504,0.021303259,67.91,,44.963896201579544,12348498000.0,350774000.0,0.03221,228836000.0,0.027209999,0.032449998,0.6889594001536088,4673441000.0,4052952000.0,8709380000.0,100000000.0,2831524000.0,565252000.0,4431615400.0,1.040919654307716
太陽ホールディングス,4626,化学,プライム（内国株式）,JP,2025-03-31,東京都,534036938752.0,4.997917,17.677176,42.300575,20.146002332207427,1.3875,0.032764718,113.45,271.48,77.44500013414613,119010000000.0,22068000000.0,0.26131,10780000000.0,0.115559995,0.1421,0.5362510545666642,89046000000.0,37991000000.0,98008000000.0,64521000000.0,44903000000.0,4870000000.0,12371000000.0,0.02316506425362635
ナトコ,4627,化学,スタンダード（内国株式）,JP,2025-10-31,愛知県,12691938304.0,0.51607925,,11.158342,10.555020101116702,0.3652,0.032182563,150.56,,126.60195054210493,22275001000.0,1398054000.0,0.06307,1137776000.0,0.05034,0.04575,0.7869808080841287,6441974000.0,5771071000.0,21112396000.0,,10710868000.0,709191000.0,15166855700.0,1.1949991669294517
エスケー化研,4628,化学,スタンダード（内国株式）,JP,2025-03-31,大阪府,142860419072.0,0.8377277,,12.502656,8.832597494749274,0.1417,0.011121409,847.02,,877.1305185046723,106142000000.0,12447000000.0,0.12607001,10729000000.0,0.09571,0.062129997,0.8556560233587642,27585000000.0,23270000000.0,140500000000.0,3000000000.0,108790000000.0,11369000000.0,120873300000.0,0.8460936961068359
大伸化学,4629,化学,スタンダード（内国株式）,JP,2025-03-31,東京都,9653623808.0,0.5659295,,12.238269,10.765980032320572,0.23200001,0.018885741,172.41,,137.09000004590132,34711178000.0,799315000.0,0.03625,588158000.0,0.02621,0.05388,0.6556621788823105,8675996000.0,8466070000.0,19439967000.0,12144000.0,7125465000.0,1342825000.0,11703948500.0,1.212389122756253
ＦＵＮＤＩＮＮＯ,462A,証券、商品先物取引業,グロース（内国株式）,JP,,東京都,18777360384.0,3.8023899,,,,0.0,0.0,-61.58,,,,,0.0,,0.0,,,,,,,,,,
ＤＩＣ,4631,化学,プライム（内国株式）,JP,2025-12-31,東京都,351831064576.0,0.7471777,11.335144,10.876628,14.189918123668171,0.35119998,0.05350455,341.65,327.83,225.1100008209919,1052194000000.0,52192000000.0,0.044,32353000000.0,0.03075,0.07288,0.3695811366692018,783247000000.0,386545000000.0,627550000000.0,458273000000.0,68909000000.0,63320000000.0,-111373000000.0,-0.3165524912765115
サカタインクス,4633,化学,プライム（内国株式）,JP,2025-12-31,大阪府,114656354304.0,0.9651941,8.638376,9.949847,9.24038809363163,0.4038,0.040135194,235.28,271.0,180.64000114569808,257668000000.0,15227000000.0,0.050640002,11609000000.0,0.045050003,0.10709,0.5275564056246237,99347000000.0,62275000000.0,127269000000.0,33598000000.0,20595000000.0,30173000000.0,49043100000.0,0.4277399215918471
ａｒｔｉｅｎｃｅ,4634,化学,プライム（内国株式）,JP,2025-12-31,東京都,184479449088.0,5.124552,10.484108,18.714033,8.679601405452157,0.47509998,0.0020050125,210.27,375.33,352.4099987346314,349979000000.0,20768000000.0,0.06958,10340000000.0,0.05088,0.074099995,0.575071335927367,185383000000.0,106070000000.0,227672000000.0,63436000000.0,47625000000.0,61997000000.0,85686900000.0,0.464479379267475
東京インキ,4635,化学,スタンダード（内国株式）,JP,2025-03-31,東京都,16308467712.0,0.53324986,,10.216064,9.284719556966515,0.4069,0.039039038,127.74,,67.14939024390245,46806000000.0,1312000000.0,0.06131,1180000000.0,0.044689998,0.07272,0.5828808624488511,21003000000.0,16357000000.0,29729000000.0,6921000000.0,3697000000.0,4486000000.0,11866200000.0,0.7276097429600136
インテリックスホールディングス,463A,不動産業,スタンダード（内国株式）,JP,2025-05-31,東京都,11569249280.0,0.6659582,,5.6171618,,0.1549,0.01904762,206.51,,,44793776000.0,2386508000.0,0.03759,1667290000.0,0.02777,0.110530004,0.25376197833349456,39041368000.0,20069324000.0,35579980000.0,35052282000.0,5534385000.0,1119950000.0,-2677423000.0,-0.23142581987826266
アルプス技研,4641,サービス業,プライム（内国株式）,JP,2025-12-31,神奈川県,50376269824.0,2.472576,14.378499,12.660849,13.43986961307492,0.53279996,0.04195804,202.83,178.6,185.03041618420852,52649756000.0,5397491000.0,0.10223,3981061000.0,0.07561,0.20403999,0.6951154902501234,8874406000.0,8470861000.0,22789427000.0,210734000.0,14118668000.0,1234842000.0,14779410400.0,0.2933804041393885
オリジナル設計,4642,サービス業,スタンダード（内国株式）,JP,2025-12-31,東京都,9059372032.0,1.1471915,,16.599323,9.915628239561398,0.3823,0.02274204,91.57,,110.30552061163502,8515210000.0,921797000.0,0.08434,541343000.0,0.06353,,0.6330270172845888,4387751000.0,1685728000.0,7263264000.0,1843519000.0,3991237000.0,1044400000.0,3606593000.0,0.3981062911712422
イマジニア,4644,情報・通信業,スタンダード（内国株式）,JP,2025-03-31,東京都,9889649664.0,0.8295991,,28.040447,20.316905743678127,1.2967999,0.05609756,36.59,,43.27999966735759,6486155000.0,458512000.0,0.08122,603026000.0,0.07206,0.03778,0.8946815494368681,1315572000.0,1310874000.0,11760820000.0,,1588558000.0,746086000.0,10967508200.0,1.1089885458656425
市進ホールディングス,4645,サービス業,スタンダード（内国株式）,JP,2025-02-28,千葉県,3425506560.0,1.3905164,,5.5138493,,0.1294,0.0,77.26,,,,,0.087740004,,0.03367,0.26978,0.15743889314198692,11450269000.0,4175684000.0,6423563000.0,7092540000.0,4387763000.0,907019000.0,-4391792700.0,-1.2820856194769628
ＱＰＳホールディングス,464A,情報・通信業,グロース（内国株式）,JP,2025-05-31,福岡県,150362456064.0,8.652083,,,-261.68322014051523,0.0,0.0,-47.57,,-11.750848978199011,2681000000.0,85000000.0,-1.00612,-1848000000.0,-0.14753,-0.0317,0.6220735785953178,9040000000.0,3740000000.0,13161000000.0,5300000000.0,11833000000.0,,4121000000.0,0.027407107517889606
ＳＤエンターテイメント,4650,サービス業,スタンダード（内国株式）,JP,2025-03-31,,2444444928.0,1.52207,,48.75,22.092550444713883,0.0,0.0,5.6,,13.17186083735425,4201829000.0,98114000.0,-0.01471,93821000.0,0.02162,0.06834,0.37669158206775644,2622448000.0,2003667000.0,1363184000.0,1890381000.0,486637000.0,14904000.0,-1248831200.0,-0.510885389846672
サニックスホールディングス,4651,サービス業,スタンダード（内国株式）,JP,2025-03-31,福岡県,12572430336.0,1.2736756,7.850746,20.972887,5.792990211790578,0.0,0.0,12.54,33.5,56.41765700712843,45352000000.0,2231000000.0,0.03814,1483000000.0,0.00799,0.036960002,0.2774519165188924,26485000000.0,16910000000.0,13873000000.0,10974000000.0,4816000000.0,161000000.0,-12499300000.0,-0.9941832776920945
環境管理センター,4657,サービス業,スタンダード（内国株式）,JP,2025-06-30,東京都,2561895168.0,1.1315782,,59.70982,11.03502802120385,0.8919,0.0,8.96,,45.59000431453121,6099354000.0,109552000.0,0.02507,7902000.0,-0.04784,-0.10889,0.4315035125055824,2973143000.0,2154676000.0,1879473000.0,1749716000.0,828182000.0,78612000.0,-1038641600.0,-0.40541924313430766
日本空調サービス,4658,サービス業,プライム（内国株式）,JP,2025-03-31,愛知県,54930558976.0,1.9077725,16.520834,15.763841,10.615432575519415,0.4772,0.029962547,100.61,96.0,78.3700006194825,64438000000.0,4195000000.0,0.03513,3102000000.0,0.0505,0.12528,0.5337464997529238,22447000000.0,16696000000.0,28662000000.0,3605000000.0,8996000000.0,6094000000.0,10480800000.0,0.19080089835931255
エイジス,4659,サービス業,スタンダード（内国株式）,JP,2025-03-31,,37305282560.0,1.4449332,14.416177,17.260904,10.716222638389885,0.371,0.021517554,256.07,306.6,226.78001191858326,33960587000.0,3032233000.0,0.04217,2104607000.0,0.07039,0.10273,0.8144580146447008,5648100000.0,5461451000.0,21792339000.0,170301000.0,15972506000.0,3284278000.0,18443233600.0,0.4943866480661767
オリエンタルランド,4661,サービス業,プライム（内国株式）,JP,2025-03-31,千葉県,4256182304768.0,3.9573112,29.685535,33.566074,66.49083937203987,0.18110001,0.005357826,77.34,87.45,72.12000000640667,679374000000.0,172111000000.0,0.34187,124160000000.0,0.0,,0.679452715671165,461114000000.0,235882000000.0,525366000000.0,266667000000.0,323416000000.0,55553000000.0,103139100000.0,0.024232773085038708
フォーカスシステムズ,4662,情報・通信業,プライム（内国株式）,JP,2025-03-31,東京都,22807683072.0,1.5124551,19.885057,15.010122,12.872816184335095,0.463,0.030495552,103.73,78.3,93.1299973329018,32555008000.0,2171902000.0,0.1015,1566852000.0,0.06406,,0.6723476029212606,6845653000.0,5906926000.0,13584854000.0,1866071000.0,6508050000.0,3326140000.0,9067499000.0,0.39756335491752665
アール・エス・シー,4664,サービス業,スタンダード（内国株式）,JP,2025-03-31,,2700353792.0,1.1614432,,33.85676,7.877095573885636,0.9192,0.026936026,26.11,,84.05439365018333,8844777000.0,301117000.0,0.020350002,186976000.0,0.011569999,0.041339997,0.5234933695349839,1982107000.0,1238267000.0,2927502000.0,380504000.0,1767123000.0,210551000.0,1092780700.0,0.40468056564937693
ダスキン,4665,サービス業,プライム（内国株式）,JP,2025-03-31,大阪府,188325265408.0,1.2205517,19.412535,19.696075,31.952365406020487,0.5513,0.027484663,203.34,206.31,95.28144444427373,188791000000.0,7269000000.0,0.05509,8808000000.0,0.04618,0.05899,0.7437560865245576,51778000000.0,42097000000.0,60594000000.0,225000000.0,18096000000.0,69509000000.0,57472300000.0,0.30517572815038013
パーク２４,4666,不動産業,プライム（内国株式）,JP,2025-10-31,東京都,338345099264.0,4.76314,13.983917,23.25786,18.320694364097584,0.35169998,0.015098138,85.24,141.77,99.80999980873993,406168000000.0,37562000000.0,0.0863,15917000000.0,0.03983,0.21389,0.27708704878434204,256183000000.0,89363000000.0,148001000000.0,172642000000.0,80470000000.0,,-108182000000.0,-0.3197386344159488
アイサンテクノロジー,4667,情報・通信業,スタンダード（内国株式）,JP,2025-03-31,,9425090560.0,1.5072907,,22.916935,25.541089976229642,0.3208,0.013865779,77.89,,62.530406026088556,6220625000.0,449404000.0,0.0716,286207000.0,0.0589,0.06996,0.7177591579348435,2322318000.0,1825144000.0,6433644000.0,291879000.0,4176001000.0,818876000.0,4684539200.0,0.49702856117702915
明光ネットワークジャパン,4668,サービス業,プライム（内国株式）,JP,2025-08-31,東京都,17515628544.0,1.368943,21.798107,10.378491,,0.42040002,0.04028777,66.58,31.7,,24827000000.0,1698000000.0,0.14068,1727000000.0,0.06605,0.13541001,0.6571279373368146,6566000000.0,5512000000.0,12210000000.0,25000000.0,9127000000.0,3787000000.0,8294900000.0,0.4735713582394637
ファルコホールディングス,4671,サービス業,スタンダード（内国株式）,JP,2025-03-31,大阪府,26122287104.0,1.0362933,14.860874,14.04799,13.952497425529195,0.6739,0.0484369,186.29,176.1,150.90000166660266,43313000000.0,2335000000.0,0.05994,1920000000.0,0.04513,0.07705,0.7010744329381715,10767000000.0,7432000000.0,18228000000.0,1437000000.0,9420000000.0,3675000000.0,10033500000.0,0.3840973020491613
川崎地質,4673,サービス業,スタンダード（内国株式）,JP,2025-11-30,,,0.8785446,,7.954018,,0.2038,0.025573192,711.59,,,12708831000.0,665971000.0,0.23459,620503000.0,0.07746,0.20327999,0.43893200795554516,6708658000.0,5976008000.0,8273453000.0,3611472000.0,1097586000.0,669271000.0,2033284700.0,
クレスコ,4674,情報・通信業,プライム（内国株式）,JP,2025-03-31,東京都,57437147136.0,1.7821316,7.4424686,12.772641,11.080015678406621,0.4665,0.03631285,111.41,191.2,90.05999990435029,58760592000.0,5983829000.0,0.1168,4405567000.0,0.080520004,0.16218,0.7110794823651987,12520893000.0,8971024000.0,28451026000.0,1720786000.0,15334671000.0,8149072000.0,21634483400.0,0.3766636136849511
フジ・メディア・ホールディングス,4676,情報・通信業,プライム（内国株式）,JP,2025-03-31,東京都,563515686912.0,1.015954,24.003399,,10.216079397268713,0.25030002,0.012716175,-72.74,164.81,169.26999973182103,550761000000.0,18294000000.0,0.05666,-20134000000.0,-0.03727,-0.02257,0.568051983758894,610276000000.0,186939000000.0,398592000000.0,350894000000.0,84297000000.0,414896000000.0,78743200000.0,0.13973559535051014
秀英予備校,4678,サービス業,スタンダード（内国株式）,JP,2025-03-31,静岡県,2220904448.0,0.5004294,,11.58558,-4.4438815632012965,0.3499,0.03003003,28.57,,-63.387365211550296,10693035000.0,386739000.0,0.13148,298101000.0,0.021459999,0.05246,0.4812528852485726,4890366000.0,1786553000.0,1860361000.0,1275543000.0,1300356000.0,,-3030005000.0,-1.3643112844087564
田谷,4679,サービス業,スタンダード（内国株式）,JP,2025-03-31,東京都,1958531584.0,0.30680957,,,-12.42800025185745,0.0,0.08058608,-0.16,,-31.783069841905142,5444574000.0,3885000.0,0.0585,-62325000.0,0.00093999994,0.00265,0.20972355679088095,1570043000.0,866331000.0,557368000.0,456423000.0,175066000.0,,-1012675000.0,-0.5170582942204929
ラウンドワン,4680,サービス業,プライム（内国株式）,JP,2025-03-31,大阪府,247862820864.0,3.2007847,13.072231,16.049362,20.788061358515392,0.2895,0.018378492,58.75,72.13,36.47232667673332,10462000000.0,8323000000.0,0.10556,4281000000.0,0.0,0.19933,0.2573235762598398,193032000000.0,67485000000.0,64794000000.0,157215000000.0,51154000000.0,10504000000.0,-120885200000.0,-0.48771009536088744
リゾートトラスト,4681,サービス業,プライム（内国株式）,JP,2025-03-31,愛知県,377659195392.0,2.5114713,10.296074,17.751743,16.591732098287565,0.3441,0.019708654,100.3,172.93,75.01500004982276,249333000000.0,26373000000.0,0.12869,20139000000.0,0.070760004,0.10504,0.292762537301019,342208000000.0,170005000000.0,196390000000.0,33504000000.0,28352000000.0,33818000000.0,-122145400000.0,-0.32342758097870855
オービック,4684,情報・通信業,プライム（内国株式）,JP,2025-03-31,東京都,1989433491456.0,4.1459637,28.690163,26.772802,33.68668827871945,0.4722,0.0,171.48,160.02,130.9200000302434,121240000000.0,78378000000.0,0.62478,64621000000.0,0.54864,0.15997,0.8670497127154634,66525000000.0,30795000000.0,219589000000.0,,200065000000.0,221988000000.0,308455600000.0,0.15504695247401895
菱友システムズ,4685,情報・通信業,スタンダード（内国株式）,JP,2025-03-31,東京都,41580036096.0,2.0086024,,11.130838,8.786406751594797,0.3243,0.017100977,292.88,,189.8639674967976,42763000000.0,4820000000.0,0.15287,3383000000.0,0.0849,0.19442,0.6345065059762275,9501000000.0,9113000000.0,22989000000.0,14000000.0,2170000000.0,2077000000.0,14941900000.0,0.35935274239546444
ジャストシステム,4686,情報・通信業,プライム（内国株式）,JP,2025-03-31,東京都,233774678016.0,2.0203838,,16.685001,14.444070349440853,0.1101,0.006666667,218.16,,181.18999910931007,44551000000.0,18037000000.0,0.43453,12327000000.0,0.29337,0.13468,0.8676801057501652,16016000000.0,15822000000.0,109649000000.0,,90569000000.0,14000000.0,93642800000.0,0.40056861929926774
ＴＤＣソフト,4687,情報・通信業,プライム（内国株式）,JP,2025-03-31,東京都,45986385920.0,2.0027735,13.082099,12.1774,15.958583445144214,0.3382,0.027806384,79.82,74.3,65.56875960082553,44417991000.0,4772529000.0,0.119899996,3433822000.0,0.07987,0.17587,0.7381981524187536,7405542000.0,6870341000.0,23247699000.0,531000000.0,13250091000.0,3077253000.0,17996234100.0,0.3913383002375326
ＬＩＮＥヤフー,4689,情報・通信業,プライム（内国株式）,JP,2025-03-31,東京都,2949297995776.0,0.99453056,20.09337,14.856749,24.62509642151649,0.24149999,0.01621121,28.97,21.42,15.040000000637745,1917478000000.0,271979000000.0,0.13934,153465000000.0,0.10539,0.08517,0.32737024785916585,5739431000000.0,1762205000000.0,3722779000000.0,1694398000000.0,1043944000000.0,1307397000000.0,-1101474100000.0,-0.37346992456426475
日本パレットプール,4690,サービス業,スタンダード（内国株式）,JP,2025-03-31,大阪府,3958245120.0,0.5960099,,14.367783,7.813893099387106,0.3387,0.0,174.07,,313.4594174443425,6935204000.0,368869000.0,0.033800002,310015000.0,0.03692,0.03911,0.6359826439765289,3696965000.0,2681903000.0,2243600000.0,2258370000.0,1295569000.0,322318000.0,-1227742400.0,-0.3101734134140738
ワシントンホテル,4691,サービス業,スタンダード（内国株式）,JP,2025-03-31,愛知県,25668438016.0,3.9058933,,8.653808,11.47459766320025,0.0808,0.0,247.29,,69.30466116278203,21347826000.0,2240594000.0,-1.58047,2015575000.0,-1.5790801,-0.71427,0.28161359703447997,24098667000.0,4798879000.0,7980492000.0,20692832000.0,5966495000.0,358316000.0,-15867353800.0,-0.6181659277478959
ビー・エム・エル,4694,サービス業,プライム（内国株式）,JP,2025-03-31,東京都,142812512256.0,1.1358217,25.6393,20.915678,17.489032632421164,0.6043,0.028683182,182.16,148.6,154.74000115195904,143191000000.0,9364000000.0,0.08456001,6263000000.0,0.0,0.0596,0.7289853357895745,43737000000.0,37595000000.0,102259000000.0,5289000000.0,67562000000.0,3127000000.0,60710900000.0,0.4251091101259536
フィットクルー,469A,サービス業,グロース（内国株式）,JP,2025-11-30,大阪府,1847102208.0,2.218363,,7.4130554,,0.0,0.0,236.07,,,2920951000.0,274653000.0,0.01642,249219000.0,0.06718,,0.32074654937622565,1269433000.0,743616000.0,1013054000.0,454776000.0,570435000.0,,-256379000.0,-0.13880065699103966
トレンドマイクロ,4704,情報・通信業,プライム（内国株式）,JP,2025-12-31,東京都,769730609152.0,5.9014964,19.772743,22.6024,32.34012202888121,0.7091,0.030905446,260.99,298.34,257.6600005384478,275984000000.0,57777000000.0,0.18166,34523000000.0,0.12509,0.27218,0.30936817624183516,291113000000.0,278479000000.0,332690000000.0,,220092000000.0,4727000000.0,44885900000.0,0.05831377817942057
クリップコーポレーション,4705,サービス業,スタンダード（内国株式）,JP,2025-03-31,愛知県,2881750528.0,0.6192631,,,33.622776763358466,4.0,0.05603985,-23.29,,23.89657049537289,3038094000.0,1834000.0,-0.034930002,-75274000.0,-0.045900002,-0.02851,0.8758282693174935,680380000.0,510315000.0,3471866000.0,209984000.0,2998961000.0,1168287000.0,3609286900.0,1.2524633430031595
キタック,4707,サービス業,スタンダード（内国株式）,JP,2025-10-31,新潟県,1814545536.0,0.5102772,,8.726097,7.445385543619422,0.1885,0.021604938,37.13,,49.91421223548326,3467585000.0,146107000.0,0.05243,207981000.0,0.054229997,0.054640003,0.5559220936715941,2821826000.0,2199702000.0,1616884000.0,1944469000.0,155778000.0,312633000.0,-986098900.0,-0.5434412531601521
ＩＤホールディングス,4709,情報・通信業,プライム（内国株式）,JP,2025-03-31,東京都,31120396288.0,2.1352031,7.210895,11.811734,6.399785154342243,0.4834,0.04071661,77.55,127.03,106.42306911973701,36274390000.0,3780890000.0,0.1029,2389934000.0,0.06701,0.18709,0.6026665170318669,8874907000.0,7987936000.0,14396048000.0,1950000000.0,5683280000.0,4664007000.0,8785945900.0,0.28232114458606217
ＫｅｙＨｏｌｄｅｒ,4712,サービス業,スタンダード（内国株式）,JP,2025-12-31,東京都,15299559424.0,11.225717,,17.83677,5.255292642795133,0.2195,0.0012285012,45.58,,133.014122089924,35630349000.0,783311000.0,0.0465,857390000.0,-0.054169998,-0.09193,0.4122407884912951,32079323000.0,9903218000.0,12265386000.0,4330600000.0,5096932000.0,1907543000.0,-18478656900.0,-1.207790132244791
リソー教育グループ,4714,サービス業,プライム（内国株式）,JP,2025-02-28,,34060322816.0,2.7768521,16.652788,21.097048,19.265029645922425,1.0548999,0.05,9.48,12.01,10.739999971423497,33394944000.0,2933747000.0,0.11665,1743069000.0,0.04719,0.13279,0.5442880915824139,10075675000.0,5865068000.0,12686208000.0,,8952594000.0,82650000.0,2668388000.0,0.07834300380578049
日本オラクル,4716,情報・通信業,スタンダード（内国株式）,JP,2025-05-31,東京都,1235012288512.0,6.5664363,18.612871,20.118578,25.93796480735065,0.397,0.0,479.01,517.76,434.08999959864457,263510000000.0,86837000000.0,0.33842,60725000000.0,0.22647,0.37396,0.5173149432843557,152723000000.0,152722000000.0,203861000000.0,,66616000000.0,36000000.0,51163200000.0,0.04142728009746672
早稲田アカデミー,4718,サービス業,プライム（内国株式）,JP,2025-03-31,東京都,36745875456.0,2.3355324,16.303278,14.725697,13.282794769102702,0.37,0.024912804,135.07,122.0,112.74999243753243,35069991000.0,3549345000.0,0.08831,2338913000.0,0.0,0.16572,0.6201612288960637,9300377000.0,5778016000.0,11251972000.0,482681000.0,8091237000.0,669317000.0,2420116900.0,0.0658609128226617
アルファシステムズ,4719,情報・通信業,プライム（内国株式）,JP,2025-03-31,神奈川県,47801679872.0,1.0762528,,13.965794,13.909266964724884,0.45130002,0.032258064,243.81,,216.9099989009324,38484142000.0,4422877000.0,0.15285,3211456000.0,0.08668,0.08067001,0.8357438933274768,8544035000.0,7583739000.0,34102138000.0,,24195685000.0,3769777000.0,28196946900.0,0.5898735562328314
ＮＳグループ,471A,その他金融業,プライム（内国株式）,JP,2025-12-31,大阪府,,3.1184318,,15.197114,,0.3081,0.019988578,113.64,,,29826000000.0,9873000000.0,0.22218001,6325000000.0,0.21205999,0.22028999,0.3793488396527495,47257000000.0,19571000000.0,29498000000.0,26968000000.0,15983000000.0,383000000.0,-17490900000.0,
城南進学研究社,4720,サービス業,スタンダード（内国株式）,JP,2025-03-31,神奈川県,2064103936.0,1.3308064,,,-24.3724257521979,0.0,0.0,-35.86,,-15.230000119527151,5623999000.0,-230708000.0,0.04526,-420786000.0,-0.02069,-0.0716,0.27459187064371077,3791988000.0,1842603000.0,2191819000.0,1244179000.0,1596727000.0,136139000.0,-1504871700.0,-0.7290677924466687
フューチャー,4722,情報・通信業,プライム（内国株式）,JP,2025-12-31,東京都,147822821376.0,2.355591,12.428241,12.618273,15.551841601652189,0.3482,0.027611045,132.11,134.13,116.49000032321969,75993000000.0,16181000000.0,0.21525,11712000000.0,0.15412,0.1981,0.6436901867864726,34737000000.0,17054000000.0,57370000000.0,14999000000.0,32800000000.0,12544000000.0,31413800000.0,0.21250981213581568
ＣＡＣ　Ｈｏｌｄｉｎｇｓ,4725,情報・通信業,プライム（内国株式）,JP,2025-12-31,東京都,31616102400.0,0.89741975,,9.660725,8.672807994728895,0.5227,0.054054055,191.29,,181.3779238695457,50588000000.0,2581000000.0,0.01505,3271000000.0,0.06466,0.09624,0.6558201008954001,17908000000.0,13530000000.0,28183000000.0,2932000000.0,11769000000.0,15812000000.0,21343400000.0,0.6750800503480151
トーセ,4728,情報・通信業,スタンダード（内国株式）,JP,2025-08-31,,4903894016.0,0.77324086,,12.32381,-17.954951354158474,0.47599998,0.0192604,52.5,,-34.41999854101124,6636289000.0,689873000.0,0.06172,250235000.0,0.057340004,0.06442,0.7813213423521764,1674441000.0,1276624000.0,4325383000.0,,1629563000.0,1034806000.0,3375306200.0,0.6882910170952602
ミラティブ,472A,情報・通信業,グロース（内国株式）,JP,2025-12-31,東京都,8769610752.0,2.47351,,11.073109,,0.0,0.0,46.78,,,7188192000.0,349230000.0,0.03692,739290000.0,0.10281,0.27264,0.6765962050891405,1694795000.0,1310838000.0,4320464000.0,644728000.0,3392665000.0,225002000.0,2783170400.0,0.31736532882776686
ユー・エス・エス,4732,サービス業,プライム（内国株式）,JP,2025-03-31,愛知県,778602545152.0,3.9715166,21.496164,20.155874,17.255612017023758,0.5757,0.0280866,83.4,78.2,68.0999999637832,104021000000.0,54206000000.0,0.51932,37636000000.0,0.36666,0.20363002,0.7638097161751725,59995000000.0,51151000000.0,144641000000.0,2245000000.0,113219000000.0,511000000.0,85003700000.0,0.10917470091676293
オービックビジネスコンサルタント,4733,情報・通信業,プライム（内国株式）,JP,2025-03-31,東京都,517441257472.0,3.108055,28.521112,30.711227,37.39960178053648,0.4602,0.00046289153,224.12,241.33,184.1299998937106,46984282000.0,21744246000.0,0.47197,16182920000.0,0.33975,0.10596,0.762034471794617,49648857000.0,42731161000.0,173676557000.0,,161057982000.0,31369252000.0,145986176400.0,0.2821309168759116
京進,4735,サービス業,スタンダード（内国株式）,JP,2025-05-31,京都府,2520923392.0,0.6453974,3.757159,28.178694,5.23505472671118,0.31190002,0.01113497,11.64,87.3,64.86831955130287,26455650000.0,508403000.0,0.03664,93057000.0,-0.00104,-0.00714,0.17702488383566647,18128723000.0,9678062000.0,7235936000.0,9865817000.0,5569811000.0,206738000.0,-10748070400.0,-4.263545030407651
日本ラッド,4736,情報・通信業,スタンダード（内国株式）,JP,2025-03-31,東京都,3007120128.0,0.8676571,,8.311423,17.647463582017647,0.1461,0.008880994,68.46,,63.00517151142013,4356055000.0,318259000.0,0.05469,417166000.0,0.04132,0.09718,0.6861336879577657,1550165000.0,879844000.0,3467279000.0,2126000.0,2184676000.0,483427000.0,2255512900.0,0.7500574649474063
アイティフォー,4743,情報・通信業,プライム（内国株式）,JP,2025-03-31,東京都,45641969664.0,2.3207603,15.87477,16.21215,12.217179563130724,0.5174,0.031755198,106.34,108.6,101.52000136598376,20552254000.0,3532876000.0,0.16577,2914336000.0,0.0,0.15331,0.7950997462725562,4907868000.0,4512250000.0,18460447000.0,,5037547000.0,2997342000.0,15650718400.0,0.34290190618886607
東計電算,4746,情報・通信業,スタンダード（内国株式）,JP,2025-12-31,神奈川県,80595214336.0,1.595503,,15.205967,,0.5861,0.038359202,294.95,,,20835656000.0,6270934000.0,0.30706,5374173000.0,0.25792998,0.11833,0.7988509204354557,12719318000.0,5326734000.0,7610753000.0,,2807199000.0,48428090000.0,28791098000.0,0.35723086336082477
ダイサン,4750,サービス業,スタンダード（内国株式）,JP,2025-04-30,大阪府,3693794816.0,0.65060043,,10.24911,54.951564565814586,0.39130002,0.019064125,56.2,,9.449950240439568,10837533000.0,370803000.0,0.03812,335244000.0,0.02943,0.05784,0.5461371873599746,4625930000.0,4038169000.0,6456775000.0,2469148000.0,2219739000.0,3203000.0,1833087100.0,0.49626121409338186
サイバーエージェント,4751,サービス業,プライム（内国株式）,JP,2025-09-30,東京都,667480489984.0,3.5812957,25.697561,22.31447,35.43954403812815,0.2883,0.012932674,59.02,51.25,28.991872444210024,874030000000.0,71702000000.0,0.10068,31667000000.0,0.043270003,0.20145,0.3297999504632405,281483000000.0,177791000000.0,390215000000.0,93371000000.0,229849000000.0,46298000000.0,141140600000.0,0.21145277220519695
昭和システムエンジニアリング,4752,情報・通信業,スタンダード（内国株式）,JP,2025-03-31,東京都,6657183744.0,1.1514697,,8.770446,8.391306922023052,0.3103,0.0,177.3,,151.1799997436475,8317480000.0,948822000.0,0.10582,714133000.0,0.09076,0.14076,0.6157431935377953,3334116000.0,1266023000.0,6762192000.0,10000000.0,5779935000.0,447466000.0,3741302200.0,0.5619947328886585
トスネット,4754,サービス業,スタンダード（内国株式）,JP,2025-09-30,宮城県,6963417600.0,0.83667326,,9.236824,,0.22770001,0.02455209,162.61,,,11907000000.0,859908000.0,0.06465,757668000.0,0.04409,0.06293,0.7519128532311821,2796739000.0,2069473000.0,7832023000.0,922045000.0,6104081000.0,324570000.0,5262483000.0,0.7557327884514639
楽天グループ,4755,サービス業,プライム（内国株式）,JP,2025-12-31,東京都,1717962407936.0,1.7311162,-104.034164,,-11.359608839084402,0.0,0.0,-82.25,-7.61,-75.61000000800124,2496575000000.0,14382000000.0,0.07194,-177886000000.0,-0.07125,-0.09503999,0.03445313910374804,27450168000000.0,597269000000.0,15384258000000.0,5569622000000.0,5837566000000.0,10411928000000.0,-4777560400000.0,-2.7809458332326797
ギミック,475A,サービス業,スタンダード（内国株式）,JP,2025-03-31,東京都,5423667200.0,2.2537515,,25.893528,,0.0,0.0,40.01,,,3552165000.0,272624000.0,0.11505,192325000.0,0.054050002,0.31169,0.4369836643053696,918055000.0,767402000.0,1231391000.0,224483000.0,444849000.0,,313336000.0,0.05777198128970745
アルファ,4760,サービス業,スタンダード（内国株式）,JP,2025-08-31,,1354807424.0,0.91602916,,9.587482,9.842210064144274,0.3415,0.036188178,175.75,,165.75152506327225,6365005000.0,234700000.0,0.05105,127678000.0,0.02155,0.10018,0.3359526987860602,3010570000.0,1954564000.0,2365706000.0,1544870000.0,909331000.0,19986000.0,-630873800.0,-0.4656557004517861
さくらケーシーエス,4761,情報・通信業,スタンダード（内国株式）,JP,2025-03-31,兵庫県,14760559616.0,0.72323763,,14.6836,13.50363642062279,0.4124,0.028072838,89.76,,79.9163441067411,22537000000.0,1377000000.0,0.03822,1145000000.0,0.041869998,0.048800003,0.7772734387228049,5692000000.0,4739000000.0,14244000000.0,923000000.0,3703000000.0,6344000000.0,12992800000.0,0.8802376290609062
エックスネット,4762,情報・通信業,スタンダード（内国株式）,JP,2025-03-31,東京都,6269885952.0,2.0456395,,12.594459,12.682463746636824,0.37759998,0.0,119.1,,89.73499264426596,5300592000.0,860664000.0,0.1741,581342000.0,0.09224,0.17469999,0.43733235942140053,3759160000.0,3126098000.0,2220796000.0,2500000000.0,1456027000.0,2697866000.0,350142200.0,0.05584506682905609
クリーク・アンド・リバー社,4763,サービス業,プライム（内国株式）,JP,2025-02-28,東京都,28650088448.0,1.4984418,8.9990015,7.0344186,15.007103672203055,0.26,0.036576446,192.34,150.35,119.52999802274931,50275801000.0,3614590000.0,0.0723,2251469000.0,0.06638,0.23499,0.5863785703159384,11065959000.0,10284075000.0,20798934000.0,4167366000.0,12807120000.0,1257173000.0,10612996100.0,0.3704350204454908
ＳＢＩグローバルアセットマネジメント,4765,サービス業,プライム（内国株式）,JP,2025-03-31,東京都,82920554496.0,2.7097826,,30.21619,38.44758469942817,1.1187,0.037145242,19.89,,17.719999944251416,11568990000.0,2269275000.0,0.16625999,1646935000.0,0.112399995,0.08831,0.8348127971401159,2848285000.0,2743751000.0,7187711000.0,175866000.0,4008192000.0,7702904000.0,9731458800.0,0.11735882446938335
ピーエイ,4766,サービス業,スタンダード（内国株式）,JP,2025-12-31,東京都,2408632064.0,4.623132,,25.140293,37.58063329928498,0.583,0.0,8.91,,6.828962053571429,2021104000.0,127491000.0,0.018070001,95876000.0,0.04701,0.1927,0.3724181098926254,877088000.0,766588000.0,1098495000.0,580472000.0,803665000.0,,221407000.0,0.0919223003418425
テー・オー・ダブリュー,4767,サービス業,スタンダード（内国株式）,JP,2025-06-30,東京都,15552970752.0,1.4620223,,12.784767,9.5957755266318,0.5661,0.044164456,29.41,,34.6200000812572,17782855000.0,2152925000.0,0.14616999,1132201000.0,0.06316,0.118310004,0.6956639794907181,4327510000.0,3880050000.0,12255082000.0,613189000.0,8128004000.0,1092362000.0,8692225400.0,0.5588787851917129
大塚商会,4768,情報・通信業,プライム（内国株式）,JP,2025-12-31,東京都,1186141306880.0,3.008045,20.569473,18.508875,27.125918708070696,0.53220004,0.028864658,169.0,152.07,129.20000015074663,1322791000000.0,89947000000.0,0.07384,64303000000.0,0.04861,0.16829,0.540759736697751,329614000000.0,322810000000.0,605514000000.0,7182000000.0,252058000000.0,25124000000.0,293486800000.0,0.24742987896777766
ＩＣ,4769,情報・通信業,スタンダード（内国株式）,JP,2025-09-30,東京都,7761786880.0,1.2052143,,15.975517,17.739564877929332,0.6125,0.038314175,65.35,,51.65353059852051,10136104000.0,516370000.0,0.10295,485609000.0,0.03862,0.06445,0.7390827821665705,2269435000.0,1986857000.0,5752078000.0,,3743303000.0,2292253000.0,5087220100.0,0.6554186785401662
辻・本郷ＩＴコンサルティング,476A,情報・通信業,スタンダード（内国株式）,JP,2025-09-30,東京都,3394507008.0,2.0340037,,20.313047,,0.0,0.0,85.61,,,2124225000.0,320471000.0,0.07295,169485000.0,0.064569995,,0.6037280190377107,662753000.0,538481000.0,1275639000.0,195082000.0,940339000.0,,612886000.0,0.18055228595951686
エフアンドエム,4771,サービス業,スタンダード（内国株式）,JP,2025-03-31,大阪府,32232863744.0,2.2435353,30.9078,15.612237,17.934247548845985,0.294,0.009199632,139.57,70.5,110.27999992598741,17066373000.0,2716894000.0,0.27457002,1814337000.0,0.11862001,0.17351,0.7635358471774121,4092181000.0,3932506000.0,7269183000.0,,5834981000.0,1392183000.0,4151530100.0,0.1287980532220873
ＳＭ　ＥＮＴＥＲＴＡＩＮＭＥＮＴ　ＪＡＰＡＮ,4772,情報・通信業,グロース（内国株式）,JP,2025-12-31,東京都,10430541824.0,1.3966913,,27.777779,16.451346495271313,0.6173,0.02173913,3.24,,6.7999999827335795,10195588000.0,173866000.0,-0.01867,375841000.0,0.03678,0.0479,0.514029659888305,6610899000.0,6103163000.0,12670302000.0,,3704305000.0,1573183000.0,7160631100.0,0.6865061490404892
サイボウズ,4776,情報・通信業,プライム（内国株式）,JP,2025-12-31,東京都,100349689856.0,5.634768,34.77564,14.169116,38.100614062383805,0.2611,0.01875293,153.15,62.4,74.98999975129898,37430000000.0,10103000000.0,0.21284,7081000000.0,0.18917999,0.47748002,0.5908095554080955,12328000000.0,12109000000.0,19416000000.0,35000000.0,11694000000.0,2695000000.0,8974500000.0,0.08943226444325085
ガーラ,4777,情報・通信業,スタンダード（内国株式）,JP,2025-12-31,東京都,5633005056.0,12.658228,,,-7.328797777484087,0.0,0.0,-18.99,,-33.70266276944443,2589328000.0,-221731000.0,-0.05352,-532297000.0,-0.20548001,-0.58277,0.12235825032614872,2619639000.0,2013416000.0,1243270000.0,1457788000.0,744181000.0,218000000.0,-1223769000.0,-0.2172497606222635
スタートライン,477A,サービス業,グロース（内国株式）,JP,2025-03-31,東京都,2429028096.0,2.4380636,,15.969582,,0.0,0.0,36.82,,,4470909000.0,263071000.0,0.02884,144079000.0,0.011089999,,0.13004449064596585,4904061000.0,2044904000.0,2052156000.0,3305230000.0,1216455000.0,,-2851905000.0,-1.1740930476252507
ＮＣＤ,4783,情報・通信業,スタンダード（内国株式）,JP,2025-03-31,東京都,21443999744.0,2.6605556,,13.065277,9.954827264495936,0.48139998,0.03611318,201.45,,170.40380601596073,30106683000.0,2809608000.0,0.0937,1905576000.0,0.0547,0.21575001,0.4837094830790083,8241769000.0,5741420000.0,12586277000.0,1585624000.0,7567225000.0,235728000.0,4509517600.0,0.2102927464015549
ＧＭＯインターネット,4784,サービス業,プライム（内国株式）,JP,2025-12-31,東京都,196635131904.0,14.155693,40.508472,35.337605,-4753.370113608032,0.6515,0.017959183,20.29,17.7,-0.248093817669527,78548000000.0,8225000000.0,0.1283,5563000000.0,0.07082,0.57405,0.26958158671013815,37461000000.0,30685000000.0,35686000000.0,8869000000.0,13888000000.0,1016000000.0,-1063800000.0,-0.005410020018799906
フツパー,478A,情報・通信業,グロース（内国株式）,JP,2025-12-31,大阪府,8762460160.0,3.7379313,,27.459663,,0.0,0.0,31.61,,,1256503000.0,396535000.0,0.37945,304479000.0,0.24204001,0.25514,0.879069133556994,284835000.0,227217000.0,2305656000.0,58000000.0,1895006000.0,,2020821000.0,0.23062256068505765
山田コンサルティンググループ,4792,サービス業,プライム（内国株式）,JP,2025-03-31,東京都,31362260992.0,1.6984082,12.615385,13.112657,10.83927805151371,0.616,0.046666667,125.07,130.0,150.11999646833138,22761078000.0,4132677000.0,0.089899994,2882297000.0,0.095790006,0.11981,0.7686295340266738,4890501000.0,4774347000.0,20148493000.0,1600000000.0,9147114000.0,562609000.0,15651818300.0,0.4990653672575623
ＰＲＯＮＩ,479A,情報・通信業,グロース（内国株式）,JP,2025-12-31,東京都,6733835776.0,3.8997784,,13.206733,,0.0,0.0,115.85,,,3233597000.0,369720000.0,0.042069998,533582000.0,0.16486,0.46488997,0.48647552053117704,1722547000.0,935375000.0,2868125000.0,1052890000.0,2457719000.0,,1145578000.0,0.1701226519486774
オリコン,4800,情報・通信業,スタンダード（内国株式）,JP,2025-03-31,東京都,10461645824.0,1.7546504,8.754028,10.670333,9.804104580763985,0.4711,0.04411765,76.38,93.1,79.9900021689259,4916037000.0,1402221000.0,0.21333,992077000.0,0.15977,0.17413999,0.8178049921446608,1260350000.0,1161611000.0,5040147000.0,185320000.0,3951789000.0,923133000.0,4425990100.0,0.42306824131307924
セントラルスポーツ,4801,サービス業,プライム（内国株式）,JP,2025-03-31,,26590255104.0,1.010153,,25.675968,23.240229657494694,0.4871,0.01888376,92.46,,103.56559375985157,46595000000.0,1947000000.0,0.06489,1359000000.0,0.02347,0.04377,0.6278764610113479,15314000000.0,8239000000.0,8774000000.0,4949000000.0,5379000000.0,168000000.0,-6422400000.0,-0.2415320941781364
パラカ,4809,不動産業,プライム（内国株式）,JP,2025-09-30,東京都,20966506496.0,1.0100734,,10.254501,,0.3323,0.03224254,201.57,,,17630000000.0,3273000000.0,0.18719,2044000000.0,0.11446,0.1021,0.42295711974110034,28529000000.0,4976000000.0,4732000000.0,26078000000.0,3671000000.0,30000000.0,-23776000000.0,-1.1339991240093334
リブ・コンサルティング,480A,サービス業,グロース（内国株式）,JP,2025-12-31,東京都,7684510208.0,2.2237442,,13.501518,,0.0,0.0,85.62,,,6109227000.0,839165000.0,0.15979,510979000.0,0.08347999,0.20476,0.760168739284192,1040998000.0,975547000.0,3327299000.0,0.0,2392198000.0,-2924000.0,2284254200.0,0.29725436471175026
ドリーム・アーツ,4811,情報・通信業,グロース（内国株式）,JP,2025-12-31,東京都,9848011776.0,3.275044,,13.139386,18.437826190325598,0.3196,0.024937656,62.56,,45.60000099248564,5654084000.0,974658000.0,0.11096,757535000.0,0.13389,0.28987,0.5489935402691197,2395740000.0,2211195000.0,4526736000.0,0.0,4142722000.0,4530000.0,2134167000.0,0.21671044354364508
電通総研,4812,情報・通信業,プライム（内国株式）,JP,2025-12-31,東京都,436026277888.0,4.353384,7.864536,26.617418,24.778087052743174,0.46130002,0.054471176,83.93,284.06,77.44000008524189,164865000000.0,22889000000.0,0.15126,16365000000.0,0.099259995,0.17105,0.6068098512617006,64898000000.0,60949000000.0,136923000000.0,2219000000.0,8363000000.0,3650000000.0,74580000000.0,0.17104473693935715
ＡＣＣＥＳＳ,4813,情報・通信業,プライム（内国株式）,JP,2025-01-31,東京都,20007960576.0,2.9492822,34.675327,,-13.23755769143741,0.0,0.0,-202.23,15.4,-59.45205440041735,15930903000.0,-2259548000.0,-0.12588,-5383524000.0,-0.17684,-0.40368,0.4668982900204629,11477256000.0,9984590000.0,17248067000.0,1032004000.0,10809048000.0,675971000.0,6243990700.0,0.3120753200348569
ネクストウェア,4814,情報・通信業,スタンダード（内国株式）,JP,2025-03-31,大阪府,2528594176.0,2.3609529,,,-13.747053923053619,0.0,0.0,-5.91,,-12.7300002589302,3009759000.0,-75504000.0,-0.055710003,-105947000.0,-0.041279998,-0.105220005,0.790739743073175,323558000.0,313543000.0,1017014000.0,1950000.0,453298000.0,140211000.0,791603700.0,0.3130607938250665
東映アニメーション,4816,情報・通信業,スタンダード（内国株式）,JP,2025-03-31,東京都,554914021376.0,3.3979607,24.568068,22.768044,32.08447595365583,0.3438,0.014882033,119.29,110.55,91.93000013983925,100836000000.0,32433000000.0,0.30103,23623000000.0,0.25856,0.16006,0.8021625301078646,37783000000.0,34035000000.0,127940000000.0,,82474000000.0,20703000000.0,104649100000.0,0.1885861520321751
デジタルガレージ,4819,情報・通信業,プライム（内国株式）,JP,2025-03-31,東京都,104090984448.0,1.3363832,19.970062,33.43653,25.286122487386265,0.6348,0.019018134,67.83,113.57,125.30999980273279,38307000000.0,3716000000.0,0.0051700003,-7190000000.0,0.05321,0.01901,0.33319637366132965,148649000000.0,97558000000.0,144446000000.0,61632000000.0,56354000000.0,12896000000.0,4824200000.0,0.04634599264847948
イーエムシステムズ,4820,情報・通信業,プライム（内国株式）,JP,2025-12-31,大阪府,47070285824.0,3.1077332,19.48424,19.241652,21.584846309485542,1.1042,0.014684288,35.34,34.9,34.430000061619054,23658000000.0,3687000000.0,0.05544,2452000000.0,0.09601,0.07309,0.7412200974332873,7077000000.0,5769000000.0,12948000000.0,584000000.0,7847000000.0,1043000000.0,6601100000.0,0.14023921640676035
ウェザーニューズ,4825,情報・通信業,プライム（内国株式）,JP,2025-05-31,千葉県,92514131968.0,4.056902,7.188956,25.567694,20.117362841090117,0.4905,0.021541407,81.47,289.75,55.06999937968285,23505624000.0,4517300000.0,0.24584,3115362000.0,0.15332,0.17187001,0.8360004582696454,4212179000.0,3570268000.0,22372531000.0,,16979356000.0,190368000.0,18293609600.0,0.19773854232699967
ＣＩＪ,4826,情報・通信業,プライム（内国株式）,JP,2025-06-30,神奈川県,29881384960.0,1.969556,,16.677216,,0.5065,0.03047619,31.6,,,26899791000.0,2170384000.0,0.10727999,1495762000.0,0.06431,0.12077,0.7772429860205504,4160398000.0,3998890000.0,13633681000.0,647486000.0,8830862000.0,2363978000.0,11128067600.0,0.37240802643171733
ビジネスエンジニアリング,4828,情報・通信業,プライム（内国株式）,JP,2025-03-31,東京都,80168148992.0,5.3506923,5.3453093,24.06542,16.057264684503412,0.35950002,0.020874904,55.64,250.5,43.81999968993189,20776900000.0,4676353000.0,0.28047,3330791000.0,0.18806,0.33067,0.7253882278418448,5067009000.0,5030364000.0,14336426000.0,100000000.0,9347420000.0,1044062000.0,10000260400.0,0.12474106644270817
日本エンタープライズ,4829,情報・通信業,スタンダード（内国株式）,JP,2025-05-31,東京都,4354443776.0,0.9290471,,132.94118,23.870686503238378,3.5294,0.026548672,0.85,,5.430000027504707,4442255000.0,67815000.0,0.011419999,21693000.0,0.00621,0.00904,0.8473872957416397,694661000.0,608485000.0,4711295000.0,0.0,3861128000.0,279940000.0,4212592000.0,0.9674236749176022
ＪＦＥシステムズ,4832,情報・通信業,スタンダード（内国株式）,JP,2025-03-31,東京都,63227772928.0,1.8282764,,11.612345,11.417058103643203,0.35209998,0.03157633,173.35,,158.18499895717005,63971753000.0,7589259000.0,0.13116999,5442363000.0,0.081099994,0.14954,0.6219793422567214,18920734000.0,12521638000.0,40271064000.0,3529216000.0,24053157000.0,1864859000.0,22655731300.0,0.3583192994287335
Ｄｅｆ　ｃｏｎｓｕｌｔｉｎｇ,4833,サービス業,グロース（内国株式）,JP,2025-03-31,東京都,5227344896.0,1.5875815,,,-7.431192696329869,0.0,0.0,-16.33,,-10.899999947519115,619677000.0,-427215000.0,-0.18594,-427937000.0,-0.08248,-0.59914,0.7184007108778737,121057000.0,101968000.0,313312000.0,,183018000.0,0.0,192255000.0,0.03677870961740344
スペースシャワーＳＫＩＹＡＫＩホールディングス,4838,情報・通信業,スタンダード（内国株式）,JP,2025-03-31,東京都,12152065024.0,1.400068,,15.973413,14.017000557627956,0.21450001,0.013315579,46.64,,33.40999962674522,20637129000.0,877460000.0,0.07224,287555000.0,0.04652,0.13176,0.5024684312604301,7877830000.0,7077994000.0,10306307000.0,67481000.0,6489456000.0,43758000.0,2459107600.0,0.20236129375075998
ＷＯＷＯＷ,4839,情報・通信業,プライム（内国株式）,JP,2025-03-31,東京都,35705327616.0,0.5005303,88.7324,15.724448,27.615759130764467,0.3744,0.023510972,80.13,14.2,38.78107666709887,76757000000.0,2036000000.0,0.11963,637000000.0,0.04072,0.04532,0.6769420591249664,32467000000.0,30372000000.0,69510000000.0,,28751000000.0,3076000000.0,39196200000.0,1.0977689498201297
テラテクノロジー,483A,情報・通信業,スタンダード（内国株式）,JP,2025-03-31,東京都,3431150080.0,1.2913626,,9.154164,,0.0,0.032857142,229.95,,,4387144000.0,516807000.0,0.14072,374658000.0,0.08525,0.16350001,0.7308911580191827,903224000.0,861396000.0,2993790000.0,4412000.0,2203955000.0,16500000.0,2102116000.0,0.6126563837160979
トライアイズ,4840,サービス業,スタンダード（内国株式）,JP,2025-12-31,東京都,7883849728.0,1.8075739,,,11.827956382006551,0.0,0.0,-54.23,,24.18000124138787,1424424000.0,-204944000.0,-3.71429,-423105000.0,-0.29705,-0.088240005,0.8779109709642431,606708000.0,591198000.0,4728558000.0,464000000.0,3293279000.0,36657000.0,4147509900.0,0.5260767319384401
スカラ,4845,情報・通信業,プライム（内国株式）,JP,2024-06-30,東京都,6130990080.0,1.3080858,5.983051,9.408316,-54.16455242813699,0.45310003,0.048295453,37.52,59.0,-12.576371666400172,8193338000.0,-1448468000.0,0.06063,-2887886000.0,0.08708999,0.16586,0.34161477282695085,8130463000.0,5512441000.0,9106102000.0,6186115000.0,6817385000.0,1441270000.0,1984528000.0,0.3236880135353277
インテリジェント　ウェイブ,4847,情報・通信業,プライム（内国株式）,JP,2025-06-30,東京都,25581824000.0,2.6370056,14.017218,19.02629,18.896377277063124,0.72010005,0.037755102,51.35,69.7,54.190000280337095,15596131000.0,1848368000.0,0.14538,1349786000.0,0.08199,0.14299,0.506959619552176,9215223000.0,8417575000.0,10460943000.0,8829000.0,6431303000.0,1260056000.0,2127759200.0,0.08317464774990244
フルキャストホールディングス,4848,サービス業,プライム（内国株式）,JP,2025-12-31,東京都,58685284352.0,1.9035484,11.000654,12.355836,9.215092877335982,0.4626,0.037433155,136.13,152.9,155.0299995608471,77227000000.0,7914000000.0,0.07664,4784000000.0,0.061950002,0.15867,0.533598478298461,25176000000.0,21703000000.0,34806000000.0,12220000000.0,21089000000.0,2777000000.0,11573900000.0,0.19721979926992653
エン,4849,サービス業,プライム（内国株式）,JP,2025-03-31,東京都,41754034176.0,1.3155969,5.573192,10.924536,24.2581234270858,0.69269997,0.06349637,101.24,198.45,102.761837026045,65678000000.0,5894000000.0,0.04664,7628000000.0,0.06028,0.108380005,0.6603385901443574,19327000000.0,16540000000.0,37089000000.0,551000000.0,27481000000.0,4661000000.0,21024700000.0,0.5035369734904535
パワーエックス,485A,電気機器,グロース（内国株式）,JP,2025-12-31,岡山県,269262536704.0,38.831127,,,,0.0,0.0,-51.26,,,19306000000.0,-677000000.0,-0.03502,-1646000000.0,-0.085260004,-0.39586,0.2533541698429639,19589000000.0,16833000000.0,20197000000.0,7427000000.0,7454000000.0,,608000000.0,0.0022580192827506996
セルソース,4880,医薬品,スタンダード（内国株式）,JP,2025-10-31,東京都,7573754368.0,1.2727267,21.163435,694.5454,96.77575235824823,9.2593,0.012690355,0.55,18.05,11.959999897459864,3711455000.0,166708000.0,0.06934,10659000.0,0.02377,,0.8566131200180411,1007145000.0,442839000.0,5487599000.0,56719000.0,4711820000.0,110722000.0,4557959400.0,0.6018097734008794
ファンペップ,4881,医薬品,グロース（内国株式）,JP,2025-12-31,,3109668352.0,2.1071894,-2.3384616,,-4.22195018625744,0.0,0.0,-50.2,-32.5,-31.97574439400744,314000.0,-1648668000.0,0.0,-1911527000.0,0.0,-0.95312,0.7391400704744404,516727000.0,516727000.0,1934954000.0,,1768476000.0,29970000.0,1439206000.0,0.46281655697282537
ペルセウスプロテオミクス,4882,医薬品,グロース（内国株式）,JP,2025-03-31,東京都,3333375744.0,3.768111,-3.3681073,,-3.4688051627039456,0.0,0.0,-53.23,-67.1,-93.69220372892359,120375000.0,-826430000.0,-4.04561,-904800000.0,0.0,-0.59966,0.7875400599394008,386430000.0,124866000.0,1775974000.0,,1667921000.0,,1389544000.0,0.41685789623361463
モダリス,4883,医薬品,グロース（内国株式）,JP,2025-12-31,東京都,4680397824.0,1.6763418,2.556818,,-3.5700612977978503,0.0,0.0,-27.86,21.12,-28.570938001237536,0.0,-2211800000.0,0.0,-2152710000.0,0.0,-0.67907995,0.9423314108671069,170944000.0,134802000.0,2892272000.0,,2812367000.0,,2721328000.0,0.5814309172706769
クリングルファーマ,4884,医薬品,グロース（内国株式）,JP,2025-09-30,大阪府,3681842688.0,2.9724565,,,-7.2921526386966535,0.0,0.0,-133.92,,-118.20926449423138,72215000.0,-909452000.0,-10.76505,-916255000.0,0.0,-0.58035,0.6296418662830876,770109000.0,109347000.0,2055494000.0,,1619088000.0,,1285385000.0,0.3491145898735367
室町ケミカル,4885,医薬品,スタンダード（内国株式）,JP,2025-05-31,福岡県,4262553344.0,,,11.815241,8.292809065210939,0.39040002,0.0028382214,89.63,,81.86000918764235,6653027000.0,432192000.0,0.05682,241277000.0,0.00587,,0.4657127053395014,2812795000.0,1455333000.0,3608522000.0,1647258000.0,1058068000.0,301431000.0,1006728700.0,0.23617973049347954
あすか製薬ホールディングス,4886,医薬品,プライム（内国株式）,JP,2025-03-31,東京都,83001868288.0,1.2075459,17.145706,17.395702,7.9076232311449655,0.3391,0.019709544,168.03,170.48,266.5100032913721,64139000000.0,5332000000.0,0.11756,5101000000.0,0.07143,0.07191,0.6496210237332644,31340000000.0,22879000000.0,58047000000.0,10902000000.0,10603000000.0,12327000000.0,35335900000.0,0.42572415210452186
サワイグループホールディングス,4887,医薬品,プライム（内国株式）,JP,2025-03-31,大阪府,243559202816.0,1.3621875,12.321084,21.800703,18.028055110252623,0.5579,0.024839006,96.74,171.17,103.92999967329781,189024000000.0,20808000000.0,0.13227001,22938000000.0,0.041020002,-0.00671,0.49025020937728236,180769000000.0,102815000000.0,200823000000.0,91339000000.0,38785000000.0,4134000000.0,22947800000.0,0.0942185708225372
ステラファーマ,4888,医薬品,グロース（内国株式）,JP,2025-03-31,大阪府,19530344448.0,7.2461944,,,-11.639836005022593,0.0,0.0,-5.07,,-24.65670477454832,961058000.0,-90247000.0,-3.5082002,-140811000.0,-0.28822002,-0.09843001,0.5921034560163512,2209618000.0,390444000.0,5243479000.0,766780000.0,3206471000.0,,3033861000.0,0.15534088546557517
レナサイエンス,4889,医薬品,グロース（内国株式）,JP,2025-03-31,宮城県,16728597504.0,6.9518547,,492.88388,-18.35393616815375,0.0,0.0,2.67,,-20.3226161725025,132693000.0,-178828000.0,-2.23333,113427000.0,-2.42056,-0.12404,0.9191978890241439,151210000.0,151210000.0,1871252000.0,0.0,1799816000.0,,1720042000.0,0.10282045458913804
坪田ラボ,4890,医薬品,グロース（内国株式）,JP,2025-03-31,東京都,7970438656.0,7.209015,,,-13.799439278858973,0.0,0.0,-6.8,,-25.07348255302512,1357133000.0,235468000.0,-4.4085298,205766000.0,-0.5628,-0.31094998,0.6341170609674395,915850000.0,846636000.0,2445308000.0,90380000.0,1538853000.0,,1529458000.0,0.1918913206676087
ティムス,4891,医薬品,グロース（内国株式）,JP,2025-02-28,東京都,6686406144.0,2.3257654,-4.59375,,-12.298202241573268,0.0,0.0,-15.65,-32.0,-26.020063234792232,0.0,-907791000.0,0.0,-660548000.0,0.0,,0.9285086514422038,216781000.0,216781000.0,3029096000.0,,2922950000.0,,2812315000.0,0.42060188080612054
サイフューズ,4892,医薬品,グロース（内国株式）,JP,2025-12-31,東京都,7497740800.0,2.6236372,,,-4.171895358835547,0.0,0.0,-86.78,,-108.34404056724988,230999000.0,-828179000.0,-0.82249,-763843000.0,0.0,-0.28803,0.6464156571010116,1508400000.0,866063000.0,3934464000.0,1312000000.0,3726535000.0,,2426064000.0,0.3235726687164219
ノイルイミューン・バイオテック,4893,医薬品,グロース（内国株式）,JP,2025-12-31,東京都,6495245824.0,1.65231,-5.172414,,-7.631854363345101,0.0,0.0,-18.33,-29.0,-22.27505818461238,5000000.0,-797254000.0,-159.4,-793536000.0,0.0,-0.18325001,0.9801477173950707,79639000.0,74405000.0,3983440000.0,,3918321000.0,,3903801000.0,0.6010243654790424
クオリプス,4894,医薬品,グロース（内国株式）,JP,2025-03-31,東京都,57628426240.0,11.50267,,,-42.739889889478206,0.0,0.0,-81.2,,-85.86826052875462,175205000.0,-590262000.0,-18.33333,-644342000.0,-2.14888,-0.14713,0.9626061266101541,211913000.0,177315000.0,5125116000.0,,4594824000.0,,4913203000.0,0.08525658812091134
ケイファーマ,4896,医薬品,グロース（内国株式）,JP,2025-12-31,東京都,9054005248.0,7.1469855,,,-8.513691336219882,0.0,0.0,-85.63,,-72.94133360908606,0.0,-916056000.0,0.0,-993227000.0,0.0,-0.56372,0.43053429141064636,1673785000.0,101769000.0,2890790000.0,1500000000.0,2791835000.0,,1217005000.0,0.13441620218508626
富士フイルムホールディングス,4901,化学,プライム（内国株式）,JP,2025-03-31,東京都,3696743677952.0,0.99364257,13.216979,13.65174,16.083424592901963,0.3116,0.02094747,224.66,232.05,202.23859602760672,3195828000000.0,330155000000.0,0.10493,260951000000.0,0.08271,0.07675,0.6378168912674279,1897226000000.0,1125940000000.0,1581681000000.0,802285000000.0,172111000000.0,72298000000.0,-264936400000.0,-0.0716675060757188
コニカミノルタ,4902,電気機器,プライム（内国株式）,JP,2025-03-31,東京都,294613221376.0,0.5669607,12.379568,,53.1267533996898,0.0,0.008238589,-134.67,48.16,9.120000003873125,1127882000000.0,-64014000000.0,0.04099,-47484000000.0,-0.01174,-0.07164,0.38036991198555237,743563000000.0,422053000000.0,687805000000.0,438169000000.0,89904000000.0,20900000000.0,-41128000000.0,-0.1395999806387182
資生堂,4911,化学,プライム（内国株式）,JP,2025-12-31,東京都,1245354655744.0,2.0729792,25.141151,,-101.28707943779531,12.0482,0.0127551025,-101.92,123.98,-27.059999995595525,969992000000.0,-28788000000.0,0.020680001,-40680000000.0,-0.041939996,-0.062329996,0.4740604897510842,645987000000.0,344989000000.0,471514000000.0,323159000000.0,91839000000.0,96401000000.0,-106992300000.0,-0.08591311680292442
ライオン,4912,化学,プライム（内国株式）,JP,2025-12-31,東京都,446792728576.0,1.3844336,23.402405,16.206724,22.632101167130397,0.30110002,0.018484289,99.65,69.01,76.40999988846887,422092000000.0,36369000000.0,0.03892,27587000000.0,0.065359995,0.0935,0.610534321107235,180178000000.0,136196000000.0,253964000000.0,28250000000.0,88092000000.0,29153000000.0,94193100000.0,0.21082057512486493
高砂香料工業,4914,化学,プライム（内国株式）,JP,2025-03-31,,115045449728.0,0.78901374,5.042735,8.319233,22.929033583886646,0.3948,0.04662781,141.84,234.0,27.722000124841475,229207000000.0,15342000000.0,0.021860002,13325000000.0,0.04282,0.06982,0.5500202155820181,115782000000.0,80375000000.0,155016000000.0,60707000000.0,35590000000.0,23204000000.0,55476800000.0,0.4822163773635798
マンダム,4917,化学,プライム（内国株式）,JP,2025-03-31,大阪府,139245682688.0,1.9671633,111.25135,72.46887,22.344512893347062,0.4682,0.006482982,42.57,27.73,57.839999573038064,76183000000.0,1033000000.0,0.029040001,1859000000.0,0.02762,0.02977,0.7168280474295327,20821000000.0,15013000000.0,60610000000.0,95000000.0,29119000000.0,6872000000.0,44599400000.0,0.32029287471649215
アイビー化粧品,4918,化学,スタンダード（内国株式）,JP,2025-03-31,東京都,2068860544.0,0.7851476,,4.690772,13.27738438123384,0.0,0.44247788,71.63,,32.15952114288259,2929931000.0,422626000.0,0.27006,43013000.0,-0.01565,-0.04227,0.6919731474839153,1098790000.0,884795000.0,2472064000.0,211344000.0,577937000.0,,1373274000.0,0.6637827783910795
ミルボン,4919,化学,プライム（内国株式）,JP,2025-12-31,東京都,84345790464.0,1.7193428,17.917906,24.96003,21.946973402439422,0.8282,0.032774676,106.33,148.12,154.11999947659805,52863291000.0,5652804000.0,0.14515,3437911000.0,0.065019995,0.07023,0.8487414857928834,8743010000.0,7685245000.0,29101056000.0,,11816180000.0,642800000.0,20808006000.0,0.24669880838784902
日本色材工業研究所,4920,化学,スタンダード（内国株式）,JP,2025-02-28,東京都,2373421312.0,0.5593734,,7.204593,,0.1852,0.025706941,161.98,,,,,0.032560002,,0.020130001,0.08327,0.2252339603815364,13085332000.0,6245206000.0,6734766000.0,9732511000.0,949024000.0,259060000.0,-6169224000.0,-2.5992957798130703
コーセーホールディングス,4922,化学,プライム（内国株式）,JP,2025-12-31,東京都,319733432320.0,1.1240463,17.176615,21.114382,53.171320460669364,0.5286,0.024717513,265.08,325.85,131.61999963616097,330193000000.0,18469000000.0,0.0545,15114000000.0,0.04577,0.054050002,0.7223004468120797,88671000000.0,63212000000.0,228947000000.0,10655000000.0,92462000000.0,19852000000.0,154172400000.0,0.48219042619759284
コタ,4923,化学,プライム（内国株式）,JP,2025-03-31,京都府,33012148224.0,2.768797,20.499367,25.194574,30.158767462393477,0.42310002,0.0,44.97,55.27,45.50638568428192,9376747000.0,1831954000.0,0.40039003,1304523000.0,0.14706999,0.122379996,0.7533212084493132,3670073000.0,2287609000.0,8898184000.0,,5167478000.0,191837000.0,5362396900.0,0.16243707812088126
ハーバー研究所,4925,化学,スタンダード（内国株式）,JP,2025-03-31,東京都,6466330624.0,0.7110545,,8.289703,-3.5466617591480056,0.19389999,0.023269342,206.28,,-560.2599704297784,12061829000.0,589511000.0,0.0792,576566000.0,0.05538,0.07631,0.7231748315422291,3417224000.0,2658545000.0,9035495000.0,1816930000.0,4743538000.0,,5618271000.0,0.8688499439152712
シーボン,4926,化学,スタンダード（内国株式）,JP,2025-03-31,東京都,5117427200.0,0.9269412,,16.835478,-230.21394290154646,0.2737,0.016260162,73.06,,-6.15999960722638,8838895000.0,171019000.0,0.00087,136272000.0,0.02572,0.04226,0.6691436528392846,2819886000.0,2490913000.0,4613892000.0,0.0,2653637000.0,317142000.0,2016005400.0,0.3939490140670687
ポーラ・オルビスホールディングス,4927,化学,プライム（内国株式）,JP,2025-12-31,東京都,287425953792.0,1.762613,24.293997,30.385965,32.752154769135934,1.2161,0.039892595,42.75,53.47,41.930000063892905,170285000000.0,15699000000.0,0.082550004,9472000000.0,0.05562,0.05775,0.8239618808929492,34814000000.0,26305000000.0,105151000000.0,1597000000.0,59711000000.0,14640000000.0,80585000000.0,0.28036786148517584
ノエビアホールディングス,4928,化学,プライム（内国株式）,JP,2025-09-30,兵庫県,151653564416.0,3.1948583,17.946646,18.867924,21.40876822461936,0.97830003,0.0518018,235.32,247.4,233.33999977222268,64724000000.0,11078000000.0,0.14561,8030000000.0,0.13217,0.17894,0.702910108246614,22284000000.0,9847000000.0,48884000000.0,742000000.0,26930000000.0,2866000000.0,28606200000.0,0.18862860302795456
アジュバンホールディングス,4929,化学,スタンダード（内国株式）,JP,2025-03-31,兵庫県,6016296960.0,1.4260223,,42.0817,,0.67190003,0.0,17.87,,,,,-0.13295001,,0.03724,0.03382,0.7896647861007433,1113099000.0,658518000.0,3532459000.0,30509000.0,2224895000.0,201882000.0,2560677400.0,0.42562350512698094
新日本製薬,4931,化学,プライム（内国株式）,JP,2025-09-30,福岡県,43137245184.0,1.9101644,15.038703,16.95197,13.563642338156516,0.432,0.025365854,120.34,135.65,129.2899994578609,41140000000.0,4782000000.0,0.1427,2554000000.0,0.06242,0.11866,0.8072988566776397,5444000000.0,4860000000.0,24020000000.0,76000000.0,18118000000.0,1494000000.0,19621800000.0,0.4548691024729114
アルマード,4932,化学,スタンダード（内国株式）,JP,2025-03-31,東京都,6745809408.0,4.784281,6.9827585,23.761408,19.15345744747168,2.1186,0.0,30.68,104.4,72.88999716177426,8477456000.0,946455000.0,0.29378998,650413000.0,0.045289997,0.31445998,0.3968557801460497,2847854000.0,2789595000.0,4429546000.0,2105485000.0,1570538000.0,,1581692000.0,0.234470306576441
Ｉ－ｎｅ,4933,化学,プライム（内国株式）,JP,2024-12-31,大阪府,18781175808.0,1.0676379,6.471829,7.325058,10.978175526421524,0.0887,0.011659193,146.62,165.95,218.43000094630904,45006000000.0,4584000000.0,0.04309,2938000000.0,0.05133,0.15461999,0.47103037895396177,18579000000.0,17728000000.0,21712000000.0,10020000000.0,8394000000.0,,3133000000.0,0.16681596679721578
プレミアアンチエイジング,4934,化学,グロース（内国株式）,JP,2024-07-31,東京都,5380473856.0,0.7636214,59.902912,18.401432,-5.256924360080917,0.0,0.0,33.53,10.3,-170.06141590864343,,,0.19432,,0.05573,1.30256,0.5564442828576622,4880000000.0,3759000000.0,8882000000.0,2442000000.0,4760000000.0,10000000.0,4009000000.0,0.7451016596854922
リベルタ,4935,化学,スタンダード（内国株式）,JP,2025-12-31,東京都,9790325760.0,6.153555,10.779436,213.8158,-1314.9383270355338,1.3072,0.0057803467,1.52,30.15,-0.7093937889347434,10031969000.0,133220000.0,0.06966,46331000.0,0.00459,0.0291,0.20396023705952762,6216819000.0,5179704000.0,6132813000.0,4119692000.0,1200581000.0,,-84006000.0,-0.008580511216819816
アクシージア,4936,化学,スタンダード（内国株式）,JP,2024-07-31,東京都,8141862400.0,1.0721438,8.221709,,27.595781326293945,1.0135,0.02793296,-1.5,43.3,32.0,,,-0.02441,,0.02026,0.03718,0.8094262302856291,2006453000.0,1684804000.0,8631804000.0,949010000.0,4928836000.0,,6625351000.0,0.8137390039900453
Ｗａｑｏｏ,4937,化学,グロース（内国株式）,JP,2025-09-30,東京都,4561825280.0,2.2095847,,108.45896,-295.7201471990807,0.0,0.0,11.94,,-5.025021169760257,1960902000.0,150941000.0,-0.08354,44090000.0,0.03112,0.02931,0.6538111206552711,1107515000.0,691728000.0,1781888000.0,731027000.0,1302301000.0,,674373000.0,0.14782964243645913
エステー,4951,化学,プライム（内国株式）,JP,2025-03-31,東京都,30804406272.0,0.9156998,16.830103,14.306484,25.35514398452064,0.4268,0.029810298,103.17,87.7,57.19416386083053,48114000000.0,1659000000.0,0.01837,2834000000.0,0.05129,0.06059,0.7103592696813036,12609000000.0,10928000000.0,24776000000.0,695000000.0,10061000000.0,5948000000.0,16330600000.0,0.5301384436954357
コニシ,4956,化学,プライム（内国株式）,JP,2025-03-31,大阪府,85266735104.0,1.002538,11.670226,11.228012,13.284506467100321,0.2917,0.02591241,121.66,117.05,108.86935381057563,135876000000.0,10649000000.0,0.08199,8084000000.0,0.06077,0.09491,0.6304924671603278,50130000000.0,43266000000.0,85765000000.0,216000000.0,21118000000.0,9838000000.0,42521600000.0,0.4986892009895339
長谷川香料,4958,化学,プライム（内国株式）,JP,2025-09-30,東京都,115685081088.0,0.9104412,14.895833,16.952166,18.174309025034976,0.4388,0.025703369,168.71,192.0,174.26999904334215,73495000000.0,8520000000.0,0.088240005,6921000000.0,0.08952,0.052589998,0.8380643012959477,23829000000.0,14611000000.0,74997000000.0,,34854000000.0,10743000000.0,58688100000.0,0.5073091486650452
ケミプロ化成,4960,化学,スタンダード（内国株式）,JP,2025-03-31,兵庫県,12004230144.0,3.4137356,,127.56849,62.15387969145904,0.6024,0.0,5.84,,7.824010914051842,9710828000.0,402285000.0,0.093830004,128077000.0,0.0452,0.12567,0.35925371476553547,8520523000.0,6007312000.0,8047786000.0,5547631000.0,2149036000.0,254891000.0,-294313300.0,-0.024517465632488293
上村工業,4966,化学,スタンダード（内国株式）,JP,2025-03-31,大阪府,375850795008.0,3.3362398,29.623505,26.41578,14.62302651911029,0.31780002,0.012163336,881.67,786.2,673.4099797547683,83845427000.0,18829148000.0,0.24676001,14078236000.0,0.16777,0.13623999,0.812618871401139,24469938000.0,18450869000.0,86652984000.0,1230928000.0,52152610000.0,16971092000.0,74062810400.0,0.19705375479762807
小林製薬,4967,化学,プライム（内国株式）,JP,2025-12-31,大阪府,432874651648.0,2.0515578,24.662233,118.66721,45.12139881852952,2.1143,0.017802123,49.07,236.11,135.42000034894158,165742000000.0,14928000000.0,0.062340003,3656000000.0,0.022060001,0.017239999,0.766352254938637,64321000000.0,60137000000.0,148820000000.0,678000000.0,62314000000.0,31840000000.0,106787000000.0,0.24669266170576284
荒川化学工業,4968,化学,プライム（内国株式）,JP,2025-03-31,大阪府,24520667136.0,0.41385794,7.211202,14.112811,-20.34475240365173,0.5719,0.039277297,87.58,171.4,-52.52312365803293,80236000000.0,1057000000.0,0.04289,2644000000.0,0.02098,0.0044,0.47813110705904477,65060000000.0,37608000000.0,62264000000.0,39484000000.0,9431000000.0,10105000000.0,4277500000.0,0.17444468277618724
東洋合成工業,4970,化学,スタンダード（内国株式）,JP,2025-03-31,東京都,106035486720.0,18.077726,36.154034,43.089825,31.64357638279783,0.1291,0.0,310.05,369.53,301.9800108390154,38665000000.0,4103000000.0,-0.00457,3279000000.0,-0.045029998,-0.10824,0.3769433985181586,41037000000.0,21132000000.0,24069000000.0,29162000000.0,3597000000.0,472000000.0,-16637600000.0,-0.15690596152902725
メック,4971,化学,プライム（内国株式）,JP,2025-12-31,兵庫県,157224255488.0,11.315711,44.411205,31.598648,28.015715362491314,0.35279998,0.0011520737,272.48,193.87,122.28999701481163,20947752000.0,5748014000.0,0.15425,5028609000.0,0.1445,0.12784,0.8365732264642086,5952798000.0,4629395000.0,20069346000.0,,10345999000.0,2213895000.0,15666274500.0,0.09964286013868716
綜研化学,4972,化学,スタンダード（内国株式）,JP,2025-03-31,東京都,55179112448.0,1.3912292,5.5077024,15.037764,9.445653387299732,0.28280002,0.01874063,221.11,603.7,158.84499609185312,47633842000.0,6347466000.0,0.13243,4378529000.0,0.07913,0.09838,0.7022679839553954,16111735000.0,13295612000.0,33435181000.0,4135439000.0,8413644000.0,76578000.0,17377050600.0,0.3149208066073169
日本高純度化学,4973,化学,プライム（内国株式）,JP,2025-03-31,東京都,28404316160.0,1.7054716,16.925198,20.711182,29.559915949982283,0.53099996,0.025352113,237.07,290.1,94.61999936834398,12611218000.0,502649000.0,0.035099998,1579736000.0,0.11354999,0.10918,0.8573522152785438,2261913000.0,784875000.0,9544044000.0,,7585250000.0,5974602000.0,11464352400.0,0.4036130401950856
タカラバイオ,4974,化学,プライム（内国株式）,JP,2025-03-31,滋賀県,137514483712.0,1.360909,32.18715,,77.63430695438456,1.9653,0.014886165,-52.99,35.48,12.300000025763513,45039000000.0,2266000000.0,-0.26391,1041000000.0,-0.16308,-0.06803,0.9215216940335423,9488000000.0,7131000000.0,57679000000.0,1101000000.0,29549000000.0,,48191000000.0,0.3504430856965409
ＪＣＵ,4975,化学,プライム（内国株式）,JP,2025-03-31,東京都,152301928448.0,2.9888382,21.818182,18.218803,16.97659383593369,0.236,0.0127591705,339.21,283.25,216.94999933900527,28356968000.0,10513766000.0,0.4282,7497987000.0,0.29474002,0.17875999,0.871843896294458,7028239000.0,6347931000.0,40223270000.0,457966000.0,26046792000.0,1402110000.0,34176508000.0,0.2243997062169097
東洋ドライルーブ,4976,化学,スタンダード（内国株式）,JP,2025-06-30,東京都,5552994304.0,0.53016937,,8.788583,7.055205679531711,0.2306,0.05003574,159.07,,155.41103079253563,,,0.11599,,0.11915,0.061869998,,,,,,,,,
新田ゼラチン,4977,化学,スタンダード（内国株式）,JP,2025-03-31,大阪府,21988913152.0,0.93753994,10.211148,4.824614,-6.669742711706213,0.091800004,0.01866883,250.59,118.4,-101.97999957223524,38745000000.0,3931000000.0,0.1144,3159000000.0,0.121379994,0.21492,0.5119639719892114,15041000000.0,8837000000.0,24845000000.0,7738000000.0,5007000000.0,3073000000.0,11955100000.0,0.54368762645791
リプロセル,4978,化学,グロース（内国株式）,JP,2025-03-31,神奈川県,16948727808.0,1.92863,223.75,,-418.9189169186694,0.0,0.0,-2.89,0.8,-0.37000000176667197,2978627000.0,-130410000.0,-0.20629999,103245000.0,-0.12862,-0.03665,0.929084233857646,685809000.0,640585000.0,4896441000.0,,2823367000.0,4403537000.0,7293107900.0,0.4303041492328154
ＯＡＴアグリオ,4979,化学,スタンダード（内国株式）,JP,2025-12-31,東京都,25015351296.0,1.3298963,,10.761086,9.61166122151871,0.2604,0.02374357,230.46,,201.79328847375584,31950000000.0,3450000000.0,0.04913,2327000000.0,0.07283,0.13266,0.5041546049104749,17354000000.0,14561000000.0,22203000000.0,9174000000.0,5280000000.0,733000000.0,5362100000.0,0.21435237652878414
デクセリアルズ,4980,化学,プライム（内国株式）,JP,2025-03-31,栃木県,411817803776.0,4.039294,16.069677,17.171894,16.02324616527495,0.4259,0.024882725,143.17,152.99,129.2926061604837,110390000000.0,39735000000.0,0.35349,27737000000.0,0.23206,0.2581,0.6317637217512729,55906000000.0,39270000000.0,63559000000.0,21078000000.0,34979000000.0,761000000.0,8185700000.0,0.019876993964186275
アース製薬,4985,化学,プライム（内国株式）,JP,2025-12-31,東京都,101809332224.0,1.358944,32.29831,19.420713,34.52428547813905,0.5,0.025504783,239.95,144.28,158.26000164499317,179182000000.0,8092000000.0,-0.1424,5238000000.0,0.02923,0.07171,0.5015195940608641,68092000000.0,62954000000.0,84339000000.0,7719000000.0,23327000000.0,6630000000.0,20888000000.0,0.20516783229696867
昭和化学工業,4990,化学,スタンダード（内国株式）,JP,2025-03-31,東京都,5698068480.0,0.6377954,,10.014976,7.933363705027913,0.11229999,0.0055762082,53.42,,55.1057991513437,9237406000.0,346088000.0,0.06913,411843000.0,0.07048,0.077410005,0.5946172290938272,5535627000.0,3666489000.0,6789683000.0,2884005000.0,3172426000.0,3706238000.0,3848422600.0,0.6753907246829016
北興化学工業,4992,化学,スタンダード（内国株式）,JP,2025-11-30,東京都,45450575872.0,0.8112842,11.64465,10.371198,8.65374497447597,0.2354,0.022284122,169.99,151.4,148.14725511722844,49125000000.0,4913000000.0,0.14074,4452000000.0,0.09538999,0.09056,0.6816881443298969,24701000000.0,17148000000.0,45324000000.0,1000000000.0,7224000000.0,18334000000.0,33456800000.0,0.7361138854262832
大成ラミックグループ,4994,化学,スタンダード（内国株式）,JP,2025-03-31,埼玉県,14827908096.0,0.5875547,10.692545,10.999183,16.359299774817647,0.3177,0.028618151,220.38,226.7,170.33108707638348,30849520000.0,2372950000.0,0.052259997,1690889000.0,0.04462,0.056939997,0.7351494891491944,9063488000.0,8633309000.0,17843923000.0,180607000.0,5851933000.0,943751000.0,9441060700.0,0.6367088761864417
クミアイ化学工業,4996,化学,プライム（内国株式）,JP,2025-10-31,東京都,90196877312.0,0.61090446,7.384403,20.610897,6.616843412033654,0.65970004,0.03183024,36.34,101.43,112.90999976321302,170462000000.0,10567000000.0,0.10684,4381000000.0,0.02486,0.02638,0.5821155899357386,97099000000.0,74017000000.0,154176000000.0,51106000000.0,21982000000.0,38640000000.0,84125000000.0,0.9326819564828528
日本農薬,4997,化学,プライム（内国株式）,JP,2025-03-31,東京都,77934215168.0,1.3884025,27.038044,15.24437,12.391228852478987,0.3679,0.0074925073,65.27,36.8,60.8912681819453,99966000000.0,8576000000.0,0.05108,2356000000.0,0.03691,0.0328,0.5077455720817785,72795000000.0,51870000000.0,116639000000.0,33508000000.0,23332000000.0,11883000000.0,52162100000.0,0.6693093641548328
フマキラー,4998,化学,スタンダード（内国株式）,JP,2025-03-31,東京都,18506242048.0,0.73245645,11.218781,9.041868,13.30943309467284,0.17709999,0.019555556,124.2,100.1,83.55224081102831,73854000000.0,2653000000.0,-0.03836,1462000000.0,0.024349999,0.07649,0.3887178697860551,37248000000.0,33238000000.0,44502000000.0,16754000000.0,10048000000.0,5177000000.0,10877900000.0,0.5877962674315931
ＴＯブックス,500A,情報・通信業,スタンダード（内国株式）,JP,2025-04-30,東京都,13162292224.0,2.203736,,16.96858,,0.0,0.0,222.47,,,9426601000.0,1149464000.0,0.16288,775418000.0,0.08222,0.19834,0.6918099418242261,1898648000.0,1838645000.0,5012130000.0,220970000.0,2374103000.0,5000000.0,3116982000.0,0.2368114874639027
日本精蝋,5010,石油・石炭製品,スタンダード（内国株式）,JP,2025-12-31,東京都,4799068160.0,0.7525596,,8.681672,2.9134596204954955,0.0,0.0,27.99,,89.92745193957462,19776000000.0,1173000000.0,0.044889998,697000000.0,0.03524,0.11568,0.23373290809780417,20903000000.0,13860000000.0,12513000000.0,15998000000.0,2828000000.0,313000000.0,-8170900000.0,-1.702601365011661
ニチレキグループ,5011,石油・石炭製品,プライム（内国株式）,JP,2025-03-31,東京都,58561269760.0,0.75594145,11.633692,12.089526,15.335833775330896,0.4698,0.03811339,170.23,176.9,152.7176337722933,75745000000.0,6268000000.0,0.11557,4848000000.0,0.06141,0.059699997,0.6880695571693008,35051000000.0,16160000000.0,56076000000.0,19968000000.0,31621000000.0,9252000000.0,27501400000.0,0.4696175494948831
ユシロ,5013,石油・石炭製品,スタンダード（内国株式）,JP,2025-03-31,東京都,42850340864.0,0.93045723,,9.278584,9.199824229780939,0.27629998,0.029518072,354.58,,221.177162172092,55512000000.0,5068000000.0,0.11396,4315000000.0,0.096140005,0.1148,0.6850198725632453,18435000000.0,13478000000.0,31694000000.0,5954000000.0,12380000000.0,6270000000.0,17648000000.0,0.4118520330097694
ビーピー・カストロール,5015,石油・石炭製品,スタンダード（内国株式）,JP,2025-12-31,東京都,22911799296.0,3.2269852,,21.785635,20.35615439223802,1.0051999,0.016032064,45.81,,40.61963483735206,14689719000.0,1561651000.0,0.19073,1050738000.0,0.12377,0.25218,0.7758917139846746,2910365000.0,2684452000.0,11415247000.0,,195615000.0,77835000.0,8559366500.0,0.37357897515688854
ＪＸ金属,5016,非鉄金属,プライム（内国株式）,JP,2025-03-31,東京都,4441555599360.0,6.691688,,43.63967,,0.2183,0.0049792533,109.9,,,714940000000.0,51525000000.0,0.25125998,68271000000.0,0.12542,,0.47957602560245427,571248000000.0,277925000000.0,494235000000.0,321253000000.0,58316000000.0,41435000000.0,-48008500000.0,-0.01080893820329925
ＭＯＲＥＳＣＯ,5018,石油・石炭製品,スタンダード（内国株式）,JP,2025-02-28,兵庫県,15454370816.0,0.6582463,8.147073,10.127496,,0.3309,0.032051284,166.28,206.7,,,,0.07485,,0.043730002,0.06687,0.5662584536647779,13287000000.0,10362000000.0,21260000000.0,5117000000.0,5508000000.0,654000000.0,8430800000.0,0.54552851749044
出光興産,5019,石油・石炭製品,プライム（内国株式）,JP,2025-03-31,東京都,1702244384768.0,0.9673953,10.563113,40.524784,6.015092589793271,1.0496,0.025504783,34.3,131.59,161.31999995722003,9190225000000.0,162186000000.0,0.0050700004,104055000000.0,0.0,,0.3602420729100052,3037889000000.0,2097407000000.0,2649858000000.0,1196374000000.0,165762000000.0,305764000000.0,-173996200000.0,-0.10221575794694958
ＥＮＥＯＳホールディングス,5020,石油・石炭製品,プライム（内国株式）,JP,2025-03-31,,3538588532736.0,1.1101612,13.225093,75.77765,7.162644418531783,1.7241,0.02263297,17.36,99.47,95.43999998582251,12322494000000.0,96468000000.0,0.02645,226071000000.0,0.01544,0.020539999,0.35277358110819457,5318814000000.0,2597566000000.0,4207538000000.0,2676027000000.0,846563000000.0,344803000000.0,-869913900000.0,-0.245836409617083
コスモエネルギーホールディングス,5021,石油・石炭製品,プライム（内国株式）,JP,2025-03-31,東京都,652098207744.0,1.1370846,3.7657328,11.305213,7.405163485156706,0.45610002,0.039313797,361.78,1086.11,469.05499953383156,2799947000000.0,128250000000.0,0.04091,57671000000.0,0.01781,0.06826,0.27115860345311266,1449129000000.0,945465000000.0,1079108000000.0,619906000000.0,126926000000.0,98538000000.0,-301044400000.0,-0.4616550029197192
マーキュリー,5025,情報・通信業,グロース（内国株式）,JP,2025-02-28,東京都,1873918080.0,1.6407082,,11.340872,29.916892930963208,0.0,0.0,61.9,,18.050002760852013,1763285000.0,170149000.0,0.00748,126540000.0,0.10119,0.16208,0.7488073780847301,298241000.0,291545000.0,939252000.0,2283000.0,683053000.0,11200000.0,648851000.0,0.34625366334050206
トリプルアイズ,5026,情報・通信業,グロース（内国株式）,JP,2025-08-31,東京都,5250950656.0,3.844028,,,133.5929821196528,0.0,0.0,-30.58,,10.270000551160432,5714030000.0,-61846000.0,0.00648,-343999000.0,-0.059710003,-0.20206,0.34373085049448937,3179689000.0,1819067000.0,3056397000.0,1620720000.0,1914180000.0,335000.0,-123057500.0,-0.023435280211477196
ＡｎｙＭｉｎｄ　Ｇｒｏｕｐ,5027,情報・通信業,グロース（内国株式）,JP,2025-12-31,東京都,24813699072.0,1.4686939,,27.946127,26.94307426883124,0.1346,0.004889976,14.85,,37.367625387107,57300000000.0,1877000000.0,0.03235,927000000.0,0.016180001,0.05929,0.3740336264758656,28059000000.0,18103000000.0,32758000000.0,14319000000.0,8607000000.0,1272000000.0,5589400000.0,0.22525460568300068
セカンドサイトアナリティカ,5028,情報・通信業,グロース（内国株式）,JP,2025-12-31,東京都,3805446912.0,3.331834,,32.076984,27.439532046451085,0.0,0.0,12.47,,11.990000392246175,1436294000.0,171141000.0,0.131,121748000.0,0.084259994,0.13611001,0.7625485156616533,300634000.0,275748000.0,864787000.0,30000000.0,369533000.0,67440000.0,611361000.0,0.1606541923031825
サークレイス,5029,情報・通信業,グロース（内国株式）,JP,2025-03-31,東京都,2762173440.0,2.6895585,,14.66078,-31.12234425645592,0.0,0.0,43.04,,-15.808577784044692,3804013000.0,203634000.0,0.00542,115432000.0,0.027409999,0.12918,0.5446099367049714,893298000.0,833769000.0,1329427000.0,211462000.0,833354000.0,59470000.0,477758000.0,0.17296451883919353
モイ,5031,情報・通信業,グロース（内国株式）,JP,2025-01-31,東京都,3784785920.0,1.9182853,,,17.78257733700832,0.0,0.0,-1.07,,13.890000044366708,6592963000.0,232568000.0,0.0421,27830000.0,0.0150999995,0.052550003,0.45220237243980965,2267628000.0,2267629000.0,3767321000.0,0.0,2978629000.0,,1499693000.0,0.3962424907773912
ＡＮＹＣＯＬＯＲ,5032,情報・通信業,プライム（内国株式）,JP,2025-04-30,東京都,181332574208.0,6.395714,15.771637,12.713823,15.763968119095072,0.2836,0.0008143322,237.93,191.8,135.16458600473808,42876000000.0,16280000000.0,0.37193,11510000000.0,0.28077,0.67152,0.7537315993549051,7177000000.0,7175000000.0,25622000000.0,45000000.0,15818000000.0,,18445000000.0,0.10171917583237092
ヌーラボ,5033,情報・通信業,グロース（内国株式）,JP,2025-03-31,福岡県,4791233536.0,2.3489974,,10.949753,28.022910328467866,0.0,0.0,68.86,,47.140000253935966,4112318000.0,640363000.0,0.06481,552682000.0,0.08501001,0.19245,0.44959526603686323,2336134000.0,2329093000.0,3736847000.0,2250000.0,3131381000.0,,1400713000.0,0.292349139209231
ｕｎｅｒｒｙ,5034,情報・通信業,グロース（内国株式）,JP,2024-06-30,東京都,9083407360.0,4.3796544,35.03249,30.935986,170.73171857147042,0.0,0.0,78.42,69.25,17.629998837854938,,,0.056810003,,0.073130004,0.15904,0.7745400982588135,474192000.0,474191000.0,2072858000.0,0.0,1658798000.0,,1598666000.0,0.17599849226623257
ＨＯＵＳＥＩ,5035,情報・通信業,グロース（内国株式）,JP,2025-12-31,東京都,2694756096.0,0.88978434,,,22.25221385164351,0.17790002,0.0074812965,-28.51,,17.883116573445154,4779287000.0,36553000.0,0.04147,-195091000.0,-0.040799998,-0.06553,0.6398167076750266,1706981000.0,1158083000.0,3105275000.0,545276000.0,1419927000.0,28800000.0,1418454000.0,0.5263756531084586
日本ビジネスシステムズ,5036,情報・通信業,プライム（内国株式）,JP,2025-09-30,東京都,64746131456.0,2.4072957,13.732193,12.2459345,31.452531331946993,0.2965,0.024038462,118.08,105.3,31.740000007966447,172580000000.0,17879000000.0,0.04753,5629000000.0,0.0322,0.24629,0.36582647347147057,47225000000.0,32056000000.0,39316000000.0,23725000000.0,2939000000.0,1770000000.0,-6670000000.0,-0.10301773789423667
ｅＷｅＬＬ,5038,情報・通信業,グロース（内国株式）,JP,2025-12-31,大阪府,31649271808.0,9.399516,31.18441,29.180696,36.835156731550825,0.22469999,0.0074074073,71.28,66.7,53.01999973104975,3392422000.0,1537470000.0,0.37257,1088240000.0,0.32075,0.37620997,0.7879216516092161,908434000.0,805705000.0,3590159000.0,,2857496000.0,,2681725000.0,0.08473259720693287
イノバセル,504A,医薬品,グロース（内国株式）,JP,2025-12-31,東京都,28588957696.0,-36.245304,,,,0.0,0.0,-89.01,,,0.0,-2231685000.0,0.0,-2855124000.0,0.0,,-0.12375993139797442,5722816000.0,432146000.0,4496297000.0,5196177000.0,4101476000.0,,-1226519000.0,-0.042901843888194895
ギークリー,505A,サービス業,スタンダード（内国株式）,JP,2025-05-31,東京都,15049539584.0,,,30.530872,,0.0,0.0,43.89,,,7147966000.0,703853000.0,0.0,493657000.0,0.0,,0.6513967269891717,1356811000.0,1257231000.0,2546352000.0,,1825731000.0,,1189541000.0,0.07904168717989665
ヴィス,5071,サービス業,スタンダード（内国株式）,JP,2025-03-31,東京都,12444594176.0,1.6969888,22.095095,11.080477,8.86071105280268,0.365,0.033152908,134.2,67.3,118.53000572721936,16253198000.0,1915895000.0,0.13477999,1357636000.0,0.07673,0.17015,0.6424600403761762,3860345000.0,3675084000.0,7487246000.0,,6121871000.0,329796000.0,3857758200.0,0.3099946969295208
テスホールディングス,5074,建設業,プライム（内国株式）,JP,2025-06-30,大阪府,49151725568.0,1.0398732,25.959032,53.04414,25.706234840351037,0.39020002,0.007170868,13.14,26.85,16.80517963715958,36684000000.0,2548000000.0,0.15885,204000000.0,0.02023,0.02301,0.2813330512620486,108411000000.0,29996000000.0,41986000000.0,92774000000.0,22875000000.0,971000000.0,-65745300000.0,-1.3375990209955755
インフロニア・ホールディングス,5076,建設業,プライム（内国株式）,JP,2025-03-31,東京都,525770424320.0,0.91330516,22.14126,12.6373625,10.101568258241132,0.36450002,0.028632784,164.71,94.01,130.17000023787168,847548000000.0,45793000000.0,0.06445,32416000000.0,0.0625,0.113809995,0.357844765905353,907884000000.0,450897000000.0,600859000000.0,418682000000.0,119502000000.0,134375000000.0,-212962500000.0,-0.4050484586983624
インフロニア・ホールディングス第１回社債型種類株式,50765,建設業,プライム（内国株式）,JP,2025-03-31,東京都,,2.029762,,,,,0.012972973,,,,847548000000.0,45793000000.0,0.06445,32416000000.0,0.0625,0.113809995,0.357844765905353,907884000000.0,450897000000.0,600859000000.0,418682000000.0,119502000000.0,134375000000.0,-212962500000.0,
セレコーポレーション,5078,建設業,スタンダード（内国株式）,JP,2025-02-28,東京都,16533527552.0,0.78302294,,14.409307,9.752861843729546,0.3986,0.027663935,338.67,,322.5400428065094,23922327000.0,2018235000.0,0.08067001,1416270000.0,0.056810003,0.05523,0.8208997893118902,4454891000.0,4181670000.0,22036604000.0,,18561930000.0,29550000.0,17602398000.0,1.064648662823966
ノバック,5079,建設業,スタンダード（内国株式）,JP,2025-04-30,兵庫県,14690145280.0,0.80679613,,16.319286,51.07172670877506,0.6873,0.041914076,174.64,,55.79931436887824,27511917000.0,859970000.0,0.039839998,573392000.0,0.02083,0.03134,0.700788537944719,7766450000.0,7279491000.0,22956900000.0,433410000.0,7533764000.0,11718000.0,15198652600.0,1.0346155405755115
横浜ゴム,5101,ゴム製品,プライム（内国株式）,JP,2025-12-31,神奈川県,1032006795264.0,1.0011226,12.53808,9.78542,7.0909589346866495,0.20040001,0.01965674,668.75,521.93,466.570000110105,1234959000000.0,152901000000.0,0.18125,105398000000.0,0.08535,0.10985,0.5158484957665286,958129000000.0,447041000000.0,826168000000.0,535770000000.0,107391000000.0,44072000000.0,-101110600000.0,-0.09797474247651118
昭和ホールディングス,5103,ゴム製品,スタンダード（内国株式）,JP,2025-03-31,千葉県,3337285888.0,2.4794319,,,-6.134094112091687,0.0,0.0,-3.48,,-7.010000044707054,8619822000.0,25837000.0,-0.05479,-203709000.0,-0.046079997,-0.21805,0.26602758905203744,3418889000.0,2030375000.0,3052471000.0,882392000.0,640722000.0,2302207000.0,1245126900.0,0.37309566569563246
ＴＯＹＯ　ＴＩＲＥ,5105,ゴム製品,プライム（内国株式）,JP,2024-12-31,兵庫県,605666017280.0,1.1588168,10.107162,9.52208,4.855385609079786,0.3026,0.031102264,413.04,389.13,485.85807806922946,594923000000.0,97350000000.0,0.15837,63614000000.0,0.106929995,0.12784,0.6539009722333692,250114000000.0,150892000000.0,373782000000.0,102053000000.0,86636000000.0,6710000000.0,128365000000.0,0.21194023824628208
ブリヂストン,5108,ゴム製品,プライム（内国株式）,JP,2025-12-31,東京都,4321347371008.0,1.1811092,6.0621243,28.47298,12.392661740573622,0.96580005,0.033537474,118.99,558.88,207.88000006512365,4429452000000.0,381237000000.0,0.15727,327264000000.0,0.07388,0.08636,0.6370878463665063,2027817000000.0,1122654000000.0,2863182000000.0,827015000000.0,713810000000.0,107720000000.0,910769000000.0,0.2107604230361961
住友ゴム工業,5110,ゴム製品,プライム（内国株式）,JP,2025-12-31,兵庫県,542625333248.0,0.7577718,11.068518,10.775052,10.187315848562653,0.4018,0.036048688,191.6,186.52,168.4356798405564,676415000000.0,36711000000.0,0.118719995,64984000000.0,0.041739997,0.074650005,0.49048859809908957,723622000000.0,379947000000.0,679314000000.0,322051000000.0,98642000000.0,28096000000.0,-24640800000.0,-0.045410338386722975
藤倉コンポジット,5121,ゴム製品,プライム（内国株式）,JP,2025-03-31,東京都,47259160576.0,1.3283664,,12.116364,9.195112863581318,0.315,0.026,206.25,,140.47535758849165,41325231000.0,4807961000.0,0.091850005,3888092000.0,0.08925,0.10475001,0.7199517587761506,13394140000.0,7924239000.0,29973548000.0,4050135000.0,10877895000.0,1810453000.0,17846725100.0,0.37763525383189406
オカモト,5122,ゴム製品,プライム（内国株式）,JP,2025-03-31,東京都,97578786816.0,0.94407696,16.211458,17.52878,11.186356986850509,0.3687,0.020408163,325.75,352.22,420.33999520261665,109107000000.0,8704000000.0,0.051760003,6674000000.0,0.04891,0.05352,0.6456813609426965,51671000000.0,36945000000.0,89348000000.0,3338000000.0,41337000000.0,30979000000.0,59362300000.0,0.6083525112065276
ファインズ,5125,情報・通信業,グロース（内国株式）,JP,2024-06-30,東京都,2876297216.0,1.2130208,,10.971039,11.743913147583806,0.0,0.0,58.7,,50.91999510597817,,,0.10754,,0.1015,0.1242,0.7803208031623199,567079000.0,567078000.0,2147695000.0,,1763158000.0,,1580616000.0,0.5495315265778152
ポーターズ,5126,情報・通信業,グロース（内国株式）,JP,2025-12-31,東京都,2547083776.0,1.8483917,,20.450674,12.794123951492537,0.0,0.0,76.33,,159.370036411296,2137000000.0,359000000.0,0.19063999,129000000.0,0.06036,0.06143,0.7344,291000000.0,288000000.0,1341000000.0,,928000000.0,,1050000000.0,0.41223614625230137
ＦＩＸＥＲ,5129,情報・通信業,グロース（内国株式）,JP,2025-08-31,東京都,6073953280.0,2.4150605,9.192825,,102.73843117948718,0.0,0.0,-202.42,44.6,10.59000013441154,3982000000.0,-1721000000.0,-0.79301,-2114000000.0,-0.53191,-0.43793,0.8456179775280899,687000000.0,683000000.0,4050000000.0,9000000.0,2991000000.0,53000000.0,3400100000.0,0.5597836932983455
リンカーズ,5131,情報・通信業,グロース（内国株式）,JP,2024-07-31,東京都,2056755968.0,2.7459784,,,-13.74654904256167,0.0,0.0,-49.6,,-14.621851591819123,,,-0.49719003,,-0.4914,,0.8982324883817578,187821000.0,174472000.0,1458482000.0,23344000.0,1251215000.0,,1270661000.0,0.61779862062858
ｐｌｕｓｚｅｒｏ,5132,情報・通信業,グロース（内国株式）,JP,2025-10-31,東京都,18612480000.0,11.454328,60.63939,52.560406,118.93617732427776,0.0,0.0,45.11,39.1,18.79999887589777,1546369000.0,516655000.0,0.32481,366545000.0,0.23688,0.26029,0.8173657118268066,338692000.0,338692000.0,1532306000.0,,1193766000.0,873000.0,1194225100.0,0.06416259950312908
テリロジーホールディングス,5133,情報・通信業,スタンダード（内国株式）,JP,2025-03-31,東京都,5747694080.0,1.7707043,,16.398243,26.260363216308885,0.2441,0.014836796,20.49,,11.509999782281323,8653567000.0,273193000.0,0.07834,176001000.0,0.04757,0.15937,0.4006774444477266,4238188000.0,4002523000.0,5536108000.0,277567000.0,1704400000.0,427625000.0,1597257500.0,0.2778953572977913
ＰＯＰＥＲ,5134,情報・通信業,グロース（内国株式）,JP,2025-10-31,東京都,2149740544.0,2.370163,,15.977719,26.257788025483798,0.0,0.0,34.11,,20.869998625480303,1389448000.0,174427000.0,0.10602,138756000.0,0.08392999,0.13871,0.7046286625608114,367081000.0,296193000.0,998508000.0,128810000.0,848903000.0,,631427000.0,0.2937224223464243
ｔｒｉｐｌａ,5136,情報・通信業,グロース（内国株式）,JP,2025-10-31,東京都,8441065984.0,4.540288,15.28403,17.236794,34.18876730869339,0.0,0.0,82.73,93.3,35.06999796670419,2573543000.0,519841000.0,0.26495,501815000.0,0.19939,0.34175998,0.08386285753559118,18040068000.0,17193657000.0,18804254000.0,1016536000.0,18005508000.0,,764186000.0,0.0905319306173546
スマートドライブ,5137,情報・通信業,グロース（内国株式）,JP,2025-09-30,東京都,11324024832.0,9.289164,3.1458333,25.834047,48.57213395527018,0.0,0.0,11.69,96.0,6.769999930591483,2878647000.0,390202000.0,0.11934,453638000.0,0.16891001,0.4953,0.4788482607418991,1247717000.0,687176000.0,1518296000.0,577220000.0,858015000.0,283496000.0,469026200.0,0.04141868345913567
Ｒｅｂａｓｅ,5138,情報・通信業,グロース（内国株式）,JP,2025-03-31,東京都,2953829632.0,2.3169029,8.393855,10.891627,20.619282464387357,0.0,0.0,55.18,71.6,46.45999997563116,1926885000.0,487066000.0,0.04636,362919000.0,0.08846,0.14996,0.7034569540946627,581848000.0,577561000.0,1720024000.0,,1541583000.0,,1138176000.0,0.3853221552352549
オープンワーク,5139,情報・通信業,グロース（内国株式）,JP,2025-12-31,東京都,19056060416.0,2.7689803,,22.995993,21.55317915521892,0.0,0.0,39.92,,35.54000059497114,4653739000.0,1199337000.0,0.15127,837093000.0,0.17988001,0.12560001,0.8171048552803526,1537564000.0,1537561000.0,8183274000.0,,7633311000.0,,6645710000.0,0.3487452209387454
アキレス,5142,化学,プライム（内国株式）,JP,2025-03-31,東京都,20253919232.0,0.50565034,,87.433624,-2.641844609874581,1.1779,0.013449899,16.95,,-560.256585232701,79093000000.0,-435000000.0,0.05307,427000000.0,-0.00667,-0.01338,0.4947549808814651,40169000000.0,29161000000.0,45720000000.0,14650000000.0,7721000000.0,6162000000.0,9864400000.0,0.4870366020031732
西川ゴム工業,5161,ゴム製品,スタンダード（内国株式）,JP,2025-03-31,広島県,118191431680.0,1.4143896,,20.372454,7.276377304586946,1.1394,0.027560242,160.02,,130.70547019256304,120639000000.0,7329000000.0,0.08245,3957000000.0,0.05888,0.09423,0.6353612716763006,46681000000.0,29924000000.0,76120000000.0,18425000000.0,47808000000.0,22877000000.0,45452900000.0,0.38457017868319304
朝日ラバー,5162,ゴム製品,スタンダード（内国株式）,JP,2025-03-31,埼玉県,3356780800.0,0.69525194,12.635135,,17.58388388885321,0.6807,0.01321004,-13.32,59.2,29.383776159410363,7639596000.0,2282000.0,0.037920002,-236037000.0,-0.0034400001,-0.0055199997,0.524834409845432,4418571000.0,2840677000.0,5073948000.0,1918249000.0,1968019000.0,198256000.0,794156200.0,0.23658268064450322
ニチリン,5184,ゴム製品,スタンダード（内国株式）,JP,2025-12-31,兵庫県,53436727296.0,0.8853444,10.966694,9.679501,7.1031679395327645,0.42080003,0.043031786,418.41,369.3,461.8199988639722,73668000000.0,9068000000.0,0.11068,5514000000.0,0.07485,0.10398,0.6849798558701696,19998000000.0,13514000000.0,54133000000.0,2131000000.0,23619000000.0,3616000000.0,36666200000.0,0.6861610329707569
フコク,5185,ゴム製品,プライム（内国株式）,JP,2025-03-31,埼玉県,25458038784.0,0.64553684,6.8687644,12.346531,8.94698671298668,0.5517,0.044198897,144.98,260.6,189.29990069513406,89657000000.0,5009000000.0,0.04595,2931000000.0,0.02789,0.06606,0.5449988665272915,33466000000.0,24239000000.0,45597000000.0,13297000000.0,12422000000.0,1259000000.0,13012300000.0,0.5111273539334081
ニッタ,5186,ゴム製品,プライム（内国株式）,JP,2025-03-31,大阪府,120325193728.0,0.7673093,11.709694,10.429376,10.405699437807126,0.3314,0.031263858,426.2,379.6,353.83999496863004,90276000000.0,5156000000.0,0.07287,12131000000.0,0.13112001,0.07778,0.8524934558247328,25757000000.0,17997000000.0,84262000000.0,19000000.0,31515000000.0,60444000000.0,100815800000.0,0.8378611068592852
クリエートメディック,5187,精密機器,スタンダード（内国株式）,JP,2025-12-31,神奈川県,10238215168.0,0.62691903,,15.117,9.160393906032558,0.5573,0.036437247,80.77,,95.40966483211199,13617561000.0,1005083000.0,0.02554,713734000.0,0.052360002,0.04445,0.8108073263142844,3810961000.0,2023897000.0,14222697000.0,749700000.0,5830922000.0,669933000.0,10880689100.0,1.0627525326883225
櫻護謨,5189,ゴム製品,スタンダード（内国株式）,JP,2025-03-31,東京都,7177521664.0,0.76756734,,11.415384,6.0607120681430615,0.2,0.017520215,325.0,,379.1128537080032,12188471000.0,643732000.0,0.0885,425918000.0,0.0537,0.08127,0.5461007058095091,7530138000.0,5352195000.0,11990698000.0,3027394000.0,3143540000.0,559125000.0,4851947500.0,0.6759920383571552
三ツ星ベルト,5192,ゴム製品,プライム（内国株式）,JP,2025-03-31,兵庫県,109971439616.0,1.0961627,15.753698,16.207989,16.84823434535111,0.7653,0.04667503,243.09,250.1,250.39999830763168,90510000000.0,8928000000.0,0.08604,9060000000.0,0.0698,0.064380005,0.7473724455957741,32377000000.0,21768000000.0,77289000000.0,5303000000.0,31584000000.0,16189000000.0,56244300000.0,0.5114446095858591
相模ゴム工業,5194,ゴム製品,スタンダード（内国株式）,JP,2025-03-31,神奈川県,8066192896.0,0.7432088,16.117138,,249.32137764365265,0.2765,0.013071896,-11.4,46.1,3.7726602800294766,5687899000.0,-33968000.0,0.02446,392539000.0,0.0076,0.00035999998,0.5815631901074101,7518458000.0,6838381000.0,6250942000.0,5655553000.0,1932394000.0,969539000.0,-588838700.0,-0.07300082053480314
バンドー化学,5195,ゴム製品,プライム（内国株式）,JP,2025-03-31,兵庫県,83624050688.0,0.9433806,10.604651,27.696047,12.002217621193797,1.0532,0.037160553,74.09,193.5,142.55000131593488,115593000000.0,1851000000.0,0.09194,1496000000.0,0.03753,0.05009,0.6804951405632472,38193000000.0,31292000000.0,63396000000.0,7137000000.0,17715000000.0,10318000000.0,32425600000.0,0.38775447653186995
不二ラテックス,5199,ゴム製品,スタンダード（内国株式）,JP,2025-03-31,東京都,2498228736.0,0.6145705,,8.999178,7.618440726746866,0.35619998,0.039816234,219.02,,228.42006315078908,7198559000.0,208544000.0,0.066350006,298156000.0,0.043449998,0.07495,0.36794099720077866,6988227000.0,4812151000.0,6457945000.0,5305808000.0,2338923000.0,193788000.0,-394630400.0,-0.15796407843416946
ベーシック,519A,情報・通信業,グロース（内国株式）,JP,2025-12-31,東京都,3884762880.0,4.562189,,11.267123,,0.0,0.0,58.4,,,2275636000.0,270469000.0,0.14255999,344961000.0,0.15159,0.62808996,0.6202719311062027,441825000.0,291651000.0,912307000.0,177600000.0,586515000.0,48377000.0,504345900.0,0.1298266884181101
ＡＧＣ,5201,ガラス・土石製品,プライム（内国株式）,JP,2025-12-31,東京都,1208776916992.0,0.81392217,13.790095,17.462801,-9.964520584472998,0.6448,0.036401454,325.95,412.76,-443.7099993314767,2058832000000.0,125468000000.0,0.06663,69162000000.0,0.03359,0.0467,0.5034194022732288,1218356000000.0,696203000000.0,967772000000.0,646463000000.0,94671000000.0,70175000000.0,-201461500000.0,-0.16666557506849985
日本板硝子,5202,ガラス・土石製品,プライム（内国株式）,JP,2025-03-31,東京都,50038628352.0,0.3850976,8.630899,,5.408805028496191,0.0,0.0,-175.32,55.73,95.400000052038,840401000000.0,16491000000.0,0.029949998,-13831000000.0,-0.01044,-0.05298,0.10461976647036443,890520000000.0,409438000000.0,323171000000.0,522725000000.0,65311000000.0,23689000000.0,-550766700000.0,-11.006830485551996
石塚硝子,5204,ガラス・土石製品,スタンダード（内国株式）,JP,2025-03-31,愛知県,14148829184.0,0.3865988,,4.824712,2.4689007858558396,0.0928,0.019345239,700.56,,1129.0477332693692,55994000000.0,3849000000.0,0.082650006,3088000000.0,0.05396,0.089420006,0.3376918250893773,65088000000.0,27551000000.0,48008000000.0,29470000000.0,4905000000.0,6463000000.0,-12555900000.0,-0.8874161838209665
有沢製作所,5208,化学,プライム（内国株式）,JP,2025-03-31,新潟県,84832608256.0,1.7497531,29.164759,24.829533,20.2784445930062,0.95559996,0.03828125,102.66,87.4,49.45999966579696,49815616000.0,4893208000.0,0.11276,3969679000.0,0.07399,,0.6769090293860719,23177460000.0,18582660000.0,49527322000.0,10234350000.0,16861091000.0,1969043000.0,27728192100.0,0.3268577103785896
ジェイファーマ,520A,医薬品,グロース（内国株式）,JP,2025-03-31,東京都,11286142976.0,0.037321907,,,,0.0,0.0,-84.08,,,0.0,-1503199000.0,0.0,-1499008000.0,0.0,-0.90085,0.8323776332218885,478850000.0,451934000.0,2839086000.0,,2301862000.0,,2360236000.0,0.20912689171305426
日本山村硝子,5210,ガラス・土石製品,スタンダード（内国株式）,JP,2025-03-31,兵庫県,27884095488.0,0.49993268,,8.410409,1.2314623663890998,0.555,0.0659824,324.36,,1200.692035762036,73337000000.0,3114000000.0,0.07604,2772000000.0,0.05409,0.06137,0.5775357658692925,40477000000.0,19435000000.0,40409000000.0,24077000000.0,10791000000.0,2865000000.0,1937500000.0,0.0694840541208808
日本電気硝子,5214,ガラス・土石製品,プライム（内国株式）,JP,2025-12-31,滋賀県,584182923264.0,1.1981623,41.382587,20.527184,23.010337318532862,0.3923,0.018925056,382.03,189.5,141.66449442307507,311402000000.0,34131000000.0,0.11724,29616000000.0,0.09511,0.06111,0.7019687402429097,205233000000.0,117793000000.0,283783000000.0,97394000000.0,120706000000.0,42045000000.0,107981500000.0,0.18484193169611315
倉元製作所,5216,ガラス・土石製品,スタンダード（内国株式）,JP,2025-12-31,宮城県,8276086784.0,10.709854,,,,0.0,0.0,-64.21,,,2010798000.0,-1424513000.0,-4.5079403,-3080720000.0,-1.5323399,-1.37623,0.40475822902548275,1083443000.0,728858000.0,544759000.0,659848000.0,97124000.0,2275000.0,-537091500.0,-0.06489679410302326
オハラ,5218,ガラス・土石製品,スタンダード（内国株式）,JP,2025-10-31,神奈川県,30807291904.0,0.59799075,15.809988,18.179272,19.73679733463179,0.35189998,0.01908397,71.4,82.1,64.35999885743104,28895673000.0,1794267000.0,0.04585,1730799000.0,0.06038,0.03621,0.7764380568896823,14537598000.0,9977907000.0,40259830000.0,5599607000.0,14361720000.0,7259598000.0,30803950600.0,0.9998915417813934
住友大阪セメント,5232,ガラス・土石製品,プライム（内国株式）,JP,2025-03-31,東京都,125633568768.0,0.6591677,8.318295,9.558025,7.947949660556769,0.2893,0.02945508,414.73,476.54,447.850000293428,219465000000.0,9352000000.0,0.07537,9008000000.0,0.03944,0.04538,0.5413011395664379,159372000000.0,83742000000.0,104143000000.0,83333000000.0,16554000000.0,39372000000.0,-27668600000.0,-0.22023254032601708
太平洋セメント,5233,ガラス・土石製品,プライム（内国株式）,JP,2025-03-31,東京都,403455213568.0,0.6327525,6.1931005,7.8540735,8.923476722252309,0.19530001,0.024610337,460.78,584.36,371.09857570371923,896295000000.0,77749000000.0,0.112440005,57428000000.0,0.02575,0.03717,0.4507067876195393,747571000000.0,388354000000.0,405731000000.0,410834000000.0,74987000000.0,135374000000.0,-247078200000.0,-0.6124055203424863
ノザワ,5237,ガラス・土石製品,スタンダード（内国株式）,JP,2025-03-31,兵庫県,14108340224.0,0.6495466,,13.536626,11.701726958971276,0.45029998,0.033305578,88.87,,76.3186390025624,21954062000.0,1680093000.0,0.08967,1156714000.0,0.039809998,0.041339997,0.6833935232222698,9574133000.0,4897735000.0,14929249000.0,10832000.0,6754848000.0,3614424000.0,7885212800.0,0.5589043554950777
セイワホールディングス,523A,金属製品,グロース（内国株式）,JP,2025-05-31,愛知県,36067991552.0,18.666485,,46.542103,,0.0,0.0,41.21,,,7769000000.0,700000000.0,0.17758,327000000.0,0.042090002,0.97903997,0.07468511619655846,10432000000.0,3127000000.0,5006000000.0,7882000000.0,2903000000.0,162000000.0,-5312600000.0,-0.14729403472163705
ｍｏｎｏＡＩ　ｔｅｃｈｎｏｌｏｇｙ,5240,情報・通信業,グロース（内国株式）,JP,2025-12-31,兵庫県,2452960000.0,2.0040483,30.30303,,-7.019405351681173,0.0,0.0,-27.41,6.6,-51.57132005680505,980881000.0,-390793000.0,-1.1376799,-336159000.0,-0.34285998,-0.24138,0.8649528203570179,191137000.0,154235000.0,1347678000.0,23200000.0,1188903000.0,,1156541000.0,0.47148791663948864
アイズ,5242,情報・通信業,グロース（内国株式）,JP,2025-12-31,東京都,1061834432.0,1.7700992,,,59.5895584425198,0.0,0.0,-66.53,,25.34000988539878,965730000.0,-51579000.0,-0.05242,-68010000.0,-0.07047,-0.10759,0.5509097333437346,489331000.0,302855000.0,778629000.0,213000000.0,547447000.0,,289298000.0,0.27245113859709535
ｎｏｔｅ,5243,情報・通信業,グロース（内国株式）,JP,2025-11-30,東京都,50689581056.0,9.255896,140.32085,98.13014,76.37074338733967,0.0,0.0,26.74,18.7,6.442257573749911,4141280000.0,256142000.0,0.19326,440641000.0,0.16521999,0.19439,0.46843402455487615,3266609000.0,2654088000.0,5099676000.0,682500000.0,3045873000.0,768980000.0,2371353000.0,0.046781862280144235
ｊｉｇ．ｊｐ,5244,情報・通信業,グロース（内国株式）,JP,2025-03-31,東京都,11085005824.0,2.3100836,,9.372822,11.269317891643032,0.090299994,0.009736842,28.7,,27.420000276696364,13796280000.0,2012299000.0,0.12848,1077496000.0,0.08252,0.28293,0.606334528803043,2659189000.0,2379052000.0,5661360000.0,287240000.0,4368673000.0,,3002171000.0,0.2708317025418281
ＥＬＥＭＥＮＴＳ,5246,情報・通信業,グロース（内国株式）,JP,2025-11-30,東京都,18774824960.0,5.186247,152.20265,,-87.7636488658165,0.0,0.0,-28.14,4.54,-5.662936835726517,3895112000.0,-215316000.0,0.092180006,-700666000.0,-0.12279,-0.22384001,0.4796041521810774,3654750000.0,1845244000.0,4495523000.0,3006534000.0,3275338000.0,163546000.0,955255200.0,0.05087957954522523
ＢＴＭ,5247,情報・通信業,グロース（内国株式）,JP,2025-03-31,東京都,2073195776.0,2.961711,,40.662983,25.493074664361178,0.0,0.0,18.1,,37.51999366860085,5099797000.0,91865000.0,0.021189999,62459000.0,0.012159999,0.098179996,0.4173856525995827,920600000.0,725598000.0,1488783000.0,345000000.0,765044000.0,,568183000.0,0.27406143046280257
テクノロジーズ,5248,情報・通信業,グロース（内国株式）,JP,2025-01-31,東京都,7851709440.0,5.1251464,,17.689669,85.40528088312833,0.0,0.0,26.23,,8.898747151713152,13900280000.0,1738782000.0,0.26218998,265947000.0,0.02621,0.22719,0.06695675218764681,14552503000.0,8915146000.0,10345789000.0,7432565000.0,2358658000.0,30470000.0,-4185385000.0,-0.5330539842289427
ＧＭＯプライム・ストラテジー,5250,情報・通信業,スタンダード（内国株式）,JP,2025-11-30,東京都,3873701888.0,2.823398,,37.07563,24.68394464275148,0.7397,0.01981982,29.75,,41.60000306730152,887044000.0,143613000.0,0.15517001,107750000.0,0.1183,0.07803,0.8853706571589341,184158000.0,158272000.0,1431806000.0,62316000.0,1284625000.0,,1247648000.0,0.3220815736660012
日本ナレッジ,5252,情報・通信業,グロース（内国株式）,JP,2025-03-31,東京都,3229396992.0,6.9216466,,36.35514,10.034236127091592,0.3116,0.0,21.4,,48.97073732635167,4154113000.0,99369000.0,0.00253,82904000.0,0.00883,0.036229998,0.5363088593984138,984950000.0,691110000.0,1392537000.0,381829000.0,738487000.0,36357000.0,433036900.0,0.13409218534380798
カバー,5253,情報・通信業,グロース（内国株式）,JP,2025-03-31,東京都,94273421312.0,4.5163054,11.60029,17.697807,35.60771621223108,0.0,0.0,81.14,123.79,67.68195931566586,43401000000.0,8002000000.0,0.19795999,5559000000.0,0.11599,0.31845,0.5125529340592861,16115000000.0,15128000000.0,22872000000.0,,11498000000.0,,6757000000.0,0.07167449643773463
Ａｒｅｎｔ,5254,情報・通信業,グロース（内国株式）,JP,2024-06-30,東京都,29212983296.0,4.421261,20.324427,21.948582,52.61509379149815,0.0,0.0,194.09,209.6,95.79000314952195,,,0.01952,,0.2969,0.2417,0.8145073305165716,935187000.0,824082000.0,4428903000.0,394711000.0,3852997000.0,,3493716000.0,0.11959463244818198
モンスターラボ,5255,情報・通信業,グロース（内国株式）,JP,2025-12-31,東京都,6659714560.0,9.5141325,,,-0.3086633802411962,0.0,0.0,-7.48,,-285.10022773428744,7795270000.0,-187540000.0,-0.00903,-337203000.0,-0.04323,,0.0761478168357073,8553062000.0,2428653000.0,5668481000.0,6126765000.0,3957482000.0,2469424000.0,-1155984200.0,-0.17357864058365888
Ｆｕｓｉｃ,5256,情報・通信業,グロース（内国株式）,JP,2024-06-30,福岡県,3146566400.0,2.5677416,,18.086817,29.441402965429138,0.0,0.0,136.84,,119.05003318339355,,,0.069520004,,0.083409995,0.15479,0.6725617558695894,470830000.0,442185000.0,1217418000.0,43349000.0,776362000.0,21000000.0,761288000.0,0.24194245511551893
ノバシステム,5257,情報・通信業,スタンダード（内国株式）,JP,2025-12-31,大阪府,3616979968.0,1.4160795,,15.556493,8.428485534098252,0.6327,0.0,166.04,,278.45009499768236,6716189000.0,324762000.0,0.09527001,234059000.0,0.03484,0.09783,0.6242990512452803,1535743000.0,1042954000.0,1994664000.0,683949000.0,732866000.0,508877000.0,815134900.0,0.22536339908200453
トランザクション・メディア・ネットワークス,5258,情報・通信業,グロース（内国株式）,JP,2025-03-31,東京都,9139961856.0,1.4417788,,,39.030611882162404,0.0,0.0,-18.81,,15.680000145723913,12300727000.0,-504562000.0,-0.02684,-682434000.0,-0.03932,-0.06132,0.37518095762597825,16863706000.0,15028425000.0,17246390000.0,1638182000.0,14069217000.0,280040000.0,578712000.0,0.0633166756183014
ＢＢＤイニシアティブ,5259,情報・通信業,グロース（内国株式）,JP,2025-09-30,東京都,6438160896.0,4.824869,,,24.405912582636727,0.0,0.0,-62.96,,31.221942528062446,4399466000.0,379859000.0,0.075619996,-377478000.0,0.03475,0.11148,0.4407524652004147,2230910000.0,1647291000.0,2020870000.0,1509681000.0,1361891000.0,66160000.0,-163728000.0,-0.02543086490766695
リソルホールディングス,5261,サービス業,プライム（内国株式）,JP,2025-03-31,東京都,40678690816.0,2.192421,,18.058468,20.630616808917654,0.2465,0.0135685215,405.35,,254.005400540054,28400000000.0,2681000000.0,0.18654,1950000000.0,0.07761,0.13286,0.3717715783905614,27301000000.0,10396000000.0,9279000000.0,15200000000.0,4100000000.0,,-18022000000.0,-0.4430329403057257
日本ヒューム,5262,ガラス・土石製品,プライム（内国株式）,JP,2025-03-31,東京都,62859206656.0,1.2518679,14.620852,20.137075,10.173305185598823,0.3103,0.01540957,61.28,84.4,39.95489673598846,37064584000.0,2022006000.0,0.06676,3045562000.0,0.07519,0.06122,0.7443267279219473,14157937000.0,9661439000.0,27099105000.0,855030000.0,12748443000.0,19857935000.0,26841722500.0,0.4270133832088051
旭コンクリート工業,5268,ガラス・土石製品,スタンダード（内国株式）,JP,2025-03-31,東京都,12302039040.0,0.9165039,,57.441574,27.258607929831665,0.8626,0.0,16.26,,25.67877916727579,7221669000.0,555479000.0,0.11617,411747000.0,0.03326,0.01881,0.7622841229163803,3781573000.0,2393891000.0,9005629000.0,678060000.0,5279701000.0,1201738000.0,6065272600.0,0.4930298611700715
日本コンクリート工業,5269,ガラス・土石製品,プライム（内国株式）,JP,2025-03-31,東京都,16941807616.0,0.4231851,9.425982,,32.986145030528,3.8123002,0.033653848,-2.28,33.1,11.310000088745884,52652871000.0,990010000.0,0.01306,-209752000.0,-0.00287,-0.00039,0.47854431564528294,37297075000.0,22394511000.0,30471333000.0,12819042000.0,7149097000.0,15248883000.0,3848476100.0,0.2271585291976438
トーヨーアサノ,5271,ガラス・土石製品,スタンダード（内国株式）,JP,2025-02-28,静岡県,3044229888.0,0.78419125,,,4.980116541243334,0.48,0.0,-170.59,,465.84990475484796,14402525000.0,606633000.0,-0.08644,363402000.0,-0.01891,-0.05471,0.2599348117478058,11951255000.0,5625809000.0,6913107000.0,8520861000.0,983112000.0,334720000.0,-4803844000.0,-1.5780161737903546
三谷セキサン,5273,ガラス・土石製品,スタンダード（内国株式）,JP,2025-03-31,福井県,121255157760.0,1.2333469,,10.117233,11.398255069759072,0.2448,0.023640996,170.6,,126.1275005738181,87765000000.0,13893000000.0,0.18634,10175000000.0,0.12953,0.13783,0.7073159046265391,34693000000.0,24370000000.0,72884000000.0,921000000.0,44091000000.0,31563000000.0,60285100000.0,0.4971755520645326
日本興業,5279,ガラス・土石製品,スタンダード（内国株式）,JP,2025-03-31,香川県,3812011776.0,0.46322548,,7.1292205,7.9584221810614695,0.2182,0.030698389,183.33,,101.95267702936097,14746181000.0,594669000.0,0.082150005,393683000.0,0.03348,0.06813,0.48819987550502825,8296019000.0,7088220000.0,8768974000.0,3696747000.0,1467297000.0,656933000.0,932808100.0,0.2447023133225494
ヨシコン,5280,不動産業,スタンダード（内国株式）,JP,2025-03-31,静岡県,18126579712.0,0.63835233,,4.4243236,4.172750613583857,0.1286,0.029285435,583.14,,295.92875980717514,27474927000.0,4678515000.0,0.10694,3017703000.0,0.093389995,0.091520004,0.6192321693440355,16627534000.0,15158894000.0,38675872000.0,7885306000.0,3514675000.0,2985654000.0,24138295800.0,1.3316519819798203
ジオスター,5282,ガラス・土石製品,スタンダード（内国株式）,JP,2025-03-31,東京都,12958562304.0,0.5409823,12.589286,15.166727,9.1040509301421,0.4303,0.027972028,27.89,33.6,35.25567067337451,28527972000.0,1551198000.0,0.059439998,835467000.0,0.03526,0.04361,0.6465294206555292,12979422000.0,12571401000.0,25847581000.0,312092000.0,575562000.0,1541700000.0,13947349000.0,1.0763037343806872
高見澤,5283,卸売業,スタンダード（内国株式）,JP,2024-06-30,長野県,5567321088.0,0.36276278,,8.920536,7.68626113727072,0.13229999,0.014836796,377.78,,453.410435011171,,,0.02934,,0.00841,0.041149996,0.35600152419662134,25151000000.0,17406000000.0,22262000000.0,8902000000.0,3385000000.0,1043000000.0,-2158900000.0,-0.3877807595206551
ヤマウホールディングス,5284,ガラス・土石製品,スタンダード（内国株式）,JP,2025-03-31,福岡県,13214299136.0,1.027662,,5.6390104,6.007963242332452,0.3077,0.0548893,386.77,,283.8856151453688,22837611000.0,3565808000.0,0.19293,2408421000.0,0.10286,0.18902001,0.5180012700974947,11485347000.0,10473619000.0,16823114000.0,3603528000.0,5484345000.0,499110000.0,5687144000.0,0.43037802773106526
ヤマックス,5285,ガラス・土石製品,スタンダード（内国株式）,JP,2025-03-31,熊本県,14898487296.0,1.5326794,,6.989541,12.784683796741742,0.2638,0.03758911,219.9,,134.654313298038,23469480000.0,2738307000.0,0.14671,1969549000.0,0.07718,0.22742,0.48097704833195454,9317233000.0,8023484000.0,11116994000.0,1909710000.0,2265036000.0,378924000.0,2065007800.0,0.13860519923753742
イトーヨーギョー,5287,ガラス・土石製品,スタンダード（内国株式）,JP,2025-03-31,大阪府,3317839872.0,1.0925554,,13.646288,15.963368794412327,0.2062,0.0,82.44,,34.538042249099846,3402547000.0,201648000.0,0.02574,349034000.0,-0.05466,-0.04126,0.6308006973047278,2163399000.0,1518874000.0,2535577000.0,993490000.0,830450000.0,139045000.0,469509500.0,0.14151059668741
アジアパイルホールディングス,5288,ガラス・土石製品,プライム（内国株式）,JP,2025-03-31,東京都,52791144448.0,1.0521809,12.565729,10.093212,7.5562208305491865,0.3385,0.032608695,137.32,110.3,100.31791142571653,100803000000.0,4333000000.0,0.08976,2346000000.0,0.05293,0.1162,0.46950048770470765,48085000000.0,40141000000.0,64862000000.0,17561000000.0,20138000000.0,4174000000.0,19698800000.0,0.3731459169142201
ベルテクスコーポレーション,5290,ガラス・土石製品,スタンダード（内国株式）,JP,2025-03-31,東京都,99005628416.0,2.2984056,11.187291,21.25609,11.05498764179142,0.3175,0.014985015,94.42,179.4,70.8149998100809,38918012000.0,6285650000.0,0.17681,4826177000.0,0.26061,0.27848,0.7043927113617972,15332239000.0,11960255000.0,34690168000.0,3910003000.0,17323157000.0,1540362000.0,20436182400.0,0.20641434963809968
東海カーボン,5301,ガラス・土石製品,プライム（内国株式）,JP,2025-12-31,東京都,220979216384.0,0.69412404,11.825869,11.004785,-3.3599185717902027,0.319,0.02880461,94.05,87.52,-264.7634819793846,322960000000.0,25850000000.0,0.05313,20078000000.0,0.06217,0.06865,0.4794264742866695,311190000000.0,126726000000.0,258828000000.0,207341000000.0,90156000000.0,40257000000.0,-24182100000.0,-0.10943155829631634
日本カーボン,5302,ガラス・土石製品,プライム（内国株式）,JP,2025-12-31,東京都,52740509696.0,0.969635,10.5484295,10.91858,11.367260971577673,0.4578,0.041797284,436.87,452.2,369.0300030984765,37735000000.0,4809000000.0,0.14255,4830000000.0,0.128,0.08659001,0.6353802843225437,22001000000.0,18639000000.0,49082000000.0,10331000000.0,15180000000.0,10197000000.0,34218900000.0,0.648816255232271
ＳＥＣカーボン,5304,ガラス・土石製品,スタンダード（内国株式）,JP,2025-03-31,兵庫県,48796090368.0,0.6198769,6.0547266,12.751467,6.726057912050974,0.5237,0.040600892,190.88,402.0,359.1599996043778,31179000000.0,6823000000.0,0.20051001,5750000000.0,0.14148,0.04551,0.9065298851280791,7595000000.0,3446000000.0,45824000000.0,9000000.0,17420000000.0,17724000000.0,50635800000.0,1.037701988379103
東洋炭素,5310,ガラス・土石製品,プライム（内国株式）,JP,2025-12-31,大阪府,125833297920.0,1.2907304,13.085009,23.041475,8.746968022055997,0.5565,0.024166666,260.4,458.54,474.9500110344812,46189000000.0,6759000000.0,0.1103,5464000000.0,0.1183,0.057010002,0.8267665117541301,20367000000.0,14642000000.0,63045000000.0,5675000000.0,15263000000.0,795000000.0,43234500000.0,0.34358552715901036
ノリタケ,5331,ガラス・土石製品,プライム（内国株式）,JP,2025-03-31,愛知県,181761032192.0,1.1384473,6.9178443,15.221997,9.931398763278867,0.3456,0.022522522,217.12,477.75,198.22999949959012,138182000000.0,10214000000.0,0.08465,12939000000.0,0.09044,0.07974,0.7562628585259591,47451000000.0,37072000000.0,90406000000.0,6201000000.0,16609000000.0,42879000000.0,72970300000.0,0.40146283898145524
ＴＯＴＯ,5332,ガラス・土石製品,プライム（内国株式）,JP,2025-03-31,福岡県,863500500992.0,1.7165031,21.521944,216.75609,18.501771832251144,4.0866,0.01857355,24.23,244.03,219.13999957651944,724454000000.0,48480000000.0,0.09932,12168000000.0,0.0058999998,0.00458,0.6416741612238981,283522000000.0,230782000000.0,374570000000.0,67873000000.0,122750000000.0,67536000000.0,138323200000.0,0.1601889053232657
日本碍子,5333,ガラス・土石製品,プライム（内国株式）,JP,2025-03-31,愛知県,1286141640704.0,1.6450864,22.418804,24.8004,14.390323123152672,0.3773,0.014968082,180.36,199.52,133.41999986717866,619513000000.0,81241000000.0,0.15057,54933000000.0,0.0,0.0734,0.6304355433924825,415482000000.0,178912000000.0,668874000000.0,252241000000.0,197974000000.0,68892000000.0,301616400000.0,0.2345125843487216
日本特殊陶業,5334,ガラス・土石製品,プライム（内国株式）,JP,2025-03-31,愛知県,1677935771648.0,2.2806232,17.616741,17.685652,11.395851389743937,0.37849998,0.020945404,483.16,485.05,409.47000077092093,652993000000.0,128595000000.0,0.221,92625000000.0,0.14671,0.14795999,0.6807226484056971,316244000000.0,153648000000.0,588518000000.0,156683000000.0,208192000000.0,93082000000.0,337431400000.0,0.20109911577162973
ダントーホールディングス,5337,ガラス・土石製品,スタンダード（内国株式）,JP,2025-12-31,大阪府,27247958016.0,3.2573788,,36.844387,299.80533333333335,0.0,0.0,23.07,,1.0273332918249174,4915000000.0,-664000000.0,-0.1668,740000000.0,0.15055999,0.05746,0.7698821796759941,2227000000.0,1073000000.0,4520000000.0,13000000.0,1722000000.0,4641000000.0,5541700000.0,0.2033803779624849
ＡＳＡＨＩ　ＥＩＴＯホールディングス,5341,ガラス・土石製品,スタンダード（内国株式）,JP,2025-11-30,大阪府,3256606208.0,2.6206582,,,,0.0,0.0,-57.38,,,4336907000.0,-272306000.0,-0.04887,-340786000.0,-0.08051,-0.2936,0.4014471064671335,1531850000.0,728606000.0,1737986000.0,686748000.0,525088000.0,3220000.0,208390000.0,0.06398992899051797
ＭＡＲＵＷＡ,5344,ガラス・土石製品,プライム（内国株式）,JP,2025-03-31,愛知県,928366526464.0,6.591836,39.085308,52.67137,25.460738798433162,0.0687,0.0013172043,1428.48,1925.02,1233.2999746871988,71849000000.0,26914000000.0,0.32814997,19242000000.0,0.0,,0.8985627437888745,14433000000.0,13933000000.0,100290000000.0,0.0,71793000000.0,482000000.0,86194400000.0,0.09284522604267166
品川リフラ,5351,ガラス・土石製品,プライム（内国株式）,JP,2025-03-31,東京都,89167118336.0,0.7471498,8.375483,9.678059,5.242131032549018,0.4457,0.045135405,201.9,233.3,328.44259806779024,144072000000.0,13278000000.0,0.057550002,9778000000.0,0.18837,0.28977,0.45589455674285656,101387000000.0,57957000000.0,106964000000.0,61916000000.0,23024000000.0,9222000000.0,12032400000.0,0.13494212019569196
日本坩堝,5355,ガラス・土石製品,スタンダード（内国株式）,JP,2025-03-31,東京都,4319474176.0,0.7123147,,11.389522,13.35607855351221,0.29799998,0.02603369,57.07,,43.006161910208725,9784442000.0,492225000.0,0.05077,369278000.0,0.04362,0.07695,0.49885719235166354,5635407000.0,3880307000.0,6729889000.0,1971731000.0,1820729000.0,1172919000.0,1915525300.0,0.4434626118713946
美濃窯業,5356,ガラス・土石製品,スタンダード（内国株式）,JP,2025-03-31,愛知県,12168151040.0,0.7961099,,9.573009,7.062402685493031,0.32279998,0.0338696,123.89,,102.87354830679769,15058799000.0,1576282000.0,0.10074,1217519000.0,0.08568,0.091639996,0.6799395498389269,6828997000.0,5174479000.0,12939781000.0,1470000000.0,4176272000.0,2177854000.0,7635281800.0,0.6274808534921013
ヨータイ,5357,ガラス・土石製品,プライム（内国株式）,JP,2025-03-31,大阪府,31445684224.0,0.94216067,11.778846,14.264326,6.4397973251542595,0.7484,0.05172414,120.23,145.6,205.48033457756028,29305404000.0,3484451000.0,0.15551,2623217000.0,0.08128,0.07201,0.7962633713405382,8430453000.0,6707692000.0,29584180000.0,170090000.0,6412094000.0,3085052000.0,23313263400.0,0.7413819726080831
東京窯業,5363,ガラス・土石製品,スタンダード（内国株式）,JP,2025-03-31,東京都,26259245056.0,0.58082795,,8.813004,8.18493333511137,0.32810003,0.0513468,67.06,,53.684000270837565,31933430000.0,4503565000.0,0.08209,3130123000.0,0.10435,0.07737,0.6913376531231596,11798096000.0,7712746000.0,36309679000.0,3366712000.0,15865371000.0,12379783000.0,33177431100.0,1.2634571568697577
ニッカトー,5367,ガラス・土石製品,スタンダード（内国株式）,JP,2025-03-31,大阪府,9361013760.0,0.7133402,8.897727,16.645409,9.386029017982509,0.44619998,0.02638191,47.04,88.0,58.81000043233591,10076577000.0,637832000.0,0.08737001,503567000.0,0.04997,0.03846,0.7657500165694834,4011497000.0,3496139000.0,10091569000.0,724348000.0,3642551000.0,1942612000.0,7439900400.0,0.7947750735920294
日本インシュレーション,5368,ガラス・土石製品,スタンダード（内国株式）,JP,2025-03-31,大阪府,10314868736.0,0.7141447,,10.97381,8.267129023624925,0.3413,0.030553263,108.44,,112.70767859503911,12222902000.0,1027449000.0,0.13819,776607000.0,0.07998,0.083170004,0.7691157987836896,4112031000.0,2971755000.0,11543141000.0,1022822000.0,6033596000.0,662158000.0,7894620600.0,0.7653631667116544
新東,5380,ガラス・土石製品,スタンダード（内国株式）,JP,2024-06-30,愛知県,1057064768.0,0.3194309,,118.38352,-18.3353396988303,2.9785998,0.025252525,12.62,,-93.0992085924251,,,-0.04355,,0.01434,0.03866,0.5286336442091949,2884418000.0,2394488000.0,2436713000.0,1870859000.0,276180000.0,116916000.0,-365863800.0,-0.34611294508682366
マイポックス,5381,ガラス・土石製品,スタンダード（内国株式）,JP,2025-03-31,栃木県,17013326848.0,1.9372605,,24.21675,-19.966792831517793,0.19680001,0.007861636,50.75,,-28.699999087013897,11172060000.0,942233000.0,0.05646,911878000.0,0.04612,0.06283,0.531246131824654,7467851000.0,5438877000.0,8465435000.0,5339792000.0,2407687000.0,162560000.0,1111376000.0,0.06532384935228866
フジミインコーポレーテッド,5384,ガラス・土石製品,プライム（内国株式）,JP,2025-03-31,愛知県,216763482112.0,2.6701243,5.968625,22.29343,37.04781862426416,0.5591,0.012338492,131.07,489.56,87.62000040365331,62503000000.0,11781000000.0,0.22438999,9428000000.0,0.14784999,0.12644,0.8373080476965724,14014000000.0,12471000000.0,56128000000.0,,27857000000.0,3511000000.0,44571700000.0,0.20562365748013842
クニミネ工業,5388,ガラス・土石製品,スタンダード（内国株式）,JP,2025-03-31,東京都,15564013568.0,0.7181595,,13.871703,11.68845816554417,0.43400002,0.019592477,92.13,,83.64268741760597,15707623000.0,1280713000.0,0.11692,1078078000.0,0.07085,0.0555,0.8338671871583432,3487549000.0,2243932000.0,17399744000.0,54358000.0,8299227000.0,1631810000.0,15054462000.0,0.9672609146879921
エーアンドエーマテリアル,5391,ガラス・土石製品,スタンダード（内国株式）,JP,2025-03-31,東京都,10890070016.0,0.56386256,,104.80414,3.5420688640180136,4.4346,0.042134833,13.53,,352.44294935855777,43421000000.0,1917000000.0,0.03023,-120000000.0,0.0023999999,0.00565,0.4567671474398217,22184000000.0,13260000000.0,18620000000.0,4563000000.0,665000000.0,692000000.0,-3079600000.0,-0.28278973371845767
ニチアス,5393,ガラス・土石製品,プライム（内国株式）,JP,2025-03-31,東京都,586176987136.0,2.6169393,6.6328607,19.788076,9.493788901717718,0.28059998,0.014070994,156.66,467.37,135.5333330913664,256512000000.0,39733000000.0,0.12094,32073000000.0,0.12159,0.139,0.7452809952809952,72612000000.0,59774000000.0,190047000000.0,11041000000.0,59678000000.0,13834000000.0,127118800000.0,0.21686078230585148
日本製鉄,5401,鉄鋼,プライム（内国株式）,JP,2025-03-31,,3076752146432.0,0.57813174,1.0550557,,5.807741473179134,0.4774,0.04720162,-2.31,557.98,105.59199999340967,8695526000000.0,556336000000.0,0.04804,350227000000.0,-0.00605,-0.00414,0.4919654249529676,5039078000000.0,2335493000000.0,4548503000000.0,2507492000000.0,672526000000.0,461378000000.0,-167610400000.0,-0.05447640629563607
神戸製鋼所,5406,鉄鋼,プライム（内国株式）,JP,2025-03-31,兵庫県,738300919808.0,0.6100395,6.7950435,5.8468685,6.675984808687723,0.2962,0.04985568,320.77,276.01,277.3800002598792,2555031000000.0,158723000000.0,0.04927,120180000000.0,0.0358,0.07171,0.4018591150006589,1653995000000.0,914551000000.0,1416256000000.0,886331000000.0,220122000000.0,214144000000.0,-87838200000.0,-0.11897343974980135
中山製鋼所,5408,鉄鋼,プライム（内国株式）,JP,2025-03-31,大阪府,33830526976.0,0.31530327,,8.065142,5.298636200485847,0.38759997,0.047923323,77.37,,164.43213296398892,169329000000.0,8437000000.0,0.00803,5695000000.0,0.0,0.02656,0.7161209000455923,42340000000.0,26941000000.0,92524000000.0,9061000000.0,15346000000.0,3193000000.0,52419100000.0,1.5494615273710362
合同製鐵,5410,鉄鋼,プライム（内国株式）,JP,2025-03-31,大阪府,51110866944.0,0.36453363,,4.5899873,4.956518078827003,0.3151,0.06789251,761.44,,1038.7723328701602,205199000000.0,13750000000.0,0.04968,11322000000.0,0.051420003,0.07298,0.5284015124390637,119410000000.0,73373000000.0,129800000000.0,64417000000.0,28400000000.0,26730000000.0,29101000000.0,0.5693701112893413
ＪＦＥホールディングス,5411,鉄鋼,プライム（内国株式）,JP,2025-03-31,東京都,1098621714432.0,0.43014374,5.433893,15.084287,7.21715763716393,0.7864,0.051487416,114.49,317.82,315.08999990644065,4859647000000.0,87636000000.0,0.03227,91868000000.0,0.01154,0.021860002,0.4479002457133842,3060770000000.0,1473713000000.0,2368785000000.0,1766450000000.0,172841000000.0,190524000000.0,-558618200000.0,-0.5084718358118491
東京製鐵,5423,鉄鋼,プライム（内国株式）,JP,2025-03-31,東京都,185869385728.0,0.8499009,9.686899,11.941772,6.150016560279515,0.32939997,0.02736727,151.82,187.16,253.51000000743537,326775000000.0,30106000000.0,0.03136,21203000000.0,0.05016,0.06431,0.716502885931468,83057000000.0,66107000000.0,164153000000.0,39000000.0,21111000000.0,25392000000.0,98870400000.0,0.5319348294650647
共英製鋼,5440,鉄鋼,プライム（内国株式）,JP,2025-03-31,大阪府,97912963072.0,0.47721687,9.004076,8.775756,6.800122637747704,0.3505,0.039577838,256.73,250.22,318.12999754419104,322849000000.0,15333000000.0,0.05427,10791000000.0,0.03046,0.050780002,0.5753199859421588,143670000000.0,103259000000.0,211297000000.0,83550000000.0,64495000000.0,17526000000.0,79895200000.0,0.8159818423761653
大和工業,5444,鉄鋼,プライム（内国株式）,JP,2025-03-31,兵庫県,715846844416.0,1.3490033,13.557994,32.261112,7.143622932796746,0.94629997,0.02892562,370.26,881.03,1099.1499915104641,168268000000.0,12678000000.0,0.03401,31833000000.0,0.29124,0.08464,0.8480412361726042,54543000000.0,25265000000.0,310115000000.0,1956000000.0,224968000000.0,74427000000.0,307670900000.0,0.42979989700311266
東京鐵鋼,5445,鉄鋼,プライム（内国株式）,JP,2025-03-31,東京都,46823501824.0,0.760676,7.176106,4.6528006,1.6464636028025499,0.31440002,0.066773504,397.61,257.8,884.9005471416265,82593000000.0,14679000000.0,0.15199,10853000000.0,0.12606,0.15648,0.7345501987765702,21536000000.0,15586000000.0,40591000000.0,5077000000.0,14171000000.0,8378000000.0,24919600000.0,0.532202826129231
北越メタル,5446,鉄鋼,スタンダード（内国株式）,JP,2025-03-31,新潟県,4821765120.0,0.2692268,,12.44772,11.847236060355177,0.3884,0.03122498,100.42,,121.64243031643093,28729754000.0,668152000.0,-0.0308,572167000.0,0.00147,0.0020299999,0.6666932071271365,8895562000.0,6417464000.0,12994099000.0,2709759000.0,2238345000.0,2199120000.0,5637921000.0,1.1692649599655323
大阪製鐵,5449,鉄鋼,スタンダード（内国株式）,JP,2025-03-31,大阪府,70608814080.0,0.5411893,,1638.8888,26.811728738642966,13.9706,0.00792327,1.44,,80.1912544717994,116424000000.0,5331000000.0,-0.0034400001,3227000000.0,-0.00119,-0.00083,0.7665675602624272,45277000000.0,40379000000.0,108890000000.0,18269000000.0,9954000000.0,553000000.0,64000100000.0,0.9064038368848355
ヨドコウ,5451,鉄鋼,プライム（内国株式）,JP,2025-03-31,大阪府,198775668736.0,0.99477446,,14.333896,26.24785610469847,0.7396,0.050906453,94.88,,30.774000080498595,208460000000.0,13889000000.0,0.04646,13499000000.0,0.05797,0.05805,0.7372282937757326,49138000000.0,29759000000.0,159857000000.0,1011000000.0,58090000000.0,40961000000.0,139391700000.0,0.7012513195723685
高砂鐵工,5458,鉄鋼,スタンダード（内国株式）,JP,2025-03-31,東京都,3095205376.0,0.6449688,,13.241715,10.548431205613879,0.5141,0.03868472,77.86,,77.94260825945162,12100000000.0,512000000.0,0.04961,333000000.0,0.022739999,0.05821,0.5235463188149458,4310000000.0,3340000000.0,7270000000.0,,1363000000.0,22000000.0,2975400000.0,0.9612932385912216
中部鋼鈑,5461,鉄鋼,プライム（内国株式）,JP,2025-03-31,愛知県,59980185600.0,0.81007236,7.037508,,9.293343357958689,1.5794001,0.044143356,-12.13,314.6,259.31436815725715,51047000000.0,2709000000.0,0.01285,1731000000.0,-0.0031,-0.0014599999,0.8901791521314965,8544000000.0,7543000000.0,46579000000.0,,17441000000.0,12325000000.0,46662500000.0,0.7779652485770234
丸一鋼管,5463,鉄鋼,プライム（内国株式）,JP,2025-03-31,大阪府,322777448448.0,0.95729774,5.286128,11.347381,11.454288773352635,0.3705,0.03231661,128.62,276.1,109.18333354315924,261649000000.0,39954000000.0,0.13207,27033000000.0,0.13329001,0.09511,0.8090613061926444,65908000000.0,51070000000.0,226582000000.0,5016000000.0,100242000000.0,66631000000.0,207315700000.0,0.6422868171144829
モリ工業,5464,鉄鋼,スタンダード（内国株式）,JP,2025-03-31,大阪府,36115419136.0,0.63342017,,9.995796,9.940039059083166,0.4414,0.027083334,95.14,,116.40311539968911,46141000000.0,5397000000.0,0.114479996,4128000000.0,0.07771,0.060370002,0.7948369176140432,14272000000.0,11049000000.0,43053000000.0,2018000000.0,15976000000.0,7068000000.0,33728600000.0,0.9339113543992956
大同特殊鋼,5471,鉄鋼,プライム（内国株式）,JP,2025-03-31,愛知県,370329387008.0,0.8259887,12.599442,13.132529,11.423421501520876,0.3401,0.025343189,141.1,147.07,143.36453406350478,574945000000.0,39408000000.0,0.08733,28314000000.0,0.04711,0.06082,0.5482659705175396,313830000000.0,182259000000.0,416999000000.0,176846000000.0,61218000000.0,54454000000.0,141286800000.0,0.3815165767467108
日本冶金工業,5480,鉄鋼,プライム（内国株式）,JP,2025-03-31,東京都,64213581824.0,0.6488417,3.8877707,6.912958,4.6763906067501955,0.3132,0.044444446,670.48,1192.2,933.6499414963178,172097000000.0,16967000000.0,0.06774,11579000000.0,0.052210003,0.08234999,0.4433576595343533,120856000000.0,74154000000.0,101735000000.0,79613000000.0,9516000000.0,6052000000.0,-14884600000.0,-0.23179831395788672
愛知製鋼,5482,鉄鋼,プライム（内国株式）,JP,2025-03-31,愛知県,177717035008.0,0.7875396,6.830709,17.210167,10.645307402336343,0.3319,0.019005328,161.3,406.4,83.507500450406,299287000000.0,12018000000.0,0.073460005,7821000000.0,0.0,,0.5797486895813909,156665000000.0,69741000000.0,157789000000.0,64569000000.0,36275000000.0,61607000000.0,44248900000.0,0.2489851352629652
東北特殊鋼,5484,鉄鋼,スタンダード（内国株式）,JP,2025-03-31,宮城県,16861012992.0,0.5791376,,17.271553,14.469320425051547,0.26639998,0.0154185025,131.43,,129.4361007963866,21178080000.0,1249817000.0,0.058590002,1008124000.0,0.057329997,0.04086,0.8204404864289813,6110625000.0,3955531000.0,17413177000.0,,8104140000.0,6389909000.0,15775488300.0,0.935619248231702
日本金属,5491,鉄鋼,スタンダード（内国株式）,JP,2025-03-31,東京都,6165419008.0,0.21568722,2.69774,5.010493,3.7001139158576053,0.0,0.0,190.6,354.0,230.80370481027785,51298000000.0,-188000000.0,0.02661,703000000.0,0.02881,0.05136,0.3985149577235074,42042000000.0,28987000000.0,38693000000.0,21506000000.0,12013000000.0,2881000000.0,-1332300000.0,-0.2160923691108846
ｐｒｏｐｅｒｔｙ　ｔｅｃｈｎｏｌｏｇｉｅｓ,5527,不動産業,グロース（内国株式）,JP,2025-11-30,東京都,8656400384.0,1.0469658,,7.951945,6.816439671433149,0.286,0.035410766,87.4,,51.31999819449882,50909668000.0,2041740000.0,0.03534,1082336000.0,0.02002,0.13243,0.19258547645057633,35179226000.0,32246071000.0,40469594000.0,31168547000.0,4901929000.0,183345000.0,5418709500.0,0.6259772260552592
リアルゲイト,5532,不動産業,グロース（内国株式）,JP,2025-09-30,東京都,20967352320.0,5.3138056,,38.004997,13.892216211668702,0.0,0.0,96.04,,66.7999969090987,9791998000.0,1043180000.0,0.23007,559220000.0,0.092530005,0.29783002,0.15761336658275307,17913125000.0,3901427000.0,4472266000.0,13940572000.0,947147000.0,,-13440859000.0,-0.6410374946186815
エリッツホールディングス,5533,不動産業,スタンダード（内国株式）,JP,2025-09-30,京都府,6707908096.0,1.3103944,,9.671277,8.949992885400203,0.34080002,0.035233162,199.56,,185.49998106148772,6385724000.0,1021984000.0,0.04975,699290000.0,0.1074,0.14089,0.5560276387481027,4240610000.0,2027950000.0,5723715000.0,1789252000.0,4572519000.0,106311000.0,1557522700.0,0.2321920154107013
ミガロホールディングス,5535,不動産業,プライム（内国株式）,JP,2025-03-31,東京都,21409662976.0,1.4339294,,27.429983,3.679988215731281,0.5761,0.029239766,12.14,,76.29836922007084,51709146000.0,2713201000.0,0.109510005,1390779000.0,0.02537,0.10109,0.20506575208415354,43232740000.0,23584616000.0,52457148000.0,38382056000.0,6895216000.0,232355000.0,9387056500.0,0.43844952209302823
ＡｌｂａＬｉｎｋ,5537,不動産業,グロース（内国株式）,JP,2025-12-31,東京都,19002318848.0,9.384548,,20.44914,22.72532176823803,0.0,0.0,113.55,,46.6000002464259,8191248000.0,1311447000.0,0.24128,981647000.0,0.119770005,0.671,0.38327037499546135,3244218000.0,1587005000.0,4589842000.0,2210742000.0,3507608000.0,,1345624000.0,0.07081367336079761
大平洋金属,5541,鉄鋼,プライム（内国株式）,JP,2025-03-31,青森県,43332182016.0,0.71723336,-60.780487,,-21.531685519882572,0.0,0.07635082,-49.29,-41.0,-55.10000008721602,13175000000.0,-7368000000.0,-0.51617,-1667000000.0,0.08473,0.012309999,0.9386308238735288,4139000000.0,1230000000.0,38510000000.0,,23874000000.0,24873000000.0,51782100000.0,1.1950032883384443
新報国マテリアル,5542,鉄鋼,スタンダード（内国株式）,JP,2025-12-31,,5458561024.0,2.0115888,,13.63032,7.823610300454159,0.4155,0.012300123,60.16,,85.68715833550617,5539581000.0,466300000.0,0.1007,401136000.0,0.1232,0.27445,0.7516144866146147,1918869000.0,812014000.0,6088650000.0,1106068000.0,3314462000.0,83589000.0,4228293300.0,0.774616841583193
新日本電工,5563,鉄鋼,プライム（内国株式）,JP,2025-12-31,東京都,53783322624.0,0.75726295,9.389977,40.280376,11.948329793925792,1.028,0.024886878,10.7,45.9,22.91000008314348,77277000000.0,5164000000.0,0.10313,1418000000.0,0.01835,0.0196,0.7603142997837583,22390000000.0,13981000000.0,44419000000.0,13825000000.0,6024000000.0,19154000000.0,35436800000.0,0.658880825339468
ジェノバ,5570,情報・通信業,グロース（内国株式）,JP,2025-09-30,東京都,9063919616.0,2.665079,,18.43876,20.15933913698015,0.16149999,0.0,37.15,,31.12000042835247,1366994000.0,773995000.0,0.59838,542549000.0,0.39956,0.15685001,0.8820040016804511,444894000.0,390765000.0,3232020000.0,,3095522000.0,391816000.0,3061397200.0,0.3377564375787156
エキサイトホールディングス,5571,情報・通信業,スタンダード（内国株式）,JP,2025-03-31,,5303370240.0,1.5774447,,,12.637663640680646,0.8143,0.02690583,-1.0,,79.68000611833847,9091963000.0,465847000.0,0.03156,184120000.0,0.00417,0.01189,0.33844989911600604,6707422000.0,2715357000.0,5083337000.0,5252463000.0,2695708000.0,,-1624085000.0,-0.3062363980833441
Ｒｉｄｇｅ－ｉ,5572,情報・通信業,グロース（内国株式）,JP,2024-07-31,東京都,10089040896.0,2.9964485,,67.84678,76.17955721998078,0.0,0.0,34.46,,30.51999886644375,,,0.17103,,0.062069997,,0.6979401477641505,602900000.0,532241000.0,2468340000.0,,2116037000.0,,1865440000.0,0.1848976547155826
ＡＢＥＪＡ,5574,情報・通信業,グロース（内国株式）,JP,2025-08-31,東京都,26956752896.0,5.508271,58.09422,52.22329,94.34410615329747,0.0,0.0,51.95,46.7,21.04000006926369,3585409000.0,445887000.0,0.14397,448268000.0,0.13078,0.11931,0.840840107901697,846440000.0,846438000.0,5104545000.0,,4586017000.0,,4258105000.0,0.1579606051377146
Ｇｌｏｂｅｅ,5575,情報・通信業,グロース（内国株式）,JP,2025-05-31,東京都,4156380416.0,3.9681575,,15.470554,31.893235740170876,0.0,0.0,52.81,,44.21000150273387,1637523000.0,411481000.0,0.21183,281636000.0,0.14168,0.2832,0.4019892568009656,1341728000.0,1309350000.0,1831171000.0,107807000.0,1151883000.0,,489443000.0,0.11775702679087977
オービーシステム,5576,情報・通信業,スタンダード（内国株式）,JP,2025-03-31,大阪府,6839803904.0,1.226345,,14.336568,11.969298946439315,0.4388,0.032432433,205.07,,192.98482532207186,7684716000.0,562699000.0,0.08930001,485246000.0,0.06366,,0.7902371928193591,1357424000.0,1051993000.0,3937021000.0,,2638514000.0,2011747000.0,3987819900.0,0.583031320191486
ＡＲアドバンストテクノロジ,5578,情報・通信業,グロース（内国株式）,JP,2025-08-31,東京都,10375592960.0,4.3503466,,15.600118,18.677391740119802,0.098400004,0.0062718717,67.82,,26.010001153928496,14152706000.0,829272000.0,0.083170004,445412000.0,0.043959998,0.32412,0.31406218093577926,4593913000.0,4075685000.0,5023198000.0,1531449000.0,2912067000.0,,429285000.0,0.041374502802392125
プロディライト,5580,情報・通信業,グロース（内国株式）,JP,2025-08-31,大阪府,2455351040.0,2.6232374,,36.32968,10.617653223031194,0.0,0.0,40.16,,87.58997684937555,2834772000.0,178604000.0,-0.017239999,118921000.0,0.023039998,,0.5574527680108536,758075000.0,618235000.0,1292812000.0,216428000.0,793559000.0,,534737000.0,0.21778433767254723
グリッド,5582,情報・通信業,グロース（内国株式）,JP,2024-06-30,東京都,11582294016.0,2.7920728,28.60685,28.60685,32.55242243362865,0.0,0.0,84.7,84.7,77.25999517018589,,,0.22861,,0.17926,0.114300005,0.887072813755099,463173000.0,457350000.0,3746706000.0,71630000.0,2900488000.0,,3283533000.0,0.2834959115581132
Ｌａｂｏｒｏ．ＡＩ,5586,情報・通信業,グロース（内国株式）,JP,2025-09-30,東京都,13934488576.0,5.278239,,96.36564,121.02065809291393,0.0,0.0,9.08,,8.229999866926176,1900339000.0,191437000.0,0.18094999,146802000.0,0.07684,,0.9056716243898225,265376000.0,265374000.0,2623661000.0,1336000.0,2048825000.0,,2358285000.0,0.16924087218111333
インバウンドプラットフォーム,5587,情報・通信業,グロース（内国株式）,JP,2025-09-30,東京都,2531976192.0,1.6857364,,12.8389015,19.63431597823009,0.0,0.0,57.17,,35.5500034110646,3006963000.0,296720000.0,0.11519,202771000.0,0.0672,0.15379,0.5246553972822056,1281909000.0,1066459000.0,1379102000.0,254938000.0,920874000.0,47958000.0,130763600.0,0.05164487739385505
ファーストアカウンティング,5588,情報・通信業,グロース（内国株式）,JP,2025-12-31,東京都,11006007296.0,6.4186697,,56.787987,48.275275791607235,0.2142,0.0,17.31,,40.03999945946676,2369766000.0,292176000.0,0.07774,202143000.0,0.08527,0.13015,0.5913687594868079,1184794000.0,1145442000.0,2129822000.0,,1769361000.0,,945028000.0,0.08586474409693141
オートサーバー,5589,情報・通信業,スタンダード（内国株式）,JP,2025-12-31,東京都,19357503488.0,1.475533,,13.555195,8.240933517237202,0.33490002,0.024709847,197.12,,206.87999409019835,6462582000.0,2384768000.0,0.35990003,1498112000.0,0.23181,0.11979,0.6414642909054467,7284057000.0,6946087000.0,15231554000.0,2270000000.0,13626990000.0,,7947497000.0,0.41056415177333017
ネットスターズ,5590,情報・通信業,グロース（内国株式）,JP,2025-12-31,東京都,14171334656.0,1.8497736,,28.960995,-339.1111178722386,0.0,0.0,28.97,,-2.2499999551399643,4788117000.0,293083000.0,0.07887,485016000.0,0.101289995,0.06582,0.19901527840855776,30721121000.0,30721118000.0,37242400000.0,,36209760000.0,,6521279000.0,0.46017394679469775
ＡＶＩＬＥＮ,5591,情報・通信業,グロース（内国株式）,JP,2025-12-31,東京都,6028254720.0,8.303258,,35.79978,49.00483785298072,0.0,0.0,27.57,,18.590001312382434,1672557000.0,274218000.0,0.0625,174313000.0,0.10406999,0.2723,0.5263234868230524,654242000.0,402489000.0,975449000.0,337250000.0,642136000.0,,321207000.0,0.05328358122199588
くすりの窓口,5592,情報・通信業,グロース（内国株式）,JP,2025-03-31,東京都,31416297472.0,3.2024767,,10.323288,15.94039604385084,0.0986,0.009803922,273.75,,84.00000115739546,11199409000.0,1953959000.0,0.24274999,2034965000.0,0.22073999,0.29607,0.6952426302262003,3640478000.0,3125062000.0,6229037000.0,63775000.0,2104095000.0,67812000.0,2636027400.0,0.08390636746260052
ブルーイノベーション,5597,情報・通信業,グロース（内国株式）,JP,2025-12-31,東京都,8407139328.0,41.015858,,,-5.458721006589498,0.0,0.0,-160.55,,-100.20662337197462,1051466000.0,-548051000.0,-0.43060002,-635461000.0,-0.60419,-1.5173199,0.1463296744973883,1197462000.0,264490000.0,1388806000.0,956500000.0,988216000.0,,191344000.0,0.022759703691685982
Ｓ＆Ｊ,5599,情報・通信業,グロース（内国株式）,JP,2025-03-31,東京都,8211954688.0,3.6106124,,22.323187,25.930246410946694,0.0,0.0,66.03,,42.39685749572966,1942927000.0,420504000.0,0.24832001,309111000.0,0.18515,0.19872,0.7406076200500867,701839000.0,701837000.0,2242543000.0,,1997944000.0,,1540704000.0,0.18761720668666212
栗本鐵工所,5602,鉄鋼,プライム（内国株式）,JP,2025-03-31,大阪府,94984282112.0,1.0583076,,12.796402,7.908976980114367,0.5313,0.041613318,122.3,,90.40918835027198,126669000000.0,7930000000.0,0.07001,6905000000.0,0.057979997,0.083680004,0.578673336060922,62861000000.0,57236000000.0,92901000000.0,20424000000.0,15730000000.0,20151000000.0,44145700000.0,0.4647684755667883
虹技,5603,鉄鋼,スタンダード（内国株式）,JP,2025-03-31,兵庫県,4677271552.0,0.31564733,,5.193527,8.166695263036566,0.2186,0.041350793,274.38,,164.57632303456714,26317000000.0,1117000000.0,0.01307,798000000.0,0.01938,0.03432,0.4258171679421012,15669000000.0,12026000000.0,20297000000.0,9091000000.0,3168000000.0,3477000000.0,7061900000.0,1.5098332268051304
日本鋳造,5609,鉄鋼,スタンダード（内国株式）,JP,2025-03-31,神奈川県,4228148480.0,0.35993472,,8.209305,7.032040360863564,0.28079998,0.033632286,106.83,,135.0288756450429,14311000000.0,409000000.0,0.00936,236000000.0,0.01859,0.02227,0.5322732362821948,10442000000.0,5444000000.0,10141000000.0,3785000000.0,586000000.0,112000000.0,-222600000.0,-0.052647157745983414
日本鋳鉄管,5612,鉄鋼,スタンダード（内国株式）,JP,2025-03-31,東京都,5629193728.0,0.607314,,,7.59870505615183,0.65940005,0.01419648,-42.09,,147.833737775317,16933000000.0,261000000.0,0.05393,-230000000.0,-0.00113,0.00042,0.4174879618379011,12585000000.0,9168000000.0,13330000000.0,5550000000.0,2908000000.0,135000000.0,839500000.0,0.14913325789877666
雨風太陽,5616,情報・通信業,グロース（内国株式）,JP,2025-12-31,岩手県,1953343488.0,5.6618867,,,-15.180758686975944,0.0,0.0,-1.69,,-67.9149192249876,1027929000.0,-7222000.0,0.2,-4146000.0,-0.00389,-0.01159,0.3434100882746375,661167000.0,456289000.0,864617000.0,250000000.0,458160000.0,38400000.0,230330000.0,0.11791576925153678
ナイル,5618,情報・通信業,グロース（内国株式）,JP,2025-12-31,東京都,2936659200.0,6.629025,,,-3.289561498778556,0.0,0.0,-17.88,,-82.38180076603668,6730288000.0,-105746000.0,0.03222,-152532000.0,-0.02259,-0.29429,0.14128903072557783,2698300000.0,1563138000.0,2612211000.0,1970065000.0,1225454000.0,,-86089000.0,-0.02931528452467348
マーソ,5619,情報・通信業,グロース（内国株式）,JP,2025-12-31,東京都,2961155328.0,1.519319,,,36.629133658072945,0.0,0.0,-6.53,,28.420000585260002,1078086000.0,-33938000.0,0.05119,-23005000.0,-0.021340001,-0.01158,0.9208588768642348,167501000.0,167500000.0,1928728000.0,0.0,1675916000.0,109759000.0,1838058300.0,0.6207233651743108
ヒューマンテクノロジーズ,5621,情報・通信業,グロース（内国株式）,JP,2025-03-31,東京都,14639157248.0,2.9068992,,19.713215,32.93477615622808,0.2651,0.013585156,77.41,,39.59444118980569,6055111000.0,930975000.0,0.18090999,655353000.0,0.10887,0.16368,0.7526402999569617,1456399000.0,1456398000.0,4944986000.0,0.0,3974081000.0,845000.0,3489178500.0,0.23834558512421822
日本製鋼所,5631,機械,プライム（内国株式）,JP,2025-03-31,東京都,696506318848.0,3.4225976,33.984627,31.569466,16.894270888744103,0.30719998,0.009761273,299.72,278.42,194.01999870852634,248556000000.0,22827000000.0,0.08144,17961000000.0,0.0,0.105450004,0.4853261060679892,203022000000.0,167637000000.0,295595000000.0,43527000000.0,75899000000.0,24629000000.0,109813300000.0,0.15766303481873334
三菱製鋼,5632,鉄鋼,プライム（内国株式）,JP,2025-03-31,東京都,27354611712.0,0.64248866,6.626374,9.121161,-20.98139599135984,0.373,0.040370975,198.33,273.0,-63.49999800129005,159584000000.0,6564000000.0,0.02242,2363000000.0,0.01505,0.05906,0.307520895382463,88817000000.0,45429000000.0,83281000000.0,52352000000.0,16163000000.0,6009000000.0,-1329700000.0,-0.04860971941402785
メタルアート,5644,鉄鋼,スタンダード（内国株式）,JP,2025-03-31,滋賀県,14828475392.0,0.5939943,,8.112002,4.924204244889983,0.22540002,0.027586207,638.56,,719.0363081099423,43954000000.0,2996000000.0,0.10054,1998000000.0,0.048189998,0.09182,0.5300829172409118,17748000000.0,14673000000.0,24461000000.0,4519000000.0,9734000000.0,243000000.0,6883100000.0,0.4641812336090499
日亜鋼業,5658,鉄鋼,スタンダード（内国株式）,JP,2025-03-31,兵庫県,16986337280.0,0.32294747,,30.983606,11.847553680642624,0.8203,0.025906736,12.2,,26.185977711012185,34126910000.0,1349455000.0,0.05651,1065449000.0,0.02466,0.01638,0.71616854007155,16963510000.0,11729167000.0,35828607000.0,3275204000.0,11130212000.0,17628222000.0,31204852400.0,1.8370559753774063
日本精線,5659,鉄鋼,プライム（内国株式）,JP,2025-03-31,大阪府,45485834240.0,1.0826577,2.6333568,17.882154,14.428781418708802,0.53080004,0.029911624,82.82,562.4,84.52329270530396,46749000000.0,4577000000.0,0.07761,3250000000.0,0.050869998,0.05684,0.737366688139718,13981000000.0,9326000000.0,38121000000.0,272000000.0,17065000000.0,68000000.0,24187600000.0,0.5317611604610201
神鋼鋼線工業,5660,鉄鋼,スタンダード（内国株式）,JP,2025-03-31,兵庫県,8888186880.0,0.36282668,,9.330604,7.761908326812137,0.3414,0.036987223,161.19,,153.2994923857868,34293000000.0,1169000000.0,0.02496,1034000000.0,0.029260002,0.04046,0.5449059685578821,20061000000.0,11615000000.0,24471000000.0,10370000000.0,3330000000.0,1883000000.0,5728100000.0,0.6444621470425248
パウダーテック,5695,鉄鋼,スタンダード（内国株式）,JP,2025-03-31,,7521300480.0,0.60073876,,21.709919,22.22643198847487,1.2588,0.05668934,119.07,,96.84004578523192,9136295000.0,332238000.0,0.033689998,318421000.0,0.034,0.02377,0.8081650953666691,3034344000.0,2006466000.0,8740409000.0,714696000.0,436841000.0,,5706065000.0,0.7586540406373978
サンユウ,5697,鉄鋼,スタンダード（内国株式）,JP,2025-03-31,大阪府,4098123520.0,0.40161926,,7.30446,8.195171017223302,0.237,0.032305434,92.82,,64.0000026472399,24444766000.0,668625000.0,0.03964,450913000.0,0.0224,0.05921,0.5107386427325713,8749710000.0,8168735000.0,13797018000.0,1904378000.0,3129061000.0,536076000.0,5422561200.0,1.323181493563181
エンビプロ・ホールディングス,5698,鉄鋼,スタンダード（内国株式）,JP,2025-06-30,静岡県,28798291968.0,1.6463317,19.188679,17.290037,27.177454208251437,0.2548,0.014204546,58.82,53.0,17.15999992976137,49090744000.0,972493000.0,0.06995,1175558000.0,0.03888,0.10137,0.5500895799805006,13989518000.0,8729063000.0,15874523000.0,7735349000.0,7007668000.0,3705560000.0,4478897000.0,0.15552648070159325
イボキン,5699,鉄鋼,スタンダード（内国株式）,JP,2025-12-31,兵庫県,6810473472.0,1.329911,14.153006,11.380238,8.03305988875046,0.1758,0.015009381,182.07,146.4,157.54497723551097,10005640000.0,643117000.0,0.0694,598469000.0,0.059770003,0.12605,0.6319539873084604,2957665000.0,1358659000.0,3647206000.0,1512464000.0,1672900000.0,681546000.0,1166623200.0,0.17129839867908672
大紀アルミニウム工業所,5702,非鉄金属,プライム（内国株式）,JP,2025-03-31,大阪府,58567114752.0,0.81758696,7.628866,550.18585,14.09699999320952,20.676699,0.036789298,2.69,194.0,78.89999974705302,299795000000.0,4840000000.0,0.02333,699000000.0,0.0,,0.44743562264613124,89583000000.0,78504000000.0,127689000000.0,67267000000.0,7341000000.0,5519000000.0,41969300000.0,0.7166018025254829
日本軽金属ホールディングス,5703,非鉄金属,プライム（内国株式）,JP,2025-03-31,東京都,179179143168.0,0.7400757,11.886083,13.769763,10.345357461766776,0.3549,0.025312183,211.26,244.74,160.47355116876543,550180000000.0,21744000000.0,0.04684,12375000000.0,0.02503,0.06436,0.42830792181618094,293826000000.0,186528000000.0,304858000000.0,168828000000.0,34707000000.0,38369000000.0,37890300000.0,0.2114660184777963
ＪＭＣ,5704,非鉄金属,グロース（内国株式）,JP,2025-12-31,神奈川県,2221479936.0,1.3488177,9.237875,,48.83720562057193,0.0,0.0,-227.75,43.3,9.030000680756302,3223030000.0,103588000.0,0.1146,-1263645000.0,-0.39187,-0.55541,0.5754242980234529,1215570000.0,787872000.0,1295686000.0,749187000.0,425004000.0,,80116000.0,0.03606424649698029
三井金属,5706,非鉄金属,プライム（内国株式）,JP,2025-03-31,東京都,2164366376960.0,5.9593687,62.894863,46.411484,9.660148071251486,0.2328,0.004680396,815.1,601.48,454.7099988085055,712344000000.0,74743000000.0,0.17909001,64662000000.0,0.08451,0.18378,0.5039091472830515,317090000000.0,189472000000.0,370889000000.0,168136000000.0,44469000000.0,64220000000.0,98753000000.0,0.04562674834133457
東邦亜鉛,5707,非鉄金属,プライム（内国株式）,JP,2025-03-31,東京都,18044835840.0,6.7331367,-18.057066,,-0.3215197795573926,0.0,0.0,-456.94,-73.6,-3421.25141263244,126267000000.0,5626000000.0,0.09561,-1458000000.0,0.010829999,0.46137002,0.10151159628999284,89219000000.0,23040000000.0,74896000000.0,73527000000.0,20979000000.0,156000000.0,-14213800000.0,-0.7876935055564351
三菱マテリアル,5711,非鉄金属,プライム（内国株式）,JP,2025-03-31,東京都,704754614272.0,0.98288435,16.044388,47.419327,11.654407678759735,0.8774,0.018024513,113.73,336.13,228.0699993700574,1962076000000.0,37119000000.0,0.036140002,34076000000.0,0.01208,0.03817,0.28511563583395255,1682071000000.0,1297333000000.0,1464306000000.0,593098000000.0,91605000000.0,310772000000.0,-224600000.0,-0.00031869248593995817
住友金属鉱山,5713,非鉄金属,プライム（内国株式）,JP,2025-03-31,東京都,2700924682240.0,1.4208148,24.550573,112.81501,19.92076695523974,1.3504,0.011661808,88.49,406.63,213.27999978221064,1593348000000.0,-15889000000.0,0.14564,16487000000.0,0.0,0.05041,0.601487247370318,1019236000000.0,503635000000.0,976294000000.0,560303000000.0,159712000000.0,760057000000.0,489097900000.0,0.1810853531814774
ＤＯＷＡホールディングス,5714,非鉄金属,プライム（内国株式）,JP,2025-03-31,東京都,571808677888.0,1.43789,20.20482,28.736206,10.418946172896108,0.4415,0.015095099,339.85,483.35,467.89999885263455,678672000000.0,32226000000.0,0.0053,27128000000.0,0.0,0.05696,0.5915042529215173,257503000000.0,201658000000.0,367039000000.0,132860000000.0,43577000000.0,76709000000.0,163232300000.0,0.2854666365031492
古河機械金属,5715,非鉄金属,プライム（内国株式）,JP,2025-03-31,東京都,140430475264.0,1.0443181,33.644135,10.331417,3.9877901650211274,0.1432,0.013528748,419.11,128.7,429.2799944828574,201216000000.0,9765000000.0,0.06504,18619000000.0,0.07135,0.109239995,0.5087726121809207,123535000000.0,53114000000.0,116759000000.0,57200000000.0,24846000000.0,19903000000.0,7156100000.0,0.05095831219361044
エス・サイエンス,5721,非鉄金属,スタンダード（内国株式）,JP,2025-03-31,東京都,17339195392.0,4.6430917,,,8.72458059497249,0.0,0.0,-2.54,,2.7508485638644817,634428000.0,-292074000.0,-0.18181999,-96734000.0,0.044320002,0.01839,0.9548974061169183,135606000.0,33277000.0,2912570000.0,,1761709000.0,1377000.0,2777927900.0,0.1602108885214874
アサカ理研,5724,非鉄金属,スタンダード（内国株式）,JP,2025-09-30,福島県,16437724160.0,3.2306857,,54.67313,12.395846337768349,0.2008,0.0035714286,59.81,,74.15592108715357,8685989000.0,492944000.0,0.12053,300240000.0,0.046479996,0.08474,0.35677335896401446,8880625000.0,3085578000.0,7922223000.0,5514768000.0,4150929000.0,207304000.0,-813289200.0,-0.04947699523873748
大阪チタニウムテクノロジーズ,5726,非鉄金属,プライム（内国株式）,JP,2025-03-31,兵庫県,96816693248.0,2.145095,7.2260365,15.906893,9.628814479407144,0.1815,0.010901162,165.4,364.1,263.29999930159875,51914000000.0,10095000000.0,0.11123,7090000000.0,0.10312,0.11534,0.42445380232846175,58087000000.0,27999000000.0,61880000000.0,43700000000.0,4619000000.0,,3793000000.0,0.03917712816615284
東邦チタニウム,5727,非鉄金属,プライム（内国株式）,JP,2025-03-31,神奈川県,238117486592.0,4.0421934,34.191963,72.35561,21.95839618000635,0.4105,0.005671642,46.23,97.83,69.57000034792026,88974000000.0,5880000000.0,0.0791,3726000000.0,0.02991,0.03884,0.4674707485173906,66449000000.0,43740000000.0,69735000000.0,53042000000.0,4599000000.0,,3286000000.0,0.013799910485492246
日本精鉱,5729,非鉄金属,スタンダード（内国株式）,JP,2025-03-31,東京都,23362121728.0,1.5029315,5.0147305,4.5274057,2.7883607552316656,0.1283,0.026892431,526.35,475.2,205.84347999832949,25179512000.0,3598009000.0,0.13708,2456081000.0,0.14193,0.42617,0.5699251961296528,9004714000.0,7542314000.0,14972851000.0,4003188000.0,2128680000.0,173118000.0,6089319600.0,0.26064925398885413
ＵＡＣＪ,5741,非鉄金属,プライム（内国株式）,JP,2025-03-31,東京都,525283360768.0,1.5972198,5.200323,28.862799,14.241772341724388,0.3976,0.0136100715,100.51,557.85,71.84500002711425,998781000000.0,55688000000.0,0.09246001,27979000000.0,0.02535,0.09786,0.2996084560301689,650418000000.0,384333000000.0,479545000000.0,349553000000.0,26329000000.0,10660000000.0,-163411000000.0,-0.3110911409055143
エヌアイシ・オートテック,5742,非鉄金属,スタンダード（内国株式）,JP,2025-03-31,富山県,4184489472.0,1.0163933,3.9896104,21.917809,-6.927372460977678,1.1698,0.05324675,35.04,192.5,-110.07379205565367,6647358000.0,231618000.0,-0.07273,212061000.0,-0.04203,-0.059359998,0.46470912852468743,3944969000.0,2654442000.0,3747297000.0,1893619000.0,598750000.0,245453000.0,-25854900.0,-0.0061787465766146394
日本伸銅,5753,非鉄金属,スタンダード（内国株式）,JP,2025-03-31,大阪府,5524150272.0,1.2661421,,7.666301,7.404673285554353,0.044499997,0.0,337.19,,259.5411779615402,26122000000.0,1835000000.0,-0.0055400003,964000000.0,-0.02103,-0.06956,0.7227752822629598,4567000000.0,4096000000.0,13362000000.0,1500000000.0,187000000.0,533000000.0,9168100000.0,1.6596398628889435
ＣＫサンエツ,5757,非鉄金属,プライム（内国株式）,JP,2025-03-31,富山県,36147421184.0,0.686368,,8.359834,8.088830313560011,0.17559999,0.021052632,512.57,,458.1189240701807,125108000000.0,10263000000.0,0.11078,5207000000.0,0.011519999,0.0345,0.6009083069847657,27938000000.0,25021000000.0,62961000000.0,10575000000.0,3696000000.0,1759000000.0,36254300000.0,1.0029567480196155
古河電気工業,5801,非鉄金属,プライム（内国株式）,JP,2025-03-31,東京都,3094616997888.0,8.193616,148.33423,87.95537,33.504535419579,0.24069999,0.0027112516,500.14,296.56,92.40000056791641,1201762000000.0,47098000000.0,0.04665,33366000000.0,0.041389998,0.14886,0.34593056242249365,613681000000.0,394461000000.0,556437000000.0,318628000000.0,59967000000.0,98794000000.0,11911800000.0,0.0038492000813443185
住友電気工業,5802,非鉄金属,プライム（内国株式）,JP,2025-03-31,大阪府,8232038825984.0,3.3095753,47.7537,38.095066,11.489957500049261,0.4009,0.010776699,277.07,221.03,191.98000001359168,4679789000000.0,320663000000.0,0.08986,193771000000.0,0.05224,0.110249996,0.5156653110829382,1911192000000.0,1286843000000.0,2320091000000.0,756562000000.0,295903000000.0,604733000000.0,832212100000.0,0.1010942875260945
フジクラ,5803,非鉄金属,プライム（内国株式）,JP,2025-03-31,東京都,9769584689152.0,19.26895,19.485537,75.34474,11.708300834126225,0.344,0.004570725,78.32,302.84,30.826666659511588,979375000000.0,135519000000.0,0.1758,91123000000.0,0.0,0.31145,0.49077509884897996,394977000000.0,281102000000.0,561343000000.0,163366000000.0,184991000000.0,34348000000.0,190409600000.0,0.01949004037105364
ＳＷＣＣ,5805,非鉄金属,プライム（内国株式）,JP,2025-03-31,神奈川県,458717331456.0,4.9917006,35.960533,30.268093,12.195674524489393,0.3441,0.012071331,511.76,430.75,297.12000350169944,237862000000.0,20939000000.0,0.10989001,11400000000.0,0.06269,0.19093001,0.42314131517852177,112090000000.0,98075000000.0,110518000000.0,54164000000.0,19449000000.0,6207000000.0,2772900000.0,0.006044899134721217
オーナンバ,5816,非鉄金属,スタンダード（内国株式）,JP,2025-12-31,大阪府,23264339968.0,0.8382035,,15.3505945,4.3041809632512456,0.32990003,0.021166753,124.36,,228.41998468493338,44441960000.0,2600495000.0,0.07148,1514728000.0,0.03407,0.05481,0.6600410008861933,13642658000.0,10452672000.0,29241873000.0,2552075000.0,7228236000.0,,15599215000.0,0.670520419726356
ＪＭＡＣＳ,5817,非鉄金属,スタンダード（内国株式）,JP,2025-02-28,兵庫県,8393693696.0,1.5714742,,20.97273,,0.21069999,0.006381621,71.14,,,,,0.06385,,0.01286,0.01284,0.5098714264081726,5036324000.0,2593518000.0,5498572000.0,3568696000.0,1746664000.0,213933000.0,612001100.0,0.07291201253765646
カナレ電気,5819,非鉄金属,スタンダード（内国株式）,JP,2025-12-31,愛知県,12841114624.0,0.67412525,,10.678121,9.089709094967029,0.3756,0.035106383,175.78,,152.63655420702247,13114992000.0,1582803000.0,0.0691,1200929000.0,0.09151,0.064840004,0.903852038464442,2026333000.0,1700822000.0,14144179000.0,,9266101000.0,4425898000.0,15215974600.0,1.1849418874870405
三ッ星,5820,非鉄金属,スタンダード（内国株式）,JP,2025-03-31,大阪府,2877037568.0,0.4199443,,15.654293,51.384325831499254,0.31870002,0.02004717,53.34,,35.925915165601396,10876358000.0,118376000.0,0.06396,168237000.0,0.020739999,0.03452,0.5207143793999801,6087908000.0,3462386000.0,7991076000.0,3399450000.0,2039859000.0,466748000.0,2229891600.0,0.7750651659200023
平河ヒューテック,5821,非鉄金属,プライム（内国株式）,JP,2025-03-31,東京都,58852118528.0,1.3608685,26.588629,20.740934,13.105979022534653,0.2401,0.010698168,191.65,149.5,97.90048212597542,30802000000.0,2268000000.0,0.13134,2026000000.0,0.09399,0.080860004,0.8219335116545663,8388000000.0,4700000000.0,30099000000.0,2949000000.0,13778000000.0,2183000000.0,23239100000.0,0.3948727859124317
いよぎんホールディングス,5830,銀行業,プライム（内国株式）,JP,2025-03-31,愛媛県,857854181376.0,0.9872761,20.727783,13.1253605,8.598960076318706,0.24360001,0.01823003,225.67,142.9,128.83999981573766,170454000000.0,,0.57031,53321000000.0,0.34435,0.08351,0.08720584551465861,8398864000000.0,,,696514000000.0,1120284000000.0,1853196000000.0,,
しずおかフィナンシャルグループ,5831,銀行業,プライム（内国株式）,JP,2025-03-31,静岡県,1444726833152.0,1.1670345,21.69585,17.09399,12.795576599341798,0.4661,0.027131073,158.74,125.07,104.14999991687473,221213000000.0,,0.35810003,74618000000.0,0.0,0.07481,0.07425729059900689,14547910000000.0,,,1375885000000.0,993913000000.0,3320412000000.0,,
ちゅうぎんフィナンシャルグループ,5832,銀行業,プライム（内国株式）,JP,,,506643447808.0,0.82968974,19.166107,16.868896,,0.4293,0.02502589,168.95,148.7,,,,0.41908002,,0.26563,0.06578,,,,,,,,,
ＳＢＩリーシングサービス,5834,証券、商品先物取引業,グロース（内国株式）,JP,2025-03-31,,43738247168.0,1.5995394,,7.612142,7.459991988328174,0.3032,0.038394414,362.71,,220.59999486738624,41916000000.0,6729000000.0,0.11522,4388000000.0,0.106400006,0.25305,0.23795343032984487,80607000000.0,70806000000.0,94742000000.0,72402000000.0,8936000000.0,,14135000000.0,0.3231725301132214
楽天銀行,5838,銀行業,プライム（内国株式）,JP,2025-03-31,東京都,1065837002752.0,3.0104744,20.40012,17.05145,15.085559854512718,0.0,0.0,358.21,299.41,199.86000049564538,123549000000.0,,0.52104,50779000000.0,0.36905,0.19795999,0.02049300955837349,14429525000000.0,,,2769259000000.0,4241858000000.0,4710829000000.0,,
インテグラル,5842,証券、商品先物取引業,グロース（内国株式）,JP,2025-12-31,東京都,123898699776.0,1.9848562,,21.108791,8.439149489104716,0.2146,0.010235132,172.44,,510.6499968651968,9333000000.0,9253000000.0,0.74167997,6077000000.0,0.44522998,0.101169996,0.7493367585801232,20876000000.0,6744000000.0,22128000000.0,3827000000.0,19277000000.0,264000000.0,1436800000.0,0.011596570445029946
ニッポンインシュア,5843,その他金融業,スタンダード（内国株式）,JP,2025-09-30,福岡県,6769615360.0,2.5718348,,12.772063,8.431979552866409,0.1028,0.0,184.7,,99.81001531421943,3744732000.0,,0.23569,528467000.0,0.14914,0.24744,0.4674363644641923,2842329000.0,,,494915000.0,2759797000.0,20000000.0,,
京都フィナンシャルグループ,5844,銀行業,プライム（内国株式）,JP,2025-03-31,京都府,1215775113216.0,1.028546,30.76923,29.311052,23.8616149395542,0.4793,0.0069236094,146.02,139.1,106.46999999848246,131089000000.0,,0.38535,36552000000.0,0.27371,0.03783,0.08905291773633064,11077950000000.0,,,505350000000.0,1341005000000.0,3319869000000.0,,
全保連,5845,その他金融業,スタンダード（内国株式）,JP,2025-03-31,沖縄県,26071023616.0,3.4116936,,14.169752,11.64320318353319,0.49830002,0.0,70.22,,67.28999898233721,25658000000.0,2549000000.0,0.1429,1621000000.0,0.05866,0.21017,0.3159212722959318,15571000000.0,15485000000.0,16677000000.0,1322000000.0,7768000000.0,,1106000000.0,0.04242257673846142
リョービ,5851,非鉄金属,プライム（内国株式）,JP,2025-12-31,広島県,80827867136.0,0.45037487,8.657581,7.3354506,10.179689698877235,0.2887,0.03900156,346.4,293.5,214.2600026440333,309111000000.0,12666000000.0,0.05716,11182000000.0,0.036170002,0.06385,0.5221101200346779,154186000000.0,95830000000.0,165392000000.0,74741000000.0,31153000000.0,23102000000.0,27377400000.0,0.3387123893042373
アーレスティ,5852,非鉄金属,プライム（内国株式）,JP,2025-03-31,東京都,21374253056.0,0.4030347,6.716301,11.402341,-2.5063490631520353,0.45259997,0.03876853,75.16,127.6,-300.53270681170517,162929000000.0,3376000000.0,0.033239998,-2892000000.0,0.0136899995,0.044310004,0.38769818187241784,82106000000.0,63669000000.0,64114000000.0,40142000000.0,13546000000.0,1460000000.0,-16970000000.0,-0.7939458728938519
エルアイイーエイチ,5856,小売業,スタンダード（内国株式）,JP,2025-03-31,,2941120768.0,1.1832763,,,-2.447558108875924,0.0,0.0,-30.66,,-17.9771012751185,10311719000.0,-1649271000.0,-0.124230005,194942000.0,-0.31131,-0.76822,0.4725797052132822,3273481000.0,2659749000.0,5348661000.0,1344341000.0,1829499000.0,4419000.0,2078273300.0,0.7066263047107898
ＡＲＥホールディングス,5857,非鉄金属,プライム（内国株式）,JP,2025-03-31,兵庫県,292723556352.0,1.8194357,21.364653,17.416677,6.125123418919034,0.45630002,0.02503129,219.33,178.8,287.010001179331,506211000000.0,18053000000.0,0.08767,14319000000.0,0.043449998,0.15116,0.2577376810322486,363689000000.0,311251000000.0,419630000000.0,289862000000.0,17555000000.0,589000000.0,56353300000.0,0.19251371738677284
ＳＴＧ,5858,非鉄金属,グロース（内国株式）,JP,2025-03-31,大阪府,3031254272.0,1.0238142,,10.301843,10.010318900794037,0.122600004,0.011961723,142.79,,115.88002172315154,6426069000.0,485124000.0,0.06413,389156000.0,0.04024,0.10423,0.36431705321158064,4228952000.0,2485708000.0,3967420000.0,2961736000.0,1064582000.0,66306000.0,-215117800.0,-0.07096659689260143
エスネットワークス,5867,サービス業,グロース（内国株式）,JP,2025-12-31,東京都,3738138112.0,2.1360784,,16.610926,10.427382590646717,0.6966,0.042016808,71.76,,100.24887501117429,3418693000.0,306286000.0,0.0917,217536000.0,0.06349,0.13262999,0.6520866796081811,861015000.0,593486000.0,2003210000.0,395041000.0,1380687000.0,70054000.0,1191232800.0,0.3186700877038114
ロココ,5868,サービス業,スタンダード（内国株式）,JP,2025-12-31,大阪府,3987996928.0,1.3477514,,12.733548,9.4606574013607,0.4166,0.032198712,84.03,,73.67000465574884,9189733000.0,525175000.0,0.04514,317729000.0,0.0345,0.11107001,0.5923204553212793,2037420000.0,1420611000.0,3476827000.0,758445000.0,1944955000.0,519588000.0,1803118600.0,0.4521364064601406
早稲田学習研究会,5869,サービス業,スタンダード（内国株式）,JP,2025-03-31,東京都,13247825920.0,1.8073455,,12.970258,9.684820988115835,0.3449,0.0,101.54,,106.23125504736043,6986676000.0,1492867000.0,0.32217,1038819000.0,0.14189,0.14295,0.7530647324136613,2300002000.0,1409630000.0,4419070000.0,,3769356000.0,524590000.0,2486281000.0,0.18767464299530892
ナルネットコミュニケーションズ,5870,サービス業,グロース（内国株式）,JP,2025-03-31,,5460070400.0,2.1793957,,13.949053,14.779683712597292,0.2043,0.0,73.41,,57.664734719656025,8542662000.0,442130000.0,0.067,238333000.0,0.03101,,0.34576412166181025,6487454000.0,4836714000.0,4646635000.0,1715696000.0,859483000.0,,-1840819000.0,-0.33714198996408545
ＳＯＬＩＺＥ　Ｈｏｌｄｉｎｇｓ,5871,サービス業,スタンダード（内国株式）,JP,2025-12-31,東京都,7512859648.0,0.6632699,,,30.79623932819036,0.9804,0.038814396,-6.8,,47.939995734472824,25779000000.0,86000000.0,0.09234,-36000000.0,-0.0014,-0.00316,0.7215109242626919,4372000000.0,4118000000.0,11008000000.0,,4690000000.0,,6636000000.0,0.8832855012493905
クラダシ,5884,小売業,グロース（内国株式）,JP,2024-06-30,東京都,6238961664.0,4.0884504,,131.79488,283.92857862631706,0.0,0.0,3.9,,1.119999971607384,,,0.03778,,0.01311,,0.7173932175142252,411038000.0,316841000.0,1279642000.0,130780000.0,982345000.0,,868604000.0,0.13922252560261925
ジーデップ・アドバンス,5885,卸売業,スタンダード（内国株式）,JP,2025-05-31,宮城県,16100768768.0,4.8365593,,25.549402,32.80858484367516,0.199,0.0,115.58,,78.599996036373,6630931000.0,839910000.0,0.12535,536804000.0,0.11236,0.21511999,0.6188262001289766,1756673000.0,1027257000.0,4391214000.0,,3334112000.0,,2634541000.0,0.1636282737775916
ＤＡＩＷＡ　ＣＹＣＬＥ,5888,小売業,グロース（内国株式）,JP,2025-01-31,大阪府,9252224000.0,1.4686221,10.832529,10.00089,8.848416982473394,0.2077,0.0,336.97,311.1,226.05995050190205,18349324000.0,1375811000.0,0.02303,898245000.0,0.04492,0.16012,0.6436757503120238,3061642000.0,2981103000.0,6126742000.0,,2220340000.0,,3065100000.0,0.33128251110219553
Ｊａｐａｎ　Ｅｙｅｗｅａｒ　Ｈｏｌｄｉｎｇｓ,5889,小売業,プライム（内国株式）,JP,2025-01-31,福井県,54775607296.0,3.0122082,16.225876,14.706835,12.721931858226206,0.544,0.03858521,154.35,139.9,108.03040639313907,16666000000.0,5328000000.0,0.31372,3994000000.0,0.20295,0.21862,0.42286199881544045,22412000000.0,5220000000.0,7436000000.0,16649000000.0,3931000000.0,1961000000.0,-13603300000.0,-0.248345945787321
魁力屋,5891,小売業,スタンダード（内国株式）,JP,2025-12-31,京都府,8289122816.0,1.604104,,28.202658,18.658177428734724,0.4429,0.0,51.91,,93.67000364998034,14721631000.0,764871000.0,0.07132,297445000.0,0.020179998,0.058790002,0.5332888766977967,4519091000.0,2591612000.0,4570051000.0,1842677000.0,3452275000.0,,50960000.0,0.006147815773900098
ｙｕｔｏｒｉ,5892,小売業,グロース（内国株式）,JP,2025-03-31,東京都,11590691840.0,7.6948547,,26.75167,59.03286634789718,0.0,0.0,80.78,,47.76999956906974,8306109000.0,671476000.0,0.108009994,423973000.0,0.02722,,0.1591888688025537,4470349000.0,2507449000.0,3873137000.0,3024559000.0,983419000.0,,-597212000.0,-0.05152513829579995
ダイケン,5900,金属製品,スタンダード（内国株式）,JP,2025-02-28,大阪府,4496378880.0,0.32853854,,15.187997,,0.3704,0.0,53.99,,,,,0.06553,,0.02559,0.02201,0.8368518140781178,2574658000.0,2303531000.0,9885120000.0,,3593026000.0,1216792000.0,8162216400.0,1.8152866157044132
東洋製罐グループホールディングス,5901,金属製品,プライム（内国株式）,JP,2025-03-31,東京都,499083018240.0,0.749833,-31.760765,11.673057,17.04483109495895,0.3623,0.030320872,284.33,-104.5,130.1499999188078,922516000000.0,34204000000.0,0.04572,22394000000.0,0.04815,0.06928,0.5550588166758904,506797000000.0,282472000000.0,594327000000.0,226292000000.0,119839000000.0,167035000000.0,204454500000.0,0.40966030204955106
ホッカンホールディングス,5902,金属製品,プライム（内国株式）,JP,2025-03-31,,27299041280.0,0.46150666,5.8619776,7.842513,7.644614910724804,0.35369998,0.04464286,282.69,378.2,222.15867309420705,92419000000.0,4504000000.0,-0.026689999,3262000000.0,0.03513,0.05069,0.43445961775352737,70098000000.0,33772000000.0,51675000000.0,43100000000.0,13374000000.0,11920000000.0,-10079000000.0,-0.36920710499031856
シンポ,5903,金属製品,スタンダード（内国株式）,JP,2025-06-30,愛知県,6677791744.0,0.9580759,11.45283,14.485146,11.669840878648513,0.5014,0.03442623,83.81,106.0,116.78468084956083,7368800000.0,976345000.0,0.09398,586465000.0,0.0669,0.067,0.7956553736053612,1777636000.0,1029863000.0,3663921000.0,566724000.0,2277044000.0,446353000.0,2198732100.0,0.32926035795823705
日本製罐,5905,金属製品,スタンダード（内国株式）,JP,2025-03-31,,1779661824.0,0.44839045,,,9.50057933263862,1.6714,0.015151516,-217.14,,195.4999765886408,11259429000.0,-540732000.0,-0.023629999,-335325000.0,0.03664,0.08821,0.3157461561235917,7946675000.0,5101771000.0,7084268000.0,3112162000.0,1901368000.0,1663686000.0,302173200.0,0.16979248300153457
エムケー精工,5906,金属製品,スタンダード（内国株式）,JP,2025-03-31,長野県,12366076928.0,0.65913755,,7.949866,8.5094955612327,0.089499995,0.011235955,111.7,,48.674488403819915,28268214000.0,1993435000.0,0.16099001,1334649000.0,0.07119,0.114630006,0.6349707079545384,9594715000.0,7081761000.0,16843687000.0,4286102000.0,5147602000.0,2419849000.0,8942866300.0,0.7231773142014858
コロナ,5909,金属製品,スタンダード（内国株式）,JP,2025-03-31,新潟県,28309004288.0,0.36516908,,40.232754,20.27136961022463,1.1638,0.028747434,24.06,,44.73592445451973,85214000000.0,1344000000.0,0.07879,1103000000.0,0.00858,0.009509999,0.7461898147242384,25946000000.0,22691000000.0,52536000000.0,,3544000000.0,22664000000.0,42454800000.0,1.4996924500801432
横河ブリッジホールディングス,5911,金属製品,プライム（内国株式）,JP,2025-03-31,東京都,114724257792.0,0.86969,9.001637,9.551741,9.809165902501926,0.377,0.03885135,305.18,323.83,273.36000026934744,159368000000.0,16677000000.0,0.11509,12859000000.0,0.080520004,0.093760006,0.5971394076205366,87090000000.0,55497000000.0,154494000000.0,34500000000.0,16832000000.0,10468000000.0,74731600000.0,0.6514019043425986
駒井ハルテック,5915,金属製品,スタンダード（内国株式）,JP,2025-03-31,,12720270336.0,0.3800252,,8.092115,14.44061511404297,0.2041,0.025547445,343.05,,133.95057759489058,40553000000.0,288000000.0,-0.00611,1274000000.0,0.01554,0.01597,0.45907622179908836,37499000000.0,19913000000.0,43863000000.0,19354000000.0,10317000000.0,7519000000.0,11627300000.0,0.9140764852373653
瀧上工業,5918,金属製品,スタンダード（内国株式）,JP,2025-03-31,愛知県,14736759808.0,0.3094614,,25.974024,17.66459276913409,0.36380002,0.014005602,274.89,,449.1137291698456,23840000000.0,-390000000.0,0.0467,200000000.0,0.03892,0.01962,0.6741511756548296,20912000000.0,12374000000.0,25693000000.0,4697000000.0,6860000000.0,21228000000.0,19640600000.0,1.332762442754743
川岸工業,5921,金属製品,スタンダード（内国株式）,JP,2025-09-30,東京都,11605588992.0,0.4036536,,8.1208725,,0.3071,0.0,520.88,,,24219601000.0,1873091000.0,-0.011410001,1447253000.0,0.042859998,0.03625,0.8275077566791431,6035866000.0,5469327000.0,25897119000.0,1663000.0,3176478000.0,1937003000.0,21217155100.0,1.8281842580006473
那須電機鉄工,5922,金属製品,スタンダード（内国株式）,JP,2025-03-31,東京都,22391078912.0,0.6954195,,11.112141,6.635709584435036,0.2604,0.022970904,1727.84,,1586.7848382143259,22939871000.0,2784705000.0,0.16424999,1885168000.0,0.09394,0.07556,0.6606453760863455,14499946000.0,5931862000.0,17953611000.0,5039245000.0,7423599000.0,5294896000.0,7160092200.0,0.3197743274515775
高田機工,5923,金属製品,スタンダード（内国株式）,JP,2025-03-31,東京都,6798225408.0,0.47049302,,,7.544411276588566,0.8801,0.012690355,-57.45,,147.5843793556877,18455160000.0,235340000.0,0.05179,343687000.0,0.066360004,0.07964,0.6579599800098255,10647464000.0,7067646000.0,17467664000.0,6400000000.0,2288699000.0,5023884000.0,10336918800.0,1.5205319299703925
アルメタックス,5928,金属製品,スタンダード（内国株式）,JP,2025-03-31,大阪府,2923520768.0,0.4193685,,35.227272,38.205021189676046,1.0101,0.024305556,7.92,,7.487983080176889,8296000000.0,-214589000.0,0.09563,27798000.0,0.03176,0.04772,0.8175817698430404,2049967000.0,1134590000.0,5388475000.0,,1880895000.0,1631631000.0,4480649700.0,1.5326211289633638
三和ホールディングス,5929,金属製品,プライム（内国株式）,JP,2025-03-31,東京都,765432627200.0,2.4439685,15.840765,13.018914,12.739934690721698,0.4328,0.03292517,279.67,229.85,195.49999957035948,662380000000.0,80515000000.0,0.10055,57512000000.0,0.08884,0.19187,0.6025730954772553,210419000000.0,148676000000.0,362699000000.0,56985000000.0,125495000000.0,33426000000.0,175678200000.0,0.22951490929076507
文化シヤッター,5930,金属製品,プライム（内国株式）,JP,2025-03-31,東京都,130618867712.0,1.1742938,24.531044,9.636241,10.027395135740642,0.41,0.04222341,192.71,75.7,157.1100002950081,228419000000.0,14727000000.0,0.07289,13158000000.0,0.057490002,0.12384,0.5526680391449005,91533000000.0,55554000000.0,117344000000.0,21346000000.0,40109000000.0,19269000000.0,39299300000.0,0.300870009734356
三協立山,5932,金属製品,プライム（内国株式）,JP,2025-05-31,富山県,21749610496.0,0.22534399,8.707654,,-24.64856058880298,1.3699001,0.035460994,-143.33,79.7,-32.50709796790761,359424000000.0,1545000000.0,-0.0026800002,-2336000000.0,-0.01113,-0.03807,0.30367377368915044,205650000000.0,122009000000.0,147710000000.0,89370000000.0,21509000000.0,15447000000.0,-47127100000.0,-2.1668020219795294
アルインコ,5933,金属製品,プライム（内国株式）,JP,2025-03-31,大阪府,20572450816.0,0.6339362,12.203792,11.0836115,9.426410598066443,0.4733,0.042186003,92.93,84.4,101.06000016973907,61601117000.0,2196071000.0,0.052950002,1959988000.0,0.0,0.05683,0.45136833690578626,38888989000.0,21739856000.0,43194051000.0,25947420000.0,6936327000.0,1654079000.0,5462917300.0,0.2655452842668252
東洋シヤッター,5936,金属製品,スタンダード（内国株式）,JP,2025-03-31,大阪府,5882861056.0,0.6015694,13.084507,7.8595605,4.263259346379016,0.3214,0.04121475,118.2,71.0,151.50158868787295,20871090000.0,1301165000.0,0.08189,792635000.0,0.035469998,0.07997,0.5071325617702894,9226440000.0,5998505000.0,11414836000.0,4632774000.0,3799282000.0,169844000.0,2307286800.0,0.39220487753093725
ＬＩＸＩＬ,5938,金属製品,プライム（内国株式）,JP,2025-03-31,,466239717376.0,0.69811606,20.17162,49.754604,-34.714150247604884,2.7641,0.054945055,32.6,80.41,-48.43000006731032,1504697000000.0,29687000000.0,0.0473,2001000000.0,0.00634,0.01543,0.3374943467460198,1210734000000.0,571783000000.0,701241000000.0,657800000000.0,123527000000.0,60994000000.0,-466797200000.0,-1.0011956995580247
大谷工業,5939,金属製品,スタンダード（内国株式）,JP,2025-03-31,東京都,4106231296.0,0.94718075,,14.506317,17.540375749957594,0.0825,0.0,363.29,,429.3803219989861,7899421000.0,473258000.0,0.08101,369163000.0,0.035380002,0.06471,0.53898737216101,3487283000.0,2447281000.0,5754258000.0,478523000.0,1910888000.0,137865000.0,2363480500.0,0.5755838698863202
不二サッシ,5940,金属製品,スタンダード（内国株式）,JP,2025-03-31,東京都,10801283072.0,0.44965065,,3.914526,6.477552723620847,0.11359999,0.028801844,219.95,,135.83769218576637,104754000000.0,2476000000.0,0.02202,2225000000.0,0.02823,0.13073,0.27725838217497567,60696000000.0,35986000000.0,47839000000.0,24407000000.0,13373000000.0,3799000000.0,-10197700000.0,-0.9441193173091946
中西製作所,5941,金属製品,スタンダード（内国株式）,JP,2025-03-31,大阪府,15777072128.0,2.2563133,,9.151198,8.061091974067311,0.3134,0.003968254,277.45,,241.42320293769632,39931992000.0,2631286000.0,-0.0431,1807390000.0,0.01979,0.05785,0.6711693922277281,10018321000.0,8739980000.0,15631859000.0,1857592000.0,2996532000.0,3448020000.0,8027152000.0,0.5087859100139369
日本フイルコン,5942,金属製品,スタンダード（内国株式）,JP,2025-11-30,東京都,11992199168.0,0.52557075,,,15.848764141802517,1.5752001,0.044657096,-37.49,,31.653480618137866,27842145000.0,668029000.0,0.04196,-726153000.0,-0.02022,-0.02231,0.5164247384343428,20404282000.0,14776847000.0,21443279000.0,11599969000.0,5189653000.0,3196345000.0,3276438500.0,0.27321414980688885
ノーリツ,5943,金属製品,プライム（内国株式）,JP,2025-12-31,兵庫県,109145554944.0,0.78018796,34.409687,32.458527,,1.0075,0.03069266,73.54,69.37,,202049000000.0,4301000000.0,0.058730002,3358000000.0,0.016619999,0.02562,0.5900075489522139,92092000000.0,70965000000.0,124114000000.0,6273000000.0,25565000000.0,42454000000.0,61739800000.0,0.5656648136671918
天龍製鋸,5945,金属製品,スタンダード（内国株式）,JP,2025-03-31,静岡県,22365302784.0,0.60070103,,13.671107,11.87525129762813,0.44779998,0.032682344,183.16,,132.5581631554903,13131261000.0,1826997000.0,0.13151,1506382000.0,0.118090004,0.04343,0.9190384488050274,3239007000.0,1407411000.0,20398926000.0,,9754993000.0,9227377000.0,23619082900.0,1.056059161286962
長府製作所,5946,金属製品,プライム（内国株式）,JP,2025-12-31,山口県,67970564096.0,0.49349874,16.291769,31.224619,20.44614333114833,0.71919996,0.022919782,64.02,122.7,92.4500010131507,46501000000.0,1713000000.0,0.089770004,2174000000.0,0.04675,0.01593,0.930137226829466,10345000000.0,8893000000.0,30998000000.0,,3733000000.0,92112000000.0,85131400000.0,1.2524745252924847
リンナイ,5947,金属製品,プライム（内国株式）,JP,2025-03-31,愛知県,483820666880.0,1.182357,15.352934,14.756169,17.84234259631212,0.379,0.025773196,237.46,228.23,184.7500004520545,460319000000.0,46011000000.0,0.11663,29691000000.0,0.0735,0.09237,0.6690625896410402,144870000000.0,108605000000.0,362482000000.0,,264760000000.0,35919000000.0,242755300000.0,0.5017464457759709
ユニプレス,5949,輸送用機器,プライム（内国株式）,JP,2025-03-31,神奈川県,59668258816.0,0.4450294,8.0758095,,8.88737833142487,0.41,0.04379562,-425.25,165.68,118.03847807348806,330045000000.0,12198000000.0,0.0040700003,-21053000000.0,-0.06574,-0.11286,0.44814757506239783,143766000000.0,111521000000.0,157862000000.0,58752000000.0,51267000000.0,8309000000.0,19912300000.0,0.33371679340273513
日本パワーファスニング,5950,金属製品,スタンダード（内国株式）,JP,2025-12-31,大阪府,2498557952.0,1.086329,,,11.925040492915574,0.7496,0.014450867,-2.11,,32.45695533040209,5064474000.0,10456000.0,0.026819998,-30189000.0,-0.00592,-0.01429,0.4094107908684275,3302894000.0,2863028000.0,4221248000.0,1976438000.0,1383548000.0,323705000.0,1144947500.0,0.4582433235472939
ダイニチ工業,5951,金属製品,スタンダード（内国株式）,JP,2025-03-31,,16330668032.0,0.5445915,,12.123032,12.112506054598803,0.2642,0.0,83.23,,54.88016981488097,19902665000.0,1381528000.0,0.19882,1161135000.0,0.08066,0.05722,0.8755751220064504,3970448000.0,3055107000.0,21580965000.0,4106000.0,6568324000.0,2896987000.0,19638407900.0,1.2025477378830107
アマテイ,5952,金属製品,スタンダード（内国株式）,JP,2025-03-31,兵庫県,2228363264.0,1.433036,,13.574007,12.306254084501612,0.36099997,0.02631579,13.85,,11.244453816954872,5583425000.0,239158000.0,0.034879997,142008000.0,0.02628,0.094510004,0.283799695539912,3746842000.0,2691522000.0,3371136000.0,2091397000.0,697563000.0,226000.0,-375547800.0,-0.16853078044639674
ワイズホールディングス,5955,金属製品,スタンダード（内国株式）,JP,2025-03-31,京都府,15627199488.0,1.3182207,,48.148148,45.73194476871514,0.4115,0.008403362,2.43,,1.8200000023690397,11802650000.0,446397000.0,0.05367,260929000.0,0.02826,0.029679999,0.653780971152555,5599639000.0,3066211000.0,8829881000.0,1992587000.0,3435718000.0,261983000.0,3413630100.0,0.21844157698385427
トーソー,5956,金属製品,スタンダード（内国株式）,JP,2025-03-31,東京都,5328847360.0,0.35074636,,7.5056014,15.901970677023877,0.1432,0.0107438015,80.34,,32.79757535313091,22789773000.0,746756000.0,0.06162,500150000.0,0.030369999,0.047909997,0.661953289669582,7424353000.0,6198617000.0,16491957000.0,1972004000.0,3948850000.0,1000493000.0,9767949100.0,1.8330322563414538
日東精工,5957,金属製品,プライム（内国株式）,JP,2025-12-31,京都府,27843661824.0,0.76687425,10.105402,12.9189825,9.988977158707952,0.38759997,0.029754205,59.37,75.9,60.17635952222655,50238187000.0,3431865000.0,0.08202,2152138000.0,0.04284,0.06001,0.6295783893539402,16670611000.0,11833484000.0,35850482000.0,2676843000.0,10493823000.0,697275000.0,19667963500.0,0.7063712964308124
三洋工業,5958,金属製品,スタンダード（内国株式）,JP,2025-03-31,東京都,12912544768.0,0.637688,,9.580976,5.510145268183215,0.3232,0.04380342,480.64,,556.3562502547968,29516000000.0,2061000000.0,0.09048,1588000000.0,0.05173,0.07421,0.7014216424151196,8926000000.0,8057000000.0,20362000000.0,665000000.0,9646000000.0,1027000000.0,12154900000.0,0.941324906777663
岡部,5959,金属製品,プライム（内国株式）,JP,2025-12-31,,43918442496.0,0.7135717,11.537544,13.480017,-38.691754312194824,0.4319,0.03160041,71.81,83.9,-18.909103937373047,69758000000.0,4763000000.0,0.05899,3285000000.0,0.04709,0.0541,0.7278254733623427,23125000000.0,14747000000.0,46777000000.0,6226000000.0,9021000000.0,9834000000.0,30535800000.0,0.6952842192156777
浅香工業,5962,その他製品,スタンダード（内国株式）,JP,2025-03-31,大阪府,1902950528.0,0.42246956,,15.600882,4.874068997973358,0.39349997,0.0,126.98,,314.9492198723314,8448237000.0,304722000.0,0.06388,227649000.0,0.025109999,0.047659997,0.6169368970838548,2622052000.0,2008217000.0,4538608000.0,1066209000.0,1174863000.0,1569285000.0,3015055500.0,1.584410869140577
フジマック,5965,金属製品,スタンダード（内国株式）,JP,2025-12-31,東京都,17011894272.0,0.9198145,,7.2570724,5.194808106061356,0.2237,0.01540832,178.86,,172.91684660645512,47436908000.0,3041683000.0,-0.00041,2343939000.0,0.01051,0.01836,0.5736748773663677,19417786000.0,14614293000.0,23457142000.0,4734444000.0,7652311000.0,3763249000.0,6673630300.0,0.3922920160034251
京都機械工具,5966,金属製品,スタンダード（内国株式）,JP,2025-03-31,京都府,5845150720.0,0.47244996,,13.106138,11.012505536584689,0.43330002,0.033071518,184.57,,238.5550331229722,9046157000.0,847176000.0,0.08543,544801000.0,0.06121,0.04363,0.7522569376125491,4035486000.0,2903739000.0,9557875000.0,900000000.0,3036153000.0,1722807000.0,6728353900.0,1.1511001550358653
ＴＯＮＥ,5967,金属製品,スタンダード（内国株式）,JP,2025-05-31,東京都,10378599424.0,0.8441882,,14.81596,12.394438881417095,0.2786,0.018789144,32.33,,42.675856761283896,7591635000.0,1002074000.0,0.1291,787047000.0,0.11966,0.07786,0.7775159019057789,3233118000.0,1377045000.0,8715492000.0,1803938000.0,1913048000.0,2293262000.0,7087657400.0,0.6829107773068244
ロブテックス,5969,金属製品,スタンダード（内国株式）,JP,2025-03-31,大阪府,2246482176.0,0.458653,,75.1875,8.28020011141931,1.8714999,0.024937656,16.0,,149.86655299752385,5708563000.0,205824000.0,0.0107,77278000.0,-0.00178,-0.00204,0.5622742608052018,3769445000.0,2251715000.0,5757545000.0,2977885000.0,2287897000.0,657409000.0,2448286300.0,1.0898311707771147
ジーテクト,5970,金属製品,プライム（内国株式）,JP,2025-03-31,埼玉県,79246106624.0,0.37025696,6.6463194,6.5385566,6.23421917692884,0.3357,0.05063966,283.09,278.5,307.5200021554272,339233000000.0,16381000000.0,0.03726,12440000000.0,0.0,0.04644,0.6160598159222866,109032000000.0,77375000000.0,141416000000.0,49423000000.0,43002000000.0,10986000000.0,40074200000.0,0.505692982371242
共和工業所,5971,金属製品,スタンダード（内国株式）,JP,2025-04-30,石川県,10217026560.0,0.60859096,,12.406947,5.747326907916204,0.1265,0.010191083,632.71,,1063.0997734230214,10457791000.0,818493000.0,0.08285,708295000.0,0.07875,0.0519,0.8625035244092958,2495833000.0,1607806000.0,12504607000.0,0.0,5269525000.0,2324741000.0,11636092700.0,1.1388922825703216
トーアミ,5973,金属製品,スタンダード（内国株式）,JP,2025-03-31,大阪府,3503173120.0,0.32238108,,27.80027,12.899552664399446,0.71970004,0.02511774,22.23,,41.3935290396645,18104665000.0,-111736000.0,0.015859999,-6437000.0,0.0068300003,0.012259999,0.5644015980192455,8293625000.0,6752902000.0,9645224000.0,4776744000.0,1789091000.0,622914000.0,1787638800.0,0.5102913098396918
中国工業,5974,金属製品,スタンダード（内国株式）,JP,2025-03-31,広島県,2826973952.0,0.49310565,,6.535849,9.256760159094357,0.15100001,0.023094688,132.5,,63.423645320197046,13843000000.0,415000000.0,0.05644,376000000.0,0.02984,0.06963,0.43248453691059524,6582000000.0,4198000000.0,6181000000.0,1528000000.0,512000000.0,2235000000.0,1163500000.0,0.41157082440637927
東プレ,5975,金属製品,プライム（内国株式）,JP,2025-03-31,東京都,119642365952.0,0.5097645,6.6483593,6.5510335,7.248542718027901,0.2164,0.03236246,369.56,364.15,326.70999935322925,373568000000.0,28648000000.0,0.0817,14143000000.0,0.04547,0.07433,0.5919086141756897,147831000000.0,108414000000.0,173927000000.0,50387000000.0,58427000000.0,19610000000.0,39823000000.0,0.33285032173282847
高周波熱錬,5976,金属製品,プライム（内国株式）,JP,2025-03-31,東京都,42190594048.0,0.74385303,16.589743,26.913477,23.73339225117736,1.2287,0.044663135,48.08,78.0,41.88781026419229,57563000000.0,1619000000.0,0.03931,1815000000.0,0.034560002,0.03625,0.7108404966571156,17432000000.0,11205000000.0,44785000000.0,7232000000.0,19143000000.0,9857000000.0,34252900000.0,0.8118610503808188
東京製綱,5981,金属製品,プライム（内国株式）,JP,2025-03-31,東京都,26675953664.0,0.6774964,7.8003616,7.2789345,10.199778320349003,0.375,0.049252905,237.26,221.4,128.07979320889544,62867000000.0,3585000000.0,0.08618,3247000000.0,0.066420004,0.11254,0.4198857718412709,50684000000.0,34771000000.0,40509000000.0,24396000000.0,5972000000.0,7177000000.0,-5151100000.0,-0.19309900087851645
マルゼン,5982,金属製品,スタンダード（内国株式）,JP,2025-02-28,,62734548992.0,1.1996741,14.175351,11.986145,,0.3797,0.031446543,329.13,278.3,,,,0.1069,,0.078099996,0.10351,0.6863328980086731,22162007000.0,18950919000.0,50936324000.0,71998000.0,35847011000.0,3261025000.0,31057034500.0,0.49505471863614475
イワブチ,5983,金属製品,スタンダード（内国株式）,JP,2025-03-31,千葉県,13384418304.0,0.66565967,,15.337423,10.817893470284108,0.2805,0.018287938,837.82,,627.8704232224351,12642063000.0,878621000.0,0.13284999,699171000.0,0.07484,0.05248,0.755417252818536,5211700000.0,2807847000.0,12966330000.0,710825000.0,6114691000.0,2872489000.0,9765372300.0,0.7296075240775738
兼房,5984,金属製品,スタンダード（内国株式）,JP,2025-03-31,愛知県,10341568512.0,0.3439737,,8.304499,10.786284077694624,0.2792,0.033068784,89.59,,63.772374100719425,20231590000.0,747677000.0,0.08705,984449000.0,0.028499998,0.02005,0.7942955313418504,7913346000.0,3837031000.0,20233332000.0,3266990000.0,8061031000.0,658013000.0,12780595100.0,1.2358468722776277
サンコール,5985,金属製品,スタンダード（内国株式）,JP,2025-03-31,京都府,49284239360.0,1.5574355,,13.324052,-1.2115083427170925,0.040999997,0.0,122.11,,-392.6755508291516,63940000000.0,3446000000.0,0.12287,-769000000.0,0.07012,0.13563,0.44189447444952223,33584000000.0,26368000000.0,34996000000.0,15576000000.0,9195000000.0,5898000000.0,5540600000.0,0.11242133533863269
モリテック　スチール,5986,金属製品,スタンダード（内国株式）,JP,2025-03-31,大阪府,5220195328.0,0.34132293,,14.4094,17.59593376019893,0.2472,0.017391304,16.17,,13.940147782723546,50498662000.0,396727000.0,0.0187,329370000.0,0.01202,0.039809998,0.39811048868619536,21914409000.0,18949595000.0,26362167000.0,6391454000.0,4869604000.0,2637164000.0,6293772800.0,1.2056584868082545
オーネックス,5987,金属製品,スタンダード（内国株式）,JP,2024-06-30,東京都,2837746432.0,0.51213616,,12.152581,,0.1418,0.011415525,141.04,,,,,0.097770005,,0.04479,0.0431,0.5937165300920002,3610525000.0,1750575000.0,4536735000.0,2373430000.0,2717562000.0,276603000.0,1119832100.0,0.39462021249402457
パイオラックス,5988,金属製品,プライム（内国株式）,JP,2025-03-31,神奈川県,39593398272.0,0.62364143,12.130045,49.003624,20.476443898974452,2.7744,0.055555556,33.12,133.8,117.87999886614304,63351000000.0,2383000000.0,0.022939999,1792000000.0,0.0,0.0070499997,0.8575817340514299,13685000000.0,12218000000.0,64398000000.0,614000000.0,34883000000.0,4546000000.0,53895200000.0,1.3612168278597614
エイチワン,5989,金属製品,プライム（内国株式）,JP,2025-03-31,埼玉県,36140986368.0,0.49374285,9.756839,4.063034,-0.8177311068120194,0.2183,0.052511416,316.02,131.6,-774.6458720847046,228145000000.0,11861000000.0,0.04736,10728000000.0,0.04257,0.11841,0.358475136388587,112993000000.0,79020000000.0,86362000000.0,65344000000.0,19310000000.0,6982000000.0,-21743600000.0,-0.6016327218797838
スーパーツール,5990,金属製品,スタンダード（内国株式）,JP,2025-03-31,,4706571776.0,0.45803818,,,14.607240349080731,0.4916,0.035,-112.6,,131.6682444061962,5241224000.0,377004000.0,0.03647,-238413000.0,0.036510002,0.01963,0.7693988461421833,3079924000.0,944799000.0,5384456000.0,1084899000.0,1028044000.0,421109000.0,2599308300.0,0.5522721045612288
日本発條,5991,金属製品,プライム（内国株式）,JP,2025-03-31,神奈川県,565135867904.0,1.325801,14.697049,14.416765,8.08653575422963,0.341,0.023775216,193.49,189.8,173.27000032139932,801698000000.0,52161000000.0,0.0635,48167000000.0,0.0,,0.5854568170721199,273171000000.0,194317000000.0,390414000000.0,72287000000.0,97234000000.0,64962000000.0,162716400000.0,0.28792438994093494
中央発條,5992,金属製品,スタンダード（内国株式）,JP,2025-03-31,愛知県,92966830080.0,1.1038193,51.038784,47.714615,12.68867287973713,0.66120005,0.013728129,77.23,72.2,78.84036314264597,110157232000.0,4384469000.0,0.02036,1855455000.0,0.094890006,0.11903,0.5370605326721991,61862005000.0,25694797000.0,55983645000.0,24124610000.0,21653337000.0,31720071000.0,16325689700.0,0.17560768379379382
ファインシンター,5994,金属製品,スタンダード（内国株式）,JP,2025-03-31,愛知県,6370013184.0,0.3629361,,3.3821256,-8.06972234660012,0.045500003,0.013201321,439.96,,-135.6215614020053,42720389000.0,683302000.0,0.02247,-206537000.0,0.035380002,0.094849996,0.2947058832875259,30841252000.0,21421606000.0,21362837000.0,18264704000.0,4420749000.0,1508472000.0,-8422484600.0,-1.3222083466256136
協立エアテック,5997,金属製品,スタンダード（内国株式）,JP,2025-12-31,福岡県,4018938368.0,0.4086364,,8.711566,5.580195728160074,0.2092,0.023781212,95.62,,103.62350517562012,11923263000.0,597947000.0,0.07964,460966000.0,0.03858,0.048860002,0.6264433193531616,5838602000.0,4912746000.0,8992428000.0,1950000000.0,4147633000.0,1247785000.0,4027275500.0,1.002074461272256
アドバネクス,5998,金属製品,スタンダード（内国株式）,JP,2025-03-31,東京都,7397931008.0,0.7664217,,10.86393,20.744280918713773,0.12060001,0.010970927,165.87,,65.37000324336047,28532758000.0,1109300000.0,0.03393,-628784000.0,0.01101,0.03482,0.28392294431026305,20412330000.0,13945450000.0,14653876000.0,13960768000.0,4623849000.0,119478000.0,-5674819400.0,-0.767081957626172
三浦工業,6005,機械,プライム（内国株式）,JP,2025-03-31,愛媛県,380809510912.0,1.6542983,13.867352,13.419507,16.04459547431441,0.2732,0.019964242,245.24,237.32,174.89000025789232,251341000000.0,25323000000.0,0.12144,23312000000.0,0.11163,0.13249,0.46441993575568963,233854000000.0,85609000000.0,179426000000.0,21196000000.0,55251000000.0,12930000000.0,-45377000000.0,-0.11915931377692407
タクマ,6013,機械,プライム（内国株式）,JP,2025-03-31,兵庫県,206249263104.0,1.8713422,22.085005,20.808462,15.916084713424183,0.5067,0.027758008,132.35,124.7,109.42999958310595,151161000000.0,13540000000.0,0.12324,10391000000.0,0.07192,0.10585,0.5695294863266621,81356000000.0,69515000000.0,136309000000.0,12086000000.0,39431000000.0,22102000000.0,70424400000.0,0.3414528563163346
ジャパンエンジンコーポレーション,6016,輸送用機器,スタンダード（内国株式）,JP,2025-03-31,兵庫県,110832214016.0,16.631504,,25.931738,11.913737068227062,0.1489,0.0,509.8,,303.91998188063764,28862663000.0,5090935000.0,0.06992,4326113000.0,0.037920002,0.076069996,0.4211295538499817,19080044000.0,15057564000.0,22787936000.0,4735699000.0,7411720000.0,810450000.0,4275207000.0,0.03857368580025678
阪神内燃機工業,6018,輸送用機器,スタンダード（内国株式）,JP,2025-03-31,兵庫県,16627786752.0,1.0960752,,24.536062,15.863236588647402,0.50189996,0.0,209.08,,140.24997932060262,13337098000.0,611955000.0,0.061339997,536295000.0,0.054970004,0.055409998,0.5918532365148896,10203805000.0,6982423000.0,13025721000.0,,5469225000.0,1943997000.0,4182713900.0,0.25154964773029104
赤阪鐵工所,6022,機械,スタンダード（内国株式）,JP,2025-03-31,東京都,3785393920.0,0.5365223,,24.783104,85.86957363664595,0.2626,0.010857764,114.11,,28.19000057367323,7845996000.0,19148000.0,0.0130900005,38035000.0,0.030669998,0.04118,0.6383446950532611,5075936000.0,3102526000.0,6738659000.0,1835336000.0,723923000.0,2302766000.0,3274659200.0,0.8650775240849967
ダイハツインフィニアース,6023,輸送用機器,スタンダード（内国株式）,JP,2025-03-31,大阪府,63375237120.0,1.3653747,,12.658742,8.435377179695514,0.315,0.026360543,196.86,,162.8699990267023,88781000000.0,7634000000.0,0.106979996,5717000000.0,0.05945,0.10213,0.4594046219318052,51901000000.0,31722000000.0,63573000000.0,14348000000.0,21521000000.0,1472000000.0,12702400000.0,0.20043159721750956
弁護士ドットコム,6027,サービス業,プライム（内国株式）,JP,2025-03-31,東京都,58539302912.0,9.04094,33.768097,43.18599,90.56296019558991,0.0,0.0,59.95,76.67,36.76999948773935,14072375000.0,1389566000.0,0.14086,1049450000.0,0.1004,0.27734,0.4814520537856449,5858032000.0,3253552000.0,6604869000.0,3261026000.0,6240700000.0,522273000.0,1112428100.0,0.019003097827664135
アトラグループ,6029,サービス業,スタンダード（内国株式）,JP,2025-12-31,大阪府,2063613568.0,1.2174735,4.1787944,7.988871,-37.5686559505662,0.0,0.0,25.16,48.1,-3.5934210736108434,3927223000.0,140813000.0,0.047270004,258292000.0,0.09328,0.21024999,0.41088497243228234,2431663000.0,1398676000.0,2786085000.0,1050842000.0,1128639000.0,689716000.0,837223200.0,0.4057073538295325
アドベンチャー,6030,サービス業,グロース（内国株式）,JP,2024-06-30,東京都,12394002432.0,1.3292106,5.872791,,41.74227164941955,0.0,0.0,-289.17,289.13,233.3199956730297,22391725000.0,1489895000.0,0.061550003,712507000.0,-0.082440004,-0.20596,0.37073026337316783,17663416000.0,10175465000.0,24008897000.0,8414007000.0,17007750000.0,1425608000.0,7343406600.0,0.592496785464565
ＺＥＴＡ,6031,サービス業,グロース（内国株式）,JP,2025-12-31,東京都,5863909376.0,6.3738117,,25.647902,,0.39290002,0.0,11.19,,,1858712000.0,396178000.0,-0.06439,231005000.0,-0.06469,-0.12675,0.3083804143126177,2063945000.0,838013000.0,2193755000.0,1750756000.0,1652661000.0,41593000.0,158925100.0,0.027102243539174366
エクストリーム,6033,サービス業,グロース（内国株式）,JP,2025-03-31,東京都,7816413696.0,1.1992042,,7.44632,6.525968090499605,0.2142,0.02853261,196.07,,187.849995459911,11336259000.0,1517847000.0,0.13369,1130351000.0,0.091759995,0.17176001,0.6847055941350876,2371202000.0,2358405000.0,6392698000.0,664600000.0,4605862000.0,1499078000.0,5070850600.0,0.6487438865467133
ＭＲＴ,6034,サービス業,グロース（内国株式）,JP,2025-12-31,東京都,3510837504.0,2.4551966,,64.18511,-11.919090655617335,0.0,0.0,9.94,,-56.54793804948125,4191472000.0,95907000.0,0.041279998,55775000.0,0.010089999,0.01931,0.7171134451602067,1831046000.0,1206091000.0,2893463000.0,552974000.0,1670107000.0,2441553000.0,2771504100.0,0.7894139494756861
アイ・アールジャパンホールディングス,6035,サービス業,スタンダード（内国株式）,JP,2025-03-31,東京都,12931743744.0,2.1874607,5.4393306,16.455696,28.825056132336623,0.5198,0.031506848,44.24,133.84,42.949999026147324,5783745000.0,1005307000.0,0.21664,698937000.0,0.1441,0.15542,0.8135413578223508,1286700000.0,1215827000.0,5136642000.0,200000000.0,4188839000.0,133715000.0,3943542500.0,0.30495056026993295
ＫｅｅＰｅｒ技研,6036,サービス業,プライム（内国株式）,JP,2025-06-30,愛知県,82692071424.0,3.5046444,13.022737,8.8135195,24.182290078568585,0.1571,0.0,343.79,232.67,162.0200004097138,23093316000.0,7098740000.0,0.32161,4888857000.0,0.39183998,0.47561002,0.7267204026744642,6784659000.0,4303815000.0,7735326000.0,1750703000.0,4172742000.0,4365592000.0,4006581400.0,0.04845182048296297
楽待,6037,サービス業,スタンダード（内国株式）,JP,2024-07-31,東京都,18538799104.0,3.5146897,26.295263,13.913044,15.816311946723001,0.1694,0.0,67.85,35.9,37.35445370405855,,,0.55322,,0.4036,0.2543,0.9178583125265176,505881000.0,505880000.0,1802830000.0,,1195216000.0,4165473000.0,4212780100.0,0.22724126176495624
イード,6038,サービス業,グロース（内国株式）,JP,2025-06-30,東京都,4604127744.0,0.9467671,29.872612,10.303164,21.71801988031791,0.1758,0.01722282,91.04,31.4,33.309997368323806,6084749000.0,459898000.0,0.08939999,307986000.0,0.073979996,0.0991,0.7294130554874049,1614050000.0,1174366000.0,4579756000.0,486296000.0,3596433000.0,829496000.0,3546353200.0,0.7702551704004154
日本動物高度医療センター,6039,サービス業,グロース（内国株式）,JP,2025-03-31,神奈川県,18778992640.0,3.97604,6.2656317,27.13352,15.845064681492035,0.1383,0.004878049,53.55,231.9,24.25199980812256,5277736000.0,720974000.0,0.23096001,520982000.0,0.13126999,0.17947,0.47391582937492055,4605193000.0,1554172000.0,1597996000.0,3475051000.0,1107603000.0,,-3007197000.0,-0.1601362254967048
日本スキー場開発,6040,サービス業,グロース（内国株式）,JP,2024-07-31,長野県,20487991296.0,2.3636394,,15.187714,14.124865426186465,0.1706,0.011160715,29.3,,23.95000002736905,,,0.32861,,0.12331,0.17757,0.6118230322136969,3930593000.0,1504659000.0,4046705000.0,2864065000.0,3141302000.0,9459000.0,122733300.0,0.005990499421188352
ニッキ,6042,輸送用機器,スタンダード（内国株式）,JP,2025-03-31,神奈川県,8817262592.0,0.65226084,,16.314116,2.220894972963452,0.3803,0.02296451,289.32,,1184.6777780600153,8360204000.0,885305000.0,0.09114,630548000.0,0.08509,0.05554,0.5577477818595629,10304386000.0,5673413000.0,9415649000.0,8155227000.0,4102694000.0,1883543000.0,429743100.0,0.048738834248841664
三機サービス,6044,サービス業,スタンダード（内国株式）,JP,2025-05-31,兵庫県,10905053184.0,2.0815141,18.469946,13.213448,16.39012478766537,0.1719,0.014757969,127.9,91.5,72.77215056982772,20636072000.0,1020735000.0,0.02033,689068000.0,0.0379,0.19316,0.48378789209928,5135372000.0,4454444000.0,8367577000.0,475299000.0,2500269000.0,307862000.0,3447708400.0,0.3161569541961071
レントラックス,6045,サービス業,グロース（内国株式）,JP,2025-03-31,東京都,13402561536.0,3.4569402,,20.215666,11.369356631107243,0.415,0.020612486,84.39,,43.264547998938916,3862700000.0,1142139000.0,0.18378,668382000.0,0.14942999,0.17286,0.335997335465762,7071307000.0,6977649000.0,9918227000.0,3744124000.0,6114525000.0,599891000.0,3266843700.0,0.24374771130317757
リンクバル,6046,サービス業,グロース（内国株式）,JP,2025-09-30,東京都,3204795392.0,3.9034858,,,-23.00122196882704,0.0,0.0,-10.58,,-6.651820507943315,906312000.0,-89034000.0,0.04264,-197968000.0,-0.17005,-0.17676,0.7228745504555889,310618000.0,174233000.0,1077600000.0,109197000.0,914254000.0,,766982000.0,0.23932323477329812
Ｇｕｎｏｓｙ,6047,サービス業,プライム（内国株式）,JP,2025-05-31,,12358006784.0,1.1233534,245.7143,53.52697,-14.00875985613149,1.8964,0.03512476,9.64,2.1,-49.330000022876476,6098000000.0,576000000.0,0.09666,78000000.0,0.01209,0.00561,0.849190742701558,1939000000.0,1573000000.0,7235000000.0,266000000.0,5369000000.0,5049000000.0,8830300000.0,0.7145407956429229
イトクロ,6049,サービス業,グロース（内国株式）,JP,2025-10-31,東京都,5720960000.0,0.72179437,3.7485044,33.894234,130.97826059344365,0.0,0.0,8.32,75.23,1.8400000038789923,3669622000.0,260524000.0,0.33367002,169691000.0,0.14483,0.84427,0.9330749380429437,660992000.0,611590000.0,7701370000.0,9442000.0,7265332000.0,1874669000.0,8352646300.0,1.4600078133739791
イー・ガーディアン,6050,サービス業,プライム（内国株式）,JP,2025-09-30,東京都,18944342016.0,1.6107266,15.0738,20.04662,18.948833933431235,0.4293,0.021212121,81.51,108.4,92.07999816134607,11321381000.0,1504176000.0,0.08336,943188000.0,0.0,,0.8779765176150666,1675179000.0,1503116000.0,12378065000.0,,10986379000.0,,10702886000.0,0.5649647789804768
リブセンス,6054,サービス業,スタンダード（内国株式）,JP,2025-12-31,東京都,3225032448.0,0.7730171,,,19.90397074114988,0.0,0.0,-0.81,,7.184496091745093,5639875000.0,-368802000.0,-0.03559,-22266000.0,-0.0039,-0.00095,0.881482274870383,523563000.0,512885000.0,4638608000.0,,3639547000.0,53863000.0,4152749100.0,1.2876611838666374
ジャパンマテリアル,6055,サービス業,プライム（内国株式）,JP,2025-03-31,三重県,185918488576.0,3.1657033,17.172964,20.102234,42.04969202007824,0.2669,0.013015185,89.99,105.34,55.32000005453124,52678000000.0,11189000000.0,0.24430001,7872000000.0,0.17085,0.18457001,0.8238409789656327,11121000000.0,9694000000.0,46990000000.0,105000000.0,16318000000.0,413000000.0,36158100000.0,0.19448361632532982
ベクトル,6058,サービス業,プライム（内国株式）,JP,2025-02-28,東京都,55581761536.0,2.5876074,10.719131,10.880543,11.54998510067955,0.30290002,0.027966103,108.91,110.55,98.12000067703639,59254000000.0,8029000000.0,0.109969996,4195000000.0,0.08009,0.26139,0.3983815675940393,21547000000.0,14265000000.0,32346000000.0,11273000000.0,17125000000.0,1326000000.0,11727200000.0,0.2109900743682684
ウチヤマホールディングス,6059,サービス業,スタンダード（内国株式）,JP,2025-03-31,福岡県,6908451840.0,0.47373307,,3.23225,30.978223077878344,0.0908,0.028409092,110.14,,11.049999731388642,29105853000.0,208516000.0,0.00861,2051278000.0,0.073470004,0.15976,0.4585294606634179,16818402000.0,8116903000.0,15736778000.0,12618288000.0,11616659000.0,1334670000.0,-147355000.0,-0.02132967029556654
ユニバーサル園芸社,6061,サービス業,スタンダード（内国株式）,JP,2025-06-30,大阪府,26433331200.0,1.8513334,,12.860151,9.706677014291413,0.0583,0.004403794,223.17,,174.20787894437362,,,0.14842,,0.09535,0.1538,,,,,,,,,
チャーム・ケア・コーポレーション,6062,サービス業,プライム（内国株式）,JP,2025-06-30,大阪府,42649210880.0,1.9961239,8.197236,12.895257,,0.50380003,0.0,101.2,159.2,,46673000000.0,3845000000.0,0.11687,2936000000.0,0.066599995,0.14607,0.39449383752432554,31737000000.0,23582000000.0,21905000000.0,13452000000.0,9149000000.0,2195000000.0,-8295500000.0,-0.19450535728177112
日本エマージェンシーアシスタンス,6063,サービス業,スタンダード（内国株式）,JP,2025-12-31,東京都,2272258816.0,1.2048032,,22.299135,46.43585992869467,0.2226,0.01010101,40.45,,19.06381863867861,3714674000.0,96112000.0,0.07485,101886000.0,0.027190002,0.054770004,0.4948427577972169,1926648000.0,1901168000.0,3607664000.0,1080000000.0,2491423000.0,,1681016000.0,0.7397995281889579
トレンダーズ,6069,サービス業,グロース（内国株式）,JP,2025-03-31,東京都,5493796864.0,1.2651826,6.2877445,15.099169,16.763873729390575,0.5758,0.037656903,46.89,112.6,63.909998827554595,6191610000.0,988680000.0,0.14132,600742000.0,0.0428,0.07454,0.512785155078037,4145887000.0,3402747000.0,7390763000.0,2218706000.0,2376969000.0,,3244876000.0,0.5906436077502556
キャリアリンク,6070,サービス業,プライム（内国株式）,JP,2025-03-31,東京都,28361521152.0,1.8101757,12.165053,12.139698,12.041839474282895,0.6101,0.050083473,196.71,196.3,184.16000718799543,40397672000.0,2693450000.0,0.11196,1829532000.0,0.06331,0.18441999,0.7452945635939329,4965492000.0,4353194000.0,18288963000.0,689164000.0,10724275000.0,222709000.0,13479367300.0,0.4752695466424043
ＩＢＪ,6071,サービス業,プライム（内国株式）,JP,2025-12-31,東京都,28214335488.0,2.758003,15.188583,13.5726,15.246163825561242,0.1822,0.013245033,54.89,49.05,40.16142586609757,20172914000.0,3608698000.0,0.12019,2077304000.0,0.10296,0.21184999,0.31455757200024276,20601354000.0,11596180000.0,12782332000.0,12724475000.0,4935131000.0,2356768000.0,-6169284400.0,-0.21865779552468614
地盤ネットホールディングス,6072,サービス業,スタンダード（内国株式）,JP,2025-03-31,東京都,25427073024.0,17.93715,,517.35156,-41.88242693163218,0.0,0.0,2.19,,-4.154487042597441,1877959000.0,109443000.0,0.00493,74227000.0,0.08866,0.19389,0.8037078579777218,291379000.0,289378000.0,1388137000.0,45842000.0,821680000.0,,1096758000.0,0.04313347426834369
アサンテ,6073,サービス業,プライム（内国株式）,JP,2025-03-31,東京都,14493246464.0,1.4929174,17.144508,29.512438,32.06852019795016,1.2321,0.02,50.25,86.5,47.46999840162156,14024081000.0,1226213000.0,-0.01347,687898000.0,0.08601,0.095290005,0.6792714724279183,4601217000.0,2064264000.0,9350561000.0,2356504000.0,7106131000.0,20534000.0,4763717800.0,0.3286853509206976
ジェイエスエス,6074,サービス業,スタンダード（内国株式）,JP,2025-03-31,大阪府,2302673408.0,0.7177913,5.8189216,11.502111,8.357555746874722,0.4023,0.034423407,49.73,98.3,56.50920597064938,8381933000.0,252190000.0,0.07576,192605000.0,0.03078,,0.40037453472357587,4509662000.0,1999532000.0,1450310000.0,2512481000.0,1067040000.0,27055000.0,-3040413500.0,-1.3203841627896196
バリューＨＲ,6078,サービス業,プライム（内国株式）,JP,2025-12-31,東京都,38942953472.0,5.64672,,62.254482,56.20577320967374,1.1069,0.017699115,23.42,,29.52999976594748,10068322000.0,883326000.0,0.15712,629022000.0,0.062480003,0.0926,0.378577967093927,11319128000.0,6423122000.0,6574400000.0,5085610000.0,4931033000.0,1492301000.0,-3700117300.0,-0.09501378221506455
Ｍ＆Ａキャピタルパートナーズ,6080,サービス業,プライム（内国株式）,JP,2025-09-30,東京都,106232446976.0,2.4571362,16.034706,21.290815,16.339071525631137,0.33150002,0.015552239,157.11,208.61,140.08600430875532,22448727000.0,7126679000.0,0.37695,5070542000.0,0.22228001,0.11132,0.7760550541471098,12490281000.0,8031058000.0,46916092000.0,3110122000.0,16243092000.0,2877559000.0,36440102300.0,0.34302233768777385
アライドアーキテクツ,6081,サービス業,グロース（内国株式）,JP,2025-12-31,東京都,4724570112.0,2.6468186,11.057513,,-4.45971810083848,0.0,0.0,-51.8,26.95,-36.32516592686476,2990959000.0,-188437000.0,-0.025810001,-743342000.0,-0.24849,-0.32424,0.5488631540094122,1310424000.0,964535000.0,2498434000.0,454268000.0,1528242000.0,268074000.0,1375661800.0,0.2911718457740606
ライドオンエクスプレスホールディングス,6082,サービス業,スタンダード（内国株式）,JP,2025-03-31,東京都,9709949952.0,1.1655204,20.142277,20.470978,27.107625389634315,0.30969998,0.015151516,48.41,49.2,37.43000034677927,23393750000.0,781703000.0,0.03925,333605000.0,0.01758,0.05207,0.6176461242118797,4966526000.0,3340594000.0,8709499000.0,1649667000.0,6544597000.0,2497131000.0,5490964700.0,0.5654987643750936
ＥＲＩホールディングス,6083,サービス業,スタンダード（内国株式）,JP,2025-05-31,東京都,31614175232.0,4.225782,,14.420288,14.126860040466074,0.2903,0.020481927,292.99,,159.87999374610914,19765494000.0,2045769000.0,0.21677999,1293720000.0,0.122700006,0.44101003,0.47207689969951006,7050690000.0,4841457000.0,9579233000.0,2550829000.0,5863509000.0,96034000.0,2595766800.0,0.08210768685094634
アーキテクツ・スタジオ・ジャパン,6085,サービス業,グロース（内国株式）,JP,2025-03-31,東京都,46011129856.0,-919.7248,,,-0.3971555265270899,0.0,0.0,-24.95,,-49.015219398228666,897496000.0,-96615000.0,-1.39716,-79904000.0,-0.81004995,,0.04535616780918806,1896149000.0,575656000.0,630582000.0,1338209000.0,211375000.0,,-1265567000.0,-0.027505670996578798
シンメンテホールディングス,6086,サービス業,グロース（内国株式）,JP,2025-02-28,東京都,18733103104.0,4.041128,9.533877,15.142726,14.657050990296124,0.3053,0.020181635,65.51,104.05,52.86000089844621,,,0.01701,,0.04137,0.30264,0.3917846043447478,5514349000.0,4776463000.0,7731416000.0,392848000.0,4140204000.0,343512000.0,2457525400.0,0.1311862421488117
アビスト,6087,サービス業,スタンダード（内国株式）,JP,2025-09-30,東京都,13588824064.0,1.9318932,20.279099,20.934223,20.253778558748778,0.62479997,0.029868228,163.13,168.4,153.5500157937073,10627251000.0,953682000.0,0.11728,649573000.0,0.06491,0.10232,0.758038674242401,2363741000.0,1555743000.0,6043993000.0,10000000.0,4143252000.0,1188234000.0,4512015800.0,0.33203872378871946
シグマクシス・ホールディングス,6088,サービス業,プライム（内国株式）,JP,2025-03-31,東京都,54757265408.0,3.7579603,5.57922,12.87835,20.591428330889755,0.4048,0.031578947,51.87,119.73,38.36123385725899,26293590000.0,5638919000.0,0.24620001,4394662000.0,0.17503001,0.30336002,0.7229704627414348,5468793000.0,4781485000.0,14073977000.0,16262000.0,6945511000.0,3024643000.0,10722434100.0,0.19581755991842242
ウィルグループ,6089,サービス業,プライム（内国株式）,JP,2025-03-31,東京都,26281064448.0,1.3377264,,14.633836,8.009791375947737,0.56130004,0.038062282,78.38,,121.54357717885894,139705000000.0,2339000000.0,0.0327,1155000000.0,0.01411,0.10308,0.348376499809707,32563000000.0,25208000000.0,26551000000.0,6605000000.0,6936000000.0,2160000000.0,-4500000000.0,-0.1712259413580355
ヒューマン・メタボローム・テクノロジーズ,6090,サービス業,スタンダード（内国株式）,JP,2025-06-30,山形県,3913195264.0,2.1788187,20.648966,19.629837,15.247945771606583,0.42060003,0.0,35.66,33.9,41.13787363897207,1455004000.0,249521000.0,-0.44949,256420000.0,-0.04118,-0.02852,0.803752368286626,466011000.0,449943000.0,1864807000.0,110468000.0,1562417000.0,49980000.0,1433782000.0,0.36639674313987924
ウエスコホールディングス,6091,サービス業,スタンダード（内国株式）,JP,2024-07-31,岡山県,11312523264.0,0.6908836,,12.874433,11.26808659716367,0.36310002,0.027777778,66.1,,52.25978090766823,,,0.07564,,0.053969998,0.055409998,0.779261425491288,4582471000.0,4146458000.0,13454657000.0,90390000.0,9135177000.0,2197692000.0,10410570400.0,0.9202695240530203
エンバイオ・ホールディングス,6092,サービス業,スタンダード（内国株式）,JP,2025-03-31,東京都,6876569088.0,0.78041553,,11.822866,6.576614039601423,0.12529999,0.01048951,71.81,,88.84515488522749,10668079000.0,839455000.0,0.13307999,452689000.0,-0.015310001,-0.02325,0.43129400425796366,11964584000.0,4818328000.0,8957765000.0,10098880000.0,3293050000.0,836741000.0,-2421100300.0,-0.3520796881434604
エスクロー・エージェント・ジャパン,6093,サービス業,スタンダード（内国株式）,JP,2025-02-28,東京都,7752113664.0,2.2167978,16.952381,40.825687,,1.3792999,0.0,4.36,10.5,,,,0.02369,,0.037219997,0.053600002,0.7468997457208667,1205087000.0,1023419000.0,3609028000.0,123047000.0,2993868000.0,57905000.0,2444474500.0,0.3153300642832267
フリークアウト・ホールディングス,6094,サービス業,グロース（内国株式）,JP,2025-09-30,東京都,12128804864.0,1.0179439,15.650225,44.065655,-3.9999431092574214,0.0,0.0,15.84,44.6,-179.75255656410584,50323355000.0,14013116000.0,0.04083,275472000.0,0.01506,0.05408,0.27230212288382094,28067092000.0,18757618000.0,29397643000.0,17431123000.0,16367521000.0,4004720000.0,4133855000.0,0.3408295414389808
