会社名,銘柄コード,業種,優先市場,市場タイプ,決算月,都道府県,時価総額,PBR,PER(会予),PER(過去12ヶ月),PER(前年度),配当方向性,配当利回り,EPS(過去12ヶ月),EPS(予想),EPS(前年度),売上高,営業利益,営業利益率,当期純利益,純利益率,ROE,自己資本比率,負債,流動負債,流動資産,総負債,現金及び現金同等物,投資有価証券,ネットキャッシュ,ネットキャッシュ比率
"Agilent Technologies, Inc.",A,Healthcare,NASDAQ,US,2025-10-31,,36735983616.0,5.4411087,19.783781,28.354485,29.404502448414163,0.2171,0.007651959,4.57,6.54981,4.429553264604811,6948000000.0,1479000000.0,0.26384002,1303000000.0,0.18754,0.20618999,0.5296613498860689,5986000000.0,2347000000.0,4594000000.0,3354000000.0,1789000000.0,,-1392000000.0,-0.037892002962287036
Alcoa Corporation,AA,Basic Materials,NASDAQ,US,2024-12-31,,15320311808.0,2.502009,11.310215,13.384615,-9.218642965806062,0.090500005,0.0070947143,4.42,5.23067,-3.657303370786517,11895000000.0,828000000.0,0.10902,60000000.0,0.09119,0.19919,0.36668088737201365,8907000000.0,3395000000.0,4914000000.0,2818000000.0,1138000000.0,,-3993000000.0,-0.26063438199181593
Goldman Sachs Physical Gold ETF,AAAU,Unknown,NASDAQ,US,,,,,,,,,0.0,,,,,,,,,,,,,,,,,,
Artius II Acquisition Inc.,AACB,Financial Services,NASDAQ,US,2024-12-31,,285882752.0,-22.955557,,,,,0.0,,,,,,0.0,,0.0,,-0.11966962495284611,563944.0,563944.0,,127615.0,,,,
Artius II Acquisition Inc.,AACBR,Unknown,NASDAQ,US,,,,-0.6715556,,,,,0.0,,,,,,0.0,,0.0,,,,,,,,,,
Artius II Acquisition Inc.,AACBU,Financial Services,NASDAQ,US,2024-12-31,,268617248.0,-23.711111,,,,,0.0,,,,,,0.0,,0.0,,-0.11966962495284611,563944.0,563944.0,,127615.0,,,,
ATA Creativity Global,AACG,Consumer Defensive,NASDAQ,US,2024-12-31,,28277488.0,3.312804,-0.89898986,,-1.0555555586168195,0.0,0.0,-0.04,-0.99,-1.0799999833156297,268060162.0,-43044156.0,-0.15686,-36097777.0,-0.030380001,-0.13603,0.1744488764530171,377281073.0,354495409.0,66639674.0,35206485.0,36523995.0,,-310641399.0,-10.985466566195695
AACO,AACO,Unknown,NASDAQ,US,,,,,,,,,,,,,,,,,,,,,,,,,,,
American Airlines Group Inc.,AAL,Industrials,NASDAQ,US,2024-12-31,,10062988288.0,-2.7002125,5.6028996,89.64706,15.022821046500061,0.0,0.0,0.17,2.72002,1.1728822958547067,,,0.034930002,,0.0020299999,,-0.0643704578929479,65760000000.0,24295000000.0,13154000000.0,37544000000.0,804000000.0,,-52606000000.0,-5.227671790369871
AA Mission Acquisition Corp.,AAM,Financial Services,NASDAQ,US,2024-12-31,,468762848.0,1.319307,,,,,0.0,,,,,,0.0,,0.0,,0.9737340262921548,9299061.0,674061.0,695332.0,,417897.0,,-8603729.0,-0.01835411879740094
AA Mission Acquisition Corp.,AAM-UN,Financial Services,NASDAQ,US,2024-12-31,,,1.355198,,,,,0.0,,,,,,0.0,,0.0,,0.9737340262921548,9299061.0,674061.0,695332.0,,417897.0,,-8603729.0,
AA Mission Acquisition Corp. WT,AAM-WT,Unknown,NASDAQ,US,,,,,,,,,,,,,,,,,,,,,,,,,,,
Atlantic American Corporation,AAME,Financial Services,NASDAQ,US,2024-12-31,,50993072.0,0.46598324,,10.869565,-256.2322967038517,0.087,0.007677543,0.23,,-0.008380709664771613,188227000.0,,0.028789999,-4268000.0,0.024530001,0.04745,0.25319245198613216,293815000.0,,,37761000.0,35570000.0,,,
Acadian Asset Management Inc.,AAMI,Financial Services,NASDAQ,US,2024-12-31,,1825691264.0,93.71323,9.308577,23.067873,12.409999271641588,0.016900001,0.00082440226,2.21,5.47667,1.5468542989960752,505600000.0,135500000.0,0.18308,85000000.0,0.15698,2.05581,0.02844141069397042,616100000.0,41700000.0,266200000.0,341600000.0,94800000.0,,-349900000.0,-0.1916534339072129
Armada Mercantile Ltd.,AAMTF,Financial Services,NASDAQ,US,2025-02-28,,4088336.0,2.8527627,,,-359.8043146300648,0.0,0.0,-0.18,,-0.0008337865882163641,159423.0,-5033965.0,-0.48613998,-5034300.0,0.0,-1.30704,0.9774710912500711,37216.0,37216.0,849873.0,7149.0,427070.0,,812657.0,0.19877451364075752
"Applied Optoelectronics, Inc.",AAOI,Technology,NASDAQ,US,2024-12-31,,3024798976.0,5.393231,53.213215,,-12.481686907906278,0.0,0.0,-3.46,0.8325,-1.7545704983721513,249365000.0,-70513000.0,-0.15331,-186733000.0,-0.36968,-0.40431,0.4188274177744629,317920000.0,170069000.0,301268000.0,190860000.0,67428000.0,,-16652000.0,-0.005505159229464113
"AAON, Inc.",AAON,Industrials,NASDAQ,US,2024-12-31,,7871971840.0,9.11609,48.603832,79.694214,34.52719618423651,0.314,0.00409086,1.21,1.984,2.13244950584841,1200635000.0,209095000.0,0.0399,168559000.0,0.0762,0.120790005,0.701632185590274,350652000.0,174905000.0,488212000.0,170964000.0,14000.0,,137560000.0,0.017474656006899538
"Advance Auto Parts, Inc.",AAP,Consumer Cyclical,NASDAQ,US,2024-12-31,,3319229952.0,1.511631,20.64311,,117.66550733875142,1.2658,0.018892877,-10.22,2.67886,0.49884243725674404,9094327000.0,-713306000.0,0.02898,-335788000.0,-0.04369,-0.23868,0.20095574141731667,8628167000.0,4665357000.0,6143540000.0,3686326000.0,1869417000.0,,-2484627000.0,-0.7485552480336258
Ascentage Pharma Group Internat,AAPG,Healthcare,NASDAQ,US,2024-12-31,,2293853440.0,87.7846,-51.0047,,,0.0,0.0,-2.09,-0.48074,,980650000.0,-369730000.0,-2.3705,-405433000.0,-2.96772,-1.59649,0.10092176284757107,2343648000.0,1166611000.0,1474162000.0,1668497000.0,1236578000.0,1141000.0,-868687300.0,-0.37870218072868683
"Apple iSports Group, Inc.",AAPI,Consumer Cyclical,NASDAQ,US,2024-12-31,,54946368.0,-9.615384,,,-167.01123364897046,0.0,0.0,-0.03,,-0.01814249200600674,0.0,-3419426.0,0.0,-2821336.0,0.0,,-23.408613294816806,6641364.0,6641364.0,101780.0,3597442.0,42167.0,,-6539584.0,-0.11901758456537109
Apple Inc.,AAPL,Technology,NASDAQ,US,2025-09-30,,4087787028480.0,46.368786,29.974737,35.205063,37.23401057990773,0.1304,0.0037331013,7.9,9.27848,6.083555429791938,416161000000.0,133050000000.0,0.35374,112010000000.0,0.27037,1.5202099,0.20524661717342954,285508000000.0,165631000000.0,147957000000.0,98657000000.0,35934000000.0,77723000000.0,-83144900000.0,-0.02033983165481019
Antiaging Quantum Living Inc.,AAQL,Consumer Cyclical,NASDAQ,US,2025-03-31,,24766332.0,-16.05711,,,-72.26905797992427,0.0,0.0,-0.02,,-0.01376799466577763,817898.0,-720488.0,-0.13128,-720409.0,-0.44805,,-0.7109931733098437,2719367.0,677826.0,810515.0,2607591.0,370549.0,,-1908852.0,-0.07707447352316847
"Aardvark Therapeutics, Inc.",AARD,Healthcare,NASDAQ,US,2024-12-31,,275431872.0,2.2476902,-3.5247664,,,0.0,0.0,-2.53,-3.58889,,0.0,-22668000.0,0.0,-20588000.0,0.0,-0.48061,-0.7050072896641594,132150000.0,4927000.0,74137000.0,779000.0,61641000.0,,-58013000.0,-0.21062558802199913
Antharas Inc,AAS,Unknown,NASDAQ,US,,,,,,,,,,,,,,,,,,,,,,,,,,,
Agassi Sports Entertainment Corp.,AASP,Financial Services,NASDAQ,US,2024-12-31,,54245876.0,28.301888,,,-35.6289675350266,0.0,0.0,-0.29,,-0.012349501769403033,0.0,-793749.0,0.0,-793749.0,0.0,-3.86099,0.9798566803774913,46915.0,46915.0,2319280.0,,2319242.0,,2272365.0,0.041890096861925505
"American Assets Trust, Inc.",AAT,Real Estate,NASDAQ,US,2024-12-31,,1469231488.0,1.0103489,26.305555,20.586956,23.992777164956394,1.4783,0.07109253,0.92,0.72,0.847387546373968,457854000.0,129198000.0,0.21088,72818000.0,0.12757,0.06443,0.3592330827756758,2149044000.0,101041000.0,598142000.0,2031153000.0,425659000.0,,-1550902000.0,-1.055587232282351
Autoscope Technologies Corporation,AATC,Technology,NASDAQ,US,2023-12-31,,31876766.0,3.0129871,,6.5168543,9.96462569391341,0.5843,0.099999994,0.89,,0.22310830860534125,13133000.0,4613000.0,0.13934,6625000.0,0.16431,0.12149999,0.8790891722228721,3101000.0,1545000.0,19089000.0,1635000.0,6506000.0,101000.0,16058700.0,0.5037744418615113
Almaden Minerals Ltd.,AAUAF,Basic Materials,NASDAQ,US,2024-12-31,,21978108.0,4.6684155,,16.0,-0.2994786084896193,0.0,0.0,0.01,,-0.4674791341595912,0.0,-2268031.0,0.0,-2875061.0,0.0,0.59778,0.25054200927291437,8829833.0,538446.0,4958350.0,8405368.0,3155750.0,,-3871483.0,-0.1761517870419055
Allied Gold Corporation,AAUC,Basic Materials,NASDAQ,US,2024-12-31,,3905442560.0,10.997885,,,,0.0,0.0,-0.28,,,730382000.0,133267000.0,0.2576,-115632000.0,-0.0358,0.02567,0.2619721575265143,903557000.0,485003000.0,449286000.0,127576000.0,224994000.0,,-454271000.0,-0.11631741935029254
Aero Energy Limited,AAUGD,Unknown,NASDAQ,US,2025-04-30,,9073245.0,,,,-4.325596962173646,,0.0,,,-0.24380449903301327,0.0,-2818040.0,,-8736537.0,,,0.9396426703879677,535803.0,535803.0,1029743.0,,429421.0,,493940.0,0.054439178044900144
Aero Energy Limited,AAUGF,Basic Materials,NASDAQ,US,2025-04-30,,8160879.0,1.2198961,,,-4.325596962173646,0.0,0.0,-2.31,,-0.24380449903301327,0.0,-2818040.0,0.0,-8736537.0,0.0,-1.12184,0.9396426703879677,535803.0,535803.0,1029743.0,,429421.0,,493940.0,0.0605253429195556
ABIVAX Société Anonyme,AAVXF,Healthcare,NASDAQ,US,2024-12-31,,9555926016.0,15.621538,,,-2.970371221123475,0.0,0.0,-5.23,,-3.4305475046075777,0.0,-172984000.0,-126.30829,-176242000.0,0.0,-1.06382,0.19775079423860292,164644000.0,92834000.0,170671000.0,97361000.0,144221000.0,126000.0,6115200.0,0.0006399379808676828
"Ascend Wellness Holdings, Inc.",AAWH,Healthcare,NASDAQ,US,2024-12-31,,134046304.0,73.333336,-2.4444444,,-4.213238399664805,0.0,0.0,-0.42,-0.27,-0.24209405786476798,561599000.0,4750000.0,-0.010620001,-84994000.0,-0.1672,-1.88619,0.07882669521595768,828630000.0,144541000.0,229376000.0,581113000.0,88254000.0,,-599254000.0,-4.470499984841059
AllianceBernstein Holding L.P.,AB,Financial Services,NASDAQ,US,2024-12-31,,4358485504.0,3.0485542,9.747837,13.276094,11.251430268758705,1.1697,0.0,2.97,4.045,2.338980791227381,461949000.0,,1.0,423374000.0,0.90107,0.18688999,0.9986385744449119,2770000.0,,,,,,,
abrdn Asia-Pacific Income Fund VCC Ord,ABAKF,Unknown,NASDAQ,US,2024-10-31,,68921216.0,0.88384724,,22.999998,3.5050213445373877,,0.10144927,,,0.4807951417414747,16914235.0,,,15303585.0,,,0.6831094446379747,55953398.0,,,53107626.0,3883536.0,,,
American Battery Technology Company,ABAT,Industrials,NASDAQ,US,2025-06-30,,548569024.0,5.7448273,-29.75,,-1.1517097461640977,0.0,0.0,-0.59,-0.14,-1.0245636554505497,4290224.0,-42023329.0,-10.807889,-46762625.0,0.0,-0.5841,0.8359089453334151,13858768.0,13668605.0,29532110.0,8035781.0,7474304.0,,15673342.0,0.028571321591792976
ABB Ltd,ABBNY,Industrials,NASDAQ,US,2025-12-31,,157666410496.0,9.801107,28.022617,34.831326,25.03943677754384,0.4124,0.013937897,2.49,3.095,2.1258779038357645,33220000000.0,5729000000.0,0.16770001,4734000000.0,0.1425,0.29326,0.3584048122980951,28239000000.0,16421000000.0,25578000000.0,9090000000.0,4640000000.0,,-2661000000.0,-0.016877405857270465
AbbVie Inc.,ABBV,Healthcare,NASDAQ,US,2024-12-31,,394886709248.0,-149.45149,14.07129,94.27426,69.99510217482043,2.7797,0.030362524,2.37,15.87843,2.412859560067682,,,0.34956002,,0.0691,11.066669,0.024600291504206093,131797000000.0,38749000000.0,25582000000.0,67144000000.0,5524000000.0,,-106215000000.0,-0.2689758796953938
Ameris Bancorp,ABCB,Financial Services,NASDAQ,US,2024-12-31,,5871003648.0,1.428524,12.3832855,14.323334,13.4644051609805,0.1333,0.009485417,6.0,6.94,3.8941940367756165,1103803000.0,,0.51341,358685000.0,0.36227,0.10531,0.14284954906414388,22510528000.0,,,424097000.0,1220377000.0,66298000.0,,
Abacus Mining & Exploration Corporation,ABCFF,Basic Materials,NASDAQ,US,2024-12-31,,5503118.0,-0.28058484,,,-1.3657662600849747,0.0,0.0,-0.02,,-0.01464379384487124,0.0,-501885.0,0.0,-4031033.0,0.0,,-2.7440333391654317,31756127.0,31756128.0,77638.0,31434215.0,48266.0,,-31678489.0,-5.756461882154808
AbCellera Biologics Inc.,ABCL,Healthcare,NASDAQ,US,2024-12-31,,945898752.0,0.9801489,-4.5797105,,-11.712982502092125,0.0,0.0,-0.65,-0.69,-0.5062758206357288,28833000.0,-301146000.0,-8.51792,-162857000.0,0.0,-0.16814,0.776216729521011,304469000.0,76612000.0,751370000.0,65364000.0,156325000.0,,446901000.0,0.4724617714687502
AmBase Corporation,ABCP,Real Estate,NASDAQ,US,2024-12-31,,16562952.0,-2.096774,,,-1.1593056806711064,0.0,0.0,-0.05,,-0.1293877951789484,0.0,-6517000.0,0.0,-6620000.0,0.0,,-13.136942675159236,4439000.0,939000.0,314000.0,3500000.0,314000.0,,-4125000.0,-0.24904980706337856
Abeona Therapeutics Inc.,ABEO,Healthcare,NASDAQ,US,2024-12-31,,278001696.0,1.5697675,-73.28571,4.2396693,-2.0280439172030427,0.0,0.0,1.21,-0.07,-2.5344618146013214,0.0,-64211000.0,-208.0225,-63734000.0,205.875,0.75897,0.4042100044982604,64900000.0,16587000.0,100853000.0,23048000.0,23357000.0,,35953000.0,0.12932654914450595
Ambev S.A.,ABEV,Consumer Defensive,NASDAQ,US,2024-12-31,,46164914176.0,2.6269267,15.382201,14.000001,2.8346658139408385,1.043,0.5725086,0.21,0.19113,0.9156049145757832,89452700000.0,21506800000.0,0.26013002,14437200000.0,0.17726,0.17205,0.6069973041376964,62927800000.0,49389200000.0,54156000000.0,3452700000.0,28595700000.0,184500000.0,-8642650000.0,-0.1872125217660017
"Asbury Automotive Group, Inc.",ABG,Consumer Cyclical,NASDAQ,US,2024-12-31,,4427772928.0,1.1289854,7.1282525,8.9618,7.928763336561528,0.0,0.0,25.13,31.594,28.69047619047619,17188600000.0,985000000.0,0.05158,430300000.0,0.02733,0.13333,0.33878301247944276,6835000000.0,2836300000.0,3137900000.0,5279500000.0,69400000.0,,-3697100000.0,-0.8349795845718672
Athena Bitcoin Global,ABIT,Financial Services,NASDAQ,US,,,20475048.0,0.8333333,,,,0.0,0.0,-0.02,,,,,0.04994,,-0.0014300001,-0.01595,,,,,,,,,
Able View Global Inc.,ABLV,Consumer Cyclical,NASDAQ,US,2024-12-31,,40554068.0,4.1892858,,,11.290145720841862,0.0,0.0,-0.19,,0.24711815337357648,128932647.0,-8825448.0,0.03203,-7419412.0,0.02044,-1.20857,0.14888122542056725,40538800.0,17416718.0,40272952.0,11139139.0,15331271.0,,-265848.0,-0.006555396612739319
Able View Global Inc.,ABLVW,Unknown,NASDAQ,US,2024-12-31,,,0.15255103,,,,,0.0,,,,128932647.0,-8825448.0,0.03203,-7419412.0,0.02044,-1.20857,0.14888122542056725,40538800.0,17416718.0,40272952.0,11139139.0,15331271.0,,-265848.0,
ABB Ltd,ABLZF,Industrials,NASDAQ,US,2025-12-31,,157949558784.0,9.723133,,34.55422,24.792018098358582,0.4103,0.0137550775,2.49,,2.1258779038357645,33220000000.0,5729000000.0,0.16770001,4734000000.0,0.1425,0.29326,0.3584048122980951,28239000000.0,16421000000.0,25578000000.0,9090000000.0,4640000000.0,,-2661000000.0,-0.016847150574437402
ABM Industries Incorporated,ABM,Industrials,NASDAQ,US,2025-10-31,,2912284160.0,1.602804,10.928434,18.362936,40.792143594427834,0.4093,0.022495754,2.59,4.35195,1.279874213836478,8745900000.0,325200000.0,0.0345,162400000.0,0.01857,0.09104,0.33885567890691715,3483900000.0,1305700000.0,1938700000.0,1678400000.0,104100000.0,,-1545200000.0,-0.5305800928436873
"Airbnb, Inc.",ABNB,Consumer Cyclical,NASDAQ,US,2024-12-31,,74802954240.0,8.627922,25.106598,29.090477,18.92612687813022,0.0,0.0,4.2,4.86645,7.238670694864048,11102000000.0,2553000000.0,0.39683,2648000000.0,0.2203,0.30776,0.401355026480271,12547000000.0,10161000000.0,17180000000.0,2294000000.0,6864000000.0,,4633000000.0,0.06193605649765311
"Acumen Pharmaceuticals, Inc.",ABOS,Healthcare,NASDAQ,US,2024-12-31,,145376224.0,1.5604682,-1.2397399,,-3.5549050654254915,0.0,0.0,-2.21,-1.93589,-1.077384586428509,0.0,-114017000.0,0.0,-102329000.0,0.0,-0.85929,0.7607618665059919,57176000.0,27607000.0,178306000.0,28732000.0,35627000.0,59968000.0,163107600.0,1.1219688853660141
Abpro Corporation,ABP,Healthcare,NASDAQ,US,2024-12-31,,4074417.0,-0.24830326,,,-45.67428210478156,0.0,0.0,-8.25,,-6.949205970404432,183000.0,-9921000.0,0.0,-7232000.0,0.0,,-3.324393906886934,19607000.0,19607000.0,3776000.0,3328000.0,2850000.0,,-15831000.0,-3.8854638590011774
Abpro Holdings Inc,ABPWW,Unknown,NASDAQ,US,2024-12-31,,,-0.0025658004,,,,,0.0,,,,183000.0,-9921000.0,0.0,-7232000.0,0.0,,-3.324393906886934,19607000.0,19607000.0,3776000.0,3328000.0,2850000.0,,-15831000.0,
"Arbor Realty Trust, Inc.",ABR,Real Estate,NASDAQ,US,2024-12-31,,1652698368.0,0.6458023,9.307877,9.873418,7.286796856179692,1.8481,0.17340288,0.79,0.838,1.697257666825305,625936000.0,,0.1354,264641000.0,0.35096002,0.06595,0.22415604914127446,10339011000.0,,,7161292000.0,503803000.0,,,
"Arbor Realty Trust, Inc.",ABR-PD,Real Estate,NASDAQ,US,2024-12-31,,,1.4547194,,8.319177,,,0.07621776,2.112,,,625936000.0,,0.1354,264641000.0,0.35096002,0.06595,0.22415604914127446,10339011000.0,,,7161292000.0,503803000.0,,,
"Arbor Realty Trust, Inc.",ABR-PE,Real Estate,NASDAQ,US,2024-12-31,,,1.4704422,,8.409091,,,0.07578348,2.112,,,625936000.0,,0.1354,264641000.0,0.35096002,0.06595,0.22415604914127446,10339011000.0,,,7161292000.0,503803000.0,,,
"Arbor Realty Trust, Inc.",ABR-PF,Real Estate,NASDAQ,US,2024-12-31,,,1.848816,,10.572917,,,0.0597216,2.112,,,625936000.0,,0.1354,264641000.0,0.35096002,0.06595,0.22415604914127446,10339011000.0,,,7161292000.0,503803000.0,,,
Absci Corporation,ABSI,Healthcare,NASDAQ,US,2024-12-31,,405251264.0,1.9181495,-3.8230202,,-3.828743599510921,0.0,0.0,-0.91,-0.70494,-1.2014384836895755,4534000.0,-108888000.0,-79.77249,-103106000.0,0.0,-0.55676997,0.8386062319763304,34475000.0,28656000.0,133831000.0,10105000.0,41213000.0,,99356000.0,0.2451713512730709
Abbott Laboratories,ABT,Healthcare,NASDAQ,US,2024-12-31,,192895074304.0,3.7822068,17.765745,29.79301,14.365951394629183,0.6344,0.022002202,3.72,6.23841,7.667048054919908,,,0.22026,,0.14718,0.13158,0.5854521335396861,33513000000.0,14157000000.0,23656000000.0,15021000000.0,7616000000.0,553000000.0,-9469900000.0,-0.04909352939243833
American Bitcoin Corp,ABTC,Financial Services,NASDAQ,US,2024-12-31,,1215162496.0,2.096,23.81818,7.277777,1029.8540598388277,0.0,0.0,0.18,0.055,0.04359841192732276,71537000.0,-25202000.0,0.1121,428935000.0,1.35873,,0.9174519476716335,91331000.0,50338000.0,153115000.0,,92389000.0,857112000.0,661762400.0,0.5445875775283967
Abits Group Inc.,ABTS,Financial Services,NASDAQ,US,2024-12-31,,7370687.0,0.7581667,,,-0.23315364831796642,0.0,0.0,-0.52,,-5.31838132700234,6711225.0,-801329.0,-0.39512002,-931709.0,-0.11861,-0.08712,0.9129082636747593,990346.0,990346.0,1677636.0,,1118929.0,,687290.0,0.09324639616361406
Arbutus Biopharma Corporation,ABUS,Healthcare,NASDAQ,US,2024-12-31,,738524224.0,9.528536,-22.945415,,-5.786481026906532,0.0,0.0,-0.23,-0.16735369,-0.43895416748837385,6171000.0,-69974000.0,-15.67675,-69920000.0,-2.8945,-0.45881,0.7392621500755465,34341000.0,15618000.0,127316000.0,1289000.0,36330000.0,,92975000.0,0.12589295919967006
"ABVC BioPharma, Inc.",ABVC,Healthcare,NASDAQ,US,2024-12-31,,42283892.0,3.385214,-3.9545455,,-0.695881831780741,0.0,0.0,-0.28,-0.44,-1.7962819877065723,509589.0,-4705242.0,-1.4651899,-4902878.0,0.0,-0.47713003,0.1626200429262589,6815948.0,6557461.0,2179815.0,2430686.0,248382.0,790250.0,-4082958.0,-0.09656060042911849
Above Food Ingredients Inc.,ABVE,Consumer Defensive,NASDAQ,US,2024-01-31,,99824104.0,-4.5094886,,,,0.0,0.0,-1.77,,,368423398.0,-39499033.0,-0.23252001,-53312282.0,-0.23358,,-0.32148786880736474,190146187.0,153850510.0,68436238.0,117506626.0,952280.0,,-121709949.0,-1.2192440915873384
Above Food Ingredients Inc.,ABVEW,Unknown,NASDAQ,US,2024-01-31,,,-1.329721,,,,,0.0,,,,368423398.0,-39499033.0,-0.23252001,-53312282.0,-0.23358,,-0.32148786880736474,190146187.0,153850510.0,68436238.0,117506626.0,952280.0,,-121709949.0,
ABIVAX Société Anonyme,ABVX,Healthcare,NASDAQ,US,2024-12-31,,9304475648.0,15.210479,-35.853138,,-3.1481855815228776,0.0,0.0,-5.22,-3.282,-3.4305475046075777,0.0,-172984000.0,-126.30829,-176242000.0,0.0,-1.06382,0.19775079423860292,164644000.0,92834000.0,170671000.0,97361000.0,144221000.0,126000.0,6115200.0,0.000657232092526833
"Abacus Global Management, Inc.",ABX,Financial Services,NASDAQ,US,2024-12-31,,725326208.0,1.6681654,7.4949493,148.4,59.30502475327131,0.0,0.0,0.05,0.99,0.16473900435151717,111923786.0,1843993.0,0.35591,-23961050.0,0.05618,0.03176,0.48520888314197325,450870080.0,62466079.0,159564646.0,385913855.0,131944282.0,373688328.0,-29723604.399999976,-0.04097963657201806
"Abacus Global Management, Inc. ",ABXL,Unknown,NASDAQ,US,,,,,,,,,,,,,,,,,,,,,,,,,,,
Abaxx Technologies Inc.,ABXXF,Technology,NASDAQ,US,2024-12-31,,1041937536.0,57.378536,-28.178364,,-27.030773463280017,0.0,0.0,-1.29,-1.0646466,-0.37786561165573745,968848.0,-48930381.0,-40.33556,-54075308.0,0.0,-1.28187,0.9750495432616004,9524194.0,9524194.0,30520028.0,,25403981.0,,20995834.0,0.0201507607457958
"Arcosa, Inc.",ACA,Industrials,NASDAQ,US,2024-12-31,,6117876224.0,2.3694108,26.204947,41.304634,25.43872248587297,0.066199996,0.0016552181,3.02,4.76017,3.268993839835729,2569900000.0,195200000.0,0.14089,93700000.0,0.05246,0.05921,0.4939884040280745,2487300000.0,516000000.0,954000000.0,1688900000.0,187300000.0,,-1533300000.0,-0.25062618854316987
ACADIA Pharmaceuticals Inc.,ACAD,Healthcare,NASDAQ,US,2024-12-31,,3985923584.0,4.3444586,30.297964,15.2,-83.90624791979926,0.0,0.0,1.55,0.77761,-0.3741080094494534,957797000.0,84279000.0,0.12833,226451000.0,0.24941999,0.34952,0.6169558394148293,454963000.0,394870000.0,938318000.0,51995000.0,319589000.0,,483355000.0,0.1212654958916543
"Acasia Technology, Inc.",ACAT,Technology,NASDAQ,US,2023-12-31,,42959568.0,2500.0,,,-20504.675753075942,0.0,0.0,-0.02,,-0.00043892427797351995,164621.0,-690.0,-3.58369,-2935.0,-0.01783,-0.16444,0.2131166736053289,60483.0,38121.0,76864.0,22362.0,70614.0,,16381.0,0.00038131202809115773
Aurora Cannabis Inc.,ACB,Healthcare,NASDAQ,US,2025-03-31,,197348800.0,0.50457686,-31.636364,,-2.7370681576764246,0.0,0.0,-1.09,-0.11,-1.6039059364208132,343293000.0,9975000.0,0.02319,1591000.0,-0.22511,-0.15509,0.6651737022468353,244075000.0,110863000.0,478328000.0,104583000.0,137921000.0,,234253000.0,1.1869998702804374
"Acro Biomedical Co., Ltd.",ACBM,Financial Services,NASDAQ,US,2024-12-31,,1332932.0,-3.1714284,,Infinity,-0.7157942151790267,0.0,0.0,0.0,,-0.1466902001931981,0.0,-37958.0,0.0,-42297.0,0.0,,-9.22537061362357,326946.0,326946.0,5076.0,26898.0,476.0,,-321870.0,-0.24147518403039314
Acco Group Holdings Limited,ACCL,Industrials,NASDAQ,US,2025-06-30,,20924850.0,8.571428,,21.428572,,0.0,0.0,0.07,,,4888824.0,1079905.0,0.21962999,1021725.0,0.20899001,0.61266,0.5593231089681616,1722992.0,1575405.0,2873756.0,273814.0,2450033.0,,1150764.0,0.054995089570534554
ACCO Brands Corporation,ACCO,Industrials,NASDAQ,US,2024-12-31,,365952704.0,0.5679911,3.8544428,9.666667,-22.636900796802767,0.7143,0.07481296,0.42,1.05333,-0.22875131164742918,1666200000.0,145000000.0,0.06985,-101600000.0,0.026300002,0.06447,0.27198887093879015,1622300000.0,490300000.0,731500000.0,923000000.0,74100000.0,,-890800000.0,-2.434194337856293
ACCESS Newswire Inc.,ACCS,Communication Services,NASDAQ,US,2024-12-31,,29480462.0,0.9572864,9.465838,,86.43290007270036,0.0,0.0,-3.13,0.805,0.20073375262054508,23057000.0,-2169000.0,0.00559,-10793000.0,-0.23527001,-0.36314,0.4981634345748252,25412000.0,12814000.0,10026000.0,16598000.0,4103000.0,,-15386000.0,-0.5219049823574679
ProFrac Holding Corp.,ACDC,Energy,NASDAQ,US,2024-12-31,,971278208.0,1.1262584,-3.8563733,,-13.964877644239706,0.0,0.0,-2.08,-1.3925,-0.6129663744778721,2190900000.0,39400000.0,-0.16894,-215100000.0,-0.16908,-0.28141,0.33696998092433317,1912000000.0,660000000.0,574100000.0,1272100000.0,14800000.0,,-1337900000.0,-1.3774632118586563
"Accel Entertainment, Inc.",ACEL,Consumer Cyclical,NASDAQ,US,2024-12-31,,950834048.0,3.537159,12.917114,22.56,19.87201025318535,0.0,0.0,0.5,0.87326,0.5253620266580649,1230972000.0,90884000.0,0.07692,35252000.0,0.03341,0.18233,0.24325590090786134,789091000.0,118353000.0,326152000.0,595379000.0,281305000.0,,-462939000.0,-0.48687675938167496
"Adicet Bio, Inc.",ACET,Healthcare,NASDAQ,US,2024-12-31,,67488000.0,0.36914513,-0.6337616,,-0.5249882685197067,0.0,0.0,-20.0,-11.0925,-53.029756705016446,0.0,-127615000.0,0.0,-117122000.0,0.0,-0.71733004,0.8473791997965662,33610000.0,19392000.0,180136000.0,17234000.0,56495000.0,,146526000.0,2.1711415362731152
"Acorn Energy, Inc.",ACFN,Technology,NASDAQ,US,2024-12-31,,41125960.0,5.73324,,6.172932,132.51176871772574,0.0,0.0,2.66,,0.047542948461845785,10986000.0,1937000.0,0.06416,6294000.0,0.52803004,1.77742,0.5228388070970177,5020000.0,4284000.0,5399000.0,98000.0,2326000.0,,379000.0,0.009215590347313472
Arch Capital Group Ltd.,ACGL,Financial Services,NASDAQ,US,2024-12-31,,37676584960.0,1.6132125,10.77799,9.461105,6.004150160523972,0.0,0.0,10.67,9.36631,11.729144667370644,16930000000.0,,0.30691,4312000000.0,0.20959,0.17811,0.29362818379262684,50086000000.0,,,2728000000.0,979000000.0,,,
Arch Capital Group Ltd.,ACGLN,Financial Services,NASDAQ,US,2024-12-31,,,0.27901623,,3.7220206,,,0.0,4.691,,,16930000000.0,,0.30691,4312000000.0,0.20959,0.17811,0.29362818379262684,50086000000.0,,,2728000000.0,979000000.0,,,
Arch Capital Group Ltd.,ACGLO,Financial Services,NASDAQ,US,2024-12-31,,12169068544.0,0.33350912,,4.448945,,,0.0,4.691,,,16930000000.0,,0.30691,4312000000.0,0.20959,0.17811,0.29362818379262684,50086000000.0,,,2728000000.0,979000000.0,,,
"Associated Capital Group, Inc.",ACGP,Financial Services,NASDAQ,US,2024-12-31,,844798336.0,0.89611346,,15.767716,19.578353919625386,0.0787,0.004993758,2.54,,1.7202241513940564,13175000.0,-18753000.0,0.17271,44328000.0,1.9706199,0.05834,0.9544707571670361,36991000.0,28555000.0,406283000.0,,299551000.0,199040000.0,508620000.0,0.602060844968331
"Accendra Health, Inc.",ACH,Healthcare,NASDAQ,US,2024-12-31,,184858368.0,-0.4301656,2.5497143,,-35.946542736589265,0.0,0.0,-5.69,0.93736,-0.5449759187174243,10700883000.0,296048000.0,0.08083,-362686000.0,-0.124469995,-1.9638901,0.12139326946949372,4090930000.0,1873739000.0,2021017000.0,2139808000.0,49382000.0,,-2069913000.0,-11.197291323052251
"Acadia Healthcare Company, Inc.",ACHC,Healthcare,NASDAQ,US,2024-12-31,,1209239808.0,0.38748005,7.6771574,11.525863,-328.4607582960262,0.0,0.0,1.16,1.74153,-0.23823241596938943,3153963000.0,522276000.0,0.14036,255612000.0,0.03288,0.036930002,0.5159910792750946,2766084000.0,577919000.0,577492000.0,2085288000.0,76305000.0,,-2188592000.0,-1.8098907971114362
Archer Aviation Inc.,ACHR,Industrials,NASDAQ,US,2024-12-31,,5358996992.0,2.8740158,-9.933596,,-3.684967638760625,0.0,0.0,-1.17,-0.73488,-1.693366233527326,0.0,-509700000.0,0.0,-536800000.0,0.0,-0.59133,0.7516979624450659,248600000.0,71100000.0,858400000.0,79000000.0,834500000.0,,609800000.0,0.11378995004295013
Archer Aviation Inc. WT,ACHR-WT,Unknown,NASDAQ,US,,,,,,,,,,,,,,,,,,,,,,,,,,,
"Achieve Life Sciences, Inc.",ACHV,Healthcare,NASDAQ,US,2024-12-31,,226244448.0,6.68239,-3.5915592,,-2.7664527792918285,0.0,0.0,-1.35,-1.18333,-1.5037306541256086,0.0,-39069000.0,0.0,-39827000.0,0.0,-1.61082,0.5409623896668652,17734000.0,6682000.0,36467000.0,9958000.0,12733000.0,,18733000.0,0.08279982189883396
"Albertsons Companies, Inc.",ACI,Consumer Defensive,NASDAQ,US,2025-02-28,,9936972800.0,3.7161052,7.866825,11.746754,9.138186858759987,0.38959998,0.03372681,1.54,2.29953,2.230252968508002,80390900000.0,1641900000.0,0.02891,958600000.0,0.010650001,0.29655,0.12654873540965103,23369800000.0,7251000000.0,6559000000.0,14182800000.0,293600000.0,,-16810800000.0,-1.6917425797925099
American Coastal Insurance Corporation,ACIC,Financial Services,NASDAQ,US,2024-12-31,,551535616.0,1.525081,7.616162,6.5375724,1.263480117058548,0.0,0.0,1.73,1.485,6.981738007629131,296437000.0,,-0.1003,75718000.0,0.25955,0.29345,0.19378149380978069,980452000.0,,,152343000.0,137036000.0,,,
AC Immune SA,ACIU,Healthcare,NASDAQ,US,2024-12-31,,315884000.0,3.945844,-4.275073,,-7.558533630139818,0.0,0.0,-0.93,-0.7344904,-0.6403358626716013,27309000.0,-52378000.0,-16.71885,-50916000.0,0.0,-0.74628997,0.48620043046515354,118643000.0,100838000.0,171994000.0,5427000.0,36275000.0,415000.0,53641500.0,0.1698139190335693
"ACI Worldwide, Inc.",ACIW,Technology,NASDAQ,US,2024-12-31,,4362960896.0,2.9514835,12.523697,17.117409,27.377970865237064,0.0,0.0,2.47,3.376,1.116225874312171,1594288000.0,308135000.0,0.26724002,203118000.0,0.15069,0.18576,0.4708062987618059,1600966000.0,602628000.0,990822000.0,956434000.0,216394000.0,,-610144000.0,-0.139846314130247
"Axcelis Technologies, Inc.",ACLS,Technology,NASDAQ,US,2024-12-31,,2668405248.0,2.6156185,19.164364,20.301888,17.825330724641173,0.0,0.0,4.24,4.49167,7.425388210462837,1017865000.0,210794000.0,0.117130004,200992000.0,0.15929,0.13619,0.7508928432414158,335991000.0,207522000.0,1123608000.0,43674000.0,123512000.0,,787617000.0,0.2951639375579582
"Arcellx, Inc.",ACLX,Healthcare,NASDAQ,US,2024-12-31,,3933689856.0,8.917289,-19.452093,,-38.67216476637667,0.0,0.0,-3.93,-3.49731,-1.4708253704372216,107936000.0,-137571000.0,-12.482519,-107348000.0,0.0,-0.47175997,0.6393571451667095,256535000.0,125405000.0,599310000.0,54080000.0,105679000.0,38277000.0,369568900.0,0.09394967918894316
AECOM,ACM,Industrials,NASDAQ,US,2025-09-30,,13319121920.0,5.341546,16.49755,21.091858,34.5045094493157,0.2171,0.010542321,4.79,6.12394,2.9480187317244764,16139622000.0,1058864000.0,0.070199996,561774000.0,0.03481,0.28088,0.2043059940825798,9504065000.0,5928816000.0,6730227000.0,3229504000.0,1585739000.0,,-2773838000.0,-0.20825982498401815
ALLIED CRITICAL METALS INC,ACMIF,Unknown,NASDAQ,US,,,,12.916176,,,,,0.0,,,,,,0.0,,0.0,-1.9653599,,,,,,,,,
"ACM Research, Inc.",ACMR,Technology,NASDAQ,US,2024-12-31,,4053480704.0,2.8293257,29.128204,36.32558,16.739918795191198,0.0,0.0,1.72,2.145,1.1923593733445395,782118000.0,150998000.0,0.10746,103627000.0,0.13303,0.09937,0.48747899064568434,759815000.0,641233000.0,1483379000.0,188783000.0,407445000.0,13275000.0,732856500.0,0.1807968394364904
Accenture plc,ACN,Technology,NASDAQ,US,2025-08-31,,149217820672.0,4.7968583,16.15884,19.88595,29.000447910828786,0.5017,0.026628992,12.1,14.89092,11.423697986220851,69672977000.0,10225664000.0,0.16974,7678433000.0,0.107609995,0.25016,0.4770318087663629,33153930000.0,20352097000.0,28900689000.0,8182866000.0,11478729000.0,365984000.0,-3997052200.0,-0.02678669465885067
ACNB Corporation,ACNB,Financial Services,NASDAQ,US,2024-12-31,,547954624.0,1.3031613,10.258918,14.656944,11.65526885481201,0.3833,0.02615618,3.6,5.14333,3.7099999531683925,108341000.0,,0.41877997,31846000.0,0.25259,0.102460004,0.12663654622666326,2091557000.0,,,273923000.0,47262000.0,377302000.0,,
Ascent Industries Co.,ACNT,Basic Materials,NASDAQ,US,2024-12-31,,161336000.0,1.8512539,21.5,,-3.67079512866772,0.0,0.0,-0.32,0.8,-2.6261341222879686,177872000.0,-4472000.0,-0.020920001,-13598000.0,0.00513,-0.03379,0.6352801358234296,53705000.0,22280000.0,83071000.0,33270000.0,16108000.0,,29366000.0,0.18201765260078345
Alpha Cognition Inc. Common Stock,ACOG,Healthcare,NASDAQ,US,2024-12-31,,110884728.0,2.4436991,-5.425532,,,0.0,0.0,-1.57,-0.94,,0.0,-10911910.0,-1.86985,-14636865.0,-2.62176,-1.25651,0.8172161473362859,9273893.0,3350752.0,50251178.0,911463.0,48546210.0,,40977285.0,0.3695485008539679
"Aclarion, Inc.",ACON,Healthcare,NASDAQ,US,2024-12-31,,2899520.0,0.12811553,-0.20058352,,-0.5899152529509818,0.0,0.0,-2258.79,-13.71,-53971.142857142855,45724.0,-5513047.0,-96.6616,-6992927.0,0.0,-0.97720003,0.4568235300211963,1153426.0,1153426.0,824279.0,,453661.0,,-329147.0,-0.11351775466284074
"Aclarion, Inc.",ACONW,Unknown,NASDAQ,US,2024-12-31,,,0.0016445377,,,,,0.0,-6.576,,,45724.0,-5513047.0,-96.6616,-6992927.0,0.0,-0.97720003,0.4568235300211963,1153426.0,1153426.0,824279.0,,453661.0,,-329147.0,
Abrdn Income Credit Strategies Fund,ACP,Financial Services,NASDAQ,US,2025-10-31,,710164032.0,0.9612771,,17.151514,8.530367392802287,2.8864002,0.16957296,0.33,,0.6209699129863633,42459842.0,,0.83719003,40555197.0,0.42908,0.0495,0.6964366936898813,322005734.0,,,260000000.0,688421.0,26816297.0,,
Abrdn Income Credit Strategies Fund,ACP-PA,Financial Services,NASDAQ,US,2025-10-31,,,3.4867527,,14.061644,,,0.045883484,1.46,,,42459842.0,,0.83719003,40555197.0,0.42908,0.0495,0.6964366936898813,322005734.0,,,260000000.0,688421.0,26816297.0,,
AC Partners Inc.,ACPS,Industrials,NASDAQ,US,,,21373748.0,1.550802,,14.5,,0.0,0.0,0.04,,,,,0.12328,,0.07343,,,,,,,,,,
ACRES Commercial Realty Corp.,ACR,Real Estate,NASDAQ,US,2024-12-31,,139540448.0,0.30607593,21.933767,19.989363,3.737846832569458,0.0,0.0,0.94,0.85667,2.613804389370233,99631000.0,,0.20313999,29267000.0,0.32154,0.070250005,0.23339659956831557,1431805000.0,,,1405630000.0,56713000.0,,,
ACRES Commercial Realty Corp.,ACR-PC,Real Estate,NASDAQ,US,2024-12-31,,,0.40723246,,49.30966,,,0.0,0.507,,,99631000.0,,0.20313999,29267000.0,0.32154,0.070250005,0.23339659956831557,1431805000.0,,,1405630000.0,56713000.0,,,
ACRES Commercial Realty Corp.,ACR-PD,Real Estate,NASDAQ,US,2024-12-31,,,0.35885325,,43.451675,,,0.0,0.507,,,99631000.0,,0.20313999,29267000.0,0.32154,0.070250005,0.23339659956831557,1431805000.0,,,1405630000.0,56713000.0,,,
Ares Commercial Real Estate Corporation,ACRE,Real Estate,NASDAQ,US,2024-12-31,,286137536.0,0.5480607,35.609123,,-11.292118413418141,22.666698,0.13671875,-0.14,0.14603,-0.7160200698581508,-15233000.0,,0.38631,-34993000.0,-0.08773,-0.014199999,0.30843430184684156,1211074000.0,,,1172369000.0,63799000.0,,,
"American Clean Resources Group, Inc.",ACRG,Basic Materials,NASDAQ,US,2024-12-31,,140871568.0,-10.864346,,,-50.64585934017893,0.0,0.0,-0.45,,-0.1678320816496974,0.0,-992142.0,0.0,-5932550.0,0.0,,-2.6595993110856204,14251369.0,4251369.0,10719.0,425588.0,719.0,,-14240650.0,-0.1010895967311161
"Atacama Resources International, Inc.",ACRL,Basic Materials,NASDAQ,US,,,4733314.0,-1.6499999,,,,0.0,0.0,-0.01,,,,,0.0,,0.0,,,,,,,,,,
"Aclaris Therapeutics, Inc.",ACRS,Healthcare,NASDAQ,US,2024-12-31,,386792512.0,3.2191164,-6.4909086,,-0.8441979465831101,0.0,0.0,-1.58,-0.55,-1.267475308110984,18720000.0,-52527000.0,-5.16793,-132065000.0,0.0,-1.1323,0.7060142424668788,64773000.0,31596000.0,125951000.0,,24570000.0,90302000.0,124389400.0,0.321592058121332
"Acrivon Therapeutics, Inc.",ACRV,Healthcare,NASDAQ,US,2024-12-31,,52697060.0,0.40971538,-0.8966443,,-1.8207158147497526,0.0,0.0,-2.12,-1.8625,-2.7351879841599334,0.0,-89199000.0,0.0,-80556000.0,0.0,-0.50232,0.899271573035994,19802000.0,17214000.0,181629000.0,3645000.0,39818000.0,5089000.0,165389300.0,3.1384919765922423
"Enact Holdings, Inc.",ACT,Financial Services,NASDAQ,US,2024-12-31,,6367817216.0,1.163173,8.464158,9.550884,7.251811447656491,0.18030001,0.018443087,4.52,5.10033,4.3671883925511255,,,0.75325996,,0.54557997,0.13027,0.7660925018987106,1525435000.0,,,743050000.0,599432000.0,,,
Acacia Research Corporation,ACTG,Industrials,NASDAQ,US,2024-12-31,,405133568.0,0.75363356,-7.9245286,70.0,5.484626266069423,0.0,0.0,0.06,-0.53,0.7256647629202577,122312000.0,-32926000.0,-0.108100004,-36057000.0,0.017029999,0.00982,0.6806307294875422,203775000.0,47239000.0,420146000.0,124329000.0,273880000.0,,216371000.0,0.5340732466779944
"Actuate Therapeutics, Inc. Common stock",ACTU,Healthcare,NASDAQ,US,2024-12-31,,102503072.0,9.363057,-4.2302155,12.970588,,0.0,0.0,0.34,-1.0425,,0.0,-25160734.0,0.0,-27285328.0,0.0,-2.96042,0.011180617201491064,9214262.0,8802503.0,9207900.0,,8641622.0,,-6362.0,-6.206643250653014e-05
Acme United Corporation,ACU,Consumer Defensive,NASDAQ,US,2024-12-31,,169817952.0,1.4669517,19.915178,18.208162,8.773078728592168,0.2531,0.014084507,2.45,2.24,4.864177145981411,194489991.0,14139942.0,0.061290003,10022351.0,0.051370002,0.09020001,0.659679647454687,55189951.0,22871601.0,95460482.0,32841531.0,6398692.0,,40270531.0,0.2371394221030295
"AccuStem Sciences, Inc.",ACUT,Healthcare,NASDAQ,US,2024-12-31,,9175658.0,-3.1541438,,,-3.4620624904290134,0.0,0.0,-0.11,,-0.18073041681887908,0.0,-1505102.0,0.0,-1505102.0,0.0,,-65.15553283121275,3364075.0,3364075.0,50433.0,25148.0,5046.0,,-3313642.0,-0.36113399169847
Virtus Diversified Income & Convertible Fund,ACV,Financial Services,NASDAQ,US,2025-01-31,,283592128.0,,,6.5539565,2.132884266069654,0.518,0.0,4.17,,8.240321969536206,48323000.0,,0.0,47891000.0,0.0,,0.6892992148880489,108987000.0,,,75000000.0,6964000.0,,,
ACV Auctions Inc.,ACVA,Consumer Cyclical,NASDAQ,US,2024-12-31,,1337440128.0,2.9211257,29.62695,,-32.942275567691105,0.0,0.0,-0.42,0.24876,-0.4705200151747253,637156000.0,-84105000.0,-0.025090002,-79700000.0,-0.09887,-0.16329001,0.4470908368549884,544145000.0,381166000.0,593197000.0,123000000.0,224065000.0,,49052000.0,0.0366760342934768
"Acurx Pharmaceuticals, Inc.",ACXP,Healthcare,NASDAQ,US,2024-12-31,,5577310.0,1.0841584,-0.5910931,,-3.4508776766623876,0.0,0.0,-8.18,-3.705,-23.00863982019578,0.0,-14103103.0,0.0,-14103103.0,0.0,-2.91065,0.15944191273996147,3242842.0,3242842.0,3857963.0,,3706713.0,,615121.0,0.11028990678301906
"Array Digital Infrastructure, Inc.",AD,Communication Services,NASDAQ,US,2024-12-31,,4211019264.0,1.664561,-232.14287,22.780373,38.86625787946913,0.0,0.0,2.14,-0.21,0.6206896551724138,3770000000.0,145000000.0,-0.13264,-39000000.0,0.00428,0.05336,0.4380323475930711,5841000000.0,884000000.0,1345000000.0,3822000000.0,144000000.0,,-4496000000.0,-1.067675001735637
ADAC,ADAC,Unknown,NASDAQ,US,,,,,,,,,,,,,,,,,,,,,,,,,,,
American Drive Acquisition Company,ADACU,Unknown,NASDAQ,US,,,,10000.0,,,,,0.0,,,,,,,,,,,,,,,,,,
Adagene Inc.,ADAG,Healthcare,NASDAQ,US,2024-12-31,,123955248.0,3.2711444,-3.652778,,-3.975370613623751,0.0,0.0,-0.64,-0.72,-0.43266406978904604,103204.0,-35951543.0,-322.83603,-33424111.0,0.0,-0.63259,0.565976648518219,38744581.0,38184938.0,87778005.0,18493539.0,85194502.0,,49033424.0,0.39557360249886314
"Adamas Trust, Inc.",ADAM,Real Estate,NASDAQ,US,2024-12-31,,727024320.0,0.8549278,7.7840953,42.368423,-12.62643617551422,4.3684,0.104534,0.19,1.03416,-0.5345335120054481,242107000.0,,0.44719002,-62029000.0,0.29584,0.035469998,0.15131575664062355,7806148000.0,,,3555181000.0,167422000.0,113492000.0,,
"Adamas Trust, Inc.",ADAMG,Unknown,NASDAQ,US,,,,2.6805437,,,,,0.032943044,,,,,,0.44719002,,0.29584,0.035469998,,,,,,,,,
"Adamas Trust, Inc.",ADAMH,Unknown,NASDAQ,US,,,,2.7198386,,,,,0.032472484,,,,,,0.44719002,,0.29584,0.035469998,,,,,,,,,
"New York Mortgage Trust, Inc. 9.125% Senior Notes Due 2029",ADAMI,Unknown,NASDAQ,US,,,,,,,,,,,,,,,,,,,,,,,,,,,
"Adamas Trust, Inc.",ADAML,Real Estate,NASDAQ,US,2024-12-31,,,2.4729183,,,,,0.035714284,,,,242107000.0,,0.44719002,-62029000.0,0.29584,0.035469998,0.15131575664062355,7806148000.0,,,3555181000.0,167422000.0,113492000.0,,
"Adamas Trust, Inc.",ADAMM,Real Estate,NASDAQ,US,2024-12-31,,,2.6964738,,,,,0.032728706,,,,242107000.0,,0.44719002,-62029000.0,0.29584,0.035469998,0.15131575664062355,7806148000.0,,,3555181000.0,167422000.0,113492000.0,,
"Adamas Trust, Inc.",ADAMN,Real Estate,NASDAQ,US,2024-12-31,,,2.3428206,,,,,0.03718638,,,,242107000.0,,0.44719002,-62029000.0,0.29584,0.035469998,0.15131575664062355,7806148000.0,,,3555181000.0,167422000.0,113492000.0,,
"Adamas Trust, Inc. 9.250% Senior Notes Due 2031",ADAMO,Unknown,NASDAQ,US,,,,,,,,,,,,,,,,,,,,,,,,,,,
"Adamas Trust, Inc.",ADAMZ,Real Estate,NASDAQ,US,2024-12-31,,,2.064571,,,,,0.042585943,,,,242107000.0,,0.44719002,-62029000.0,0.29584,0.035469998,0.15131575664062355,7806148000.0,,,3555181000.0,167422000.0,113492000.0,,
Adobe Inc.,ADBE,Technology,NASDAQ,US,2025-11-30,,112343867392.0,9.536297,10.172236,16.080288,41.5748195510974,0.0,0.0,16.69,26.38358,12.355555555555556,23769000000.0,8706000000.0,0.36503,7130000000.0,0.29997,0.55426,0.39405343097369133,17873000000.0,10200000000.0,10163000000.0,6648000000.0,5431000000.0,,-7710000000.0,-0.06862857919157792
ADBT,ADBT,Unknown,NASDAQ,US,,,,,,,,,,,,,,,,,,,,,,,,,,,
Agree Realty Corporation,ADC,Real Estate,NASDAQ,US,2024-12-31,,8616176640.0,1.4945309,38.500965,43.7076,32.51816417932648,1.786,0.04011559,1.71,1.94125,1.7808425065004907,617095000.0,298026000.0,0.48675,189197000.0,0.28106,0.03477,0.6492760338073206,2975785000.0,144115000.0,112815000.0,2831670000.0,6399000.0,,-2862970000.0,-0.3322784710226182
Agree Realty Corporation,ADC-PA,Real Estate,NASDAQ,US,2024-12-31,,,0.3417385,,9.5795965,,,0.1784921,1.784,,,617095000.0,298026000.0,0.48675,189197000.0,0.28106,0.03477,0.6492760338073206,2975785000.0,144115000.0,112815000.0,2831670000.0,6399000.0,,-2862970000.0,
ADC Therapeutics SA,ADCT,Healthcare,NASDAQ,US,2024-12-31,,496747232.0,-1.8959812,-2.6912754,,-0.5412235909046661,0.0,0.0,-1.41,-1.49,-2.9377877463191955,70837000.0,-129591000.0,-1.8622999,-157846000.0,-2.2196898,,-0.6293620721783961,524622000.0,80469000.0,307390000.0,122998000.0,250867000.0,,-217232000.0,-0.43730892898060475
ADDTF,ADDTF,Unknown,NASDAQ,US,,,,,,,,,,,,,,,,,,,,,,,,,,,
Adeia Inc.,ADEA,Technology,NASDAQ,US,2024-12-31,,1982134528.0,4.789627,12.80736,27.846155,20.36852320207522,0.3077,0.011554016,0.65,1.41325,0.5970101640244929,376024000.0,142262000.0,0.36872002,64623000.0,0.19318001,0.18535,0.36118860323818425,701390000.0,73106000.0,258376000.0,485417000.0,78825000.0,,-443014000.0,-0.22350349774039152
"Adagio Medical Holdings, Inc.",ADGM,Healthcare,NASDAQ,US,2024-12-31,,20967840.0,-11.6470585,-1.0,,,0.0,0.0,-2.26,-0.99,,300000.0,-27942000.0,-195.43797,-38146000.0,0.0,-2.10357,0.410997357992074,28536000.0,7763000.0,25349000.0,16265000.0,20586000.0,,-3187000.0,-0.1519946737479874
"Analog Devices, Inc.",ADI,Technology,NASDAQ,US,2025-10-31,,156909666304.0,4.640168,27.983334,70.42857,68.75430521718947,0.8531,0.012293556,4.55,11.45146,3.279091311958965,11019707000.0,3002476000.0,0.30501,2267342000.0,0.20575,0.06573,0.7046018778851255,14176957000.0,3245801000.0,7108061000.0,8664610000.0,2499406000.0,,-7068896000.0,-0.04505073630266077
"Adia Nutrition, Inc.",ADIA,Financial Services,NASDAQ,US,,,19824986.0,-209.99998,,,,,0.0,-0.404,,,,,-1.8401899,,0.0,-14.60807,,,,,,,,,
"Adial Pharmaceuticals, Inc.",ADIL,Healthcare,NASDAQ,US,2024-12-31,,3466850.0,0.6603174,-0.32415584,,-12.30471468715434,0.0,0.0,-15.0,-9.625,-3.596182530440575,0.0,-8284457.0,0.0,-13197451.0,0.0,-1.5501,0.806528703145278,975858.0,975858.0,4058764.0,,3750525.0,,3082906.0,0.8892527799010629
Archer-Daniels-Midland Company,ADM,Consumer Defensive,NASDAQ,US,2024-12-31,,31876190208.0,1.4122081,14.252012,29.744394,10.44683655643819,0.91480005,0.031178357,2.23,4.65408,6.42619926199262,85530000000.0,2072000000.0,0.01725,1800000000.0,0.01343,0.04721,0.4161363593700137,30840000000.0,19938000000.0,27718000000.0,11538000000.0,611000000.0,,-3122000000.0,-0.09794144091963877
"ADMA Biologics, Inc.",ADMA,Healthcare,NASDAQ,US,2024-12-31,,3920702720.0,9.082366,17.478724,19.10465,-35.85032966917992,0.0,0.0,0.86,0.94,-0.12607973267292716,426454000.0,138983000.0,0.38005,197673000.0,0.4287,0.63174,0.7142085381375876,139660000.0,55542000.0,331410000.0,82116000.0,103147000.0,,191750000.0,0.048907048989421976
Adamant DRI Processing and Minerals Group,ADMG,Financial Services,NASDAQ,US,2022-12-31,,461970.0,,,,-24.97437999968431,0.0,0.0,-0.0,,-0.0029630365580490775,0.0,-71843.0,0.0,-71843.0,0.0,-11.133731,-12.399599733155437,40172.0,40172.0,2998.0,21721.0,0.0,,-37174.0,-0.0804684286858454
"ADM Endeavors, Inc.",ADMQ,Industrials,NASDAQ,US,2024-12-31,,3963010.0,1.1904762,,Infinity,37.57292687843859,0.0,0.0,0.0,,0.0008836149387257765,5760459.0,391652.0,0.093219995,324311.0,0.09362,0.17302999,0.4109059376723852,4370956.0,885749.0,1270836.0,3584192.0,412449.0,,-3100120.0,-0.7822639862125
"ADM Tronics Unlimited, Inc.",ADMT,Healthcare,NASDAQ,US,2025-03-31,,6082965.0,6.923077,,Infinity,-7.704833326928305,0.0,0.0,0.0,,-0.012978866283923009,3197110.0,-94024.0,0.0028799998,-123056.0,-0.03856,-0.13695,0.31550126863893535,1456525.0,1149148.0,1249422.0,846861.0,382969.0,,-207103.0,-0.03404639020609193
"Advent Technologies Holdings, Inc.",ADNH,Industrials,NASDAQ,US,2024-12-31,,1423768.0,-0.06956683,,1.3918519,-0.17722567078677762,0.0,0.0,0.27,,-37.240654106893516,3276000.0,-18514000.0,-38.29032,-40994000.0,0.0,,-2.6595478955913574,29302000.0,28772000.0,2693000.0,832000.0,381000.0,,-26609000.0,-18.689140365565176
Adient plc,ADNT,Consumer Cyclical,NASDAQ,US,2025-09-30,,2094348544.0,1.194151,8.377659,,118.63167048560248,0.0,0.0,-3.67,3.1584,0.1997780244173141,14535000000.0,439000000.0,0.023599999,-281000000.0,-0.02063,-0.10045999,0.19723028813937904,6796000000.0,3687000000.0,4133000000.0,2397000000.0,958000000.0,,-2663000000.0,-1.2715171061803932
"Advent Technologies Holdings, Inc.",ADNWW,Unknown,NASDAQ,US,2024-12-31,,,-3.7023325e-05,,,,,0.0,,,,3276000.0,-18514000.0,-38.29032,-40994000.0,0.0,,-2.6595478955913574,29302000.0,28772000.0,2693000.0,832000.0,381000.0,,-26609000.0,
PT Alamtri Resources Indonesia Tbk,ADOOY,Energy,NASDAQ,US,2024-12-31,,3610604288.0,37.950314,,8.855073,1.838949348490398,1.2203,0.002887538,0.69,,2.6545553060265843,2078689000.0,733642000.0,0.3103,1380013000.0,0.26556,0.06791,0.7351182691703694,1331295000.0,647395000.0,2605762000.0,579845000.0,1405918000.0,,1274467000.0,0.35297886401889744
"Automatic Data Processing, Inc.",ADP,Technology,NASDAQ,US,2025-06-30,,93573259264.0,14.583963,19.337431,22.224785,25.24574269130032,0.6071,0.027009701,10.41,11.96436,9.102377486656962,20560900000.0,5411900000.0,0.26283002,4079700000.0,0.19964,0.73843,0.11594680837110474,47181300000.0,41278300000.0,43252200000.0,9065400000.0,3347800000.0,,-3929100000.0,-0.04198956016819673
Adaptive Biotechnologies Corporation,ADPT,Healthcare,NASDAQ,US,2024-12-31,,2425101568.0,11.768657,-40.4359,,-3.416483667056288,0.0,0.0,-0.39,-0.39,-1.5600835370884392,178957000.0,-155344000.0,0.1095,-159492000.0,-0.31498,-0.37208998,0.3758213194506244,336891000.0,98053000.0,283752000.0,89387000.0,47920000.0,33660000.0,-29577000.0,-0.012196190209217661
ADS-TEC Energy PLC,ADSE,Industrials,NASDAQ,US,2024-12-31,,611446208.0,-32.34343,12.33849,,-6.325096426094798,0.0,0.0,-1.52,0.82425,-1.1193505121118517,110013000.0,-8443000.0,-2.05392,-97958000.0,-1.4894,,-0.29476692143496525,188039000.0,61847000.0,115042000.0,16813000.0,22858000.0,,-72997000.0,-0.11938417320268997
ADS-TEC Energy PLC,ADSEW,Unknown,NASDAQ,US,2024-12-31,,,-2.296479,,,,,0.0,-100.834,,,110013000.0,-8443000.0,-2.05392,-97958000.0,-1.4894,,-0.29476692143496525,188039000.0,61847000.0,115042000.0,16813000.0,22858000.0,,-72997000.0,
"Autodesk, Inc.",ADSK,Technology,NASDAQ,US,2025-01-31,,51205197824.0,17.616884,20.658403,46.770428,61.32636023515107,0.0,0.0,5.14,11.63691,4.194444444444445,6131000000.0,1369000000.0,0.25688,1112000000.0,0.16129999,0.40333998,0.24194590602787777,8212000000.0,5151000000.0,3482000000.0,2559000000.0,1599000000.0,267000000.0,-4543100000.0,-0.0887234146739423
ADT Inc.,ADT,Industrials,NASDAQ,US,2024-12-31,,6618050560.0,1.7933333,8.531377,11.054793,13.570008823456263,0.3014,0.028025478,0.73,0.94592,0.4754203229509577,4898446000.0,1232188000.0,0.25651,501053000.0,0.12528,0.17245,0.236795911919769,12250156000.0,1263780000.0,1004920000.0,7707073000.0,96212000.0,,-11245236000.0,-1.6991765019093477
"Adapti, Inc.",ADTI,Consumer Defensive,NASDAQ,US,2025-03-31,,12541244.0,0.7803902,,,-1.6354285948338663,0.0,0.0,-0.89,,-1.2229210167400604,4894.0,-903626.0,-1.13206,-960145.0,-1.60292,-0.44876,-856.2508250825083,1038988.0,1031987.0,1212.0,513369.0,572.0,,-1037776.0,-0.0827490478615997
"ADTRAN Holdings, Inc.",ADTN,Technology,NASDAQ,US,2024-12-31,,789943680.0,5.5580606,20.867723,,-2.1583562981801605,0.0,0.0,-0.96,0.4725,-3.4285349928586,922720000.0,-130212000.0,-0.00962,-459891000.0,-0.076469995,-0.1181,0.10837369037039693,621525000.0,293473000.0,599140000.0,215501000.0,76021000.0,,-22385000.0,-0.02833746324801282
Advantest Corporation,ADTTF,Technology,NASDAQ,US,2025-03-31,,124255526912.0,28.892088,,75.04386,0.5109863591545544,0.1377,0.31390134,2.28,,84.1599999658442,779707000000.0,228161000000.0,0.41479,161177000000.0,0.27931,0.49263,0.5929911848374522,347671000000.0,309424000000.0,599753000000.0,93503000000.0,262544000000.0,30167000000.0,273198900000.0,2.198686101049528
"Aditxt, Inc.",ADTX,Healthcare,NASDAQ,US,2024-12-31,,1156191.0,-0.004286561,-0.05766165,,-22.03477803648015,0.0,0.0,-829.59,-11.29,-247181.97709923665,133985.0,-27863698.0,-4198.703,-34446486.0,0.0,,0.27592920568721324,23857994.0,23407123.0,1999841.0,6920389.0,833031.0,,-21858153.0,-18.9053132224693
Aduro Clean Technologies Inc.,ADUR,Industrials,NASDAQ,US,2025-05-31,,401157536.0,28.97564,-26.512712,,,0.0,0.0,-0.47,-0.437526,,231212.0,-11843047.0,-44.386307,-12145790.0,0.0,-1.30196,0.918808719053919,1042043.0,528658.0,8561043.0,170953.0,6957846.0,,7519000.0,0.01874326000446867
Addus HomeCare Corporation,ADUS,Healthcare,NASDAQ,US,2024-12-31,,1957008768.0,1.8392161,15.42743,22.72103,24.63243921128457,0.0,0.0,4.66,6.8631,3.832750904297713,1154599000.0,102691000.0,0.09505,73598000.0,0.06361,0.085760005,0.6870088076600167,442142000.0,155871000.0,260382000.0,273126000.0,98911000.0,,-181760000.0,-0.09287643620817952
Advantage Solutions Inc.,ADV,Communication Services,NASDAQ,US,2024-12-31,,247999280.0,0.34963202,2.511067,,-19.730822999034732,0.0,0.0,-0.79,0.3027,-0.19563298982939856,3566324000.0,-21877000.0,0.03309,-326962000.0,-0.06967,-0.29729998,0.24102073157816295,2357782000.0,460062000.0,910738000.0,1737911000.0,205233000.0,,-1447044000.0,-5.834871778660003
Advanced Biomed Inc.,ADVB,Healthcare,NASDAQ,US,2024-06-30,,5945916.0,1.6683453,,,,0.0,0.0,-0.17,,,,,0.0,,0.0,-1.6497501,0.3729071506577999,2796989.0,2732460.0,3051110.0,126740.0,2607973.0,,254121.0,0.042738747066053406
"Adams Diversified Equity Fund, Inc.",ADX,Financial Services,NASDAQ,US,2024-12-31,,2774890496.0,0.9892087,,7.5737705,3.1000909407367416,1.0918,0.14676069,3.05,,4.570000006364192,564123642.0,,0.61033,549566878.0,9.81238,0.1216,0.9966847302362551,8856345.0,,,,73922.0,22226431.0,,
Addex Therapeutics Ltd,ADXN,Healthcare,NASDAQ,US,2024-12-31,,9732784.0,120.49189,-158.0,,-0.6875937417098241,0.0,0.0,-9.26,-0.05,-8.551561420293401,404102.0,-2755233.0,-14.0357895,7055787.0,0.0,-0.72837996,0.9062555164430154,1001032.0,802093.0,3541363.0,41994.0,3341738.0,,2540331.0,0.2610076418011537
"Ayala Pharmaceuticals, Inc.",ADXS,Healthcare,NASDAQ,US,2023-12-31,,25707578.0,-0.29412767,-0.8267808,,-0.0316032470892051,0.0,0.0,-7.99,-0.73,-13.129980346305693,13000.0,-36266000.0,-2712.7693,-48072000.0,0.0,,-1.4727667531214186,40996000.0,25018000.0,7528000.0,8316000.0,4882000.0,,-33468000.0,-1.3018729341208262
Adyen N.V.,ADYYF,Technology,NASDAQ,US,2024-12-31,,42690240512.0,7.6284623,,35.737267,56.797363207803855,0.0,0.0,37.3,,22.41301229675909,2225601000.0,872512000.0,0.44432998,925163000.0,0.45465,0.24155001,0.3703650475406334,7193755000.0,7017697000.0,10888139000.0,228256000.0,9852392000.0,9486000.0,3701024200.0,0.08669485473991793
ADZCF,ADZCF,Unknown,NASDAQ,US,,,,,,,,,,,,,,,,,,,,,,,,,,,
AltEnergy Acquisition Corp.,AEAE,Financial Services,NASDAQ,US,2024-12-31,,75257024.0,-4.065674,,,62.754251026589984,0.0,0.0,-0.43,,0.1735340660620503,0.0,-2273628.0,0.0,-2697841.0,0.0,,-0.8542285114172461,16215258.0,8083358.0,200159.0,2335000.0,18458.0,,-16015099.0,-0.21280537216034479
AltEnergy Acquisition Corp.,AEAEU,Financial Services,NASDAQ,US,2024-12-31,,,-1.5233581,,3.5266457,,,0.0,1.276,,,0.0,-2273628.0,0.0,-2697841.0,0.0,,-0.8542285114172461,16215258.0,8083358.0,200159.0,2335000.0,18458.0,,-16015099.0,
AltEnergy Acquisition Corp.,AEAEW,Unknown,NASDAQ,US,2024-12-31,,,-0.023696683,,,,,0.0,,,,0.0,-2273628.0,0.0,-2697841.0,0.0,,-0.8542285114172461,16215258.0,8083358.0,200159.0,2335000.0,18458.0,,-16015099.0,
Activate Energy Acquisition Corp.,AEAQ,Unknown,NASDAQ,US,,,309359296.0,-3293.3333,,,,,0.0,,,,,,,,,,,,,,,,,,
Activate Energy Acquisition Corp.,AEAQU,Unknown,NASDAQ,US,,,,-3346.6665,,,,,0.0,,,,,,,,,,,,,,,,,,
Activate Energy Acquisition Corp.,AEAQW,Unknown,NASDAQ,US,,,3026560.0,-85.333336,,,,,0.0,,,,,,,,,,,,,,,,,,
Aebi Schmidt Holding AG,AEBI,Industrials,NASDAQ,US,2024-12-31,,1207305216.0,1.47906,17.539326,111.5,,0.1843,0.0017111568,0.14,0.89,,1085958000.0,68492000.0,0.03914,30682000.0,0.00805,,0.33552426010270886,722949000.0,267219000.0,518161000.0,461842000.0,65173000.0,,-204788000.0,-0.16962404973159662
Anadolu Efes Biracilik ve Malt Sanayii Anonim Sirketi,AEBMF,Unknown,NASDAQ,US,,,,0.025073072,,,,,0.0,,,,,,,,,,,,,,,,,,
AEBMY,AEBMY,Unknown,NASDAQ,US,,,,,,,,,,,,,,,,,,,,,,,,,,,
Anadolu Efes Biracilik ve Malt Sanayii Anonim Sirketi,AEBZY,Consumer Defensive,NASDAQ,US,2024-12-31,,2563514624.0,0.023383608,,13.333334,0.08637121544788248,0.1148,0.0,0.03,,5.395922481438912,231354487000.0,27180030000.0,0.0,13117092000.0,0.03629,0.06661,0.23860339050477697,182453835000.0,107326660000.0,121296707000.0,78887834000.0,54232855000.0,18409000.0,-61144241700.0,-23.851723383029938
Anfield Energy Inc.,AEC,Energy,NASDAQ,US,2024-12-31,,113582928.0,2.7662728,,,3.6480090229624693,0.0,0.0,-0.66,,1.233549580517662,0.0,-11353607.0,0.0,-11445652.0,0.0,-0.30734,0.5608667067896433,35134624.0,7774764.0,2470098.0,9283793.0,1350411.0,,-32664526.0,-0.2875830600176111
Aegon N.V. PERP CAP SECS,AED,Unknown,NASDAQ,US,2025-03-31,,52167983104.0,1.8595163,,19.260378,,,0.0123432595,,,,25488377.0,2376225.0,,1207489.0,,,0.05914215177662996,18702584.0,13812308.0,10658779.0,16226347.0,170741.0,,-8043805.0,-0.00015419045401782533
Ameren Corporation,AEE,Utilities,NASDAQ,US,2024-12-31,,28426309632.0,2.2243152,19.601004,20.209616,15.52551470597585,0.5385,0.026715009,5.2,5.36146,4.373576309794989,7623000000.0,1516000000.0,0.34,1182000000.0,0.1634,0.11387,0.2716265303376833,32355000000.0,3413000000.0,2264000000.0,18722000000.0,7000000.0,,-30091000000.0,-1.058561606819551
"abrdn Emerging Markets ex-China Fund, Inc.",AEF,Financial Services,NASDAQ,US,2024-12-31,,325217408.0,1.2092391,,8.257732,7.426696095034608,0.5155,0.06313131,0.97,,0.5699999984344314,20733795.0,,0.5855,19739739.0,6.4539504,0.14571,0.8605930067363691,48993286.0,,,40000000.0,1023883.0,2344272.0,,
Aegon Funding Company LLC 5.10%,AEFC,Unknown,NASDAQ,US,,,,,,,,,,,,,,,,,,,,,,,,,,,
Aegon Ltd.,AEG,Financial Services,NASDAQ,US,2024-12-31,,12001527808.0,1.1432049,19.126213,8.565217,-69.91231358917067,0.4448,0.049543675,0.92,0.412,-0.07555930772477838,19519000000.0,,0.10912,688000000.0,0.101330005,0.14955,0.028061333577690216,318077000000.0,,,4995000000.0,3468000000.0,,,
Aegon Ltd.,AEGOF,Financial Services,NASDAQ,US,2024-12-31,,11649824768.0,1.1170911,7.8571424,8.369565,-67.6250014651421,0.44869998,0.04935065,0.92,0.98,-0.07555930772477838,19519000000.0,,0.10912,688000000.0,0.101330005,0.14955,0.028061333577690216,318077000000.0,,,4995000000.0,3468000000.0,,,
Aecon Group Inc.,AEGXF,Industrials,NASDAQ,US,2024-12-31,,1710652416.0,2.5607953,,270.3,4.077263322474439,5.4286,0.015157559,0.1,,2.100000005188708,4242731000.0,-118550000.0,0.0347,-59524000.0,0.00164,0.00908,0.2963588393118395,2263788000.0,1943428000.0,2228614000.0,304416000.0,438025000.0,22327000.0,-19545100.0,-0.011425523862820768
AEHGS,AEHGS,Unknown,NASDAQ,US,,,,,,,,,0.0,,,,,,,,,,,,,,,,,,
Antelope Enterprise Holdings Limited,AEHL,Industrials,NASDAQ,US,2024-12-31,,6398374.0,0.1851713,,,-3.0692977777777775,0.0,0.0,-31.81,,-31.27751262684769,98773000.0,-10179000.0,-0.08676,-10544000.0,-0.17688999,,0.6723412092827449,11765000.0,10693000.0,26909000.0,6879000.0,1047000.0,,15144000.0,2.366851328165562
"Aehr Test Systems, Inc.",AEHR,Technology,NASDAQ,US,2025-05-31,,808255552.0,6.180328,351.86664,,10.326110882729756,0.0,0.0,-0.3,0.075,1.1194921835432352,58968000.0,-4813000.0,-0.4918,-3910000.0,-0.16631001,-0.06974,0.8273695693161311,25637000.0,15638000.0,88778000.0,10830000.0,24329000.0,,63141000.0,0.07812009437332018
Alset Inc.,AEI,Real Estate,NASDAQ,US,2024-12-31,,109712816.0,0.7083647,,,-0.13958491356967742,0.0,0.0,-0.56,,-6.519329367007801,21115899.0,-2503976.0,-2.01005,-3965884.0,-1.05021,-0.10515001,0.8405271215159236,6563126.0,5476601.0,59760342.0,2957263.0,27243787.0,,53197216.0,0.4848769536641918
"Advanced Energy Industries, Inc.",AEIS,Industrials,NASDAQ,US,2024-12-31,,10314332160.0,7.880833,34.908916,71.34726,32.495411942833385,0.1042,0.0015525538,3.83,7.8278,3.388915306176362,1482042000.0,66925000.0,0.11936,54214000.0,0.08407,0.117989995,0.5319307624495224,1058723000.0,314222000.0,1389323000.0,671699000.0,722086000.0,,330600000.0,0.032052487245087906
Agnico Eagle Mines Limited,AEM,Basic Materials,NASDAQ,US,2024-12-31,,98702360576.0,4.198791,15.22241,28.742691,13.37654727465903,0.2339,0.0084455,6.84,12.91517,3.962554576016558,8285753000.0,3149429000.0,0.53104997,1895581000.0,0.32625,0.15667,0.6947306331026313,9154118000.0,1511965000.0,2805281000.0,1282182000.0,926431000.0,559165000.0,-5957421500.0,-0.060357436896484706
"Aethlon Medical, Inc.",AEMD,Healthcare,NASDAQ,US,2025-03-31,,2170265.0,0.29548165,-0.39122808,0.0106596565,-3.457888172539985,0.0,0.0,209.2,-5.7,-38.867651928072945,0.0,-9341365.0,0.0,-13388089.0,0.0,-1.91391,0.6961758720049395,2236004.0,1899286.0,5949800.0,649751.0,5501261.0,,3713796.0,1.7112177545138496
Alliance Entertainment Holding Corporation,AENT,Communication Services,NASDAQ,US,2025-06-30,,773372800.0,3.284637,10.25,17.871796,35.06775639453993,0.0,0.0,0.39,0.68,0.09011127060078193,1063457000.0,31151000.0,0.04291,15078000.0,0.017970001,0.19945,0.285753042399814,258006000.0,172729000.0,218132000.0,90935000.0,1236000.0,,-39874000.0,-0.05155857563131261
Alliance Entertainment Holding Corporation,AENTW,Unknown,NASDAQ,US,2025-06-30,,,0.26390198,,,,,0.0,,,,1063457000.0,31151000.0,0.04291,15078000.0,0.017970001,0.19945,0.285753042399814,258006000.0,172729000.0,218132000.0,90935000.0,1236000.0,,-39874000.0,
"American Eagle Outfitters, Inc.",AEO,Consumer Cyclical,NASDAQ,US,2025-01-31,,4027605248.0,2.4780977,14.0795,21.026548,22.307224625239606,0.4425,0.021654395,1.13,1.68756,0.8637377262360119,5328652000.0,444864000.0,0.082609996,329380000.0,0.03903,0.12362,0.46122781943601493,2063915000.0,882656000.0,1354231000.0,1446330000.0,308962000.0,,-709684000.0,-0.17620495463213778
"AEON Biopharma, Inc.",AEON,Healthcare,NASDAQ,US,2024-12-31,,26426712.0,-0.6444054,-1.594203,0.3691275,,0.0,0.0,2.98,-0.69,,0.0,-27824000.0,0.0,42005000.0,0.0,,-9.092616168045831,31711000.0,14149000.0,1590000.0,12955000.0,13000.0,,-30121000.0,-1.1397937057020184
"American Electric Power Company, Inc.",AEP,Utilities,NASDAQ,US,2024-12-31,,64660086784.0,2.1271725,19.115437,17.686678,17.790612138797208,0.5447,0.030843213,6.83,6.3195,4.244662508462173,19721300000.0,4446100000.0,0.25885,2967100000.0,0.17228001,0.12923001,0.26139234366208114,76091900000.0,13009300000.0,5788800000.0,45762800000.0,202900000.0,554300000.0,-69915090000.0,-1.0812712057370815
AerCap Holdings N.V.,AER,Industrials,NASDAQ,US,2024-12-31,,24975849472.0,1.2824105,9.066841,6.685919,5.354360613821698,0.0506,0.0,20.95,15.4486,13.775548524909759,7996644000.0,2126601000.0,0.61582,2098632000.0,0.45407,0.21711999,0.2405395813799999,54257144000.0,1703610000.0,5408295000.0,45350288000.0,1209226000.0,,-48848849000.0,-1.9558433459796278
AI Era Corp.,AERA,Communication Services,NASDAQ,US,2025-08-31,,3396132.0,1.031653,,6.769231,,0.0,0.0,0.13,,,6368563.0,1881050.0,0.26063,1455448.0,0.25716,0.76606005,0.45998698109708114,3598731.0,3491633.0,241607.0,2172279.0,13691.0,,-3357124.0,-0.9885139918000831
"Applied Energetics, Inc.",AERG,Technology,NASDAQ,US,2024-12-31,,259386240.0,-386.66666,,,-58.29596158061884,0.0,0.0,-0.06,,-0.034822308721718855,2426609.0,-9177114.0,-36.438,-9174958.0,0.0,-29.8163,0.18965323253185015,1678122.0,732418.0,664779.0,1258409.0,164812.0,,-1013343.0,-0.003906695281908555
AERGP,AERGP,Unknown,NASDAQ,US,2024-12-31,,,,,,,,,,,,2426609.0,-9177114.0,,-9174958.0,,,0.18965323253185015,1678122.0,732418.0,664779.0,1258409.0,164812.0,,-1013343.0,
"Grupo Aeromexico, S.A.B. de C.V",AERO,Industrials,NASDAQ,US,2024-12-31,,2776541952.0,-3.6645486,9.455149,0.43646792,,0.0,0.0,43.6,2.01266,,5619854000.0,1066908000.0,0.17352,617439000.0,0.04897,,-0.14129471541372257,7283479000.0,3193183000.0,1646639000.0,3700913000.0,815496000.0,,-5636840000.0,-2.030165615160134
"Aeries Technology, Inc",AERT,Industrials,NASDAQ,US,2025-03-31,,21012022.0,-6.9370966,,Infinity,2.549544657539863,0.0,0.0,0.0,,1.0080231093981593,70198000.0,-28770000.0,0.114350006,-19714000.0,-0.01367,,-0.14570833228729949,45937000.0,32420000.0,21327000.0,17857000.0,2764000.0,1830000.0,-23329000.0,-1.1102691592460736
"Aeries Technology, Inc",AERTW,Unknown,NASDAQ,US,2025-03-31,,,-0.45,,,,,0.0,,,,70198000.0,-28770000.0,0.114350006,-19714000.0,-0.01367,,-0.14570833228729949,45937000.0,32420000.0,21327000.0,17857000.0,2764000.0,1830000.0,-23329000.0,
The AES Corporation,AES,Utilities,NASDAQ,US,2024-12-31,,11429540864.0,2.957435,6.916851,10.55921,49.483689212416074,0.46080002,0.045157153,1.52,2.32042,0.3497191011235955,12278000000.0,2026000000.0,0.20501,1679000000.0,0.0874,0.05106,0.07686790701598954,39702000000.0,8571000000.0,6831000000.0,29018000000.0,1524000000.0,,-32871000000.0,-2.8759685442426535
Atlas Energy Solutions Inc.,AESI,Energy,NASDAQ,US,2024-12-31,,1953324160.0,1.1879487,-60.256413,,6.956433940361467,8.083301,0.08847185,-0.1,-0.195,2.2522700077426623,1055957000.0,113450000.0,-0.06883,59944000.0,-0.01223,-0.01204,,936096000.0,243065000.0,289418000.0,530095000.0,71704000.0,,-646678000.0,-0.331065377289963
"Aeva Technologies, Inc.",AEVA,Technology,NASDAQ,US,2024-12-31,,744990848.0,22.38267,-6.89847,,-1.258973646125259,0.0,0.0,-2.82,-1.7975,-3.2883927945809397,9065000.0,-146872000.0,-9.26544,-152261000.0,0.0,-1.9234599,0.673623117656232,48137000.0,39159000.0,123300000.0,3759000.0,28864000.0,,75163000.0,0.1008911722899447
"Aeva Technologies, Inc.",AEVAW,Unknown,NASDAQ,US,2024-12-31,,,0.10830324,,,,,0.0,,,,9065000.0,-146872000.0,-9.26544,-152261000.0,0.0,-1.9234599,0.673623117656232,48137000.0,39159000.0,123300000.0,3759000.0,28864000.0,,75163000.0,
American Exceptionalism Acquisition Corp. A,AEXA,Unknown,NASDAQ,US,,,559400704.0,-28.20449,,,,,0.0,,,,,,,,,,,,,,,,,,
"AudioEye, Inc.",AEYE,Technology,NASDAQ,US,2024-12-31,,96865216.0,17.142857,9.285715,,-10.419481906644005,0.0,0.0,-0.29,0.84,-0.49906510283868777,35201000.0,-3390000.0,-0.03501,-4254000.0,-0.08885,-0.54034,0.31700597997715513,20330000.0,11571000.0,12120000.0,7237000.0,5651000.0,,-8210000.0,-0.08475694722035204
Farlong Holding Corp,AFA,Unknown,NASDAQ,US,2025-09-30,,,,,,,,,,,,725806.0,-2436962.0,,-2555522.0,,,-0.5070212469237457,6548583.0,1613470.0,3467448.0,5143994.0,2502548.0,,-3081135.0,
"AllianceBernstein National Municipal Income Fund, Inc.",AFB,Financial Services,NASDAQ,US,2025-10-31,,315906848.0,0.9005244,,91.583336,4.948583306107984,4.1651,0.043897998,0.12,,2.1300000159736876,3844110.0,,0.8832,3444089.0,0.12582,0.0096700005,0.5961979278833389,237602977.0,,,132125000.0,472.0,3942228.0,,
"Affinity Bancshares, Inc.",AFBI,Financial Services,NASDAQ,US,2024-12-31,,126250832.0,0.98234,,15.8682165,15.146983781077282,0.0,0.0,1.29,,0.983368595617574,31181000.0,,0.36099,5441000.0,0.25298,0.06506,0.14895300853582705,737702000.0,,,58815000.0,41425000.0,42677000.0,,
Advanced Flower Capital Inc.,AFCG,Real Estate,NASDAQ,US,2024-12-31,,49030156.0,0.28952637,3.557377,,6.205124388302679,1.5222,0.4114833,-1.06,0.61,1.0297887748398094,35755227.0,,3.65103,16784205.0,0.0,-0.12029,0.5008642586237451,200681175.0,,,188612150.0,103610460.0,,,
"American Financial Group, Inc.",AFG,Financial Services,NASDAQ,US,2024-12-31,,10931618816.0,2.3105404,10.816343,12.999999,12.110916891774517,0.3254,0.025909932,10.08,12.115,10.562257673885068,,,0.1999,,0.10615,0.18312,0.1448307173433649,26370000000.0,,,1475000000.0,1406000000.0,,,
"American Financial Group, Inc. ",AFGB,Unknown,NASDAQ,US,,,,,,,,,,,,,,,,,,,,,,,,,,,
"American Financial Group, Inc.",AFGC,Unknown,NASDAQ,US,,,19023024.0,,,,,,,,,,,,,,,,,,,,,,,,
"American Financial Group, Inc.",AFGD,Unknown,NASDAQ,US,,,,,,,,,,,,,,,,,,,,,,,,,,,
"American Financial Group, Inc.",AFGE,Unknown,NASDAQ,US,,,,,,,,,,,,,,,,,,,,,,,,,,,
"Aimei Health Technology Co., Ltd",AFJK,Financial Services,NASDAQ,US,2024-12-31,,296659168.0,-86.22776,,242.29999,,0.0,0.0,0.2,,,0.0,-1064786.0,0.0,2552215.0,0.0,,0.9795841581269199,1506994.0,816994.0,30384.0,227700.0,28208.0,,-1476610.0,-0.0049774628910170746
"Aimei Health Technology Co., Ltd",AFJKR,Unknown,NASDAQ,US,,,,-0.7108542,,,,,0.0,,,,,,0.0,,0.0,,,,,,,,,,
"Aimei Health Technology Co., Ltd",AFJKU,Financial Services,NASDAQ,US,2024-12-31,,,-119.64413,,,,,0.0,,,,0.0,-1064786.0,0.0,2552215.0,0.0,,0.9795841581269199,1506994.0,816994.0,30384.0,227700.0,28208.0,,-1476610.0,
Aflac Incorporated,AFL,Financial Services,NASDAQ,US,2024-12-31,,61399945216.0,2.060505,15.114257,17.17742,10.459127894921401,0.3402,0.019749723,6.82,7.75096,9.633372565330124,,,0.33558998,,0.21242,0.13118,0.22198594831839139,91468000000.0,,,7498000000.0,6229000000.0,,,
AFNDY,AFNDY,Unknown,NASDAQ,US,,,,,,,,,,,,,,,,,,,,,,,,,,,
AFNX,AFNX,Unknown,NASDAQ,US,,,,,,,,,,,,,,,,,,,,,,,,,,,
Forafric Global PLC,AFRI,Consumer Defensive,NASDAQ,US,2024-12-31,,271437056.0,-59.35294,,,-22.22259182831315,0.0,0.0,-0.78,,-0.4715921357509735,274223000.0,-7761000.0,-0.0346,-24325000.0,-0.111190006,-1.5636301,-0.006798657336291745,240762000.0,207270000.0,77385000.0,165970000.0,12231000.0,,-163377000.0,-0.6018964485084896
Forafric Global PLC,AFRIW,Unknown,NASDAQ,US,2024-12-31,,,-5.2517643,,,,,0.0,-0.023,,,274223000.0,-7761000.0,-0.0346,-24325000.0,-0.111190006,-1.5636301,-0.006798657336291745,240762000.0,207270000.0,77385000.0,165970000.0,12231000.0,,-163377000.0,
"Affirm Holdings, Inc.",AFRM,Financial Services,NASDAQ,US,2025-06-30,,18997301248.0,6.0413136,14.950062,70.4074,-18.22910721758919,0.0,0.0,0.81,3.8147,-1.670953970531367,3224412000.0,337993000.0,0.06821,52186000.0,0.067379996,0.076,0.2751258210608064,8085920000.0,180098000.0,9758617000.0,7853306000.0,1354455000.0,40277000.0,1700890900.0,0.08953329095515956
Afya Limited,AFYA,Consumer Defensive,NASDAQ,US,2024-12-31,,1401213952.0,1.5550044,8.276772,10.151316,5.034085345413955,0.1673,0.08993333,1.52,1.8642534,4.267036348948019,3304329000.0,1011138000.0,0.2988,631510000.0,0.20076,0.16721001,0.4835988605973653,4518956000.0,1140195000.0,1589784000.0,3173497000.0,911015000.0,,-2929172000.0,-2.090453064515304
First Majestic Silver Corp.,AG,Basic Materials,NASDAQ,US,2024-12-31,,10782929920.0,4.1451464,24.917847,157.07143,-12.868162300080472,0.14140001,0.0009876543,0.14,0.8825,-0.4785586750048009,563631000.0,5537000.0,0.26966,-101885000.0,0.07075,0.0421,0.682432159402926,628717000.0,144307000.0,368821000.0,237017000.0,202180000.0,,-259896000.0,-0.0241025400265237
Allied Gaming & Entertainment Inc.,AGAE,Communication Services,NASDAQ,US,2024-12-31,,10271500.0,0.19608128,,,-13.650445085842843,0.0,0.0,-0.55,,-0.09230468182828915,9079172.0,-13380820.0,-3.9711802,-16757285.0,-2.80111,-0.39539,0.6479065836537917,35157377.0,30478161.0,94745632.0,31356705.0,59242802.0,,59588255.0,5.801319670934138
AGBK,AGBK,Unknown,NASDAQ,US,,,,,,,,,,,,,,,,,,,,,,,,,,,
Agencia Comercial Spirits Ltd,AGCC,Consumer Defensive,NASDAQ,US,2024-12-31,,194988480.0,94.32693,,245.25002,,0.0,0.0,0.04,,,2537743.0,1014584.0,0.27255,779278.0,0.24466999,,0.4856581159838482,2012430.0,1922023.0,3667595.0,140088.0,54752.0,,1655165.0,0.008488527117089174
AGCO Corporation,AGCO,Industrials,NASDAQ,US,2024-12-31,,9892846592.0,2.2893605,16.313698,13.610884,7.4613342154895115,0.118999995,0.009329258,9.74,8.1263,15.639519359145527,11661900000.0,927400000.0,0.094790004,-424800000.0,0.07206,0.16691,0.33445927832287814,7147700000.0,3826000000.0,5138000000.0,2776000000.0,612000000.0,,-2009700000.0,-0.20314678705572714
abrdn Global Dynamic Dividend,AGD,Unknown,NASDAQ,US,2025-10-31,,307155712.0,1.0620817,,6.8592777,4.071888365473923,,0.107843146,,,2.1799999943604496,46659011.0,,,44548445.0,,,0.9791678630165332,6154073.0,,,5025548.0,35968.0,,,
Agenus Inc.,AGEN,Healthcare,NASDAQ,US,2024-12-31,,106256544.0,-0.35192722,1.5038363,,-1.1795313888372791,0.0,0.0,-1.57,1.955,-13.734268469878172,103463000.0,-124429000.0,-0.16083999,-227212000.0,-0.32918,,-1.4424296529382907,532695000.0,221401000.0,45574000.0,94870000.0,40437000.0,,-487121000.0,-4.584385880271054
"Allied Energy, Inc.",AGGI,Communication Services,NASDAQ,US,,,122366568.0,,,3.0,,,0.0,0.002,,,,,-0.06841,,-0.51493,,,,,,,,,,
Aureus Greenway Holdings Inc.,AGH,Consumer Cyclical,NASDAQ,US,2024-12-31,,59171248.0,1.6990921,,,,0.0,0.0,-0.21,,,3298361.0,-182032.0,-8.69246,-183700.0,-0.95216006,-0.15880999,0.20519684498511384,4142429.0,3403513.0,1125272.0,967924.0,457142.0,,-3017157.0,-0.05099025459121633
Alamos Gold Inc.,AGI,Basic Materials,NASDAQ,US,2024-12-31,,16864739328.0,4.183503,15.934153,31.382812,25.39247594158536,0.078099996,0.0026546326,1.28,2.521,0.530961368767841,1346900000.0,504800000.0,0.80684,284300000.0,0.33462003,0.14274,0.6716890612994509,1751900000.0,430900000.0,648600000.0,286600000.0,327200000.0,,-1103300000.0,-0.06542051902149626
Abundia Global Impact Group Inc,AGIG,Utilities,NASDAQ,US,2024-12-31,,110754840.0,6.21118,,,,0.0,0.0,-0.11,,,0.0,-4503073.0,-30.68487,-3608349.0,0.0,,,6193551.0,6193551.0,853516.0,5860274.0,525809.0,,-5340035.0,-0.04821491322636555
"Agios Pharmaceuticals, Inc.",AGIO,Healthcare,NASDAQ,US,2024-12-31,,1547065472.0,1.2038844,-4.0349813,,-3.6022171720719194,0.0,0.0,-7.01,-6.575,-6.326659339758523,36498000.0,-425737000.0,-9.07368,673725000.0,0.0,-0.27569,0.9265012785601723,122243000.0,81156000.0,965600000.0,56988000.0,76247000.0,638321000.0,1290181700.0,0.8339541689415974
"agilon health, inc.",AGL,Healthcare,NASDAQ,US,2024-12-31,,268648864.0,0.87804884,-1.6684691,,-19.511835293787342,0.0,0.0,-0.78,-0.38838,-0.6421743287757662,6060530000.0,-288534000.0,-0.08861,-260151000.0,-0.05237,-0.73306,0.2716012786745891,1263031000.0,1152006000.0,1457774000.0,41503000.0,188231000.0,,194743000.0,0.7248979098605085
Atlantis Glory Inc.,AGLY,Financial Services,NASDAQ,US,2024-12-31,,10267490.0,,,Infinity,-18200.95950372602,0.0,0.0,0.0,,-0.00011263142209050118,0.0,-40480.0,0.0,-40480.0,0.0,,,171429.0,171429.0,0.0,,,,-171429.0,-0.01669629091433252
Federal Agricultural Mortgage Corporation,AGM,Financial Services,NASDAQ,US,2024-12-31,,1873649536.0,1.5934637,8.927259,9.795895,9.910493763934483,0.3362,0.034376275,17.54,19.24667,18.286824540550427,375175000.0,,0.7023,207193000.0,0.57152003,0.13717,0.047535140113843556,29835716000.0,,,29300802000.0,1007817000.0,11017000.0,,
Federal Agricultural Mortgage Corporation,AGM-A,Financial Services,NASDAQ,US,2024-12-31,,1761816704.0,1.1778016,,7.2364674,7.16606069787127,0.3362,0.046456695,17.55,,18.286824540550427,375175000.0,,0.7023,207193000.0,0.57152003,0.13717,0.047535140113843556,29835716000.0,,,29300802000.0,1007817000.0,11017000.0,,
Federal Agricultural Mortgage Corporation,AGM-PD,Financial Services,NASDAQ,US,2024-12-31,,631766208.0,0.19994806,,1.9400702,,,0.27352807,11.113,,,375175000.0,,0.7023,207193000.0,0.57152003,0.13717,0.047535140113843556,29835716000.0,,,29300802000.0,1007817000.0,11017000.0,,
Federal Agricultural Mortgage Corporation,AGM-PE,Financial Services,NASDAQ,US,2024-12-31,,,0.20139852,,1.9541439,,,0.27126437,11.113,,,375175000.0,,0.7023,207193000.0,0.57152003,0.13717,0.047535140113843556,29835716000.0,,,29300802000.0,1007817000.0,11017000.0,,
Federal Agricultural Mortgage Corporation,AGM-PF,Financial Services,NASDAQ,US,2024-12-31,,,0.18334755,,1.7789977,,,0.299037,11.113,,,375175000.0,,0.7023,207193000.0,0.57152003,0.13717,0.047535140113843556,29835716000.0,,,29300802000.0,1007817000.0,11017000.0,,
Federal Agricultural Mortgage Corporation,AGM-PG,Financial Services,NASDAQ,US,2024-12-31,,,0.16980746,,1.6476198,,,0.32382,11.113,,,375175000.0,,0.7023,207193000.0,0.57152003,0.13717,0.047535140113843556,29835716000.0,,,29300802000.0,1007817000.0,11017000.0,,
Federal Agricultural Mortgage Corporation,AGM-PH,Financial Services,NASDAQ,US,2024-12-31,,,0.23138702,,,,,0.23656777,,,,375175000.0,,0.7023,207193000.0,0.57152003,0.13717,0.047535140113843556,29835716000.0,,,29300802000.0,1007817000.0,11017000.0,,
AGMB,AGMB,Unknown,NASDAQ,US,2024-12-31,,713993792.0,-0.0020359766,,,,0.0,0.0,-1.85,,,0.0,-48021000.0,0.0,-46267000.0,0.0,,0.9114306205720156,18277000.0,9126000.0,173845000.0,1545000.0,171459000.0,12000.0,155576400.0,0.21789601218269417
AGM Group Holdings Inc.,AGMH,Technology,NASDAQ,US,2024-12-31,,3402419.0,0.08171378,,0.045412704,-6.217524123275672,0.0,0.0,32.59,,-15.335686132229498,32044575.0,5947359.0,-0.01599,3119095.0,0.31413,0.95307,0.35629944996819846,39502672.0,39486129.0,52304292.0,0.0,1170462.0,,12801620.0,3.7625054409818426
Silver Mountain Resources Inc.,AGMRF,Basic Materials,NASDAQ,US,2024-12-31,,179625616.0,4.4709387,,,-7.291922292775594,0.0,0.0,-0.57,,-0.15757147835929966,0.0,-3146103.0,0.0,-2111190.0,0.0,-0.52899,0.9248995516161396,2737061.0,2737061.0,4752919.0,,4269452.0,,2015858.0,0.011222553023840431
AGMWF,AGMWF,Unknown,NASDAQ,US,,,,,,,,,,,,,,,,,,,,,,,,,,,
AGNC Investment Corp.,AGNC,Real Estate,NASDAQ,US,2024-12-31,,12670943232.0,1.2154696,7.626209,7.7823124,7.101868264782884,0.9796,0.1263158,1.47,1.50009,1.0979643765903309,,,0.95879,,0.92933,0.15076,0.11091291257172073,78253000000.0,,,64000000.0,505000000.0,5577000000.0,,
AGNC Investment Corp.,AGNCL,Real Estate,NASDAQ,US,2024-12-31,,,2.6625586,,,,,0.05755396,,,,973000000.0,,0.95879,863000000.0,0.92933,0.15076,0.11091291257172073,78253000000.0,,,64000000.0,505000000.0,5577000000.0,,
AGNC Investment Corp.,AGNCM,Real Estate,NASDAQ,US,2024-12-31,,8883820544.0,2.655121,,,,,0.057947688,-1.86,,,973000000.0,,0.95879,863000000.0,0.92933,0.15076,0.11091291257172073,78253000000.0,,,64000000.0,505000000.0,5577000000.0,,
AGNC Investment Corp.,AGNCN,Real Estate,NASDAQ,US,2024-12-31,,8802649088.0,2.7231195,,,,,0.056349054,-1.86,,,973000000.0,,0.95879,863000000.0,0.92933,0.15076,0.11091291257172073,78253000000.0,,,64000000.0,505000000.0,5577000000.0,,
AGNC Investment Corp.,AGNCO,Real Estate,NASDAQ,US,2024-12-31,,,2.7050574,,,,,0.056492746,-1.86,,,973000000.0,,0.95879,863000000.0,0.92933,0.15076,0.11091291257172073,78253000000.0,,,64000000.0,505000000.0,5577000000.0,,
AGNC Investment Corp.,AGNCP,Real Estate,NASDAQ,US,2024-12-31,,,2.663621,,,,,0.057507988,-1.86,,,973000000.0,,0.95879,863000000.0,0.92933,0.15076,0.11091291257172073,78253000000.0,,,64000000.0,505000000.0,5577000000.0,,
AGNC Investment Corp.,AGNCZ,Real Estate,NASDAQ,US,2024-12-31,,,2.7603061,,,,,0.05540614,,,,973000000.0,,0.95879,863000000.0,0.92933,0.15076,0.11091291257172073,78253000000.0,,,64000000.0,505000000.0,5577000000.0,,
Algernon Health Inc.,AGNPF,Healthcare,NASDAQ,US,2025-08-31,,1724138.0,1.3454026,,,-3.081043796947375,0.0,0.0,-0.04,,-0.02508889918640223,0.0,-1717794.0,0.0,-1717055.0,0.0,-0.90472,0.5525880814536377,2182240.0,2182240.0,554472.0,,176501.0,,-1627768.0,-0.9441054022357839
Assured Guaranty Ltd.,AGO,Financial Services,NASDAQ,US,2024-12-31,,4176305152.0,0.72406363,12.111869,10.753676,5.773053878763532,0.16299999,0.015154968,8.16,7.24496,12.654109589041095,814000000.0,,0.67136,376000000.0,0.44127,0.07414,0.46172590538610203,6348000000.0,,,1699000000.0,121000000.0,,,
Axe Compute Inc.,AGPU,Technology,NASDAQ,US,2024-12-31,,7805089.0,-0.022785362,,,-0.9732794128868694,0.0,0.0,-141.32,,-52.246043428878856,1623817.0,-10939470.0,-906.54065,-12664388.0,0.0,,-0.04074596426719104,5175127.0,3593401.0,2225918.0,2130978.0,734673.0,,-2949209.0,-0.37785719035362697
ProShares Ultra Silver,AGQ,Unknown,NASDAQ,US,,,,,,,,,,,,,,,,,,,,,,,,,,,
Algonquin Power & Utilities Corp,AGQPF,Unknown,NASDAQ,US,2024-12-31,,,,,,,,,,,,2319538000.0,449572000.0,,-1380517000.0,,,0.27756139885744147,10780484000.0,1497410000.0,1135090000.0,6698773000.0,34842000.0,2058000.0,-9643953400.0,
Adecoagro S.A.,AGRO,Consumer Defensive,NASDAQ,US,2024-12-31,,1212361344.0,0.62518233,6.282346,37.260868,4.997494010784196,1.4914999,0.041518383,0.23,1.36414,2.105169638953234,1518907000.0,186825000.0,0.04098,92340000.0,0.01689,0.016900001,0.43955031448963816,1706787000.0,400319000.0,1015002000.0,1121586000.0,211244000.0,,-691785000.0,-0.5706095822203978
Agroz Inc.,AGRZ,Consumer Defensive,NASDAQ,US,2024-12-31,,8632549.0,2.0304585,,4.425555,,0.0,0.0,0.09,,,40860882.0,7845827.0,0.15624,3512168.0,0.13293,0.85853994,0.2689966406699365,37324946.0,28976527.0,37489964.0,5061030.0,390500.0,,165018.0,0.01911579071256937
"Ameriguard Security Services, Inc.",AGSS,Industrials,NASDAQ,US,2024-12-31,,1965666.0,-0.5,,,650.4008336948864,0.0,0.0,-0.01,,0.001091634484090161,26435611.0,-1907812.0,0.06479,-2336297.0,0.0,,-0.31788775647226125,12935324.0,7598594.0,3294366.0,9116515.0,424588.0,,-9640958.0,-4.904677600365474
Agentix Corp.,AGTX,Healthcare,NASDAQ,US,2025-03-31,,1682010.0,-0.49388233,,,-2.2048142360573326,0.0,0.0,-0.01,,-0.014604405511165548,0.0,-513251.0,0.0,-567048.0,0.0,,-30.957665995173226,3204523.0,3204523.0,100274.0,243000.0,4477.0,,-3104249.0,-1.8455591821689525
"Argan, Inc.",AGX,Industrials,NASDAQ,US,2025-01-31,,4884688896.0,11.638185,36.865284,41.325115,18.232357464406082,0.191,0.004696939,8.52,9.55072,2.3883968113374667,874179000.0,88195000.0,0.12993,85459000.0,0.13107,0.32049,0.4207673275318783,484370000.0,479857000.0,781300000.0,2710000.0,145263000.0,,296930000.0,0.060787904065528434
Silver X Mining Corp.,AGXPF,Basic Materials,NASDAQ,US,2024-12-31,,221232672.0,6.1538463,,Infinity,-2.629282664681317,0.0,0.0,0.0,,-0.07659883799565817,21854446.0,-3890447.0,-0.02569,-4451222.0,-0.07627,-0.05992,0.35137526079404224,34892978.0,21585390.0,7618107.0,3157477.0,784429.0,,-27274871.0,-0.1232859086925461
"Agilysys, Inc.",AGYS,Technology,NASDAQ,US,2025-03-31,,2417590528.0,7.6973333,39.557743,80.38318,26.23942197738498,0.0,0.0,1.07,2.17429,3.211198867446539,275624000.0,23435000.0,0.10782,23225000.0,0.09793,0.106759995,0.6121187006469139,168484000.0,111024000.0,123527000.0,46962000.0,73041000.0,,-44957000.0,-0.01859578761552792
AdaptHealth Corp.,AHCO,Healthcare,NASDAQ,US,2024-12-31,,1442269184.0,0.87273616,10.708683,19.363636,-1.449325423039467,0.0,0.0,0.55,0.99452,-5.050625660253835,3260975000.0,276810000.0,0.081829995,90422000.0,0.02526,0.05519,0.3501590279537512,2908829000.0,566987000.0,755788000.0,2130336000.0,109747000.0,,-2153041000.0,-1.4928149501390164
Akso Health Group,AHG,Healthcare,NASDAQ,US,2025-03-31,,818309312.0,4.127424,,,-5.785079653521635,0.0,0.0,-0.48,,-0.20051581587390166,14777798.0,-3922972.0,-0.43120998,-134977369.0,0.0,-0.8026,0.9263366593654693,15802189.0,13812907.0,196124892.0,81737.0,176229874.0,,180322703.0,0.2203600769973885
"Armada Hoffler Properties, Inc.",AHH,Real Estate,NASDAQ,US,2024-12-31,,744310528.0,1.2302947,26.59259,32.636364,116.38335297083816,2.8409,0.08852691,0.22,0.27,0.09325486136118114,708470000.0,92107000.0,0.24607,35645000.0,0.0589,0.03556,0.26688124263041796,1623194000.0,172872000.0,364867000.0,1419570000.0,70642000.0,,-1258327000.0,-1.6905941171908292
"Armada Hoffler Properties, Inc.",AHH-PA,Real Estate,NASDAQ,US,2024-12-31,,955891136.0,3.6240575,,87.39669,,,0.029467234,0.242,,,708470000.0,92107000.0,0.24607,35645000.0,0.0589,0.03556,0.26688124263041796,1623194000.0,172872000.0,364867000.0,1419570000.0,70642000.0,,-1258327000.0,-1.3163915351967443
American Heritage International Inc.,AHII,Consumer Defensive,NASDAQ,US,,,999.0,0.071428575,,Infinity,,0.0,0.0,0.0,,,,,-2.39222,,0.0,-786.6322,,,,,,,,,
Aspen Insurance Holdings Limite,AHL,Financial Services,NASDAQ,US,2024-12-31,,3428326400.0,1.2358472,7.5944066,5.489706,,0.0,0.0,6.8,4.91546,,3197300000.0,,0.17554002,486100000.0,0.14220999,0.13972001,0.2141092802489126,12376600000.0,,,375600000.0,914200000.0,,,
Aspen Insurance Holdings Limited,AHL-PD,Financial Services,NASDAQ,US,2024-12-31,,1188139392.0,0.65889555,,,,,0.0,-0.243,,,3197300000.0,,0.17554002,486100000.0,0.14220999,0.13972001,0.2141092802489126,12376600000.0,,,375600000.0,914200000.0,,,
Aspen Insurance Holdings Limited,AHL-PE,Financial Services,NASDAQ,US,2024-12-31,,1808818432.0,0.6520228,,,,,0.0,-0.243,,,3197300000.0,,0.17554002,486100000.0,0.14220999,0.13972001,0.2141092802489126,12376600000.0,,,375600000.0,914200000.0,,,
Aspen Insurance Holdings Limited,AHL-PF,Unknown,NASDAQ,US,2024-12-31,,,0.68597853,,,,,0.0,,,,3197300000.0,,,486100000.0,,,0.2141092802489126,12376600000.0,,,375600000.0,914200000.0,,,
Ambitions Enterprise Management Co. L.L.C,AHMA,Consumer Cyclical,NASDAQ,US,2024-12-31,,204508000.0,28.786612,,172.0,,0.0,0.0,0.04,,,18543447.0,1047418.0,0.03419,950865.0,0.05901,0.19063,0.638040033026381,3616270.0,3616270.0,9739723.0,84826.0,986768.0,,6123453.0,0.029942364112895338
Athena Gold Corporation,AHNRF,Basic Materials,NASDAQ,US,2024-12-31,,15000893.0,1.5,,4.8,7.155631518987537,0.0,0.0,0.01,,0.004192501982507408,0.0,-612117.0,0.0,-636518.0,0.0,0.19947,0.8801560538065287,838004.0,389620.0,733966.0,103419.0,242082.0,,-104038.0,-0.006935453775985203
"American Healthcare REIT, Inc.",AHR,Real Estate,NASDAQ,US,2024-12-31,,9084123136.0,3.114503,68.69014,406.4167,,8.333301,0.02075981,0.12,0.71,,2070668000.0,136785000.0,0.07497,-37812000.0,0.01243,0.011030001,0.5038329504282143,2183895000.0,946858000.0,354895000.0,1870714000.0,76702000.0,91264000.0,-1765115200.0,-0.1943077139724056
"Authentic Holdings, Inc.",AHRO,Consumer Cyclical,NASDAQ,US,2024-12-31,,1665425.0,0.34999996,,Infinity,-0.4456372554754502,0.0,0.0,0.0,,-0.0008975910002595951,398600.0,-725927.0,-1.08528,-1320137.0,0.0,-0.90135,-0.23164465682615257,5532182.0,5532182.0,207518.0,2807833.0,5890.0,,-5324664.0,-3.1971802993229956
"Ashford Hospitality Trust, Inc.",AHT,Real Estate,NASDAQ,US,2024-12-31,,23328912.0,-0.039680302,-0.275,,-0.38683616357310535,0.0,0.0,-51.86,-12.8,-51.701474379399244,1172459000.0,56956000.0,0.01602,-60300000.0,-0.20974001,,-0.07836070085748588,3372771000.0,332470000.0,758549000.0,2691650000.0,112907000.0,,-2614222000.0,-112.05931935445597
"Ashford Hospitality Trust, Inc.",AHT-PD,Real Estate,NASDAQ,US,2024-12-31,,196152240.0,-0.14970297,,,,,0.0,-8.488,,,1172459000.0,56956000.0,0.01602,-60300000.0,-0.20974001,,-0.07836070085748588,3372771000.0,332470000.0,758549000.0,2691650000.0,112907000.0,,-2614222000.0,-13.327515403341813
"Ashford Hospitality Trust, Inc.",AHT-PF,Real Estate,NASDAQ,US,2024-12-31,,188335968.0,-0.12411368,,,,,0.0,-8.488,,,1172459000.0,56956000.0,0.01602,-60300000.0,-0.20974001,,-0.07836070085748588,3372771000.0,332470000.0,758549000.0,2691650000.0,112907000.0,,-2614222000.0,-13.880630597337626
"Ashford Hospitality Trust, Inc.",AHT-PG,Real Estate,NASDAQ,US,2024-12-31,,197638480.0,-0.1306519,,,,,0.0,-8.488,,,1172459000.0,56956000.0,0.01602,-60300000.0,-0.20974001,,-0.07836070085748588,3372771000.0,332470000.0,758549000.0,2691650000.0,112907000.0,,-2614222000.0,-13.227292579866026
"Ashford Hospitality Trust, Inc.",AHT-PH,Real Estate,NASDAQ,US,2024-12-31,,187073968.0,-0.12388822,,,,,0.0,-8.488,,,1172459000.0,56956000.0,0.01602,-60300000.0,-0.20974001,,-0.07836070085748588,3372771000.0,332470000.0,758549000.0,2691650000.0,112907000.0,,-2614222000.0,-13.97426925802953
"Ashford Hospitality Trust, Inc.",AHT-PI,Real Estate,NASDAQ,US,2024-12-31,,187603856.0,-0.12515302,,,,,0.0,-8.488,,,1172459000.0,56956000.0,0.01602,-60300000.0,-0.20974001,,-0.07836070085748588,3372771000.0,332470000.0,758549000.0,2691650000.0,112907000.0,,-2614222000.0,-13.934798866820733
"C3.ai, Inc.",AI,Technology,NASDAQ,US,2025-04-30,,1639775616.0,2.1158736,-12.330391,,-9.8580682081009,0.0,0.0,-2.84,-0.94482,-2.343258323419514,389056000.0,-324424000.0,-1.49192,-288702000.0,-1.08055,-0.46765998,0.8171534348004936,187579000.0,131884000.0,904252000.0,4795000.0,164358000.0,,716673000.0,0.4370555294316561
AIAI,AIAI,Unknown,NASDAQ,US,,,,,,,,,,,,,,,,,,,,,,,,,,,
AIB,AIB,Unknown,NASDAQ,US,,,,,,,,,,,,,,,,,,,,,,,,,,,
AIB Group plc,AIBRF,Financial Services,NASDAQ,US,2024-12-31,,23237337088.0,1.375385,14.5,10.357143,,0.4132,0.04328358,1.05,0.75,,4911000000.0,,0.54541,2354000000.0,0.47248,0.15167,0.10926903855138533,125839000000.0,,,11547000000.0,37705000000.0,18371000000.0,,
Aibotics Inc.,AIBT,Healthcare,NASDAQ,US,2024-12-31,,704980.0,-0.13333333,,,-0.2897820459741032,0.0,0.0,-0.05,,-0.0793699967414783,0.0,-1634817.0,-855.5593,-1848275.0,0.0,,-2.3301164382856494,4851963.0,4851763.0,185097.0,1265000.0,185097.0,,-4666866.0,-6.619855882436381
AIDG,AIDG,Unknown,NASDAQ,US,,,,,,,,,,,,,,,,,,,,,,,,,,,
"Thunder Power Holdings, Inc.",AIEV,Consumer Cyclical,NASDAQ,US,2024-12-31,,5828264.0,1.115534,,,-277.81725012733364,0.0,0.0,-0.03,,-0.0389104723146676,0.0,-2502190.0,0.0,-2502351.0,0.0,-0.29064,0.48126880155962437,7031432.0,7031432.0,13550445.0,3455.0,52616.0,,6519013.0,1.1185171090396728
"Firefly Neuroscience, Inc.",AIFF,Technology,NASDAQ,US,2024-12-31,,10481464.0,1.0284519,,,-8.920534560167464,0.0,0.0,-2.26,,-0.5010910231939885,108000.0,-9180000.0,-6.32474,-10460000.0,0.0,-3.40819,-0.08150402086502934,4976000.0,4976000.0,2628000.0,694000.0,1810000.0,,-2348000.0,-0.22401450789698843
AIFU Inc.,AIFU,Financial Services,NASDAQ,US,2024-12-31,,211021792.0,0.033053685,3.3703704,0.1563574,1.2476620186325438,0.0,0.0,11.64,0.54,104.19488455894646,1808832000.0,-31722000.0,-0.02616,454960000.0,-0.014359999,-0.07372,0.6134684200053289,1520559000.0,816876000.0,2039695000.0,206486000.0,192117000.0,26492000.0,537680400.0,2.5479851862882485
"American International Group, Inc.",AIG,Financial Services,NASDAQ,US,2024-12-31,,42503176192.0,1.0167515,9.765523,13.798561,12.950732475488094,0.3058,0.022380201,5.56,7.85621,5.023441809156095,27270000000.0,,0.15235,-1404000000.0,0.120170005,0.07688,0.2635784331957204,118772000000.0,,,8922000000.0,1302000000.0,,,
AIGO,AIGO,Unknown,NASDAQ,US,,,,,,,,,,,,,,,,,,,,,,,,,,,
Senmiao Technology Limited,AIHS,Industrials,NASDAQ,US,2025-03-31,,5286688.0,-0.9235668,,,-21.741421443706063,0.0,0.0,-2.82,,-0.4139563746235836,3389072.0,-3867516.0,-0.80976,-3725305.0,-0.88568,-2.2549899,-0.4922712277909637,5452536.0,5218172.0,2238762.0,371047.0,833577.0,,-3213774.0,-0.607899312386129
"American Integrity Insurance Group, Inc.",AII,Financial Services,NASDAQ,US,2024-12-31,,358059776.0,1.1335607,6.679254,4.2534885,,0.0,5.3260746,4.3,2.73833,,204354000.0,,0.30266002,39742000.0,0.3163,,0.13553618301624595,1035753000.0,,,3641000.0,173220000.0,,,
AI Infrastructure Acquisition Corp.,AIIA,Unknown,NASDAQ,US,,,192900000.0,5000.0,,,,,0.0,,,,,,,,,,,,,,,,,,
AI Infrastructure Acquisition C,AIIA-RI,Unknown,NASDAQ,US,,,,,,,,,,,,,,,,,,,,,,,,,,,
AI Infrastructure Acquisition Corp.,AIIA-UN,Unknown,NASDAQ,US,,,,5135.0,,,,,0.0,,,,,,,,,,,,,,,,,,
Robo.ai Inc.,AIIO,Consumer Cyclical,NASDAQ,US,2024-12-31,,64625804.0,-0.78251123,,,-8.313585076184218,0.0,0.0,-0.49,,-0.9249920445572714,11995000.0,-95386000.0,-7.3588,-172535000.0,0.0,,-1.5096105148920778,108032000.0,103228000.0,32552000.0,20643000.0,148000.0,,-75480000.0,-1.1679545216953897
Robo.ai Inc.,AIIOW,Unknown,NASDAQ,US,2024-12-31,,,-0.17892377,,,,,0.0,,,,11995000.0,-95386000.0,-7.3588,-172535000.0,0.0,,-1.5096105148920778,108032000.0,103228000.0,32552000.0,20643000.0,148000.0,,-75480000.0,
Jianpu Technology Inc.,AIJTY,Financial Services,NASDAQ,US,2024-12-31,,16366383.0,0.19965935,,1.2608696,-0.7097486913588199,0.0,0.0,0.69,,-1.2610096951542504,1006071000.0,60662000.0,0.04832,106131000.0,0.08488,0.18847999,0.5175592467960192,484880000.0,473693000.0,893153000.0,202979000.0,418591000.0,,408273000.0,24.94582950918355
AIKCF,AIKCF,Unknown,NASDAQ,US,,,,,,,,,,,,,,,,,,,,,,,,,,,
Ameren Illinois Company,AILIH,Utilities,NASDAQ,US,2024-12-31,,1700220416.0,0.22243387,,3.827861,,,0.0,17.451,,,3472000000.0,909000000.0,0.24344999,622000000.0,0.18842,0.0924,0.3833073322932917,11859000000.0,1318000000.0,1110000000.0,5977000000.0,0.0,,-10749000000.0,-6.322121472513832
Ameren Illinois Company,AILIM,Utilities,NASDAQ,US,2024-12-31,,1915293056.0,0.25057107,,4.3120737,,,0.0,17.451,,,3472000000.0,909000000.0,0.24344999,622000000.0,0.18842,0.0924,0.3833073322932917,11859000000.0,1318000000.0,1110000000.0,5977000000.0,0.0,,-10749000000.0,-5.612195985531731
Ameren Illinois Company,AILIN,Utilities,NASDAQ,US,2024-12-31,,1864388352.0,0.24391137,,4.1974673,,,0.0,17.451,,,3472000000.0,909000000.0,0.24344999,622000000.0,0.18842,0.0924,0.3833073322932917,11859000000.0,1318000000.0,1110000000.0,5977000000.0,0.0,,-10749000000.0,-5.7654297123607
Ameren Illinois Company PFD 4.26%,AILIO,Unknown,NASDAQ,US,2024-12-31,,,,,,,,,,,,3472000000.0,909000000.0,,622000000.0,,,0.3833073322932917,11859000000.0,1318000000.0,1110000000.0,5977000000.0,0.0,,-10749000000.0,
Ameren Illinois Company PFD 4.20%,AILIP,Unknown,NASDAQ,US,2024-12-31,,,,,,,,,,,,3472000000.0,909000000.0,,622000000.0,,,0.3833073322932917,11859000000.0,1318000000.0,1110000000.0,5977000000.0,0.0,,-10749000000.0,
Ameren Illinois Company,AILLI,Utilities,NASDAQ,US,2024-12-31,,2188906496.0,0.28636694,,4.9280844,,,0.0,17.451,,,3472000000.0,909000000.0,0.24344999,622000000.0,0.18842,0.0924,0.3833073322932917,11859000000.0,1318000000.0,1110000000.0,5977000000.0,0.0,,-10749000000.0,-4.910671159157636
Ameren Illinois Company,AILLM,Utilities,NASDAQ,US,2024-12-31,,2036192000.0,0.26638785,,4.5842643,,,0.0,17.451,,,3472000000.0,909000000.0,0.24344999,622000000.0,0.18842,0.0924,0.3833073322932917,11859000000.0,1318000000.0,1110000000.0,5977000000.0,0.0,,-10749000000.0,-5.278971727617042
Ameren Illinois Company,AILLN,Utilities,NASDAQ,US,2024-12-31,,2016339200.0,0.26379058,,4.539568,,,0.0,17.451,,,3472000000.0,909000000.0,0.24344999,622000000.0,0.18842,0.0924,0.3833073322932917,11859000000.0,1318000000.0,1110000000.0,5977000000.0,0.0,,-10749000000.0,-5.330948284891749
Ameren Illinois Company,AILLO,Utilities,NASDAQ,US,2024-12-31,,1746289152.0,0.22846088,,3.9315798,,,0.0,17.451,,,3472000000.0,909000000.0,0.24344999,622000000.0,0.18842,0.0924,0.3833073322932917,11859000000.0,1318000000.0,1110000000.0,5977000000.0,0.0,,-10749000000.0,-6.155338013575429
Ameren Illinois Company PFD 4%,AILLP,Unknown,NASDAQ,US,2024-12-31,,1734000000.0,0.5156124,,6.1057734,,,,,,,3472000000.0,909000000.0,,622000000.0,,,0.3833073322932917,11859000000.0,1318000000.0,1110000000.0,5977000000.0,0.0,,-10749000000.0,-6.198961937716263
AIM ImmunoTech Inc.,AIM,Healthcare,NASDAQ,US,2024-12-31,,3735124.0,-0.51912564,-0.263543,,-0.8060310752019888,0.0,0.0,-18.16,-4.32567,-59.551053894505685,170000.0,-19772000.0,-94.11538,-17320000.0,0.0,,-0.15357806691449813,9930000.0,9535000.0,4176000.0,2941000.0,1701000.0,,-5754000.0,-1.5405111048522084
"Ainos, Inc.",AIMD,Technology,NASDAQ,US,2024-12-31,,13336909.0,0.91169447,,,-0.6100784543884198,0.0,0.0,-3.92,,-16.80111783373047,20729.0,-13841204.0,-1284.8145,-14863161.0,0.0,-1.06578,0.5383831666117226,13303889.0,3954944.0,4337808.0,12000000.0,3892919.0,,-8966081.0,-0.672275787440703
"Ainos, Inc.",AIMDW,Unknown,NASDAQ,US,2024-12-31,,,0.053221956,,,,,0.0,,,,20729.0,-13841204.0,-1284.8145,-14863161.0,0.0,-1.06578,0.5383831666117226,13303889.0,3954944.0,4337808.0,12000000.0,3892919.0,,-8966081.0,
Aimfinity Investment Corp. I,AIMTF,Financial Services,NASDAQ,US,2024-12-31,,,-5.0790234,,,,,0.0,,,,0.0,-818625.0,0.0,1216885.0,0.0,,0.8350806681574724,6092965.0,3275465.0,4895.0,2507852.0,4895.0,,-6088070.0,
Aimfinity Investment Corp. I,AIMUF,Financial Services,NASDAQ,US,2024-12-31,,,-4.310345,,,,,0.0,,,,0.0,-818625.0,0.0,1216885.0,0.0,,0.8350806681574724,6092965.0,3275465.0,4895.0,2507852.0,4895.0,,-6088070.0,
Aimfinity Investment Corp. I,AIMWF,Unknown,NASDAQ,US,2024-12-31,,,-0.022988508,,,,,0.0,,,,0.0,-818625.0,0.0,1216885.0,0.0,,0.8350806681574724,6092965.0,3275465.0,4895.0,2507852.0,4895.0,,-6088070.0,
Albany International Corp.,AIN,Consumer Cyclical,NASDAQ,US,2024-12-31,,1732132352.0,2.2790012,19.805784,,26.9208099332278,0.5323,0.018984005,-1.81,2.96782,3.5528840005115745,1230615000.0,144797000.0,-0.43728,87623000.0,-0.04662,-0.061100002,0.5722934974064351,699749000.0,226366000.0,730692000.0,387200000.0,115283000.0,,30943000.0,0.017864108342686275
Virtus Artificial Intelligence & Technology Opportunities Fund,AIO,Financial Services,NASDAQ,US,2025-01-31,,777439616.0,,,5.3507113,6.0751282420705,0.42650002,0.0,4.22,,2.4900000247749596,162393000.0,,0.0,161666000.0,0.0,,0.8552771347437291,136788000.0,,,130000000.0,20776000.0,918363000.0,,
"PowerFleet, Inc.",AIOT,Technology,NASDAQ,US,2025-03-31,,647711232.0,1.3734393,15.244095,,-20.0897976561895,0.0,0.0,-0.31,0.3175,-0.15928483215448525,362515000.0,-25885000.0,0.056550004,-50987000.0,-0.096999995,-0.08979,0.4907221524474464,463329000.0,151009000.0,169080000.0,287059000.0,44392000.0,,-294249000.0,-0.4542904082293265
"Arteris, Inc.",AIP,Technology,NASDAQ,US,2024-12-31,,652198720.0,-56.76806,-108.58182,,-5.873537073263119,0.0,0.0,-0.83,-0.1375,-1.0334488564467528,57724000.0,-31596000.0,-0.50057,-33638000.0,-0.52246,,-0.011193291562632497,107323000.0,59282000.0,69083000.0,5991000.0,13684000.0,,-38240000.0,-0.05863243644513746
AI Technology Group Inc.,AIPG,Financial Services,NASDAQ,US,,,4008532.0,-53.19149,,,,0.0,0.0,-0.15,,,,,0.0,,0.0,,,,,,,,,,
L'Air Liquide S.A.,AIQUF,Basic Materials,NASDAQ,US,2024-12-31,,114253463552.0,3.9487512,,28.281832,32.030159284886864,0.5565,0.01664565,6.99,,5.329999997281319,27057800000.0,5391400000.0,0.19388,3306100000.0,0.12504,0.14047,0.5178580035667807,24246200000.0,9484100000.0,8347400000.0,12393600000.0,1767300000.0,326300000.0,-15670390000.0,-0.13715461669893236
AAR Corp.,AIR,Industrials,NASDAQ,US,2025-05-31,,4475254784.0,2.8277447,20.55113,44.17578,54.13218375879539,0.0,0.0,2.56,5.50286,1.307909604519774,2780500000.0,179800000.0,0.08513,12500000.0,0.03171,0.06862,0.42592983196231454,1633000000.0,554700000.0,1510600000.0,1047600000.0,96500000.0,14500000.0,-112250000.0,-0.025082370818599632
reAlpha Tech Corp.,AIRE,Real Estate,NASDAQ,US,2024-12-31,,46948976.0,3.387736,-4.4887505,,,0.0,0.0,-0.28,-0.08,,948420.0,-6699646.0,-3.4244502,-26023028.0,0.0,-0.93458,0.13006198362610466,10426986.0,4145437.0,4043098.0,5976688.0,3123530.0,,-6383888.0,-0.13597502105264234
"Airgain, Inc.",AIRG,Technology,NASDAQ,US,2024-12-31,,58355984.0,1.9598393,65.066666,,-3.00187311780234,0.0,0.0,-0.53,0.075,-1.1959199384141648,60599000.0,-8928000.0,-0.06898,-8688000.0,-0.108669996,-0.19648,0.6392874099457094,17474000.0,13501000.0,25831000.0,3899000.0,8510000.0,,8357000.0,0.14320725017677707
Air Industries Group,AIRI,Industrials,NASDAQ,US,2024-12-31,,16189885.0,0.8584452,13.038463,,-4.769305484437651,0.0,0.0,-0.53,0.26,-0.6499897972037934,55108000.0,459000.0,0.030650001,-1366000.0,-0.04014,-0.119799994,0.293034835623689,36063000.0,27411000.0,39187000.0,27866000.0,753000.0,,3124000.0,0.19295998705364492
AirJoule Technologies Corporation,AIRJ,Industrials,NASDAQ,US,2024-12-31,,218853920.0,0.6828753,-10.532494,,-50.081604382546374,0.0,0.0,-0.16,-0.30667,-0.2144499942350308,0.0,-11219982.0,0.0,215695562.0,0.0,-0.00336,0.6816516936552912,117741796.0,4018747.0,31455631.0,154229.0,28021748.0,,-86286165.0,-0.3942637399412357
AirJoule Technologies Corporation,AIRJW,Unknown,NASDAQ,US,2024-12-31,,,0.16490486,,,,,0.0,,,,0.0,-11219982.0,0.0,215695562.0,0.0,-0.00336,0.6816516936552912,117741796.0,4018747.0,31455631.0,154229.0,28021748.0,,-86286165.0,
"AIRO Group Holdings, Inc.",AIRO,Industrials,NASDAQ,US,2024-12-31,,301768960.0,0.40804234,-18.718449,,,0.0,0.0,-0.15,-0.515,,86935059.0,20560572.0,-1.9065,-38694239.0,-0.058509998,-0.00741,0.7827822803351013,152269358.0,96606536.0,42593543.0,48956395.0,20740590.0,,-109675815.0,-0.36344299625779936
Aurion Resources Ltd.,AIRRF,Basic Materials,NASDAQ,US,2024-12-31,,202666784.0,3.58749,,,-7.902453459736182,0.0,0.0,-0.03,,-0.047327075670887786,0.0,-3449620.0,0.0,-4232713.0,0.0,-0.07793,0.9605694450762156,2851048.0,2795188.0,8675201.0,67989.0,6494152.0,,5824153.0,0.028737580401927136
"AirSculpt Technologies, Inc.",AIRS,Healthcare,NASDAQ,US,2024-12-31,,141731248.0,1.7262356,Infinity,,-95.20177459826623,0.0,0.0,-0.3,0.0,-0.07888508654983208,180350000.0,-1800000.0,-0.07467,-8251000.0,-0.11414,-0.21846001,0.37757862054515323,130706000.0,28609000.0,17117000.0,105053000.0,8235000.0,,-113589000.0,-0.801439355137831
"Air T, Inc.",AIRT,Industrials,NASDAQ,US,2025-03-31,,63430960.0,902.69226,,,-9.16779617956262,0.0,0.0,-2.01,,-2.4215198863636362,291850000.0,2343000.0,-0.0279,-6140000.0,-0.020079998,-0.34589002,-0.01850637019645755,168242000.0,47661000.0,78507000.0,129115000.0,5932000.0,,-89735000.0,-1.4146877171652454
"Air T, Inc.",AIRTP,Industrials,NASDAQ,US,2025-03-31,,489647104.0,781.78845,,60.495537,,,0.0,0.336,,,291850000.0,2343000.0,-0.0279,-6140000.0,-0.020079998,-0.34589002,-0.01850637019645755,168242000.0,47661000.0,78507000.0,129115000.0,5932000.0,,-89735000.0,-0.1832646395065782
"Airship AI Holdings, Inc.",AISP,Technology,NASDAQ,US,2024-12-31,,93299288.0,-2.1805112,54.6,,2.4163193207485256,0.0,0.0,-1.88,0.05,0.8028740409274578,23050213.0,-3505113.0,-2.43474,-57464890.0,0.0,,-3.8681973326337626,66730591.0,5654790.0,12659470.0,943703.0,11414830.0,,-54071121.0,-0.5795448406851722
"Airship AI Holdings, Inc.",AISPW,Unknown,NASDAQ,US,2024-12-31,,,-0.7268371,,,,,0.0,,,,23050213.0,-3505113.0,-2.43474,-57464890.0,0.0,,-3.8681973326337626,66730591.0,5654790.0,12659470.0,943703.0,11414830.0,,-54071121.0,
"Applied Industrial Technologies, Inc.",AIT,Industrials,NASDAQ,US,2025-06-30,,11003823104.0,5.818624,25.160843,27.784761,19.431277532850096,0.1752,0.00641048,10.5,11.595,9.826578699340246,4563424000.0,498529000.0,0.10592,392988000.0,0.08494,0.22017,0.5808516588023973,1331024000.0,526151000.0,1747473000.0,572300000.0,388417000.0,,416449000.0,0.03784584649026361
Trenchant Technologies Capital Corp.,AITTF,Financial Services,NASDAQ,US,2025-03-31,,7454910.0,5.622523,,,-3.526746782518459,0.0,0.0,-0.04,,-0.04753672707434445,0.0,-1095557.0,0.0,-3812093.0,0.0,-2.22899,0.3363540023689002,2203095.0,2173821.0,85744.0,585332.0,75089.0,,-2117351.0,-0.2840210009242231
Artificial Intelligence Technology Solutions Inc.,AITX,Industrials,NASDAQ,US,2025-02-28,,12643641.0,-0.25,,Infinity,-0.8890158749735656,0.0,0.0,0.0,,-0.0029245822040639725,6130886.0,-13946873.0,-1.3091,-18935592.0,-2.05986,,-4.545051396817182,60916809.0,7576681.0,5028543.0,33778410.0,865975.0,,-55888266.0,-4.420266757020387
Apartment Investment and Management Company,AIV,Real Estate,NASDAQ,US,2024-12-31,,855808704.0,13.438914,-13.200001,,-4.607810665626997,0.0,0.0,-0.9,-0.45,-1.1572087064295562,208679000.0,-1501000.0,-0.15672,-102468000.0,1.15546,-0.30603,0.0628322201838613,1644613000.0,350651000.0,529802000.0,1192505000.0,141072000.0,,-1114811000.0,-1.302640408761255
"AIxCrypto Holdings, Inc.",AIXC,Technology,NASDAQ,US,2024-12-31,,7327745.0,1.775,,0.4813559,-0.20907495993194194,0.0,0.0,2.95,,-132.24921639363652,0.0,-5401720.0,0.0,-6259191.0,0.0,-0.39692003,0.5716473143499472,2007483.0,2007483.0,4684519.0,,1174608.0,,2677036.0,0.36532876075791393
Xiao-I Corporation,AIXI,Technology,NASDAQ,US,2024-12-31,,3007629.0,-0.07305447,-0.4172222,,-6.0317317048680765,0.0,0.0,-2.28,-0.54,-3.3572448163860926,70314315.0,-12871034.0,-2.54873,-14505464.0,-0.59599996,,-0.1426991423396584,101279447.0,86603467.0,76492016.0,45856239.0,846593.0,2497594.0,-23039115.200000003,-7.660225114201254
"AiXin Life International, Inc.",AIXN,Consumer Defensive,NASDAQ,US,2024-12-31,,4174973.0,-0.71673816,,,-12.794710125581974,0.0,0.0,-0.11,,-0.08362831529201353,3824301.0,-2588191.0,-1.1497799,-2768341.0,-1.5307201,,-0.9718686171806208,8688763.0,7474871.0,1453708.0,1322174.0,62310.0,,-7235055.0,-1.7329585125460691
"Assurant, Inc.",AIZ,Financial Services,NASDAQ,US,2024-12-31,,12277230592.0,2.1209586,11.674494,14.835976,13.639840035821699,0.195,0.013198053,16.4,20.84116,11.946138663080012,11877500000.0,,0.11153,760200000.0,0.06753,0.15413,0.14581988886541064,29913900000.0,,,2083100000.0,1807700000.0,,,
"Assurant, Inc. 5.25% Subordinat",AIZN,Unknown,NASDAQ,US,,,,,,,,,,,,,,,,,,,,,,,,,,,
Arthur J. Gallagher & Co.,AJG,Financial Services,NASDAQ,US,2024-12-31,,62080262144.0,2.66198,16.219246,42.013912,43.37075770704568,0.45299998,0.010710607,5.75,14.89465,6.501871393899522,,,0.14261,,0.11484,0.06906,0.31364776702897196,44075600000.0,29260800000.0,44113300000.0,13485200000.0,14987300000.0,,37700000.0,0.0006072783634926012
a.k.a. Brands Holding Corp.,AKA,Consumer Cyclical,NASDAQ,US,2024-12-31,,114838840.0,1.0296549,-6.2416377,,-0.9560809528458921,0.0,0.0,-2.46,-1.69667,-9.235619533495022,574697000.0,-10321000.0,-0.00823,-25990000.0,-0.04417,-0.21285999,0.30538104484896317,267570000.0,97038000.0,144769000.0,183589000.0,24192000.0,,-122801000.0,-1.0693333370486848
"Akamai Technologies, Inc.",AKAM,Technology,NASDAQ,US,2024-12-31,,13678706688.0,2.8887403,12.958428,27.882698,33.77350435850291,0.0,0.0,3.41,7.33731,3.5240641711229945,3991168000.0,636354000.0,0.15743,504918000.0,0.12262999,0.10642,0.4704849218109933,5490428000.0,2091323000.0,2578097000.0,4634605000.0,517707000.0,275592000.0,-2719416600.0,-0.19880655839968253
Akanda Corp.,AKAN,Healthcare,NASDAQ,US,2024-12-31,,2017464.0,0.042354185,,0.0061999485,-0.3196591827686199,0.0,0.0,154.84,,-1790.969979468398,836664.0,-4382482.0,-4.4384203,-4096029.0,-2.66312,-0.60863996,0.5403706279047111,3637545.0,3637545.0,5055581.0,352814.0,3838650.0,,1418036.0,0.7028804479286868
"Akebia Therapeutics, Inc.",AKBA,Healthcare,NASDAQ,US,2024-12-31,,368858752.0,8.853503,9.266666,,-4.621199192615706,0.0,0.0,-0.08,0.15,-0.27698437527538405,160180000.0,-50414000.0,0.07571,-69410000.0,-0.07067,,-0.22288938233561426,269855000.0,80914000.0,113831000.0,47640000.0,51870000.0,,-156024000.0,-0.42299118335682057
AKCLY,AKCLY,Unknown,NASDAQ,US,,,,0.8232348,,,,,11.496196,,,,,,0.13454,,0.0,0.10466,,,,,,,,,
Embotelladora Andina S.A.,AKO-A,Consumer Defensive,NASDAQ,US,2024-12-31,,4446262272.0,0.021406885,,12.969697,0.009458063183614052,0.694,0.0,1.98,,1474.7735679202933,,,0.0,,0.08033,0.24466999,0.2966813297319067,2276707253000.0,906143994000.0,1013195740000.0,1120588070000.0,248899004000.0,24869537000.0,-1246102837100.0,-280.2585094782281
Embotelladora Andina S.A.,AKO-B,Consumer Defensive,NASDAQ,US,2024-12-31,,4977383424.0,0.026300125,18.892216,15.934343,0.011388307952964267,0.76339996,0.0,1.98,1.67,1474.7735679202933,,,0.0,,0.08033,0.24466999,0.2966813297319067,2276707253000.0,906143994000.0,1013195740000.0,1120588070000.0,248899004000.0,24869537000.0,-1246102837100.0,-250.35299291823253
Aerkomm Inc.,AKOM,Technology,NASDAQ,US,2024-12-31,,805192.0,-0.35652176,,,-1.2634958755497638,0.0,0.0,-1.33,,-2.0419535778725533,1342931.0,-23919579.0,-15.95943,-29194851.0,0.0,-3.0118399,0.11287814312414,64422634.0,64366331.0,5926553.0,30574475.0,93974.0,,-58496081.0,-72.64861175967968
ARK7 PPTYS PLUS LLC,AKPPS,Unknown,NASDAQ,US,,,,,,,,,0.0,,,,,,0.18785,,-0.59946,-0.05627,,,,,,,,,
Acadia Realty Trust,AKR,Real Estate,NASDAQ,US,2024-12-31,,2968440064.0,1.2239659,74.928566,161.38461,76.75842437529153,6.0769,0.037619047,0.13,0.28,0.2085659712018807,359689000.0,68171000.0,0.19652,21650000.0,0.045479998,-0.01671,0.4725637313114948,1838931000.0,162724000.0,305097000.0,1674094000.0,16806000.0,,-1533834000.0,-0.5167138183457693
"Aktis Oncology, Inc.",AKTS,Healthcare,NASDAQ,US,2024-12-31,,996872832.0,-0.116848886,-15.110984,,,0.0,0.0,-1.16,-1.25604,,1487000.0,-52050000.0,-16.75777,-43980000.0,0.0,-0.26504,-0.26918490040805565,413984000.0,18822000.0,300853000.0,12010000.0,37159000.0,,-113131000.0,-0.11348588944191429
"Akari Therapeutics, Plc",AKTX,Healthcare,NASDAQ,US,2024-12-31,,8398837.0,0.33764368,-0.7833333,Infinity,-1.4671732613908872,0.0,0.0,0.0,-0.3,-2.044748278165856,0.0,-16647000.0,0.0,-19791000.0,0.0,-1.9723599,0.43963846366836756,28333000.0,19910000.0,2952000.0,3260000.0,2599000.0,,-25381000.0,-3.0219660174378906
Air Lease Corporation,AL,Industrials,NASDAQ,US,2024-12-31,,7214433280.0,0.86492217,8.780187,7.4883995,7.370697868852867,0.1021,0.013637068,8.62,7.35178,5.515342625165507,2733657000.0,588080000.0,0.49838,427704000.0,0.35085,0.12741,0.2333679369931671,24745270000.0,1409550000.0,476104000.0,20209985000.0,472554000.0,,-24269166000.0,-3.3639740029586913
"Astera Labs, Inc.",ALAB,Technology,NASDAQ,US,2024-12-31,,28688279552.0,22.559439,71.744774,139.22131,,0.0,0.0,1.22,2.36742,,396290000.0,-116066000.0,0.24028999,-83421000.0,0.27504,0.18402,0.9149280991704188,89709000.0,86542000.0,1012979000.0,1286000.0,79551000.0,,923270000.0,0.03218282916988775
Alarum Technologies Ltd.,ALAR,Technology,NASDAQ,US,2024-12-31,,54070548.0,16.659039,66.18182,36.4,-5.2496832579185515,0.0,0.0,0.2,0.11,-1.3334137806202486,31824000.0,7107000.0,-0.01053,5780000.0,0.032780003,0.04245,0.7569733704863405,8460000.0,8167000.0,18815000.0,1590000.0,15081000.0,9256000.0,16834200.0,0.31133769903719116
Albemarle Corporation,ALB,Basic Materials,NASDAQ,US,2024-12-31,,19228246016.0,2.4774425,62.60586,,10.789192858768766,0.5797,0.0103527615,-1.58,2.6095,13.361037990591512,5377526000.0,-642229000.0,-0.02244,-1179449000.0,-0.00428,0.00209,0.5997427760213355,6409961000.0,1966464000.0,3842262000.0,3615679000.0,1192230000.0,374617000.0,-2305467100.0,-0.11990002094219096
Albemarle Corporation,ALB-PA,Basic Materials,NASDAQ,US,2024-12-31,,,1.0175455,,,,,0.025030902,,,,5377526000.0,-642229000.0,-0.02244,-1179449000.0,-0.00428,0.00209,0.5997427760213355,6409961000.0,1966464000.0,3842262000.0,3615679000.0,1192230000.0,374617000.0,-2305467100.0,
ALBC,ALBC,Unknown,NASDAQ,US,,,,-20.833334,,,,,0.0,,,,,,,,,,,,,,,,,,
Avalon GloboCare Corp.,ALBT,Real Estate,NASDAQ,US,2024-12-31,,2702151.0,-0.15206988,,,-0.2993513201943376,0.0,0.0,-8.09,,-23.801465099183396,1333403.0,-4081144.0,-0.21763,-7903394.0,0.0,-41.297863,0.3384590304642639,13882555.0,13882555.0,3236498.0,7839929.0,2856309.0,,-10646057.0,-3.939845330627341
Alcon Inc.,ALC,Healthcare,NASDAQ,US,2024-12-31,,38869917696.0,1.7532192,23.093735,37.538097,39.4825493775354,0.16219999,0.003942835,2.1,3.41348,1.9617321248741189,9911000000.0,1413000000.0,0.12854,1018000000.0,0.1028,0.04816,0.7102184729956833,8794000000.0,2278000000.0,6309000000.0,5128000000.0,1676000000.0,457000000.0,-2165100000.0,-0.05570117274065658
"Alternus Clean Energy, Inc.",ALCE,Utilities,NASDAQ,US,2024-12-31,,725.0,-2.9632263e-05,,0.0002762431,-1.561348324311874,0.0,0.0,3.62,,-4803.540557361178,311000.0,-13000000.0,-99.25,21078000.0,318.9355,,-4.385272421379578,41612000.0,39576000.0,639000.0,28617000.0,161000.0,,-40973000.0,-56514.48275862069
"Alico, Inc.",ALCO,Consumer Defensive,NASDAQ,US,2025-09-30,,313463072.0,3.14681,-110.64864,,30.349456313896532,0.2198,0.004901961,-18.54,-0.37,0.9148517449488324,44066000.0,-203901000.0,-4.3698997,-147334000.0,0.0,-0.80757004,0.5112565561934629,93533000.0,5743000.0,54919000.0,85547000.0,38128000.0,,-38614000.0,-0.12318516421608987
Alchemy Investments Acquisition Corp 1,ALCY,Financial Services,NASDAQ,US,2024-12-31,,49528680.0,-6.095288,,,33.508858120359726,0.0,0.0,-0.15,,0.31126098859329954,0.0,-1192408.0,0.0,4247564.0,0.0,,0.42101097762453105,7004857.0,1829857.0,246620.0,530000.0,181174.0,,-6758237.0,-0.13645098153231622
Alchemy Investments Acquisition Corp 1,ALCYU,Financial Services,NASDAQ,US,2024-12-31,,,-7.767996,,,,,0.0,,,,0.0,-1192408.0,0.0,4247564.0,0.0,,0.42101097762453105,7004857.0,1829857.0,246620.0,530000.0,181174.0,,-6758237.0,
Alchemy Investments Acquisition Corp 1,ALCYW,Unknown,NASDAQ,US,2024-12-31,,,-0.08285862,,,,,0.0,,,,0.0,-1192408.0,,4247564.0,,,0.42101097762453105,7004857.0,1829857.0,246620.0,530000.0,181174.0,,-6758237.0,
WisdomTree Asia Local Debt Fund,ALD,Unknown,NASDAQ,US,,,,,,,,,,,,,,,,,,,,,,,,,,,
"Atlantica, Inc.",ALDA,Financial Services,NASDAQ,US,2024-12-31,,122930.0,-0.020567669,,,-7.136766343007587,0.0,0.0,-0.16,,-0.1541314330571588,0.0,-219813.0,0.0,-394670.0,0.0,,,5647830.0,5647830.0,0.0,762407.0,0.0,,-5647830.0,-45.943463759863334
Aldel Financial II Inc.,ALDF,Financial Services,NASDAQ,US,2024-12-31,,313914944.0,339.03226,,,,,0.0,,,,,,0.0,,0.0,,0.9999060656634062,22027.0,22027.0,1327090.0,,1004085.0,,1305063.0,0.004157377738601703
Aldel Financial II Inc.,ALDFU,Financial Services,NASDAQ,US,2024-12-31,,,354.8387,,,,,0.0,,,,,,0.0,,0.0,,0.9999060656634062,22027.0,22027.0,1327090.0,,1004085.0,,1305063.0,
Aldel Financial II Inc.,ALDFW,Unknown,NASDAQ,US,2024-12-31,,,16.129032,,,,,0.0,,,,,,0.0,,0.0,,0.9999060656634062,22027.0,22027.0,1327090.0,,1004085.0,,1305063.0,
APPlife Digital Solutions Inc.,ALDS,Technology,NASDAQ,US,2024-06-30,,12017386.0,,,,-0.27625647524531494,0.0,0.0,-0.01,,-0.06515684097234525,6976.0,-4956905.0,-0.78191,-5050596.0,0.0,,-12.941326357063781,2254187.0,2254187.0,61691.0,1046283.0,22894.0,,-2192496.0,-0.1824436695301291
"Aldeyra Therapeutics, Inc.",ALDX,Healthcare,NASDAQ,US,2024-12-31,,332700128.0,6.752137,14.179488,,-5.667840638961319,0.0,0.0,-0.73,0.39,-0.6369268518737656,0.0,-60117032.0,0.0,-55851444.0,0.0,-0.64305,0.6787794192214889,33601823.0,18601823.0,104072478.0,15303003.0,54527092.0,,70470655.0,0.21181433089199173
"Alector, Inc.",ALEC,Healthcare,NASDAQ,US,2024-12-31,,213936896.0,3.6499069,-2.063158,,-5.137393224992522,0.0,0.0,-1.06,-0.95,-1.557209979777564,100558000.0,-144997000.0,-11.5362,-119049000.0,-1.56031,-1.2198,0.27076486804483424,341503000.0,125059000.0,424817000.0,42519000.0,33021000.0,,83314000.0,0.389432592309837
Allegro.eu S.A.,ALEGF,Consumer Cyclical,NASDAQ,US,2024-12-31,,8702896128.0,0.83643126,,23.75,27.972252154489574,0.0,0.0,0.36,,0.26812285112324225,10821231000.0,1883188000.0,0.0,1034561000.0,0.11577,,0.5168315110944444,9430140000.0,2610444000.0,5252693000.0,6361902000.0,4058942000.0,364000.0,-4177192200.0,-0.4799772556816617
ALEH,ALEH,Unknown,NASDAQ,US,,,,,,,,,,,,,,,,,,,,,,,,,,,
ALEUY,ALEUY,Unknown,NASDAQ,US,,,,0.95382506,,,,,0.0,,,,,,0.0,,0.11577,,,,,,,,,,
"Alexander & Baldwin, Inc.",ALEX,Real Estate,NASDAQ,US,2024-12-31,,1511744768.0,1.4932029,34.032787,20.554457,42.22392158093715,0.8911,0.0433526,1.01,0.61,0.4095054945054945,236641000.0,77824000.0,0.34923,60537000.0,0.32443002,0.073189996,0.6007685437060593,666889000.0,209470000.0,54065000.0,474837000.0,33436000.0,,-612824000.0,-0.40537530737463745
Centurion Acquisition Corp.,ALF,Financial Services,NASDAQ,US,2024-12-31,,385968736.0,-28.716576,,31.588234,,0.0,0.0,0.34,,,0.0,-467492.0,0.0,7838845.0,0.0,,0.953439536929203,13812496.0,124996.0,798845.0,,665430.0,,-13013651.0,-0.03371685265202413
Centurion Acquisition Corp.,ALFUU,Financial Services,NASDAQ,US,2024-12-31,,,-29.117647,,,,,0.0,,,,0.0,-467492.0,0.0,7838845.0,0.0,,0.953439536929203,13812496.0,124996.0,798845.0,,665430.0,,-13013651.0,
Centurion Acquisition Corp.,ALFUW,Unknown,NASDAQ,US,2024-12-31,,,-0.57299465,,,,,0.0,,,,0.0,-467492.0,0.0,7838845.0,0.0,,0.953439536929203,13812496.0,124996.0,798845.0,,665430.0,,-13013651.0,
Alamo Group Inc.,ALG,Industrials,NASDAQ,US,2024-12-31,,2524612864.0,2.2058966,17.437658,21.593784,18.364557844305107,0.120299995,0.005723025,9.65,11.95,11.359055643613916,1628513000.0,164808000.0,0.089379996,115930000.0,0.07204,0.10823,0.7021090424670012,432025000.0,190309000.0,857495000.0,226930000.0,197274000.0,,425470000.0,0.16852880933430908
"Allegro MicroSystems, Inc.",ALGM,Technology,NASDAQ,US,2025-03-31,,7702541312.0,7.997307,44.155293,,34.37146998101016,0.0,0.0,-0.07,0.94145,0.7843714307059823,725006000.0,-19802000.0,0.04177,-73010000.0,-0.01573,-0.01365,0.6541734783713276,489861000.0,112261000.0,483036000.0,368491000.0,121334000.0,,-6825000.0,-0.0008860711969654932
"Align Technology, Inc.",ALGN,Healthcare,NASDAQ,US,2024-12-31,,13598443520.0,3.321177,15.367553,33.20354,47.59898166765479,0.0,0.0,5.65,12.20754,5.812519590429422,3999012000.0,671764000.0,0.15235,421362000.0,0.1017,0.103870004,0.6198283075338719,2362615000.0,2038027000.0,2492441000.0,119277000.0,1043887000.0,,129826000.0,0.009547122051803764
"Aligos Therapeutics, Inc.",ALGS,Healthcare,NASDAQ,US,2024-12-31,,45044220.0,0.6270345,-1.0299242,,-0.480217529787379,0.0,0.0,-13.54,-7.10732,-34.20324794126711,3945000.0,-89154000.0,-38.27395,-131211000.0,0.0,-1.4182401,-0.4133449367991554,99067000.0,21737000.0,62141000.0,8375000.0,36997000.0,,-36926000.0,-0.819772214947889
Allegiant Travel Company,ALGT,Industrials,NASDAQ,US,2024-12-31,,2102215424.0,2.0029314,11.15766,,12.659971414169831,0.0,0.0,-2.48,10.288,6.5262223208835115,2512589000.0,128155000.0,0.12909001,-240238000.0,-0.01715,-0.04247,0.24592057569404674,3340461000.0,1277404000.0,991605000.0,2149610000.0,285892000.0,51725000.0,-2312648500.0,-1.100100624130898
Alliance Laundry Holdings Inc.,ALH,Consumer Cyclical,NASDAQ,US,,,4871902720.0,-30.443602,19.98386,40.033333,,0.0,0.0,0.6,1.20197,,,,0.19535999,,0.07081,,,,,,,,,,
"Alignment Healthcare, Inc.",ALHC,Healthcare,NASDAQ,US,2024-12-31,,4351995392.0,26.885042,52.727272,,-10.995474638310588,0.0,0.0,-0.11,0.4125,-0.7948724414920784,2703561000.0,-101555000.0,0.00828,-128035000.0,-0.0057200002,-0.15161,0.1276764148156862,681108000.0,351845000.0,661638000.0,329263000.0,432859000.0,,-19470000.0,-0.004473809884033995
Calisa Acquisition Corp,ALIS,Financial Services,NASDAQ,US,2024-12-31,,84275000.0,588.2353,,,,,0.0,,,,,,0.0,,0.0,,0.3334859245897033,147055.0,147055.0,220633.0,,1487.0,,73578.0,0.0008730703055473153
Calisa Acquisition Corp,ALISR,Unknown,NASDAQ,US,,,,32.82353,,,,,0.0,,,,,,0.0,,0.0,,,,,,,,,,
Calisa Acquisition Corp,ALISU,Financial Services,NASDAQ,US,2024-12-31,,,625.29407,,,,,0.0,,,,,,0.0,,0.0,,0.3334859245897033,147055.0,147055.0,220633.0,,1487.0,,73578.0,
"Alight, Inc.",ALIT,Technology,NASDAQ,US,2024-12-31,,879184192.0,0.4176455,2.7526882,,-12.9225373454079,0.0,0.103225805,-3.99,0.58125,-0.6340618115432662,2332000000.0,-90000000.0,0.037520003,-157000000.0,-0.94233,-0.66856,0.5259367752959844,3880000000.0,892000000.0,1267000000.0,2156000000.0,343000000.0,,-2613000000.0,-2.9720734560250146
"Alaska Air Group, Inc.",ALK,Industrials,NASDAQ,US,2024-12-31,,6895523328.0,1.6678823,7.0383015,71.62651,21.082258209073995,0.0,0.0,0.83,8.44664,3.076994983329698,,,0.03139,,0.0070200004,0.023559999,0.22116552003237555,15396000000.0,6145000000.0,3760000000.0,6393000000.0,1201000000.0,,-11636000000.0,-1.6874716314497544
Alkermes plc,ALKS,Healthcare,NASDAQ,US,2024-12-31,,5764252160.0,3.3250787,17.039492,17.368158,13.301417140230313,0.0,0.0,2.01,2.04877,2.0960172037942613,1557632000.0,420636000.0,0.22599001,367070000.0,0.22272,0.22347,0.712687545577449,590590000.0,465199000.0,1415355000.0,75538000.0,291146000.0,73148000.0,875968600.0,0.15196569748954217
"Alkami Technology, Inc.",ALKT,Technology,NASDAQ,US,2024-12-31,,1830219904.0,5.2279544,19.042105,,-36.50298412751593,0.0,0.0,-0.42,0.91534,-0.668712447238303,333849000.0,-44431000.0,-0.11185,-40835000.0,-0.106309995,-0.12737,0.8164847453673529,80247000.0,45570000.0,181377000.0,18452000.0,94359000.0,,101130000.0,0.05525565522425878
The Allstate Corporation,ALL,Financial Services,NASDAQ,US,2024-12-31,,54312038400.0,1.8872129,8.334823,5.453232,10.836133203533034,0.105100006,0.018588224,38.06,24.90155,17.42718446601942,,,0.29017,,0.15191,0.39518002,0.1921033534318249,90250000000.0,,,8085000000.0,704000000.0,,,
The Allstate Corporation,ALL-PB,Unknown,NASDAQ,US,2024-12-31,,33753548800.0,0.4443202,,2.1791143,,,0.12824427,,,,63515000000.0,,,4667000000.0,,,0.1921033534318249,90250000000.0,,,8085000000.0,704000000.0,,,
The Allstate Corporation,ALL-PH,Financial Services,NASDAQ,US,2024-12-31,,32165326848.0,0.19431336,,3.3759875,,0.0,0.18717916,6.33,,,63515000000.0,,0.29017,4667000000.0,0.15191,0.39518002,0.1921033534318249,90250000000.0,,,8085000000.0,704000000.0,,,
The Allstate Corporation,ALL-PI,Financial Services,NASDAQ,US,2024-12-31,,,0.17867373,,1.6324666,,,0.203666,12.037,,,63515000000.0,,0.29017,4667000000.0,0.15191,0.39518002,0.1921033534318249,90250000000.0,,,8085000000.0,704000000.0,,,
The Allstate Corporation,ALL-PJ,Financial Services,NASDAQ,US,2024-12-31,,,0.24086855,,,,,0.1507159,,,,63515000000.0,,0.29017,4667000000.0,0.15191,0.39518002,0.1921033534318249,90250000000.0,,,8085000000.0,704000000.0,,,
Allegion plc,ALLE,Industrials,NASDAQ,US,2024-12-31,,15465964544.0,7.944933,20.297604,24.326117,20.272022612971963,0.272,0.011943353,7.39,8.85671,6.12004530011325,3772200000.0,780700000.0,0.21856001,597500000.0,0.16092,0.36411,0.3343954721689915,2987100000.0,696900000.0,1422300000.0,1999500000.0,503800000.0,,-1564800000.0,-0.10117700681054917
"Allogene Therapeutics, Inc.",ALLO,Healthcare,NASDAQ,US,2024-12-31,,379793952.0,1.1960368,-1.9081815,,-1.5680470293699718,0.0,0.0,-0.98,-0.88566,-2.085396623748187,22000.0,-257482000.0,0.0,-257590000.0,0.0,-0.54427,0.7694027810683239,126531000.0,35523000.0,303386000.0,90756000.0,75218000.0,80673000.0,233326100.0,0.6143491721532206
"Allarity Therapeutics, Inc.",ALLR,Healthcare,NASDAQ,US,2024-12-31,,13358470.0,1.1150335,-0.8563917,0.09118551,-0.09300857070834384,0.0,0.0,9.11,-0.97,-3515.805022156573,0.0,-17538000.0,0.0,-24515000.0,0.0,-1.22611,0.5214569536423841,10839000.0,10839000.0,22341000.0,1350000.0,19533000.0,,11502000.0,0.8610267493208429
Allot Ltd.,ALLT,Technology,NASDAQ,US,2024-12-31,,472634016.0,3.6969697,31.315174,244.00002,-0.9899750082427191,0.0,0.0,0.04,0.31167,-1.6566074618449307,92195000.0,-6014000.0,0.081420004,-5869000.0,0.0106,0.013259999,0.3566932347949385,89832000.0,35970000.0,90176000.0,46342000.0,16142000.0,,344000.0,0.0007278358906778306
Ally Financial Inc.,ALLY,Financial Services,NASDAQ,US,2024-12-31,,13052339200.0,0.99077374,6.7023625,17.852322,15.933173717110456,0.50630003,0.028483266,2.37,6.3127,2.1537271085891154,,,0.20402001,,0.11554,0.05796,0.07247336266394212,177933000000.0,,,19231000000.0,10292000000.0,3791000000.0,,
Almonty Industries Inc.,ALM,Basic Materials,NASDAQ,US,2024-12-31,,3616493312.0,25.37532,64.52429,,-16.23657333403774,0.0,0.0,-0.24,0.21852235,-0.05847908944729114,28836000.0,-6917000.0,-0.36205003,-16298000.0,-2.16273,-0.57307,0.15242111340399223,217276000.0,51114000.0,20576000.0,158022000.0,7830000.0,,-196700000.0,-0.05438970379049881
Aluminum Corporation of China Limited,ALMMF,Basic Materials,NASDAQ,US,2024-12-31,,30936418304.0,2.9261713,,15.0,1.18270554700888,0.4099,0.084375,0.12,,0.3890000000033148,237065629000.0,26301607000.0,0.13968,12400160000.0,0.05947,0.18549,0.32048519485327,103854787000.0,46198120000.0,59051122000.0,63595657000.0,22210445000.0,1773968000.0,-43561887400.0,-1.4081102399099497
ALMP,ALMP,Industrials,NASDAQ,US,,,90750000.0,125.0,,,,,0.0,,,,,,0.0419,,0.056020003,0.28019,,,,,,,,,
Alumis Inc.,ALMS,Healthcare,NASDAQ,US,2024-12-31,,3265654784.0,7.1033363,-8.270517,,,0.0,0.0,-2.15,-3.16667,,0.0,-300754000.0,-53.72314,-294233000.0,0.0,-0.66876,0.7627832911036037,80889000.0,50910000.0,306188000.0,30722000.0,169526000.0,,225299000.0,0.06899045211510023
"Aeluma, Inc.",ALMU,Technology,NASDAQ,US,2025-06-30,,271822560.0,6.5735493,-61.469387,,-9.570179671979117,0.0,0.0,-0.26,-0.245,-0.37094391892249007,4665000.0,-2142000.0,-1.16101,-3022000.0,-0.67966,-0.17767,0.9222920746160981,1508000.0,705000.0,17335000.0,941000.0,3628000.0,,15827000.0,0.058225483565455344
Allient Inc.,ALNT,Technology,NASDAQ,US,2024-12-31,,1113865344.0,3.7846859,25.848001,58.696426,20.63059986857115,0.1071,0.0019320559,1.12,2.54333,1.4808874139626351,529968000.0,30038000.0,0.09394,13166000.0,0.03501,0.06583,0.45999086458219357,310927000.0,57377000.0,237580000.0,249130000.0,36102000.0,,-73347000.0,-0.06584907268647368
"Alnylam Pharmaceuticals, Inc.",ALNY,Healthcare,NASDAQ,US,2024-12-31,,43354468352.0,184.87888,30.994808,1093.8666,-55.52708305568822,0.0,0.0,0.3,10.58758,-3.524586489039758,2248243000.0,-176885000.0,0.29462,-278157000.0,0.0135699995,0.32724997,0.015822704949524563,4172895000.0,1186272000.0,3295285000.0,1296048000.0,966428000.0,,-877610000.0,-0.020242665482011722
Analogic Corporation,ALOG,Unknown,NASDAQ,US,,,,,,,,,,,,,,,,,,,,,,,,,,,
ALOIS,ALOIS,Unknown,NASDAQ,US,,,,,,,,,0.0,,,,,,,,,,,,,,,,,,
"AstroNova, Inc.",ALOT,Technology,NASDAQ,US,2025-01-31,,72565024.0,0.94386494,27.142859,,28.74478057094163,0.0,0.0,-2.24,0.35,0.6262006403415155,151283000.0,4763000.0,0.07256,-14489000.0,-0.11201999,-0.19924,0.5202788557299358,69845000.0,46346000.0,78017000.0,48519000.0,5050000.0,,8172000.0,0.1126162378172713
ALOV,ALOV,Unknown,NASDAQ,US,,,,,,,,,,,,,,,,,,,,,,,,,,,
"Aldabra 4 Liquidity Opportunity Vehicle, Inc.",ALOVU,Unknown,NASDAQ,US,,,,-1428.5714,,,,,0.0,,,,,,,,,,,,,,,,,,
Alpine Banks of Colorado,ALPIB,Financial Services,NASDAQ,US,2025-12-31,,643250688.0,1.1953312,,9.703197,10.7351616199337,0.1918,0.019761905,4.38,,3.087132051155383,278371000.0,,0.33382,70232000.0,0.24749,,0.08574599815763564,6265675570.0,,,144179000.0,456088470.0,,,
Alps Group Inc,ALPS,Unknown,NASDAQ,US,2025-03-31,,154918704.0,20.688889,,,,,0.0,,,,3371037.0,-2134509.0,,-2513573.0,,,-0.1245591834852264,8249553.0,7489747.0,1490968.0,961875.0,318932.0,0.0,-6758585.0,-0.04362665595240198
ALPWF,ALPWF,Unknown,NASDAQ,US,,,,,,,,,,,,,,,,,,,,,,,,,,,
"Alarm.com Holdings, Inc.",ALRM,Technology,NASDAQ,US,2024-12-31,,2406420736.0,2.9008002,17.961441,20.432205,42.59871266458421,0.0,0.0,2.36,2.68464,1.483612926535284,939827000.0,108548000.0,0.15698,124116000.0,0.12923001,0.15755999,0.3564631283951393,1266915000.0,188806000.0,1481592000.0,1056711000.0,1220701000.0,,214677000.0,0.08921008566309163
Alerus Financial Corporation,ALRS,Financial Services,NASDAQ,US,2024-12-31,,653449472.0,1.1566828,9.31884,37.82353,35.92605482863336,1.2206,0.032625783,0.68,2.76,0.5806483641959986,215872000.0,,-4.80089,17780000.0,0.07792,0.03289,0.09415446379887157,4766263000.0,,,317020000.0,61239000.0,,,
ALR Technologies SG Ltd.,ALRTF,Healthcare,NASDAQ,US,2024-12-31,,9101082.0,-0.23500001,,,-1.6712592640448671,0.0,0.0,-0.04,,-0.012864551415033893,0.0,-3499866.0,0.0,-15877514.0,0.0,,-455.80479917455204,36303191.0,36303191.0,79472.0,28622539.0,40657.0,,-36223719.0,-3.980155216709398
Alpha Star Acquisition Corporat,ALSAF,Financial Services,NASDAQ,US,2024-12-31,,56484120.0,-12.608069,,,30.94441667816371,0.0,0.0,-0.56,,0.36161610983863385,0.0,-913909.0,0.0,1344563.0,0.0,,-0.29924947043435046,14439018.0,11564018.0,10820817.0,394488.0,,,-3618201.0,-0.06405695972602565
"Allison Transmission Holdings, Inc.",ALSN,Consumer Cyclical,NASDAQ,US,2024-12-31,,9668600832.0,18.55126,10.997654,14.187731,7.709904752622686,0.1301,0.0093186805,8.15,10.51406,7.3999999956017835,3225000000.0,992000000.0,0.27329,731000000.0,0.22775999,0.40381,0.309407796101949,3685000000.0,506000000.0,1538000000.0,2406000000.0,781000000.0,11000000.0,-2139300000.0,-0.22126262498288232
Alpha Star Acquisition Corporat,ALSTF,Unknown,NASDAQ,US,,,,-0.07204611,,,,,0.0,,,,,,0.0,,0.0,,,,,,,,,,
ALSUF,ALSUF,Financial Services,NASDAQ,US,2024-12-31,,,-1.4409221,,,,,0.0,,,,0.0,-913909.0,0.0,1344563.0,0.0,,-0.29924947043435046,14439018.0,11564018.0,10820817.0,394488.0,,,-3618201.0,
ALSWF,ALSWF,Unknown,NASDAQ,US,,,,,,,,,,,,,,,,,,,,,,,,,,,
"Altimmune, Inc.",ALT,Healthcare,NASDAQ,US,2024-12-31,,609877504.0,2.509016,-3.909417,,-6.995482060967264,0.0,0.0,-1.07,-1.24571,-1.6610720725588404,20000.0,-103172000.0,-4171.8,-95059000.0,0.0,-0.52615,0.886594977962184,15798000.0,10468000.0,137254000.0,1681000.0,36926000.0,,121456000.0,0.19914818828929948
Alpine Auto Brokers Inc.,ALTB,Consumer Cyclical,NASDAQ,US,2024-12-31,,5393881088.0,,,Infinity,-51704.11675417269,0.0,0.0,0.0,,-7.542919868276619e-05,137793.0,-62065.0,-1.6386501,-61777.0,-0.20698999,,-0.036209069037230354,5082191.0,5082190.0,4904600.0,,1505507.0,,-177591.0,-3.2924530055935855e-05
Alta Equipment Group Inc.,ALTG,Industrials,NASDAQ,US,2024-12-31,,236929328.0,81.666664,19.513102,,44.47074063082213,1.2667,0.017065868,-2.5,0.37667,0.2707017901326886,1876600000.0,18600000.0,0.011360001,-62100000.0,-0.0434,-1.60649,0.0524182653336936,1402800000.0,577200000.0,774500000.0,1198900000.0,13400000.0,,-628300000.0,-2.6518456170187594
Alta Equipment Group Inc.,ALTG-PA,Industrials,NASDAQ,US,2024-12-31,,,279.5,,,,,0.0045418325,-0.61,,,1876600000.0,18600000.0,0.011360001,-62100000.0,-0.0434,-1.60649,0.0524182653336936,1402800000.0,577200000.0,774500000.0,1198900000.0,13400000.0,,-628300000.0,
"AlTi Global, Inc.",ALTI,Financial Services,NASDAQ,US,2024-12-31,,672942144.0,1.7471265,16.285713,,-3.3630542667360164,0.0,0.0,-2.22,0.28,-2.696953119233199,206935000.0,-86849000.0,-0.46992,-103034000.0,-0.70734,-0.25518999,0.5242751225680484,285638000.0,78051000.0,143213000.0,63055000.0,65494000.0,217000.0,-142273100.0,-0.2114195124625751
"Alto Ingredients, Inc.",ALTO,Basic Materials,NASDAQ,US,2024-12-31,,210521760.0,0.94575804,-10.88,,-7.201651490805213,0.0,0.0,-0.7,-0.25,-0.3818568565156329,965258000.0,-20014000.0,0.07046,-58984000.0,-0.05441,-0.20636,0.5606419920386212,176375000.0,57804000.0,153118000.0,114668000.0,35469000.0,,-23257000.0,-0.11047314063876343
ALT5 Sigma Corporation,ALTS,Technology,NASDAQ,US,2024-12-31,,214776512.0,0.13959599,,,-0.31859218773632647,0.0,0.0,-0.16,,-1.757733001437102,12532000.0,-7562000.0,-2.18337,-6245000.0,1.3306301,0.04251,0.25336018244456304,57625000.0,40937000.0,35001000.0,13068000.0,7177000.0,,-22624000.0,-0.10533740300242887
"Altex Industries, Inc.",ALTX,Energy,NASDAQ,US,2025-09-30,,3132539.0,2.3931625,,,5.139759184964325,0.0,0.0,-0.01,,0.038523205426888245,18000.0,-307000.0,-9.16667,-192000.0,0.0,-0.07732,0.4888888888888889,1403000.0,1276000.0,2568000.0,153000.0,2545000.0,,1165000.0,0.3719027919524705
Alussa Energy Acquisition Corp. II,ALUB,Financial Services,NASDAQ,US,2024-12-31,,361171872.0,-1116.6667,,,,,0.0,,,,,,0.0,,0.0,,-0.07906620459735413,671941.0,671941.0,4200.0,25000.0,4200.0,,-667741.0,-0.0018488178392806847
Alussa Energy Acquisition Corp.,ALUB-UN,Financial Services,NASDAQ,US,2024-12-31,,,-1141.1112,,,,,0.0,,,,,,0.0,,0.0,,-0.07906620459735413,671941.0,671941.0,4200.0,25000.0,4200.0,,-667741.0,
Alussa Energy Acquisition Corp. II WT,ALUB-WT,Unknown,NASDAQ,US,,,,,,,,,,,,,,,,,,,,,,,,,,,
Allurion Technologies Inc.,ALUR,Healthcare,NASDAQ,US,2024-12-31,,13519258.0,-0.1030252,-2.2916667,,-1.6756032577852373,0.0,0.0,-16.2,-0.48,-58.18799858916042,32110000.0,-50198000.0,-3.62302,-7198000.0,-1.87866,,-2.3764361685917166,110791000.0,18863000.0,27156000.0,37923000.0,15379000.0,,-83635000.0,-6.186360227758062
Allurion Technologies Inc. WT,ALUR-WT,Unknown,NASDAQ,US,,,,,,,,,,,,,,,,,,,,,,,,,,,
"Autoliv, Inc.",ALV,Consumer Cyclical,NASDAQ,US,2024-12-31,,9555681280.0,3.6533937,10.490508,13.171727,18.52336477060787,0.32669997,0.025096525,9.55,11.99084,5.727699530516432,10390000000.0,980000000.0,0.11928,646000000.0,0.06796,0.30238,0.291645310097386,5519000000.0,3633000000.0,3483000000.0,2068000000.0,330000000.0,,-2036000000.0,-0.21306696407521872
Alvotech,ALVO,Healthcare,NASDAQ,US,2024-12-31,,1595397888.0,-8.692699,14.911463,22.260868,-4.654438744688501,0.0,0.0,0.23,0.34336,-2.4277900753619472,489682000.0,69644000.0,-0.02623,-231864000.0,0.12122,,-0.3379490748321598,1634171000.0,193396000.0,455020000.0,1190236000.0,51428000.0,,-1179151000.0,-0.739095249447892
Alvotech,ALVOW,Unknown,NASDAQ,US,2024-12-31,,,-0.7597623,,,,,0.0,,,,489682000.0,69644000.0,-0.02623,-231864000.0,0.12122,,-0.3379490748321598,1634171000.0,193396000.0,455020000.0,1190236000.0,51428000.0,,-1179151000.0,
"Alexander's, Inc.",ALX,Real Estate,NASDAQ,US,2024-12-31,,1302716544.0,10.151636,19.605688,35.72409,9.271831723357783,2.5210001,0.070392236,7.14,13.01,19.966155423807788,226374000.0,81833000.0,0.30629998,43444000.0,0.16993,0.22994,0.13185689948892676,1164436000.0,39902000.0,510698000.0,1103137000.0,338532000.0,,-653738000.0,-0.501826742748421
ALX Oncology Holdings Inc.,ALXO,Healthcare,NASDAQ,US,2024-12-31,,268954080.0,2.452153,-2.7333333,,-4.086116800072058,0.0,0.0,-2.01,-0.75,-3.7407153528118826,0.0,-142467000.0,0.0,-134850000.0,0.0,-1.18949,0.7688580612417527,34157000.0,18500000.0,134352000.0,9904000.0,17567000.0,3524000.0,102661800.0,0.38170753907135374
Alithya Group Inc.,ALYAF,Technology,NASDAQ,US,2025-03-31,,119628424.0,1.0630598,,,-8.65824432406842,0.0,0.0,-0.2,,-0.1744002518230767,473481000.0,18736000.0,0.041750003,1295000.0,-0.054029997,-0.161,0.43325038734212873,241424000.0,117528000.0,145705000.0,118914000.0,15956000.0,,-95719000.0,-0.8001359275618309
"Alzamend Neuro, Inc.",ALZN,Healthcare,NASDAQ,US,2025-04-30,,7527178.0,1.7202432,-0.6633166,,-0.48288513947847295,0.0,0.0,-2.67,-2.985,-132.32960864128555,0.0,-4496824.0,0.0,-4514853.0,0.0,-1.4475701,0.8620979047717534,634761.0,634761.0,4177377.0,,3948658.0,,3542616.0,0.4706433141344605
Antero Midstream Corporation,AM,Energy,NASDAQ,US,2024-12-31,,9175923712.0,4.4275165,15.4888525,19.571428,14.353451446919653,0.9184,0.04761905,0.98,1.23831,0.7707453998159097,1176865000.0,660221000.0,0.57813,400892000.0,0.37807,0.22522,0.36710578109282116,3646577000.0,100612000.0,118064000.0,3116958000.0,0.0,,-3528513000.0,-0.38454035917773766
Amalgamated Financial Corp.,AMAL,Financial Services,NASDAQ,US,2024-12-31,,1234873216.0,1.600326,9.095921,12.424699,9.175607023985139,0.1627,0.013919961,3.32,4.535,2.8578203670618807,316476000.0,,0.43164003,106434000.0,0.33448002,0.13881,0.08570464528299511,7549238000.0,,,334143000.0,60749000.0,,,
"Applied Materials, Inc.",AMAT,Technology,NASDAQ,US,2025-10-31,,255983124480.0,12.52758,26.34296,37.15553,21.273864295367364,0.19860001,0.005855456,8.68,12.24274,8.605515587529975,28368000000.0,8470000000.0,0.28441,6998000000.0,0.24669,0.35508,0.562412187663572,15884000000.0,7999000000.0,20881000000.0,7050000000.0,7241000000.0,,4997000000.0,0.019520818062326667
"Ambarella, Inc.",AMBA,Technology,NASDAQ,US,2025-01-31,,2739732992.0,4.6425443,102.96236,,-13.304177642710584,0.0,0.0,-1.88,0.61809,-4.248289670781059,284865000.0,-126595000.0,-0.14982,-117126000.0,-0.21309,-0.13922,0.8148593258322593,127556000.0,120994000.0,320551000.0,5265000.0,144622000.0,,192995000.0,0.07044299592826891
AMBI,AMBI,Unknown,NASDAQ,US,,,,,,,,,,,,,,,,,,,,,,,,,,,
Ambipar Emergency Response,AMBIQ,Industrials,NASDAQ,US,2024-12-31,,3464365.0,0.012603511,,,-12.817422787585832,0.0,0.0,-0.0,,-0.6046457332675469,3248442000.0,484375000.0,0.10614,-20556000.0,-0.0063300002,0.03703,0.24991371109197794,3983785000.0,978483000.0,1749696000.0,3109233000.0,358434000.0,,-2234089000.0,-644.8769110645096
Ambow Education Holding Ltd.,AMBO,Consumer Defensive,NASDAQ,US,2024-12-31,,7198356.0,0.8350233,,3.652319,-1.2419873804238837,0.0,0.0,0.69,,-1.127225604885236,9392000.0,-722000.0,0.11894,309000.0,0.20384,0.25902,0.38783029186575324,10634000.0,6847000.0,11641000.0,8844000.0,1123000.0,,1007000.0,0.13989305335829458
Ardagh Metal Packaging S.A.,AMBP,Consumer Cyclical,NASDAQ,US,2024-12-31,,2862980864.0,-8.3741255,19.67065,,-38.09444677734375,5.0,0.08316009,-0.01,0.24351,-0.08366800535475234,4908000000.0,202000000.0,0.06162,-3000000.0,0.00299,,-0.025997803002563165,5598000000.0,1448000000.0,1630000000.0,3902000000.0,602000000.0,,-3968000000.0,-1.3859680481608696
"Ambiq Micro, Inc.",AMBQ,Technology,NASDAQ,US,2024-12-31,,627350208.0,3.2162423,-22.367321,,,0.0,94.8468,-1.97,-1.33856,,76067000.0,-40613000.0,-0.55288,-39661000.0,-0.49887002,,0.8223019237039452,18530000.0,11768000.0,88956000.0,966000.0,60981000.0,,70426000.0,0.11225946704396406
Amber International Holding Limited,AMBR,Technology,NASDAQ,US,2024-12-31,,192050000.0,1.5321374,,,-1.0173453095113931,0.0,0.0,-1.45,,-3.7843590260239486,32806000.0,-17240000.0,0.08437,-29007000.0,-2.9622602,,0.2625763655059782,35215000.0,33465000.0,48598000.0,3032000.0,19639000.0,,13383000.0,0.06968497787034626
Ambipar Emergency Response,AMBWQ,Unknown,NASDAQ,US,2024-12-31,,,8.066247e-05,,,,,0.0,,,,3248442000.0,484375000.0,0.10614,-20556000.0,-0.0063300002,0.03703,0.24991371109197794,3983785000.0,978483000.0,1749696000.0,3109233000.0,358434000.0,,-2234089000.0,
"AMC Entertainment Holdings, Inc.",AMC,Communication Services,NASDAQ,US,2024-12-31,,759156480.0,-0.42712843,-2.573913,,-4.080098296167736,0.0,0.0,-1.47,-0.575,-1.5220221640198628,4637200000.0,-6800000.0,0.027379999,-352600000.0,-0.13161999,,-0.21345862382540165,10008000000.0,1744800000.0,947200000.0,8276900000.0,632300000.0,5300000.0,-9057090000.0,-11.930465244793801
Amcor plc,AMCCD,Consumer Cyclical,NASDAQ,US,2025-06-30,,22505568256.0,1.9052911,,192.0,17.915298355311563,10.255401,0.053645834,0.25,,2.532963219986121,15009000000.0,1316000000.0,0.08295,511000000.0,0.03039,0.07734,0.31640856849943344,25326000000.0,6987000000.0,8434000000.0,15008000000.0,827000000.0,,-16892000000.0,-0.7505698060077457
AMC Robotics Corporation,AMCI,Technology,NASDAQ,US,2024-12-31,,141899024.0,16.836462,,,-158.66794367864503,0.0,0.0,-0.01,,-0.06737340468742747,10200957.0,-2553974.0,0.45616,-776960.0,0.23638001,,-0.31724159419270387,9681266.0,9666992.0,7222686.0,828251.0,358887.0,,-2458580.0,-0.017326264344143763
Amcor plc,AMCR,Consumer Cyclical,NASDAQ,US,2025-06-30,,22256740352.0,1.9120389,10.869271,192.68,18.416892396064654,10.25,0.055044893,0.25,4.43176,2.532963219986121,15009000000.0,1316000000.0,0.08295,511000000.0,0.03039,0.07734,0.31640856849943344,25326000000.0,6987000000.0,8434000000.0,15008000000.0,827000000.0,,-16892000000.0,-0.7589610937111947
AMC Networks Inc.,AMCX,Communication Services,NASDAQ,US,2024-12-31,,332109248.0,0.31491187,3.965511,,3.8322461763333164,0.0,0.0,-3.68,1.92409,4.897910936327885,2421314000.0,409377000.0,0.106809996,-226546000.0,-0.06028,-0.108660005,0.19613747217300545,3422080000.0,702668000.0,1670804000.0,2433239000.0,784649000.0,,-1751276000.0,-5.273192512844448
"Advanced Micro Devices, Inc.",AMD,Technology,NASDAQ,US,2025-12-31,,339842859008.0,5.393014,19.75128,79.862076,122.14155027214018,0.0,0.0,2.61,10.55324,1.0024434941967013,34639000000.0,3694000000.0,0.17059,4335000000.0,0.12515001,0.07082,0.8189558796765722,13927000000.0,9455000000.0,26947000000.0,3847000000.0,5539000000.0,,13020000000.0,0.038311824582706634
"AMETEK, Inc.",AME,Industrials,NASDAQ,US,2024-12-31,,53560532992.0,5.0093966,26.653687,36.23594,30.28902465274239,0.19379999,0.0053962315,6.4,8.70086,5.92727679955894,,,0.25294,,0.19999,0.14594,0.6599133671410671,4975865000.0,2098587000.0,2603032000.0,2134457000.0,373999000.0,,-2372833000.0,-0.04430189296948212
"Affiliated Managers Group, Inc.",AMG,Financial Services,NASDAQ,US,2024-12-31,,8679885824.0,2.5858932,10.0701685,18.282467,9.56900234848841,0.0023999999,0.00013264798,16.71,30.33713,15.945497630331754,2040900000.0,706700000.0,0.28788,511600000.0,0.26007998,0.16224001,0.3788175610639912,4182200000.0,639100000.0,1416300000.0,2620200000.0,950000000.0,,-2765900000.0,-0.3186562653108005
Amgen Inc.,AMGN,Healthcare,NASDAQ,US,2024-12-31,,207148482560.0,23.925793,16.603842,27.026724,33.217368643091476,0.669,0.025883634,14.22,23.14645,7.56007393715342,,,0.28218,,0.20982,1.0610299,0.06399242152026917,85962000000.0,23099000000.0,29030000000.0,60099000000.0,11973000000.0,,-56932000000.0,-0.2748366741402984
American Homes 4 Rent,AMH,Real Estate,NASDAQ,US,2024-12-31,,13029371904.0,1.5981758,38.50668,26.135595,32.49166377739687,0.9831,0.037455603,1.18,0.8009,1.0488052302851498,1728697000.0,412893000.0,0.23545,412426000.0,0.24695998,0.06605,0.5350822212528653,5532521000.0,400779000.0,399183000.0,5027071000.0,199413000.0,,-5133338000.0,-0.39398199988627786
American Homes 4 Rent,AMH-PG,Real Estate,NASDAQ,US,2024-12-31,,7961954816.0,1.1924185,,47.738796,,,0.050412644,0.482,,,1728697000.0,412893000.0,0.23545,412426000.0,0.24695998,0.06605,0.5350822212528653,5532521000.0,400779000.0,399183000.0,5027071000.0,199413000.0,,-5133338000.0,-0.644733374985282
American Homes 4 Rent,AMH-PH,Real Estate,NASDAQ,US,2024-12-31,,8234249216.0,1.2411256,,49.6888,,,0.048373643,0.482,,,1728697000.0,412893000.0,0.23545,412426000.0,0.24695998,0.06605,0.5350822212528653,5532521000.0,400779000.0,399183000.0,5027071000.0,199413000.0,,-5133338000.0,-0.6234129992113175
"Autonomix Medical, Inc.",AMIX,Healthcare,NASDAQ,US,2025-03-31,,2752019.0,0.38307694,-0.05383784,,-4.074905327888804,0.0,0.0,-4.51,-7.4,-14.822430624951956,0.0,-11588000.0,0.0,-11410000.0,0.0,-3.5241199,0.8259229043442791,1707000.0,1707000.0,9609000.0,,9136000.0,,7902000.0,2.871346455093515
Alerian MLP Index ETN,AMJB,Unknown,NASDAQ,US,,,,,,,,,,,,,,,,,,,,,,,,,,,
"Amkor Technology, Inc.",AMKR,Technology,NASDAQ,US,2024-12-31,,12201467904.0,2.8320613,30.429878,39.806454,22.311851953211306,0.2667,0.0074768467,1.24,1.62209,1.4556955367835065,6317692000.0,438455000.0,0.07997,354012000.0,0.04773,0.07245,0.5975444996261697,2761163000.0,1455275000.0,3073472000.0,1299883000.0,1133553000.0,,312309000.0,0.025596018647692047
American Lithium Corp.,AMLIF,Basic Materials,NASDAQ,US,2024-02-29,,131621696.0,1.1031151,-12.822843,,-16.243768356589445,0.0,0.0,-0.09,-0.03989755,-0.17175817215598474,0.0,-40003908.0,0.0,-39904090.0,0.0,-0.05333,0.9755385228031358,4246386.0,3115623.0,19439097.0,176919.0,11889416.0,1828201.0,16472451.7,0.12514997299533354
"American Lithium Minerals, Inc.",AMLM,Basic Materials,NASDAQ,US,,,13269367.0,96.549995,,,,0.0,0.0,-0.18,,,,,0.0,,0.0,-4.51657,,,,,,,,,
"Amylyx Pharmaceuticals, Inc.",AMLX,Healthcare,NASDAQ,US,2024-12-31,,1535277568.0,4.621487,-10.891243,,20.952939152848533,0.0,0.0,-1.79,-1.2836,0.7039585182966921,87371000.0,-255677000.0,291.0421,-301743000.0,0.0,-0.56525004,0.8509094477209581,28869000.0,28406000.0,189432000.0,1981000.0,77391000.0,,160563000.0,0.10458239170990088
"American Cannabis Company, Inc.",AMMJ,Consumer Defensive,NASDAQ,US,2023-12-31,,92900.0,-0.16666667,,,-4.318937839460683,0.0,0.0,-0.02,,-0.007386075237223132,2476185.0,-2498107.0,-1.28913,-3660416.0,-2.4851801,-9.27339,0.00054788070904954,2827533.0,2167519.0,900378.0,1159905.0,21085.0,,-1927155.0,-20.744402583423035
"AMN Healthcare Services, Inc.",AMN,Healthcare,NASDAQ,US,2024-12-31,,779799680.0,1.2074708,30.027363,,14.02748270142389,0.0,0.0,-7.2,0.67605,5.355201952161867,2983781000.0,119784000.0,0.013300001,-146979000.0,-0.10142,-0.35898998,0.29250821802298027,1709107000.0,545785000.0,594915000.0,1097797000.0,10649000.0,,-1114192000.0,-1.4288182318823213
"Alpha Modus Holdings, Inc.",AMOD,Technology,NASDAQ,US,2024-12-31,,38081816.0,-0.6531326,,,-283.0672256773809,0.0,0.0,-0.15,,-0.037941516349755094,0.0,-834895.0,0.0,4103067.0,0.0,,-47.341826434829805,82302878.0,7559310.0,1702519.0,3633125.0,735814.0,,-80600359.0,-2.1165051320031587
"Alpha Modus Holdings, Inc.",AMODW,Unknown,NASDAQ,US,2024-12-31,,,-0.08909683,,,,,0.0,,,,0.0,-834895.0,0.0,4103067.0,0.0,,-47.341826434829805,82302878.0,7559310.0,1702519.0,3633125.0,735814.0,,-80600359.0,
"Ameriprise Financial, Inc.",AMP,Financial Services,NASDAQ,US,2024-12-31,,50446872576.0,7.8338833,11.886171,14.368615,14.811811552460478,0.173,0.011513588,37.79,45.6825,35.36567489120168,,,0.35347998,,0.19586,0.59589,0.028819810036217704,176175000000.0,,,5472000000.0,8522000000.0,,,
"Ampio Pharmaceuticals, Inc.",AMPE,Healthcare,NASDAQ,US,2023-12-31,,11353.0,0.0024801586,-0.111111104,,-0.20499876872353567,0.0,0.0,-10.66,-0.09,-21.6781778494324,0.0,-9518000.0,0.0,-8632000.0,0.0,-1.1396099,0.5857740585774058,2376000.0,2376000.0,5736000.0,274000.0,4089000.0,,3360000.0,295.9570157667577
"AmpliTech Group, Inc.",AMPG,Technology,NASDAQ,US,2024-12-31,,74536744.0,1.7040875,5.4814816,,-7.483248941702488,0.0,0.0,-0.51,0.54,-0.255236726921831,9508372.0,-7962059.0,-0.036310002,-11242404.0,-0.33766997,-0.27126,0.8674313488683444,5729681.0,1535641.0,28331386.0,4621184.0,19315984.0,,22601705.0,0.3032290356015551
"AmpliTech Group, Inc.",AMPGW,Unknown,NASDAQ,US,2024-12-31,,,0.04490501,,,,,0.0,,,,9508372.0,-7962059.0,-0.036310002,-11242404.0,-0.33766997,-0.27126,0.8674313488683444,5729681.0,1535641.0,28331386.0,4621184.0,19315984.0,,22601705.0,
"Amphastar Pharmaceuticals, Inc.",AMPH,Healthcare,NASDAQ,US,2024-12-31,,1360446080.0,1.7459275,8.220394,12.946903,23.956320280288416,0.0,0.0,2.26,3.55944,2.5951397143450126,731967000.0,205419000.0,0.2524,159519000.0,0.15433,0.14840001,0.46422309140585877,845172000.0,173759000.0,534071000.0,650549000.0,151609000.0,,-311101000.0,-0.22867572965479088
"Amplitude, Inc.",AMPL,Technology,NASDAQ,US,2024-12-31,,966551040.0,3.6868944,62.134754,,-16.991422964957916,0.0,0.0,-0.79,0.11636,-0.7727428209820588,299272000.0,-107383000.0,-0.28962,-94319000.0,-0.31364,-0.37474,0.6650564798805143,149355000.0,144513000.0,303631000.0,5584000.0,171678000.0,57242000.0,194345400.0,0.20107101638419425
AMPM,AMPM,Unknown,NASDAQ,US,,,,,,,,,,,,,,,,,,,,,,,,,,,
AMPWF,AMPWF,Unknown,NASDAQ,US,,,,,,,,,,,,,,,,,,,,,,,,,,,
"Amprius Technologies, Inc.",AMPX,Industrials,NASDAQ,US,2024-12-31,,1597122176.0,15.474083,-94.15385,,-13.195717076201712,0.0,0.0,-0.27,-0.13,-0.4266535938842265,23567000.0,-44400000.0,-0.21899,-44671000.0,-0.53161997,-0.39011002,0.5735562435500516,51653000.0,17210000.0,68763000.0,37759000.0,55155000.0,,17110000.0,0.010713018864249994
"Amprius Technologies, Inc. WT",AMPX-WT,Unknown,NASDAQ,US,,,,,,,,,,,,,,,,,,,,,,,,,,,
Amplify Energy Corp.,AMPY,Energy,NASDAQ,US,2024-12-31,,209665648.0,0.5335256,14.8,,0.5952030553787396,0.0,0.0,-0.69,0.35,10.080593413926747,294681000.0,35490000.0,0.12364,12946000.0,-0.10105,-0.06902,0.5473499349463776,338164000.0,68138000.0,71777000.0,132467000.0,0.0,,-266387000.0,-1.270532405003227
"Alpha Metallurgical Resources, Inc.",AMR,Basic Materials,NASDAQ,US,2024-12-31,,2693265152.0,1.6741862,10.588658,,7.045224702980568,0.0,0.0,-3.65,19.485,49.30431604326369,2957285000.0,227854000.0,-0.01204,187579000.0,-0.02091,-0.02871,0.6763815102095043,789211000.0,251109000.0,1036669000.0,5784000.0,481578000.0,,247458000.0,0.09188029623308326
"Ameresco, Inc.",AMRC,Industrials,NASDAQ,US,2024-12-31,,1632497280.0,1.545073,25.782566,25.983192,27.717412758514715,0.0,0.0,1.19,1.19926,1.1736304200796572,1769928000.0,81991000.0,0.077870004,56757000.0,0.03344,0.06619,0.24365108832302354,3110896000.0,889008000.0,1301134000.0,1703278000.0,108516000.0,,-1809762000.0,-1.1085850017465266
Amarin Corporation plc,AMRN,Healthcare,NASDAQ,US,2024-12-31,,306692096.0,0.66850984,25.000002,,-6.206683922046285,0.0,0.0,-4.2,0.59,-2.900099348713986,228614000.0,-91797000.0,-0.03417,-82183000.0,-0.38015,-0.17408001,0.7093845617342405,199173000.0,179949000.0,595399000.0,7723000.0,121038000.0,,396226000.0,1.2919341749191997
AMAROQ LTD.,AMRQF,Basic Materials,NASDAQ,US,2024-12-31,,760384064.0,3.7925956,,,,0.0,0.0,-0.04,,,0.0,-20951346.0,-0.30313998,-23456138.0,-1.2782,-0.10642,0.7858424272563316,54819410.0,46973753.0,65877536.0,29332445.0,45193670.0,6699179.0,15747551.299999997,0.02070999649461354
"Amneal Pharmaceuticals, Inc.",AMRX,Healthcare,NASDAQ,US,2024-12-31,,4564549632.0,-41.72414,15.503711,1452.0001,-12.833834960566172,0.0,0.0,0.01,0.93655,-0.47686446836535407,2793957000.0,347443000.0,0.11889,-116886000.0,0.00201,,-0.03120625913015912,3610957000.0,1129771000.0,1587806000.0,2593139000.0,110552000.0,,-2023151000.0,-0.4432312414387173
Amrize Ltd,AMRZ,Basic Materials,NASDAQ,US,2024-12-31,,32305522688.0,2.5040727,21.533878,24.43933,,0.0,0.0,2.39,2.71247,,11704000000.0,2108000000.0,0.21333,1419000000.0,0.09962,0.10345,0.5658885061870137,10210000000.0,2430000000.0,4489000000.0,5788000000.0,1824000000.0,,-5721000000.0,-0.17709046392012365
American Shared Hospital Services,AMS,Healthcare,NASDAQ,US,2024-12-31,,14121201.0,0.56983835,5.375,,24.62876949232133,0.0,0.0,-0.35,0.4,0.09541686219302362,28340000.0,1778000.0,0.00669,2186000.0,-0.076469995,-0.11948,0.41834310679934217,30170000.0,10405000.0,26258000.0,23228000.0,11025000.0,,-3912000.0,-0.2770302610946477
American Superconductor Corporation,AMSC,Industrials,NASDAQ,US,2025-03-31,,1341238016.0,2.498448,26.659224,9.266447,-36.26458076018367,0.0,0.0,3.04,1.05667,-0.3725398155909472,222818000.0,5605000.0,0.062319998,6033000.0,0.46701,0.35773,0.6347847649595357,113407000.0,99764000.0,206517000.0,3369000.0,79494000.0,,93110000.0,0.0694209371411077
"AMERISAFE, Inc.",AMSF,Financial Services,NASDAQ,US,2024-12-31,,744243648.0,2.7072394,17.226372,15.073077,12.629588237160961,0.5923,0.03876164,2.6,2.275,3.230413614964844,309109000.0,,0.21322,55436000.0,0.16115,0.16945,0.222268958732621,900450000.0,,,,44045000.0,,,
Amesite Inc.,AMST,Technology,NASDAQ,US,2025-06-30,,9191153.0,3.3555927,,,-1.5994248594554588,0.0,0.0,-0.6,,-1.731872531898491,110459.0,-3603613.0,-7.0217605,-3617086.0,0.0,-1.46936,0.8842155191035224,358596.0,358596.0,2433859.0,,2333418.0,,2075263.0,0.22578919097527808
ArcelorMittal S.A.,AMSYF,Basic Materials,NASDAQ,US,2024-12-31,,44784168960.0,0.77888596,,13.52798,23.299219392977808,0.1338,0.010791368,4.11,,1.0875739644970415,62441000000.0,3108000000.0,0.035469998,1339000000.0,0.05138,0.060149997,0.550685238015327,38099000000.0,21825000000.0,29382000000.0,11563000000.0,6400000000.0,299000000.0,-8507700000.0,-0.18997114823318137
American Tower Corporation,AMT,Real Estate,NASDAQ,US,2024-12-31,,80197394432.0,20.29025,24.76002,27.31579,63.91085515891213,1.0718,0.039185956,6.27,6.9172,3.1751298264841745,10127200000.0,4603000000.0,0.45477,2255000000.0,0.28106,0.28839,0.055375638124740084,51428700000.0,7075600000.0,3178800000.0,43954100000.0,1999600000.0,,-48249900000.0,-0.6016392470320401
Amerant Bancorp Inc.,AMTB,Financial Services,NASDAQ,US,2024-12-31,,983346368.0,1.0031971,8.812144,18.428572,25.366010286529484,0.2857,0.015658982,1.26,2.635,0.9647995740984484,305293000.0,,0.29338,-15752000.0,0.13297,0.05731,0.08993041016856239,9011267000.0,,,1004716000.0,565994000.0,2477000.0,,
AMTD IDEA Group,AMTD,Financial Services,NASDAQ,US,2024-12-31,,78623976.0,0.049657967,,,0.7904549941131764,0.0,0.0,-11.1,,2.365726092813612,54068000.0,26043000.0,0.66723996,51039000.0,0.45043,0.05144,0.7690666973281067,369889000.0,143133000.0,1519455000.0,283492000.0,62872000.0,139633000.0,1247309100.0,15.864233322415544
"Amentum Holdings, Inc.",AMTM,Industrials,NASDAQ,US,2025-09-30,,9146513408.0,2.0282102,13.653925,138.99998,-28.487439109057913,0.0,0.0,0.27,2.74866,-0.9010989010989011,14393000000.0,418000000.0,0.036429998,66000000.0,0.00459,0.01287,0.3931064572425829,6840000000.0,2354000000.0,3113000000.0,4167000000.0,437000000.0,,-3727000000.0,-0.40747767304863713
AMTU,AMTU,Unknown,NASDAQ,US,,,,,,,,,,,,,,,,,,,,,,,,,,,
"Aemetis, Inc.",AMTX,Basic Materials,NASDAQ,US,2024-12-31,,105258000.0,-0.33901918,-5.55187,,-4.534195131096846,0.0,0.0,-1.55,-0.28639,-1.219621134494627,267640000.0,-40416000.0,-0.14374,-87537000.0,-0.43645,,-1.0178402017724506,523230000.0,143968000.0,44696000.0,338061000.0,898000.0,,-478534000.0,-4.546295768492656
UBS ETRACS Alerian MLP Index ETN Series B,AMUB,Unknown,NASDAQ,US,,,,,,,,,,,,,,,,,,,,,,,,,,,
AMVIF,AMVIF,Unknown,NASDAQ,US,,,,0.47384727,,,,,0.0,,,,,,,,,,,,,,,,,,
AUMOVIO SE,AMVOY,Unknown,NASDAQ,US,,,,0.08673661,,,,,0.0,,,,,,0.00133,,-0.00559,,,,,,,,,,
American Woodmark Corporation,AMWD,Consumer Cyclical,NASDAQ,US,2025-04-30,,984001728.0,1.0600662,27.233871,15.929246,13.160291540082195,0.0,0.0,4.24,2.48,7.147257891066924,1709585000.0,144848000.0,0.051420003,99456000.0,0.03937,0.068169996,0.5832268432650842,654571000.0,182942000.0,364453000.0,509928000.0,48195000.0,,-290118000.0,-0.2948348480949009
American Well Corporation,AMWL,Healthcare,NASDAQ,US,2024-12-31,,72688336.0,0.28425097,-0.9089048,,-0.6609995147523164,0.0,0.0,-7.19,-4.885,-47.503816444246844,254364000.0,-217534000.0,-0.52112,-208143000.0,-0.42801,-0.37047002,0.6990696564885496,119724000.0,111263000.0,316993000.0,8201000.0,228316000.0,,197269000.0,2.7139017187021586
"América Móvil, S.A.B. de C.V.",AMX,Communication Services,NASDAQ,US,2024-12-31,,65006149632.0,58.33716,12.7421,16.796875,0.7196775566491188,0.4488,0.024436088,1.28,1.68732,24.374897357886308,869220584000.0,178775621000.0,0.2152,22902025000.0,0.07242,0.15722999,0.20574225891046324,1361736636000.0,494400877000.0,353697833000.0,780688859000.0,36652098000.0,13908873000.0,-998302591900.0,-15.35704848774145
"América Móvil, S.A.B. de C.V.",AMXOF,Communication Services,NASDAQ,US,2024-12-31,,65006145536.0,2.8761575,,17.666666,0.18890816201697838,0.2321,0.49056605,0.06,,1.2187448678943154,869220584000.0,178775621000.0,0.2152,22902025000.0,0.07242,0.15722999,0.20574225891046324,1361736636000.0,494400877000.0,353697833000.0,780688859000.0,36652098000.0,13908873000.0,-998302591900.0,-15.35704945538028
"Amaze Holdings, Inc.",AMZE,Technology,NASDAQ,US,2024-12-31,,7450262.0,0.033648565,12.453334,,-1.3286103812469208,0.0,0.0,-4.66,0.03,-15.926414655553971,299065.0,-3124908.0,-3.4783099,-2518986.0,0.0,-0.36046,0.3351625276923164,2933479.0,2933479.0,4412325.0,432105.0,155647.0,,1478846.0,0.19849583813294083
"Amazon.com, Inc.",AMZN,Consumer Cyclical,NASDAQ,US,2024-12-31,,2257768677376.0,6.0808973,22.636694,29.333334,52.89278590732847,0.0,0.0,7.17,9.29111,2.8998284407167367,637959000000.0,68593000000.0,0.11057,59248000000.0,0.11063,0.24327,0.45762961398253144,338924000000.0,179431000000.0,190867000000.0,130900000000.0,78779000000.0,,-148057000000.0,-0.06557669148465343
"AutoNation, Inc.",AN,Consumer Cyclical,NASDAQ,US,2024-12-31,,7901696512.0,3.1808836,9.357601,12.721666,6.662269102928215,0.0,0.0,17.03,23.1523,22.740000089971208,26765400000.0,1225200000.0,0.047020003,692200000.0,0.02375,0.27161,0.18899836175269388,10544400000.0,6312200000.0,4698000000.0,8654700000.0,59800000.0,,-5846400000.0,-0.7398917423772603
"AnaptysBio, Inc.",ANAB,Healthcare,NASDAQ,US,2024-12-31,,1391097216.0,-46.607307,-12.128706,,-3.5625727435646786,0.0,0.0,-2.82,-4.10019,-6.077068786213044,91280000.0,-114949000.0,0.45472,-145231000.0,-0.49939,-3.0802,0.14647172377302958,412966000.0,45428000.0,431876000.0,16037000.0,123080000.0,,18910000.0,0.013593586258747858
"The Andersons, Inc.",ANDE,Consumer Defensive,NASDAQ,US,2024-12-31,,2287311360.0,1.9018092,14.662281,31.38967,19.13770280088622,0.3662,0.011783488,2.13,4.56,2.94000002963534,11257548000.0,190306000.0,0.00214,114012000.0,0.0063300002,0.07452,0.331492820008376,2521478000.0,1731172000.0,2850277000.0,876216000.0,561771000.0,,328799000.0,0.14374912211339694
Andersen Group Inc.,ANDG,Consumer Cyclical,NASDAQ,US,2024-12-31,,2376602368.0,,14.208295,,,0.0,0.0,-1.68,1.50757,,,-50628000.0,0.41272998,-29285000.0,0.069070004,,,,,,,,,,
"Anebulo Pharmaceuticals, Inc.",ANEB,Healthcare,NASDAQ,US,2025-06-30,,20412760.0,2.1118145,-0.77000004,,-8.280297579066556,0.0,0.0,-0.22,-0.65,-0.3176214489065983,0.0,-8359467.0,0.0,-8484763.0,0.0,-1.45109,0.9598465816801717,487688.0,487688.0,11962506.0,,11627849.0,,11474818.0,0.5621394657067442
"Arista Networks, Inc.",ANET,Technology,NASDAQ,US,2024-12-31,,173139116032.0,14.539975,40.894936,52.277565,36.003796894261924,0.0,0.0,2.63,3.36203,1.6454514638876188,7003146000.0,2944616000.0,0.42378,2852054000.0,0.3973,0.31736,0.7116820865056134,4049114000.0,2732222000.0,11910815000.0,,2762357000.0,,7861701000.0,0.04540684497053214
Abercrombie & Fitch Co.,ANF,Consumer Cyclical,NASDAQ,US,2025-01-31,,4596838912.0,3.4007733,9.20883,9.399423,16.88206383360634,0.0,0.0,10.39,10.60504,6.223172628304821,4948587000.0,740820000.0,0.11995,566223000.0,0.10075,0.40890998,0.40474961718386115,1948564000.0,1126944000.0,1673431000.0,951613000.0,772727000.0,,-275133000.0,-0.05985265206526341
American National Group Inc.,ANG-PD,Financial Services,NASDAQ,US,2024-12-31,,,0.65737677,,,,,0.0,,,,9597000000.0,,0.35034,729000000.0,0.079050004,0.07823,0.08208148753103835,111193000000.0,,,3146000000.0,11330000000.0,,,
Anghami Inc.,ANGH,Communication Services,NASDAQ,US,2024-12-31,,21121180.0,0.68509257,,,-1.7717480885789174,0.0,0.0,-10.84,,-5.982792051420678,78093405.0,-61354345.0,-0.75468004,-63554582.0,-0.75413,-1.25852,0.4823994246301999,65434701.0,51009071.0,30749768.0,12296509.0,14150721.0,,-34684933.0,-1.6421872736277046
Anghami Inc.,ANGHW,Unknown,NASDAQ,US,2024-12-31,,,0.0037341958,,,,,0.0,-185.241,,,78093405.0,-61354345.0,-0.75468004,-63554582.0,-0.75413,-1.25852,0.4823994246301999,65434701.0,51009071.0,30749768.0,12296509.0,14150721.0,,-34684933.0,
Angi Inc.,ANGI,Communication Services,NASDAQ,US,2024-12-31,,525454656.0,0.5207876,5.3149266,16.232878,-31.624999046325684,0.0,0.0,0.73,2.22957,-0.8,1185112000.0,21885000.0,0.081999995,36004000.0,0.0334,0.03423,0.5805324091143721,767934000.0,231678000.0,495085000.0,509664000.0,416434000.0,,-272849000.0,-0.5192626935253573
"AngioDynamics, Inc.",ANGO,Healthcare,NASDAQ,US,2025-05-31,,435255584.0,2.4899788,-96.00001,,-1.3600802326201875,0.0,0.0,-0.67,-0.11,-4.587964460814813,292498000.0,-24062000.0,-0.03135,-33993000.0,-0.09017,-0.15263,0.6531283911131418,97174000.0,76197000.0,168324000.0,,55893000.0,,71150000.0,0.1634671733470512
"Angel Studios, Inc.",ANGX,Communication Services,NASDAQ,US,2024-12-31,,571666112.0,18.128342,-4.808511,,,0.0,0.0,-0.66,-0.705,,96516439.0,-88241668.0,-0.43363,-89795494.0,-0.53766,-4.4092402,-0.04436779237179163,94672613.0,80060318.0,52949200.0,14282698.0,7211826.0,,-41723413.0,-0.07298563291434004
"Anika Therapeutics, Inc.",ANIK,Healthcare,NASDAQ,US,2024-12-31,,150845952.0,1.0275049,40.23077,,-4.01383661019134,0.0,0.0,-0.99,0.26,-5.640488537117904,119907000.0,-5101000.0,-0.11622,-56385000.0,-0.29287001,-0.087340005,0.759539311433363,48751000.0,23306000.0,113652000.0,25932000.0,55629000.0,,64901000.0,0.430246878616935
"ANI Pharmaceuticals, Inc.",ANIP,Healthcare,NASDAQ,US,2024-12-31,,1837976448.0,3.3829365,9.787225,51.149998,53.11225701302688,0.0,0.0,1.6,8.36192,1.032153457183687,614376000.0,2218000.0,0.10198,-18522000.0,0.04907,0.08663,0.33382488235152064,855167000.0,193680000.0,527684000.0,624092000.0,144861000.0,,-327483000.0,-0.17817584134788653
"Anixa Biosciences, Inc.",ANIX,Healthcare,NASDAQ,US,2025-10-31,,98803336.0,6.448802,-8.0,,-10.08722804784205,0.0,0.0,-0.34,-0.37,-0.39356699479591195,0.0,-11701000.0,0.0,-10927000.0,0.0,-0.67166,0.9428482587064677,2130000.0,1967000.0,15887000.0,204000.0,1244000.0,,13757000.0,0.1392361893529587
ANJFY,ANJFY,Unknown,NASDAQ,US,,,,,,,,,,,,,,,,,,,,,,,,,,,
ANKAM INC.,ANKM,Technology,NASDAQ,US,2024-11-30,,27348378.0,-81.08108,,,,0.0,0.0,-0.01,,,104450.0,-291154.0,-0.14711,-136846.0,-0.14699,,-1.8136233408689035,502817.0,502817.0,74185.0,499338.0,57.0,,-428632.0,-0.01567303187048241
Adlai Nortye Ltd.,ANL,Healthcare,NASDAQ,US,2024-12-31,,369371680.0,46.55814,-31.777779,,-2.8951851677127833,0.0,0.0,-1.14,-0.315,-2.960086902349869,0.0,-52928000.0,0.0,-51869000.0,0.0,-1.38983,0.3575838361161779,45785000.0,45360000.0,64064000.0,27226000.0,60902000.0,,18279000.0,0.049486739210759204
"AleAnna, Inc.",ANNA,Energy,NASDAQ,US,2024-12-31,,108968480.0,3.098266,,,-70.49398592904576,0.0,0.0,-0.19,,-0.15419754951152928,1420030.0,-6153986.0,0.51035,-12343670.0,-0.47059,-0.11531,0.35959771174147703,33317750.0,2368073.0,31221611.0,1743308.0,28330159.0,,-2096139.0,-0.019236195641161555
"AleAnna, Inc.",ANNAW,Unknown,NASDAQ,US,2024-12-31,,,0.24277456,,,,,0.0,,,,1420030.0,-6153986.0,0.51035,-12343670.0,-0.47059,-0.11531,0.35959771174147703,33317750.0,2368073.0,31221611.0,1743308.0,28330159.0,,-2096139.0,
"Aena S.M.E., S.A.",ANNSF,Industrials,NASDAQ,US,2024-12-31,,48558002176.0,4.749987,,12.744883,15.324070865720783,0.45419997,0.0,2.54,,1.0872093333333332,5784328000.0,2625962000.0,0.53888,1934224000.0,0.33438998,0.25868,0.4875527853187714,8767164000.0,2234385000.0,2803246000.0,7011662000.0,1821283000.0,120972000.0,-5879237600.0,-0.1210765957522412
"Annexon, Inc.",ANNX,Healthcare,NASDAQ,US,2024-12-31,,854090176.0,4.0870185,-4.8199053,,-2.576234519246894,0.0,0.0,-1.41,-1.18882,-1.7739068929940887,0.0,-154073000.0,0.0,-138200000.0,0.0,-0.83985,0.8372730103321897,56966000.0,30512000.0,316461000.0,28972000.0,49498000.0,,259495000.0,0.3038262320441443
Rich Sparkle Holdings Limited,ANPA,Industrials,NASDAQ,US,2024-09-30,,1024750016.0,403.8424,,8198.001,,0.0,0.0,0.01,,,5884401.0,911668.0,0.0,820393.0,0.0,,0.4029960840071078,3775645.0,3063498.0,4044138.0,1176476.0,320161.0,,268493.0,0.00026200829061514256
CelLBxHealth plc,ANPCF,Healthcare,NASDAQ,US,2024-12-31,,32708934.0,0.34515488,,,-1.9179135504472735,0.0,0.0,-0.07,,-0.07716719133291164,2862000.0,-15474000.0,-12.15704,-14225000.0,0.0,-0.87182,0.7243695498468065,7017000.0,3258000.0,16408000.0,4210000.0,10425000.0,,9391000.0,0.28710810324787717
"Alto Neuroscience, Inc.",ANRO,Healthcare,NASDAQ,US,2024-12-31,,472829632.0,3.7067707,-7.1455398,,,0.0,0.0,-2.3,-2.13,,0.0,-68610000.0,0.0,-61431000.0,0.0,-0.45014,0.8530939158058375,26082000.0,10008000.0,169337000.0,16944000.0,168229000.0,,143255000.0,0.3029738203886511
Agriculture & Natural Solutions Acquisition Corporation,ANSC,Financial Services,NASDAQ,US,2024-12-31,,466160032.0,-17.753164,,56.100002,,0.0,0.0,0.2,,,0.0,-10241431.0,0.0,8363892.0,0.0,,0.9381782420647843,22647497.0,10572497.0,273216.0,838405.0,1.0,,-22374281.0,-0.04799699558970341
Agriculture & Natural Solutions Acquisition Corporation,ANSCU,Financial Services,NASDAQ,US,2024-12-31,,,-17.563292,,,,,0.0,,,,0.0,-10241431.0,0.0,8363892.0,0.0,,0.9381782420647843,22647497.0,10572497.0,273216.0,838405.0,1.0,,-22374281.0,
Agriculture & Natural Solutions Acquisition Corporation,ANSCW,Unknown,NASDAQ,US,2024-12-31,,,-0.50632906,,,,,0.0,,,,0.0,-10241431.0,0.0,8363892.0,0.0,,0.9381782420647843,22647497.0,10572497.0,273216.0,838405.0,1.0,,-22374281.0,
Antalpha Platform Holding Compa,ANTA,Financial Services,NASDAQ,US,2024-12-31,,217122672.0,1.9921789,10.54023,19.934782,,0.0,0.0,0.46,0.87,,47454993.0,4855782.0,0.08016,4393471.0,0.16629,0.13385999,0.03697009627754208,1208257985.0,990193495.0,1044029631.0,410093301.0,5926655.0,,-164228354.0,-0.7563851001244126
"AN2 Therapeutics, Inc.",ANTX,Healthcare,NASDAQ,US,2024-12-31,,29868208.0,0.49410698,-1.1978022,,-7.619758810129049,0.0,0.0,-1.13,-0.91,-2.7428689200434557,0.0,-54554000.0,0.0,-51321000.0,0.0,-0.45911998,0.8888225265238308,10238000.0,10238000.0,86262000.0,,21351000.0,5021000.0,79538700.0,2.6629886868338404
"Anvi Global Holdings, Inc.",ANVI,Basic Materials,NASDAQ,US,2025-02-28,,295076992.0,-129.4737,,,-1591.7842458569353,0.0,0.0,-0.0,,-0.0015454355981659024,0.0,-203734.0,0.0,-203734.0,0.0,,-145.5941599946175,2178829.0,2178829.0,14863.0,,1543.0,,-2163966.0,-0.007333563980481406
"Annovis Bio, Inc.",ANVS,Healthcare,NASDAQ,US,2024-12-31,,65992192.0,3.8190184,-2.1842105,,-3.1401962774836236,0.0,0.0,-1.43,-1.14,-6.228909831590739,0.0,-26694928.0,0.0,-24590375.0,0.0,-2.46139,0.6683822559448465,4617987.0,3880987.0,13925633.0,,10551916.0,,9307646.0,0.14104162504558115
Sphere 3D Corp.,ANY,Financial Services,NASDAQ,US,2024-12-31,,6037521.0,0.17810945,-0.55937505,,-1.7101040768020939,0.0,0.0,-0.74,-0.32,-1.9297070845461677,16608000.0,-16328000.0,-1.04537,-9470000.0,-1.6746601,-0.52924,0.9094799666882576,3913000.0,3895000.0,17787000.0,,5425000.0,,13874000.0,2.297963021577896
Alpha One Inc.,AOAO,Communication Services,NASDAQ,US,,,38954460.0,-10.757575,,,,,0.0,-0.974,,,,,-0.13722,,-1.6668601,,,,,,,,,,
Abrdn Total Dynamic Dividend Fund,AOD,Financial Services,NASDAQ,US,2025-10-31,,1066961728.0,1.0069652,,6.4458594,3.9049358492752027,0.7452,0.11770624,1.57,,1.9300000035991312,170999651.0,,0.86833,165043117.0,2.27232,0.15890001,0.9883901049695212,12445580.0,,,8506909.0,65256.0,,,
AOJE,AOJE,Unknown,NASDAQ,US,,,,,,,,,,,,,,,,,,,,,,,,,,,
"Angel Oak Mortgage REIT, Inc. 9",AOMD,Unknown,NASDAQ,US,,,,,,,,,,,,,,,,,,,,,,,,,,,
Alstom SA,AOMFF,Industrials,NASDAQ,US,2025-03-31,,15772741632.0,1.3441346,,48.70588,-19.23124121258458,0.0,0.0,0.68,,-0.8033802726760523,18489000000.0,661000000.0,0.03709,149000000.0,0.01683,0.033299997,0.30255016480656916,24009000000.0,19254000000.0,18614000000.0,3592000000.0,2274000000.0,55000000.0,-5356500000.0,-0.33960487814830137
"Angel Oak Mortgage REIT, Inc. 9",AOMN,Unknown,NASDAQ,US,,,,,,,,,,,,,,,,,,,,,,,,,,,
"Angel Oak Mortgage REIT, Inc.",AOMR,Real Estate,NASDAQ,US,2024-12-31,,222482352.0,0.8422145,6.6304336,11.597404,6.29802527841911,1.6623,0.14578588,0.77,1.34682,1.3517090495385289,51458000.0,,0.78622,28750000.0,0.50863,0.066700004,0.10528251993925374,2030802000.0,,,1770811000.0,40762000.0,305836000.0,,
Aon plc,AON,Financial Services,NASDAQ,US,2024-12-31,,73516457984.0,7.8451343,15.9067955,20.084557,22.80092069771658,0.171,0.008678938,17.03,21.50276,12.507317073170732,15698000000.0,4176000000.0,0.30837,2654000000.0,0.21506001,0.4694,0.1250076585316042,42535000000.0,22995000000.0,23432000000.0,17892000000.0,1085000000.0,,-19103000000.0,-0.25984657753992374
"Artivion, Inc.",AORT,Healthcare,NASDAQ,US,2024-12-31,,1875573888.0,4.2753778,46.907585,,-24.18825128784627,0.0,0.0,-0.23,0.844,-0.7532582284073338,388537000.0,38874000.0,0.10262,-13359000.0,-0.02163,-0.02459,0.3500185654307877,512901000.0,66823000.0,290080000.0,362258000.0,53463000.0,,-222821000.0,-0.11880150466244921
A. O. Smith Corporation,AOS,Industrials,NASDAQ,US,2024-12-31,,11067435008.0,5.9481854,18.124449,20.514288,18.280830646440545,0.35860002,0.017667392,3.85,4.35765,3.627858910554513,,,0.17951,,0.1426,0.29197,0.5813271604938272,1356500000.0,897200000.0,1392900000.0,216700000.0,239600000.0,,36400000.0,0.0032889282813667823
Alpha and Omega Semiconductor Limited,AOSL,Technology,NASDAQ,US,2025-06-30,,635691200.0,1.5081551,68.90323,,-91.14716477984072,0.0,0.0,-3.51,0.31,-0.3924422722765264,696162000.0,-28436000.0,0.12612,-96976000.0,-0.13864,-0.111719996,0.7950590881008757,211971000.0,154507000.0,396162000.0,50908000.0,153079000.0,,184191000.0,0.28974917381269394
"American Outdoor Brands, Inc.",AOUT,Consumer Cyclical,NASDAQ,US,2025-04-30,,116568896.0,0.6826268,27.90909,,-8.871935130956514,0.0,0.0,-0.44,0.33,-0.9445515539446286,222322000.0,-154000.0,0.03656,-77000.0,-0.0269,-0.03194,0.720951472468592,68745000.0,36796000.0,171590000.0,33285000.0,23423000.0,,102845000.0,0.8822679422133328
"Advanced Oxygen Technologies, Inc.",AOXY,Real Estate,NASDAQ,US,2025-06-30,,325014.0,0.78333336,,Infinity,65.29312058661928,0.0,0.0,0.0,,0.0016845572663183915,43445.0,13770.0,0.44123,4138.0,0.06225,0.00722,0.5996649722902362,277463.0,150434.0,58476.0,127029.0,57225.0,,-218987.0,-0.673777129600571
Ampco-Pittsburgh Corporation,AP,Industrials,NASDAQ,US,2024-12-31,,138016176.0,2.285426,29.521738,,-1.3461876424334374,0.0,0.0,-0.27,0.23,-2.035377478717439,418305000.0,8007000.0,0.043080002,438000.0,-0.01244,-0.04081,0.11091249510261897,459805000.0,125216000.0,236787000.0,133172000.0,15427000.0,,-223018000.0,-1.615883054171853
APA Corporation,APA,Energy,NASDAQ,US,2024-12-31,,9824816128.0,1.6372526,12.808731,6.569378,3.5538959910698407,0.2392,0.03776435,4.18,2.14385,9.239482200647249,9737000000.0,3199000000.0,0.27281,804000000.0,0.16093999,0.27427998,0.2723053120165034,13028000000.0,2955000000.0,3404000000.0,6162000000.0,625000000.0,,-9624000000.0,-0.9795603169175158
Appia Rare Earths & Uranium Corp.,APAAF,Energy,NASDAQ,US,2025-09-30,,26307410.0,1.1498873,,Infinity,-7.087894493760188,0.0,0.0,0.0,,-0.00945273687805502,0.0,-943977.0,0.0,-766417.0,0.0,-0.02987,0.86632575838142,4232647.0,1182647.0,1475317.0,,1304851.0,,-2757330.0,-0.10481191420972266
StoneBridge Acquisition II Corporation,APAC,Financial Services,NASDAQ,US,2024-12-31,,80987208.0,-402.40002,,,,,0.0,,,,,,0.0,,0.0,,0.1966763690516483,71205.0,71205.0,1908.0,44925.0,1908.0,,-69297.0,-0.0008556536484132161
StoneBridge Acquisition II Corporation,APACR,Unknown,NASDAQ,US,,,,-5.772,,,,,0.0,,,,,,0.0,,0.0,,,,,,,,,,
StoneBridge Acquisition II Corporation,APACU,Financial Services,NASDAQ,US,2024-12-31,,,-407.0,,,,,0.0,,,,,,0.0,,0.0,,0.1966763690516483,71205.0,71205.0,1908.0,44925.0,1908.0,,-69297.0,
A Paradise Acquisition Corp.,APAD,Financial Services,NASDAQ,US,2024-12-31,,274302688.0,1.409951,,201.20001,,0.0,0.0,0.05,,,0.0,-75562.0,0.0,-75562.0,0.0,0.01429,-9.54352222706904,265876.0,265876.0,2400.0,235806.0,,,-263476.0,-0.0009605301425263466
A Paradise Acquisition Corp.,APADR,Unknown,NASDAQ,US,,,0.0,0.037687454,,,,,0.0,,,,,,0.0,,0.0,0.01429,,,,,,,,,
A Paradise Acquisition Corp.,APADU,Financial Services,NASDAQ,US,2024-12-31,,,1.4393834,,,,,0.0,,,,0.0,-75562.0,0.0,-75562.0,0.0,0.01429,-9.54352222706904,265876.0,265876.0,2400.0,235806.0,,,-263476.0,
Artisan Partners Asset Management Inc.,APAM,Financial Services,NASDAQ,US,2024-12-31,,3179229952.0,6.6529045,10.486926,11.14074,10.789124707228256,0.77279997,0.07447528,4.05,4.3025,3.6896022727272726,,,0.39195,,0.24258,0.49311,0.2402610399590797,868837000.0,501398000.0,409408000.0,300707000.0,268218000.0,193779000.0,-323783700.0,-0.10184343532505824
APC,APC,Unknown,NASDAQ,US,,,,,,,,,,,,,,,,,,,,,,,,,,,
AppTech Payments Corp.,APCX,Technology,NASDAQ,US,2024-12-31,,15005795.0,9.268292,-1.117647,,-1.8574653786245667,0.0,0.0,-0.21,-0.34,-0.9690624509239386,276000.0,-9547000.0,-6.9207,-8933000.0,0.0,-5.10195,0.6083908301802804,3519000.0,3440000.0,2420000.0,147000.0,868000.0,,-1099000.0,-0.07323837224219043
AppTech Payments Corp.,APCXW,Unknown,NASDAQ,US,2024-12-31,,,2.195122,,,,,0.0,,,,276000.0,-9547000.0,-6.9207,-8933000.0,0.0,-5.10195,0.6083908301802804,3519000.0,3440000.0,2420000.0,147000.0,868000.0,,-1099000.0,
"Air Products and Chemicals, Inc.",APD,Basic Materials,NASDAQ,US,2025-09-30,,63038365696.0,4.0903835,20.194742,,16.82238121584761,1.0099,0.025255732,-1.47,14.01949,17.18222621184919,12037300000.0,2889000000.0,0.24280001,-394500000.0,-0.02733,-0.01667,0.3659299309538596,23709700000.0,4218600000.0,5825800000.0,18406200000.0,1856000000.0,,-17883900000.0,-0.28369866195840787
"American Public Education, Inc.",APEI,Consumer Defensive,NASDAQ,US,2024-12-31,,811836992.0,2.9055016,16.443224,34.267178,-3.7781849690804257,0.0,0.0,1.31,2.73,-2.5991315341065246,624559000.0,38782000.0,0.0842,16113000.0,0.04875,0.11201999,0.5330247341269911,266224000.0,79155000.0,260572000.0,200622000.0,131926000.0,,-5652000.0,-0.00696198874367134
APEX,APEX,Unknown,NASDAQ,US,,,,,,,,,,,,,,,,,,,,,,,,,,,
APi Group Corporation,APG,Industrials,NASDAQ,US,2024-12-31,,19163643904.0,5.6430116,26.689003,123.47222,53.42026102776621,0.0,0.0,0.36,1.66548,0.4340425531914894,7018000000.0,484000000.0,0.08969,250000000.0,0.03553,0.087139994,0.3622423945044161,5199000000.0,1885000000.0,2658000000.0,3035000000.0,499000000.0,,-2541000000.0,-0.13259482448792637
"Apogee Therapeutics, Inc.",APGE,Healthcare,NASDAQ,US,2024-12-31,,4252251392.0,6.2964087,-12.744645,,-8.938183567622016,0.0,0.0,-4.38,-4.88362,-3.358624292133489,0.0,-216870000.0,0.0,-182146000.0,0.0,-0.38414,0.9507169564069814,37157000.0,28560000.0,529713000.0,11831000.0,141789000.0,210416000.0,639847200.0,0.15047257111933235
Apollo Silver Corp.,APGOF,Basic Materials,NASDAQ,US,2024-11-30,,222634080.0,25.76689,,,-3.602054919650036,0.0,0.0,-0.48,,-0.11882106537704445,0.0,-3079776.0,0.0,-2993870.0,0.0,-1.30739,0.9713569662223991,404322.0,350888.0,13929345.0,113421.0,13684047.0,,13525023.0,0.06075001185802281
Amphenol Corporation,APH,Technology,NASDAQ,US,2024-12-31,,166753075200.0,12.447916,26.465118,40.787426,31.498055830832833,0.22309999,0.005837186,3.34,5.14753,1.5533354817918144,15222700000.0,3284300000.0,0.2749,2424000000.0,0.1849,0.36851,0.4567121575358439,11584100000.0,4083800000.0,9686000000.0,6886100000.0,3317000000.0,,-1898100000.0,-0.011382698626237989
"Apogee 21 Holdings, Inc.",APHD,Consumer Defensive,NASDAQ,US,,,9009544.0,-0.090252705,,,,0.0,0.0,-2.0,,,,,-0.69888,,0.0,,,,,,,,,,
American Picture House Corporation,APHP,Communication Services,NASDAQ,US,2024-12-31,,8411000.0,,,,-22.32727805140271,0.0,0.0,-0.01,,-0.013122961606051078,52677.0,-2226103.0,0.0,-2270258.0,0.0,,-0.014209131275941126,1190002.0,1040102.0,63389.0,604397.0,0.0,,-1126613.0,-0.13394519082154321
"Agora, Inc.",API,Technology,NASDAQ,US,2024-12-31,,390117504.0,0.68167406,-47.77778,61.428574,-2.99179949462997,0.0,0.0,0.07,-0.09,-0.8757270967729498,133256000.0,-53311000.0,-0.04551,-42727000.0,0.03471,0.00834,0.8184917116174566,126993000.0,58335000.0,328050000.0,50140000.0,27083000.0,96900000.0,268887000.0,0.6892461815812294
Applied Digital Corporation,APLD,Technology,NASDAQ,US,2025-05-31,,9771525120.0,6.7289186,-39.05028,,-3.530177523391261,0.0,0.0,-0.39,-0.895,-1.3087160220545748,144193000.0,-40323000.0,-0.24455,-231065000.0,-0.47352,-0.07897,0.3388740648845778,1236365000.0,558144000.0,430593000.0,702877000.0,41552000.0,,-805772000.0,-0.08246123200878595
"Apple Hospitality REIT, Inc.",APLE,Real Estate,NASDAQ,US,2024-12-31,,2881796352.0,0.90281385,16.432432,16.432432,18.746465053261428,1.2973,0.080267556,0.74,0.74,0.7739492170636946,1431468000.0,276070000.0,0.1975,214064000.0,0.123730004,0.054130003,0.6571250643873543,1704061000.0,203524000.0,95604000.0,1583037000.0,10253000.0,,-1608457000.0,-0.5581438809455471
"Apollomics, Inc.",APLM,Healthcare,NASDAQ,US,2024-12-31,,41259448.0,-4.829403,-29.615385,,-0.4004472809268423,0.0,0.0,-26.64,-0.65,-231.99059139784947,0.0,-42033000.0,-1.248,-53858000.0,0.0,-3.8013299,0.37135440525271035,8234000.0,7399000.0,10267000.0,966000.0,9766000.0,,2033000.0,0.049273562748585485
"Apollomics, Inc.",APLMW,Unknown,NASDAQ,US,2024-12-31,,39584884.0,-0.0035624686,,,,,0.0,,,,0.0,-42033000.0,,-53858000.0,,,0.37135440525271035,8234000.0,7399000.0,10267000.0,966000.0,9766000.0,,2033000.0,0.05135798806433284
"Apellis Pharmaceuticals, Inc.",APLS,Healthcare,NASDAQ,US,2024-12-31,,2972077312.0,7.4077578,-18.0,65.25,-14.105455929890033,0.0,0.0,0.36,-1.305,-4.45430492593404,781367000.0,-164979000.0,0.48668,-197878000.0,0.044260003,0.14096,0.2582212776438872,656512000.0,185509000.0,788954000.0,469784000.0,411290000.0,,132442000.0,0.04456209785164566
"Applied Therapeutics, Inc.",APLT,Healthcare,NASDAQ,US,2024-12-31,,14862969.0,-25.749998,-0.2575,,-2.1806227579955326,0.0,0.0,-0.1,-0.4,-1.421612194620102,455000.0,-104299000.0,-17.967,-105624000.0,0.0,-6.8047304,0.6575769110980378,29685000.0,27296000.0,83646000.0,2795000.0,79398000.0,,53961000.0,3.630566678837855
Aptorum Group Limited,APM,Healthcare,NASDAQ,US,2024-12-31,,6576084.0,0.2560241,-1.137324,,-3.9854966702447716,0.0,0.0,-0.31,-0.71,-0.6247652966634691,0.0,-3002298.0,0.0,-4267806.0,0.0,,1.3102431379900947,4353162.0,4338980.0,959554.0,3354907.0,874238.0,,-3393608.0,-0.5160530187874729
Morien Resources Corp.,APMCF,Energy,NASDAQ,US,2024-12-31,,9534908.0,-53.1397,,,-63.04634526039105,0.0,0.0,-0.01,,-0.006016209134991397,82367.0,-878293.0,-35.13708,-613200.0,0.0,-14.975341,0.2204344460730225,946720.0,41512.0,1123045.0,,477416.0,91375.0,240287.5,0.025200819976448647
"Apollo Global Management, Inc.",APO,Financial Services,NASDAQ,US,2024-12-31,,77213614080.0,3.5516338,14.494286,19.392128,10.68932342680464,0.28350002,0.015862944,6.86,9.1781,8.568760611205432,26114000000.0,8299000000.0,0.29920998,4577000000.0,0.15777001,0.16549,0.04565553923708967,346915000000.0,269615000000.0,215704000000.0,10588000000.0,16166000000.0,1524000000.0,-130144200000.0,-1.6855084631210155
"Apollo Global Management, Inc.",APO-PA,Financial Services,NASDAQ,US,2024-12-31,,,1.8394916,,,,,0.030665439,,,,26114000000.0,8299000000.0,0.29920998,4577000000.0,0.15777001,0.16549,0.04565553923708967,346915000000.0,269615000000.0,215704000000.0,10588000000.0,16166000000.0,1524000000.0,-130144200000.0,
"Apogee Enterprises, Inc.",APOG,Industrials,NASDAQ,US,2025-02-28,,898941888.0,1.7533776,13.169131,22.347593,12.025278588368002,0.5561,0.025603151,1.87,3.17333,4.509211896247341,1360994000.0,118110000.0,0.08687,85052000.0,0.02859,0.07734,0.41513730048184716,687371000.0,285456000.0,442104000.0,351922000.0,41448000.0,,-245267000.0,-0.2728396610215587
"Apollo Global Management, Inc. ",APOS,Unknown,NASDAQ,US,,,,,,,,,,,,,,,,,,,,,,,,,,,
AppLovin Corporation,APP,Communication Services,NASDAQ,US,2024-12-31,,137573007360.0,93.41295,29.170235,48.07565,41.431682954453294,0.0,0.0,8.46,13.94298,0.9837881402583021,4709248000.0,1873459000.0,0.76795,1579776000.0,0.44879,2.41886,0.1856823834150103,4779441000.0,1057472000.0,2312190000.0,3556405000.0,741411000.0,,-2467251000.0,-0.017934121288369572
"AppFolio, Inc.",APPF,Technology,NASDAQ,US,2025-12-31,,6468290048.0,11.90705,22.584505,46.320877,44.561683864448824,0.0,0.0,3.88,7.95789,5.548039802077103,950822000.0,152917000.0,0.17557,140923000.0,0.14821,0.26542,0.7875253822026309,146388000.0,106847000.0,353314000.0,38160000.0,106967000.0,77033000.0,260849100.0,0.04032736597528658
Appian Corporation,APPN,Technology,NASDAQ,US,2024-12-31,,1866345600.0,-38.31307,32.74919,,-25.497569672908895,0.0,0.0,-0.1,0.76979,-1.5244589751306394,617022000.0,-60853000.0,0.07013,-92262000.0,-0.01058,,-0.05255708578688295,653679000.0,354756000.0,435543000.0,314991000.0,118552000.0,,-218136000.0,-0.11687867456059585
"Digital Turbine, Inc.",APPS,Technology,NASDAQ,US,2025-03-31,,497584736.0,2.5522754,6.6400003,,-0.6295498835021187,0.0,0.0,-0.45,0.625,-4.161703391928695,490506000.0,-54075000.0,0.14324,-92099000.0,-0.09083,-0.27482998,0.189404247257195,658896000.0,222526000.0,242779000.0,418188000.0,40084000.0,,-416117000.0,-0.8362736432493781
"Aprea Therapeutics, Inc.",APRE,Healthcare,NASDAQ,US,2024-12-31,,4825748.0,0.3780822,-0.92617446,,-0.9470204582831951,0.0,0.0,-2.12,-0.745,-3.9492283158452537,0.0,-14319655.0,-1686.8983,-12958711.0,0.0,-0.74724,0.8051652718429034,4672038.0,3360975.0,23576139.0,,22849885.0,,18904101.0,3.9173411044256765
Aqua Power Systems Inc.,APSI,Industrials,NASDAQ,US,2022-03-31,,334277.0,0.017149162,,,-79.58256834629516,0.0,0.0,-0.0,,-0.0013193843690096569,0.0,-99222.0,-0.09175,554911.0,0.22874,,0.5951725067904683,63045.0,63045.0,132504.0,30055.0,130778.0,,69459.0,0.2077887500486124
"Alpha Pro Tech, Ltd.",APT,Industrials,NASDAQ,US,2024-12-31,,51385908.0,0.81565535,4.275862,14.588235,14.802755336868476,0.0,0.0,0.34,1.16,0.35331260296165196,57840000.0,3449000.0,0.074200004,3929000.0,0.06227,0.059070002,0.8439423937511865,11508000.0,3123000.0,50639000.0,8775000.0,18636000.0,,39131000.0,0.7615122807599313
Aptose Biosciences Inc.,APTOF,Healthcare,NASDAQ,US,2024-12-31,,4134935.0,-0.21259843,-2.4179103,2.347826,-0.32581309306232076,0.0,0.0,0.69,-0.67,-227.43100278031926,0.0,-26257000.0,0.0,-25430000.0,0.0,,-0.4486027451367631,14670000.0,4459000.0,9530000.0,10639000.0,6152000.0,,-5140000.0,-1.2430666987510082
Aptiv PLC,APTV,Consumer Cyclical,NASDAQ,US,2024-12-31,,17939052544.0,1.9227446,8.686144,109.84,8.710739940542036,0.0,0.0,0.75,9.48407,10.386029411764707,19713000000.0,2035000000.0,0.08946,1787000000.0,0.008090001,0.01948,0.3749680279648734,14373000000.0,5131000000.0,7826000000.0,8888000000.0,1573000000.0,,-6547000000.0,-0.3649579588410174
APUR,APUR,Unknown,NASDAQ,US,,,,,,,,,,,,,,,,,,,,,,,,,,,
"Apimeds Pharmaceuticals US, Inc.",APUS,Healthcare,NASDAQ,US,2024-12-31,,20373092.0,2.4961479,,,,0.0,0.0,-0.41,,,0.0,-1275095.0,0.0,-1389990.0,0.0,,-104.01478134334074,1371178.0,1024334.0,13057.0,596844.0,3455.0,,-1358121.0,-0.06666248795224602
Aptevo Therapeutics Inc.,APVO,Healthcare,NASDAQ,US,2024-12-31,,10462633.0,0.29554477,-0.23263904,0.0008636023,-0.20994663529880536,0.0,0.0,7758.2,-28.79998,-527606.0606060605,0.0,-24602000.0,0.0,-24130000.0,0.0,-2.42738,0.3049836444102367,10836000.0,6207000.0,10659000.0,4629000.0,8714000.0,,-177000.0,-0.016917347669558897
Asia Pacific Wire & Cable Corporation Limited,APWC,Industrials,NASDAQ,US,2024-12-31,,35729412.0,0.21210977,,12.035714,7.058921823841921,0.0,0.0,0.14,,0.18274744982951605,472672000.0,9692000.0,0.0296,3486000.0,0.00559,0.024820002,0.4559465662331548,124495000.0,108022000.0,271661000.0,31043000.0,34035000.0,3069000.0,149314300.0,4.179030430167728
APXC,APXC,Unknown,NASDAQ,US,,,,,,,,,,,,,,,,,,,,,,,,,,,
Apex Critical Metals Corp.,APXCF,Basic Materials,NASDAQ,US,2025-07-31,,167129136.0,8.77168,,,-11.351133534976267,0.0,0.0,-0.09,,-0.02370388870117087,0.0,-4359020.0,0.0,-4089117.0,0.0,-0.51834,0.8607427836501196,1336460.0,1336460.0,6216707.0,,5542504.0,,4880247.0,0.02920045610718648
Apex Treasury Corporation Class A Ordinary Share,APXT,Financial Services,NASDAQ,US,,,459140384.0,-2497.4998,,,,,0.0,,,,,,0.0,,0.0,,,,,,,,,,
Apex Treasury Corporation,APXTU,Financial Services,NASDAQ,US,,,,-2537.4998,,,,,0.0,,,,,,0.0,,0.0,,,,,,,,,,
Apex Treasury Corporation,APXTW,Financial Services,NASDAQ,US,,,,-57.5,,,,,0.0,,,,,,0.0,,0.0,,,,,,,,,,
"AppYea, Inc.",APYP,Technology,NASDAQ,US,2024-12-31,,12616285.0,-1.5384614,,,-2.491540441314959,0.0,0.0,-0.01,,-0.007063902962515763,29000.0,-1824000.0,-118.5,-4032000.0,0.0,,-10.722077922077922,4527000.0,1666000.0,131000.0,4245000.0,79000.0,,-4396000.0,-0.3484385458952457
Apyx Medical Corporation,APYX,Healthcare,NASDAQ,US,2024-12-31,,159194944.0,25.032259,-10.430107,,-4.939921051752737,0.0,0.0,-0.36,-0.372,-0.5404944832765294,48102000.0,-18845000.0,-0.06461,-23463000.0,-0.30354,-1.6813099,0.21914808303260233,50507000.0,10721000.0,56440000.0,38764000.0,31741000.0,,5933000.0,0.037268771550935685
"AquaBounty Technologies, Inc.",AQB,Consumer Defensive,NASDAQ,US,2024-12-31,,3183587.0,0.260057,-0.36008772,,-0.40872563286407915,0.0,0.0,-21.27,-2.28,-7.168623230761667,0.0,-9524240.0,142.9355,-149192660.0,0.0,-1.4626601,0.46505795143286327,18221088.0,16201548.0,11342289.0,3280579.0,230362.0,,-6878799.0,-2.160707089204724
"Aqua Metals, Inc.",AQMS,Industrials,NASDAQ,US,2024-12-31,,14220434.0,1.3524241,-2.98125,,-3.217648759294845,0.0,0.0,-27.92,-1.6,-50.96889445320967,0.0,-20767000.0,0.0,-24555000.0,0.0,-1.87082,0.616119855869524,10121000.0,8182000.0,4644000.0,4271000.0,4079000.0,,-5477000.0,-0.3851499890931599
Algonquin Power & Utilities Corp.,AQN,Utilities,NASDAQ,US,2024-12-31,,4988685312.0,1.117809,17.820858,92.71428,139.5203209179408,3.7143,0.03981623,0.07,0.36418,0.04151060583529095,2319538000.0,449572000.0,0.25073,-1380517000.0,-0.01115,0.00147,0.27756139885744147,10780484000.0,1497410000.0,1135090000.0,6698773000.0,34842000.0,2058000.0,-9643953400.0,-1.93316531247261
Algonquin Power & Utilities Cor,AQNB,Unknown,NASDAQ,US,,,,,,,,,,,,,,,,,,,,,,,,,,,
"Aquestive Therapeutics, Inc.",AQST,Healthcare,NASDAQ,US,2024-12-31,,501432800.0,-120.88235,-7.8037486,,-15.566928589580687,0.0,0.0,-0.7,-0.52667,-0.12847749564025412,57561000.0,-30771000.0,-0.89631,-44137000.0,-1.58949,,-0.5931140558447705,161580000.0,18865000.0,88220000.0,38004000.0,71546000.0,,-73360000.0,-0.14630076054059488
Aquaron Acquisition Corp.,AQUC,Financial Services,NASDAQ,US,2024-12-31,,20945670.0,-3.2121053,,,61.782690385806426,0.0,0.0,-0.39,,0.17286395653027986,0.0,-904877.0,0.0,-357114.0,0.0,,0.4050878324419802,5644532.0,3118636.0,232394.0,1709626.0,7830.0,,-5412138.0,-0.2583893472970786
Aquaron Acquisition Corp.,AQUNR,Unknown,NASDAQ,US,,,,-0.07963897,,,,,0.0,,,,,,0.0,,0.0,,,,,,,,,,
Aquaron Acquisition Corp.,AQUNU,Financial Services,NASDAQ,US,2024-12-31,,,-3.2094505,,,,,0.0,,,,0.0,-904877.0,0.0,-357114.0,0.0,,0.4050878324419802,5644532.0,3118636.0,232394.0,1709626.0,7830.0,,-5412138.0,
Antero Resources Corporation,AR,Energy,NASDAQ,US,2024-12-31,,10603492352.0,1.4429051,10.030672,18.185184,36.01197206251819,0.0,0.0,1.89,3.42649,0.636732702818063,4118695000.0,52492000.0,0.111999996,57226000.0,0.11788999,0.08578,0.5397096859735359,5793517000.0,1445927000.0,507546000.0,4033461000.0,,,-5285971000.0,-0.4985122660085642
Arrive AI Inc.,ARAI,Technology,NASDAQ,US,2024-12-31,,47898744.0,10.144928,,,,0.0,0.0,-0.3,,,0.0,-4554203.0,-221.51424,-4537901.0,0.0,-5.1938,-0.9953299695886162,1970963.0,1960405.0,617262.0,19082.0,129318.0,,-1353701.0,-0.028261722269794797
Accuray Incorporated,ARAY,Healthcare,NASDAQ,US,2025-06-30,,70271504.0,1.402715,-20.666668,,-11.315977886858843,0.0,0.0,-0.31,-0.03,-0.15818340931292738,458505000.0,7839000.0,0.03734,-1591000.0,-0.081520006,-0.70322,0.17261222484736485,389070000.0,192579000.0,317465000.0,176377000.0,57416000.0,,-71605000.0,-1.0189763406800003
ARB IOT Group Limited,ARBB,Technology,NASDAQ,US,2024-06-30,,9797171.0,0.20349853,,,-0.2599755902832839,0.0,0.0,-10.23,,-31.156772728714703,,,-0.15165,,-0.36169997,-0.31421,0.9676339038788664,8832621.0,1584636.0,70718976.0,138899.0,33361224.0,,61886355.0,6.3167576640236245
Arbe Robotics Ltd.,ARBE,Technology,NASDAQ,US,2024-12-31,,146895744.0,2.660754,-4.0,,-3.793154462790391,0.0,0.0,-0.47,-0.3,-0.603719143081881,768000.0,-49653000.0,-45.3189,-49317000.0,0.0,-1.42361,0.3700791287610838,38291000.0,36406000.0,57631000.0,32622000.0,13488000.0,,19340000.0,0.13165800092887647
Arbe Robotics Ltd.,ARBEW,Unknown,NASDAQ,US,2024-12-31,,,0.21175165,,,,,0.0,-1.342,,,768000.0,-49653000.0,-45.3189,-49317000.0,0.0,-1.42361,0.3700791287610838,38291000.0,36406000.0,57631000.0,32622000.0,13488000.0,,19340000.0,
Argo Blockchain plc,ARBK,Financial Services,NASDAQ,US,2024-12-31,,1127696.0,-0.030082416,-13.52,,-1282.1317912151553,0.0,0.0,-64.8,-0.25,-0.6873552589017636,48515000.0,-12932000.0,-0.89603996,-55102000.0,-1.06846,,-1.5310520303250597,48743000.0,9439000.0,11711000.0,40161000.0,8626000.0,300000.0,-36822000.0,-32.652416963436956
ArcBest Corporation,ARCB,Industrials,NASDAQ,US,2024-12-31,,2520334080.0,1.9311773,15.553759,42.732826,12.659799645847366,0.1832,0.004377565,2.62,7.19826,7.303094960469434,,,-0.00147,,0.014989999,0.04605,0.5409495948316912,1115369000.0,665985000.0,675642000.0,413476000.0,127444000.0,,-439727000.0,-0.17447171130582814
Ares Capital Corporation,ARCC,Financial Services,NASDAQ,US,2025-12-31,,13865020416.0,0.9683081,10.037061,10.38172,8.22525188832026,1.0323,0.102182,1.86,1.92387,2.4391025641025643,1451000000.0,,0.75284,1299000000.0,0.42562,0.09388,0.45839603009444535,16917000000.0,,,15991000000.0,638000000.0,29485000000.0,,
ARCI,ARCI,Unknown,NASDAQ,US,,,,,,,,,,,,,,,,,,,,,,,,,,,
Archimedes Tech SPAC Partners III Co.,ARCIU,Financial Services,NASDAQ,US,,,,-1116.6667,,,,,0.0,,,,,,0.0,,0.0,,,,,,,,,,
Arcos Dorados Holdings Inc.,ARCO,Consumer Cyclical,NASDAQ,US,2024-12-31,,1801169152.0,2.4186704,12.654669,7.3076925,14.013014783346204,0.2051,0.028070174,1.17,0.67564,0.8606161512955541,4470162000.0,324515000.0,0.12339,148759000.0,0.053850003,0.39028,0.17564492676967242,2383225000.0,765924000.0,468403000.0,1720287000.0,135064000.0,,-1914822000.0,-1.0630994861719685
Arcturus Therapeutics Holdings Inc.,ARCT,Healthcare,NASDAQ,US,2024-12-31,,215096112.0,0.91813225,-2.8463356,,-29.534909756261825,0.0,0.0,-2.46,-2.65956,-1.1163061439086677,138389000.0,-95669000.0,-0.96274,-80941000.0,-0.68349,-0.27427998,0.700376959272704,103091000.0,65489000.0,305979000.0,28550000.0,237028000.0,,202888000.0,0.9432434557441001
ArcelorMittal South Africa Limited,ARCXF,Basic Materials,NASDAQ,US,2024-12-31,,85206832.0,1.1785638,,,-0.014217000071543685,0.0,0.0,-0.31,,-3.5169164024368644,38596000000.0,-3789000000.0,0.0,-5839000000.0,0.0,,0.07870574555952047,22978000000.0,15272000000.0,16079000000.0,8886000000.0,3594000000.0,,-6899000000.0,-80.96768578369397
"Ares Dynamic Credit Allocation Fund, Inc.",ARDC,Financial Services,NASDAQ,US,2024-12-31,,317984448.0,,,10.656,4.6034700355180656,1.108,0.0,1.25,,2.4600000078577513,41197000.0,,0.0,37980000.0,0.0,,0.6012224341616295,230178000.0,,,106932000.0,5401000.0,553706000.0,,
"Aridis Pharmaceuticals, Inc.",ARDS,Healthcare,NASDAQ,US,2022-12-31,,8914.0,-0.000754717,-0.002222222,,-0.637987455344038,0.0,0.0,-0.02,-0.09,-3.4326694653259135,0.0,-29993000.0,-2.08393,-30371000.0,-0.05108,,-1.6489962572303505,38927000.0,36898000.0,11626000.0,6130000.0,4876000.0,,-27301000.0,-3062.7103432802332
"Ardent Health, Inc.",ARDT,Healthcare,NASDAQ,US,2024-12-31,,1280097792.0,1.0336454,6.6081247,6.04054,,0.0,0.0,1.48,1.35288,,5966072000.0,405762000.0,0.01044,210343000.0,0.032420002,0.19662,,3433743000.0,945424000.0,1832751000.0,2282189000.0,556785000.0,,-1600992000.0,-1.250679448090166
"Ardelyx, Inc.",ARDX,Healthcare,NASDAQ,US,2024-12-31,,1778571904.0,11.527559,38.093258,,-21.313313166840427,0.0,0.0,-0.23,0.19216,-0.3012201822418805,333615000.0,-27950000.0,0.04231,-39136000.0,-0.14199,-0.36181,0.3976762118075795,262465000.0,77830000.0,356452000.0,153438000.0,64932000.0,,93987000.0,0.052844082259830866
"Alexandria Real Estate Equities, Inc.",ARE,Real Estate,NASDAQ,US,2025-12-31,,9687490560.0,0.61622924,-698.75006,,48.29215219282931,6.8946996,0.08487486,-8.44,-0.08,1.8768357247880236,2945175000.0,555045000.0,0.2274,-1429570000.0,-0.47384998,-0.05856,0.45390953861492495,14925399000.0,2182600000.0,939781000.0,12761098000.0,549062000.0,,-13985618000.0,-1.4436781035686501
"American Rebel Holdings, Inc.",AREB,Consumer Cyclical,NASDAQ,US,2024-12-31,,3867860.0,0.008457653,36.000004,,-0.18574861681426505,0.0,0.0,-1373.71,0.03,-149718.47692307693,11420268.0,-12220115.0,-1.96013,-17604364.0,0.0,,-0.7627141731413927,17638097.0,15265907.0,6325679.0,10812357.0,287546.0,,-11312418.0,-2.924722714886268
"American Rebel Holdings, Inc.",AREBW,Unknown,NASDAQ,US,2024-12-31,,,-0.0055054147,,,,,0.0,,,,11420268.0,-12220115.0,,-17604364.0,,,-0.7627141731413927,17638097.0,15265907.0,6325679.0,10812357.0,287546.0,,-11312418.0,
American Resources Corporation,AREC,Basic Materials,NASDAQ,US,2024-12-31,,316992512.0,-3.2782516,-27.954546,,-2.9168679559051562,0.0,0.0,-0.41,-0.11,-0.5108218925441106,383234.0,-32390470.0,-26200.805,-39250992.0,0.0,,-0.38611452684033426,286923743.0,84802847.0,11325039.0,220514712.0,604485.0,,-275598704.0,-0.8694170794797828
"The Arena Group Holdings, Inc.",AREN,Communication Services,NASDAQ,US,2024-12-31,,156162304.0,-15.091743,4.012195,4.386667,-0.9117149721889822,0.0,0.0,0.75,0.82,-2.4898132093590135,125907000.0,9067000.0,0.31905,-100710000.0,0.88508004,,-1.1201182618261827,246680000.0,122256000.0,40234000.0,123695000.0,4362000.0,,-206446000.0,-1.321996376282973
Ares Management Corporation,ARES,Financial Services,NASDAQ,US,2024-12-31,,42741907456.0,9.53934,16.829771,76.74118,46.945766528122206,2.6353,0.0,1.7,7.75174,2.4228313805981,3884781000.0,946090000.0,0.17029,463742000.0,0.09415,0.13579,0.14240484404870732,18060118000.0,4332061000.0,4246259000.0,13147967000.0,2735465000.0,,-13813859000.0,-0.3231923847624364
Ares Management Corp,ARES-PB,Unknown,NASDAQ,US,2024-12-31,,,,,,,,,,,,3884781000.0,946090000.0,,463742000.0,,,0.14240484404870732,18060118000.0,4332061000.0,4246259000.0,13147967000.0,2735465000.0,,-13813859000.0,
argenx SE,ARGX,Healthcare,NASDAQ,US,2024-12-31,,50215292928.0,8.142265,26.102709,34.692177,-73.68277381030971,0.0,0.0,23.39,31.086813,-5.161043472091546,2190231000.0,-17844000.0,0.30396998,833040000.0,0.41627,,0.8864592499631602,704239000.0,669916000.0,4883103000.0,39053000.0,1499936000.0,14880000.0,4189280000.0,0.0834263778169471
"Arhaus, Inc.",ARHS,Consumer Cyclical,NASDAQ,US,2024-12-31,,1565805184.0,3.9098275,22.211996,21.346155,13.03650569755665,0.0,0.0,0.52,0.49973,0.8939466196827489,1271107000.0,85803000.0,0.047620002,68550000.0,0.05396,0.20376,0.2849543569015084,862571000.0,402451000.0,531043000.0,499499000.0,197511000.0,,-331528000.0,-0.21173004367828174
"Apollo Commercial Real Estate Finance, Inc.",ARI,Real Estate,NASDAQ,US,2024-12-31,,1500593280.0,0.80584985,11.476786,12.272728,23.49403018724173,1.1364,0.09328358,0.88,0.94103,0.41142745543808257,195662000.0,,0.44807997,-119636000.0,0.51308995,0.07408,0.22284500042857527,6537110000.0,,,6390203000.0,317396000.0,,,
ARK 21Shares Bitcoin ETF,ARKB,Unknown,NASDAQ,US,,,,,,,,,,,,,,,,,,,,,,,,,,,
Arko Corp.,ARKO,Consumer Cyclical,NASDAQ,US,2024-12-31,,748609152.0,2.73251,132.79999,60.363636,27.23902710704531,1.0909,0.01826484,0.11,0.05,0.28735420760001673,8731962000.0,94026000.0,0.02248,20845000.0,0.00236,0.04936,0.10408771002397907,3243792000.0,445490000.0,722208000.0,2583438000.0,261758000.0,,-2521584000.0,-3.3683584995765585
Ark Restaurants Corp.,ARKR,Consumer Cyclical,NASDAQ,US,2025-09-30,,25026736.0,0.7647383,,,-10.804599871625646,0.0,0.0,-3.18,,-1.0810210876803552,165751000.0,-1332000.0,-0.04614,-11466000.0,-0.069180004,-0.24191,0.24513306817075273,101389000.0,23220000.0,17843000.0,85741000.0,11324000.0,,-83546000.0,-3.338269920616096
"American Realty Investors, Inc.",ARL,Real Estate,NASDAQ,US,2024-12-31,,282660768.0,0.46645522,,48.61111,70.78730290110265,0.0,0.0,0.36,,0.2456655173590115,47318000.0,-6641000.0,-0.1125,-14703000.0,0.117410004,0.00861,0.5827089800368318,230532000.0,35343000.0,358023000.0,185398000.0,19918000.0,,127491000.0,0.4510388933776618
"Arlo Technologies, Inc.",ARLO,Industrials,NASDAQ,US,2024-12-31,,1314304128.0,10.147299,15.812292,413.33334,-40.871362476778195,0.0,0.0,0.03,0.7842,-0.23757465985294435,510886000.0,-34892000.0,0.00625,-30504000.0,0.00844,0.038039997,0.33816689008042894,197491000.0,176762000.0,262606000.0,18357000.0,82032000.0,,65115000.0,0.04954332761556996
"Alliance Resource Partners, L.P.",ARLP,Energy,NASDAQ,US,2024-12-31,,3129790976.0,1.698613,8.937642,10.154166,3.284958822603571,1.0833,0.10442773,2.4,2.72667,4.954524722348535,2448708000.0,425259000.0,0.18178,360855000.0,0.14177,0.17085,,1062197000.0,233142000.0,513230000.0,486798000.0,136962000.0,92541000.0,-484188300.0,-0.15470307880394374
Arm Holdings plc,ARM,Technology,NASDAQ,US,2025-03-31,,131369222144.0,16.845976,57.20099,147.2619,426.43646329991964,0.0,0.0,0.84,2.16255,0.29310344827586204,4007000000.0,831000000.0,0.15378,792000000.0,0.17148,0.112679996,0.7656739811912225,2093000000.0,929000000.0,4830000000.0,356000000.0,2085000000.0,151000000.0,2842700000.0,0.021639010672408355
Aramark,ARMK,Industrials,NASDAQ,US,2025-09-30,,10183437312.0,3.234508,14.951819,31.745901,38.44148832598955,0.3443,0.011249031,1.22,2.59032,0.98618332081142,18506299000.0,791846000.0,0.053260002,326394000.0,0.01764,0.10529,0.23661381313225646,10142440000.0,3546722000.0,3522891000.0,5721986000.0,639095000.0,,-6619549000.0,-0.6500309077564241
Aris Mining Corporation,ARMN,Basic Materials,NASDAQ,US,2024-12-31,,3632615168.0,3.1936703,,65.77778,40.57021478111559,0.0,0.0,0.27,,0.08331235446192961,510604000.0,118151000.0,0.40919998,24582000.0,0.06384,0.03889,0.4003857600686687,911397000.0,134518000.0,350783000.0,520573000.0,252535000.0,12624000.0,-551777200.0,-0.1518953080581312
"Armata Pharmaceuticals, Inc.",ARMP,Healthcare,NASDAQ,US,2024-12-31,,280333152.0,-2.9188778,-4.9044585,,-1.6719788213515316,0.0,0.0,-1.66,-1.57,-1.91389986931594,0.0,-42436000.0,-6.70923,-18916000.0,0.0,,-0.5555375591471245,134456000.0,48249000.0,11308000.0,126515000.0,9291000.0,,-123148000.0,-0.4392916040126428
ASR Nederland N.V.,ARNNY,Financial Services,NASDAQ,US,2024-12-31,,15286270976.0,0.6576111,,13.75093,,0.6815,0.08907888,2.69,,,17967000000.0,,0.38882,945000000.0,0.07003,0.11617,0.07060860781413471,128762000000.0,,,10692000000.0,4193000000.0,7479000000.0,,
"Archrock, Inc.",AROC,Energy,NASDAQ,US,2024-12-31,,5620597248.0,3.9543493,16.033659,21.225164,21.26270670093249,0.5066,0.026024723,1.51,1.99892,0.6802855958119525,1157591000.0,366775000.0,0.38647,172231000.0,0.18433,0.19556,0.34609310954825906,2500674000.0,188604000.0,233122000.0,12415000.0,4420000.0,,-2267552000.0,-0.40343612964029263
Arrow Financial Corporation,AROW,Financial Services,NASDAQ,US,2024-12-31,,592854592.0,1.4187328,9.876712,13.603773,14.932904198472935,0.4302,0.03158189,2.65,3.65,1.7652755766860362,139806000.0,,0.407,29709000.0,0.23437001,0.08486,0.09309535597216016,3905447000.0,,,33605000.0,154546000.0,9408000.0,,
"Arq, Inc.",ARQ,Industrials,NASDAQ,US,2024-12-31,,150282464.0,0.6919599,-50.285713,,-6.652885836575487,0.0,0.0,-0.09,-0.07,-0.42086998350742166,108959000.0,-1895000.0,-0.02392,-5109000.0,-0.03325,-0.01802,0.7640662803128341,67092000.0,44653000.0,52356000.0,34363000.0,13516000.0,,-14736000.0,-0.09805535261918516
Arqit Quantum Inc.,ARQQ,Technology,NASDAQ,US,2025-09-30,,290968064.0,10.437956,-17.537737,,-0.4470585730488405,0.0,0.0,-2.57,-1.06,-11.228953617176437,530000.0,-35171000.0,-65.89057,-35343000.0,0.0,-1.81436,0.6355977690135586,15615000.0,14900000.0,40019000.0,719000.0,36978000.0,,24404000.0,0.08387174751934288
Arqit Quantum Inc.,ARQQW,Unknown,NASDAQ,US,2025-09-30,,,0.09264459,,,,,0.0,-0.473,,,530000.0,-35171000.0,-65.89057,-35343000.0,0.0,-1.81436,0.6355977690135586,15615000.0,14900000.0,40019000.0,719000.0,36978000.0,,24404000.0,
"Arcutis Biotherapeutics, Inc.",ARQT,Healthcare,NASDAQ,US,2024-12-31,,3346486528.0,20.791475,59.762875,,-0.8724654909409355,0.0,0.0,-0.34,0.45714,-3.7823845029759333,196542000.0,-128397000.0,0.085930005,-140039000.0,-0.13941,-0.28168,0.45155049313678564,191348000.0,81013000.0,335820000.0,110585000.0,71335000.0,,144472000.0,0.04317124805111422
"ARMOUR Residential REIT, Inc.",ARR,Real Estate,NASDAQ,US,2024-12-31,,1991283712.0,0.92987806,5.649844,93.10527,-8.98469297082391,15.157901,0.16308041,0.19,3.13106,-1.5776234496214057,-478000.0,,0.92305,-14394000.0,0.55259997,0.03746,0.10048861256014101,12186538000.0,,,,67970000.0,,,
"ARMOUR Residential REIT, Inc.",ARR-PC,Real Estate,NASDAQ,US,2024-12-31,,,1.1043944,,,,,0.13714351,-1.544,,,-478000.0,,0.92305,-14394000.0,0.55259997,0.03746,0.10048861256014101,12186538000.0,,,,67970000.0,,,
Arras Minerals Corp.,ARRKF,Basic Materials,NASDAQ,US,2024-10-31,,71456752.0,,,,-1.2062484218651308,0.0,0.0,-0.11,,-0.08505710676086076,0.0,-3162908.0,0.0,-2222750.0,0.0,,0.7999851053104439,1683947.0,1645387.0,2711032.0,124819.0,1727459.0,,1027085.0,0.014373519244199624
"Artisan Consumer Goods, Inc.",ARRT,Consumer Defensive,NASDAQ,US,2024-06-30,,792008.0,-2.278481,,,-59.33433204753761,0.0,0.0,-0.01,,-0.004297680388941212,,,0.0,,0.0,,-95.13630136986302,280718.0,280718.0,1795.0,200666.0,1795.0,,-278923.0,-0.35217194775810345
"Array Technologies, Inc.",ARRY,Technology,NASDAQ,US,2024-12-31,,1811588352.0,-38.75817,13.413558,,18.93074907604719,0.0,0.0,-0.61,0.88418,0.9027640736209233,915807000.0,101024000.0,0.13969,-240394000.0,-0.025039999,-0.07751,0.2025492303991798,1137164000.0,437814000.0,998724000.0,692575000.0,362992000.0,,-138440000.0,-0.07641912681054819
Ares Strategic Mining Inc.,ARSMF,Basic Materials,NASDAQ,US,2025-09-30,,86297808.0,6.144304,,,-6.528058923067661,0.0,0.0,-0.02,,-0.01945448188348093,0.0,-3288969.0,0.0,-3643085.0,0.0,-0.2544,0.3204743975453524,37825058.0,11656605.0,10830922.0,35797502.0,6580793.0,,-26994136.0,-0.31280210500827554
ARSTY,ARSTY,Unknown,NASDAQ,US,,,,,,,,,,,,,,,,,,,,,,,,,,,
438426,ARTC,Unknown,NASDAQ,US,,,,,,,,,,,,,,,,,,,,,,,,,,,
Art Technology Acquisition Corp.,ARTCU,Unknown,NASDAQ,US,,,,-3330.0,,,,,0.0,,,,,,,,,,,,,,,,,,
"Artelo Biosciences, Inc.",ARTL,Healthcare,NASDAQ,US,2024-12-31,,2967556.0,-3.6117935,-1.6704546,,-0.4470747446604727,0.0,0.0,-19.5,-0.88,-18.82906677639647,0.0,-10108000.0,0.0,-9826000.0,0.0,-4.36138,0.6081311196253725,1841000.0,1772000.0,2557000.0,104000.0,2338000.0,,716000.0,0.2412759860302552
Artesian Resources Corporation,ARTNA,Utilities,NASDAQ,US,2024-12-31,,334011584.0,1.3390527,15.4593315,14.821101,23.908524958528698,0.5585,0.036532696,2.18,2.09,1.6662342845739373,107952000.0,33466000.0,0.36378,20394000.0,0.20158,0.0925,0.2995017674171668,559434000.0,25593000.0,24528000.0,179111000.0,1147000.0,,-534906000.0,-1.60145942722753
Artesian Resources Corporation,ARTNB,Utilities,NASDAQ,US,2024-12-31,,345593472.0,1.3887852,,15.371558,22.341509236911936,0.5585,0.036347363,2.18,,1.6662342845739373,107952000.0,33466000.0,0.36378,20394000.0,0.20158,0.0925,0.2995017674171668,559434000.0,25593000.0,24528000.0,179111000.0,1147000.0,,-534906000.0,-1.5477896526934398
"Artiva Biotherapeutics, Inc.",ARTV,Healthcare,NASDAQ,US,2024-12-31,,98915968.0,0.7654322,-1.5680935,,,0.0,0.0,-1.24,-2.57,,251000.0,-67282000.0,0.0,-69191000.0,0.0,-0.47961,0.8905435130092899,22940000.0,12253000.0,188631000.0,14354000.0,40235000.0,,165691000.0,1.6750682761351534
"Art's-Way Manufacturing Co., Inc.",ARTW,Industrials,NASDAQ,US,2024-11-30,,12157241.0,0.87339455,,11.900001,38.03641245569644,0.0,0.0,0.2,,0.05336991162755551,24499371.0,460697.0,0.053590003,307375.0,0.104329996,0.15985,0.5693706944653948,9146861.0,6632493.0,13124309.0,4783447.0,1860.0,,3977448.0,0.32716699455081955
"Arvinas, Inc.",ARVN,Healthcare,NASDAQ,US,2024-12-31,,989669120.0,1.6909181,-4.5853925,,-6.344800144717961,0.0,0.0,-0.81,-2.93977,-6.618018018018018,263400000.0,-250200000.0,-1.05012,-198900000.0,-0.18732001,-0.1017,0.5146600696353307,529700000.0,229800000.0,1067300000.0,9700000.0,100500000.0,,537600000.0,0.5432118565041213
"Arrow Electronics, Inc.",ARW,Technology,NASDAQ,US,2024-12-31,,8169701376.0,1.2763664,10.690934,14.510522,7.790426792179798,0.0,0.0,10.93,14.835,15.841237836416235,27923324000.0,907189000.0,0.027479999,392074000.0,0.01619,0.07609,0.26478667995667005,15926179000.0,12636162000.0,18401413000.0,3123761000.0,188807000.0,,2475234000.0,0.30297729207966584
"Arrowhead Pharmaceuticals, Inc.",ARWR,Healthcare,NASDAQ,US,2025-09-30,,9034876928.0,18.788584,-14.950551,40.324997,-3.930239867919715,0.0,0.0,1.6,-4.31556,-5.004783610498898,829448000.0,98346000.0,0.17197001,-1631000.0,-0.0019699999,0.08672,0.3364279810437488,881879000.0,195487000.0,950639000.0,366284000.0,88706000.0,,68760000.0,0.007610507652506675
Accelerant Holdings,ARX,Financial Services,NASDAQ,US,2024-12-31,,2599730944.0,3.8451443,18.170544,,,0.0,0.0,-6.33,0.645,,584640000.0,,0.00092,27200000.0,-1.82925,-2.8006399,0.06705606326600928,5667900000.0,,,121400000.0,1273000000.0,,,
ARZTF,ARZTF,Consumer Defensive,NASDAQ,US,2024-12-31,,,2.6538887,,13.279662,15.099642857142857,0.0,0.0,4.72,,4.503417772416566,2194500000.0,190000000.0,0.07585,129600000.0,0.054190002,0.19405001,0.23657770800627945,1458900000.0,569300000.0,362400000.0,816400000.0,77100000.0,,-1096500000.0,
"Amer Sports, Inc.",AS,Consumer Cyclical,NASDAQ,US,2024-12-31,,20801974272.0,3.694838,32.06394,68.2,,0.0,0.0,0.55,1.16985,,5183300000.0,472000000.0,0.12868,72600000.0,0.051030003,0.06626,0.5997025059078968,3327900000.0,1554400000.0,2399300000.0,1483200000.0,345400000.0,16800000.0,-916840000.0,-0.044074662722474886
ASA Gold and Precious Metals Limited,ASA,Financial Services,NASDAQ,US,2024-11-30,,1240380800.0,1.1277181,,4.739411,28.710878372192383,0.0036000002,0.0009490667,13.93,,0.5,118935761.0,,-2.6975298,115295833.0,166.84033,0.86017,0.9972054006017858,1244710.0,,,,4751394.0,,,
Sendas Distribuidora S.A.,ASAIY,Consumer Defensive,NASDAQ,US,2024-12-31,,2256752896.0,10.423084,15.613527,12.742423,5.211961377640844,0.1591,0.013001216,0.66,0.5386355,2.6218611521418023,73819000000.0,3801000000.0,0.052020002,769000000.0,0.01197,0.17135,0.1152589213256421,40338000000.0,16312000000.0,16448000000.0,26209000000.0,5628000000.0,,-23890000000.0,-10.586006134009631
"Asana, Inc.",ASAN,Technology,NASDAQ,US,2025-01-31,,2076996096.0,11.07459,24.624725,,-16.421331424043043,0.0,0.0,-0.93,0.35574,-1.1661660753337024,723876000.0,-266735000.0,-0.34813,-255536000.0,-0.28325,-1.02476,0.2552380204506319,663892000.0,415817000.0,600741000.0,263090000.0,184728000.0,,-63151000.0,-0.03040496807943928
Associated Banc-Corp,ASB,Financial Services,NASDAQ,US,2024-12-31,,4875279360.0,1.0046521,9.225203,10.602888,16.600510544206553,0.3357,0.03240418,2.77,3.18367,1.2127535463343497,1029370000.0,,0.4525,123145000.0,0.33119,0.09911,0.10704864190531461,38417507000.0,,,2691442000.0,997649000.0,287125000.0,,
Associated Banc-Corp,ASB-PE,Financial Services,NASDAQ,US,2024-12-31,,2774066688.0,0.7371554,,10.410628,,,0.043255813,2.07,,,1029370000.0,,0.4525,123145000.0,0.33119,0.09911,0.10704864190531461,38417507000.0,,,2691442000.0,997649000.0,287125000.0,,
Associated Banc-Corp,ASB-PF,Financial Services,NASDAQ,US,2024-12-31,,,0.7097934,,10.024203,,,0.044819277,2.07,,,1029370000.0,,0.4525,123145000.0,0.33119,0.09911,0.10704864190531461,38417507000.0,,,2691442000.0,997649000.0,287125000.0,,
ASBA,ASBA,Unknown,NASDAQ,US,,,,,,,,,,,,,,,,,,,,,,,,,,,
ASBHY,ASBHY,Unknown,NASDAQ,US,,,,1.2074957,,,,,65.07619,,,,,,,,,,,,,,,,,,
"Aspire Biopharma Holdings, Inc.",ASBP,Healthcare,NASDAQ,US,2024-12-31,,6993400.0,-0.15763335,,,112.13094491391587,0.0,0.0,-25.66,,3.8811767130040593,0.0,-3088671.0,-590.15814,-12537472.0,0.0,,-10.40677347640703,1688077.0,1688077.0,147989.0,1266832.0,3633.0,,-1540088.0,-0.2202202076243315
"Aspire Biopharma Holdings, Inc.",ASBPW,Unknown,NASDAQ,US,2024-12-31,,,-0.0020297992,,,,,0.0,,,,0.0,-3088671.0,-590.15814,-12537472.0,0.0,,-10.40677347640703,1688077.0,1688077.0,147989.0,1266832.0,3633.0,,-1540088.0,
"Asahi Group Holdings, Ltd.",ASBRF,Consumer Defensive,NASDAQ,US,2024-12-31,,15320320000.0,0.9173086,,14.054053,0.10758632197160699,0.45900002,5.110897,0.74,,107.91999998989687,2939422000000.0,269053000000.0,0.07999,192080000000.0,0.05974,0.063590005,0.49391096910189036,2729354000000.0,1510308000000.0,857891000000.0,1279176000000.0,83961000000.0,143540000000.0,-1770985000000.0,-115.59712851950873
Ardmore Shipping Corporation,ASC,Industrials,NASDAQ,US,2024-12-31,,534767200.0,0.851312,13.978724,16.632912,4.64699681084608,0.48099998,0.024,0.79,0.94,2.7951753695678274,405784000.0,131923000.0,0.18548,133006000.0,0.11501,0.0539,0.9015676809984123,69375000.0,29830000.0,126549000.0,44237000.0,46988000.0,,57174000.0,0.10691381221585766
A SPAC II Acquisition Corp.,ASCBF,Financial Services,NASDAQ,US,2023-12-31,,64069692.0,-8.509581,,24.469387,55.6859059732187,0.0,0.0,0.49,,0.18299064013224509,0.0,-842030.0,0.0,5435774.0,0.0,,0.6800799523661403,7157354.0,157354.0,476636.0,,442147.0,,-6680718.0,-0.10427267232687805
Angel Oak Strategic Credit Fund,ASCIX,Unknown,NASDAQ,US,,,,0.9912302,,6.038117,,,0.09646609,,,,,,,,,,,,,,,,,,
A SPAC II Acquisition Corp.,ASCRF,Unknown,NASDAQ,US,,,,-0.028388927,,,,,0.0,,,,,,0.0,,0.0,,,,,,,,,,
A SPAC II Acquisition Corp.,ASCWF,Unknown,NASDAQ,US,2023-12-31,,,-0.007168204,,,,,0.0,,,,0.0,-842030.0,0.0,5435774.0,0.0,,0.6800799523661403,7157354.0,157354.0,476636.0,,442147.0,,-6680718.0,
AsiaFIN Holdings Corp.,ASFH,Technology,NASDAQ,US,2024-12-31,,45954784.0,20.035713,28.05,,5018.622100119525,0.0,0.0,-0.0,0.02,0.00023910946545569473,3382432.0,-40415.0,0.23379,-143577.0,-0.01535,-0.0456,0.5199267807554458,2017488.0,1461840.0,2924455.0,761462.0,1309929.0,,906967.0,0.01973607361531718
"AppSoft Technologies, Inc.",ASFT,Technology,NASDAQ,US,2024-12-31,,1200218.0,-2.1707315,,,-43.75342993843371,0.0,0.0,-0.02,,-0.011199122222560186,0.0,-52493.0,148.83076,-60846.0,0.0,,-4738.960396039604,478736.0,36193.0,101.0,442543.0,101.0,,-478635.0,-0.39879005314034616
"Liberty All-Star Growth Fund, Inc.",ASG,Financial Services,NASDAQ,US,2024-12-31,,320946048.0,0.8733771,,9.25,4.61465737243527,0.8214,0.09090909,0.56,,0.9499999957612071,51457530.0,,-1.2562001,50075164.0,17.82827,0.09734,0.9835586939145018,6225768.0,,,,,9280576.0,,
Abrdn Global Infrastructure Income Fund,ASGI,Financial Services,NASDAQ,US,2025-09-30,,753558848.0,,,8.571942,4.255732494174385,0.8777,0.0,2.78,,4.000000039609193,85303691.0,,0.0,80520266.0,0.0,,0.9782679706336419,13830096.0,,,,78582.0,,,
ASGN Incorporated,ASGN,Technology,NASDAQ,US,2024-12-31,,2299500032.0,1.2339295,9.027257,20.192308,21.772711505628614,0.0,0.0,2.6,5.81572,3.833698030634573,,,0.06826,,0.02851,0.0634,0.5181393992417614,1652300000.0,367100000.0,917700000.0,1099900000.0,205200000.0,,-734600000.0,-0.31946074789182693
Ashland Inc.,ASH,Basic Materials,NASDAQ,US,2025-09-30,,2936115200.0,1.5634291,13.513629,,25.02904361521704,0.4,0.026136544,-14.53,4.7478,3.38,1824000000.0,88000000.0,0.01036,-845000000.0,-0.38338003,-0.29978,0.4129256126653654,2707000000.0,423000000.0,1205000000.0,1490000000.0,215000000.0,,-1502000000.0,-0.5115603093502599
Ashtead Group plc,ASHGY,Industrials,NASDAQ,US,2025-04-30,,28006764544.0,3.8235457,17.043188,20.39879,20.2513591878049,0.32709998,0.016518328,3.31,3.9617,3.6368600682593857,10791700000.0,2943400000.0,0.25078,1510500000.0,0.1309,0.19063999,0.35350387475393813,14023600000.0,1563300000.0,2022400000.0,10352200000.0,21000000.0,31500000.0,-11979150000.0,-0.4277234516389842
Ashtead Group plc,ASHTF,Industrials,NASDAQ,US,2025-04-30,,28225296384.0,3.7940993,14.888889,20.241692,20.15432977819586,0.3266,0.016404495,3.31,4.5,3.6368600682593857,10791700000.0,2943400000.0,0.25078,1510500000.0,0.1309,0.19063999,0.35350387475393813,14023600000.0,1563300000.0,2022400000.0,10352200000.0,21000000.0,31500000.0,-11979150000.0,-0.4244118409608832
Ategrity Specialty Insurance Company Holdings,ASIC,Financial Services,NASDAQ,US,2024-12-31,,896443392.0,1.5230706,10.105607,12.951388,,0.0,0.0,1.44,1.84551,,343834000.0,,0.25948,47090000.0,0.17322999,,0.35454292982790325,724631000.0,,,,26573000.0,,,
"Accredited Solutions, Inc.",ASII,Consumer Defensive,NASDAQ,US,2023-12-31,,768993.0,,,,-9.277235057222013,0.0,0.0,-0.0,,-0.0001670756464568176,688875.0,-148773.0,-1.55591,-1488595.0,4.34902,,-22.104254809263416,5302542.0,5302542.0,68932.0,1354606.0,919.0,,-5233610.0,-6.805796671751239
AdvanSix Inc.,ASIX,Basic Materials,NASDAQ,US,2024-12-31,,496984672.0,0.6073938,9.158416,9.635417,14.857893872129491,0.33330002,0.035874438,1.92,2.02,1.9502899745533628,1517557000.0,58913000.0,-0.00545,44149000.0,0.03516,0.06617,0.4856983422366012,820270000.0,357103000.0,387116000.0,348893000.0,19564000.0,,-433154000.0,-0.8715641032888837
ASKRY,ASKRY,Unknown,NASDAQ,US,,,,,,,,,,,,,,,,,,,,,,,,,,,
AerSale Corporation,ASLE,Industrials,NASDAQ,US,2024-12-31,,351528320.0,0.8428555,11.640625,67.72727,-118.8626675318355,0.0,0.0,0.11,0.64,-0.10810795894369488,345066000.0,9744000.0,0.040359996,5851000.0,0.017339999,0.01354,0.7534358706382922,149103000.0,74970000.0,284030000.0,75970000.0,4698000.0,,134927000.0,0.38382967267046936
Avino Silver & Gold Mines Ltd.,ASM,Basic Materials,NASDAQ,US,2024-12-31,,1592397696.0,8.601695,13.904109,72.5,122.57146426900903,0.0,0.0,0.14,0.73,0.0043240078312728105,66178000.0,14743000.0,0.32563,8100000.0,0.2472,0.14345,0.8432395720558667,23312000.0,15534000.0,40769000.0,2629000.0,27317000.0,1247000.0,18329900.0,0.011510880759274849
"Assembly Biosciences, Inc.",ASMB,Healthcare,NASDAQ,US,2024-12-31,,414725408.0,2.2699335,-7.484308,,-0.726661777982131,0.0,0.0,-4.6,-3.50333,-13.37623714573278,28520000.0,-45420000.0,-1.00871,-40177000.0,-1.03646,-0.3694,0.2799325322234157,85809000.0,47803000.0,115503000.0,3089000.0,38344000.0,,29694000.0,0.07159918207856703
ASML Holding N.V.,ASML,Technology,NASDAQ,US,2025-12-31,,548456562688.0,23.645334,32.6812,48.540363,35.845937888994726,0.266,0.0055548972,29.11,43.236176,19.23678861788618,32667300000.0,11301400000.0,0.35306,9609400000.0,0.29416,0.50458,0.38784889630704855,30954400000.0,24263900000.0,30616100000.0,2709000000.0,12916000000.0,,-338300000.0,-0.0006168218652393962
ASML Holding N.V.,ASMLF,Technology,NASDAQ,US,2025-12-31,,545887027200.0,23.534555,,48.32955,35.86348683938996,0.26549998,0.0055826004,29.1,,19.23678861788618,32667300000.0,11301400000.0,0.35306,9609400000.0,0.29416,0.50458,0.38784889630704855,30954400000.0,24263900000.0,30616100000.0,2709000000.0,12916000000.0,,-338300000.0,-0.0006197252968901475
Ascendis Pharma A/S,ASND,Healthcare,NASDAQ,US,2024-12-31,,13572955136.0,-66.21101,46.66716,,-14.889946340832728,0.0,0.0,-4.52,4.760307,-8.55342240294661,363641000.0,-278763000.0,0.05148,-378084000.0,-0.36028,,-0.08961971013018283,1285201000.0,907863000.0,1060861000.0,856616000.0,559543000.0,,-224340000.0,-0.0165284566074322
"Actelis Networks, Inc.",ASNS,Technology,NASDAQ,US,2024-12-31,,3626276.0,0.26501766,,,-0.4375579554505914,0.0,0.0,-8.4,,-26.053690663196157,7760000.0,-3758000.0,-3.11353,-4374000.0,-2.2393801,-2.6009,0.3629179331306991,5240000.0,4583000.0,6903000.0,1345000.0,1967000.0,,1663000.0,0.4585971944771992
"Academy Sports and Outdoors, Inc.",ASO,Consumer Cyclical,NASDAQ,US,2025-01-31,,3942865408.0,1.836963,9.132554,10.502665,9.59980412936201,0.0919,0.009103641,5.63,6.47464,6.701906569079244,5933450000.0,538639000.0,0.07255,418447000.0,0.06266,0.18340999,0.408906372074223,2896928000.0,960881000.0,1710149000.0,1786554000.0,288929000.0,,-1186779000.0,-0.3009940429597337
A SPAC III Acquisition Corp.,ASPC,Financial Services,NASDAQ,US,2024-12-31,,30108044.0,1.6512821,,,,0.0,0.0,-0.34,,,0.0,-587106.0,0.0,-226383.0,0.0,0.03492,0.991666005908515,517334.0,517334.0,1718199.0,276221.0,1598890.0,,1200865.0,0.03988518815768968
A SPAC III Acquisition Corp.,ASPCR,Unknown,NASDAQ,US,,,,0.025641026,,,,,0.0,,,,,,0.0,,0.0,0.03492,,,,,,,,,
A SPAC III Acquisition Corp.,ASPCU,Financial Services,NASDAQ,US,2024-12-31,,,1.6666666,,,,,0.0,,,,0.0,-587106.0,0.0,-226383.0,0.0,0.03492,0.991666005908515,517334.0,517334.0,1718199.0,276221.0,1598890.0,,1200865.0,
ASP Isotopes Inc.,ASPI,Basic Materials,NASDAQ,US,2024-12-31,,727515328.0,7.3329134,-13.215909,,-3.5734108796822706,0.0,0.0,-1.4,-0.44,-0.492526622244948,4144226.0,-26353654.0,-3.06102,-32333581.0,0.0,-1.52556,0.5076789978817566,43181548.0,7058271.0,65743662.0,37745925.0,61890048.0,,22562114.0,0.03101256170371712
"Aspen Aerogels, Inc.",ASPN,Industrials,NASDAQ,US,2024-12-31,,283479488.0,0.92627597,-10.897538,,-24.252353015651263,0.0,0.0,-3.71,-0.31475,-0.6597297998125953,452699000.0,58045000.0,-0.02438,13375000.0,-0.86517,-0.75064003,0.6867107415119802,280439000.0,110112000.0,409448000.0,197384000.0,220882000.0,,129009000.0,0.45509112814539865
Altisource Portfolio Solutions S.A.,ASPS,Real Estate,NASDAQ,US,2024-12-31,,64642068.0,-0.6201223,-14.341464,,-1.4377150052986003,0.0,0.0,-1.64,-0.41,-20.08742974395575,160134000.0,3909000.0,0.01243,-35636000.0,0.00043000001,,-1.0958873584669164,300317000.0,271273000.0,51101000.0,233862000.0,29811000.0,,-249216000.0,-3.8553222028725935
Altisource Portfolio Solutions S.A.,ASPSW,Unknown,NASDAQ,US,2024-12-31,,,-0.031638894,,,,,0.0,,,,160134000.0,3909000.0,0.01243,-35636000.0,0.00043000001,,-1.0958873584669164,300317000.0,271273000.0,51101000.0,233862000.0,29811000.0,,-249216000.0,
Altisource Portfolio Solutions S.A.,ASPSZ,Unknown,NASDAQ,US,2024-12-31,,,-0.026355198,,,,,0.0,,,,160134000.0,3909000.0,0.01243,-35636000.0,0.00043000001,,-1.0958873584669164,300317000.0,271273000.0,51101000.0,233862000.0,29811000.0,,-249216000.0,
"Aspen Group, Inc.",ASPU,Consumer Defensive,NASDAQ,US,2022-04-30,,3996887.0,0.12151543,-0.54125,,-11.845890372793829,0.0,0.0,-0.36,-0.24,-0.4398149800636898,76694366.0,-7470323.0,0.088199995,-9585781.0,0.015470001,0.02315,0.4671963210527269,48520327.0,16835273.0,39382591.0,33721624.0,6482750.0,,-9137736.0,-2.2862132454582778
"Grupo Aeroportuario del Sureste, S. A. B. de C. V.",ASR,Industrials,NASDAQ,US,2024-12-31,,11100616704.0,52.37436,16.66814,14.288156,0.7664069493355771,0.0,0.13850416,25.75,22.07325,340.12400475347,31332787000.0,17519806000.0,0.42153,13551429000.0,0.31709,0.22952999,0.648194970555528,22024127000.0,5887006000.0,25656011000.0,13381952000.0,20083457000.0,1537688000.0,4708265600.0,0.4241445070617943
"Astra Energy, Inc.",ASRE,Utilities,NASDAQ,US,2024-08-31,,533283.0,-0.097260274,,,-2.4695568267942787,0.0,0.0,-0.12,,-0.1480022646710647,0.0,-2348870.0,0.0,-3487467.0,0.0,,0.0299644196669246,11672216.0,7109724.0,2999348.0,7401511.0,23012.0,,-8672868.0,-16.263162335945456
"Grupo Aeroportuario del Sureste, S. A. B. de C. V.",ASRMF,Industrials,NASDAQ,US,2024-12-31,,12350553088.0,5.251386,,14.1341,0.7424841474050373,0.24190001,1.3553809,2.61,,34.012400021848016,31332787000.0,17519806000.0,0.42153,13551429000.0,0.31709,0.22952999,0.648194970555528,22024127000.0,5887006000.0,25656011000.0,13381952000.0,20083457000.0,1537688000.0,4708265600.0,0.3812190082867324
ASR NEDERLAND NV,ASRRF,Financial Services,NASDAQ,US,2024-12-31,,18925623296.0,1.3374448,,13.983272,,0.6827,0.042935,5.38,,,17967000000.0,,0.38882,945000000.0,0.07003,0.11617,0.07060860781413471,128762000000.0,,,10692000000.0,4193000000.0,7479000000.0,,
"Assertio Holdings, Inc.",ASRT,Healthcare,NASDAQ,US,2024-12-31,,81750104.0,0.7726363,8.493333,,-0.23538479613908456,0.0,0.0,-4.5,1.5,-70.09798538666216,124961000.0,-18783000.0,0.28715,-21581000.0,-0.21058,-0.24479,0.4252454940084009,163651000.0,114688000.0,202549000.0,39767000.0,50588000.0,,38898000.0,0.47581590844214705
"AmeriServ Financial, Inc.",ASRV,Financial Services,NASDAQ,US,2024-12-31,,64769124.0,0.52901256,,11.235293,-15.227536323465278,0.3529,0.033707865,0.34,,-0.19517032197853476,54023000.0,,0.13205,3601000.0,0.101789996,0.04954,0.07540133946210599,1315114000.0,,,101687000.0,17746000.0,,,
"Strive Asset Management, LLC",ASST,Financial Services,NASDAQ,US,2024-12-31,,743160448.0,3.6763346,-19.858332,,,0.0,0.0,-0.74,-0.6,,3650106.0,-22653970.0,-30.6429,-21579866.0,0.0,,0.8278211209977494,4855021.0,3338705.0,23760879.0,1786270.0,6154615.0,,18905858.0,0.02543980650595657
Astrotech Corporation,ASTC,Technology,NASDAQ,US,2025-06-30,,5364806.0,0.26789635,-4.485294,,-1.3043905312459505,0.0,0.0,-8.38,-0.68,-7.122100122100122,1049000.0,-14734000.0,-11.90572,-13850000.0,0.0,-0.54888,0.8188521249397903,4889000.0,2451000.0,21975000.0,2679000.0,3100000.0,,17086000.0,3.1848309146686757
"Astec Industries, Inc.",ASTE,Industrials,NASDAQ,US,2024-12-31,,1313759488.0,1.9640903,17.670769,27.47847,24.775617432893213,0.2488,0.009509875,2.09,3.25,1.4705236820157148,1305100000.0,51800000.0,0.040560003,4300000.0,0.03499,0.07367,0.6111536987351476,406000000.0,271700000.0,722800000.0,118300000.0,88300000.0,18900000.0,330030000.0,0.2512103646173629
"Astrana Health, Inc.",ASTH,Healthcare,NASDAQ,US,2024-12-31,,1058283456.0,1.3436067,9.461884,111.052635,30.775194481110862,0.0,0.0,0.19,2.23,1.2899999961757005,2034540000.0,89350000.0,0.030869998,43149000.0,0.00329,0.018339999,0.5260337709075397,840726000.0,365608000.0,638496000.0,471839000.0,288455000.0,,-202230000.0,-0.19109247040898653
"Ascent Solar Technologies, Inc.",ASTI,Technology,NASDAQ,US,2024-12-31,,46775312.0,8.241469,,,-0.053146984609630896,0.0,0.0,-2.61,,-1665.1932494390792,41893.0,-8012668.0,-68.923004,-9130274.0,0.0,-2.41511,0.4729529138061459,3766503.0,2280406.0,3713318.0,2062580.0,3170743.0,,-53185.0,-0.0011370314323077097
Algoma Steel Group Inc.,ASTL,Basic Materials,NASDAQ,US,2024-03-31,,483744832.0,0.75865954,-2.6844628,,2.972335968230933,0.3854,0.09884258,-1.06,-1.7172896,2.4300000034190954,2795800000.0,167300000.0,-0.26856002,105200000.0,-0.34794,,0.5614349775784754,1173600000.0,428500000.0,1262500000.0,146100000.0,97900000.0,,88900000.0,0.1837745731204008
Algoma Steel Group Inc.,ASTLW,Unknown,NASDAQ,US,2024-03-31,,,0.03538217,,,,,2.6004872,-0.62,,,2795800000.0,167300000.0,-0.26856002,105200000.0,-0.34794,,0.5614349775784754,1173600000.0,428500000.0,1262500000.0,146100000.0,97900000.0,,88900000.0,
"AST SpaceMobile, Inc.",ASTS,Technology,NASDAQ,US,2024-12-31,,37397778432.0,22.317474,-100.187004,,-5.775094618768157,0.0,0.0,-1.14,-1.016,-1.0701123074684504,4418000.0,-242762000.0,-5.40579,-300083000.0,0.0,-0.39031,0.5019218258445506,285415000.0,75942000.0,600246000.0,173000000.0,564988000.0,,314831000.0,0.008418441233680605
"Asure Software, Inc.",ASUR,Technology,NASDAQ,US,2024-12-31,,247376128.0,1.2794371,9.827169,,-22.849184400584555,0.0,0.0,-0.63,0.90667,-0.4162074261450899,119792000.0,-10737000.0,-0.09652001,-11773000.0,-0.12943,-0.08713,0.45189607867386716,239323000.0,223636000.0,237277000.0,17733000.0,21425000.0,,-2046000.0,-0.008270806146662623
A SPAC II Acquisition Corp.,ASUUF,Financial Services,NASDAQ,US,2023-12-31,,,-8.225692,,,,,0.0,,,,0.0,-842030.0,0.0,5435774.0,0.0,,0.6800799523661403,7157354.0,157354.0,476636.0,,442147.0,,-6680718.0,
"ASE Technology Holding Co., Ltd.",ASX,Technology,NASDAQ,US,2024-12-31,,45687353344.0,8.319091,17.408333,37.30357,0.5433593791747962,0.5832,0.0,0.56,1.2,16.311219321117324,595409585000.0,40407365000.0,0.099429995,32378936000.0,0.063,0.116359994,0.4318492729366045,398789156000.0,234423716000.0,275285086000.0,201412043000.0,76492824000.0,18651490000.0,-110448027000.0,-2.41747483528732
"Amtech Systems, Inc.",ASYS,Technology,NASDAQ,US,2025-09-30,,160200112.0,2.990051,46.333332,,-10.196408457219981,0.0,0.0,-2.13,0.24,-0.5972691441441441,79364000.0,-4617000.0,0.092580006,-30326000.0,-0.38211,-0.44681,0.5748172235202912,39488000.0,20482000.0,60177000.0,19513000.0,17904000.0,,20689000.0,0.12914472868783014
AtaiBeckley Inc.,ATAI,Healthcare,NASDAQ,US,2024-12-31,,1369319040.0,5.677711,-7.711346,,-5.883610311375224,0.0,0.0,-0.83,-0.48889,-0.25324586957365525,308000.0,-102166000.0,-37.96529,-149269000.0,0.0,-1.00776,0.7296517281836035,42833000.0,24951000.0,80125000.0,24706000.0,17505000.0,42079000.0,66747300.0,0.048744885633080805
Atour Lifestyle Holdings Limited,ATAT,Consumer Cyclical,NASDAQ,US,2024-12-31,,5143281152.0,9.6865225,17.343504,24.486843,3.07162868407565,0.2874,0.0034905921,1.52,2.1460485,5.330971016666754,7247932000.0,1622302000.0,0.24789,1275348000.0,0.16187,0.46916,0.37521256371834644,4932927000.0,2830217000.0,5715747000.0,1732813000.0,3618451000.0,,782820000.0,0.15220245148286227
"AtlasClear Holdings, Inc.",ATCH,Financial Services,NASDAQ,US,2023-12-31,,35855884.0,4.5925922,,,98.70590150135045,0.0,0.0,-40.97,,4.048390218066632,10850032.0,-4301097.0,-0.12229,,-0.442,,0.7769873062875893,12372267.0,12064611.0,55477860.0,480000.0,619554.0,,43105593.0,1.2021902179290853
Quantum FinTech Acquisition Cor,ATCHW,Unknown,NASDAQ,US,2023-12-31,,,0.3333333,,,,,0.0,,,,10850032.0,-4301097.0,-0.12229,,-0.442,,0.7769873062875893,12372267.0,12064611.0,55477860.0,480000.0,619554.0,,43105593.0,
Atico Mining Corporation,ATCMF,Basic Materials,NASDAQ,US,2024-12-31,,47503908.0,1.0874478,,,-1.750884504165914,0.0,0.0,-0.15,,-0.04512005414858437,68455363.0,7946046.0,2.13958,-17127742.0,-0.35044998,-0.4081,0.4083017235549338,57844396.0,35219926.0,23914103.0,26392295.0,3055305.0,,-33930293.0,-0.7142631928303668
Atlas Critical Minerals Corporation,ATCX,Unknown,NASDAQ,US,2024-12-31,,30784266.0,11.302752,-8.0,,,,0.0,,,,667131.0,-1637943.0,,-1713123.0,,,0.47023113011411605,1261332.0,1227371.0,663422.0,872942.0,396216.0,,-597910.0,-0.019422584251318514
Autotrader Group plc,ATDRF,Communication Services,NASDAQ,US,2025-03-31,,5256021504.0,7.134465,,13.933333,30.780100979584354,0.3188,0.015903587,0.45,,0.2806722159223746,601100000.0,373200000.0,0.62323004,282600000.0,0.47687998,0.51584,0.8902439024390244,70200000.0,61000000.0,104000000.0,3500000.0,15300000.0,,33800000.0,0.006430719504149121
"Data443 Risk Mitigation, Inc.",ATDS,Technology,NASDAQ,US,2024-12-31,,125991.0,-0.007407407,,2.3752968e-05,-0.1941427949332066,0.0,0.0,8.42,,-15.555560441815636,4872422.0,-3064525.0,-0.62488997,-6087182.0,-0.71492994,,-2.1763776670685653,19102586.0,16981610.0,199984.0,8635626.0,168208.0,,-18902602.0,-150.03136731988792
"Alphatec Holdings, Inc.",ATEC,Healthcare,NASDAQ,US,2024-12-31,,2052963584.0,177.17947,66.55109,,-9.978016686713653,0.0,0.0,-1.04,0.20766,-1.539384041833688,611562000.0,-122913000.0,-0.0479,-162123000.0,-0.21285,-5.4040504,-0.0182658467726341,789879000.0,153026000.0,417399000.0,609936000.0,138840000.0,,-372480000.0,-0.18143526894630002
Athena Technology Acquisition Corp. II,ATEK,Financial Services,NASDAQ,US,2024-12-31,,88936184.0,-5.3246756,,,181.7026396976359,0.0,0.0,-0.31,,0.059767979566774244,0.0,-3421548.0,0.0,-2648946.0,0.0,,-3.2626386177112794,19041812.0,10085562.0,800703.0,1577387.0,142260.0,,-18241109.0,-0.2051033469122084
Athena Technology Acquisition Corp. II,ATEKU,Financial Services,NASDAQ,US,2024-12-31,,,-7.3789845,,,,,0.0,,,,0.0,-3421548.0,0.0,-2648946.0,0.0,,-3.2626386177112794,19041812.0,10085562.0,800703.0,1577387.0,142260.0,,-18241109.0,
Athena Technology Acquisition Corp. II,ATEKW,Unknown,NASDAQ,US,2024-12-31,,,-0.015938608,,,,,0.0,,,,0.0,-3421548.0,0.0,-2648946.0,0.0,,-3.2626386177112794,19041812.0,10085562.0,800703.0,1577387.0,142260.0,,-18241109.0,
"A10 Networks, Inc.",ATEN,Technology,NASDAQ,US,2024-12-31,,1410860032.0,6.6497636,17.641256,33.913795,27.2895140184175,0.42110002,0.012415933,0.58,1.115,0.6658521686010995,,,0.18741,,0.14502,0.19007,0.5356306967179973,200986000.0,123573000.0,307288000.0,11938000.0,95129000.0,,106302000.0,0.07534553222073272
"Aterian, Inc.",ATER,Consumer Cyclical,NASDAQ,US,2024-12-31,,6529612.0,0.23792474,-0.2907143,,-0.3030951857509982,0.0,0.0,-1.59,-2.24,-13.738258573836692,99045000.0,-11823000.0,-0.10741,-11862000.0,-0.15722999,-0.46315,0.6058899519599532,19525000.0,19298000.0,38719000.0,7414000.0,17998000.0,,19194000.0,2.9395314759896913
Anterix Inc.,ATEX,Communication Services,NASDAQ,US,2025-03-31,,532022688.0,2.2096825,-38.364864,5.534113,-69.09487810619665,0.0,0.0,5.13,-0.74,-0.48643259140994577,6031000.0,-49033000.0,-6.21134,-11372000.0,16.14076,0.50412,0.4701264469955329,176503000.0,27201000.0,60755000.0,5390000.0,47374000.0,,-115748000.0,-0.2175621502818316
Advantest Corporation,ATEYY,Technology,NASDAQ,US,2025-03-31,,123863367680.0,28.800901,,75.136566,0.5268090126957237,0.136,0.31580302,2.27,,84.1599999658442,779707000000.0,228161000000.0,0.41479,161177000000.0,0.27931,0.49263,0.5929911848374522,347671000000.0,309424000000.0,599753000000.0,93503000000.0,262544000000.0,30167000000.0,273198900000.0,2.205647279878641
ATGAF,ATGAF,Energy,NASDAQ,US,2024-12-31,,,0.88843393,,,,,0.06905556,,,,12448000000.0,1092000000.0,0.03233,596000000.0,0.06062,0.08958,0.33542848382646023,17046000000.0,3500000000.0,2819000000.0,10567000000.0,85000000.0,,-14227000000.0,
Adtalem Global Education Inc.,ATGE,Consumer Defensive,NASDAQ,US,2025-06-30,,3795606784.0,2.6259835,11.615342,15.387335,19.44373685128291,0.0,0.0,6.79,8.995,3.393380802342025,1788290000.0,344856000.0,0.22879,237065000.0,0.13408,0.18027,0.520872693608957,1318727000.0,507927000.0,416190000.0,774000000.0,199601000.0,,-902537000.0,-0.2377846419193248
AltaGas Ltd.,ATGFF,Energy,NASDAQ,US,2024-12-31,,9683865600.0,1.5310678,,17.043957,8.316745637607433,0.499,0.03922373,1.82,,2.37222418047233,12448000000.0,1092000000.0,0.03233,596000000.0,0.06062,0.08958,0.33542848382646023,17046000000.0,3500000000.0,2819000000.0,10567000000.0,85000000.0,,-14227000000.0,-1.469144718406666
Alpha Technology Group Limited,ATGL,Technology,NASDAQ,US,2025-09-30,,320854112.0,102.20846,,,,0.0,0.0,-0.51,,,7396068.0,-57841975.0,-11.998691,-70409731.0,0.0,-1.8488901,0.703615913974608,10331518.0,9881373.0,32896621.0,5004158.0,30919014.0,,22565103.0,0.07032823378620125
Athene Holding Ltd.,ATH-PA,Financial Services,NASDAQ,US,2024-12-31,,7697456128.0,0.00024513312,,3.0853336,,,0.0,7.957,,,20689000000.0,,0.2972,3461000000.0,0.15020001,0.14636,0.045026324987683816,337469000000.0,,,6309000000.0,13316000000.0,,,
Athene Holding Ltd.,ATH-PB,Financial Services,NASDAQ,US,2024-12-31,,,0.00019680546,,2.4770641,,,0.0,7.957,,,20689000000.0,,0.2972,3461000000.0,0.15020001,0.14636,0.045026324987683816,337469000000.0,,,6309000000.0,13316000000.0,,,
Athene Holding Ltd.,ATH-PD,Financial Services,NASDAQ,US,2024-12-31,,,0.00016695014,,2.1012945,,,0.0,7.957,,,20689000000.0,,0.2972,3461000000.0,0.15020001,0.14636,0.045026324987683816,337469000000.0,,,6309000000.0,13316000000.0,,,
Athene Holding Ltd.,ATH-PE,Financial Services,NASDAQ,US,2024-12-31,,,0.00025761445,,,,,0.0,,,,20689000000.0,,0.2972,3461000000.0,0.15020001,0.14636,0.045026324987683816,337469000000.0,,,6309000000.0,13316000000.0,,,
Alterity Therapeutics Limited,ATHE,Healthcare,NASDAQ,US,2025-06-30,,63983700.0,1020.90985,-4.468354,,-0.566058369237292,0.0,0.0,-0.61,-0.79,-3.1445519899090004,0.0,-12333683.0,-1.85726,-12147828.0,-2.2335,-0.4323,0.9212782848784914,3623274.0,3534729.0,45871186.0,155457.0,33158642.0,,42247912.0,0.6602917930660465
Autohome Inc.,ATHM,Communication Services,NASDAQ,US,2024-12-31,,2483048704.0,0.7060226,10.767646,11.875,1.563918357594029,1.0236,0.81059504,1.76,1.941,16.55670894757453,7039587000.0,1003497000.0,0.08269,1792158000.0,0.24214001,0.057600003,0.7925363708933586,5020975000.0,4529794000.0,25163851000.0,96713000.0,1693597000.0,,20142876000.0,8.112155016352027
ATHNF,ATHNF,Unknown,NASDAQ,US,,,,,,,,,,,,,,,,,,,,,,,,,,,
ATHNY,ATHNY,Unknown,NASDAQ,US,,,,,,,,,,,,,,,,,,,,,,,,,,,
"Aether Holdings, Inc.",ATHR,Technology,NASDAQ,US,2025-09-30,,64707912.0,14.316355,,,,0.0,0.0,-0.29,,,1380850.0,-3252331.0,-4.36275,-3141311.0,-2.27491,-1.35601,0.8969298241259562,519078.0,519078.0,4783242.0,,4418169.0,,4264164.0,0.06589864930273133
Athene Holding Ltd. 7.250% Fixe,ATHS,Unknown,NASDAQ,US,,,,,,,,,,,,,,,,,,,,,,,,,,,
ATI Inc.,ATI,Industrials,NASDAQ,US,2024-12-31,,18410237952.0,10.059498,27.371521,46.866673,21.870423717820298,0.0,0.0,2.85,4.87989,2.508867667121419,,,0.12573,,0.08813,0.21621999,0.3537643864948572,3275400000.0,1208500000.0,2945000000.0,1895300000.0,721200000.0,,-330400000.0,-0.01794653609917665
Archimedes Tech SPAC Partners II Co.,ATII,Financial Services,NASDAQ,US,2024-12-31,,315133504.0,-49.305553,,,,,0.0,,,,,,0.0,,0.0,,-0.12497352748835791,483391.0,483391.0,,192033.0,,,,
Archimedes Tech SPAC Partners II Co.,ATIIU,Financial Services,NASDAQ,US,2024-12-31,,281611456.0,-50.601852,,,,,0.0,,,,,,0.0,,0.0,,-0.12497352748835791,483391.0,483391.0,,192033.0,,,,
Archimedes Tech SPAC Partners II Co.,ATIIW,Unknown,NASDAQ,US,2024-12-31,,,-3.3166666,,,,,0.0,,,,,,0.0,,0.0,,-0.12497352748835791,483391.0,483391.0,,192033.0,,,,
Atkore Inc.,ATKR,Industrials,NASDAQ,US,2025-09-30,,2285581568.0,1.626438,11.422268,,6.506769579134392,0.40060002,0.019452887,-1.33,5.92877,12.853624724781865,2850378000.0,237559000.0,0.04315,-15175000.0,-0.016339999,-0.03191,0.4903153031534523,1453581000.0,524519000.0,1600804000.0,931820000.0,506699000.0,,147223000.0,0.0644138026230355
Atlanticus Holdings Corporation,ATLC,Financial Services,NASDAQ,US,2024-12-31,,843231808.0,1.4294147,6.4944606,9.891651,7.103355088429375,0.0,0.0,5.63,8.575,5.446721745577799,299400000.0,,0.28209,111296000.0,0.23746,0.19589001,0.1507031965871599,2781344000.0,,,2505188000.0,375416000.0,,,
Atlanticus Holdings Corporation 6.125% Senior Notes due 2026,ATLCL,Unknown,NASDAQ,US,,,,,,,,,,,,,,,,,,,,,,,,,,,
Atlanticus Holdings Corporation,ATLCP,Financial Services,NASDAQ,US,2024-12-31,,,0.634212,,3.2473254,,,0.0,7.609,,,299400000.0,,0.28209,111296000.0,0.23746,0.19589001,0.1507031965871599,2781344000.0,,,2505188000.0,375416000.0,,,
Atlanticus Holdings Corporation 9.25% Senior Notes due 2029,ATLCZ,Unknown,NASDAQ,US,,,,,,,,,,,,,,,,,,,,,,,,,,,
Atlantic International Corp.,ATLN,Industrials,NASDAQ,US,2024-12-31,,245093392.0,-8.712121,,,-0.17502537229627654,0.0,0.0,-2.23,,-23.996519785460194,442609814.0,-21834592.0,-0.07915,-135479890.0,-0.22663,,-0.0978940279397896,134768332.0,97249157.0,88019993.0,82715682.0,678676.0,,-46748339.0,-0.19073683961255064
Ames National Corporation,ATLO,Financial Services,NASDAQ,US,2024-12-31,,248536080.0,1.1907805,,13.060747,16.623697895608657,0.3738,0.02170767,2.14,,1.1999999556254062,54813000.0,,0.44395,10218000.0,0.28919,0.09946,0.0818993240139135,1958474000.0,,,46952000.0,107393000.0,453726000.0,,
Atlas Lithium Corporation,ATLX,Basic Materials,NASDAQ,US,2024-12-31,,125336440.0,3.0006356,-4.627451,,-7.630637067956305,0.0,0.0,-1.9,-1.02,-4.371849992766894,667131.0,-43858245.0,-192.8923,-42241196.0,0.0,-1.21339,0.3674345524906158,35843367.0,5688604.0,16242384.0,10337019.0,15537476.0,,-19600983.0,-0.1563869454086936
All Things Mobile Analytic Inc.,ATMH,Technology,NASDAQ,US,,,2671396.0,8.971428,,,,0.0,0.0,-0.01,,,,,0.1154,,0.0,-31.33449,,,,,,,,,
Barclays ETN+ Select MLP ETN,ATMP,Unknown,NASDAQ,US,,,,,,,,,,,,,,,,,,,,,,,,,,,
Atmus Filtration Technologies Inc.,ATMU,Consumer Cyclical,NASDAQ,US,2024-12-31,,5049060864.0,14.50897,21.551754,25.715479,11.2586507045659,0.0858,0.0033845138,2.39,2.85174,2.053956834532374,1669600000.0,231900000.0,0.17243999,185600000.0,0.11569,0.71518,0.19104427455263379,962900000.0,344900000.0,755000000.0,631600000.0,184300000.0,,-207900000.0,-0.041175974225689194
"ATN International, Inc.",ATNI,Communication Services,NASDAQ,US,2024-12-31,,393335584.0,0.8532751,71.61111,,-37.89189619315443,0.6869,0.039937958,-0.92,0.36,-0.9322218659826867,729075000.0,29605000.0,0.07986,-26429000.0,-0.0111,-0.01899,0.28341853381066445,1055349000.0,267314000.0,309161000.0,695247000.0,73393000.0,,-746188000.0,-1.8970772804527138
"Actinium Pharmaceuticals, Inc.",ATNM,Healthcare,NASDAQ,US,2024-12-31,,35875276.0,2.60181,-1.4556961,,-2.72481922651481,0.0,0.0,-1.11,-0.79,-1.8349841161372265,0.0,-42121000.0,-63.24444,-38243000.0,0.0,-1.3309399,0.4259873340355531,44141000.0,8148000.0,74506000.0,1573000.0,72904000.0,,30365000.0,0.8464046381134461
Atmos Energy Corporation,ATO,Utilities,NASDAQ,US,2025-09-30,,28352927744.0,1.9850353,19.554998,22.315105,19.610683553408897,0.4707,0.021049563,7.68,8.764,6.83121978698597,4702755000.0,1559971000.0,0.38848,1198754000.0,0.25667998,0.09237,0.47996882920709244,14690632000.0,1362615000.0,1052695000.0,9303506000.0,202687000.0,114938000.0,-13557480400.0,-0.4781686223874715
Atomera Incorporated,ATOM,Technology,NASDAQ,US,2024-12-31,,81420248.0,4.2549667,-4.8490567,,-9.344105346447414,0.0,0.0,-0.67,-0.53,-0.7994344576853161,135000.0,-19336000.0,-526.63635,-18435000.0,0.0,-1.16863,0.8610424392253812,4047000.0,3576000.0,27092000.0,1984000.0,25778000.0,,23045000.0,0.28303770334868056
AlphaTON Capital Corp.,ATON,Financial Services,NASDAQ,US,2025-03-31,,7136620.0,0.320766,,,-0.1446751379970217,0.0,0.0,-8.01,,-77.82954545454545,0.0,-7418000.0,0.0,-6767000.0,0.0,-3.11004,-0.05528089887640449,3052000.0,1100000.0,2225000.0,0.0,1670000.0,,-827000.0,-0.11588118745288385
"Atossa Therapeutics, Inc.",ATOS,Healthcare,NASDAQ,US,2024-12-31,,45985032.0,0.92355585,-1.2342055,,-4.10580070435268,0.0,0.0,-3.45,-4.32667,-3.5803003768987702,0.0,-27621000.0,0.0,-25504000.0,0.0,-0.48887002,0.9350243315368113,4967000.0,4967000.0,74457000.0,,71084000.0,,69490000.0,1.5111438869934894
Agape ATP Corporation,ATPC,Consumer Defensive,NASDAQ,US,2024-12-31,,2451323.0,0.10722101,,,-22.867144226451405,0.0,0.0,-0.25,,-0.5545073831522994,1322747.0,-2573343.0,-1.6225901,-2470474.0,-1.8259,-0.21579,0.5965747125017746,1310899.0,1120124.0,2776695.0,362780.0,2040243.0,15237.0,1476461.9,0.6023122615828269
"AptarGroup, Inc.",ATR,Healthcare,NASDAQ,US,2024-12-31,,8848412672.0,3.1811182,20.841705,22.764406,28.629634479994877,0.2889,0.0,5.9,6.44429,4.2521037291682235,3582890000.0,509499000.0,0.15148,374541000.0,0.11451,0.15621,0.5577014799161966,1946354000.0,1068281000.0,1478383000.0,1076067000.0,223844000.0,11895000.0,-459644500.0,-0.05194654872443996
"Atara Biotherapeutics, Inc.",ATRA,Healthcare,NASDAQ,US,2024-12-31,,35185948.0,-0.96044093,10.905028,1.7062938,-0.21055279696915816,0.0,0.0,2.86,0.4475,-65.18555240793201,128940000.0,-83438000.0,-1.02722,-85403000.0,0.15402001,,-0.8917028726466113,206381000.0,134574000.0,64894000.0,43831000.0,25030000.0,,-141487000.0,-4.021122295752838
"AtriCure, Inc.",ATRC,Healthcare,NASDAQ,US,2024-12-31,,1844997504.0,3.8716745,-458.14816,,-55.881777672692756,0.0,0.0,-0.61,-0.081,-0.6572804422466475,465307000.0,-40013000.0,0.00155,-44698000.0,-0.05551,-0.06112,0.7565202977706589,148359000.0,73424000.0,267826000.0,76530000.0,122721000.0,,119467000.0,0.06475184911686471
Astronics Corporation,ATRO,Industrials,NASDAQ,US,2024-12-31,,2728477952.0,24.928387,30.419067,,-22.039262898878526,0.0,0.0,-0.09,2.5175,-0.798121072982117,795426000.0,26466000.0,0.10903,-16215000.0,-0.0037200002,-0.01725,0.3947460093346733,392667000.0,156152000.0,426172000.0,193874000.0,9285000.0,,33505000.0,0.012279740056334528
Astronics Corporation,ATROB,Industrials,NASDAQ,US,2024-12-31,,2608764160.0,23.834635,,,-21.425321245530974,0.0,0.0,-0.09,,-0.798121072982117,795426000.0,26466000.0,0.10903,-16215000.0,-0.0037200002,-0.01725,0.3947460093346733,392667000.0,156152000.0,426172000.0,193874000.0,9285000.0,,33505000.0,0.012843246052567665
ATS Corporation,ATS,Industrials,NASDAQ,US,2025-03-31,,2896885248.0,2.2320433,19.037062,213.42856,17.157249726952777,0.0,0.0,0.14,1.56957,1.9653500273841373,2533288000.0,33228000.0,0.083459996,-28049000.0,0.00674,0.0107700005,0.3690662571356368,2912515000.0,1125460000.0,1905350000.0,1700342000.0,225947000.0,,-1007165000.0,-0.3476716934836626
"Ameritek Ventures, Inc.",ATVK,Industrials,NASDAQ,US,2024-12-31,,43796910080.0,3.4602075,,0.33333334,-17.87522299755937,0.0,0.0,12.0,,-0.12755085470548116,678300.0,219332.0,0.64249,4496799.0,3.15949,0.35856,0.6551860239881993,2477586.0,1455175.0,0.0,1043411.0,0.0,5059606.0,1064138.1999999997,2.4297106760642046e-05
"Ameritek Ventures, Inc.",ATVKD,Industrials,NASDAQ,US,2024-12-31,,63870492.0,6.055363,,0.5833333,-17.87522299755937,0.0,0.0,12.0,,-0.12755085470548116,678300.0,219332.0,0.64249,4496799.0,3.15949,0.35856,0.6551860239881993,2477586.0,1455175.0,0.0,1043411.0,0.0,5059606.0,1064138.1999999997,0.016660873694224865
Addentax Group Corp.,ATXG,Industrials,NASDAQ,US,2025-03-31,,3854349.0,0.14900362,,,-1.2839509789480084,0.0,0.0,-0.68,,-0.7087498207849358,4180914.0,-1811947.0,-0.54813,-5094198.0,-0.88045996,-0.17682,0.4419968484361884,27435529.0,3952319.0,29791614.0,22419290.0,324953.0,,2356085.0,0.6112796220580959
"Avenue Therapeutics, Inc.",ATXI,Healthcare,NASDAQ,US,2024-12-31,,541204.0,0.15219338,-0.054140124,0.22077923,-0.16800478247184567,0.0,0.0,0.77,-3.14,-73.48005268300973,0.0,-11283000.0,-2.79701,-11652000.0,-2.6666698,-1.9115,1.0467814371257484,816000.0,816000.0,2672000.0,,2594000.0,,1856000.0,3.4293907657740887
"Astria Therapeutics, Inc.",ATXS,Healthcare,NASDAQ,US,2024-12-31,,718127296.0,5.1472993,-5.2562747,,-3.3309179404898606,0.0,NaN,-2.14,-2.38,-2.419753522487365,0.0,-111558000.0,-48.305954,-94260000.0,0.0,-0.43148,0.9325277556277985,23100000.0,19131000.0,334643000.0,5353000.0,59820000.0,,311543000.0,0.4338269854596921
"aTyr Pharma, Inc.",ATYR,Healthcare,NASDAQ,US,2024-12-31,,88089984.0,1.0976801,-1.6786168,,-1.5638639166027093,0.0,0.0,-0.83,-0.53556,-0.9399795039734743,235000.0,-67914000.0,-140.76317,-64023000.0,0.0,-1.03493,0.7231126716926572,26998000.0,14967000.0,81954000.0,13283000.0,11055000.0,,54956000.0,0.6238620726733246
AngloGold Ashanti plc,AU,Basic Materials,NASDAQ,US,2024-12-31,,52483137536.0,6.8248963,11.660006,22.796053,-31.30125949330235,0.35419998,0.02561112,4.56,8.91509,-0.5580554447366942,5793000000.0,1553000000.0,0.42491,1004000000.0,0.26251,0.38715,0.5038382610017481,4644000000.0,1440000000.0,3148000000.0,2153000000.0,1425000000.0,,-1496000000.0,-0.028504393415386835
Atlantic Union Bankshares Corporation,AUB,Financial Services,NASDAQ,US,2024-12-31,,5954408448.0,1.1832006,10.306506,20.58128,12.767106575708562,0.6847,0.03368064,2.03,4.05375,2.6922577133807803,817417000.0,,0.53363,209131000.0,0.22207001,0.06718,0.12783557897530978,21442444000.0,,,478342000.0,350130000.0,,,
Atlantic Union Bankshares Corporation,AUB-PA,Financial Services,NASDAQ,US,2024-12-31,,,0.7000651,,,,,0.056025796,,,,817417000.0,,0.53363,209131000.0,0.22207001,0.06718,0.12783557897530978,21442444000.0,,,478342000.0,350130000.0,,,
"Auburn National Bancorporation, Inc.",AUBN,Financial Services,NASDAQ,US,2024-12-31,,86049800.0,0.9602339,,11.841346,48.344898516747264,0.51919997,0.04268775,2.08,,0.39879589368873336,30599000.0,,0.27603,6397000.0,0.22558,0.08642,0.0801085412821132,899032000.0,,,,56154000.0,243002000.0,,
AudioCodes Ltd.,AUDC,Technology,NASDAQ,US,2024-12-31,,219094016.0,1.2227912,11.402985,24.64516,18.185789522733224,1.2258,0.053619303,0.31,0.67,0.49967365054500357,,,0.05963,,0.036459997,0.04932,0.5710432538158564,144087000.0,77758000.0,162876000.0,36462000.0,58749000.0,31526000.0,40857200.0,0.18648250073612235
AUGG,AUGG,Unknown,NASDAQ,US,,,,,,,,,,,,,,,,,,,,,,,,,,,
Aura Minerals Inc.,AUGO,Basic Materials,NASDAQ,US,2024-12-31,,5512441856.0,17.095856,12.545627,,,7.8,0.02327435,-0.55,5.26,,594163000.0,199394000.0,0.53823,-30271000.0,-0.05551,-0.15495,0.20638974619120176,857307000.0,251303000.0,389335000.0,467355000.0,270189000.0,,-467972000.0,-0.084893775249645
Aurania Resources Ltd.,AUIAF,Basic Materials,NASDAQ,US,2024-12-31,,15097060.0,-1.348866,-3.0,,-1.4395974888761849,0.0,0.0,-0.1,-0.04,-0.1528204935809169,0.0,-8703302.0,0.0,-10833344.0,0.0,,-4.814050623483432,11865268.0,3651556.0,1832874.0,8274153.0,1593204.0,35000.0,-10007894.0,-0.6629035057156824
authID Inc.,AUID,Technology,NASDAQ,US,2024-12-31,,26824924.0,2.6847663,,,-2.788225019723745,0.0,0.0,-1.47,,-3.152543248723854,886485.0,-14684291.0,49.3002,-14277994.0,0.0,-1.50908,0.7957217201929022,2956188.0,2956188.0,10074427.0,240884.0,8471561.0,,7118239.0,0.2653591488274114
Aurania Resources Ltd.,AUIWF,Unknown,NASDAQ,US,,,,,,,,,,,,,,,,,,,,,,,,,,,
Golden Minerals Company,AUMN,Basic Materials,NASDAQ,US,2024-12-31,,4424091.0,-0.91843754,-0.7168293,,-0.4904745974939367,0.0,0.0,-0.21,-0.41,-1.0805859754975842,0.0,-4553000.0,0.0,-7600000.0,0.0,,-0.43646179401993357,6918000.0,3637000.0,3853000.0,18000.0,3175000.0,,-3065000.0,-0.6927976843152639
Auna SA,AUNA,Healthcare,NASDAQ,US,2024-12-31,,352301760.0,0.7307222,4.765576,4.857143,,0.0,0.0,0.98,0.99883,,4386112000.0,746184000.0,0.14827,110271000.0,0.04344,0.1141,0.20862511157057476,5457780000.0,1945275000.0,1703868000.0,3767662000.0,235745000.0,282000.0,-3753714600.0,-10.65482783849845
Aurinia Pharmaceuticals Inc.,AUPH,Healthcare,NASDAQ,US,2024-12-31,,1903777664.0,5.2054796,15.61081,25.785713,-17.000325465061763,0.0,0.0,0.56,0.925,-0.5446954676198721,235133000.0,18419000.0,0.40487,5752000.0,0.29283002,0.20653,0.6855197087052457,173167000.0,97763000.0,446596000.0,79369000.0,83433000.0,,273429000.0,0.1436244395395953
"Aurora Innovation, Inc.",AUR,Technology,NASDAQ,US,2024-12-31,,8283388416.0,3.6057289,-9.106383,,-7.75194739516656,0.0,0.0,-0.51,-0.47,-0.5998492840994725,0.0,-786000000.0,-222.0,-748000000.0,0.0,-0.37271,0.8769878391019644,263000000.0,105000000.0,1254000000.0,121000000.0,211000000.0,,991000000.0,0.11963703139717649
"Aura Biosciences, Inc.",AURA,Healthcare,NASDAQ,US,2024-12-31,,355618304.0,2.2517087,-2.7586207,,-4.687534341019469,0.0,0.0,-1.91,-2.03,-1.9285191967013862,0.0,-96116000.0,0.0,-86919000.0,0.0,-0.64265,0.832698640570292,30533000.0,14913000.0,160623000.0,18769000.0,31693000.0,,130090000.0,0.3658135662218332
Aurelion Inc.,AURE,Financial Services,NASDAQ,US,2025-09-30,,90372152.0,-65.3,,,,0.0,0.0,-0.44,,,1785569.0,-12686239.0,-7.10487,-22729866.0,0.0,-16.39912,-9.225044281376519,323275.0,323275.0,31616.0,0.0,5024.0,,-291659.0,-0.003227310554693884
"Aurora Innovation, Inc.",AUROW,Unknown,NASDAQ,US,2024-12-31,,,0.20210613,,,,,0.0,-2.271,,,0.0,-786000000.0,-222.0,-748000000.0,0.0,-0.37271,0.8769878391019644,263000000.0,105000000.0,1254000000.0,121000000.0,211000000.0,,991000000.0,
"Nuo Therapeutics, Inc.",AURX,Healthcare,NASDAQ,US,2024-12-31,,80630312.0,-185.55556,-55.666668,,-7.960648615710104,0.0,0.0,-0.05,-0.03,-0.07537074587839182,1365173.0,-2457835.0,-0.52334,-2323705.0,-0.93064004,-10.325,0.4318693106729841,675796.0,578451.0,841546.0,164206.0,283714.0,,165750.0,0.0020556785145516986
"Aura Systems, Inc.",AUSI,Industrials,NASDAQ,US,2025-02-28,,16039585.0,-0.42446044,,,-3.865816936951074,0.0,0.0,-0.01,,-0.04242311708099089,50000.0,-4814000.0,-10.5625,-21138000.0,0.0,,-25.452268111035885,39070000.0,38447000.0,281000.0,15639000.0,23000.0,,-38789000.0,-2.418329401914077
Austin Gold Corp.,AUST,Basic Materials,NASDAQ,US,2024-12-31,,25468982.0,2.8971963,-14.307693,,-2.3221666669887155,0.0,0.0,-0.13,-0.13,-0.30144261306911296,0.0,-3412440.0,0.0,-3078731.0,0.0,-0.19372,0.9759590954149484,228698.0,228698.0,5413247.0,,381899.0,12404.0,5193231.8,0.20390417646060607
Autolus Therapeutics plc,AUTL,Healthcare,NASDAQ,US,2024-12-31,,377923456.0,1.4242728,-1.8734745,,-5.534208593244524,0.0,0.0,-0.9,-0.75795,-1.1980032922022492,10120000.0,-240789000.0,-3.37931,-220662000.0,0.0,-0.60559,0.5459452553578843,355400000.0,60743000.0,660929000.0,52629000.0,227380000.0,,305529000.0,0.8084414850397642
Auddia Inc.,AUUD,Technology,NASDAQ,US,2024-12-31,,2484239.0,0.414811,-0.42157894,,-0.5491561140317249,0.0,0.0,-21.76,-1.9,-219.79177480535037,0.0,-7917139.0,0.0,-8722039.0,0.0,-1.5418401,0.8860002627243916,604008.0,550920.0,2762378.0,81493.0,2706319.0,,2158370.0,0.8688254229967407
Auddia Inc.,AUUDW,Unknown,NASDAQ,US,2024-12-31,,,0.0050750906,,,,,0.0,,,,0.0,-7917139.0,0.0,-8722039.0,0.0,-1.5418401,0.8860002627243916,604008.0,550920.0,2762378.0,81493.0,2706319.0,,2158370.0,
A2 Gold Corp.,AUXXF,Basic Materials,NASDAQ,US,2025-09-30,,96077408.0,2.7590847,-101.0,,5.33674705583685,0.0,0.0,-0.03,-0.01,0.027919630137040855,0.0,-2100469.0,0.0,-2485628.0,0.0,-0.05959,0.9855906343487335,695033.0,499378.0,12249228.0,,11985928.0,,11554195.0,0.12025922889177026
Avista Corporation,AVA,Utilities,NASDAQ,US,2024-12-31,,3376927488.0,1.2766874,15.018112,17.584747,14.497126292513126,0.8242,0.04587264,2.36,2.76333,2.2354402248512977,1938000000.0,306000000.0,0.15135999,180000000.0,0.09623,0.073070005,0.32628132477018007,5350000000.0,771000000.0,656000000.0,3117000000.0,30000000.0,157000000.0,-4584100000.0,-1.3574765867166882
Aveanna Healthcare Holdings Inc.,AVAH,Healthcare,NASDAQ,US,2024-12-31,,1639954304.0,167.02129,12.874339,21.216215,-4.080854419487804,0.0,0.0,0.37,0.60974,-0.708185053380783,2024506000.0,141277000.0,0.10998999,-10929000.0,0.03294,,-0.07339812455738087,1785484000.0,402167000.0,392670000.0,1333224000.0,84288000.0,,-1392814000.0,-0.8493004936800971
Avant Technologies Inc.,AVAI,Technology,NASDAQ,US,2025-03-31,,56565324.0,-24.10588,,,-40.24792195127197,0.0,0.0,-0.01,,-0.024597543464115565,0.0,-1142115.0,0.0,-1142115.0,0.0,,-6.958428441122161,1788617.0,1788617.0,93133.0,903350.0,81053.0,,-1695484.0,-0.02997391122518807
Grupo Aval Acciones y Valores S.A.,AVAL,Financial Services,NASDAQ,US,2024-12-31,,5463203328.0,0.0059064687,9.611147,12.052631,0.0023672989712651034,0.3768,0.0,0.38,0.47653,912.2155820878065,16059534000000.0,,0.0,1015087000000.0,0.12345,0.09245,0.053227871169390935,294696465000000.0,,,71362380000000.0,15530027000000.0,6614761000000.0,,
"AeroVironment, Inc.",AVAV,Industrials,NASDAQ,US,2025-04-30,,12842564608.0,2.8936267,55.81598,,72.93449796261102,0.0,0.0,-1.21,4.608,2.183329013586911,820627000.0,59154000.0,-0.06403,43619000.0,-0.050780002,-0.02637,0.791123600819942,234060000.0,172161000.0,606516000.0,64291000.0,40862000.0,1204000.0,373298800.0,0.029067309481741795
AVAX,AVAX,Unknown,NASDAQ,US,,,,,,,,,,,,,,,,,,,,,,,,,,,
"AvalonBay Communities, Inc.",AVB,Real Estate,NASDAQ,US,2024-12-31,,24613449728.0,2.070662,31.64308,23.45884,26.99977446489143,0.94589996,0.041249264,7.41,5.49346,6.5574707730917225,2913757000.0,915750000.0,0.29693002,1081994000.0,0.34569,0.088879995,0.5686034732971514,9059645000.0,746285000.0,267076000.0,8250531000.0,108576000.0,,-8792569000.0,-0.3572261953186378
"Avidia Bancorp, Inc.",AVBC,Financial Services,NASDAQ,US,2024-12-31,,359674688.0,1.028181,13.864285,,,0.0,0.0,-0.18,1.4,,86049000.0,,0.31441998,11484000.0,-0.04005,-0.01148,0.07296222641564833,2462712000.0,,,352679000.0,62444000.0,,,
"Avidbank Holdings, Inc.",AVBH,Financial Services,NASDAQ,US,,,334108960.0,1.1887784,8.343657,,,0.0,0.0,-2.25,3.65667,,,,0.42148,,-0.75755,-0.083680004,,,,,,,,,
"ArriVent BioPharma, Inc.",AVBP,Healthcare,NASDAQ,US,2024-12-31,,902410560.0,2.9279401,-5.5880775,,,0.0,0.0,-4.15,-3.9119,,0.0,-94308000.0,0.0,-80488000.0,0.0,-0.51839,0.9371212837616661,17288000.0,17274000.0,226979000.0,176000.0,74293000.0,,209691000.0,0.23236762654905102
Avricore Health Inc.,AVCRF,Healthcare,NASDAQ,US,2024-12-31,,6110205.0,5.4853883,,,-15.617949460091324,0.0,0.0,-0.01,,-0.007043178087177031,4785711.0,139348.0,-9.87898,-668977.0,-0.84734,-0.86098,0.8560754112168398,330817.0,330817.0,1582956.0,,1132392.0,,1252139.0,0.20492585764307417
American Vanguard Corporation,AVD,Basic Materials,NASDAQ,US,2024-12-31,,142056016.0,0.656061,12.794871,,42.02750268751739,0.0,0.0,-3.98,0.39,0.2635194336382434,547306000.0,-31979000.0,-0.043720003,-126340000.0,-0.21148,-0.40845,0.36611011730412535,403611000.0,232350000.0,378893000.0,167807000.0,12514000.0,,-24718000.0,-0.17400178250810583
Avadel Pharmaceuticals plc,AVDL,Healthcare,NASDAQ,US,2024-12-31,,2128905472.0,21.475248,28.888416,Infinity,-7.29827717333588,0.0,0.0,0.0,0.75082,-1.9991019532516776,169117000.0,-42399000.0,0.025,-48832000.0,-0.00112,-0.00322,0.44964563189556495,90388000.0,48834000.0,134208000.0,1704000.0,51371000.0,,43820000.0,0.020583346971640458
Anew Health Ltd,AVG,Unknown,NASDAQ,US,2025-03-31,,,,,,,,,,,,40022121.0,7759556.0,,5540351.0,,,0.19520697795968758,25230926.0,22384077.0,14558464.0,5871109.0,10069559.0,,-10672462.0,
Broadcom Inc.,AVGO,Technology,NASDAQ,US,2025-10-31,,1578464837632.0,5.6216545,23.179405,69.94118,137.80737289156926,0.4948,0.00779363,4.76,14.36275,1.2337798241942235,63887000000.0,26075000000.0,0.31765,23126000000.0,0.36198002,0.31048,0.4751361840413345,89800000000.0,18514000000.0,31573000000.0,65136000000.0,16178000000.0,,-58227000000.0,-0.0368883731913545
"AVITA Medical, Inc.",AVHHL,Healthcare,NASDAQ,US,2024-12-31,,129748184.0,-3.885845,,,-9.307436757613184,0.0,0.0,-0.36,,-0.2793465024090389,64251000.0,-56593000.0,-0.53646,-61845000.0,-0.67064005,-17.46269,0.05644139453776768,75212000.0,20158000.0,57000000.0,45985000.0,14050000.0,,-18212000.0,-0.14036419962532964
"Atea Pharmaceuticals, Inc.",AVIR,Healthcare,NASDAQ,US,2024-12-31,,324226240.0,1.0267196,-2.3782237,,-1.9014108759255475,0.0,0.0,-1.77,-1.745,-1.6303682407010454,0.0,-192950000.0,0.0,-168385000.0,0.0,-0.37976003,0.9444743343634595,25801000.0,18603000.0,462355000.0,1642000.0,64696000.0,,436554000.0,1.3464487019927813
Advent Convertible and Income Fund,AVK,Financial Services,NASDAQ,US,2025-10-31,,558040128.0,0.9441996,-421.33334,4.698885,3.5704574606752537,0.52279997,0.11212122,2.69,-0.03,2.719999966287728,122413544.0,,0.78532,118641944.0,2.86021,0.21083,0.6203080033653948,361765546.0,,,350022459.0,,940703137.0,,
Avalon Advanced Materials Inc.,AVLNF,Basic Materials,NASDAQ,US,2025-08-31,,41766188.0,0.40813902,,,-37.99940569853498,0.0,0.0,-0.01,,-0.0011263334521494997,49940.0,-3499310.0,-18.609749,-5196726.0,0.0,-0.04117,0.9112419865472516,12178173.0,4290400.0,1753802.0,10596832.0,1453872.0,,-10424371.0,-0.24958875825584081
Arvana Inc.,AVNI,Consumer Cyclical,NASDAQ,US,2024-12-31,,23291166.0,-18.300001,,,-32.76363729377126,0.0,0.0,-0.01,,-0.012208656883053367,67964.0,-372592.0,-90.34373,-447495.0,0.0,,-6.187509892371003,1453142.0,988373.0,18393.0,1237928.0,18293.0,,-1434749.0,-0.06160056563935013
"Avanos Medical, Inc.",AVNS,Healthcare,NASDAQ,US,2024-12-31,,677251904.0,0.87047315,14.59,,-17.154530744336572,0.0,0.0,-10.72,1.0,-1.3261802575107295,687800000.0,40500000.0,0.00281,-392100000.0,-0.66995,-0.4668,0.7178132039507884,325700000.0,165900000.0,393400000.0,170200000.0,107700000.0,,67700000.0,0.09996280497721569
Avient Corporation,AVNT,Basic Materials,NASDAQ,US,2024-12-31,,3549006336.0,1.4958898,12.705405,31.512194,48.60877413226874,0.878,0.028191073,1.23,3.05067,0.8246187363834423,3240400000.0,329300000.0,0.09907,169500000.0,0.0349,0.048189998,0.3981690213556814,3481500000.0,756100000.0,1422100000.0,2148700000.0,544500000.0,,-2059400000.0,-0.5802750981620113
"Aviat Networks, Inc.",AVNW,Technology,NASDAQ,US,2025-06-30,,340104896.0,1.2512461,8.125771,23.327435,32.93431315085259,0.0,0.0,1.13,3.244,0.8638407193320488,434606000.0,14186000.0,0.065560006,1341000.0,0.03269,0.05604,0.41557660241024735,370113000.0,282196000.0,463575000.0,90921000.0,59690000.0,,93462000.0,0.27480345357921576
"Mission Produce, Inc.",AVO,Consumer Defensive,NASDAQ,US,2025-10-31,,993874944.0,1.6858928,17.428572,26.471699,23.12270553148168,0.0,0.0,0.53,0.805,0.5168080263356358,1391200000.0,65200000.0,0.08777001,37700000.0,0.0271,0.06767,0.5974567650050865,363100000.0,134500000.0,262200000.0,200900000.0,64800000.0,,-100900000.0,-0.10152182687483065
AVPKS,AVPKS,Unknown,NASDAQ,US,,,,,,,,,,,,,,,,,,,,,,,,,,,
Avrupa Minerals Ltd.,AVPMF,Basic Materials,NASDAQ,US,2024-12-31,,5565007.0,4.28546,,Infinity,-17.332303581034132,0.0,0.0,0.0,,-0.0010385231911605858,0.0,-22935.0,0.0,-46630.0,0.0,-0.10777,0.8996578526147891,125315.0,125315.0,202055.0,,141011.0,,76740.0,0.013789740066813933
"AvePoint, Inc.",AVPT,Technology,NASDAQ,US,2024-12-31,,2280892928.0,4.8132963,27.130388,,-70.0504496904731,0.0,0.0,-0.01,0.3896,-0.11919981125553476,330482000.0,7166000.0,0.100889996,-29090000.0,0.005,0.0067299996,0.5185462041594822,248107000.0,222955000.0,394795000.0,16533000.0,290735000.0,,146688000.0,0.06431165540445746
Anteris Technologies Global Corp.,AVR,Healthcare,NASDAQ,US,2023-12-31,,531705088.0,53.30097,-4.4321733,,,0.0,0.0,-2.6,-1.23867,,,,-51.89977,,0.0,-26.985329,0.6322478399761002,11629367.0,9456284.0,24221734.0,1689538.0,21027219.0,,12592367.0,0.023682991350272728
AVSBS,AVSBS,Unknown,NASDAQ,US,,,,,,,,,0.0,,,,,,,,,,,,,,,,,,
"Avnet, Inc.",AVT,Technology,NASDAQ,US,2025-06-30,,5453711360.0,1.0976193,10.702008,27.0813,9.013200355434888,0.5528,0.021154145,2.46,6.225,5.430262312575541,22200754000.0,622570000.0,0.02744,240217000.0,0.00896,0.04242,0.41353905866484225,7107058000.0,4128104000.0,10018737000.0,2877709000.0,192428000.0,,2911679000.0,0.5338894576188206
"Avantor, Inc.",AVTR,Healthcare,NASDAQ,US,2024-12-31,,7677235200.0,1.3783817,12.373219,,48.761980530184324,0.0,0.0,-0.14,0.91003,0.4733195754716981,6783600000.0,638200000.0,0.0848,711500000.0,-0.0125,-0.014780001,0.4917000288909984,6157800000.0,2007500000.0,2146600000.0,4055800000.0,261900000.0,,-4011200000.0,-0.5224797593800434
"Avalo Therapeutics, Inc.",AVTX,Healthcare,NASDAQ,US,2024-12-31,,262696000.0,2.7633884,-3.1177013,,-0.1035401212137543,0.0,0.0,-13.42,-4.55143,-113.57916227086311,441000.0,-68512000.0,-346.32294,-35129000.0,0.0,-1.7479401,0.8825730435474882,17700000.0,6960000.0,138890000.0,568000.0,134546000.0,,121190000.0,0.46133172945153333
AVVOF,AVVOF,Industrials,NASDAQ,US,2024-12-31,,1839251328.0,2.6958401,,133.84999,,0.0,0.0037326608,0.3,,,312814000.0,5020014.0,-0.00017999999,6087126.0,0.01454,0.02863,0.27721685085449793,779520040.0,728078795.0,597010975.0,11593526.0,101684489.0,,-182509065.0,-0.09923008466627568
AVIO SPA,AVVSY,Industrials,NASDAQ,US,2024-12-31,,1749705088.0,0.64114743,,136.42857,,0.0,0.015226337,0.07,,,312814000.0,5020014.0,-0.00017999999,6087126.0,0.01454,0.02863,0.27721685085449793,779520040.0,728078795.0,597010975.0,11593526.0,101684489.0,,-182509065.0,-0.1043084724687044
Avax One Technology Ltd.,AVX,Financial Services,NASDAQ,US,2024-12-31,,61556436.0,0.2246347,,,-0.04656927576789032,0.0,0.0,-47.19,,-9102.56788207913,67887.0,-6065088.0,-4.44528,-16274815.0,0.0,-1.96233,0.5677501534515615,4652730.0,4320265.0,1307233.0,1484908.0,489868.0,,-3345497.0,-0.05434845188243192
Anavex Life Sciences Corp.,AVXL,Healthcare,NASDAQ,US,2025-09-30,,366327232.0,3.744292,3.2283463,,-11.025033812189195,0.0,0.0,-0.54,1.27,-0.5151911481721587,0.0,-51371000.0,0.0,-46377000.0,0.0,-0.43115002,0.9138274815778067,8946000.0,8946000.0,103815000.0,,102577000.0,,94869000.0,0.25897337602245196
Avery Dennison Corporation,AVY,Consumer Cyclical,NASDAQ,US,2024-12-31,,14802840576.0,6.611088,16.809872,21.787258,31.504311123614755,0.4209,0.019182911,8.79,11.39271,6.202219482120839,8755700000.0,1115400000.0,0.12394,704900000.0,0.07769,0.30212998,0.275136241403108,6091900000.0,2862600000.0,3078700000.0,3152200000.0,329100000.0,,-3013200000.0,-0.20355552601744104
AWATY,AWATY,Unknown,NASDAQ,US,,,,0.9610733,,,,,5.01002,,,,,,0.060850002,,0.04645,0.09819999,,,,,,,,,
"Awaysis Capital, Inc.",AWCA,Real Estate,NASDAQ,US,2025-06-30,,59664368.0,12.916667,,,-48.987416544338295,0.0,0.0,-0.01,,-0.024087817459814396,441059.0,-2699523.0,-6.71724,-2724941.0,0.0,-0.45731997,0.3070739639929143,12118431.0,12010682.0,12163615.0,9372932.0,220909.0,,45184.0,0.0007573029182174527
AllianceBernstein Global High Income Fund,AWF,Financial Services,NASDAQ,US,2025-03-31,,914034624.0,0.92037857,,12.470589,6.315444284130403,0.9247,0.07464522,0.85,,1.4599999960304224,70192724.0,,0.86673,69109846.0,0.98898005,0.07362,0.9765892873770287,23166682.0,,,,20308.0,3946102.0,,
Aspira Women's Health Inc.,AWHL,Healthcare,NASDAQ,US,2024-12-31,,16957360.0,-3.8235292,,,-2.279282184741281,0.0,0.0,-0.35,,-1.807586578415142,9182000.0,-16278000.0,-0.68503,-13094000.0,-1.15658,,-0.4667637953014023,8054000.0,5468000.0,4183000.0,3376000.0,1769000.0,,-3871000.0,-0.22827845843928535
"Armstrong World Industries, Inc.",AWI,Industrials,NASDAQ,US,2024-12-31,,8575964160.0,9.625655,23.496937,28.402578,19.541988914837464,0.1768,0.006519046,6.98,8.43727,4.995535714285714,1445700000.0,273100000.0,0.20931,264900000.0,0.19084999,0.38028,0.41086449232105066,1085600000.0,249700000.0,348900000.0,599900000.0,79300000.0,,-736700000.0,-0.08590287765381706
"American Water Works Company, Inc.",AWK,Utilities,NASDAQ,US,2024-12-31,,24266377216.0,2.2242298,20.373451,21.850615,25.944167258375785,0.55979997,0.025342138,5.69,6.10255,4.891191709844559,4684000000.0,1718000000.0,0.42591,1051000000.0,0.21933001,0.10457,0.31471215351812365,22498000000.0,3150000000.0,1215000000.0,14110000000.0,96000000.0,,-21283000000.0,-0.8770571647574606
abrdn Global Premier Properties Fund,AWP,Financial Services,NASDAQ,US,2025-10-31,,117361448.0,1.0343008,,18.666668,3.404522366352525,6.8571,0.12244897,0.21,,1.1100000017505485,6987286.0,,0.44662,6171625.0,0.54609,0.01764,0.915432113051002,31444433.0,,,30802087.0,57938.0,,,
American States Water Company,AWR,Utilities,NASDAQ,US,2024-12-31,,2728205568.0,2.7030034,20.25,20.849112,23.006441729070723,0.56229997,0.026465265,3.38,3.48,3.369231599104566,595459000.0,184483000.0,0.33964002,119268000.0,0.20433001,0.1378,0.3679896360664249,1580158000.0,285525000.0,233346000.0,938235000.0,26661000.0,,-1346812000.0,-0.4936622136532492
"Aware, Inc.",AWRE,Technology,NASDAQ,US,2024-12-31,,38472652.0,1.4117647,-13.846154,,-4.797882020538675,0.0,0.0,-0.27,-0.13,-0.34807024223099986,17389000.0,-5545000.0,-0.25249,-4431000.0,-0.32184,-0.18972,0.7245098958821874,11748000.0,7864000.0,32985000.0,4244000.0,12972000.0,,21237000.0,0.5520024977742631
Air Water Inc.,AWTRF,Basic Materials,NASDAQ,US,2025-03-31,,3897955328.0,1.1898004,,12.507353,0.06362268502482216,0.3497,4.409171,1.36,,194.5187458890594,1075929000000.0,70981000000.0,0.060850002,49074000000.0,0.04645,0.09819999,0.4136618915025329,713291000000.0,327857000000.0,456594000000.0,418228000000.0,70609000000.0,95302000000.0,-189985600000.0,-48.739809467616354
Avalon Holdings Corporation,AWX,Industrials,NASDAQ,US,2024-12-31,,10372489.0,0.26795608,,66.5,-5.184022304776689,0.0,0.0,0.04,,-0.45524493459861504,83795000.0,3075000.0,0.091120005,1318000.0,0.00226,-0.0078100003,0.4413013714524401,49134000.0,15463000.0,14556000.0,34712000.0,2803000.0,,-34578000.0,-3.3336260949517516
"Axos Financial, Inc.",AX,Financial Services,NASDAQ,US,2025-06-30,,5725069824.0,1.9538473,10.323998,12.818528,7.206266457531866,0.0,0.0,7.88,9.784,7.659999958126078,1241773000.0,,0.50616,432908000.0,0.36040002,0.16750999,0.10816562010578347,22102401000.0,,,372671000.0,1933845000.0,,,
Solowin Holdings,AXG,Financial Services,NASDAQ,US,2025-03-31,,675687616.0,1.826484,,,-18.737350720029006,0.0,0.0,-0.21,,-0.3319572699006416,2865000.0,-8376000.0,0.0029300002,-8538000.0,-0.90321,-0.03689,0.3843841403964901,7577000.0,7494000.0,9657000.0,1080000.0,3838000.0,,2080000.0,0.0030783456004616194
"Axogen, Inc.",AXGN,Healthcare,NASDAQ,US,2024-12-31,,1752410752.0,13.332062,70.56566,,-13.584655587910289,0.0,0.0,-0.05,0.495,-0.5064537757264747,187338000.0,-3287000.0,0.03182,-9964000.0,-0.00977,-0.01905,0.5100280766512212,99821000.0,30610000.0,99217000.0,68686000.0,27554000.0,,-604000.0,-0.00034466805188832807
AXIA Energia SA,AXIA,Utilities,NASDAQ,US,2024-12-31,,24868040704.0,1.238192,11.104418,,3.863040847737868,0.0924,0.0081406105,-0.53,0.996,1.9799999996257396,40181552000.0,12517542000.0,-0.34958,10378122000.0,-0.14111,-0.05214,0.42040454638959984,167871554000.0,31630370000.0,64451102000.0,78235616000.0,26572522000.0,1294575000.0,-102514249500.0,-4.122329166186007
AXIA Energia SA,AXIA-P,Utilities,NASDAQ,US,2024-12-31,,26509418496.0,1.319917,28.488583,,4.59796009728616,0.638,0.0076058772,-0.53,0.41385,1.9799999996257396,40181552000.0,12517542000.0,-0.34958,10378122000.0,-0.14111,-0.05214,0.42040454638959984,167871554000.0,31630370000.0,64451102000.0,78235616000.0,26572522000.0,1294575000.0,-102514249500.0,-3.867087824482772
AXIA Energia SA,AXIA-PC,Utilities,NASDAQ,US,2024-12-31,,25698904064.0,1.2090843,,,,0.0,0.008301887,-0.53,,,40181552000.0,12517542000.0,-0.34958,10378122000.0,-0.14111,-0.05214,0.42040454638959984,167871554000.0,31630370000.0,64451102000.0,78235616000.0,26572522000.0,1294575000.0,-102514249500.0,-3.98905141031309
"AXIL Brands, Inc.",AXIL,Technology,NASDAQ,US,2025-05-31,,45714256.0,4.1277637,,39.52941,80.39156810116904,0.0,0.0,0.17,,0.12389359075087049,26257522.0,1161365.0,0.11101,854988.0,0.04953,0.13771,0.750572017658401,3210087.0,2462824.0,9255648.0,757441.0,4769854.0,,6045561.0,0.13224673283537633
"AXIM Biotechnologies, Inc.",AXIM,Healthcare,NASDAQ,US,2024-12-31,,4827871.0,-0.45312497,,,-0.610270721606757,0.0,0.0,-0.0,,-0.03277233995481215,70458.0,-1763079.0,-32.57858,-3520471.0,0.0,,-3.0225327329013814,13866861.0,6762401.0,755.0,7181901.0,245.0,,-13866106.0,-2.872095381173192
Axiom Intelligence Acquisition Corp 1,AXIN,Financial Services,NASDAQ,US,,,344419968.0,-39.64805,,,,,0.0,,,,,,0.0,,0.0,,,,,,,,,,
Axiom Intelligence Acquisition Corp 1,AXINR,Unknown,NASDAQ,US,,,,-0.78125,,,,,0.0,,,,,,0.0,,0.0,,,,,,,,,,
Axiom Intelligence Acquisition Corp 1,AXINU,Financial Services,NASDAQ,US,,,,-40.039062,,,,,0.0,,,,,,0.0,,0.0,,,,,,,,,,
Dauch Corporation,AXL,Consumer Cyclical,NASDAQ,US,2024-12-31,,2121012480.0,1.4871117,12.88254,24.324324,-30.947857541697367,0.0,0.0,0.37,0.69862,-0.28693424423569597,6124900000.0,271400000.0,0.045440003,35000000.0,0.0071799997,0.06279,0.11122749461451807,4497100000.0,1175200000.0,1914800000.0,2737500000.0,552900000.0,,-2582300000.0,-1.217484585474952
"Axon Enterprise, Inc.",AXON,Industrials,NASDAQ,US,2024-12-31,,32902916096.0,10.79236,54.717216,131.49207,111.0014436189613,0.0,0.0,3.15,7.56983,2.329609308736217,2082526000.0,58540000.0,-0.00229,377034000.0,0.100509994,0.10028,0.5201964963031234,2146923000.0,1677875000.0,2297481000.0,721672000.0,454844000.0,,150558000.0,0.004575825424127173
American Express Company,AXP,Financial Services,NASDAQ,US,2024-12-31,,247401070592.0,7.3602343,17.912058,23.36695,20.66067785081723,0.2133,0.009249337,15.37,20.05074,14.20617110799439,,,0.17591,,0.16174999,0.33992,0.11148562776973488,241197000000.0,,,51089000000.0,40552000000.0,287000000.0,,
AMREP Corporation,AXR,Real Estate,NASDAQ,US,2025-04-30,,111212688.0,0.8122142,,10.748717,16.464604191288284,0.0,0.0,1.95,,1.2511688797456517,49694000.0,12107000.0,0.11906999,12716000.0,0.22857,0.08044,0.9714821791651717,3815000.0,3789000.0,107458000.0,26000.0,39466000.0,,103643000.0,0.9319350324488156
Amarc Resources Ltd.,AXREF,Basic Materials,NASDAQ,US,2025-03-31,,196034800.0,1193.072,,,-359.0195749442168,0.0,0.0,-0.01,,-0.00022282907059953703,0.0,-24603860.0,0.0,-3912888.0,0.0,-3.85364,-0.43068938812070356,2689759.0,2687412.0,1343358.0,995068.0,1211297.0,,-1346401.0,-0.006868173405946291
AXIS Capital Holdings Limited,AXS,Financial Services,NASDAQ,US,2024-12-31,,8327874560.0,1.3601543,7.339476,8.625911,12.200826106124644,0.1425,0.016511869,12.35,14.51466,4.374877924010603,6018811000.0,,0.2019,1081786000.0,0.15371001,0.16213,0.1872485896729159,26430914000.0,,,1488173000.0,2143471000.0,,,
AXIS Capital Holdings Limited,AXS-PE,Financial Services,NASDAQ,US,2024-12-31,,4038335488.0,0.25982484,,2.8315015,,,0.08712871,7.187,,,6018811000.0,,0.2019,1081786000.0,0.15371001,0.16213,0.1872485896729159,26430914000.0,,,1488173000.0,2143471000.0,,,
"Axsome Therapeutics, Inc.",AXSM,Healthcare,NASDAQ,US,2024-12-31,,9202827264.0,124.522514,529.76,,-15.117813659218314,0.0,0.0,-4.67,0.34459,-5.266634749002383,385693000.0,-252438000.0,-0.19254999,-287216000.0,-0.40895,-2.7550101,0.10029059029231413,511483000.0,230104000.0,485064000.0,192955000.0,315353000.0,,-26419000.0,-0.0028707482214022353
Axalta Coating Systems Ltd.,AXTA,Basic Materials,NASDAQ,US,2024-12-31,,7213141504.0,3.1645453,12.672889,16.177034,28.464700374531837,0.0,0.0,2.09,2.6679,1.2032447048219919,5276000000.0,706000000.0,0.15761,391000000.0,0.08808,0.21327999,0.26376051869223344,5293000000.0,1354000000.0,2723000000.0,3448000000.0,593000000.0,,-2570000000.0,-0.3562941332254224
"AXT, Inc.",AXTI,Technology,NASDAQ,US,2024-12-31,,1329896320.0,6.0757575,-962.39996,,-5.604331185797585,0.0,0.0,-0.53,-0.025,-0.4193185282461365,99361000.0,-12564000.0,-0.040170003,-11624000.0,-0.25224,-0.09876,0.5681168475217645,84406000.0,74176000.0,158272000.0,49777000.0,22833000.0,,73866000.0,0.055542675687680676
Acuity Inc.,AYI,Industrials,NASDAQ,US,2025-08-31,,10090662912.0,3.5847697,15.079471,25.26077,18.54253817033384,0.0523,0.0021521712,13.0,21.77729,13.439338527587852,4345600000.0,593600000.0,0.13946,396600000.0,0.09044,0.15612,0.5730358344549125,2030300000.0,845800000.0,1651500000.0,1004400000.0,422500000.0,5100000.0,-375230000.0,-0.037185862145267944
AYR,AYR,Unknown,NASDAQ,US,,,,,,,,,,,,,,,,,,,,,,,,,,,
Ayr Wellness Inc.,AYRWF,Healthcare,NASDAQ,US,2024-12-31,,1950119.0,0.006013684,-0.017956989,,-0.48412225347184973,0.0,0.0,-2.65,-0.93,-3.676757179874757,463633000.0,-38514000.0,-0.18451001,-359309000.0,-0.6853,-0.6799,0.2990373940538577,904309000.0,109319000.0,175156000.0,621885000.0,35482000.0,,-729153000.0,-373.9017977877248
"Aytu BioPharma, Inc.",AYTU,Healthcare,NASDAQ,US,2025-06-30,,25652368.0,1.8065006,7.9666667,,-0.9996564276095172,0.0,0.0,-3.44,0.3,-2.8609828498126655,66382000.0,2537000.0,-0.1299,-13562000.0,-0.39021,-1.09234,0.15273359800929318,105211000.0,63064000.0,79179000.0,21815000.0,30952000.0,,-26032000.0,-1.0147991015878144
AYWWF,AYWWF,Unknown,NASDAQ,US,,,,,,,,,,,,,,,,,,,,,,,,,,,
A2Z Cust2Mate Solutions Corp.,AZ,Technology,NASDAQ,US,2024-12-31,,266212976.0,3.6683998,-12.959184,,-2.931547307936372,0.0,0.0,-1.0,-0.49,-1.155533133820824,7166000.0,-12886000.0,-2.65869,-16996000.0,0.0,-0.89371,0.7367835575802522,12034000.0,11538000.0,17133000.0,1392000.0,13526000.0,200000.0,5239000.0,0.01967973191509643
Arizona Gold & Silver Inc.,AZASF,Basic Materials,NASDAQ,US,2025-08-31,,78799376.0,7.396132,,,-5.343706642933943,0.0,0.0,-0.01,,-0.04491264410125082,0.0,-1409464.0,0.0,-1306746.0,0.0,-0.092209995,0.973327800956947,355348.0,208553.0,3332026.0,208999.0,3147947.0,,2976678.0,0.037775400657995055
Autozi Internet Technology (Global) Ltd.,AZI,Consumer Cyclical,NASDAQ,US,2024-09-30,,6437704.0,-0.112755,,0.085984096,,0.0,0.0,20.12,,,124737000.0,-5447000.0,-0.101730004,-10856000.0,-0.07377,,-1.543715971999817,57034000.0,56992000.0,21087000.0,13499000.0,1972000.0,,-35947000.0,-5.583823052442299
AZLUQ,AZLUQ,Unknown,NASDAQ,US,,,,,,,,,,,,,,,,,,,,,,,,,,,
AstraZeneca PLC,AZN,Healthcare,NASDAQ,US,2024-12-31,,299251236864.0,6.5243697,38.14822,32.064785,34.236290320100956,0.5205,0.016723659,6.02,5.06,3.8124199743918052,54073000000.0,10251000000.0,0.24106,7035000000.0,0.1617,0.21674,0.39204114000096124,63164000000.0,27866000000.0,25827000000.0,30114000000.0,5488000000.0,1632000000.0,-36194600000.0,-0.12095054436299381
AstraZeneca PLC,AZNCF,Healthcare,NASDAQ,US,2024-12-31,,290600648704.0,6.335767,37.045456,31.086233,34.55915906571421,0.5205,0.016981337,6.03,5.06,3.8124199743918052,54073000000.0,10251000000.0,0.24106,7035000000.0,0.1617,0.21674,0.39204114000096124,63164000000.0,27866000000.0,25827000000.0,30114000000.0,5488000000.0,1632000000.0,-36194600000.0,-0.12455099519363803
"AutoZone, Inc.",AZO,Consumer Cyclical,NASDAQ,US,2025-08-31,,61229162496.0,-18.91026,20.982002,25.640871,21.37555291871397,0.0,0.0,143.57,175.44846,149.54934561590744,18938717000.0,3610156000.0,0.16941999,2498247000.0,0.12776,,-0.17640174868682126,22769637000.0,9519397000.0,8341379000.0,12288796000.0,271803000.0,,-14428258000.0,-0.23564356283564347
"Azenta, Inc.",AZTA,Healthcare,NASDAQ,US,2025-09-30,,1322887040.0,0.770717,27.40458,49.517242,-13.646402278962631,0.0,0.0,0.58,1.048,-3.618536230918512,593821000.0,-21673000.0,-0.040999997,-55763000.0,-0.10118,0.01534,0.8385128632897355,332596000.0,237674000.0,708339000.0,51244000.0,279783000.0,201585000.0,516852500.0,0.3907004032634563
"Azitra, Inc.",AZTR,Healthcare,NASDAQ,US,2024-12-31,,2234065.0,0.51105654,-0.40000004,,-0.6484500186595256,0.0,0.0,-1.47,-0.52,-326.93344729674914,7500.0,-10985140.0,0.0,-8967492.0,0.0,-2.15044,0.7743513142492487,1660504.0,1375857.0,5228290.0,555509.0,4554719.0,,3567786.0,1.5969929254520348
Azul S.A.,AZULQ,Industrials,NASDAQ,US,2024-12-31,,1317889536.0,,,,-36.166653664190285,0.0,0.0,-92753.6,,-4566.82206235012,19526208000.0,3246842000.0,0.117419995,-9151371000.0,-0.12292,,-1.1583381931599244,56710213000.0,21342297000.0,5658020000.0,37542632000.0,1210009000.0,1040454000.0,-50323875200.0,-38.18519976472444
AZZ Inc.,AZZ,Industrials,NASDAQ,US,2025-02-28,,3907420928.0,2.9420419,19.036463,12.2065735,18.07595456126252,0.0695,0.0058071096,10.65,6.829,4.030584315125551,1577744000.0,236364000.0,0.16319,128833000.0,0.19886999,0.27378,0.46944211331232844,1181606000.0,220992000.0,375444000.0,879126000.0,1488000.0,,-806162000.0,-0.20631562732931139
Aztec Minerals Corp.,AZZTF,Basic Materials,NASDAQ,US,2024-12-31,,50302484.0,3.1919289,,,-6.314691690894521,0.0,0.0,-0.01,,-0.018844942645957822,0.0,-1889186.0,0.0,-1824515.0,0.0,-0.092700005,0.9501252394088435,754656.0,754656.0,1520835.0,,1109496.0,,766179.0,0.015231434694159437
Barrick Mining Corporation,B,Basic Materials,NASDAQ,US,2024-12-31,,75659272192.0,3.0300589,11.394142,15.412969,24.116710087038438,0.2163,0.0,2.93,3.96344,0.7247863247863248,12922000000.0,4184000000.0,0.49012002,2144000000.0,0.24534,0.1535,0.5100155377314912,14370000000.0,2642000000.0,7632000000.0,5256000000.0,4074000000.0,,-6738000000.0,-0.0890571612016175
The Boeing Company,BA,Industrials,NASDAQ,US,2025-12-31,,190862901248.0,35.0036,48.206177,97.995964,-9.664906234592717,0.0,0.0,2.48,5.04147,-18.267120111300045,89463000000.0,-5416000000.0,-0.03178,2235000000.0,0.02498,2.90084,0.0324189377953458,162778000000.0,108115000000.0,128459000000.0,54433000000.0,10921000000.0,,-34319000000.0,-0.17980969468449606
Boeing Co,BA-PA,Unknown,NASDAQ,US,2025-12-31,,,,,,,,,,,,89463000000.0,-5416000000.0,,2235000000.0,,,0.0324189377953458,162778000000.0,108115000000.0,128459000000.0,54433000000.0,10921000000.0,,-34319000000.0,
Alibaba Group Holding Limited,BABA,Consumer Cyclical,NASDAQ,US,2025-03-31,,387964895232.0,2.5324647,18.215765,21.55305,2.2151824113844656,0.144,0.04829488,7.54,8.921392,31.43926518984233,996347000000.0,147076000000.0,0.02165,130109000000.0,0.121879995,0.11191,0.5597178182124534,714121000000.0,435346000000.0,674049000000.0,248110000000.0,145487000000.0,356818000000.0,209700600000.0,0.5405143676068956
Alibaba Group Holding Limited,BABAF,Consumer Cyclical,NASDAQ,US,2025-03-31,,345494323200.0,0.28190443,,19.24468,2.1563723340333847,0.144,0.34059006,0.94,,3.9299081487302914,996347000000.0,147076000000.0,0.02165,130109000000.0,0.121879995,0.11191,0.5597178182124534,714121000000.0,435346000000.0,674049000000.0,248110000000.0,145487000000.0,356818000000.0,209700600000.0,0.606958163762964
"BAB, Inc.",BABB,Consumer Defensive,NASDAQ,US,2024-11-30,,6900333.0,2.0212765,,13.571428,9.98640275407018,0.5714,0.04040404,0.07,,0.06433819581392353,3545142.0,676953.0,0.28474,525200.0,0.16994,0.16659,0.6897925823129398,1502583.0,725142.0,2509599.0,378061.0,2177586.0,,1007016.0,0.145937304764857
Else Nutrition Holdings Inc.,BABYF,Consumer Defensive,NASDAQ,US,2024-12-31,,2566424.0,-2.5425515,,,-13.302961720428305,0.0,0.0,-0.29,,-0.12027397037344432,7973000.0,-14717000.0,-0.32632,-15182000.0,-1.5173,-5.54503,0.23214285714285715,5805000.0,5805000.0,6843000.0,874000.0,103000.0,,1038000.0,0.4044538236861875
Bank of America Corporation,BAC,Financial Services,NASDAQ,US,2024-12-31,,412810084352.0,1.4705652,11.407365,14.83727,12.552448691123885,0.28350002,0.01965781,3.81,4.95557,3.4189369691776506,,,0.35559,,0.28401,0.1019,0.0906200454450825,2965960000000.0,,,326670000000.0,296486000000.0,12175000000.0,,
Bank of America Corporation,BAC-PB,Financial Services,NASDAQ,US,2024-12-31,,250478952448.0,0.6519081,,7.131474,,,0.043148223,3.514,,,101887000000.0,,0.35559,27132000000.0,0.28401,0.1019,0.0906200454450825,2965960000000.0,,,326670000000.0,296486000000.0,12175000000.0,,
Bank of America Corporation,BAC-PE,Financial Services,NASDAQ,US,2024-12-31,,234588536832.0,0.51377434,,5.6203756,,,0.05487805,3.514,,,101887000000.0,,0.35559,27132000000.0,0.28401,0.1019,0.0906200454450825,2965960000000.0,,,326670000000.0,296486000000.0,12175000000.0,,
Bank of America Corporation,BAC-PK,Financial Services,NASDAQ,US,2024-12-31,,249513263104.0,0.64696544,,7.077405,,,0.04344328,3.514,,,101887000000.0,,0.35559,27132000000.0,0.28401,0.1019,0.0906200454450825,2965960000000.0,,,326670000000.0,296486000000.0,12175000000.0,,
Bank of America Corporation,BAC-PL,Financial Services,NASDAQ,US,2024-12-31,,0.0,32.828747,,359.12634,,,0.0008636063,3.514,,,101887000000.0,,0.35559,27132000000.0,0.28401,0.1019,0.0906200454450825,2965960000000.0,,,326670000000.0,296486000000.0,12175000000.0,,
Bank of America Corporation,BAC-PM,Financial Services,NASDAQ,US,2024-12-31,,,0.58600706,,6.4105577,,,0.047978677,3.514,,,101887000000.0,,0.35559,27132000000.0,0.28401,0.1019,0.0906200454450825,2965960000000.0,,,326670000000.0,296486000000.0,12175000000.0,,
Bank of America Corporation,BAC-PN,Financial Services,NASDAQ,US,2024-12-31,,,0.5486824,,6.0022483,,,0.0512334,3.514,,,101887000000.0,,0.35559,27132000000.0,0.28401,0.1019,0.0906200454450825,2965960000000.0,,,326670000000.0,296486000000.0,12175000000.0,,
Bank of America Corporation,BAC-PO,Financial Services,NASDAQ,US,2024-12-31,,,0.47215208,,5.165054,,,0.059602648,3.514,,,101887000000.0,,0.35559,27132000000.0,0.28401,0.1019,0.0906200454450825,2965960000000.0,,,326670000000.0,296486000000.0,12175000000.0,,
Bank of America Corporation,BAC-PP,Financial Services,NASDAQ,US,2024-12-31,,,0.44535783,,4.871941,,,0.063231856,3.514,,,101887000000.0,,0.35559,27132000000.0,0.28401,0.1019,0.0906200454450825,2965960000000.0,,,326670000000.0,296486000000.0,12175000000.0,,
Bank of America Corporation,BAC-PQ,Financial Services,NASDAQ,US,2024-12-31,,,0.45498294,,4.977234,,,0.061679043,3.514,,,101887000000.0,,0.35559,27132000000.0,0.28401,0.1019,0.0906200454450825,2965960000000.0,,,326670000000.0,296486000000.0,12175000000.0,,
Bank of America Corporation,BAC-PS,Financial Services,NASDAQ,US,2024-12-31,,,0.51169324,,5.5976095,,,0.055017833,3.514,,,101887000000.0,,0.35559,27132000000.0,0.28401,0.1019,0.0906200454450825,2965960000000.0,,,326670000000.0,296486000000.0,12175000000.0,,
Blue Acquisition Corp.,BACC,Financial Services,NASDAQ,US,,,286891808.0,-48.39623,,,,,0.0,,,,,,0.0,,0.0,,,,,,,,,,
Blue Acquisition Corp.,BACCR,Unknown,NASDAQ,US,,,,-1.1320754,,,,,0.0,,,,,,0.0,,0.0,,,,,,,,,,
Blue Acquisition Corp.,BACCU,Financial Services,NASDAQ,US,,,,-49.339622,,,,,0.0,,,,,,0.0,,0.0,,,,,,,,,,
"IMAC Holdings, Inc.",BACK,Healthcare,NASDAQ,US,2024-12-31,,302797.0,-0.023330417,-0.022988506,,-0.2585248658498303,0.0,0.0,-2.98,-3.48,-8.471138936757315,72050.0,-5623267.0,-87.334404,-9045827.0,0.0,,-3.5484269874344014,7227546.0,7227546.0,684341.0,,504189.0,,-6543205.0,-21.609213433422394
Inflection Point Acquisition Corp. IV,BACQ,Financial Services,NASDAQ,US,2024-12-31,,447700512.0,-33.75,,,,,0.0,,,,,,0.0,,0.0,,0.9613387244115738,9828451.0,1078451.0,2312022.0,,2107309.0,,-7516429.0,-0.016788966727828983
Inflection Point Acquisition Corp. IV,BACQR,Unknown,NASDAQ,US,,,,-2.403846,,,,,0.0,,,,,,0.0,,0.0,,,,,,,,,,
Inflection Point Acquisition Corp. IV,BACQU,Financial Services,NASDAQ,US,2024-12-31,,,-36.891026,,,,,0.0,,,,,,0.0,,0.0,,0.9613387244115738,9828451.0,1078451.0,2312022.0,,2107309.0,,-7516429.0,
Bank of America Corporation PFD SER B 7%,BACRP,Unknown,NASDAQ,US,2024-12-31,,,,,,,,,,,,101887000000.0,,,27132000000.0,,,0.0906200454450825,2965960000000.0,,,326670000000.0,296486000000.0,12175000000.0,,
"Bridger Aerospace Group Holdings, Inc.",BAER,Industrials,NASDAQ,US,2024-12-31,,160519584.0,-0.4979325,,,-7.563572183741806,0.0,0.0,-0.4,,-0.9803568712931515,98613000.0,5318000.0,0.57443,-15567000.0,0.04962,0.087510005,0.18389045731046838,237332000.0,23392000.0,63809000.0,212557000.0,39336000.0,,-173523000.0,-1.0810082836995143
"Bridger Aerospace Group Holdings, Inc.",BAERW,Unknown,NASDAQ,US,2024-12-31,,,-0.08778429,,,,,0.0,,,,98613000.0,5318000.0,0.57443,-15567000.0,0.04962,0.087510005,0.18389045731046838,237332000.0,23392000.0,63809000.0,212557000.0,39336000.0,,-173523000.0,
BAE Systems plc,BAESF,Industrials,NASDAQ,US,2024-12-31,,74686824448.0,5.218663,,28.651686,22.610900583097738,0.5069,0.01364,0.89,,0.6044921875,26312000000.0,2441000000.0,0.092259996,1956000000.0,0.07214,0.18369,0.30454616957684444,26365000000.0,12342000000.0,11753000000.0,10153000000.0,3378000000.0,83000000.0,-14553900000.0,-0.19486569562390507
BAE Systems plc,BAESY,Industrials,NASDAQ,US,2024-12-31,,76277039104.0,21.048609,22.014174,28.97183,22.611656275242325,0.5041,0.0034236948,3.55,4.67199,2.41796875,26312000000.0,2441000000.0,0.092259996,1956000000.0,0.07214,0.18369,0.30454616957684444,26365000000.0,12342000000.0,11753000000.0,10153000000.0,3378000000.0,83000000.0,-14553900000.0,-0.19080315873504833
Balfour Beatty plc,BAFBF,Industrials,NASDAQ,US,2024-12-31,,4813997568.0,3.3615797,,19.979168,10.850510362441165,0.3541,0.013451511,0.48,,0.3480565371024735,8234000000.0,71000000.0,0.0110599995,178000000.0,0.02063,0.16209,0.19904119318181818,4502000000.0,2980000000.0,3052000000.0,1112000000.0,1293000000.0,21000000.0,-1435300000.0,-0.2981513762160671
BayFirst Financial Corp.,BAFN,Financial Services,NASDAQ,US,2024-12-31,,27783628.0,0.3865729,,,9.30632062393638,0.1749,0.024729522,-5.93,,1.3481613745855268,80455000.0,,-0.23289,12603000.0,-0.57929003,-0.23111999,0.08609815904251893,1177377000.0,,,22400000.0,80058000.0,27406000.0,,
Booz Allen Hamilton Holding Corporation,BAH,Industrials,NASDAQ,US,2025-03-31,,10734106624.0,10.495225,14.1459055,13.206232,31.04020319810576,0.32639998,0.026029345,6.74,6.29228,4.632464296026761,11980000000.0,1370000000.0,0.09733,935000000.0,0.07354,0.75081,0.13717177242888404,6309000000.0,1846000000.0,3313000000.0,4219000000.0,885000000.0,,-2996000000.0,-0.27911032607980174
"Baidu, Inc.",BAIDF,Communication Services,NASDAQ,US,2024-12-31,,57602449408.0,0.173094,,13.9,,0.0,0.0,1.4,,,133125000000.0,21270000000.0,0.03525,23760000000.0,0.06898,0.03076,0.6162513441488615,144168000000.0,80953000000.0,168849000000.0,79324000000.0,24832000000.0,118358000000.0,107531600000.0,1.8667886714044089
Braskem S.A.,BAK,Basic Materials,NASDAQ,US,2024-12-31,,1450482560.0,-4.330156,-1.9289776,,-0.7823483120188257,0.0,0.0,-2.54,-1.88701,-11.491045143204497,77411000000.0,904000000.0,-0.096540004,-11320000000.0,-0.07106,,-0.047078513413733696,105853000000.0,28272000000.0,37037000000.0,73722000000.0,14986000000.0,,-68816000000.0,-47.44352114099186
Baker Global Asset Management Inc.,BAKR,Financial Services,NASDAQ,US,,,7837500.0,7.1428576,,,,,0.0,,,,,,0.12918,,0.08701,,,,,,,,,,
Ball Corporation,BALL,Consumer Cyclical,NASDAQ,US,2024-12-31,,18089738240.0,3.2713225,14.710048,20.142426,25.271822789323046,0.24239999,0.0120864175,3.3,4.51868,2.230129139302635,11795000000.0,1183000000.0,0.101280004,4008000000.0,0.069299996,0.16122,0.33253914227365555,11698000000.0,4847000000.0,4841000000.0,5673000000.0,885000000.0,,-6857000000.0,-0.37905468332525744
Bally's Corporation,BALY,Consumer Cyclical,NASDAQ,US,2024-12-31,,736940416.0,1.4121526,-17.845238,,,0.0,0.0,-15.66,-0.84,,2450478000.0,-9335000.0,0.046469998,-567754000.0,-0.1741,-1.1563,0.005273255556994657,5829235000.0,677808000.0,447873000.0,4939079000.0,171233000.0,,-5381362000.0,-7.302302714253631
Brookfield Asset Management Ltd.,BAM,Financial Services,NASDAQ,US,2024-12-31,,80069795840.0,8.906643,22.525734,32.638157,32.524359326179926,1.1513,0.0,1.52,2.20237,1.160114454268296,482000000.0,107000000.0,0.67934,541000000.0,0.58248,0.22565001,0.7403100775193798,1108000000.0,1108000000.0,980000000.0,219000000.0,12000000.0,,-128000000.0,-0.0015986053000032227
Brookfield Corporation,BAMGF,Financial Services,NASDAQ,US,2024-12-31,,55988248576.0,0.7914732,,6.127451,,,0.014391599,2.448,,,86006000000.0,17994000000.0,0.24716999,641000000.0,0.012949999,0.00994,0.0937494902370194,325041000000.0,86117000000.0,56175000000.0,234792000000.0,15051000000.0,20755000000.0,-254337500000.0,-4.542694341559108
Brookfield Corporation,BAMKF,Financial Services,NASDAQ,US,2024-12-31,,,0.659561,,5.1062093,,,0.01864,2.448,,,86006000000.0,17994000000.0,0.24716999,641000000.0,0.012949999,0.00994,0.0937494902370194,325041000000.0,86117000000.0,56175000000.0,234792000000.0,15051000000.0,20755000000.0,-254337500000.0,
Bayerische Motoren Werke Aktiengesellschaft,BAMXF,Consumer Cyclical,NASDAQ,US,2024-12-31,,63852830720.0,0.59526116,6.9611783,7.7554064,5.1303771015679605,0.3779,0.04137732,13.41,14.94,19.467485471289717,142380000000.0,11394000000.0,0.07059,7290000000.0,0.051459998,0.07684,0.3448037589828635,172729000000.0,87689000000.0,96387000000.0,85504000000.0,19287000000.0,,-76342000000.0,-1.1955930401075883
"Banc of California, Inc.",BANC,Financial Services,NASDAQ,US,2024-12-31,,3241248768.0,1.0919089,10.096413,17.820515,-0.5899757862394119,0.3419,0.019831434,1.17,2.06509,-22.23970068154671,985889000.0,,0.40526,126888000.0,0.20442,0.05989,0.10434258088396983,30042915000.0,,,2333737000.0,2502212000.0,143152000.0,,
"Banc of California, Inc.",BANC-PF,Financial Services,NASDAQ,US,2024-12-31,,,1.3280964,,,,,0.015760442,,,,985889000.0,,0.40526,126888000.0,0.20442,0.05989,0.10434258088396983,30042915000.0,,,2333737000.0,2502212000.0,143152000.0,,
