会社名,銘柄コード,業種,優先市場,市場タイプ,決算月,都道府県,時価総額,PBR,PER(会予),PER(過去12ヶ月),PER(前年度),配当方向性,配当利回り,EPS(過去12ヶ月),EPS(予想),EPS(前年度),売上高,営業利益,営業利益率,当期純利益,純利益率,ROE,自己資本比率,負債,流動負債,流動資産,総負債,現金及び現金同等物,投資有価証券,ネットキャッシュ,ネットキャッシュ比率
Jena Acquisition Corporation II,JENA-RI,Unknown,NASDAQ,US,,,,,,,,,,,,,,,,,,,,,,,,,,,
Jena Acquisition Corporation II,JENA-UN,Unknown,NASDAQ,US,,,,-24.308758,,,,,0.0,,,,,,,,,,,,,,,,,,
JEQ,JEQ,Unknown,NASDAQ,US,,,,,,,,,,,,,,,,,,,,,,,,,,,
Global Crossing Airlines Group ,JETBF,Unknown,NASDAQ,US,2024-12-31,,57055828.0,-1.6475973,,,-2.3774315001346307,,0.0,,,-0.370147360789068,223751000.0,-1128000.0,,-11472000.0,,,-0.17725307216667965,196207000.0,65882000.0,23352000.0,149952000.0,12345000.0,,-172855000.0,-3.0295765754201307
MAX Airlines -3X Inverse Leveraged ETN,JETD,Unknown,NASDAQ,US,,,,,,8.393082,,,,,,,,,,,,,,,,,,,,,
Global Crossing Airlines Group Inc.,JETMF,Industrials,NASDAQ,US,2024-12-31,,38251528.0,-1.3386728,,,-1.6209760960142943,0.0,0.0,-0.03,,-0.370147360789068,223751000.0,-1128000.0,0.01784,-11472000.0,-0.00686,,-0.17725307216667965,196207000.0,65882000.0,23352000.0,149952000.0,12345000.0,,-172855000.0,-4.51890444742495
MAX Airlines 3X Leveraged ETN,JETU,Unknown,NASDAQ,US,,,,,,28.437366,,,,,,,,,,,,,,,,,,,,,
J and Friends Holdings Limited,JF,Financial Services,NASDAQ,US,2024-12-31,,15010220.0,-0.24995431,,,-0.2027899638480585,0.0,0.0,-0.1,,-5.572267846934906,35142000.0,-12670000.0,-0.4707,-15454000.0,-0.33481,,-3.9527552204176333,498559000.0,493255000.0,94478000.0,4681000.0,26951000.0,,-404081000.0,-26.92039157320812
JFB Construction Holdings,JFB,Real Estate,NASDAQ,US,2024-12-31,,186093152.0,25.766268,,,,0.0,0.0,-0.33,,,23087885.0,-33504.0,-0.22649999,119005.0,-0.14066,-0.34637,0.7060493218210564,2635279.0,2635279.0,7123579.0,819529.0,2696183.0,,4488300.0,0.02411856616841011
Jeffs' Brands Ltd,JFBR,Consumer Cyclical,NASDAQ,US,2024-12-31,,4668479.0,0.035334013,,,-0.065186792439199,0.0,0.0,-63.25,,-857.9958947564844,13688000.0,-5018000.0,-0.50258,-7804000.0,-0.4609,-0.86896,0.4049111046342174,8167000.0,1715000.0,7544000.0,288000.0,2564000.0,5000.0,-619500.0,-0.13269846560303689
Jeffs' Brands Ltd,JFBRW,Unknown,NASDAQ,US,2024-12-31,,,0.001342828,,,,,0.0,,,,13688000.0,-5018000.0,-0.50258,-7804000.0,-0.4609,-0.86896,0.4049111046342174,8167000.0,1715000.0,7544000.0,288000.0,2564000.0,5000.0,-619500.0,
"Jubilant Flame International, Ltd.",JFIL,Industrials,NASDAQ,US,2025-02-28,,359742.0,-0.25714284,,Infinity,-7.357612597570404,0.0,0.0,0.0,,-0.0033706586726875024,0.0,-59672.0,0.0,-59672.0,0.0,,-104.95822050290136,1369510.0,1369510.0,12925.0,763424.0,1225.0,,-1356585.0,-3.7709942125189717
Jiayin Group Inc.,JFIN,Communication Services,NASDAQ,US,2024-12-31,,337829216.0,0.52374035,3.331579,0.62364537,0.1742759397266482,0.081499994,0.96655625,10.15,1.9,24.25498781679483,5801032000.0,1248015000.0,0.3108,1056478000.0,0.26171,0.47837,0.5784352851341052,2282279000.0,2016958000.0,4340482000.0,51677000.0,540523000.0,,2058203000.0,6.09243636287514
Nuveen Floating Rate Income Fund,JFR,Financial Services,NASDAQ,US,2024-07-31,,1249107200.0,0.87932014,,13.857143,22.86353195094471,1.8151,0.1309371,0.56,,0.25773915961353694,160240683.0,,0.87427,156208350.0,0.59822,0.078049995,0.6020037982788004,822447086.0,,,477390640.0,2370612.0,61287545.0,,
9F Inc.,JFU,Technology,NASDAQ,US,2024-12-31,,54510536.0,0.09961896,,1.4745222,-0.29061589007190214,0.0,0.0,3.14,,-11.905749672844538,309974000.0,-45456000.0,0.18468,49984000.0,0.80186,0.06871,0.8735739877119676,466467000.0,453725000.0,3173756000.0,9575000.0,379350000.0,131310000.0,2799206000.0,51.351650624018816
Aurora Mobile Limited,JG,Technology,NASDAQ,US,2024-12-31,,46584980.0,4.9619136,776.01,,-0.2637077264484643,0.0,0.0,-0.08,0.01,-10.390290972654585,316170000.0,-9901000.0,0.00483,-7046000.0,-0.01006,-0.0116799995,0.17967214502437617,278635000.0,261633000.0,184615000.0,20837000.0,119171000.0,,-94020000.0,-2.0182470830726986
Nuveen Global High Income Fund,JGH,Financial Services,NASDAQ,US,2024-12-31,,302399904.0,,,7.9263806,5.548060828720466,0.7527,0.0,1.63,,1.8022574439263186,40131197.0,,0.0,39709363.0,0.0,,0.6931401353602255,142049357.0,,,125646059.0,0.0,21450000.0,,
Japan Gold Corp.,JGLDF,Basic Materials,NASDAQ,US,2024-12-31,,24713038.0,1.3068131,,,-4.8774115222078,0.0,0.0,-0.01,,-0.013326740489264976,0.0,-3805452.0,0.0,-4156605.0,0.0,-0.22309,0.9657386718698463,940048.0,940048.0,869964.0,,80230.0,,-70084.0,-0.002835911958699695
"JG Summit Holdings, Inc.",JGSHF,Industrials,NASDAQ,US,2024-12-31,,2933183488.0,0.45138335,0.11048158,7.7999997,0.2349133917166162,0.1424,1.0769231,0.05,3.53,2.665183552776176,378641543248.0,50632193027.0,0.12837,21325557665.0,0.05856,0.07912,0.34958442134714873,568363663524.0,228551009321.0,235201236799.0,431918192088.0,47772267453.0,57889200426.0,-292639986426.8,-99.7687282858453
Janus Henderson Group plc,JHG,Financial Services,NASDAQ,US,2024-12-31,,7448852992.0,1.3674002,10.120642,9.219886,11.441139359863438,0.304,0.024901433,5.23,4.76452,2.4423676012461057,2473200000.0,645700000.0,0.42668,408900000.0,0.26342,0.16203,0.6594045755482472,1880000000.0,735000000.0,2639500000.0,486500000.0,1234800000.0,,759500000.0,0.10196200687752813
John Hancock Investors Trust,JHI,Financial Services,NASDAQ,US,2025-10-31,,120412432.0,0.9278351,,11.87069,5.3492957942359265,1.0303,0.08697235,1.16,,2.3699999371444016,10348120.0,,0.911,10099629.0,0.66362,0.07772,0.5889416419358916,90579735.0,,,86900000.0,237767.0,11563469.0,,
James Hardie Industries plc,JHIUF,Basic Materials,NASDAQ,US,2025-03-31,,14213860352.0,2.080623,,51.613636,28.838519279931585,0.0,0.0,0.44,,1.1606005459508644,3877500000.0,860300000.0,0.11956,424000000.0,0.04666,0.0463,0.41329662135031264,3068400000.0,810200000.0,1701800000.0,1205000000.0,562700000.0,,-1366600000.0,-0.09614559072319216
JHPCY,JHPCY,Unknown,NASDAQ,US,,,,,,,,,,,,,,,,,,,,,,,,,,,
John Hancock Income Securities Trust,JHS,Financial Services,NASDAQ,US,2025-10-31,,136032112.0,0.93822795,,12.294737,6.633740691691788,0.65169996,0.0528157,0.95,,1.6299999301843728,11374265.0,,0.87341005,11085955.0,0.8844,0.0775,0.6071965541521693,93794753.0,,,,,,,
James Hardie Industries plc,JHX,Basic Materials,NASDAQ,US,2025-03-31,,13709467648.0,2.1658268,19.743107,53.727272,34.861261461258685,0.0,0.0,0.44,1.19738,1.1606005459508644,3877500000.0,860300000.0,0.11956,424000000.0,0.04666,0.0463,0.41329662135031264,3068400000.0,810200000.0,1701800000.0,1205000000.0,562700000.0,,-1366600000.0,-0.09968293701027595
"J.Jill, Inc.",JILL,Consumer Cyclical,NASDAQ,US,2025-01-31,,255825696.0,1.9676738,6.095791,7.7064214,9.428581469080525,0.14220001,0.018833537,2.18,2.756,2.5131782009334604,610857000.0,76474000.0,0.09912,39483000.0,0.056009997,0.28979,0.2532182265219692,311930000.0,127108000.0,122030000.0,208819000.0,35427000.0,,-189900000.0,-0.7423022900717526
iPath Bloomberg Energy Subindex Total Return(SM) ETN,JJETF,Unknown,NASDAQ,US,,,,,,,,,,,,,,,,,,,,,,,,,,,
J&J Snack Foods Corp.,JJSF,Consumer Defensive,NASDAQ,US,2025-09-30,,1569242624.0,1.7176152,17.089027,26.203175,37.1206939517794,1.0032,0.037374333,3.15,4.83,4.45015167874955,1583233000.0,100034000.0,0.01234,65595000.0,0.03921,0.065960005,0.6997425264259671,414806000.0,175666000.0,478332000.0,163563000.0,105893000.0,,63526000.0,0.04048194908067957
"Jack Henry & Associates, Inc.",JKHY,Technology,NASDAQ,US,2025-06-30,,12597238784.0,5.786575,24.897316,24.87231,31.264596813960495,0.33290002,0.013110306,6.97,6.963,5.228565559739815,2375288000.0,568715000.0,0.25697002,455748000.0,0.20587,,0.7000174114725178,913138000.0,535784000.0,681464000.0,,101953000.0,,-231674000.0,-0.018390855644830173
"JinkoSolar Holding Co., Ltd.",JKS,Technology,NASDAQ,US,2024-12-31,,1430772608.0,0.5886019,14.352332,,0.53353917415872,3.8848002,0.3495307,-9.47,1.93,60.98617451080363,92256302000.0,346223000.0,-0.05256,54540000.0,-0.049850002,-0.16633,0.15934378567364452,90644387000.0,54484022000.0,68865057000.0,47848954000.0,25053762000.0,1047413000.0,-21046140900.0,-14.709633649905603
J-Long Group Limited,JL,Consumer Cyclical,NASDAQ,US,2025-03-31,,13955915.0,0.83822864,,5.4558825,3.8600056146798356,0.0,0.0,0.68,,0.2590669806792351,39075090.0,2664024.0,0.108330004,2593248.0,0.06092,0.16984,0.6241661332497546,8409737.0,7087560.0,18975555.0,2412339.0,10669134.0,,10565818.0,0.7570852932251307
Julong Holding Limited,JLHL,Industrials,NASDAQ,US,2024-09-30,,94588464.0,21.160305,,33.923077,,0.0,0.0,0.13,,,173650559.0,20009994.0,0.13323,17076187.0,0.10797,1.03623,0.10039356131427289,155702300.0,155702300.0,167456662.0,95003.0,20618058.0,,11754362.0,0.12426845201757372
Jones Lang LaSalle Incorporated,JLL,Real Estate,NASDAQ,US,2024-12-31,,16240391168.0,2.2544365,16.792923,26.245024,40.69988479898583,0.0,0.0,13.06,20.41098,4.667826375082837,23432900000.0,891200000.0,0.04384,546800000.0,0.02495,0.08991,0.4039358617974445,9868700000.0,7144500000.0,7478500000.0,2945400000.0,416300000.0,,-2390200000.0,-0.1471762579653648
Nuveen Mortgage and Income Fund,JLS,Financial Services,NASDAQ,US,2024-12-31,,102467664.0,,,9.694301,9.221135084436165,0.9544,0.0,1.93,,1.4900001236910576,13683837.0,,0.0,13428397.0,0.0,,0.763863453258125,32930156.0,,,32704892.0,0.0,1092744.0,,
JM Group Limited,JMG,Consumer Cyclical,NASDAQ,US,2024-09-30,,134265632.0,-27.66422,,73.44444,,0.0,0.0,0.09,,,221238043.0,7592930.0,0.10032,7028442.0,0.05989,,-0.5304605785684745,122093339.0,114282752.0,77995272.0,51374784.0,4858613.0,,-44098067.0,-0.32843897833810515
Jumia Technologies AG,JMIA,Consumer Cyclical,NASDAQ,US,2024-12-31,,1458532224.0,16.798307,-35.02941,,-3.7093731679541504,0.0,0.0,-0.67,-0.34,-1.0298235740324995,167486000.0,-64280000.0,-0.38132998,-99086000.0,-0.40855998,-1.03063,0.45187221458619686,105786000.0,95716000.0,169331000.0,11198000.0,55360000.0,,63545000.0,0.043567772418307574
Nuveen Multi-Market Income Fund,JMM,Financial Services,NASDAQ,US,2025-06-30,,57909580.0,0.92924386,,12.75,13.56918454170227,0.7125,0.055718955,0.48,,0.4,4768211.0,,0.81058,4543338.0,0.96234,0.07369,0.6988314281742225,26856065.0,,,25813494.0,56469.0,1775000.0,,
"John Marshall Bancorp, Inc.",JMSB,Financial Services,NASDAQ,US,2024-12-31,,296597824.0,1.1119394,10.707691,14.013422,64.67036117790373,0.2013,0.014395394,1.49,1.95,0.36360406492144237,53318000.0,,0.49310002,17121000.0,0.34837002,0.0829,0.11034445112121227,1988333000.0,,,86160000.0,122469000.0,112291000.0,,
JNGHF,JNGHF,Unknown,NASDAQ,US,,,,,,,,,,,,,,,,,,,,,,,,,,,
Johnson & Johnson,JNJ,Healthcare,NASDAQ,US,2024-12-31,,578206760960.0,7.2841234,19.129509,21.738226,10.726322715680494,0.466,0.021615712,11.04,12.54554,13.729495391345102,88821000000.0,21249000000.0,0.22993,14066000000.0,0.28456,0.35557,0.39693732510105273,108614000000.0,50321000000.0,55893000000.0,36634000000.0,24105000000.0,,-52721000000.0,-0.09118018598133827
GEE Group Inc.,JOB,Industrials,NASDAQ,US,2025-09-30,,24993300.0,0.49715537,2.272,,-1.2226176736758128,0.0,0.0,-0.32,0.1,-0.22083764740376952,96504000.0,-3310000.0,-0.03295,-34747000.0,-0.36006,-0.51637,0.8335416770838542,9987000.0,7688000.0,31681000.0,3277000.0,21364000.0,,21694000.0,0.8679926220227021
"Joby Aviation, Inc.",JOBY,Industrials,NASDAQ,US,2024-12-31,,10148082688.0,10.263415,-14.952741,,-8.7136974719604,0.0,0.0,-1.35,-0.70355,-0.7918567425103726,136000.0,-596754000.0,-7.7906895,-608034000.0,0.0,-1.2573301,0.7581134474205731,291102000.0,48134000.0,969605000.0,31209000.0,199627000.0,,678503000.0,0.06686021595018363
"Joby Aviation, Inc. WT",JOBY-WT,Unknown,NASDAQ,US,,,,,,,,,,,,,,,,,,,,,,,,,,,
JOCM,JOCM,Technology,NASDAQ,US,2024-12-31,,77502984.0,236.0,,,,0.0,0.0,-0.0,,,24000.0,-63155.0,-35.81733,68519.0,0.0,-0.92329,-8.288322050290136,76833.0,76833.0,8271.0,0.0,2481.0,,-68562.0,-0.0008846369063673729
The St. Joe Company,JOE,Real Estate,NASDAQ,US,2024-12-31,,3970187264.0,5.210122,623.2727,38.08889,44.80986587353324,0.3111,0.0082522845,1.8,0.11,1.33267303321918,402737000.0,95586000.0,0.32862,74189000.0,0.21406999,0.13964,0.47074758835129155,801839000.0,91802000.0,148664000.0,621010000.0,88756000.0,,-653175000.0,-0.1645199474399402
"Japan Smaller Capitalization Fund, Inc.",JOF,Financial Services,NASDAQ,US,2025-02-28,,330089856.0,1.2318918,,4.8340244,4.208371743003059,0.23979999,0.027296588,2.41,,1.6499999876483256,8748964.0,,0.60345,7612436.0,0.93434,0.02834,0.9934988634971,1753449.0,,,,2232049.0,265349281.0,,
JOSS,JOSS,Unknown,NASDAQ,US,,,,,,,,,,,,,,,,,,,,,,,,,,,
Johnson Outdoors Inc.,JOUT,Consumer Cyclical,NASDAQ,US,2025-09-30,,490039168.0,1.1722637,19.615063,,-13.34665075284857,2.7233999,0.027284002,-2.19,2.39,-2.575584818794654,592415000.0,-16191000.0,-0.02066,-34294000.0,-0.03565,-0.05224,0.6926285749284476,185684000.0,104640000.0,408788000.0,48684000.0,176399000.0,,223104000.0,0.45527789321526235
JOYY Inc.,JOYY,Communication Services,NASDAQ,US,2024-12-31,,3240486912.0,0.48827487,11.260422,,0.4437103486810345,0.0,0.0,-2.09,5.60281,82.52108509747663,2237788000.0,47667000.0,0.03619,-146236000.0,0.83115,0.27672002,0.6259454127150347,2768039000.0,2674092000.0,2556281000.0,55576000.0,444761000.0,,-211758000.0,-0.06534758687524056
Nuveen Preferred & Income Opportunities Fund,JPC,Financial Services,NASDAQ,US,2024-07-31,,2952050688.0,1.0323306,,10.602565,-13.582193196821668,1.0231,0.096610166,0.78,,-0.3800000007618907,387029414.0,,0.86230004,381479736.0,0.93924004,0.097440004,0.6112114926416208,1630865502.0,,,1145582824.0,48947.0,7525757.0,,
JPMorgan Chase & Co.,JPM,Financial Services,NASDAQ,US,2024-12-31,,877657325568.0,2.5387626,13.944244,16.103895,11.487563666241114,0.2897,0.018700026,20.02,23.12065,20.30948245918722,,,0.42646,,0.3391,0.16134001,0.08612890831300181,3658056000000.0,,,454311000000.0,469317000000.0,,,
JPMorgan Chase & Co.,JPM-PC,Financial Services,NASDAQ,US,2024-12-31,,329387966464.0,0.19773056,,1.8624833,,,0.23116781,13.482,,,169439000000.0,,0.42646,58471000000.0,0.3391,0.16134001,0.08612890831300181,3658056000000.0,,,454311000000.0,469317000000.0,,,
JPMorgan Chase & Co.,JPM-PD,Financial Services,NASDAQ,US,2024-12-31,,330014326784.0,0.19560441,,1.8424566,,,0.23311898,13.482,,,169439000000.0,,0.42646,58471000000.0,0.3391,0.16134001,0.08612890831300181,3658056000000.0,,,454311000000.0,469317000000.0,,,
JPMorgan Chase & Co.,JPM-PJ,Financial Services,NASDAQ,US,2024-12-31,,,0.15875141,,1.495327,,,0.28712872,13.482,,,169439000000.0,,0.42646,58471000000.0,0.3391,0.16134001,0.08612890831300181,3658056000000.0,,,454311000000.0,469317000000.0,,,
JPMorgan Chase & Co.,JPM-PK,Financial Services,NASDAQ,US,2024-12-31,,,0.15213677,,1.4330218,,,0.30005175,13.482,,,169439000000.0,,0.42646,58471000000.0,0.3391,0.16134001,0.08612890831300181,3658056000000.0,,,454311000000.0,469317000000.0,,,
JPMorgan Chase & Co.,JPM-PL,Financial Services,NASDAQ,US,2024-12-31,,,0.15448181,,1.4551104,,,0.29486528,13.482,,,169439000000.0,,0.42646,58471000000.0,0.3391,0.16134001,0.08612890831300181,3658056000000.0,,,454311000000.0,469317000000.0,,,
JPMorgan Chase & Co.,JPM-PM,Financial Services,NASDAQ,US,2024-12-31,,,0.14441969,,1.3603323,,,0.31556043,13.482,,,169439000000.0,,0.42646,58471000000.0,0.3391,0.16134001,0.08612890831300181,3658056000000.0,,,454311000000.0,469317000000.0,,,
Jackpot Digital Inc.,JPOTF,Consumer Cyclical,NASDAQ,US,2024-12-31,,20547074.0,-4.16174,,,-2.158511899911521,0.0,0.0,-0.02,,-0.02478559436694474,2165222.0,-3397327.0,-4.40027,-1358341.0,0.0,,-0.9288365273518386,14224936.0,6664962.0,4161058.0,9971706.0,1558257.0,,-10063878.0,-0.4897961627042371
Nuveen Credit Strategies Income Fund,JQC,Financial Services,NASDAQ,US,2024-07-31,,742039680.0,0.88629943,,12.55,13.548655315531075,1.6114999,0.12882704,0.4,,0.2774845105154583,100431419.0,,0.86078,98071171.0,0.59647,0.07811,0.6010186813876819,531760753.0,,,354608594.0,277536.0,36632299.0,,
Nuveen Real Asset Income and Growth Fund,JRI,Financial Services,NASDAQ,US,2024-12-31,,356058944.0,,,6.389163,7.666706244150798,0.7892,0.0,2.03,,1.2,27569236.0,,0.0,25507615.0,0.0,,0.6572795444652352,188493030.0,,,183022518.0,2126298.0,12425000.0,,
Nuveen Real Estate Income Fund,JRS,Financial Services,NASDAQ,US,2024-12-31,,229984080.0,0.9545509,,15.607843,4.735351677161635,1.3333,0.0648855,0.51,,1.3999999862399117,25524055.0,,0.77046996,25304148.0,1.2096,0.0608,0.6857326269561834,119708718.0,,,116817127.0,0.0,10300000.0,,
"Jerash Holdings (US), Inc.",JRSH,Consumer Cyclical,NASDAQ,US,2025-03-31,,38988816.0,0.62108034,8.2972975,61.399998,-16.82575162997176,4.0,0.06535948,0.05,0.37,-0.16314990679016564,145812006.0,1446843.0,0.02596,-848369.0,0.00425,0.01053,0.7570464572891047,20106417.0,19818770.0,54420209.0,5139688.0,13346791.0,,34313792.0,0.8800932041639838
JRSIS Health Care Corporation,JRSS,Consumer Cyclical,NASDAQ,US,2024-12-31,,1531235.0,-9.05,,,-76.84146784598538,0.0,0.0,-0.1,,-0.011452149729823316,1324863.0,-486000.0,-0.92494005,-509790.0,-0.14117,-4.78866,-0.1603750932866089,1467259.0,1460948.0,984705.0,,108515.0,,-482554.0,-0.31514039321201515
"James River Group Holdings, Inc.",JRVR,Financial Services,NASDAQ,US,2024-12-31,,323599520.0,0.6421014,5.8807807,,-3.2750251221361886,0.8,0.0057636886,-2.14,1.19712,-2.847996479279268,707626000.0,,0.05139,-81120000.0,-0.07642,-0.06966,0.1186381033561304,4413046000.0,,,304855000.0,362345000.0,,,
Jones Soda Co.,JSDA,Consumer Defensive,NASDAQ,US,2024-12-31,,34418944.0,10.446428,,,-2.84846059014767,0.0,0.0,-0.04,,-0.048096152353391104,19155000.0,-9898000.0,-0.31156,-9895000.0,-0.23922001,-0.81745005,0.252962571864367,6367000.0,6367000.0,8380000.0,490000.0,1533000.0,,2013000.0,0.058485234178015454
JSKJ,JSKJ,Unknown,NASDAQ,US,,,,,,,,,,,,,,,,,,,,,,,,,,,
Navient Corporation SR NT 6% 121543,JSM,Unknown,NASDAQ,US,,,5356019712.0,1.4216151,,16.242811,,,0.03282051,,,,,,,,,,,,,,,,,,
"Jasper Therapeutics, Inc.",JSPR,Healthcare,NASDAQ,US,2024-12-31,,37778456.0,3.2687652,-0.4366106,,-1.1626814911660754,0.0,0.0,-5.82,-3.092,-6.175379829206419,0.0,-76239000.0,0.0,-71269000.0,0.0,-1.91118,0.7718995231479743,18225000.0,15237000.0,75811000.0,1813000.0,71637000.0,,57586000.0,1.5243079283070753
"Jasper Therapeutics, Inc.",JSPRW,Unknown,NASDAQ,US,2024-12-31,,,0.061985474,,,,,0.0,-3.836,,,0.0,-76239000.0,0.0,-71269000.0,0.0,-1.91118,0.7718995231479743,18225000.0,15237000.0,75811000.0,1813000.0,71637000.0,,57586000.0,
JSTT,JSTT,Unknown,NASDAQ,US,,,,,,,,,,,,,,,,,,,,,,,,,,,
Jet.AI Inc.,JTAI,Technology,NASDAQ,US,2024-12-31,,6821737.0,0.056904405,-0.44117647,0.0017076504,-0.787310996125046,0.0,0.0,87.84,-0.34,-448.67911376649243,14022628.0,-12566602.0,-1.19007,-12733435.0,-1.0319899,-4.0826097,0.6031550598236248,4284863.0,3789081.0,6362608.0,1021329.0,5872627.0,,2077745.0,0.3045771187015858
JTGEY,JTGEY,Unknown,NASDAQ,US,,,,,,,,,,,,,,,,,,,,,,,,,,,
JTGLF,JTGLF,Unknown,NASDAQ,US,,,,,,,,,,,,,,,,,,,,,,,,,,,
Just Eat Takeaway.com N.V.,JTKWY,Unknown,NASDAQ,US,2024-12-31,,4313923584.0,0.17405744,-13.935484,,-1.7517009469391878,,0.0,-0.44,-0.31,-1.7377394901073202,3564000000.0,-390000000.0,-0.0395,-1643000000.0,-0.21791,-0.07486,0.547736220472441,3685000000.0,2350000000.0,2604000000.0,1563000000.0,1153000000.0,,-1081000000.0,-0.25058394729321193
"Jupiter Neurosciences, Inc.",JUNS,Healthcare,NASDAQ,US,2024-12-31,,20635158.0,299.69998,9.99,,,0.0,0.0,-0.23,0.06,,0.0,-3091282.0,0.0,-2439625.0,0.0,,0.6726431617134568,2030401.0,2009154.0,4650263.0,217761.0,3769510.0,,2619862.0,0.1269610826338233
Atlas Critical Minerals Corporation,JUPGF,Basic Materials,NASDAQ,US,2024-12-31,,33027282.0,16.752293,,,-90.98407561007397,0.0,0.0,-1.56,,-0.1187020928477627,667131.0,-1637943.0,-48.39228,-1713123.0,0.0,,0.47023113011411605,1261332.0,1227371.0,663422.0,872942.0,396216.0,,-597910.0,-0.018103518176276208
Jushi Holdings Inc.,JUSHF,Healthcare,NASDAQ,US,2024-12-31,,102301896.0,-1.0079458,-2.0804,,-1.3941648026322286,0.0,0.0,-0.33,-0.25,-0.3342502907990879,257525000.0,11295000.0,0.0356,-48777000.0,-0.25152,,-0.11408748183139535,490555000.0,68895000.0,72150000.0,271131000.0,19521000.0,,-418405000.0,-4.089904648492536
Juniata Valley Financial Corp.,JUVF,Financial Services,NASDAQ,US,2024-12-31,,68406232.0,1.1922673,,8.572327,9.670078706364693,0.5535,0.06456346,1.59,,1.3099998709066227,28754000.0,,0.3147,6229000.0,0.26742,0.1523,0.055905823479102904,801417000.0,,,32900000.0,10998000.0,34661000.0,,
"Coffee Holding Co., Inc.",JVA,Consumer Defensive,NASDAQ,US,2025-10-31,,17696656.0,0.64168906,7.7499995,12.4,8.107292106548663,0.0,0.0,0.25,0.4,0.3885391144131861,96283547.0,2152360.0,0.02767,1403439.0,0.014579999,0.052210003,0.6559351691428148,14467366.0,12807624.0,35440916.0,8392071.0,701872.0,,20973550.0,1.1851702378121607
Jowell Global Ltd.,JWEL,Consumer Cyclical,NASDAQ,US,2024-12-31,,4492883.0,0.28606963,,,-0.37339085885567647,0.0,0.0,-2.51,,-5.3563175224196975,132982000.0,-8088850.0,-0.020450002,-7964159.0,-0.04454,,0.654387913398099,8934221.0,7414162.0,17632407.0,2222516.0,2184920.0,,8698186.0,1.935992101285522
Jaws Mustang Acquisition Corp.,JWSMF,Financial Services,NASDAQ,US,2023-12-31,,277560288.0,-47.09251,,,27.96446028049048,0.0,0.0,-0.06,,0.36099392463768115,0.0,-1286751.0,0.0,5321663.0,0.0,,0.7144878408901647,6622195.0,4133195.0,189945.0,1000000.0,178119.0,,-6432250.0,-0.023174244580694482
Jaws Mustang Acquisition Corp.,JWSUF,Financial Services,NASDAQ,US,2023-12-31,,,-42.77533,,,,,0.0,,,,0.0,-1286751.0,0.0,5321663.0,0.0,,0.7144878408901647,6622195.0,4133195.0,189945.0,1000000.0,178119.0,,-6432250.0,
JWSWF,JWSWF,Unknown,NASDAQ,US,2023-12-31,,,-0.1982379,,,,,0.0,,,,0.0,-1286751.0,0.0,5321663.0,0.0,,0.7144878408901647,6622195.0,4133195.0,189945.0,1000000.0,178119.0,,-6432250.0,
JXADF,JXADF,Unknown,NASDAQ,US,,,,,,,,,,,,,,,,,,,,,,,,,,,
JXAMY,JXAMY,Unknown,NASDAQ,US,,,,,,,,,,,,,,,,,,,,,,,,,,,
JX Luxventure Group Inc.,JXG,Consumer Cyclical,NASDAQ,US,2024-12-31,,7485158.0,0.05773939,,,0.6274614549873693,0.0,0.0,-9.43,,28.687021102136605,49840288.0,3938727.0,0.06904,3073834.0,0.04047,0.09092,0.7040803478502925,8785205.0,8780742.0,11614520.0,1655933.0,1184456.0,,2829315.0,0.3779900170443964
Jackson Financial Inc.,JXN,Financial Services,NASDAQ,US,2024-12-31,,8336583168.0,0.8435229,4.938385,16.73986,4.322490596148766,0.4336,0.026687326,7.15,24.23667,11.175293135476883,3092000000.0,,-0.07666,946000000.0,0.11527,0.057550002,0.028849165312453833,328468000000.0,,,4377000000.0,3767000000.0,,,
Jackson Financial Inc.,JXN-PA,Financial Services,NASDAQ,US,2024-12-31,,,0.18520997,,,,,0.11823036,,,,3092000000.0,,-0.07666,946000000.0,0.11527,0.057550002,0.028849165312453833,328468000000.0,,,4377000000.0,3767000000.0,,,
Jayud Global Logistics Limited,JYD,Industrials,NASDAQ,US,2024-12-31,,6779995.0,0.3521968,,,-17.58682602718171,0.0,0.0,-6.05,,-3.4685053406294055,565273477.0,-54061649.0,0.00834,-49570199.0,-0.051880002,-1.88002,0.48956746989251604,104997426.0,96161922.0,140373576.0,24097855.0,36996422.0,,35376150.0,5.217725086817911
The Joint Corp.,JYNT,Healthcare,NASDAQ,US,2024-12-31,,147631856.0,6.4973264,35.56141,,-14.870593532896569,0.0,0.0,-0.01,0.27333,-0.65296654209979,52163430.0,-1823006.0,0.0195,-5796893.0,-0.01475,-0.01013,0.24837070573576808,62476289.0,49042087.0,74577448.0,795026.0,25051355.0,,12101159.0,0.0819684811115563
Jianzhi Education Technology Group Company Limited,JZ,Technology,NASDAQ,US,2024-12-31,,11884269.0,0.82656735,,,-0.13586342339133153,0.0,0.0,-4.58,,-185.03875997027495,248831457.0,-20133976.0,-1.1529499,-33513515.0,-1.4641299,-1.9584199,0.23188492176990266,71733373.0,71045040.0,72777594.0,8590943.0,12461382.0,,1044221.0,0.0878658165681036
"Jiuzi Holdings, Inc.",JZXN,Consumer Cyclical,NASDAQ,US,2024-10-31,,2219166.0,0.30430028,,,-12.64473764301012,0.0,0.0,-237.46,,-30.02039400266676,1400139.0,-55667377.0,-0.63865,-59132923.0,0.0,-1.40614,0.7928660164095526,2199063.0,2199063.0,10616621.0,,943435.0,,8417558.0,3.7931177748757867
Kadant Inc.,KAI,Industrials,NASDAQ,US,2024-12-31,,4041195776.0,4.2545724,33.490482,39.665897,28.44890543165806,0.1526,0.004057532,8.65,10.245,9.89589905362776,1053384000.0,171910000.0,0.16799,111598000.0,0.099580005,0.11324,0.5922536171343278,572217000.0,191565000.0,442326000.0,288527000.0,94660000.0,,-129891000.0,-0.03214172418258016
"Kawasaki Kisen Kaisha, Ltd.",KAIKY,Industrials,NASDAQ,US,2025-03-31,,9102156800.0,0.82028365,,7.539267,0.07726294191016767,0.36169997,3.462604,1.91,,141.37667359102645,1047944000000.0,102855000000.0,0.09644,305384000000.0,0.12197,0.07177,0.7458807474404414,532601000000.0,205455000000.0,403375000000.0,344860000000.0,204716000000.0,1230101000000.0,731844700000.0,80.40343800713255
"Kawasaki Kisen Kaisha, Ltd.",KAKKF,Industrials,NASDAQ,US,2025-03-31,,8428169728.0,0.75762314,,6.963351,-2.104199392566848,0.36650002,3.7593985,1.91,,141.37667359102645,1047944000000.0,102855000000.0,0.09644,305384000000.0,0.12197,0.07177,0.7458807474404414,532601000000.0,205455000000.0,403375000000.0,344860000000.0,204716000000.0,1230101000000.0,731844700000.0,86.8331706193186
"KALA BIO, Inc.",KALA,Healthcare,NASDAQ,US,2024-12-31,,12253878.0,-0.3773585,-0.065967016,,-0.42820491060257726,0.0,0.0,-5.64,-6.67,-17.35150542267953,0.0,-34235000.0,0.0,-38511000.0,0.0,,0.22226627976136834,43151000.0,16956000.0,52797000.0,32252000.0,51181000.0,,9646000.0,0.787179372929941
Kaiser Aluminum Corporation,KALU,Basic Materials,NASDAQ,US,2024-12-31,,2244728320.0,2.7586687,18.051327,26.791101,22.9165598613933,0.5969,0.023509657,5.17,7.67312,2.9260430227512244,3024000000.0,95300000.0,0.05643,46800000.0,0.02655,0.11567,0.2885653807939868,1646900000.0,400600000.0,976400000.0,1075500000.0,18400000.0,,-670500000.0,-0.2986998444426451
"KalVista Pharmaceuticals, Inc.",KALV,Healthcare,NASDAQ,US,2025-04-30,,753139712.0,44.345238,-9.6544485,,-3.1981001797935855,0.0,0.0,-3.94,-1.54333,-3.4426689627941713,0.0,-182981000.0,-3.36328,-183444000.0,0.0,-1.90176,0.3803923914343821,155379000.0,45167000.0,241690000.0,6307000.0,131615000.0,,86311000.0,0.11460157873072029
"Kaanapali Land, LLC",KANP,Real Estate,NASDAQ,US,2024-12-31,,48884556.0,0.63823813,,,11.571688697059615,0.0,0.0,-2.07,,2.0092140921409216,1951000.0,-7544000.0,-4.61033,-1091000.0,0.0,-0.04697,0.899040311321688,9184000.0,355000.0,23082000.0,,23082000.0,,13898000.0,0.28430246967979006
"Kairos Pharma, Ltd.",KAPA,Healthcare,NASDAQ,US,2024-12-31,,12805132.0,1.6711956,-1.8636364,,,0.0,0.0,-0.31,-0.33,,0.0,-2343000.0,0.0,-2603000.0,0.0,-0.9207,0.8280166435506241,992000.0,992000.0,4169000.0,,1272000.0,,3177000.0,0.24810365094245027
Karooooo Ltd.,KARO,Technology,NASDAQ,US,2025-02-28,,1544356096.0,7.9067993,21.108097,24.625616,0.9767036466612038,0.66760004,0.45317197,2.03,2.3682857,23.852261517289868,4567459000.0,1312333000.0,0.26186,921031000.0,0.19474001,0.33583,0.6305125857673036,1833583000.0,1451841000.0,1656795000.0,725086000.0,1042882000.0,,-176788000.0,-0.11447359871074708
Karbon-X Corp.,KARX,Industrials,NASDAQ,US,2025-05-31,,39608524.0,-16.666666,,,-42.17319898869883,0.0,0.0,-0.11,,-0.03556761251148995,3163772.0,-6647681.0,-0.041690003,-7053492.0,-0.15644,,-0.2019290050165399,8149045.0,5205760.0,5786172.0,3003760.0,704346.0,,-2362873.0,-0.05965566906759767
"Kaival Brands Innovations Group, Inc.",KAVL,Consumer Defensive,NASDAQ,US,2025-10-31,,198970.0,1.6333334,0.3675,,-0.636851411342336,0.0,0.0,-1.51,0.04,-1.552952548737801,484661.0,-6802330.0,-1.90216,-16629885.0,0.0,-2.3901,0.14937034557777593,569289.0,569289.0,669256.0,0.0,534406.0,,99967.0,0.5024224757501131
"Kaya Holdings, Inc.",KAYS,Healthcare,NASDAQ,US,2024-12-31,,23338734.0,-34.0,,,5.189442396137677,0.0,0.0,-0.1,,0.007900656371675526,7134.0,-2022028.0,-49.74297,-2080856.0,0.0,,-69.4649141050705,17344501.0,5157400.0,67938.0,8938126.0,39668.0,,-17276563.0,-0.7402527917752523
KB Financial Group Inc.,KB,Financial Services,NASDAQ,US,2024-12-31,,37519032320.0,1.0185555,9.2413645,10.207805,0.0033036168753728967,0.17469999,0.0,10.25,11.321921,11681.87796712241,20104320000000.0,,0.4642,5078221000000.0,0.37498,0.096549995,0.07638621533761315,698030351000000.0,,,127967864000000.0,30792747000000.0,115898579000000.0,,
KBAT,KBAT,Unknown,NASDAQ,US,,,,,,,,,,,,,,,,,,,,,,,,,,,
"Kayne Anderson BDC, Inc.",KBDC,Financial Services,NASDAQ,US,2024-12-31,,992312320.0,,8.89305,9.311258,,1.0596,0.0,1.51,1.58101,,123757000.0,,0.0,131940000.0,0.0,,0.5696271698171188,896322000.0,,,848125000.0,22375000.0,48683000.0,,
Kongsberg Gruppen ASA,KBGGY,Industrials,NASDAQ,US,2025-12-31,,33776349184.0,8.250888,,80.00001,3.8293137162789765,0.42400002,0.12247398,0.24,,2.9100000008118028,31562000000.0,4697000000.0,0.15201001,7953000000.0,0.12931,0.36738,0.27496346809547006,58907000000.0,53959000000.0,64009000000.0,4934000000.0,15866000000.0,,5102000000.0,0.15105244122762798
KB Home,KBH,Consumer Cyclical,NASDAQ,US,2025-11-30,,3946759936.0,0.9869145,11.200003,9.908943,9.534114144275879,0.1626,0.01623113,6.15,5.44107,8.511701643817815,6236214000.0,525252000.0,0.083450004,428789000.0,0.06876,0.10772,0.5839387496160324,2779394000.0,861229000.0,6272432000.0,1712752000.0,230443000.0,15200000.0,3503678000.0,0.8877352706561983
"Kraig Biocraft Laboratories, Inc.",KBLB,Basic Materials,NASDAQ,US,2024-12-31,,86468168.0,-6.6666665,,Infinity,-13.639572165740224,0.0,0.0,0.0,,-0.0029326432398225823,0.0,-3074561.0,0.0,-3398939.0,0.0,,-5.413832686854005,9654954.0,9614428.0,740285.0,1704474.0,673264.0,,-8914669.0,-0.10309769717799502
Karbon Capital Partners Corp.,KBON,Financial Services,NASDAQ,US,,,442790912.0,-2515.0,,,,,0.0,,,,,,0.0,,0.0,,,,,,,,,,
Karbon Capital Partners Corp.,KBONU,Financial Services,NASDAQ,US,,,,-2557.4998,,,,,0.0,,,,,,0.0,,0.0,,,,,,,,,,
Karbon Capital Partners Corp.,KBONW,Unknown,NASDAQ,US,,,,-157.22499,,,,,0.0,,,,,,0.0,,0.0,,,,,,,,,,
"KBR, Inc.",KBR,Industrials,NASDAQ,US,2024-12-31,,5603322880.0,3.7722266,10.705601,13.633229,-27.436372366193606,0.2022,0.015320665,3.19,4.06236,-1.9619810713693049,7742000000.0,548000000.0,0.06266,375000000.0,0.047259998,0.28428,0.21806993846615638,5196000000.0,1782000000.0,1873000000.0,2855000000.0,231000000.0,,-3323000000.0,-0.5930409635790969
"KBS Real Estate Investment Trust III, Inc.",KBSR,Unknown,NASDAQ,US,,,133664400.0,0.6797583,,,,,0.0,-0.51,,,,,0.06197,,-0.15772,-0.18935,,,,,,,,,
FST Corp.,KBSX,Basic Materials,NASDAQ,US,2024-12-31,,55957504.0,5.2742615,,,-227.79410195657226,0.0,0.0,-0.18,,-0.0484209188834661,36499644.0,-3644571.0,-0.07541,-3235175.0,-0.17943001,,0.38978414360785146,35582757.0,22113495.0,26655003.0,30683694.0,5098420.0,76605.0,-8874130.5,-0.15858696091948632
Kingsoft Cloud Holdings Limited,KC,Technology,NASDAQ,US,2024-12-31,,3824934144.0,3.6701,-51.080067,,-0.4098444960886896,0.0,0.0,-0.54,-0.25313202,-9.174211259017614,7785180000.0,-825668000.0,-0.05863,-1966680000.0,-0.10776,-0.15522,0.2937612483028428,12087334000.0,9159435000.0,6840786000.0,5195323000.0,2648764000.0,,-5246548000.0,-1.3716701523423667
Kutcho Copper Corp.,KCCFF,Basic Materials,NASDAQ,US,2025-04-30,,40802288.0,1.4810549,,Infinity,-2.516095609739562,0.0,0.0,0.0,,-0.0403402782813482,0.0,-1524356.0,0.0,-1823519.0,0.0,-0.04168,0.5773840347094685,29396891.0,19227.0,1808232.0,,974555.0,206238.0,-27444292.4,-0.6726165062116124
Keystone Global Financial Group,KCG,Unknown,NASDAQ,US,,,,,,,,,,,,,,,,,,,,,,,,,,,
Kochav Defense Acquisition Corp.,KCHV,Unknown,NASDAQ,US,,,349767904.0,-57.039104,,,,,0.0,,,,,,,,,,,,,,,,,,
Kochav Defense Acquisition Corp.,KCHVR,Unknown,NASDAQ,US,,,,-1.5078212,,,,,0.0,,,,,,,,,,,,,,,,,,
Kochav Defense Acquisition Corp.,KCHVU,Unknown,NASDAQ,US,,,,-58.100555,,,,,0.0,,,,,,,,,,,,,,,,,,
KCLHF,KCLHF,Unknown,NASDAQ,US,,,,,,,,,,,,,,,,,,,,,,,,,,,
"Kindcard, Inc.",KCRD,Technology,NASDAQ,US,2025-01-31,,2725866.0,-2.1983333,,,-14.201307954355393,0.0,0.0,-0.0,,-0.0026758097845804817,410869.0,-250791.0,-0.45931998,-252221.0,-0.92223,,-12.165976888558209,1132511.0,973174.0,43817.0,377567.0,9089.0,,-1088694.0,-0.39939380732581864
"Kyndryl Holdings, Inc.",KD,Technology,NASDAQ,US,2025-03-31,,5429571584.0,4.391475,6.9398284,13.736841,-14.668800154293285,0.0,0.0,1.71,3.38481,-1.4834205933682374,15057000000.0,552000000.0,0.03762,252000000.0,0.027190002,0.32497,0.11662839647914275,9120000000.0,4300000000.0,4589000000.0,3956000000.0,1786000000.0,,-4531000000.0,-0.8345041463956505
KDDI Corporation,KDDIF,Communication Services,NASDAQ,US,2025-03-31,,65504763904.0,2.0478106,6.9268293,14.817392,0.19457698210628863,0.4291,4.548122,1.15,2.46,150.58999998539366,5917953000000.0,1091172000000.0,0.19146,685677000000.0,0.1182,0.1423,0.30386379792772306,11225647000000.0,8060329000000.0,4802776000000.0,4694241000000.0,921175000000.0,5582485000000.0,-2515131500000.0,-38.396161593468705
"Kodiak AI, Inc.",KDK,Technology,NASDAQ,US,2024-12-31,,1658047616.0,-7.2908363,-13.978429,,,0.0,0.0,-3.01,-0.65458,,14933000.0,-61719000.0,-38.92078,-69459000.0,0.0,,-7.053654284187734,286396000.0,31218000.0,20249000.0,41727000.0,16709000.0,,-266147000.0,-0.16051830926428592
Klondike Gold Corp.,KDKGF,Basic Materials,NASDAQ,US,2025-02-28,,27442958.0,1.0742218,,Infinity,-12.677022425838535,0.0,0.0,0.0,,-0.0047329725106900825,0.0,-1090669.0,0.0,-950424.0,0.0,-0.02942,0.9819687002136047,594530.0,594530.0,221152.0,0.0,79382.0,,-373378.0,-0.013605603302676045
"Kodiak AI, Inc.",KDKRW,Unknown,NASDAQ,US,2024-12-31,,,-1.1474104,,,,,0.0,,,,14933000.0,-61719000.0,-38.92078,-69459000.0,0.0,,-7.053654284187734,286396000.0,31218000.0,20249000.0,41727000.0,16709000.0,,-266147000.0,
Kidoz Inc.,KDOZF,Communication Services,NASDAQ,US,2024-12-31,,30981294.0,4.5375,13.108334,Infinity,-9.136294237468555,0.0,0.0,0.0,0.018,-0.015323499545570355,14004527.0,601705.0,-0.05297,353140.0,0.03536,0.090270005,0.6755182890948219,3807544.0,3807544.0,8027132.0,0.0,2780517.0,,4219588.0,0.13619792640036274
Keurig Dr Pepper Inc.,KDP,Consumer Defensive,NASDAQ,US,2024-12-31,,38597349376.0,1.5241417,13.089089,24.49138,20.19455265463191,0.7931,0.03284541,1.16,2.17051,1.5485657483669413,15351000000.0,3309000000.0,0.23107,1441000000.0,0.09781,0.06291,0.4537338573834924,29187000000.0,8087000000.0,3997000000.0,17274000000.0,510000000.0,89000000.0,-25127700000.0,-0.6510213889357002
"Kimball Electronics, Inc.",KE,Industrials,NASDAQ,US,2025-06-30,,639855616.0,1.1169648,17.763514,27.103092,26.90355117114922,0.0,0.0,0.97,1.48,0.8114170424875385,1486727000.0,54134000.0,0.05189,16984000.0,0.0165,0.0432,0.5289869601378245,507428000.0,318561000.0,699604000.0,147050000.0,88781000.0,,192176000.0,0.30034275732605276
"Kelly Services, Inc.",KELYA,Industrials,NASDAQ,US,2024-12-31,,392616352.0,0.35148218,6.375897,,21.017235556801598,0.2586,0.027777778,-4.44,1.7425,1.002754820936639,4331800000.0,64200000.0,0.00332,-600000.0,-0.03576,-0.13108,0.4690194886601071,1397700000.0,826500000.0,1365500000.0,302600000.0,39000000.0,11000000.0,-24500000.0,-0.0624018838624429
"Kelly Services, Inc.",KELYB,Industrials,NASDAQ,US,2024-12-31,,772864128.0,0.6918916,,,20.735620760655667,0.2586,0.007903056,-4.44,,1.002754820936639,4331800000.0,64200000.0,0.00332,-600000.0,-0.03576,-0.13108,0.4690194886601071,1397700000.0,826500000.0,1365500000.0,302600000.0,39000000.0,11000000.0,-24500000.0,-0.03170026801916727
Kenon Holdings Ltd.,KEN,Utilities,NASDAQ,US,2024-12-31,,3820526592.0,2.718771,-55.5,,-3.9398380930654158,0.0,0.0,-2.01,-1.32,-4.4223763118440775,751304000.0,47505000.0,0.1283,597673000.0,0.59215,0.22208,0.3816313854346333,1553700000.0,182843000.0,1262685000.0,1280142000.0,1015851000.0,,-291015000.0,-0.07617143684050558
Korea Electric Power Corporation,KEP,Utilities,NASDAQ,US,2024-12-31,,27681490944.0,0.4378619,3.476522,4.944954,-0.0019194733101316225,0.0171,10.104364,4.36,6.2016,-3756.089454830975,92578265000000.0,8231556000000.0,0.2048,3491698000000.0,0.08467,0.19124001,0.16172599410808722,205444962000000.0,63968789000000.0,29255205000000.0,136232856000000.0,2382979000000.0,2296103000000.0,-174582484900000.0,-6306.830988734766
Kewaunee Scientific Corporation,KEQU,Consumer Cyclical,NASDAQ,US,2025-04-30,,116862480.0,1.6727527,18.875,10.347715,5.405055191169413,0.0,0.0,3.94,2.16,6.382913546630361,240472000.0,17759000.0,0.058590002,11405000.0,0.04113,0.18170999,0.3311362725656806,128409000.0,53712000.0,118363000.0,50155000.0,14942000.0,,-10046000.0,-0.08596428896597094
Kirby Corporation,KEX,Industrials,NASDAQ,US,2024-12-31,,6828804096.0,1.9929973,15.002973,19.333334,21.521823936423843,0.0,0.0,6.33,8.15705,4.913152257732842,,,-0.53055,,0.105399996,0.10583,0.5727683685717176,2498704000.0,734753000.0,1068559000.0,1058845000.0,74444000.0,,-1430145000.0,-0.20942832447598156
KeyCorp,KEY,Financial Services,NASDAQ,US,2024-12-31,,25586726912.0,1.4309494,10.909108,15.269736,12.706219630540218,0.5395,0.036123347,1.52,2.12758,1.0367093750904575,4393000000.0,,0.33616,-161000000.0,0.26102,0.09482,0.09711061719952128,168992000000.0,,,14235000000.0,1743000000.0,35573000000.0,,
KeyCorp,KEY-PI,Financial Services,NASDAQ,US,2024-12-31,,15045332992.0,1.5517819,,10.169658,,,0.03264331,2.475,,,4393000000.0,,0.33616,-161000000.0,0.26102,0.09482,0.09711061719952128,168992000000.0,,,14235000000.0,1743000000.0,35573000000.0,,
KeyCorp,KEY-PJ,Financial Services,NASDAQ,US,2024-12-31,,14735419392.0,1.3612825,,8.921212,,,0.037171353,2.475,,,4393000000.0,,0.33616,-161000000.0,0.26102,0.09482,0.09711061719952128,168992000000.0,,,14235000000.0,1743000000.0,35573000000.0,,
KeyCorp,KEY-PK,Financial Services,NASDAQ,US,2024-12-31,,17682434048.0,1.3600494,,15.006802,,0.0,0.03728968,1.47,,,4393000000.0,,0.33616,-161000000.0,0.26102,0.09482,0.09711061719952128,168992000000.0,,,14235000000.0,1743000000.0,35573000000.0,,
KeyCorp,KEY-PL,Financial Services,NASDAQ,US,2024-12-31,,,1.5567201,,,,,0.03241107,,,,4393000000.0,,0.33616,-161000000.0,0.26102,0.09482,0.09711061719952128,168992000000.0,,,14235000000.0,1743000000.0,35573000000.0,,
"Keysight Technologies, Inc.",KEYS,Technology,NASDAQ,US,2025-10-31,,39681163264.0,6.7257843,24.860144,46.0978,44.38558510149729,0.0,0.0,5.01,9.28997,3.5085714285714285,5375000000.0,876000000.0,0.15292,850000000.0,0.15814,0.1582,0.5203964250951243,5420000000.0,1850000000.0,4348000000.0,2778000000.0,1873000000.0,,-1072000000.0,-0.02701533704715134
"The Korea Fund, Inc.",KF,Financial Services,NASDAQ,US,2025-06-30,,198552576.0,1.541776,,19.746887,10.393705344913895,0.1884,0.009818339,2.41,,2.1699999773021923,10175359.0,,0.22071,8602095.0,4.25477,0.06432,0.9900015688011875,1296328.0,,,,474132.0,127439991.0,,
Kentucky First Federal Bancorp,KFFB,Financial Services,NASDAQ,US,2024-06-30,,37845824.0,0.77586204,,78.0,-14.823331215777833,0.0,0.0,0.06,,-0.21250284767398284,,,0.20323999,,0.05704,0.01113,0.12800292291608883,326971000.0,,,68988000.0,17584000.0,,,
K&F Growth Acquisition Corp. II,KFII,Financial Services,NASDAQ,US,2024-12-31,,409440704.0,-44.38298,,,,,0.0,,,,,,0.0,,0.0,,-0.18674740010946908,242837.0,242837.0,4684.0,217521.0,,,-238153.0,-0.0005816544317000784
K&F Growth Acquisition Corp. II,KFIIR,Unknown,NASDAQ,US,,,,-0.72808516,,,,,0.0,,,,,,0.0,,0.0,,,,,,,,,,
K&F Growth Acquisition Corp. II,KFIIU,Financial Services,NASDAQ,US,2024-12-31,,271204512.0,-44.68085,,,,,0.0,,,,,,0.0,,0.0,,-0.18674740010946908,242837.0,242837.0,4684.0,217521.0,,,-238153.0,-0.0008781306706283706
Kforce Inc.,KFRC,Industrials,NASDAQ,US,2024-12-31,,671051968.0,5.0412188,13.208473,18.791668,20.238842213428075,0.8126,0.0436324,1.92,2.73158,3.1286819322780595,1405308000.0,69721000.0,0.03611,50414000.0,0.026199998,0.24944,0.43209421128232645,203216000.0,112457000.0,225406000.0,47596000.0,349000.0,,22190000.0,0.03306748367959484
Kingsway Financial Services Inc.,KFS,Consumer Cyclical,NASDAQ,US,2024-12-31,,377403488.0,22.663229,,,9.519887427015851,0.0,0.0,-0.43,,0.8907667876588021,112530000.0,,-0.04482,-9272000.0,-0.08254,-0.36534,0.08929030736914305,168314000.0,,,60219000.0,5493000.0,,,
Korn Ferry,KFY,Industrials,NASDAQ,US,2025-04-30,,3568349952.0,1.8110026,11.881544,13.871691,17.902582593519337,0.3686,0.027103923,4.91,5.73242,3.288886296469124,2761086000.0,348214000.0,0.13173,246062000.0,0.09309,0.14217,0.4833845433468765,1989085000.0,955598000.0,1750138000.0,568071000.0,1006964000.0,233626000.0,-75408800.0,-0.02113268065474762
Kestrel Group Ltd,KG,Financial Services,NASDAQ,US,2024-12-31,,92825904.0,0.6456303,,1.373425,-111.76422075248826,0.0,0.0,8.73,,-0.4241071177049621,5249587.0,141762.0,-0.20417999,324273.0,2.48002,,,904541.0,735911.0,4473380.0,244118.0,4286280.0,,3568839.0,0.03844658491017766
Kinross Gold Corporation,KGC,Basic Materials,NASDAQ,US,2024-12-31,,39230783488.0,4.879866,11.535779,22.440561,17.669879409105995,0.083900005,0.004,1.43,2.78178,0.3366298204047968,5148800000.0,1499400000.0,0.44254002,948800000.0,0.273,0.2481,0.6314975703136504,3865000000.0,1060100000.0,2126700000.0,1435400000.0,611500000.0,51900000.0,-1701970000.0,-0.0433835332531812
Kinross Gold Corp.,KGCRF,Unknown,NASDAQ,US,,,,0.25699514,,,,,0.07352941,,,,,,0.44254002,,0.273,0.2481,,,,,,,,,
Kolibri Global Energy Inc.,KGEI,Energy,NASDAQ,US,2024-12-31,,136469200.0,0.67686355,10.694444,7.8571424,6.6373225960741395,0.0,0.0,0.49,0.36,0.5288276921388996,74592000.0,27598000.0,0.37561,18115000.0,0.29705,0.09276,0.7589956544285835,59952000.0,15676000.0,15019000.0,33993000.0,4314000.0,,-44933000.0,-0.3292537803401793
"NuVibe, Inc.",KGKG,Consumer Defensive,NASDAQ,US,2022-12-31,,812955.0,-0.049999997,,,-0.648374568301325,0.0,0.0,-0.0,,-0.008020055487030546,4443036.0,-3156464.0,-0.68315005,-7313035.0,-1.1932399,,-1.6994830322276644,5981007.0,5294755.0,1023758.0,3805147.0,39788.0,,-4957249.0,-6.09781476219471
"Kodiak Gas Services, Inc.",KGS,Energy,NASDAQ,US,2024-12-31,,4281207808.0,3.462846,18.167522,59.416668,61.53122121194033,2.0476,0.038046923,0.84,2.74721,0.29367592187324787,1159311000.0,288983000.0,0.31737,49895000.0,0.05836,0.05766,0.30662351416183947,3061516000.0,319369000.0,383661000.0,2647029000.0,4750000.0,,-2677855000.0,-0.6254905438124437
The Kraft Heinz Company,KHC,Consumer Defensive,NASDAQ,US,2024-12-31,,29165273088.0,0.7038391,9.885499,,14.307081152386507,0.7306,0.06545306,-3.71,2.49254,2.311740890688259,25846000000.0,5352000000.0,0.17637,2744000000.0,-0.1735,-0.09693,0.5571035373271263,38962000000.0,7253000000.0,7655000000.0,19869000000.0,1334000000.0,,-31307000000.0,-1.073434145654587
KHOBF,KHOBF,Unknown,NASDAQ,US,,,,,,,,,,,,,,,,,,,,,,,,,,,
OrthoPediatrics Corp.,KIDS,Healthcare,NASDAQ,US,2024-12-31,,417537536.0,1.1953478,-15.983949,,-36.13113377610191,0.0,0.0,-1.96,-1.04167,-0.9249640040648318,204727000.0,-29521000.0,-0.07944,-37822000.0,-0.20058,-0.12667,0.7492799164851048,118643000.0,33962000.0,237173000.0,73116000.0,43820000.0,,118530000.0,0.28387866905455894
"Classover Holdings, Inc.",KIDZ,Consumer Defensive,NASDAQ,US,2024-12-31,,4611201.0,0.6849315,,,,0.0,0.0,-0.0,,,3096835.0,-425025.0,-0.46977,-433055.0,-0.53213,-3.2614002,-118.0,238.0,238.0,2.0,,2.0,,-236.0,-5.1179725195236557e-05
"Classover Holdings, Inc.",KIDZW,Unknown,NASDAQ,US,2024-12-31,,,0.06347032,,,,,0.0,,,,3096835.0,-425025.0,-0.46977,-433055.0,-0.53213,-3.2614002,-118.0,238.0,238.0,2.0,,2.0,,-236.0,
Kikkoman Corporation,KIKOF,Consumer Defensive,NASDAQ,US,2025-03-31,,8156147200.0,2.3449383,,22.564104,0.21656469089392957,0.3721,1.4772727,0.39,,59.19411844906606,708979000000.0,73699000000.0,0.10880999,61695000000.0,0.08186,0.1104,0.7484964984530786,163365000000.0,88051000000.0,334849000000.0,59013000000.0,106184000000.0,75129000000.0,224074300000.0,27.473057376894815
Kimco Realty Corporation,KIM,Real Estate,NASDAQ,US,2024-12-31,,14783169536.0,1.4097514,27.897762,26.301205,18.773911304226285,1.2048,0.046104193,0.83,0.7825,1.0583533781193435,2037014000.0,657536000.0,0.34331,410785000.0,0.28243,0.056700002,0.5245003224044081,9464107000.0,288276000.0,1032490000.0,8578375000.0,688622000.0,,-8431617000.0,-0.5703524524607062
Kimco Realty Corporation,KIM-PL,Real Estate,NASDAQ,US,2024-12-31,,6536090112.0,1.2928641,,12.162819,,,0.050100204,1.646,,,2037014000.0,657536000.0,0.34331,410785000.0,0.28243,0.056700002,0.5245003224044081,9464107000.0,288276000.0,1032490000.0,8578375000.0,688622000.0,,-8431617000.0,-1.2900092953920401
Kimco Realty Corporation,KIM-PM,Real Estate,NASDAQ,US,2024-12-31,,6819929600.0,1.3406523,,12.612393,,,0.04840271,1.646,,,2037014000.0,657536000.0,0.34331,410785000.0,0.28243,0.056700002,0.5245003224044081,9464107000.0,288276000.0,1032490000.0,8578375000.0,688622000.0,,-8431617000.0,-1.236320240021246
Kimco Realty Corporation,KIM-PN,Real Estate,NASDAQ,US,2024-12-31,,,3.7985148,,,,,0.017021276,,,,2037014000.0,657536000.0,0.34331,410785000.0,0.28243,0.056700002,0.5245003224044081,9464107000.0,288276000.0,1032490000.0,8578375000.0,688622000.0,,-8431617000.0,
"Kingstone Companies, Inc.",KINS,Financial Services,NASDAQ,US,2024-12-31,,227066208.0,2.109344,6.8297873,7.133333,-3.914723800433459,0.0222,0.0030998143,2.25,2.35,-0.573453582010558,155142103.0,,0.24759,18358436.0,0.15835,0.37587002,0.17792913328551976,308207392.0,,,11171420.0,28669441.0,,,
KKR Income Opportunities Fund,KIO,Financial Services,NASDAQ,US,2025-10-31,,479936288.0,,,22.094341,4.905996628523495,2.7509,0.0,0.53,,2.4399999644983335,26090000.0,,0.0,23287000.0,0.0,,0.6467160628776916,284413000.0,,,172920000.0,73916000.0,,,
Kelso Technologies Inc.,KIQSF,Industrials,NASDAQ,US,2024-12-31,,7722412.0,1.5730337,,,-4.136322809929838,0.0,0.0,-0.01,,-0.03868169961000585,10680468.0,-794839.0,0.04542,-4622297.0,-0.20936,-0.0792,0.6436541764549655,2341315.0,2282409.0,4407795.0,115903.0,153147.0,,2066480.0,0.26759515032349995
"Kish Bancorp, Inc.",KISB,Financial Services,NASDAQ,US,2023-12-31,,137879936.0,1.1610005,,9.445585,5.580566996407822,0.3039,0.033763442,4.87,,4.898020347256183,54995929.0,,0.37905997,13499712.0,0.2474,0.14989,0.060128720375344454,1450010811.0,,,235959970.0,29982735.0,2712968.0,,
Kisses From Italy Inc.,KITL,Consumer Cyclical,NASDAQ,US,2023-12-31,,877275.0,-1.05,,Infinity,-1.8550023406428133,0.0,0.0,0.0,,-0.004582204709774379,225953.0,-3561510.0,-17.74266,-4871545.0,0.0,,-9.927439074327566,966986.0,831505.0,41876.0,777497.0,24842.0,,-925110.0,-1.054526801744037
"Nauticus Robotics, Inc.",KITT,Industrials,NASDAQ,US,2024-12-31,,13321233.0,-1.5157567,-3.5985184,,-0.5735183124941053,0.0,0.0,-100.81,-0.27,-401.10313528741455,1807472.0,-23114897.0,-2.9734602,-134906649.0,0.0,,-0.8991551586291029,43082500.0,12301000.0,4320782.0,30139776.0,1186047.0,,-38761718.0,-2.9097695386005182
"Nauticus Robotics, Inc.",KITTW,Unknown,NASDAQ,US,2024-12-31,,,-0.113416545,,,,,0.0,,,,1807472.0,-23114897.0,-2.9734602,-134906649.0,0.0,,-0.8991551586291029,43082500.0,12301000.0,4320782.0,30139776.0,1186047.0,,-38761718.0,
KKR & Co. Inc.,KKR,Financial Services,NASDAQ,US,2024-12-31,,95565307904.0,3.379728,12.835853,44.102566,45.034392116551444,0.312,0.0,2.34,8.03998,3.276419137790996,,,0.32793,,0.09182,0.08946,0.06568066283229772,298114719000.0,53074454000.0,218748787000.0,50816440000.0,14878493000.0,,-79365932000.0,-0.8304889477228173
KKR & Co. Inc.,KKR-PD,Financial Services,NASDAQ,US,2024-12-31,,,1.4809235,,,,,0.0,,,,21640288000.0,926197000.0,0.32793,3076245000.0,0.09182,0.08946,0.06568066283229772,298114719000.0,53074454000.0,218748787000.0,50816440000.0,14878493000.0,,-79365932000.0,
KKR Group Finance Co. IX LLC 4.,KKRS,Unknown,NASDAQ,US,,,,,,,,,,,,,,,,,,,,,,,,,,,
KKR & Co. Inc. 6.875% Subordina,KKRT,Unknown,NASDAQ,US,,,,,,,,,,,,,,,,,,,,,,,,,,,
KKSIY,KKSIY,Unknown,NASDAQ,US,,,,,,,,,,,,,,,,,,,,,,,,,,,
KLA Corporation,KLAC,Technology,NASDAQ,US,2025-06-30,,189592567808.0,34.62138,31.562662,42.01951,39.65730148427383,0.21540001,0.005559604,34.34,45.71699,20.280173584850242,12156162000.0,5014227000.0,0.41313,4061643000.0,0.35764,1.00726,0.29203849955495187,11375473000.0,4085795000.0,10698789000.0,6088282000.0,2078908000.0,,-676684000.0,-0.003569148347024217
Klarna Group plc,KLAR,Technology,NASDAQ,US,2024-12-31,,7741273600.0,3.1608133,33.88711,,,0.0,0.0,-0.3,0.60554,,2811000000.0,-121000000.0,0.112959996,9000000.0,-0.0698,,0.1511156186612576,11547000000.0,9253000000.0,12508000000.0,791000000.0,3243000000.0,106000000.0,1035200000.0,0.13372476590932014
"KinderCare Learning Companies, Inc.",KLC,Consumer Defensive,NASDAQ,US,2024-12-31,,571478592.0,0.6127886,7.6418004,,,0.0,0.0,-0.78,0.63205,,2663035000.0,89853000.0,0.04378,-92840000.0,-0.02574,-0.118769996,0.2371462970313543,2780958000.0,412758000.0,214773000.0,2392364000.0,62336000.0,,-2566185000.0,-4.490430675660376
Kalo Gold Corp.,KLGDD,Basic Materials,NASDAQ,US,2025-08-31,,14316187.0,7.9424443,,,-1.3363289552495543,0.0,0.0,-0.06,,-0.05986549786083245,0.0,-4454832.0,0.0,-5000302.0,0.0,-3.0348802,0.5916451196790883,1635701.0,1635701.0,3751692.0,,3178442.0,,2115991.0,0.14780409057244084
Kalo Gold Corp.,KLGDF,Basic Materials,NASDAQ,US,2025-08-31,,15749992.0,28.95066,,,-1.3363289552495543,0.0,0.0,-0.06,,-0.05986549786083245,0.0,-4454832.0,0.0,-5000302.0,0.0,-12.2752,0.5916451196790883,1635701.0,1635701.0,3751692.0,,3178442.0,,2115991.0,0.13434870316124606
"Kulicke and Soffa Industries, Inc.",KLIC,Technology,NASDAQ,US,2025-09-30,,3711429120.0,4.497717,21.643925,,-35.18049386865874,205.0,0.012349397,-1.2,3.27667,-1.2408249869634798,654081000.0,-39394000.0,0.098290004,213000.0,-0.094,-0.0719,0.7438737275228144,282851000.0,188171000.0,901535000.0,38550000.0,215708000.0,6978000.0,623568600.0,0.16801306985488113
Klook Technology Ltd,KLK,Unknown,NASDAQ,US,2024-12-31,,,,,,,,,,,,417112000.0,-39815000.0,,-99260000.0,,,-2.099589834986001,1471366000.0,1450790000.0,415369000.0,5797000.0,146410000.0,9426000.0,-1049398800.0,
"Koil Energy Solutions, Inc.",KLNG,Energy,NASDAQ,US,2024-12-31,,26204636.0,3.0846486,,215.00002,-4.0545345687746535,0.0,0.0,0.01,,-0.13071783268824,22734000.0,2557000.0,-0.07256,2620000.0,0.00686,0.01903,0.4591248665955176,10136000.0,4524000.0,10206000.0,6161000.0,3422000.0,,70000.0,0.0026712830508311583
"Kalaris Therapeutics, Inc.",KLRS,Healthcare,NASDAQ,US,2023-12-31,,155978176.0,3.7265418,-3.5017447,,-9.286442587677879,0.0,0.0,-38.05,-2.38167,-11.640625293646707,0.0,-13464000.0,0.0,-14699000.0,0.0,,-13.506450645064506,48350000.0,3942000.0,3333000.0,,3169000.0,,-45017000.0,-0.2886108887438202
"Klotho Neurosciences, Inc.",KLTO,Healthcare,NASDAQ,US,2024-12-31,,17423320.0,1.703546,,,-15803.081388165108,0.0,0.0,-0.3,,-0.0006770831299570692,0.0,-5540236.0,0.0,-6150372.0,0.0,-1.98283,0.48236423974460446,1272020.0,1247534.0,157811.0,271753.0,63741.0,,-1114209.0,-0.06394929324606333
"Klotho Neurosciences, Inc.",KLTOW,Unknown,NASDAQ,US,2024-12-31,,,0.5482269,,,,,0.0,,,,0.0,-5540236.0,0.0,-6150372.0,0.0,-1.98283,0.48236423974460446,1272020.0,1247534.0,157811.0,271753.0,63741.0,,-1114209.0,
"Kaltura, Inc.",KLTR,Technology,NASDAQ,US,2024-12-31,,214743168.0,12.192983,25.272728,,-5.9032328925648505,0.0,0.0,-0.11,0.055,-0.3354094366778762,178717000.0,-24099000.0,-0.022820001,-31315000.0,-0.10005,-0.86455,0.1345081492512617,156918000.0,101663000.0,121558000.0,50030000.0,33059000.0,3379000.0,-32994700.0,-0.15364726294808131
"KLX Energy Services Holdings, Inc.",KLXE,Energy,NASDAQ,US,2024-12-31,,40854644.0,-0.6697865,-0.7339744,,9.411823103825252,0.0,0.0,-4.26,-3.12,1.2229299363057324,709300000.0,-15400000.0,-0.018,-53000000.0,-0.118879996,,-0.023011176857330704,466800000.0,140100000.0,233000000.0,344900000.0,91600000.0,,-233800000.0,-5.722727629201713
"Kelyniam Global, Inc.",KLYG,Healthcare,NASDAQ,US,,,6065211.0,5.714286,,,,0.0,0.0,-0.01,,,,,0.11255,,-0.081750005,-0.31639,,,,,,,,,
Kimberly-Clark Corporation,KMB,Consumer Defensive,NASDAQ,US,2024-12-31,,34626408448.0,23.056353,13.521798,21.467077,16.615964701414576,1.037,0.048340686,4.86,7.71569,7.551928783382789,,,0.13505,,0.122880004,1.26603,0.050767557113501754,15571000000.0,7004000000.0,5580000000.0,7574000000.0,1021000000.0,,-9991000000.0,-0.288536999585271
Kamada Ltd.,KMDA,Healthcare,NASDAQ,US,2024-12-31,,473564448.0,1.8216108,17.104168,23.457144,38.99040585599862,0.0,0.0,0.35,0.48,0.1543348052521677,160953000.0,20051000.0,0.16625999,14462000.0,0.116969995,0.07856,0.6970060845388242,112791000.0,49389000.0,184347000.0,11062000.0,78435000.0,,71556000.0,0.1511008698017804
KEEMO FASHION GROUP LTD,KMFG,Consumer Cyclical,NASDAQ,US,2024-07-31,,66000004.0,-240.00002,,Infinity,,0.0,0.0,0.0,,,,,-3.66611,,0.0,,-1.7189365737163729,77419.0,77419.0,28474.0,,19421.0,,-48945.0,-0.0007415908641460082
"Kinder Morgan, Inc.",KMI,Energy,NASDAQ,US,2024-12-31,,67855187968.0,2.1777937,20.824657,22.262774,22.04985048138589,0.85040003,0.038575668,1.37,1.46461,1.177027027027027,,,0.30257,,0.18043,0.09826,0.4275631240634672,39540000000.0,5101000000.0,2521000000.0,31669000000.0,88000000.0,,-37019000000.0,-0.5455588748417863
Kemper Corporation 5.875% Fixed,KMPB,Unknown,NASDAQ,US,,,,,,,,,,,,,,,,,,,,,,,,,,,
Kemper Corporation,KMPR,Financial Services,NASDAQ,US,2024-12-31,,2008758144.0,0.7491522,5.8125525,14.951966,13.1177775419126,0.559,0.038254634,2.29,5.8907,4.906138075830555,,,0.00027000002,,0.02992,0.04863,0.22076893843425385,9846100000.0,,,1391300000.0,65400000.0,,,
K-TECH Solutions Company Limited,KMRK,Consumer Cyclical,NASDAQ,US,2025-03-31,,37558000.0,12.447552,,59.333332,,0.0,0.0,0.03,,,18612534.0,543724.0,-0.01715,487957.0,0.02622,0.19233,0.40330313046702587,4132491.0,3125664.0,6313729.0,1366476.0,4373256.0,,2181238.0,0.05807652164652005
Kennametal Inc.,KMT,Industrials,NASDAQ,US,2025-06-30,,3072335360.0,2.336037,17.642117,28.195805,16.116826678535386,0.55939996,0.020898642,1.43,2.28544,1.3671356218345525,1966845000.0,156448000.0,0.10228,93125000.0,0.0543,0.088649996,0.5044287525948647,1220764000.0,422329000.0,1039270000.0,643360000.0,140540000.0,,-181494000.0,-0.05907362925380646
"Kestra Medical Technologies, Ltd.",KMTS,Healthcare,NASDAQ,US,2025-04-30,,1486150400.0,7.9868298,-11.683486,,,0.0,0.0,-3.96,-2.18,,59815000.0,-106378000.0,-1.4072701,-113814000.0,-1.77987,-1.26396,0.6945398723220082,90338000.0,37977000.0,255328000.0,44311000.0,237595000.0,,164990000.0,0.11101837337593826
"CarMax, Inc.",KMX,Consumer Cyclical,NASDAQ,US,2025-02-28,,6926680064.0,1.1127362,18.409456,15.465573,24.49472369742198,0.0,0.0,3.05,2.56227,3.019425734214622,26353420000.0,-220520000.0,0.01832,500556000.0,0.016449999,0.07459,0.2278113075051326,21161218000.0,2197971000.0,5077636000.0,19221977000.0,246960000.0,,-16083582000.0,-2.321975585907471
KMYGY,KMYGY,Unknown,NASDAQ,US,,,,,,,,,,,,,,,,,,,,,,,,,,,
Knowles Corporation,KN,Technology,NASDAQ,US,2024-12-31,,2297398016.0,2.952183,18.026686,46.517242,23.14038789865062,0.0,0.0,0.58,1.49667,0.7903930131004366,553500000.0,53300000.0,0.16275999,-237800000.0,0.07451,0.06646,0.6760865676980862,362200000.0,197600000.0,361400000.0,213000000.0,130100000.0,,-800000.0,-0.00034822002736507976
"Kandi Technologies Group, Inc.",KNDI,Consumer Cyclical,NASDAQ,US,2024-12-31,,92004664.0,0.25628743,7.133333,,31369.614552710776,0.0,0.0,-0.6,0.15,8.92583473606731e-05,127569613.0,-43026063.0,-0.053239997,-50495663.0,-0.49105,-0.13716,0.7273717889623864,127267155.0,120394903.0,354648028.0,84856043.0,37307867.0,,227380873.0,2.4714059387250193
Algo Grande Copper Corp.,KNDYF,Basic Materials,NASDAQ,US,2024-12-31,,11925762.0,-26.595821,,,0.08346305104533915,0.0,0.0,-0.25,,0.4385054056238414,0.0,-541839.0,0.0,-526132.0,0.0,,-3.488695574189498,1001024.0,1001024.0,223010.0,47371.0,214058.0,,-778014.0,-0.06523809547767262
Knife River Corporation,KNF,Basic Materials,NASDAQ,US,2024-12-31,,4533133312.0,2.8204765,23.74895,30.651342,20.78284773385829,0.0,0.0,2.61,3.36857,3.2252557319223984,2899005000.0,316194000.0,0.18119,201678000.0,0.048660003,0.09706,0.5177062165360434,1375117000.0,370037000.0,987668000.0,726764000.0,281134000.0,,-387449000.0,-0.08547046233437575
Kingsmen Resources Ltd.,KNGRF,Basic Materials,NASDAQ,US,2024-12-31,,41727252.0,21.299648,,,-4.98428787006252,0.0,0.0,-0.03,,-0.026081959674210745,0.0,-829230.0,0.0,-790113.0,0.0,-0.61669,0.9551139575679715,80114.0,80114.0,1334545.0,,1253296.0,,1254431.0,0.030062631490806055
KNOT Offshore Partners LP,KNOP,Energy,NASDAQ,US,2024-12-31,,363003392.0,0.66098356,8.213439,7.696296,-5.467505918408129,0.077199996,0.010019268,1.35,1.265,-1.0083125275370832,318599000.0,88596000.0,0.31655002,14065000.0,0.14957,0.08636,,961030000.0,287122000.0,95372000.0,906003000.0,66933000.0,,-865658000.0,-2.3847104987933556
Kronos Advanced Technologies Inc.,KNOS,Industrials,NASDAQ,US,,,1912039.0,1.4499999,,,,0.0,0.0,-0.0,,,,,-3.8335998,,0.0,-0.75753,,,,,,,,,
Knorex Ltd.,KNRX,Technology,NASDAQ,US,2024-12-31,,28071406.0,-2.8834376,,,,0.0,0.0,-0.25,,,10820365.0,-5508168.0,-1.2836,-5884151.0,-0.92846,,-0.802268851951327,9776770.0,9486302.0,3476587.0,5768313.0,824728.0,,-6300183.0,-0.2244341804610713
"Kiniksa Pharmaceuticals International, plc",KNSA,Healthcare,NASDAQ,US,2024-12-31,,3266039296.0,6.070724,28.255737,95.75556,91.15478984566988,0.0,0.0,0.45,1.525,0.1958207617141213,423239000.0,-45616000.0,0.13282,-43193000.0,0.06007,0.07388,0.7552040898936014,142117000.0,100621000.0,331799000.0,9855000.0,183581000.0,,189682000.0,0.058077072199439944
"Kinsale Capital Group, Inc.",KNSL,Financial Services,NASDAQ,US,2024-12-31,,9648530432.0,5.1643076,20.118193,20.368914,25.287823285527608,0.0324,0.0016080304,20.33,20.58336,13.218904191873685,1587525000.0,,0.36471,414843000.0,0.26297,0.28731,0.3035913368192549,3403143000.0,,,184122000.0,113213000.0,,,
Kinetik Holdings Inc.,KNTK,Energy,NASDAQ,US,2024-12-31,,2662260992.0,-1.5011374,25.679983,101.41464,3.8542574127893134,7.6098,0.0779805,0.41,1.61916,7.423203995389935,1482929000.0,183273000.0,0.055040002,244233000.0,0.07295,0.044109996,-0.43677527759977824,3835871000.0,418554000.0,294759000.0,3534387000.0,3606000.0,,-3541112000.0,-1.3301145194407746
Knight-Swift Transportation Holdings Inc.,KNX,Industrials,NASDAQ,US,2024-12-31,,9767938048.0,1.3791602,20.41945,146.75609,71.37457486303889,1.7561,0.012170386,0.41,2.9467,0.7253118583241354,,,0.0437,,0.00883,0.00923,0.5598258916857476,5581727000.0,1706751000.0,1448741000.0,3277291000.0,218261000.0,,-4132986000.0,-0.423117548421208
The Coca-Cola Company,KO,Consumer Defensive,NASDAQ,US,2024-12-31,,340118798336.0,10.881179,24.51143,26.168875,22.426041161767,0.6672,0.025665522,3.02,3.22421,2.4692325420603827,47061000000.0,14022000000.0,0.32373002,10631000000.0,0.2734,0.42442,0.24720285631880973,74177000000.0,25249000000.0,25997000000.0,44522000000.0,10828000000.0,,-48180000000.0,-0.14165638663818708
"Resonate Blends, Inc.",KOAN,Healthcare,NASDAQ,US,2024-12-31,,512074.0,-0.09090909,,,-0.8702168401672259,0.0,0.0,-0.02,,-0.017696738566440686,1896215.0,-1697626.0,-0.76664,-2133208.0,0.51230997,,-1.7253417569849137,5054040.0,5054040.0,1033779.0,3857512.0,8048.0,,-4020261.0,-7.850937559805809
Kodiak Sciences Inc.,KOD,Healthcare,NASDAQ,US,2024-12-31,,1406555776.0,51.428574,-6.182779,,-0.6519311221495611,0.0,0.0,-4.12,-3.72648,-4.9698501873230825,0.0,-186849000.0,0.0,-176207000.0,0.0,-2.07915,0.44784819028661,185290000.0,25573000.0,171936000.0,70345000.0,168074000.0,,-13354000.0,-0.009494113371015014
Eastman Kodak Company,KODK,Industrials,NASDAQ,US,2024-12-31,,742280000.0,0.974067,,,4.874933287302653,0.0,0.0,-0.32,,0.8287292817679558,1043000000.0,-11000000.0,0.13011,102000000.0,0.00574,0.00583,0.4292853573213393,1142000000.0,261000000.0,595000000.0,499000000.0,201000000.0,,-547000000.0,-0.7369186829767742
"Coca-Cola FEMSA, S.A.B. de C.V.",KOF,Consumer Defensive,NASDAQ,US,2024-12-31,,23298230272.0,2.8896534,15.683091,43.320312,0.964124672154279,1.5008999,0.678216,2.56,7.07131,92.99171748248001,279793000000.0,38579000000.0,0.13931,23729000000.0,0.081499994,0.16566,0.46569649269772,157445000000.0,67171000000.0,75132000000.0,78395000000.0,32779000000.0,,-82313000000.0,-3.5330151277165642
KOKO,KOKO,Unknown,NASDAQ,US,,,,,,,,,,,,,,,,,,,,,,,,,,,
KOKSF,KOKSF,Technology,NASDAQ,US,2025-03-31,,5964381184.0,4.4892426,,28.076921,,0.2582,1.448141,0.91,,,238933000000.0,51320000000.0,0.19861999,36004000000.0,0.1387,0.1713,0.5744102696244934,145344000000.0,82671000000.0,172852000000.0,60184000000.0,44755000000.0,1706000000.0,28702200000.0,4.812267880697546
ProShares UltraShort Bloomberg Natural Gas,KOLD,Unknown,NASDAQ,US,,,,,,,,,,,,,,,,,,,,,,,,,,,
Kootenay Silver Inc.,KOOYF,Basic Materials,NASDAQ,US,2024-12-31,,123390080.0,2.856129,,,-8.553910418523406,0.0,0.0,-0.06,,-0.10053881467390556,0.0,-4685085.0,0.0,-4442945.0,0.0,-0.11691,0.9890078111095391,409600.0,331194.0,6265477.0,117354.0,5367448.0,,5855877.0,0.047458247859147186
Koppers Holdings Inc.,KOP,Basic Materials,NASDAQ,US,2024-12-31,,636811520.0,1.1611186,6.8071656,38.91566,12.341982156984475,0.3735,0.00984127,0.83,4.745,4.141325038302614,2092100000.0,175800000.0,0.12755,52400000.0,0.00837,0.029860001,0.2585440694106444,1401200000.0,325800000.0,680600000.0,1021900000.0,43900000.0,,-720600000.0,-1.1315750066832961
Kopin Corporation,KOPN,Technology,NASDAQ,US,2024-12-31,,425026848.0,17.720589,80.333336,,-11.533209283150741,0.0,0.0,-0.02,0.03,-0.18121581451076793,50335167.0,-18308826.0,-0.04739,-43877896.0,-0.13479,-0.27909002,0.32899470062968017,47484204.0,43943296.0,62842400.0,2119618.0,14160120.0,,15358196.0,0.036134649075156774
"KORE Group Holdings, Inc.",KORE,Communication Services,NASDAQ,US,2024-12-31,,86471880.0,-0.5925481,-4.3628316,,-0.35020021730972756,0.0,0.0,-3.58,-1.13,-9.96572770955788,286087000.0,-36932000.0,-0.06126,-146076000.0,-0.24506001,,-0.2185010738581893,555433000.0,66090000.0,79963000.0,307220000.0,19408000.0,,-475470000.0,-5.498550511449502
"KORE Group Holdings, Inc.",KORGW,Unknown,NASDAQ,US,2024-12-31,,,-7.211539e-05,,,,,0.0,,,,286087000.0,-36932000.0,-0.06126,-146076000.0,-0.24506001,,-0.2185010738581893,555433000.0,66090000.0,79963000.0,307220000.0,19408000.0,,-475470000.0,
Kosmos Energy Ltd.,KOS,Energy,NASDAQ,US,2024-12-31,,707923904.0,0.787653,-11.058806,,15.298170108882708,0.0,0.0,-0.7,-0.13383,0.44384393123661836,1675358000.0,471177000.0,-0.156,189851000.0,-0.23647,-0.31419,0.22611164312294546,4108564000.0,594948000.0,446132000.0,2744712000.0,84972000.0,,-3662432000.0,-5.173482600751393
KOSE Holdings Corporation,KOSCF,Consumer Defensive,NASDAQ,US,2024-12-31,,1883453824.0,1.0917845,,99.99999,0.04896001951374885,2.6662,4.242424,0.33,,204.41215835736122,322758000000.0,17368000000.0,0.028199999,7510000000.0,0.02306,0.030250002,0.7107310745169281,92491000000.0,71162000000.0,240336000000.0,11222000000.0,113970000000.0,16750000000.0,159570000000.0,84.72201333883086
Koss Corporation,KOSS,Technology,NASDAQ,US,2025-06-30,,44302928.0,1.4615865,,,-40.86162094606187,0.0,0.0,-0.09,,-0.10278593242321978,12624170.0,-1737123.0,-0.35458001,-874831.0,-0.06807,-0.02842,0.8231909874324617,6574574.0,1939651.0,22604105.0,2541734.0,2807797.0,,16029531.0,0.36181651470078907
"CSLM Digital Asset Acquisition Corp III, Ltd",KOYN,Financial Services,NASDAQ,US,2024-12-31,,316841472.0,-56.089382,,,,,0.0,,,,,,0.0,,0.0,,-0.6431792559188275,58300.0,58300.0,0.0,11394.0,0.0,,-58300.0,-0.00018400369002199307
"CSLM Digital Asset Acquisition Corp III, Ltd",KOYNU,Financial Services,NASDAQ,US,2024-12-31,,,-56.703907,,,,,0.0,,,,,,0.0,,0.0,,-0.6431792559188275,58300.0,58300.0,0.0,11394.0,0.0,,-58300.0,
"CSLM Digital Asset Acquisition Corp III, Ltd",KOYNW,Unknown,NASDAQ,US,2024-12-31,,,-1.5642458,,,,,0.0,,,,,,0.0,,0.0,,-0.6431792559188275,58300.0,58300.0,0.0,11394.0,0.0,,-58300.0,
Kun Peng International Ltd.,KPEA,Consumer Cyclical,NASDAQ,US,2025-09-30,,24000000.0,-3.0,,,-25.3621975431132,0.0,0.0,-0.0,,-0.004928595,1438127.0,-1779710.0,-0.90817,-1263384.0,-0.87849,,-9.738051091270432,9028650.0,8994644.0,499447.0,1636704.0,26284.0,,-8529203.0,-0.35538345833333335
KPHMW,KPHMW,Unknown,NASDAQ,US,,,,,,,,,,,,,,,,,,,,,,,,,,,
KPL,KPL,Unknown,NASDAQ,US,,,,,,,,,,,,,,,,,,,,,,,,,,,
"Katapult Holdings, Inc.",KPLT,Technology,NASDAQ,US,2024-12-31,,31438302.0,-0.5236261,-2.7749999,,-0.964413855903337,0.0,0.0,-5.92,-2.4,-8.969178082191782,247194000.0,-4435000.0,0.12441,-25915000.0,-0.09985,,-0.5022378207811443,139965000.0,138693000.0,90368000.0,115699000.0,3465000.0,,-49597000.0,-1.5775979249769914
"Katapult Holdings, Inc.",KPLTW,Unknown,NASDAQ,US,2024-12-31,,,-0.00029876563,,,,,0.0,,,,247194000.0,-4435000.0,0.12441,-25915000.0,-0.09985,,-0.5022378207811443,139965000.0,138693000.0,90368000.0,115699000.0,3465000.0,,-49597000.0,
"Kiora Pharmaceuticals, Inc.",KPRX,Healthcare,NASDAQ,US,2024-12-31,,7907560.0,0.32940096,-0.9641256,,-0.21474886026142337,0.0,0.0,-2.19,-2.23,-23.25972710392244,16000000.0,5580819.0,0.0,3594733.0,0.0,-0.32578,0.706047425530261,10724708.0,6008713.0,29706012.0,57170.0,3792322.0,,18981304.0,2.4003996175811504
Karyopharm Therapeutics Inc.,KPTI,Healthcare,NASDAQ,US,2024-12-31,,114622384.0,-0.20231402,-1.271066,,-0.736734571299262,0.0,0.0,-14.7,-4.925,-18.792385760603818,145237000.0,-119443000.0,-0.34555998,-76422000.0,-0.87434995,,-1.131366395406829,350435000.0,92264000.0,156492000.0,194524000.0,62476000.0,,-193943000.0,-1.6920168053737217
The Kroger Co.,KR,Consumer Defensive,NASDAQ,US,2025-01-31,,44730777600.0,5.470903,12.735104,59.734512,14.928480657764371,1.1593,0.020098995,1.13,5.30031,2.9848275862068965,147123000000.0,3849000000.0,0.03101,2665000000.0,0.0053600003,0.07997,0.1574616086361563,44335000000.0,15940000000.0,15273000000.0,25082000000.0,3959000000.0,,-29062000000.0,-0.6497092507508745
KRAQ,KRAQ,Unknown,NASDAQ,US,,,,,,,,,,,,,,,,,,,,,,,,,,,
KRAKacquisition Corp.,KRAQU,Unknown,NASDAQ,US,,,,-1120.0,,,,,0.0,,,,,,,,,,,,,,,,,,
Kilroy Realty Corporation,KRC,Real Estate,NASDAQ,US,2024-12-31,,4180969472.0,0.75760853,97.07122,12.915129,20.118661780695735,0.797,0.06295541,2.71,0.36056,1.8062141507667693,1135629000.0,334510000.0,0.28862,210969000.0,0.28676,0.062080003,0.49384012654384507,5289488000.0,563301000.0,677846000.0,4726187000.0,165690000.0,,-4611642000.0,-1.103007814547372
KKR Real Estate Finance Trust Inc.,KREF,Real Estate,NASDAQ,US,2025-12-31,,479377152.0,0.5515371,9.15,,17.29496721018396,5.8824,0.13755158,-1.05,0.8,0.5128615994174955,112976000.0,,2.4628599,-47051000.0,-2.9696398,-0.03848,0.18137892533276778,5239439000.0,,,4130866000.0,84617000.0,,,
KKR Real Estate Finance Trust Inc.,KREF-PA,Real Estate,NASDAQ,US,2025-12-31,,,1.3803495,,8.584817,,,0.054914884,2.134,,,112976000.0,,2.4628599,-47051000.0,-2.9696398,-0.03848,0.18137892533276778,5239439000.0,,,4130866000.0,84617000.0,,,
"King Resources, Inc",KRFG,Industrials,NASDAQ,US,2025-03-31,,62664420.0,1.3685122,,,-1.410156693106127,0.0,0.0,-1.83,,-1.7728526285212283,76921.0,-572737.0,-16.95756,1948092.0,0.0,-1.12758,-242.8710499490316,956950.0,956950.0,2417.0,,2417.0,,-954533.0,-0.015232455674208745
Kite Realty Group Trust,KRG,Real Estate,NASDAQ,US,2024-12-31,,5588482560.0,1.6987705,67.21622,38.85938,96.08568944042433,1.6719,0.043742407,0.64,0.37,0.21616698292772807,841842000.0,178455000.0,0.23061001,4071000.0,0.16301,0.04244,0.467035930537481,3679690000.0,206660000.0,682886000.0,3226930000.0,128056000.0,,-2996804000.0,-0.5362464618660275
36Kr Holdings Inc.,KRKR,Communication Services,NASDAQ,US,2024-12-31,,8375781.0,0.5512952,70.833336,,-5.081976253296053,0.0,0.0,-3.24,0.06,-2.1566413324026397,231070000.0,-77273000.0,-0.0554,-136627000.0,-0.21303,-0.35571,0.4272809231225991,157945000.0,146202000.0,175427000.0,29603000.0,36766000.0,,17482000.0,2.0872083451083547
"KORU Medical Systems, Inc.",KRMD,Healthcare,NASDAQ,US,2024-12-31,,227907472.0,13.820225,328.0,,-7.666009122924417,0.0,0.0,-0.08,0.015,-0.3013301844204336,33646463.0,-6446231.0,-0.083409995,-6066633.0,-0.095010005,-0.2171,0.6177294756896179,10404836.0,7201820.0,19132410.0,3990013.0,9580947.0,,8727574.0,0.03829437413091923
Karman Holdings Inc.,KRMN,Industrials,NASDAQ,US,2024-12-31,,12618267648.0,34.17921,145.66785,1059.5555,,0.0,0.0,0.09,0.65464,,345251064.0,63559749.0,0.17909999,12701039.0,0.02647,0.04025,,577964129.0,114605283.0,201710564.0,447867896.0,11529770.0,,-376253565.0,-0.02981816327692465
Karoon Energy Ltd,KRNGF,Energy,NASDAQ,US,2024-12-31,,771415296.0,0.79025114,,5.9444447,4.488985837115273,0.34939998,0.041121494,0.18,,0.28310048960683915,776500000.0,312300000.0,0.21765,127500000.0,0.2024,,0.5029101210404068,965099999.9999,229599999.9999,417599999.9999,511200000.0,341200000.0,,-547500000.0,-0.7097344359632713
Karoon Energy Ltd,KRNGY,Energy,NASDAQ,US,2024-12-31,,648889984.0,1.3294683,,5.1431427,4.4997925552925535,0.3471,0.024443086,0.35,,0.5662009792136783,776500000.0,312300000.0,0.21765,127500000.0,0.2024,,0.5029101210404068,965099999.9999,229599999.9999,417599999.9999,511200000.0,341200000.0,,-547500000.0,-0.8437485760298005
Kornit Digital Ltd.,KRNT,Industrials,NASDAQ,US,2024-12-31,,659248704.0,0.91007173,50.164417,,-14.850982848664582,0.0,0.0,-0.28,0.28586,-1.309004308479535,203825000.0,-37315000.0,-0.1407,-16800000.0,-0.061669998,-0.01726,0.923065103544961,60585000.0,44331000.0,615389000.0,18376000.0,35003000.0,48086000.0,588464200.0,0.8926285276398511
Kearny Financial Corp.,KRNY,Financial Services,NASDAQ,US,2025-06-30,,512493952.0,0.67662925,9.157303,15.673077,-3.717308146703767,0.84620005,0.054590568,0.52,0.89,-1.387915572352828,153995000.0,,0.31138,26075000.0,0.19843,0.0431,0.09637191636145186,6994488000.0,,,1256491000.0,167269000.0,,,
"Kronos Worldwide, Inc.",KRO,Basic Materials,NASDAQ,US,2024-12-31,,699522944.0,0.8693166,90.557045,,-22.131554333595542,0.33900002,0.03436426,-0.35,0.06714,-0.4265855777584709,1887100000.0,121300000.0,-0.03896,86200000.0,-0.022149999,-0.05,0.42696629213483145,1096500000.0,476600000.0,1105300000.0,528000000.0,106700000.0,3400000.0,11180000.0,0.015982320659949648
"Keros Therapeutics, Inc.",KROS,Healthcare,NASDAQ,US,2024-12-31,,535288800.0,1.0146685,-5.9732847,11.262821,-7.901094256455442,0.0,0.0,1.56,-2.94143,-5.1954827906933785,3550000.0,-209595000.0,-1.07867,-187353000.0,0.26123,0.10425,0.9280175227233611,44333000.0,27450000.0,588893000.0,18861000.0,559931000.0,,544560000.0,1.0173199962338086
"Kimbell Royalty Partners, LP",KRP,Energy,NASDAQ,US,2024-12-31,,1487776000.0,2.3771763,21.659573,,17.012575025558434,43.0,0.1179941,-0.09,0.63667,0.7140932116644881,310652668.0,100457990.0,0.37375,12253106.0,0.11612,0.041199997,,256420228.0,12745863.0,85267081.0,242721886.0,34168424.0,,-171153147.0,-0.1150395939980212
"Korro Bio, Inc.",KRRO,Healthcare,NASDAQ,US,2024-12-31,,118375392.0,1.1928259,-1.5211011,,-0.9261989371537492,0.0,0.0,-9.42,-8.26375,-53.07714992470515,2271000.0,-91910000.0,-17.64862,-83581000.0,0.0,-0.63458,0.7090479137199435,65825000.0,14960000.0,131532000.0,44765000.0,55643000.0,36959000.0,91578300.0,0.773626160410096
Rice Acquisition Corporation 3,KRSP,Unknown,NASDAQ,US,,,475666880.0,-2068.0,,,,,0.0,,,,,,,,,,,,,,,,,,
Rice Acquisition Corporation 3,KRSP-UN,Unknown,NASDAQ,US,,,,-2146.0,,,,,0.0,,,,,,,,,,,,,,,,,,
KRSP-WT,KRSP-WT,Unknown,NASDAQ,US,,,,,,,,,,,,,,,,,,,,,,,,,,,
Karat Packaging Inc.,KRT,Consumer Cyclical,NASDAQ,US,2024-12-31,,519572192.0,3.3628204,15.479043,17.233334,13.653415380448651,1.1667,0.06833268,1.5,1.67,1.6253112468534936,422633000.0,40513000.0,0.06561,29975000.0,0.06674,0.19268999,0.5282084190654688,132323000.0,46447000.0,160997000.0,92870000.0,31584000.0,,28674000.0,0.055187711046706674
"KRTL Holding Group, Inc.",KRTL,Industrials,NASDAQ,US,,,5316634.0,,,,,,0.0,,,,,,-0.14734,,-0.0088,,,,,,,,,,
"Kura Sushi USA, Inc.",KRUS,Consumer Cyclical,NASDAQ,US,2025-08-31,,960319104.0,4.1896963,405.45102,,-83.8009294529819,0.0,0.0,-0.33,0.19556,-0.7857907890039272,282763000.0,-4761000.0,-0.04679,-1904000.0,-0.01372,-0.01753,0.5361974465241263,199872000.0,42780000.0,75447000.0,170015000.0,47498000.0,1468000.0,-123397400.0,-0.12849624618110272
"Krystal Biotech, Inc.",KRYS,Healthcare,NASDAQ,US,2024-12-31,,7908783104.0,6.947197,32.484516,40.890553,324.3318312554581,0.0,0.0,6.67,8.396,0.3939175554914961,290515000.0,103195000.0,0.42305002,89159000.0,0.53304,0.19658001,0.8963306870940428,109458000.0,101995000.0,742045000.0,7261000.0,344865000.0,152114000.0,739066800.0,0.09344886441837108
Koryx Copper Inc.,KRYXF,Basic Materials,NASDAQ,US,2025-08-31,,269320288.0,17.597633,,,-5.707856976001529,0.0,0.0,-0.28,,-0.09408084377983428,0.0,-16957638.0,0.0,-16493995.0,0.0,-1.8728399,0.9079943943334513,3150567.0,2833081.0,33292047.0,41962.0,30227926.0,,30141480.0,0.1119168564085302
"Knightscope, Inc.",KSCP,Industrials,NASDAQ,US,2024-12-31,,41201724.0,1.3843774,-1.3629425,,-1.8094681753791018,0.0,0.0,-3.86,-2.62667,-16.77288431730008,10805000.0,-29168000.0,-3.03673,-31734000.0,-2.5609,-1.64483,0.559907752350541,12404000.0,8265000.0,15099000.0,5728000.0,11124000.0,,2695000.0,0.06540988430484122
Kinetic Seas Incorporated,KSEZ,Technology,NASDAQ,US,2024-12-31,,3652169.0,-4.1764703,,,,0.0,0.0,-0.14,,,210584.0,-3767205.0,-1.72929,-3897122.0,0.0,,-10.61922517422289,2212498.0,2162495.0,36518.0,500603.0,4947.0,,-2175980.0,-0.595804849118428
Joint Stock Company Kaspi.kz,KSPI,Technology,NASDAQ,US,2024-12-31,,14847083520.0,0.006196421,0.010845984,6.3666954,,0.155,0.0,11.59,6803.44,,2520927000000.0,1271060000000.0,0.0,1039739000000.0,0.30106002,0.5955,0.18111563893046054,6804240000000.0,6751733000000.0,5704938000000.0,221456000000.0,619470000000.0,64015000000.0,-1054491500000.0,-71.02347734351534
Kohl's Corporation,KSS,Consumer Cyclical,NASDAQ,US,2025-01-31,,2075500032.0,0.52723074,13.6362295,10.693642,8.52544120283157,0.5058,0.028216705,1.73,1.35668,2.855855855855856,16221000000.0,509000000.0,0.021540001,109000000.0,0.01238,0.050430004,0.28040415959879045,9757000000.0,3131000000.0,3388000000.0,7159000000.0,134000000.0,,-6369000000.0,-3.068658107349044
KT Corporation,KT,Communication Services,NASDAQ,US,2024-12-31,,10257774592.0,0.43278053,6.396454,15.873135,0.0063665159144009375,0.43919998,109.4196,1.34,3.32528,1985.9398239470768,26379644000000.0,874438000000.0,0.0748,459861000000.0,0.03445,0.05076,0.38525360644174844,24035197000000.0,14026523000000.0,14366399000000.0,10520690000000.0,3716680000000.0,2759170000000.0,-7737379000000.0,-754.2941142452431
"Kontoor Brands, Inc.",KTB,Consumer Cyclical,NASDAQ,US,2024-12-31,,3726439680.0,7.0350547,11.25312,17.275772,14.7087771721563,0.53610003,0.031707317,3.88,5.95657,4.057437951204089,2607578000.0,342289000.0,0.13633999,245802000.0,0.07682,0.49106,0.2423783988139632,1250484000.0,393905000.0,1064281000.0,791160000.0,334066000.0,,-186203000.0,-0.04996807032711717
Key Tronic Corporation,KTCC,Technology,NASDAQ,US,2025-06-30,,33772324.0,0.31806093,,,-15.484615164415613,0.0,0.0,-1.42,,-0.2589667348076566,467871000.0,562000.0,0.01081,-8318000.0,-0.03677,-0.13607,0.3708250758213718,198740000.0,91991000.0,234173000.0,112010000.0,1384000.0,,35433000.0,1.0491726894483187
"KonaTel, Inc.",KTEL,Communication Services,NASDAQ,US,2024-12-31,,9939268.0,22.6,,,-10.094109808915302,0.0,0.0,-0.08,,-0.09213293938323956,15503251.0,-4537623.0,-0.023039998,4490818.0,-0.38784,-1.7286099,0.47255032493740784,2803164.0,2575388.0,4582089.0,341516.0,1679345.0,,1778925.0,0.17897947816680262
DWS Municipal Income Trust,KTF,Financial Services,NASDAQ,US,2025-11-30,,359214944.0,0.97160417,,,10.178591587143563,0.6803,0.080000006,-0.14,,0.8900000095238422,-5419422.0,,0.87599,-5704925.0,-0.21268,-0.014730001,0.6422004751119508,205982513.0,,,15000000.0,,566840620.0,,
Corts Trust Peco Energy Capital Trust III,KTH,Unknown,NASDAQ,US,,,,,,,,,,,,,,,,,,,,,,,,,,,
Credit-Enhanced Corts Trust Aon,KTN,Unknown,NASDAQ,US,,,,,,,,,,,,,,,,,,,,,,,,,,,
"Kratos Defense & Security Solutions, Inc.",KTOS,Industrials,NASDAQ,US,2024-12-31,,15940251648.0,8.044478,123.26997,726.23083,-301.6782044828608,0.0,0.0,0.13,0.76588,-0.06825153374233128,1136300000.0,32900000.0,0.021,16300000.0,0.015570001,0.01203,0.6936285816802501,597700000.0,296700000.0,872100000.0,282000000.0,329300000.0,,274400000.0,0.017214282814313572
Pasithea Therapeutics Corp.,KTTA,Healthcare,NASDAQ,US,2024-12-31,,16741021.0,0.4420732,-1.0661765,,-0.599403911169841,0.0,0.0,-4.43,-0.68,-13.012928420022828,0.0,-14249962.0,0.0,-13904584.0,0.0,-0.89902997,0.9201951182588379,1282043.0,1119871.0,7368315.0,0.0,6922729.0,,6086272.0,0.36355440925616184
Pasithea Therapeutics Corp.,KTTAW,Unknown,NASDAQ,US,2024-12-31,,,0.006402439,,,,,0.0,,,,0.0,-14249962.0,0.0,-13904584.0,0.0,-0.89902997,0.9201951182588379,1282043.0,1119871.0,7368315.0,0.0,6922729.0,,6086272.0,
"K2M Group Holdings, Inc.",KTWO,Unknown,NASDAQ,US,,,,,,,,,,,,,,,,,,,,,,,,,,,
Kuber Resources Corporation,KUBR,Industrials,NASDAQ,US,2024-12-31,,370258272.0,14.968152,,235.0,1278.5584052297454,0.0,0.0,0.01,,0.004301719794342676,3920223.0,970972.0,0.02685,386267.0,0.57137,0.13492,0.5670999033723901,3399490.0,3367395.0,5889457.0,80469.0,104322.0,,2489967.0,0.006724946309909856
KUKE,KUKE,Unknown,NASDAQ,US,,,,,,,,,,,,,,,,,,,,,,,,,,,
Kuke Music Holding Limited,KUKEY,Communication Services,NASDAQ,US,2024-12-31,,2834807.0,0.027201816,,,,0.0,0.0,-2.36,,,68921000.0,-52535000.0,-9.86284,-64943000.0,-0.94228,-2.18667,0.14582910765062246,223498000.0,209850000.0,70355000.0,70623000.0,2568000.0,,-153143000.0,-54.022372598910614
"KULR Technology Group, Inc.",KULR,Technology,NASDAQ,US,2024-12-31,,133848344.0,0.84389406,Infinity,,-0.9945382428510586,0.0,0.0,-0.59,0.0,-1.608786826794224,10737481.0,-15234959.0,-1.5354401,-17523629.0,-1.3347,-0.29072002,0.9126100774217033,5499202.0,4665634.0,34164055.0,1846046.0,29831858.0,,28664853.0,0.21415919049398174
"Kura Oncology, Inc.",KURA,Healthcare,NASDAQ,US,2024-12-31,,681347200.0,2.8094726,-2.7051866,,-6.865623764032937,0.0,0.0,-2.48,-2.89444,-2.0842972046593564,53883000.0,-193195000.0,-3.8552802,-173983000.0,-2.0848398,-0.65099996,0.5441493161299149,346519000.0,78712000.0,744829000.0,16594000.0,224462000.0,,398310000.0,0.584591820440445
"Kustom Entertainment, Inc.",KUST,Communication Services,NASDAQ,US,2024-12-31,,1145438.0,0.095780306,,,-0.24924881893864997,0.0,0.0,-15.04,,-55125.63733905579,19650802.0,-10371540.0,-0.24724,-19844147.0,-0.45356998,-3.34494,-0.2817631435577856,36750003.0,29731243.0,10353736.0,8661035.0,454314.0,,-26396267.0,-23.044692947152093
Keen Vision Acquisition Corporation,KVAC,Financial Services,NASDAQ,US,2024-12-31,,110861064.0,-17.191977,,,28.623050324794207,0.0,0.0,-0.28,,0.36103767825323,0.0,-1460753.0,0.0,7409180.0,0.0,,0.9394791513323048,4262898.0,1272898.0,63786.0,600000.0,54548.0,,-4199112.0,-0.03787724786765532
Keen Vision Acquisition Corporation,KVACU,Financial Services,NASDAQ,US,2024-12-31,,,-16.475645,,,,,0.0,,,,0.0,-1460753.0,0.0,7409180.0,0.0,,0.9394791513323048,4262898.0,1272898.0,63786.0,600000.0,54548.0,,-4199112.0,
Keen Vision Acquisition Corporation,KVACW,Unknown,NASDAQ,US,2024-12-31,,,-0.08595988,,,,,0.0,,,,0.0,-1460753.0,0.0,7409180.0,0.0,,0.9394791513323048,4262898.0,1272898.0,63786.0,600000.0,54548.0,,-4199112.0,
"KVH Industries, Inc.",KVHI,Communication Services,NASDAQ,US,2024-12-31,,116460848.0,0.8887229,-49.583332,,-6.537096332195837,0.0,0.0,-0.62,-0.12,-0.8061683220073184,113828000.0,-10746000.0,-0.2682,-11048000.0,-0.111949995,-0.08785,0.8938877102933306,16456000.0,15872000.0,122575000.0,1229000.0,50572000.0,,106119000.0,0.9111989292744974
Kenvue Inc.,KVUE,Consumer Defensive,NASDAQ,US,2024-12-31,,34736795648.0,3.266078,16.44176,24.173332,22.039672044607308,1.0967,0.045545105,0.75,1.10268,0.8994594594594595,15455000000.0,2635000000.0,0.19288,1030000000.0,0.0955,0.13469,0.3776414983789696,15933000000.0,5739000000.0,5525000000.0,8719000000.0,1070000000.0,,-10408000000.0,-0.29962464314405607
"Klaviyo, Inc.",KVYO,Technology,NASDAQ,US,2024-12-31,,5779232256.0,5.0594764,23.781713,,-22.190232267336846,0.0,0.0,-0.24,0.80482,-1.2690268181132347,937464000.0,-84078000.0,-0.02135,-46142000.0,-0.056989998,-0.06099,0.81204783131811,239321000.0,199893000.0,979749000.0,53438000.0,881473000.0,,740428000.0,0.12811874782005647
"Kennedy-Wilson Holdings, Inc.",KW,Real Estate,NASDAQ,US,2024-12-31,,1369390720.0,1.8560748,-9.280374,,-5.042354271935082,3.5556,0.048681542,-0.27,-1.07,-2.1867045956505007,531400000.0,68500000.0,0.20413,-33000000.0,0.0149,0.0059100003,0.23002111735214262,5325100000.0,540200000.0,549700000.0,4784900000.0,217500000.0,,-4775400000.0,-3.4872443125655184
KWF Group Holding Ltd,KWF,Unknown,NASDAQ,US,2025-02-28,,,,,,,,,,,,12510247.0,1059288.0,,1008111.0,,,0.4336783120027672,1227927.0,1201454.0,2028181.0,56786.0,96690.0,,800254.0,
"KwikClick, Inc.",KWIK,Technology,NASDAQ,US,2024-12-31,,5060848.0,-1.9637462,,,-32.43128797842138,0.0,0.0,-0.18,,-1.036036511916435,157371.0,-1757180.0,-0.90142995,-1956424.0,-1.49421,,-1.3976795111558493,3720580.0,3720580.0,225274.0,2842982.0,192996.0,,-3495306.0,-0.6906561904250039
K Wave Media Ltd.,KWM,Communication Services,NASDAQ,US,2024-12-31,,48970516.0,0.5410964,,,,0.0,0.0,-0.2,,,485271.0,-11836588.0,-1.18582,-12870234.0,0.0,,-0.17789247649131681,10003127.0,6934920.0,3887378.0,3671411.0,333069.0,2778055.0,-4171110.5,-0.08517595567095923
K Wave Media Ltd.,KWMWW,Unknown,NASDAQ,US,2024-12-31,,,0.049050033,,,,,0.0,,,,485271.0,-11836588.0,-1.18582,-12870234.0,0.0,,-0.17789247649131681,10003127.0,6934920.0,3887378.0,3671411.0,333069.0,2778055.0,-4171110.5,
Quaker Chemical Corporation,KWR,Basic Materials,NASDAQ,US,2024-12-31,,2958303232.0,2.166083,20.160604,,34.032758178456234,0.3561,0.011551136,-0.53,8.43576,6.293564168057834,1839686000.0,201236000.0,0.11048,116644000.0,-0.00483,-0.00638,0.5184791214751581,1256466000.0,379768000.0,876417000.0,737815000.0,188880000.0,,-380049000.0,-0.12846857478604817
KIOXIA HLDGS CORP,KXHCF,Unknown,NASDAQ,US,,,,14.565752,,,,,0.0,,,,,,0.19163999,,0.097770005,0.21608,,,,,,,,,
KIOXIA HLDGS CORP,KXIAY,Technology,NASDAQ,US,2025-03-31,,77650632704.0,14.8374405,,78.48634,,0.0,0.0,1.83,,,1706460000000.0,451748000000.0,0.19163999,272315000000.0,0.097770005,0.21608,0.7229318050981255,448559000000.0,146574000000.0,181786000000.0,439541000000.0,676000000.0,,-266773000000.0,-3.4355547496557333
Kaixin Holdings,KXIN,Consumer Cyclical,NASDAQ,US,2024-12-31,,799574.0,0.19374725,,,-0.3840743793149758,0.0,0.0,-626.7,,-4213.246283332022,0.0,-19141000.0,-91.536835,-40972000.0,0.0,-1.45894,0.5345100426049909,11471000.0,9048000.0,2974000.0,1071000.0,2388000.0,,-8497000.0,-10.626908828951416
KYFGF,KYFGF,Unknown,NASDAQ,US,,,,,,,,,,,,,,,,,,,,,,,,,,,
Kyivstar Group Ltd.,KYIV,Communication Services,NASDAQ,US,2024-12-31,,2832696576.0,2.1770759,8.048647,22.309092,,0.0,0.0,0.55,1.52448,,919000000.0,354000000.0,0.39394,283000000.0,0.11694,,0.48890900860117703,1129000000.0,887000000.0,1208000000.0,894000000.0,429000000.0,10000000.0,86000000.0,0.030359764165577896
Kyivstar Group Ltd.,KYIVW,Unknown,NASDAQ,US,2024-12-31,,,0.71149755,,,,,0.0,,,,919000000.0,354000000.0,0.39394,283000000.0,0.11694,,0.48890900860117703,1129000000.0,887000000.0,1208000000.0,894000000.0,429000000.0,10000000.0,86000000.0,
"Kymera Therapeutics, Inc.",KYMR,Healthcare,NASDAQ,US,2024-12-31,,6367121920.0,6.0341167,-21.089087,,-10.651479058316186,0.0,0.0,-3.6,-3.77399,-2.517960139431002,47072000.0,-256710000.0,-32.07887,-223858000.0,0.0,-0.32092997,0.8543855792481864,142416000.0,67767000.0,510268000.0,87761000.0,120256000.0,362159000.0,621363300.0,0.0975893516422566
"Kayne Anderson Energy Infrastructure Fund, Inc.",KYN,Financial Services,NASDAQ,US,2025-11-30,,2266288640.0,0.9717186,4.6527777,,2.242956362678484,0.3438,0.0,-0.28,2.88,5.496924134177376,-65981000.0,,0.57473,-46866000.0,-0.48143002,-0.01923,0.7236606943389482,890604000.0,,,414957000.0,,1585000.0,,
"Kyntra Bio, Inc.",KYNB,Healthcare,NASDAQ,US,2024-12-31,,33253558.0,-1.952958,-0.68786615,,-0.31118392188327126,0.0,0.0,-12.85,-11.95,-73.02755310730399,29621000.0,-130962000.0,-4.9907103,-47579000.0,25.98867,,-1.0516350075748748,398160000.0,133306000.0,196509000.0,73092000.0,50482000.0,,-201651000.0,-6.064042831146069
KYTFY,KYTFY,Unknown,NASDAQ,US,,,,,,,,,,,,,,,,,,,,,,,,,,,
"Kyverna Therapeutics, Inc.",KYTX,Healthcare,NASDAQ,US,2024-12-31,,472680352.0,2.2853026,-2.3275676,,,0.0,0.0,-3.73,-3.40699,,0.0,-142604000.0,0.0,-127477000.0,0.0,-0.70819,0.8750742667695186,38058000.0,33756000.0,290601000.0,8242000.0,96621000.0,,252543000.0,0.5342786069517017
Kazia Therapeutics Limited,KZIA,Healthcare,NASDAQ,US,2025-06-30,,65635388.0,-1.6327257,-754.2899,,-0.21662868772873253,0.0,0.0,-13.22,-0.007676094,-50.77813153618165,42000.0,-14217000.0,-2.68367,-20702000.0,0.0,,-1.3695759775614584,14362000.0,14053000.0,4934000.0,396000.0,4345000.0,,-9428000.0,-0.14364202432992398
"Kezar Life Sciences, Inc.",KZR,Healthcare,NASDAQ,US,2024-12-31,,44817712.0,0.5401112,-1.8715596,,-0.6979736760955242,0.0,0.0,-8.44,-3.27,-14.040644405898256,0.0,-89135000.0,0.0,-83736000.0,0.0,-0.56864,0.8080894651718942,27766000.0,20329000.0,137488000.0,16180000.0,41749000.0,,109722000.0,2.4481838787308017
Loews Corporation,L,Financial Services,NASDAQ,US,2024-12-31,,23080335360.0,1.258867,38.36896,16.126087,10.971144082084027,0.036199998,0.0022544865,6.9,2.9,6.294719283613538,17239000000.0,,0.16677,1414000000.0,0.07949,0.08182,0.20826672198967575,64006000000.0,,,8944000000.0,541000000.0,,,
LAAI,LAAI,Consumer Cyclical,NASDAQ,US,2024-12-31,,1022321.0,-6.5028906,,Infinity,-67.99959124445625,0.0,0.0,0.0,,-0.23529553203460496,0.0,-52675.0,0.0,-52675.0,0.0,,,110370.0,110370.0,0.0,87525.0,0.0,,-110370.0,-0.10796021993092189
Li Auto Inc.,LAAOF,Consumer Cyclical,NASDAQ,US,2024-12-31,,19232135168.0,0.9143384,,13.955882,3.1629072277288715,0.0,0.0,0.68,,5.5328843813626145,144459946000.0,7019114000.0,-0.04302,8032350000.0,0.036310002,0.066350006,0.4365585864306541,91028696000.0,69215896000.0,126309782000.0,16344719000.0,65901123000.0,922897000.0,35927113900.0,1.8680772356352024
Standard BioTools Inc.,LAB,Healthcare,NASDAQ,US,2024-12-31,,484552416.0,1.0210698,-31.5,,-2.459965638602388,0.0,0.0,-0.39,-0.04,-0.9431025770591208,174432000.0,-134757000.0,-0.29424,-138885000.0,-0.75558996,-0.33261,0.7703545719399553,140622000.0,65894000.0,375880000.0,32996000.0,166728000.0,,235258000.0,0.48551610152326635
"Laboratorios Farmaceuticos Rovi, S.A.",LABFF,Healthcare,NASDAQ,US,2024-12-31,,4634655744.0,6.3299103,,28.948881,15.465726740303435,0.0,0.010318949,3.13,,3.2870420704719745,763749000.0,179545000.0,0.32299998,136881000.0,0.16729,0.20337,0.6875154743504378,250482000.0,156651000.0,489606000.0,114410000.0,27186000.0,,239124000.0,0.05159477061690475
LABT,LABT,Unknown,NASDAQ,US,,,,,,,,,,,,,,,,,,,,,,,,,,,
Lithium Americas Corp.,LAC,Basic Materials,NASDAQ,US,2024-12-31,,1414255360.0,2.3763385,-12.469895,,-208.01803944705046,0.0,0.0,-1.08,-0.3737,-0.03172801706129219,0.0,-28298000.0,0.0,-42528000.0,0.0,-0.32026002,0.6076918954508567,99604000.0,58280000.0,602175000.0,22637000.0,593885000.0,,502571000.0,0.35536085930054384
Lapco Holdings Limited,LACHF,Unknown,NASDAQ,US,,,,,,,,,,,,,,,,,,,,,,,,,,,
"Lithia Motors, Inc.",LAD,Consumer Cyclical,NASDAQ,US,2024-12-31,,8347830272.0,1.2409248,9.058498,9.949133,8.947780874421557,0.0624,0.0065627075,34.6,38.00188,36.26086956521739,36188200000.0,1453500000.0,0.04522,802000000.0,0.02395,0.13515,0.2877693175774714,16448500000.0,6551100000.0,7772200000.0,13862200000.0,402200000.0,,-8676300000.0,-1.0393479164402446
Ladder Capital Corp,LADR,Real Estate,NASDAQ,US,2024-12-31,,1307590784.0,0.8805625,8.232466,20.137257,12.200707457417566,1.8039,0.088974856,0.51,1.2475,0.8097618368923377,277478000.0,,0.30747998,108255000.0,0.29799,0.04226,0.3168228837831752,3312134000.0,,,3072879000.0,1323481000.0,888409000.0,,
LadRx Corporation,LADX,Healthcare,NASDAQ,US,2024-12-31,,49509.0,-0.023191096,,,1.6221069689306862,0.0,0.0,-5.04,,0.8199212927320677,0.0,-3623414.0,0.0,-1589685.0,0.0,,-1.690778690477325,2258941.0,2258941.0,837038.0,0.0,759742.0,,-1421903.0,-28.720091296531944
SEALSQ Corp,LAES,Technology,NASDAQ,US,2024-12-31,,715603200.0,4.4444447,-66.66667,,-3.34139296635223,0.0,0.0,-0.4,-0.06,-0.4189869285822164,10981000.0,-17191000.0,-4.4014497,-21201000.0,-2.77309,-0.49359,0.7980648996576676,19702000.0,15517000.0,93062000.0,8876000.0,84624000.0,,73360000.0,0.10251491329272983
LaFayette Acquisition Corp.,LAFA,Financial Services,NASDAQ,US,2024-12-31,,157290464.0,-667.3334,,,,,0.0,,,,,,0.0,,0.0,,-0.21962275186430766,16682.0,16682.0,,,,,,
LaFayette Acquisition Corp.,LAFAR,Unknown,NASDAQ,US,,,,-10.666667,,,,,0.0,,,,,,0.0,,0.0,,,,,,,,,,
LaFayette Acquisition Corp.,LAFAU,Financial Services,NASDAQ,US,2024-12-31,,138064832.0,-672.6667,,,,,0.0,,,,,,0.0,,0.0,,-0.21962275186430766,16682.0,16682.0,,,,,,
"Lakeland Industries, Inc.",LAKE,Consumer Cyclical,NASDAQ,US,2025-01-31,,94629128.0,0.7030965,19.49495,,25.69189170917388,0.46150002,0.01280683,-4.48,0.495,0.7195241723648339,167211000.0,1273000.0,-0.12514,-18075000.0,-0.19405001,-0.28969,0.6899040610546227,65905000.0,34907000.0,136531000.0,31648000.0,17476000.0,0.0,70626000.0,0.7463452479452204
Lamar Advertising Company,LAMR,Real Estate,NASDAQ,US,2024-12-31,,13494011904.0,13.066889,22.528965,31.348234,20.05239057619727,1.4235001,0.046137422,4.25,5.91372,4.855345019800719,2207103000.0,525983000.0,0.31924,361867000.0,0.19248,0.38726002,0.15898629160733488,5538529000.0,778474000.0,425268000.0,4557993000.0,49461000.0,,-5113261000.0,-0.3789281524558525
Gladstone Land Corporation,LAND,Real Estate,NASDAQ,US,2024-12-31,,410307840.0,0.60404897,-24.466667,,32.511377174438856,11.118,0.050359715,-0.39,-0.45,0.4075979504189626,85216000.0,31380000.0,0.27277002,13290000.0,0.14509,0.014570001,0.5236889334283396,625013000.0,24976000.0,64589000.0,527522000.0,18275000.0,,-560424000.0,-1.3658622755051426
Gladstone Land Corp,LANDM,Real Estate,NASDAQ,US,2024-12-31,,412530848.0,1.3755418,,,,0.0,0.022337455,-0.12,,,85216000.0,31380000.0,0.27277002,13290000.0,0.14509,0.014570001,0.5236889334283396,625013000.0,24976000.0,64589000.0,527522000.0,18275000.0,,-560424000.0,-1.3585020434641533
Gladstone Land Corporation,LANDO,Real Estate,NASDAQ,US,2024-12-31,,,1.0991662,,,,,0.027916253,-0.288,,,85216000.0,31380000.0,0.27277002,13290000.0,0.14509,0.014570001,0.5236889334283396,625013000.0,24976000.0,64589000.0,527522000.0,18275000.0,,-560424000.0,
Gladstone Land Corporation,LANDP,Real Estate,NASDAQ,US,2024-12-31,,,1.0819114,,,,,0.02836161,,,,85216000.0,31380000.0,0.27277002,13290000.0,0.14509,0.014570001,0.5236889334283396,625013000.0,24976000.0,64589000.0,527522000.0,18275000.0,,-560424000.0,
Lanvin Group Holdings Limited,LANV,Consumer Cyclical,NASDAQ,US,2024-12-31,,195686128.0,-1.6351968,-1.5240872,,-2.7761992585966286,0.0,0.0,-1.81,-0.9185826,-1.1022263381506607,328610000.0,-135362000.0,-0.52797,-165255000.0,-0.62224996,,-0.007174890813338848,646997000.0,415614000.0,164966000.0,337834000.0,18043000.0,2710000.0,-480134000.0,-2.453592418160576
Lanvin Group Holdings Limited WT,LANV-WT,Unknown,NASDAQ,US,,,,,,,,,,,,,,,,,,,,,,,,,,,
Lithium Argentina AG,LAR,Basic Materials,NASDAQ,US,2024-12-31,,1092696320.0,1.4294816,23.986029,,0.8116473904334002,0.0,0.0,-0.5,0.28058,8.020724646703604,0.0,-31961000.0,0.0,-15234000.0,0.0,-0.09365,0.7321933871570857,240293000.0,240272000.0,117409000.0,210745000.0,85543000.0,,-122884000.0,-0.112459425140189
Lord Abbett Credit Opportunities Fund,LARAX,Unknown,NASDAQ,US,,,,,,,,,0.0,,,,,,,,,,,,,,,,,,
"Landmark Bancorp, Inc.",LARK,Financial Services,NASDAQ,US,2024-12-31,,170993824.0,1.0645137,,8.742236,8.066840435650038,0.2482,0.028169015,3.22,,2.0249621767648334,60468000.0,,0.35782,13003000.0,0.27495,0.1265,0.08653285408813181,1437927000.0,,,74697000.0,24385000.0,343861000.0,,
Laser Photonics Corporation,LASE,Industrials,NASDAQ,US,2024-12-31,,13692452.0,3.2497296,,,-3.4194212051147472,0.0,0.0,-0.46,,-0.3714078800900153,3415196.0,-5530674.0,-3.49981,-2518827.0,-1.0536699,-1.09145,0.595394442456679,6939854.0,2573435.0,4664460.0,5016408.0,533871.0,,-2275394.0,-0.16617870926259226
"nLIGHT, Inc.",LASR,Technology,NASDAQ,US,2024-12-31,,2799498752.0,11.882845,188.33586,,-15.215581726575888,0.0,0.0,-0.89,0.27143,-0.9043361256999002,198548000.0,-61345000.0,-0.0834,-60792000.0,-0.19127001,-0.19182,0.8008777350587069,53811000.0,34235000.0,194089000.0,12133000.0,65829000.0,,140278000.0,0.050108255951099634
Galata Acquisition Corp. II,LATA,Financial Services,NASDAQ,US,,,232990000.0,-47.78302,,,,,0.0,,,,,,0.0,,0.0,,,,,,,,,,
Galata Acquisition Corp. II,LATAU,Financial Services,NASDAQ,US,,,,-47.9717,,,,,0.0,,,,,,0.0,,0.0,,,,,,,,,,
Galata Acquisition Corp. II,LATAW,Unknown,NASDAQ,US,,,,-1.6037736,,,,,0.0,,,,,,0.0,,0.0,,,,,,,,,,
"Laureate Education, Inc.",LAUR,Consumer Defensive,NASDAQ,US,2024-12-31,,5159394304.0,4.6120405,16.487396,25.933332,20.00350421108115,0.0,0.0,1.35,2.12344,0.6813806206459785,1566642000.0,373983000.0,0.17857,296474000.0,0.12861,0.20363002,0.5153158330021589,903517000.0,367895000.0,227311000.0,427414000.0,91350000.0,,-676206000.0,-0.13106305898654572
"CS Disco, Inc.",LAW,Technology,NASDAQ,US,2024-12-31,,252466032.0,1.9330144,-36.727272,,-11.157461217640417,0.0,0.0,-1.0,-0.11,-0.7008763032308485,144841000.0,-46510000.0,-0.18180001,-55774000.0,-0.39999,-0.41002,0.8180678793256433,32806000.0,25694000.0,156936000.0,9301000.0,52771000.0,,124130000.0,0.491670103168572
LAWIL,LAWIL,Unknown,NASDAQ,US,,,,,,,,,,,,,,,,,,,,,,,,,,,
"Robot Consulting Co., Ltd.",LAWR,Industrials,NASDAQ,US,2025-03-31,,172350000.0,-38.09996,,,,0.0,0.0,-0.07,,,675561000.0,-534174000.0,-0.79918,-534685000.0,-0.79147005,,-2.0746595237791907,965357000.0,526065000.0,277500000.0,881000.0,112012000.0,,-687857000.0,-3.991047287496374
"Lazard, Inc.",LAZ,Financial Services,NASDAQ,US,2024-12-31,,5389060096.0,6.43699,11.6665745,26.175114,18.125293222478774,0.9217,0.036724202,2.17,4.86861,2.733724632130322,,,0.1437,,0.07643,0.28624,0.13271608865511486,4029210000.0,896785000.0,2616923000.0,2192535000.0,1308218000.0,391645000.0,-1138135500.0,-0.21119369235551386
"Luminar Technologies, Inc.",LAZRQ,Consumer Cyclical,NASDAQ,US,2024-12-31,,4561476.0,-0.014189693,-0.0161844,,-2.3787637372951527,0.0,0.0,-4.87,-3.52191,-22.007229071705662,75395000.0,-418618000.0,-3.4086099,-273140000.0,0.0,,-0.6045485785007653,586002000.0,60588000.0,245227000.0,534648000.0,82840000.0,10000000.0,-333775000.0,-73.17258711873086
LandBridge Company LLC,LB,Energy,NASDAQ,US,2024-12-31,,4514294784.0,5.283652,22.52188,64.454544,,0.45330003,0.007328692,0.88,2.51844,,109954000.0,-16510000.0,0.6076,5110000.0,0.13716,0.11323,-0.3057458389554687,395408000.0,14410000.0,53315000.0,381239000.0,37032000.0,,-342093000.0,-0.07577994268617085
Copper Giant Resources Corp.,LBCMF,Basic Materials,NASDAQ,US,2024-12-31,,103448032.0,24.204273,,,-0.2310269567865839,0.0,0.0,-0.14,,-0.670917382750609,0.0,-8140629.0,0.0,-8364373.0,0.0,-3.69279,0.7086802008290566,1114108.0,1049183.0,2482219.0,121463.0,1999870.0,,1368111.0,0.013225104175978912
Li Bang International Corporation Inc.,LBGJ,Industrials,NASDAQ,US,2025-06-30,,15045270.0,1.9107144,,,,0.0,0.0,-0.06,,,11106078.0,-1073799.0,-0.02722,-1013575.0,-0.09126,-0.16829,0.2830292459811821,20020097.0,16946870.0,19940088.0,10654794.0,933826.0,,-80009.0,-0.0053178839595434315
Longevity Biomedical Inc,LBIO,Unknown,NASDAQ,US,,,,,,,,,,,,,,,,,,,,,,,,,,,
LBKX,LBKX,Unknown,NASDAQ,US,,,,,,,,,,,,,,,,,,,,,,,,,,,
"1847 Holdings, LLC",LBRA,Consumer Cyclical,NASDAQ,US,2024-12-31,,253038.0,-0.004846226,,6.943517e-05,,0.0,0.0,74.89,,,15710330.0,-11319069.0,0.19377,-99998166.0,-0.75801,,-2.8121508197668446,130113775.0,124558252.0,12630493.0,33139450.0,2502450.0,,-117483282.0,-464.2910630023949
Liberty Broadband Corporation,LBRDA,Communication Services,NASDAQ,US,2024-12-31,,7738273792.0,1.3508613,9.060811,6.439376,16.22489700875137,0.0,0.0,8.33,5.92,4.680000000272093,1016000000.0,92000000.0,0.0,869000000.0,0.0,-0.30066,0.5868640258884161,6879000000.0,200000000.0,423000000.0,3828000000.0,163000000.0,,-6456000000.0,-0.8342945950910081
Liberty Broadband Corporation,LBRDB,Communication Services,NASDAQ,US,2024-12-31,,7158695424.0,1.2564218,,5.989196,16.77350427252907,0.0,0.0,8.33,,4.680000000272093,1016000000.0,92000000.0,0.0,869000000.0,0.0,-0.30066,0.5868640258884161,6879000000.0,200000000.0,423000000.0,3828000000.0,163000000.0,,-6456000000.0,-0.9018402959784869
Liberty Broadband Corporation,LBRDK,Communication Services,NASDAQ,US,2024-12-31,,7713999872.0,1.3538833,6.3539414,6.4537816,16.219709672555425,0.0,0.0,8.33,8.46089,4.680000000272093,1016000000.0,92000000.0,0.0,869000000.0,0.0,-0.30066,0.5868640258884161,6879000000.0,200000000.0,423000000.0,3828000000.0,163000000.0,,-6456000000.0,-0.836919899808886
Liberty Broadband Corporation,LBRDP,Communication Services,NASDAQ,US,2024-12-31,,,0.6074343,,4.4256883,,,0.0,5.45,,,1016000000.0,92000000.0,0.0,869000000.0,0.0,-0.30066,0.5868640258884161,6879000000.0,200000000.0,423000000.0,3828000000.0,163000000.0,,-6456000000.0,
LBRJ,LBRJ,Unknown,NASDAQ,US,,,,,,,,,,,,,,,,,,,,,,,,,,,
Liberty Energy Inc.,LBRT,Energy,NASDAQ,US,2025-12-31,,4088559872.0,1.9658719,-81.67427,28.348314,10.291525358185165,0.37080002,0.013912311,0.89,-0.30891,1.865488376486145,4006116000.0,90239000.0,0.02776,147872000.0,0.03691,0.07288,0.5842357526968599,1479416000.0,720353000.0,877970000.0,618286000.0,27554000.0,62790000.0,-557493000.0,-0.13635436864161446
LB Pharmaceuticals Inc,LBRX,Healthcare,NASDAQ,US,2024-12-31,,602624576.0,1.9425868,-6.426253,,,0.0,0.0,-0.74,-3.70667,,0.0,-64830000.0,0.0,-63102000.0,0.0,,-2.819645732689211,128088000.0,8109000.0,28879000.0,3703000.0,22978000.0,,-99209000.0,-0.16462820128995204
Liberty Star Uranium & Metals Corp.,LBSR,Basic Materials,NASDAQ,US,2025-01-31,,4141311.0,-2.9125,,,-3.031872909066739,0.0,0.0,-0.03,,-0.1315688401872764,0.0,-1698529.0,0.0,2122189.0,0.0,,-33.50929836853168,1723912.0,1691512.0,38780.0,968604.0,20962.0,,-1685132.0,-0.4069078608199191
Liberty Global Ltd.,LBTYA,Communication Services,NASDAQ,US,2024-12-31,,4020773632.0,0.31134075,-7.566781,,-0.9531885515925148,0.0,0.0,-6.06,-1.55284,-9.518204205108649,4341900000.0,-10500000.0,0.01044,1588000000.0,-0.41439,-0.1168,0.4860867069973309,12895400000.0,3133900000.0,3300300000.0,9778500000.0,1816300000.0,,-9595100000.0,-2.386381546982847
Liberty Global Ltd.,LBTYB,Communication Services,NASDAQ,US,2024-12-31,,6065390592.0,0.4772125,,,-1.8459364094535793,0.0,0.0,-6.06,,-9.518204205108649,4341900000.0,-10500000.0,0.01044,1588000000.0,-0.41439,-0.1168,0.4860867069973309,12895400000.0,3133900000.0,3300300000.0,9778500000.0,1816300000.0,,-9595100000.0,-1.581942639053706
Liberty Global Ltd.,LBTYK,Communication Services,NASDAQ,US,2024-12-31,,3958126336.0,0.30842608,-3.4850302,,-1.019264900760535,0.0,0.0,-6.06,-3.34,-9.518204205108649,4341900000.0,-10500000.0,0.01044,1588000000.0,-0.41439,-0.1168,0.4860867069973309,12895400000.0,3133900000.0,3300300000.0,9778500000.0,1816300000.0,,-9595100000.0,-2.424152031917356
"Leafbuyer Technologies, Inc.",LBUY,Communication Services,NASDAQ,US,2025-06-30,,1200853.0,-0.85714287,,Infinity,-2.9517367587612635,0.0,0.0,0.0,,-0.007114455465768185,6471573.0,302177.0,-0.02923,260672.0,0.03516,,-1.2153687402043774,2503298.0,2028511.0,985637.0,1397833.0,853759.0,,-1517661.0,-1.263819135231373
LBZZ,LBZZ,Unknown,NASDAQ,US,,,,,,,,,,,,,,,,,,,,,,,,,,,
LendingClub Corporation,LC,Financial Services,NASDAQ,US,2024-12-31,,1954350592.0,1.302576,7.2586727,14.603449,36.16493471515335,0.0,0.0,1.16,2.33376,0.4537544440951585,,,0.38863,,0.10165,0.09547,0.1262151229070969,9288778000.0,,,28502000.0,954058000.0,3493773000.0,,
Lakeshore Acquisition III Corp.,LCCC,Financial Services,NASDAQ,US,2025-12-31,,91276248.0,-52.83505,,33.064514,,0.0,0.0,0.31,,,0.0,-600384.0,0.0,1257633.0,0.0,,0.9652349269358934,2490000.0,75000.0,765592.0,,756592.0,,-1724408.0,-0.018892187592986952
Lakeshore Acquisition III Corp.,LCCCR,Unknown,NASDAQ,US,,,,-1.1453608,,,,,0.0,,,,,,0.0,,0.0,,,,,,,,,,
Lakeshore Acquisition III Corp.,LCCCU,Financial Services,NASDAQ,US,2025-12-31,,,-53.608242,,,,,0.0,,,,0.0,-600384.0,0.0,1257633.0,0.0,,0.9652349269358934,2490000.0,75000.0,765592.0,,756592.0,,-1724408.0,
LCDC,LCDC,Unknown,NASDAQ,US,,,,,,,,,,,,,,,,,,,,,,,,,,,
Locafy Limited,LCFY,Communication Services,NASDAQ,US,2025-06-30,,5433146.0,2.0541227,,,-1.5597097632387924,0.0,0.0,-1.84,,-1.4938676275692009,3202692.0,-3765880.0,-0.95461,-4314231.0,-1.34706,-1.20891,0.6565324574251835,2001418.0,1776580.0,1929672.0,631190.0,594671.0,,-71746.0,-0.013205240573325288
Locafy Limited,LCFYW,Unknown,NASDAQ,US,2025-06-30,,,1.3535445,,,,,0.0,-0.077,,,3202692.0,-3765880.0,-0.95461,-4314231.0,-1.34706,-1.20891,0.6565324574251835,2001418.0,1776580.0,1929672.0,631190.0,594671.0,,-71746.0,
Lion Copper and Gold Corp.,LCGMF,Basic Materials,NASDAQ,US,2024-12-31,,84400280.0,65.0,,,-4.487913947456734,0.0,0.0,-0.02,,-0.015597447080662425,0.0,-14780000.0,0.0,-3934000.0,0.0,-1.39623,0.33483080513418906,7741000.0,7741000.0,8087000.0,297000.0,7999000.0,,346000.0,0.004099512466072388
Leader Capital Holdings Corp.,LCHD,Technology,NASDAQ,US,2023-08-31,,917510.0,-0.30769232,,,-14.89940107031008,0.0,0.0,-0.01,,-0.06711679182814215,371534.0,-2459600.0,-40.12556,-2933756.0,0.0,,-40.55419778230369,2938048.0,2738048.0,45510.0,1194248.0,5744.0,1500.0,-2891488.0,-3.1514512103410315
"Lucid Group, Inc.",LCID,Consumer Cyclical,NASDAQ,US,2024-12-31,,3520469248.0,1.9553474,-1.5989399,,-3.1354434785310197,0.0,0.0,-10.51,-6.792,-13.586594293857127,807832000.0,-3000516000.0,-2.7988,-2713942000.0,-2.14095,-0.61119,0.40141373316206347,5775119000.0,1165291000.0,4873936000.0,2476883000.0,1606865000.0,1012223000.0,-192626900.0,-0.0547162569618901
LCI Industries,LCII,Consumer Cyclical,NASDAQ,US,2024-12-31,,3749378304.0,2.7482584,18.386635,21.659664,47.03359794482996,0.64339995,0.030114565,7.14,8.411,2.523785186350055,3741208000.0,218237000.0,0.07278,142867000.0,0.04486,0.12886,0.4791057155757393,1507853000.0,412053000.0,1160238000.0,995853000.0,165756000.0,,-347615000.0,-0.09271270376455457
LCNB Corp.,LCNB,Financial Services,NASDAQ,US,2024-12-31,,248103712.0,0.9056995,9.604395,10.723927,13.149561503178566,0.5399,0.050056882,1.63,1.82,1.105986876521575,81199000.0,,0.33682,13492000.0,0.25671,0.087749995,0.1096631091179053,2054358000.0,,,161268000.0,35994000.0,164493000.0,,
"Lifeloc Technologies, Inc.",LCTC,Technology,NASDAQ,US,2024-12-31,,5752969.0,1.0230054,,,26.37756404533298,0.0,0.0,-0.46,,0.08378332564556851,8538145.0,-1408217.0,-0.1038,-1052948.0,-0.14573,-0.20968,0.7135864571314152,2498892.0,743575.0,5093289.0,1802347.0,1243746.0,,2594397.0,0.450966622625639
"Lineage Cell Therapeutics, Inc.",LCTX,Healthcare,NASDAQ,US,2024-12-31,,391556832.0,17.708334,-29.998238,,-9.241480307334697,0.0,0.0,-0.29,-0.05667,-0.12443893596196058,9499000.0,-21478000.0,-1.02852,-18609000.0,0.0,-1.5775,0.6923015774876786,36206000.0,13977000.0,50997000.0,2514000.0,45789000.0,,14791000.0,0.037774848479722095
"Lifetime Brands, Inc.",LCUT,Consumer Cyclical,NASDAQ,US,2024-12-31,,75675832.0,0.4098662,9.408451,,-16.19710773017029,0.425,0.0529595,-1.67,0.355,-0.39688605803255483,682952000.0,27084000.0,0.040700004,-15165000.0,-0.05488,-0.17837,0.362477337579417,404387000.0,151743000.0,373568000.0,250418000.0,2929000.0,,-30819000.0,-0.40725023016595313
Longduoduo Company Limited,LDDD,Healthcare,NASDAQ,US,2025-06-30,,17807920.0,16.035135,,59.329998,124.75719999928081,0.0,0.0,0.01,,0.04184127080618787,4262663.0,552679.0,-0.12814,460435.0,0.10278,0.44796002,0.5570501896076927,830464.0,830464.0,1813587.0,18570.0,1642721.0,,983123.0,0.055207065171002566
"Liberty Defense Holdings, Ltd.",LDDFF,Industrials,NASDAQ,US,2024-12-31,,11180908.0,-5.24,,,-1.45141176708755,0.0,0.0,-0.31,,-0.7310123932911331,2438546.0,-7433864.0,-10.10411,-8845163.0,0.0,,-0.10491716119986809,8050980.0,6607387.0,3954871.0,3715090.0,1153229.0,,-4096109.0,-0.36634851123003603
"loanDepot, Inc.",LDI,Financial Services,NASDAQ,US,2024-12-31,,741683456.0,1.794658,11.814486,,-5.780338904944311,0.0,0.0,-0.36,0.18198,-0.6297208805163031,781103000.0,,-0.02878,-98331000.0,-0.06698,-0.27731,0.043015573071241174,5837417000.0,,,4355055000.0,421576000.0,,,
"Leidos Holdings, Inc.",LDOS,Technology,NASDAQ,US,2024-12-31,,24760102912.0,5.026436,15.7071,18.019608,73.30887055516843,0.1494,0.008598452,10.71,12.2868,1.4420289855072463,16662000000.0,1815000000.0,0.11971,1254000000.0,0.08106,0.2929,0.3366910866910867,8644000000.0,3654000000.0,4428000000.0,5291000000.0,943000000.0,,-4216000000.0,-0.17027392878713413
"Cohen & Steers Limited Duration Preferred and Income Fund, Inc.",LDP,Financial Services,NASDAQ,US,2024-12-31,,622004544.0,,,9.3,11.862718634889028,0.684,0.0,2.3,,1.3399999876116262,86188662.0,,0.0,85205010.0,0.0,,0.667267100260499,317400597.0,,,315000000.0,988412.0,17515494.0,,
LeddarTech Holdings Inc.,LDTCF,Technology,NASDAQ,US,2024-09-30,,82750.0,-0.0010141054,,,-6.450557326243843,0.0,0.0,-2.71,,-1.6680729562863026,477812.0,-92741081.0,-55.869923,-165893387.0,0.0,,-4.682921455668454,107561916.0,25929538.0,10058565.0,91420790.0,5269084.0,,-97503351.0,-1178.2882296072507
LDTDF,LDTDF,Unknown,NASDAQ,US,2024-09-30,,,-0.0006453398,,,,,0.0,,,,477812.0,-92741081.0,-55.869923,-165893387.0,0.0,,-4.682921455668454,107561916.0,25929538.0,10058565.0,91420790.0,5269084.0,,-97503351.0,
"Bloomia Holdings, Inc.",LDWY,Communication Services,NASDAQ,US,2024-12-31,,9308875.0,0.9967723,,,3.29610412853655,0.0,0.0,-1.47,,1.3554183043234138,37773000.0,-6717000.0,-0.59053004,-5743000.0,0.018099999,,0.09841476221433215,88091000.0,7812000.0,18838000.0,75546000.0,1759000.0,,-69253000.0,-7.439459655436345
LDXC,LDXC,Unknown,NASDAQ,US,,,,-249.99998,,,,,0.0,,,,,,,,,,,,,,,,,,
"Lands' End, Inc.",LE,Consumer Cyclical,NASDAQ,US,2025-01-31,,549613696.0,2.379315,18.739584,48.62162,-2.2726676469991838,0.0,0.0,0.37,0.96,-4.087707225523928,1362935000.0,50957000.0,0.057389997,6233000.0,0.00894,0.0517,0.31251200225740416,526259000.0,227623000.0,370480000.0,262429000.0,16180000.0,,-155779000.0,-0.2834336209845833
Lear Corporation,LEA,Consumer Cyclical,NASDAQ,US,2024-12-31,,7499399168.0,1.4227744,8.328621,17.29448,10.143685775738765,0.3779,0.022638734,8.15,16.92357,8.966371681415929,,,0.02301,,0.01878,0.10755,0.31735519515237925,9426500000.0,5447000000.0,7184100000.0,2914800000.0,1052900000.0,,-2242400000.0,-0.2990106206865664
Leatt Corporation,LEAT,Consumer Cyclical,NASDAQ,US,2024-12-31,,54900976.0,1.3173206,,24.527777,75.07912240222623,0.0,0.0,0.36,,0.1277319159540886,44027942.0,-3055154.0,0.04393,-2204664.0,0.04121,0.0585,0.8230928057607501,8224229.0,7921401.0,41167038.0,1317290.0,12368100.0,,32942809.0,0.6000404983692822
Legible Inc.,LEBGF,Communication Services,NASDAQ,US,2024-12-31,,126991.0,-0.028702613,,,-2.216843567534604,0.0,0.0,-0.03,,-0.04350780651095828,80669.0,-3472303.0,-25.54275,-4749513.0,0.0,,-88.05949431283054,6146441.0,4403590.0,69015.0,3371965.0,38790.0,,-6077426.0,-47.85713948232552
"Lincoln Electric Holdings, Inc.",LECO,Industrials,NASDAQ,US,2024-12-31,,16494067712.0,11.625953,27.603914,32.034298,22.744023655241552,0.3215,0.010538888,9.33,10.82745,9.365143161402242,4008670000.0,692322000.0,0.17381,466108000.0,0.12564999,0.3811,0.3770964353142572,2192709000.0,878802000.0,1645281000.0,1261075000.0,377262000.0,,-547428000.0,-0.03318938721233255
SemiLEDs Corporation,LEDS,Technology,NASDAQ,US,2025-08-31,,13120716.0,6.3293653,,,-4.066404537508202,0.0,0.0,-0.16,,-0.3221518987341772,43009000.0,-1595000.0,-0.40522,-1130000.0,-0.0299,-0.72623,0.17828512794202528,12813000.0,11383000.0,11302000.0,2849000.0,2593000.0,,-1511000.0,-0.11516139820418336
"Lee Enterprises, Incorporated",LEE,Communication Services,NASDAQ,US,2025-09-30,,117446528.0,-0.7635575,9.263159,,-2.0206895408533327,0.0,0.0,-6.2,0.57,-4.350000227219977,562341000.0,19878000.0,0.08201,-37593000.0,-0.06685,,-0.07196927520528344,642688000.0,113356000.0,89443000.0,481580000.0,9989000.0,,-553245000.0,-4.710611794330778
Leef Brands Inc.,LEEEF,Healthcare,NASDAQ,US,2024-12-31,,23206636.0,-1.4356322,,,-0.03647811056789148,0.0,0.0,-0.08,,-0.30155070449503224,28495447.0,-5324461.0,-0.016210001,-24621514.0,-0.42063,,-0.28931640048383117,55410920.0,24014542.0,10478151.0,23145516.0,2731979.0,,-44932769.0,-1.9362034635265533
"Leopard Energy, Inc.",LEEN,Energy,NASDAQ,US,2024-07-31,,226261.0,-3.4182694,,4.4437504,-0.3303099868660876,0.0,0.0,0.04,,-0.1986013227885243,,,-1.9627099,,7.40392,,-4.3234599229961495,243346.0,243346.0,6432.0,,6432.0,,-236914.0,-1.0470827937647231
"Leggett & Platt, Incorporated",LEG,Consumer Cyclical,NASDAQ,US,2024-12-31,,1745773824.0,1.7965157,11.852874,8.006211,-24.706834164279247,0.1242,0.015760442,1.61,1.0875,-1.0036683785766691,4383600000.0,218300000.0,0.06802,-511500000.0,0.053779997,0.26193002,0.1882783482630544,2971400000.0,846400000.0,1690500000.0,2048600000.0,350200000.0,,-1280900000.0,-0.7337147472317697
Legacy Housing Corporation,LEGH,Consumer Cyclical,NASDAQ,US,2024-12-31,,502198048.0,0.96279687,9.924529,10.789743,11.131247600641718,0.0,0.0,1.95,2.12,2.172263269373489,184191000.0,63610000.0,0.23986,61642000.0,0.26664,0.09616999,0.9246753052261912,40238000.0,32742000.0,124306000.0,1396000.0,1149000.0,,84068000.0,0.16740009312023452
Legend Biotech Corporation,LEGN,Healthcare,NASDAQ,US,2024-12-31,,3158191616.0,3.1232877,51.251312,,-20.321130308888694,0.0,0.0,-1.28,0.33365,-2.9432418602782855,627241000.0,-303243000.0,-0.15956001,-177026000.0,-0.26368,-0.22534999,0.6230239846145924,629608000.0,277645000.0,1283918000.0,350603000.0,286749000.0,4362000.0,657363400.0,0.20814550854662264
LEGO,LEGO,Unknown,NASDAQ,US,,,,,,,,,,,,,,,,,,,,,,,,,,,
Legato Merger Corp. IV,LEGO-UN,Unknown,NASDAQ,US,,,,,,,,,0.0,,,,,,,,,,,,,,,,,,
Legato Merger Corp. III,LEGT,Financial Services,NASDAQ,US,2024-11-30,,279923232.0,-48.4375,,32.878788,,0.0,0.0,0.33,,,0.0,-670426.0,0.0,8215998.0,0.0,,0.9667612910284054,7043750.0,0.0,1852705.0,,1625752.0,,-5191045.0,-0.01854453080907554
Legato Merger Corp. III,LEGT-UN,Unknown,NASDAQ,US,,,,-49.24107,,,,,0.0,,,,,,0.0,,0.0,,,,,,,,,,
Legato Merger Corp. III,LEGT-WT,Unknown,NASDAQ,US,,,,-1.8749999,,,,,0.0,,,,,,0.0,,0.0,,,,,,,,,,
Lennar Corporation,LEN,Consumer Cyclical,NASDAQ,US,2025-11-30,,28161429504.0,1.2824637,12.93254,14.28822,11.411492425293705,0.25059998,0.017335529,7.98,8.81652,14.456832059525254,34186934000.0,2750407000.0,0.0769,2078179000.0,0.06079,0.08406,0.6377908302470863,12289828000.0,1812484000.0,19394535000.0,5874995000.0,3756305000.0,346820000.0,7347481000.0,0.2609058250738435
Lennar Corporation,LEN-B,Consumer Cyclical,NASDAQ,US,2025-11-30,,28202582016.0,1.1997931,6.5845675,13.367167,10.565625132167748,0.25059998,0.018786399,7.98,16.2,14.456832059525254,34186934000.0,2750407000.0,0.0769,2078179000.0,0.06079,0.08406,0.6377908302470863,12289828000.0,1812484000.0,19394535000.0,5874995000.0,3756305000.0,346820000.0,7347481000.0,0.2605251177297028
Stone Ridge Trust V - Alternative Lending Risk Prem Fund,LENDX,Unknown,NASDAQ,US,,,,,,,,,0.0,,,,,,,,,,,,,,,,,,
"LENZ Therapeutics, Inc.",LENZ,Healthcare,NASDAQ,US,2024-12-31,,444943360.0,2.0964177,-4.694123,,-3.234367011981386,0.0,0.0,-2.06,-3.02932,-2.740239668360818,0.0,-58610000.0,-1.51096,-49769000.0,0.0,-0.28779,0.9478876379444878,11220000.0,10406000.0,211917000.0,1381000.0,20158000.0,,200697000.0,0.4510619059468603
"BNY Mellon Strategic Municipals, Inc.",LEO,Financial Services,NASDAQ,US,2025-09-30,,415547104.0,0.95777553,,,5.222289072415151,6.2682,0.03753846,-0.21,,1.179999991974347,-13175257.0,,0.87825996,-13098745.0,-0.43703997,-0.02994,0.6550321353380633,222966214.0,,,139045000.0,106568.0,,,
"Leslie's, Inc.",LESL,Consumer Cyclical,NASDAQ,US,2025-09-30,,13322702.0,-0.032562163,-2.776699,,-22.593988068160183,0.0,0.0,-25.57,-0.515,-2.53164694034457,1241915000.0,13971000.0,0.09189,-236970000.0,-0.19081,,-0.5502437708621329,1149467000.0,209061000.0,328789000.0,1011851000.0,64340000.0,,-820678000.0,-61.599966733474936
Centrus Energy Corp.,LEU,Energy,NASDAQ,US,2024-12-31,,4798324224.0,13.215128,53.599075,40.975117,10.009531990521326,0.0,0.0,6.43,4.91557,5.444810012257274,442000000.0,48300000.0,-0.23497999,73200000.0,0.25039,0.51741004,0.14761295042985184,932000000.0,346800000.0,1015200000.0,157000000.0,671400000.0,,83200000.0,0.017339386860073924
Levi Strauss & Co.,LEVI,Consumer Cyclical,NASDAQ,US,2025-11-30,,8031547392.0,3.5206442,12.479655,16.309523,31.383041497931657,0.4286,0.027094832,1.26,1.64668,0.5234006789540684,6282000000.0,704600000.0,0.121929996,578100000.0,0.09202,0.23629,0.3327006190865553,4570200000.0,2032500000.0,3153700000.0,2305500000.0,757900000.0,,-1416500000.0,-0.17636701009956512
Lexaria Bioscience Corp.,LEXX,Healthcare,NASDAQ,US,2025-08-31,,18043398.0,3.280543,-1.8589745,,-6.23969841740608,0.0,0.0,-0.57,-0.39,-0.46797134748506414,705923.0,-11880737.0,-20.14616,-11901841.0,0.0,-1.55233,0.7160743365282108,1572366.0,1493463.0,3468345.0,109320.0,1802123.0,,1895979.0,0.10507882162772222
Leapfrog Acquisition Corporation,LFAC,Financial Services,NASDAQ,US,,,195606112.0,-1106.6667,,,,,0.0,,,,,,0.0,,0.0,,,,,,,,,,
Leapfrog Acquisition Corporation,LFACU,Financial Services,NASDAQ,US,,,,-1120.0,,,,,0.0,,,,,,0.0,,0.0,,,,,,,,,,
Leapfrog Acquisition Corporation,LFACW,Unknown,NASDAQ,US,,,2672550.0,-40.000004,,,,,0.0,,,,,,,,,,,,,,,,,,
"Lifecore Biomedical, Inc.",LFCR,Healthcare,NASDAQ,US,2025-05-31,,283620288.0,210.27779,-8.802325,,17.02752328337772,0.0,0.0,-1.27,-0.86,0.32770473020895846,128867000.0,-12006000.0,-0.09859,-38717000.0,-0.30044,-0.76414,0.005581970569310861,238006000.0,30178000.0,85677000.0,130823000.0,8265000.0,,-152329000.0,-0.5370878122794939
"LifeMD, Inc.",LFMD,Healthcare,NASDAQ,US,2024-12-31,,151146688.0,112.14286,21.655174,,-13.712859208881124,0.0,0.0,-0.25,0.145,-0.6074590132385473,212453838.0,-16144681.0,-0.03273,-18881732.0,-0.03207,,-0.07570382323627652,76505394.0,60255145.0,48733089.0,25103230.0,35004924.0,,-27772305.0,-0.18374405266491847
"LifeMD, Inc.",LFMDP,Healthcare,NASDAQ,US,2024-12-31,,,810.7143,,,,,0.0,-2.256,,,212453838.0,-16144681.0,-0.03273,-18881732.0,-0.03207,,-0.07570382323627652,76505394.0,60255145.0,48733089.0,25103230.0,35004924.0,,-27772305.0,
"Leifras Co., Ltd.",LFS,Communication Services,NASDAQ,US,2024-12-31,,64616732.0,7.436178,,24.7,,0.0,0.0,0.1,,,10329658133.0,536795524.0,0.093839996,418633987.0,0.03665,,0.23152423689131602,3454809766.0,2851333129.0,3303016452.0,1733301923.0,2538554638.0,,-151793314.0,-2.34913325545464
"LifeStance Health Group, Inc.",LFST,Healthcare,NASDAQ,US,2024-12-31,,2656871936.0,1.7800366,27.359396,,-15.545635728447651,0.0,0.0,-0.03,0.24964,-0.5068946842759833,1250970000.0,-31613000.0,0.02016,-57443000.0,-0.00667,-0.00622,0.6827580444300094,672013000.0,228886000.0,312510000.0,485188000.0,154571000.0,,-359503000.0,-0.1353106241700315
"Lument Finance Trust, Inc.",LFT,Real Estate,NASDAQ,US,2024-12-31,,70692656.0,0.40933898,5.09434,13.5,4.819586247913837,2.6,0.19847329,0.1,0.265,0.37744604307731516,34863268.0,,0.39553002,22649190.0,0.45152,0.04143,0.2107041614201626,890695346.0,,,875860283.0,69173444.0,,,
"Lument Finance Trust, Inc.",LFT-PA,Real Estate,NASDAQ,US,2024-12-31,,,6.31889,,91.00306,,,0.012476186,0.229,,,34863268.0,,0.39553002,22649190.0,0.45152,0.04143,0.2107041614201626,890695346.0,,,875860283.0,69173444.0,,,
LFTO,LFTO,Unknown,NASDAQ,US,,,,,,,,,,,,,,,,,,,,,,,,,,,
"Littelfuse, Inc.",LFUS,Technology,NASDAQ,US,2024-12-31,,8707621888.0,3.590291,23.32755,,57.85100872383609,0.6,0.008738099,-2.9,14.99,4.001357881704541,,,0.14745,,-0.030050002,-0.02963,0.6200909661108711,1478167000.0,433905000.0,1552009000.0,930573000.0,724924000.0,,73842000.0,0.008480156918820956
LifeVantage Corporation,LFVN,Consumer Defensive,NASDAQ,US,2025-06-30,,64350600.0,1.9496125,5.389305,8.383333,28.172230526992646,0.2917,0.03787879,0.6,0.93333,0.22616664099799785,228530000.0,12199000.0,0.00452,9805000.0,0.03742,0.25002,0.4814058200617027,37317000.0,27217000.0,50894000.0,11678000.0,20201000.0,,13577000.0,0.210984823762327
Lifeward Ltd.,LFWD,Healthcare,NASDAQ,US,2024-12-31,,10427452.0,0.75396824,-2.590909,,-2.0101522392704174,0.0,0.0,-2.91,-0.22,-2.5943309420587313,25663000.0,-19553000.0,-0.50686,-28942000.0,-1.21822,-1.2795401,0.618263522156985,11638000.0,10225000.0,21294000.0,880000.0,6746000.0,,9656000.0,0.9260172091897426
Linkage Global Inc,LGCB,Consumer Cyclical,NASDAQ,US,2025-09-30,,15292655.0,0.93643194,,,-19.231205000715576,0.0,0.0,-1.27,,-0.20747529909791296,5098190.0,-4596016.0,-1.86191,-7368105.0,-1.44524,-0.63081,0.7650991048458595,5015517.0,4081729.0,20723380.0,3240187.0,734711.0,,15707863.0,1.027150811942073
Lucas GC Limited,LGCL,Technology,NASDAQ,US,2024-12-31,,5306339.0,0.109686956,,,,0.0,0.0,-92.47,,,1063409000.0,28011000.0,0.03953,39789000.0,0.00899,0.025239998,0.6517835001438307,137674000.0,137575000.0,263427000.0,68027000.0,30380000.0,,125753000.0,23.69863666833197
Lahontan Gold Corp.,LGCXF,Basic Materials,NASDAQ,US,2024-12-31,,66846792.0,2.8417912,,Infinity,-3.77004601147974,0.0,0.0,0.0,,-0.01283803953330071,0.0,-1367153.0,0.0,-1359505.0,0.0,-0.06846,0.9230433084133081,1491266.0,214886.0,148481.0,,100150.0,,-1342785.0,-0.020087500982844474
Legacy Education Inc.,LGCY,Consumer Defensive,NASDAQ,US,2025-06-30,,129942656.0,2.959359,20.68,19.148148,,0.0,0.0,0.54,0.5,,64168025.0,9986326.0,0.1391,7534232.0,0.109689996,0.20021999,0.5930704162456839,28161618.0,13780773.0,37053027.0,17676245.0,20316357.0,,8891409.0,0.06842563692095073
Liberty Gold Corp.,LGDTF,Basic Materials,NASDAQ,US,2024-12-31,,454034688.0,9.977528,,,-3.9999763398345545,0.0,0.0,-0.05,,-0.06000035356346852,0.0,-17040501.0,0.0,-18140445.0,0.0,-0.48461,0.8659031530570207,3276799.0,2060732.0,9405326.0,255627.0,6909434.0,273447.0,6319939.9,0.013919508942893809
Lion Group Holding Ltd.,LGHL,Financial Services,NASDAQ,US,2024-12-31,,618626.0,0.033444818,,,-0.550965315131675,0.0,0.0,-650.0,,-1403.8996262680191,-31287253.0,-53139399.0,2.3819501,-27449496.0,0.0,-2.06819,0.28978405517961087,29170365.0,27834538.0,18644257.0,4624754.0,16934202.0,,-10526108.0,-17.015301652371544
"Lazard Global Total Return and Income Fund, Inc.",LGI,Financial Services,NASDAQ,US,2024-12-31,,250499152.0,1.0779482,,14.583333,4.122523006432253,1.3426,0.09491978,1.32,,3.039999953886645,15992790.0,,0.27715,15228154.0,3.80891,0.073060006,0.8917446545625441,27763882.0,,,23675000.0,367638.0,4199692.0,,
"LGI Homes, Inc.",LGIH,Consumer Cyclical,NASDAQ,US,2024-12-31,,1364436352.0,0.65617436,13.345373,13.079646,16.02470538631812,0.0,0.0,4.52,4.43,8.424491854637333,2202598000.0,212146000.0,0.05668,196071000.0,0.059310004,0.052059997,0.5420272904275976,1721306000.0,137926000.0,3469767000.0,1523992000.0,53197000.0,,1748461000.0,1.2814529585327261
"The LGL Group, Inc.",LGL,Technology,NASDAQ,US,2024-12-31,,37725084.0,0.9191375,29.652174,40.11765,120.59032681673787,0.0,0.0,0.17,0.23,0.05025278646096526,4292000.0,699000.0,0.1083,432000.0,0.22328,0.02388,0.9092594738671921,1905000.0,904000.0,42642000.0,,41585000.0,,40737000.0,1.0798385498624734
"LogicMark, Inc.",LGMK,Healthcare,NASDAQ,US,2024-12-31,,616124.0,0.029832412,-0.11111111,,-73.2439059767189,0.0,0.0,-12.85,-6.12,-268.7936933109194,9901987.0,-7670731.0,-0.59564996,-9003745.0,-0.90211,-0.56626,0.8573388704592262,2028832.0,2028832.0,5336905.0,51841.0,3806915.0,,3308073.0,5.369167570164447
Legence Corp.,LGN,Industrials,NASDAQ,US,2024-12-31,,5272515584.0,7.3721523,38.482132,,,0.0,0.0,-0.13,1.26994,,2098602000.0,78816000.0,0.05422,9718000.0,-0.01938,,,2148908000.0,411109000.0,756415000.0,1703901000.0,81167000.0,,-1392493000.0,-0.26410410321510774
Ligand Pharmaceuticals Incorporated,LGND,Healthcare,NASDAQ,US,2024-12-31,,3748186880.0,3.9395945,22.629107,83.89427,24.45953934447835,0.0,0.0,2.27,8.41571,2.937095230050121,167133000.0,23021000.0,0.46854,-4032000.0,0.19337,0.05424,0.8817816163962904,111335000.0,37112000.0,331559000.0,7105000.0,72307000.0,185024000.0,349740800.0,0.09330932826913903
Ligand Pharmaceuticals Incorporated,LGNDZ,Unknown,NASDAQ,US,,,,0.00012412081,,,,,0.0,,,,,,0.46854,,0.19337,0.05424,,,,,,,,,
Ligand Pharmaceuticals Incorporated,LGNXZ,Unknown,NASDAQ,US,,,,4.9648326e-05,,,,,0.0,,,,,,0.46854,,0.19337,0.05424,,,,,,,,,
Ligand Pharmaceuticals Incorporated,LGNYZ,Unknown,NASDAQ,US,,,,0.00076541165,,,,,0.0,,,,,,0.46854,,0.19337,0.05424,,,,,,,,,
Ligand Pharmaceuticals Incorporated,LGNZZ,Unknown,NASDAQ,US,,,,0.0014480761,,,,,0.0,,,,,,0.46854,,0.19337,0.05424,,,,,,,,,
Largo Inc.,LGO,Basic Materials,NASDAQ,US,2024-12-31,,124121880.0,0.7287051,16.444445,,-4.959604979496437,0.0,0.0,-0.99,0.09,-0.4738280396014866,124920000.0,-46280000.0,-0.07332,-49828000.0,-0.57333,-0.38412,0.5172091330161799,147440000.0,114259000.0,93287000.0,92280000.0,22106000.0,,-54153000.0,-0.4362889121563418
LogProstyle Inc.,LGPS,Industrials,NASDAQ,US,2025-03-31,,18742088.0,0.74000365,,3.305,,0.08939999,4.2782607,0.24,,,20650916000.0,1342516000.0,0.08564,753621000.0,0.04296,0.28845,0.15643077704207065,18966969000.0,7877221000.0,16412633000.0,17379353000.0,2120515000.0,82334000.0,-2496702200.0,-133.21366328020656
"Legend Spices, Inc.",LGSP,Unknown,NASDAQ,US,,,,,,,,,,,,,,,,,,,,,,,,,,,
Longeveron Inc.,LGVN,Healthcare,NASDAQ,US,2024-12-31,,10943768.0,1.0845666,-0.33529413,,-1.4108957255349257,0.0,0.0,-0.98,-1.53,-9.85189717919107,2392000.0,-16522000.0,-53.357662,-15973000.0,0.0,-1.19917,0.8563659128257297,3671000.0,2582000.0,19624000.0,1447000.0,19232000.0,,15953000.0,1.4577246155072001
Labcorp Holdings Inc.,LH,Healthcare,NASDAQ,US,2024-12-31,,23035320320.0,2.6454928,15.821269,27.176472,46.45186358730189,0.28260002,0.010351148,10.2,17.52072,4.771689497716895,13008900000.0,1138000000.0,0.11314999,746000000.0,0.062129997,0.10135999,0.4381195930137657,10312500000.0,3330200000.0,4806500000.0,7272800000.0,1518700000.0,,-5506000000.0,-0.23902424292400723
Linkhome Holdings Inc.,LHAI,Real Estate,NASDAQ,US,2024-12-31,,21910500.0,3.0405405,,45.0,,0.0,0.0,0.03,,,7615307.0,1089420.0,0.00174,778236.0,0.027479999,0.107609995,0.7142952949879473,979828.0,944447.0,3323648.0,73463.0,1670949.0,,2343820.0,0.10697245612834029
Living Homeopathy International Ltd,LHI,Unknown,NASDAQ,US,2025-03-31,,,,,,,,,,,,8422639.0,629580.0,,812130.0,,,0.5619313940195966,2297361.0,2251974.0,3831821.0,312426.0,2494226.0,,1534460.0,
Lianhe Sowell International Group Ltd,LHSW,Technology,NASDAQ,US,2025-03-31,,30394000.0,2.5193968,,9.741667,,0.0,0.0,0.06,,,36539846.0,3079170.0,0.097440004,3124662.0,0.08550999,0.32638,0.37734904958259474,19075769.0,18650093.0,23056965.0,2648464.0,108745.0,,3981196.0,0.13098624728564848
"L3Harris Technologies, Inc.",LHX,Industrials,NASDAQ,US,2024-12-31,,65419567104.0,3.3300953,25.73298,40.991795,31.504135208938212,0.56270003,0.014026065,8.53,13.58801,6.437565582371459,21325000000.0,2077000000.0,0.108,1502000000.0,0.07345,0.08191,0.46460798552415417,22422000000.0,7633000000.0,8218000000.0,12236000000.0,615000000.0,,-14204000000.0,-0.2171215834769948
Li Auto Inc.,LI,Consumer Cyclical,NASDAQ,US,2024-12-31,,19222001664.0,1.8277133,22.736698,17.245453,3.3282822568202985,0.0,0.0,1.1,0.83433396,11.065768762725229,144459946000.0,7019114000.0,-0.04302,8032350000.0,0.036310002,0.066350006,0.4365585864306541,91028696000.0,69215896000.0,126309782000.0,16344719000.0,65901123000.0,922897000.0,35927113900.0,1.8690620533701354
LianBio,LIANY,Healthcare,NASDAQ,US,2022-12-31,,10148738.0,0.049258474,-0.25833333,,0.0007021633945833902,0.0,0.0,-1.14,-0.36,-5.707287610254882,0.0,-125353000.0,0.0,-110290000.0,0.0,-0.32423002,0.8122046505813226,26313000.0,23615000.0,312773000.0,4339000.0,79221000.0,,286460000.0,28.226169598623986
Lichen International Limited,LICN,Industrials,NASDAQ,US,2024-12-31,,50939692.0,0.036994,,,0.03048786953900123,0.0,0.0,-71.76,,63.95986591287405,41477000.0,-4551000.0,-0.36795,-6139000.0,-0.43203,-0.23978001,0.9166082164328657,4275000.0,4270000.0,34010000.0,61000.0,26712000.0,,29735000.0,0.5837294815210111
"AEye, Inc.",LIDR,Technology,NASDAQ,US,2024-12-31,,70736344.0,0.83867526,-2.3088236,,-0.1705654830029223,0.0,0.0,-2.33,-0.68,-14.950269582226055,202000.0,-35863000.0,-156.5,-35460000.0,0.0,-0.75541997,0.557669616519174,11996000.0,11307000.0,25171000.0,4205000.0,10266000.0,,13175000.0,0.18625503178394406
"AEye, Inc.",LIDRW,Unknown,NASDAQ,US,2024-12-31,,,0.039155982,,,,,0.0,-3.216,,,202000.0,-35863000.0,-156.5,-35460000.0,0.0,-0.75541997,0.557669616519174,11996000.0,11307000.0,25171000.0,4205000.0,10266000.0,,13175000.0,
"Chicago Atlantic BDC, Inc.",LIEN,Financial Services,NASDAQ,US,2024-12-31,,230716160.0,0.76163924,6.7852345,5.744318,5.722385094723885,0.77269995,0.13320275,1.76,1.49,1.1810914862578648,17971283.0,,0.63714004,9622538.0,0.62606996,0.17126,0.9728697675493345,8398463.0,,,,23932406.0,275241398.0,,
"Life360, Inc.",LIF,Technology,NASDAQ,US,2024-12-31,,4265772288.0,32.63947,44.78189,147.05405,,0.0,0.0,0.37,1.215,,371484000.0,-7976000.0,0.04571,-4555000.0,0.06465,0.08116999,0.81195932786811,83035000.0,77338000.0,240989000.0,359000.0,159238000.0,,157954000.0,0.03702823060769998
LFTD Partners Inc.,LIFD,Consumer Defensive,NASDAQ,US,2024-12-31,,3705669.0,0.09865825,,Infinity,16.29475147814239,0.0,0.0,0.0,,0.13133063782990176,37325228.0,1266159.0,0.16251,-1857429.0,0.0017200001,0.00169,0.7926407561176378,9811371.0,6084011.0,16928005.0,4511238.0,2146947.0,,7116634.0,1.9204721198790287
Ethos Technologies Inc.,LIFE,Financial Services,NASDAQ,US,2024-12-31,,803355328.0,-4.328257,,14.211111,,0.0,0.0,0.9,,,254926000.0,48747000.0,0.18201,48832000.0,0.16317,,-0.2706621434218869,503031000.0,67600000.0,174806000.0,2617000.0,35075000.0,,-328225000.0,-0.4085676518971192
"Life360, Inc.",LIFX,Technology,NASDAQ,US,2024-12-31,,5389006336.0,13.743251,,190.91667,-34.47830740659469,0.0,0.0,0.12,,-0.14066815541255095,371484000.0,-7976000.0,0.04571,-4555000.0,0.06465,0.08116999,0.81195932786811,83035000.0,77338000.0,240989000.0,359000.0,159238000.0,,157954000.0,0.029310412746191287
Lennox International Inc.,LII,Industrials,NASDAQ,US,2024-12-31,,18587873280.0,15.855322,20.137396,23.254934,26.589387072362932,0.2216,0.009765059,22.79,26.3182,16.529411764705884,5341300000.0,1040800000.0,0.16861999,806900000.0,0.1551,0.80047995,0.2448873783052019,2621600000.0,1313300000.0,1884200000.0,1488600000.0,415100000.0,,-737400000.0,-0.039671025775359706
Liberty Latin America Ltd.,LILA,Communication Services,NASDAQ,US,2024-12-31,,1624723840.0,2.5469596,18.181818,,-20.771739729072735,0.0,0.0,-3.69,0.44,-0.3504761904761905,4456900000.0,528600000.0,0.18427,-657000000.0,-0.16567,-0.47015,0.087578125,11174000000.0,2043900000.0,2131500000.0,8167700000.0,654300000.0,,-9042500000.0,-5.565561221776619
Liberty Latin America Ltd.,LILAB,Communication Services,NASDAQ,US,2024-12-31,,2150125312.0,3.4192932,,,-22.82608695652174,0.0,0.0,-3.69,,-0.3504761904761905,4456900000.0,528600000.0,0.18427,-657000000.0,-0.16567,-0.47015,0.087578125,11174000000.0,2043900000.0,2131500000.0,8167700000.0,654300000.0,,-9042500000.0,-4.2055688333759775
Liberty Latin America Ltd.,LILAK,Communication Services,NASDAQ,US,2024-12-31,,1618150912.0,2.5724292,19.707317,,-20.88587005501208,0.0,0.0,-3.69,0.41,-0.3504761904761905,4456900000.0,528600000.0,0.18427,-657000000.0,-0.16567,-0.47015,0.087578125,11174000000.0,2043900000.0,2131500000.0,8167700000.0,654300000.0,,-9042500000.0,-5.588168528004389
Argentina Lithium & Energy Corp.,LILIF,Basic Materials,NASDAQ,US,2024-12-31,,13660330.0,0.42422044,,,-0.7313807212812762,0.0,0.0,-0.07,,-0.35275743385491665,0.0,-21717536.0,0.0,-17628614.0,0.0,-0.24908,0.8040100429938781,3280040.0,3280040.0,8399299.0,435127.0,509441.0,0.0,5119259.0,0.37475368457423797
Lilium N.V.,LILMF,Industrials,NASDAQ,US,2023-12-31,,695904.0,-0.019062199,,0.015714286,-1.4006398643389355,0.0,0.0,0.07,,-0.7996345336757794,0.0,-273760000.0,0.0,-389119000.0,0.0,,0.118798106052106,274883000.0,260016000.0,218656000.0,11167000.0,83508000.0,4641000.0,-52978300.0,-76.12874764335311
LILW,LILW,Unknown,NASDAQ,US,,,,,,,,,,,,,,,,,,,,,,,,,,,
"Liminatus Pharma, Inc.",LIMN,Healthcare,NASDAQ,US,2023-12-31,,49798924.0,-30.163935,,,,0.0,0.0,-0.16,,,0.0,-4819000.0,0.0,-4984000.0,0.0,,,18036000.0,18036000.0,2241000.0,16050000.0,434000.0,,-15795000.0,-0.3171755277282698
"Liminatus Pharma, Inc.",LIMNW,Unknown,NASDAQ,US,2023-12-31,,,-2.2213113,,,,,0.0,,,,0.0,-4819000.0,0.0,-4984000.0,0.0,,,18036000.0,18036000.0,2241000.0,16050000.0,434000.0,,-15795000.0,
Limitless X Holdings Inc.,LIMX,Consumer Defensive,NASDAQ,US,2024-12-31,,17245146.0,-0.8521303,,,-0.1711286410712351,0.0,0.0,-1.25,,-3.5061344500018445,3355961.0,-3882925.0,-5.0107403,-4202928.0,0.0,,-122.60159224072297,14935522.0,13192569.0,108648.0,5856340.0,53549.0,,-14826874.0,-0.8597708595798493
Linde plc,LIN,Basic Materials,NASDAQ,US,2024-12-31,,210184011776.0,5.464542,23.03195,30.680355,31.72238738122612,0.4107,0.0130522745,14.61,19.46166,12.592171281155416,33005000000.0,8595000000.0,0.26288998,6565000000.0,0.20297001,0.17817,0.4752766791021498,40659000000.0,14544000000.0,12945000000.0,22609000000.0,4850000000.0,,-27714000000.0,-0.1318558903021402
Lincoln Educational Services Corporation,LINC,Consumer Defensive,NASDAQ,US,2024-12-31,,826329792.0,4.446146,31.107143,58.066666,12.041591337462016,0.0,0.0,0.45,0.84,0.8512163976294161,440064000.0,14502000.0,0.04452,9891000.0,0.02856,0.07943,0.4083416560532898,258292000.0,90212000.0,111252000.0,177561000.0,59273000.0,,-147040000.0,-0.17794348143265298
"Lindblad Expeditions Holdings, Inc.",LIND,Consumer Cyclical,NASDAQ,US,2024-12-31,,1111892864.0,-4.325431,71.25107,,-13.042649731926101,0.0,0.0,-0.67,0.28168,-0.8564210728554459,644727000.0,21553000.0,0.15324001,-31179000.0,-0.04239,,-0.19951876200956775,1022440000.0,392454000.0,278433000.0,627299000.0,183941000.0,,-744007000.0,-0.6691355112429249
"Lineage, Inc.",LINE,Real Estate,NASDAQ,US,2024-12-31,,9649667072.0,1.0519866,-53.909595,,,0.0,0.057430588,-0.62,-0.71657,,5340000000.0,347000000.0,0.05011,-664000000.0,-0.03303,-0.020399999,0.4628905203365307,8967000000.0,1493000000.0,1285000000.0,6878000000.0,173000000.0,,-7682000000.0,-0.7960896415059241
"Interlink Electronics, Inc.",LINK,Technology,NASDAQ,US,2024-12-31,,50085024.0,4.899846,-18.705883,,-219.2005653263072,0.0,0.0,-0.13,-0.17,-0.02582515761437578,11679000.0,-2050000.0,-0.10578,-1984000.0,-0.12093,-0.13783,0.8000152485513876,2623000.0,1390000.0,6899000.0,1129000.0,2950000.0,,4276000.0,0.08537482182298645
Linear Minerals Corp.,LINMF,Basic Materials,NASDAQ,US,2025-03-31,,3885223.0,0.7881305,,,-1.0121133088650025,0.0,0.0,-0.04,,-0.13832443400338676,0.0,-2316996.0,0.0,-3313365.0,0.0,-0.45568,0.8722409244710322,919861.0,919861.0,1231554.0,,951807.0,,311693.0,0.0802252534796587
Lionsgate Studios Corp.,LION,Unknown,NASDAQ,US,2025-03-31,,2623292672.0,-2.0545454,37.983192,,-32.69597305246589,,0.0,,,-0.3272574207256437,3195500000.0,227200000.0,,-128500000.0,,,-0.20437128558023146,6038100000.0,3208700000.0,1355900000.0,3656100000.0,205700000.0,9700000.0,-4675410000.0,-1.7822677774018498
Lipella Pharmaceuticals Inc.,LIPO,Healthcare,NASDAQ,US,2024-12-31,,1154747.0,0.776087,-0.078093745,,-1.312652202982772,0.0,0.0,-2.26,-3.2,-6.155476603281258,536357.0,-5080542.0,-13.879411,-5016264.0,0.0,-3.61767,0.7178557671090966,754417.0,754417.0,2617252.0,47605.0,2184863.0,,1862835.0,1.613197522920605
"LiqTech International, Inc.",LIQT,Industrials,NASDAQ,US,2024-12-31,,15403304.0,1.2030075,-2.857143,,-2.309518505228339,0.0,0.0,-1.0,-0.56,-1.5068075926628801,14604618.0,-9487849.0,-0.35012,-10345258.0,-0.53251,-0.7425,0.5135796094417331,15773387.0,4904308.0,20641117.0,11813663.0,10868728.0,,4867730.0,0.3160185632900578
Lithium South Development Corporation,LISMF,Basic Materials,NASDAQ,US,2024-12-31,,41377476.0,4.4127502,,,-2.5630523367868214,0.0,0.0,-0.03,,-0.08739579902412649,0.0,-5704357.0,0.0,-5286414.0,0.0,-0.32979,0.9210566551553075,1021799.0,1021799.0,740936.0,,616522.0,,-280863.0,-0.006787823404211509
"LightInTheBox Holding Co., Ltd.",LITB,Consumer Cyclical,NASDAQ,US,2024-12-31,,48731020.0,-6.400966,132.50002,11.041667,-12.133410832939905,0.0,0.0,0.24,0.02,-0.5093373918866324,255287000.0,-2218000.0,0.0466,-2489000.0,0.02475,,-0.18986940352293366,82546000.0,77558000.0,26972000.0,9512000.0,17945000.0,,-55574000.0,-1.1404234920590621
Lumentum Holdings Inc.,LITE,Technology,NASDAQ,US,2025-06-30,,39412084736.0,46.553932,41.242805,158.61781,-6.039143754098793,0.0,0.0,3.48,13.38391,-8.12035661218425,1645000000.0,-192200000.0,0.10729,25900000.0,0.11951,0.29275,0.2689691137080143,3084000000.0,392800000.0,1717300000.0,2608200000.0,520700000.0,,-1366700000.0,-0.034677181102059834
Snow Lake Resources Ltd.,LITM,Basic Materials,NASDAQ,US,2024-06-30,,52997236.0,0.5343619,,,-2.8340169625949536,0.0,0.0,-2.35,,-11.146722327188424,0.0,-5791974.0,0.0,-6850918.0,0.0,-0.34939998,0.8522992465290326,4418628.0,1941111.0,3274285.0,31107.0,2526957.0,,-1144343.0,-0.02159250342791462
"Lite Strategy, Inc.",LITS,Healthcare,NASDAQ,US,2025-06-30,,38992516.0,0.3366148,,,1.1056277600245583,0.0,0.0,-1.31,,2.6681674921206664,0.0,-17455000.0,0.0,-15945000.0,0.0,-0.16882999,0.9259502324309543,1354000.0,1354000.0,18285000.0,,18011000.0,,16931000.0,0.4342115292072971
Lithos Group Ltd.,LITSF,Basic Materials,NASDAQ,US,2025-04-30,,867361.0,-0.36552987,,,-0.1381763745867711,0.0,0.0,-22.25,,-31.87230681526417,0.0,-5036535.0,0.0,-26218954.0,0.0,-2.5072799,-2.0748494910191266,3405116.0,3405116.0,43787.0,929491.0,21197.0,,-3361329.0,-3.8753517854734074
Live Ventures Incorporated,LIVE,Consumer Cyclical,NASDAQ,US,2025-09-30,,55904160.0,0.5865481,2.4266667,3.6916838,-1.7693344575604273,0.0,0.0,4.93,7.5,-8.477764017935943,444944000.0,16728000.0,0.03317,22743000.0,0.05111,0.27044,0.24664596273291925,291096000.0,110962000.0,173062000.0,216458000.0,8831000.0,,-118034000.0,-2.1113634477291137
LivaNova PLC,LIVN,Healthcare,NASDAQ,US,2024-12-31,,3634543872.0,3.1406593,16.10803,,162.08104788339847,0.0,0.0,-3.98,4.1321,0.3237269372693727,1253437000.0,129051000.0,0.16507,63234000.0,-0.16122,-0.17629999,0.5267570197603005,1186131000.0,392125000.0,1127186000.0,676773000.0,428858000.0,,-58945000.0,-0.016217991053596503
"Lixte Biotechnology Holdings, Inc.",LIXT,Healthcare,NASDAQ,US,2024-12-31,,25674078.0,7.1256037,,,-0.885039011433088,0.0,0.0,-1.19,,-2.6552500785557025,0.0,-3572789.0,0.0,-3585965.0,0.0,-1.30059,0.7221447695903023,318284.0,318284.0,1145503.0,,1038952.0,,827219.0,0.032220008056374996
Lakeland Financial Corporation,LKFN,Financial Services,NASDAQ,US,2024-12-31,,1598609152.0,2.0713835,13.838674,15.615959,16.95022643982128,0.4988,0.032423757,4.01,4.525,3.645235724297535,253523000.0,,0.53291,93478000.0,0.40188998,0.14292,0.10239348679783432,5994463000.0,,,,168205000.0,568579000.0,,
Luckin Coffee Inc.,LKNCY,Consumer Cyclical,NASDAQ,US,2024-12-31,,10628711424.0,5.550207,16.534286,21.534483,3.0223849010973365,0.0,0.0,1.74,2.2662,8.996207109222174,34474814000.0,3466959000.0,0.116359994,2931703000.0,0.084750004,0.2739,0.4994975131946619,11561164000.0,6682375000.0,10704787000.0,6007516000.0,4362309000.0,150000000.0,-751377000.0,-0.07069314143795123
LKQ Corporation,LKQ,Consumer Cyclical,NASDAQ,US,2024-12-31,,8897199104.0,1.3522604,10.516936,12.807408,12.902690634768234,0.44439998,0.034934502,2.7,3.28803,3.488632128214685,14355000000.0,1334000000.0,0.08231,690000000.0,0.049439996,0.10882,0.4023403543965229,8923000000.0,2862000000.0,4906000000.0,5609000000.0,234000000.0,,-4017000000.0,-0.4514904019843771
Lake Superior Acquisition Corp.,LKSP,Financial Services,NASDAQ,US,2024-12-31,,195266656.0,-192.3077,,,,,0.0,,,,,,0.0,,0.0,,-0.17676798469208294,250914.0,250914.0,129309.0,200000.0,129309.0,,-121605.0,-0.0006227637759106194
Lake Superior Acquisition Corp.,LKSPR,Unknown,NASDAQ,US,,,,-30.76923,,,,,0.0,,,,,,0.0,,0.0,,,,,,,,,,
Lake Superior Acquisition Corp.,LKSPU,Financial Services,NASDAQ,US,2024-12-31,,,-196.53847,,,,,0.0,,,,,,0.0,,0.0,,-0.17676798469208294,250914.0,250914.0,129309.0,200000.0,129309.0,,-121605.0,
Locksley Resources Limited,LKYLY,Unknown,NASDAQ,US,,,,70.19357,,,,,0.0,,,,,,96.341866,,0.0,-0.18304001,,,,,,,,,
Locksley Resources Limited,LKYRF,Unknown,NASDAQ,US,,,,3.46449,,,,,0.0,,,,,,96.341866,,0.0,-0.18304001,,,,,,,,,
Lloyds Banking Group plc,LLDTF,Financial Services,NASDAQ,US,2024-12-31,,84943085568.0,1.6179136,17.5,15.555554,9.389455320068787,0.48259997,0.026428573,0.09,0.08,0.0700922725687288,,,0.407,,0.25026,0.10148,0.050420371965496744,860809000000.0,,,88522000000.0,62705000000.0,45234000000.0,,
Lloyds Banking Group plc 9.25% NON-CUM IRR PRF SHS GBP0.25,LLOBF,Unknown,NASDAQ,US,2024-12-31,,,,,,,,,,,,18603000000.0,,,4421000000.0,,,0.050420371965496744,860809000000.0,,,88522000000.0,62705000000.0,45234000000.0,,
Eli Lilly and Company,LLY,Healthcare,NASDAQ,US,2024-12-31,,948612694016.0,39.841118,25.486567,46.087982,65.57294264201307,0.26139998,0.0058775125,22.96,41.51913,11.713837260621265,,,0.46578997,,0.31667,1.08283,0.18029750403036782,64443300000.0,28376600000.0,32739700000.0,33644200000.0,3268400000.0,998000000.0,-31005000000.0,-0.03268457210786286
"Liberty Live Holdings, Inc.",LLYVA,Communication Services,NASDAQ,US,2024-12-31,,7515981312.0,-17.971699,43.01613,,-23.582083813620205,0.0,0.0,-3.86,1.86,-1.5486333076583745,0.0,-11000000.0,-0.27201,-31000000.0,0.0,,-0.29354047424366314,1560000000.0,3000000.0,325000000.0,1556000000.0,325000000.0,,-1235000000.0,-0.1643165341601105
"Liberty Live Holdings, Inc.",LLYVB,Communication Services,NASDAQ,US,2024-12-31,,8396773376.0,-20.52246,,,-20.669837180458313,0.0,0.0,-3.86,,-1.5486333076583745,0.0,-11000000.0,-0.27201,-31000000.0,0.0,,-0.29354047424366314,1560000000.0,3000000.0,325000000.0,1556000000.0,325000000.0,,-1235000000.0,-0.14708030629121507
"Liberty Live Holdings, Inc.",LLYVK,Communication Services,NASDAQ,US,2024-12-31,,7486386176.0,-18.297394,43.795696,,-24.208443337147322,0.0,0.0,-3.86,1.86,-1.5486333076583745,0.0,-11000000.0,-0.27201,-31000000.0,0.0,,-0.29354047424366314,1560000000.0,3000000.0,325000000.0,1556000000.0,325000000.0,,-1235000000.0,-0.16496610927702163
"LeMaitre Vascular, Inc.",LMAT,Healthcare,NASDAQ,US,2024-12-31,,1983209600.0,5.2328506,33.77898,37.681034,42.7626622782734,0.32759997,0.0087366365,2.32,2.588,1.3425946572715515,219863000.0,52256000.0,0.2541,44038000.0,0.22143,0.15024,0.6112352464675789,214527000.0,30607000.0,402192000.0,185685000.0,25610000.0,,187665000.0,0.09462691185036619
"Limbach Holdings, Inc.",LMB,Industrials,NASDAQ,US,2024-12-31,,1001417472.0,5.5154967,19.343754,28.425741,26.095435832907814,0.0,0.0,3.03,4.4526,1.7570121751445003,518781000.0,42394000.0,0.0756,30875000.0,0.060650002,0.22613001,0.4358942319434071,198638000.0,151037000.0,220334000.0,48727000.0,44930000.0,,21696000.0,0.021665290057970948
"LM Funding America, Inc.",LMFA,Financial Services,NASDAQ,US,2024-12-31,,5266387.0,0.106778085,-0.08079626,,-0.6325425776174824,0.0,0.0,-2.59,-4.27,-6.981348047758245,16992370.0,,-1.93116,-7315376.0,-0.9294,-0.18576,0.8406282348093438,8704666.0,,,7699159.0,3845324.0,232095.0,,
L A M Y,LMMY,Consumer Defensive,NASDAQ,US,2024-05-31,,31500000.0,-90.0,,Infinity,,0.0,0.0,0.0,,,,,0.0,,0.0,,-1.9995993151932394,82348.0,14169.0,12964.0,57100.0,1028.0,,-69384.0,-0.0022026666666666666
"Lemonade, Inc.",LMND,Financial Services,NASDAQ,US,2024-12-31,,5549526016.0,10.742081,-47.299362,,-4.9899184837864965,0.0,0.0,-2.37,-1.57,-3.4008570217117375,526500000.0,,-0.16418,-202200000.0,-0.26400998,-0.31338,0.3209128765345303,1255700000.0,,,107200000.0,376000000.0,,,
"Lemonade, Inc.",LMND-WT,Unknown,NASDAQ,US,,,,0.0010849125,,,,,0.0,,,,,,,,,,,,,,,,,,
Limoneira Company,LMNR,Consumer Defensive,NASDAQ,US,2025-10-31,,261821216.0,1.6217732,24.77157,,59.07642593650759,0.69769996,0.021186441,-0.93,0.58333,0.4355630821337849,159723000.0,-24039000.0,-0.29915002,-15981000.0,-0.10005,-0.083170004,0.5512748403436428,120300000.0,30091000.0,40482000.0,73352000.0,1509000.0,,-79818000.0,-0.3048568837141143
"Lumexa Imaging Holdings, Inc.",LMRI,Healthcare,NASDAQ,US,2024-12-31,,1021309120.0,40.44944,14.696278,,,0.0,0.0,-0.46,0.73488,,948869000.0,-16298000.0,0.0,-94099000.0,0.0,,,1508910000.0,173660000.0,172520000.0,1309263000.0,26131000.0,,-1336390000.0,-1.3085068700845441
Lomiko Metals Inc.,LMRMF,Basic Materials,NASDAQ,US,2025-07-31,,7013071.0,0.69611526,,,-5.047941558570849,0.0,0.0,-0.06,,-0.03962011062522193,0.0,-1665795.0,0.0,-3746123.0,0.0,-0.28558,0.9249854050844512,963194.0,963194.0,1083581.0,,567737.0,,120387.0,0.017166088864635765
Laramide Resources Ltd.,LMRXF,Energy,NASDAQ,US,2024-12-31,,149467936.0,1.6925057,,,-25.4273216529399,0.0,0.0,-0.01,,-0.020450442560331218,0.0,-5552027.0,0.0,-6601835.0,0.0,-0.035669997,0.86830511400152,15510349.0,10574187.0,6097457.0,5859221.0,1213583.0,,-9412892.0,-0.06297599506559053
Lockheed Martin Corporation,LMT,Industrials,NASDAQ,US,2025-12-31,,144295034880.0,21.24706,19.613253,28.990238,21.047867768386315,0.62119997,0.021914706,21.51,31.79381,22.307692307692307,75048000000.0,7731000000.0,0.090100005,5017000000.0,0.06685,0.76865,0.11231617647058824,53119000000.0,23335000000.0,25362000000.0,21700000000.0,4121000000.0,,-27757000000.0,-0.19236282123694373
Lunai Bioworks Inc.,LNAI,Healthcare,NASDAQ,US,2025-06-30,,15521617.0,-1.1765541,,,-1.6541244601068368,0.0,0.0,-7.91,,-9.068241454473855,0.0,-18546573.0,0.0,-178007489.0,0.0,-3.0801198,-2.5938836133371566,29580681.0,29156134.0,1046632.0,10173491.0,92700.0,,-28534049.0,-1.8383425515524574
Landbay Inc,LNBY,Consumer Cyclical,NASDAQ,US,2025-03-31,,345000.0,-11.499999,,Infinity,-1213.0394567771436,0.0,0.0,0.0,,-0.0004379,564781.0,-50127.0,0.07827,-53100.0,0.01,,-0.8793741832437927,103546.0,103546.0,55096.0,101437.0,4701.0,,-48450.0,-0.14043478260869566
Lincoln National Corporation,LNC,Financial Services,NASDAQ,US,2024-12-31,,7656443392.0,0.8087557,5.017963,3.4960973,-5.482537122229312,0.15609999,0.04585987,11.53,8.03314,-4.405389572349151,17989000000.0,,0.056810003,3275000000.0,0.11451,0.2168,0.021157482390086763,382562000000.0,,,6355000000.0,5801000000.0,,,
Lincoln National Corporation,LNC-PD,Financial Services,NASDAQ,US,2024-12-31,,,0.54351753,,,,,0.066939384,,,,17989000000.0,,0.056810003,3275000000.0,0.11451,0.2168,0.021157482390086763,382562000000.0,,,6355000000.0,5801000000.0,,,
BrasilAgro - Companhia Brasileira de Propriedades Agrícolas,LND,Consumer Defensive,NASDAQ,US,2024-06-30,,384515648.0,0.99369055,,,1.9859402312051442,1.1236,0.19973475,-0.0,,2.209382458967777,,,-0.06644,,-0.02557,-0.01084,0.6046128770441282,1425403000.0,527319000.0,1084486000.0,1043998000.0,170953000.0,,-340917000.0,-0.8866141125159099
"Cheniere Energy, Inc.",LNG,Energy,NASDAQ,US,2024-12-31,,46834778112.0,6.858366,14.889335,11.905587,4.106741692201653,0.1117,0.009786414,17.9,14.31293,40.72959604286892,15703000000.0,6128000000.0,0.41197,3252000000.0,0.21149,0.49438,0.12994208582242692,33798000000.0,4441000000.0,4801000000.0,25587000000.0,2638000000.0,,-28997000000.0,-0.6191339250216367
"LINKBANCORP, Inc.",LNKB,Financial Services,NASDAQ,US,2024-12-31,,347984032.0,1.135558,8.167032,10.322223,-10.756567030411274,0.33330002,0.03253796,0.9,1.1375,-0.674104876254329,108756000.0,,0.27109,26209000.0,0.2839,0.11424,0.09734026034657761,2598557000.0,,,128215000.0,166100000.0,144935000.0,,
Linkers Industries Limited,LNKS,Industrials,NASDAQ,US,2024-06-30,,13972399.0,1.4432162,,,,0.0,0.0,-0.13,,,22428825.0,-1521040.0,-0.3194,-1999462.0,-0.22004,-0.17798,0.5097309137014521,16528175.0,13772299.0,29416765.0,5871745.0,3493475.0,,12888590.0,0.9224321464052093
Lindsay Corporation,LNN,Industrials,NASDAQ,US,2025-08-31,,1419643008.0,2.740003,19.729647,19.826921,20.241634285586542,0.2163,0.010994805,6.76,6.79333,6.014069165834619,676368000.0,88124000.0,0.12582,74052000.0,0.110240005,0.14586,0.6337145412422874,307986000.0,143592000.0,532764000.0,136510000.0,250575000.0,,224778000.0,0.15833417185399895
"LENSAR, Inc.",LNSR,Healthcare,NASDAQ,US,2024-12-31,,144290112.0,-5.564256,-48.32,,-2.4790203712716403,0.0,0.0,-4.37,-0.25,-1.3110017318384832,53494000.0,-6936000.0,-0.16101,-31404000.0,-0.87121004,-4.22345,0.07333665173386428,61435000.0,15003000.0,41979000.0,2614000.0,16263000.0,,-19456000.0,-0.1348394545566643
Alliant Energy Corporation,LNT,Utilities,NASDAQ,US,2024-12-31,,17142912000.0,2.3460917,19.477789,20.971699,17.129165004768208,0.6297,0.02997157,3.18,3.4239,2.7753651796288987,3981000000.0,886000000.0,0.28843,690000000.0,0.19139,0.11461,0.3083560799506912,15710000000.0,2715000000.0,1184000000.0,10406000000.0,81000000.0,,-14526000000.0,-0.8473472884886768
LNTCY,LNTCY,Unknown,NASDAQ,US,,,,10.164484,,,,,1.1272569e+37,,,,,,,,,,,,,,,,,,
"Lantheus Holdings, Inc.",LNTH,Healthcare,NASDAQ,US,2024-12-31,,4412140544.0,3.8439665,11.70991,26.92531,13.392587741672191,0.0,0.0,2.41,5.54146,4.650706872250459,1533910000.0,448564000.0,0.113579996,312442000.0,0.10989001,0.14588,0.5494061625781431,892329000.0,240526000.0,1326633000.0,619438000.0,912814000.0,39489000.0,461946300.0,0.10469890870275958
"Lelantos Holdings, Inc.",LNTO,Utilities,NASDAQ,US,,,1071216.0,-0.54545456,,,,,0.0,,,,,,-121.922325,,0.0,,,,,,,,,,
"Light & Wonder, Inc.",LNWO,Consumer Cyclical,NASDAQ,US,2024-12-31,,9238323200.0,12.633451,15.427232,24.028385,47.35012148055562,0.0,0.0,4.58,7.13349,1.7526881720430108,3188000000.0,762000000.0,0.27943,336000000.0,0.12387,0.50474,0.11732152739346983,4785000000.0,735000000.0,1183000000.0,3917000000.0,196000000.0,,-3602000000.0,-0.38989759526923673
LANXESS Aktiengesellschaft,LNXSF,Basic Materials,NASDAQ,US,2024-12-31,,1947181056.0,0.4207913,,,5.995095599011871,0.7047,0.0044603036,-3.31,,5.130503387041365,6366000000.0,50000000.0,-0.02093,-177000000.0,-0.04127,-0.05841,0.47224796622386983,5119000000.0,1773000000.0,3449000000.0,2999000000.0,299000000.0,,-1670000000.0,-0.8576500859301704
LANXESS Aktiengesellschaft,LNXSY,Basic Materials,NASDAQ,US,2024-12-31,,2034842624.0,0.0864125,Infinity,,6.053426300491791,0.6996,0.021052632,-0.66,0.0,1.026100677408273,6366000000.0,50000000.0,-0.02093,-177000000.0,-0.04127,-0.05841,0.47224796622386983,5119000000.0,1773000000.0,3449000000.0,2999000000.0,299000000.0,,-1670000000.0,-0.8207022893579804
"LanzaTech Global, Inc.",LNZA,Industrials,NASDAQ,US,2024-12-31,,106259072.0,-4.9114633,-31.0,,-6.7995061522170355,0.0,0.0,-36.59,-0.34,-76.18200328138563,49592000.0,-108933000.0,-1.6873599,-137731000.0,-1.9024,-6.96091,0.0769794427620318,161236000.0,30447000.0,99334000.0,81889000.0,43499000.0,14990000.0,-51409000.0,-0.4838081025213546
"LanzaTech Global, Inc.",LNZAW,Unknown,NASDAQ,US,2024-12-31,,,-0.005545201,,,,,0.0,,,,49592000.0,-108933000.0,,-137731000.0,,,0.0769794427620318,161236000.0,30447000.0,99334000.0,81889000.0,43499000.0,14990000.0,-51409000.0,
"Manhattan Bridge Capital, Inc.",LOAN,Real Estate,NASDAQ,US,2024-12-31,,51588324.0,1.1909164,9.395834,9.595745,8.633088283771695,0.97870004,0.10222223,0.47,0.48,0.47744504431268325,7367762.0,,0.74216,5590936.0,0.74174005,0.1223,0.6369136021469365,24664223.0,,,22548008.0,178012.0,,,
Loar Holdings Inc.,LOAR,Industrials,NASDAQ,US,2024-12-31,,6136953344.0,5.2897034,64.09881,99.318184,,0.0,0.0,0.66,1.02264,,402819000.0,92603000.0,0.25474,22231000.0,0.13331,0.06562,0.7503732891774403,362113000.0,41806000.0,220670000.0,286434000.0,54066000.0,,-141443000.0,-0.023047755469460515
"Live Oak Bancshares, Inc.",LOB,Financial Services,NASDAQ,US,2024-12-31,,1879502976.0,1.6292247,9.886199,18.309418,28.191915348749554,0.0538,0.0029821072,2.23,4.13,1.6387226585085193,492823000.0,,0.43623,77474000.0,0.22021,0.09359,0.07718463028976975,11939884000.0,,,112820000.0,609050000.0,1222859000.0,,
"Live Oak Bancshares, Inc.",LOB-PA,Financial Services,NASDAQ,US,2024-12-31,,,1.029887,,,,,0.004642166,,,,492823000.0,,0.43623,77474000.0,0.22021,0.09359,0.07718463028976975,11939884000.0,,,112820000.0,609050000.0,1222859000.0,,
Lobo Technologies Ltd.,LOBO,Consumer Cyclical,NASDAQ,US,2024-12-31,,7838501.0,0.85635364,3.1,,,0.0,0.0,-0.35,0.2,,21188606.0,-1942858.0,-0.09519,-812836.0,-0.14812,-0.37767,0.388087755710048,14697880.0,13907001.0,21206263.0,2417430.0,1379434.0,,6508383.0,0.8303096472144356
Local Bounti Corporation,LOCL,Consumer Defensive,NASDAQ,US,2024-12-31,,43651320.0,-0.2742026,-0.3805825,,-0.13771987144770279,0.0,0.0,-10.01,-5.15,-15.611400684351237,38138000.0,-58968000.0,-1.19025,-119902000.0,-2.65214,,-0.23479388367773663,528535000.0,55436000.0,18823000.0,437156000.0,937000.0,,-509712000.0,-11.676897743298484
Local Bounti Corporation Redeem,LOCLW,Unknown,NASDAQ,US,2024-12-31,,,-0.06855065,,,,,0.0,,,,38138000.0,-58968000.0,-1.19025,-119902000.0,-2.65214,,-0.23479388367773663,528535000.0,55436000.0,18823000.0,437156000.0,937000.0,,-509712000.0,
"El Pollo Loco Holdings, Inc.",LOCO,Consumer Cyclical,NASDAQ,US,2024-12-31,,328150240.0,1.1600043,11.27835,12.431818,12.146966658877798,0.0,0.0,0.88,0.97,0.7433954489676217,473008000.0,41530000.0,0.09761,25684000.0,0.05386,0.09625,0.440308844047607,331345000.0,75658000.0,19895000.0,263020000.0,2484000.0,,-311450000.0,-0.9491079451899838
Comstock Inc.,LODE,Basic Materials,NASDAQ,US,2024-12-31,,198413808.0,1.2039844,-8.6875,,6.428289812366649,0.0,0.0,-2.11,-0.32,0.8711492586814259,3016163.0,-31479568.0,-180.70624,-53321454.0,0.0,-0.55487,0.6545741199684622,31540796.0,8111367.0,12558045.0,13804453.0,954271.0,,-18982751.0,-0.09567253000859698
ContextLogic Holdings Inc.,LOGC,Consumer Cyclical,NASDAQ,US,2024-12-31,,211246144.0,1.4875095,-196.50002,,-0.4529293518186744,0.0,0.0,-0.63,-0.04,-13.357491993932243,43000000.0,-79000000.0,0.0,-75000000.0,0.0,-0.06469,0.967948717948718,5000000.0,5000000.0,156000000.0,0.0,66000000.0,,151000000.0,0.7148059469431073
ContextLogic Holdings Inc.,LOGCD,Unknown,NASDAQ,US,,,,1.4799395,,,,,0.0,,,,,,0.0,,0.0,-0.06469,,,,,,,,,
Logitech International S.A.,LOGI,Technology,NASDAQ,US,2025-03-31,,13481051136.0,5.7461514,15.907888,19.171907,22.406646188513083,0.3312,0.016083678,4.77,5.74872,3.8701342218232164,4554900000.0,664470000.0,0.20241,631529000.0,0.14936,0.32073003,0.6012201766622279,1411084000.0,1101089000.0,2592709000.0,92402000.0,1503205000.0,,1181625000.0,0.08765080616336889
Live Oak Acquisition Corp. V,LOKV,Financial Services,NASDAQ,US,2024-12-31,,296412512.0,-24.54762,,,,,0.0,,,,,,0.0,,0.0,,0.0951795813223581,61117.0,61117.0,67546.0,58367.0,,,6429.0,2.1689367822637662e-05
Live Oak Acquisition Corp. V,LOKVU,Financial Services,NASDAQ,US,2024-12-31,,,-26.166666,,,,,0.0,,,,,,0.0,,0.0,,0.0951795813223581,61117.0,61117.0,67546.0,58367.0,,,6429.0,
Live Oak Acquisition Corp. V,LOKVW,Unknown,NASDAQ,US,2024-12-31,,,-4.345238,,,,,0.0,,,,,,0.0,,0.0,,0.0951795813223581,61117.0,61117.0,67546.0,58367.0,,,6429.0,
Loma Negra Compañía Industrial Argentina Sociedad Anónima,LOMA,Basic Materials,NASDAQ,US,2024-12-31,,1482894336.0,1.9309753,19.05534,188.0,0.036871866894817404,0.0,0.0,0.06,0.59196,192.28752839700772,699178686000.0,106385225000.0,0.07625,153809532000.0,0.015140001,0.01051,0.5633216085274162,615210312000.0,267821101000.0,273397753000.0,174087848000.0,7974897000.0,,-341812559000.0,-230.50365134040138
Lion One Metals Limited,LOMLF,Basic Materials,NASDAQ,US,2024-06-30,,105176544.0,0.6129325,,,-29.372666305528668,0.0,0.0,-0.01,,-0.017363081211570573,14751486.0,-22264020.0,0.27017,-27336738.0,-0.016649999,-0.0057,0.7653298092351034,50662488.0,6688409.0,27189498.0,42935627.0,6731873.0,,-23472990.0,-0.22317704221199738
LOMWF,LOMWF,Unknown,NASDAQ,US,,,,,,,,,,,,,,,,,,,,,,,,,,,
"LeonaBio, Inc.",LONA,Healthcare,NASDAQ,US,2024-12-31,,42758480.0,0.6743227,,,-0.794833471432072,0.0,0.0,-9.67,,-30.94987977437245,0.0,-96775000.0,0.0,-96940000.0,0.0,-0.89424,0.762874495993467,13938000.0,13135000.0,54841000.0,1217000.0,48438000.0,,40903000.0,0.9566055668957363
Loncor Gold Inc.,LONCF,Basic Materials,NASDAQ,US,2024-12-31,,177857504.0,7.0,,,-1.7804680220877989,0.0,0.0,-0.03,,-0.14041251901106705,0.0,-4202365.0,0.0,-4159197.0,0.0,-0.19449,0.9339227798911681,1291285.0,1273355.0,2661486.0,101505.0,1498698.0,,1370201.0,0.0077039257224705004
"Loop Industries, Inc.",LOOP,Basic Materials,NASDAQ,US,2025-02-28,,61872072.0,-8.476821,-5.019608,,-7.549690023137613,0.0,0.0,-0.06,-0.255,-0.44372681452692614,10889000.0,-5727000.0,-28.77907,-15057000.0,-0.24332,,0.01975454839056949,18211000.0,3959000.0,13852000.0,3085000.0,12973000.0,,-4359000.0,-0.07045181871394253
"Grand Canyon Education, Inc.",LOPE,Consumer Defensive,NASDAQ,US,2024-12-31,,4766961664.0,6.1943865,17.085913,22.904184,19.495505751147284,0.0,0.0,7.41,9.93333,6.79951570637211,1033002000.0,277296000.0,0.21226,226234000.0,0.19378,0.27765,0.7696717971377371,234572000.0,110966000.0,419976000.0,108518000.0,324623000.0,,185404000.0,0.03889353703013123
Lotus Technology Inc.,LOT,Consumer Cyclical,NASDAQ,US,2024-12-31,,780511104.0,-0.5937016,-4.0346627,,-9.780005445628523,0.0,0.0,-1.25,-0.28503,-1.1017375888421916,924349000.0,-786322000.0,-0.68047994,-1104925000.0,-1.30445,,-0.37313549722771905,3145889000.0,2467397000.0,1042938000.0,1186916000.0,103072000.0,,-2102951000.0,-2.694325537744047
LOTTOMATICA GROUP SPA,LOTMY,Consumer Cyclical,NASDAQ,US,2024-12-31,,6049374720.0,11.805385,,36.617645,,0.5155,0.0124223605,0.68,,,2004725000.0,370883000.0,0.16975,98597000.0,0.06565,0.29626,0.15072670332823315,2870975000.0,584315000.0,437616000.0,2017821000.0,164156000.0,1809000.0,-2432092700.0,-0.4020403450887565
Lotus Technology Inc.,LOTWW,Unknown,NASDAQ,US,2024-12-31,,,-0.03613836,,,,,0.0,,,,924349000.0,-786322000.0,-0.68047994,-1104925000.0,-1.30445,,-0.37313549722771905,3145889000.0,2467397000.0,1042938000.0,1186916000.0,103072000.0,,-2102951000.0,
The Lovesac Company,LOVE,Consumer Cyclical,NASDAQ,US,2025-01-31,,193238144.0,1.0206919,6.744898,42.64516,16.71493535706947,0.0,0.0,0.31,1.96,1.4496017498499276,680628000.0,13648000.0,-0.10524,11556000.0,0.01052,0.03767,0.4064913104744011,315895000.0,155110000.0,246597000.0,183023000.0,83734000.0,,-69298000.0,-0.3586144979740646
"Lowe's Companies, Inc.",LOW,Consumer Cyclical,NASDAQ,US,2025-01-31,,156157673472.0,-15.042688,21.491232,23.044703,15.413339368487897,0.3891,0.017097747,12.08,12.95319,13.229452054794521,83674000000.0,10466000000.0,0.1192,6957000000.0,0.08045,,-0.33017029372186907,57333000000.0,18757000000.0,20358000000.0,39678000000.0,1761000000.0,,-36975000000.0,-0.2367799108292289
Logistic Properties of the Americas,LPA,Real Estate,NASDAQ,US,2024-12-31,,78728360.0,0.3215808,,10.826087,,0.0,0.0,0.23,,,43862372.0,21261781.0,0.51706004,-29285428.0,0.1407,0.05205,0.3771952080267171,336218160.0,26524836.0,40001754.0,279315896.0,23664288.0,,-296216406.0,-3.7625120858608003
Launch One Acquisition Corp.,LPAA,Financial Services,NASDAQ,US,2024-12-31,,305900000.0,-27.142859,,35.466667,,0.0,0.0,0.3,,,0.0,-400002.0,0.0,5129519.0,0.0,,0.9532656896578405,11059180.0,109180.0,1056301.0,,850338.0,,-10002879.0,-0.032699833278849295
Launch One Acquisition Corp.,LPAAU,Financial Services,NASDAQ,US,2024-12-31,,246789984.0,-27.372448,,,,,0.0,,,,0.0,-400002.0,0.0,5129519.0,0.0,,0.9532656896578405,11059180.0,109180.0,1056301.0,,850338.0,,-10002879.0,-0.04053194881685312
Launch One Acquisition Corp.,LPAAW,Unknown,NASDAQ,US,2024-12-31,,,-0.34948978,,,,,0.0,,,,0.0,-400002.0,0.0,5129519.0,0.0,,0.9532656896578405,11059180.0,109180.0,1056301.0,,850338.0,,-10002879.0,
Launch Two Acquisition Corp.,LPBB,Financial Services,NASDAQ,US,2024-12-31,,304175008.0,-29.065935,,,,,0.0,,,,,,0.0,,0.0,,0.9529646434156622,11041136.0,91136.0,1131610.0,,935701.0,,-9909526.0,-0.03257837014670186
Launch Two Acquisition Corp.,LPBBU,Financial Services,NASDAQ,US,2024-12-31,,212000000.0,-29.12088,,,,,0.0,,,,,,0.0,,0.0,,0.9529646434156622,11041136.0,91136.0,1131610.0,,935701.0,,-9909526.0,-0.04674304716981132
Launch Two Acquisition Corp.,LPBBW,Unknown,NASDAQ,US,2024-12-31,,,-0.9057692,,,,,0.0,,,,,,0.0,,0.0,,0.9529646434156622,11041136.0,91136.0,1131610.0,,935701.0,,-9909526.0,
LPCHY,LPCHY,Unknown,NASDAQ,US,,,,66.62914,,,,,0.0,,,,,,,,,,,,,,,,,,
Lipocine Inc.,LPCN,Healthcare,NASDAQ,US,2024-12-31,,47135892.0,3.2541203,-6.846774,,-0.9152268920679648,0.0,0.0,-1.02,-1.24,-3.1030555797506145,11198144.0,-1155035.0,-29.3351,8352.0,-1.26663,-0.32924998,0.9327897677621657,1512936.0,1512936.0,22321673.0,,6205926.0,,20808737.0,0.4414626756188257
LPCV,LPCV,Unknown,NASDAQ,US,,,,,,,,,,,,,,,,,,,,,,,,,,,
Launchpad Cadenza Acquisition Corp I,LPCVU,Unknown,NASDAQ,US,,,,2512.5,,,,,0.0,,,,,,,,,,,,,,,,,,
Dorian LPG Ltd.,LPG,Energy,NASDAQ,US,2025-03-31,,1382771712.0,1.2737223,11.08826,11.431095,4.223511325275806,0.8657,0.08150366,2.83,2.9175,7.600000034607601,353341476.0,112644832.0,0.43331,90170480.0,0.30417,0.112110004,0.5881427705801132,732554095.0,107884142.0,382356404.0,712980417.0,316877584.0,,-350197691.0,-0.2532577778102536
LAOPU GOLD CO LTD,LPGCY,Consumer Cyclical,NASDAQ,US,2024-12-31,,17462355968.0,1.5451409,,36.59259,,0.0,1.643299,0.27,,,8505560000.0,1973839000.0,0.24301,1473106000.0,0.18183,0.59724,0.6186638340930805,2416435000.0,2248566000.0,5833282000.0,1690073000.0,732650000.0,,3416847000.0,0.1956693017976164
"LG Display Co., Ltd.",LPL,Technology,NASDAQ,US,2024-12-31,,3960000000.0,0.44155034,33.03579,18.857143,-0.001213608293704075,0.0,0.0,0.21,0.11987,-2562.606,,,0.0234,,0.00877,0.03819,0.19909760828855744,24786759000000.0,15859084000000.0,10123037000000.0,14608089000000.0,2021640000000.0,6329000000.0,-14659291700000.0,-3701.8413383838383
LPL Financial Holdings Inc.,LPLA,Financial Services,NASDAQ,US,2024-12-31,,30834644992.0,5.7693696,13.210736,35.333946,16.548201316155527,0.1099,0.003222861,10.9,29.15356,13.694275696433388,12385107000.0,1667073000.0,0.09567001,1058616000.0,0.05203,0.20858,0.22005805335634482,10386802000.0,4194902000.0,6815253000.0,5747565000.0,967079000.0,293897000.0,-3365821100.0,-0.10915712183076072
Open Lending Corporation,LPRO,Financial Services,NASDAQ,US,2024-12-31,,199740160.0,2.7435067,13.000001,,47.445104290815735,0.0,0.0,-1.26,0.13,0.1816836534434115,24024000.0,-65378000.0,0.1365,-135010000.0,0.0,-1.0253,0.2634798628731847,218281000.0,47252000.0,275725000.0,191325000.0,243164000.0,,57444000.0,0.28759364165924367
Legend Power Systems Inc.,LPSIF,Industrials,NASDAQ,US,2025-09-30,,13407442.0,-107.96616,,,-7.045935374697654,0.0,0.0,-0.01,,-0.025082547246723205,1680052.0,-3284578.0,-0.67901003,-3291800.0,-1.9593401,-8.25542,-0.08114568925657513,2172239.0,2092954.0,1701427.0,212121.0,52749.0,,-470812.0,-0.035115721552254335
LPSL,LPSL,Unknown,NASDAQ,US,,,,,,,,,,,,,,,,,,,,,,,,,,,
"LivePerson, Inc.",LPSN,Technology,NASDAQ,US,2024-12-31,,35910040.0,-1.4158877,-0.4580499,,-44.25199964890815,0.0,0.0,-26.07,-6.615,-1.277908336023767,312474000.0,-64075000.0,-0.08769,-134273000.0,-0.51719004,-5.98652,-0.1107575463409337,675094000.0,139940000.0,231224000.0,527226000.0,183237000.0,,-443870000.0,-12.360610013244207
"LightPath Technologies, Inc.",LPTH,Technology,NASDAQ,US,2025-06-30,,563059968.0,22.000002,117.333336,,-5.970844489313801,0.0,0.0,-0.39,0.09,-0.21102542407833877,37202630.0,-10163102.0,-0.080970004,-14873182.0,-0.36806,-0.37932998,0.19194676361915303,65860998.0,17100125.0,28373995.0,15185750.0,4877036.0,,-37487003.0,-0.06657728329214127
LPUGF,LPUGF,Unknown,NASDAQ,US,,,,15.540552,,,,,0.16041058,,,,,,0.24301,,0.18183,0.59724,,,,,,,,,
Louisiana-Pacific Corporation,LPX,Industrials,NASDAQ,US,2024-12-31,,6753326592.0,3.9033127,27.501106,31.381878,28.222556124912217,0.35599998,0.011723329,3.09,3.52604,2.4722222222222223,2941000000.0,538000000.0,0.04977,420000000.0,0.076570004,0.12687,0.6504476449980537,898000000.0,312000000.0,855000000.0,380000000.0,340000000.0,,-43000000.0,-0.006367232417122824
Liquidia Corporation,LQDA,Healthcare,NASDAQ,US,2024-12-31,,3744285440.0,169.44882,15.976244,,-9.993009547343574,0.0,0.0,-1.46,2.694,-1.2078443073270924,13996000.0,-121294000.0,0.03252,-130394000.0,-1.79282,-1.8721001,0.33552165965447023,153038000.0,41781000.0,185105000.0,122390000.0,176479000.0,,32067000.0,0.008564250913520097
"Liquidity Services, Inc.",LQDT,Consumer Cyclical,NASDAQ,US,2025-09-30,,1008261184.0,4.652261,21.248365,35.336952,35.49371898424237,0.0,0.0,0.92,1.53,0.6319428041658216,476669000.0,35066000.0,0.077309996,28093000.0,0.0626,0.14723,0.541832733050565,171859000.0,161625000.0,224789000.0,13794000.0,174607000.0,,52930000.0,0.05249631825556819
"Liquidmetal Technologies, Inc.",LQMT,Industrials,NASDAQ,US,2024-12-31,,99066800.0,3.6000001,,Infinity,-26.886716028248536,0.0,0.0,0.0,,-0.002231585240676343,860000.0,-3313000.0,-25.540539,-1510000.0,-2.90366,-0.07439,0.9611842105263158,1260000.0,1260000.0,16117000.0,,6006000.0,,14857000.0,0.14996951551882165
LifeQuest World Corporation,LQWC,Industrials,NASDAQ,US,,,1509410.0,2.4,,,,0.0,0.0,-0.05,,,,,-1.93941,,-1.4204401,,,,,,,,,,
Lam Research Corporation,LRCX,Technology,NASDAQ,US,2025-06-30,,290155462656.0,28.488098,33.970062,47.435318,35.85876785921667,0.20120001,0.0045942524,4.87,6.8004,2.899939315837203,18435591000.0,5900968000.0,0.33868998,5358217000.0,0.3022,0.65565,0.46200510089827906,11483641000.0,6568425000.0,14516995000.0,4484505000.0,6390659000.0,,3033354000.0,0.01045423709150104
"Laredo Oil, Inc.",LRDC,Energy,NASDAQ,US,2025-05-31,,61338052.0,-4.619883,,,-13.285931176232815,0.0,0.0,-0.08,,-0.04139717454692399,9423.0,-2668556.0,-1834.7147,-3181874.0,0.0,,-8.682430052665092,14020333.0,12909540.0,298523.0,3966351.0,83294.0,,-13721810.0,-0.223707952120814
"Lead Real Estate Co., Ltd",LRE,Real Estate,NASDAQ,US,2024-06-30,,16643120.0,0.51783496,,3.05,0.05015412556593825,0.1571,0.0,0.4,,45.95833424962798,,,0.14983,,0.04494,0.18260999,0.24654912331527637,12979996000.0,7972247000.0,11321686000.0,11595913000.0,1300684000.0,20844000.0,-1643719200.0,-98.76268391984195
La Rosa Holdings Corp.,LRHC,Real Estate,NASDAQ,US,2024-12-31,,845300.0,0.12423337,,,-1.4178097233500764,0.0,0.0,-396.1,,-857.6609258446687,69448786.0,-10409704.0,-0.24678,-14447563.0,-0.35477,-3.45323,0.13234392855600738,12732007.0,8540527.0,4514058.0,4831205.0,1442901.0,,-8217949.0,-9.721931858511772
"Larimar Therapeutics, Inc.",LRMR,Healthcare,NASDAQ,US,2024-12-31,,288439616.0,2.075123,-1.8529005,,-5.465525573445869,0.0,0.0,-1.96,-1.81877,-0.841639078038819,0.0,-90890000.0,0.0,-80604000.0,0.0,-0.78236,0.8580946435260333,28413000.0,24356000.0,195304000.0,5117000.0,33218000.0,,166891000.0,0.5785994389896845
"Stride, Inc.",LRN,Consumer Defensive,NASDAQ,US,2025-06-30,,3852103424.0,2.3849351,9.672908,13.491551,14.744008127903946,0.0,0.0,6.51,9.08,4.690040925507105,2405317000.0,419572000.0,0.0538,287941000.0,0.12661,0.22257,0.6450067329015035,814340000.0,302879000.0,1632734000.0,549760000.0,782497000.0,,818394000.0,0.2124537972945142
Lion Rock Resources Inc.,LRRIF,Basic Materials,NASDAQ,US,2024-12-31,,34015028.0,5.699105,,,-0.832135204266387,0.0,0.0,-0.04,,-0.13219005618315344,0.0,-1751970.0,0.0,-2217152.0,0.0,-0.85541,-1.9589536549186939,2667044.0,817044.0,309324.0,124200.0,193143.0,,-2357720.0,-0.06931406906382673
LRVIY,LRVIY,Unknown,NASDAQ,US,,,,,,,,,,,,,,,,,,,,,,,,,,,
"Lesaka Technologies, Inc.",LSAK,Technology,NASDAQ,US,2025-06-30,,367457568.0,1.9124725,12.138888,,-16.829818673308836,0.0,0.0,-0.63,0.36,-0.2846138781904824,659702000.0,7923000.0,0.01229,-87504000.0,-0.0753,-0.26565,0.38938061219806946,392327000.0,160473000.0,243923000.0,235374000.0,76520000.0,,-148404000.0,-0.4038670391461362
"LakeShore Biopharma Co., Ltd",LSBCF,Healthcare,NASDAQ,US,2025-03-31,,10443297.0,0.07305878,,,-0.17757829520532026,0.0,0.0,-0.75,,-40.53986368897578,614961584.0,-44451277.0,-0.68832,-99982451.0,-0.16258,-0.18431,0.3654076727227256,867908580.0,824752522.0,842218000.0,414400578.0,28083556.0,,-25690580.0,-2.460006643495823
"Lake Shore Bancorp, Inc.",LSBK,Financial Services,NASDAQ,US,2024-12-31,,112373224.0,0.7933723,,15.84536,9.802940781257954,0.3711,0.01749838,0.97,,0.8199999693775945,24367000.0,,0.32278,4931000.0,0.25944,0.062800005,0.13109770329567735,595636000.0,,,10250000.0,33131000.0,,,
"LakeShore Biopharma Co., Ltd",LSBWF,Unknown,NASDAQ,US,2025-03-31,,,0.0010090992,,,,,0.0,,,,614961584.0,-44451277.0,-0.68832,-99982451.0,-0.16258,-0.18431,0.3654076727227256,867908580.0,824752522.0,842218000.0,414400578.0,28083556.0,,-25690580.0,
Lattice Semiconductor Corporation,LSCC,Technology,NASDAQ,US,2024-12-31,,11829146624.0,16.726675,59.029274,432.05002,38.28480579243798,0.0,0.0,0.2,1.46385,1.8532155375921024,509401000.0,60677000.0,-0.0055,61131000.0,0.05505,0.03864,0.842433312833347,132971000.0,99622000.0,364834000.0,15251000.0,136291000.0,,231863000.0,0.01960099129463627
"Leishen Energy Holding Co., Ltd.",LSE,Energy,NASDAQ,US,2025-09-30,,76602288.0,1.6864319,,56.242504,,0.0,0.0,0.08,,,48335553.0,-1665953.0,0.02762,1254387.0,0.02595,0.029760001,0.6552864602053474,23875132.0,23248841.0,59129558.0,3776990.0,10159656.0,,35254426.0,0.46022680158065254
LSEB Creative Corp.,LSEB,Consumer Cyclical,NASDAQ,US,2025-03-31,,1637630.0,100.0,,,-239.55486853640954,0.0,0.0,-0.01,,-0.011396136658598354,20537.0,-156251.0,-0.80711,-160011.0,0.0,-3.19098,0.20175214548426645,156265.0,156265.0,193386.0,10000.0,858.0,,37121.0,0.02266751341878202
London Stock Exchange Group plc,LSEGY,Financial Services,NASDAQ,US,2024-12-31,,54471188480.0,0.47772175,16.97891,40.984127,84.77386841542148,0.7,0.054772455,0.63,1.52071,0.3452813067150635,8858000000.0,1602000000.0,0.24379,685000000.0,0.10808,0.05032,0.03140338883134853,707666000000.0,696535000000.0,698042000000.0,9965000000.0,2133000000.0,58000000.0,-9583400000.0,-0.1759352102904585
"Laird Superfood, Inc.",LSF,Consumer Defensive,NASDAQ,US,2024-12-31,,28320700.0,2.2083333,-0.6575682,,-0.8324686121225855,0.0,0.0,-0.18,-4.03,-1.093134339210427,43295137.0,-2173092.0,-0.025940001,-1820161.0,-0.03929,-0.14631,0.6852310771467326,6062135.0,5921671.0,17966628.0,246430.0,8339918.0,,11904493.0,0.4203460013347128
Lakeside Holding Limited,LSH,Industrials,NASDAQ,US,2024-06-30,,18515142.0,1.3478698,,,-106.8137080837951,0.0,0.0,-0.6,,-0.037542,,,-0.20847,,-0.26594,-0.99653,0.06958981630908533,8553967.0,5893730.0,3539772.0,4631627.0,123550.0,,-5014195.0,-0.2708159084062115
LOUIS HACHETTE GROUP,LSHGF,Unknown,NASDAQ,US,,,,0.6260753,,,,,3.9299534e+29,,,,,,0.03461,,0.00415,0.03618,,,,,,,,,
LSHGY,LSHGY,Unknown,NASDAQ,US,,,,,,,,,,,,,,,,,,,,,,,,,,,
Lightspeed Commerce Inc.,LSPD,Technology,NASDAQ,US,2025-03-31,,1271406720.0,0.8461257,13.618448,,-13.185466061102037,0.0,0.0,-4.58,0.67996,-1.0663256311503917,1076826000.0,-121104000.0,-0.109510005,-667196000.0,-0.5815,-0.36211,0.9111621216261281,162236000.0,148983000.0,798023000.0,16973000.0,558469000.0,,635787000.0,0.5000657854002848
Lasertec Corporation,LSRCF,Technology,NASDAQ,US,2025-06-30,,25732364288.0,15.598526,,41.86722,0.01932039042582939,0.3508,1.3819768,5.98,,654.4900018276663,251477000000.0,122843000000.0,0.48946998,84652000000.0,0.34724998,0.42964,0.6368245241974387,119703000000.0,117919000000.0,286861000000.0,,86087000000.0,1007000000.0,167862900000.0,6.523415342688934
"Lisata Therapeutics, Inc.",LSTA,Healthcare,NASDAQ,US,2024-12-31,,40046132.0,2.2883065,-4.4292684,,-1.0924116823929513,0.0,0.0,-2.13,-1.025,-2.5814443205747555,1000000.0,-22409000.0,-18.765419,-19985000.0,0.0,-0.72167,0.8448374378606937,5685000.0,5613000.0,34578000.0,137000.0,16209000.0,,28893000.0,0.7214929022358514
"Landstar System, Inc.",LSTR,Industrials,NASDAQ,US,2024-12-31,,5520238592.0,6.9377623,24.140495,48.96677,30.1538235723541,0.4713,0.009666026,3.31,6.71403,5.513703641172829,,,0.02685,,0.02417,0.13009,0.536278112248809,840872000.0,673154000.0,1319867000.0,163340000.0,515018000.0,,478995000.0,0.08677070601516493
Alternative Strategies Fund,LTAFX,Unknown,NASDAQ,US,,,,,,,,,0.0,,,,,,,,,,,,,,,,,,
Lightbridge Corporation,LTBR,Industrials,NASDAQ,US,2024-12-31,,483627776.0,2.7513812,,,-5.247616295853134,0.0,0.0,-0.79,,-0.6536301195397458,0.0,-13059497.0,0.0,-11787066.0,0.0,-0.18145001,0.9896323518190114,424585.0,424585.0,40315205.0,,39990827.0,,39890620.0,0.08248206984703872
"LTC Properties, Inc.",LTC,Real Estate,NASDAQ,US,2024-12-31,,1780294656.0,1.8476971,19.575916,51.930553,13.144721871402234,3.1667001,0.06042937,0.72,1.91,2.169713235649693,209847000.0,132566000.0,0.45762002,91040000.0,0.14917,0.03816,0.5378223008025118,733137000.0,192887000.0,828282000.0,684600000.0,9414000.0,,95145000.0,0.05344340032664795
Alternative Strategies Fund,LTCFX,Unknown,NASDAQ,US,,,,,,,,,0.0,,,,,,,,,,,,,,,,,,
Grayscale Litecoin Trust (LTC),LTCN,Unknown,NASDAQ,US,,,67575040.0,,,,,,0.0,,,,,,,,,,,,,,,,,,
LTGR,LTGR,Unknown,NASDAQ,US,,,,,,,,,,,,,,,,,,,,,,,,,,,
"Life Time Group Holdings, Inc.",LTH,Consumer Cyclical,NASDAQ,US,2024-12-31,,6575674880.0,2.2000885,18.705542,23.296875,40.579462726246916,0.0,0.0,1.28,1.59418,0.3728487046886106,2620995000.0,357483000.0,0.16344,156240000.0,0.0988,0.10378,0.3649544210676575,4542187000.0,520103000.0,170975000.0,3987297000.0,10879000.0,,-4371212000.0,-0.6647548852050301
LATAM Airlines Group S.A.,LTM,Industrials,NASDAQ,US,2024-12-31,,18616082432.0,32419.996,10.110806,13.072579,,0.4859,0.0,4.96,6.41294,,12833043000.0,1577271000.0,0.16944,976972000.0,0.10235,1.4288901,0.047416881455337886,14542036000.0,6290842000.0,3900419000.0,7150451000.0,1957788000.0,21558000.0,-10626526400.0,-0.57082506154644
LTMGF,LTMGF,Consumer Cyclical,NASDAQ,US,2024-12-31,,6256979456.0,12.535518,,38.882355,,0.5172,0.011346445,0.68,,,2004725000.0,370883000.0,0.16975,98597000.0,0.06565,0.29626,0.15072670332823315,2870975000.0,584315000.0,437616000.0,2017821000.0,164156000.0,1809000.0,-2432092700.0,-0.3887007648183654
Lantern Pharma Inc.,LTRN,Healthcare,NASDAQ,US,2024-12-31,,29526878.0,3.0414748,-1.7311476,,-2.9820430105519993,0.0,0.0,-1.75,-1.525,-1.472145053224089,0.0,-22216437.0,0.0,-20781213.0,0.0,-1.0457599,0.8285603918567772,4384018.0,4331175.0,25247629.0,243657.0,7511079.0,,20863611.0,0.7065972569128371
"Lantronix, Inc.",LTRX,Technology,NASDAQ,US,2025-06-30,,245296704.0,3.2475038,18.87023,,-29.471691288918496,0.0,0.0,-0.23,0.3275,-0.12079388006205531,122923000.0,-7095000.0,-0.03328,-11373000.0,-0.07895,-0.12118,0.6011703658201452,49344000.0,30422000.0,77393000.0,21159000.0,20098000.0,,28049000.0,0.11434723558291268
Lottery.com Inc.,LTRYW,Unknown,NASDAQ,US,2024-12-31,,,0.010035842,,,,,0.0,,,,1065788.0,-18162292.0,,-28709075.0,,,0.38683478462795823,30397442.0,30397442.0,15892458.0,6110777.0,68035.0,,-14504984.0,
LIGHTSTONE VALUE PLUS REIT IV I,LTSV,Unknown,NASDAQ,US,,,26783660.0,1.469982,,,,,0.0,,,,,,,,,,,,,,,,,,
Lithium Corporation,LTUM,Basic Materials,NASDAQ,US,2024-12-31,,12237236.0,25.949999,,Infinity,-9.578809074625472,0.0,0.0,0.0,,-0.0053242525922586855,0.0,-753425.0,0.0,-964597.0,0.0,-0.83638,0.27394486849452854,2406676.0,2406676.0,3301075.0,,3065858.0,,894399.0,0.07308831830978825
Lufax Holding Ltd,LU,Financial Services,NASDAQ,US,2023-12-31,,2504730880.0,0.18524465,11.6034775,,0.2114596183430308,3.9468,0.0,-0.78,0.24906327,15.160000007319152,28116562000.0,,-0.12793,886865000.0,-0.103199996,-0.03451,0.38874912772708914,143339227000.0,,,44860246000.0,39988958000.0,31904174000.0,,
Lucid Diagnostics Inc.,LUCD,Healthcare,NASDAQ,US,2024-12-31,,159940496.0,-5.327511,-4.0220222,,-1.1417010623420207,0.0,0.0,-0.77,-0.30333,-1.2612759195183059,4346000.0,-46052000.0,-9.71016,-45529000.0,0.0,-3.3123999,0.17551684844538498,25324000.0,23524000.0,25148000.0,21254000.0,22358000.0,,-176000.0,-0.0011004092421971732
Lucky Strike Entertainment Corporation,LUCK,Consumer Cyclical,NASDAQ,US,2025-06-30,,925790592.0,-2.5047224,27.91579,,-25.61316167344658,9.8144,0.036277603,-0.66,0.2375,-0.5522743632378548,1201333000.0,148092000.0,0.1172,-10022000.0,-0.07086,,-0.0542278966712124,3331085000.0,194385000.0,112550000.0,2633826000.0,59686000.0,,-3218535000.0,-3.4765259312550887
"Lucent, Inc.",LUCN,Technology,NASDAQ,US,2024-12-31,,142200000.0,-19.522778,,Infinity,,0.0,0.0,0.0,,,1462525.0,-18043.0,0.0,-18043.0,0.0,,-0.0701062473842139,102694789.0,7408054.0,0.0,,0.0,,-102694789.0,-0.722185576652602
"Lucyd, Inc",LUCY,Healthcare,NASDAQ,US,2024-12-31,,6206212.0,0.58913153,-1.1262136,,-0.8003537943352174,0.0,0.0,-2.03,-1.03,-10.870192495921696,1636440.0,-7923702.0,-2.87494,-7766515.0,0.0,-0.74096,0.924461815541675,743168.0,737718.0,9238216.0,,2628987.0,,8495048.0,1.3687975853870284
"Lucyd, Inc",LUCYW,Unknown,NASDAQ,US,2024-12-31,,,0.02793296,,,,,0.0,,,,1636440.0,-7923702.0,-2.87494,-7766515.0,0.0,-0.74096,0.924461815541675,743168.0,737718.0,9238216.0,,2628987.0,,8495048.0,
Luda Technology Group Limited,LUD,Basic Materials,NASDAQ,US,2024-12-31,,144083776.0,6.9173203,,,,0.0,0.0,-0.08,,,44863430.0,455908.0,-0.05459,-361016.0,-0.0468,-0.09648,0.32217972781388,26642285.0,25851379.0,31853187.0,12289550.0,8132655.0,,5210902.0,0.03616577899790744
"Ludwig Enterprises, Inc.",LUDG,Healthcare,NASDAQ,US,2024-12-31,,6502792.0,-2.0,,,-15.164882132892622,0.0,0.0,-0.01,,-0.00857243690339396,217.0,-1298189.0,0.0,-3016884.0,0.0,,-12.037827248982566,2575701.0,2575701.0,197556.0,1948717.0,6741.0,,-2378145.0,-0.3657113744373186
lululemon athletica inc.,LULU,Consumer Cyclical,NASDAQ,US,2025-01-31,,20498137088.0,4.526884,13.673165,12.020167,39.50589808938239,0.0,0.0,14.38,12.64155,12.200456477254841,10588126000.0,2505697000.0,0.16988,1814616000.0,0.15720001,0.41017,0.568707212612642,3279245000.0,1839630000.0,3980302000.0,1575791000.0,1984336000.0,,701057000.0,0.03420101041330298
"Lumen Technologies, Inc.",LUMN,Communication Services,NASDAQ,US,2024-12-31,,8270696448.0,-7.190009,-29.543291,,-0.17660709588643209,0.0,0.0,-1.75,-0.27282,-10.475230423535802,13108000000.0,477000000.0,-0.06577,-55000000.0,-0.14022,,0.013852400286601386,33032000000.0,3639000000.0,4394000000.0,18159000000.0,1889000000.0,,-28638000000.0,-3.4625862743306426
Pulmonx Corporation,LUNG,Healthcare,NASDAQ,US,2024-12-31,,61870548.0,1.0309278,-1.1221917,,-8.169996348379584,0.0,0.0,-1.41,-1.33667,-1.6022039171638218,83789000.0,-57704000.0,-0.66938,-56394000.0,-0.61914,-0.73725,0.5269204789683758,77041000.0,24437000.0,136248000.0,56471000.0,70905000.0,,59207000.0,0.956949662058917
"Intuitive Machines, Inc.",LUNR,Industrials,NASDAQ,US,2024-12-31,,2493285632.0,-5.1093616,382.0323,,0.8274116784413666,0.0,0.0,-2.46,0.04586,2.9368694328012204,228000000.0,-52352000.0,-0.29405,-283413000.0,-0.94378996,-1.77462,-2.8229057635817267,351483000.0,98831000.0,293161000.0,37380000.0,207607000.0,,-58322000.0,-0.023391623988630917
Southwest Airlines Co.,LUV,Industrials,NASDAQ,US,2024-12-31,,28060833792.0,3.505168,11.539181,68.68354,45.414951349073846,0.9114,0.013711675,0.79,4.70224,0.7231726283048211,,,0.05093,,0.01571,0.04812,0.30666666666666664,23400000000.0,12276000000.0,11274000000.0,8058000000.0,7509000000.0,367000000.0,-11869100000.0,-0.4229774527720491
"Luvu Brands, Inc.",LUVU,Consumer Cyclical,NASDAQ,US,2024-06-30,,2305021.0,1.0,,,-15.34790381734861,0.0,0.0,-0.01,,-0.005212438073884207,,,-0.00257,,-0.014889999,-0.14982,0.3099331946117621,6301000.0,4177000.0,5517000.0,4173000.0,1028000.0,,-784000.0,-0.3401270530724015
LuxExperience B.V.,LUXE,Consumer Cyclical,NASDAQ,US,2024-06-30,,1019853696.0,0.6908747,-329.62735,1.1888,-16.89936139545209,0.0,0.0,6.25,-0.022540605,-0.28699308755760367,,,-0.07125,,0.30291,0.60027003,0.6254646373136964,260868000.0,217585000.0,442867000.0,49765000.0,15107000.0,,181999000.0,0.17845598904413834
"Lulu's Fashion Lounge Holdings, Inc.",LVLU,Consumer Cyclical,NASDAQ,US,2024-12-31,,50613908.0,19.978119,-67.62963,,-3.4033592634736736,0.0,0.0,-16.25,-0.27,-7.2722266689936985,315887000.0,-24013000.0,-0.02616,-55286000.0,-0.15831,-1.9523399,0.12355126712138857,94830000.0,74325000.0,51501000.0,39354000.0,4460000.0,,-43329000.0,-0.8560690472666129
"LiveOne, Inc.",LVO,Communication Services,NASDAQ,US,2025-03-31,,59075956.0,-2.4087245,-101.6,,-14.284864658198229,0.0,0.0,-2.65,-0.05,-1.3650811867376533,114405000.0,-6400000.0,-0.24351999,-18709000.0,-0.28621,,-0.4387047412197349,48929000.0,36384000.0,15246000.0,3822000.0,4119000.0,,-33683000.0,-0.5701642813871688
Lvpai Group Limited,LVPA,Financial Services,NASDAQ,US,2025-01-31,,101104136.0,-504.99997,,6.3125,-2522.998853975056,0.0,0.0,0.16,,-0.00040031726089449993,0.0,-32555.0,0.0,-32555.0,0.0,,,137655.0,1465.0,,136190.0,,,,
CordovaCann Corp.,LVRLF,Healthcare,NASDAQ,US,2025-06-30,,7686245.0,-1.7776722,,,,0.0,0.0,-0.01,,,14249111.0,-205383.0,0.061100002,-2690678.0,-0.20329,,-0.9063199002560567,11611003.0,9148230.0,1734553.0,4995970.0,598203.0,,-9876450.0,-1.2849512343153255
Lavoro Limited,LVRO,Basic Materials,NASDAQ,US,2025-06-30,,125319624.0,-1.9027232,-2.5586855,,-0.8261204312366157,0.0,0.0,-4.5,-0.426,-6.512367823160628,6517278000.0,-1516102000.0,-0.43566,-2667494000.0,-0.26152,-2.52903,-0.35960800457723385,5815141000.0,5693259000.0,3369057000.0,1573883000.0,479807000.0,,-2446084000.0,-19.5187626799774
Lavoro Limited,LVROW,Unknown,NASDAQ,US,2025-06-30,,,-0.056383446,,,,,0.0,,,,6517278000.0,-1516102000.0,,-2667494000.0,,,-0.35960800457723385,5815141000.0,5693259000.0,3369057000.0,1573883000.0,479807000.0,,-2446084000.0,
Las Vegas Sands Corp.,LVS,Consumer Cyclical,NASDAQ,US,2024-12-31,,39677018112.0,24.94605,15.36809,24.595745,25.29827318151957,0.4255,0.018440463,2.35,3.76104,1.9620081411126187,,,0.2387,,0.124989994,0.74239,0.13955288880286462,17506000000.0,5801000000.0,4290000000.0,13752000000.0,3650000000.0,,-13216000000.0,-0.3330895472712685
"LiveWire Group, Inc.",LVWR,Consumer Cyclical,NASDAQ,US,2024-12-31,,544649920.0,8.811881,-8.612904,,-20.85116445390779,0.0,0.0,-0.39,-0.31,-0.5409769683561806,26633000.0,-110356000.0,-3.2997699,-93925000.0,0.0,-0.80491996,0.7780143281968099,32845000.0,29854000.0,98361000.0,799000.0,64437000.0,,65516000.0,0.12029011222474796
"LiveWire Group, Inc. WT",LVWR-WT,Unknown,NASDAQ,US,,,,,,,,,,,,,,,,,,,,,,,,,,,
"Lamb Weston Holdings, Inc.",LW,Consumer Defensive,NASDAQ,US,2025-05-31,,6984346112.0,3.9673867,16.534323,18.15942,16.966144021768393,0.5362,0.03117102,2.76,3.03127,4.982829670329671,6451300000.0,765100000.0,0.09474,357200000.0,0.060599998,0.23164,0.23505938370803237,5654900000.0,1476000000.0,2032700000.0,4155300000.0,70700000.0,,-3622200000.0,-0.5186169101466201
LightWave Acquisition Corp.,LWAC,Unknown,NASDAQ,US,,,303757504.0,-46.118725,,,,,0.0,,,,,,,,,,,,,,,,,,
LightWave Acquisition Corp.,LWACU,Unknown,NASDAQ,US,,,,-46.575344,,,,,0.0,,,,,,,,,,,,,,,,,,
LightWave Acquisition Corp.,LWACW,Unknown,NASDAQ,US,,,,-1.4388129,,,,,0.0,,,,,,,,,,,,,,,,,,
"Lifeway Foods, Inc.",LWAY,Consumer Defensive,NASDAQ,US,2024-12-31,,326809248.0,3.948482,15.664233,28.999998,17.73775453165631,0.0,0.0,0.74,1.37,0.7526319274316361,186820000.0,13852000.0,0.088199995,9025000.0,0.05468,0.14464,0.7941842358112362,18636000.0,15504000.0,43605000.0,117000.0,16728000.0,,24969000.0,0.07640236667966017
"Lightwave Logic, Inc.",LWLG,Basic Materials,NASDAQ,US,2024-12-31,,478466752.0,10.612903,,,-29.30860641427448,0.0,0.0,-0.17,,-0.1821990468297085,95605.0,-23089143.0,-180.3249,-22535041.0,0.0,-0.56264997,0.8840435894186686,4384078.0,1785396.0,28115270.0,2766971.0,27667964.0,,23731192.0,0.049598413893553045
Sienna Senior Living Inc.,LWSCF,Healthcare,NASDAQ,US,2024-12-31,,1516920320.0,3.324228,,50.375004,81.30720421830155,2.1273,0.058573216,0.32,,0.09646913375624956,893158000.0,103186000.0,0.105550006,38403000.0,0.040760003,0.07067,0.2584789712050767,1379086000.0,388106000.0,164869000.0,1012345000.0,127202000.0,,-1214217000.0,-0.8004487671442096
LexinFintech Holdings Ltd.,LX,Financial Services,NASDAQ,US,2024-12-31,,472820448.0,0.28110442,2.2079833,1.9115646,0.2743932565022612,0.21360001,0.8320754,1.47,1.2726545,5.924862936425425,14203594000.0,2286205000.0,0.13963,1100460000.0,0.13261,0.16412,0.48289702442526855,11500773000.0,9604374000.0,17908711000.0,5267184000.0,2254213000.0,,6407938000.0,13.552582226731447
"Lixiang Education Holding Co., Ltd.",LXEH,Consumer Defensive,NASDAQ,US,2024-12-31,,4615334.0,0.12164971,,,-0.13218412813022606,0.0,0.0,-2.16,,-161.13885636917064,32800660.0,-25961390.0,-0.97833,-24627666.0,-0.97788,-0.14827,0.31052422782645933,325120200.0,112721902.0,236269738.0,131560704.0,220724238.0,,-88850462.0,-19.251144554218612
"Lexeo Therapeutics, Inc.",LXEO,Healthcare,NASDAQ,US,2024-12-31,,522589248.0,3.2545452,-5.1300054,,-1.1733899964042631,0.0,0.0,-2.5,-1.39571,-12.399969520212283,0.0,-105766000.0,0.0,-98333000.0,0.0,-0.80694,0.7951572729376216,30100000.0,22846000.0,126121000.0,9924000.0,35014000.0,7012000.0,100929400.0,0.19313332676909573
Luxfer Holdings PLC,LXFR,Industrials,NASDAQ,US,2024-12-31,,414183392.0,1.7883928,13.135593,25.833332,-118.1689954895165,0.8667,0.0343461,0.6,1.18,-0.07031578708957,391900000.0,40900000.0,0.1141,18400000.0,0.03599,0.07138,0.5740062761506276,162900000.0,93700000.0,175800000.0,59800000.0,4100000.0,,12900000.0,0.03114562353094061
LXP Industrial Trust,LXP,Real Estate,NASDAQ,US,2024-12-31,,3049638400.0,1.550003,-2577.5,27.131578,85.62695590307266,1.4211,0.052376334,1.9,-0.02,0.5216977534973221,358458000.0,65098000.0,0.15087,44534000.0,0.32229,0.05805,0.545959318421195,1722529000.0,135405000.0,189882000.0,1459231000.0,101836000.0,,-1532647000.0,-0.5025667961158936
LXP Industrial Trust,LXP-PC,Real Estate,NASDAQ,US,2024-12-31,,2008351616.0,1.4086837,,38.4963,,,0.057630613,1.217,,,358458000.0,65098000.0,0.15087,44534000.0,0.32229,0.05805,0.545959318421195,1722529000.0,135405000.0,189882000.0,1459231000.0,101836000.0,,-1532647000.0,-0.7631367872985046
"Lexicon Pharmaceuticals, Inc.",LXRX,Healthcare,NASDAQ,US,2024-12-31,,513975520.0,3.7160122,-4.9886436,,-1.9101784318645654,0.0,0.0,-0.19,-0.24656,-0.8009722787500565,31081000.0,-197117000.0,-0.85933,-200403000.0,-0.96773005,-0.45921,0.48907579920916827,152470000.0,45248000.0,246193000.0,108397000.0,66656000.0,,93723000.0,0.18234915157048726
"LSB Industries, Inc.",LXU,Basic Materials,NASDAQ,US,2024-12-31,,694983808.0,1.3784246,24.424778,,25.44303989058617,0.0,0.0,-0.01,0.3955,0.3718109187749667,522400000.0,-5505000.0,0.10313,-19353000.0,-0.00114,-0.00133,0.41412143653743133,695548000.0,135634000.0,309714000.0,518812000.0,20230000.0,,-385834000.0,-0.5551697687897788
LyondellBasell Industries N.V.,LYB,Basic Materials,NASDAQ,US,2024-12-31,,17735198720.0,1.6730939,14.418384,,12.701009809914465,11.468101,0.10059391,-4.03,3.82151,6.484662576687117,40302000000.0,2766000000.0,0.06044,1360000000.0,-0.03198,-0.10584,0.34862641973927155,23158000000.0,6705000000.0,12266000000.0,12923000000.0,3375000000.0,,-10892000000.0,-0.6141459237057818
"Lyell Immunopharma, Inc.",LYEL,Healthcare,NASDAQ,US,2024-12-31,,482450176.0,1.3313401,-27.035713,,-2.257041407711828,0.0,0.0,-22.75,-0.84,-18.69704322603523,61000.0,-220274000.0,-2483.5332,-342994000.0,0.0,-0.75751,0.7799062459891741,108035000.0,53788000.0,379594000.0,58968000.0,105597000.0,13014000.0,280668800.0,0.5817570683195273
"Lyft, Inc.",LYFT,Technology,NASDAQ,US,2024-12-31,,6690027008.0,11.534687,11.055364,44.486485,-17.595515647921474,0.0,0.0,0.37,1.48887,-0.8831795710226167,5786016000.0,-118912000.0,0.018070001,22784000.0,0.02402,0.24525,0.14112350735565637,4668053000.0,3880742000.0,2950533000.0,1172313000.0,759319000.0,,-1717520000.0,-0.25672841050509554
Lloyds Banking Group plc,LYG,Financial Services,NASDAQ,US,2024-12-31,,86948478976.0,6.8299065,11.107978,15.972972,9.277074146772287,0.48380002,0.0063683307,0.37,0.53205,0.2803690902749152,,,0.407,,0.25026,0.10148,0.050420371965496744,860809000000.0,,,88522000000.0,62705000000.0,45234000000.0,,
"Lyra Therapeutics, Inc.",LYRA,Healthcare,NASDAQ,US,2024-12-31,,3230285.0,-0.6914894,-1.8383839,,-3.9490606652839824,0.0,0.0,-22.9,-0.99,-62.92635668642736,1534000.0,-60733000.0,-250.32,-93435000.0,0.0,-4.04481,0.17475055014620325,54752000.0,12631000.0,43025000.0,34380000.0,40577000.0,,-11727000.0,-3.630329831578328
Lytus Technologies Holdings PTV. Ltd.,LYTHF,Unknown,NASDAQ,US,2025-03-31,,13839591424.0,0.015223638,,0.044166666,29.41340568500603,,0.0,300.0,,393.5280437756498,23127919.0,1049755.0,0.03358,694584.0,0.01517,0.02318,0.5455864355035267,15154275.0,13359764.0,15136634.0,1714035.0,4674586.0,309730.0,199170.0,1.4391320805512243e-05
LSI Industries Inc.,LYTS,Technology,NASDAQ,US,2025-06-30,,711713856.0,2.8745449,15.84083,27.914633,17.00670197911424,0.2439,0.009107469,0.82,1.445,0.8306837834242384,573377000.0,35844000.0,0.062129997,24383000.0,0.043369997,0.11034001,0.5820991921526282,165640000.0,97349000.0,194166000.0,66641000.0,3457000.0,,28526000.0,0.040080714685425484
"Live Nation Entertainment, Inc.",LYV,Communication Services,NASDAQ,US,2024-12-31,,32704350208.0,62.153572,76.760826,102.05797,39.008244339912444,0.0,0.0,1.38,1.83479,2.4110288643656737,23155625000.0,813495000.0,0.09149,896287000.0,0.03659,0.5636,0.008822497090067398,17693476000.0,9358279000.0,9290137000.0,8271741000.0,6095424000.0,,-8403339000.0,-0.2569486611583682
"LegalZoom.com, Inc.",LZ,Industrials,NASDAQ,US,2024-12-31,,1451007488.0,7.1555557,11.788309,67.083336,161.3506547099056,0.0,0.0,0.12,0.68288,0.07176915361469022,681881000.0,35581000.0,0.03461,29963000.0,0.030550001,0.16961001,0.24942829708759157,280626000.0,265582000.0,191223000.0,7879000.0,142064000.0,1377000.0,-88439100.0,-0.06095013342894617
La-Z-Boy Incorporated,LZB,Consumer Cyclical,NASDAQ,US,2025-04-30,,1600459904.0,1.5394993,12.749192,17.962961,11.354757667981874,0.4074,0.022851208,2.16,3.04333,2.8333179297597044,2109207000.0,156418000.0,0.0692,99556000.0,0.04291,0.08841,0.5309765774164716,890186000.0,420791000.0,805688000.0,490857000.0,328449000.0,,-84498000.0,-0.05279607429640424
Lifezone Metals Limited,LZM,Basic Materials,NASDAQ,US,2024-12-31,,406353856.0,4.12766,-25.526316,,-1.6786426277308035,0.0,0.0,-0.53,-0.19,-5.522319226633068,140522.0,-39028636.0,-24.14324,-46305239.0,0.0,-0.30657,0.5715831884019781,57326472.0,55996406.0,31659192.0,27654504.0,29283942.0,,-25667280.0,-0.06316484911121405
Lifezone Metals Limited WT,LZM-WT,Unknown,NASDAQ,US,,,,,,,,,,,,,,,,,,,,,,,,,,,
LZ Technology Holdings Limited,LZMH,Technology,NASDAQ,US,2024-12-31,,185525408.0,18.894415,,,,0.0,0.0,-0.04,,,822832000.0,3626000.0,-0.1005,5542000.0,-0.049829997,-0.60782003,0.21300607635196378,238172000.0,234653000.0,278162000.0,35203000.0,4150000.0,,39990000.0,0.21554999086701915
"Macy's, Inc.",M,Consumer Cyclical,NASDAQ,US,2025-01-31,,6035546624.0,1.3945203,10.248492,13.3529415,105.76437171936035,0.4241,0.03350372,1.7,2.21496,0.16175413371675054,23006000000.0,936000000.0,0.00773,582000000.0,0.021,0.11257,0.2775271308377027,11850000000.0,4524000000.0,6479000000.0,5706000000.0,1306000000.0,,-5371000000.0,-0.8898945422180207
Mastercard Incorporated,MA,Financial Services,NASDAQ,US,2024-12-31,,490264985600.0,63.408825,24.311964,33.216705,35.55968252559388,0.184,0.0057076593,16.52,22.57078,11.834038054968287,28167000000.0,16327000000.0,0.57733,12874000000.0,0.45646998,2.09915,0.13487656246750276,41566000000.0,19220000000.0,19724000000.0,18226000000.0,8442000000.0,1607000000.0,-20717100000.0,-0.04225694391502553
"Mid-America Apartment Communities, Inc.",MAA,Real Estate,NASDAQ,US,2024-12-31,,15858716672.0,2.727085,33.96658,34.95503,32.14672073014072,1.6032001,0.04635863,3.78,3.89,4.5175635404535175,,,0.28384,,0.2023,0.07645,0.5049250493275311,5664705000.0,856739000.0,64525000.0,5007048000.0,43018000.0,,-5600180000.0,-0.3531294565522836
"Mid-America Apartment Communities, Inc.",MAA-PI,Real Estate,NASDAQ,US,2024-12-31,,11673299968.0,1.1011125,,10.363248,,,0.1107861,5.148,,,2191015000.0,656751000.0,0.28384,527543000.0,0.2023,0.07645,0.5049250493275311,5664705000.0,856739000.0,64525000.0,5007048000.0,43018000.0,,-5600180000.0,-0.47974266191666154
Maase Inc.,MAAS,Financial Services,NASDAQ,US,2024-06-30,,2068340736.0,0.017404959,,,-7.750923285219267,0.0,0.0,-3.14,,-43.34967430792922,963212000.0,-39200000.0,0.0,-289670000.0,0.0,,0.3004110916674108,1638170000.0,850987000.0,2385307000.0,199502000.0,220286000.0,,747137000.0,0.3612252986154018
The Macerich Company,MAC,Real Estate,NASDAQ,US,2024-12-31,,5260627968.0,2.002654,-103.26316,,-12.064994876146764,1.8889,0.035105832,-1.67,-0.19,-1.2207740722758473,918204000.0,165012000.0,0.20844999,-194120000.0,-0.35419,-0.15561,0.32175492606021755,5724614000.0,660083000.0,334669000.0,5064531000.0,89858000.0,,-5389945000.0,-1.024582052330373
Melar Acquisition Corp. I,MACI,Financial Services,NASDAQ,US,2024-12-31,,231135136.0,-34.93464,,,,,0.0,,,,,,0.0,,0.0,,0.9598768296220598,6641252.0,41252.0,1043748.0,,878254.0,,-5597504.0,-0.024217451733517487
Melar Acquisition Corp. I,MACIU,Financial Services,NASDAQ,US,2024-12-31,,188024992.0,-35.620914,,,,,0.0,,,,,,0.0,,0.0,,0.9598768296220598,6641252.0,41252.0,1043748.0,,878254.0,,-5597504.0,-0.029769999937029647
Melar Acquisition Corp. I,MACIW,Unknown,NASDAQ,US,2024-12-31,,2030325.0,-0.38464054,,,,,0.0,,,,,,0.0,,0.0,,0.9598768296220598,6641252.0,41252.0,1043748.0,,878254.0,,-5597504.0,-2.7569497494243533
"MachTen, Inc.",MACT,Communication Services,NASDAQ,US,,,22900256.0,1.3420246,,,,,0.0,,,,,,0.24601,,0.24396999,,,,,,,,,,
MADL,MADL,Unknown,NASDAQ,US,,,,,,,,,,,,,,,,,,,,,,,,,,,
Magellan Copper and Gold Corp.,MAGE,Basic Materials,NASDAQ,US,2024-12-31,,7392410.0,-3.6986303,,,-0.9774115700623868,0.0,0.0,-0.03,,-0.07617057481303939,0.0,-319938.0,0.0,-769810.0,0.0,,-18.651710672375515,1982779.0,1982779.0,896.0,901978.0,896.0,,-1981883.0,-0.2680970076064504
Magnitude International Ltd,MAGH,Industrials,NASDAQ,US,2025-04-30,,225446000.0,479.12274,,Infinity,,0.0,0.0,0.0,,,15358387.0,120566.0,-0.01741,42980.0,0.0028,0.03372,0.07048273108724061,7906723.0,6002617.0,7459826.0,2336864.0,759891.0,440888.0,-138275.40000000037,-0.0006133415540750351
Magnera Corporation,MAGN,Consumer Defensive,NASDAQ,US,2023-12-31,,529016000.0,0.5139379,9.625724,,-0.6116853001979808,0.0,0.0,-4.47,1.54378,-56.31981143210277,1385516000.0,19966000.0,0.045450002,-79053000.0,-0.04038,-0.124069996,0.16425032421108635,1306942000.0,280368000.0,605967000.0,865381000.0,50265000.0,,-700975000.0,-1.3250544406974458
"MAIA Biotechnology, Inc.",MAIA,Healthcare,NASDAQ,US,2024-12-31,,72953648.0,1969.9999,-2.8550725,,-0.8316607704569564,0.0,0.0,-0.74,-0.69,-1.4909925459817284,0.0,-16877256.0,0.0,-23254656.0,0.0,-26.91066,0.3579060703305148,6520643.0,3830038.0,10152479.0,,9601298.0,,3631836.0,0.04978278810677158
Main Street Capital Corporation,MAIN,Financial Services,NASDAQ,US,2024-12-31,,5403024896.0,1.840122,15.254761,9.9851,7.109833530029266,0.69699997,0.050301813,6.04,3.95352,5.230278972667624,601251000.0,,0.87239,508080000.0,0.95587,0.1907,0.5463096481956581,2323503000.0,,,2122371000.0,78251000.0,4932669000.0,,
"Exousia Pro, Inc.",MAJI,Healthcare,NASDAQ,US,,,2150669.0,-3.0882351,,,,0.0,0.0,-0.13,,,,,26.898048,,0.0,,,,,,,,,,
Microalliance Group Inc.,MALG,Consumer Defensive,NASDAQ,US,2021-12-31,,694955456.0,22.811,,4.5622,,0.0,0.0,0.25,,,37393802.0,24859684.0,0.41669,18675547.0,0.42900002,0.36115003,0.9113875108321216,2746306.0,2731608.0,30383395.0,83957.0,1190465.0,,27637089.0,0.03976814450680419
"Mama's Creations, Inc.",MAMA,Consumer Defensive,NASDAQ,US,2025-01-31,,650453376.0,13.114754,53.333332,133.33334,25.564204267275805,0.0,0.0,0.12,0.3,0.17094214393964244,123328000.0,4877000.0,0.03857,3711000.0,0.03076,0.12821999,0.5290042922102758,22166000.0,17025000.0,21877000.0,10114000.0,7150000.0,,-289000.0,-0.0004443054808589386
MaxsMaking Inc.,MAMK,Industrials,NASDAQ,US,2024-10-31,,218784992.0,24.644196,,219.33333,,0.0,0.0,0.06,,,21434100.0,2204184.0,0.014140001,1813170.0,0.04301,0.14355999,0.44997287962485566,9409193.0,7350542.0,16451160.0,4892511.0,176236.0,,7041967.0,0.0321867004478991
Massimo Group,MAMO,Consumer Cyclical,NASDAQ,US,2024-12-31,,45388640.0,2.0881226,,,,0.0,0.0,-0.02,,,109325742.0,5822369.0,0.105270006,1761909.0,-0.01165,-0.0373,0.39541830190602145,33185198.0,25738903.0,43623445.0,15169950.0,10210084.0,,10438247.0,0.22997487917681605
ManpowerGroup Inc.,MAN,Industrials,NASDAQ,US,2024-12-31,,1696328704.0,0.8272374,7.394282,,41.45635677028347,1.3276,0.039301313,-0.29,4.95518,1.7619047619047619,17853900000.0,306000000.0,0.0171,145100000.0,-0.00074,-0.00635,0.25913912937446654,6074100000.0,4437100000.0,4970300000.0,1231800000.0,509400000.0,,-1103800000.0,-0.6506993587959707
Grayscale Decentraland Trust (MANA),MANA,Unknown,NASDAQ,US,,,,,,,,,0.0,,,,,,,,,,,,,,,,,,
Mandatum Oyj,MANDF,Financial Services,NASDAQ,US,2024-12-31,,4016722688.0,2.3955426,,20.63158,11.380241018743106,1.0313,0.04209184,0.38,,0.32024918327889057,1414900000.0,,0.50082,164900000.0,0.31674,0.10684,0.08869587374741729,16451300000.0,,,320100000.0,890400000.0,3507300000.0,,
MANE,MANE,Healthcare,NASDAQ,US,,,1349766144.0,-0.2926703,,,,0.0,0.0,-3.33,,,,,0.0,,0.0,,,,,,,,,,
"Manhattan Associates, Inc.",MANH,Technology,NASDAQ,US,2025-12-31,,8741664768.0,27.579847,24.839777,40.297226,77.211900912622,0.0,0.0,3.6,5.84023,3.511635012784845,1081392000.0,282737000.0,0.15827,219948000.0,0.20339,0.71656996,0.3749934476070661,524623000.0,455913000.0,583338000.0,56180000.0,328747000.0,,58715000.0,0.006716684013659948
Manchester United plc,MANU,Communication Services,NASDAQ,US,2025-06-30,,2990011648.0,11.863986,32.884537,,-23.14499796949111,0.0,0.0,-0.33,0.5272995,-0.6843811424597055,666514000.0,-26952000.0,-0.22830999,-33023000.0,-0.061750002,-0.24508,0.11829339703114,1444000000.0,750373000.0,284018000.0,645445000.0,86105000.0,,-1159982000.0,-0.3879523348264896
ProStar Holdings Inc.,MAPPF,Technology,NASDAQ,US,2024-12-31,,16037258.0,-49.649998,,,-3.7260913750034987,0.0,0.0,-0.01,,-0.04444335501885691,1002731.0,-2847045.0,-2.45367,-2784762.0,-1.6747301,,-0.20292832379263082,745996.0,745996.0,601307.0,0.0,175947.0,,-144689.0,-0.009022053520620545
"WM Technology, Inc.",MAPS,Technology,NASDAQ,US,2024-12-31,,122296696.0,1.356926,4.2064705,10.215714,-6.613248087217758,0.0,0.0,0.07,0.17,-0.10615056514987718,184514000.0,14748000.0,0.04645,7639000.0,0.04398,0.09595,0.1983713283406464,61799000.0,30433000.0,69512000.0,30093000.0,51966000.0,,7713000.0,0.06306793439456451
"WM Technology, Inc.",MAPSW,Unknown,NASDAQ,US,2024-12-31,,,0.012333966,,,,,0.0,,,,184514000.0,14748000.0,0.04645,7639000.0,0.04398,0.09595,0.1983713283406464,61799000.0,30433000.0,69512000.0,30093000.0,51966000.0,,7713000.0,
"Marriott International, Inc.",MAR,Consumer Cyclical,NASDAQ,US,2024-12-31,,90460602368.0,-28.782171,29.145445,35.226215,21.58772277287605,0.2743,0.007964466,9.46,11.43369,10.178276658963354,25100000000.0,3844000000.0,0.65933996,2375000000.0,0.37984002,,-0.11427698418760981,29174000000.0,8649000000.0,3485000000.0,15241000000.0,396000000.0,,-25689000000.0,-0.28397997943342634
"MARA Holdings, Inc.",MARA,Financial Services,NASDAQ,US,2024-12-31,,3116238848.0,0.6047706,-30.518517,3.2062256,20.69648904686358,0.0,0.0,2.57,-0.27,1.3582014102344306,656378000.0,-467599000.0,0.31454,541253000.0,1.00818,0.23066,0.6070931556344161,2665375000.0,95197000.0,470373000.0,2473671000.0,391771000.0,,-2195002000.0,-0.7043754047956724
MARH,MARH,Unknown,NASDAQ,US,,,,,,,,,,,,,,,,,,,,,,,,,,,
Marine Petroleum Trust,MARPS,Energy,NASDAQ,US,2025-06-30,,9420000.0,10.283843,,15.193548,9.771748766820512,1.1582,0.08013101,0.31,,0.3565825,1011104.0,695269.0,0.58555,727995.0,0.64791,0.64957,1.0,0.0,0.0,921520.0,,921520.0,,921520.0,0.09782590233545647
Masco Corporation,MAS,Industrials,NASDAQ,US,2024-12-31,,15256328192.0,-193.8032,17.386885,18.63683,16.15847326270284,0.312,0.017156519,3.91,4.19109,4.017699115044247,7828000000.0,1363000000.0,0.15806,822000000.0,0.10885999,5.6387095,-0.05582137161084529,5069000000.0,1560000000.0,2730000000.0,3214000000.0,634000000.0,,-2339000000.0,-0.15331342971675893
Masimo Corporation,MASI,Healthcare,NASDAQ,US,2024-12-31,,7474295296.0,9.227453,23.573317,,78.49478527607363,0.0,0.0,-4.55,5.90286,1.5064695009242144,2094400000.0,37800000.0,0.21642,-304900000.0,-0.26095,-0.21142,0.4006169783295883,1573800000.0,617700000.0,1225800000.0,846100000.0,177600000.0,2000000.0,-346600000.0,-0.0463722647117634
3 E Network Technology Group Limited,MASK,Technology,NASDAQ,US,2025-06-30,,4988048.0,0.4632353,,1.575,,0.0,0.0,0.14,,,4835167.0,1930531.0,0.39926997,764919.0,0.1582,0.36533,0.5722698227877923,4001536.0,2921270.0,7191985.0,1080266.0,313566.0,,3190449.0,0.6396187446472047
"Maison Luxe, Inc.",MASN,Consumer Cyclical,NASDAQ,US,,,288051.0,-0.06666667,,Infinity,,0.0,0.0,0.0,,,,,-0.41311002,,0.16795999,,,,,,,,,,
908 Devices Inc.,MASS,Healthcare,NASDAQ,US,2024-12-31,,237064000.0,1.7355592,-25.192308,,-10.991809517312532,0.0,0.0,-2.07,-0.26,-1.1290224623949197,59631000.0,-49275000.0,-0.401,-72206000.0,-0.06351,-0.54422003,0.71855326193283,44884000.0,25149000.0,103055000.0,6607000.0,44032000.0,,58171000.0,0.24538099416191408
"Mattel, Inc.",MAT,Consumer Cyclical,NASDAQ,US,2024-12-31,,6924078080.0,2.9547644,12.204194,16.280302,31.869647590457532,0.0,0.0,1.32,1.76087,0.6002576309157099,5379546000.0,694282000.0,0.22185,541817000.0,0.08269,0.189,0.34598043056904526,4279959000.0,1315723000.0,3126917000.0,2687280000.0,1387908000.0,,-1153042000.0,-0.16652642946510504
Metalpha Technology Holding Limited,MATH,Financial Services,NASDAQ,US,2025-03-31,,59901760.0,1.4759358,,3.3658538,-13.67718598419463,0.0,0.0,0.41,,-0.10601596332457111,44567257.0,17951934.0,0.38014,15894755.0,0.35665,0.5952,0.1481472210651132,210213086.0,210190218.0,246476282.0,212689.0,6919869.0,,36263196.0,0.6053778052598121
"Mativ Holdings, Inc.",MATV,Basic Materials,NASDAQ,US,2024-12-31,,795610176.0,2.0019262,13.923446,,-2.551689474876786,1.2028,0.028797695,-8.01,1.045,-5.678180193700247,1981100000.0,44400000.0,0.04575,-48700000.0,-0.22027999,-0.6825,0.35070877078312024,1589400000.0,274500000.0,658100000.0,1153100000.0,94300000.0,,-931300000.0,-1.17054812531709
Matthews International Corporation,MATW,Industrials,NASDAQ,US,2025-09-30,,845384320.0,1.5562687,22.633333,38.25352,-11.307776478445454,1.4155,0.03827207,0.71,1.2,-1.9299323909035033,1497689000.0,20314000.0,-0.04986,-24471000.0,0.016390001,0.04731,0.2838350324177517,1213500000.0,350480000.0,520168000.0,764117000.0,32433000.0,52945000.0,-656270500.0,-0.7762984059131828
"Matson, Inc.",MATX,Industrials,NASDAQ,US,2024-12-31,,5179702784.0,1.8891375,13.572679,12.457187,12.897672218571845,0.105500005,0.008635255,13.08,12.005,8.322128851540617,3421800000.0,552300000.0,0.17884001,476400000.0,0.12702,0.16382,0.5770988379684032,1943400000.0,560400000.0,609600000.0,749000000.0,266800000.0,,-1333800000.0,-0.257505122517856
Montage Gold Corp.,MAUTF,Basic Materials,NASDAQ,US,2024-12-31,,3432082688.0,28.378378,,,,0.0,0.0,-0.2,,,0.0,-47912123.133522,0.0,-47144977.320076,0.0,-0.47164002,0.5572095548317052,113555696.458309,28440136.845993,116396435.315185,385314.836363,115305290.588703,,2840738.8568760008,0.0008277011701403392
"Maruwa Co.,Ltd.",MAWAF,Technology,NASDAQ,US,2025-03-31,,3682586368.0,3.763775,,30.109888,,0.0687,0.35766423,9.1,,,71849000000.0,26914000000.0,0.32814997,19242000000.0,0.0,,0.8985627437888745,14433000000.0,13933000000.0,100290000000.0,0.0,71793000000.0,482000000.0,86194400000.0,23.405941201811345
"MediaAlpha, Inc.",MAX,Communication Services,NASDAQ,US,2024-12-31,,587254208.0,-17.11281,6.5979104,,-13.090236123543031,0.0,0.0,-0.02,1.35649,-0.8869205679030073,864704000.0,42725000.0,0.065,16629000.0,-0.00102,,0.009060877053271708,308679000.0,132954000.0,189909000.0,162445000.0,43266000.0,,-118770000.0,-0.20224631578970312
"Maxeon Solar Technologies, Ltd.",MAXN,Technology,NASDAQ,US,2024-12-31,,65868440.0,-0.20114794,-0.7047102,0.112233125,-1.2566046354806784,0.0,0.0,34.66,-5.52,-594.4590517241379,509048000.0,-460486000.0,-1.6423,-614300000.0,0.0,,-0.7809297529446784,664637000.0,338508000.0,266016000.0,311492000.0,28895000.0,4000000.0,-395821000.0,-6.009266349711638
"J.W. Mays, Inc.",MAYS,Real Estate,NASDAQ,US,2024-07-31,,79462040.0,1.515629,,,-214.83183893224114,0.0,0.0,-0.25,,-0.20169264503070772,,,-0.09295999,,-0.0224,-0.009430001,0.590875356820581,36626898.0,3349927.0,5867826.0,29183971.0,1243977.0,,-30759072.0,-0.38709139609302756
"Maze Therapeutics, Inc.",MAZE,Healthcare,NASDAQ,US,2024-12-31,,2166818560.0,5.7057776,-14.313231,,,0.0,0.0,-2.56,-3.14604,,167500000.0,57586000.0,0.0,52231000.0,0.0,-0.52686,-1.2936742855717505,551725000.0,20673000.0,201671000.0,26628000.0,196812000.0,,-350054000.0,-0.1615520590704189
MasterBeef Group,MB,Consumer Cyclical,NASDAQ,US,2024-12-31,,71021696.0,8.144274,,,,0.0,0.0,-0.31,,,503975453.0,-5802114.0,-0.09295,32900444.0,-0.07982,-0.75282997,0.09257889964655175,279771542.0,212718374.0,176385780.0,188284758.0,117336010.0,,-103385762.0,-1.4556926660833331
Check-Cap Ltd.,MBAI,Healthcare,NASDAQ,US,2024-12-31,,12098676.0,2.5816483,,,-0.7257654286455669,0.0,0.0,-2.33,,-3.0037254196931746,0.0,-9462000.0,0.0,-25149000.0,0.0,-1.30124,-3.8461538461538463,1827000.0,1811000.0,265000.0,136000.0,0.0,,-1562000.0,-0.12910503595600048
M3-Brigade Acquisition V Corp.,MBAV,Financial Services,NASDAQ,US,2024-12-31,,384890624.0,-21.812628,,,,,0.0,,,,,,0.0,,0.0,,0.9522405356127532,14127705.0,727705.0,1073283.0,,821188.0,,-13054422.0,-0.03391722527384819
M3-Brigade Acquisition V Corp.,MBAVU,Financial Services,NASDAQ,US,2024-12-31,,277500000.0,-22.606926,,,,,0.0,,,,,,0.0,,0.0,,0.9522405356127532,14127705.0,727705.0,1073283.0,,821188.0,,-13054422.0,-0.04704296216216216
M3-Brigade Acquisition V Corp.,MBAVW,Unknown,NASDAQ,US,2024-12-31,,25875000.0,-1.8329939,,,,,0.0,,,,,,0.0,,0.0,,0.9522405356127532,14127705.0,727705.0,1073283.0,,821188.0,,-13054422.0,-0.5045187246376811
"Marathon Bancorp, Inc.",MBBC,Financial Services,NASDAQ,US,2025-06-30,,40407112.0,0.87318224,,105.76923,-71.56376373653484,0.0,0.0,0.13,,-0.09156139216953602,6791501.0,,0.25075,42445.0,0.042719997,0.00801,0.19138425807294415,193125579.0,,,15000000.0,2479983.0,3336617.0,,
"MasterBrand, Inc.",MBC,Consumer Cyclical,NASDAQ,US,2024-12-31,,1722931584.0,1.2446195,14.15625,21.571428,10.763142802689103,0.0,0.0,0.63,0.96,1.401077752117013,2700400000.0,249600000.0,0.084989995,125900000.0,0.02999,0.06192,0.44190729742644547,1635100000.0,395400000.0,650700000.0,1082300000.0,120600000.0,,-984400000.0,-0.5713517641336593
Middlefield Banc Corp.,MBCN,Financial Services,NASDAQ,US,2024-12-31,,282019744.0,1.257848,13.305345,13.356322,14.733393231854247,0.318,0.024411764,2.61,2.62,2.1372419955254265,67893000.0,,0.35987,15519000.0,0.28057,0.09729999,0.11361101653808031,1642797000.0,,,184060000.0,46037000.0,855000.0,,
"Mitsubishi UFJ Financial Group, Inc.",MBFJF,Financial Services,NASDAQ,US,2025-03-31,,212664647680.0,1.5639639,,17.570091,0.08015072014550279,0.4395,4.021739,1.07,,124.64748050936888,6838439000000.0,,0.34842,1862946000000.0,0.22768,0.06113,0.04967251118718582,391385370000000.0,,,23940159000000.0,109095437000000.0,92745772000000.0,,
Mercedes-Benz Group AG,MBGAF,Consumer Cyclical,NASDAQ,US,2024-12-31,,61301772288.0,0.6167429,8.70658,9.079947,4.378884283271363,0.6636,0.061595764,7.63,7.9572,13.458852397130993,145594000000.0,12301000000.0,0.01229,10207000000.0,0.04563,0.07067,0.349515112637259,171380000000.0,74826000000.0,101767000000.0,93042000000.0,14511000000.0,704000000.0,-69120200000.0,-1.1275399946883833
"Mitsubishi Gas Chemical Company, Inc.",MBGCF,Basic Materials,NASDAQ,US,2025-03-31,,3283367424.0,0.81288844,,,-0.597838109207598,0.415,5.931198,-0.25,,190.96999993540533,773591000000.0,50851000000.0,0.0794,45544000000.0,-0.00953,-0.00242,0.5967921420967269,422314000000.0,274929000000.0,460268000000.0,202976000000.0,68246000000.0,233519000000.0,201417300000.0,61.34473361943181
MBIA Inc.,MBI,Financial Services,NASDAQ,US,2024-12-31,,332248032.0,-0.15239596,-13.16,,-0.6038320262886396,0.0,0.0,-3.59,-0.5,-10.102147019470426,42000000.0,,2.86667,-444000000.0,-1.90323,,-0.9635608856088561,4244000000.0,,,3224000000.0,87000000.0,,,
Merchants Bancorp,MBIN,Financial Services,NASDAQ,US,2024-12-31,,1949541888.0,1.1272389,7.3835497,11.238095,6.576134569787794,0.1058,0.009485417,3.78,5.75333,6.442008370868882,666965000.0,,0.52007,320386000.0,0.38810003,0.09671,0.11928862965823399,16562422000.0,,,4336122000.0,476610000.0,1318250000.0,,
Merchants Bancorp,MBINL,Financial Services,NASDAQ,US,2024-12-31,,,0.6580867,,,,,0.016161617,,,,666965000.0,,0.52007,320386000.0,0.38810003,0.09671,0.11928862965823399,16562422000.0,,,4336122000.0,476610000.0,1318250000.0,,
Merchants Bancorp,MBINM,Financial Services,NASDAQ,US,2024-12-31,,,0.6782539,,,,,0.015625,,,,666965000.0,,0.52007,320386000.0,0.38810003,0.09671,0.11928862965823399,16562422000.0,,,4336122000.0,476610000.0,1318250000.0,,
Merchants Bancorp,MBINN,Financial Services,NASDAQ,US,2024-12-31,,,0.53496087,,4.5507903,,,0.019860974,4.43,,,666965000.0,,0.52007,320386000.0,0.38810003,0.09671,0.11928862965823399,16562422000.0,,,4336122000.0,476610000.0,1318250000.0,,
"Mustang Bio, Inc.",MBIO,Healthcare,NASDAQ,US,2024-12-31,,5745841.0,0.5879014,-2.249143,,-0.2266987326072633,0.0,0.0,-6.71,-0.35,-299.9575657875615,0.0,-12553000.0,0.0,-15752000.0,0.0,-4.18834,-0.4160936828534594,13181000.0,12609000.0,8606000.0,878000.0,6839000.0,,-4575000.0,-0.7962280891517882
Mobileye Global Inc.,MBLY,Consumer Cyclical,NASDAQ,US,2024-12-31,,7316868096.0,0.5967389,22.714827,,-1307.0814860308612,0.0,0.0,-0.48,0.38345,-0.03354037267080745,1654000000.0,-530000000.0,-0.3139,-3090000000.0,-0.20697,-0.03271,0.9608871929406153,492000000.0,333000000.0,2174000000.0,,1426000000.0,,1682000000.0,0.2298797761462338
Medallion Bank,MBNKO,Financial Services,NASDAQ,US,2024-12-31,,,0.07525548,,,,,0.0,,,,206845000.0,,0.65048,60582000.0,0.47364,0.16783,0.15000476639000682,2166722000.0,,,,696000.0,51875000.0,,
Microbot Medical Inc.,MBOT,Healthcare,NASDAQ,US,2024-12-31,,118198160.0,1.4814816,-5.1764703,,-1.946924275011812,0.0,0.0,-0.45,-0.34,-1.0529428281456128,0.0,-11625000.0,0.0,-11443000.0,0.0,-0.31866,0.5853092356159841,2501000.0,2460000.0,5819000.0,111000.0,3114000.0,,3318000.0,0.02807150297432718
Marfrig Global Foods S.A.,MBRFY,Consumer Defensive,NASDAQ,US,2024-12-31,,5099830272.0,2.2464237,,11.3125,-0.6917653497002861,3.4,0.0,0.32,,-2.366247152277546,148860959000.0,5971856000.0,0.037609998,2795401000.0,0.01757,0.11405,0.020537714677170096,117572027000.0,42965775000.0,54934666000.0,66279640000.0,4516687000.0,323811000.0,-62410693300.0,-12.23779811705859
"Moleculin Biotech, Inc.",MBRX,Healthcare,NASDAQ,US,2024-12-31,,13271477.0,-0.317005,-0.035546392,,-0.746598810843495,0.0,0.0,-49.75,-121.25,-376.70834176958897,0.0,-26641000.0,0.0,-21763000.0,0.0,,0.3532644017725258,10946000.0,5359000.0,5194000.0,478000.0,4278000.0,,-5752000.0,-0.43341068970695573
MBSHY,MBSHY,Unknown,NASDAQ,US,,,,0.9845303,,,,,4.4883304,,,,,,,,,,,,,,,,,,
"Mabuchi Motor Co., Ltd.",MBUMF,Consumer Cyclical,NASDAQ,US,2024-12-31,,2265120000.0,1.0150391,,34.375,0.5212699025222286,1.0333999,4.6666665,0.24,,75.24499996374551,196212000000.0,21645000000.0,0.14096,12831000000.0,0.100760005,0.06439,0.9003602928541448,35367000000.0,28823000000.0,238478000000.0,517000000.0,134944000000.0,12415000000.0,211801500000.0,93.50564208518755
"Malibu Boats, Inc.",MBUU,Consumer Cyclical,NASDAQ,US,2025-06-30,,600638464.0,1.1738623,15.488349,42.216217,-12.717993443677107,0.0,0.0,0.74,2.017,-2.735494484220196,807561000.0,21761000.0,-0.016139999,14879000.0,0.01758,0.029089998,0.7017103697633199,214745000.0,134612000.0,219892000.0,20408000.0,37002000.0,,5147000.0,0.008569214774763408
M3-Brigade Acquisition Vi Corp.,MBVI,Unknown,NASDAQ,US,,,436640640.0,1.3195621,,,,,0.0,,,,,,,,,,,,,,,,,,
M3-Brigade Acquisition Vi Corp.,MBVIU,Financial Services,NASDAQ,US,,,0.0,1.3371563,,,,,0.0,,,,,,0.0,,0.0,,,,,,,,,,
M3-Brigade Acquisition Vi Corp.,MBVIW,Unknown,NASDAQ,US,,,,0.057343934,,,,,0.0,,,,,,,,,,,,,,,,,,
Mercantile Bank Corporation,MBWM,Financial Services,NASDAQ,US,2024-12-31,,939978496.0,1.2967219,9.261109,10.001828,7.517478207147171,0.2742,0.027307482,5.47,5.9075,5.1335322800570795,231475000.0,,0.4388,79593000.0,0.3722,0.13555999,0.09658136986111242,5467635000.0,,,526727000.0,393010000.0,,,
"MBX Biosciences, Inc.",MBX,Healthcare,NASDAQ,US,2024-12-31,,1691469696.0,4.346371,-12.291899,4.9113426,,0.0,0.0,7.67,-3.06462,,0.0,-68194000.0,0.0,-61922000.0,0.0,-0.24433,0.9586906734690077,11093000.0,11051000.0,267286000.0,171000.0,49351000.0,,256193000.0,0.15146177351320397
Moelis & Company,MC,Financial Services,NASDAQ,US,2024-12-31,,5433714688.0,10.131397,17.15967,24.914965,-146.29788611170656,0.8844,0.03627232,2.94,4.26873,-0.36057858293434414,1194545000.0,172945000.0,0.26235,136020000.0,0.15364,0.47289002,0.32025126619364497,899553000.0,676318000.0,486888000.0,223235000.0,412467000.0,,-412665000.0,-0.07594528305126941
Mountain Crest Acquisition Corp. V,MCAG,Financial Services,NASDAQ,US,2024-12-31,,35309452.0,646.8421,,,-15.70738359677124,0.0,0.0,-0.27,,-0.6792983701300347,0.0,-618486.0,0.0,-374454.0,0.0,,-1.73236708873282,3590579.0,1520579.0,156779.0,690000.0,116658.0,,-3433800.0,-0.09724874801228861
Mountain Crest Acquisition Corp. V,MCAGR,Unknown,NASDAQ,US,,,,5.273684,,,,,0.0,,,,,,0.0,,0.0,,,,,,,,,,
Mountain Crest Acquisition Corp. V,MCAGU,Financial Services,NASDAQ,US,2024-12-31,,,574.7369,,,,,0.0,,,,0.0,-618486.0,0.0,-374454.0,0.0,,-1.73236708873282,3590579.0,1520579.0,156779.0,690000.0,116658.0,,-3433800.0,
Metropolitan Bank Holding Corp.,MCB,Financial Services,NASDAQ,US,2024-12-31,,992624512.0,1.3086156,8.189465,14.560423,8.079486630166201,0.045300003,0.0031509297,6.62,11.77,6.942380434684948,276913000.0,,0.50012,66686000.0,0.25620002,0.096540004,0.09996604457980955,6570922000.0,,,457441000.0,200268000.0,480876000.0,,
"MetroCity Bankshares, Inc.",MCBS,Financial Services,NASDAQ,US,2024-12-31,,863683904.0,1.5865537,9.365624,11.352272,11.38687470340217,0.36360002,0.032053422,2.64,3.2,2.0225705914873733,139662000.0,,0.6154,64504000.0,0.44055998,0.14229,0.11723642859229642,3172692000.0,,,382940000.0,236338000.0,10300000.0,,
McDonald's Corporation,MCD,Consumer Cyclical,NASDAQ,US,2024-12-31,,233462824960.0,-107.72473,24.646826,27.938515,24.406267677061194,0.6041,0.021886978,11.71,13.27392,11.56493240475215,25920000000.0,11851000000.0,0.46905997,8223000000.0,0.3204,,-0.06879054764234714,58979000000.0,3861000000.0,4599000000.0,51948000000.0,1085000000.0,,-54380000000.0,-0.2329278762446103
"MasterCraft Boat Holdings, Inc.",MCFT,Consumer Cyclical,NASDAQ,US,2025-06-30,,409989088.0,2.168519,15.201938,26.776596,40.891930500092876,0.0,0.0,0.94,1.65571,0.45779201628330984,284203000.0,11232000.0,0.037890002,7043000.0,0.052670002,0.08384,0.7054718636034899,76362000.0,65210000.0,121213000.0,,28926000.0,,44851000.0,0.10939559445055279
Yorkville Acquisition Corp.,MCGA,Unknown,NASDAQ,US,,,239349696.0,-39.96063,,,,,0.0,,,,,,,,,,,,,,,,,,
Yorkville Acquisition Corp.,MCGAU,Unknown,NASDAQ,US,,,,-40.35433,,,,,0.0,,,,,,,,,,,,,,,,,,
Yorkville Acquisition Corp.,MCGAW,Unknown,NASDAQ,US,,,,-1.6543306,,,,,0.0,,,,,,,,,,,,,,,,,,
Mechanics Bancorp,MCHB,Financial Services,NASDAQ,US,2024-12-31,,3467849472.0,1.2664673,11.437956,12.844262,11.6328667752635,0.1721,0.013944223,1.22,1.37,0.9139655147377517,373074000.0,,0.49096,28999000.0,0.41349998,0.102910005,0.1395908044772528,14188244000.0,,,56094000.0,999711000.0,,,
Microchip Technology Incorporated,MCHP,Technology,NASDAQ,US,2025-03-31,,41131708416.0,6.2699003,28.613375,,24.569122732151374,3.1772,0.023321373,-0.3,2.65645,3.4797445255474453,4401600000.0,375500000.0,0.13196,-500000.0,-0.01574,-0.010930001,0.460389213377909,8296300000.0,1155100000.0,2991300000.0,5666100000.0,771700000.0,,-5305000000.0,-0.12897592160155413
Microchip Technology Incorporated,MCHPP,Technology,NASDAQ,US,2025-03-31,,,5.518436,,,,,0.026709717,,,,4401600000.0,375500000.0,0.13196,-500000.0,-0.01574,-0.010930001,0.460389213377909,8296300000.0,1155100000.0,2991300000.0,5666100000.0,771700000.0,,-5305000000.0,
"Marchex, Inc.",MCHX,Communication Services,NASDAQ,US,2024-12-31,,72445336.0,2.2633746,165.0,,-6.77501896779785,0.0,0.0,-0.11,0.01,-0.20959350281290978,48122000.0,-4447000.0,-0.08173,-4947000.0,-0.10384,-0.14618,0.7553935185185185,10567000.0,9267000.0,22278000.0,1216000.0,12767000.0,,11711000.0,0.16165291855365266
Barings Corporate Investors,MCI,Financial Services,NASDAQ,US,2024-12-31,,419476672.0,1.1983858,,13.050955,8.434832377725005,1.0191001,0.08243903,1.57,,1.819999967499153,37919376.0,,0.84102994,35582326.0,0.77861,0.09132,0.8457090557368311,62679565.0,,,45850238.0,17201902.0,,,
McKesson Corporation,MCK,Healthcare,NASDAQ,US,2025-03-31,,117092392960.0,-89.896706,21.471506,27.394743,23.796794552329697,0.0883,0.0031948215,34.63,44.18321,22.38627889634601,359051000000.0,4816000000.0,0.01545,3295000000.0,0.01091,,-0.02760180995475113,76834000000.0,61604000000.0,55398000000.0,7390000000.0,5691000000.0,,-21436000000.0,-0.1830691085741391
Medicale Corp.,MCLE,Consumer Defensive,NASDAQ,US,2025-09-30,,183520.0,-1.2916666,,,-28.123889338764787,0.0,0.0,-0.01,,-0.009833277027027028,0.0,-33493.0,0.0,-41153.0,0.0,,,140086.0,33652.0,0.0,106434.0,0.0,,-140086.0,-0.7633282476024411
XAI Madison Equity Premium Income Fund,MCN,Financial Services,NASDAQ,US,2024-12-31,,129023184.0,0.94348365,,19.709679,8.16577242729295,2.3226,0.120000005,0.31,,0.7299999904505616,5722048.0,,0.56523,5289316.0,2.90538,0.078889996,0.9846053724642184,2175152.0,,,,,141196543.0,,
Moody's Corporation,MCO,Financial Services,NASDAQ,US,2024-12-31,,81157988352.0,20.39989,27.463568,36.373795,44.03718381738099,0.2953,0.008018353,12.44,16.47601,8.733695652173912,7088000000.0,2977000000.0,0.46886003,2058000000.0,0.29916,0.54914004,0.22992583037729764,11778000000.0,3597000000.0,5290000000.0,7746000000.0,2408000000.0,98000000.0,-6419400000.0,-0.07909757413105971
Micromobility.com Inc.,MCOM,Consumer Cyclical,NASDAQ,US,2024-12-31,,746938.0,-0.01990172,,,-0.001818040453270708,0.0,0.0,-0.12,,-42.90333664963347,1422000.0,-2303000.0,-0.36066002,8148000.0,3.68625,,-15.52621722846442,35300000.0,34448000.0,1735000.0,6596000.0,84000.0,,-33565000.0,-44.93679528956888
micromobility.com Inc.,MCOMW,Unknown,NASDAQ,US,2024-12-31,,,-0.0012285013,,,,,0.0,,,,1422000.0,-2303000.0,,8148000.0,,,-15.52621722846442,35300000.0,34448000.0,1735000.0,6596000.0,84000.0,,-33565000.0,
MFS Charter Income Trust,MCR,Financial Services,NASDAQ,US,2025-11-30,,261386496.0,0.9290265,29.857143,14.928572,7.857382381493236,1.281,0.08582802,0.42,0.21,0.719999992304854,18074603.0,,0.90029,17557612.0,0.78579,0.06183,0.7422426695530532,97705820.0,,,95000000.0,125885.0,373064349.0,,
"Seres Therapeutics, Inc.",MCRB,Healthcare,NASDAQ,US,2024-12-31,,126289408.0,2.7998395,-1.3384467,15.863636,-1.5757851640814604,0.0,0.0,0.88,-10.43,-17.76891967143342,0.0,-121315000.0,-64.03704,136000.0,15.367519,0.15955,0.09859094485373006,126026000.0,41222000.0,38674000.0,91640000.0,30793000.0,,-87352000.0,-0.6916811265755557
"Monarch Casino & Resort, Inc.",MCRI,Consumer Cyclical,NASDAQ,US,2024-12-31,,1804406400.0,3.276662,16.630783,18.208105,16.087471824096703,0.221,0.012566762,5.43,5.945,4.202671016413498,522186000.0,92503000.0,0.25934,72769000.0,0.186,0.19214001,0.7486418839098127,173835000.0,146463000.0,90422000.0,14064000.0,58760000.0,,-83413000.0,-0.046227390902625926
Micropolis AI Robotics,MCRP,Technology,NASDAQ,US,2024-12-31,,96641000.0,44.434906,,,,0.0,0.0,-0.21,,,130043.0,-20966873.0,-198.73756,-22294417.0,0.0,,-3.122966308191139,40577282.0,25332476.0,4349039.0,7773833.0,47837.0,,-36228243.0,-0.3748744632195445
The Marcus Corporation,MCS,Communication Services,NASDAQ,US,2024-12-31,,489079008.0,1.0559047,28.925924,65.083336,39.20485606889105,1.2083,0.019066403,0.24,0.54,0.36092610212496035,735560000.0,22993000.0,0.11128,-7787000.0,0.01084,0.01685,0.4450488641759723,579662000.0,176681000.0,100859000.0,352632000.0,40841000.0,,-478803000.0,-0.9789890634602743
Charming Medical Limited,MCTA,Healthcare,NASDAQ,US,2025-03-31,,504260192.0,9785.0,,419.35715,,0.0,0.0,0.07,,,6221751.0,1615112.0,0.28857002,1199085.0,0.19272,,0.009194432665806655,5306498.0,4948465.0,3367211.0,1160639.0,816771.0,,-1939287.0,-0.003845806253926941
Medicure Inc.,MCUJF,Healthcare,NASDAQ,US,2024-12-31,,10309069.0,0.7609405,1.4153847,,-8.666665972781026,0.0,0.0,-0.24,0.65,-0.09000000390455548,21907000.0,-2737000.0,-0.16056,-1039000.0,-0.13084,-0.1839,0.7000909734155464,8901000.0,8395000.0,15897000.0,874000.0,7191000.0,,6996000.0,0.6786257808537318
"Mister Car Wash, Inc.",MCW,Consumer Cyclical,NASDAQ,US,2024-12-31,,2011269888.0,1.8197984,12.858369,22.74074,35.18754833951565,0.0,0.0,0.27,0.47751,0.24412045049871556,994727000.0,191367000.0,0.20732,70239000.0,0.08849,0.08844,0.32186255962674526,2103444000.0,186968000.0,99090000.0,1869679000.0,67463000.0,,-2004354000.0,-0.9965614321373463
Mercury General Corporation,MCY,Financial Services,NASDAQ,US,2024-12-31,,5272443392.0,2.3619177,11.332144,12.003783,20.864270403780743,0.1602,0.013568376,7.93,8.4,1.739827707644796,5475633000.0,,0.22556,467953000.0,0.0756,0.21473,0.23422093530311533,6364108000.0,,,587708000.0,720257000.0,,,
"Pediatrix Medical Group, Inc.",MD,Healthcare,NASDAQ,US,2024-12-31,,1819188736.0,1.9733609,9.553382,10.937173,-13.213005206264071,0.0,0.0,1.91,2.18666,-0.7189885912930848,2012919000.0,183681000.0,0.15015,-99069000.0,0.084359996,0.19984,0.3553388767594184,1387762000.0,434110000.0,639607000.0,662313000.0,229940000.0,,-748155000.0,-0.41125749362599395
"Spectral AI, Inc.",MDAI,Healthcare,NASDAQ,US,2024-12-31,,46647120.0,-5.049834,-1.7674417,,-1.7361223304666813,0.0,0.0,-0.75,-0.86,-1.4803103952657326,29581000.0,-6582000.0,-0.88107,-15315000.0,-0.70636004,,-0.5995039272426622,19346000.0,17644000.0,10122000.0,4690000.0,5157000.0,,-9224000.0,-0.1977399676550235
"Spectral AI, Inc.",MDAIW,Unknown,NASDAQ,US,2024-12-31,,,-1.5282393,,,,,0.0,,,,29581000.0,-6582000.0,-0.88107,-15315000.0,-0.70636004,,-0.5995039272426622,19346000.0,17644000.0,10122000.0,4690000.0,5157000.0,,-9224000.0,
"MongoDB, Inc.",MDB,Technology,NASDAQ,US,2025-01-31,,28027252736.0,9.699181,61.19439,,-169.5169067024485,0.0,0.0,-0.83,5.62715,-2.478631905224976,2006443000.0,-216064000.0,-0.02932,-129072000.0,-0.030580001,-0.032279998,0.8110747390966311,648069000.0,561987000.0,2923522000.0,36500000.0,490133000.0,,2275453000.0,0.08118715813616874
"MDB Capital Holdings, LLC",MDBH,Financial Services,NASDAQ,US,2024-12-31,,32545010.0,0.5448065,,2.2447553,-22.82192052289817,0.0,0.0,1.43,,-0.5043396859319258,2220620.0,-28157375.0,-3.00207,11692091.0,9.13756,0.29494,0.9748057137451402,1903065.0,1191562.0,23596012.0,711503.0,20437492.0,2527871.0,23462456.7,0.7209233212710643
Medical Care Technologies Inc.,MDCE,Consumer Cyclical,NASDAQ,US,,,736915.0,,,,,0.0,0.0,-17.77,,,,,0.40037,,0.69052005,,,,,,,,,,
MDCOY,MDCOY,Energy,NASDAQ,US,2024-12-31,,1638959616.0,75.454544,,9.352113,,0.0,0.00045180725,0.71,,,2399190555.0,715797637.0,0.24941,367358268.0,0.07739,0.081190005,0.2672833927860184,5575858796.0,1505385643.0,1816976250.0,3577969705.0,637024448.0,,-3758882546.0,-2.2934564764773313
Medicus Pharma Ltd.,MDCX,Healthcare,NASDAQ,US,2024-12-31,,27796672.0,-25.813953,-0.75,,,0.0,0.0,-2.23,-1.48,,0.0,-11180902.0,0.0,-11155516.0,0.0,-26.60813,0.5551216087898482,2512174.0,2306229.0,5378307.0,322268.0,4164323.0,,2866133.0,0.1031106529587427
Medicus Pharma Ltd.,MDCXW,Unknown,NASDAQ,US,2024-12-31,,,-18.60465,,,,,0.0,,,,0.0,-11180902.0,0.0,-11155516.0,0.0,-26.60813,0.5551216087898482,2512174.0,2306229.0,5378307.0,322268.0,4164323.0,,2866133.0,
Meridian Energy Limited,MDDNF,Utilities,NASDAQ,US,2025-06-30,,8500275200.0,1.605186,,,22.093490860494928,4.6667004,0.064615384,-0.1,,0.1657908999405478,4794000000.0,710000000.0,-0.14961,-452000000.0,-0.09349,-0.05266,0.5956992119674102,6054000000.0,1035000000.0,680000000.0,1569000000.0,123000000.0,,-5374000000.0,-0.6322148252329525
MDDTY,MDDTY,Unknown,NASDAQ,US,,,,,,,,,,,,,,,,,,,,,,,,,,,
Madison Technologies Inc.,MDEX,Communication Services,NASDAQ,US,2022-12-31,,1603096.0,-0.071428575,,,-0.40896084698420565,0.0,0.0,-0.0,,-0.008069232070634026,,,0.0,,0.0,,-1.05392854091382,24111176.0,24111176.0,11739053.0,17407752.0,0.0,,-12372123.0,-7.717643235339618
"Madrigal Pharmaceuticals, Inc.",MDGL,Healthcare,NASDAQ,US,2024-12-31,,10846973952.0,17.329464,169.96985,,-11.7034294379868,0.0,0.0,-12.91,2.80991,-19.9932854496207,180133000.0,-497875000.0,-0.39675,-465892000.0,-0.39036998,-0.41219002,0.7238044340736889,287864000.0,169277000.0,1032927000.0,119570000.0,100019000.0,,745063000.0,0.06868855805287731
MediaCo Holding Inc.,MDIA,Communication Services,NASDAQ,US,2024-12-31,,45117776.0,0.520794,,,-1.3528423263554554,0.0,0.0,-0.53,,-0.3067615372246342,95572000.0,-28195000.0,-0.19466999,-4075000.0,-0.29912,-0.43912998,0.19084119557236384,242980000.0,57291000.0,39276000.0,116968000.0,4443000.0,,-203704000.0,-4.514938856915288
MDKR,MDKR,Unknown,NASDAQ,US,,,,,,,,,,,,,,,,,,,,,,,,,,,
ModuLink Inc.,MDLK,Industrials,NASDAQ,US,,,2778953.0,,,,,0.0,0.0,-0.0,,,,,-0.7417,,-0.91327006,,,,,,,,,,
Medline Inc.,MDLN,Healthcare,NASDAQ,US,2024-12-31,,39363297280.0,49.270832,32.09064,68.55072,,0.0,0.0,0.69,1.47395,,,,0.08067001,,0.04616,,,,,,,,,,
"Mondelez International, Inc.",MDLZ,Consumer Defensive,NASDAQ,US,2025-12-31,,77447315456.0,2.994263,17.644897,31.756615,16.733191093688053,1.0265,0.032167137,1.89,3.40155,3.423162583518931,38537000000.0,3620000000.0,0.09527001,2451000000.0,0.0636,0.09332,0.36143634506973293,45596000000.0,21864000000.0,12951000000.0,21804000000.0,2125000000.0,,-32645000000.0,-0.4215123507869881
Medicenna Therapeutics Corp.,MDNAF,Healthcare,NASDAQ,US,2025-03-31,,50046860.0,6.689498,-3.5294118,,-3.7463022407153588,0.0,0.0,-0.12,-0.17,-0.3656939341089493,0.0,-20406000.0,0.0,-11805000.0,0.0,-0.91206,0.672785568317948,9287000.0,4435000.0,28171000.0,168000.0,24837000.0,,18884000.0,0.3773263697262925
Medinotec Inc.,MDNC,Healthcare,NASDAQ,US,2025-02-28,,58777740.0,10.683761,,27.777777,-144.97279385600757,0.0,0.0,0.18,,-0.034489229785874084,9113607.0,3191499.0,0.21786,2159473.0,0.20476,0.56232,0.6272354142100431,2538144.0,1505047.0,6423186.0,981033.0,2769686.0,,3885042.0,0.066097165355456
"Medalist Diversified REIT, Inc.",MDRR,Real Estate,NASDAQ,US,2024-12-31,,12514668.0,1.2059277,-32.143143,,-2.3704613517989483,7.0833,0.02455222,-1.73,-0.35,-4.119850501183337,9735127.0,1051700.0,0.20153,27524.0,-0.21811001,-0.08484,0.20017399467163455,54095456.0,1185809.0,7518197.0,50001062.0,4776021.0,,-46577259.0,-3.7218133952894314
Veradigm Inc.,MDRX,Healthcare,NASDAQ,US,2022-12-31,,516185984.0,0.49411026,16.067797,,18.146827870496978,0.0,0.0,-0.18,0.295,1.0062364816149965,588017000.0,-19554000.0,0.16588,-86462000.0,-0.14704001,-0.01686,0.6762079639960072,487217000.0,230313000.0,679648000.0,219443000.0,446593000.0,58135000.0,233125500.0,0.45163082149863254
Medtronic plc,MDT,Healthcare,NASDAQ,US,2025-04-30,,131981197312.0,2.711391,16.80771,27.886179,27.859117567292753,0.7642,0.027391938,3.69,6.12219,2.7634942113967824,33537000000.0,6540000000.0,0.20299,4662000000.0,0.13706,0.09822,0.5238219895287958,43424000000.0,12879000000.0,23814000000.0,28516000000.0,2218000000.0,,-19610000000.0,-0.14858177073240583
"MDU Resources Group, Inc.",MDU,Utilities,NASDAQ,US,2024-12-31,,4394618880.0,1.526225,18.849741,21.870968,5.123873404327975,0.5806,0.026785716,0.93,1.07906,2.0338744482589504,1757978000.0,265642000.0,0.20111999,281108000.0,0.10154,0.07071,0.3822479853861827,4348244000.0,678598000.0,666259000.0,2292610000.0,50204000.0,,-3681985000.0,-0.8378394351229839
"Modiv Industrial, Inc.",MDV,Real Estate,NASDAQ,US,2024-12-31,,157207456.0,0.9528555,109.28571,,-13.16590163891547,4.5998,0.077822305,-0.27,0.14,-0.8750027947435801,46761000.0,18621000.0,0.42668998,6018000.0,0.0297,0.00439,0.37442918777777556,293779000.0,254925000.0,52362000.0,279905000.0,11530000.0,,-241417000.0,-1.5356587158308828
"Modiv Industrial, Inc.",MDV-PA,Real Estate,NASDAQ,US,2024-12-31,,,1.558199,,,,,0.046599813,-1.555,,,46761000.0,18621000.0,0.42668998,6018000.0,0.0297,0.00439,0.37442918777777556,293779000.0,254925000.0,52362000.0,279905000.0,11530000.0,,-241417000.0,
MediWound Ltd.,MDWD,Healthcare,NASDAQ,US,2024-12-31,,228337984.0,4.5475464,-7.150322,,-13.782756552395755,0.0,0.0,-1.84,-2.488,-0.745133995418247,20222000.0,-19382000.0,-1.20188,-30224000.0,-0.98433,-0.48830003,0.42387340807663004,42343000.0,26541000.0,52163000.0,6513000.0,9155000.0,,9820000.0,0.043006423320265455
"MDwerks, Inc.",MDWK,Financial Services,NASDAQ,US,2024-12-31,,36594044.0,32.16,,,-13.311825691925122,0.0,0.0,-0.02,,-0.002253635228084873,2364093.0,-1444764.0,-1.2973199,-1621117.0,-1.8271899,-3.55691,0.12721974850108042,2545406.0,1618861.0,374164.0,1450417.0,11159.0,,-2171242.0,-0.05933320733833079
"MiMedx Group, Inc.",MDXG,Healthcare,NASDAQ,US,2024-12-31,,762726144.0,3.1908305,42.916668,19.074074,22.30998585078896,0.0,0.0,0.27,0.12,0.3989244851186465,348879000.0,59311000.0,0.19511999,42419000.0,0.103760004,0.19443001,0.7317014947994619,70808000.0,45595000.0,191886000.0,18830000.0,104416000.0,,121078000.0,0.15874373908966205
MDxHealth SA,MDXH,Healthcare,NASDAQ,US,2024-12-31,,181316752.0,-21.393938,-15.347826,,-2.4156627492495315,0.0,0.0,-0.52,-0.23,-1.6600000269605573,90049000.0,-24027000.0,-0.09631,-38069000.0,-0.30496,-7.20009,0.09433098792975231,142488000.0,42663000.0,66895000.0,60064000.0,46798000.0,936000.0,-74937800.0,-0.4132977189002371
State Street SPDR S&P MIDCAP 400 ETF Trust,MDY,Unknown,NASDAQ,US,,,36314624000.0,1.9330062,,22.53655,,,0.007418024,,,,,,,,,,,,,,,,,,
"Mayville Engineering Company, Inc.",MEC,Industrials,NASDAQ,US,2024-12-31,,439892704.0,1.7971278,51.67188,37.327587,38.553282074652294,0.0,0.0,0.58,0.41899,0.3789560543350708,581604000.0,19053000.0,0.014450001,25968000.0,0.0229,0.050580002,0.5650133536818008,193817000.0,64592000.0,112944000.0,110051000.0,206000.0,,-80873000.0,-0.18384710467941745
Mustang Energy Corp.,MECPF,Unknown,NASDAQ,US,,,,0.6265214,,,,,0.0,,,,,,0.0,,0.0,-0.65816003,,,,,,,,,
"Medifast, Inc.",MED,Consumer Cyclical,NASDAQ,US,2024-12-31,,124860856.0,0.5437488,-7.0559006,568.0,7.484259920581176,0.0,0.0,0.02,-1.61,9.103104111345115,602463000.0,2878000.0,-0.045640003,2091000.0,0.00058,0.00118,0.7392659730554197,74104000.0,64161000.0,214404000.0,16125000.0,90928000.0,,140300000.0,1.123650794128786
MEDI Group Ltd,MEDG,Unknown,NASDAQ,US,2025-06-30,,,,,,,,,,,,5218727.0,617817.0,,599647.0,,,-2.9446081675280427,10598318.0,9127071.0,869037.0,2211006.0,5822.0,,-9729281.0,
"Medpace Holdings, Inc.",MEDP,Healthcare,NASDAQ,US,2024-12-31,,15268303872.0,52.78925,32.82572,37.878403,34.974324480820684,0.0,0.0,14.31,16.51266,8.881944662542006,2109054000.0,446870000.0,0.21489,404386000.0,0.18360001,0.73697996,0.39295461966636613,1275321000.0,1104553000.0,1029229000.0,126234000.0,669436000.0,,-246092000.0,-0.0161178348337237
"Montrose Environmental Group, Inc.",MEG,Industrials,NASDAQ,US,2024-12-31,,872487040.0,1.9009856,17.658419,,-32.01679989288675,0.0,0.0,-0.84,1.3982,-1.0266484796060948,696395000.0,-36187000.0,0.0476,-62314000.0,-0.02523,-0.04166,0.4506110447486906,544089000.0,158662000.0,237999000.0,280996000.0,12935000.0,,-306090000.0,-0.3508246953444718
NYLI CBRE Global Infrastructure Megatrends Term Fund,MEGI,Financial Services,NASDAQ,US,2025-05-31,,756771200.0,,,7.058253,31.322406284872443,0.7282,0.0,2.06,,0.3400000003814228,93035460.0,,0.0,91328237.0,0.0,,0.7532006014939518,259557783.0,,,256300000.0,280007.0,,,
Magic Empire Global Limited,MEGL,Financial Services,NASDAQ,US,2024-12-31,,4512069.0,0.28208256,,,-9.053936856246938,0.0,0.0,-0.25,,-0.09553855115964495,12784230.0,-10225540.0,-1.25932,-4729852.0,-0.97397006,-0.07628,0.9514835865745581,6605179.0,3541670.0,130640958.0,4267945.0,127511687.0,,124035779.0,27.4897788575485
Functional Brands Inc.,MEHA,Consumer Defensive,NASDAQ,US,2024-12-31,,3245116.0,2.3388236,,,,0.0,0.0,-0.05,,,6566455.0,-229092.0,-0.04621,-559356.0,-0.05467,-2.0939999,-0.016538720106671723,7288237.0,5202950.0,2858324.0,2954374.0,211642.0,,-4429913.0,-1.3651015865072311
"Methode Electronics, Inc.",MEI,Technology,NASDAQ,US,2025-04-30,,321860992.0,0.47370893,18.55102,,-3.3292679497485844,0.36360002,0.045300115,-1.78,0.49,-3.480000047416059,1048100000.0,-23900000.0,0.0162,-62600000.0,-0.0639,-0.08874,0.5309388880379844,612500000.0,233200000.0,559900000.0,343200000.0,103600000.0,,-52600000.0,-0.16342458796622364
"Meitu, Inc.",MEIUF,Communication Services,NASDAQ,US,2024-12-31,,4815488000.0,6.9448915,,35.0,3.3608257031237985,0.2522,0.08857144,0.03,,0.08471555715897774,3340761000.0,523837000.0,0.20648001,805176000.0,0.25383,0.19083,0.7133482916841513,2014115000.0,1820264000.0,4527948000.0,154721000.0,1301412000.0,31903000.0,2536165100.0,0.5266683459703357
"MercadoLibre, Inc.",MELI,Consumer Cyclical,NASDAQ,US,2024-12-31,,99881058304.0,15.991608,33.032997,48.075893,81.73404211826745,0.0,0.0,40.98,59.64188,19.35056598935111,20777000000.0,2631000000.0,0.097720005,1911000000.0,0.0793,0.40646,0.1726861406572472,20845000000.0,16603000000.0,20142000000.0,6850000000.0,2635000000.0,65000000.0,-657500000.0,-0.0065828297293248515
Jyong Biotech Ltd.,MENS,Healthcare,NASDAQ,US,2024-12-31,,142171728.0,-5.974441,,,,0.0,0.0,-0.04,,,0.0,-2056000.0,0.0,-3019000.0,0.0,,-5.736569274269557,42885000.0,12127000.0,206000.0,18135000.0,98000.0,,-42679000.0,-0.3001932986282617
Mesoblast Limited,MEOBF,Healthcare,NASDAQ,US,2025-06-30,,2051529088.0,3.404711,,,-7.403974173647209,0.0,0.0,-0.1,,-0.08914131934376085,17198000.0,-62443000.0,-3.02371,-102142000.0,0.0,-0.18954,0.7613800732270228,187241000.0,102626000.0,204350000.0,128157000.0,161158000.0,1388000.0,18080600.0,0.008813231119051041
Methanex Corporation,MEOH,Basic Materials,NASDAQ,US,2024-12-31,,3652745472.0,1.4212205,13.933839,15.848993,18.024927121013455,0.2483,0.015731292,2.98,3.38959,2.567996647771919,3719829000.0,324719000.0,0.08614001,163986000.0,0.05987,0.105979994,0.31734409802086544,4215860000.0,729616000.0,1910819000.0,3233140000.0,891910000.0,,-2305041000.0,-0.6310434213577748
MEON,MEON,Unknown,NASDAQ,US,,,,,,,,,,,,,,,,,,,,,,,,,,,
Merrill Lynch Capital Trust I GTD CAP 6.45%,MER-PK,Unknown,NASDAQ,US,,,,,,,,,,,,,,,,,,,,,,,,,,,
Mercer International Inc.,MERC,Basic Materials,NASDAQ,US,2024-12-31,,113200440.0,0.31436014,-1.0710099,,-2.4275314524245837,0.1571,0.13392857,-2.57,-1.57795,-3.6500000180949863,2043360000.0,72929000.0,-0.14637999,-85141000.0,-0.090450004,-0.39366,0.18991953801528283,1833157000.0,256538000.0,910004000.0,1491068000.0,184925000.0,,-923153000.0,-8.155030139458821
Meshflow Acquisition Corp.,MESH,Unknown,NASDAQ,US,,,427800000.0,-3306.6667,,,,,0.0,,,,,,,,,,,,,,,,,,
Meshflow Acquisition Corp.,MESHU,Financial Services,NASDAQ,US,,,,-3343.3333,,,,,0.0,,,,,,0.0,,0.0,,,,,,,,,,
Mesoblast Limited,MESO,Healthcare,NASDAQ,US,2025-06-30,,2116355200.0,34.154175,93.823524,,-7.684427336282547,0.0,0.0,-0.91,0.17,-0.8914131925341824,17198000.0,-62443000.0,-3.02371,-102142000.0,0.0,-0.18954,0.7613800732270228,187241000.0,102626000.0,204350000.0,128157000.0,161158000.0,1388000.0,18080600.0,0.008543272887273365
"MetLife, Inc.",MET,Financial Services,NASDAQ,US,2024-12-31,,50326142976.0,1.7435967,6.9286704,15.780991,29.971087132533007,0.4642,0.02984599,4.84,11.02376,2.069695652788823,69939000000.0,,0.04724,4426000000.0,0.04384,0.11963,0.040511796320652084,649754000000.0,,,18715000000.0,20068000000.0,,,
"MetLife, Inc.",MET-PA,Financial Services,NASDAQ,US,2024-12-31,,42034397184.0,0.49399623,,2.7718713,,,0.10421882,7.807,,,69939000000.0,,0.04724,4426000000.0,0.04384,0.11963,0.040511796320652084,649754000000.0,,,18715000000.0,20068000000.0,,,
"MetLife, Inc.",MET-PE,Financial Services,NASDAQ,US,2024-12-31,,42385932288.0,0.54558736,,3.061355,,,0.09425576,7.807,,,69939000000.0,,0.04724,4426000000.0,0.04384,0.11963,0.040511796320652084,649754000000.0,,,18715000000.0,20068000000.0,,,
"MetLife, Inc.",MET-PF,Financial Services,NASDAQ,US,2024-12-31,,,0.4483404,,2.5156908,,,0.11469387,7.807,,,69939000000.0,,0.04724,4426000000.0,0.04384,0.11963,0.040511796320652084,649754000000.0,,,18715000000.0,20068000000.0,,,
"Meta Platforms, Inc.",META,Communication Services,NASDAQ,US,2025-12-31,,1673199747072.0,7.703309,18.65693,28.171211,24.70562864527479,0.08939999,0.003133346,23.48,35.45385,23.856159143075747,200966000000.0,83276000000.0,0.41314998,60458000000.0,0.30084,0.30238,0.5935260545159977,148778000000.0,41836000000.0,108722000000.0,83897000000.0,35873000000.0,27524000000.0,-20789200000.0,-0.012424816604460922
"Ramaco Resources, Inc.",METC,Basic Materials,NASDAQ,US,2024-12-31,,1206071040.0,2.289338,-364.59998,,9.441573124807343,5.0,0.019884394,-0.68,-0.05,1.7299999922235856,666295000.0,16636000.0,-0.11969,11192000.0,-0.056739997,-0.074,0.5377405192934195,311880000.0,122428000.0,167634000.0,102286000.0,33009000.0,,-144246000.0,-0.11959992008430946
"Ramaco Resources, Inc.",METCB,Basic Materials,NASDAQ,US,2024-12-31,,1952981760.0,1.7078991,,,6.592490936982831,8.547299,0.026833074,-0.68,,1.7299999922235856,666295000.0,16636000.0,-0.11969,11192000.0,-0.056739997,-0.074,0.5377405192934195,311880000.0,122428000.0,167634000.0,102286000.0,33009000.0,,-144246000.0,-0.07385936876338262
"Ramaco Resources, Inc.",METCI,Unknown,NASDAQ,US,,,,3.1571016,,,,,0.013667065,,,,,,-0.11969,,-0.056739997,-0.074,,,,,,,,,
"Ramaco Resources, Inc.",METCZ,Unknown,NASDAQ,US,,,,3.2180083,,,,,0.013490196,,,,,,-0.11969,,-0.056739997,-0.074,,,,,,,,,
METRY,METRY,Consumer Defensive,NASDAQ,US,2025-09-30,,,,,,,,,,,,22006700000.0,1488400000.0,0.06619,1017000000.0,0.045939997,0.14263,0.4832867931276394,7494300000.0,2053800000.0,2661000000.0,4602000000.0,67300000.0,,-4833300000.0,
MEVO,MEVO,Unknown,NASDAQ,US,,,,,,,,,,,,,,,,,,,,,,,,,,,
"MFA Financial, Inc.",MFA,Real Estate,NASDAQ,US,2024-12-31,,999993152.0,0.5465155,7.2699046,11.325581,11.22685681019445,1.6628,0.14788003,0.86,1.33977,0.7739481357044933,252853000.0,,0.56492,119251000.0,0.4601,0.06935,0.16142470851749105,9567812000.0,,,6019687000.0,338931000.0,1554306000.0,,
"MFA Financial, Inc.",MFA-PB,Real Estate,NASDAQ,US,2024-12-31,,2678497280.0,1.1614858,,17.84483,,,0.0696267,1.16,,,252853000.0,,0.56492,119251000.0,0.4601,0.06935,0.16142470851749105,9567812000.0,,,6019687000.0,338931000.0,1554306000.0,,
"MFA Financial, Inc.",MFA-PC,Real Estate,NASDAQ,US,2024-12-31,,,1.3107395,,20.137932,,,0.06139974,1.16,,,252853000.0,,0.56492,119251000.0,0.4601,0.06935,0.16142470851749105,9567812000.0,,,6019687000.0,338931000.0,1554306000.0,,
"MFA Financial, Inc. 8.875% Seni",MFAN,Unknown,NASDAQ,US,,,,,,,,,,,,,,,,,,,,,,,,,,,
"MFA Financial, Inc. 9.000% Seni",MFAO,Unknown,NASDAQ,US,,,,,,,,,,,,,,,,,,,,,,,,,,,
"Monroe Federal Bancorp, Inc.",MFBI,Financial Services,NASDAQ,US,,,5948761.0,0.43133065,,,,,0.0,,,,,,-0.110690005,,-0.0883,-0.03297,,,,,,,,,
Manulife Financial Corporation,MFC,Financial Services,NASDAQ,US,2024-12-31,,64111763456.0,1.8012515,11.464535,16.684212,6.969988736175866,0.5513,0.046026226,2.28,3.3180587,2.9722524483133843,-7288000000.0,,0.25287,5631000000.0,0.18503,0.11798,0.0526543238886085,925858000000.0,,,14161000000.0,25789000000.0,,,
"Mizuho Financial Group, Inc.",MFG,Financial Services,NASDAQ,US,2025-03-31,,118251585536.0,0.33304545,6.913669,17.796295,0.07135695663507294,0.3475,16.38889,0.54,1.39,53.57633621667472,3645206000000.0,,0.36738,885433000000.0,0.26132,0.09653,0.036856554814174276,272796651000000.0,,,22493724000000.0,72483086000000.0,38239994000000.0,,
Mayfair Gold Corp.,MFGCF,Basic Materials,NASDAQ,US,2024-12-31,,289233632.0,7.136938,,,-11.37863799737713,0.0,0.0,-0.12,,-0.33835331658499246,0.0,-14408486.0,0.0,-12682632.0,0.0,-0.22267,0.9693771336573409,749934.0,749934.0,9940155.0,,9534129.0,,9190221.0,0.03177438576714343
MFHK,MFHK,Unknown,NASDAQ,US,,,,,,,,,,,,,,,,,,,,,,,,,,,
mF International Limited,MFI,Technology,NASDAQ,US,2024-12-31,,800675136.0,9.02486,-27.05061,,,0.0,0.0,-2.26,-0.573,,26085318.0,-19371236.0,-0.93369,-20210992.0,-0.98870003,-0.77905,0.6159389220324679,22392839.0,17042523.0,34005174.0,7623601.0,19659787.0,,11612335.0,0.01450317922698676
MidCap Financial Investment Corporation,MFIC,Financial Services,NASDAQ,US,2024-12-31,,1055264000.0,0.7714344,7.952748,10.771429,5.965511222508829,1.4475999,0.13499111,1.05,1.42215,1.817838110464738,110346000.0,,0.82765996,98819000.0,0.30787,0.07181,0.4401968065936477,1786304000.0,,,1751621000.0,75786000.0,3014416000.0,,
MidCap Financial Investment Corporation,MFICL,Unknown,NASDAQ,US,,,,,,,,,,,,,,,0.7946,,0.33199,,,,,,,,,,
Medallion Financial Corp.,MFIN,Financial Services,NASDAQ,US,2024-12-31,,240709376.0,0.58669996,6.9864864,6.0467834,3.8140550059011193,0.269,0.044921875,1.71,1.48,2.3691601325394522,203622000.0,,0.53163,35878000.0,0.12099,0.11306,0.12904177150853063,2429648000.0,,,288587000.0,98238000.0,51875000.0,,
MFS Municipal Income Trust,MFM,Financial Services,NASDAQ,US,2025-10-31,,226326032.0,0.91233605,,42.26923,4.520561375213967,2.1038,0.049272727,0.13,,1.1400000068316263,5763632.0,,0.85599,5666000.0,0.32661998,0.02259,0.6843618887587949,114422127.0,,,,,356784486.0,,
Mobivity Holdings Corp.,MFON,Technology,NASDAQ,US,2024-12-31,,7101753.0,-0.29447854,-9.6,,-2.3460733116882615,0.0,0.0,-0.21,-0.01,-0.18328498304391197,1143535.0,-7127179.0,-2.80341,-10232898.0,0.0,,-6.708888555351785,19722698.0,6794285.0,1931864.0,14371294.0,1261240.0,,-17790834.0,-2.5051327468020923
"Mistras Group, Inc.",MG,Industrials,NASDAQ,US,2024-12-31,,462811392.0,2.0352385,14.453202,25.736843,-12.825038874175961,0.0,0.0,0.57,1.015,-0.5754368611935378,729640000.0,44535000.0,0.110690005,18958000.0,0.02535,0.084630005,0.37964354406372003,324143000.0,114925000.0,172470000.0,201501000.0,18317000.0,,-151673000.0,-0.32772097364448627
Magna International Inc.,MGA,Consumer Cyclical,NASDAQ,US,2024-12-31,,15281160192.0,1.2083119,9.0366335,14.8,13.00974678486119,0.5288,0.036847103,3.65,5.97789,4.232379623168178,42836000000.0,2116000000.0,0.051810004,1009000000.0,0.024719998,0.08696,0.37121041270659494,19099000000.0,12097000000.0,13118000000.0,7068000000.0,1247000000.0,206000000.0,-5836800000.0,-0.3819605269929494
Mobile Global Esports Inc.,MGAM,Communication Services,NASDAQ,US,2024-12-31,,5369007.0,25.0,-0.3448276,,-1.2748216872054599,0.0,0.0,-0.09,-0.29,-0.322398040036795,25409.0,-2247520.0,-15053.018,-2319958.0,0.0,-3.20995,0.9378444288873127,82078.0,82078.0,1065713.0,0.0,928619.0,,983635.0,0.18320613104061886
Midea Group Co Ltd.,MGCLY,Consumer Cyclical,NASDAQ,US,2024-12-31,,88082743296.0,2.7656703,,13.79762,,0.60040003,0.35304502,0.84,,,409084266000.0,41122266000.0,0.1145,38537237000.0,0.09911,0.19914,0.35864878369124487,376684462000.0,351819806000.0,389063786000.0,86255072000.0,140410308000.0,4916047000.0,15820556900.0,0.17961017457001072
MGCOF,MGCOF,Unknown,NASDAQ,US,,,,2.9121866,,,,,0.35727045,,,,,,,,,,,,,,,,,,
"MGE Energy, Inc.",MGEE,Utilities,NASDAQ,US,2024-12-31,,2908000256.0,2.2409956,20.492722,21.566397,21.33425054136206,0.4946,0.022555927,3.69,3.88333,3.2526115072127344,676944000.0,146262000.0,0.30766,120569000.0,0.18999,0.10799,0.4349914549680529,1597821000.0,125563000.0,227265000.0,787448000.0,21302000.0,23119000.0,-1354372700.0,-0.4657402272250694
MFS Government Markets Income Trust,MGF,Financial Services,NASDAQ,US,2025-11-30,,98259432.0,0.9454375,,18.843752,14.164644479751587,1.4460001,0.07694858,0.16,,0.2,5585161.0,,0.80453,5313624.0,1.2561799,0.050580002,0.9809602862605467,2017405.0,,,,,105220165.0,,
Morgan Group Holding Co.,MGHL,Financial Services,NASDAQ,US,2022-12-31,,1218184.0,0.9050379,,,-0.8594213460975393,0.0,0.0,-2.21,,-2.6180406272392474,2011422.0,-939825.0,0.128,-949191.0,0.12929,0.24112,0.6106575268395619,1330662.0,1330662.0,3277097.0,,2285501.0,,1946435.0,1.5978169143577654
Mercury NZ Limited,MGHTF,Utilities,NASDAQ,US,2025-06-30,,5670069760.0,1.9475951,,Infinity,17.810309439481788,337.14288,0.059553344,0.0,,0.20851381267360514,3498000000.0,224000000.0,0.05909,1000000.0,0.00029,0.00021,0.49236794537055634,5055000000.0,852000000.0,915000000.0,2279000000.0,86000000.0,,-4140000000.0,-0.7301497468701338
Magic Software Enterprises Ltd.,MGIC,Technology,NASDAQ,US,2024-12-31,,1072819840.0,3.8865173,19.370567,26.646341,11.961734961582613,1.0476,0.035783634,0.82,1.128,0.7542262413947615,552520000.0,60408000.0,0.10587,36883000.0,0.06611,0.15636,0.5130003645913338,239262000.0,170305000.0,276199000.0,86152000.0,112779000.0,,36937000.0,0.034429825607997705
Millennium Group International Holdings Limited,MGIH,Consumer Cyclical,NASDAQ,US,2024-06-30,,16818750.0,0.67524844,,,-52.94524581368091,0.0,0.0,-0.56,,-0.03437513651096893,38530773.0,-6927954.0,-0.28906,-8770044.0,-0.24927999,-0.22573,0.7114597150415979,12591063.0,12134130.0,27765697.0,6258176.0,13346584.0,,15174634.0,0.9022450538833148
"The Marygold Companies, Inc.",MGLD,Financial Services,NASDAQ,US,2025-06-30,,44216764.0,1.9245284,,,-11.41690809458941,0.0,0.0,-0.08,,-0.1007277948311714,30154000.0,-6690000.0,-0.082559995,-5820000.0,-0.11852,-0.14852001,0.7556541748849441,7433000.0,6632000.0,19046000.0,2404000.0,5005000.0,2302000.0,13224400.0,0.299081135833459
MGM Resorts International,MGM,Consumer Cyclical,NASDAQ,US,2024-12-31,,10253756416.0,3.9853303,14.567992,49.32895,14.14500873451585,0.0,0.0,0.76,2.57345,3.184868958555825,17240545000.0,1670397000.0,0.07059,746558000.0,0.01174,0.1489,0.0715928136038898,38511671000.0,3351683000.0,4363599000.0,31610449000.0,2415532000.0,,-34148072000.0,-3.330298732932179
Magna Mining Inc.,MGMNF,Basic Materials,NASDAQ,US,2024-12-31,,542094208.0,5.9279346,,217.00002,-6.899308395048852,0.0,0.0,0.01,,-0.060397358933882025,0.0,-19483348.0,-0.727,-16267727.0,0.10812,0.062090002,0.8855903032332075,4527283.0,3642617.0,21016088.0,46059.0,17535316.0,,16488805.0,0.030416862524382478
Megan Holdings Limited,MGN,Industrials,NASDAQ,US,2024-12-31,,30712500.0,3.0741131,,31.5,,0.0,0.0,0.06,,,60293562.0,7607117.0,0.21063,4784677.0,0.087469995,0.11423001,0.48254045861270156,37057393.0,36613771.0,67975040.0,504977.0,9365.0,,30917647.0,1.006679592999593
Mag Magna Corp.,MGNC,Consumer Defensive,NASDAQ,US,2025-04-30,,8218956.0,-176.24998,,,,0.0,0.0,-0.02,,,49905.0,-52256.0,-4.37185,-52254.0,0.0,,-0.5772677186635897,227595.0,227595.0,25975.0,221927.0,,,-201620.0,-0.02453109616355167
"Magnite, Inc.",MGNI,Communication Services,NASDAQ,US,2024-12-31,,1621784448.0,2.007111,10.844194,28.225,-8.247802248311674,0.0,0.0,0.4,1.04111,-1.165158834724052,668170000.0,51087000.0,0.13951,22786000.0,0.08251,0.07559,0.26909997589996804,2086550000.0,1495984000.0,1703180000.0,608814000.0,483220000.0,,-383370000.0,-0.23638776439913178
"Magnolia Bancorp, Inc.",MGNO,Unknown,NASDAQ,US,,,,0.47184286,,,,,0.0,,,,,,-0.17647,,-0.11873999,-0.00906,,,,,,,,,
"MacroGenics, Inc.",MGNX,Healthcare,NASDAQ,US,2024-12-31,,114497936.0,1.7091595,-1.0543668,,-67.95939524547079,0.0,0.0,-1.21,-1.71667,-0.1462638027380881,148339000.0,-110578000.0,0.25585,-66966000.0,-0.59459996,-0.81132007,0.4435497124075596,145598000.0,55530000.0,217490000.0,37461000.0,182840000.0,,71892000.0,0.6278890477117421
"MGP Ingredients, Inc.",MGPI,Consumer Defensive,NASDAQ,US,2024-12-31,,559401664.0,0.6540846,10.293887,,20.365248786485648,0.96,0.018561484,-0.63,2.552,4.846910681278789,703625000.0,164418000.0,0.18191999,34663000.0,-0.02615,-0.01721,0.5933809224027856,573242000.0,92450000.0,546136000.0,339638000.0,25273000.0,,-27106000.0,-0.04845534388685694
"Affiliated Managers Group, Inc.",MGR,Unknown,NASDAQ,US,,,,,,,,,,,,,,,,,,,,,,,,,,,
"Affiliated Managers Group, Inc.",MGRB,Unknown,NASDAQ,US,,,,,,,,,,,,,,,,,,,,,,,,,,,
McGrath RentCorp,MGRC,Industrials,NASDAQ,US,2024-12-31,,2939369984.0,2.4572556,18.095455,20.242373,16.19717598576379,0.3254,0.016056573,5.9,6.6,7.118961229565005,910942000.0,244264000.0,0.26016,231727000.0,0.15617,0.127,0.49322791168185237,1154216000.0,283879000.0,234453000.0,590208000.0,807000.0,,-919763000.0,-0.31291161201433837
"Affiliated Managers Group, Inc.",MGRD,Unknown,NASDAQ,US,,,,,,,,,,,,,,,,,,,,,,,,,,,
"Affiliated Managers Group, Inc.",MGRE,Unknown,NASDAQ,US,,,,,,,,,,,,,,,,,,,,,,,,,,,
Mega Fortune Company Limited,MGRT,Technology,NASDAQ,US,2025-09-30,,72325000.0,4.6466436,,30.941177,,0.0,0.0,0.17,,,11085548.0,2313953.0,0.21177,1788402.0,0.16133,0.21129,0.8433413861818578,2892393.0,2514299.0,12276780.0,699872.0,764761.0,,9384387.0,0.12975301762875907
"Mangoceuticals, Inc.",MGRX,Healthcare,NASDAQ,US,2024-12-31,,6222320.0,0.337158,,,-0.5072261272536962,0.0,0.0,-2.72,,-8.57605645865489,615873.0,-8693526.0,-89.13903,-8706145.0,0.0,-1.36163,0.9073302117281592,1425463.0,1425463.0,75595.0,214962.0,58653.0,,-1349868.0,-0.2169396623767341
MAITONG SUNSHINE CULTURAL DEVEL,MGSD,Unknown,NASDAQ,US,,,,18.4,,,,,0.0,,,,,,-0.09877,,-0.01538,-1.11602,,,,,,,,,
Marblegate Capital Corporation,MGTE,Financial Services,NASDAQ,US,2024-12-31,,151524512.0,0.31345564,,,,0.0,0.0,-0.91,,,0.0,-44325.0,-0.10374,-44325.0,0.0,-0.22287,,61522.0,61522.0,,,,,,
Marblegate Capital Corporation,MGTEW,Unknown,NASDAQ,US,2024-12-31,,,0.033639144,,,,,0.0,,,,0.0,-44325.0,-0.10374,-44325.0,0.0,-0.22287,,61522.0,61522.0,,,,,,
"MGT Capital Investments, Inc.",MGTI,Financial Services,NASDAQ,US,2024-12-31,,14850146.0,-3.1999998,-0.08,,-0.4968941752398817,0.0,0.0,-0.01,-0.04,-0.00805000418461085,322000.0,-1124000.0,-5.3949,5521000.0,-2.6815302,,-3.256544502617801,3252000.0,3252000.0,51000.0,1917000.0,6000.0,,-3201000.0,-0.21555343630964974
MeiraGTx Holdings plc,MGTX,Healthcare,NASDAQ,US,2024-12-31,,598047296.0,-14.742063,-2.9601593,,-4.786366900349057,0.0,0.0,-2.11,-2.51,-1.4875583158992345,33279000.0,-164212000.0,-112.31951,-147791000.0,0.0,-6.11421,0.2514429974309641,201924000.0,60783000.0,123518000.0,84797000.0,103659000.0,,-78406000.0,-0.13110334337169213
"Metagenomi Therapeutics, Inc.",MGX,Healthcare,NASDAQ,US,2024-12-31,,57821996.0,0.3240059,-0.8438356,,,0.0,0.0,-2.39,-1.825,,52295000.0,-88901000.0,-2.6376002,-78058000.0,-2.8705702,-0.40872002,0.7235296473494989,89742000.0,37309000.0,257960000.0,45778000.0,27386000.0,,168218000.0,2.9092388993282072
Magnolia Oil & Gas Corporation,MGY,Energy,NASDAQ,US,2024-12-31,,5150085120.0,2.5385628,13.788699,15.601156,9.939717582254403,0.3468,0.0,1.73,1.9574,2.0615380531443286,1315886000.0,511988000.0,0.2962,366027000.0,0.24792999,0.17006001,0.6783732476376676,853509000.0,290261000.0,410824000.0,392513000.0,260049000.0,,-442685000.0,-0.0859568317193173
"Magyar Bancorp, Inc.",MGYR,Financial Services,NASDAQ,US,2025-09-30,,120265176.0,0.9292929,,10.697674,9.974983989113449,0.16280001,0.016438358,1.72,,1.2300000537324962,35609000.0,,0.44404,9760000.0,0.29587,0.09263,0.11912074253753784,878818000.0,,,49054000.0,7086000.0,6787000.0,,
"McGraw Hill, Inc.",MH,Consumer Defensive,NASDAQ,US,2025-03-31,,2410439168.0,3.033654,7.6645103,,,0.0,0.0,-0.54,1.64655,,2101299000.0,306807000.0,0.23681,-85839000.0,-0.049650002,,0.04867240037792475,5477516000.0,1330419000.0,1052631000.0,3255131000.0,389830000.0,,-4424885000.0,-1.8357173492461272
"BlackRock MuniHoldings Fund, Inc.",MHD,Financial Services,NASDAQ,US,2024-07-31,,618920960.0,0.9808296,,,-48.673266140786446,3.0226998,0.059119124,-0.81,,-0.21000000136102215,26908798.0,,0.86968005,26903051.0,-0.84926003,-0.062800005,0.6814154486916956,331781175.0,,,13414.0,0.0,3674238.0,,
Western Asset Municipal High Income Fund Inc.,MHF,Financial Services,NASDAQ,US,2025-10-31,,154946000.0,0.9982855,,38.816666,7.718147499398766,2.2667,0.0583691,0.18,,0.8400000055409382,4031371.0,,0.81139,3683083.0,0.55391,0.02362,0.9768265599624748,3682343.0,,,2730000.0,635.0,6809764.0,,
"Mastech Digital, Inc.",MHH,Industrials,NASDAQ,US,2024-12-31,,80485976.0,0.9051153,6.6634145,,-13.454681327544062,0.0,0.0,-0.01,1.025,-0.6146559889778697,198943000.0,3791000.0,0.051960003,3402000.0,-0.00034000003,-0.00075999997,0.7842739765347494,24050000.0,20577000.0,66205000.0,3751000.0,27742000.0,,42155000.0,0.5237558403963444
"Mohawk Industries, Inc.",MHK,Consumer Cyclical,NASDAQ,US,2024-12-31,,8194577920.0,0.9794151,13.390201,19.597324,-15.189328247643168,0.0,0.0,6.73,9.84974,-6.904189641359159,10836900000.0,702900000.0,0.06664,517700000.0,0.03927,0.051999997,0.5909411046593523,5221700000.0,2672300000.0,5496900000.0,2628300000.0,666600000.0,,275200000.0,0.033583181792479676
"Maiden Holdings, Ltd. 6.625 NT 2046",MHLA,Unknown,NASDAQ,US,,,1130397440.0,1.565499,,,,,0.04611837,,,,,,,,,,,,,,,,,,
"BlackRock MuniHoldings New York Quality Fund, Inc.",MHN,Financial Services,NASDAQ,US,2024-07-31,,311488864.0,0.97270757,,,-147.18287421382408,28.1,0.05851193,-0.91,,-0.06171242836089733,13590114.0,,0.78847003,13349516.0,-1.04611,-0.08036,0.5921356643730747,252112716.0,,,12778.0,,6514268.0,,
"Maiden Holdings North America, Ltd.",MHNC,Unknown,NASDAQ,US,,,,,,,,,,,,,,,,,,,,,,,,,,,
"M/I Homes, Inc.",MHO,Consumer Cyclical,NASDAQ,US,2024-12-31,,3743785728.0,1.1757199,8.769419,9.624152,6.719205410127666,0.0,0.0,14.74,16.17667,19.710664335664337,,,0.06506,,0.09121,0.13198,0.6461118256730631,1610119000.0,267906000.0,4196972000.0,1036546000.0,821570000.0,,2586853000.0,0.6909725042896472
"Meihua International Medical Technologies Co., Ltd.",MHUAF,Healthcare,NASDAQ,US,2024-12-31,,4896981.0,0.013518055,,0.22709677,3.6861129368520715,0.0,0.0,31.0,,48.560639097744364,96909642.0,14311915.0,0.08528,10843589.0,0.10354,0.05896,0.8536098667908196,27263569.0,27263569.0,143438322.0,7945966.0,15960057.0,,116174753.0,23.723750000255258
Minehub Technologies Inc.,MHUBF,Technology,NASDAQ,US,2025-01-31,,67323136.0,,,,-2.1156824010456283,0.0,0.0,-0.05,,-0.06972691441308203,2019913.0,-6127766.0,0.0,-6240755.0,0.0,,0.6215999522441914,1426256.0,1419667.0,3109623.0,757130.0,262200.0,,1683367.0,0.02500428678782878
NFT Limited,MI,Consumer Cyclical,NASDAQ,US,2024-12-31,,60065732.0,0.26530483,,,2.759416149608021,0.0,0.0,-4.09,,4.185668114023163,740701.0,-906266.0,-1.8051,6296515.0,-1.20779,-0.0103400005,0.9339138264307314,5724660.0,5724660.0,86624171.0,,82272479.0,,80899511.0,1.3468496646307415
"Miami International Holdings, Inc.",MIAX,Financial Services,NASDAQ,US,2024-12-31,,3607324672.0,4.1329026,31.14904,,,0.0,0.0,-1.86,1.35574,,1140072000.0,-2825000.0,0.031,102123000.0,-0.07363,-0.16408001,0.3775654726385532,606034000.0,405222000.0,572816000.0,43808000.0,150341000.0,,-33218000.0,-0.009208486349409472
MIBE,MIBE,Unknown,NASDAQ,US,,,,56.12245,,,,,0.0,,,,,,-1.95324,,-1.65199,-1.5972999,,,,,,,,,
The Magnum Ice Cream Company N.V.,MICC,Consumer Defensive,NASDAQ,US,2024-12-31,,11906417664.0,3.59717,15.871181,26.694443,,0.0,0.0,0.72,1.211,,7947000000.0,952000000.0,0.12525,450000000.0,0.072119996,,0.5031697156312263,2720000000.0,2029000000.0,1629000000.0,188000000.0,70000000.0,,-1091000000.0,-0.09163125557897446
Mycronic AB (publ),MICLF,Industrials,NASDAQ,US,2024-12-31,,4745764864.0,0.59746504,,23.72809,1.6133036309741065,0.3442,0.0,0.89,,5.110819779589495,7057000000.0,2013000000.0,0.0,1683000000.0,0.19652,0.22799999,0.6273530541682674,3837000000.0,3205000000.0,6879000000.0,219000000.0,3014000000.0,,3042000000.0,0.6409925664618853
The Middleby Corporation,MIDD,Industrials,NASDAQ,US,2024-12-31,,8165438976.0,2.7623277,17.100014,,20.081121232510196,0.0,0.0,-3.96,9.42163,7.411936545501608,3875162000.0,707867000.0,0.16440001,428433000.0,-0.05215,-0.06197,0.499568250060997,3644720000.0,829322000.0,2330043000.0,2423005000.0,689533000.0,,-1314677000.0,-0.16100506094823824
Mawson Infrastructure Group Inc.,MIGI,Financial Services,NASDAQ,US,2024-12-31,,4024275.0,-0.39150262,39.11111,,-0.9629033128361416,0.0,0.0,-12.4,0.09,-74.77386258847811,59265125.0,-29979343.0,0.21101,-46336787.0,-0.24280001,,-0.052715021257559856,64679332.0,61947418.0,26006315.0,25281172.0,6089837.0,,-38673017.0,-9.609933963260463
Military Metals Corp.,MILIF,Basic Materials,NASDAQ,US,2025-08-31,,22811330.0,2.2855785,,,-9.084706869674756,0.0,0.0,-0.09,,-0.049533792838291284,0.0,-6535921.0,0.0,-6665004.0,0.0,-0.43834,0.9799158514749159,229739.0,229739.0,1734268.0,,1607125.0,,1504529.0,0.06595533886011908
MiMedia Holdings Inc.,MIMDF,Unknown,NASDAQ,US,,,,-3.5561228,,,,,0.0,,,,,,-543.589,,0.0,,,,,,,,,,
Mint Incorporation Limited,MIMI,Industrials,NASDAQ,US,2025-03-31,,6428212.0,1.1077586,,,,0.0,0.0,-0.07,,,3266390.0,-1627509.0,-0.92858005,-1461116.0,-0.44731998,-0.41763002,0.7655502468135998,1776087.0,722451.0,6931001.0,198822.0,4520241.0,,5154914.0,0.8019203473687551
Mitsubishi Materials Corporation,MIMTF,Basic Materials,NASDAQ,US,2025-03-31,,3394454272.0,0.73593533,,33.20548,0.07179267131393009,0.8774,4.1254125,0.73,,228.0699993700574,1962076000000.0,37119000000.0,0.0341,34076000000.0,0.00826,0.029260002,0.28511563583395255,1682071000000.0,1297333000000.0,1464306000000.0,593098000000.0,91605000000.0,310772000000.0,-224600000.0,-0.06616674787834644
MFS Intermediate Income Trust,MIN,Financial Services,NASDAQ,US,2025-10-31,,295875424.0,0.9513355,,16.25,10.15256846438117,1.4681,0.08846154,0.16,,0.23999999894552482,18811696.0,,0.81281996,18240725.0,1.48243,0.05785,0.9942948819776113,1784794.0,,,,,308153377.0,,
MINEBEA MITSUMI Inc.,MINBY,Technology,NASDAQ,US,2025-03-31,,9495838720.0,1.6635042,,22.31,0.14957907098665246,0.3168,2.5152802,1.0,,133.0400000967116,1522703000000.0,94482000000.0,0.0679,59457000000.0,0.0,,0.46910993971532305,830189000000.0,477232000000.0,904144000000.0,463597000000.0,214256000000.0,37481000000.0,100191700000.0,10.551116436821706
"MIND Technology, Inc.",MIND,Technology,NASDAQ,US,2025-01-31,,73841128.0,1.8355426,13.17742,,30.429123206730306,0.0,0.0,-1.17,0.62,0.19487908961593173,46863000.0,6818000.0,0.07989,5074000.0,0.06607,0.09369001,0.7443355119825708,9388000.0,8645000.0,32115000.0,1320000.0,5336000.0,,22727000.0,0.3077824054908804
Mayfair Gold Corp.,MINE,Basic Materials,NASDAQ,US,2024-12-31,,265854480.0,6.5600495,,,,0.0,0.0,-0.12,,,0.0,-14408486.0,0.0,-12682632.0,0.0,-0.22267,0.9693771336573409,749934.0,749934.0,9940155.0,,9534129.0,,9190221.0,0.034568614378813554
MINR,MINR,Basic Materials,NASDAQ,US,2025-02-28,,,,,,,,,,,,26000.0,-7123.0,0.0,-7123.0,0.0,,-1.5099055730420292,67780.0,67780.0,23680.0,55780.0,17180.0,,-44100.0,
"Mirion Technologies, Inc.",MIR,Industrials,NASDAQ,US,2024-12-31,,5881990656.0,2.9493933,39.47325,218.81818,-21.116253818181278,0.0,0.0,0.11,0.60978,-0.4934587434880251,860800000.0,23600000.0,0.03765,-36100000.0,0.02937,0.0161,0.5711684370257967,1076900000.0,263500000.0,594700000.0,719900000.0,175200000.0,,-482200000.0,-0.0819790489650176
"MIRA Pharmaceuticals, Inc.",MIRA,Healthcare,NASDAQ,US,2024-12-31,,50251308.0,6.282723,-2.9268293,,-1.278304354331101,0.0,0.0,-1.6,-0.41,-0.8605149627433253,0.0,-8018328.0,0.0,-7852659.0,0.0,-1.2332599,0.7525403689714238,723349.0,723349.0,2887660.0,0.0,2832931.0,,2164311.0,0.04306974457261888
"Mirum Pharmaceuticals, Inc.",MIRM,Healthcare,NASDAQ,US,2024-12-31,,6016139776.0,17.654192,5023.5,,-7.495751782936395,0.0,0.0,-0.84,0.02,-3.9969305217222773,336888000.0,-87606000.0,0.01957,-87942000.0,-0.087799996,-0.15808,0.3363975466415407,445114000.0,126551000.0,392788000.0,317763000.0,222503000.0,,-52326000.0,-0.008697603770567714
Milestone Pharmaceuticals Inc.,MIST,Healthcare,NASDAQ,US,2024-12-31,,149898048.0,8.712871,-2.9497044,,-1.2738833544556176,0.0,0.0,-0.79,-0.59667,-1.3894521619547395,0.0,-42102000.0,0.0,-41519000.0,0.0,-2.6065202,0.17413475675174506,62352000.0,8126000.0,73926000.0,54797000.0,25314000.0,,11574000.0,0.07721247977825568
"Mitesco, Inc.",MITI,Healthcare,NASDAQ,US,2024-12-31,,1712201.0,-0.06272208,-9.885,,-0.011652400743031569,0.0,0.0,-0.73,-0.01,-2.5745766894765016,43700.0,-1163541.0,-337.14066,-2511947.0,0.0,,-139.14773942404435,26605787.0,18443143.0,38070.0,1105419.0,3402.0,,-26567717.0,-15.516704522424645
"Mitek Systems, Inc.",MITK,Technology,NASDAQ,US,2025-09-30,,536091680.0,2.2926357,10.422908,33.8,123.81068000421064,0.0,0.0,0.35,1.135,0.0690570489592989,179691000.0,17630000.0,0.13459,8796000.0,0.08667,0.07446,0.5233136357596998,218851000.0,209034000.0,248494000.0,155186000.0,154153000.0,3464000.0,32067800.0,0.05981775356036117
"TPG Mortgage Investment Trust, ",MITN,Unknown,NASDAQ,US,,,,,,,,,,,,,,,,,,,,,,,,,,,
"TPG Mortgage Investment Trust, ",MITP,Unknown,NASDAQ,US,,,,,,,,,,,,,,,,,,,,,,,,,,,
"Moving iMage Technologies, Inc.",MITQ,Technology,NASDAQ,US,2025-06-30,,6816668.0,1.2676525,,,-4.951086994165061,0.0,0.0,-0.05,,-0.13088035065249864,18147000.0,-1086000.0,0.0627,-948000.0,-0.02241,-0.074829996,0.44608743570903747,6031000.0,5113000.0,9407000.0,1145000.0,5715000.0,,3376000.0,0.4952566268446696
"TPG Mortgage Investment Trust, Inc.",MITT,Real Estate,NASDAQ,US,2024-12-31,,269192896.0,0.7928938,7.8627715,9.118279,2.017584680181058,0.871,0.09551887,0.93,1.0785,2.549367208607859,75322000.0,,0.83708,55737000.0,0.56645,0.09031,0.07860192845733682,6370186000.0,,,6329796000.0,118662000.0,35967000.0,,
"TPG Mortgage Investment Trust, Inc.",MITT-PA,Real Estate,NASDAQ,US,2024-12-31,,476239680.0,2.1594203,,14.672808,,,0.03500432,1.574,,,75322000.0,,0.83708,55737000.0,0.56645,0.09031,0.07860192845733682,6370186000.0,,,6329796000.0,118662000.0,35967000.0,,
"TPG Mortgage Investment Trust, Inc.",MITT-PB,Real Estate,NASDAQ,US,2024-12-31,,458766016.0,2.103787,,14.29479,,,0.036120404,1.574,,,75322000.0,,0.83708,55737000.0,0.56645,0.09031,0.07860192845733682,6370186000.0,,,6329796000.0,118662000.0,35967000.0,,
"TPG Mortgage Investment Trust, Inc.",MITT-PC,Real Estate,NASDAQ,US,2024-12-31,,,2.3833568,,16.194408,,,0.031779535,1.574,,,75322000.0,,0.83708,55737000.0,0.56645,0.09031,0.07860192845733682,6370186000.0,,,6329796000.0,118662000.0,35967000.0,,
"Mitsui Chemicals, Inc.",MITUF,Basic Materials,NASDAQ,US,2025-03-31,,4831028224.0,0.83103323,,40.0,-0.764227042338558,1.572,3.125,0.3,,131.49499997356898,1809164000000.0,65907000000.0,0.0535,32242000000.0,0.01013,0.0298,0.39382660624442595,1183349000000.0,605927000000.0,1041171000000.0,737977000000.0,170615000000.0,93618000000.0,-76645400000.0,-15.865235400454576
"BlackRock MuniYield Michigan Quality Fund, Inc.",MIY,Financial Services,NASDAQ,US,2024-07-31,,350763104.0,1.0326596,,,-74.82927848667062,3.7375,0.052536234,-0.71,,-0.1299999985038131,18575060.0,,0.86579,18323817.0,-0.80402,-0.05786,0.6184245439381363,233816609.0,,,8629.0,,16392727.0,,
"McCormick & Company, Incorporated",MKC,Consumer Defensive,NASDAQ,US,2025-11-30,,18098106368.0,3.1544473,20.146,23.010239,25.768605388866323,0.6143,0.026873691,2.93,3.34657,2.9247032640949553,6840300000.0,1091900000.0,0.1718,789400000.0,0.1154,0.14243001,0.4345701645404685,7432300000.0,3062200000.0,2138100000.0,4164000000.0,95900000.0,,-5294200000.0,-0.29252784199350773
"McCormick & Company, Incorporated",MKC-V,Consumer Defensive,NASDAQ,US,2025-11-30,,18062555136.0,3.1446218,,22.938566,25.816640234870405,0.6143,0.027145227,2.93,,2.9247032640949553,6840300000.0,1091900000.0,0.1718,789400000.0,0.1154,0.14243001,0.4345701645404685,7432300000.0,3062200000.0,2138100000.0,4164000000.0,95900000.0,,-5294200000.0,-0.2931036035675966
MKDWELL Tech Inc.,MKDW,Unknown,NASDAQ,US,2024-12-31,,8019983.0,3.1966052,,,-3420.7637157086515,,0.0,,,-0.09217239599013072,1998971.0,-2824130.0,,-2517940.0,,,-0.4732410704538691,14068607.0,10946979.0,3121054.0,8148906.0,542591.0,,-10947553.0,-1.3650344395991862
MKDWELL Tech Inc.,MKDWW,Unknown,NASDAQ,US,2024-12-31,,,0.016973125,,,,,0.0,,,,1998971.0,-2824130.0,,-2517940.0,,,-0.4732410704538691,14068607.0,10946979.0,3121054.0,8148906.0,542591.0,,-10947553.0,
Markel Group Inc.,MKL,Financial Services,NASDAQ,US,2024-12-31,,26596403200.0,1.4705749,17.026972,12.4225855,8.19012847388406,0.0,0.0,169.22,123.46,210.64504255808603,,,0.18842,,0.12701,0.11936,0.27328674463086694,44429009000.0,,,4330341000.0,3692667000.0,,,
McKinley Acquisition Corporation,MKLY,Financial Services,NASDAQ,US,,,309842752.0,-93.78504,,,,,0.0,,,,,,0.0,,0.0,,,,,,,,,,
McKinley Acquisition Corporation,MKLYR,Unknown,NASDAQ,US,,,,-1.4252337,,,,,0.0,,,,,,0.0,,0.0,,,,,,,,,,
McKinley Acquisition Corporation,MKLYU,Financial Services,NASDAQ,US,,,,-95.16822,,,,,0.0,,,,,,0.0,,0.0,,,,,,,,,,
MKS Inc.,MKSI,Technology,NASDAQ,US,2024-12-31,,16319495168.0,6.2796593,26.795927,58.828087,-3.751959584913197,0.21360001,0.0038795574,4.13,9.06705,-27.559880239520957,3586000000.0,518000000.0,0.14372,190000000.0,0.07281,0.11164,0.27031431897555297,6268000000.0,775000000.0,2474000000.0,4780000000.0,714000000.0,,-3794000000.0,-0.23248268166036445
MKTR,MKTR,Unknown,NASDAQ,US,,,,,,,,,,,,,,,,,,,,,,,,,,,
"MarketWise, Inc.",MKTW,Financial Services,NASDAQ,US,2024-12-31,,36905608.0,-2.559946,75.799995,5.7862597,45.31741781009969,0.3053,0.052910052,2.62,0.2,1.069884726224784,408701000.0,93433000.0,0.21927,7059000.0,0.01704,,-0.04830549293875113,477439000.0,260208000.0,168833000.0,4367000.0,97876000.0,,-308606000.0,-8.362035384974554
MarketAxess Holdings Inc.,MKTX,Financial Services,NASDAQ,US,2024-12-31,,6065261056.0,5.1859307,17.714867,24.410526,42.03671906126026,0.4578,0.018669778,6.65,9.16349,6.853322356190577,817097000.0,340870000.0,0.36299,274181000.0,0.29143,0.19389,0.7761276447337828,400556000.0,259848000.0,1145935000.0,72654000.0,544478000.0,,745379000.0,0.12289314394186564
"MacKenzie Realty Capital, Inc.",MKZR,Real Estate,NASDAQ,US,2024-06-30,,7317304.0,0.123391226,,,,0.0,0.26385224,-14.76,,,,,-0.33166,,-1.03883,-0.19744,0.35333620338241,125138676.0,4910912.0,14493282.0,118496288.0,11854946.0,443730.0,-110334783.0,-15.078611330074574
MLAA,MLAA,Unknown,NASDAQ,US,,,,,,,,,,,,,,,,,,,,,,,,,,,
Mountain Lake Acquisition Corp. II,MLAAU,Unknown,NASDAQ,US,,,,,,,,,0.0,,,,,,,,,,,,,,,,,,
"Mesa Laboratories, Inc.",MLAB,Technology,NASDAQ,US,2025-03-31,,515299296.0,2.7602024,17.304268,143.49231,-2.298944867105594,0.9846,0.007017544,0.65,5.39,-47.204975863349425,240978000.0,16336000.0,0.12245,-1974000.0,0.01508,0.02184,0.368825978197661,273518000.0,163963000.0,102685000.0,181472000.0,27321000.0,,-170833000.0,-0.3315218967425098
Mountain Lake Acquisition Corp.,MLAC,Unknown,NASDAQ,US,2024-12-31,,324491488.0,-43.991596,,,,,0.0,,,,,,,,,,0.965410569658372,8067334.0,17334.0,1499561.0,,1383392.0,,-6567773.0,-0.020240201185184863
Mountain Lake Acquisition Corp.,MLACR,Unknown,NASDAQ,US,,,7649100.0,-1.1344538,,,,,0.0,,,,,,0.0,,0.0,,,,,,,,,,
Mountain Lake Acquisition Corp.,MLACU,Unknown,NASDAQ,US,2024-12-31,,315976480.0,-49.18067,,,,,0.0,,,,,,,,,,0.965410569658372,8067334.0,17334.0,1499561.0,,1383392.0,,-6567773.0,-0.02078563885514517
Mount Logan Capital Inc.,MLCI,Financial Services,NASDAQ,US,2024-12-31,,88819368.0,0.6683554,,,-5.72443955878678,0.045,0.035930738,-2.34,,-0.687310857427395,195665000.0,29911000.0,-1.5773101,5589000.0,-0.12473,-0.14355,0.03386918255372796,1632307000.0,1298016000.0,652955000.0,92677000.0,85988000.0,927682000.0,-329974600.0,-3.7151198824112326
Millicom International Cellular S.A.,MLCMF,Communication Services,NASDAQ,US,2024-12-31,,5012549632.0,1.4994003,,14.354068,,0.4777,0.125,2.09,,,5804000000.0,1272000000.0,0.26479,253000000.0,0.19591999,0.32683998,0.2641042440125209,10163000000.0,3115000000.0,2380000000.0,6769000000.0,699000000.0,,-7783000000.0,-1.5527028301751886
Melco Resorts & Entertainment Limited,MLCO,Consumer Cyclical,NASDAQ,US,2024-12-31,,2480703744.0,-1.8926975,9.308257,24.423077,-11.942913538406104,0.0,0.0,0.26,0.68219,-0.7460490958725666,4638213000.0,505479000.0,0.1409,43543000.0,0.020580001,,-0.1661118376505555,8925307000.0,1190864000.0,1429167000.0,7456440000.0,1147193000.0,,-7496140000.0,-3.02177961319673
Moolec Science SA,MLEC,Healthcare,NASDAQ,US,2025-06-30,,3913776.0,7.7110157,-22.458334,,-1.2716386687413137,0.0,0.0,-258.69,-0.24,-127.39467899348321,333611248.0,-3509587.0,0.0,-111460708.0,0.0,,-0.3222667642475256,287583148.0,236052670.0,31192226.0,246880099.0,767919.0,,-256390922.0,-65.50986106511972
Moolec Science SA,MLECW,Unknown,NASDAQ,US,2025-06-30,,,0.010157368,,,,,0.0,,,,333611248.0,-3509587.0,0.0,-111460708.0,0.0,,-0.3222667642475256,287583148.0,236052670.0,31192226.0,246880099.0,767919.0,,-256390922.0,
MicroAlgo Inc.,MLGO,Technology,NASDAQ,US,2024-12-31,,49695320.0,0.13658026,,,-0.9998452551968903,0.0,0.0,-48.3,,-4980.770748388794,75327948.0,2801282.0,0.04203,5370424.0,0.11116,0.043520004,0.8222712783139572,28882391.0,28785492.0,175917834.0,23035868.0,144111733.0,,147035443.0,2.9587382272616414
"Mueller Industries, Inc.",MLI,Industrials,NASDAQ,US,2024-12-31,,13084066816.0,4.0132117,14.114969,17.180758,14.861589249670638,0.1458,0.008676036,6.86,8.35,5.307585662264731,,,0.18131,,0.18312,0.25614,0.8426752389767438,486498000.0,397987000.0,2012229000.0,33758000.0,1037229000.0,,1525731000.0,0.11660984474141041
MLIZY,MLIZY,Unknown,NASDAQ,US,,,,1.9150536,,,,,0.0,,,,,,0.17159,,0.12798999,0.12197,,,,,,,,,
"MillerKnoll, Inc.",MLKN,Consumer Cyclical,NASDAQ,US,2025-05-31,,1544323072.0,1.1836371,10.077481,,22.538232918680038,1.7442,0.03426222,-0.37,2.23667,1.112842560118784,3669900000.0,195300000.0,0.05381,-36900000.0,-0.00678,-0.01573,0.32297098881069314,2615100000.0,703800000.0,1108700000.0,1812000000.0,193700000.0,,-1506400000.0,-0.9754435631458338
"Martin Marietta Materials, Inc.",MLM,Basic Materials,NASDAQ,US,2024-12-31,,41611927552.0,4.2744575,31.410124,35.45735,26.1746096203937,0.16440001,0.004769357,19.46,21.96744,18.824476650563607,6536000000.0,2757000000.0,0.27898002,1995000000.0,0.16688,0.12523,0.520253164556962,8714000000.0,1016000000.0,2542000000.0,5804000000.0,670000000.0,,-6172000000.0,-0.14832285748568633
"Mike Lindell Media, Corp.",MLMC,Communication Services,NASDAQ,US,,,57244044.0,-0.13780084,,,,0.0,0.0,-500.0,,,,,0.01235,,0.15,,,,,,,,,,
"Maui Land & Pineapple Company, Inc.",MLP,Real Estate,NASDAQ,US,2024-12-31,,337996416.0,10.02342,,,-105.9999957360893,0.0,0.0,-0.58,,-0.15000000243506498,11565000.0,-7354000.0,0.05017,-7391000.0,-0.61632997,-0.33394,0.661780250902491,16958000.0,11197000.0,15127000.0,3253000.0,6835000.0,0.0,-1831000.0,-0.0054172172050487065
UBS ETRACS Alerian MLP Infrastructure Index ETN Series B,MLPB,Unknown,NASDAQ,US,,,,,,,,,,,,,,,,,,,,,,,,,,,
ETRACS Quarterly Pay 1.5X Leveraged Alerian MLP Index ETN,MLPR,Unknown,NASDAQ,US,,,,,,,,,,,,,,,,,,,,,,,,,,,
"Miller Industries, Inc.",MLR,Consumer Cyclical,NASDAQ,US,2024-12-31,,511032256.0,1.2120223,10.825243,17.286821,8.12315322661064,0.3062,0.018081943,2.58,4.12,5.0657167488198445,1257500000.0,84483000.0,0.0279,63494000.0,0.03587,0.07388,0.6012308568772816,265985000.0,197873000.0,529766000.0,65545000.0,24337000.0,,263781000.0,0.5161728969217944
"MetAlert, Inc.",MLRT,Technology,NASDAQ,US,2024-12-31,,177310.0,-0.026984127,,,-1.0836873016667419,0.0,0.0,-0.02,,-0.04667397925989602,181476.0,-557462.0,-2.9372501,-828265.0,0.0,,-8.329105605203589,4982610.0,4590666.0,309679.0,3471280.0,53501.0,,-4672931.0,-26.354582369860697
Melrose Industries PLC,MLSPF,Industrials,NASDAQ,US,2024-12-31,,11002043392.0,2.9087207,,25.794119,-9.604486270320544,0.2439,0.0075471704,0.34,,-0.7252669039145907,3468000000.0,-4000000.0,0.2564,-49000000.0,0.0917,0.106920004,0.38246369015599785,4592000000.0,1751000000.0,1580000000.0,1646000000.0,88000000.0,69000000.0,-2963700000.0,-0.26937723242893385
Milestone Scientific Inc.,MLSS,Healthcare,NASDAQ,US,2024-12-31,,20718718.0,8.234375,-4.391667,,-6.931923285986299,0.0,0.0,-0.09,-0.06,-0.09521167488398373,8629928.0,-6756957.0,-0.48068002,-4713597.0,-0.74665,-1.36471,0.5953513457898442,3964372.0,3744127.0,9286554.0,349054.0,3258058.0,,5322182.0,0.2568779593409206
MoonLake Immunotherapeutics,MLTX,Healthcare,NASDAQ,US,2024-12-31,,1098843136.0,3.4200664,-4.1287007,,-83.87345684824362,0.0,0.0,-3.33,-3.75663,-0.7330090096736459,0.0,-143091082.0,0.0,-118935517.0,0.0,-0.54328,0.9349108313406808,24542143.0,22463861.0,474288845.0,2829560.0,180426449.0,,449746702.0,0.4092910873859251
"Mineralys Therapeutics, Inc.",MLYS,Healthcare,NASDAQ,US,2024-12-31,,2355996416.0,4.078641,-13.358342,,-4.313518119227535,0.0,0.0,-2.92,-2.22857,-1.9867772565098056,0.0,-192403000.0,0.0,-177810000.0,0.0,-0.42137,0.9288694190953993,14646000.0,14646000.0,205351000.0,,114091000.0,,190705000.0,0.08094452041814991
Mixed Martial Arts Group Limited,MMA,Consumer Cyclical,NASDAQ,US,2024-06-30,,18901302.0,-9.736268,,,,0.0,0.0,-1.39,,,562312.0,-12557698.0,-16.707209,-14408346.0,0.0,-44.21286,0.4809903512193746,2760781.0,2574437.0,3623792.0,259281.0,3544837.0,,863011.0,0.045658812287111224
"Mag Mile Capital, Inc.",MMCP,Financial Services,NASDAQ,US,2024-12-31,,12785148.0,-18.254286,,Infinity,-1375.3371331636436,0.0,0.0,0.0,,-0.039990194893876875,2051443.0,-274574.0,-1.37052,-283346.0,-0.41437998,,-0.23355832298119228,879796.0,510751.0,450789.0,749653.0,484.0,,-429007.0,-0.03355510628426046
NYLI MacKay DefinedTerm Muni Opportunities Fund,MMD,Financial Services,NASDAQ,US,2025-05-31,,292396064.0,0.94794524,,155.7,32.804242061725745,7.2,0.046421666,0.1,,0.46000000508482747,1207260.0,,0.85802,861343.0,0.081709996,0.0059399996,0.6216063706386146,179968303.0,,,173285000.0,,468199739.0,,
Minimed Group Inc,MMED,Unknown,NASDAQ,US,2025-04-30,,,,,,,,,,,,2715000000.0,-36000000.0,,-250000000.0,,,0.7929064508450369,870000000.0,710000000.0,939000000.0,11000000.0,11000000.0,,69000000.0,
MMEX Resources Corporation,MMEX,Industrials,NASDAQ,US,2025-04-30,,2229573.0,,,,-0.35032133516135683,0.0,0.0,-0.0,,-0.0003425426456349666,0.0,-1437572.0,0.0,-2299458.0,0.0,,-5.915301048076486,6995979.0,4795043.0,8079.0,4117337.0,4579.0,,-6987900.0,-3.1341875776213652
"Marcus & Millichap, Inc.",MMI,Real Estate,NASDAQ,US,2024-12-31,,1037319552.0,1.7246969,47.5,,-48.4215978276945,1.3514,0.019379845,-0.17,0.56,-0.8803900773429214,696060000.0,-32909000.0,-0.01224,-12362000.0,-0.008880001,-0.010930001,0.725244883881352,238982000.0,133017000.0,410319000.0,84223000.0,153445000.0,51147000.0,207139900.0,0.1996876464929488
Martin Midstream Partners L.P.,MMLP,Energy,NASDAQ,US,2024-12-31,,110135344.0,-1.3122382,18.8,,-20.232017834902702,0.18180001,0.0072595277,-0.52,0.15,-0.11732797491734748,707622000.0,57295000.0,0.03967,-5207000.0,-0.028570002,,,608948000.0,115501000.0,130479000.0,505226000.0,55000.0,,-478469000.0,-4.344372865444539
3M Company,MMM,Industrials,NASDAQ,US,2025-12-31,,90934755328.0,19.471073,18.44636,28.72712,16.77680999441396,0.48669997,0.017688394,6.01,9.35957,7.554308472121651,24948000000.0,4791000000.0,0.12408,3250000000.0,0.13027,0.75501,0.12461240823682188,32986000000.0,9595000000.0,16387000000.0,12602000000.0,5235000000.0,,-16599000000.0,-0.18253746810147242
