会社名,銘柄コード,業種,優先市場,市場タイプ,決算月,都道府県,時価総額,PBR,PER(会予),PER(過去12ヶ月),PER(前年度),配当方向性,配当利回り,EPS(過去12ヶ月),EPS(予想),EPS(前年度),売上高,営業利益,営業利益率,当期純利益,純利益率,ROE,自己資本比率,負債,流動負債,流動資産,総負債,現金及び現金同等物,投資有価証券,ネットキャッシュ,ネットキャッシュ比率
Bandwidth Inc.,BAND,Technology,NASDAQ,US,2024-12-31,,409904832.0,1.0436742,6.2639923,,-23.17886477286619,0.0,0.0,-0.39,2.144,-0.638081291158254,748487000.0,-20059000.0,-0.0104600005,-6524000.0,-0.01544,-0.03201,0.3159560680411579,676633000.0,140323000.0,187812000.0,503586000.0,81812000.0,,-488821000.0,-1.192523146445856
BancFirst Corporation,BANF,Financial Services,NASDAQ,US,2024-12-31,,3992486400.0,2.225421,16.533335,16.742617,15.161733724791553,0.2672,0.016282458,7.11,7.2,6.3432827020160065,631449000.0,,0.49208,216354000.0,0.35127997,0.14137,0.11960671709390826,11933127000.0,,,86157000.0,3553772000.0,881839000.0,,
BFC Capital Trust II PFD TR 7.20%,BANFP,Unknown,NASDAQ,US,,,,,,,,,,,,,,,,,,,,,,,,,,,
CBL International Limited,BANL,Energy,NASDAQ,US,2024-12-31,,8330514.0,0.3812814,,,33.57542689926693,0.0,0.0,-0.12,,0.04556904,592517545.0,-3327590.0,-0.00265,-3736007.0,-0.0054699997,-0.1424,0.33061148684976605,46525076.0,46489716.0,68339912.0,1554997.0,8020871.0,,21814836.0,2.6186662671715095
Banner Corporation,BANR,Financial Services,NASDAQ,US,2024-12-31,,2202380288.0,1.1315696,10.190911,11.452127,9.507719946621073,0.344,0.030407526,5.64,6.338,5.330095907125871,602943000.0,,0.3886,168898000.0,0.30166,0.10503,0.1095260461442156,14425711000.0,,,481227000.0,501858000.0,2081225000.0,,
ArrowMark Financial Corp.,BANX,Financial Services,NASDAQ,US,2024-12-31,,162221216.0,0.93465936,9.14978,7.580292,5.118761306650454,0.65690005,0.088495575,2.74,2.27,2.840000162703093,19653188.0,,0.75801,16744994.0,0.69818,0.12538,0.7449038852740058,53114711.0,,,46800000.0,2661187.0,,,
ArrowMark Financial Corp.,BANXR,Unknown,NASDAQ,US,,,,0.0029295292,,,,,23.68421,,,,,,0.75801,,0.69818,0.12538,,,,,,,,,
BAO Holding Ltd,BAO,Unknown,NASDAQ,US,2025-03-31,,,,,,,,,,,,28501166.0,7798987.0,,6638153.0,,,0.5099464127756995,7681318.0,7436483.0,14662762.0,476922.0,1718763.0,,6981444.0,
Baosheng Media Group Holdings Limited,BAOS,Communication Services,NASDAQ,US,2024-12-31,,4020355.0,0.36891013,,,-3.0936399810868513,0.0,0.0,-19.1,,-1.202467013405783,624087.0,-26731445.0,-14.93635,-26871234.0,0.0,-1.1586499,0.697655521033029,6424204.0,6424204.0,12712574.0,684997.0,1480528.0,,6288370.0,1.5641330181041226
Credicorp Ltd.,BAP,Financial Services,NASDAQ,US,2024-12-31,,28040120320.0,2.63084,12.615866,14.900886,2.2885396898948516,0.50310004,0.112233445,23.71,28.00442,61.082270255721134,21242284000.0,,0.47272998,5501254000.0,0.31623,0.18547001,0.13411922826499262,221111706000.0,,,28427645000.0,47506911000.0,13886772000.0,,
GraniteShares Gold Trust,BAR,Unknown,NASDAQ,US,,,,,,,,,,,,,,,,,,,,,,,,,,,
"BARK, Inc.",BARK,Consumer Cyclical,NASDAQ,US,2025-03-31,,144125776.0,1.4230374,-9.265555,,-5.939019781964027,0.0,0.0,-0.19,-0.09,-0.20878866463830445,484182000.0,-35148000.0,-0.09964,-32878000.0,-0.078099996,-0.33594,0.38185968883687915,161109000.0,124040000.0,201637000.0,85173000.0,94022000.0,,40528000.0,0.28119883288607583
"BARK, Inc.",BARKW,Unknown,NASDAQ,US,,,,0.0042662113,,,,,0.0,,,,,,0.0,,0.0,,,,,,,,,,
"Basanite, Inc.",BASA,Basic Materials,NASDAQ,US,2024-12-31,,10836214.0,-1.0945946,,Infinity,-1.6574719138457998,0.0,0.0,0.0,,-0.00844659889267731,434725.0,-804985.0,-187.69398,-1729396.0,0.0,,-33.2165903300227,9091656.0,9091656.0,132981.0,4592357.0,82222.0,,-8958675.0,-0.8267347802470494
Battalion Oil Corporation,BATL,Energy,NASDAQ,US,2024-12-31,,46242940.0,-2.282697,12.217391,,-51.67479617639477,0.0,0.0,-3.36,0.23,-0.18539018307888813,193893000.0,6766000.0,0.13813,-31882000.0,-0.06607,-0.061279997,0.4214263840685956,249393000.0,77664000.0,54052000.0,165868000.0,19712000.0,,-195341000.0,-4.224234012802819
"Atlanta Braves Holdings, Inc.",BATRA,Communication Services,NASDAQ,US,2024-12-31,,2732130560.0,4.8748174,-94.3913,,-21.377836535325788,0.0,0.0,-0.02,-0.46,-2.024994477060053,662748000.0,-39665000.0,0.124960005,-31268000.0,-0.0014399999,-0.0016500001,0.3439842346273836,987622000.0,286660000.0,179146000.0,720965000.0,110144000.0,,-808476000.0,-0.2959141161980195
"Atlanta Braves Holdings, Inc.",BATRB,Communication Services,NASDAQ,US,2024-12-31,,3649552640.0,6.5117326,,,-22.46919708445736,0.0,0.0,-0.02,,-2.024994477060053,662748000.0,-39665000.0,0.124960005,-31268000.0,-0.0014399999,-0.0016500001,0.3439842346273836,987622000.0,286660000.0,179146000.0,720965000.0,110144000.0,,-808476000.0,-0.22152742534493214
"Atlanta Braves Holdings, Inc.",BATRK,Communication Services,NASDAQ,US,2024-12-31,,2494902784.0,4.393174,-241.75214,,-19.654374215797052,0.0,0.0,-0.02,-0.16186,-2.024994477060053,662748000.0,-39665000.0,0.124960005,-31268000.0,-0.0014399999,-0.0016500001,0.3439842346273836,987622000.0,286660000.0,179146000.0,720965000.0,110144000.0,,-808476000.0,-0.32405110338760196
Baxter International Inc.,BAX,Healthcare,NASDAQ,US,2024-12-31,,11170432000.0,1.542338,9.580369,,7.056799724877599,3.0769,0.031235645,-0.7,2.26818,5.24901185770751,10636000000.0,439000000.0,0.10123,-649000000.0,-0.030940002,-0.04658,0.2701109301062757,18758000000.0,6511000000.0,8853000000.0,13449000000.0,1764000000.0,,-9905000000.0,-0.8867159300553461
Bayview Acquisition Corp,BAYA,Financial Services,NASDAQ,US,2024-12-31,,41941772.0,-8.31044,,57.619053,,0.0,0.0,0.21,,,0.0,-1027170.0,0.0,1752975.0,0.0,,0.9148556679827058,3380893.0,1280893.0,124967.0,500000.0,93620.0,,-3255926.0,-0.07762967191753367
Bayview Acquisition Corp,BAYAR,Unknown,NASDAQ,US,,,,-0.105563186,,,,,0.0,,,,,,0.0,,0.0,,,,,,,,,,
Bayview Acquisition Corp,BAYAU,Financial Services,NASDAQ,US,2024-12-31,,,-8.241758,,,,,0.0,,,,0.0,-1027170.0,0.0,1752975.0,0.0,,0.9148556679827058,3380893.0,1280893.0,124967.0,500000.0,93620.0,,-3255926.0,
BlackBerry Limited,BB,Technology,NASDAQ,US,2025-02-28,,2041910400.0,2.756972,21.060322,86.5,-11.717796994462358,0.0,0.0,0.04,0.16429,-0.2227381048100824,534900000.0,13100000.0,0.13116999,-79000000.0,0.0402,0.02878,0.5556498919419574,575700000.0,344300000.0,591500000.0,239000000.0,266700000.0,,15800000.0,0.007737851768618251
BBAAY,BBAAY,Unknown,NASDAQ,US,,,,,,,,,,,,,,,,,,,,,,,,,,,
"BigBear.ai Holdings, Inc.",BBAI,Technology,NASDAQ,US,2024-12-31,,2161254400.0,3.3714285,-23.599998,,-4.921201653399938,0.0,0.0,-1.45,-0.2,-0.4734615827206176,158236000.0,-45683000.0,-0.53348,-295547000.0,-2.95609,-1.20338,-0.01080354649539235,347490000.0,202966000.0,93757000.0,146410000.0,50141000.0,,-253733000.0,-0.11740080205273382
"BigBear.ai Holdings, Inc. WT",BBAI-WT,Unknown,NASDAQ,US,,,,,,,,,,,,,,,,,,,,,,,,,,,
Banco BBVA Argentina S.A.,BBAR,Financial Services,NASDAQ,US,2024-12-31,,4134502656.0,5.4344945,26.20438,28.492065,0.0027716702241656036,0.0832,0.0,0.63,0.685,1672.4692903248292,3432246397000.0,,0.087790005,360405364000.0,0.08501001,0.07193,0.17484905070996443,12104066606000.0,,,348995010000.0,2823405750000.0,252080674000.0,,
Lux Metals Corp.,BBBMF,Basic Materials,NASDAQ,US,2025-08-31,,7200853.0,49.368496,,,-0.6880217599047455,0.0,0.0,-0.02,,-0.01889475162823442,0.0,-540658.0,0.0,-855046.0,0.0,,0.5465241166229372,184932.0,184932.0,252201.0,,207927.0,,67269.0,0.009341809921685667
Brixton Metals Corporation,BBBXF,Basic Materials,NASDAQ,US,2025-09-30,,57415452.0,5.519672,,,-2.214993522234357,0.0,0.0,-0.01,,-0.029796926708749543,0.0,-11781932.0,0.0,-8069566.0,0.0,-0.66453004,0.8492309875108883,1944624.0,1561060.0,5363481.0,142489.0,3848109.0,,3418857.0,0.05954593895733852
"Bed Bath & Beyond, Inc.",BBBY,Unknown,NASDAQ,US,2024-12-31,,376810528.0,1.7543296,-9.453854,,-4.181503982413089,,0.0,,,-6.80855487238466,1394964000.0,-190969000.0,,-258795000.0,,,0.4048522965314439,239222000.0,224861000.0,227507000.0,32665000.0,159169000.0,10985000.0,-4025500.0,-0.010683087920515852
"Bed Bath & Beyond, Inc. WT",BBBY-WT,Unknown,NASDAQ,US,,,,,,,,,,,,,,,,,,,,,,,,,,,
"Concrete Pumping Holdings, Inc.",BBCP,Industrials,NASDAQ,US,2025-10-31,,331495456.0,1.2470952,29.272728,71.55555,16.6039148377057,0.0,0.0,0.09,0.22,0.29881264058409235,392867000.0,41531000.0,0.15494001,6373000.0,0.01622,0.02003,0.3010532754547253,614753000.0,52284000.0,113353000.0,441401000.0,44394000.0,,-501400000.0,-1.51253958666631
Bleichroeder Acquisition Corp. II,BBCQ,Unknown,NASDAQ,US,,,380266656.0,,,,,,0.0,,,,,,,,,,,,,,,,,,
Bleichroeder Acquisition Corp. II,BBCQU,Unknown,NASDAQ,US,,,,,,,,,0.0,,,,,,,,,,,,,,,,,,
Bleichroeder Acquisition Corp. II,BBCQW,Unknown,NASDAQ,US,,,,,,,,,0.0,,,,,,,,,,,,,,,,,,
Banco Bradesco S.A.,BBD,Financial Services,NASDAQ,US,2024-12-31,,42096504832.0,1.2562007,7.7179646,10.756757,2.3211751790487316,0.71699995,0.0,0.37,0.51568,1.3391373808971871,105330174000.0,,0.31264,17252900000.0,0.24233,0.12561,0.08137759148720738,1900541870000.0,,,406480756000.0,168357963000.0,572249899000.0,,
"Barings BDC, Inc.",BBDC,Financial Services,NASDAQ,US,2024-12-31,,938017728.0,0.8038933,9.139344,9.291667,5.714602264214045,1.0833,0.11724915,0.96,0.976,1.1957977433195794,123587000.0,,0.77978,110289000.0,0.36014998,0.08598,0.44158165347261896,1505306000.0,,,1450421000.0,77846000.0,2537538000.0,,
Banco Bradesco S.A.,BBDO,Financial Services,NASDAQ,US,2024-12-31,,39440789504.0,1.1141679,,9.540541,2.075910715035417,0.5198,0.0,0.37,,1.3391373808971871,105330174000.0,,0.31264,17252900000.0,0.24233,0.12561,0.08137759148720738,1900541870000.0,,,406480756000.0,168357963000.0,572249899000.0,,
"Beasley Broadcast Group, Inc.",BBGI,Communication Services,NASDAQ,US,2024-12-31,,7973653.0,0.05654271,-1.4733334,,-0.3501920373226346,0.0,0.0,-4.77,-3.0,-50.25813983672825,240291611.0,14014098.0,0.0189,-5887258.0,-0.03842,-0.05898,0.26805877184792815,401987118.0,52987167.0,69290137.0,287209015.0,13772720.0,,-332696981.0,-41.724537172610844
"BridgeBio Pharma, Inc.",BBIO,Healthcare,NASDAQ,US,2024-12-31,,13040217088.0,-6.781266,-38.374134,,-10.581921851098285,0.0,0.0,-4.21,-1.77333,-3.951078259848574,221902000.0,-577368000.0,-1.12973,-535762000.0,-2.25315,,-1.5966967535335208,2376950000.0,154400000.0,720692000.0,1730584000.0,681101000.0,,-1656258000.0,-0.12701153583740094
Bone Biologics Corporation,BBLG,Healthcare,NASDAQ,US,2024-12-31,,2513364.0,0.41778573,-1.0294118,,-0.17642903781552938,0.0,0.0,-2.4,-1.36,-204.0480435972273,0.0,-4219161.0,0.0,-4112420.0,0.0,-0.80459,0.9021818427609483,377712.0,377712.0,3861369.0,,3325131.0,,3483657.0,1.3860535123444118
Bone Biologics Corporation,BBLGW,Unknown,NASDAQ,US,2024-12-31,,,5.6072817,,,,,0.0,-0.144,,,0.0,-4219161.0,0.0,-4112420.0,0.0,-0.80459,0.9021818427609483,377712.0,377712.0,3861369.0,,3325131.0,,3483657.0,
Bubblr Inc.,BBLR,Technology,NASDAQ,US,2024-12-31,,887943.0,-0.33333334,,Infinity,-2.3471403526117047,0.0,0.0,0.0,,-0.016914200053703775,5349.0,-1279354.0,-156.19707,-1313026.0,0.0,,-1.5943125937868576,3182835.0,2045276.0,44907.0,1105095.0,41184.0,,-3137928.0,-3.5339295427747053
BlackRock Taxable Municipal Bond Trust,BBN,Financial Services,NASDAQ,US,2024-12-31,,1009689728.0,,,19.22353,7.397961004425075,1.3115,0.0,0.85,,1.9299999985459249,12774719.0,,0.0,12069221.0,0.0,,0.676931118190575,505701117.0,,,504282960.0,,1563635.0,,
"Beta Bionics, Inc.",BBNX,Healthcare,NASDAQ,US,2024-12-31,,575842176.0,1.9522388,-7.665934,,,0.0,0.0,-1.94,-1.70625,,65124000.0,-45251000.0,-0.62536,-54756000.0,-0.87888,-0.47519,-1.6396137525476961,395005000.0,21148000.0,132923000.0,7255000.0,30432000.0,,-262082000.0,-0.45512817734281413
"BridgeBio Oncology Therapeutics, Inc.",BBOT,Healthcare,NASDAQ,US,2024-12-31,,855878976.0,1.8971632,-4.248847,,,0.0,0.0,-1.45,-2.51833,,0.0,-80863000.0,0.0,-74275000.0,0.0,,-1.0872544902343868,342938000.0,19580000.0,158693000.0,,30851000.0,,-184245000.0,-0.21526992152684915
"Barrett Business Services, Inc.",BBSI,Industrials,NASDAQ,US,2024-12-31,,972349952.0,1.3580424,15.936841,18.197115,15.500566445159732,0.1538,0.008569898,2.08,2.375,1.847422981457147,1144531000.0,59781000.0,0.05167,52993000.0,0.04481,0.24083,0.2969840699227909,524104000.0,358896000.0,475442000.0,21446000.0,55367000.0,,-48662000.0,-0.05004576788419485
Beacon Financial Corporation,BBT,Financial Services,NASDAQ,US,2024-12-31,,2649002752.0,1.0628198,8.077619,30.650486,11.768731479236344,1.2493,0.020819884,1.03,3.90833,2.018855228679992,355559000.0,,0.46109,68715000.0,0.17645,0.04856,0.10263801260041094,10683387000.0,,,1564631000.0,543670000.0,,,
Brookfield Business Partners L.P.,BBU,Industrials,NASDAQ,US,2024-12-31,,3199427584.0,3.3070579,14.909091,,2.6510232739743933,0.0309,0.007169487,-0.29,2.42,7.583892617449664,40620000000.0,4470000000.0,0.16662,15000000.0,-0.00095,0.023729999,,58166000000.0,12166000000.0,15339000000.0,39790000000.0,3239000000.0,4700000000.0,-39537000000.0,-12.357523013716694
Brookfield Business Corporation,BBUC,Financial Services,NASDAQ,US,2024-12-31,,2552080896.0,-3.7587628,,,3.2439328069615225,0.0704,0.007096225,-12.5,,7.114027999662803,8208000000.0,63000000.0,0.04928,-888000000.0,-0.12207,-0.42299,-0.003089328725520997,16463000000.0,4810000000.0,2935000000.0,8770000000.0,1008000000.0,11000000.0,-13520300000.0,-5.297755263632521
"Banco Bilbao Vizcaya Argentaria, S.A.",BBVA,Financial Services,NASDAQ,US,2024-12-31,,137941942272.0,2.0381434,11.587301,11.581731,6.016539291456046,0.41009998,0.0,2.08,2.079,1.34682566341955,39235000000.0,,0.53106,10054000000.0,0.32908002,0.18634,0.07205315366868548,712389000000.0,,,75930000000.0,59881000000.0,70039000000.0,,
"Banco Bilbao Vizcaya Argentaria, S.A.",BBVXF,Financial Services,NASDAQ,US,2024-12-31,,136239874048.0,2.036451,,11.572116,6.049841490837237,0.4148,0.0,2.08,,1.34682566341955,39235000000.0,,0.0,10054000000.0,0.0,,0.07205315366868548,712389000000.0,,,75930000000.0,59881000000.0,70039000000.0,,
"Build-A-Bear Workshop, Inc.",BBW,Consumer Cyclical,NASDAQ,US,2025-01-31,,727582912.0,4.68713,13.779987,12.801386,5.884632211823703,0.19860001,0.015820457,4.33,4.0225,3.648801554739797,496404000.0,66280000.0,0.08565,51785000.0,0.10934,0.41181,0.4796658803404654,150874000.0,79394000.0,126298000.0,96996000.0,27758000.0,,-24576000.0,-0.033777593721167544
"Bath & Body Works, Inc.",BBWI,Consumer Cyclical,NASDAQ,US,2025-01-31,,4752623616.0,-2.9661562,8.935425,7.136223,10.714170560206803,0.2477,0.035971224,3.23,2.57962,3.834061135371179,7307000000.0,1266000000.0,0.101,798000000.0,0.09505,,-0.28427750410509034,6255000000.0,1231000000.0,1823000000.0,4959000000.0,674000000.0,,-4432000000.0,-0.9325375535902736
"BBX Capital, Inc.",BBXIA,Industrials,NASDAQ,US,2024-12-31,,54853448.0,0.20218581,,,-4.7075716424348295,0.0,0.0,-5.02,,-1.443203108736382,307262000.0,-55519000.0,-0.18812999,-63896000.0,-0.20795,-0.19003999,0.40725256793374615,294406000.0,95357000.0,192601000.0,217694000.0,87698000.0,,-101805000.0,-1.855945318150283
"BBX Capital, Inc.",BBXIB,Industrials,NASDAQ,US,2024-12-31,,42185792.0,0.16666667,,,-4.926541256485037,0.0,0.0,-5.02,,-1.443203108736382,307262000.0,-55519000.0,-0.18812999,-63896000.0,-0.20795,-0.19003999,0.40725256793374615,294406000.0,95357000.0,192601000.0,217694000.0,87698000.0,,-101805000.0,-2.4132532583482136
"Best Buy Co., Inc.",BBY,Consumer Cyclical,NASDAQ,US,2025-01-31,,14793230336.0,5.5734982,10.490777,23.237625,11.745468545401895,1.2508,0.05558815,3.03,6.71161,5.679633867276888,41528000000.0,1734000000.0,0.039809998,927000000.0,0.015420001,0.22493,0.1899607630902449,11974000000.0,8016000000.0,8224000000.0,4053000000.0,1578000000.0,,-3750000000.0,-0.2534943291509633
Brunswick Corporation,BC,Consumer Cyclical,NASDAQ,US,2024-12-31,,5741270528.0,3.5464082,16.979149,,15.71477897273825,1.9317999,0.019840812,-2.06,5.17576,5.963120567375887,5237100000.0,433300000.0,0.03906,130100000.0,-0.0256,-0.077259995,0.3332863659580464,3785400000.0,1279900000.0,2113800000.0,2511700000.0,269000000.0,,-1671600000.0,-0.2911550660864452
NASDAQ MEA Basic Resources Larg,BC-PC,Unknown,NASDAQ,US,,,,,,,,,,,,,,,,,,,,,,,,,,,
"BioAtla, Inc.",BCAB,Healthcare,NASDAQ,US,2024-12-31,,13486908.0,-0.39661017,-0.22891304,,-1.0874193140087285,0.0,0.0,-1.15,-0.92,-2.584099718093646,11000000.0,-73943000.0,0.0,-69776000.0,0.0,,0.27211857617031016,38157000.0,14540000.0,51232000.0,836000.0,49046000.0,,13075000.0,0.9694586780009177
BCAC,BCAC,Unknown,NASDAQ,US,,,,,,,,,,,,,,,,,,,,,,,,,,,
BCAEF,BCAEF,Unknown,NASDAQ,US,,,,,,,,,,,,,,,,,,,,,,,,,,,
California BanCorp,BCAL,Financial Services,NASDAQ,US,2024-12-31,,621132352.0,1.0772518,10.664173,9.927462,12.234394669900922,0.051799998,0.0053050397,1.93,1.79667,1.38877409571296,127763000.0,,0.51459,5433000.0,0.33435002,0.11587,0.12695434677678194,3519818000.0,,,88035000.0,60471000.0,,,
D. Boral ARC Acquisition I Corp.,BCAR,Financial Services,NASDAQ,US,,,418180000.0,534.2105,,,,,0.0,,,,,,0.0,,0.0,,,,,,,,,,
D. Boral ARC Acquisition I Corp.,BCARU,Financial Services,NASDAQ,US,,,,577.36847,,,,,0.0,,,,,,0.0,,0.0,,,,,,,,,,
D. Boral ARC Acquisition I Corp.,BCARW,Financial Services,NASDAQ,US,,,,42.68421,,,,,0.0,,,,,,0.0,,0.0,,,,,,,,,,
BlackRock Capital Allocation Term Trust,BCAT,Financial Services,NASDAQ,US,2024-12-31,,1553817216.0,,,9.821192,5.172244690563501,2.267,0.0,1.51,,1.92000000637736,197673074.0,,0.0,194418080.0,0.0,,0.894481998759497,203049315.0,,,,6297866.0,1850607952.0,,
Bicara Therapeutics Inc.,BCAX,Healthcare,NASDAQ,US,2024-12-31,,841450752.0,2.082712,-5.1874366,2.8550184,,0.0,0.0,5.38,-2.961,,0.0,-82389000.0,0.0,-67995000.0,0.0,-0.26639998,0.9644683487713629,18121000.0,17990000.0,502533000.0,738000.0,489711000.0,,484412000.0,0.5756866921190891
"BCB Bancorp, Inc.",BCBP,Financial Services,NASDAQ,US,2024-12-31,,143028720.0,0.51256657,6.1561337,,6.743471905451125,10.6667,0.068292685,-0.84,1.345,1.7412591542641154,94961000.0,,-0.11073,18623000.0,-0.21024,-0.03988,0.09000121696482305,3275193000.0,,,511461000.0,318017000.0,111189000.0,,
Boise Cascade Company,BCC,Basic Materials,NASDAQ,US,2024-12-31,,3398830080.0,1.5783268,23.094273,17.573359,10.16808974145236,0.16770001,0.009533423,5.18,3.94167,12.12140046615373,6724294000.0,489889000.0,0.01936,376354000.0,0.02964,0.09047,0.6384771336473176,1218109000.0,564016000.0,1886068000.0,516224000.0,713260000.0,,667959000.0,0.1965261529049431
"BioCardia, Inc.",BCDA,Healthcare,NASDAQ,US,2024-12-31,,13265918.0,5.040323,-1.8115942,,-1.2080874307635907,0.0,0.0,-1.42,-0.69,-8.194770814122966,58000.0,-8001000.0,0.0,-7946000.0,0.0,-3.1747198,0.22475832438238452,2887000.0,2321000.0,2622000.0,951000.0,2371000.0,,-265000.0,-0.01997600166079724
"Banco Santander, S.A.",BCDRF,Financial Services,NASDAQ,US,2024-12-31,,184942804992.0,1.5683221,,13.404256,5.479982096806872,0.2807,0.0,0.94,,0.6817147327573297,63842000000.0,,0.44377998,12574000000.0,0.28214002,0.14294,0.05367264698725859,1729754000000.0,,,327723000000.0,217892000000.0,188164000000.0,,
BCE Inc.,BCE,Communication Services,NASDAQ,US,2024-12-31,,23387748352.0,1.6723206,12.792921,5.046278,13.428517131325,0.3402,0.0,4.97,1.9604592,2.480815610611708,24409000000.0,5548000000.0,0.24450001,344000000.0,0.25868,0.31356,0.23230591277131388,56125000000.0,14846000000.0,8923000000.0,40504000000.0,1572000000.0,877000000.0,-46588100000.0,-1.9919873986507994
BCE Inc.,BCEFF,Communication Services,NASDAQ,US,2024-12-31,,,1.0101936,,6.069711,,,0.0,2.496,,,24409000000.0,5548000000.0,0.0,344000000.0,0.0,,0.23230591277131388,56125000000.0,14846000000.0,8923000000.0,40504000000.0,1572000000.0,877000000.0,-46588100000.0,
BCENF,BCENF,Unknown,NASDAQ,US,,,,,,,,,,,,,,,,,,,,,,,,,,,
BCE Inc.,BCEPF,Communication Services,NASDAQ,US,2024-12-31,,,1.003639,,6.0303283,,,0.0,2.496,,,24409000000.0,5548000000.0,0.0,344000000.0,0.0,,0.23230591277131388,56125000000.0,14846000000.0,8923000000.0,40504000000.0,1572000000.0,877000000.0,-46588100000.0,
BCE Inc.,BCEXF,Communication Services,NASDAQ,US,2024-12-31,,,0.6667945,,4.00641,,,0.0,2.496,,,24409000000.0,5548000000.0,0.0,344000000.0,0.0,,0.23230591277131388,56125000000.0,14846000000.0,8923000000.0,40504000000.0,1572000000.0,877000000.0,-46588100000.0,
"Binah Capital Group, Inc.",BCG,Financial Services,NASDAQ,US,2024-12-31,,39015780.0,35.074623,,58.75,,0.0,0.0,0.04,,,164391000.0,1483000.0,0.0427,-5292000.0,0.00587,0.058790002,0.018462138368552875,65446000.0,21676000.0,19495000.0,28823000.0,7486000.0,,-45951000.0,-1.1777542317493075
"Binah Capital Group, Inc.",BCGWW,Unknown,NASDAQ,US,2024-12-31,,,2.3880596,,,,,0.0,,,,164391000.0,1483000.0,0.0427,-5292000.0,0.00587,0.058790002,0.018462138368552875,65446000.0,21676000.0,19495000.0,28823000.0,7486000.0,,-45951000.0,
Banco de Chile,BCH,Financial Services,NASDAQ,US,2024-12-31,,22445993984.0,0.7901428,14.506661,16.218977,0.007257955016623507,0.8375,0.0,2.74,3.06342,2720.3834909456878,3039651000000.0,,0.0,1248476000000.0,0.45091,0.20876,0.12496064299935634,45550646000000.0,,,11953845000000.0,3071532000000.0,2970883000000.0,,
Grayscale Bitcoin Cash Trust (BCH),BCHG,Unknown,NASDAQ,US,,,105494992.0,,,,,,0.0,,,,,,,,,,,,,,,,,,
Birchtech Corp.,BCHT,Industrials,NASDAQ,US,2024-12-31,,65372044.0,-56.94915,-16.8,,17.020558023512134,0.0,0.0,-0.2,-0.2,0.29082476628717024,17406185.0,-7115268.0,0.110139996,-10802111.0,-0.19461,-9.77951,0.11615197802990287,9069359.0,8805869.0,6099312.0,306223.0,3456082.0,,-2970047.0,-0.04543298355486636
Birchtech Corp,BCHTD,Industrials,NASDAQ,US,2024-12-31,,67901320.0,-59.152542,-17.449999,,17.020558023512134,0.0,0.0,-0.2,-0.2,0.29082476628717024,17406185.0,-7115268.0,0.110139996,-10802111.0,-0.19461,-9.77951,0.11615197802990287,9069359.0,8805869.0,6099312.0,306223.0,3456082.0,,-2970047.0,-0.04374063714814381
BCP Investment Corp.,BCIC,Financial Services,NASDAQ,US,2024-12-31,,161073456.0,0.6955679,6.00738,7.8269234,11.219730832144409,1.4038,0.15447822,1.56,2.0325,1.1968162857031088,-98000.0,,0.75829005,-5935000.0,0.28392,0.078660004,0.39347359324918324,275141000.0,,,265140000.0,17532000.0,405021000.0,,
Babcock International Group PLC,BCKIF,Industrials,NASDAQ,US,2025-03-31,,9451252736.0,9.431539,29.126986,24.144737,20.34473779637572,0.1165,0.0035087718,0.76,0.63,0.321545998438738,4831300000.0,362400000.0,0.096269995,247100000.0,0.05787,0.44884998,0.16378516069589724,3068400000.0,1870100000.0,1679600000.0,1025900000.0,646600000.0,4200000.0,-1385860000.0,-0.14663241357637524
Brainstorm Cell Therapeutics Inc.,BCLI,Healthcare,NASDAQ,US,2024-12-31,,6179474.0,-0.8034433,-0.5233645,,-0.6514508709789099,0.0,0.0,-1.42,-1.07,-5.986637318493493,0.0,-11693000.0,0.0,-11623000.0,0.0,,-4.237991266375546,9596000.0,8978000.0,385000.0,720000.0,187000.0,,-9211000.0,-1.4905799425646908
Barclays PLC,BCLYF,Financial Services,NASDAQ,US,2024-12-31,,89678200832.0,1.0690492,,11.818182,5.374086669448393,0.2094,0.012372635,0.55,,0.33085876061654607,26230000000.0,,0.3443,6307000000.0,0.26568002,0.09369001,0.04730661664258116,1445721000000.0,,,185746000000.0,210184000000.0,142986000000.0,,
BayCom Corp,BCML,Financial Services,NASDAQ,US,2024-12-31,,332817696.0,0.97550076,10.531034,14.009174,9.95523471260954,0.41279998,0.029230269,2.18,2.9,2.2713723926011484,97136000.0,,0.3695,23614000.0,0.24806,0.0722,0.12173579512615462,2340142000.0,,,86764000.0,23387000.0,214263000.0,,
The Brink's Company,BCO,Industrials,NASDAQ,US,2024-12-31,,5454010368.0,20.283546,14.2759,33.310432,46.421557766817585,0.2532,0.0077607045,3.93,9.17,1.8699360341151385,5011900000.0,442300000.0,0.11131,162900000.0,0.03305,0.44395,0.027917440473494284,6310600000.0,1898400000.0,2887900000.0,4253000000.0,1395300000.0,31300000.0,-3400790000.0,-0.6235393353766356
"1895 Bancorp of Wisconsin, Inc.",BCOW,Financial Services,NASDAQ,US,2023-12-31,,56764616.0,0.83522815,,,-389.6268305220475,0.0,0.0,-0.6,,-0.025627084365054353,10277000.0,,-0.102740005,-6792000.0,-0.27587,-0.04553,0.1304879601583194,484846000.0,,,71007000.0,11220000.0,3625000.0,,
Balchem Corporation,BCPC,Basic Materials,NASDAQ,US,2024-12-31,,5619941376.0,4.319605,31.072407,37.89059,44.43854085513633,0.1904,0.005008059,4.57,5.57279,3.3451368343195265,953684000.0,182909000.0,0.20399,128475000.0,0.14721,0.12056,0.7299315526310945,425458000.0,157685000.0,313770000.0,208044000.0,49515000.0,,-111688000.0,-0.01987351691549033
BCE Inc.,BCPPF,Communication Services,NASDAQ,US,2024-12-31,,,0.73347396,,,,,0.0,,,,24409000000.0,5548000000.0,0.0,344000000.0,0.0,,0.23230591277131388,56125000000.0,14846000000.0,8923000000.0,40504000000.0,1572000000.0,877000000.0,-46588100000.0,
"BlueOne Card, Inc.",BCRD,Technology,NASDAQ,US,2025-03-31,,103047752.0,14.049707,,,-42.3447431717024,0.0,0.0,-0.08,,-0.135790172978131,110145.0,-1159619.0,-14.76668,-1051243.0,0.0,-0.22788,0.5118775568743614,1773753.0,1769162.0,65806.0,35372.0,46018.0,,-1707947.0,-0.016574325658263753
"BioCryst Pharmaceuticals, Inc.",BCRX,Healthcare,NASDAQ,US,2024-12-31,,1582489216.0,-3.4617472,16.083899,,-5.166818293217006,0.0,0.0,-0.05,0.39667,-1.1786751162863298,450712000.0,-2543000.0,0.18565,-88881000.0,-0.01464,,-0.9704620529342196,966354000.0,160384000.0,421968000.0,808742000.0,104713000.0,,-544386000.0,-0.3440061357106904
Barclays PLC,BCS,Financial Services,NASDAQ,US,2024-12-31,,91092361216.0,4.3436294,9.030635,11.896397,5.559696221356157,0.2131,0.00333595,2.22,2.92449,1.3234350424661843,26230000000.0,,0.3443,6307000000.0,0.26568002,0.09369001,0.04730661664258116,1445721000000.0,,,185746000000.0,210184000000.0,142986000000.0,,
"Bain Capital Specialty Finance, Inc.",BCSF,Financial Services,NASDAQ,US,2024-12-31,,850426112.0,0.7535782,7.9294515,9.104166,6.232914475361555,1.1667,0.12814645,1.44,1.65333,1.910945968206041,138190000.0,,0.74867994,119418000.0,0.33451,0.08185001,0.4329802515579428,1492485000.0,,,1390270000.0,53525000.0,2435879000.0,,
Bain Capital GSS Investment Corp.,BCSS,Unknown,NASDAQ,US,,,517144000.0,-2539.9998,,,,,0.0,,,,,,,,,,,,,,,,,,
Bain Capital GSS Investment Corp.,BCSS-UN,Unknown,NASDAQ,US,,,,-2575.0,,,,,0.0,,,,,,,,,,,,,,,,,,
Bain Capital GSS Investment Corp. WT,BCSS-WT,Unknown,NASDAQ,US,,,,,,,,,,,,,,,,,,,,,,,,,,,
"Bancorp 34, Inc.",BCTF,Financial Services,NASDAQ,US,2024-12-31,,95515408.0,1.1606058,,16.471264,-10.47795414462081,0.0,0.0,0.87,,-0.9305251641137856,29838000.0,,0.21455999,1689000.0,0.21643,0.08575,0.0942331675915891,831580000.0,,,31971000.0,111510000.0,6244000.0,,
BriaCell Therapeutics Corp.,BCTX,Healthcare,NASDAQ,US,2024-07-31,,26027044.0,0.7892749,-10.717949,,-0.16942050939351586,0.0,0.0,-33.87,-0.39,-43.67830153419813,,,0.0,,0.0,-4.44067,-0.40570574094032946,8557193.0,7461157.0,3653854.0,,862089.0,,-4903339.0,-0.18839400279186527
BriaCell Therapeutics Corp.,BCTXL,Unknown,NASDAQ,US,,,,0.19826283,,,,,0.0,,,,,,0.0,,0.0,-4.44067,,,,,,,,,
BriaCell Therapeutics Corp.,BCTXW,Unknown,NASDAQ,US,2024-07-31,,,0.0016805136,,,,,0.0,,,,0.0,-33330076.0,0.0,-4791466.0,0.0,-4.44067,-0.40570574094032946,8557193.0,7461157.0,3653854.0,,862089.0,,-4903339.0,
BriaCell Therapeutics Corp.,BCTXZ,Unknown,NASDAQ,US,2024-07-31,,,0.033043806,,,,,0.0,,,,0.0,-33330076.0,0.0,-4791466.0,0.0,-4.44067,-0.40570574094032946,8557193.0,7461157.0,3653854.0,,862089.0,,-4903339.0,
Brunello Cucinelli S.p.A.,BCUCF,Consumer Cyclical,NASDAQ,US,2024-12-31,,6899645952.0,11.925187,,44.779736,48.31151990083255,0.48479998,0.009247418,2.27,,1.6857599940886547,1278540000.0,216389000.0,0.16642,119478000.0,0.09821,0.29122,0.2807839793041751,1238300000.0,490559000.0,687879000.0,958717000.0,182050000.0,,-550421000.0,-0.07977525279256532
Bell Copper Corporation,BCUFF,Basic Materials,NASDAQ,US,2024-12-31,,6770498.0,1.0002767,,,-9.762569204856245,0.0,0.0,-0.01,,-0.009531302785077465,0.0,-557734.0,0.0,-579793.0,0.0,-0.08781999,0.7891149426393923,2650539.0,2465719.0,23849.0,,4382.0,,-2626690.0,-0.387961121914518
Bancroft Fund Ltd.,BCV,Financial Services,NASDAQ,US,2025-09-30,,135179072.0,0.92044866,,3.128901,5.660864815712947,0.1737,0.055148643,7.37,,2.7012033902685326,43426023.0,,0.64382005,42905755.0,9.16563,0.27246,0.9986993025142826,226119.0,,,775.0,,171866358.0,,
Bancroft Fund Ltd.,BCV-PA,Unknown,NASDAQ,US,,,98186736.0,0.8677564,,2.9525874,,,0.05925926,7.363,,,,,0.64382005,,9.16563,0.27246,,,,,,,,,
Blackrock Resources & Commodities Strategy Trust,BCX,Financial Services,NASDAQ,US,2024-12-31,,985230720.0,,,23.333334,-74.22304594328993,1.4163,0.0,0.54,,-0.10238974188952672,-24842315.0,,0.0,-26856950.0,0.0,,0.992218227509641,6027720.0,,,152061.0,71339.0,30765815.0,,
Bicycle Therapeutics plc,BCYC,Healthcare,NASDAQ,US,2024-12-31,,392622272.0,0.63424474,-1.5376256,,-3.68209086917356,0.0,0.0,-3.62,-3.681,-5.07592050226956,35275000.0,-209153000.0,-5.58642,-169031000.0,0.0,-0.34585,0.8288081532666993,163808000.0,67230000.0,928605000.0,9493000.0,879520000.0,,764797000.0,1.9479205703338194
Belden Inc.,BDC,Technology,NASDAQ,US,2024-12-31,,5536872448.0,4.421069,17.933727,24.866549,13.802310987492513,0.0356,0.0015183723,5.62,7.79258,5.664131220980424,2460979000.0,266460000.0,0.10869,198433000.0,0.08568,0.18408,0.38905051716708666,2033202000.0,622704000.0,1196229000.0,1251235000.0,370302000.0,,-836973000.0,-0.1511634966961045
Blackwell 3D Construction Corp.,BDCC,Consumer Cyclical,NASDAQ,US,2025-05-31,,1062434.0,-1.0,,,-2.6227113314003185,0.0,0.0,-0.03,,-0.1525139275418833,0.0,-2894450.0,0.0,-2938168.0,0.0,,-460.63317384370015,868332.0,868332.0,1881.0,500485.0,1881.0,,-866451.0,-0.8155339531679144
BTC Development Corp.,BDCI,Financial Services,NASDAQ,US,2024-12-31,,350593888.0,-630.625,,,,0.0,0.0,-0.0,,,0.0,-33592.0,0.0,-33592.0,0.0,,-0.15653017306701422,381574.0,381574.0,0.0,,,,-381574.0,-0.0010883646665283567
BTC Development Corp.,BDCIU,Financial Services,NASDAQ,US,2024-12-31,,,-643.12494,,,,,0.0,,,,0.0,-33592.0,0.0,-33592.0,0.0,,-0.15653017306701422,381574.0,381574.0,0.0,,,,-381574.0,
BTC Development Corp.,BDCIW,Unknown,NASDAQ,US,2024-12-31,,,-36.13125,,,,,0.0,,,,0.0,-33592.0,0.0,-33592.0,0.0,,-0.15653017306701422,381574.0,381574.0,0.0,,,,-381574.0,
Blue Dolphin Energy Company,BDCO,Energy,NASDAQ,US,2024-12-31,,17757144.0,0.61626107,,,2.1268291799186034,0.0,0.0,-0.54,,2.078211131400362,317519000.0,-4236000.0,-0.02944,-8636000.0,-0.02826,-0.24555,0.32349650624165815,68933000.0,63901000.0,44762000.0,45925000.0,81000.0,,-24171000.0,-1.3611986251843202
BUILDDIRECT COM TECHNOLOGIES IN,BDCTF,Communication Services,NASDAQ,US,2024-12-31,,88747736.0,13.142858,,,,0.0,0.0,-0.03,,,65464840.0,-957011.0,-0.00225,-1247530.0,-0.02174,-0.30102,0.11368115901714711,24597974.0,14198051.0,16910668.0,13939654.0,2347491.0,,-7687306.0,-0.08661974205178598
ETRACS Quarterly Pay 1.5X Leveraged Wells Fargo BDC Index ETN,BDCX,Unknown,NASDAQ,US,,,,,,,,,,,,,,,,,,,,,,,,,,,
UBS ETRACS Wells Fargo Business Development Company Index ETN,BDCZ,Unknown,NASDAQ,US,,,,,,,,,,,,,,,,,,,,,,,,,,,
BlackRock Enhanced Equity Dividend Trust,BDJ,Financial Services,NASDAQ,US,2024-12-31,,1716363392.0,1.0334541,,9.999999,8.022433723538935,0.74230003,0.07453027,0.97,,0.8100000016742742,166611420.0,,0.69526,164769723.0,3.8490899,0.10333,0.9899637170916148,16186466.0,,,,47948.0,46597729.0,,
"Flanigan's Enterprises, Inc.",BDL,Consumer Cyclical,NASDAQ,US,2025-09-30,,60406028.0,0.0011794597,,11.9926195,14.974026277763768,0.203,0.0,2.71,,1.805614514213834,205248000.0,8123000.0,0.03452,5033000.0,0.08599,0.31577,0.4633381452536214,61526000.0,18118000.0,30593000.0,47115000.0,20094000.0,,-30933000.0,-0.5120846548625909
Baird Medical Investment Holdings Limited,BDMD,Healthcare,NASDAQ,US,2024-12-31,,33802520.0,0.6868657,,,25.952555479904238,0.0,0.0,-0.11,,0.41267612534110615,37037108.0,15315304.0,-1.31295,12453369.0,-0.09952,-0.08028,0.5086926379185374,38202392.0,34623183.0,61415375.0,20877297.0,2970199.0,,23212983.0,0.6867234454709293
Baird Medical Investment Holdings Limited,BDMDW,Unknown,NASDAQ,US,2024-12-31,,,0.03731343,,,,,0.0,,,,37037108.0,15315304.0,-1.31295,12453369.0,-0.09952,-0.08028,0.5086926379185374,38202392.0,34623183.0,61415375.0,20877297.0,2970199.0,,23212983.0,
Brandywine Realty Trust,BDN,Real Estate,NASDAQ,US,2024-12-31,,569681856.0,0.71647674,-163.5,,-4.181360076023618,5.4286,0.14241487,-1.03,-0.02,-1.1355150471639812,,,0.06792,,-0.41766,-0.19416,0.2974145620556364,2447626000.0,191387000.0,293192000.0,2236360000.0,90229000.0,,-2154434000.0,-3.7818195845788005
"BioAdaptives, Inc.",BDPT,Consumer Defensive,NASDAQ,US,2024-12-31,,238972.0,-0.14850746,,,-1.2572659405421067,0.0,0.0,-0.07,,-0.0596532527938312,12669.0,-520740.0,-57.35946,-899161.0,0.0,,-5.589926876300666,1725803.0,1725803.0,261885.0,343096.0,137470.0,,-1463918.0,-6.125897594697287
Biodexa Pharmaceuticals Plc,BDRX,Healthcare,NASDAQ,US,2024-12-31,,1040095.0,0.049684484,,,-0.2933161463483543,0.0,0.0,-27.29,,-2241.6086130462318,0.0,-9199000.0,0.0,-5729000.0,0.0,-0.61767,0.5630581867388362,6458000.0,5034000.0,8810000.0,727000.0,1669000.0,,2352000.0,2.2613318975670493
Breakwave Dry Bulk Shipping ETF,BDRY,Unknown,NASDAQ,US,,,,,,16.28499,,,,,,,,,,,,,,,,,,,,,
"Biodesix, Inc.",BDSX,Healthcare,NASDAQ,US,2024-12-31,,83040000.0,-48.055553,-47.18182,,-2.991882407087792,0.0,0.0,-5.23,-0.22,-12.70103394103248,71323000.0,-34260000.0,-0.32359,-42931000.0,-0.49313,-3.02552,0.2146764838961787,76368000.0,14317000.0,39484000.0,61976000.0,26245000.0,,-36884000.0,-0.44417148362235065
BDTB,BDTB,Unknown,NASDAQ,US,,,,,,,,,,,,,,,,,,,,,,,,,,,
"Black Diamond Therapeutics, Inc.",BDTX,Healthcare,NASDAQ,US,2024-12-31,,128478432.0,1.0180588,-3.7583334,6.094595,-1.615470090638842,0.0,0.0,0.37,-0.6,-1.8756150231116622,0.0,-78781000.0,0.21146,-69676000.0,0.30711,0.19231,0.6791014350945858,39355000.0,20573000.0,101176000.0,22186000.0,36437000.0,,61821000.0,0.4811780392836675
"Becton, Dickinson and Company",BDX,Healthcare,NASDAQ,US,2025-09-30,,59836399616.0,2.3607833,13.373051,36.08591,40.157251118044144,0.71480006,0.020144302,5.82,15.70472,5.858925325333581,21840000000.0,2986000000.0,0.17858,1678000000.0,0.07683,0.06544,0.4589245368278355,29935000000.0,8313000000.0,9255000000.0,19181000000.0,641000000.0,,-20680000000.0,-0.3456090294989984
Bloom Energy Corporation,BE,Industrials,NASDAQ,US,2024-12-31,,40054902784.0,51.766197,47.69654,,-175.11158182638377,0.0,0.0,-0.37,2.99875,-0.12854661007630902,,,0.01512,,0.0084,0.0293,0.21166581494223202,2072138000.0,636758000.0,2044127000.0,1529774000.0,802851000.0,,-28011000.0,-0.0006993151412962371
Bold Eagle Acquisition Corp.,BEAG,Financial Services,NASDAQ,US,2024-12-31,,329778528.0,-38.430656,,23.4,,0.0,0.0,0.45,,,0.0,-253368.0,0.0,2043928.0,0.0,,0.9621098043591441,9887700.0,314725.0,359978.0,756966.0,183491.0,,-9527722.0,-0.02889127457079316
Bold Eagle Acquisition Corp.,BEAGR,Unknown,NASDAQ,US,,,,-1.1160583,,,,,0.0,,,,,,0.0,,0.0,,,,,,,,,,
Bold Eagle Acquisition Corp.,BEAGU,Financial Services,NASDAQ,US,2024-12-31,,,-40.072994,,,,,0.0,,,,0.0,-253368.0,0.0,2043928.0,0.0,,0.9621098043591441,9887700.0,314725.0,359978.0,756966.0,183491.0,,-9527722.0,
Beam Therapeutics Inc.,BEAM,Healthcare,NASDAQ,US,2024-12-31,,2691115520.0,2.7063987,-5.763225,,-17.13293626260952,0.0,0.0,-4.41,-4.60159,-1.7177441072609987,63518000.0,-415568000.0,-13.076,-376742000.0,0.0,-0.4719,0.6645488773572599,370279000.0,182066000.0,878149000.0,161425000.0,281967000.0,,507870000.0,0.18872099552233268
"HeartBeam, Inc.",BEAT,Healthcare,NASDAQ,US,2024-12-31,,49254296.0,119.166664,-2.6981132,,-3.4724503039825128,0.0,0.0,-0.66,-0.53,-0.7199527080726769,0.0,-19887000.0,0.0,-19448000.0,0.0,-7.9201097,0.5048840048840049,1622000.0,1622000.0,2770000.0,,2377000.0,,1148000.0,0.02330761158376926
"HeartBeam, Inc.",BEATW,Unknown,NASDAQ,US,2024-12-31,,,11.291666,,,,,0.0,,,,0.0,-19887000.0,,-19448000.0,,,0.5048840048840049,1622000.0,1622000.0,2770000.0,,2377000.0,,1148000.0,
BEBE,BEBE,Unknown,NASDAQ,US,,,,,,,,8.0,,,,,,,0.14118,,0.0,-0.43175998,,,,,,,,,
TGE Value Creative Solutions Co,BEBE-UN,Unknown,NASDAQ,US,,,,-1663.3333,,,,,0.0,,,,,,,,,,,,,,,,,,
BCE Inc.,BECEF,Communication Services,NASDAQ,US,2024-12-31,,49289924608.0,0.9108412,,5.4727564,,,0.0,2.496,,,24409000000.0,5548000000.0,0.0,344000000.0,0.0,,0.23230591277131388,56125000000.0,14846000000.0,8923000000.0,40504000000.0,1572000000.0,877000000.0,-46588100000.0,-0.9451850529395721
Beam Global,BEEM,Technology,NASDAQ,US,2024-12-31,,28544020.0,1.0555947,-7.894737,,-5.865028107893719,0.0,0.0,-1.85,-0.19,-1.300931551235318,49336000.0,-11657000.0,-0.84174,-11282000.0,-1.05888,-0.80325997,0.6717974584682471,20171000.0,13315000.0,27126000.0,1929000.0,4572000.0,,6955000.0,0.24365874183103853
Mobile Infrastructure Corporation,BEEP,Industrials,NASDAQ,US,2024-12-31,,137052000.0,0.86700565,,,-2.1087271424591014,0.0,0.0,-0.39,,-1.8968788893831863,37008000.0,1677000.0,0.10929,-5765000.0,-0.42126,-0.08967,0.4095364066091331,225791000.0,38935000.0,25332000.0,213159000.0,10655000.0,,-200459000.0,-1.4626492134372355
BeOne Medicines AG,BEIGF,Healthcare,NASDAQ,US,2024-12-31,,36387627008.0,0.6776307,,632.365,-21.993702705275716,0.0,0.0,0.04,,-0.6497314323715592,3810241000.0,-568199000.0,0.1155,-644786000.0,0.013789999,0.018099999,0.5627888280686584,2588688000.0,2214899000.0,3991593000.0,1079866000.0,2627410000.0,,1402905000.0,0.03855445148131161
KE Holdings Inc.,BEKE,Real Estate,NASDAQ,US,2024-12-31,,20976402432.0,2.17723,20.738205,43.511623,3.1732639257027624,0.8812,0.142671,0.43,0.9021995,4.886868118909164,93457498000.0,4647741000.0,0.03004,4064900000.0,0.03358,0.050219998,0.5356680441155661,61701288000.0,52744258000.0,76603345000.0,22654751000.0,11442965000.0,20606410000.0,29326544000.0,1.3980731011940188
Bel Fuse Inc.,BELFA,Technology,NASDAQ,US,2024-12-31,,2880604928.0,6.092709,30.812876,41.665993,11.177763313191877,0.048600003,0.0012600409,4.94,6.68,5.778882279273638,534792000.0,68156000.0,0.17087,40960000.0,0.10038,0.16911,0.3796380038092671,508627000.0,128069000.0,373530000.0,318212000.0,68253000.0,,-135097000.0,-0.04689882971692257
Bel Fuse Inc.,BELFB,Technology,NASDAQ,US,2024-12-31,,2795198976.0,6.535239,29.895733,44.692307,11.583522292299886,0.056700002,0.0011538462,4.94,7.385,5.778882279273638,534792000.0,68156000.0,0.17087,40960000.0,0.10038,0.16911,0.3796380038092671,508627000.0,128069000.0,373530000.0,318212000.0,68253000.0,,-135097000.0,-0.04833180076265168
"Franklin Resources, Inc.",BEN,Financial Services,NASDAQ,US,2025-09-30,,14181827584.0,1.1655312,9.287334,25.185184,20.891779971409992,1.1944001,0.04793757,1.08,2.92872,0.9108367626886146,8770700000.0,1099800000.0,0.16523,524900000.0,0.06972,0.04464,0.3731366800233562,18179500000.0,1885900000.0,5115600000.0,13299900000.0,3573900000.0,81800000.0,-13006640000.0,-0.9171342637583711
Beneficient,BENF,Financial Services,NASDAQ,US,2025-03-31,,61422624.0,-0.023977555,0.73255813,,-0.008041643516128561,0.0,0.0,-107.2,6.02,-5332.243462684441,-7945000.0,-60558000.0,4.69273,51162000.0,0.0,-5.5108004,-0.47059105318774214,299274000.0,177672000.0,46567000.0,117896000.0,1346000.0,,-252707000.0,-4.114233218040311
Beneficient,BENFW,Unknown,NASDAQ,US,2025-03-31,,,-6.19828e-05,,,,,0.0,,,,-7945000.0,-60558000.0,4.69273,51162000.0,0.0,-5.5108004,-0.47059105318774214,299274000.0,177672000.0,46567000.0,117896000.0,1346000.0,,-252707000.0,
BENN,BENN,Unknown,NASDAQ,US,,,,,,,,,,,,,,,,,,,,,,,,,,,
BEO Bancorp,BEOB,Financial Services,NASDAQ,US,2024-12-31,,135347504.0,1.67422,,8.24357,4.586019692025607,0.0946,0.011469994,13.22,,11.35663356140126,52881313.0,,0.1826,16519888.0,0.31599,0.22752,0.09317820163836973,786762147.0,,,8826246.0,34058654.0,211749073.0,,
Brookfield Renewable Partners L.P.,BEP,Utilities,NASDAQ,US,2024-12-31,,19669352448.0,2.0981958,-20.139994,,-29.06069698600057,6.4902,0.050542004,-0.25,-1.51291,-0.7644284886634081,,,0.03119,,-0.0029699998,0.01994,,58353000000.0,14565000000.0,8835000000.0,35548000000.0,2828000000.0,3054000000.0,-47380200000.0,-2.4088337491160097
Brookfield Renewable Partners L.P.,BEP-PA,Utilities,NASDAQ,US,2024-12-31,,,1.2580912,,,,,0.08243094,-0.511,,,5876000000.0,1082000000.0,0.03119,-218000000.0,-0.0029699998,0.01994,,58353000000.0,14565000000.0,8835000000.0,35548000000.0,2828000000.0,3054000000.0,-47380200000.0,
Brookfield Renewable Corporation,BEPC,Utilities,NASDAQ,US,2024-12-31,,7540385280.0,-35.075253,-27.095633,,20.39933080060507,1.0809,0.03707066,-13.05,-1.54822,1.3137323648060428,,,0.21109,,-0.62876,-0.21959,0.030388180108318792,32021000000.0,11254000000.0,3114000000.0,14093000000.0,392000000.0,,-28907000000.0,-3.833623737592358
Brookfield BRP Holdings (Canada,BEPH,Unknown,NASDAQ,US,,,,,,,,,,,,,,,,,,,,,,,,,,,
Brookfield BRP Holdings (Canada,BEPI,Unknown,NASDAQ,US,,,,,,,,,,,,,,,,,,,,,,,,,,,
Brookfield BRP Holdings (Canada,BEPJ,Unknown,NASDAQ,US,,,,,,,,,,,,,,,,,,,,,,,,,,,
MicroSectors Solactive FANG & Innovation -3X Inverse Leveraged ETNs,BERZ,Unknown,NASDAQ,US,,,,,,23.449305,,,,,,,,,,,,,,,,,,,,,
Bimergen Energy Corporation,BESS,Utilities,NASDAQ,US,2024-12-31,,39309072.0,1.9398642,,,-42.00889622331381,0.0,0.0,-0.84,,-0.199957636922355,0.0,-2758731.0,0.0,-2757687.0,0.0,-0.20556,0.9244342530885774,1756985.0,1756985.0,1028877.0,,156087.0,,-728108.0,-0.018522645357794253
"BETA Technologies, Inc.",BETA,Industrials,NASDAQ,US,,,3943024896.0,-0.48075533,-9.027136,,,0.0,0.0,-3.89,-1.8389,,,,-9.03499,,0.0,,,,,,,,,,
Better Home & Finance Holding Company,BETR,Financial Services,NASDAQ,US,2024-12-31,,418786304.0,9.787234,-13.057118,,-0.7401818891913053,0.0,0.0,-12.18,-2.04333,-58.09382886547004,120053000.0,-188016000.0,-0.86085,-206290000.0,-1.27229,-8.75532,-0.0637090564992109,971227000.0,435562000.0,861863000.0,767900000.0,211101000.0,,-109364000.0,-0.2611451209254446
BetterLife Pharma Inc.,BETRF,Healthcare,NASDAQ,US,2025-01-31,,6698643.0,-0.9754259,,,-2.156189184563195,0.0,0.0,-0.0,,-0.02643552821704256,0.0,-4724931.0,0.0,-3520288.0,0.0,,-47.463489551615154,7587112.0,7537996.0,224963.0,1302148.0,8180.0,,-7362149.0,-1.0990508077531524
Better Home & Finance Holding Company,BETRW,Unknown,NASDAQ,US,2024-12-31,,,0.048019074,,,,,0.0,,,,120053000.0,-188016000.0,-0.86085,-206290000.0,-1.27229,-8.75532,-0.0637090564992109,971227000.0,435562000.0,861863000.0,767900000.0,211101000.0,,-109364000.0,
BeWhere Holdings Inc.,BEWFF,Technology,NASDAQ,US,2024-12-31,,53979188.0,7.3709903,,60.2,40.67794544623945,0.0,0.0,0.01,,0.006268753065924631,17531574.0,1767322.0,0.10742,814052.0,0.03402,0.077010006,0.697146937377596,3720128.0,3183965.0,11006535.0,728266.0,4458322.0,,7286407.0,0.13498548736968774
Brown-Forman Corporation,BF-A,Consumer Defensive,NASDAQ,US,2025-04-30,,13817537536.0,3.3859248,,17.444445,22.2668143068254,0.5298,0.030795379,1.71,,2.1457608650098488,3975000000.0,1167000000.0,0.2944,869000000.0,0.20828,0.20666,0.4938164729161514,4093000000.0,1080000000.0,4195000000.0,2733000000.0,444000000.0,,102000000.0,0.0073819231345853605
Brown-Forman Corporation,BF-B,Consumer Defensive,NASDAQ,US,2025-04-30,,13641518080.0,3.3427923,17.016335,17.222221,21.69526772737503,0.5298,0.031273734,1.71,1.73069,2.1457608650098488,3975000000.0,1167000000.0,0.2944,869000000.0,0.20828,0.20666,0.4938164729161514,4093000000.0,1080000000.0,4195000000.0,2733000000.0,444000000.0,,102000000.0,0.007477173684176944
Bright Horizons Family Solutions Inc.,BFAM,Consumer Cyclical,NASDAQ,US,2024-12-31,,4895529472.0,3.4252517,16.877605,24.806917,74.66459508501977,0.0,0.0,3.47,5.10025,1.2811963093509362,2686013000.0,246619000.0,0.15053001,140191000.0,0.069759995,0.14186,0.332023398580741,2571923000.0,779399000.0,496031000.0,1792601000.0,110327000.0,28109000.0,-2056215700.0,-0.42001906264900124
Bank First Corporation,BFC,Financial Services,NASDAQ,US,2024-12-31,,1699637760.0,2.3143308,14.0874,20.95574,11.35551215326385,0.249,0.012140014,7.23,10.755,7.3060154075995545,154638000.0,,0.55814,65563000.0,0.41416,0.11141,0.142308000338149,3855377000.0,,,147372000.0,261332000.0,116216000.0,,
Giant Mining Corp.,BFGFF,Basic Materials,NASDAQ,US,2024-06-30,,26556710.0,2.4933584,,,-0.8257969339419783,0.0,0.0,-0.13,,-0.48123209885717383,,,0.0,,0.0,-0.62455004,0.9827877047859812,199471.0,199471.0,2702976.0,,1707117.0,,2503505.0,0.09427014867428984
"Bread Financial Holdings, Inc.",BFH,Financial Services,NASDAQ,US,2024-12-31,,3626567936.0,1.0541873,6.7804384,8.049595,2.2613918548839007,0.085,0.011141339,9.88,11.72933,14.36,3838000000.0,,0.07807,277000000.0,0.199,0.16337,0.13328382333668254,19840000000.0,,,5685000000.0,3679000000.0,96000000.0,,
Bread Financial Holdings Inc,BFH-PA,Unknown,NASDAQ,US,2024-12-31,,,,,,,,,,,,3838000000.0,,,277000000.0,,,0.13328382333668254,19840000000.0,,,5685000000.0,3679000000.0,96000000.0,,
BlackRock Municipal Income Trust,BFK,Financial Services,NASDAQ,US,2024-07-31,,442495296.0,0.9705656,,,-73.46077658744392,3.0,0.059701495,-0.43,,-0.11828900131282584,11469901.0,,0.85688,11392553.0,-0.52049,,0.636132508953758,286675718.0,,,8277.0,0.0,2742564.0,,
"Butterfly Network, Inc.",BFLY,Healthcare,NASDAQ,US,2024-12-31,,853795136.0,4.188352,-24.581818,,-1.828038961198617,0.0,0.0,-0.33,-0.1375,-0.6509708395056275,82056000.0,-74411000.0,-0.69686997,-72492000.0,-0.90306,-0.41421002,0.6592888215493474,87250000.0,48215000.0,192613000.0,22835000.0,88775000.0,,105363000.0,0.12340548166346077
"Butterfly Network, Inc.",BFLYW,Unknown,NASDAQ,US,,,,0.00012391574,,,,,0.0,,,,,,-0.69686997,,-0.90306,-0.41421002,,,,,,,,,
"BioForce Nanosciences Holdings, Inc.",BFNH,Consumer Defensive,NASDAQ,US,2024-12-31,,19777836.0,-39.333332,,,-114.74182269822,0.0,0.0,-0.05,,-0.016123153531450368,0.0,-490437.0,0.0,-490437.0,0.0,,-2670.0603248259863,2302454.0,2302454.0,862.0,,862.0,,-2301592.0,-0.11637228663439216
"Bullfrog AI Holdings, Inc.",BFRG,Healthcare,NASDAQ,US,2024-12-31,,6508491.0,3.052941,,,-3.467774123327328,0.0,0.0,-0.69,,-0.8852940889636532,0.0,-7236383.0,-18.81821,-6993647.0,0.0,-2.33495,0.8940727651963407,588090.0,588090.0,5547580.0,,5435983.0,,4959490.0,0.7620030510912591
"Bullfrog AI Holdings, Inc.",BFRGW,Unknown,NASDAQ,US,2024-12-31,,,0.96256685,,,,,0.0,,,,0.0,-7236383.0,,-6993647.0,,,0.8940727651963407,588090.0,588090.0,5547580.0,,5435983.0,,4959490.0,
Biofrontera Inc.,BFRI,Healthcare,NASDAQ,US,2024-12-31,,9563273.0,-3.698198,-3.569565,,-0.21891343214612421,0.0,0.0,-1.5,-0.23,-13.01884437465765,37321000.0,-17210000.0,-0.89839995,-17759000.0,-0.47282,-11.917259,0.20057915931405818,17668000.0,12021000.0,20700000.0,4922000.0,5905000.0,,3032000.0,0.317046266482197
Biofrontera Inc.,BFRIW,Unknown,NASDAQ,US,2024-12-31,,,-0.2837838,,,,,0.0,-1.296,,,37321000.0,-17210000.0,-0.89839995,-17759000.0,-0.47282,-11.917259,0.20057915931405818,17668000.0,12021000.0,20700000.0,4922000.0,5905000.0,,3032000.0,
"Saul Centers, Inc.",BFS,Real Estate,NASDAQ,US,2024-12-31,,1192110592.0,6.4439898,25.463236,30.377193,15.84440122397052,2.0702,0.06793321,1.14,1.36,2.190537562881969,268847000.0,121218000.0,0.43139,50649000.0,0.13834,0.1034,0.15789755850722628,1625280000.0,256120000.0,61248000.0,1532616000.0,10299000.0,,-1564032000.0,-1.3119856584581038
"Saul Centers, Inc.",BFS-PD,Real Estate,NASDAQ,US,2024-12-31,,1453202048.0,3.974693,,12.639053,,,0.1114785,1.69,,,268847000.0,121218000.0,0.43139,50649000.0,0.13834,0.1034,0.15789755850722628,1625280000.0,256120000.0,61248000.0,1532616000.0,10299000.0,,-1564032000.0,-1.0762660306958225
"Saul Centers, Inc.",BFS-PE,Real Estate,NASDAQ,US,2024-12-31,,,4.2984743,,13.668639,,,0.1021645,1.69,,,268847000.0,121218000.0,0.43139,50649000.0,0.13834,0.1034,0.15789755850722628,1625280000.0,256120000.0,61248000.0,1532616000.0,10299000.0,,-1564032000.0,
"Business First Bancshares, Inc.",BFST,Financial Services,NASDAQ,US,2024-12-31,,979126656.0,1.0674679,9.125382,10.657143,8.512051812687911,0.2043,0.019528618,2.8,3.27,2.8084455372743733,270368000.0,,0.36051,65107000.0,0.28092,0.103590004,0.1017509026878908,7057624000.0,,,460635000.0,319098000.0,905991000.0,,
BlackRock California Municipal Income Trust,BFZ,Financial Services,NASDAQ,US,2024-07-31,,334007104.0,0.978079,,,617.819736572659,5.2615004,0.0637878,-0.79,,0.016164136694564915,12861990.0,,0.79060996,12010390.0,-0.92959,-0.065409996,0.6475333557865183,210430675.0,,,4976.0,,3869643.0,,
Bunge Global SA,BG,Consumer Defensive,NASDAQ,US,2024-12-31,,22402809856.0,1.3007455,11.814372,27.325474,9.278469639277397,0.65629995,0.024398806,4.24,9.8067,8.007042253521126,,,0.01296,,0.0116,0.05964,0.3981284388931282,13950000000.0,7435000000.0,15958000000.0,7119000000.0,3311000000.0,,2008000000.0,0.08963161375322794
Bravada Gold Corporation,BGAVF,Basic Materials,NASDAQ,US,2025-07-31,,12113165.0,,,Infinity,-7.7402195778619625,0.0,0.0,0.0,,-0.003555454570134737,0.0,-471773.0,0.0,-387589.0,0.0,,0.2342345736277139,1300916.0,1165124.0,1135959.0,,1092269.0,,-164957.0,-0.013617993315537268
Blackstone Strategic Credit 2027 Term Fund,BGB,Financial Services,NASDAQ,US,2024-12-31,,518553472.0,,,11.271845,5.223055012845774,1.0718,0.0,1.03,,1.8100000107725749,61718357.0,,0.0,55830943.0,0.0,,0.5649023397376212,439556364.0,,,294000000.0,456499.0,46408115.0,,
"BGC Group, Inc.",BGC,Financial Services,NASDAQ,US,2024-12-31,,4256464384.0,4.41162,6.686567,27.151514,89.85285571914993,0.24239999,0.009019165,0.33,1.34,0.07401186557249244,2206595000.0,185101000.0,0.04472,126988000.0,0.06278,0.14556,0.2501434450817616,2512728000.0,973703000.0,1853678000.0,1476614000.0,711584000.0,322032000.0,-433627600.0,-0.10187506833840806
BGFR,BGFR,Unknown,NASDAQ,US,,,,,,,,,,,,,,,,,,,,,,,,,,,
Barings Global Short Duration High Yield Fund,BGH,Financial Services,NASDAQ,US,2024-12-31,,298356320.0,,,9.236025,4.558841378586523,0.8701,0.0,1.61,,2.3699999522998145,44138348.0,,0.0,42061119.0,0.0,,0.6674150366462257,157934865.0,,,144500000.0,8292749.0,453466219.0,,
BGHL,BGHL,Unknown,NASDAQ,US,,,,,,,,,,,,,,,,,,,,,,,,,,,
Birks Group Inc.,BGI,Consumer Cyclical,NASDAQ,US,2025-03-31,,17635218.0,-1.1776836,,,-13.745134606831947,0.0,0.0,-0.46,,-0.24299506768810997,177807000.0,-943000.0,-0.00195,-12819000.0,-0.06444,,-0.09185536515707875,214091000.0,149586000.0,126466000.0,145422000.0,1509000.0,,-87625000.0,-4.968750598943545
Bgin Blockchain Limited,BGIN,Technology,NASDAQ,US,2024-12-31,,332619680.0,2.1745563,,,,0.0,0.0,-0.51,,,302277581.0,103451130.0,-0.88651,65932247.0,-0.28173,-0.32669997,0.7744442394049277,60725626.0,60602611.0,194664583.0,445403.0,114804348.0,,133938957.0,0.4026789906117401
Blue Gold Limited,BGL,Basic Materials,NASDAQ,US,2023-12-31,,71586576.0,-5.1918736,-7.9310346,,,,0.0,,-0.29,,,,0.0,,0.0,,-3.984688835708588,418669.0,418669.0,83991.0,418669.0,,,-334678.0,-0.00467515026839669
BioNexus Gene Lab Corp.,BGLC,Basic Materials,NASDAQ,US,2024-12-31,,4987693.0,0.55614126,,,-3.1702072769445007,0.0,0.0,-1.28,,-1.6560431357851273,9510646.0,-1956763.0,-0.30264,-1598342.0,-0.24266,-0.28348,0.7976734949560316,2111044.0,1951303.0,7430449.0,210557.0,4377427.0,,5319405.0,1.0665060981098877
Blue Gold Limited,BGLWW,Unknown,NASDAQ,US,2023-12-31,,,-0.67765236,,,,,0.0,,,,,,0.0,,0.0,,-3.984688835708588,418669.0,418669.0,83991.0,418669.0,,,-334678.0,
BGM Group Ltd.,BGM,Healthcare,NASDAQ,US,2024-09-30,,228710624.0,0.6152185,,,-3.575800811610021,0.0,0.0,-0.29,,-1.0766818700114025,25097951.0,-357356.0,-0.05406,-1442830.0,-0.26319,-0.16521999,0.8064308985964157,8910379.0,8775985.0,29769210.0,0.0,9817254.0,,20858831.0,0.09120184552511212
"Bio Green Med Solution, Inc.",BGMS,Healthcare,NASDAQ,US,2024-12-31,,3261338.0,0.5470675,,,-0.05171696032771671,0.0,0.0,-14.45,,-6362.482369534556,43000.0,-12004000.0,-12.24691,-11212000.0,0.0,-1.77571,-0.5310210063507572,6268000.0,6268000.0,3674000.0,0.0,3137000.0,,-2594000.0,-0.795379074478021
"Bio Green Med Solution, Inc.",BGMSP,Healthcare,NASDAQ,US,2024-12-31,,,1.838344,,,,,0.0,,,,43000.0,-12004000.0,-12.24691,-11212000.0,0.0,-1.77571,-0.5310210063507572,6268000.0,6268000.0,3674000.0,0.0,3137000.0,,-2594000.0,
BlackRock Energy and Resources Trust,BGR,Financial Services,NASDAQ,US,2024-12-31,,389022496.0,1.075036,,1490.0,15.338852161226592,106.06,0.07057613,0.01,,0.6899999970014129,14884135.0,,0.71042,14142908.0,-0.00764,-0.00027000002,0.9933089329153943,2422112.0,,,,228832.0,7583996.0,,
"B&G Foods, Inc.",BGS,Consumer Defensive,NASDAQ,US,2024-12-31,,411219264.0,0.87325853,10.062647,,-9.332808216337229,3.3332999,0.15353535,-3.16,0.5108,-0.8913514750831459,1932454000.0,213438000.0,0.117089994,-251251000.0,-0.13609,-0.40862,0.17528319481425172,2469245000.0,236865000.0,781444000.0,2076834000.0,50583000.0,,-1687801000.0,-4.1043821332261325
"BGSF, Inc.",BGSF,Industrials,NASDAQ,US,2024-12-31,,63390792.0,1.2505523,47.166668,,-7.101363349010785,0.0,0.36036035,-0.71,0.12,-0.9389659287537673,272499000.0,2057000.0,-0.03365,-3338000.0,-0.04267,-0.11605,0.5480544397146112,67842000.0,25920000.0,45347000.0,51664000.0,353000.0,,-22495000.0,-0.35486226453835756
Boyd Group Services Inc.,BGSI,Consumer Cyclical,NASDAQ,US,2024-12-31,,5065528832.0,4.512553,44.154755,237.73334,,0.5882,0.0024343145,0.75,4.03807,,3070342000.0,109500000.0,0.04681,24544000.0,0.00518,0.01903,0.3371750299997281,1633326000.0,435068000.0,270717000.0,1251578000.0,19997000.0,,-1362609000.0,-0.2689963960706561
BlackRock Floating Rate Income Trust,BGT,Financial Services,NASDAQ,US,2024-12-31,,338212320.0,0.9316464,,13.034483,5.517574239745092,1.6589999,0.12657894,0.87,,1.750000022378652,25431193.0,,0.89526004,25046179.0,0.66047996,0.06756,0.8071703136035708,76636304.0,,,62000000.0,536835.0,389250550.0,,
BGTCF,BGTCF,Unknown,NASDAQ,US,,,,-4.66557,,,,,0.0,,,,,,,,,,,,,,,,,,
Blackstone Long-Short Credit Income Fund,BGX,Financial Services,NASDAQ,US,2024-12-31,,144111856.0,,,12.06383,4.964303155735426,1.2191,0.0,0.94,,1.9199999308435112,17635284.0,,0.0,16309272.0,0.0,,0.6137109955931666,105491828.0,,,80500000.0,321374.0,9769758.0,,
BlackRock Enhanced International Dividend Trust,BGY,Financial Services,NASDAQ,US,2024-12-31,,568779968.0,0.97529876,,47.076923,5.31986726550631,3.6615,0.07796328,0.13,,0.8399999971768641,11989449.0,,0.65879,11780426.0,2.83587,0.07048,0.9872970241647413,7243266.0,,,,90323.0,3742337.0,,
Biglari Holdings Inc.,BH,Consumer Cyclical,NASDAQ,US,2024-12-31,,1299618816.0,0.4447933,-55.825504,196.17926,4.405889456757918,0.0,0.0,2.12,-7.45,37.89700192423083,362114000.0,23108000.0,0.0912,-3759000.0,0.00541,0.00354,0.6615161874677445,293172000.0,147316000.0,170615000.0,150188000.0,30709000.0,,-122557000.0,-0.09430226655013281
Biglari Holdings Inc.,BH-A,Consumer Cyclical,NASDAQ,US,2024-12-31,,1323151872.0,2.2801995,,200.0075,4.32224164664774,0.0,0.0,10.66,,189.48500962115412,362114000.0,23108000.0,0.0912,-3759000.0,0.00541,0.00354,0.6615161874677445,293172000.0,147316000.0,170615000.0,150188000.0,30709000.0,,-122557000.0,-0.09262504372589514
Blue Hat Interactive Entertainment Technology,BHAT,Communication Services,NASDAQ,US,2024-12-31,,27624552.0,,,,-1.573000605554415,0.0,0.0,-16287.98,,-62.30131104460651,18724190.0,-4457083.0,-0.061490003,-9524783.0,-0.47884998,-0.14986,0.42724680615153815,43089618.0,40648112.0,70064559.0,2753969.0,14300.0,,26974941.0,0.9764842883243863
Bar Harbor Bankshares,BHB,Financial Services,NASDAQ,US,2024-12-31,,594591168.0,1.1165124,9.430463,15.411255,10.223181729191435,0.5455,0.035856575,2.31,3.775,2.8439683887401217,,,0.41569,,0.22594,0.07451,0.11226825576300895,3624899000.0,,,290601000.0,72162000.0,,,
Bausch Health Companies Inc.,BHC,Healthcare,NASDAQ,US,2024-12-31,,2181184512.0,-3.855738,1.4005569,6.061856,-4.950617569698546,0.0,0.0,0.97,4.19833,-1.6199999989601352,9625000000.0,1854000000.0,0.26744,-46000000.0,0.0361,5.6315804,-0.0482222976284734,26845000000.0,6752000000.0,5774000000.0,21616000000.0,1181000000.0,,-21071000000.0,-9.660347340665512
"Benchmark Electronics, Inc.",BHE,Technology,NASDAQ,US,2024-12-31,,2093593984.0,1.8911992,20.384615,85.73529,15.16190460087639,1.0,0.012140689,0.68,2.86,1.7878686792872431,2656105000.0,115747000.0,0.04855,63327000.0,0.00935,0.02246,0.5203700553035714,1026151000.0,649099000.0,1504229000.0,366191000.0,315152000.0,,478078000.0,0.22835277692506017
"Brighthouse Financial, Inc.",BHF,Financial Services,NASDAQ,US,2024-12-31,,3644342784.0,0.572432,3.0546474,4.4754214,-3.0683770099644523,0.0,0.0,14.24,20.86329,-17.51088584217322,4369000000.0,,0.34015,388000000.0,0.123500004,0.16176,0.020789227666986675,233513000000.0,,,3155000000.0,5045000000.0,,,
"Brighthouse Financial, Inc.",BHFAL,Unknown,NASDAQ,US,,,3644528640.0,0.158866,,,,,,,,,,,,,,,,,,,,,,,
"Brighthouse Financial, Inc.",BHFAM,Financial Services,NASDAQ,US,2024-12-31,,,0.108504295,,0.95804584,,,0.0,12.609,,,4369000000.0,,0.34015,388000000.0,0.123500004,0.16176,0.020789227666986675,233513000000.0,,,3155000000.0,5045000000.0,,,
"Brighthouse Financial, Inc.",BHFAN,Financial Services,NASDAQ,US,2024-12-31,,,0.12179787,,1.0754223,,,0.0,12.609,,,4369000000.0,,0.34015,388000000.0,0.123500004,0.16176,0.020789227666986675,233513000000.0,,,3155000000.0,5045000000.0,,,
"Brighthouse Financial, Inc.",BHFAO,Financial Services,NASDAQ,US,2024-12-31,,,0.15238206,,1.3454676,,,0.0,12.609,,,4369000000.0,,0.34015,388000000.0,0.123500004,0.16176,0.020789227666986675,233513000000.0,,,3155000000.0,5045000000.0,,,
"Brighthouse Financial, Inc.",BHFAP,Financial Services,NASDAQ,US,2024-12-31,,2757203712.0,0.14937304,,1.3188992,,,0.0,12.609,,,4369000000.0,,0.34015,388000000.0,0.123500004,0.16176,0.020789227666986675,233513000000.0,,,3155000000.0,5045000000.0,,,
BHIC,BHIC,Healthcare,NASDAQ,US,2024-12-31,,43916220.0,25.641026,,50.0,-1745.2911968190856,0.0,0.0,0.08,,-0.02979445498537643,1844966.0,87000.0,-0.0077600004,87000.0,0.1874,0.8511,0.9558840359446457,38548.0,38548.0,847751.0,,662517.0,,809203.0,0.018426062170195885
BlackRock Core Bond Trust,BHK,Financial Services,NASDAQ,US,2024-12-31,,690463616.0,0.95048726,,16.48276,9.157422454426435,1.4996,0.09371728,0.58,,1.0021083168260672,10208675.0,,0.90097,9521775.0,0.74251,0.06028,0.5927800148113718,382841514.0,,,364422611.0,317573.0,4465196.0,,
Bunker Hill Mining Corp.,BHLL,Basic Materials,NASDAQ,US,2024-12-31,,222355952.0,13.5,1.1571429,,-1.7740610234339595,0.0,0.0,-0.04,0.14,-0.047912670292219996,0.0,-15649142.0,0.0,-25341623.0,0.0,,-0.5341653385627585,149736915.0,29644412.0,9332639.0,117670600.0,3786277.0,,-140404276.0,-0.6314392519611978
"Bluerock Homes Trust, Inc.",BHM,Real Estate,NASDAQ,US,2024-12-31,,35981748.0,0.2731668,,,-11.549460836144027,0.0,0.041666668,-2.92,,-1.137217974233288,50214000.0,-18365000.0,-0.20932,32000.0,0.01054,-0.05088,0.24946819677081428,398102000.0,145320000.0,198948000.0,373782000.0,115209000.0,81668000.0,-141986400.0,-3.9460673227993257
BHP Group Limited,BHP,Basic Materials,NASDAQ,US,2025-06-30,,178895585280.0,7.4148207,16.986277,19.672316,17.386376138305277,0.699,0.015918959,3.54,4.09978,3.110892259208194,51262000000.0,19078000000.0,0.37695,9019000000.0,0.17593999,0.21992001,0.42492876183472744,56572000000.0,15639000000.0,22830000000.0,24496000000.0,11769000000.0,255000000.0,-33563500000.0,-0.18761502665070126
BHP Group Limited,BHPLF,Basic Materials,NASDAQ,US,2025-06-30,,175205007360.0,3.6509795,,19.372883,16.663140404053816,0.699,0.032079324,1.77,,1.555446129604097,51262000000.0,19078000000.0,0.37695,9019000000.0,0.17593999,0.21992001,0.42492876183472744,56572000000.0,15639000000.0,22830000000.0,24496000000.0,11769000000.0,255000000.0,-33563500000.0,-0.19156701344177837
Braemar Hotels & Resorts Inc.,BHR,Real Estate,NASDAQ,US,2024-12-31,,224538896.0,0.94333553,-2.5929205,,-5.398049037497195,0.375,0.06896552,-0.87,-1.13,-0.4094167209686463,728404000.0,40585000.0,-0.07777,-1693000.0,-0.01039,-0.01885,0.1126977297911715,1868733000.0,159619000.0,257747000.0,1230002000.0,135465000.0,41535000.0,-1581911500.0,-7.045155775594443
Braemar Hotels & Resorts Inc.,BHR-PB,Real Estate,NASDAQ,US,2024-12-31,,309268384.0,5.1030264,,,,,0.013046315,-0.296,,,728404000.0,40585000.0,-0.07777,-1693000.0,-0.01039,-0.01885,0.1126977297911715,1868733000.0,159619000.0,257747000.0,1230002000.0,135465000.0,41535000.0,-1581911500.0,-5.115012014936515
Braemar Hotels & Resorts Inc.,BHR-PD,Real Estate,NASDAQ,US,2024-12-31,,231860992.0,5.264005,,,,,0.012077295,-0.296,,,728404000.0,40585000.0,-0.07777,-1693000.0,-0.01039,-0.01885,0.1126977297911715,1868733000.0,159619000.0,257747000.0,1230002000.0,135465000.0,41535000.0,-1581911500.0,-6.822672008580038
Burke & Herbert Financial Services Corp.,BHRB,Financial Services,NASDAQ,US,2024-12-31,,1047870656.0,1.2407434,8.1615925,8.924456,19.852313675025606,0.2818,0.0318241,7.81,8.54,3.0546353269948616,256553000.0,,0.49214,35708000.0,0.34453,0.14805001,0.09346386446301515,7082028000.0,,,476885000.0,135314000.0,,,
Bayhorse Silver Inc.,BHSIF,Basic Materials,NASDAQ,US,2024-12-31,,25248848.0,,,,-6.211140547348486,0.0,0.0,-0.01,,-0.008050051413890945,0.0,-3178000.0,0.0,-3988279.0,0.0,,-0.18352492998425673,3026607.0,2480251.0,1370861.0,438865.0,568130.0,,-1655746.0,-0.06557709088351278
BioHarvest Sciences Inc. Common Stock,BHST,Consumer Defensive,NASDAQ,US,2024-12-31,,108574176.0,12.15736,-29.9375,,-5.956572559644219,0.0,0.0,-0.7,-0.16,-0.9283862748981021,25188000.0,-6989000.0,-0.10147,-12913000.0,-0.36328998,-2.0021899,0.053197872085116595,23671000.0,14258000.0,7856000.0,13818000.0,2390000.0,,-15815000.0,-0.145660787699646
BlackRock Virginia Municipal Bond Trust,BHV,Financial Services,NASDAQ,US,2024-07-31,,17011314.0,0.97870785,,,-18.944522857666016,2.9667,0.0556701,-0.95,,-0.5,917174.0,,0.65853,690481.0,-1.06069,-0.08028,0.6288547249811207,11695557.0,,,1701.0,,792630.0,,
Biohaven Ltd.,BHVN,Healthcare,NASDAQ,US,2024-12-31,,1539186560.0,-71.60494,-4.045491,,-7.549731291147993,0.0,0.0,-7.52,-2.86739,-5.732654197910642,0.0,-885111000.0,0.0,-846422000.0,0.0,-5.2208195,0.6883940517666032,191671000.0,154226000.0,538472000.0,36584000.0,99134000.0,,346801000.0,0.22531446740283387
"bioAffinity Technologies, Inc.",BIAF,Healthcare,NASDAQ,US,2024-12-31,,3829301.0,0.33082005,-1.4186666,,-1.8405301258974758,0.0,0.0,-13.83,-0.6,-27.220417514052603,9362022.0,-8953445.0,-1.5855701,-9039831.0,-2.17497,-2.45179,0.39947329207956134,3911631.0,3104905.0,2695098.0,1501194.0,1105291.0,,-1216533.0,-0.31769061768714446
"bioAffinity Technologies, Inc.",BIAFW,Unknown,NASDAQ,US,2024-12-31,,,0.12048193,,,,,0.0,,,,9362022.0,-8953445.0,-1.5855701,-9039831.0,-2.17497,-2.45179,0.39947329207956134,3911631.0,3104905.0,2695098.0,1501194.0,1105291.0,,-1216533.0,
BioCorRx Inc.,BICX,Healthcare,NASDAQ,US,2024-12-31,,6158189.0,-0.38863972,-3.7142856,,-1.7720779055606468,0.0,0.0,-0.32,-0.07,-0.4514474275710956,7665.0,-3649229.0,-3.06284,-5106124.0,0.0,,-31.40485203696938,12741173.0,8207615.0,117996.0,2806350.0,88033.0,,-12623177.0,-2.0498196791296923
"Baidu, Inc.",BIDU,Communication Services,NASDAQ,US,2024-12-31,,50872012800.0,1.2980272,17.648512,12.983096,2.056702800481272,0.0,0.0,11.24,8.268685,57.285865350722595,133125000000.0,21270000000.0,0.03525,23760000000.0,0.06898,0.03076,0.6162513441488615,144168000000.0,80953000000.0,168849000000.0,79324000000.0,24832000000.0,118358000000.0,107531600000.0,2.113767356183713
Biogen Inc.,BIIB,Healthcare,NASDAQ,US,2024-12-31,,29513562112.0,1.6209291,12.584037,22.887371,32.67629493146316,0.0,0.0,8.79,15.98692,7.974587912087912,9675900000.0,2218900000.0,0.30718002,1632200000.0,0.1598,0.09307,0.5959507010870146,11333300000.0,5528800000.0,7456800000.0,6630300000.0,2375000000.0,,-3876500000.0,-0.13134639543980506
Black Spade Acquisition III Co,BIII,Financial Services,NASDAQ,US,,,228390000.0,,,,,,0.0,,,,,,0.0,,0.0,,,,,,,,,,
Black Spade Acquisition III Co,BIII-UN,Financial Services,NASDAQ,US,,,,,,,,,0.0,,,,,,0.0,,0.0,,,,,,,,,,
Bilibili Inc.,BILI,Communication Services,NASDAQ,US,2024-12-31,,12850273280.0,6.1295567,27.656551,121.26924,-1.0145342194538447,0.0,0.0,0.26,1.1400554,-11.670380284424246,26831525000.0,-1343969000.0,0.04605,-1346800000.0,0.025880001,0.05353,0.4314692417083352,18594587000.0,14762803000.0,19756055000.0,5050613000.0,10249382000.0,1917527000.0,2503736900.0,0.1948391948906475
"BILL Holdings, Inc.",BILL,Technology,NASDAQ,US,2025-06-30,,4901667840.0,1.2880304,18.441896,,-184.88304618118428,0.0,0.0,-0.23,2.65374,-0.2721720608471094,1462570000.0,-80602000.0,-0.02994,23799000.0,0.00795,0.00302,0.3889156399524562,6149942000.0,4588660000.0,7238793000.0,1772842000.0,1038346000.0,,1088851000.0,0.2221388791615876
"Bollinger Innovations, Inc.",BINI,Consumer Cyclical,NASDAQ,US,2024-09-30,,43017.0,-7.843239e-05,,,-2962.187086130904,0.0,0.0,-1188295.8,,-243063645.5,1094322.0,-272636719.0,-122.134865,-457058901.0,0.0,,-0.15986015753376778,195177166.0,183172298.0,63174638.0,19942406.0,10321827.0,,-132002528.0,-3068.613059953042
"Bio-Rad Laboratories, Inc.",BIO,Healthcare,NASDAQ,US,2024-12-31,,8132913152.0,1.2072072,29.709263,,-14.878119311749456,0.0,0.0,-24.0,10.14835,-21.818617549385465,2566500000.0,269000000.0,0.10413,-1844200000.0,-0.26428,-0.09503,0.7015409916596362,2794800000.0,467800000.0,3030300000.0,1374700000.0,488100000.0,,235500000.0,0.028956413968602036
"Bio-Rad Laboratories, Inc.",BIO-B,Healthcare,NASDAQ,US,2024-12-31,,9234719744.0,1.1813813,,,-14.696164556288108,0.0,0.0,-24.02,,-21.818617549385465,2566500000.0,269000000.0,0.10413,-1844200000.0,-0.26428,-0.09503,0.7015409916596362,2794800000.0,467800000.0,3030300000.0,1374700000.0,488100000.0,,235500000.0,0.025501586028423822
"BioAge Labs, Inc.",BIOA,Healthcare,NASDAQ,US,2024-12-31,,865528704.0,2.6782947,-7.751358,1.5231447,,0.0,0.0,13.61,-2.67437,,0.0,-78194000.0,-11.2658205,-71109000.0,0.0,-0.25639,0.9019998101799382,35107000.0,27775000.0,357103000.0,8704000.0,354349000.0,,321996000.0,0.37202232405685765
Bio Essence Corporation,BIOE,Healthcare,NASDAQ,US,2024-12-31,,2090495.0,-0.67073166,,,,0.0,0.0,-0.0,,,323940.0,-459438.0,0.10419,-1308796.0,-0.28365,,-10.56525421316329,3250114.0,2802700.0,280692.0,2704819.0,1371.0,,-2969422.0,-1.4204396566363469
"Blue Biofuels, Inc.",BIOF,Basic Materials,NASDAQ,US,2024-12-31,,55283156.0,-17.51,,,-9.52320203534249,0.0,0.0,-0.01,,-0.01018565000522269,0.0,-3770519.0,0.0,-1418981.0,0.0,,-2.048020742853812,4235490.0,2212115.0,81286.0,2142052.0,48797.0,,-4154204.0,-0.075144118038413
BIOT,BIOT,Unknown,NASDAQ,US,,,,,,,,,,,,,,,,,,,,,,,,,,,
Bioceres Crop Solutions Corp.,BIOX,Basic Materials,NASDAQ,US,2025-06-30,,35871876.0,0.13867486,0.8829688,,165.55523756228928,0.0,0.0,-0.89,0.64,0.06734912034622369,333343987.0,-761904.0,0.08924,-55416054.0,-0.17719,-0.18947001,0.3441503008177569,468426518.0,337985971.0,308311497.0,276608578.0,32695079.0,58.0,-160114980.39999998,-4.4635240264545955
Brookfield Infrastructure Partners L.P.,BIP,Utilities,NASDAQ,US,2024-12-31,,17636902912.0,3.5869875,33.84161,42.26667,35.901268759995126,1.9111,0.046448827,0.9,1.12406,0.7988680888114933,21039000000.0,4958000000.0,0.26793,351000000.0,0.01944,0.07744,,74737000000.0,10903000000.0,9607000000.0,56354000000.0,1982000000.0,385000000.0,-64860500000.0,-3.677544766426619
Brookfield Infrastructure Partners L.P.,BIP-PA,Utilities,NASDAQ,US,2024-12-31,,,1.6430458,,14.779049,,,0.09913544,1.179,,,21039000000.0,4958000000.0,0.26793,351000000.0,0.01944,0.07744,,74737000000.0,10903000000.0,9607000000.0,56354000000.0,1982000000.0,385000000.0,-64860500000.0,
Brookfield Infrastructure Partners L.P.,BIP-PB,Utilities,NASDAQ,US,2024-12-31,,,1.5997171,,14.389313,,,0.10129505,1.179,,,21039000000.0,4958000000.0,0.26793,351000000.0,0.01944,0.07744,,74737000000.0,10903000000.0,9607000000.0,56354000000.0,1982000000.0,385000000.0,-64860500000.0,
Brookfield Infrastructure Corporation,BIPC,Utilities,NASDAQ,US,2024-12-31,,5987520512.0,-4.583868,4.3600693,,38.63084124786982,0.158,0.035044823,-2.03,11.47,0.8417248881199753,3666000000.0,2213000000.0,0.62238,-608000000.0,-0.0657,0.3312,-0.05312248272353415,21365000000.0,7648000000.0,4764000000.0,12280000000.0,674000000.0,164000000.0,-16486200000.0,-2.7534268929783
Safeplus International Holdings Limited,BIPH,Unknown,NASDAQ,US,,,,,,,,,,,,,,,,,,,,,,,,,,,
BIP Bermuda Holdings I Limited ,BIPI,Unknown,NASDAQ,US,,,,,,,,,,,,,,,,,,,,,,,,,,,
Brookfield Infrastructure Finance ULC,BIPJ,Unknown,NASDAQ,US,,,,,,,,,0.0,,,,,,,,,,,,,,,,,,
"Allbirds, Inc.",BIRD,Consumer Cyclical,NASDAQ,US,2024-12-31,,28827952.0,0.55511624,-0.5057637,,-1.333095259115011,0.0,0.0,-10.36,-6.94,-20.10358903747959,189757000.0,-93953000.0,-0.58068,-93318000.0,-0.51904,-0.93016,0.5383605376987384,87194000.0,44369000.0,130558000.0,53675000.0,66732000.0,200000.0,43504000.0,1.5090908989996932
Birchcliff Energy Ltd.,BIREF,Energy,NASDAQ,US,2024-12-31,,1434455936.0,0.8812547,,26.099998,112.76285941859209,0.7037,0.036608864,0.2,,0.035891488799506766,640925000.0,11667000.0,-0.04533,56100000.0,0.10943,0.03316,0.6393400890293195,1238236000.0,80292000.0,169245000.0,686933000.0,50000.0,,-1068991000.0,-0.7452240066578106
BIREY,BIREY,Unknown,NASDAQ,US,,,,,,,,,,,,,,,,,,,,,,,,,,,
Birkenstock Holding plc,BIRK,Consumer Cyclical,NASDAQ,US,2025-09-30,,7071187456.0,2.2052832,13.553803,16.864037,48.22114765112055,0.0,0.0,2.28,2.836842,1.0213361232362859,2097429000.0,551829000.0,0.22042,348327000.0,0.16607,0.13027,0.550922680954732,2219394000.0,453670000.0,1275363000.0,1309424000.0,329067000.0,,-944031000.0,-0.13350388543284575
BlackRock Multi-Sector Income Trust,BIT,Financial Services,NASDAQ,US,2024-12-31,,582173760.0,,,9.404256,19.003544173676843,1.0237,0.0,1.41,,0.5848652410289855,47703344.0,,0.0,47191285.0,0.0,,0.608752921830131,371389481.0,,,347484066.0,463865.0,5197114.0,,
Bitwise Bitcoin ETF,BITB,Unknown,NASDAQ,US,,,,,,,,,,,,,,,,,,,,,,,,,,,
Bitfarms Ltd.,BITF,Financial Services,NASDAQ,US,2024-12-31,,1279556224.0,1.9705342,-53.500004,,-7.993125456140943,0.0,0.0,-0.13,-0.04,-0.41535691532179253,192881000.0,-103599000.0,-0.28765,-54063000.0,-0.46382,-0.125,0.9106956693668217,59621000.0,36270000.0,213709000.0,23415000.0,59542000.0,,154088000.0,0.12042300065432686
Bitterroot Resources Ltd.,BITTF,Basic Materials,NASDAQ,US,2024-10-31,,8187207.0,1.9838821,,,-4.327580103311906,0.0,0.0,-0.0,,-0.003919049495193107,0.0,-217162.0,0.0,-225652.0,0.0,-0.05849,0.9134299428168733,507099.0,507099.0,18542.0,216041.0,16101.0,861068.0,114190.59999999998,0.013947442638252578
Bitwise 10 Crypto Index Fund,BITW,Unknown,NASDAQ,US,,,,,,,,,0.0,,,,,,,,,,,,,,,,,,
BioVie Inc.,BIVI,Healthcare,NASDAQ,US,2025-06-30,,8517351.0,0.34180278,-0.25623584,,-0.6274068711913042,0.0,0.0,-6.1,-4.41,-71.08624486282044,0.0,-18066200.0,0.0,-17542120.0,0.0,-0.94786,0.8817275547823299,2550214.0,2274784.0,20698494.0,349894.0,17544547.0,,18148280.0,2.130742292996966
BioVie Inc.,BIVIW,Unknown,NASDAQ,US,2025-06-30,,,0.079249844,,,,,0.0,,,,0.0,-18066200.0,0.0,-17542120.0,0.0,-0.94786,0.8817275547823299,2550214.0,2274784.0,20698494.0,349894.0,17544547.0,,18148280.0,
Bitcoin Infrastructure Acquisition Corp Ltd.,BIXI,Unknown,NASDAQ,US,,,302083936.0,-3308.3333,,,,,0.0,,,,,,,,,,,,,,,,,,
Bitcoin Infrastructure Acquisition Corp Ltd.,BIXIU,Unknown,NASDAQ,US,,,,-3336.6667,,,,,0.0,,,,,,,,,,,,,,,,,,
Bitcoin Infrastructure Acquisition Corp Ltd.,BIXIW,Unknown,NASDAQ,US,,,,-84.166664,,,,,0.0,,,,,,,,,,,,,,,,,,
"Bioxytran, Inc.",BIXT,Healthcare,NASDAQ,US,2024-12-31,,4458511.0,-1.5181818,,,-4.223619316461976,0.0,0.0,-0.03,,-0.03338369110896024,0.0,-2231018.0,0.0,-2366681.0,0.0,,-12.92015516172293,1930642.0,1930642.0,5154.0,1094078.0,5154.0,,-1925488.0,-0.43186794873893997
Baiya International Group Inc.,BIYA,Technology,NASDAQ,US,2024-12-31,,3795354.0,0.11487164,,,,0.0,0.0,-9.52,,,12809211.0,70183.0,-0.65077,-8750.0,-0.35443002,-0.40575,0.10103525648146092,4401366.0,4357394.0,4423398.0,334138.0,1668291.0,,22032.0,0.005804992103503388
"BJ's Wholesale Club Holdings, Inc.",BJ,Consumer Defensive,NASDAQ,US,2025-01-31,,13228039168.0,6.048557,21.59075,22.870161,16.720091133063995,0.0,0.0,4.39,4.65014,3.8761748989771903,20501804000.0,800543000.0,0.04111,534417000.0,0.02718,0.29241,0.2614825545394006,5217851000.0,2534082000.0,1878960000.0,2843916000.0,28272000.0,,-3338891000.0,-0.25241012349563674
"Bluejay Diagnostics, Inc.",BJDX,Healthcare,NASDAQ,US,2024-12-31,,2401927.0,0.37616512,-10.593751,0.005156051,-0.14743023027785723,0.0,0.0,657.48,-0.32,-12860.320413436693,0.0,-7169616.0,0.0,-7717794.0,0.0,-1.26196,0.8606181400821309,927924.0,810368.0,4898883.0,222249.0,4301945.0,,3970959.0,1.6532388369838051
BJGPY,BJGPY,Unknown,NASDAQ,US,,,,,,,,,,,,,,,,,,,,,,,,,,,
"BJ's Restaurants, Inc.",BJRI,Consumer Cyclical,NASDAQ,US,2024-12-31,,974127616.0,2.6245828,18.517973,32.375,43.964293771745716,0.0,0.0,1.36,2.37769,0.821803285541111,1357302000.0,32494000.0,-0.0012800001,16687000.0,0.02226,0.08438,0.35542195292508433,671047000.0,196309000.0,79565000.0,500611000.0,26096000.0,,-591482000.0,-0.6071914914277515
The Bank of New York Mellon Corporation,BK,Financial Services,NASDAQ,US,2024-12-31,,86694445056.0,2.167364,13.302189,16.8,12.403382118295834,0.2703,0.016596133,7.4,9.34583,6.0553321008794265,,,0.36638,,0.2759,0.12898,0.09930683740962928,374300000000.0,,,31380000000.0,101937000000.0,48070000000.0,,
The Bank of New York Mellon Corporation,BK-PK,Financial Services,NASDAQ,US,2024-12-31,,,0.4513598,,,,,0.07751938,,,,18258000000.0,,0.36638,4530000000.0,0.2759,0.12898,0.09930683740962928,374300000000.0,,,31380000000.0,101937000000.0,48070000000.0,,
Brookfield Corporation,BKAMF,Financial Services,NASDAQ,US,2024-12-31,,,0.7563793,,,,,0.016254038,,,,86006000000.0,17994000000.0,0.24716999,641000000.0,0.012949999,0.00994,0.0937494902370194,325041000000.0,86117000000.0,56175000000.0,234792000000.0,15051000000.0,20755000000.0,-254337500000.0,
Brookdale Senior Living Inc.,BKD,Healthcare,NASDAQ,US,2024-12-31,,3831471360.0,-575.7143,-37.057472,,-7.125245749165503,0.0,0.0,-1.32,-0.435,-0.8392693009604412,3125487000.0,55085000.0,0.023570001,-201935000.0,-0.09946,-2.12269,0.033536882757993686,6121657000.0,579763000.0,512937000.0,5651997000.0,308925000.0,,-5608720000.0,-1.4638553894867166
"The Buckle, Inc.",BKE,Consumer Cyclical,NASDAQ,US,2025-01-31,,2664748800.0,5.1199136,12.782414,12.735941,7.04266939645468,0.3423,0.027515722,4.09,4.07513,4.402342107897107,1217689000.0,241364000.0,0.18986,195468000.0,0.16128,0.41256002,0.4641004497504854,489369000.0,213932000.0,439209000.0,326263000.0,266929000.0,28116000.0,-30478800.0,-0.011437776048534106
Brookfield Asset Management Inc,BKFAF,Unknown,NASDAQ,US,2024-12-31,,,,,,,,,,,,86006000000.0,17994000000.0,,641000000.0,,,0.0937494902370194,325041000000.0,86117000000.0,56175000000.0,234792000000.0,15051000000.0,20755000000.0,-254337500000.0,
BKFDF,BKFDF,Unknown,NASDAQ,US,2024-12-31,,,,,,,,,,,,86006000000.0,17994000000.0,,641000000.0,,,0.0937494902370194,325041000000.0,86117000000.0,56175000000.0,234792000000.0,15051000000.0,20755000000.0,-254337500000.0,
BKFOF,BKFOF,Unknown,NASDAQ,US,,,,,,,,,,,,,,,,,,,,,,,,,,,
BKFPF,BKFPF,Financial Services,NASDAQ,US,2024-12-31,,,0.59859645,,,,,0.020538406,,,,86006000000.0,17994000000.0,0.24716999,641000000.0,0.012949999,0.00994,0.0937494902370194,325041000000.0,86117000000.0,56175000000.0,234792000000.0,15051000000.0,20755000000.0,-254337500000.0,
Black Hills Corporation,BKH,Utilities,NASDAQ,US,2024-12-31,,5456831488.0,1.4481723,15.717392,18.16583,14.305474486991802,0.6794,0.036324557,3.98,4.6,3.9070100143061515,,,0.26971,,0.12623,0.08063,0.3493604453934109,6437400000.0,763400000.0,742300000.0,4384000000.0,16100000.0,,-5695100000.0,-1.0436642605739193
Black Hawk Acquisition Corporation,BKHA,Financial Services,NASDAQ,US,2024-11-30,,48181496.0,-14.518147,,44.615387,,0.0,0.0,0.26,,,0.0,-576076.0,0.0,1915703.0,0.0,,0.9655411272572858,2485978.0,70978.0,314071.0,,264842.0,,-2171907.0,-0.045077616519005555
Black Hawk Acquisition Corporation,BKHAR,Unknown,NASDAQ,US,,,2497800.0,-2.2653315,,,,,0.0,,,,,,0.0,,0.0,,,,,,,,,,
Black Hawk Acquisition Corporation,BKHAU,Financial Services,NASDAQ,US,2024-11-30,,,-16.270338,,,,,0.0,,,,0.0,-576076.0,0.0,1915703.0,0.0,,0.9655411272572858,2485978.0,70978.0,314071.0,,264842.0,,-2171907.0,
"Bakkt, Inc.",BKKT,Technology,NASDAQ,US,2024-12-31,,303876224.0,1.7144091,12.40625,,-2.7253161387501,0.0,0.0,-5.71,0.96,-21.0067372316873,3490220000.0,-83705000.0,-0.04892,-46659000.0,-0.010620001,-0.67517996,0.12582365977793206,206524000.0,137719000.0,183845000.0,23540000.0,39049000.0,,-22679000.0,-0.07463236083912902
"Bakkt Holdings, Inc. WT",BKKT-WT,Unknown,NASDAQ,US,,,,,,,,,,,,,,,,,,,,,,,,,,,
PT Bukalapak.com Tbk.,BKLPF,Consumer Cyclical,NASDAQ,US,2024-12-31,,82518968.0,2.9914033e-06,,,,0.0,0.0,-0.0,,,4460266085000.0,-649082391000.0,0.0,-1546735987000.0,0.33810002,0.07817,0.9555074754895556,1094243181000.0,1026213794000.0,17837141664000.0,38880705000.0,11227560008000.0,4299786910000.0,19752749320000.0,239372.22918250746
BlackRock Investment Quality Municipal Trust Inc.,BKN,Financial Services,NASDAQ,US,2024-07-31,,196146656.0,0.98089826,,,-107.18083186861567,3.2570999,0.05956632,-0.77,,-0.09441808739738891,8185866.0,,0.83851,7490853.0,-0.81694,-0.06159,0.675723692129884,107888051.0,,,5855.0,0.0,3462930.0,,
Booking Holdings Inc.,BKNG,Consumer Cyclical,NASDAQ,US,2024-12-31,,144456368128.0,-30.404446,16.67393,28.985952,29.75300402829185,0.24440001,0.008450698,153.77,267.31372,117.41034765945798,23739000000.0,7555000000.0,0.44904998,5882000000.0,0.19371,,-0.14508445214378518,31728000000.0,15647000000.0,20491000000.0,17081000000.0,16164000000.0,536000000.0,-10861800000.0,-0.07519087002364319
BKPA,BKPA,Unknown,NASDAQ,US,,,,,,,,,,,,,,,,,,,,,,,,,,,
Bank Polska Kasa Opieki S.A.,BKPKF,Financial Services,NASDAQ,US,2024-12-31,,16918817792.0,0.5095572,,8.927978,0.3903882572834312,0.7083,0.0,7.22,,25.37051524899029,16164000000.0,,0.0,6376000000.0,0.42789,0.21311001,0.09544282286487037,302328000000.0,,,25038000000.0,14274000000.0,128901000000.0,,
BKPOY,BKPOY,Unknown,NASDAQ,US,,,,,,,,,,,,,,,,,,,,,,,,,,,
Baker Hughes Company,BKR,Energy,NASDAQ,US,2025-12-31,,58226892800.0,3.0591898,20.321655,22.66154,13.468683851689612,0.3538,0.016039051,2.6,2.89937,2.976023976023976,27733000000.0,3557000000.0,0.13133,2588000000.0,0.09332,0.14552,0.4607030160710354,21871000000.0,13877000000.0,18828000000.0,6087000000.0,3715000000.0,,-3043000000.0,-0.05226107480013084
Blackrock Silver Corp.,BKRRF,Basic Materials,NASDAQ,US,2024-10-31,,393928000.0,35.530357,,,-6.615370990918217,0.0,0.0,-0.06,,-0.03204657724980881,0.0,-12021531.0,0.0,-11757077.0,0.0,-1.51332,0.9140798409940607,1482397.0,1364364.0,9728695.0,69953.0,9399493.0,,8246298.0,0.020933515769379175
Bank of South Carolina Corporation,BKSC,Financial Services,NASDAQ,US,2023-12-31,,86217352.0,1.6516049,,11.4388485,11.854564534544485,0.72660005,0.051314145,1.39,,1.179007273728373,20286168.0,,0.39077,5493616.0,0.31847998,,0.07428162569757914,586734857.0,,,58799866.0,21916060.0,,,
BlackSky Technology Inc.,BKSY,Industrials,NASDAQ,US,2024-12-31,,822430848.0,8.957272,-21.011496,,-3.822676199269894,0.0,0.0,-2.73,-1.0875,-3.1810174897195296,102093000.0,-44288000.0,-0.85767996,-57218000.0,-0.87301004,-0.88228,0.369822857727448,160157000.0,26022000.0,106736000.0,116486000.0,13056000.0,,-53421000.0,-0.06495500518968861
BlackSky Technology Inc. WT,BKSY-WT,Unknown,NASDAQ,US,,,,,,,,,,,,,,,,,,,,,,,,,,,
"BlackRock Income Trust, Inc.",BKT,Financial Services,NASDAQ,US,2024-12-31,,362108480.0,0.9398117,,12.561798,15.204701171640608,1.176,0.09463327,0.89,,0.6863167271585685,3590301.0,,0.83595,2852848.0,1.35198,0.07217,0.6696542826904588,124130825.0,,,77530105.0,0.0,8180892.0,,
"Breakthrough Chemistry, Inc.",BKTH,Industrials,NASDAQ,US,,,1653985.0,-3.0357141,,,,0.0,0.0,-21.01,,,,,-5.2797,,0.0,,,,,,,,,,
BK Technologies Corporation,BKTI,Technology,NASDAQ,US,2024-12-31,,289172256.0,39.175518,18.573141,23.258259,-19.361183187063926,0.0,0.0,3.33,4.17,-0.6507866931339378,76592000.0,7828000.0,-0.0293,8359000.0,0.15705,0.38741,0.5792539660964291,21668000.0,13974000.0,36941000.0,1285000.0,7075000.0,,15273000.0,0.0528162701749645
"BankUnited, Inc.",BKU,Financial Services,NASDAQ,US,2024-12-31,,3827011072.0,1.236435,11.31358,14.427762,11.697761182886126,0.3456,0.024691358,3.53,4.50167,3.14236738148393,,,0.36638,,0.26174,0.09146,0.07985751669142803,32427424000.0,,,3638553000.0,491116000.0,9336541000.0,,
Blue Sky Uranium Corp.,BKUCF,Energy,NASDAQ,US,2024-12-31,,22449752.0,-23.632881,,,-3.1866681548479248,0.0,0.0,-0.01,,-0.015690369475400923,0.0,-4272309.0,0.0,-3984861.0,0.0,,-2.15850822812624,2220864.0,2220864.0,367565.0,180000.0,219294.0,,-1853299.0,-0.08255320593296532
BKV Corporation,BKV,Energy,NASDAQ,US,2024-12-31,,3100341248.0,1.5171688,13.903669,63.145832,,0.0,0.0,0.48,2.18,,604530000.0,-131252000.0,0.41307,-142870000.0,0.055069998,0.027209999,0.6990194918353736,671514000.0,166205000.0,94610000.0,165000000.0,14868000.0,,-576904000.0,-0.18607758109600198
"BIO-key International, Inc.",BKYI,Industrials,NASDAQ,US,2024-12-31,,6604441.0,0.80217654,-2.0731251,,-0.2366861448497227,0.0,0.0,-0.9,-0.32,-15.21001538521948,6929571.0,-4011041.0,-0.57572,-4300692.0,-0.67341006,-1.37689,0.4378161141005344,4843529.0,4553536.0,1886958.0,1777106.0,437604.0,5000000.0,543429.0,0.08228236121724761
"BlackLine, Inc.",BL,Technology,NASDAQ,US,2024-12-31,,2713780992.0,8.006207,18.695293,39.863636,88.33636197176847,0.0,0.0,1.1,2.34551,0.7333333333333333,653336000.0,20256000.0,0.05539,161174000.0,0.110740006,0.22181,0.24474530913362805,1341884000.0,422243000.0,1092404000.0,916602000.0,885915000.0,,-249480000.0,-0.09193077876786897
Blue Bird Corporation,BLBD,Industrials,NASDAQ,US,2025-09-30,,1872042752.0,6.912211,11.825444,14.95202,15.308533476967005,0.0,0.0,3.96,5.007,3.1649015129918627,1480099000.0,167166000.0,0.113120005,127720000.0,0.086540006,0.57531,0.40849733308810005,369840000.0,236799000.0,411628000.0,90324000.0,229313000.0,,41788000.0,0.02232213978839731
Bilibili Inc.,BLBLF,Communication Services,NASDAQ,US,2024-12-31,,10425308160.0,4.9728527,,98.38462,-1.169199299869845,0.0,0.0,0.26,,-11.670380284424246,26831525000.0,-1343969000.0,0.04605,-1346800000.0,0.025880001,0.05353,0.4314692417083352,18594587000.0,14762803000.0,19756055000.0,5050613000.0,10249382000.0,1917527000.0,2503736900.0,0.2401595100667029
Blackboxstocks Inc.,BLBX,Technology,NASDAQ,US,2024-12-31,,46237140.0,8.898094,-24.976744,,-2.008367990753092,0.0,0.0,-1.04,-0.43,-1.4489376943014838,2566946.0,-3309064.0,-0.62969,-3471227.0,-1.5778999,-0.68136,0.5453810603709145,4496495.0,4267710.0,1172597.0,304766.0,17036.0,8424000.0,2572902.0,0.05564578604991572
Bausch + Lomb Corporation,BLCO,Healthcare,NASDAQ,US,2024-12-31,,6021226496.0,0.9363296,21.187496,,-22.63421277266282,0.0,0.0,-0.86,0.80236,-0.7417974322396577,4791000000.0,206000000.0,0.06245,-317000000.0,-0.061290003,-0.04498,0.4805850471452966,6925000000.0,1738000000.0,2788000000.0,4784000000.0,305000000.0,,-4137000000.0,-0.6870693209677924
TopBuild Corp.,BLD,Industrials,NASDAQ,US,2024-12-31,,14561845248.0,6.505915,24.703981,26.3091,19.53160839758207,0.0,0.0,19.67,20.94804,19.330204666590994,5329803000.0,886343000.0,0.16388,622602000.0,0.108430006,0.26179,0.4666144080807091,2525808000.0,767182000.0,1598974000.0,1578087000.0,400318000.0,,-926834000.0,-0.06364811493428665
BLDC,BLDC,Unknown,NASDAQ,US,,,,,,,,,,,,,,,,,,,,,,,,,,,
Ballard Power Systems Inc.,BLDP,Industrials,NASDAQ,US,2024-12-31,,646588160.0,1.0648836,-8.3268795,,-6.38609884061498,0.0,0.0,-0.4,-0.2582,-0.5950424581825522,69731000.0,-153494000.0,-0.37925,-324245000.0,-1.32804,-0.18074,0.8657969116449485,104317000.0,75586000.0,698878000.0,23894000.0,603948000.0,37515000.0,620821500.0,0.9601498115894977
"Builders FirstSource, Inc.",BLDR,Industrials,NASDAQ,US,2024-12-31,,13758436352.0,3.1868243,19.934118,23.564392,14.122704578807499,0.0,0.0,5.28,6.24156,11.94247197630971,16400492000.0,1595249000.0,0.05805,1077898000.0,0.03795,0.13555999,0.40597515696272335,6286616000.0,1777276000.0,3141239000.0,4332825000.0,153624000.0,,-3145377000.0,-0.228614423872577
BlackRock Municipal Income Trust II,BLE,Financial Services,NASDAQ,US,2024-07-31,,503043168.0,0.9801915,,,-147.36340566905787,2.6417,0.061298307,-0.76,,-0.060995666899204964,27871742.0,,0.88287,27861155.0,-0.90773004,-0.06554,0.666086829743527,290642789.0,,,94485499.0,5714023.0,3534225.0,,
Balfour Beatty Plc,BLFBY,Industrials,NASDAQ,US,2024-12-31,,4845615616.0,7.0000777,,20.802084,11.854403950841295,0.3543,0.0064147185,0.96,,0.696113074204947,8234000000.0,71000000.0,0.0110599995,178000000.0,0.02063,0.16209,0.19904119318181818,4502000000.0,2980000000.0,3052000000.0,1112000000.0,1293000000.0,21000000.0,-1435300000.0,-0.29620591349852543
"BioLife Solutions, Inc.",BLFS,Healthcare,NASDAQ,US,2024-12-31,,1079960704.0,3.041356,140.1875,,-10.74945947443337,0.0,0.0,-0.38,0.16,-1.555426982456329,82254000.0,-7129000.0,-0.00317,-20184000.0,-0.03201,-0.05248,0.8733926260429,50578000.0,32734000.0,148761000.0,30174000.0,95386000.0,4628000.0,101422600.0,0.09391323186514756
Blue Foundry Bancorp,BLFY,Financial Services,NASDAQ,US,2024-12-31,,301660608.0,0.87089425,-96.86666,,-32.086411235012555,0.0,0.0,-0.45,-0.15,-0.3091651479386789,39344000.0,,-0.13555,-11911000.0,-0.20576,-0.02816,0.16120771608248333,1728485000.0,,,364668000.0,42502000.0,,,
"BioLargo, Inc.",BLGO,Basic Materials,NASDAQ,US,2024-12-31,,55332120.0,8.380953,-4.4,,-13.87347755460351,0.0,0.0,-0.04,-0.04,-0.012253596916782397,17779000.0,-4305000.0,-6.50952,-2402000.0,-0.91078,-2.77925,0.8419100161704556,4457000.0,2648000.0,7137000.0,2554000.0,3548000.0,,2680000.0,0.0484347970039825
"Bridgeline Digital, Inc.",BLIN,Technology,NASDAQ,US,2025-09-30,,8960484.0,0.93614304,6.108333,,-6.162379445321155,0.0,0.0,-0.25,0.12,-0.1882389711497139,15383000.0,-2185000.0,-0.1178,-2518000.0,-0.16369,-0.25483,0.624298577580582,5758000.0,4982000.0,3478000.0,460000.0,1626000.0,,-2280000.0,-0.2544505408413206
"NAPC Defense, Inc.",BLIS,Industrials,NASDAQ,US,2025-04-30,,3212481.0,-1.9200001,,,-2.7295849947591315,0.0,0.0,-0.03,,-0.010624325390568774,0.0,-2484960.0,43.34365,-3376999.0,0.0,,-69.69815220034039,1163126.0,1163126.0,16452.0,894704.0,11812.0,,-1146674.0,-0.35694343406233375
BeLive Holdings,BLIV,Technology,NASDAQ,US,2024-12-31,,35853848.0,4.4645205,,,,0.0,0.0,-0.92,,,1849509.0,-5495671.0,-15.074329,-5507764.0,0.0,-1.09044,-0.16293935074572294,970074.0,970074.0,203873.0,344066.0,66184.0,,-766201.0,-0.02137011904552058
"BlackRock, Inc.",BLK,Financial Services,NASDAQ,US,2024-12-31,,163898327040.0,2.9516068,17.042736,29.942745,21.34884769574203,0.5902,0.019757299,35.28,61.98418,36.50962176509622,20407000000.0,7538000000.0,0.35103,6369000000.0,0.22930999,0.10686,0.34263968545972656,89260000000.0,1536000000.0,25186000000.0,14222000000.0,12762000000.0,,-64074000000.0,-0.39093748641108766
"Blackbaud, Inc.",BLKB,Technology,NASDAQ,US,2024-12-31,,2303208704.0,20.733625,9.749487,,2585.1182586410523,0.0,0.0,-4.89,4.87,0.033878528202069116,1155495000.0,134854000.0,0.19625,-283172000.0,-0.22158001,-0.77156997,0.05689471754587363,2353722000.0,1252097000.0,976308000.0,1109171000.0,67628000.0,,-1377414000.0,-0.5980413314728426
"BillionToOne, Inc.",BLLN,Healthcare,NASDAQ,US,2024-12-31,,4147107328.0,-4.228974,238.44737,,,0.0,0.0,-0.25,0.38,,,,0.11533,,-0.04363,,,,,,,,,,
"Blum Holdings, Inc.",BLMH,Healthcare,NASDAQ,US,2024-12-31,,9681439.0,-0.35575828,,0.43943664,-0.579890516631281,0.0,0.0,0.71,,-1.7244634483923498,12990000.0,-12348000.0,-0.30864,33098000.0,0.78109,,-0.1911361804995971,29564000.0,9659000.0,2871000.0,4950000.0,1040000.0,,-26693000.0,-2.757131455354932
"Bloomin' Brands, Inc.",BLMN,Consumer Cyclical,NASDAQ,US,2024-12-31,,602484800.0,1.75,8.158603,19.108109,9.946071368706415,1.8649001,0.10422961,0.37,0.86657,2.564834686323909,3950475000.0,204099000.0,-0.00427,-128018000.0,-0.01461,0.12433,0.04003480259571822,3245359000.0,952336000.0,320519000.0,2274722000.0,70056000.0,,-2924840000.0,-4.854628697686647
Harrison Global Holdings Inc.,BLMZF,Communication Services,NASDAQ,US,2024-09-30,,17434.0,0.0065799886,,,,0.0,0.0,-2.03,,,220028000.0,-185902000.0,-2.22019,-221023000.0,-2.21659,-1.2901801,0.6629039935363777,245744000.0,217969000.0,612569000.0,39429000.0,148639000.0,,366825000.0,21040.78237925892
"Balance Labs, Inc.",BLNC,Industrials,NASDAQ,US,2024-12-31,,72621096.0,-4.015544,,,-13.348472465363692,0.0,0.0,-0.17,,-0.017605010611792933,0.0,-271285.0,0.0,-528223.0,0.0,,-53.058917080826575,5166681.0,5166681.0,95575.0,2536100.0,13199.0,,-5071106.0,-0.0698296539066279
"Blend Labs, Inc.",BLND,Technology,NASDAQ,US,2024-12-31,,516896352.0,-41.458332,18.952381,,-3.493113887994459,0.0,0.0,-0.09,0.105,-0.7557726972423187,162019000.0,-42149000.0,-0.14661999,-49604000.0,-0.02488,-0.0051700003,-0.3165853987371638,181993000.0,38949000.0,135170000.0,3832000.0,42243000.0,,-46823000.0,-0.09058489157222761
"Beeline Holdings, Inc.",BLNE,Financial Services,NASDAQ,US,2024-12-31,,93241632.0,1.259542,-27.5,0.044432476,-0.18756274441729814,0.0,0.0,74.27,-0.12,-69.04356112668829,3913000.0,-5674000.0,-1.1079,-11333000.0,-2.30089,-0.72626996,0.7196421859730888,17547000.0,16151000.0,10040000.0,14179000.0,391000.0,,-7507000.0,-0.08051124630679996
"Blue Line Holdings, Inc.",BLNH,Unknown,NASDAQ,US,,,,-1400.0,,,,,0.0,,,,,,0.0,,0.0,,,,,,,,,,
Blink Charging Co.,BLNK,Industrials,NASDAQ,US,2024-12-31,,99173544.0,0.885372,-1.7145299,,-1.681448479236409,0.0,0.0,-1.22,-0.4095,-2.1945364980175825,124493000.0,-70054000.0,-0.46418998,-198132000.0,-1.18411,-0.88515997,0.5445345615354974,99286000.0,59244000.0,141152000.0,10774000.0,41774000.0,,41866000.0,0.42214887470392304
"Blue Line Protection Group, Inc.",BLPG,Industrials,NASDAQ,US,2024-12-31,,369606.0,-0.6054054,,Infinity,2.1936441146555015,0.0,0.0,0.0,,0.03213830394834751,4365122.0,344972.0,0.03682,241741.0,0.02071,,-0.4672404492358872,1988259.0,1167990.0,705607.0,1375407.0,350890.0,,-1282652.0,-3.470322451475355
Bluerock Acquisition Corp. Class A Ordinary Shares,BLRK,Unknown,NASDAQ,US,,,227699984.0,-1980.0,,,,,0.0,,,,,,,,,,,,,,,,,,
Bluerock Acquisition Corp.,BLRKU,Unknown,NASDAQ,US,,,,-2006.0,,,,,0.0,,,,,,,,,,,,,,,,,,
BioLineRx Ltd.,BLRX,Healthcare,NASDAQ,US,2024-12-31,,13988102.0,425.71426,-3.2747252,Infinity,-1.6529185344964021,0.0,0.0,0.0,-0.91,-37.75140772130699,28940000.0,-19152000.0,-5.16862,-9221000.0,-0.23377001,-0.21235001,0.3459877653832314,25445000.0,15406000.0,27104000.0,15040000.0,10436000.0,,1659000.0,0.11860079373170142
Bullish,BLSH,Technology,NASDAQ,US,2024-12-31,,4136268800.0,1.28343,28.196648,,,0.0,0.0,-6.15,0.97352,,250263249000.0,31922000.0,-6.02455,78527000.0,0.0,-0.27565,0.7841670243472166,646753000.0,85049000.0,2912378000.0,543065000.0,31540000.0,,2265625000.0,0.5477460749166012
"Belite Bio, Inc",BLTE,Healthcare,NASDAQ,US,2024-12-31,,7047498752.0,23.915977,-151.67491,,-38.56385154605756,0.0,0.0,-1.92,-1.23857,-1.1894558529015529,0.0,-39996000.0,0.0,-36144000.0,0.0,-0.32301,0.9585162884863145,6311000.0,6050000.0,147073000.0,537000.0,31677000.0,,140762000.0,0.01997332741067224
"American Battery Materials, Inc.",BLTH,Basic Materials,NASDAQ,US,2024-12-31,,16214639.0,-1.6715257,,,-4.211049596570281,0.0,0.0,-2.52,,-1.0686171931256891,0.0,-1568707.0,0.0,-4306918.0,0.0,,-21.074979332381744,7129534.0,7129534.0,116969.0,5585781.0,12896.0,,-7012565.0,-0.4324835724063915
Blue Water Acquisition Corp. III,BLUW,Financial Services,NASDAQ,US,2024-12-31,,334064736.0,-40.549023,,,,,0.0,,,,,,0.0,,0.0,,-0.94164,48541.0,48541.0,,1505.0,,,,
Blue Water Acquisition Corp. III,BLUWU,Financial Services,NASDAQ,US,2024-12-31,,,-42.666668,,,,,0.0,,,,,,0.0,,0.0,,-0.94164,48541.0,48541.0,,1505.0,,,,
Blue Water Acquisition Corp. III,BLUWW,Unknown,NASDAQ,US,2024-12-31,,,-2.3529413,,,,,0.0,,,,,,0.0,,0.0,,-0.94164,48541.0,48541.0,,1505.0,,,,
BlackRock Limited Duration Income Trust,BLW,Financial Services,NASDAQ,US,2024-12-31,,531811776.0,0.98176616,,9.877698,6.236467313612625,0.97730005,0.09926901,1.39,,1.8099999985919224,45601787.0,,0.91476995,45017449.0,0.81907,0.09884,0.5905350592367913,356598686.0,,,337676251.0,1865001.0,346004.0,,
"Banco Latinoamericano de Comercio Exterior, S. A.",BLX,Financial Services,NASDAQ,US,2024-12-31,,1802659328.0,1.1062117,7.561051,8.153333,4.978425688365871,0.39580002,0.05102041,6.0,6.47,4.554644883638058,284779000.0,,0.72512,205873000.0,0.72099996,0.15043999,0.1127621109039772,10521464000.0,,,4371548000.0,1963838000.0,1102444000.0,,
"Backblaze, Inc.",BLZE,Technology,NASDAQ,US,2024-12-31,,236481424.0,2.855153,118.087555,,-4.6195580671728,0.0,0.0,-0.66,0.03472,-1.658167239382723,127628000.0,-46289000.0,-0.089370005,-48531000.0,-0.24373,-0.55030996,0.4605061759157085,90936000.0,59803000.0,65748000.0,46339000.0,45776000.0,,-25188000.0,-0.1065115372444645
Trailblazer Acquisition Corp.,BLZR,Unknown,NASDAQ,US,,,347187520.0,1.3091381,,,,,0.0,,,,,,,,,,,,,,,,,,
Trailblazer Acquisition Corp.,BLZRU,Unknown,NASDAQ,US,,,,1.3260013,,,,,0.0,,,,,,,,,,,,,,,,,,
Trailblazer Acquisition Corp.,BLZRW,Unknown,NASDAQ,US,,,,0.062216457,,,,,0.0,,,,,,,,,,,,,,,,,,
Banco Macro S.A.,BMA,Financial Services,NASDAQ,US,2024-12-31,,6549033984.0,18.01945,10.5698595,37.30924,0.001284196781593146,0.42029998,5.54444,2.49,8.789143,19822.22307022222,4521612358000.0,,-0.04961,325502107000.0,0.0858,0.05473,0.27939307087788473,10441712229000.0,,,446453843000.0,2776111551000.0,3725618232000.0,,
Bumble Inc.,BMBL,Communication Services,NASDAQ,US,2024-12-31,,511814784.0,0.5372039,4.322844,,-509.33332322341664,0.0,0.0,-2.13,0.74488,-0.030000000071208167,1071643000.0,191774000.0,0.26885,-557008000.0,-0.19816,-0.23809999,0.3265631293598486,1175833000.0,138570000.0,342242000.0,629516000.0,204319000.0,,-833591000.0,-1.6286966028710885
"Benchmark Bankshares, Inc.",BMBN,Financial Services,NASDAQ,US,2024-12-31,,163035472.0,1.3180981,,8.530373,6.196309880162774,0.2056,0.024275862,4.28,,3.409216099745949,55791000.0,,0.40494,15853000.0,0.30125,0.16455999,0.08943696734521751,1114154000.0,,,790000.0,62596000.0,84108000.0,,
BlackRock Health Sciences Trust,BME,Financial Services,NASDAQ,US,2024-12-31,,544104704.0,1.0708653,,,23.653952375215706,1.6283001,0.069394596,-1.99,,1.439999994244897,24071879.0,,0.24475999,23454787.0,0.0,-0.04634,0.9922958480850818,4240176.0,,,152061.0,6048.0,26552753.0,,
"Biomea Fusion, Inc.",BMEA,Healthcare,NASDAQ,US,2024-12-31,,86258440.0,4.656489,-1.1621482,,-4.505703206375378,0.0,0.0,-2.25,-1.04978,-3.43786509266755,0.0,-144070000.0,0.0,-138426000.0,0.0,-2.0899699,0.6451625009382271,28365000.0,21673000.0,68332000.0,8771000.0,58279000.0,,39967000.0,0.4633401670607537
BlackRock Health Sciences Term Trust,BMEZ,Financial Services,NASDAQ,US,,,1523889536.0,,,,,8.4682,0.0,-0.12,,,,,0.0,,0.0,,,,,,,,,,
Basel Medical Group Ltd,BMGL,Healthcare,NASDAQ,US,2025-06-30,,12229524.0,3.2066667,,,,0.0,0.0,-0.51,,,11319944.0,-2183015.0,-0.094689995,-12087603.0,-0.99841005,-1.94559,0.28841002782500846,11990081.0,10691724.0,13118562.0,3419476.0,2979083.0,,1128481.0,0.09227513679191439
Bluemount Holdings Limited,BMHL,Financial Services,NASDAQ,US,2025-03-31,,93403744.0,17.829453,,73.2,,0.0,0.0,0.05,,,53757000.0,13911000.0,0.15970999,10086000.0,0.18862,0.3026,0.34291948699679375,73777000.0,73777000.0,110532000.0,150000.0,6084000.0,,36755000.0,0.39350670996657267
"Badger Meter, Inc.",BMI,Technology,NASDAQ,US,2024-12-31,,4456715264.0,6.2280703,27.18028,31.572025,48.715456854614665,0.309,0.010145324,4.79,5.56396,3.1436512981234745,826558000.0,157936000.0,0.19518,124942000.0,0.15451,0.21466999,0.7425555448039166,210181000.0,118205000.0,540116000.0,,295305000.0,,329935000.0,0.07403098031976943
Bank of America Corporation,BML-PG,Financial Services,NASDAQ,US,2024-12-31,,265204793344.0,0.5109128,,5.589072,,,0.05493388,3.514,,,101887000000.0,,0.35559,27132000000.0,0.28401,0.1019,0.0906200454450825,2965960000000.0,,,326670000000.0,296486000000.0,12175000000.0,,
Bank of America Corporation,BML-PH,Financial Services,NASDAQ,US,2024-12-31,,265066708992.0,0.5085715,,5.5634604,,,0.055186514,3.514,,,101887000000.0,,0.35559,27132000000.0,0.28401,0.1019,0.0906200454450825,2965960000000.0,,,326670000000.0,296486000000.0,12175000000.0,,
Bank of America Corporation,BML-PJ,Financial Services,NASDAQ,US,2024-12-31,,240876503040.0,0.5418329,,5.9273195,,,0.05189813,3.514,,,101887000000.0,,0.35559,27132000000.0,0.28401,0.1019,0.0906200454450825,2965960000000.0,,,326670000000.0,296486000000.0,12175000000.0,,
Bank of America Corporation,BML-PL,Financial Services,NASDAQ,US,2024-12-31,,241372315648.0,0.5096121,,5.5748434,,,0.055413034,3.514,,,101887000000.0,,0.35559,27132000000.0,0.28401,0.1019,0.0906200454450825,2965960000000.0,,,326670000000.0,296486000000.0,12175000000.0,,
Blue Moon Metals Inc.,BMM,Basic Materials,NASDAQ,US,2024-12-31,,292822240.0,1.769799,,,,0.0,0.0,-0.34,,,0.0,-1044272.0,0.0,-495756.0,0.0,-0.22558,0.13767008647715204,27916158.0,27910079.0,31672253.0,,3001720.0,,3756095.0,0.012827218998119816
Blackrock 2037 Municipal Target Term Trust,BMN,Financial Services,NASDAQ,US,2024-12-31,,161431248.0,,,262.59,11.534697517425828,11.25,0.0,0.1,,1.90999988925168,4158148.0,,0.0,3983708.0,0.0,,0.9260198124657056,12631667.0,,,12335000.0,,82606.0,,
"Bimini Capital Management, Inc.",BMNM,Financial Services,NASDAQ,US,2024-12-31,,34336428.0,3.7024975,,37.88889,-2.396403444015921,0.0,0.0,0.09,,-0.3964274005912167,13068427.0,,0.42465,-1306334.0,0.06079,0.10434,0.04405066778629581,148032250.0,,,27368000.0,5671347.0,254998.0,,
"Bitmine Immersion Technologies, Inc.",BMNR,Financial Services,NASDAQ,US,2025-08-31,,9311034368.0,0.74333644,21.776594,,,0.0,0.00057471264,-0.93,0.94,,6095000.0,-362633000.0,-96.88923,348577000.0,0.0,-0.86262,0.9883734640371127,102256000.0,9961000.0,513007000.0,,511999000.0,,410751000.0,0.04411443280798768
Bank of Montreal,BMO,Financial Services,NASDAQ,US,2025-10-31,,101871681536.0,1.592862,12.455623,16.95335,8.893311034095975,0.5629,0.046055924,8.36,11.378797,10.04481596628851,36099000000.0,,0.38668,8709000000.0,0.26668,0.10123,0.05962275240689002,1388702000000.0,,,280228000000.0,70322000000.0,206417000000.0,,
BMOK,BMOK,Unknown,NASDAQ,US,,,,,,,,,,,,,,,,,,,,,,,,,,,
Blue Moon Metals Inc.,BMOOF,Basic Materials,NASDAQ,US,2024-12-31,,359075328.0,2.1702282,,,,0.0,0.0,-0.34,,,0.0,-1044272.0,0.0,-495756.0,0.0,-0.22558,0.13767008647715204,27916158.0,27910079.0,31672253.0,,3001720.0,,3756095.0,0.010460465275965716
"BMP AI Technologies, Inc.",BMPA,Technology,NASDAQ,US,,,49977.0,-17.857141,,,,,0.0,,,,,,0.0,,0.0,,,,,,,,,,
Beamr Imaging Ltd.,BMR,Technology,NASDAQ,US,2024-12-31,,27798438.0,1.5234042,,,-23.72335035275315,0.0,0.0,-0.3,,-0.06069969189884444,3064000.0,-3215000.0,-3.2003698,-3353000.0,-1.46056,-0.22646,0.9539714867617108,1017000.0,967000.0,17184000.0,250000.0,16483000.0,,16167000.0,0.5815794398232016
"Biomerica, Inc.",BMRA,Healthcare,NASDAQ,US,2025-05-31,,6795153.0,1.4960107,5.769231,,-1.716860448425372,0.0,0.0,-2.51,0.39,-2.8423976560917557,5311000.0,-5137000.0,-1.13471,-4973000.0,-0.90307,-0.84302,0.6904962153069807,1840000.0,1740000.0,4875000.0,458000.0,2399000.0,165000.0,3150500.0,0.4636393028972269
Bank of Marin Bancorp,BMRC,Financial Services,NASDAQ,US,2024-12-31,,441213632.0,1.1074735,10.703125,44.193546,16.295647510951355,1.6128999,0.037271712,0.62,2.56,1.241420192187695,69774000.0,,1.5727401,-8409000.0,-1.0803399,-0.08596,0.1176351235432621,3265928000.0,,,21663000.0,137304000.0,288276000.0,,
BioMarin Pharmaceutical Inc.,BMRN,Healthcare,NASDAQ,US,2024-12-31,,11167606784.0,1.8436996,11.150798,21.609665,111.00612498892669,0.0,0.0,2.69,5.21308,0.8749967379106971,2853915000.0,474196000.0,-0.060159996,426859000.0,0.1682,0.09074,0.8095633958797758,1330950000.0,606988000.0,3232427000.0,602712000.0,942842000.0,521238000.0,2266343600.0,0.202939057923048
"Bright Mountain Media, Inc.",BMTM,Communication Services,NASDAQ,US,2024-12-31,,1017109.0,-0.013868613,-0.07125,,-0.556222024458707,0.0,0.0,-0.08,-0.08,-0.21574118255128458,56681000.0,-4918000.0,0.0561,-17024000.0,-0.22995001,,-1.5064808196330712,105197000.0,33780000.0,20299000.0,75056000.0,2546000.0,,-84898000.0,-83.46991325413501
Bayerische Motoren Werke AG,BMWKY,Consumer Cyclical,NASDAQ,US,2024-12-31,,63958708224.0,0.19998485,2.7625575,7.83408,5.095960274682929,0.3738,0.123231165,4.46,12.6477,6.482672660620454,142380000000.0,11394000000.0,0.07059,7290000000.0,0.051459998,0.07684,0.3448037589828635,172729000000.0,87689000000.0,96387000000.0,85504000000.0,19287000000.0,,-76342000000.0,-1.1936138505585587
Brookmount Explorations Inc.,BMXI,Basic Materials,NASDAQ,US,,,8809722.0,0.09085715,0.19875002,,,0.0,0.0,-0.04,0.16,,,,0.28413,,0.49729002,0.20934999,,,,,,,,,
Bristol-Myers Squibb Company,BMY,Healthcare,NASDAQ,US,2024-12-31,,126196334592.0,6.803117,10.291683,17.916185,11.886319001099773,0.71970004,0.0,3.46,6.02331,3.861886429258903,48300000000.0,5887000000.0,0.22492,-8948000000.0,0.14637,0.40333998,0.17639817284537218,76215000000.0,23774000000.0,29780000000.0,51200000000.0,10346000000.0,320000000.0,-46211000000.0,-0.3661833772700516
Bristol-Myers Squibb Company PFD CONV 2,BMYMP,Unknown,NASDAQ,US,2024-12-31,,1639930003456.0,132.48543,,4444.4443,,,0.00159,,,,48300000000.0,5887000000.0,,-8948000000.0,,,0.17639817284537218,76215000000.0,23774000000.0,29780000000.0,51200000000.0,10346000000.0,320000000.0,-46211000000.0,-0.02817864171191125
Brookfield Corporation,BN,Financial Services,NASDAQ,US,2024-12-31,,101598273536.0,2.3855002,7.701874,125.58333,37.2046695469544,0.65419996,0.0052584065,0.36,5.87,0.7114972925324267,86006000000.0,17994000000.0,0.24716999,641000000.0,0.012949999,0.00994,0.0937494902370194,325041000000.0,86117000000.0,56175000000.0,234792000000.0,15051000000.0,20755000000.0,-254337500000.0,-2.503364389453713
"Brand Engagement Network, Inc.",BNAI,Technology,NASDAQ,US,2024-12-31,,130974472.0,29.19376,-41.574074,,-30.435056987412885,0.0,0.0,-6.5,-0.54,-3.4795401096070324,99790.0,-36473971.0,-38.53315,-33715429.0,0.0,-2.18304,0.1457030982263893,15505376.0,14250560.0,1225559.0,3304343.0,149273.0,,-14279817.0,-0.10902748285177283
"Brand Engagement Network, Inc.",BNAIW,Unknown,NASDAQ,US,2024-12-31,,,0.36176854,,,,,0.0,,,,99790.0,-36473971.0,-38.53315,-33715429.0,0.0,-2.18304,0.1457030982263893,15505376.0,14250560.0,1225559.0,3304343.0,149273.0,,-14279817.0,
BNB Plus Corp.,BNBX,Financial Services,NASDAQ,US,2025-09-30,,4107974.0,0.67893213,,,-0.5274749979299311,0.0,0.0,-133.47,,-1322.337556732224,2136935.0,-16046595.0,-16.53708,-15160724.0,0.0,-2.7418602,0.519386511279812,2495748.0,2463911.0,2238426.0,193250.0,1667800.0,,-257322.0,-0.06263963695972759
CEA Industries Inc.,BNC,Industrials,NASDAQ,US,2024-12-31,,199164464.0,0.42246938,0.9576272,,-1.49769840639413,0.0,0.0,-4.21,4.72,-4.326638788829844,2803470.0,-3172084.0,12.571639,-3145943.0,73.27835,,0.887657902284818,1164065.0,1029918.0,10094243.0,269798.0,9452826.0,,8930178.0,0.04483820969186551
CEA Industries Inc.,BNCWW,Unknown,NASDAQ,US,2024-12-31,,,0.004673334,,,,,0.0,,,,2803470.0,-3172084.0,12.571639,-3145943.0,73.27835,,0.887657902284818,1164065.0,1029918.0,10094243.0,269798.0,9452826.0,,8930178.0,
"Barnes & Noble Education, Inc.",BNED,Consumer Cyclical,NASDAQ,US,2025-04-30,,307279328.0,1.0773115,-0.24216217,12.2739725,-0.7029257151909596,0.0,0.0,0.73,-37.0,-28.45250866169652,1610170000.0,16065000.0,0.06331,-65825000.0,0.001,0.00685,0.34441752026167777,518097000.0,279225000.0,465385000.0,283119000.0,9058000.0,,-52712000.0,-0.1715442439395077
"Bion Environmental Technologies, Inc.",BNET,Industrials,NASDAQ,US,2024-06-30,,11367018.0,-1.9028572,-3.3300002,,-1.9568781622653357,0.0,0.0,-0.03,-0.06,-0.22484792671325954,,,0.0,,0.0,,-51.745189395289174,5883180.0,5757613.0,74935.0,2289306.0,52212.0,,-5808245.0,-0.5109735024612436
"Bionano Genomics, Inc.",BNGO,Healthcare,NASDAQ,US,2024-12-31,,11132305.0,0.22469714,-0.46184736,,-0.3024963140041912,0.0,0.0,-12.77,-2.49,-408.6000151142621,30776000.0,-76278000.0,-1.15895,-112017000.0,-1.34356,-0.78217006,0.46139298291378633,41295000.0,37344000.0,39489000.0,6935000.0,9173000.0,,-1806000.0,-0.1622305533310487
NASDAQ DM Ex US Industrials Ind,BNH,Unknown,NASDAQ,US,,,,,,,,,,,,,,,,,,,,,,,,,,,
Beroni Group Ltd.,BNIGF,Healthcare,NASDAQ,US,2023-12-31,,179982.0,0.05318797,,,-15.194607420674734,0.0,0.0,-0.2,,-0.42120206979873603,468730.0,-5625232.0,-22.529852,-9227128.0,0.0,-3.32725,-0.015998709757459213,10075839.0,9574109.0,5629202.0,4851929.0,4036256.0,,-4446637.0,-24.70600948983787
Brookfield Finance Inc. 4.50% P,BNJ,Unknown,NASDAQ,US,,,,,,,,,,,,,,,,,,,,,,,,,,,
MicroSectors™ U.S. Big Banks -3x Inverse Leveraged ETNs,BNKD,Unknown,NASDAQ,US,,,,0.07357444,,11.767218,,,0.0,,,,,,,,,,,,,,,,,,
"Bonk, Inc.",BNKK,Financial Services,NASDAQ,US,2024-12-31,,21572984.0,0.25945386,,,-7.533639687933479,0.0,0.0,-15.87,,-17.096650276234328,701967.0,-42057672.0,-8.23776,-49409632.0,0.0,-0.93693,-0.29612055920068714,9511455.0,9397307.0,2580353.0,5625040.0,348816.0,,-6931102.0,-0.3212861975886136
MicroSectors™ U.S. Big Banks 3x Leveraged ETNs,BNKU,Unknown,NASDAQ,US,,,,0.34701574,,32.953194,,,0.0,,,,,,,,,,,,,,,,,,
"Broadstone Net Lease, Inc.",BNL,Real Estate,NASDAQ,US,2024-12-31,,3806123264.0,1.263365,27.257288,40.978725,19.170149804376116,2.4681,0.059824653,0.47,0.7066,0.7919822733871584,431800000.0,212894000.0,0.50846,162441000.0,0.20037001,0.02991,0.575825322247052,2074993000.0,113137000.0,180843000.0,1913125000.0,14845000.0,,-1894150000.0,-0.49765860657107713
"United States Brent Oil Fund, LP",BNO,Unknown,NASDAQ,US,,,,,,,,,,,,,,,,,,,,,,,,,,,
Burning Rock Biotech Limited,BNR,Healthcare,NASDAQ,US,2024-12-31,,366064256.0,4.624702,-58.620693,,-0.14724546947230563,0.0,0.0,-1.83,-0.58,-63.83897346531435,515822000.0,-322432000.0,-0.122559994,-346626000.0,-0.22485,-0.20247,0.6560755897684979,304478000.0,266299000.0,776618000.0,52321000.0,519849000.0,,472140000.0,1.2897735636882286
Brenmiller Energy Ltd,BNRG,Utilities,NASDAQ,US,2024-12-31,,1868371.0,0.85238403,,,-8.34779569742731,0.0,0.0,-55.93,,-24.711912073951318,0.0,-10328000.0,-16.98191,-6772000.0,0.0,-3.2720902,0.37653181131442,7428000.0,2796000.0,6302000.0,4823000.0,4101000.0,,-1126000.0,-0.6026640319294188
The Bank of Nova Scotia,BNS,Financial Services,NASDAQ,US,2025-10-31,,95124602880.0,1.489954,11.632251,18.39518,7.898339873646055,0.7619,0.057370517,4.15,6.562788,6.297077922077922,37097000000.0,,0.39183998,7789000000.0,0.24617,0.08986,0.05949554875818641,1371455000000.0,,,314880000000.0,65967000000.0,121591000000.0,,
Bonso Electronics International Inc.,BNSOF,Technology,NASDAQ,US,2023-03-31,,10054377.0,0.97872335,,,-5.666718217016389,0.0,0.0,-0.5,,-0.5682301299085253,9047000.0,-2650000.0,-0.34213,-2392000.0,-0.13889,-0.094689995,0.6071538068472151,7688000.0,7409000.0,8470000.0,3252000.0,6292000.0,,782000.0,0.07777707161766463
Brookfield Wealth Solutions Ltd.,BNT,Financial Services,NASDAQ,US,2024-12-31,,12385243136.0,0.85316294,,11.0366745,4.330999980485015,0.056999996,0.005482852,4.09,,6.1169335925632415,14337000000.0,,0.33971,1214000000.0,0.0922,0.09495,0.08735789872314277,126877000000.0,,,4540000000.0,12243000000.0,,,
Benitec Biopharma Inc.,BNTC,Healthcare,NASDAQ,US,2025-06-30,,415169472.0,3.398766,-1.2866242,,-5.952320573892173,0.0,0.0,-1.09,-9.42,-1.1844120462290435,0.0,-41765000.0,0.0,-37917000.0,0.0,-0.53015,0.9769358984657402,2297000.0,1802000.0,98518000.0,849000.0,97744000.0,,96221000.0,0.23176318705822377
BioNTech SE,BNTX,Healthcare,NASDAQ,US,2024-12-31,,26754236416.0,1.1781776,-40.58414,,27.580613024040254,0.0,0.0,-2.81,-2.6271346,3.8331273176761433,2751100000.0,-595700000.0,-0.02173,-665300000.0,-0.18132,-0.03041,0.8615782722362038,3118600000.0,2523200000.0,18803500000.0,254200000.0,9761900000.0,1254000000.0,16562700000.0,0.6190683128633381
BlackRock New York Municipal Income Trust,BNY,Financial Services,NASDAQ,US,2024-07-31,,245994480.0,0.97346824,,,-150.02301865043572,1.0181,0.058551922,-0.97,,-0.06003213892622036,11312702.0,,0.76311,10753062.0,-1.1516,-0.08647,0.6102679930942692,185554881.0,,,7582.0,,7022409.0,,
"Banzai International, Inc.",BNZI,Technology,NASDAQ,US,2024-12-31,,16101763.0,1.138756,-0.7256098,,-18.007019447515255,0.0,0.0,-64.42,-1.64,-59.9766109626225,4527879.0,-13467744.0,-1.5574601,-31513389.0,-2.37687,,-0.10764951325613328,28437880.0,28260148.0,2667492.0,12502463.0,1087497.0,,-25770388.0,-1.6004699609601756
"Banzai International, Inc.",BNZIW,Unknown,NASDAQ,US,2024-12-31,,,0.020861246,,,,,0.0,,,,4527879.0,-13467744.0,-1.5574601,-31513389.0,-2.37687,,-0.10764951325613328,28437880.0,28260148.0,2667492.0,12502463.0,1087497.0,,-25770388.0,
"Bob's Discount Furniture, Inc.",BOBS,Consumer Cyclical,NASDAQ,US,,,2147145344.0,3.3165524,,,,,0.0,,,,,,0.09060001,,0.05145,,,,,,,,,,
Boston Omaha Corporation,BOC,Industrials,NASDAQ,US,2024-12-31,,394426048.0,0.746473,-156.75,,-70.85112072044711,0.0,0.0,-0.01,-0.08,-0.22526108092374936,108274901.0,-7746787.0,-0.03733,-1292450.0,-0.00205,-0.00262,0.7315475162208304,165626276.0,54911524.0,117447401.0,99893294.0,28289712.0,22407179.0,-32493849.700000003,-0.08238261611971429
"The Beachbody Company, Inc.",BODI,Communication Services,NASDAQ,US,2024-12-31,,76834320.0,3.1122596,-2.1636727,,-0.33637837706851065,0.0,0.0,-6.3,-5.01,-24.46649399393503,418796000.0,-38361000.0,0.08306,-71642000.0,-0.15089,-1.02659,0.16138087490547445,146386000.0,127638000.0,78685000.0,22479000.0,20087000.0,,-67701000.0,-0.8811296826730555
"The Beachbody Company, Inc.",BODYW,Unknown,NASDAQ,US,2024-12-31,,,0.00020097617,,,,,0.0,,,,418796000.0,-38361000.0,0.08306,-71642000.0,-0.15089,-1.02659,0.16138087490547445,146386000.0,127638000.0,78685000.0,22479000.0,20087000.0,,-67701000.0,
BlackRock Enhanced Global Dividend Trust,BOE,Financial Services,NASDAQ,US,2024-12-31,,683168704.0,0.96418506,,10.152542,5.291829737977995,0.77419996,0.07563452,1.18,,1.5999999901010715,62709455.0,,0.60912,62397807.0,4.32822,0.09438,0.9923308080245037,5446319.0,,,,262325.0,7033278.0,,
BranchOut Food Inc.,BOF,Consumer Defensive,NASDAQ,US,2024-12-31,,39426752.0,7.0334926,,,-0.8819905311394326,0.0,0.0,-0.59,,-1.4399247339830468,6516337.0,-3902441.0,-0.44332,-4751516.0,-0.49752,-1.68177,0.18214108335683102,10514292.0,8813996.0,4916614.0,8074599.0,2329452.0,,-5597678.0,-0.14197664570492644
Bank of Hawaii Corporation,BOH,Financial Services,NASDAQ,US,2024-12-31,,3139441664.0,2.0812345,11.528999,17.043198,15.506727197535575,0.6048,0.036180384,4.63,6.84448,4.34204220496878,632337000.0,,0.4275,149994000.0,0.29201,0.117019996,0.07066505420040765,21933340000.0,,,647068000.0,763571000.0,1108171000.0,,
Bank of Hawaii Corporation,BOH-PA,Financial Services,NASDAQ,US,2024-12-31,,,0.43979952,,2.7471168,,,0.1691843,6.07,,,632337000.0,,0.4275,149994000.0,0.29201,0.117019996,0.07066505420040765,21933340000.0,,,647068000.0,763571000.0,1108171000.0,,
Bank of Hawaii Corp,BOH-PB,Unknown,NASDAQ,US,2024-12-31,,,,,,,,,,,,632337000.0,,,149994000.0,,,0.07066505420040765,21933340000.0,,,647068000.0,763571000.0,1108171000.0,,
ProShares Ultra Bloomberg Natural Gas,BOIL,Unknown,NASDAQ,US,,,,,,,,,,,,,,,,,,,,,,,,,,,
BOK Financial Corporation,BOKF,Financial Services,NASDAQ,US,2024-12-31,,8637735936.0,1.3987955,13.375422,14.9093895,12.780537341965822,0.2552,0.0,9.16,10.21052,8.21347991550345,,,0.38633,,0.26593,0.10077,0.11166857988581548,44134935000.0,,,3143695000.0,1434701000.0,2017225000.0,,
"Boundless Bio, Inc.",BOLD,Healthcare,NASDAQ,US,2024-12-31,,25967310.0,0.23567656,-0.55150646,,,0.0,0.0,-2.66,-2.10333,,0.0,-73267000.0,0.0,-65363000.0,0.0,-0.44875,0.7298228274929872,55767000.0,8135000.0,154390000.0,47632000.0,26587000.0,,98623000.0,3.7979675214721893
"Bolt Biotherapeutics, Inc.",BOLT,Healthcare,NASDAQ,US,2024-12-31,,11075180.0,0.34501314,-0.28507906,,-0.5846903460958381,0.0,0.0,-23.73,-20.24,-36.60056944915342,7690000.0,-68236000.0,-3.55141,-63118000.0,0.0,-0.81975,0.5740926609924523,42434000.0,15856000.0,50814000.0,25209000.0,7205000.0,22880000.0,24396000.0,2.2027632959464314
Bon Natural Life Limited,BON,Basic Materials,NASDAQ,US,2025-09-30,,16578158.0,0.17470525,2.810345,,10.862466471776015,0.0,0.0,-0.72,0.58,4.1427055371746055,18670684.0,-1585959.0,-0.17790002,-1994768.0,-0.10684,-0.04005,0.6755915303305611,27187876.0,26308460.0,45760451.0,12286051.0,3765978.0,,18572575.0,1.1203038962470981
Bonterra Resources Inc.,BONXF,Basic Materials,NASDAQ,US,2024-12-31,,28809294.0,3.0349486,,,-2.3255138724551183,0.0,0.0,-0.04,,-0.06020174820468563,0.0,-10976259.0,0.0,-9524737.0,0.0,-0.67796,0.36117016292516685,15462705.0,2996705.0,3197535.0,,1211478.0,,-12265170.0,-0.42573656959452044
DMC Global Inc.,BOOM,Industrials,NASDAQ,US,2024-12-31,,167812416.0,0.6633566,271.66666,,17.3839432516086,0.0,0.0,-0.47,0.03,1.0958387841779098,642851000.0,12993000.0,0.01396,-158712000.0,-0.00322,-0.00236,0.37383758082751284,233286000.0,114102000.0,289022000.0,70818000.0,14289000.0,,55736000.0,0.33213275470630255
"Boot Barn Holdings, Inc.",BOOT,Consumer Cyclical,NASDAQ,US,2025-03-31,,6199761408.0,4.8259497,23.96899,28.484594,19.81439424684127,0.0,0.0,7.14,8.48513,4.802064617294437,1911104000.0,239352000.0,0.16266,180942000.0,0.10097,0.18451001,0.5604783101860684,886964000.0,353349000.0,863960000.0,563043000.0,69770000.0,,-23004000.0,-0.003710465368927952
BORAY,BORAY,Unknown,NASDAQ,US,,,,1.2985774,,,,,3.0707893,,,,,,0.22121,,0.14604001,0.29016,,,,,,,,,
BOREALIS MNG CO LTD,BORMF,Unknown,NASDAQ,US,,,,35.0,,,,,0.0,,,,,,-0.53111,,0.0,,,,,,,,,,
Borr Drilling Limited,BORR,Energy,NASDAQ,US,2024-12-31,,1626425856.0,1.328987,-56.32905,18.928572,76.16539866022023,0.1429,0.0040485826,0.28,-0.09409,0.08905881651374838,1010600000.0,373800000.0,0.35438,82100000.0,0.07057,0.067940004,0.29047256989121534,2426300000.0,409600000.0,516600000.0,2111000000.0,61600000.0,,-1909700000.0,-1.1741697249554792
B.O.S. Better Online Solutions Ltd.,BOSC,Technology,NASDAQ,US,2024-12-31,,30311400.0,1.2015694,,9.607843,7.775162403720275,0.0,0.0,0.51,,0.33954276037256564,39949000.0,2612000.0,0.06882,2300000.0,0.0678,0.14255999,0.6211163847072183,13012000.0,10665000.0,24360000.0,2171000.0,3368000.0,,11348000.0,0.37438059607936286
"Bank of the James Financial Group, Inc.",BOTJ,Financial Services,NASDAQ,US,2024-12-31,,92911264.0,1.1606789,,10.276382,6.0493969449694545,0.201,0.0,1.99,,1.9077787134504975,43557000.0,,0.29793,7944000.0,0.18528,0.12452,0.06623987484222522,914379000.0,,,19348000.0,23287000.0,172530000.0,,
"Lingerie Fighting Championships, Inc.",BOTY,Communication Services,NASDAQ,US,2024-12-31,,54151.0,-0.008804045,,Infinity,6.853461802808865,0.0,0.0,0.0,,0.2918233233867748,132978.0,-344471.0,-6.7505703,-1868186.0,0.0,,-1303.0116432337434,5935861.0,5935861.0,2193.0,1197448.0,2193.0,,-5933668.0,-109.57633284703884
Bowhead Specialty Holdings Inc.,BOW,Financial Services,NASDAQ,US,2024-12-31,,870930496.0,1.9044722,12.743651,15.949044,,0.0,0.0,1.57,1.9649,,425592000.0,,0.14573,38243000.0,0.1012,0.13206,0.2239345875633674,1283800000.0,,,,97476000.0,,,
"Box, Inc.",BOX,Technology,NASDAQ,US,2025-01-31,,3533430528.0,-12.409456,16.990944,19.736,30.688641913005604,0.0,0.0,1.25,1.45195,0.868399445439005,1090130000.0,79634000.0,0.08324,244621000.0,0.19785999,2.04265,0.11830502782575321,1470244000.0,922076000.0,1097779000.0,721316000.0,624575000.0,,-372465000.0,-0.1054117229837892
Boxlight Corporation,BOXL,Technology,NASDAQ,US,2024-12-31,,1494442.0,-0.07410904,-0.09837093,,-0.260787079397925,0.0,0.0,-81.3,-15.96,-124.23928977110475,135893000.0,-19470000.0,-0.13444,-28335000.0,-0.28941,-1.3993201,-0.1118425046615498,128201000.0,77040000.0,78382000.0,45594000.0,8007000.0,,-49819000.0,-33.33618835659062
BP p.l.c.,BP,Energy,NASDAQ,US,2024-12-31,,100546273280.0,10.394351,14.024252,62.919353,6.128311129625777,3.1501,0.008540739,0.62,2.78161,5.15118863197685,189185000000.0,13615000000.0,0.09968001,381000000.0,0.00816,0.03554,0.20992247402809075,203910000000.0,82241000000.0,102834000000.0,71547000000.0,34360000000.0,1095000000.0,-100309500000.0,-0.9976451312189301
Blueport Acquisition Ltd,BPAC,Unknown,NASDAQ,US,,,73699800.0,-232.093,,,,,0.0,,,,,,,,,,,,,,,,,,
Blueport Acquisition Ltd,BPACR,Unknown,NASDAQ,US,,,,-4.6511626,,,,,0.0,,,,,,,,,,,,,,,,,,
Blueport Acquisition Ltd,BPACU,Unknown,NASDAQ,US,,,,-237.20929,,,,,0.0,,,,,,,,,,,,,,,,,,
BP p.l.c.,BPAQF,Energy,NASDAQ,US,2024-12-31,,98396815360.0,1.6813216,9.707692,63.1,6.43492035838517,3.1501,0.05023113,0.1,0.65,0.8585314385660728,189185000000.0,13615000000.0,0.09968001,381000000.0,0.00816,0.03554,0.20992247402809075,203910000000.0,82241000000.0,102834000000.0,71547000000.0,34360000000.0,1095000000.0,-100309500000.0,-1.0194384811439492
"Popular, Inc.",BPOP,Financial Services,NASDAQ,US,2024-12-31,,9732529152.0,1.5405805,9.094705,11.857839,10.696259339596555,0.2358,0.020302437,12.31,16.05,8.575541096716838,,,0.35981998,,0.28348,0.14047,0.07684354259597763,67432317000.0,,,1247632000.0,6800586000.0,208166000.0,,
Popular Capital Trust II PFD GTD 6.125%,BPOPM,Unknown,NASDAQ,US,,,,,,,,,,,,,,,,,,,,,,,,,,,
"Popular, Inc.",BPOPO,Financial Services,NASDAQ,US,2024-12-31,,5268275200.0,0.26385224,,2.2686024,,,0.116000004,11.02,,,2798520000.0,,0.35981998,614212000.0,0.28348,0.14047,0.07684354259597763,67432317000.0,,,1247632000.0,6800586000.0,208166000.0,,
BPPFF,BPPFF,Unknown,NASDAQ,US,,,,,,,,,,,,,,,,,,,,,,,,,,,
BP Prudhoe Bay Royalty Trust,BPPTU,Energy,NASDAQ,US,2024-12-31,,4821420.0,1.7330769,,,0.011285464728384147,0.0,0.0,-0.07,,0.2616822429906542,0.0,-1379000.0,-15.33333,-1143000.0,0.0,-0.40605998,0.8720846357297427,532000.0,532000.0,4159000.0,,4159000.0,,3627000.0,0.7522680040320072
Bluerock Private Real Estate Fund,BPRE,Unknown,NASDAQ,US,,,,,,,,,0.0,,,,,,0.0,,0.0,,,,,,,,,,
"Princeton Bancorp, Inc.",BPRN,Financial Services,NASDAQ,US,2024-12-31,,246417712.0,0.9102496,9.647681,13.439114,8.315090070621219,0.46130002,0.034597285,2.71,3.775,4.0333437695679395,74687000.0,,0.4065,10242000.0,0.23974001,0.06987,0.1119717566584182,2078193000.0,,,22941000.0,33644000.0,53224000.0,,
"Bio-Path Holdings, Inc.",BPTH,Healthcare,NASDAQ,US,2024-12-31,,528651.0,-0.066050805,-0.014158416,,-0.29135465177082126,0.0,0.0,-1.14,-4.04,-33.63598326359833,0.0,-11992000.0,0.0,-9894000.0,0.0,,0.039660056657223795,3729000.0,3295000.0,3776000.0,83000.0,1173000.0,,47000.0,0.08890553503161822
Brookfield Property Preferred L.P.,BPYPM,Financial Services,NASDAQ,US,,,,,,,,,0.0,,,,,,0.0,,0.0,,,,,,,,,,
Brookfield Property Partners L.P.,BPYPN,Real Estate,NASDAQ,US,2024-12-31,,,0.66718274,,6.279599,,,0.090644345,2.196,,,9111000000.0,3486000000.0,0.39258,-510000000.0,-0.04303,-0.01001,,64342000000.0,21670000000.0,8109000000.0,54285000000.0,2208000000.0,55000000.0,-56194500000.0,
Brookfield Property Partners L.P.,BPYPO,Real Estate,NASDAQ,US,2024-12-31,,,0.7291112,,6.862477,,,0.08201635,2.196,,,9111000000.0,3486000000.0,0.39258,-510000000.0,-0.04303,-0.01001,,64342000000.0,21670000000.0,8109000000.0,54285000000.0,2208000000.0,55000000.0,-56194500000.0,
Brookfield Property Partners L.P.,BPYPP,Real Estate,NASDAQ,US,2024-12-31,,10520461312.0,0.7702356,,7.249544,,,0.07904762,2.196,,,9111000000.0,3486000000.0,0.39258,-510000000.0,-0.04303,-0.01001,,64342000000.0,21670000000.0,8109000000.0,54285000000.0,2208000000.0,55000000.0,-56194500000.0,-5.341448281921119
Boqii Holding Limited,BQ,Consumer Cyclical,NASDAQ,US,2025-03-31,,5868684.0,0.15639631,-10.307693,,-0.0241066517339606,0.0,0.0,-0.54,-0.13,-101.21687923101626,468894000.0,-59321000.0,-0.08140001,-54125000.0,-0.08813,-0.15922,0.6003333691794817,87791000.0,45872000.0,222322000.0,50063000.0,38659000.0,59636000.0,176276200.0,30.03675099903147
BioQuest Corp.,BQST,Financial Services,NASDAQ,US,2022-04-30,,15276462.0,-9.290909,,,-3.528744040994487,0.0,0.0,-0.03,,-0.28055308008617613,0.0,-817920.0,0.0,-821022.0,0.0,,-12.909660107334526,466530.0,466530.0,33540.0,183300.0,33540.0,,-432990.0,-0.02834360469066725
"Broadridge Financial Solutions, Inc.",BR,Technology,NASDAQ,US,2025-06-30,,21237757952.0,7.3731356,17.599874,20.122787,33.19337054860402,0.4104,0.019169165,9.04,10.33587,5.861460957178841,6889100000.0,1188600000.0,0.120249994,839500000.0,0.14864,0.41793,0.31073142188414277,5889800000.0,1861300000.0,1817100000.0,3459000000.0,561500000.0,,-4072700000.0,-0.19176694683143172
Bragg Gaming Group Inc.,BRAG,Consumer Cyclical,NASDAQ,US,2024-12-31,,48354008.0,0.64123815,-32.267105,,-30.45933308765463,0.0,0.0,-0.34,-0.0588835,-0.16973451327433628,102001000.0,-3150000.0,-0.02947,-5147000.0,-0.0706,-0.11067,0.6895163938271026,33096000.0,29114000.0,33163000.0,10276000.0,10467000.0,,67000.0,0.0013856141976896724
Braiin Ltd,BRAI,Unknown,NASDAQ,US,2025-06-30,,,,,,,,,,,,73412000.0,-21999000.0,,-28861000.0,,,0.7727122404266167,65978000.0,24777000.0,39236000.0,3439000.0,4284000.0,,-26742000.0,
BRBF,BRBF,Unknown,NASDAQ,US,,,,,,,,,,,,,,,,,,,,,,,,,,,
BRBI BR Partners S.A.,BRBI,Financial Services,NASDAQ,US,2024-12-31,,1093005312.0,9.43395,,32.279068,,0.0,0.0,0.43,,,7414433000.0,239430000.0,1.01445,193670000.0,0.0,0.20851,0.05343809615084847,14251897000.0,2718103000.0,3391021000.0,9927207000.0,575235000.0,1140309000.0,-10062659700.0,-9.206414268552063
"BellRing Brands, Inc.",BRBR,Consumer Defensive,NASDAQ,US,2025-09-30,,2311664128.0,-4.4822044,8.930532,13.462069,32.79859261967347,0.0,0.0,1.45,2.18576,1.8631897203325776,2316600000.0,357400000.0,0.1461,216200000.0,0.07885,,-0.48235919234856534,1394900000.0,282800000.0,665500000.0,1084300000.0,71800000.0,,-729400000.0,-0.3155302672067073
"Blue Ridge Bankshares, Inc.",BRBS,Financial Services,NASDAQ,US,2024-12-31,,393401280.0,1.1694317,,39.09091,-1.1576666582839124,0.0,0.0,0.11,,-2.729999980489831,92234000.0,,0.26984,-15385000.0,0.11191,0.03288,0.11975040734164821,2409472000.0,,,198402000.0,173533000.0,24239000.0,,
Brady Corporation,BRC,Industrials,NASDAQ,US,2025-07-31,,4353467904.0,3.4992983,16.79345,22.507317,17.341650411670006,0.2354,0.010556831,4.1,5.495,4.066624051468162,1513605000.0,236638000.0,0.16771,189256000.0,0.12739,0.16689,0.6874492937304996,542042000.0,330332000.0,621835000.0,158565000.0,174349000.0,,79793000.0,0.018328606471793574
"Black Rock Coffee Bar, Inc.",BRCB,Consumer Cyclical,NASDAQ,US,2024-12-31,,276509120.0,6.423061,87.29721,,,0.0,0.0,-1.02,0.18122,,160917000.0,618000.0,-0.12449,-3744000.0,-0.026080001,,,229573000.0,33304000.0,19446000.0,205604000.0,10227000.0,,-210127000.0,-0.7599279184715498
BRC Inc.,BRCC,Consumer Defensive,NASDAQ,US,2024-12-31,,94641104.0,1.970167,-27.516668,,-13.172567783031367,0.0,0.0,-0.13,-0.03,-0.27481353257656355,391490000.0,3848000.0,0.01994,-2952000.0,-0.028570002,-0.47477,0.057937743532909376,177886000.0,75218000.0,95471000.0,96697000.0,6810000.0,,-82415000.0,-0.8708161308008411
BRCFF,BRCFF,Financial Services,NASDAQ,US,2024-12-31,,,0.9487125,,,,,0.012958843,,,,86006000000.0,17994000000.0,0.24716999,641000000.0,0.012949999,0.00994,0.0937494902370194,325041000000.0,86117000000.0,56175000000.0,234792000000.0,15051000000.0,20755000000.0,-254337500000.0,
Burcon NutraScience Corporation,BRCNF,Consumer Defensive,NASDAQ,US,2023-03-31,,17636426.0,190.61723,-139.0,,-9.615062098860518,0.0,0.0,-1.8,-0.01,-1.5623970710100943,363913.0,-7524539.0,-8.126209,-25364250.0,0.0,-12.45817,0.4179368402167855,5762058.0,625367.0,1864865.0,5171122.0,1456845.0,,-3897193.0,-0.2209740794421727
Brazilian Rare Earths Ltd.,BRELY,Basic Materials,NASDAQ,US,2024-12-31,,818387136.0,76.95041,,,,0.0,0.0,-0.47,,,,-48743047.0,0.0,-46074722.0,0.0,-0.40705,0.9500129015667084,4303599.0,4303599.0,84292827.0,,81685609.0,,79989228.0,0.09774008471218198
Brookfield Renewable Partners L.P.,BRENF,Utilities,NASDAQ,US,2024-12-31,,,1.21402,,,,,0.083491884,-0.511,,,5876000000.0,1082000000.0,0.03119,-218000000.0,-0.0029699998,0.01994,,58353000000.0,14565000000.0,8835000000.0,35548000000.0,2828000000.0,3054000000.0,-47380200000.0,
Brazilian Rare Earths Limited,BRETF,Unknown,NASDAQ,US,,,,14.667057,,,,,0.0,,,,,,0.0,,0.0,-0.40705,,,,,,,,,
BREZ,BREZ,Unknown,NASDAQ,US,,,,,,,,,,,,,,,,,,,,,,,,,,,
BRFCF,BRFCF,Unknown,NASDAQ,US,,,,,,,,,,,,,,,,,,,,,,,,,,,
"Barfresh Food Group, Inc.",BRFH,Consumer Defensive,NASDAQ,US,2024-12-31,,44713988.0,23.140495,-43.076923,,-7.285006901697802,0.0,0.0,-0.18,-0.065,-0.21139306834343888,10717000.0,-2773000.0,-0.06145,-2825000.0,-0.24045,-1.6744901,0.17420132610006028,2740000.0,2616000.0,2723000.0,832000.0,235000.0,,-17000.0,-0.0003801942246797579
North America Lithium Corp.,BRGC,Basic Materials,NASDAQ,US,,,84353000.0,,,0.09911895,,,0.0,2.497,,,,,0.0,,0.0,,,,,,,,,,
"BioRegenx, Inc.",BRGX,Healthcare,NASDAQ,US,2024-12-31,,12485418.0,-3.2474997,,,,0.0,0.0,-0.01,,,2340106.0,-6550734.0,-0.01666,-23054017.0,0.0,-3.8182402,-6.645086375569036,3887794.0,3633188.0,307796.0,2164264.0,58404.0,,-3579998.0,-0.286734332803275
BrilliA Inc,BRIA,Consumer Cyclical,NASDAQ,US,2025-03-31,,51500000.0,3.4915254,8.765957,17.166666,,0.0,0.0,0.12,0.235,,64391000.0,4061000.0,0.066,2815261.0,0.043720003,0.21537,0.6356660095747677,10334000.0,9035000.0,25692000.0,1681000.0,7703000.0,1000000.0,16058000.0,0.31180582524271844
Bridgford Foods Corporation,BRID,Consumer Defensive,NASDAQ,US,2025-10-31,,71979288.0,0.622938,,,-24.242469842124926,0.0,0.0,-1.47,,-0.3724867883420118,230986000.0,-18898000.0,-0.12758,-13359000.0,-0.05783,-0.109639995,0.7848845897808633,31668000.0,21336000.0,63613000.0,6075000.0,876000.0,,31945000.0,0.4438082243881045
BRIPF,BRIPF,Utilities,NASDAQ,US,2024-12-31,,,1.6831024,,,,,0.09636232,,,,21039000000.0,4958000000.0,0.26793,351000000.0,0.01944,0.07744,,74737000000.0,10903000000.0,9607000000.0,56354000000.0,1982000000.0,385000000.0,-64860500000.0,
Berkshire Hathaway Inc.,BRK-A,Financial Services,NASDAQ,US,2024-12-31,,1097238315008.0,1.5714204,21.373316,16.26017,8.206349833199964,0.0,0.0,46898.03,35678.6,66411.98719010546,424232000000.0,,0.41103,88995000000.0,0.18129,0.1017,0.5627686043881475,502226000000.0,,,124762000000.0,47729000000.0,,,
Berkshire Hathaway Inc.,BRK-B,Financial Services,NASDAQ,US,2024-12-31,,1096120205312.0,0.001047016,21.003431,16.25888,8.07617367614056,0.0,0.0,31.25,24.19081,44.27468027100356,424232000000.0,,0.41103,88995000000.0,0.18129,0.1017,0.5627686043881475,502226000000.0,,,124762000000.0,47729000000.0,,,
Barksdale Resources Corp.,BRKCF,Basic Materials,NASDAQ,US,2025-03-31,,17087560.0,0.9302705,,,-1.7515579825043726,0.0,0.0,-0.03,,-0.05537927024393028,0.0,-2024313.0,0.0,-4005722.0,0.0,-0.16791001,0.9255820069965635,1941030.0,1941030.0,168183.0,1442214.0,46287.0,,-1772847.0,-0.10375074030464268
BRKK,BRKK,Unknown,NASDAQ,US,,,,,,,,,,,,,,,,,,,,,,,,,,,
Bruker Corporation,BRKR,Healthcare,NASDAQ,US,2024-12-31,,6370892800.0,2.6101844,19.57224,,25.22892206884949,0.38459998,0.0048732944,-0.16,2.14232,2.902173913043478,3366400000.0,379200000.0,0.12958,113100000.0,-0.0060799997,-0.01089,0.30674910017738133,3991500000.0,1281300000.0,2053200000.0,2245300000.0,183400000.0,,-1938300000.0,-0.30424307249370136
Bruker Corporation,BRKRP,Healthcare,NASDAQ,US,2024-12-31,,,20.631536,,,,,0.0006180661,,,,3366400000.0,379200000.0,0.12958,113100000.0,-0.0060799997,-0.01089,0.30674910017738133,3991500000.0,1281300000.0,2053200000.0,2245300000.0,183400000.0,,-1938300000.0,
Borealis Foods Inc.,BRLS,Consumer Defensive,NASDAQ,US,2024-12-31,,14015540.0,-1.0829188,,,-8.783634692917898,0.0,0.0,-0.86,,-1.2853448892809682,27668894.0,-20404975.0,-0.27096,-25327198.0,-0.65719,,-0.011596924265161583,60701969.0,25406490.0,11799583.0,32284790.0,652965.0,,-48902386.0,-3.4891546098116804
Borealis Foods Inc.,BRLSW,Unknown,NASDAQ,US,2024-12-31,,,-0.07860697,,,,,0.0,,,,27668894.0,-20404975.0,-0.27096,-25327198.0,-0.65719,,-0.011596924265161583,60701969.0,25406490.0,11799583.0,32284790.0,652965.0,,-48902386.0,
"Brilliant Earth Group, Inc.",BRLT,Consumer Cyclical,NASDAQ,US,2024-12-31,,150168800.0,1.8987341,16.666666,,511.4106365063419,0.0,0.0,-0.03,0.09,0.006017193346929442,422161000.0,3350000.0,-0.00562,541000.0,-0.00088,-0.02644,0.05450408007253462,171863000.0,78169000.0,211413000.0,97662000.0,161925000.0,,39550000.0,0.2633702873033546
"Barnwell Industries, Inc.",BRN,Energy,NASDAQ,US,2025-09-30,,12663446.0,1.4511495,,,-3.996397776570924,0.0,0.0,-0.71,,-0.5555002661709721,13697000.0,-5352000.0,-0.5956,-7103000.0,-0.51858,-0.70932,0.336728810301749,13790000.0,4726000.0,5230000.0,93000.0,2886000.0,,-8560000.0,-0.6759613457505959
Barinthus Biotherapeutics plc,BRNS,Healthcare,NASDAQ,US,2024-12-31,,28785398.0,0.34074432,-0.5280899,,-1.9065808062119944,0.0,0.0,-1.88,-1.335,-1.9107503209918302,14969000.0,-51778000.0,0.0,-61074000.0,0.0,-0.62245,0.8110237202716947,30192000.0,15657000.0,125742000.0,12007000.0,110662000.0,,95550000.0,3.3193913108305817
"Brown & Brown, Inc.",BRO,Financial Services,NASDAQ,US,2024-12-31,,25190025216.0,1.9757913,14.821094,23.3481,28.91561708325466,0.19459999,0.008462915,3.16,4.97804,3.4964788732394365,,,0.21519,,0.18289,0.11226,0.3645241880535998,11175000000.0,6314000000.0,6924000000.0,4060000000.0,675000000.0,,-4251000000.0,-0.16875727449847425
Dutch Bros Inc.,BROS,Consumer Cyclical,NASDAQ,US,2024-12-31,,9388192768.0,11.037151,63.73327,116.408165,1152.5963773694111,0.0,0.0,0.49,0.89498,0.027676644005541772,1281015000.0,106093000.0,0.10421,35258000.0,0.04038,0.11682,0.21485435321070656,1737220000.0,203071000.0,357941000.0,942909000.0,293354000.0,,-1379279000.0,-0.1469163484479487
Brookfield Asset Management Inc,BROXF,Unknown,NASDAQ,US,2024-12-31,,,,,,,,,,,,86006000000.0,17994000000.0,,641000000.0,,,0.0937494902370194,325041000000.0,86117000000.0,56175000000.0,234792000000.0,15051000000.0,20755000000.0,-254337500000.0,
BRPSF,BRPSF,Financial Services,NASDAQ,US,2024-12-31,,,0.6848881,,,,,0.017950693,,,,86006000000.0,17994000000.0,0.24716999,641000000.0,0.012949999,0.00994,0.0937494902370194,325041000000.0,86117000000.0,56175000000.0,234792000000.0,15051000000.0,20755000000.0,-254337500000.0,
Dynamic Aerospace Systems,BRQL,Communication Services,NASDAQ,US,2024-12-31,,9221400.0,0.92071617,,,-39.33659277888951,0.0,0.0,-0.1,,-0.014744540447894711,266.0,-308981.0,0.0,-1171439.0,0.0,-0.4068,-1215.1434599156119,288226.0,288226.0,237.0,55000.0,33.0,,-287989.0,-0.031230507298241048
"Borqs Technologies, Inc.",BRQSF,Technology,NASDAQ,US,2024-12-31,,3186708.0,-0.93220335,,0.47826084,-0.046380391127347535,0.0,0.0,0.23,,-2.0267185009986566,27713000.0,-3138000.0,-0.73210996,16697000.0,0.28444,,-0.13400763508992877,29007000.0,26916000.0,23355000.0,596000.0,2032000.0,,-5652000.0,-1.7736171622878532
"ProCap Financial, Inc.",BRR,Financial Services,NASDAQ,US,,,184811552.0,-241.11113,,,,,0.0,,,,,,0.0,,0.0,,,,,,,,,,
Born Inc.,BRRN,Financial Services,NASDAQ,US,2024-12-31,,23729120.0,,,Infinity,-11.868346409812029,0.0,0.0,0.0,,-5.055464407429389e-05,0.0,-44987.0,0.0,-44987.0,0.0,,,56586.0,56586.0,,,,,,
CoinShares Bitcoin ETF,BRRR,Unknown,NASDAQ,US,,,,,,,,,,,,,,,,,,,,,,,,,,,
"ProCap Financial, Inc.",BRRWW,Unknown,NASDAQ,US,,,,-54.48889,,,,,0.0,,,,,,0.0,,0.0,,,,,,,,,,
Brightstar Lottery,BRSL,Consumer Cyclical,NASDAQ,US,2024-12-31,,2684653824.0,3.115183,11.6717205,158.66666,27.360871852972572,8.8889,0.056657225,0.09,1.22347,0.7684729064039408,2512000000.0,725000000.0,0.29094,348000000.0,0.13753,0.02032,0.1607316598560031,8217000000.0,2687000000.0,6165000000.0,5469000000.0,584000000.0,,-2052000000.0,-0.7643443566748664
"BrightSpire Capital, Inc.",BRSP,Real Estate,NASDAQ,US,2024-12-31,,766964224.0,0.78394896,8.411388,,-49.341174632960616,20.0,0.108474575,-0.3,0.70143,-0.12237525578466867,347216000.0,-51807000.0,0.44166002,-131979000.0,-0.110410005,-0.04275,0.281515830092188,2677667000.0,157800000.0,2863890000.0,2515619000.0,302173000.0,,186223000.0,0.2428053280357442
"Broad Street Realty, Inc.",BRST,Real Estate,NASDAQ,US,2024-12-31,,34959.0,0.0010141989,,0.0043478264,-11.512500161655352,0.0,0.0,0.23,,-0.08686210518638661,41345000.0,536000.0,-1.99524,-10552000.0,0.41924,0.25307,-0.025972408479627864,263552000.0,14779000.0,29350000.0,248753000.0,16160000.0,,-234202000.0,-6699.333504962957
BrainsWay Ltd.,BRSYF,Healthcare,NASDAQ,US,2024-12-31,,600637824.0,6.4469275,88.76923,72.125,-14.615384257868667,0.0,0.0,0.16,0.13,-0.1300000015487253,41016000.0,1391000.0,0.09273,2921000.0,0.12727,0.109519996,0.6606832350820645,32003000.0,15346000.0,79670000.0,5624000.0,69345000.0,,47667000.0,0.07936063646900798
BRT Apartments Corp.,BRT,Real Estate,NASDAQ,US,2024-12-31,,281121408.0,1.5003552,-25.48276,,78.50636989082122,5.0,0.06743088,-0.51,-0.58,0.21578674185754665,95630000.0,10284000.0,0.10103,-9791000.0,-0.098929994,-0.04804,0.2872874977398968,508549000.0,24915000.0,48744000.0,483634000.0,27856000.0,,-459805000.0,-1.635610049306526
"BioRestorative Therapies, Inc.",BRTX,Healthcare,NASDAQ,US,2024-12-31,,9231291.0,3.781818,-0.7703703,,-0.7288577597187961,0.0,0.0,-1.46,-1.35,-2.469617601396945,401000.0,-11555194.0,-314.32297,-8979381.0,0.0,-2.0773199,0.6947502153740465,3748406.0,3748406.0,11144221.0,0.0,547890.0,,7395815.0,0.8011680056451476
BRUN,BRUN,Unknown,NASDAQ,US,,,,,,,,,,,,,,,,,,,,,,,,,,,
Bravo Multinational Incorporated,BRVO,Communication Services,NASDAQ,US,2024-12-31,,1619794.0,-1.6190478,,Infinity,-2.0253514350050894,0.0,0.0,0.0,,-0.09874829598633567,0.0,-429306.0,0.0,-393506.0,0.0,,-2785.1006944444443,802397.0,802397.0,288.0,,288.0,,-802109.0,-0.495191981202548
Saba Capital Income & Opportunities Fund,BRW,Financial Services,NASDAQ,US,2025-10-31,,280480224.0,0.78323346,,5.0307693,7.151611849506739,0.77919996,0.1559633,1.3,,0.879999997185845,58123464.0,,-0.82999,55337716.0,1.79387,0.1585,0.410228387897116,510527886.0,,,61000000.0,9292675.0,,,
Birdie Win Corporation,BRWC,Consumer Defensive,NASDAQ,US,2024-07-31,,4099200.0,610.0,,Infinity,-1399.808434253772,0.0,0.0,0.0,,-0.004522047280762766,,,-1.6494,,-1.01852,-8.86595,-0.022956413835892663,13190.0,13190.0,12757.0,,1845.0,,-433.0,-0.00010563036690085871
Brixmor Property Group Inc.,BRX,Real Estate,NASDAQ,US,2024-12-31,,8668751872.0,2.9259222,28.748934,26.222221,21.216049401946336,1.0648,0.041056763,1.08,0.98508,1.0089656586501574,1285054000.0,470179000.0,0.37111,339274000.0,0.24698,0.113809995,0.3349092829945378,5924992000.0,1080666000.0,685129000.0,5339751000.0,377616000.0,,-5239863000.0,-0.6044541448838461
Terra Rossa Gold Ltd.,BRYGF,Basic Materials,NASDAQ,US,,,1527586.0,0.120494924,,,,0.0,0.0,-0.01,,,,,0.0,,0.0,,,,,,,,,,
"Braze, Inc.",BRZE,Technology,NASDAQ,US,2025-01-31,,2181730048.0,3.2938347,27.922527,,-43.65737593386067,0.0,0.0,-1.1,0.63712,-1.3167305496656336,593410000.0,-122159000.0,-0.19410999,-103743000.0,-0.16855,-0.21933001,0.5451918374095004,396249000.0,324477000.0,644026000.0,87440000.0,83062000.0,,247777000.0,0.1135690459170868
BEST SPAC I Acquisition Corp.,BSAA,Financial Services,NASDAQ,US,2024-12-31,,75474896.0,23.024832,,,,,0.0,,,,,,0.0,,0.0,,0.8,5500.0,5500.0,15000.0,,,,9500.0,0.00012586966665048468
BEST SPAC I Acquisition Corp.,BSAAR,Unknown,NASDAQ,US,,,,0.3837472,,,,,0.0,,,,,,0.0,,0.0,,,,,,,,,,
BEST SPAC I Acquisition Corp.,BSAAU,Financial Services,NASDAQ,US,2024-12-31,,,23.363432,,,,,0.0,,,,,,0.0,,0.0,,0.8,5500.0,5500.0,15000.0,,,,9500.0,
Banco Santander-Chile,BSAC,Financial Services,NASDAQ,US,2024-12-31,,17308778496.0,1.5075914,12.891184,14.185329,0.014267228205557838,0.561,0.0,2.59,2.85001,1229.9048217954671,2595202000000.0,,0.0,852964000000.0,0.45671,0.23161,0.07681738024182261,63044328000000.0,,,14448801000000.0,5116334000000.0,5176005000000.0,,
"BluSky AI, Inc.",BSAI,Basic Materials,NASDAQ,US,2024-12-31,,287413.0,-0.0091414945,,,39.38529928921016,0.0,0.0,-1.26,,0.02945261271479503,0.0,-521105.0,0.0,-949782.0,0.0,,-6301.919020715631,3346850.0,3346850.0,0.0,1384211.0,0.0,,-3346850.0,-11.644741191247439
Bogota Financial Corp.,BSBK,Financial Services,NASDAQ,US,2024-12-31,,109585488.0,0.75880027,24.142857,211.25,161.31486905493875,0.0,0.0,0.04,0.35,0.04984041464345644,11899614.0,,0.14674,-2170420.0,0.03002,0.0034599998,0.1413181570504135,834200724.0,,,182953545.0,52232208.0,41125369.0,,
Banco Santander (Brasil) S.A.,BSBR,Financial Services,NASDAQ,US,2024-12-31,,48488075264.0,1.0258161,6.9947405,22.37931,2.377414244034087,1.1581,0.0,0.29,0.92784,2.4898837495474404,48518147000.0,,-0.9474,13365506000.0,0.35521,0.14479999,0.09645785655518438,1118969678000.0,,,23137784000.0,204884465000.0,195083100000.0,,
"BioStem Technologies, Inc.",BSEM,Healthcare,NASDAQ,US,2024-12-31,,104615728.0,2.0918536,21.51724,7.090909,-10.485671500211184,0.0,0.0,0.88,0.29,-0.6170324704585055,301827302.0,31200641.0,0.13833,31884321.0,0.06913,0.55459,0.29118660949125486,99500195.0,99169960.0,133761109.0,4394701.0,22832706.0,,34260914.0,0.3274929559348858
"Bassett Furniture Industries, Incorporated",BSET,Consumer Cyclical,NASDAQ,US,2025-11-30,,136886800.0,0.8108247,11.33813,22.514286,-12.910730539162051,1.1429,0.050314467,0.7,1.39,-1.110129545648424,335280000.0,8325000.0,0.03138,6100000.0,0.01819,0.0367,0.5098743433831863,158712000.0,76984000.0,145542000.0,88652000.0,41277000.0,,-13170000.0,-0.09621088373751158
Blue Star Foods Corp.,BSFC,Consumer Defensive,NASDAQ,US,2024-12-31,,50165.0,-0.014457833,0.024,,-0.173902053598143,0.0,0.0,-0.03,0.05,-43.99028037383177,3593881.0,-10115399.0,-0.89298,-12478487.0,-1.99534,-5.58605,-0.07503995734751324,2746296.0,2644974.0,2233749.0,866708.0,326854.0,,-512547.0,-10.21722316356025
Blackstone Senior Floating Rate 2027 Term Fund,BSL,Financial Services,NASDAQ,US,2024-12-31,,172981360.0,0.9190871,,13.989473,5.399127708879071,1.3495,0.09750944,0.95,,2.069999969180082,19838881.0,,0.82641,18557439.0,0.4834,0.0641,0.609651673075747,122449316.0,,,90600000.0,0.0,4958668.0,,
"Bolt Projects Holdings, Inc.",BSLK,Basic Materials,NASDAQ,US,2024-12-31,,1222514.0,-0.08141902,,0.0093896715,-5.8142469161469155,0.0,0.0,29.82,,-36.462159770210064,1373000.0,-41608000.0,-11.79459,-65393000.0,0.0,,-0.7040065412919051,20840000.0,6837000.0,8735000.0,13186000.0,3512000.0,,-12105000.0,-9.901727096785804
"Bolt Projects Holdings, Inc.",BSLKW,Unknown,NASDAQ,US,2024-12-31,,,-0.0022099449,,,,,0.0,,,,1373000.0,-41608000.0,-11.79459,-65393000.0,0.0,,-0.7040065412919051,20840000.0,6837000.0,8735000.0,13186000.0,3512000.0,,-12105000.0,
"Black Stone Minerals, L.P.",BSM,Energy,NASDAQ,US,2024-12-31,,3177936128.0,3.8530698,12.195122,12.931035,6.886370269624156,1.2284,0.0890457,1.16,1.23,1.8771195664245575,439429000.0,278836000.0,0.93934,271326000.0,0.66386,0.23898001,,89467000.0,30423000.0,78544000.0,25000000.0,2519000.0,,-10923000.0,-0.0034371364181174633
BSMLP,BSMLP,Unknown,NASDAQ,US,,,,,,,,,,,,,,,,,,,,,,,,,,,
Bitwise Solana Staking ETF,BSOL,Unknown,NASDAQ,US,,,,,,,,,0.0,,,,,,,,,,,,,,,,,,
"Ballston Spa Bancorp, Inc.",BSPA,Financial Services,NASDAQ,US,2024-12-31,,50761016.0,0.7226762,,9.6267605,7.715470088266464,0.1859,0.019312363,7.1,,6.440337003459173,27338000.0,,0.23496,5234000.0,0.17086,0.073460005,0.07181135642683525,833622000.0,,,124250000.0,25743000.0,7054000.0,,
"Bespoke Extracts, Inc.",BSPK,Healthcare,NASDAQ,US,2024-12-31,,1800568.0,-0.69264066,,,-0.23658272333055658,0.0,0.0,-0.07,,-0.1458263674119973,1117452.0,-994628.0,-0.11517,-1037475.0,-0.51338,,-5.8256973221048876,2451026.0,1118671.0,165257.0,1492750.0,60305.0,,-2285769.0,-1.2694710780153817
"Block, Inc.",BSQKZ,Technology,NASDAQ,US,2024-12-31,,33336504320.0,1.4849904,,11.03823,4775.462955382726,0.0,0.0,4.97,,0.015914687373783435,24121053000.0,1686548000.0,0.06871,2897047000.0,0.13081001,0.14692001,0.5782850129270279,15542633000.0,8546798000.0,19880201000.0,7918613000.0,12258119000.0,717534000.0,4839841800.0,0.14518144294740498
Sierra Bancorp,BSRR,Financial Services,NASDAQ,US,2024-12-31,,510715520.0,1.3589238,10.007926,12.180065,8.977389970543381,0.3215,0.026635023,3.11,3.785,2.364249379320078,138822000.0,,0.42676,40560000.0,0.28373,0.11722,0.09885866333764126,3256969000.0,,,165231000.0,100664000.0,25448000.0,,
BlackRock Science and Technology Trust,BST,Financial Services,NASDAQ,US,2024-12-31,,1373524096.0,,,8.276151,3.2379902206755817,0.62759995,0.0,4.78,,8.62999990154827,274174765.0,,0.0,272279455.0,0.0,,0.9903320015790812,13422067.0,,,,136393.0,2210263.0,,
BSTT,BSTT,Unknown,NASDAQ,US,,,,,,,,,,,,,,,,,,,,,,,,,,,
BlackRock Science and Technology Term Trust,BSTZ,Financial Services,NASDAQ,US,2024-12-31,,1590633728.0,,,3.6270096,3.5536022657389124,0.42060003,0.0,6.22,,3.719999993621975,274174765.0,,0.0,272279455.0,0.0,,0.9852209758476771,25105077.0,,,152061.0,12742.0,9501701.0,,
Bank7 Corp.,BSVN,Financial Services,NASDAQ,US,2024-12-31,,427617408.0,1.7036757,9.895613,10.042222,8.450961060507764,0.22670001,0.02242744,4.5,4.56667,3.0520361641728844,97449000.0,,0.59853,45698000.0,0.45014998,0.18556,0.12254972962533797,1526595000.0,,,,240915000.0,1283000.0,,
Boston Scientific Corporation,BSX,Healthcare,NASDAQ,US,2024-12-31,,113109909504.0,4.8327208,19.433233,39.31443,51.704819970810405,0.0,0.0,1.94,3.92472,1.0884865049538777,16747000000.0,3002000000.0,0.20639,1854000000.0,0.14437,0.12675,0.5526081990100267,17392000000.0,6399000000.0,6920000000.0,11147000000.0,414000000.0,,-10472000000.0,-0.09258251594330619
"Bentley Systems, Incorporated",BSY,Technology,NASDAQ,US,2024-12-31,,10071438336.0,8.722061,24.671062,40.451218,53.06834403388868,0.32930002,0.008434865,0.82,1.34449,0.9828073066497893,1353095000.0,302150000.0,0.23074,234787000.0,0.18445998,0.24120001,0.3061900278456983,2358687000.0,814334000.0,442073000.0,1426638000.0,64009000.0,,-1916614000.0,-0.1903019147870003
BlackRock Long-Term Municipal Advantage Trust,BTA,Financial Services,NASDAQ,US,2024-07-31,,129694952.0,1.0157894,,,-33.24943542480469,0.9517,0.06021417,-0.65,,-0.25,12181986.0,,0.75528,11927471.0,-0.77672,-0.06389,0.6226787187661971,87373429.0,,,2866.0,,3173120.0,,
BTAB,BTAB,Unknown,NASDAQ,US,,,,,,,,,,,,,,,,,,,,,,,,,,,
British American Tobacco p.l.c.,BTAFF,Consumer Defensive,NASDAQ,US,2024-12-31,,138509205504.0,2.2927895,13.219461,33.605263,-3.9531491244354533,1.7077,0.03891769,1.9,4.83,-6.445491251682369,25867000000.0,8940000000.0,0.42042,3068000000.0,0.12064,0.06271,0.4175224350078638,68904000000.0,18743000000.0,14294000000.0,36950000000.0,2886000000.0,65000000.0,-54564500000.0,-0.3939413254263756
"BioXcel Therapeutics, Inc.",BTAI,Healthcare,NASDAQ,US,2024-12-31,,32804238.0,-0.33730605,-0.53956836,,-0.488050889959956,0.0,0.0,-9.29,-2.78,-98.35039949202499,2266000.0,-64804000.0,-143.20409,-59599000.0,0.0,,-2.4284261046481297,131439000.0,22233000.0,37394000.0,102947000.0,29854000.0,,-94045000.0,-2.86685519108842
"BT Brands, Inc.",BTBD,Consumer Cyclical,NASDAQ,US,2024-12-31,,7754952.0,1.0039841,,,-16.935380808363234,0.0,0.0,-0.15,,-0.14171515376744492,14823472.0,-1710436.0,0.12788,-2311208.0,-0.06667,-0.11534,0.580590552628339,5031570.0,1442935.0,4999404.0,4048155.0,1951415.0,,-32166.0,-0.0041478013016715
"BT Brands, Inc.",BTBDW,Unknown,NASDAQ,US,2024-12-31,,,0.119521916,,1.0869566,,,0.0,,,,14823472.0,-1710436.0,,-2311208.0,,,0.580590552628339,5031570.0,1442935.0,4999404.0,4048155.0,1951415.0,,-32166.0,
"Bit Digital, Inc.",BTBT,Financial Services,NASDAQ,US,2024-12-31,,582614656.0,0.6463195,Infinity,2.7272725,-32.069338987431145,0.0,0.0,0.66,0.0,-0.15871858645364664,163760431.0,27563264.0,4.7101197,28305810.0,1.2962601,0.19530001,0.8610890116190082,74768515.0,55026604.0,296856935.0,13806217.0,95201335.0,30797365.0,243646575.5,0.41819506768466874
Grayscale Bitcoin Mini Trust ETF,BTC,Unknown,NASDAQ,US,,,,,,,,,,,,,,,,,,,,,,,,,,,
Invesco Galaxy Bitcoin ETF,BTCO,Unknown,NASDAQ,US,,,,,,,,,,,,,,,,,,,,,,,,,,,
BTCS Inc.,BTCS,Financial Services,NASDAQ,US,2024-12-31,,81568008.0,0.3645175,-5.7666664,1.0679013,5.148816872678234,0.0309,0.0,1.62,-0.3,0.4456045218321611,4073518.0,-8161421.0,-0.319,-1271174.0,4.64321,0.43449003,0.8889948537325637,4245435.0,4245435.0,38137940.0,,1977778.0,,33892505.0,0.41551223121692515
BTC Digital Ltd.,BTCT,Technology,NASDAQ,US,2024-12-31,,11896219.0,0.25463435,-0.15625,,-2.4711526997197453,0.0,0.0,-0.78,-8.0,-1.8898063550761444,11675000.0,-2678000.0,-0.87716,-1989000.0,-0.43438,-0.19111,0.9705081449063944,1213000.0,893000.0,24553000.0,853000.0,14900000.0,,23340000.0,1.9619679160244108
WisdomTree Bitcoin Fund,BTCW,Unknown,NASDAQ,US,,,,,,,,,,,,,,,,,,,,,,,,,,,
"Biotricity, Inc.",BTCY,Healthcare,NASDAQ,US,2025-03-31,,8105135.0,-0.23379032,-0.67418605,,-0.9441994212479149,0.0,0.0,-0.14,-0.43,-1.567465501215223,13790294.0,-2448966.0,0.07047,-8421179.0,-0.30021998,,-5.320748937147865,35655054.0,20636148.0,4639292.0,26090213.0,365145.0,,-31015762.0,-3.826680493292215
Barratt Redrow plc,BTDPF,Consumer Cyclical,NASDAQ,US,2025-06-30,,7541151744.0,0.6899168,,28.61111,49.65634560898456,1.3008,0.034174755,0.18,,0.11559112551919765,5578300000.0,285500000.0,0.10678001,186400000.0,0.03342,0.027999999,0.681648167067828,3676800000.0,2358900000.0,9630800000.0,255200000.0,969600000.0,,5954000000.0,0.7895345700658003
Barratt Redrow plc,BTDPY,Consumer Cyclical,NASDAQ,US,2025-06-30,,7657336320.0,1.4414573,,29.888887,47.86613426032974,1.2779,0.016296295,0.36,,0.2311822510383953,5578300000.0,285500000.0,0.10678001,186400000.0,0.03342,0.027999999,0.681648167067828,3676800000.0,2358900000.0,9630800000.0,255200000.0,969600000.0,,5954000000.0,0.7775549814168278
Bitdeer Technologies Group,BTDR,Technology,NASDAQ,US,2024-12-31,,2791763200.0,4.5765176,17.09042,,-25.782453923769438,0.0,0.0,-5.01,0.73667,-0.5127518236284323,349782000.0,-89372000.0,-1.36491,-599151000.0,-1.15594,-0.98097,0.17755065622324043,1281256000.0,1100119000.0,949447000.0,286260000.0,476270000.0,37981000.0,-305222300.0,-0.10932958067503719
Baytex Energy Corp.,BTE,Energy,NASDAQ,US,2024-12-31,,2716527616.0,0.88757885,17.60311,17.65,-9.592619585781256,0.3214,0.026548672,0.2,0.20053275,-0.3310502542218994,4208955000.0,770302000.0,0.17331,236597000.0,0.07021,0.05254,0.5375189519758703,3588735000.0,573726000.0,449627000.0,2281888000.0,16610000.0,,-3139108000.0,-1.1555590237739737
BTFT,BTFT,Unknown,NASDAQ,US,,,,,,,,,,,,,,,,,,,,,,,,,,,
B2Gold Corp.,BTG,Basic Materials,NASDAQ,US,2024-12-31,,6760856576.0,2.024,6.424744,33.73333,363.7193198123284,0.6667,0.021186441,0.15,0.78758,0.008159824923792068,1902030000.0,568673000.0,0.31756002,-629891000.0,0.08753,0.07229,0.6196647775923463,1778301000.0,580687000.0,901789000.0,437883000.0,336971000.0,,-876512000.0,-0.12964511081502345
"BitGo Holdings, Inc.",BTGO,Financial Services,NASDAQ,US,2024-12-31,,1351340416.0,3.476063,,8.232394,,0.0,0.0,1.42,,,,,0.00114,,0.014789999,,,,,,,,,,
BTS Group Holdings Public Company Limited,BTGRF,Industrials,NASDAQ,US,2025-03-31,,1157867520.0,0.6594295,,7.4100003,-0.8039620147490485,0.0,0.0,0.01,,-0.3980287463547995,18111023207.0,439278336.0,0.09368,2117121181.0,0.11967,0.026080001,0.18019231544015538,216708742692.0,37865722274.0,53617786347.0,182378502615.0,33392000000.0,17250000000.0,-151015956345.0,-130.42593710979992
British American Tobacco p.l.c.,BTI,Consumer Defensive,NASDAQ,US,2024-12-31,,136642748416.0,2.255085,12.886202,33.05263,-3.903581666259383,1.6895,0.038766947,1.9,4.87343,-6.445491251682369,25867000000.0,8940000000.0,0.42042,3068000000.0,0.12064,0.06271,0.4175224350078638,68904000000.0,18743000000.0,14294000000.0,36950000000.0,2886000000.0,65000000.0,-54564500000.0,-0.3993223250595188
BTLWF,BTLWF,Unknown,NASDAQ,US,,,,,,,,,,,,,,,,,,,,,,,,,,,
Bitcoin Depot Inc.,BTM,Financial Services,NASDAQ,US,2024-12-31,,62446072.0,3.0555553,13.75,5.15625,-1.8846376271991108,0.0,0.0,0.16,0.06,-1.5652876739322632,573703000.0,24210000.0,0.07251,-11686000.0,0.01441,5.38028,-0.2950164785778488,96590000.0,40629000.0,34333000.0,63507000.0,29472000.0,,-62257000.0,-0.9969722354994562
biote Corp.,BTMD,Healthcare,NASDAQ,US,2024-12-31,,106708408.0,-0.94053143,2.686747,2.8227847,38.92065783161435,0.0,0.0,0.79,0.83,0.12898034772806136,197191000.0,31611000.0,0.18119,3157000.0,0.14717,,-0.8656370025333007,224570000.0,51514000.0,68127000.0,110862000.0,39342000.0,,-156443000.0,-1.4660794114743048
Bitcoin Depot Inc.,BTMWW,Unknown,NASDAQ,US,2024-12-31,,,0.21814813,,,,,0.0,,,,573703000.0,24210000.0,,-11686000.0,,,-0.2950164785778488,96590000.0,40629000.0,34333000.0,63507000.0,29472000.0,,-62257000.0,
John Hancock Financial Opportunities Fund,BTO,Financial Services,NASDAQ,US,2024-12-31,,786659264.0,1.1740891,331.08334,4.997484,58.91023509630617,0.32700002,0.06644518,7.95,0.12,0.4387138833233469,142405234.0,,0.64018,140944334.0,5.93635,0.25455,0.8412280248072729,130981477.0,,,130000000.0,93128.0,819550537.0,,
Armlogi Holding Corp.,BTOC,Industrials,NASDAQ,US,2025-06-30,,20485740.0,0.91440165,,,26.48208101621361,0.0,0.0,-0.41,,0.18503077958138617,190408258.0,-17921553.0,-0.1346,-15348767.0,-0.08718,-0.60411,0.1474021482168394,145124257.0,45787013.0,37665911.0,134297227.0,9190277.0,,-107458346.0,-5.245519371035657
Bit Origin Ltd,BTOG,Financial Services,NASDAQ,US,2025-06-30,,4171000.0,0.70564514,,,-0.24403934286048032,0.0,0.0,-16.8,,-516.3101921317475,2888482.0,-5966727.0,-27.47407,-17531647.0,0.0,-3.19921,,,,,,,,,
BTQ Technologies Corp.,BTQ,Technology,NASDAQ,US,2024-12-31,,395573280.0,14.138888,-77.48111,,,0.0,0.0,-0.08,-0.0364605,,666667.0,-5711011.0,-23.154839,-6076736.0,0.0,-0.77671,0.8157606686260812,1792921.0,1792921.0,9624644.0,0.0,9336892.0,,7831723.0,0.019798412572254627
"BrightSpring Health Services, Inc.",BTSG,Healthcare,NASDAQ,US,2024-12-31,,7156379648.0,4.513707,29.728413,73.481476,,0.0,0.0,0.54,1.33475,,11266472000.0,206374000.0,0.026349999,-18062000.0,0.00974,0.062750004,0.2780654861343134,4274555000.0,1428333000.0,1893054000.0,2904966000.0,61253000.0,,-2381501000.0,-0.33278013704395354
"BrightSpring Health Services, Inc.",BTSGU,Healthcare,NASDAQ,US,2024-12-31,,,15.087021,,,,,0.0,,,,11266472000.0,206374000.0,0.026349999,-18062000.0,0.00974,0.062750004,0.2780654861343134,4274555000.0,1428333000.0,1893054000.0,2904966000.0,61253000.0,,-2381501000.0,
Blackrock Municipal 2030 Target Term Trust,BTT,Financial Services,NASDAQ,US,2024-07-31,,1495952512.0,0.9409822,,25.054943,-982.0056915283203,0.6119,0.024408413,0.91,,-0.02,47310429.0,,0.80319,46652512.0,0.65989,0.03495,0.652321091909099,835002041.0,,,69592889.0,,35247372.0,,
Black Titan Corporation,BTTC,Unknown,NASDAQ,US,2025-07-31,,16355899.0,1.039261,,60.0,,,0.0,,,,2683126.0,226050.0,,209911.0,,,0.35051985269432306,1768211.0,1680386.0,2462895.0,302149.0,575111.0,,694684.0,0.04247299399439921
Peabody Energy Corporation,BTU,Energy,NASDAQ,US,2024-12-31,,4489472000.0,1.2695137,9.362645,,7.820454534991921,0.2752,0.0,-0.43,3.94333,2.613812544045102,,,0.020539999,,-0.0137,-0.0116,0.6131481263751952,2244900000.0,827500000.0,1780700000.0,467200000.0,700400000.0,,-464200000.0,-0.10339745965672578
BlackRock Innovation and Growth Term Trust,BTX,Financial Services,NASDAQ,US,2024-12-31,,1397364864.0,,,54.583336,5.888300037103781,8.5775,0.0,0.12,,0.9800000003705647,40691043.0,,0.0,35705223.0,0.0,,0.9869509960812006,23599924.0,,,,0.0,16270816.0,,
BlackRock Credit Allocation Income Trust,BTZ,Financial Services,NASDAQ,US,2024-12-31,,997638400.0,0.94068986,,9.718182,6.052084869913779,0.9153,0.09411215,1.1,,1.4099999949855364,64154936.0,,0.89595,63357458.0,0.99797994,0.097729996,0.6595916563531654,542663291.0,,,536048309.0,199614.0,6317936.0,,
Anheuser-Busch InBev SA/NV,BUD,Consumer Defensive,NASDAQ,US,2024-12-31,,147326025728.0,1.8349712,18.167961,25.186047,23.65188410647731,0.3748,0.0,3.01,4.17273,2.6493055555555554,59768000000.0,15149000000.0,0.27787,5855000000.0,0.104049996,,0.3786204793913965,117937000000.0,33066000000.0,22999000000.0,72170000000.0,11174000000.0,139000000.0,-94840700000.0,-0.6437470876673156
"Buda Juice, Inc.",BUDA,Consumer Defensive,NASDAQ,US,2024-12-31,,117861344.0,23.550917,,42.952385,,0.0,0.0,0.21,,,11274000.0,3412000.0,0.27155,3575000.0,0.3061,,,575000.0,575000.0,2697000.0,68000.0,1887000.0,,2122000.0,0.018004206705805086
Anheuser-Busch InBev SA/NV,BUDFF,Consumer Defensive,NASDAQ,US,2024-12-31,,144999825408.0,1.805998,,24.788372,23.396667240487798,0.3783,0.0,3.01,,2.6493055555555554,59768000000.0,15149000000.0,0.27787,5855000000.0,0.104049996,,0.3786204793913965,117937000000.0,33066000000.0,22999000000.0,72170000000.0,11174000000.0,139000000.0,-94840700000.0,-0.6540745806633737
"WEED, Inc.",BUDZ,Healthcare,NASDAQ,US,2024-12-31,,4254693.0,-7.825,,,-313.6143999363327,0.0,0.0,-0.01,,-0.00025509032183503554,0.0,-529992.0,0.0,-510716.0,0.0,,-0.2993176825585143,959372.0,959372.0,189891.0,441866.0,159355.0,,-769481.0,-0.18085464685701177
Bumrungrad Hospital Public Company Limited,BUGDF,Healthcare,NASDAQ,US,2024-12-31,,4860911104.0,4.135256,,17.592592,0.7188770328932543,0.576,1.0526316,0.27,,8.077391996910361,25717577317.0,9188069920.0,0.37449002,7774725876.0,0.29632,0.27437,0.8418106231539183,4852113611.0,3826729126.0,16731529941.0,139444086.0,3259383269.0,2013551782.0,13288902577.400002,2.733829583195768
BUHHF,BUHHF,Unknown,NASDAQ,US,,,,,,,,,,,,,,,,,,,,,,,,,,,
Bumrungrad Hospital Public Company Limited,BUHPF,Healthcare,NASDAQ,US,2024-12-31,,3931753984.0,4.9187784,,20.925926,0.710505366505766,0.576,0.88495576,0.27,,8.077391996910361,25717577317.0,9188069920.0,0.37449002,7774725876.0,0.29632,0.27437,0.8418106231539183,4852113611.0,3826729126.0,16731529941.0,139444086.0,3259383269.0,2013551782.0,13288902577.400002,3.3798916797638583
Bumrungrad Hospital PCL,BUHPY,Unknown,NASDAQ,US,2024-12-31,,,,,,0.7028247350969725,,,,,80.7739199691036,25717577317.0,9188069920.0,,7774725876.0,,,0.8418106231539183,4852113611.0,3826729126.0,16731529941.0,139444086.0,3259383269.0,2013551782.0,13288902577.400002,
"BlackRock Utilities, Infrastructure & Power Opportunities Trust",BUI,Financial Services,NASDAQ,US,2024-12-31,,635785216.0,,,6.555035,11.2983582827372,0.36810002,0.0,4.27,,1.6100000330176343,36420821.0,,0.0,35615206.0,0.0,,0.9942031469370454,2978612.0,,,,225175.0,13062505.0,,
Butler National Corporation,BUKS,Industrials,NASDAQ,US,2025-04-30,,192706272.0,2.7380953,,11.96,4.785037634216687,0.0,0.0,0.25,,0.17763706136054316,83968000.0,16827000.0,0.30437002,12551000.0,0.19022,0.25355,0.5281026456228001,58184000.0,24414000.0,47312000.0,39178000.0,25226000.0,,-10872000.0,-0.05641746834270137
Webull Corporation,BULL,Technology,NASDAQ,US,2024-12-31,,3301954816.0,3.3065326,36.555553,,818.9281592216703,0.0,0.0,-1.05,0.18,0.013212391798943408,390229672.0,-14353268.0,0.2059,-22693648.0,0.06311,0.03664,-1.0906762677779753,4323644968.0,1446165425.0,1931757996.0,15408514.0,270728008.0,,-2391886972.0,-0.7243851310168867
Webull Corporation,BULLW,Unknown,NASDAQ,US,2024-12-31,,,1.0653266,,,,,0.0,,,,390229672.0,-14353268.0,0.2059,-22693648.0,0.06311,0.03664,-1.0906762677779753,4323644968.0,1446165425.0,1931757996.0,15408514.0,270728008.0,,-2391886972.0,
MicroSectors Solactive FANG Innovation 3X Leveraged ETNs,BULZ,Unknown,NASDAQ,US,,,,,,40.99168,,,,,,,,,,,,,,,,,,,,,
Burford Capital Limited,BUR,Financial Services,NASDAQ,US,2024-12-31,,1952485376.0,0.78170186,5.6244245,22.3,5.704309640005463,0.3125,0.014124293,0.4,1.58594,2.7400000021542223,341225000.0,,0.30403998,146484000.0,0.18686001,0.04186,0.39180926393010557,2918190000.0,,,1778433000.0,469930000.0,79020000.0,,
"Burlington Stores, Inc.",BURL,Consumer Cyclical,NASDAQ,US,2025-01-31,,19609944064.0,12.685419,27.968143,35.860764,37.92012461034208,0.0,0.0,8.69,11.14232,5.232050156353497,10634823000.0,715009000.0,0.05746,503639000.0,0.050100002,0.41924998,0.15626356478309517,7399917000.0,2272511000.0,2628803000.0,5371525000.0,994698000.0,,-4771114000.0,-0.24330074499084506
"Nuburu, Inc.",BURU,Industrials,NASDAQ,US,2024-12-31,,70077968.0,-0.62015504,,0.041666668,-9.579006652005466,0.0,0.0,3.84,,-0.6263697498053034,152127.0,-13150890.0,-2047.5253,-34515754.0,0.0,,-5.428439558270154,44806558.0,20788893.0,1898553.0,9479552.0,209337.0,,-42908005.0,-0.6122895144448253
BURUW,BURUW,Unknown,NASDAQ,US,2024-12-31,,,-0.4647287,,,,,0.0,,,,152127.0,-13150890.0,-2047.5253,-34515754.0,0.0,,-5.428439558270154,44806558.0,20788893.0,1898553.0,9479552.0,209337.0,,-42908005.0,
First Busey Corporation,BUSE,Financial Services,NASDAQ,US,2024-12-31,,2410914560.0,0.96781063,10.025735,18.55102,10.576655323908593,0.6803,0.03770739,1.47,2.72,2.178695206788776,461445000.0,,0.42758,113691000.0,0.20284,0.07022,0.11482534418906654,10663453000.0,,,313578000.0,697659000.0,615800000.0,,
First Busey Corporation,BUSEP,Financial Services,NASDAQ,US,2024-12-31,,,0.9284168,,,,,0.03827019,,,,461445000.0,,0.42758,113691000.0,0.20284,0.07022,0.11482534418906654,10663453000.0,,,313578000.0,697659000.0,615800000.0,,
BUUU Group Limited,BUUU,Industrials,NASDAQ,US,2024-06-30,,159913248.0,143.13432,,137.0,,0.0,0.0,0.07,,,5812204.0,1028690.0,0.23115,834151.0,0.12537,0.67014,0.4902920593384759,1245892.0,1157644.0,2311345.0,722501.0,448888.0,,1065453.0,0.006662693762558059
"BrightView Holdings, Inc.",BV,Industrials,NASDAQ,US,2025-09-30,,1276409984.0,1.0208695,16.058878,193.57143,22.657003460160222,0.0,0.0,0.07,0.84377,0.681025641025641,2672800000.0,134600000.0,-0.01155,56000000.0,0.01905,0.02898,0.530689858490566,1591900000.0,514500000.0,666300000.0,913200000.0,74500000.0,,-925600000.0,-0.7251588530351075
BioVaxys Technology Corp.,BVAXF,Healthcare,NASDAQ,US,2024-10-31,,5644951.0,-1.3669587,,,-0.19543921687816623,0.0,0.0,-0.18,,-0.5730682165334732,0.0,-3295516.0,0.0,-3954781.0,0.0,,-1.4761494014286989,3220886.0,3220886.0,1300764.0,68080.0,211806.0,,-1920122.0,-0.34014856816294775
BitVentures Limited,BVC,Technology,NASDAQ,US,2024-06-30,,1414560000.0,145.17242,,,,0.0,0.0,-0.07,,,21818000.0,-774000.0,0.0,-743000.0,0.0,-0.942,0.15302831202962608,14180000.0,13930000.0,15504000.0,1309000.0,13311000.0,,1324000.0,0.000935980092749689
BVENY,BVENY,Unknown,NASDAQ,US,,,,0.8216406,,,,,0.0,,,,,,0.34230998,,0.08805,0.082100004,,,,,,,,,
"BV Financial, Inc.",BVFL,Financial Services,NASDAQ,US,2024-12-31,,176297760.0,0.91076356,,13.846154,15.73636355356156,0.0,0.0,1.43,,1.0999999718502098,,,0.57777,,0.32092997,0.07116,0.21440502028358635,716322000.0,,,49883000.0,70500000.0,,,
Compañía de Minas Buenaventura S.A.A.,BVN,Basic Materials,NASDAQ,US,2024-12-31,,9384814592.0,2.5261505,11.025539,20.64246,189.5055255169749,0.16319999,0.0083428575,1.79,3.35131,0.07817333326923553,1154605000.0,165534000.0,0.35352,402689000.0,0.30696,0.12317,0.6717024871515954,1488202000.0,479738000.0,838362000.0,,478435000.0,,-649840000.0,-0.06924377606286972
Bioventus Inc.,BVS,Healthcare,NASDAQ,US,2024-12-31,,569969856.0,3.4314518,10.704403,53.187504,-2.1413169552535245,0.0,0.0,0.16,0.795,-2.4937924950749073,573280000.0,26041000.0,0.08125,-33542000.0,0.01804,0.06379,0.20322656863876387,542352000.0,210398000.0,275610000.0,335627000.0,41582000.0,,-266742000.0,-0.4679931705019853
"Babcock & Wilcox Enterprises, Inc.",BW,Industrials,NASDAQ,US,2024-12-31,,1055450880.0,-4.5432806,712.67816,,-0.695002213931075,0.0,0.0,-0.7,0.01333,-2.215820224719101,717333000.0,29755000.0,0.0421,-59915000.0,-0.15051,,-0.390327474906704,1010159000.0,388493000.0,490185000.0,537930000.0,23399000.0,,-519974000.0,-0.49265580222928046
"Babcock & Wilcox Enterprises, Inc.",BW-PA,Industrials,NASDAQ,US,2024-12-31,,,-9.225251,,67.447556,,,0.0,0.286,,,717333000.0,29755000.0,0.0421,-59915000.0,-0.15051,,-0.390327474906704,1010159000.0,388493000.0,490185000.0,537930000.0,23399000.0,,-519974000.0,
BorgWarner Inc.,BWA,Consumer Cyclical,NASDAQ,US,2024-12-31,,11302200320.0,1.8656902,10.157091,73.563385,13.123883461914062,0.70419997,0.009928514,0.71,5.14222,2.666382252559727,14086000000.0,1303000000.0,0.0841,338000000.0,0.00945,0.0304,0.39534052740656045,8287000000.0,3646000000.0,6521000000.0,4343000000.0,2094000000.0,70000000.0,-1717000000.0,-0.15191732152912327
BrainsWay Ltd.,BWAY,Healthcare,NASDAQ,US,2024-12-31,,431593536.0,12.167599,79.6839,68.0625,-24.42307702181309,0.0,0.0,0.32,0.27333,-0.2599999950440792,41016000.0,1391000.0,0.09273,2921000.0,0.12727,0.109519996,0.6606832350820645,32003000.0,15346000.0,79670000.0,5624000.0,69345000.0,,47667000.0,0.11044419349227695
"Bridgewater Bancshares, Inc.",BWB,Financial Services,NASDAQ,US,2024-12-31,,554366592.0,1.2303616,9.005637,13.402684,11.402964915290244,0.0,0.0,1.49,2.2175,1.175132934116302,,,0.48544,,0.33567002,0.09454001,0.09038948396069513,4608307000.0,,,452920000.0,234137000.0,382554000.0,,
"Bridgewater Bancshares, Inc.",BWBBP,Financial Services,NASDAQ,US,2024-12-31,,,1.2229683,,12.7243595,,,0.0,1.56,,,107740000.0,,0.48544,32825000.0,0.33567002,0.09454001,0.09038948396069513,4608307000.0,,,452920000.0,234137000.0,382554000.0,,
"Broadwind, Inc.",BWEN,Industrials,NASDAQ,US,2024-12-31,,51042176.0,0.76309407,12.941176,9.565217,8.232373190573545,0.0,0.0,0.23,0.17,0.35591195866972963,143136000.0,4225000.0,-0.15281999,1152000.0,0.03373,0.082040004,0.46301348507288176,68890000.0,43557000.0,66868000.0,31153000.0,7721000.0,,-2022000.0,-0.039614298575358545
Breakwave Tanker Shipping ETF,BWET,Unknown,NASDAQ,US,,,,,,27.925209,,,,,,,,,,,,,,,,,,,,,
"Bankwell Financial Group, Inc.",BWFG,Financial Services,NASDAQ,US,2024-12-31,,398157152.0,1.2898272,9.163636,11.325844,6.0188374454338165,0.17979999,0.015971253,4.45,5.5,4.7941715176547985,87000000.0,,0.49983,9770000.0,0.32808998,0.12307,0.08276640244566581,2997956000.0,,,159451000.0,293552000.0,82534000.0,,
Legg Mason BW Global Income Opportunities Fund Inc.,BWG,Financial Services,NASDAQ,US,2025-10-31,,142562688.0,,,9.22826,4.1243434459217845,1.0435,0.0,0.92,,1.7700000071503292,16809105.0,,0.0,15472502.0,0.0,,0.5967418817761247,103873096.0,,,76000000.0,782148.0,12432675.0,,
BWGC,BWGC,Unknown,NASDAQ,US,,,,,,,,,,,,,,,,,,,,,,,,,,,
"The Baldwin Insurance Group, Inc.",BWIN,Financial Services,NASDAQ,US,2024-12-31,,2325390848.0,2.2553878,9.635932,,-16.457826388745627,0.0,0.0,-0.44,2.03094,-1.4989828847121671,1376243000.0,55699000.0,0.01422,-24518000.0,-0.0189,-0.041869998,0.16499586531478633,2525934000.0,1056434000.0,1026490000.0,1640891000.0,148120000.0,,-1499444000.0,-0.6448137530469888
BWIV,BWIV,Unknown,NASDAQ,US,,,,,,,,,,,,,,,,,,,,,,,,,,,
BW LPG Limited,BWLP,Industrials,NASDAQ,US,2024-12-31,,2504432384.0,1.4013387,,14.900902,3.215157576492086,1.2072,0.083809525,1.11,,3.5326082054211705,3563747000.0,411337000.0,0.07326,354296000.0,0.045739997,0.11568,0.5436152655386969,1382926000.0,610105000.0,677929000.0,1173296000.0,279681000.0,23132000.0,-688804600.0,-0.2750342170946788
"Brownie's Marine Group, Inc.",BWMG,Consumer Cyclical,NASDAQ,US,2024-12-31,,2923076.0,1.625,,Infinity,-4.019096352299122,0.0,0.0,0.0,,-0.002861339717763465,8169669.0,-278946.0,0.06419,-240599.0,0.0152,0.06854,0.2739695313698919,4186956.0,2860749.0,3030924.0,2695520.0,417678.0,,-1156032.0,-0.3954847564688705
Bowman Consulting Group Ltd.,BWMN,Industrials,NASDAQ,US,2024-12-31,,613792640.0,2.3419065,20.382732,36.42268,-67.77225724733394,0.0,0.0,0.97,1.73333,-0.5303054684388989,426564000.0,-2477000.0,0.03859,3034000.0,0.03426,0.066479996,0.48650769647407194,259766000.0,134979000.0,176621000.0,150438000.0,6698000.0,,-83145000.0,-0.13546105733688824
"Betterware de México, S.A.P.I. de C.V.",BWMX,Consumer Cyclical,NASDAQ,US,2024-12-31,,670578240.0,9.058469,6.970813,38.23404,0.42672346892538837,2.9364002,1.1727375,0.47,2.5778916,27.850567949134412,14100758000.0,1852789000.0,0.18566999,711728000.0,0.07162,0.82119006,0.11138281540041978,9291119000.0,4764488000.0,4538198000.0,5169538000.0,296558000.0,,-4752921000.0,-7.087794855973853
"Babcock & Wilcox Enterprises, I",BWNB,Unknown,NASDAQ,US,,,,,,,,,,,,,,,,,,,,,,,,,,,
Bitwise Dogecoin ETF,BWOW,Unknown,NASDAQ,US,,,,,,,,,0.0,,,,,,,,,,,,,,,,,,
iPath CBOE S&P 500 BuyWrite Index(SM) ETN,BWVTF,Unknown,NASDAQ,US,,,,,,,,,,,,,,,,,,,,,,,,,,,
"BWX Technologies, Inc.",BWXT,Industrials,NASDAQ,US,2024-12-31,,18028439552.0,14.517411,45.89667,59.216217,28.138919046547016,0.29639998,0.005282254,3.33,4.29639,2.6759209681785934,2703654000.0,329066000.0,0.109139994,281941000.0,0.100360006,0.26716,0.3765535254592108,1789520000.0,474201000.0,929997000.0,1055470000.0,74109000.0,10609000.0,-852096700.0,-0.04726402956519173
Blackstone Inc.,BX,Financial Services,NASDAQ,US,2024-12-31,,159471845376.0,11.721801,16.29769,33.598446,68.38888790700331,1.2119,0.037372857,3.86,7.95757,1.8412010773303182,10930540000.0,,0.52829,2776508000.0,0.21243,0.29228002,0.1889198209104581,23974860000.0,,,12286698000.0,1972140000.0,10843229000.0,,
BlueLinx Holdings Inc.,BXC,Industrials,NASDAQ,US,2024-12-31,,623895488.0,0.9977281,42.047874,45.431034,21.50473313514731,0.0,0.0,1.74,1.88,5.396486546586614,2952532000.0,87298000.0,0.01199,53116000.0,0.00476,0.021960001,0.40973191009541,931276000.0,233724000.0,1133988000.0,636196000.0,505622000.0,,202712000.0,0.3249133931867768
Brookfield Asset Management Inc,BXDIF,Unknown,NASDAQ,US,2024-12-31,,,,,,,,,,,,86006000000.0,17994000000.0,,641000000.0,,,0.0937494902370194,325041000000.0,86117000000.0,56175000000.0,234792000000.0,15051000000.0,20755000000.0,-254337500000.0,
"Blackstone Mortgage Trust, Inc.",BXMT,Real Estate,NASDAQ,US,2024-12-31,,3364659712.0,0.94102407,13.690788,31.126986,12.363769052788653,2.9841,0.09626216,0.63,1.43235,1.4278802917702287,493175000.0,,0.45597,-204088000.0,0.27254,0.02881,0.19125929737745592,16007766000.0,,,15728661000.0,323483000.0,,,
Nuveen S&P 500 Buy-Write Income Fund,BXMX,Financial Services,NASDAQ,US,2024-12-31,,1556229376.0,0.98438424,,11.952,4.75514647189357,0.84319997,0.06693933,1.25,,2.310000000287327,231792080.0,,0.36016998,230863395.0,10.18751,0.15222,0.9801590883595395,32002724.0,,,22340379.0,543.0,40575000.0,,
"BXP, Inc.",BXP,Real Estate,NASDAQ,US,2024-12-31,,11453897728.0,1.9935929,24.2397,37.195404,53.46615483091698,1.9310001,0.053189807,1.74,2.67,1.2100075380960105,3407719000.0,1021931000.0,0.32998002,14272000.0,0.082320005,0.04916,0.20789132289923168,18137324000.0,1202458000.0,3017252000.0,16984070000.0,1254882000.0,39706000.0,-15092277800.0,-1.317654318067262
BXRLY,BXRLY,Unknown,NASDAQ,US,,,,,,,,,,,,,,,,,,,,,,,,,,,
Blackstone Secured Lending Fund,BXSL,Financial Services,NASDAQ,US,2024-12-31,,5755075072.0,0.91689384,8.487031,9.392452,6.187083479139108,1.1623,0.12550937,2.65,2.93271,3.6509227643733735,731264000.0,,0.80433,694097000.0,0.42424,0.100209996,0.45104067450184915,7395703000.0,,,7056091000.0,229606000.0,13096513000.0,,
Bexil Investment Trust,BXSY,Financial Services,NASDAQ,US,2024-12-31,,209103824.0,0.7667504,,6.6543207,3.1546482201288972,,0.066875,,,3.349999945453392,24479013.0,,,23608713.0,,,0.965344066301612,9093613.0,,,8739500.0,529832.0,261160440.0,,
"Byline Bancorp, Inc.",BY,Financial Services,NASDAQ,US,2024-12-31,,1535402240.0,1.2037503,10.445761,11.595155,8.725444678697427,0.1384,0.012026459,2.89,3.208,2.667240079521227,403540000.0,,0.45707,120759000.0,0.31722,0.110240005,0.1149364151891707,8405032000.0,,,742546000.0,563138000.0,278991000.0,,
"Park Ha Biological Technology Co., Ltd.",BYAH,Consumer Defensive,NASDAQ,US,2024-10-31,,4682950.0,0.57931036,,,,0.0,0.0,-0.72,,,2381851.0,793714.0,-15.909969,478561.0,0.0,-7.29774,0.48846797390962815,1577198.0,1524453.0,2844246.0,70318.0,547498.0,,1267048.0,0.2705662029276418
Barry Callebaut AG,BYCBF,Consumer Defensive,NASDAQ,US,2025-08-31,,9498395648.0,2.8175855,21.950657,39.8443,44.269328932100976,0.8572,0.016739493,43.48,78.923836,34.57955283172985,14788581000.0,641689000.0,0.06062,185867000.0,0.012569999,0.06889,0.20739220232209668,10016965000.0,5353687000.0,9591548000.0,6206792000.0,1905367000.0,,-425417000.0,-0.04478830065260301
Boyd Gaming Corporation,BYD,Consumer Cyclical,NASDAQ,US,2024-12-31,,6674533376.0,2.45524,10.1246605,3.6897163,10.103325947808438,0.031600002,0.0,22.56,8.22151,6.1162538348475435,3930194000.0,938277000.0,0.20587999,577952000.0,0.46019,0.87022,0.24742784326517586,4810302000.0,622685000.0,561507000.0,3931196000.0,316688000.0,,-4248795000.0,-0.6365680955731878
BYD Company Limited,BYDDF,Consumer Cyclical,NASDAQ,US,2024-12-31,,110591606784.0,3.608047,15.230059,60.65,2.6061282600426363,0.9479,0.115217395,0.2,0.79645133,3.440000000137413,777102455000.0,54430364000.0,0.06425,40254346000.0,0.04559,0.18526,0.23648397189805903,584667646000.0,495985176000.0,370572244000.0,40459600000.0,102738734000.0,11156338000.0,-206285965400.0,-1.8652949477703467
BYD Electronic (International) Company Limited,BYDIF,Technology,NASDAQ,US,2024-12-31,,9512199168.0,2.0039892,,14.5172415,2.3766744843631487,0.2846,0.13491687,0.29,,1.793611720551774,177305549000.0,4460834000.0,0.01768,4265638000.0,0.02497,0.14331001,0.3586349390513513,57945540000.0,50823330000.0,60415511000.0,12459505000.0,7052024000.0,,2469971000.0,0.25966350749984635
Broadway Financial Corporation,BYFC,Financial Services,NASDAQ,US,2024-12-31,,76249560.0,0.5639765,,,14.323651868239656,0.0,0.0,-0.35,,0.4949855119216351,33323000.0,,0.1309,1929000.0,-0.0034,-0.00027000002,0.2134816309744,1049691000.0,,,226888000.0,61365000.0,118904000.0,,
BlackRock Municipal Income Quality Trust,BYM,Financial Services,NASDAQ,US,2024-07-31,,286231904.0,0.97040486,,,-30.156559164851483,3.3947,0.059704196,-0.64,,-0.3199999956197491,13156455.0,,0.84967005,13012774.0,-0.72052,-0.053179998,0.6694486843501707,162273683.0,,,6767.0,,2733195.0,,
Bayerische Motoren Werke Aktiengesellschaft,BYMOF,Consumer Cyclical,NASDAQ,US,2024-12-31,,68135985152.0,0.5839283,,7.607755,4.35415543664567,0.3796,0.042168204,13.41,,19.467485471289717,142380000000.0,11394000000.0,0.07059,7290000000.0,0.051459998,0.07684,0.3448037589828635,172729000000.0,87689000000.0,96387000000.0,85504000000.0,19287000000.0,,-76342000000.0,-1.120435843551594
"Beyond Meat, Inc.",BYND,Consumer Defensive,NASDAQ,US,2024-12-31,,330607296.0,-0.07134887,-1.5335901,,-1.6581600751454375,0.0,0.0,-3.17,-0.47529,-5.2588410478186045,326452000.0,-156124000.0,-0.47224,-160278000.0,-0.81808996,,-0.8865465548716648,1279354000.0,61453000.0,286456000.0,1222026000.0,131913000.0,,-992898000.0,-3.0032549553897323
byNordic Acquisition Corporation,BYNO,Financial Services,NASDAQ,US,2024-12-31,,86946264.0,-6.161616,,,60.344564772172035,0.0,0.0,-0.09,,0.18145792998269733,0.0,-1454382.0,0.0,-206537.0,0.0,,-0.08258754153020566,13260198.0,7047698.0,383768.0,6235000.0,272588.0,,-12876430.0,-0.14809641504550441
byNordic Acquisition Corporation,BYNOU,Financial Services,NASDAQ,US,2024-12-31,,,-8.055555,,,,,0.0,-0.041,,,0.0,-1454382.0,0.0,-206537.0,0.0,,-0.08258754153020566,13260198.0,7047698.0,383768.0,6235000.0,272588.0,,-12876430.0,
byNordic Acquisition Corporation,BYNOW,Unknown,NASDAQ,US,2024-12-31,,,-0.015151515,,,,,0.0,-0.013,,,0.0,-1454382.0,0.0,-206537.0,0.0,,-0.08258754153020566,13260198.0,7047698.0,383768.0,6235000.0,272588.0,,-12876430.0,
"Beyond Commerce, Inc.",BYOC,Communication Services,NASDAQ,US,2022-12-31,,1653393.0,,,,-0.23753987026364903,0.0,0.0,-0.0,,-0.0016839277947368757,4046071.0,-1557150.0,-0.27302,-2380261.0,-0.50095004,,-1.1728830811566129,10075218.0,6998671.0,1381058.0,7326665.0,391970.0,,-8694160.0,-5.258374748169371
Byrna Technologies Inc.,BYRN,Industrials,NASDAQ,US,2025-11-30,,333041152.0,5.074266,22.6,36.725,34.459692838956,0.0,0.0,0.4,0.65,0.5528197632546771,118120000.0,11838000.0,0.11218,9687000.0,0.08201,0.16128,0.7782998769055961,18731000.0,17094000.0,63696000.0,2346000.0,13727000.0,,44965000.0,0.1350133451376003
BeyondSpring Inc.,BYSI,Healthcare,NASDAQ,US,2024-12-31,,61683480.0,-1.9035534,-3.1914895,,-1.6284074637200776,0.0,0.0,-0.19,-0.47,-0.539177104344053,0.0,-8754000.0,0.0,-11123000.0,0.0,,-0.9587643887512749,48600000.0,11010000.0,28577000.0,589000.0,2922000.0,,-20023000.0,-0.3246087931485059
Kanzhun Limited,BZ,Communication Services,NASDAQ,US,2024-12-31,,8489964544.0,2.9698067,14.137627,22.683544,6.654556913441331,0.0,0.07009719,0.79,1.2675395,2.4353232946745154,7355677000.0,1172946000.0,0.31763,1584664000.0,0.31086,0.14404,0.7699043824057495,4347852000.0,4192056000.0,15100383000.0,302127000.0,2553090000.0,206391000.0,10897004700.0,1.2835159255996065
"Blaize Holdings, Inc.",BZAI,Technology,NASDAQ,US,2024-12-31,,154994704.0,105.83333,-2.5918367,,813.9910251536144,0.0,0.0,-1.44,-0.49,0.013181962958635066,0.0,-4976528.0,-1.9031799,-4113532.0,0.0,,0.5016306698472756,24079688.0,14017188.0,758842.0,1500000.0,1506.0,,-23320846.0,-0.15046221192176992
"Blaize Holdings, Inc.",BZAIW,Unknown,NASDAQ,US,2024-12-31,,5875546.0,32.291664,,,,,0.0,,,,0.0,-4976528.0,-1.9031799,-4113532.0,0.0,,0.5016306698472756,24079688.0,14017188.0,758842.0,1500000.0,1506.0,,-23320846.0,-3.969136825752024
Kincora Copper Limited,BZDLF,Basic Materials,NASDAQ,US,2024-12-31,,35059404.0,2.3378475,,,,0.0,0.0,-0.09,,,0.0,-2232000.0,0.0,-2556000.0,0.0,-0.18924,0.9625793518209155,672000.0,672000.0,2733000.0,,2144000.0,,2061000.0,0.05878593943011695
"BuzzFeed, Inc.",BZFD,Communication Services,NASDAQ,US,2024-12-31,,31433210.0,0.41432074,-4.224,,-0.40053935379890426,0.0,0.0,-0.91,-0.2,-2.4766604688876153,189887000.0,-23535000.0,-0.0947,-10096000.0,0.00057,-0.45988,0.4732382406345134,114456000.0,96836000.0,100886000.0,62740000.0,38648000.0,,-13570000.0,-0.4317090109473388
"BuzzFeed, Inc.",BZFDW,Unknown,NASDAQ,US,2024-12-31,,,0.00725846,,0.089696966,,,0.0,0.165,,,189887000.0,-23535000.0,-0.0947,-10096000.0,0.00057,-0.45988,0.4732382406345134,114456000.0,96836000.0,100886000.0,62740000.0,38648000.0,,-13570000.0,
"Beazer Homes USA, Inc.",BZH,Consumer Cyclical,NASDAQ,US,2025-09-30,,739176064.0,0.5969118,8.377926,86.37931,7.501148191791859,0.0,0.0,0.29,2.99,4.52864019642684,2371555000.0,36605000.0,-0.08108,45588000.0,0.00435,0.0081,0.4785615862004485,1360802000.0,204478000.0,2326149000.0,1056876000.0,214705000.0,,965347000.0,1.3059770831540345
Bunzl plc,BZLFF,Consumer Defensive,NASDAQ,US,2024-12-31,,9120798720.0,2.686929,0.15772168,14.292929,24.639943652441186,0.5083,0.02614841,1.98,179.43,1.5604982206405693,11776400000.0,820800000.0,0.05707,500400000.0,0.040900003,0.18,0.2925114385257944,6738500000.0,4135900000.0,4884600000.0,3722900000.0,1432900000.0,,-1853900000.0,-0.20326070741313323
Bunzl plc,BZLFY,Consumer Defensive,NASDAQ,US,2024-12-31,,9462426624.0,1.3937852,12.603238,14.828283,24.78983539159377,0.5076,0.050650243,0.99,1.16478,0.7802491103202847,11776400000.0,820800000.0,0.05707,500400000.0,0.040900003,0.18,0.2925114385257944,6738500000.0,4135900000.0,4884600000.0,3722900000.0,1432900000.0,,-1853900000.0,-0.1959222590215776
"Blubuzzard, Inc.",BZRD,Financial Services,NASDAQ,US,2022-12-31,,23708202.0,,,,-228.74383955919996,0.0,0.0,-0.0,,-5.246042965542892e-05,0.0,-33474.0,0.0,-33474.0,0.0,,,121211.0,121211.0,,121211.0,,,,
Baozun Inc.,BZUN,Consumer Cyclical,NASDAQ,US,2024-12-31,,155427376.0,0.29097682,6.922005,,-0.5835758769608341,0.0,0.0,-0.48,0.38717106,-4.678054948554199,9422229000.0,-107891000.0,-0.011879999,-185198000.0,-0.02089,-0.025799999,0.3834644475884738,4426422000.0,3747557000.0,7214171000.0,2523078000.0,1289323000.0,205607000.0,2931673900.0,18.862017589488225
"Burzynski Research Institute, Inc.",BZYR,Healthcare,NASDAQ,US,2025-02-28,,4469247.0,-34.0,,,-2.9529442044231033,0.0,0.0,-0.01,,-0.010159351905299084,0.0,-1386207.0,0.0,-1386207.0,0.0,,-49.1582054309327,42484.0,42484.0,847.0,,847.0,,-41637.0,-0.009316334496616544
Citigroup Inc.,C,Financial Services,NASDAQ,US,2024-12-31,,219525070848.0,1.1152724,10.211402,17.552217,10.423288154451653,0.3319,0.020044928,6.99,12.015,6.536776454821917,,,0.21562,,0.18893999,0.06831,0.08865400593724035,2143579000000.0,,,335805000000.0,276532000000.0,7399000000.0,,
Citigroup Capital XIII TR PFD SECS,C-PN,Unknown,NASDAQ,US,,,,,,,,,,,,,,,,,,,,,,,,,,,
Corporación América Airports S.A.,CAAP,Industrials,NASDAQ,US,2024-12-31,,4714103296.0,3.260747,12.238761,26.51376,10.85234905264863,0.0,0.0,1.09,2.36135,1.489999998880195,1843267000.0,435302000.0,0.27901,282674000.0,0.09491,0.12562999,0.32746391801886904,2663490000.0,603730000.0,765514000.0,1168788000.0,439847000.0,84618000.0,-1838743400.0,-0.3900515717507095
"China Automotive Systems, Inc.",CAAS,Consumer Cyclical,NASDAQ,US,2024-12-31,,135466448.0,0.35756946,7.015625,4.045045,2.2091476950421702,0.0,0.0,1.11,0.64,1.2473906008333184,650935000.0,45316000.0,0.072,29979000.0,0.04617,0.10406999,0.4109776987205186,460790000.0,456482000.0,602638000.0,168524000.0,56961000.0,40057000.0,169887900.0,1.2540957743278247
"Cabaletta Bio, Inc.",CABA,Healthcare,NASDAQ,US,2024-12-31,,241625648.0,1.7322291,-1.496515,,-14.115537648704423,0.0,0.0,-2.4,-1.67723,-1.6527886152354507,0.0,-125141000.0,0.0,-115864000.0,0.0,-1.01064,0.8232277379678566,32711000.0,27086000.0,166675000.0,15600000.0,163962000.0,,133964000.0,0.5544278974887633
"Cable One, Inc.",CABO,Communication Services,NASDAQ,US,2024-12-31,,567744064.0,0.39651617,2.899193,,14.519852043373785,4.5736,0.058520135,-80.59,34.75105,37.05208442099252,1579542000.0,455013000.0,0.25614,14480000.0,-0.29777,-0.27384,0.2752161963991146,4729863000.0,213872000.0,279235000.0,3597924000.0,153631000.0,2362000.0,-4448974600.0,-7.836232700796675
"Caring Brands, Inc.",CABR,Healthcare,NASDAQ,US,2024-12-31,,13115863.0,4.708995,,,,,0.0,,,,465.0,-1527363.0,-1350.6418,-1517400.0,0.0,-2.51383,0.9520036332866622,186105.0,186105.0,527481.0,,468998.0,500000.0,691376.0,0.05271296292131139
Camden National Corporation,CAC,Financial Services,NASDAQ,US,2024-12-31,,848415680.0,1.2180188,8.429928,13.054688,11.225019672219128,0.4375,0.0336,3.84,5.94667,3.619999987706588,,,0.47519,,0.27907,0.10614,0.09151048605562866,5273907000.0,,,369331000.0,214963000.0,21198000.0,,
Credit Acceptance Corporation,CACC,Financial Services,NASDAQ,US,2024-12-31,,5613952512.0,3.5594633,9.774633,13.942466,23.349599656639576,0.0,0.0,36.5,52.06333,19.880854416408706,,,0.46657002,,0.36808,0.28142,0.19759221195762655,7105000000.0,433000000.0,8708900000.0,6352900000.0,343700000.0,,1603900000.0,0.2856988897878301
CACI International Inc,CACI,Technology,NASDAQ,US,2025-06-30,,13660051456.0,3.3010433,19.405024,26.522299,23.359757539197897,0.0,0.0,23.32,31.87319,18.602932707216585,8627824000.0,764185000.0,0.093,499830000.0,0.057729997,0.1318,0.45029209267128284,4753653000.0,1208106000.0,1779945000.0,3335029000.0,106181000.0,,-2973708000.0,-0.21769376269031823
Cadence Bank,CADE,Financial Services,NASDAQ,US,2024-12-31,,7845388288.0,1.293265,11.274431,15.202167,9.52185995994349,0.38810003,0.025688931,2.77,3.735,2.9697550504082493,1792725000.0,,0.41736,523604000.0,0.29281,0.092180006,0.11845552847677725,41449507000.0,,,10706000.0,1731576000.0,,,
Cadence Bank,CADE-PA,Financial Services,NASDAQ,US,2024-12-31,,,0.63572985,,13.398059,,,0.052290816,1.545,,,1792725000.0,,0.41736,523604000.0,0.29281,0.092180006,0.11845552847677725,41449507000.0,,,10706000.0,1731576000.0,,,
"Candel Therapeutics, Inc.",CADL,Healthcare,NASDAQ,US,2024-12-31,,320057120.0,3.9931505,-9.716666,,-1.0601241808186133,0.0,0.0,-0.56,-0.6,-1.3111671357421038,0.0,-33371000.0,0.0,-55177000.0,0.0,-0.70171,0.6206557745213632,40539000.0,37529000.0,103804000.0,13471000.0,102654000.0,,63265000.0,0.1976678412903297
Club Versante Group Ltd,CADV,Unknown,NASDAQ,US,2024-12-31,,,,,,,,,,,,3954810.0,1064976.0,,794258.0,,,-0.7154537244184194,5812266.0,1217346.0,223601.0,1669927.0,,,-5588665.0,
CAE Inc.,CAE,Industrials,NASDAQ,US,2025-03-31,,10056384512.0,2.7066631,28.48655,31.565657,-21.726315146998356,0.0,0.0,0.99,1.097009,-0.95,4707900000.0,611500000.0,0.11273,405300000.0,0.09011,0.09262,0.43620360627084487,6237800000.0,2686500000.0,2143600000.0,3470400000.0,293700000.0,,-4094200000.0,-0.4071244486638818
CAEA,CAEA,Unknown,NASDAQ,US,,,,,,,,,,,,,,,,,,,,,,,,,,,
"Cantor Equity Partners III, Inc.",CAEP,Financial Services,NASDAQ,US,2024-12-31,,359219200.0,-90.61947,,128.0,,0.0,0.0,0.08,,,0.0,-61126.0,0.0,-61126.0,0.0,,-0.5518212577736612,164192.0,164192.0,0.0,70540.0,,,-164192.0,-0.0004570802451539339
"Morgan Stanley China A Share Fund, Inc.",CAF,Financial Services,NASDAQ,US,2024-12-31,,310205184.0,,,8.985074,-5.735147112891787,0.16280001,0.0,2.01,,-2.1,18681000.0,,0.0,17669000.0,0.0,,0.9982547281674276,471000.0,,,,1837000.0,718000.0,,
"Conagra Brands, Inc.",CAG,Consumer Defensive,NASDAQ,US,2025-05-31,,9256449024.0,1.1440904,10.725451,,36.828553511799754,0.791,0.071611255,-0.21,1.80412,0.7233333333333334,11612800000.0,1466200000.0,0.11413,1152400000.0,-0.008719999,-0.0116,0.4267097865185178,12001200000.0,4317000000.0,3071000000.0,8067600000.0,68000000.0,,-8930200000.0,-0.9647544081802746
"Cardinal Health, Inc.",CAH,Healthcare,NASDAQ,US,2025-06-30,,53256724480.0,-18.520458,19.74583,32.56403,28.12480913081639,0.2932,0.008970861,6.95,11.46166,3.4493927125506074,222578000000.0,2322000000.0,0.01163,1561000000.0,0.00679,,-0.05235119159670193,55756000000.0,38897000000.0,36373000000.0,8527000000.0,3874000000.0,,-19383000000.0,-0.36395403940546667
Caro Holdings Inc.,CAHO,Industrials,NASDAQ,US,2025-03-31,,18959662.0,-14.999999,,,-75.74484130149655,0.0,0.0,-0.02,,-0.013202219224667413,36319.0,-392094.0,-27.110659,-692956.0,0.0,,-2.419426793779939,1600408.0,1600408.0,256104.0,1394400.0,14566.0,,-1344304.0,-0.07090337369938346
Evolution Mining Limited,CAHPF,Basic Materials,NASDAQ,US,2024-06-30,,20824152064.0,5.9278617,,31.71875,24.224775853656894,0.2586,0.019743336,0.32,,0.08889999998129658,3303975000.0,913004000.0,0.36115003,422269000.0,0.21284,0.20382999,0.46969845584017217,4676645000.0,979578000.0,1070554000.0,2019074000.0,403303000.0,39628000.0,-3578351400.0,-0.17183659574721016
"Caris Life Sciences, Inc.",CAI,Healthcare,NASDAQ,US,2024-12-31,,6207232000.0,12.971698,123.38062,,,0.0,0.0,-3.52,0.17831,,412260000.0,-257122000.0,0.15054,-281890000.0,-0.2881,,-7.269685279896664,2842572000.0,165423000.0,215729000.0,424259000.0,63950000.0,,-2626843000.0,-0.42319072333690766
Canon Inc.,CAJFF,Technology,NASDAQ,US,2024-12-31,,28490942464.0,1.2624627,,13.675214,0.09026962293028802,0.4357,5.0955415,2.34,,264.08940007410234,4509821000000.0,444854000000.0,0.11577,160025000000.0,0.0718,0.096549995,0.5862172720345264,2121195000000.0,1546306000000.0,2450083000000.0,663500000000.0,501565000000.0,,328888000000.0,11.543598475746093
Canon Inc.,CAJPY,Technology,NASDAQ,US,2024-12-31,,27843809280.0,1.2443149,14.143498,13.478633,0.1930940774615518,0.4329,5.149662,2.34,2.23,165.43999992821026,,,0.11577,,0.0718,0.096549995,0.5862172720345264,2121195000000.0,1546306000000.0,2450083000000.0,663500000000.0,501565000000.0,,328888000000.0,11.811889554790113
The Cheesecake Factory Incorporated,CAKE,Consumer Cyclical,NASDAQ,US,2024-12-31,,3152486656.0,7.408058,15.766422,19.224924,16.2870668993014,0.32830003,0.017191978,3.29,4.01169,2.0662793068297653,3581699000.0,221888000.0,0.04197,156783000.0,0.043330003,0.39138,0.14578895113355425,2598305000.0,711420000.0,333313000.0,1908220000.0,84176000.0,,-2264992000.0,-0.7184779024168533
"Caleres, Inc.",CAL,Consumer Cyclical,NASDAQ,US,2025-01-31,,439964352.0,0.71350044,7.772455,20.28125,6.137442185009037,0.4375,0.022257552,0.64,1.67,5.0184762239400325,2722683000.0,157023000.0,0.02428,107255000.0,0.0077600004,0.029790001,0.3161486926535054,1288805000.0,757933000.0,836509000.0,826546000.0,29636000.0,,-452296000.0,-1.028028743565115
"CalciMedica, Inc.",CALC,Healthcare,NASDAQ,US,2024-12-31,,8647099.0,-31.584211,-0.3681595,,-0.3825926663995702,0.0,0.0,-1.62,-1.63,-7.658275560611984,0.0,-24204000.0,0.0,-13700000.0,0.0,-5.26364,0.7279983833484894,5384000.0,3684000.0,19665000.0,,7935000.0,,14281000.0,1.6515365442213625
"Cal-Maine Foods, Inc.",CALM,Consumer Defensive,NASDAQ,US,2025-05-31,,3932888576.0,1.461251,21.298063,3.486692,9.456025815158327,0.36630002,0.094269104,23.67,3.875,5.68592065148446,4261885000.0,1536436000.0,0.16179001,1220048000.0,0.27367002,0.48526,0.8301265083305264,518604000.0,308371000.0,1968110000.0,,499392000.0,,1449506000.0,0.36856014910909085
"Calix, Inc.",CALX,Technology,NASDAQ,US,2024-12-31,,3524582912.0,4.1349816,21.733446,204.53847,-77.26891013516152,0.0,0.0,0.26,2.44692,-0.4515399444436011,,,0.03404,,0.01788,0.02181,0.8314355768913418,158327000.0,131143000.0,584735000.0,8023000.0,43162000.0,,426408000.0,0.12098112334036079
Callaway Golf Company,CALY,Consumer Cyclical,NASDAQ,US,2024-12-31,,2760093440.0,1.1149904,80.40928,,30.927062431134676,0.0,0.0,-8.19,0.18667,0.4724017901541522,4239300000.0,209600000.0,0.03158,-1447700000.0,-0.37058,-0.46948,0.3153049331465015,5228400000.0,825900000.0,1600700000.0,4144500000.0,445000000.0,,-3627700000.0,-1.314339560909938
"CAM Group, Inc.",CAMG,Industrials,NASDAQ,US,,,25295.0,-0.10000001,,Infinity,,0.0,0.0,0.0,,,,,0.0,,0.0,,,,,,,,,,
CAMP4 THERAPEUTICS CORPORATION,CAMP,Healthcare,NASDAQ,US,2024-12-31,,199223552.0,3.069544,-4.1982355,,,0.0,0.0,-10.85,-0.91467,,652000.0,-53088000.0,-16.54969,-51791000.0,0.0,-1.727,0.806364692811626,15163000.0,9598000.0,66383000.0,8648000.0,64039000.0,,51220000.0,0.25709811659215875
Camtek Ltd.,CAMT,Technology,NASDAQ,US,2024-12-31,,6820087808.0,11.798892,44.838276,147.54456,42.67923652392,0.0,0.0,1.01,3.3235,1.6092339807216094,429234000.0,108069000.0,0.25672,118515000.0,0.098579995,0.08762,0.6157053143237651,342807000.0,123910000.0,620059000.0,207074000.0,126224000.0,113115000.0,356432500.0,0.05226215703292013
Canaan Inc.,CAN,Technology,NASDAQ,US,2024-12-31,,400160448.0,0.87263316,18.434374,,-1.166647617091082,0.0,0.0,-0.88,0.032,-2.408610707821092,269324000.0,-223042000.0,-0.15096,-249752000.0,-0.51663,-0.62708,0.5750489729185699,196757000.0,178569000.0,334021000.0,26875000.0,96488000.0,2782000.0,139211400.0,0.3478889547824577
Teucrium Sugar Fund,CANE,Unknown,NASDAQ,US,,,,,,,,,0.0,,,,,,,,,,,,,,,,,,
Can-Fite BioPharma Ltd.,CANF,Healthcare,NASDAQ,US,2024-12-31,,5446321.0,1.3147913,-5.69863,Infinity,-23.666648899913866,0.0,0.0,0.0,-0.73,-1.7915507051796091,674000.0,-8130000.0,-24.24752,-7880000.0,0.0,-2.64115,0.5960526315789474,3684000.0,2052000.0,8982000.0,104000.0,4825000.0,,5298000.0,0.9727667539243464
Cango Inc.,CANG,Financial Services,NASDAQ,US,2024-12-31,,337276000.0,0.5014418,17.705454,,-23.88253146619377,0.0,0.0,-0.48,0.055,-0.021982593298423607,110202400.926015,28368534.266654,0.090100005,41069991.64395,-0.51805997,-0.2054,0.6846051871050878,257899711.921754,251353538.992617,473706896.206901,23224500.897248,176659221.243545,,215807184.285147,0.6398533672278698
Trees Corporation,CANN,Healthcare,NASDAQ,US,2023-12-31,,3708256.0,-1.0029411,,,-1.2511073734049971,0.0,0.0,-0.05,,-0.09751361391058967,18136880.0,-3974658.0,-0.08206,-7082258.0,-0.37083998,,0.0063732817972707145,23098734.0,7365233.0,2354368.0,17877484.0,969676.0,,-20744366.0,-5.594102996125402
"Capstone Companies, Inc.",CAPC,Technology,NASDAQ,US,2024-12-31,,3027265.0,15.499999,,,-0.34538369672769775,0.0,0.0,-0.01,,-0.03474396799270172,143269.0,-456498.0,-306321.0,-962384.0,0.0,,0.5501606577601934,377018.0,181060.0,36305.0,180760.0,15850.0,,-340713.0,-0.1125481251228419
CrossAmerica Partners LP,CAPL,Energy,NASDAQ,US,2024-12-31,,837125696.0,-9.127182,54.899998,18.45378,17.368510851700957,1.7647,0.094679885,1.19,0.4,1.0520610456690351,4098288000.0,65594000.0,0.028080001,19892000.0,0.0141900005,,,1168501000.0,162846000.0,118830000.0,908559000.0,3381000.0,,-1049671000.0,-1.2538989126908846
Cayson Acquisition Corp,CAPN,Financial Services,NASDAQ,US,2024-12-31,,84172496.0,-32.575756,,,,,0.0,,,,,,0.0,,0.0,,0.964127701523458,2203025.0,103025.0,594750.0,,465254.0,,-1608275.0,-0.019106894489620458
Cayson Acquisition Corp,CAPNR,Unknown,NASDAQ,US,,,,-0.56060606,,,,,0.0,,,,,,0.0,,0.0,,,,,,,,,,
Cayson Acquisition Corp,CAPNU,Financial Services,NASDAQ,US,2024-12-31,,,-35.629696,,,,,0.0,,,,,,0.0,,0.0,,0.964127701523458,2203025.0,103025.0,594750.0,,465254.0,,-1608275.0,
"Capricor Therapeutics, Inc.",CAPR,Healthcare,NASDAQ,US,2024-12-31,,1344750208.0,13.478735,163.24374,,-5.947397738720276,0.0,0.0,-1.75,0.15143,-0.8322967500623638,22270465.0,-42564842.0,-7.78796,-40467186.0,0.0,-1.07787,0.8532461835678358,25018750.0,21026176.0,163385267.0,1451114.0,11286996.0,,138366517.0,0.10289384316644776
Capstone Holding Corp.,CAPS,Basic Materials,NASDAQ,US,2024-12-31,,4560107.0,0.1374562,,,-0.21460381511869028,0.0,0.0,-8.66,,-24.230696021826027,44876000.0,-638000.0,-0.05625,-2563000.0,-0.124,-0.2023,-0.06475932318248237,50279000.0,12550000.0,12800000.0,16612000.0,11000.0,,-37479000.0,-8.21888609192723
Captivision Inc.,CAPT,Basic Materials,NASDAQ,US,2023-12-31,,16648922.0,-0.2887252,,,-49.98486559309913,0.0,0.0,-2.92,,-0.2044618935304244,14636763.0,-15382689.0,-0.48401,-74726799.0,0.0,,-2.0450556007629546,67895472.0,51334785.0,10642136.0,22136857.0,476715.0,107862.0,-57177832.6,-3.434326414647147
Captivision Inc.,CAPTW,Unknown,NASDAQ,US,2023-12-31,,,-0.028328612,,,,,0.0,,,,14636763.0,-15382689.0,-0.48401,-74726799.0,0.0,,-2.0450556007629546,67895472.0,51334785.0,10642136.0,22136857.0,476715.0,107862.0,-57177832.6,
CAQ,CAQ,Unknown,NASDAQ,US,,,,,,,,,,,,,,,,,,,,,,,,,,,
"Avis Budget Group, Inc.",CAR,Industrials,NASDAQ,US,2024-12-31,,4238421760.0,-1.7669067,15.512763,,4.232100359598795,0.0,0.0,-59.11,7.76264,42.06185567010309,11622000000.0,269000000.0,0.20943001,-1821000000.0,-0.17952,,-0.08012809476257704,31358000000.0,2720000000.0,2034000000.0,26041000000.0,534000000.0,,-29324000000.0,-6.918613026373288
Max Auto Industry -3X Inverse Leveraged ETN,CARD,Unknown,NASDAQ,US,,,,,,16.695126,,,,,,,,,,,,,,,,,,,,,
"Carter Bankshares, Inc.",CARE,Financial Services,NASDAQ,US,2024-12-31,,488344544.0,1.1633781,9.2125,16.02174,15.096811427381118,0.0,0.0,1.38,2.4,1.0061727043124595,132402000.0,,0.29962,24523000.0,0.19969,0.07801,0.08248495607282727,4274876000.0,,,70000000.0,131171000.0,10041000.0,,
"CarGurus, Inc.",CARG,Consumer Cyclical,NASDAQ,US,2024-12-31,,2839834112.0,7.3246293,11.373123,19.331081,75.69932647188159,0.0,0.0,1.48,2.51558,0.3235167459543374,894384000.0,147913000.0,0.24499,20972000.0,0.16406,0.3539,0.6569622187509097,282847000.0,93051000.0,391206000.0,192744000.0,304193000.0,,108359000.0,0.038156806252209706
"Carlsmed, Inc.",CARL,Healthcare,NASDAQ,US,2024-12-31,,310339232.0,2.9087737,-7.627451,,,0.0,0.0,-0.99,-1.53,,27165000.0,-24122000.0,-0.69107,-24257000.0,-0.57517,,-1.3628820623649274,122454000.0,8818000.0,49351000.0,17180000.0,40125000.0,,-73103000.0,-0.23555835828065722
"Carisma Therapeutics, Inc.",CARM,Healthcare,NASDAQ,US,2024-12-31,,1623589.0,-1.8476192,-0.042637363,0.20421053,-1.1846278450720935,0.0,0.0,0.19,-0.91,-2.5915311260102665,19632000.0,-62179000.0,0.96827006,-60477000.0,0.1528,,-0.9163109856195417,58367000.0,16055000.0,23825000.0,2481000.0,17909000.0,,-34542000.0,-21.275088707794893
Carrier Global Corporation,CARR,Industrials,NASDAQ,US,2025-12-31,,53427142656.0,3.8718271,19.821138,37.822483,10.942695168815794,0.5325,0.014500793,1.69,3.22484,6.146758802237578,21747000000.0,1907000000.0,-0.01613,1484000000.0,0.06824,0.10925,0.3711750470556601,23062000000.0,7114000000.0,8533000000.0,12251000000.0,1555000000.0,,-14529000000.0,-0.2719404272384078
Cars.com Inc.,CARS,Communication Services,NASDAQ,US,2024-12-31,,684502848.0,1.4079878,5.0006733,24.217392,11.163600772881436,0.0,0.0,0.46,2.2277,1.7359989446993125,719152000.0,53498000.0,0.09255,48188000.0,0.04162,0.061139997,0.4600243734626056,600380000.0,116885000.0,214330000.0,455288000.0,50673000.0,,-386050000.0,-0.563985966059852
Maplebear Inc.,CART,Consumer Cyclical,NASDAQ,US,2024-12-31,,9125501952.0,2.6597052,8.835585,19.032967,-1.9197814179595685,0.0,0.0,1.82,3.92051,-12.418080480186195,3378000000.0,489000000.0,0.17891,457000000.0,0.14148,0.15326999,0.7516403402187121,1022000000.0,798000000.0,2697000000.0,26000000.0,1278000000.0,,1675000000.0,0.18355154695166076
Max Auto Industry 3X Leveraged ETN,CARU,Unknown,NASDAQ,US,,,,,,19.717083,,,,,,,,,,,,,,,,,,,,,
"Carver Bancorp, Inc.",CARV,Financial Services,NASDAQ,US,2025-03-31,,7507682.0,1.4445574,,,-2.4905413541671293,0.0,0.0,-2.49,,-0.6143242587920903,22237000.0,,-0.34662,-13744000.0,-0.58391,-0.39004,0.04051830775995868,700413000.0,,,29112000.0,50315000.0,843000.0,,
"Pathward Financial, Inc.",CASH,Financial Services,NASDAQ,US,2025-09-30,,2093611648.0,2.431444,9.752342,11.415347,8.938694257928118,0.024400001,0.002165205,8.21,9.61,7.270090370708384,673632000.0,,0.25535,185872000.0,0.24309,0.23567,0.11963243815410973,6314890000.0,,,42456000.0,120568000.0,354833000.0,,
"CASI Pharmaceuticals, Inc.",CASI,Healthcare,NASDAQ,US,2024-12-31,,14326175.0,-0.6647735,-0.43413144,,-3.5659563039006574,0.0,0.0,-3.02,-2.13,-2.016289445093762,28537000.0,-39212000.0,-3.33138,-39258000.0,-1.83957,,0.034485970861124565,51823000.0,36452000.0,39576000.0,22141000.0,13468000.0,1716000.0,-11045800.0,-0.7710222721696475
"Cass Information Systems, Inc.",CASS,Industrials,NASDAQ,US,2024-12-31,,611820864.0,2.476826,13.36,20.242424,28.37177513756219,0.5411,0.02671511,2.31,3.5,1.3912033676876179,,,0.28119,,0.1693,0.13182001,0.09562515839756568,2166051000.0,,,,349728000.0,,,
FreeCast Inc,CAST,Unknown,NASDAQ,US,2025-06-30,,,,,,,,,,,,,,,,,,,,,,,,,,
"Casey's General Stores, Inc.",CASY,Consumer Cyclical,NASDAQ,US,2025-04-30,,24497537024.0,6.440642,34.436207,40.645756,23.84399189939106,0.1317,0.003277082,16.26,19.19201,13.432375961813104,15940899000.0,796400000.0,0.06628,546520000.0,0.03578,0.16989,0.4274633966032165,4699448000.0,1101693000.0,1012853000.0,2957899000.0,326662000.0,,-3686595000.0,-0.15048839384907464
Caterpillar Inc.,CAT,Industrials,NASDAQ,US,2024-12-31,,340209401856.0,15.891286,26.411201,38.607124,14.271215388017055,0.3105,0.0087570585,18.81,27.49591,20.122663551401867,64809000000.0,13072000000.0,0.14007,10792000000.0,0.13144,0.43526,0.22208422587849233,68270000000.0,32272000000.0,45682000000.0,38409000000.0,6889000000.0,,-22588000000.0,-0.06639440261430751
The Cato Corporation,CATO,Consumer Cyclical,NASDAQ,US,2025-01-31,,59838276.0,0.34044945,2.3307693,,-5.220276215488632,0.0,0.0,-0.48,1.3,-1.2347145347319097,649806000.0,-27881000.0,-0.05491,-18057000.0,-0.013789999,-0.052789997,0.35877540283092485,290065000.0,188239000.0,223186000.0,145896000.0,20279000.0,,-66879000.0,-1.1176625476308844
"Perspective Therapeutics, Inc.",CATX,Healthcare,NASDAQ,US,2024-12-31,,536535328.0,1.4456723,-3.4919412,,-2.6471660240729777,0.0,0.0,-1.51,-1.34882,-1.7377073681064117,0.0,-66797000.0,-133.30621,-79279000.0,0.0,-0.37258,0.8521464317020472,50433000.0,18230000.0,231160000.0,4062000.0,61580000.0,,180727000.0,0.33684082029357065
Cathay General Bancorp,CATY,Financial Services,NASDAQ,US,2024-12-31,,3680780800.0,1.2427639,9.458042,11.916299,11.722758662212488,0.2996,0.0,4.54,5.72,3.9539719991493634,,,0.61764,,0.42284,0.10920999,0.12343280741989013,20208977000.0,,,227727000.0,157167000.0,1199951000.0,,
"CAVA Group, Inc.",CAVA,Consumer Cyclical,NASDAQ,US,2024-12-31,,8114388992.0,10.552036,122.51759,60.310345,213.2292400429048,0.0,0.0,1.16,0.57102,0.20930525784894716,963713000.0,60950000.0,0.06261,130319000.0,0.12141,0.19840999,0.5946690901443058,474103000.0,132636000.0,394154000.0,378708000.0,366120000.0,,-79949000.0,-0.009852744313690404
Catapult Sports Ltd,CAZGF,Technology,NASDAQ,US,2025-03-31,,837843520.0,6.361323,,,-12.085179201418834,0.0,0.0,-0.04,,-0.06965556409314135,116526000.0,-8032000.0,-0.104329996,-8754000.0,-0.07931,-0.105100006,0.49524687897444414,83971000.0001,67813000.0,29769999.9999,9804000.0,10758000.0,,-54201000.0002,-0.06469107739855767
Chubb Limited,CB,Financial Services,NASDAQ,US,2024-12-31,,130253520896.0,1.7549897,11.519629,12.88824,10.095269296060478,0.1488,0.011531031,25.68,28.73096,21.796233703524866,56150000000.0,,0.30826,9272000000.0,0.17356001,0.14337,0.25966951668640587,178154000000.0,,,15289000000.0,2288000000.0,,,
"Colony Bankcorp, Inc.",CBAN,Financial Services,NASDAQ,US,2024-12-31,,448251168.0,1.1911358,9.241228,13.251572,10.107360401367831,0.2893,0.02200957,1.59,2.28,1.2371507724242181,115451000.0,,0.30866,23868000.0,0.22128001,0.08632,0.08961239083639946,2831107000.0,,,248039000.0,26045000.0,378590000.0,,
"CBAK Energy Technology, Inc.",CBAT,Industrials,NASDAQ,US,2024-12-31,,71519464.0,0.5889051,2.4448483,,-38.26562019345771,0.0,0.0,-0.07,0.33,-0.02743977353582272,176614609.0,9619548.0,-0.06621,11790032.0,-0.04025,-0.06955,0.4026000603061079,182150979.0,171700980.0,141396860.0,30140526.0,6724360.0,16485019.0,-29214605.699999988,-0.40848468467269256
"Central Bancompany, Inc.",CBC,Financial Services,NASDAQ,US,2024-12-31,,5782240256.0,1.4692519,12.467866,17.572464,,0.1299,0.0091973245,1.38,1.945,,897714000.0,,0.51893,305810000.0,0.38619998,0.11338,0.16165540074407006,16131882000.0,,,,1235324000.0,5603723000.0,,
CBD Life Sciences Inc.,CBDL,Healthcare,NASDAQ,US,,,455568.0,0.049999997,,,,0.0,0.0,-0.0,,,,,-1.22247,,-0.60206,-0.45076,,,,,,,,,
1606 Corp.,CBDW,Consumer Defensive,NASDAQ,US,2024-12-31,,283441.0,-0.042857144,,,-0.9280576175890093,0.0,0.0,-0.01,,-0.03340309793899982,7195.0,-4116775.0,0.0,-4514971.0,0.0,,-216.5179487179487,2205632.0,2205632.0,10140.0,1617312.0,2078.0,,-2195492.0,-7.745851870406892
Target Group Inc.,CBDY,Healthcare,NASDAQ,US,2024-12-31,,925539.0,-0.125,,,-4.193954306684206,0.0,0.0,-0.0,,-0.0005245646059073112,6591625.0,1116716.0,-0.50367,160504.0,-0.11825,,-0.8592593443509126,14081162.0,13096429.0,3101881.0,1125879.0,1869767.0,,-10979281.0,-11.862580615187474
"CB Financial Services, Inc.",CBFV,Financial Services,NASDAQ,US,2024-12-31,,187660320.0,1.2215191,11.290909,40.499996,5.019804456878121,1.1087,0.027055986,0.92,3.3,4.401789918085715,49138000.0,,0.36183998,12594000.0,0.06692,0.017860001,0.09947460926426398,1334186000.0,,,34718000.0,49572000.0,2639000.0,,
Chain Bridge I,CBGGF,Financial Services,NASDAQ,US,2024-12-31,,,-16.235119,,,,,0.0,,,,0.0,-2182923.0,0.0,-1423569.0,0.0,,0.5416265361520052,2494770.0,1041793.0,157598.0,1360177.0,129598.0,,-2337172.0,
"Cannabis Bioscience International Holdings, Inc.",CBIH,Healthcare,NASDAQ,US,2025-05-31,,4650700.0,,,,-8.712259544482754,0.0,0.0,-0.0,,-6.31294320619808e-05,303022.0,-421365.0,-3.09025,-548820.0,0.0,,-36.498839397741534,1195463.0,945963.0,29085.0,420229.0,12952.0,,-1166378.0,-0.2507962242243103
"Crescent Biopharma, Inc.",CBIO,Healthcare,NASDAQ,US,2024-12-31,,289548768.0,1.6504686,-2.8702242,,,,0.0,,-3.31333,,,,0.0,,0.0,,-0.4345958390656147,51096000.0,9614000.0,34804000.0,37482000.0,34766000.0,,-16292000.0,-0.05626686002684011
"Commercial Bancgroup, Inc.",CBK,Financial Services,NASDAQ,US,2024-12-31,,366969088.0,1.2871764,8.559106,9.174658,,0.0,0.0060929167,2.92,3.13,,87702017.0,,0.5547,31409926.0,0.40951002,0.1462,0.09571298320389061,2080955355.0,,,105772642.0,134455154.0,13760751.0,,
"Consumers Bancorp, Inc.",CBKM,Financial Services,NASDAQ,US,2025-06-30,,82393136.0,0.9566583,,8.646865,5.499562934109881,0.264,0.030257186,3.03,,2.759999691188846,37939000.0,,0.29101,8667000.0,0.23056,0.122480005,0.0654682199607213,1088737000.0,,,22551000.0,19377000.0,112533000.0,,
"CBL & Associates Properties, Inc.",CBL,Real Estate,NASDAQ,US,2024-12-31,,1126895616.0,3.1911352,-93.41026,9.1075,101.69012980515025,0.4125,0.04550469,4.0,-0.39,0.20911733699645402,515561000.0,132337000.0,0.22689,58970000.0,0.22569,0.38566002,0.11777339107473779,2434327000.0,221647000.0,500902000.0,2212680000.0,40791000.0,,-1933425000.0,-1.715709043986555
"CeriBell, Inc.",CBLL,Healthcare,NASDAQ,US,2024-12-31,,747478080.0,4.5495596,-13.791074,,,0.0,0.0,-3.67,-1.46109,,65444000.0,-39709000.0,-0.64841,-40455000.0,-0.63348997,-0.59781,0.848069313080049,34247000.0,12989000.0,217272000.0,21960000.0,194370000.0,,183025000.0,0.24485667860654856
"C2 Blockchain, Inc.",CBLO,Financial Services,NASDAQ,US,2025-06-30,,68916656.0,-75.0,,,-159.02720936483237,0.0,0.0,-0.01,,-0.00011821876145527295,185.0,-222597.0,-6883.841,-235265.0,0.0,,-0.11183174279625684,84000.0,84000.0,13077.0,,9.0,,-70923.0,-0.0010291126139376234
Conservative Broadcast Media & Journalism Inc.,CBMJ,Communication Services,NASDAQ,US,,,1461189.0,,,,,0.0,0.0,-0.12,,,,,0.0,,0.0,,,,,,,,,,
"Chain Bridge Bancorp, Inc.",CBNA,Financial Services,NASDAQ,US,2024-12-31,,241474896.0,1.4270203,11.040011,11.948052,,0.0,0.0,3.08,3.33333,,53308000.0,,0.47090998,20949000.0,0.36479,0.12911999,0.10295020283715074,1256878000.0,,,0.0,410739000.0,515000.0,,
"Capital Bancorp, Inc.",CBNK,Financial Services,NASDAQ,US,2024-12-31,,542049600.0,1.3370553,8.972645,9.621701,9.376559062391053,0.129,0.01437051,3.41,3.65667,2.547475321355017,183725000.0,,0.3348,30972000.0,0.24854,0.15102,0.11074176988385397,2851772000.0,,,34062000.0,205274000.0,120947000.0,,
"Cboe Global Markets, Inc.",CBOE,Financial Services,NASDAQ,US,2024-12-31,,28605622272.0,5.5701356,22.51839,26.234163,24.369133266151373,0.28059998,0.0,10.42,12.13941,7.169491525423729,4094500000.0,1180700000.0,0.32846,764900000.0,0.21287,0.21621001,0.5494344661129014,3509500000.0,1395200000.0,2479100000.0,1599300000.0,920300000.0,,-1030400000.0,-0.03602089093543632
CBPHF,CBPHF,Unknown,NASDAQ,US,,,,,,,,,,,,,,,,,,,,,,,,,,,
"CBRE Group, Inc.",CBRE,Real Estate,NASDAQ,US,2024-12-31,,50492604416.0,5.82678,22.686794,41.997524,29.73988771101118,0.0,0.0,4.04,7.4788,3.1546857407967757,35767000000.0,1271000000.0,0.04923,968000000.0,0.031229999,0.14091,0.344953451174999,15191000000.0,9287000000.0,9970000000.0,5694000000.0,1114000000.0,,-5221000000.0,-0.10340128144282412
Chain Bridge I,CBRGF,Unknown,NASDAQ,US,2024-12-31,,,-0.14419644,,,,,0.0,,,,0.0,-2182923.0,0.0,-1423569.0,0.0,,0.5416265361520052,2494770.0,1041793.0,157598.0,1360177.0,129598.0,,-2337172.0,
"Cracker Barrel Old Country Store, Inc.",CBRL,Consumer Cyclical,NASDAQ,US,2025-07-31,,754912960.0,1.7605708,77.28884,45.68919,23.875817713736044,1.3514,0.030497102,0.74,0.43745,1.833790070866824,3483684000.0,75088000.0,-0.03678,46379000.0,0.00492,0.038900003,0.21355863681862672,1700195000.0,625603000.0,313112000.0,1179609000.0,39643000.0,,-1387083000.0,-1.837407851628352
Chain Bridge I,CBRRF,Financial Services,NASDAQ,US,2024-12-31,,74930800.0,-17.97619,,,24.148062726882916,0.0,0.0,-0.28,,0.4491043604485744,0.0,-2182923.0,0.0,-1423569.0,0.0,,0.5416265361520052,2494770.0,1041793.0,157598.0,1360177.0,129598.0,,-2337172.0,-0.03119107229603848
"Commerce Bancshares, Inc.",CBSH,Financial Services,NASDAQ,US,2024-12-31,,8129692672.0,2.0002174,12.534562,13.65594,15.822407731245098,0.2626,0.020224307,4.04,4.40143,3.695238084004896,,,0.4259,,0.33082,0.1597,0.10344468496632474,28664152000.0,,,56000.0,3372910000.0,241828000.0,,
The Cannabist Company Holdings Inc.,CBSTF,Healthcare,NASDAQ,US,2024-12-31,,21203396.0,-0.1381579,-0.27999997,,-0.9971306963684569,0.0,0.0,-0.38,-0.15,-0.43625174108915993,458722000.0,-20051000.0,-0.15054,-105886000.0,-0.51154,,-0.04121676652211447,726232000.0,228710000.0,194997000.0,478421000.0,33607000.0,11880000.0,-522919000.0,-24.662039986424816
Cabot Corporation,CBT,Basic Materials,NASDAQ,US,2025-09-30,,3894687232.0,2.472566,10.654696,13.038463,15.803362599423057,0.31120002,0.023344262,5.72,6.99973,6.822262118491921,3713000000.0,621000000.0,0.15194,331000000.0,0.086219996,0.21825,0.40629095674967236,2110000000.0,957000000.0,1539000000.0,1215000000.0,258000000.0,,-571000000.0,-0.1466099755863528
"Community Financial System, Inc.",CBU,Financial Services,NASDAQ,US,2024-12-31,,3497558016.0,1.7435265,12.153775,16.722921,20.20577381836284,0.4685,0.028444717,3.97,5.4625,2.4450772729044408,746303000.0,,0.35946,182481000.0,0.26408002,0.11168,0.10758148824694966,14623209000.0,,,737312000.0,191894000.0,2477312000.0,,
"Cibus, Inc.",CBUS,Healthcare,NASDAQ,US,2024-12-31,,140642208.0,2.168926,-4.622222,,-0.775440576385485,0.0,0.0,-2.71,-0.45,-25.946541168915303,4262000.0,-76964000.0,-25.10244,-251388000.0,0.0,-1.45806,0.2632538156763381,252238000.0,19878000.0,16946000.0,36286000.0,14433000.0,,-235292000.0,-1.6729828359918808
"CBIZ, Inc.",CBZ,Industrials,NASDAQ,US,2024-12-31,,2081942528.0,1.0873086,9.952564,31.368853,26.16285400152222,0.0,0.0,1.22,3.84524,2.3927052633661017,1813472000.0,73716000.0,0.113199994,41038000.0,0.03892,0.07439,0.3981278418603216,2690900000.0,705802000.0,835726000.0,1833067000.0,13826000.0,,-1855174000.0,-0.8910783919583778
The Chemours Company,CC,Basic Materials,NASDAQ,US,2024-12-31,,2746020608.0,9.215291,10.6053505,,-18.53273173355388,5.5556,0.03996448,-2.13,1.72743,-1.5982551137095724,5782000000.0,443000000.0,0.06957,86000000.0,-0.054819997,-0.66528,0.0803725881570193,6910000000.0,1803000000.0,3026000000.0,4355000000.0,713000000.0,,-3884000000.0,-1.414410361191288
"Crescent Capital BDC, Inc.",CCAP,Financial Services,NASDAQ,US,2024-12-31,,532692320.0,0.7469267,9.028213,14.84536,5.937066363816367,1.8041,0.11789473,0.97,1.595,2.3334593160698853,83504000.0,,0.75174004,73649000.0,0.20828,0.04923,0.44717057684899963,915637000.0,,,875837000.0,10130000.0,1603672000.0,,
Coastal Financial Corporation,CCB,Financial Services,NASDAQ,US,2024-12-31,,1331428480.0,2.7961845,11.411887,28.738564,13.781238021668491,0.0,0.0,3.06,7.706,3.268211523863831,452863000.0,,0.20001,45219000.0,0.13885,0.11823,0.10645034174445939,3682504000.0,,,53282000.0,452513000.0,10800000.0,,
"Capital City Bank Group, Inc.",CCBG,Financial Services,NASDAQ,US,2024-12-31,,742664576.0,1.3445196,12.378378,12.086111,11.47560519799048,0.2778,0.02309469,3.6,3.515,3.118333431551653,,,0.30261,,0.24747999,0.117460005,0.11452596248912121,3829615000.0,,,55745000.0,70543000.0,218332000.0,,
CCC Intelligent Solutions Holdings Inc.,CCC,Technology,NASDAQ,US,2024-12-31,,3764256512.0,1.7563052,13.807602,,-76.63816989785745,0.0,0.0,-0.01,0.41861,-0.14966432891489848,944800000.0,80105000.0,0.112959996,26145000.0,-0.00279,-8.0000005e-05,0.6276111155440814,1163716000.0,154846000.0,564650000.0,823946000.0,398983000.0,,-599066000.0,-0.15914590254151095
"C4 Therapeutics, Inc.",CCCC,Healthcare,NASDAQ,US,2024-12-31,,176384240.0,0.87415946,-1.4145042,,-2.2592307183397797,0.0,0.0,-1.67,-1.28667,-2.6690502040621866,35584000.0,-117177000.0,-2.10855,-105316000.0,0.0,-0.59981,0.6178053901293471,133616000.0,45177000.0,257767000.0,65756000.0,55499000.0,22359000.0,139802300.0,0.7926008582172648
Crona Corp.,CCCP,Communication Services,NASDAQ,US,2024-12-31,,708750.0,-2.0833333,,,-5.103893784465765,0.0,0.0,-0.01,,-0.031348614054371206,0.0,-54524.0,0.0,-77395.0,0.0,,-6.897302692189579,308595.0,208595.0,0.0,232500.0,,,-308595.0,-0.4354074074074074
Churchill Capital Corp X,CCCX,Financial Services,NASDAQ,US,2024-12-31,,606902976.0,-15.972602,,,,0.0,0.0,-0.6,,,0.0,-51910.0,0.0,-51910.0,0.0,,-0.1703843937772656,184847.0,184847.0,,184847.0,,,,
Churchill Capital Corp X,CCCXU,Financial Services,NASDAQ,US,2024-12-31,,,-17.575342,,,,,0.0,,,,0.0,-51910.0,0.0,-51910.0,0.0,,-0.1703843937772656,184847.0,184847.0,,184847.0,,,,
Churchill Capital Corp X,CCCXW,Unknown,NASDAQ,US,2024-12-31,,,-6.712329,,,,,0.0,,,,0.0,-51910.0,0.0,-51910.0,0.0,,-0.1703843937772656,184847.0,184847.0,,184847.0,,,,
Calamos Dynamic Convertible and Income Fund,CCD,Financial Services,NASDAQ,US,2025-10-31,,628664384.0,,,4.60041,4.960848129291635,0.4795,0.0,4.88,,4.339999982696989,134449579.0,,0.0,133966025.0,0.0,,0.6776186259375815,290383159.0,,,193250000.0,,872823962.0,,
Capital Clean Energy Carriers Corp.,CCEC,Industrials,NASDAQ,US,2024-12-31,,1208824192.0,0.82629937,9.770773,14.826086,5.774397427160221,0.4348,0.028620493,1.38,2.094,2.228635176698696,369413000.0,191125000.0,0.51008,193634000.0,0.56003,0.07831,0.30150245010676213,2769913000.0,243491000.0,405543000.0,2578512000.0,313988000.0,,-2364370000.0,-1.9559254485866544
"Cryo-Cell International, Inc.",CCEL,Healthcare,NASDAQ,US,2024-11-30,,27226412.0,-1.8359588,-8.04762,,-3.856551715738636,39.6291,0.19287834,-0.06,-0.42,-1.1490184673549513,31986106.0,3791078.0,0.24287,402095.0,-0.01492,,-0.20433674497642795,77893650.0,21599542.0,12554593.0,12933920.0,560960.0,,-65339057.0,-2.399840897140615
Coca-Cola Europacific Partners PLC,CCEP,Consumer Defensive,NASDAQ,US,2024-12-31,,43761565696.0,4.718165,18.610054,24.824427,17.440241021050255,0.6048,0.021059217,3.93,5.242327,3.630000002566447,20438000000.0,2535000000.0,0.12945,1418000000.0,0.07345,0.17929001,0.2729581993569132,22115000000.0,8149000000.0,6638000000.0,11331000000.0,1563000000.0,,-15477000000.0,-0.3536665051592216
Muncy Columbia Financial Corporation,CCFN,Financial Services,NASDAQ,US,2024-12-31,,217192064.0,1.1280309,,8.964964,21.270267079680234,0.2628,0.029513033,6.85,,1.4856514232777498,60840000.0,,0.50768,19023000.0,0.34546003,0.13498001,0.10426966123168654,1429548000.0,,,74118000.0,17380000.0,1355000.0,,
Cheche Group Inc.,CCG,Communication Services,NASDAQ,US,2024-12-31,,66914492.0,1.35978,14.606899,,-1.9319746118441463,0.0,0.0,-0.05,0.05476864,-3.5140213503385045,3473139000.0,-65656000.0,-0.02003,-61236000.0,-0.0100300005,-0.09207,0.27622134915212126,932169000.0,878269000.0,1180810000.0,35174000.0,117472000.0,,248641000.0,3.7158019521391568
Cheche Group Inc.,CCGWW,Unknown,NASDAQ,US,2024-12-31,,,0.050991744,,,,,0.0,,,,3473139000.0,-65656000.0,-0.02003,-61236000.0,-0.0100300005,-0.09207,0.27622134915212126,932169000.0,878269000.0,1180810000.0,35174000.0,117472000.0,,248641000.0,
CCH Holdings Ltd,CCHH,Consumer Cyclical,NASDAQ,US,2024-12-31,,11049500.0,1.5769231,,28.7,,0.0,0.0,0.02,,,8915344.0,1326268.0,0.02629,913401.0,0.04141,,0.5558198267656688,4959217.0,2778324.0,5396923.0,3406260.0,545472.0,,437706.0,0.03961319516720214
Crown Castle Inc.,CCI,Real Estate,NASDAQ,US,2024-12-31,,35221540864.0,-21.51636,27.336237,32.095238,30.068213146631315,1.8859,0.060648203,2.52,2.95871,3.4608294930875574,6568000000.0,2277000000.0,0.49206,-3903000000.0,0.10413,,-0.0040628054740957965,32869000000.0,2177000000.0,1090000000.0,29613000000.0,119000000.0,,-31779000000.0,-0.9022603560334685
Carlyle Credit Income Fund,CCID,Financial Services,NASDAQ,US,2025-09-30,,,,,,,,0.0,,,,-3479050.0,,0.0,-6002869.0,0.0,,0.6105672593063017,82861662.0,,,6750000.0,2465620.0,192203718.0,,
Carlyle Credit Income Fund,CCIF,Financial Services,NASDAQ,US,2025-09-30,,88436408.0,,5.8461537,,14.115468384739184,4.2,0.0,-0.32,0.715,0.4499999919162772,-3479050.0,,0.0,-6002869.0,0.0,,0.6105672593063017,82861662.0,,,6750000.0,2465620.0,192203718.0,,
Cohen Circle Acquisition Corp. II,CCII,Financial Services,NASDAQ,US,2024-12-31,,356820960.0,-40.175777,,,,,0.0,,,,,,0.0,,0.0,,0.32221363859821617,19302.0,19302.0,20697.0,,,,1395.0,3.909523700625658e-06
Cohen Circle Acquisition Corp. II,CCIIU,Financial Services,NASDAQ,US,2024-12-31,,,-40.859764,,,,,0.0,,,,,,0.0,,0.0,,0.32221363859821617,19302.0,19302.0,20697.0,,,,1395.0,
Cohen Circle Acquisition Corp. II,CCIIW,Unknown,NASDAQ,US,2024-12-31,,,-2.890625,,,,,0.0,,,,,,0.0,,0.0,,0.32221363859821617,19302.0,19302.0,20697.0,,,,1395.0,
Churchill Capital Corp IX,CCIX,Financial Services,NASDAQ,US,2024-12-31,,391188864.0,-40.416668,,46.391304,,0.0,0.0,0.23,,,0.0,-830773.0,0.0,8791874.0,0.0,,0.9661094214203768,10137500.0,75000.0,2849738.0,,2412564.0,,-7287762.0,-0.018629778786340912
Churchill Capital Corp IX,CCIXU,Financial Services,NASDAQ,US,2024-12-31,,,-39.772728,,,,,0.0,,,,0.0,-830773.0,0.0,8791874.0,0.0,,0.9661094214203768,10137500.0,75000.0,2849738.0,,2412564.0,,-7287762.0,
Churchill Capital Corp IX,CCIXW,Unknown,NASDAQ,US,2024-12-31,,20735000.0,-2.4621212,,,,,0.0,,,,0.0,-830773.0,0.0,8791874.0,0.0,,0.9661094214203768,10137500.0,75000.0,2849738.0,,2412564.0,,-7287762.0,-0.3514715215818664
Cameco Corporation,CCJ,Energy,NASDAQ,US,2024-12-31,,49616764928.0,10.006175,80.283455,127.67416,51.55699061036281,0.1322,0.0014641288,0.89,1.4153601,0.8288569098781454,3135772000.0,511156000.0,0.13426,171853000.0,0.15184,0.080979995,0.6424046132197141,3542674000.0,1185761000.0,1923187000.0,1281290000.0,600462000.0,,-1619487000.0,-0.032639915205073804
"Crown Holdings, Inc.",CCK,Consumer Cyclical,NASDAQ,US,2024-12-31,,13020470272.0,4.2190247,12.654126,17.69279,22.818946432154583,0.16299999,0.00910683,6.38,8.92041,3.550298047939792,,,0.12088,,0.05968,0.26327,0.19901790872328134,10620000000.0,3465000000.0,4211000000.0,6418000000.0,918000000.0,,-6409000000.0,-0.49222492476191876
Carnival Corporation & plc,CCL,Consumer Cyclical,NASDAQ,US,2025-11-30,,46984957952.0,3.6302469,12.006316,16.826735,18.343277216455384,0.0,0.0,2.02,2.83101,1.3705293276108728,26621000000.0,4482000000.0,0.09652001,2760000000.0,0.10366999,0.25632998,0.2376613074854412,39403000000.0,13092000000.0,4219000000.0,27993000000.0,1928000000.0,,-35184000000.0,-0.7488354046404404
"CareCloud, Inc.",CCLD,Healthcare,NASDAQ,US,2024-12-31,,103872752.0,1.7975055,6.6817575,35.0,-0.5343987138302779,0.0,0.0,0.07,0.36667,-3.106294838779507,110837000.0,9717000.0,0.103870004,7851000.0,0.09803,0.21486,0.6950316977127378,21840000.0,19580000.0,24800000.0,3470000.0,5145000.0,,2960000.0,0.028496404908960146
"CareCloud, Inc.",CCLDO,Healthcare,NASDAQ,US,2024-12-31,,,18.892149,,,,,0.0,,,,110837000.0,9717000.0,0.103870004,7851000.0,0.09803,0.21486,0.6950316977127378,21840000.0,19580000.0,24800000.0,3470000.0,5145000.0,,2960000.0,
Concord Medical Services Holdings Limited,CCM,Healthcare,NASDAQ,US,2024-12-31,,16455130.0,-0.051295694,-25.266665,,-0.16143722661578053,0.0,0.0,-5.4,-0.15,-68.13793962268643,383956000.0,-532160000.0,-0.72103,-308243000.0,-0.44597,-0.29027998,-0.3390214777975936,5108639000.0,2125355000.0,983972000.0,3930731000.0,216224000.0,,-4124667000.0,-250.66146545180743
"Coastal Carolina Bancshares, Inc.",CCNB,Financial Services,NASDAQ,US,2024-12-31,,93392744.0,1.0640157,,8.854546,7.528510547506802,0.0,0.0,1.65,,1.3083597770520128,33788394.0,,0.38014,8506711.0,0.27903,0.12262999,0.06907085067090449,1015001466.0,,,21733076.0,123078509.0,78537211.0,,
CNB Financial Corporation,CCNE,Financial Services,NASDAQ,US,2024-12-31,,859527168.0,1.046399,7.574026,13.885715,7.838526517373222,0.3432,0.024776326,2.1,3.85,2.77019472912442,222008000.0,,0.50863,54575000.0,0.24193001,0.0892,0.09862629420818118,5581315000.0,,,145505000.0,443035000.0,127643000.0,,
CNB Financial Corporation,CCNEP,Financial Services,NASDAQ,US,2024-12-31,,,0.88994145,,7.701863,,,0.028497472,3.22,,,222008000.0,,0.50863,54575000.0,0.24193001,0.0892,0.09862629420818118,5581315000.0,,,145505000.0,443035000.0,127643000.0,,
"Clear Channel Outdoor Holdings, Inc.",CCO,Communication Services,NASDAQ,US,2024-12-31,,1079152256.0,-0.311245,-15.500001,,-2.912777988379551,0.0,0.0,-0.21,-0.14,-0.6454319562739892,1505230000.0,279183000.0,0.20122999,-179254000.0,-0.00379,,-0.7600441524537687,8444046000.0,1271978000.0,1659044000.0,7022527000.0,109707000.0,,-6785002000.0,-6.287344498680268
"Cogent Communications Holdings, Inc.",CCOI,Communication Services,NASDAQ,US,2024-12-31,,1194648064.0,-29.442427,-7.1793175,,2.5238588911269533,5.6232,0.17849225,-4.06,-3.38333,26.6201344250512,1036104000.0,-179531000.0,-0.09239,-204074000.0,-0.21462,-1.36935,0.07023032981606012,2950254000.0,253336000.0,482101000.0,2336920000.0,198486000.0,,-2468153000.0,-2.0660084541852153
Core Silver Corp.,CCOOF,Basic Materials,NASDAQ,US,2025-09-30,,19093926.0,1.3596262,,,-3.0114514649695163,0.0,0.0,-0.1,,-0.16038777840867116,0.0,-1905154.0,0.0,-2196155.0,0.0,-0.13729,0.8779509984909035,2677304.0,1323831.0,6536492.0,,6068601.0,,3859188.0,0.2021160027539648
"Cross Country Healthcare, Inc.",CCRN,Healthcare,NASDAQ,US,2024-12-31,,284683968.0,0.69248545,92.69333,,11.072970531957484,0.0,0.0,-0.49,0.09375,2.0473277708873603,1344004000.0,22675000.0,0.00322,-14556000.0,-0.0139,-0.03765,0.7110026117902218,170292000.0,120402000.0,335000000.0,3871000.0,81633000.0,,164708000.0,0.5785643679098923
"Century Communities, Inc.",CCS,Real Estate,NASDAQ,US,2025-12-31,,2050729600.0,0.7822676,9.219287,14.360082,6.8844788070637755,0.2387,0.016671456,4.86,7.57,10.39574336824315,4117816000.0,210802000.0,0.03127,147597000.0,0.03584,0.05663,0.5811195106611254,1868163000.0,342295000.0,3950107000.0,1443145000.0,109443000.0,,2081944000.0,1.0152211193518639
"Consensus Cloud Solutions, Inc.",CCSI,Technology,NASDAQ,US,2024-12-31,,449866720.0,-170.28777,4.2085614,5.609005,6.801585926876393,0.0,0.0,4.22,5.62425,3.9431979516490827,350382000.0,149400000.0,0.43217,89435000.0,0.23482001,,-0.13195428104569737,681664000.0,79311000.0,74525000.0,607150000.0,33545000.0,,-607139000.0,-1.3495974985657975
Catalyst Crew Technologies Corp,CCTC,Unknown,NASDAQ,US,2024-12-31,,19032910.0,-28.265217,,0.07199336,-9.231696315787651,,0.0,,,-8.774118778309168,0.0,-3297858.0,,-3261038.0,,,,573575.0,573575.0,0.0,339346.0,0.0,,-573575.0,-0.030135959241124978
CCSC Technology International Holdings Limited,CCTG,Industrials,NASDAQ,US,2025-03-31,,2402103.0,0.071206495,,,-23.03702931600115,0.0,0.0,-1.4,,-1.2588428656405393,17631489.0,-1759434.0,-0.113350004,-1410465.0,-0.096999995,-0.14998999,0.6999046399882233,4598986.0,3837903.0,9017669.0,1270476.0,3685043.0,,4418683.0,1.8395060494908004
Cactus Acquisition Corp. 1 Limited,CCTSF,Financial Services,NASDAQ,US,2024-12-31,,37901656.0,-17.06223,,,60.83514473565826,0.0,0.0,-0.44,,0.17966588807619305,0.0,-2024000.0,0.0,-1312000.0,0.0,,0.7525043554006968,2273000.0,2273000.0,204000.0,1321000.0,8000.0,,-2069000.0,-0.054588643831288
Compañía Cervecerías Unidas S.A.,CCU,Consumer Defensive,NASDAQ,US,2024-12-31,,2686342912.0,0.0036135677,17.716438,16.837208,0.02109815324487832,0.5894,0.0,0.86,0.81732,571.8641775536727,2904566454000.0,224032660000.0,0.0,160944138000.0,0.04504,0.09739,0.382278539761789,2317201680000.0,860006211000.0,1771266840000.0,1414575877000.0,707122815000.0,0.0,-545934840000.0,-203.22604294533193
CCXI,CCXI,Unknown,NASDAQ,US,,,,,,,,,,,,,,,,,,,,,,,,,,,
Churchill Capital Corp XI,CCXIU,Financial Services,NASDAQ,US,,,,-5195.0,,,,,0.0,,,,,,0.0,,0.0,,,,,,,,,,
Comcast Holdings Corp.,CCZ,Unknown,NASDAQ,US,,,60471418880.0,2.955282,,54.47099,,,,,,,,,,,,,,,,,,,,,
Chaince Digital Holdings Inc.,CD,Financial Services,NASDAQ,US,2024-12-31,,395481376.0,12.077922,,,-11.21893540557162,0.0,0.0,-0.04,,-0.2041191859180999,1007430.0,-2789461.0,-3.0419,-4534397.0,0.0,-0.16691,0.6749210375084828,11602495.0,11577295.0,30024709.0,7782279.0,23915856.0,,18422214.0,0.04658174851702751
Compass Digital Acquisition Corp.,CDAQF,Financial Services,NASDAQ,US,2024-12-31,,85707680.0,-6.267806,,,56.56632622108405,0.0,0.0,-0.54,,0.18827455007252503,0.0,-1914928.0,0.0,-3545486.0,0.0,,0.7731437846800413,6281630.0,6162507.0,52618.0,1240000.0,27720.0,,-6229012.0,-0.07267740767221793
Compass Digital Acquisition Corp.,CDAUF,Financial Services,NASDAQ,US,2024-12-31,,,-5.80057,,,,,0.0,,,,0.0,-1914928.0,0.0,-3545486.0,0.0,,0.7731437846800413,6281630.0,6162507.0,52618.0,1240000.0,27720.0,,-6229012.0,
CDAWF,CDAWF,Unknown,NASDAQ,US,,,,,,,,,,,,,,,,,,,,,,,,,,,
"Coeur Mining, Inc.",CDE,Basic Materials,NASDAQ,US,2024-12-31,,13768873984.0,4.4509034,11.489818,30.197186,-10.992509140817097,0.0,0.0,0.71,1.866,-0.3020238501249056,1054006000.0,215455000.0,0.33276,58900000.0,0.24034001,0.19572,0.4879997671333991,1178495000.0,330820000.0,273099000.0,601656000.0,55087000.0,,-905396000.0,-0.06575672063322735
ComfortDelGro Corporation Limited,CDGLF,Industrials,NASDAQ,US,2024-12-31,,2856786944.0,1.3729318,,16.25,10.460746265844625,0.7618,0.06307693,0.08,,0.08331410108469882,4476500000.0,317800000.0,0.06831,210500000.0,0.04626,0.08705,0.45391037060323447,2700200000.0,1800700000.0,1899100000.0,1354600000.0,892400000.0,29100000.0,-780730000.0,-0.2732895435691266
"Cardio Diagnostics Holdings, Inc.",CDIO,Healthcare,NASDAQ,US,2024-12-31,,2355607.0,0.27958387,-5.16,,-3.9372018115674727,0.0,0.0,-11.91,-0.25,-19.81102410621587,34890.0,-8365877.0,-599.5086,-8383453.0,0.0,-1.10698,0.9003774924373396,1057524.0,631695.0,8790782.0,663099.0,7827487.0,,7733258.0,3.2829151891635573
"Cardio Diagnostics Holdings, Inc.",CDIOW,Unknown,NASDAQ,US,2024-12-31,,,0.0037928047,,,,,0.0,,,,34890.0,-8365877.0,-599.5086,-8383453.0,0.0,-1.10698,0.9003774924373396,1057524.0,631695.0,8790782.0,663099.0,7827487.0,,7733258.0,
Cardiff Lexington Corporation,CDIX,Healthcare,NASDAQ,US,2024-12-31,,54142552.0,,,,0.11144631673870498,0.0,0.0,-0.81,,605.6788,8270126.0,-193504.0,0.21031,-3302999.0,-0.31402,-0.55244,0.31770358534025306,16324405.0,15886803.0,17212576.0,9724103.0,1188185.0,,888171.0,0.016404306173081758
Cardiff Lexington Corporation,CDIXD,Healthcare,NASDAQ,US,2024-12-31,,73584328.0,-0.7264097,,,0.11144631673870498,0.0,0.0,-0.81,,605.6788,8270126.0,-193504.0,0.21031,-3302999.0,-0.31402,-0.55244,0.31770358534025306,16324405.0,15886803.0,17212576.0,9724103.0,1188185.0,,888171.0,0.012070110907311676
Cadeler A/S,CDLR,Industrials,NASDAQ,US,2024-12-31,,2140551936.0,5.0277147,,6.824023,81.8777685150061,0.0,0.0,3.58,,0.22631296654414115,248738000.0,69444000.0,0.51658,65069000.0,0.50043,0.20912,0.6370076447484172,703122000.0,123647000.0,188616000.0,581988000.0,58464000.0,,-514506000.0,-0.24036137191861157
"Cardlytics, Inc.",CDLX,Communication Services,NASDAQ,US,2024-12-31,,48986044.0,-10.416092,-2.9232256,,-2.5273049933645124,0.0,0.0,-2.06,-0.31,-3.691679456259592,278298000.0,-63533000.0,-0.18625,-189304000.0,-0.44123,-3.41043,0.17823030167222206,322718000.0,148955000.0,177983000.0,221651000.0,65594000.0,,-144735000.0,-2.954617033373832
Cloud Data Holdings Corp,CDN,Unknown,NASDAQ,US,2025-03-31,,,,,,,,,,,,3002625.0,1273070.0,,1104695.0,,,0.7701933649489849,520831.0,520831.0,2266388.0,,335350.0,,1745557.0,
"CareDx, Inc.",CDNA,Healthcare,NASDAQ,US,2024-12-31,,1036328640.0,3.2171183,22.379309,15.2109375,-3.6335902537331224,0.0,0.0,1.28,0.87,-3.5391991828096145,333785000.0,-53752000.0,-0.00246,52549000.0,0.19679001,0.24111,0.7706608288361674,112617000.0,89371000.0,351832000.0,28366000.0,114689000.0,,239215000.0,0.23082928596859004
Cardinal Infrastructure Group Inc.,CDNL,Industrials,NASDAQ,US,2024-12-31,,1012336576.0,0.008004422,20.87747,440.1667,,0.0,0.0,0.06,1.265,,,35870493.0,0.09811,9789568.0,0.06107,,,,,,,,,,
"Cadence Design Systems, Inc.",CDNS,Technology,NASDAQ,US,2024-12-31,,77256359936.0,14.843978,35.210384,73.07216,71.58055067929635,0.0,0.0,3.88,8.05217,3.817237889920366,4641264000.0,1374528000.0,0.35089,1055484000.0,0.20354,0.21736,0.5207629810834764,4300904000.0,1370105000.0,4016079000.0,2585076000.0,2644030000.0,,-284825000.0,-0.00368675148862763
COPT Defense Properties,CDP,Real Estate,NASDAQ,US,2024-12-31,,3751499008.0,2.426894,24.583332,24.216417,-36.06554969368375,0.9167,0.0,1.34,1.32,-0.654932339674446,753267000.0,213323000.0,0.3129,138929000.0,0.19917999,0.09993,0.3509675517624855,2693624000.0,313252000.0,393264000.0,2440995000.0,38284000.0,,-2300360000.0,-0.6131842218522586
"Cedar Realty Trust, Inc.",CDR-PB,Real Estate,NASDAQ,US,2024-12-31,,173172192.0,-3.568972,,,,,0.0,-4.388,,,34548000.0,10238000.0,0.28961,4545000.0,0.00357,0.0031,0.2591192591192591,160720000.0,16494000.0,38151000.0,142961000.0,23092000.0,,-122569000.0,-0.7077868483641993
"Cedar Realty Trust, Inc.",CDR-PC,Real Estate,NASDAQ,US,2024-12-31,,183334384.0,-3.4479363,,,,,0.0,-4.388,,,34548000.0,10238000.0,0.28961,4545000.0,0.00357,0.0031,0.2591192591192591,160720000.0,16494000.0,38151000.0,142961000.0,23092000.0,,-122569000.0,-0.6685543503939774
"Cadre Holdings, Inc.",CDRE,Industrials,NASDAQ,US,2024-12-31,,1693577856.0,4.975499,27.209152,37.504505,31.701803980673844,0.33560002,0.009241823,1.11,1.53,1.0190005993593754,567561000.0,72768000.0,0.13704,36133000.0,0.073309995,0.14168,0.4772618287057252,341198000.0,94125000.0,327571000.0,238762000.0,124933000.0,,-13627000.0,-0.008046279036846357
"Codere Online Luxembourg, S.A.",CDRO,Consumer Cyclical,NASDAQ,US,2024-12-31,,358280416.0,14.878803,29.566854,392.5,-55.25719663169456,0.0,0.0,0.02,0.2655,-0.05338671209374468,200704000.0,4331000.0,0.02855,3908000.0,0.00497,0.051409997,0.32292728736248993,50320000.0,44962000.0,62923000.0,5367000.0,40307000.0,,12603000.0,0.03517635750428513
"Codere Online Luxembourg, S.A.",CDROW,Unknown,NASDAQ,US,2024-12-31,,,1.3912156,,,,,0.0,-428.545,,,200704000.0,4331000.0,0.02855,3908000.0,0.00497,0.051409997,0.32292728736248993,50320000.0,44962000.0,62923000.0,5367000.0,40307000.0,,12603000.0,
"China Dongsheng International, Inc.",CDSG,Financial Services,NASDAQ,US,,,643659.0,-1.2499999,,,,0.0,0.0,-0.0,,,,,0.0,,0.0,,,,,,,,,,
CDT Equity Inc.,CDT,Healthcare,NASDAQ,US,2024-12-31,,2579908.0,0.33422858,,,-4974.589906542056,0.0,0.0,-179.34,,-11.820069815739473,0.0,-15119000.0,0.0,-17802000.0,0.0,,-1.6200810875268303,10986000.0,10741000.0,2715000.0,7457000.0,554000.0,,-8271000.0,-3.2059282734113
CDT Environmental Technology Investment Holdings Limited,CDTG,Industrials,NASDAQ,US,2024-12-31,,3821982.0,0.09645412,,,,0.0,0.0,-0.12,,,29765205.0,1998107.0,-0.1554,1453191.0,-0.05238,-0.034760002,0.4172284430357598,51922531.0,51708562.0,77704451.0,5660179.0,124379.0,,25781920.0,6.745693726448738
CDTHY,CDTHY,Unknown,NASDAQ,US,,,,,,,,,,,,,,,,,,,,,,,,,,,
CDT Equity Inc.,CDTTW,Unknown,NASDAQ,US,2024-12-31,,,0.0026260817,,,,,0.0,,,,0.0,-15119000.0,0.0,-17802000.0,0.0,,-1.6200810875268303,10986000.0,10741000.0,2715000.0,7457000.0,554000.0,,-8271000.0,
CDW Corporation,CDW,Technology,NASDAQ,US,2024-12-31,,18691883008.0,7.1196084,12.607069,17.629171,21.422135008180003,0.31,0.017794985,8.09,11.3127,7.97189349112426,,,0.08066,,0.04756,0.43018,0.1602831371266623,12325700000.0,5474400000.0,7373100000.0,5991900000.0,503500000.0,,-4952600000.0,-0.26495992928483025
"Codexis, Inc.",CDXS,Healthcare,NASDAQ,US,2024-12-31,,120131432.0,3.1147542,-2.7142859,,-2.7970886384702807,0.0,0.0,-0.73,-0.49,-1.1190207101025964,59345000.0,-58354000.0,-2.20312,-65276000.0,-1.20817,-1.14255,0.4491413385588983,82084000.0,23648000.0,98772000.0,59895000.0,19264000.0,2798000.0,18646600.0,0.15521832787275858
Cadiz Inc.,CDZI,Utilities,NASDAQ,US,2024-12-31,,392093568.0,13.816568,-13.940298,,-6.034021716198833,0.0,0.0,-0.49,-0.335,-0.47895089557694653,9608000.0,-23249000.0,-1.18004,-31140000.0,-2.06646,-1.3635601,0.2525094056240427,100533000.0,14406000.0,25786000.0,85890000.0,17292000.0,,-74747000.0,-0.19063561889390646
Cadiz Inc.,CDZIP,Utilities,NASDAQ,US,2024-12-31,,,55.784023,,,,,0.0,-0.834,,,9608000.0,-23249000.0,-1.18004,-31140000.0,-2.06646,-1.3635601,0.2525094056240427,100533000.0,14406000.0,25786000.0,85890000.0,17292000.0,,-74747000.0,
Celanese Corporation,CE,Basic Materials,NASDAQ,US,2024-12-31,,6009628672.0,1.5198847,10.091518,,8.58871935941735,0.2789,0.015174799,-28.07,5.43823,17.915904936014627,10280000000.0,1037000000.0,0.09053001,-1522000000.0,-0.31813,-0.50508,0.22640766504790655,17248000000.0,3853000000.0,5145000000.0,12952000000.0,962000000.0,,-12103000000.0,-2.0139347471483844
CECO Environmental Corp.,CECO,Industrials,NASDAQ,US,2024-12-31,,2579341568.0,8.341402,48.843536,50.608395,56.04849717491575,0.0,0.0,1.43,1.48167,0.365397835348243,557933000.0,40385000.0,0.0529,12957000.0,0.07222,0.19024,0.32603570624681616,507806000.0,244662000.0,330971000.0,245072000.0,37832000.0,,-176835000.0,-0.06855819415073297
"The Central and Eastern Europe Fund, Inc.",CEE,Financial Services,NASDAQ,US,2025-10-31,,124065184.0,1.1856561,,3.511883,3.5580168654825717,0.0646,0.018443052,5.47,,2.829999841201136,35759371.0,,0.83766,35302886.0,8.560101,0.40243998,0.9320467599141641,7628797.0,,,,68998.0,8213943.0,,
Sprott Physical Gold and Silver Trust,CEF,Unknown,NASDAQ,US,2024-12-31,,9494144000.0,1.2988871,,4.0613093,13.388869140067934,,0.0,,,1.437761456820268,1020877000.0,,,1016974000.0,,,0.9995188353142576,2413000.0,,,,4415000.0,,,
ETRACS Monthly Pay 1.5X Leveraged Closed-End Fund Index ETN,CEFD,Unknown,NASDAQ,US,,,,,,,,,,,,,,,,,,,,,,,,,,,
RiverNorth Active Income ETF,CEFZ,Unknown,NASDAQ,US,,,,,,15.510922,,,0.0,,,,,,,,,,,,,,,,,,
Constellation Energy Corporation,CEG,Utilities,NASDAQ,US,2024-12-31,,94709874688.0,5.6888566,22.804514,29.94502,23.0881538884697,0.1736,0.0061361613,8.73,11.46352,5.0092592592592595,23568000000.0,4848000000.0,0.16332,3749000000.0,0.11026,0.19839,0.24876242300570608,39387000000.0,6846000000.0,10776000000.0,8412000000.0,3022000000.0,538000000.0,-28234400000.0,-0.2981146379193486
"Cosmo Energy Holdings Co., Ltd.",CEHCF,Energy,NASDAQ,US,2025-03-31,,2461779712.0,0.65374446,,,-2.558335378990982,0.20639999,11.0,-0.72,,469.05499953383156,2799947000000.0,128250000000.0,0.07628,57671000000.0,0.02157,0.08461001,0.27115860345311266,1449129000000.0,945465000000.0,1079108000000.0,619906000000.0,126926000000.0,98538000000.0,-301044400000.0,-122.28730236606971
"Camber Energy, Inc.",CEIN,Industrials,NASDAQ,US,2024-12-31,,8591439.0,-0.17630059,,,-0.9038896378408243,0.0,0.0,-0.01,,-0.25445584786406006,28610567.0,-8934204.0,-0.54534,-68141993.0,-0.66807,,-1.075292385690629,80139700.0,31335187.0,13679377.0,52765024.0,114648.0,,-66460323.0,-7.7356450997324195
Celcuity Inc.,CELC,Healthcare,NASDAQ,US,2024-12-31,,4939457024.0,39.493156,-23.634668,,-5.424300295888367,0.0,0.0,-3.68,-4.51667,-2.6934348873995164,0.0,-113266951.0,0.0,-111779105.0,0.0,-1.22039,0.47167753671077695,129504012.0,31722907.0,244571030.0,97953057.0,22514823.0,,115067018.0,0.023295479126735692
Bristol-Myers Squibb Company Ce,CELG-RI,Unknown,NASDAQ,US,,,,,,,,,,,,,,,,,,,,,,,,,,,
"Celsius Holdings, Inc.",CELH,Consumer Defensive,NASDAQ,US,2024-12-31,,13036201984.0,10.835655,32.565296,421.4167,57.93472683449008,0.0,0.0,0.12,1.55288,0.957111628770615,1355630000.0,155728000.0,0.25101,145074000.0,0.03029,0.030580001,0.6929821532972509,542464000.0,365535000.0,1324580000.0,20250000.0,890190000.0,,782116000.0,0.05999569513880892
Celularity Inc.,CELU,Healthcare,NASDAQ,US,2024-12-31,,37489124.0,-1.8258426,-2.2807016,,-0.1696955723015829,0.0,0.0,-3.33,-0.57,-11.019733628906996,54220000.0,-38551000.0,-2.43168,-57892000.0,-1.98746,,0.06660285494641323,123845000.0,53680000.0,20561000.0,68836000.0,738000.0,,-103284000.0,-2.755039034787796
Celularity Inc.,CELUW,Unknown,NASDAQ,US,2024-12-31,,,-0.014606741,,,,,0.0,-0.87,,,54220000.0,-38551000.0,-2.43168,-57892000.0,-1.98746,,0.06660285494641323,123845000.0,53680000.0,20561000.0,68836000.0,738000.0,,-103284000.0,
"Creative Medical Technology Holdings, Inc.",CELZ,Healthcare,NASDAQ,US,2024-12-31,,6744709.0,0.89063215,-1.3785714,,-1.2381343634350428,0.0,0.0,-2.84,-1.4,-3.7556506245950647,11000.0,-5743861.0,-1013.7943,-5493481.0,0.0,-0.98140997,0.9508716487260807,327644.0,327644.0,6135303.0,,5940402.0,,5807659.0,0.8610688763592321
Cenntro Inc.,CENN,Consumer Cyclical,NASDAQ,US,2024-12-31,,11929772.0,0.09262799,,,-0.8532490421180553,0.0,0.0,-0.91,,-1.7814259447081886,31297393.0,-31632140.0,-1.50403,-44866813.0,-2.14425,-0.38479,0.5871573829834327,54606812.0,29114024.0,65916446.0,22317257.0,12547168.0,27304319.0,30422657.299999997,2.550145744612722
Central Garden & Pet Company,CENT,Consumer Defensive,NASDAQ,US,2025-09-30,,2365540096.0,1.5012844,12.794003,15.506123,22.692637748722145,0.0,0.0,2.45,2.96936,1.6150613221657195,3129064000.0,250042000.0,0.02678,162843000.0,0.050380003,0.1012,0.43668612712283034,2040710000.0,538758000.0,1976130000.0,1440307000.0,882488000.0,,-64580000.0,-0.027300319326314222
Central Garden & Pet Company,CENTA,Consumer Defensive,NASDAQ,US,2025-09-30,,2160634112.0,1.3467695,11.477221,13.910205,19.67107999042515,0.0,0.0,2.45,2.96936,1.6150613221657195,3129064000.0,250042000.0,0.02678,162843000.0,0.050380003,0.1012,0.43668612712283034,2040710000.0,538758000.0,1976130000.0,1440307000.0,882488000.0,,-64580000.0,-0.029889373513695593
Century Aluminum Company,CENX,Basic Materials,NASDAQ,US,2024-12-31,,4891119104.0,6.5936832,8.784576,62.380955,-27.16259877145152,0.0,0.0,0.84,5.965,-0.46645021645021645,2220300000.0,121400000.0,0.09222,336800000.0,0.02665,0.07497,0.3580488810972466,1276700000.0,463700000.0,802800000.0,528200000.0,32900000.0,,-473900000.0,-0.09688989164308848
"Cantor Equity Partners IV, Inc.",CEPF,Financial Services,NASDAQ,US,2024-12-31,,597788992.0,2092.0,,348.6667,,0.0,0.0,0.03,,,0.0,-7046.0,0.0,-7046.0,0.0,,-6.150326797385621,2188.0,2188.0,0.0,,,,-2188.0,-3.6601543843751478e-06
"Cantor Equity Partners I, Inc.",CEPO,Financial Services,NASDAQ,US,2024-12-31,,265965008.0,-67.72727,,61.352943,,0.0,0.0,0.17,,,0.0,-84402.0,0.0,-84402.0,0.0,,-0.3752694052176151,299271.0,299271.0,0.0,134240.0,,,-299271.0,-0.0011252269697072331
"Cantor Equity Partners VI, Inc. Class A Ordinary Shares",CEPS,Financial Services,NASDAQ,US,2024-12-31,,133726248.0,,,,,0.0,0.0,-0.0,,,0.0,-4166.0,0.0,-4166.0,0.0,-1.35216,1.0,0.0,,998.0,,,,998.0,7.463007561537209e-06
"Cantor Equity Partners II, Inc.",CEPT,Financial Services,NASDAQ,US,2024-12-31,,345554016.0,-99.12281,,94.16667,,0.0,0.0,0.12,,,0.0,-70682.0,0.0,-70682.0,0.0,,-0.6376895930319868,174486.0,174486.0,0.0,79900.0,,,-174486.0,-0.000504945658047279
Central Puerto S.A.,CEPU,Utilities,NASDAQ,US,2024-12-31,,2481052928.0,14.272965,8.720671,12.388888,0.003912958996798725,0.0,0.37557152,1.26,1.79,2176.0219527191744,738169736000.0,203161632000.0,0.33345002,49598138000.0,0.32722,0.13149,0.6761881360944361,798949003000.0,374723412000.0,554306459000.0,380790367000.0,3842404000.0,860370000.0,-244040285000.0,-98.36157957207433
"Cantor Equity Partners V, Inc.",CEPV,Financial Services,NASDAQ,US,2024-12-31,,323622208.0,-1272.5,,,,0.0,0.0,-0.0,,,0.0,-7046.0,0.0,-7046.0,0.0,,-6.150326797385621,2188.0,2188.0,0.0,,,,-2188.0,-6.7609698775678586e-06
"CERo Therapeutics Holdings, Inc.",CERO,Healthcare,NASDAQ,US,2024-12-31,,972833.0,-0.0052096285,-0.01844,,-7.8522773806597215,0.0,0.0,-3.21,-2.5,-2610.7075700728315,0.0,-7675049.0,0.0,-7289577.0,0.0,,-0.30523355430680776,8101492.0,7402385.0,3714041.0,1575499.0,3327060.0,,-4387451.0,-4.509973448680298
"CERo Therapeutics Holdings, Inc.",CEROW,Unknown,NASDAQ,US,2024-12-31,,,-0.0006780427,,,,,0.0,,,,0.0,-7675049.0,0.0,-7289577.0,0.0,,-0.30523355430680776,8101492.0,7402385.0,3714041.0,1575499.0,3327060.0,,-4387451.0,
Cerus Corporation,CERS,Healthcare,NASDAQ,US,2024-12-31,,422592512.0,6.8750005,-88.0,,-10.867459742346057,0.0,0.0,-0.08,-0.025,-0.20796028179952294,180270000.0,-14225000.0,0.02345,-20918000.0,-0.08014,-0.27497,0.27944375040439584,144021000.0,63608000.0,152022000.0,98097000.0,20266000.0,,8001000.0,0.01893313244509169
"Certara, Inc.",CERT,Healthcare,NASDAQ,US,2024-12-31,,1151546368.0,1.0823354,13.240303,103.28571,-51.392937338920675,0.0,0.0,0.07,0.54606,-0.3482968778469551,385148000.0,-1731000.0,0.06534,-12051000.0,0.02617,0.0102699995,0.6721181585469912,516448000.0,146088000.0,310852000.0,311897000.0,179183000.0,,-205596000.0,-0.17853905471221113
Central Securities Corporation,CET,Financial Services,NASDAQ,US,2024-12-31,,1508416768.0,0.9045793,-401.00003,6.9785814,4.277227597289741,0.3079,0.04443586,7.47,-0.13,8.010000084170366,296199548.0,,0.77526003,287974938.0,7.9095397,0.13553001,0.9978382745388812,3401133.0,,,2934829.0,267953.0,90612474.0,,
"Cyber Enviro-Tech, Inc.",CETI,Utilities,NASDAQ,US,2024-12-31,,868753.0,-0.84999996,,,-7.542366911236172,0.0,0.0,-0.04,,-0.039775313963313914,0.0,-2962255.0,266.23138,-6365984.0,0.0,-5.60773,-0.1537553310143812,4067950.0,2455628.0,707179.0,2299257.0,59411.0,,-3360771.0,-3.8685000224459656
"Cemtrex, Inc.",CETX,Technology,NASDAQ,US,2025-09-30,,14580894.0,0.15181333,2.9454546,,-14.598729011489192,0.0,0.0,-210.88,0.55,-265.3998164464023,76488088.0,509826.0,-0.06384,-28112368.0,-0.36754,-4.10124,0.18241836135708264,39070817.0,23823159.0,29007498.0,18759984.0,4974303.0,,-10063319.0,-0.6901716040182447
"Cemtrex, Inc.",CETXP,Technology,NASDAQ,US,2025-09-30,,1628216.0,0.03345516,,,,,0.0,-0.825,,,76488088.0,509826.0,-0.06384,-28112368.0,-0.36754,-4.10124,0.18241836135708264,39070817.0,23823159.0,29007498.0,18759984.0,4974303.0,,-10063319.0,-6.180579849356596
"Clean Energy Technologies, Inc.",CETY,Industrials,NASDAQ,US,2024-12-31,,4972778.0,0.3619329,,,-151.8291508730579,0.0,0.0,-1.18,,-0.14720493563292222,2424659.0,-3112847.0,-1.72554,-4416319.0,-1.92279,-0.82183,0.30913767637194545,6566978.0,6438099.0,3198091.0,4338182.0,62101.0,,-3368887.0,-0.6774657947730625
Eaton Vance California Municipal Income Trust,CEV,Financial Services,NASDAQ,US,2025-11-30,,72938168.0,0.92498434,,Infinity,12.859616420668685,0.7278,0.05752637,0.0,,0.7700000323415219,418327.0,,0.83359003,5484.0,0.0011,7e-05,0.6607938315017681,40477005.0,,,37666908.0,88690.0,117776655.0,,
"CEVA, Inc.",CEVA,Technology,NASDAQ,US,2024-12-31,,608981312.0,2.0144784,35.081715,,-46.086212111314275,0.0,0.0,-0.1,0.6425,-0.5057911769715551,106939000.0,-7545000.0,-0.07342,-8786000.0,-0.10486,-0.04219,0.8627859704545748,42392000.0,30529000.0,216341000.0,5561000.0,18498000.0,312000.0,174167400.0,0.28599793880046026
"CF Industries Holdings, Inc.",CF,Basic Materials,NASDAQ,US,2024-12-31,,15005174784.0,3.012585,12.173632,11.201934,9.637702016361425,0.24180001,0.021901008,8.27,7.60989,7.868937048503612,5936000000.0,1711000000.0,0.33936,1218000000.0,0.20472,0.21967,0.37019159364324966,5874000000.0,818000000.0,2520000000.0,3246000000.0,1614000000.0,,-3354000000.0,-0.22352288782243085
CFAC,CFAC,Unknown,NASDAQ,US,,,,,,,,,,,,,,,,,,,,,,,,,,,
CF Bankshares Inc.,CFBK,Financial Services,NASDAQ,US,2024-12-31,,214642160.0,1.1344982,7.710648,12.3829,7.172682581723225,0.111499995,0.0,2.69,4.32,2.626931248911391,50419000.0,,0.50154,13387000.0,0.33283,0.09942,0.08154690119645243,1897086000.0,,,113909000.0,235372000.0,5000000.0,,
C&F Financial Corporation,CFFI,Financial Services,NASDAQ,US,2024-12-31,,258736432.0,0.9884795,,9.615199,9.387640688448029,0.222,0.02299138,8.29,,6.917946831692309,123692000.0,,0.25029,19834000.0,0.20876,0.110319994,0.08830549112224748,2336404000.0,,,122609000.0,65586000.0,352171000.0,,
"Capitol Federal Financial, Inc.",CFFN,Financial Services,NASDAQ,US,2025-09-30,,998931072.0,0.92864126,10.4827585,13.571428,18.09995827854163,0.6071,0.04512276,0.56,0.725,0.29217695173992375,198193000.0,,0.47271,68025000.0,0.34757,0.070489995,0.10713866800917626,8731024000.0,,,1950770000.0,252443000.0,,,
"Citizens Financial Group, Inc.",CFG,Financial Services,NASDAQ,US,2024-12-31,,29256599552.0,1.2079729,10.848602,17.647669,12.51992182625986,0.4456,0.025818072,3.86,6.27915,3.327377973567058,,,0.33515,,0.23969,0.07241,0.11150187797959737,193267000000.0,,,12401000000.0,11236000000.0,,,
"Citizens Financial Group, Inc.",CFG-PE,Financial Services,NASDAQ,US,2024-12-31,,,0.34854236,,4.163313,,,0.08834104,4.721,,,7794000000.0,,0.33515,1509000000.0,0.23969,0.07241,0.11150187797959737,193267000000.0,,,12401000000.0,11236000000.0,,,
"Citizens Financial Group, Inc.",CFG-PH,Financial Services,NASDAQ,US,2024-12-31,,,0.555743,,,,,0.06387833,,,,7794000000.0,,0.24049,1509000000.0,0.1943,0.05967,0.11150187797959737,193267000000.0,,,12401000000.0,11236000000.0,,,
Citizens Financial Group Inc,CFG-PI,Unknown,NASDAQ,US,2024-12-31,,,,,,,,,,,,7794000000.0,,,1509000000.0,,,0.11150187797959737,193267000000.0,,,12401000000.0,11236000000.0,,,
"Confluent, Inc.",CFLT,Technology,NASDAQ,US,2024-12-31,,10848940032.0,9.553124,63.63447,,-16.457803960618236,0.0,0.0,-0.9,0.4804,-1.4722498578921055,963642000.0,-419147000.0,-0.27908,-345065000.0,-0.27317,-0.29619,0.35668190897584373,1733685000.0,589246000.0,2351319000.0,1109981000.0,385980000.0,,617634000.0,0.05693035431832314
California First Leasing Corporation,CFNB,Financial Services,NASDAQ,US,2025-06-30,,248190256.0,0.96663636,,12.678899,5.508150977961616,0.0,0.0,2.18,,3.5420235042471258,26435000.0,,0.57629,20275000.0,1.19113,,0.9119601623908249,24787000.0,,,,33438000.0,240517000.0,,
C1 Fund Inc.,CFND,Unknown,NASDAQ,US,,,29502682.0,,,,,,0.0,,,,,,0.0,,0.0,,,,,,,,,,
China Foods Holdings Ltd.,CFOO,Consumer Defensive,NASDAQ,US,2024-12-31,,13445508.0,-11.647368,,,-125.41682561307903,0.0,0.0,-0.03,,-0.019933529554580665,233339.0,-455637.0,-0.81851995,-455571.0,-1.03833,,-1.9558556798197722,1285812.0,1285812.0,398686.0,0.0,39192.0,,-887126.0,-0.06597935905433994
"Cullen/Frost Bankers, Inc.",CFR,Financial Services,NASDAQ,US,2024-12-31,,9379520512.0,2.1687512,14.093885,14.787298,11.094411801457207,0.3982,0.027506962,9.92,10.40806,9.284574179023368,2063710000.0,,0.34518,582542000.0,0.296,0.15517001,0.0742301746836397,48621671000.0,,,222832000.0,10218683000.0,,,
"Cullen/Frost Bankers, Inc.",CFR-PB,Financial Services,NASDAQ,US,2024-12-31,,,0.26050445,,2.7028687,,,0.22430311,6.519,,,2063710000.0,,0.34518,582542000.0,0.296,0.15517001,0.0742301746836397,48621671000.0,,,222832000.0,10218683000.0,,,
"Complete Financial Solutions, Inc.",CFSU,Financial Services,NASDAQ,US,2024-12-31,,87897600.0,,,,,0.0,0.0,-0.18,,,0.0,,0.13539,10182399.0,-0.00825,,0.93246094556187,751038.0,,,749000.0,55.0,,,
The Carlyle Group Inc.,CG,Financial Services,NASDAQ,US,2024-12-31,,21235693568.0,3.7624967,10.763965,32.983147,-23.37852081847234,0.78650004,0.025266197,1.78,5.45431,-1.6834726947023957,3402400000.0,,-0.29777,1020400000.0,0.20618,0.12541,0.24268617309065726,16755900000.0,,,9496300000.0,2096400000.0,15426800000.0,,
The Carlyle Group Inc. 4.625% Subordinated Notes due 2061,CGABL,Unknown,NASDAQ,US,,,,,,,,,,,,,,,,,,,,,,,,,,,
Centerra Gold Inc.,CGAU,Basic Materials,NASDAQ,US,2024-12-31,,3502130432.0,1.8018299,9.299854,10.763975,-15.599372101081174,0.1246,0.011543135,1.61,1.86347,-0.37213667934929423,1214503000.0,238810000.0,0.34056,80394000.0,0.26351,0.18388,0.7310458149698053,609217000.0,283880000.0,993062000.0,20106000.0,624673000.0,76985000.0,437734500.0,0.12499091867061564
"Carlyle Secured Lending, Inc.",CGBD,Financial Services,NASDAQ,US,2024-12-31,,873377728.0,0.7323186,8.078982,10.327586,7.332276788689535,1.4655,0.13344455,1.16,1.48286,1.6387400418972624,99276000.0,,0.74644,88978000.0,0.3018,0.07045,0.46999340080675267,1020789000.0,,,967649000.0,29671000.0,1805406000.0,,
Crown LNG Holdings Limited,CGBSF,Energy,NASDAQ,US,2023-12-31,,48941.0,0.00026666667,,,,0.0,0.0,-0.33,,,0.0,-11587000.0,0.0,-4170000.0,0.0,,0.9012400139218273,24491000.0,18479000.0,4733000.0,3961000.0,88000.0,,-19758000.0,-403.71059030260926
Canopy Growth Corporation,CGC,Healthcare,NASDAQ,US,2025-03-31,,457633120.0,0.5692384,16.760908,,-0.9819667667100572,0.0,0.0,-1.95,0.0656289,-8.788484913144801,268995000.0,-66386000.0,-0.22,-598115000.0,-1.38492,-0.62065,0.5309060358439187,430488000.0,94404000.0,294574000.0,348397000.0,113811000.0,,-135914000.0,-0.29699336446627816
Cartesian Growth Corporation III,CGCT,Financial Services,NASDAQ,US,2024-12-31,,355350016.0,-28.065395,,,,,0.0,,,,,,0.0,,0.0,,-0.06602267702845495,284498.0,284498.0,3202.0,41626.0,,,-281296.0,-0.0007916026096365787
Cartesian Growth Corporation III,CGCTU,Financial Services,NASDAQ,US,2024-12-31,,,-28.637602,,,,,0.0,,,,,,0.0,,0.0,,-0.06602267702845495,284498.0,284498.0,3202.0,41626.0,,,-281296.0,
Cartesian Growth Corporation III,CGCTW,Unknown,NASDAQ,US,2024-12-31,,,-2.1798365,,,,,0.0,,,,,,0.0,,0.0,,-0.06602267702845495,284498.0,284498.0,3202.0,41626.0,,,-281296.0,
Capstone Green Energy Holdings ,CGEH,Industrials,NASDAQ,US,2025-03-31,,112252136.0,-2.3422983,21.772728,,,0.0,0.0,-1.08,0.22,,85564000.0,-5574000.0,0.07958,-7190000.0,-0.02604,,-0.28879033981620006,82625000.0,52578000.0,36089000.0,42973000.0,8671000.0,,-46536000.0,-0.41456672147423546
"Cullinan Therapeutics, Inc.",CGEM,Healthcare,NASDAQ,US,2024-12-31,,722502656.0,1.6007853,-3.5975773,,-2.775208478473247,0.0,0.0,-3.32,-3.39951,-3.6862093862815883,0.0,-196919000.0,0.0,-167383000.0,0.0,-0.40179002,0.9493490119390696,31496000.0,30647000.0,414668000.0,2151000.0,83005000.0,,383172000.0,0.5303399189165057
Compugen Ltd.,CGEN,Healthcare,NASDAQ,US,2024-12-31,,157202032.0,3.5607674,-5.1121926,,-8.317546546485616,0.0,0.0,-0.3,-0.32667,-0.21400541150465432,27864000.0,-14891000.0,-4.17398,-14231000.0,0.0,-0.52954,0.47753380581764426,60081000.0,20160000.0,105997000.0,2912000.0,18229000.0,,45916000.0,0.29208273847249
CGL Logistics Holdings Ltd,CGL,Unknown,NASDAQ,US,2025-09-30,,,,,,,,,,,,25857000.0,696000.0,,1232000.0,,,0.1925858123569794,8821000.0,8168000.0,9753000.0,1821000.0,2315000.0,,932000.0,
Cognyte Software Ltd.,CGNT,Technology,NASDAQ,US,2025-01-31,,534638816.0,2.620838,21.96022,,-30.60698865554849,0.0,0.0,-0.08,0.33333,-0.2221714872790057,350632000.0,-5126000.0,0.0318,-12051000.0,-0.01449,-0.00322,0.39811980233819455,280717000.0,219361000.0,286153000.0,35530000.0,112719000.0,,5436000.0,0.010167611922887395
Cognex Corporation,CGNX,Technology,NASDAQ,US,2024-12-31,,7101129216.0,4.7654934,37.482635,65.184616,64.11535414087611,0.4923,0.008103317,0.65,1.13039,0.6530256806555977,914515000.0,115065000.0,0.20862,106171000.0,0.11333,0.07206,0.7614747723110119,475345000.0,169380000.0,613367000.0,70217000.0,186094000.0,12577000.0,146825900.0,0.020676415755000958
Calamos Global Total Return Fund,CGO,Financial Services,NASDAQ,US,2025-10-31,,120286080.0,0.9335672,,5.3920703,2.9667865851221378,0.42290002,0.07960199,2.27,,3.639999869676687,22842525.0,,0.19738,22358318.0,6.5373297,0.18270001,0.6870196029223704,58695257.0,,,43600000.0,301491.0,,,
"CG Oncology, Inc.",CGON,Healthcare,NASDAQ,US,2024-12-31,,4160959232.0,5.7324986,-19.920572,,,0.0,0.0,-2.05,-2.52804,,1139000.0,-114666000.0,-30.68968,-88039000.0,0.0,-0.24744,0.9716215088295264,21420000.0,21368000.0,754210000.0,238000.0,257068000.0,,732790000.0,0.1761108338588019
Creative Global Technology Holdings Limited,CGTL,Consumer Cyclical,NASDAQ,US,2025-09-30,,118077752.0,6.547789,,,,0.0,0.0,-0.57,,,21150042.0,-13160373.0,0.22114,-13369749.0,-0.63214,-0.84893,0.9862507142290837,251460.0,251460.0,18240866.0,18665.0,185240.0,,17989406.0,0.15235220602777058
"Cognition Therapeutics, Inc.",CGTX,Healthcare,NASDAQ,US,2024-12-31,,93570704.0,2.5603864,-3.1641788,,-2.189184249139528,0.0,0.0,-0.47,-0.335,-0.8587673677857739,0.0,-34417000.0,0.0,-33971000.0,0.0,-1.09725,0.6201627307005358,11484000.0,11142000.0,29555000.0,814000.0,25009000.0,,18071000.0,0.19312668631840155
Chagee Holdings Limited,CHA,Consumer Cyclical,NASDAQ,US,2024-12-31,,2041419904.0,1.7125584,6.9671025,18.316666,,0.0,0.0,0.6,1.5774132,,,,0.14163,,0.13579,0.30732,0.5439095429940028,2907851000.0,2297928000.0,5439668000.0,548056000.0,4754783000.0,,2531817000.0,1.2402235302198759
Crane Harbor Acquisition Corp.,CHAC,Financial Services,NASDAQ,US,,,312322144.0,-38.450184,,,,,0.0,,,,,,0.0,,0.0,,,,,,,,,,
Crane Harbor Acquisition Corp.,CHACR,Unknown,NASDAQ,US,,,,-2.8782287,,,,,0.0,,,,,,0.0,,0.0,,,,,,,,,,
Crane Harbor Acquisition Corp.,CHACU,Financial Services,NASDAQ,US,,,,-38.856087,,,,,0.0,,,,,,0.0,,0.0,,,,,,,,,,
Core AI Holdings,CHAI,Communication Services,NASDAQ,US,,,30879756.0,0.3109328,,,,,0.0,,,,,,0.0,,0.0,,,,,,,,,,
Charlton Aria Acquisition Corporation,CHAR,Financial Services,NASDAQ,US,2024-12-31,,115461448.0,-67.93548,,,,,0.0,,,,,,0.0,,0.0,,0.9797324607062261,1749634.0,49634.0,456784.0,,447419.0,,-1292850.0,-0.011197243949339696
Charlton Aria Acquisition Corporation,CHARR,Unknown,NASDAQ,US,,,,-1.032258,,,,,0.0,,,,,,0.0,,0.0,,,,,,,,,,
Charlton Aria Acquisition Corporation,CHARU,Financial Services,NASDAQ,US,2024-12-31,,,-67.741936,,,,,0.0,,,,,,0.0,,0.0,,0.9797324607062261,1749634.0,49634.0,456784.0,,447419.0,,-1292850.0,
"Comstock Holding Companies, Inc.",CHCI,Real Estate,NASDAQ,US,2024-12-31,,114595712.0,2.0365722,,8.477612,5.713669188588644,0.0,0.0,1.34,,0.7700831024930748,51294000.0,10287000.0,0.049640004,14560000.0,0.249,0.28388,0.8073288420922812,12498000.0,6655000.0,36727000.0,6273000.0,28761000.0,,24229000.0,0.21143024967635787
City Holding Company,CHCO,Financial Services,NASDAQ,US,2024-12-31,,1842001920.0,2.266345,13.528042,14.299776,13.89731831341918,0.3628,0.02605352,8.94,9.45,7.680142367873212,285062000.0,,0.5094,117101000.0,0.41349,0.16941999,0.11311535532619682,5728795000.0,,,150000000.0,225389000.0,1435700000.0,,
Community Healthcare Trust Incorporated,CHCT,Real Estate,NASDAQ,US,2024-12-31,,516186880.0,1.1448597,45.324997,,72.29532147517067,2.881,0.10391401,-0.39,0.4,0.30608681850646774,115786000.0,20116000.0,0.30868998,-3181000.0,-0.06269,-0.01658,0.47953127408537294,516598000.0,232793000.0,58108000.0,489980000.0,4384000.0,,-458490000.0,-0.8882248227618649
"Church & Dwight Co., Inc.",CHD,Consumer Defensive,NASDAQ,US,2024-12-31,,24489981952.0,5.9957056,24.95476,33.28808,43.58028647277613,0.39069998,0.011729622,3.02,4.02849,2.370595382746051,,,0.1762,,0.11878,0.1762,0.49090970494534564,4522300000.0,1315900000.0,2240600000.0,2204600000.0,964100000.0,,-2281700000.0,-0.09316870892237071
Churchill Downs Incorporated,CHDN,Consumer Cyclical,NASDAQ,US,2024-12-31,,6560130560.0,6.309436,13.638061,17.009092,24.561306245658944,0.0744,0.0043654605,5.5,6.85948,5.483574244415243,2734300000.0,700800000.0,0.2123,426800000.0,0.13987,0.37037,0.1489300292747289,6172600000.0,729300000.0,412300000.0,4915900000.0,175500000.0,,-5760300000.0,-0.8780770363204479
Chemed Corporation,CHE,Healthcare,NASDAQ,US,2024-12-31,,6524330496.0,5.8672295,17.62062,23.702488,32.3416688975754,0.111099996,0.0046316716,18.89,25.41,17.928223684210526,2431287000.0,366939000.0,0.119619995,301999000.0,0.11017,0.24114001,0.6706279310189832,549582000.0,285695000.0,394748000.0,140844000.0,178350000.0,,-154834000.0,-0.023731783681854735
China Eastern Airlines Corporation Limited,CHEAF,Industrials,NASDAQ,US,2024-12-31,,24704372736.0,2.9213798,,,-0.7398990533273582,0.0,0.0,-0.01,,-0.37099657198279634,132120000000.0,784000000.0,0.1074,-4226000000.0,-0.0146,-0.055710003,0.14653651482284888,235191000000.0,114003000000.0,19103000000.0,178454000000.0,4133000000.0,1417000000.0,-215096100000.0,-8.706802730779524
Chenghe Acquisition III Co.,CHEC,Financial Services,NASDAQ,US,2024-12-31,,173783168.0,-33.64549,,,,,0.0,,,,,,0.0,,0.0,,-0.04285948164415114,184729.0,184729.0,25000.0,10420.0,,,-159729.0,-0.000919128140189043
Chenghe Acquisition III Co.,CHECU,Financial Services,NASDAQ,US,2024-12-31,,0.0,-34.531773,,,,,0.0,,,,,,0.0,,0.0,,-0.04285948164415114,184729.0,184729.0,25000.0,10420.0,,,-159729.0,
Chenghe Acquisition III Co.,CHECW,Unknown,NASDAQ,US,2024-12-31,,,-0.70234114,,,,,0.0,,,,,,0.0,,0.0,,-0.04285948164415114,184729.0,184729.0,25000.0,10420.0,,,-159729.0,
"The Chefs' Warehouse, Inc.",CHEF,Consumer Defensive,NASDAQ,US,2024-12-31,,2717646080.0,4.7026873,31.563198,38.53757,40.11079128621044,0.0,0.0,1.73,2.11227,0.7579007704338505,3794212000.0,128207000.0,0.03812,55479000.0,0.01846,0.14116,0.2892605602545017,1321045000.0,425396000.0,868043000.0,915828000.0,114655000.0,,-453002000.0,-0.1666891076559903
Charging Robotics Inc.,CHEV,Industrials,NASDAQ,US,2024-12-31,,57672068.0,23.119267,,,-0.9419339705684885,0.0,0.0,-0.01,,-0.10297962053803009,0.0,-777000.0,0.0,-842000.0,0.0,-0.054899998,-1.8463855421686748,945000.0,913000.0,259000.0,413000.0,175000.0,,-686000.0,-0.011894839630165507
"Chegg, Inc.",CHGG,Consumer Defensive,NASDAQ,US,2024-12-31,,86369464.0,0.5885331,71.5942,,80.69154402540855,0.0,0.0,-0.68,0.01104,0.14140267093933997,617574000.0,-59869000.0,-0.1028,-837068000.0,-0.1714,-0.46366,0.22208501975370304,675970000.0,528341000.0,437559000.0,504458000.0,161475000.0,78476000.0,-183477800.0,-2.124336443722749
"Choice Hotels International, Inc.",CHH,Consumer Cyclical,NASDAQ,US,2024-12-31,,5056671232.0,33.511192,15.330572,13.474723,21.8005223774017,0.1418,0.010795081,8.11,7.12824,5.069999996469728,1584839000.0,481006000.0,0.51784,299665000.0,0.46615002,14.25042,-0.01788994940579571,2575798000.0,462721000.0,339086000.0,1887148000.0,40177000.0,,-2236712000.0,-0.4423289348624198
Calamos Convertible Opportunities and Income Fund,CHI,Financial Services,NASDAQ,US,2025-10-31,,898996608.0,1.0155618,,5.155251,4.675964444872534,0.5205,0.10307413,2.19,,2.1900000070760908,173215190.0,,0.37331,172552319.0,8.47563,0.20987,0.6660139368071177,443895117.0,,,301650000.0,,,,
China Southern Airlines Company Limited,CHKIF,Industrials,NASDAQ,US,2024-12-31,,14315529216.0,2.681624,,,-1.7391304606976716,0.0,0.0,-0.01,,-0.23,174224000000.0,5564000000.0,0.118090004,-1696000000.0,-0.00764,0.00829,0.10532301402932025,277143000000.0,138402000000.0,37643000000.0,206921000000.0,15994000000.0,3238000000.0,-237233400000.0,-16.57175200584635
Check Point Software Technologies Ltd.,CHKP,Technology,NASDAQ,US,2024-12-31,,19421542400.0,6.3061213,17.257893,19.836624,21.477862324386102,0.0,0.0,9.12,10.48274,7.10312764158918,2565000000.0,876000000.0,0.29387,845700000.0,0.37624002,0.34185,0.48473368667998956,2965100000.0,1944200000.0,2193400000.0,,506200000.0,1411900000.0,216630000.0,0.011154108954806802
Chesapeake Granite Wash Trust,CHKR,Energy,NASDAQ,US,2023-12-31,,19635000.0,2.0289855,,4.6666665,2.5125802811527755,0.90720004,0.18660288,0.09,,0.2778181818181818,10693000.0,8048000.0,0.98792,8048000.0,0.68985003,0.42266,1.0,0.0,,2688000.0,,2688000.0,,2688000.0,0.13689839572192514
Chocoladefabriken Lindt & Sprüngli AG,CHLSY,Consumer Defensive,NASDAQ,US,2024-12-31,,34320973824.0,0.0005603599,,41.36111,,0.5377,103.80623,0.36,,,5468500000.0,884200000.0,0.10939,672300000.0,0.11283,0.14149,0.5285194771156178,4317300000.0,2011500000.0,3560300000.0,1664500000.0,931200000.0,0.0,-757000000.0,-0.022056483708240364
Chemung Financial Corporation,CHMG,Financial Services,NASDAQ,US,2024-12-31,,309699616.0,1.2158973,7.8536587,20.509554,9.007554353027343,0.42040002,0.020599252,3.14,8.2,5.283178360101437,96107000.0,,0.38416,23671000.0,0.16659,0.06427,0.0775567720297232,2560838000.0,,,118518000.0,47035000.0,113140000.0,,
Cherry Hill Mortgage Investment Corporation,CHMI,Real Estate,NASDAQ,US,2024-12-31,,95947752.0,0.74191684,4.7592587,51.399998,-2.206687111683883,11.0,0.21653543,0.05,0.54,-1.3232725472517337,34575000.0,,0.44149,11970000.0,0.26571,0.04587,0.154470132613543,1257553000.0,,,151226000.0,46313000.0,,,
Cherry Hill Mortgage Investment Corporation,CHMI-PA,Real Estate,NASDAQ,US,2024-12-31,,226605568.0,6.091224,,38.29401,,,0.026103465,0.551,,,34575000.0,,0.44149,11970000.0,0.26571,0.04587,0.154470132613543,1257553000.0,,,151226000.0,46313000.0,,,
Cherry Hill Mortgage Investment Corporation,CHMI-PB,Real Estate,NASDAQ,US,2024-12-31,,293788928.0,6.7292147,,42.3049,,,0.023554605,0.551,,,34575000.0,,0.44149,11970000.0,0.26571,0.04587,0.154470132613543,1257553000.0,,,151226000.0,46313000.0,,,
NEXT-ChemX Corporation,CHMX,Industrials,NASDAQ,US,2024-12-31,,316869.0,-0.082835816,,,-102.03015277101314,0.0,0.0,-0.06,,-0.08820921811416624,0.0,-1734899.0,0.0,-1814326.0,0.0,,-0.8915068631191907,6156730.0,4571726.0,705464.0,2430004.0,62547.0,,-5451266.0,-17.203532058989676
CHINA EASTERN AIRLINES CORP,CHNEY,Unknown,NASDAQ,US,,,,42.06787,,,,,0.0,,,,,,,,,,,,,,,,,,
"China Natural Resources, Inc.",CHNR,Basic Materials,NASDAQ,US,2024-12-31,,4497869.0,0.3608069,,,-0.8792378467476856,0.0,0.0,-0.51,,-13.466208485433418,0.0,-7199000.0,0.0,-3160000.0,0.0,-0.04717,0.3375458528339639,172827000.0,17315000.0,4356000.0,0.0,3082000.0,,-168471000.0,-37.45573737252019
ChowChow Cloud International Holdings Limited,CHOW,Technology,NASDAQ,US,2024-12-31,,15795000.0,4.3249717,,7.5,,0.0,0.0,0.06,,,181830126.0,13950541.0,0.08267,11870254.0,0.06656,0.98503995,0.2925430206716076,33733183.0,28790057.0,44954744.0,5218130.0,10522032.0,,11221561.0,0.7104502057613169
ChampionsGate Acquisition Corporation,CHPG,Financial Services,NASDAQ,US,2024-12-31,,102968920.0,-67.82895,,,,,0.0,,,,,,0.0,,0.0,,-0.6571932024194778,489046.0,489046.0,26003.0,331927.0,3.0,,-463043.0,-0.004496920041503785
ChampionsGate Acquisition Corporation,CHPGR,Unknown,NASDAQ,US,,,,-1.1842107,,,,,0.0,,,,,,0.0,,0.0,,,,,,,,,,
ChampionsGate Acquisition Corporation,CHPGU,Financial Services,NASDAQ,US,2024-12-31,,,-67.36842,,,,,0.0,,,,,,0.0,,0.0,,-0.6571932024194778,489046.0,489046.0,26003.0,331927.0,3.0,,-463043.0,
"ChargePoint Holdings, Inc.",CHPT,Consumer Cyclical,NASDAQ,US,2025-01-31,,144047312.0,3.7523105,-1.7658367,,-1.674095004413532,0.0,0.0,-10.19,-3.44879,-24.37137625373512,417083000.0,-252999000.0,-0.41955003,-277066000.0,-0.58095,-2.13875,0.15305591894675313,760704000.0,293746000.0,566574000.0,312359000.0,224571000.0,,-194130000.0,-1.3476822115222808
"Cheer Holding, Inc.",CHR,Communication Services,NASDAQ,US,2024-12-31,,5717222.0,0.0027751557,,0.010517241,45.91251264888276,0.0,0.0,116.0,,3.5284498855224844,147196000.0,25592000.0,0.11725,25966000.0,0.14479999,0.07005,0.8799795724643744,41521000.0,39901000.0,305568000.0,11319000.0,197660000.0,,264047000.0,46.18449309822148
Chord Energy Corporation,CHRD,Energy,NASDAQ,US,2024-12-31,,5891286528.0,0.72465914,22.103731,34.760136,6.296275804006624,1.8041,0.05280796,2.96,4.65487,23.590464998387024,5251082000.0,1082979000.0,0.15803,848627000.0,0.03518,0.02025,0.6677606910432138,4329745000.0,1683978000.0,1579118000.0,1044256000.0,36950000.0,,-2750627000.0,-0.46689750819738096
"Coherus Oncology, Inc.",CHRS,Healthcare,NASDAQ,US,2024-12-31,,258663984.0,2.8344371,-4.3673472,3.8909092,-1.2824598758176184,0.0,0.0,0.55,-0.49,-2.5263948374767797,266960000.0,-111667000.0,-3.6499,28507000.0,0.55799997,,-0.2942704327217841,580523000.0,282981000.0,341583000.0,269904000.0,125987000.0,,-238940000.0,-0.9237466937028234
"C.H. Robinson Worldwide, Inc.",CHRW,Industrials,NASDAQ,US,2024-12-31,,23697135616.0,13.029554,28.042543,41.53002,26.240009381437336,0.5155,0.012611426,4.83,7.15306,3.8589149727790253,,,0.05046,,0.036170002,0.32911,0.3250424788870211,3575875000.0,2324898000.0,2969603000.0,1741132000.0,145762000.0,,-606272000.0,-0.02558418915367362
CHS Inc.,CHSCL,Consumer Defensive,NASDAQ,US,,,,,,,,,0.0,,,,,,0.01365,,0.01752,0.05565,,,,,,,,,
CHS Inc.,CHSCM,Consumer Defensive,NASDAQ,US,,,,,,,,,0.0,,,,,,0.01365,,0.01752,0.05565,,,,,,,,,
CHS Inc.,CHSCN,Consumer Defensive,NASDAQ,US,,,,,,,,,0.0,,,,,,0.01365,,0.01752,0.05565,,,,,,,,,
CHS Inc.,CHSCO,Consumer Defensive,NASDAQ,US,,,,,,,,,0.0,,,,,,0.01365,,0.01752,0.05565,,,,,,,,,
CHS Inc.,CHSCP,Consumer Defensive,NASDAQ,US,,,,,,,,,0.0,,,,,,0.01365,,0.01752,0.05565,,,,,,,,,
Chanson International Holding,CHSN,Consumer Cyclical,NASDAQ,US,2024-12-31,,80686072.0,0.054263767,,2.1122448,425.93563057891635,0.0,0.0,0.98,,0.2328990340944549,18227537.0,-529620.0,-0.13746001,756285.0,-0.01631,-0.01726,0.44105513249597844,23350388.0,14142417.0,18428420.0,13040520.0,12102763.0,,-4921968.0,-0.06100145759977013
"Chunghwa Telecom Co., Ltd.",CHT,Communication Services,NASDAQ,US,2024-12-31,,32371486720.0,27.124792,24.98197,26.819355,0.7572493679614118,0.9868,0.0,1.55,1.664,47.59104920506027,228575000000.0,46751000000.0,0.17334,37189000000.0,0.16386,0.098129995,0.7165041166242745,138491000000.0,81997000000.0,112968000000.0,43230000000.0,36260000000.0,7667000000.0,-20156100000.0,-0.6226498082816506
"CNL Healthcare Properties, Inc.",CHTH,Unknown,NASDAQ,US,,,930704960.0,1.3314945,,,,,3.0246508e+26,,,,,,,,,,,,,,,,,,
"Charter Communications, Inc.",CHTR,Communication Services,NASDAQ,US,2025-12-31,,29911681024.0,1.8232014,4.6745663,6.381557,9.814270680130619,0.0,0.0,36.22,49.4463,34.96744728781149,54774000000.0,13324000000.0,0.24741,4987000000.0,0.09105,0.28667998,0.10410276695220247,133694000000.0,13306000000.0,5144000000.0,97121000000.0,477000000.0,,-128550000000.0,-4.297652141210531
"Charlie's Holdings, Inc.",CHUC,Consumer Defensive,NASDAQ,US,2024-12-31,,67663312.0,20.833334,,25.0,-12.593672690964906,0.0,0.0,0.01,,-0.009687404489909717,8494000.0,-3452000.0,-0.047849998,-4159000.0,0.23653999,3.28073,-0.4512040557667934,5725000.0,5575000.0,3720000.0,2231000.0,211000.0,,-2005000.0,-0.02963201091900438
Calamos Global Dynamic Income Fund,CHW,Financial Services,NASDAQ,US,2025-10-31,,508999168.0,0.9293376,7.737864,5.458904,2.7502991291470784,0.41099998,0.076238886,1.46,1.03,2.3299999837124084,93832467.0,,0.36691,92663246.0,5.93119,0.17803,0.6776186259375815,290383159.0,,,193250000.0,,,,
China Tower Corporation Limited,CHWRF,Communication Services,NASDAQ,US,2024-12-31,,23774431232.0,0.8233188,,15.111111,0.7596836195138784,0.64980006,0.3235294,0.09,,0.5577420314394893,97772000000.0,15972000000.0,0.11562,10729000000.0,0.113249995,,0.6008340494060102,132855000000.0,75799000000.0,91360000000.0,92545000000.0,2598000000.0,,-41495000000.0,-1.7453624692458847
"Chewy, Inc.",CHWY,Consumer Cyclical,NASDAQ,US,2025-01-31,,11628260352.0,24.752651,17.994644,57.183674,212.63615467983283,0.0,0.0,0.49,1.55713,0.09161188778816776,11861335000.0,112587000.0,0.020920001,392738000.0,0.0164,0.59593,0.08673300985527746,2753068000.0,2206723000.0,1662366000.0,502404000.0,595765000.0,,-1090702000.0,-0.09379752146780966
Calamos Convertible and High Income Fund,CHY,Financial Services,NASDAQ,US,2025-10-31,,938693376.0,0.9961783,,5.0128207,4.517417492958565,0.5128,0.10434783,2.34,,2.339999995286777,186662512.0,,0.38649,185966018.0,8.51226,0.21110001,0.6660139368071177,443895117.0,,,301650000.0,,1285645623.0,,
"Chime Financial, Inc.",CHYM,Technology,NASDAQ,US,2024-12-31,,8158308864.0,5.6498055,25.04744,,,0.0,0.0,-2.63,0.86955,,1673269000.0,-62199000.0,0.059510004,-25344000.0,-0.47674,,0.6567396992683964,501516000.0,374817000.0,1287036000.0,96336000.0,337697000.0,,785520000.0,0.0962846605950711
The Cigna Group,CI,Healthcare,NASDAQ,US,2024-12-31,,78014095360.0,1.8998086,8.740087,13.173206,16.593349437734307,0.2723,0.02122799,22.17,33.415,17.394116180839525,244384000000.0,,0.03346,3434000000.0,0.02167,0.1513,0.2632328507002136,114638000000.0,,,31972000000.0,7550000000.0,,,
"Citizens, Inc.",CIA,Financial Services,NASDAQ,US,2024-12-31,,300775136.0,1.3330361,19.933332,28.47619,6.03518084666633,0.0,0.0,0.21,0.3,0.4821728063771433,245001000.0,,0.07131,14912000.0,0.04402,0.05021,0.0479355613902363,1474970000.0,,,,29271000.0,,,
Grupo Cibest S.A.,CIB,Financial Services,NASDAQ,US,2024-12-31,,20427708416.0,0.0017650841,9.873942,9.384431,0.0008655591918926904,0.6227,0.0,8.35,7.93604,25438.820078870733,27885561000000.0,,0.0,6267744000000.0,0.29685,0.17424999,0.11698191451958856,327631107000000.0,,,28854112000000.0,27121151000000.0,34632445000000.0,,
CION Investment Corporation,CICB,Unknown,NASDAQ,US,,,,1.5874614,,,,,0.054610208,,,,,,0.76177,,0.485,0.15,,,,,,,,,
Ciena Corporation,CIEN,Technology,NASDAQ,US,2025-10-31,,38271287296.0,14.018084,39.396595,323.00003,111.42541599723508,0.0,0.0,0.84,6.88689,0.5751829218163382,4769507000.0,310792000.0,0.08764,123338000.0,0.02586,0.04448,0.4653841386049711,3135344000.0,1308394000.0,3565507000.0,1625554000.0,1091952000.0,57142000.0,470162400.0,0.012284990477682207
MFS Intermediate High Income Fund,CIF,Financial Services,NASDAQ,US,2025-11-30,,30612396.0,0.9273319,,12.214286,6.79051349650865,1.2466999,0.10470588,0.14,,0.2300000027489497,2778495.0,,0.86627996,2585356.0,0.78244,0.07746,0.6827324976631515,15343736.0,,,15000000.0,,47545721.0,,
Cipher Mining Inc.,CIFR,Financial Services,NASDAQ,US,2024-12-31,,5819705856.0,7.40201,30.061222,,-47.105318422054474,0.0,0.0,-0.17,0.49,-0.10211161083092314,151270000.0,-98255000.0,-0.37928,-44635000.0,-0.34162,-0.09693,0.7971900038108776,173493000.0,131778000.0,168205000.0,56389000.0,5585000.0,,-5288000.0,-0.0009086369879928172
Companhia Energética de Minas Gerais - CEMIG,CIG,Utilities,NASDAQ,US,2024-12-31,,6773852672.0,1.1236994,14.266666,4.8636365,0.6912616818438252,0.6443,0.60648143,0.44,0.15,2.014904220652206,39820000000.0,7492000000.0,0.10187,7117000000.0,0.09473,0.1416,0.45837658641127815,32344000000.0,14145000000.0,12231000000.0,12709000000.0,1898000000.0,7017000000.0,-15201100000.0,-2.244084826768432
Companhia Energética de Minas Gerais - CEMIG,CIG-C,Utilities,NASDAQ,US,2024-12-31,,8124336640.0,1.4912646,,6.4545455,0.9630668714254389,0.6426,0.4612676,0.44,,2.014904220652206,39820000000.0,7492000000.0,0.10187,7117000000.0,0.09473,0.1416,0.45837658641127815,32344000000.0,14145000000.0,12231000000.0,12709000000.0,1898000000.0,7017000000.0,-15201100000.0,-1.871057376568778
Colliers International Group Inc.,CIGI,Real Estate,NASDAQ,US,2024-12-31,,7117521408.0,4.933093,18.412605,60.48485,90.12089638378055,0.1299,0.0022364694,2.31,7.58828,1.4164109435103946,4822024000.0,361410000.0,0.071040004,161725000.0,0.021470001,0.08614001,0.2171686896587673,3622417000.0,1508041000.0,1599384000.0,2057988000.0,176257000.0,7857000.0,-2017533100.0,-0.28346006767641324
Concorde International Group Ltd.,CIGL,Industrials,NASDAQ,US,2024-12-31,,65304836.0,13.081081,,,,0.0,0.0,-0.15,,,10490668.0,-83627028.0,-0.48039,-83637387.0,-0.2807,-0.91541,0.20524924690021334,8013010.0,4580526.0,5378614.0,6505893.0,1000284.0,69505.0,-2585742.5,-0.03959496200250775
"BlackRock Enhanced Large Cap Core Fund, Inc.",CII,Financial Services,NASDAQ,US,2024-12-31,,968182528.0,1.018678,,6.0870714,4.307644614752167,0.4026,0.054617763,3.79,,3.4499999954667127,125568770.0,,-0.14646,124657220.0,13.996949,0.12599,0.985597034749925,13145541.0,,,181324.0,617.0,6755922.0,,
"Tianci International, Inc.",CIIT,Industrials,NASDAQ,US,2024-07-31,,14706817.0,3.6554878,,,870.8661723193825,0.0,0.0,-0.18,,0.005155786174539222,,,-0.0704,,-0.27824,-1.67634,0.8134459697289687,121951.0,121951.0,910305.0,0.0,413129.0,,788354.0,0.053604665101904786
"Credit Suisse Asset Management Income Fund, Inc.",CIK,Financial Services,NASDAQ,US,2024-12-31,,154601776.0,0.9601634,,11.28,4.901791572570801,1.08,0.094642855,0.25,,0.5,15738083.0,,0.90675,14982813.0,0.78489995,0.08759,0.6891515032326168,73396299.0,,,57000000.0,32621.0,16775735.0,,
China Life Insurance Company Limited,CILJF,Financial Services,NASDAQ,US,2024-12-31,,245204631552.0,1.3724891,,5.034483,0.6519755605909777,0.108,0.15495495,0.87,,1.809999999979136,512202000000.0,,0.94108003,106935000000.0,0.45798,0.28417,0.07528939163719399,6248298000000.0,,,49270000000.0,86519000000.0,5735564000000.0,,
Chimera Investment Corporation,CIM,Real Estate,NASDAQ,US,2024-12-31,,1029414464.0,0.3904008,5.9889216,,7.647917411994475,1.1563,0.119741105,-0.39,2.06715,1.6263239352932928,257929000.0,,0.25114,176065000.0,0.29052,0.020969998,0.19259641870652897,10590301000.0,,,10014759000.0,83998000.0,1583387000.0,,
Chimera Investment Corporation,CIM-PA,Real Estate,NASDAQ,US,2024-12-31,,3043476736.0,0.6940809,,30.027287,,,0.066938035,0.733,,,257929000.0,,0.25114,176065000.0,0.29052,0.020969998,0.19259641870652897,10590301000.0,,,10014759000.0,83998000.0,1583387000.0,,
Chimera Investment Corporation,CIM-PB,Real Estate,NASDAQ,US,2024-12-31,,3278137856.0,0.7440131,,32.187447,,,0.0629118,0.733,,,257929000.0,,0.25114,176065000.0,0.29052,0.020969998,0.19259641870652897,10590301000.0,,,10014759000.0,83998000.0,1583387000.0,,
Chimera Investment Corporation,CIM-PC,Real Estate,NASDAQ,US,2024-12-31,,3114502912.0,0.69124275,,29.904503,,,0.06798346,0.733,,,257929000.0,,0.25114,176065000.0,0.29052,0.020969998,0.19259641870652897,10590301000.0,,,10014759000.0,83998000.0,1583387000.0,,
Chimera Investment Corporation,CIM-PD,Real Estate,NASDAQ,US,2024-12-31,,3263803136.0,0.73472613,,31.785677,,,0.06349207,0.733,,,257929000.0,,0.25114,176065000.0,0.29052,0.020969998,0.19259641870652897,10590301000.0,,,10014759000.0,83998000.0,1583387000.0,,
Chimera Investment Corporation ,CIMN,Unknown,NASDAQ,US,,,,,,,,,,,,,,,,,,,,,,,,,,,
Chimera Investment Corporation,CIMO,Unknown,NASDAQ,US,,,,0.77490324,,,,,0.061337553,,,,,,0.732,,0.71415,0.08383001,,,,,,,,,
Chimera Investment Corporation ,CIMP,Unknown,NASDAQ,US,,,,,,,,,,,,,,,,,,,,,,,,,,,
Cincinnati Financial Corporation,CINF,Financial Services,NASDAQ,US,2024-12-31,,26998386688.0,1.7482482,20.295408,12.845983,8.450851791472909,0.2545,0.019941691,13.44,8.50685,11.65717900063251,11337000000.0,,0.38272,2292000000.0,0.17569,0.14529,0.38177036245582313,22566000000.0,,,875000000.0,983000000.0,,,
Cingulate Inc.,CING,Healthcare,NASDAQ,US,2024-12-31,,57336400.0,13.253013,-5.460993,,-0.377704701172634,0.0,0.0,-2.77,-1.41,-311.9897527672831,0.0,-15645265.0,0.0,-15545737.0,0.0,-2.7585402,0.501564836840338,7408984.0,4972105.0,12660803.0,5099079.0,12211321.0,,5251819.0,0.09159659483329961
Cingulate Inc.,CINGW,Unknown,NASDAQ,US,2024-12-31,,,0.14612737,,,,,0.0,-1.732,,,0.0,-15645265.0,0.0,-15545737.0,0.0,-2.7585402,0.501564836840338,7408984.0,4972105.0,12660803.0,5099079.0,12211321.0,,5251819.0,
CI&T Inc.,CINT,Technology,NASDAQ,US,2024-12-31,,645187776.0,2.113095,11.955455,18.407406,27.974316740904456,0.0,0.0,0.27,0.4157098,0.18945950458139788,438961000.0,57670000.0,0.13784,29494000.0,0.07814,0.12222,0.5321342816327771,246292000.0,124983000.0,191760000.0,148230000.0,56621000.0,,-54532000.0,-0.08452113017094731
